frame,Oxygen Sensor-Bank1/Sensor1,Air Flow Rate from Mass Air Flow Sensor,Engine Coolant Temperature Sensor,Oil Temperature Sensor,Intake Air Temperature Sensor,Throttle Position,Adapted Throttle Position,Battery voltage,Cranking Signal,Closed Throttle Position,Part Load Status,Vehicle Speed,Engine Speed,Target Idle Speed,Transaxle Range Switch,A/C Switch,A/C Pressure Switch,A/C Relay,Oxygen Sensor-Bank1/Sensor2,Cylinder Injection Time-Bank1,Fuel System Status,Long Term Fuel Trim-Idle Load,Long Term Fuel Trim-Part Load,Oxygen Sensor Heater Duty-Bank1/Sensor1,Oxygen Sensor Heater Duty-Bank1/Sensor2,Idle speed control actuator,EVAP Purge valve,Ignition dwell time,Camshaft Actual Position,Camshaft position target,CVVT Status,CVVT Actuation Status,CVVT Duty Control Status,CVVT Valve Duty,Ignition Timing Advance for 1 Cylinder
0,183219.93,1840.94,36.0,61,-48.0,28.59,0.17,13.92,0,0,0,0,37,88,0,0,1,0,183219.93,0.0,0,87.04,0.0,50.0,0.0,2.27,0.0,0.0,60.0,60.0,0,0,0,0.0,-73.3
1,183219.93,1648.94,36.0,61,-48.0,28.59,0.18,14.02,0,2,4,0,33,87,0,0,1,0,183219.93,0.0,0,87.04,0.0,50.0,0.0,2.24,0.0,0.0,60.0,60.0,0,0,0,0.0,-73.3
2,181964.99,1568.94,36.0,61,-48.0,28.59,0.17,14.02,0,2,0,0,32,87,0,0,0,0,181964.99,0.0,0,89.09,0.0,50.0,0.0,2.24,0.0,0.0,60.0,60.0,0,0,0,0.0,-73.3
3,184474.86,1544.94,36.0,61,-48.0,28.59,0.18,13.92,1,2,4,0,30,88,0,0,1,0,184474.86,0.0,0,78.85,0.0,50.0,0.0,2.27,0.0,0.0,60.0,60.0,0,0,0,0.0,-73.3
4,184474.86,1440.97,36.0,61,-48.0,28.59,0.18,13.92,0,0,0,0,29,87,0,0,1,0,184474.86,0.0,0,72.7,0.0,50.0,0.0,2.27,0.0,0.0,60.0,60.0,0,0,0,0.0,-73.3
5,183219.93,288.97,36.0,61,-48.0,29.05,0.18,14.02,0,2,0,0,28,88,0,0,1,0,183219.93,0.0,0,71.68,0.0,50.0,0.0,2.24,0.0,0.0,60.0,60.0,0,0,0,0.0,-73.3
6,185729.79,1600.91,36.0,61,-48.0,28.12,0.17,14.02,1,0,4,0,31,87,0,0,0,2,185729.79,0.0,0,72.7,0.0,50.0,0.0,2.24,0.0,0.0,60.0,60.0,0,0,0,0.0,-73.3
7,184474.86,1496.94,36.0,61,-48.0,28.12,0.17,14.02,1,0,0,0,37,87,0,0,1,0,184474.86,0.0,0,70.66,0.0,50.0,0.0,2.24,0.0,0.0,60.0,60.0,0,0,0,0.0,-73.3
8,184474.86,1888.94,36.0,61,-48.0,28.59,0.18,13.92,1,2,0,0,59,88,0,0,1,0,184474.86,0.0,0,73.73,0.0,50.0,0.0,2.27,0.0,0.0,60.0,60.0,0,0,0,0.0,-73.3
9,181964.99,1816.94,36.0,61,-48.0,28.59,0.17,14.02,0,2,0,0,111,88,0,0,0,0,181964.99,0.0,0,77.82,0.0,50.0,0.0,2.24,0.0,0.0,60.0,60.0,0,0,0,0.0,-73.3
10,183219.93,240.97,36.0,61,-48.0,29.52,0.18,14.12,0,0,0,0,152,87,0,0,1,0,183219.93,0.0,0,75.78,0.0,50.0,0.0,2.22,0.0,0.0,60.0,60.0,0,0,0,0.0,-73.3
11,181964.99,328.97,36.0,61,-48.0,28.59,0.18,14.02,1,2,4,0,168,87,0,0,0,0,181964.99,0.0,0,74.75,0.0,50.0,0.0,2.24,0.0,0.0,60.0,60.0,0,0,0,0.0,-73.3
12,181964.99,576.97,36.0,61,-48.0,29.05,0.18,13.92,0,2,4,0,169,88,0,0,0,0,181964.99,0.0,0,71.68,0.0,50.0,0.0,2.27,0.0,0.0,60.0,60.0,0,0,0,0.0,-73.3
13,179455.13,384.97,36.0,61,-48.0,28.59,0.18,14.02,0,0,0,0,167,88,0,0,1,2,179455.13,0.0,0,68.61,0.0,50.0,0.0,2.24,0.0,0.0,60.0,60.0,0,0,0,0.0,-73.3
14,178200.2,2008.94,36.0,61,-48.0,28.12,0.17,14.12,1,0,4,0,165,88,0,0,1,2,178200.2,0.0,0,68.61,0.0,50.0,0.0,2.22,0.0,0.0,60.0,60.0,0,0,0,0.0,-73.3
15,181964.99,880.97,36.75,61,-48.0,29.05,0.18,14.02,0,0,4,0,155,87,0,0,0,0,181964.99,0.0,0,68.61,0.0,50.0,0.0,2.24,0.0,0.0,60.0,60.0,0,0,0,0.0,-73.3
16,181964.99,240.97,36.75,61,-48.0,28.59,0.18,13.92,0,0,4,0,138,88,0,0,0,0,181964.99,0.0,0,63.49,0.0,50.0,0.0,2.27,0.0,0.0,60.0,60.0,0,0,0,0.0,-73.3
17,180710.06,1704.94,36.75,61,-48.0,27.65,0.17,14.12,0,2,4,0,130,88,0,0,0,0,180710.06,0.0,0,59.39,0.0,50.0,0.0,2.22,0.0,0.0,60.0,60.0,0,0,0,0.0,-73.3
18,178200.2,833.0,36.75,61,-48.0,29.05,0.18,14.12,1,2,4,0,125,88,0,0,1,2,178200.2,0.0,0,54.27,0.0,50.0,0.0,2.22,0.0,0.0,60.0,60.0,0,0,0,0.0,-73.3
19,179455.13,1097.0,36.75,61,-48.0,29.05,0.18,14.02,0,0,0,0,83,87,0,0,1,2,179455.13,0.0,0,51.2,0.0,50.0,0.0,2.24,0.0,0.0,60.0,60.0,0,0,0,0.0,-73.3
20,181964.99,480.97,36.75,61,-48.0,28.59,0.18,14.02,1,2,0,0,51,88,0,0,0,0,181964.99,0.0,0,41.98,0.0,50.0,0.0,2.24,0.0,0.0,60.0,60.0,0,0,0,0.0,-73.3
21,183219.93,320.97,36.75,61,-48.0,29.05,0.18,14.12,0,2,4,0,37,88,0,0,1,0,183219.93,0.0,0,43.01,0.0,50.0,0.0,2.22,0.0,0.0,60.0,60.0,0,0,0,0.0,-73.3
22,184474.86,32.97,36.75,61,-48.0,28.12,0.18,14.12,1,2,4,0,33,88,0,0,1,0,184474.86,0.0,0,36.86,0.0,50.0,0.0,2.22,0.0,0.0,60.0,60.0,0,0,0,0.0,-73.3
23,183219.93,1520.94,36.75,61,-48.0,28.59,0.18,14.02,0,0,0,0,34,87,0,0,1,0,183219.93,0.0,0,28.67,0.0,50.0,0.0,2.24,0.0,0.0,60.0,60.0,0,0,0,0.0,-73.3
24,180710.06,784.97,36.75,61,-48.0,29.05,0.18,13.92,1,0,4,0,40,88,0,0,0,0,180710.06,0.0,0,20.48,0.0,50.0,0.0,2.27,0.0,0.0,60.0,60.0,0,0,0,0.0,-73.3
25,180710.06,1064.97,36.75,61,-48.0,28.59,0.18,14.12,0,0,0,0,99,88,0,0,0,0,180710.06,0.0,0,0.0,0.0,50.0,0.0,2.22,0.0,0.0,60.0,60.0,0,0,0,0.0,-73.3
26,180710.06,488.94,36.75,61,-48.0,27.65,0.17,14.12,0,2,4,0,157,87,0,0,0,0,180710.06,0.0,0,0.0,0.0,50.0,0.0,2.22,0.0,0.0,60.0,60.0,0,0,0,0.0,-73.3
27,207063.61,1264.91,36.75,61,-48.0,28.59,0.18,13.92,0,0,4,0,167,88,0,0,0,2,207063.61,0.0,0,0.0,0.0,50.0,0.0,2.27,0.0,0.0,60.0,60.0,0,0,0,0.0,-73.3
28,214593.2,1464.88,36.75,61,-48.0,28.12,0.17,14.02,0,0,0,0,161,88,0,0,1,0,214593.2,0.0,0,0.0,0.0,50.0,0.0,2.24,0.0,0.0,60.0,60.0,0,0,0,0.0,-73.3
29,203298.82,856.88,36.75,61,-48.0,28.59,0.17,14.22,1,2,0,0,142,87,0,0,1,0,203298.82,0.0,0,27.65,0.0,50.0,0.0,2.2,0.0,0.0,60.0,60.0,0,0,0,0.0,-72.97
30,225887.58,1648.84,36.75,61,-48.0,29.52,0.18,14.12,1,2,4,0,83,87,0,0,0,2,225887.58,0.0,0,238.59,0.0,50.0,0.0,2.22,0.0,0.0,60.0,60.0,0,0,0,0.0,-72.97
31,219612.92,56.88,36.75,61,-48.0,29.05,0.18,14.02,0,2,0,0,32,88,0,0,1,2,219612.92,0.0,0,160.77,0.0,50.0,0.0,2.24,0.0,0.0,60.0,60.0,0,0,0,0.0,-73.3
32,205808.68,824.91,36.75,61,-48.0,28.59,0.17,14.12,1,2,0,0,24,88,0,0,0,2,205808.68,0.0,0,44.03,0.0,50.0,0.0,2.22,0.0,0.0,60.0,60.0,0,0,0,0.0,-73.3
33,203298.82,1632.91,37.5,61,-48.0,27.65,0.17,14.12,1,2,0,0,22,88,0,0,1,0,203298.82,0.0,0,66.56,0.0,50.0,0.0,2.22,0.0,0.0,60.0,60.0,0,0,0,0.0,-73.3
34,207063.61,832.91,37.5,61,-48.0,28.59,0.18,14.22,0,2,0,0,25,88,0,0,0,2,207063.61,0.0,0,83.97,0.0,50.0,0.0,2.2,0.0,0.0,60.0,60.0,0,0,0,0.0,-73.3
35,213338.27,312.91,37.5,61,-48.0,28.59,0.18,14.12,0,0,0,0,112,88,0,0,1,0,213338.27,0.0,0,101.38,0.0,50.0,0.0,2.22,0.0,0.0,60.0,60.0,0,0,0,0.0,-73.3
36,205808.68,1840.91,37.5,61,-48.0,28.59,0.18,14.12,1,2,0,0,159,88,0,0,0,2,205808.68,0.0,0,115.71,0.0,50.0,0.0,2.22,0.0,0.0,60.0,60.0,0,0,0,0.0,-73.3
37,207063.61,8.88,37.5,61,-48.0,28.59,0.18,14.22,1,0,0,0,170,87,0,0,0,2,207063.61,0.0,0,132.1,0.0,50.0,0.0,2.2,0.0,0.0,60.0,60.0,0,0,0,0.0,-73.3
38,208318.55,152.88,37.5,61,-48.0,28.59,0.18,14.22,0,0,0,0,173,88,0,0,1,2,208318.55,0.0,0,146.43,0.0,50.0,0.0,2.2,0.0,0.0,60.0,60.0,0,0,0,0.0,-73.3
39,209573.48,1928.88,37.5,61,-48.0,26.71,0.17,14.02,0,2,0,0,172,88,0,0,1,2,209573.48,0.0,0,156.67,0.0,50.0,0.0,2.24,0.0,0.0,60.0,60.0,0,0,0,0.0,-73.3
40,210828.41,1712.88,37.5,61,-48.0,28.12,0.18,14.02,1,2,0,0,171,88,0,0,0,0,210828.41,0.0,0,165.89,0.0,50.0,0.0,2.24,0.0,0.0,60.0,60.0,0,0,0,0.0,-73.3
41,210828.41,1184.84,37.5,61,-48.0,28.59,0.17,14.22,1,0,4,0,171,87,0,0,0,0,210828.41,0.0,0,177.15,0.0,50.0,0.0,2.2,0.0,0.0,60.0,60.0,0,0,0,0.0,-72.97
42,210828.41,496.84,37.5,61,-48.0,28.59,0.18,14.12,0,2,4,0,170,88,0,0,0,0,210828.41,0.0,0,184.32,0.0,50.0,0.0,2.22,0.0,0.0,60.0,60.0,0,0,0,0.0,-72.97
43,210828.41,200.84,37.5,61,-48.0,29.05,0.18,14.12,1,2,0,0,171,87,0,0,0,0,210828.41,0.0,0,192.51,0.0,50.0,0.0,2.22,0.0,0.0,60.0,60.0,0,0,0,0.0,-72.97
44,210828.41,0.88,37.5,61,-48.0,28.59,0.18,14.02,1,0,4,0,168,88,0,0,0,0,210828.41,0.0,0,204.8,0.0,50.0,0.0,2.24,0.0,0.0,60.0,60.0,0,0,0,0.0,-72.97
45,212083.34,1696.84,37.5,61,-48.0,28.12,0.18,14.22,0,0,4,0,163,88,0,0,0,0,212083.34,0.0,0,207.87,0.0,50.0,0.0,2.2,0.0,0.0,60.0,60.0,0,0,0,0.0,-72.97
46,212083.34,1096.81,37.5,61,-48.0,28.12,0.17,14.22,1,2,4,0,156,87,0,0,0,0,212083.34,0.0,0,210.94,0.0,50.0,0.0,2.2,0.0,0.0,60.0,60.0,0,0,0,0.0,-72.97
47,212083.34,696.84,37.5,61,-48.0,28.59,0.18,14.12,1,2,0,0,146,88,0,0,0,0,212083.34,0.0,0,212.99,0.0,50.0,0.0,2.22,0.0,0.0,60.0,60.0,0,0,0,0.0,-72.97
48,210828.41,824.84,37.5,61,-48.0,28.12,0.18,14.02,0,2,4,0,131,87,0,0,0,0,210828.41,0.0,0,215.04,0.0,50.0,0.0,2.24,0.0,0.0,60.0,60.0,0,0,0,0.0,-72.97
49,209573.48,1592.88,37.5,61,-48.0,28.59,0.18,14.12,1,2,0,0,98,88,0,0,1,2,209573.48,0.0,0,215.04,0.0,50.0,0.0,2.22,0.0,0.0,60.0,60.0,0,0,0,0.0,-72.97
50,210828.41,1808.84,37.5,61,-48.0,28.12,0.17,14.12,1,0,0,0,61,87,0,0,0,0,210828.41,0.0,0,210.94,0.0,50.0,0.0,2.22,0.0,0.0,60.0,60.0,0,0,0,0.0,-72.97
51,212083.34,1872.84,37.5,61,-48.0,28.59,0.17,14.12,0,2,4,0,40,87,0,0,0,0,212083.34,0.0,0,205.82,0.0,50.0,0.0,2.22,0.0,0.0,60.0,60.0,0,0,0,0.0,-72.97
52,210828.41,1592.84,37.5,61,-48.0,28.59,0.17,14.02,1,0,0,0,49,88,0,0,0,0,210828.41,0.0,0,200.7,0.0,50.0,0.0,2.24,0.0,0.0,60.0,60.0,0,0,0,0.0,-72.97
53,210828.41,1648.88,38.25,61,-48.0,28.12,0.18,14.02,1,2,0,0,136,87,0,0,0,0,210828.41,0.0,0,196.61,0.0,50.0,0.0,2.24,0.0,0.0,60.0,60.0,0,0,0,0.0,-72.97
54,210828.41,1312.88,38.25,61,-48.0,29.05,0.18,14.12,1,0,4,0,166,88,0,0,0,0,210828.41,0.0,0,188.42,0.0,50.0,0.0,2.22,0.0,0.0,60.0,60.0,0,0,0,0.0,-72.97
55,209573.48,1760.88,38.25,61,-48.0,28.59,0.18,14.02,1,0,4,0,168,87,0,0,1,2,209573.48,0.0,0,187.39,0.0,50.0,0.0,2.24,0.0,0.0,60.0,60.0,0,0,0,0.0,-72.97
56,208318.55,232.88,38.25,61,-48.0,29.05,0.18,14.02,1,2,0,0,162,87,0,0,1,2,208318.55,0.0,0,183.3,0.0,50.0,0.0,2.24,0.0,0.0,60.0,60.0,0,0,0,0.0,-72.97
57,208318.55,744.88,38.25,61,-48.0,28.12,0.18,13.92,1,2,0,0,154,87,0,0,1,2,208318.55,0.0,0,171.01,0.0,50.0,0.0,2.27,0.0,0.0,60.0,60.0,0,0,0,0.0,-72.97
58,207063.61,1160.91,38.25,61,-48.0,28.12,0.18,14.02,1,2,0,0,141,88,0,0,0,2,207063.61,0.0,0,166.91,0.0,50.0,0.0,2.24,0.0,0.0,60.0,60.0,0,0,0,0.0,-72.97
59,207063.61,1136.88,38.25,61,-48.0,28.59,0.17,14.12,1,2,0,0,128,88,0,0,0,2,207063.61,0.0,0,155.65,0.0,50.0,0.0,2.22,0.0,0.0,60.0,60.0,0,0,0,0.0,-72.97
60,205808.68,1280.88,38.25,61,-48.0,28.12,0.17,13.92,0,0,4,0,51,87,0,0,0,2,205808.68,0.0,0,148.48,0.0,50.0,0.0,2.27,0.0,0.0,60.0,60.0,0,0,0,0.0,-72.97
61,207063.61,1440.91,38.25,61,-48.0,28.59,0.18,13.92,1,2,4,0,33,88,0,0,0,2,207063.61,0.0,0,144.38,0.0,50.0,0.0,2.27,0.0,0.0,60.0,60.0,0,0,0,0.0,-72.97
62,208318.55,1336.88,38.25,61,-48.0,27.65,0.17,14.12,0,0,0,0,27,88,0,0,1,2,208318.55,0.0,0,143.36,0.0,50.0,0.0,2.22,0.0,0.0,60.0,60.0,0,0,0,0.0,-72.97
63,208318.55,1128.84,38.25,61,-48.0,28.12,0.17,14.12,0,0,0,0,25,88,0,0,1,2,208318.55,0.0,0,141.31,0.0,50.0,0.0,2.22,0.0,0.0,60.0,60.0,0,0,0,0.0,-72.97
64,207063.61,1400.91,38.25,61,-48.0,28.59,0.18,13.82,1,2,0,0,25,87,0,0,0,2,207063.61,0.0,0,143.36,0.0,50.0,0.0,2.3,0.0,0.0,60.0,60.0,0,0,0,0.0,-72.97
65,203298.82,1696.88,38.25,61,-48.0,27.65,0.17,13.82,0,0,4,0,27,87,0,0,1,0,203298.82,0.0,0,139.26,0.0,50.0,0.0,2.3,0.0,0.0,60.0,60.0,0,0,0,0.0,-73.3
66,208318.55,1840.88,38.25,61,-48.0,28.59,0.17,14.12,0,2,0,0,29,88,0,0,1,2,208318.55,0.0,0,158.72,0.0,50.0,0.0,2.22,0.0,0.0,60.0,60.0,0,0,0,0.0,-73.3
67,209573.48,1336.88,38.25,61,-48.0,28.59,0.18,14.02,1,0,0,0,32,88,0,0,1,2,209573.48,0.0,0,172.03,0.0,50.0,0.0,2.24,0.0,0.0,60.0,60.0,0,0,0,0.0,-73.3
68,210828.41,960.84,38.25,61,-48.0,27.65,0.17,14.02,0,0,0,0,30,87,0,0,0,0,210828.41,0.0,0,182.27,0.0,50.0,0.0,2.24,0.0,0.0,60.0,60.0,0,0,0,0.0,-73.3
69,212083.34,1056.91,38.25,61,-48.0,29.52,0.18,14.12,0,2,0,0,38,87,0,0,0,0,212083.34,0.0,0,187.39,0.0,50.0,0.0,2.22,0.0,0.0,60.0,60.0,0,0,0,0.0,-73.3
70,212083.34,1760.94,38.25,61,-48.0,30.93,0.19,14.12,0,2,4,0,124,88,0,0,0,0,212083.34,0.0,0,193.54,0.0,50.0,0.0,2.22,0.0,0.0,60.0,60.0,0,0,0,0.0,-73.3
71,193259.37,761.28,38.25,61,-48.0,38.9,0.27,14.12,1,0,4,0,142,88,0,0,1,0,193259.37,0.0,0,196.61,0.0,50.0,0.0,2.22,0.0,0.0,60.0,60.0,0,0,0,0.0,-73.95
72,159376.24,1753.19,38.25,61,-48.0,41.71,0.32,14.02,0,2,0,0,179,88,0,0,1,2,159376.24,0.0,0,172.03,0.0,50.0,0.0,2.24,0.0,0.0,60.0,60.0,0,0,0,0.0,-73.95
73,151846.65,1049.03,39.0,61,-48.0,41.24,0.3,14.12,0,0,4,0,178,87,0,0,0,0,151846.65,0.0,0,165.89,0.0,50.0,0.0,2.22,0.0,0.0,60.0,60.0,0,0,0,0.0,-73.3
74,150591.72,665.0,39.0,61,-48.0,41.24,0.3,14.22,0,0,4,0,156,88,0,0,0,0,150591.72,0.0,0,178.18,0.0,50.0,0.0,2.2,0.0,0.0,60.0,60.0,0,0,0,0.0,-73.3
75,150591.72,129.06,39.0,61,-48.0,40.77,0.31,14.12,0,2,4,0,66,88,0,0,0,0,150591.72,0.0,0,189.44,0.0,50.0,0.0,2.22,0.0,0.0,60.0,60.0,0,0,0,0.0,-73.3
76,150591.72,1161.0,39.0,61,-48.0,41.24,0.3,14.02,1,0,0,0,30,88,0,0,0,0,150591.72,0.0,0,197.63,0.0,50.0,0.0,2.24,0.0,0.0,60.0,60.0,0,0,0,0.0,-73.3
77,149336.79,1681.03,39.0,61,-48.0,41.71,0.32,14.12,0,2,0,0,20,88,0,0,1,2,149336.79,0.0,0,204.8,0.0,50.0,0.0,2.22,0.0,0.0,60.0,60.0,0,0,0,0.0,-73.3
78,148081.86,649.03,39.0,61,-48.0,41.71,0.32,14.12,1,2,4,0,22,87,0,0,1,2,148081.86,0.0,0,208.9,0.0,50.0,0.0,2.22,0.0,0.0,60.0,60.0,0,0,0,0.0,-73.3
79,148081.86,337.0,39.0,61,-48.0,41.24,0.32,14.12,0,2,0,0,23,87,0,0,1,2,148081.86,0.0,0,212.99,0.0,50.0,0.0,2.22,0.0,0.0,60.0,60.0,0,0,0,0.0,-73.3
80,146826.93,1441.0,39.0,61,-48.0,42.18,0.32,14.02,1,2,0,0,28,88,0,0,0,2,146826.93,0.0,0,217.09,0.0,50.0,0.0,2.24,0.0,0.0,60.0,60.0,0,0,0,0.0,-73.3
81,144317.07,88.97,39.0,61,-48.0,42.18,0.32,14.02,0,0,4,0,31,87,0,0,1,0,144317.07,0.0,0,220.16,0.0,50.0,0.0,2.24,0.0,0.0,60.0,60.0,0,0,0,0.0,-73.3
82,143062.13,889.0,39.0,61,-48.0,43.58,0.34,14.12,0,2,0,0,66,88,0,0,1,0,143062.13,0.0,0,223.23,0.0,50.0,0.0,2.22,0.0,0.0,60.0,60.0,0,0,0,0.0,-73.3
83,141807.2,57.0,39.0,61,-48.0,43.11,0.34,14.02,0,0,4,0,139,87,0,0,0,0,141807.2,0.0,0,226.3,0.0,50.0,0.0,2.24,0.0,0.0,60.0,60.0,0,0,0,0.0,-73.3
84,140552.27,201.0,39.0,61,-48.0,43.58,0.35,14.12,0,0,0,0,165,87,0,0,0,0,140552.27,0.0,0,229.38,0.0,50.0,0.0,2.22,0.0,0.0,60.0,60.0,0,0,0,0.0,-73.3
85,139297.34,673.0,39.0,61,-48.0,44.52,0.36,14.12,1,2,4,0,168,88,0,0,1,2,139297.34,0.0,0,231.42,0.0,50.0,0.0,2.22,0.0,0.0,60.0,60.0,0,0,0,0.0,-73.3
86,149336.79,969.59,39.0,61,-48.0,56.24,0.6,14.12,1,0,0,0,168,87,0,0,1,2,149336.79,0.0,0,227.33,0.0,50.0,0.0,2.22,0.0,0.0,60.0,60.0,0,0,0,0.0,-74.6
87,145572.0,1057.38,39.0,61,-48.0,55.77,0.59,14.02,0,0,0,0,178,88,0,0,0,2,145572.0,0.0,0,218.11,0.0,50.0,0.0,2.24,0.0,0.0,60.0,60.0,0,0,0,0.0,-74.28
88,144317.07,1961.34,39.75,61,-48.0,56.7,0.6,14.12,1,2,4,0,165,87,0,0,1,0,144317.07,0.0,0,223.23,0.0,50.0,0.0,2.22,0.0,0.0,60.0,60.0,0,0,0,0.0,-73.95
89,141807.2,1897.22,39.75,61,-48.0,54.36,0.55,14.12,0,0,0,0,136,87,0,0,0,0,141807.2,0.0,0,229.38,0.0,50.0,0.0,2.22,0.0,0.0,60.0,60.0,0,0,0,0.0,-73.62
90,136787.48,1017.0,39.75,61,-48.0,50.14,0.46,14.02,0,0,0,0,148,87,0,0,0,2,136787.48,0.0,0,239.62,0.0,50.0,0.0,2.24,0.0,0.0,60.0,60.0,0,0,0,0.0,-73.3
91,134277.62,689.0,39.75,61,-48.0,49.67,0.46,14.02,0,2,0,0,139,88,0,0,1,0,134277.62,0.0,0,243.71,0.0,50.0,0.0,2.24,0.0,0.0,60.0,60.0,0,0,0,0.0,-72.97
92,134277.62,1169.03,39.75,61,-48.0,49.67,0.46,14.12,1,0,4,0,63,87,0,0,1,0,134277.62,0.0,0,241.66,0.0,50.0,0.0,2.22,0.0,0.0,60.0,60.0,0,0,0,0.0,-72.97
93,139297.34,897.12,39.75,61,-48.0,50.14,0.46,14.22,1,0,0,0,20,87,0,0,1,2,139297.34,0.0,0,228.35,0.0,50.0,0.0,2.2,0.0,0.0,60.0,60.0,0,0,0,0.0,-73.3
94,145572.0,1153.28,39.75,61,-48.0,49.21,0.45,14.02,1,0,4,0,18,88,0,0,0,2,145572.0,0.0,0,190.46,0.0,50.0,0.0,2.24,0.0,0.0,60.0,60.0,0,0,0,0.0,-73.62
95,146826.93,961.31,39.75,61,-48.0,49.67,0.45,14.12,1,2,0,0,18,87,0,0,0,2,146826.93,0.0,0,198.66,0.0,50.0,0.0,2.22,0.0,0.0,60.0,60.0,0,0,0,0.0,-73.62
96,146826.93,1841.25,39.75,61,-48.0,48.74,0.44,14.12,1,0,4,0,17,88,0,0,0,2,146826.93,0.0,0,199.68,0.0,50.0,0.0,2.22,0.0,0.0,60.0,60.0,0,0,0,0.0,-73.62
97,145572.0,81.25,39.75,61,-48.0,48.74,0.44,14.02,1,0,0,0,18,87,0,0,0,2,145572.0,0.0,0,201.73,0.0,50.0,0.0,2.24,0.0,0.0,60.0,60.0,0,0,0,0.0,-73.62
98,145572.0,673.22,39.75,61,-48.0,48.74,0.43,14.02,0,0,4,0,20,88,0,0,0,2,145572.0,0.0,0,206.85,0.0,50.0,0.0,2.24,0.0,0.0,60.0,60.0,0,0,0,0.0,-73.62
99,144317.07,609.22,39.75,61,-48.0,49.21,0.44,14.12,0,2,4,0,21,88,0,0,1,0,144317.07,0.0,0,208.9,0.0,50.0,0.0,2.22,0.0,0.0,60.0,60.0,0,0,0,0.0,-73.62
100,140552.27,1472.94,39.75,61,-48.0,43.58,0.34,14.12,1,2,0,0,51,87,0,0,0,0,140552.27,0.0,0,215.04,0.0,50.0,0.0,2.22,0.0,0.0,60.0,60.0,0,0,0,0.0,-73.3
101,140552.27,1624.94,39.75,61,-48.0,42.65,0.33,14.12,0,0,0,0,174,87,0,0,0,0,140552.27,0.0,0,222.21,0.0,50.0,0.0,2.22,0.0,0.0,60.0,60.0,0,0,0,0.0,-73.3
102,138042.41,560.75,39.75,61,-48.0,37.02,0.26,14.02,0,0,0,0,182,87,0,0,1,2,138042.41,0.0,0,232.45,0.0,50.0,0.0,2.24,0.0,0.0,60.0,60.0,0,0,0,0.0,-72.97
103,136787.48,184.75,40.5,61,-48.0,37.49,0.26,14.12,1,0,0,0,181,88,0,0,0,2,136787.48,0.0,0,238.59,0.0,50.0,0.0,2.22,0.0,0.0,60.0,60.0,0,0,0,0.0,-72.97
104,138042.41,1744.75,40.5,61,-48.0,37.49,0.26,14.22,1,2,0,0,177,88,0,0,1,2,138042.41,0.0,0,239.62,0.0,50.0,0.0,2.2,0.0,0.0,60.0,60.0,0,0,0,0.0,-72.97
105,136787.48,1832.75,40.5,61,-48.0,36.08,0.25,14.12,1,2,4,0,173,87,0,0,0,2,136787.48,0.0,0,240.64,0.0,50.0,0.0,2.22,0.0,0.0,60.0,60.0,0,0,0,0.0,-72.97
106,136787.48,1344.75,40.5,61,-48.0,36.55,0.25,14.12,0,2,0,0,172,87,0,0,0,2,136787.48,0.0,0,241.66,0.0,50.0,0.0,2.22,0.0,0.0,60.0,60.0,0,0,0,0.0,-72.97
107,138042.41,1960.78,40.5,61,-48.0,37.49,0.26,14.22,0,2,0,0,167,87,0,0,1,2,138042.41,0.0,0,241.66,0.0,50.0,0.0,2.2,0.0,0.0,60.0,60.0,0,0,0,0.0,-72.97
108,136787.48,1560.75,40.5,61,-48.0,36.55,0.26,14.12,1,0,0,0,163,87,0,0,0,2,136787.48,0.0,0,241.66,0.0,50.0,0.0,2.22,0.0,0.0,60.0,60.0,0,0,0,0.0,-72.97
109,136787.48,1616.75,40.5,61,-48.0,37.02,0.25,14.02,1,0,4,0,159,87,0,0,0,2,136787.48,0.0,0,241.66,0.0,50.0,0.0,2.24,0.0,0.0,60.0,60.0,0,0,0,0.0,-72.97
110,136787.48,1728.75,40.5,61,-48.0,37.02,0.26,14.02,0,0,4,0,157,88,0,0,0,2,136787.48,0.0,0,243.71,0.0,50.0,0.0,2.24,0.0,0.0,60.0,60.0,0,0,0,0.0,-72.97
111,136787.48,1632.75,40.5,61,-48.0,37.02,0.26,14.22,0,2,4,0,148,88,0,0,0,2,136787.48,0.0,0,242.69,0.0,50.0,0.0,2.2,0.0,0.0,60.0,60.0,0,0,0,0.0,-72.97
112,135532.55,1360.75,40.5,61,-48.0,37.02,0.26,14.12,0,0,4,0,139,87,0,0,0,2,135532.55,0.0,0,242.69,0.0,50.0,0.0,2.22,0.0,0.0,60.0,60.0,0,0,0,0.0,-72.97
113,135532.55,1288.75,40.5,61,-48.0,37.49,0.26,14.12,1,2,4,0,121,88,0,0,0,2,135532.55,0.0,0,243.71,0.0,50.0,0.0,2.22,0.0,0.0,60.0,60.0,0,0,0,0.0,-72.97
114,136787.48,1936.78,40.5,61,-48.0,37.49,0.26,14.02,0,2,0,0,59,88,0,0,0,2,136787.48,0.0,0,243.71,0.0,50.0,0.0,2.24,0.0,0.0,60.0,60.0,0,0,0,0.0,-72.97
115,136787.48,1744.75,41.25,61,-48.0,37.49,0.26,14.12,0,2,4,0,32,87,0,0,0,2,136787.48,0.0,0,243.71,0.0,50.0,0.0,2.22,0.0,0.0,60.0,60.0,0,0,0,0.0,-72.97
116,136787.48,1776.75,41.25,61,-48.0,37.02,0.26,14.12,0,0,4,0,29,88,0,0,0,2,136787.48,0.0,0,243.71,0.0,50.0,0.0,2.22,0.0,0.0,60.0,60.0,0,0,0,0.0,-72.97
117,136787.48,64.78,41.25,61,-48.0,37.49,0.26,14.02,1,2,0,0,27,87,0,0,0,2,136787.48,0.0,0,243.71,0.0,50.0,0.0,2.24,0.0,0.0,60.0,60.0,0,0,0,0.0,-72.97
118,155611.44,497.22,41.25,61,-48.0,49.21,0.42,14.02,1,0,0,0,25,88,0,0,0,2,155611.44,0.0,0,241.66,0.0,50.0,0.0,2.24,0.0,0.0,60.0,60.0,0,0,0,0.0,-74.28
119,144317.07,17.19,41.25,61,-48.0,48.74,0.44,14.12,1,0,4,0,188,88,0,0,1,0,144317.07,0.0,0,225.28,0.0,50.0,0.0,2.22,0.0,0.0,60.0,60.0,0,0,0,0.0,-73.95
120,143062.13,145.16,41.25,61,-48.0,49.67,0.45,14.12,1,0,4,0,185,88,0,0,1,0,143062.13,0.0,0,221.18,0.0,50.0,0.0,2.22,0.0,0.0,60.0,60.0,0,0,0,0.0,-73.95
121,141807.2,1329.16,41.25,61,-48.0,49.67,0.45,14.02,1,2,4,0,184,87,0,0,0,0,141807.2,0.0,0,222.21,0.0,50.0,0.0,2.24,0.0,0.0,60.0,60.0,0,0,0,0.0,-73.62
122,141807.2,769.16,41.25,61,-48.0,49.21,0.45,14.02,1,0,4,0,179,88,0,0,0,0,141807.2,0.0,0,224.26,0.0,50.0,0.0,2.24,0.0,0.0,60.0,60.0,0,0,0,0.0,-73.62
123,141807.2,113.12,41.25,61,-48.0,49.67,0.44,14.22,0,0,0,0,174,87,0,0,0,0,141807.2,0.0,0,226.3,0.0,50.0,0.0,2.2,0.0,0.0,60.0,60.0,0,0,0,0.0,-73.62
124,141807.2,761.16,41.25,61,-48.0,50.14,0.46,14.12,0,2,4,0,154,88,0,0,0,0,141807.2,0.0,0,228.35,0.0,50.0,0.0,2.22,0.0,0.0,60.0,60.0,0,0,0,0.0,-73.3
125,140552.27,1801.16,41.25,61,-48.0,50.61,0.46,14.02,0,0,0,0,127,87,0,0,0,0,140552.27,0.0,0,230.4,0.0,50.0,0.0,2.24,0.0,0.0,60.0,60.0,0,0,0,0.0,-73.3
126,141807.2,457.12,41.25,61,-48.0,50.14,0.45,14.02,1,0,0,0,30,87,0,0,0,0,141807.2,0.0,0,232.45,0.0,50.0,0.0,2.24,0.0,0.0,60.0,60.0,0,0,0,0.0,-73.3
127,140552.27,1.12,41.25,61,-48.0,50.14,0.46,14.12,1,0,0,0,15,87,0,0,0,0,140552.27,0.0,0,232.45,0.0,50.0,0.0,2.22,0.0,0.0,60.0,60.0,0,0,0,0.0,-73.3
128,140552.27,1705.16,42.0,61,-48.0,50.61,0.47,14.22,1,2,0,0,15,87,0,0,0,0,140552.27,0.0,0,233.47,0.0,50.0,0.0,2.2,0.0,0.0,60.0,60.0,0,0,0,0.0,-73.3
129,139297.34,913.12,42.0,61,-48.0,50.61,0.47,14.02,0,0,0,0,15,88,0,0,1,2,139297.34,0.0,0,234.5,0.0,50.0,0.0,2.24,0.0,0.0,60.0,60.0,0,0,0,0.0,-73.3
130,139297.34,257.12,42.0,61,-48.0,49.67,0.46,14.12,1,2,4,0,16,87,0,0,1,2,139297.34,0.0,0,235.52,0.0,50.0,0.0,2.22,0.0,0.0,60.0,60.0,0,0,0,0.0,-73.3
131,139297.34,113.12,42.0,61,-48.0,50.61,0.47,14.02,1,0,0,0,17,88,0,0,1,2,139297.34,0.0,0,234.5,0.0,50.0,0.0,2.24,0.0,0.0,60.0,60.0,0,0,0,0.0,-73.3
132,139297.34,985.06,42.0,61,-48.0,48.27,0.45,14.02,0,2,4,0,19,87,0,0,1,2,139297.34,0.0,0,235.52,0.0,50.0,0.0,2.24,0.0,0.0,60.0,60.0,0,0,0,0.0,-73.3
133,131767.76,360.84,42.0,61,-48.0,43.58,0.34,14.22,0,2,0,0,96,88,0,0,0,0,131767.76,0.0,0,242.69,0.0,50.0,0.0,2.2,0.0,0.0,60.0,60.0,0,0,0,0.0,-72.97
134,129257.89,1624.81,42.0,61,-48.0,42.65,0.34,14.22,1,2,0,0,172,88,0,0,1,2,129257.89,0.0,0,245.76,0.0,50.0,0.0,2.2,0.0,0.0,60.0,60.0,0,0,0,0.0,-72.97
135,129257.89,1288.81,42.0,61,-48.0,43.11,0.34,14.12,0,0,0,0,174,88,0,0,1,2,129257.89,0.0,0,245.76,0.0,50.0,0.0,2.22,0.0,0.0,60.0,60.0,0,0,0,0.0,-72.97
136,129257.89,1472.81,42.0,61,-48.0,44.05,0.34,14.12,0,2,4,0,170,88,0,0,1,2,129257.89,0.0,0,246.78,0.0,50.0,0.0,2.22,0.0,0.0,60.0,60.0,0,0,0,0.0,-72.97
137,130512.82,1960.84,42.0,61,-48.0,43.58,0.35,14.12,0,0,4,0,160,88,0,0,0,0,130512.82,0.0,0,246.78,0.0,50.0,0.0,2.22,0.0,0.0,60.0,60.0,0,0,0,0.0,-72.97
138,130512.82,1856.84,42.0,61,-48.0,44.05,0.34,14.12,1,0,4,0,146,88,0,0,0,0,130512.82,0.0,0,247.81,0.0,50.0,0.0,2.22,0.0,0.0,60.0,60.0,0,0,0,0.0,-72.97
139,130512.82,936.88,42.0,61,-48.0,44.52,0.36,14.22,0,0,4,0,65,88,0,0,0,0,130512.82,0.0,0,247.81,0.0,50.0,0.0,2.2,0.0,0.0,60.0,60.0,0,0,0,0.0,-72.97
140,131767.76,1640.91,42.0,61,-48.0,44.99,0.37,14.12,0,2,4,0,27,87,0,0,0,0,131767.76,0.0,0,245.76,0.0,50.0,0.0,2.22,0.0,0.0,60.0,60.0,0,0,0,0.0,-72.97
141,138042.41,977.06,42.75,61,-48.0,49.67,0.45,14.22,0,2,0,0,93,87,0,0,1,2,138042.41,0.0,0,240.64,0.0,50.0,0.0,2.2,0.0,0.0,60.0,60.0,0,0,0,0.0,-73.62
142,138042.41,1049.06,42.75,61,-48.0,49.67,0.46,14.02,0,0,0,0,178,87,0,0,1,2,138042.41,0.0,0,238.59,0.0,50.0,0.0,2.24,0.0,0.0,60.0,60.0,0,0,0,0.0,-73.62
143,138042.41,1305.06,42.75,61,-48.0,50.14,0.46,14.12,0,0,0,0,175,88,0,0,1,2,138042.41,0.0,0,239.62,0.0,50.0,0.0,2.22,0.0,0.0,60.0,60.0,0,0,0,0.0,-73.3
144,138042.41,1097.06,42.75,61,-48.0,50.61,0.47,14.22,1,0,0,0,166,87,0,0,1,2,138042.41,0.0,0,239.62,0.0,50.0,0.0,2.2,0.0,0.0,60.0,60.0,0,0,0,0.0,-73.3
145,136787.48,1041.06,42.75,61,-48.0,50.14,0.47,14.12,0,2,4,0,143,88,0,0,0,2,136787.48,0.0,0,239.62,0.0,50.0,0.0,2.22,0.0,0.0,60.0,60.0,0,0,0,0.0,-73.3
146,136787.48,1473.06,42.75,61,-48.0,50.61,0.47,14.22,1,2,4,0,48,88,0,0,0,2,136787.48,0.0,0,240.64,0.0,50.0,0.0,2.2,0.0,0.0,60.0,60.0,0,0,0,0.0,-73.3
147,135532.55,1881.03,42.75,61,-48.0,50.14,0.47,14.12,0,0,0,0,21,88,0,0,0,2,135532.55,0.0,0,240.64,0.0,50.0,0.0,2.22,0.0,0.0,60.0,60.0,0,0,0,0.0,-73.3
148,136787.48,769.06,42.75,61,-48.0,50.61,0.48,14.22,0,2,0,0,18,88,0,0,0,2,136787.48,0.0,0,241.66,0.0,50.0,0.0,2.2,0.0,0.0,60.0,60.0,0,0,0,0.0,-73.3
149,136787.48,417.06,42.75,61,-48.0,50.61,0.46,14.22,0,0,4,0,21,87,0,0,0,2,136787.48,0.0,0,234.5,0.0,50.0,0.0,2.2,0.0,0.0,60.0,60.0,0,0,0,0.0,-73.3
150,141807.2,785.19,42.75,61,-48.0,50.14,0.46,14.12,1,0,4,0,25,88,0,0,0,0,141807.2,0.0,0,216.06,0.0,50.0,0.0,2.22,0.0,0.0,60.0,60.0,0,0,0,0.0,-73.62
151,146826.93,369.28,42.75,61,-48.0,50.14,0.45,14.12,1,0,0,0,109,87,0,0,0,2,146826.93,0.0,0,203.78,0.0,50.0,0.0,2.22,0.0,0.0,60.0,60.0,0,0,0,0.0,-73.95
152,145572.0,1281.25,43.5,61,-48.0,50.14,0.45,14.12,1,2,0,0,159,88,0,0,0,2,145572.0,0.0,0,202.75,0.0,50.0,0.0,2.22,0.0,0.0,60.0,60.0,0,0,0,0.0,-73.62
153,145572.0,201.22,43.5,61,-48.0,49.21,0.45,14.12,0,2,4,0,166,87,0,0,0,2,145572.0,0.0,0,202.75,0.0,50.0,0.0,2.22,0.0,0.0,60.0,60.0,0,0,0,0.0,-73.62
154,145572.0,1305.25,43.5,61,-48.0,50.14,0.46,14.12,1,0,0,0,150,88,0,0,0,2,145572.0,0.0,0,204.8,0.0,50.0,0.0,2.22,0.0,0.0,60.0,60.0,0,0,0,0.0,-73.62
155,145572.0,1521.16,43.5,61,-48.0,47.33,0.43,14.12,1,2,0,0,139,88,0,0,0,2,145572.0,0.0,0,206.85,0.0,50.0,0.0,2.22,0.0,0.0,60.0,60.0,0,0,0,0.0,-73.62
156,140552.27,544.88,43.5,61,-48.0,41.24,0.31,14.12,0,2,0,0,163,87,0,0,0,0,140552.27,0.0,0,216.06,0.0,50.0,0.0,2.22,0.0,0.0,60.0,60.0,0,0,0,0.0,-72.97
157,138042.41,1336.75,43.5,61,-48.0,36.08,0.25,14.12,1,0,0,0,171,88,0,0,1,2,138042.41,0.0,0,227.33,0.0,50.0,0.0,2.22,0.0,0.0,60.0,60.0,0,0,0,0.0,-72.65
158,139297.34,1848.75,43.5,61,-48.0,36.55,0.25,14.12,1,0,0,0,154,87,0,0,1,2,139297.34,0.0,0,236.54,0.0,50.0,0.0,2.22,0.0,0.0,60.0,60.0,0,0,0,0.0,-72.65
159,144317.07,928.53,43.5,61,-48.0,28.59,0.17,14.12,0,0,4,0,97,88,0,0,1,0,144317.07,0.0,0,241.66,0.0,50.0,0.0,2.22,0.0,0.0,60.0,60.0,0,0,0,0.0,-72.65
160,160631.17,1272.56,43.5,61,-48.0,28.12,0.17,14.12,0,0,0,0,169,88,0,0,0,0,160631.17,0.0,0,249.86,0.0,50.0,0.0,2.22,0.0,0.0,60.0,60.0,0,0,0,0.0,-72.65
161,200788.96,1488.59,43.5,61,-48.0,28.12,0.17,14.22,1,0,0,0,166,87,0,0,0,0,200788.96,0.0,0,261.12,0.0,50.0,0.0,2.2,0.0,0.0,60.0,60.0,0,0,0,0.0,-72.65
162,200788.96,376.56,43.5,61,-48.0,27.18,0.16,14.22,1,2,4,0,153,87,0,0,0,0,200788.96,0.0,0,261.12,0.0,50.0,0.0,2.2,0.0,0.0,60.0,60.0,0,0,0,0.0,-72.65
163,222122.79,1024.62,44.25,61,-48.0,27.18,0.17,14.12,1,0,0,0,149,88,0,0,0,0,222122.79,0.0,0,261.12,0.0,50.0,0.0,2.22,0.0,0.0,60.0,60.0,0,0,0,0.0,-72.65
164,222122.79,1032.59,44.25,61,-48.0,26.24,0.16,14.02,0,2,4,0,143,88,0,0,0,0,222122.79,0.0,0,261.12,0.0,50.0,0.0,2.24,0.0,0.0,60.0,60.0,0,0,0,0.0,-72.65
165,222122.79,1208.59,44.25,61,-48.0,26.24,0.16,14.12,1,2,4,0,63,87,0,0,0,0,222122.79,0.0,0,261.12,0.0,50.0,0.0,2.22,0.0,0.0,60.0,60.0,0,0,0,0.0,-72.65
166,222122.79,1288.59,44.25,61,-48.0,25.77,0.16,14.12,0,0,4,0,35,88,0,0,0,0,222122.79,0.0,0,261.12,0.0,50.0,0.0,2.22,0.0,0.0,60.0,60.0,0,0,0,0.0,-72.65
167,223377.72,624.59,44.25,61,-48.0,25.31,0.15,14.12,1,2,4,0,32,88,0,0,1,0,223377.72,0.0,0,261.12,0.0,50.0,0.0,2.22,0.0,0.0,60.0,60.0,0,0,0,0.0,-72.65
168,220867.86,296.59,44.25,61,-48.0,24.84,0.15,14.12,0,2,0,0,59,87,0,0,0,0,220867.86,0.0,0,261.12,0.0,50.0,0.0,2.22,0.0,0.0,60.0,60.0,0,0,0,0.0,-72.65
169,222122.79,0.56,44.25,61,-48.0,24.84,0.14,14.22,0,0,4,0,162,88,0,0,0,0,222122.79,0.0,0,261.12,0.0,50.0,0.0,2.2,0.0,0.0,60.0,60.0,0,0,0,0.0,-72.65
170,220867.86,2000.56,44.25,61,-48.0,23.9,0.14,14.22,1,0,4,0,169,88,0,0,0,0,220867.86,0.0,0,261.12,0.0,50.0,0.0,2.2,0.0,0.0,60.0,60.0,0,0,0,0.0,-72.65
171,220867.86,80.59,44.25,61,-48.0,24.37,0.14,14.12,0,0,4,0,169,87,0,0,0,0,220867.86,0.0,0,261.12,0.0,50.0,0.0,2.22,0.0,0.0,60.0,60.0,0,0,0,0.0,-72.65
172,218357.99,232.59,45.0,61,-48.0,23.43,0.14,14.12,0,2,0,0,161,87,0,0,1,2,218357.99,0.0,0,261.12,0.0,50.0,0.0,2.22,0.0,0.0,60.0,60.0,0,0,0,0.0,-72.65
173,218357.99,648.59,45.0,61,-48.0,23.9,0.14,14.12,0,2,0,0,142,88,0,0,1,2,218357.99,0.0,0,261.12,0.0,50.0,0.0,2.22,0.0,0.0,60.0,60.0,0,0,0,0.0,-72.65
174,215848.13,1320.62,45.0,61,-48.0,24.37,0.14,14.02,1,2,0,0,54,88,0,0,0,2,215848.13,0.0,0,261.12,0.0,50.0,0.0,2.24,0.0,0.0,60.0,60.0,0,0,0,0.0,-72.65
175,217103.06,112.62,45.0,61,-48.0,23.43,0.14,14.02,0,2,0,0,27,87,0,0,0,2,217103.06,0.0,0,261.12,0.0,50.0,0.0,2.24,0.0,0.0,60.0,60.0,0,0,0,0.0,-72.65
176,210828.41,840.66,45.0,61,-48.0,23.9,0.14,14.12,1,0,4,0,25,87,0,0,0,0,210828.41,0.0,0,261.12,0.0,50.0,0.0,2.22,0.0,0.0,60.0,60.0,0,0,0,0.0,-72.65
177,214593.2,1360.66,45.0,61,-48.0,23.43,0.14,14.22,0,0,4,0,28,87,0,0,1,0,214593.2,0.0,0,258.05,0.0,50.0,0.0,2.2,0.0,0.0,60.0,60.0,0,0,0,0.0,-72.65
178,213338.27,1904.62,45.0,61,-48.0,23.43,0.13,14.12,0,0,4,0,27,88,0,0,1,0,213338.27,0.0,0,251.9,0.0,50.0,0.0,2.22,0.0,0.0,60.0,60.0,0,0,0,0.0,-72.65
179,212083.34,456.66,45.0,61,-48.0,22.49,0.13,14.12,0,0,4,0,24,87,0,0,0,0,212083.34,0.0,0,248.83,0.0,50.0,0.0,2.22,0.0,0.0,60.0,60.0,0,0,0,0.0,-72.65
180,212083.34,1072.69,45.0,61,-48.0,22.96,0.14,14.12,1,2,4,0,22,88,0,0,0,0,212083.34,0.0,0,239.62,0.0,50.0,0.0,2.22,0.0,0.0,60.0,60.0,0,0,0,0.0,-72.65
181,209573.48,1856.69,45.0,61,-48.0,22.96,0.14,14.12,0,2,0,0,21,87,0,0,1,2,209573.48,0.0,0,238.59,0.0,50.0,0.0,2.22,0.0,0.0,60.0,60.0,0,0,0,0.0,-72.97
182,209573.48,512.69,45.0,61,-48.0,22.96,0.14,14.02,1,2,4,0,19,88,0,0,1,2,209573.48,0.0,0,227.33,0.0,50.0,0.0,2.24,0.0,0.0,60.0,60.0,0,0,0,0.0,-72.97
183,207063.61,1536.72,45.75,61,-48.0,23.43,0.14,14.02,0,0,4,0,18,88,0,0,0,2,207063.61,0.0,0,225.28,0.0,50.0,0.0,2.24,0.0,0.0,60.0,60.0,0,0,0,0.0,-72.97
184,205808.68,1760.69,45.75,61,-48.0,22.49,0.13,14.12,0,2,4,0,19,88,0,0,0,2,205808.68,0.0,0,220.16,0.0,50.0,0.0,2.22,0.0,0.0,60.0,60.0,0,0,0,0.0,-72.97
185,205808.68,296.72,45.75,61,-48.0,23.43,0.14,14.02,1,2,4,0,21,88,0,0,0,2,205808.68,0.0,0,211.97,0.0,50.0,0.0,2.24,0.0,0.0,60.0,60.0,0,0,0,0.0,-72.97
186,203298.82,928.72,45.75,61,-48.0,22.49,0.13,14.02,1,2,4,0,22,88,0,0,1,0,203298.82,0.0,0,206.85,0.0,50.0,0.0,2.24,0.0,0.0,60.0,60.0,0,0,0,0.0,-72.97
187,204553.75,1136.75,45.75,61,-48.0,23.43,0.14,14.12,1,0,0,0,24,88,0,0,1,0,204553.75,0.0,0,196.61,0.0,50.0,0.0,2.22,0.0,0.0,60.0,60.0,0,0,0,0.0,-72.97
188,202043.89,1528.72,45.75,61,-48.0,22.49,0.13,14.12,0,2,0,0,25,87,0,0,0,0,202043.89,0.0,0,184.32,0.0,50.0,0.0,2.22,0.0,0.0,60.0,60.0,0,0,0,0.0,-72.97
189,202043.89,1848.72,45.75,61,-48.0,22.96,0.13,14.02,0,0,4,0,26,88,0,0,0,0,202043.89,0.0,0,172.03,0.0,50.0,0.0,2.24,0.0,0.0,60.0,60.0,0,0,0,0.0,-72.97
190,202043.89,1864.75,45.75,61,-48.0,22.96,0.13,14.12,0,2,0,0,38,88,0,0,0,0,202043.89,0.0,0,159.74,0.0,50.0,0.0,2.22,0.0,0.0,60.0,60.0,0,0,0,0.0,-72.97
191,197024.17,16.75,45.75,61,-48.0,22.96,0.14,14.12,1,0,4,0,101,88,0,0,0,2,197024.17,0.0,0,149.5,0.0,50.0,0.0,2.22,0.0,0.0,60.0,60.0,0,0,0,0.0,-72.97
192,193259.37,264.75,45.75,61,-48.0,22.96,0.13,14.12,1,2,0,0,128,88,0,0,1,0,193259.37,0.0,0,148.48,0.0,50.0,0.0,2.22,0.0,0.0,60.0,60.0,0,0,0,0.0,-72.97
193,208318.55,2016.72,45.75,61,-48.0,22.96,0.14,14.12,0,2,4,0,148,88,0,0,1,2,208318.55,0.0,0,232.45,0.0,50.0,0.0,2.22,0.0,0.0,60.0,60.0,0,0,0,0.0,-72.97
194,213338.27,0.62,46.5,61,-48.0,22.49,0.13,14.22,0,2,0,0,159,87,0,0,1,0,213338.27,0.0,0,239.62,0.0,50.0,0.0,2.2,0.0,0.0,60.0,60.0,0,0,0,0.0,-72.97
195,214593.2,328.62,46.5,61,-48.0,22.49,0.13,14.12,1,0,4,0,156,87,0,0,1,0,214593.2,0.0,0,242.69,0.0,50.0,0.0,2.22,0.0,0.0,60.0,60.0,0,0,0,0.0,-72.97
196,181964.99,1793.38,46.5,61,-48.0,41.71,0.32,14.12,1,2,4,0,176,88,0,0,0,0,181964.99,0.0,0,228.35,0.0,50.0,0.0,2.22,0.0,0.0,60.0,60.0,0,0,0,0.0,-74.28
197,151846.65,1233.09,46.5,61,-48.0,43.58,0.34,14.02,1,0,0,0,190,88,0,0,0,0,151846.65,0.0,0,191.49,0.0,50.0,0.0,2.24,0.0,0.0,60.0,60.0,0,0,0,0.0,-73.95
198,163141.03,721.47,46.5,61,-48.0,51.55,0.48,14.12,0,0,4,0,188,88,0,0,1,0,163141.03,0.0,0,192.51,0.0,50.0,0.0,2.22,0.0,0.0,60.0,60.0,0,0,0,0.0,-74.6
199,154356.51,753.59,46.5,61,-48.0,56.7,0.6,14.22,0,2,4,0,177,88,0,0,1,0,154356.51,0.0,0,187.39,0.0,50.0,0.0,2.2,0.0,0.0,60.0,60.0,0,0,0,0.0,-74.28
200,146826.93,345.5,46.5,61,-48.0,56.7,0.61,14.02,1,2,0,0,51,87,0,0,0,2,146826.93,0.0,0,194.56,0.0,50.0,0.0,2.24,0.0,0.0,60.0,60.0,0,0,0,0.0,-73.95
201,146826.93,369.5,46.5,61,-48.0,57.17,0.63,14.02,1,0,0,0,14,87,0,0,0,2,146826.93,0.0,0,210.94,0.0,50.0,0.0,2.24,0.0,0.0,60.0,60.0,0,0,0,0.0,-73.95
202,145572.0,1169.44,46.5,61,-48.0,58.11,0.64,14.12,1,2,0,0,15,87,0,0,0,2,145572.0,0.0,0,219.14,0.0,50.0,0.0,2.22,0.0,0.0,60.0,60.0,0,0,0,0.0,-73.95
203,144317.07,497.41,46.5,61,-48.0,59.05,0.66,14.12,0,2,0,0,15,88,0,0,1,0,144317.07,0.0,0,225.28,0.0,50.0,0.0,2.22,0.0,0.0,60.0,60.0,0,0,0,0.0,-73.95
204,144317.07,1185.41,46.5,61,-48.0,59.52,0.68,13.92,0,2,4,0,16,87,0,0,1,0,144317.07,0.0,0,230.4,0.0,50.0,0.0,2.27,0.0,0.0,60.0,60.0,0,0,0,0.0,-73.95
205,143062.13,393.38,46.5,61,-48.0,59.98,0.69,14.02,1,2,0,0,19,88,0,0,1,0,143062.13,0.0,0,233.47,0.0,50.0,0.0,2.24,0.0,0.0,60.0,60.0,0,0,0,0.0,-73.95
206,143062.13,1129.38,46.5,61,-48.0,60.45,0.7,14.12,1,2,0,0,29,87,0,0,1,0,143062.13,0.0,0,235.52,0.0,50.0,0.0,2.22,0.0,0.0,60.0,60.0,0,0,0,0.0,-73.95
207,144317.07,161.44,47.25,61,-48.0,60.45,0.69,14.12,1,2,4,0,125,87,0,0,1,0,144317.07,0.0,0,224.26,0.0,50.0,0.0,2.22,0.0,0.0,60.0,60.0,0,0,0,0.0,-73.95
208,148081.86,921.59,47.25,61,-48.0,59.52,0.68,14.02,0,0,4,0,146,87,0,0,1,2,148081.86,0.0,0,188.42,0.0,50.0,0.0,2.24,0.0,0.0,60.0,60.0,0,0,0,0.0,-74.28
209,149336.79,889.59,47.25,61,-48.0,58.58,0.66,14.02,1,0,4,0,102,87,0,0,1,2,149336.79,0.0,0,184.32,0.0,50.0,0.0,2.24,0.0,0.0,60.0,60.0,0,0,0,0.0,-73.95
210,148081.86,1313.59,47.25,61,-48.0,59.05,0.66,14.12,1,2,0,0,14,88,0,0,1,2,148081.86,0.0,0,188.42,0.0,50.0,0.0,2.22,0.0,0.0,60.0,60.0,0,0,0,0.0,-74.28
211,149336.79,1185.62,47.25,61,-48.0,60.92,0.7,14.22,1,0,4,0,14,87,0,0,1,2,149336.79,0.0,0,190.46,0.0,50.0,0.0,2.2,0.0,0.0,60.0,60.0,0,0,0,0.0,-74.28
212,149336.79,1481.75,47.25,61,-48.0,62.8,0.77,14.02,0,0,4,0,17,87,0,0,1,2,149336.79,0.0,0,192.51,0.0,50.0,0.0,2.24,0.0,0.0,60.0,60.0,0,0,0,0.0,-74.6
213,149336.79,377.72,47.25,61,-48.0,64.2,0.79,14.02,0,2,0,0,19,88,0,0,1,2,149336.79,0.0,0,193.54,0.0,50.0,0.0,2.24,0.0,0.0,60.0,60.0,0,0,0,0.0,-74.6
214,150591.72,1937.78,47.25,61,-48.0,64.67,0.83,14.12,0,2,0,0,28,88,0,0,0,0,150591.72,0.0,0,197.63,0.0,50.0,0.0,2.22,0.0,0.0,60.0,60.0,0,0,0,0.0,-74.6
215,149336.79,801.75,47.25,61,-48.0,65.14,0.83,14.12,0,0,0,0,157,87,0,0,1,2,149336.79,0.0,0,201.73,0.0,50.0,0.0,2.22,0.0,0.0,60.0,60.0,0,0,0,0.0,-74.6
216,148081.86,41.72,47.25,61,-48.0,65.14,0.82,14.02,1,0,0,0,176,88,0,0,1,2,148081.86,0.0,0,206.85,0.0,50.0,0.0,2.24,0.0,0.0,60.0,60.0,0,0,0,0.0,-74.6
217,148081.86,1705.69,47.25,61,-48.0,65.14,0.82,14.02,0,0,0,0,176,87,0,0,1,2,148081.86,0.0,0,210.94,0.0,50.0,0.0,2.24,0.0,0.0,60.0,60.0,0,0,0,0.0,-74.6
218,145572.0,1449.66,47.25,61,-48.0,64.2,0.82,14.12,0,0,4,0,172,87,0,0,0,2,145572.0,0.0,0,216.06,0.0,50.0,0.0,2.22,0.0,0.0,60.0,60.0,0,0,0,0.0,-74.28
219,144317.07,393.59,47.25,61,-48.0,63.26,0.78,14.12,1,0,0,0,175,87,0,0,1,0,144317.07,0.0,0,220.16,0.0,50.0,0.0,2.22,0.0,0.0,60.0,60.0,0,0,0,0.0,-74.28
220,143062.13,1161.53,47.25,61,-48.0,62.8,0.76,14.02,0,0,0,0,173,87,0,0,1,0,143062.13,0.0,0,224.26,0.0,50.0,0.0,2.24,0.0,0.0,60.0,60.0,0,0,0,0.0,-73.95
221,143062.13,593.34,47.25,61,-48.0,58.58,0.67,14.02,0,2,0,0,173,87,0,0,1,0,143062.13,0.0,0,229.38,0.0,50.0,0.0,2.24,0.0,0.0,60.0,60.0,0,0,0,0.0,-73.62
222,141807.2,1657.31,47.25,61,-48.0,58.58,0.66,14.12,0,2,0,0,177,88,0,0,0,0,141807.2,0.0,0,234.5,0.0,50.0,0.0,2.22,0.0,0.0,60.0,60.0,0,0,0,0.0,-73.62
223,141807.2,417.28,47.25,61,-48.0,58.58,0.65,14.12,1,0,0,0,167,87,0,0,0,0,141807.2,0.0,0,237.57,0.0,50.0,0.0,2.22,0.0,0.0,60.0,60.0,0,0,0,0.0,-73.62
224,144317.07,609.41,47.25,61,-48.0,58.58,0.66,14.12,0,2,4,0,149,87,0,0,1,0,144317.07,0.0,0,221.18,0.0,50.0,0.0,2.22,0.0,0.0,60.0,60.0,0,0,0,0.0,-73.62
225,148081.86,1425.53,48.0,61,-48.0,57.17,0.62,14.02,1,0,0,0,59,87,0,0,1,2,148081.86,0.0,0,201.73,0.0,50.0,0.0,2.24,0.0,0.0,60.0,60.0,0,0,0,0.0,-73.95
226,148081.86,1873.5,48.0,61,-48.0,56.7,0.62,14.12,1,0,0,0,20,88,0,0,1,2,148081.86,0.0,0,197.63,0.0,50.0,0.0,2.22,0.0,0.0,60.0,60.0,0,0,0,0.0,-73.95
227,146826.93,681.47,48.0,61,-48.0,57.17,0.61,14.12,1,0,0,0,16,87,0,0,0,2,146826.93,0.0,0,197.63,0.0,50.0,0.0,2.22,0.0,0.0,60.0,60.0,0,0,0,0.0,-73.95
228,146826.93,1345.47,48.0,61,-48.0,56.7,0.61,14.12,0,0,0,0,17,88,0,0,0,2,146826.93,0.0,0,199.68,0.0,50.0,0.0,2.22,0.0,0.0,60.0,60.0,0,0,0,0.0,-73.95
229,145572.0,1137.28,48.0,61,-48.0,53.42,0.53,14.12,0,2,4,0,19,89,0,0,0,2,145572.0,0.0,0,200.7,0.0,50.0,0.0,2.22,0.0,0.0,60.0,60.0,0,0,0,0.0,-73.95
230,140552.27,961.0,48.0,61,-48.0,46.39,0.4,14.22,1,0,0,0,176,87,0,0,0,0,140552.27,0.0,0,212.99,0.0,50.0,0.0,2.2,0.0,0.0,60.0,60.0,0,0,0,0.0,-73.3
231,139297.34,369.0,48.0,61,-48.0,44.99,0.38,14.22,0,0,0,0,182,87,0,0,1,2,139297.34,0.0,0,225.28,0.0,50.0,0.0,2.2,0.0,0.0,60.0,60.0,0,0,0,0.0,-73.3
232,139297.34,1705.0,48.0,61,-48.0,44.99,0.37,14.02,0,2,4,0,183,88,0,0,1,2,139297.34,0.0,0,227.33,0.0,50.0,0.0,2.24,0.0,0.0,60.0,60.0,0,0,0,0.0,-73.3
233,139297.34,905.0,48.0,61,-48.0,45.46,0.38,14.12,1,2,4,0,181,88,0,0,1,2,139297.34,0.0,0,228.35,0.0,50.0,0.0,2.22,0.0,0.0,60.0,60.0,0,0,0,0.0,-73.3
234,135532.55,1560.81,48.0,61,-48.0,40.3,0.3,14.12,1,2,4,0,180,88,0,0,0,2,135532.55,0.0,0,233.47,0.0,50.0,0.0,2.22,0.0,0.0,60.0,60.0,0,0,0,0.0,-72.97
235,135532.55,1416.81,48.0,61,-48.0,40.3,0.29,14.12,0,0,4,0,180,87,0,0,0,2,135532.55,0.0,0,237.57,0.0,50.0,0.0,2.22,0.0,0.0,60.0,60.0,0,0,0,0.0,-72.97
236,134277.62,1760.53,48.75,60,-48.0,29.05,0.19,14.22,0,0,0,0,179,88,0,0,1,0,134277.62,0.0,0,240.64,0.0,50.0,0.0,2.2,0.0,0.0,60.0,60.0,0,0,0,0.0,-72.97
237,151846.65,2000.47,48.75,60,-48.0,27.65,0.16,14.02,0,2,4,0,184,87,0,0,0,0,151846.65,0.0,0,253.95,0.0,50.0,0.0,2.24,0.0,0.0,60.0,60.0,0,0,0,0.0,-72.65
238,171925.55,24.47,48.75,60,-48.0,25.77,0.15,14.12,1,2,0,0,185,88,0,0,0,0,171925.55,0.0,0,261.12,0.0,50.0,0.0,2.22,0.0,0.0,60.0,60.0,0,0,0,0.0,-72.65
239,189494.58,152.47,48.75,60,-48.0,26.24,0.16,14.12,0,2,0,0,183,88,0,0,1,2,189494.58,0.0,0,261.12,0.0,50.0,0.0,2.22,0.0,0.0,60.0,60.0,0,0,0,0.0,-72.65
240,198279.1,480.5,48.75,60,-48.0,26.71,0.16,14.12,1,0,0,0,181,88,0,0,1,2,198279.1,0.0,0,261.12,0.0,50.0,0.0,2.22,0.0,0.0,60.0,60.0,0,0,0,0.0,-72.65
241,197024.17,592.5,48.75,60,-48.0,26.24,0.15,14.02,1,0,4,0,180,88,0,0,0,2,197024.17,0.0,0,261.12,0.0,50.0,0.0,2.24,0.0,0.0,60.0,60.0,0,0,0,0.0,-72.65
242,197024.17,1032.5,48.75,60,-48.0,26.24,0.16,14.22,1,2,0,0,180,88,0,0,0,2,197024.17,0.0,0,261.12,0.0,50.0,0.0,2.2,0.0,0.0,60.0,60.0,0,0,0,0.0,-72.65
243,197024.17,1320.5,48.75,61,-48.0,25.77,0.16,14.22,1,2,0,0,179,87,0,0,0,2,197024.17,0.0,0,261.12,0.0,50.0,0.0,2.2,0.0,0.0,60.0,60.0,0,0,0,0.0,-72.65
244,195769.24,1432.53,48.75,61,-48.0,26.24,0.16,14.02,1,2,0,0,178,88,0,0,0,2,195769.24,0.0,0,261.12,0.0,50.0,0.0,2.24,0.0,0.0,60.0,60.0,0,0,0,0.0,-72.65
245,195769.24,1552.5,49.5,61,-48.0,25.77,0.15,14.02,0,0,0,0,176,87,0,0,0,2,195769.24,0.0,0,261.12,0.0,50.0,0.0,2.24,0.0,0.0,60.0,60.0,0,0,0,0.0,-72.65
246,200788.96,1536.5,49.5,61,-48.0,24.84,0.15,14.22,1,2,4,0,172,88,0,0,0,0,200788.96,0.0,0,261.12,0.0,50.0,0.0,2.2,0.0,0.0,60.0,60.0,0,0,0,0.0,-72.65
247,225887.58,208.53,49.5,61,-48.0,25.77,0.15,14.12,1,0,4,0,165,87,0,0,0,2,225887.58,0.0,0,261.12,0.0,50.0,0.0,2.22,0.0,0.0,60.0,60.0,0,0,0,0.0,-72.65
248,222122.79,496.53,49.5,61,-48.0,23.9,0.14,14.12,0,2,0,0,160,87,0,0,0,0,222122.79,0.0,0,261.12,0.0,50.0,0.0,2.22,0.0,0.0,60.0,60.0,0,0,0,0.0,-72.65
249,222122.79,480.53,49.5,61,-48.0,23.43,0.14,14.02,0,2,0,0,158,88,0,0,0,0,222122.79,0.0,0,261.12,0.0,50.0,0.0,2.24,0.0,0.0,60.0,60.0,0,0,0,0.0,-72.65
250,222122.79,376.53,49.5,61,-48.0,23.43,0.14,14.12,0,0,0,0,148,88,0,0,0,0,222122.79,0.0,0,261.12,0.0,50.0,0.0,2.22,0.0,0.0,60.0,60.0,0,0,0,0.0,-72.65
251,222122.79,744.53,49.5,61,-48.0,23.43,0.14,14.12,1,2,0,0,114,87,0,0,0,0,222122.79,0.0,0,261.12,0.0,50.0,0.0,2.22,0.0,0.0,60.0,60.0,0,0,0,0.0,-72.65
252,222122.79,680.53,49.5,61,-48.0,22.96,0.13,14.12,1,0,4,0,56,88,0,0,0,0,222122.79,0.0,0,261.12,0.0,50.0,0.0,2.22,0.0,0.0,60.0,60.0,0,0,0,0.0,-72.65
253,222122.79,816.53,49.5,61,-48.0,22.96,0.13,14.02,0,2,0,0,32,88,0,0,0,0,222122.79,0.0,0,261.12,0.0,50.0,0.0,2.24,0.0,0.0,60.0,60.0,0,0,0,0.0,-72.65
254,222122.79,1056.53,49.5,61,-48.0,22.96,0.13,14.12,1,0,4,0,26,88,0,0,0,0,222122.79,0.0,0,261.12,0.0,50.0,0.0,2.22,0.0,0.0,60.0,60.0,0,0,0,0.0,-72.65
255,220867.86,1384.56,49.5,61,-48.0,23.43,0.14,14.22,0,0,4,0,21,87,0,0,0,0,220867.86,0.0,0,261.12,0.0,50.0,0.0,2.2,0.0,0.0,60.0,60.0,0,0,0,0.0,-72.65
256,222122.79,1032.53,50.25,61,-48.0,22.49,0.13,14.12,0,2,4,0,19,87,0,0,0,0,222122.79,0.0,0,261.12,0.0,50.0,0.0,2.22,0.0,0.0,60.0,60.0,0,0,0,0.0,-72.65
257,222122.79,1072.53,50.25,61,-48.0,23.43,0.14,14.02,1,2,4,0,18,87,0,0,0,0,222122.79,0.0,0,261.12,0.0,50.0,0.0,2.24,0.0,0.0,60.0,60.0,0,0,0,0.0,-72.65
258,220867.86,1328.53,50.25,61,-48.0,22.96,0.13,14.02,1,2,0,0,18,87,0,0,0,0,220867.86,0.0,0,261.12,0.0,50.0,0.0,2.24,0.0,0.0,60.0,60.0,0,0,0,0.0,-72.65
259,220867.86,1696.56,50.25,61,-48.0,22.96,0.13,14.12,1,0,4,0,17,88,0,0,0,0,220867.86,0.0,0,261.12,0.0,50.0,0.0,2.22,0.0,0.0,60.0,60.0,0,0,0,0.0,-72.65
260,220867.86,1680.53,50.25,61,-48.0,22.03,0.13,14.12,1,0,0,0,16,88,0,0,0,0,220867.86,0.0,0,261.12,0.0,50.0,0.0,2.22,0.0,0.0,60.0,60.0,0,0,0,0.0,-72.65
261,219612.92,1728.53,50.25,61,-48.0,22.49,0.13,14.02,0,2,4,0,18,87,0,0,1,2,219612.92,0.0,0,261.12,0.0,50.0,0.0,2.24,0.0,0.0,60.0,60.0,0,0,0,0.0,-72.65
262,219612.92,1912.56,50.25,61,-48.0,22.96,0.13,14.02,1,0,0,0,22,88,0,0,1,2,219612.92,0.0,0,261.12,0.0,50.0,0.0,2.24,0.0,0.0,60.0,60.0,0,0,0,0.0,-72.65
263,220867.86,1880.53,50.25,61,-48.0,22.49,0.13,14.12,1,0,4,0,23,88,0,0,0,0,220867.86,0.0,0,261.12,0.0,50.0,0.0,2.22,0.0,0.0,60.0,60.0,0,0,0,0.0,-72.65
264,219612.92,1984.53,50.25,61,-48.0,21.56,0.13,14.12,1,2,0,0,23,88,0,0,1,2,219612.92,0.0,0,261.12,0.0,50.0,0.0,2.22,0.0,0.0,60.0,60.0,0,0,0,0.0,-72.65
265,218357.99,120.56,50.25,61,-48.0,22.49,0.13,14.02,1,2,4,0,22,88,0,0,1,2,218357.99,0.0,0,261.12,0.0,50.0,0.0,2.24,0.0,0.0,60.0,60.0,0,0,0,0.0,-72.65
266,219612.92,440.56,50.25,61,-48.0,22.96,0.13,14.02,0,2,0,0,19,88,0,0,1,2,219612.92,0.0,0,261.12,0.0,50.0,0.0,2.24,0.0,0.0,60.0,60.0,0,0,0,0.0,-72.65
267,219612.92,856.59,51.0,61,-48.0,23.43,0.14,14.12,0,0,0,0,19,88,0,0,1,2,219612.92,0.0,0,261.12,0.0,50.0,0.0,2.22,0.0,0.0,60.0,60.0,0,0,0,0.0,-72.65
268,219612.92,1088.56,51.0,61,-48.0,22.03,0.13,14.22,0,0,0,0,21,87,0,0,1,2,219612.92,0.0,0,261.12,0.0,50.0,0.0,2.2,0.0,0.0,60.0,60.0,0,0,0,0.0,-72.65
269,219612.92,648.53,51.0,61,-48.0,21.56,0.12,14.12,1,2,4,0,71,87,0,0,1,2,219612.92,0.0,0,261.12,0.0,50.0,0.0,2.22,0.0,0.0,60.0,60.0,0,0,0,0.0,-72.65
270,218357.99,944.56,51.0,61,-48.0,22.49,0.13,14.12,1,2,0,0,148,88,0,0,1,2,218357.99,0.0,0,261.12,0.0,50.0,0.0,2.22,0.0,0.0,60.0,60.0,0,0,0,0.0,-72.65
271,217103.06,1456.56,51.0,61,-48.0,21.56,0.13,14.22,0,0,0,0,165,88,0,0,0,2,217103.06,0.0,0,261.12,0.0,50.0,0.0,2.2,0.0,0.0,60.0,60.0,0,0,0,0.0,-72.65
272,217103.06,1856.59,51.0,61,-48.0,21.56,0.13,14.02,0,0,0,0,169,87,0,0,0,2,217103.06,0.0,0,261.12,0.0,50.0,0.0,2.24,0.0,0.0,60.0,60.0,0,0,0,0.0,-72.65
273,214593.2,752.62,51.0,61,-48.0,22.49,0.13,14.02,1,0,0,0,165,88,0,0,1,0,214593.2,0.0,0,261.12,0.0,50.0,0.0,2.24,0.0,0.0,60.0,60.0,0,0,0,0.0,-72.65
274,215848.13,1560.62,51.0,61,-48.0,22.49,0.13,14.12,0,0,4,0,154,88,0,0,0,2,215848.13,0.0,0,258.05,0.0,50.0,0.0,2.22,0.0,0.0,60.0,60.0,0,0,0,0.0,-72.65
275,214593.2,24.62,51.0,61,-48.0,21.56,0.13,14.12,0,2,0,0,86,88,0,0,1,0,214593.2,0.0,0,254.98,0.0,50.0,0.0,2.22,0.0,0.0,60.0,60.0,0,0,0,0.0,-72.65
276,214593.2,232.62,51.0,61,-48.0,22.49,0.13,13.92,1,0,4,0,37,87,0,0,1,0,214593.2,0.0,0,246.78,0.0,50.0,0.0,2.27,0.0,0.0,60.0,60.0,0,0,0,0.0,-72.65
277,212083.34,832.66,51.0,61,-48.0,21.56,0.13,14.02,1,0,0,0,26,88,0,0,0,0,212083.34,0.0,0,247.81,0.0,50.0,0.0,2.24,0.0,0.0,60.0,60.0,0,0,0,0.0,-72.65
278,212083.34,1752.66,51.0,61,-48.0,22.49,0.13,14.12,0,2,0,0,26,87,0,0,0,0,212083.34,0.0,0,242.69,0.0,50.0,0.0,2.22,0.0,0.0,60.0,60.0,0,0,0,0.0,-72.65
279,212083.34,280.66,51.0,61,-48.0,22.03,0.13,14.02,1,2,0,0,32,88,0,0,0,0,212083.34,0.0,0,237.57,0.0,50.0,0.0,2.24,0.0,0.0,60.0,60.0,0,0,0,0.0,-72.97
280,210828.41,736.69,51.0,61,-48.0,22.49,0.13,14.12,0,2,4,0,101,88,0,0,0,0,210828.41,0.0,0,229.38,0.0,50.0,0.0,2.22,0.0,0.0,60.0,60.0,0,0,0,0.0,-72.97
281,210828.41,1376.69,51.0,61,-48.0,22.49,0.13,14.12,0,0,4,0,162,88,0,0,0,0,210828.41,0.0,0,222.21,0.0,50.0,0.0,2.22,0.0,0.0,60.0,60.0,0,0,0,0.0,-72.97
282,208318.55,1968.69,51.0,61,-48.0,21.56,0.13,14.12,0,2,0,0,171,87,0,0,1,2,208318.55,0.0,0,218.11,0.0,50.0,0.0,2.22,0.0,0.0,60.0,60.0,0,0,0,0.0,-72.97
283,204553.75,648.69,51.0,61,-48.0,21.56,0.13,14.02,0,0,4,0,169,87,0,0,1,0,204553.75,0.0,0,212.99,0.0,50.0,0.0,2.24,0.0,0.0,60.0,60.0,0,0,0,0.0,-72.97
284,204553.75,1432.72,51.0,61,-48.0,22.03,0.13,14.22,0,0,0,0,160,87,0,0,1,0,204553.75,0.0,0,199.68,0.0,50.0,0.0,2.2,0.0,0.0,60.0,60.0,0,0,0,0.0,-72.97
285,204553.75,0.72,51.75,61,-48.0,22.03,0.13,14.12,0,2,0,0,139,88,0,0,1,0,204553.75,0.0,0,189.44,0.0,50.0,0.0,2.22,0.0,0.0,60.0,60.0,0,0,0,0.0,-72.97
286,202043.89,600.75,51.75,61,-48.0,22.49,0.13,14.02,0,2,0,0,54,88,0,0,0,0,202043.89,0.0,0,178.18,0.0,50.0,0.0,2.24,0.0,0.0,60.0,60.0,0,0,0,0.0,-72.97
287,204553.75,856.69,51.75,61,-48.0,21.56,0.12,13.92,1,2,0,0,26,87,0,0,1,0,204553.75,0.0,0,164.86,0.0,50.0,0.0,2.27,0.0,0.0,60.0,60.0,0,0,0,0.0,-72.97
288,203298.82,776.72,51.75,61,-48.0,21.56,0.12,14.02,1,2,4,0,18,88,0,0,1,0,203298.82,0.0,0,154.62,0.0,50.0,0.0,2.24,0.0,0.0,60.0,60.0,0,0,0,0.0,-72.97
289,202043.89,624.72,51.75,61,-48.0,21.56,0.12,14.02,1,2,0,0,17,87,0,0,0,0,202043.89,0.0,0,144.38,0.0,50.0,0.0,2.24,0.0,0.0,60.0,60.0,0,0,0,0.0,-72.97
290,205808.68,608.69,51.75,61,-48.0,21.09,0.12,14.12,0,0,4,0,18,87,0,0,0,2,205808.68,0.0,0,217.09,0.0,50.0,0.0,2.22,0.0,0.0,60.0,60.0,0,0,0,0.0,-72.97
291,213338.27,1248.62,51.75,61,-48.0,22.49,0.12,14.02,0,2,4,0,19,87,0,0,1,0,213338.27,0.0,0,235.52,0.0,50.0,0.0,2.24,0.0,0.0,60.0,60.0,0,0,0,0.0,-72.97
292,214593.2,1440.62,51.75,61,-48.0,22.03,0.13,14.12,0,2,0,0,20,87,0,0,1,0,214593.2,0.0,0,241.66,0.0,50.0,0.0,2.22,0.0,0.0,60.0,60.0,0,0,0,0.0,-72.97
293,215848.13,1928.59,51.75,61,-48.0,21.56,0.13,14.12,0,0,4,0,22,88,0,0,0,2,215848.13,0.0,0,236.54,0.0,50.0,0.0,2.22,0.0,0.0,60.0,60.0,0,0,0,0.0,-72.97
294,212083.34,1624.66,51.75,61,-48.0,21.56,0.13,13.92,0,0,0,0,24,88,0,0,0,0,212083.34,0.0,0,231.42,0.0,50.0,0.0,2.27,0.0,0.0,60.0,60.0,0,0,0,0.0,-72.97
295,209573.48,248.69,51.75,61,-48.0,21.09,0.13,14.02,1,2,4,0,60,88,0,0,1,2,209573.48,0.0,0,219.14,0.0,50.0,0.0,2.24,0.0,0.0,60.0,60.0,0,0,0,0.0,-72.97
296,204553.75,1936.72,51.75,61,-48.0,22.49,0.13,14.12,0,2,4,0,118,87,0,0,1,0,204553.75,0.0,0,216.06,0.0,50.0,0.0,2.22,0.0,0.0,60.0,60.0,0,0,0,0.0,-72.97
297,207063.61,392.72,51.75,61,-48.0,22.49,0.13,14.22,0,0,4,0,139,88,0,0,0,2,207063.61,0.0,0,214.02,0.0,50.0,0.0,2.2,0.0,0.0,60.0,60.0,0,0,0,0.0,-72.97
298,190749.51,1049.19,52.5,61,-48.0,35.15,0.24,14.02,0,2,4,0,164,88,0,0,0,0,190749.51,0.0,0,201.73,0.0,50.0,0.0,2.24,0.0,0.0,60.0,60.0,0,0,0,0.0,-73.95
299,171925.55,33.16,52.5,61,-48.0,41.24,0.29,14.12,1,2,0,0,189,88,0,0,0,0,171925.55,0.0,0,172.03,0.0,50.0,0.0,2.22,0.0,0.0,60.0,60.0,0,0,0,0.0,-73.95
300,166905.82,1609.72,52.5,61,-48.0,54.36,0.56,14.12,0,2,0,0,185,88,0,0,0,2,166905.82,0.0,0,153.6,0.0,50.0,0.0,2.22,0.0,0.0,60.0,60.0,0,0,0,0.0,-74.92
301,149336.79,913.44,52.5,61,-48.0,54.36,0.55,14.12,1,0,0,0,173,87,0,0,1,2,149336.79,0.0,0,148.48,0.0,50.0,0.0,2.22,0.0,0.0,60.0,60.0,0,0,0,0.0,-74.28
302,149336.79,1625.47,52.5,61,-48.0,55.77,0.58,14.12,1,0,4,0,44,87,0,0,1,2,149336.79,0.0,0,174.08,0.0,50.0,0.0,2.22,0.0,0.0,60.0,60.0,0,0,0,0.0,-74.28
303,155611.44,1377.84,52.5,61,-48.0,63.73,0.79,14.22,1,0,0,0,13,88,0,0,0,2,155611.44,0.0,0,188.42,0.0,50.0,0.0,2.2,0.0,0.0,60.0,60.0,0,0,0,0.0,-74.6
304,150591.72,1497.78,52.5,61,-48.0,64.2,0.82,14.12,1,0,0,0,12,88,0,0,0,0,150591.72,0.0,0,197.63,0.0,50.0,0.0,2.22,0.0,0.0,60.0,60.0,0,0,0,0.0,-74.6
305,149336.79,89.75,52.5,61,-48.0,65.61,0.84,14.12,1,2,4,0,13,88,0,0,1,2,149336.79,0.0,0,208.9,0.0,50.0,0.0,2.22,0.0,0.0,60.0,60.0,0,0,0,0.0,-74.6
306,146826.93,1393.72,52.5,61,-48.0,66.55,0.87,14.02,1,2,0,0,13,88,0,0,0,2,146826.93,0.0,0,218.11,0.0,50.0,0.0,2.24,0.0,0.0,60.0,60.0,0,0,0,0.0,-74.6
307,143062.13,857.69,52.5,61,-48.0,67.01,0.9,14.02,0,2,0,0,15,88,0,0,1,0,143062.13,0.0,0,227.33,0.0,50.0,0.0,2.24,0.0,0.0,60.0,60.0,0,0,0,0.0,-74.28
308,136787.48,2033.59,52.5,61,-48.0,67.01,0.9,14.22,1,0,0,0,23,87,0,0,0,2,136787.48,0.0,0,232.45,0.0,50.0,0.0,2.2,0.0,0.0,60.0,60.0,0,0,0,0.0,-74.28
309,134277.62,753.59,52.5,61,-48.0,67.48,0.93,14.12,1,0,4,0,155,88,0,0,1,0,134277.62,0.0,0,235.52,0.0,50.0,0.0,2.22,0.0,0.0,60.0,60.0,0,0,0,0.0,-74.28
310,135532.55,689.62,52.5,61,-48.0,67.95,0.95,14.02,1,2,4,0,174,87,0,0,0,2,135532.55,0.0,0,233.47,0.0,50.0,0.0,2.24,0.0,0.0,60.0,60.0,0,0,0,0.0,-74.28
311,148081.86,1353.78,52.5,61,-48.0,67.95,0.91,14.12,1,2,4,0,167,88,0,0,1,2,148081.86,0.0,0,208.9,0.0,50.0,0.0,2.22,0.0,0.0,60.0,60.0,0,0,0,0.0,-74.28
312,151846.65,89.81,53.25,61,-48.0,66.55,0.86,14.12,1,0,4,0,40,88,0,0,0,0,151846.65,0.0,0,183.3,0.0,50.0,0.0,2.22,0.0,0.0,60.0,60.0,0,0,0,0.0,-74.6
313,151846.65,1873.81,53.25,61,-48.0,66.55,0.86,14.22,1,2,4,0,20,88,0,0,0,0,151846.65,0.0,0,191.49,0.0,50.0,0.0,2.2,0.0,0.0,60.0,60.0,0,0,0,0.0,-74.6
314,150591.72,713.78,53.25,61,-48.0,67.01,0.87,14.02,0,2,0,0,77,87,0,0,0,0,150591.72,0.0,0,196.61,0.0,50.0,0.0,2.24,0.0,0.0,60.0,60.0,0,0,0,0.0,-74.6
315,149336.79,41.81,53.25,61,-48.0,67.48,0.89,14.22,0,2,0,0,169,88,0,0,1,2,149336.79,0.0,0,201.73,0.0,50.0,0.0,2.2,0.0,0.0,60.0,60.0,0,0,0,0.0,-74.6
316,149336.79,577.81,53.25,61,-48.0,67.01,0.9,14.22,1,2,4,0,172,88,0,0,1,2,149336.79,0.0,0,205.82,0.0,50.0,0.0,2.2,0.0,0.0,60.0,60.0,0,0,0,0.0,-74.6
317,148081.86,1897.78,53.25,61,-48.0,67.48,0.9,14.12,1,2,4,0,164,88,0,0,1,2,148081.86,0.0,0,210.94,0.0,50.0,0.0,2.22,0.0,0.0,60.0,60.0,0,0,0,0.0,-74.6
318,148081.86,169.81,53.25,61,-48.0,67.95,0.93,14.22,0,2,0,0,148,88,0,0,1,2,148081.86,0.0,0,216.06,0.0,50.0,0.0,2.2,0.0,0.0,60.0,60.0,0,0,0,0.0,-74.6
319,145572.0,1409.78,53.25,61,-48.0,67.95,0.94,14.22,0,2,0,0,128,87,0,0,0,2,145572.0,0.0,0,220.16,0.0,50.0,0.0,2.2,0.0,0.0,60.0,60.0,0,0,0,0.0,-74.28
320,145572.0,225.75,53.25,61,-48.0,67.95,0.93,14.12,1,2,0,0,24,88,0,0,0,2,145572.0,0.0,0,222.21,0.0,50.0,0.0,2.22,0.0,0.0,60.0,60.0,0,0,0,0.0,-74.6
321,143062.13,1953.72,53.25,61,-48.0,67.95,0.93,14.02,1,2,4,0,128,87,0,0,1,0,143062.13,0.0,0,223.23,0.0,50.0,0.0,2.24,0.0,0.0,60.0,60.0,0,0,0,0.0,-74.6
322,141807.2,1833.69,53.25,61,-48.0,67.95,0.92,14.12,1,2,4,0,171,87,0,0,0,0,141807.2,0.0,0,226.3,0.0,50.0,0.0,2.22,0.0,0.0,60.0,60.0,0,0,0,0.0,-74.28
323,138042.41,1873.59,53.25,61,-48.0,66.08,0.88,14.22,0,0,4,0,176,88,0,0,1,2,138042.41,0.0,0,229.38,0.0,50.0,0.0,2.2,0.0,0.0,60.0,60.0,0,0,0,0.0,-74.28
324,138042.41,1881.44,53.25,61,-48.0,63.73,0.8,14.12,1,0,4,0,177,87,0,0,1,2,138042.41,0.0,0,233.47,0.0,50.0,0.0,2.22,0.0,0.0,60.0,60.0,0,0,0,0.0,-73.95
325,135532.55,865.31,53.25,61,-48.0,61.86,0.73,14.02,0,0,4,0,178,88,0,0,0,2,135532.55,0.0,0,237.57,0.0,50.0,0.0,2.24,0.0,0.0,60.0,60.0,0,0,0,0.0,-73.62
326,136787.48,953.31,53.25,61,-48.0,61.39,0.71,14.22,0,0,4,0,177,87,0,0,0,2,136787.48,0.0,0,238.59,0.0,50.0,0.0,2.2,0.0,0.0,60.0,60.0,0,0,0,0.0,-73.62
327,144317.07,225.5,53.25,61,-48.0,60.45,0.7,14.12,1,2,0,0,158,88,0,0,1,0,144317.07,0.0,0,221.18,0.0,50.0,0.0,2.22,0.0,0.0,60.0,60.0,0,0,0,0.0,-73.62
328,146826.93,465.53,53.25,61,-48.0,59.05,0.66,14.02,0,2,4,0,60,87,0,0,0,2,146826.93,0.0,0,207.87,0.0,50.0,0.0,2.24,0.0,0.0,60.0,60.0,0,0,0,0.0,-73.95
329,146826.93,2001.44,53.25,61,-48.0,57.64,0.62,14.12,1,2,4,0,19,88,0,0,0,2,146826.93,0.0,0,209.92,0.0,50.0,0.0,2.22,0.0,0.0,60.0,60.0,0,0,0,0.0,-73.95
330,145572.0,1345.44,53.25,61,-48.0,57.64,0.62,14.22,0,2,4,0,15,88,0,0,0,2,145572.0,0.0,0,210.94,0.0,50.0,0.0,2.2,0.0,0.0,60.0,60.0,0,0,0,0.0,-73.95
331,145572.0,937.25,54.0,61,-48.0,53.42,0.54,14.22,0,0,0,0,20,87,0,0,0,2,145572.0,0.0,0,212.99,0.0,50.0,0.0,2.2,0.0,0.0,60.0,60.0,0,0,0,0.0,-73.95
332,140552.27,81.16,54.0,61,-48.0,51.08,0.48,14.02,1,0,4,0,163,88,0,0,0,0,140552.27,0.0,0,223.23,0.0,50.0,0.0,2.24,0.0,0.0,60.0,60.0,0,0,0,0.0,-73.62
333,140552.27,1041.16,54.0,61,-48.0,51.08,0.48,14.02,0,0,4,0,179,87,0,0,0,0,140552.27,0.0,0,225.28,0.0,50.0,0.0,2.24,0.0,0.0,60.0,60.0,0,0,0,0.0,-73.62
334,140552.27,905.19,54.0,61,-48.0,51.08,0.49,14.12,0,2,0,0,178,87,0,0,0,0,140552.27,0.0,0,228.35,0.0,50.0,0.0,2.22,0.0,0.0,60.0,60.0,0,0,0,0.0,-73.62
335,146826.93,1681.53,54.0,61,-48.0,58.58,0.65,14.12,0,0,0,0,178,88,0,0,0,2,146826.93,0.0,0,221.18,0.0,50.0,0.0,2.22,0.0,0.0,60.0,60.0,0,0,0,0.0,-74.28
336,145572.0,1905.47,54.0,61,-48.0,59.05,0.65,14.02,0,2,4,0,174,88,0,0,0,2,145572.0,0.0,0,216.06,0.0,50.0,0.0,2.24,0.0,0.0,60.0,60.0,0,0,0,0.0,-73.95
337,146826.93,417.5,54.0,61,-48.0,58.58,0.66,14.12,0,2,4,0,152,88,0,0,0,2,146826.93,0.0,0,216.06,0.0,50.0,0.0,2.22,0.0,0.0,60.0,60.0,0,0,0,0.0,-73.95
338,150591.72,345.75,54.0,61,-48.0,63.73,0.78,14.12,0,2,0,0,62,87,0,0,0,0,150591.72,0.0,0,216.06,0.0,50.0,0.0,2.22,0.0,0.0,60.0,60.0,0,0,0,0.0,-74.28
339,149336.79,1753.72,54.0,61,-48.0,64.67,0.81,14.12,1,2,0,0,16,87,0,0,1,2,149336.79,0.0,0,208.9,0.0,50.0,0.0,2.22,0.0,0.0,60.0,60.0,0,0,0,0.0,-74.28
340,148081.86,2025.75,54.0,61,-48.0,65.14,0.83,14.02,0,0,0,0,16,87,0,0,1,2,148081.86,0.0,0,209.92,0.0,50.0,0.0,2.24,0.0,0.0,60.0,60.0,0,0,0,0.0,-74.28
341,148081.86,41.75,54.0,61,-48.0,65.14,0.83,14.02,0,2,4,0,21,87,0,0,1,2,148081.86,0.0,0,210.94,0.0,50.0,0.0,2.24,0.0,0.0,60.0,60.0,0,0,0,0.0,-74.28
342,148081.86,1049.72,54.75,61,-48.0,65.14,0.83,14.12,1,0,0,0,60,88,0,0,1,2,148081.86,0.0,0,210.94,0.0,50.0,0.0,2.22,0.0,0.0,60.0,60.0,0,0,0,0.0,-74.28
343,148081.86,2009.69,54.75,61,-48.0,65.14,0.82,14.12,0,0,0,0,158,87,0,0,1,2,148081.86,0.0,0,212.99,0.0,50.0,0.0,2.22,0.0,0.0,60.0,60.0,0,0,0,0.0,-74.28
344,146826.93,1633.69,54.75,61,-48.0,64.67,0.82,14.02,0,0,4,0,171,87,0,0,0,2,146826.93,0.0,0,214.02,0.0,50.0,0.0,2.24,0.0,0.0,60.0,60.0,0,0,0,0.0,-74.28
345,146826.93,1689.69,54.75,61,-48.0,64.67,0.82,14.12,0,0,4,0,152,87,0,0,0,2,146826.93,0.0,0,215.04,0.0,50.0,0.0,2.22,0.0,0.0,60.0,60.0,0,0,0,0.0,-74.28
346,146826.93,393.72,54.75,61,-48.0,65.14,0.84,14.12,1,0,0,0,37,88,0,0,0,2,146826.93,0.0,0,216.06,0.0,50.0,0.0,2.22,0.0,0.0,60.0,60.0,0,0,0,0.0,-74.28
347,146826.93,1001.69,54.75,61,-48.0,65.14,0.83,14.12,0,2,0,0,28,88,0,0,0,2,146826.93,0.0,0,217.09,0.0,50.0,0.0,2.22,0.0,0.0,60.0,60.0,0,0,0,0.0,-74.28
348,146826.93,1281.69,54.75,61,-48.0,65.61,0.84,14.02,1,0,0,0,94,87,0,0,0,2,146826.93,0.0,0,217.09,0.0,50.0,0.0,2.24,0.0,0.0,60.0,60.0,0,0,0,0.0,-74.28
349,146826.93,1145.53,54.75,61,-48.0,63.26,0.76,14.12,1,2,4,0,172,88,0,0,0,2,146826.93,0.0,0,220.16,0.0,50.0,0.0,2.22,0.0,0.0,60.0,60.0,0,0,0,0.0,-74.28
350,144317.07,1745.44,54.75,61,-48.0,59.98,0.71,14.12,0,2,4,0,178,87,0,0,1,0,144317.07,0.0,0,224.26,0.0,50.0,0.0,2.22,0.0,0.0,60.0,60.0,0,0,0,0.0,-73.95
351,138042.41,1729.06,55.5,60,-48.0,52.49,0.51,14.12,1,0,0,0,181,88,0,0,1,2,138042.41,0.0,0,234.5,0.0,50.0,0.0,2.22,0.0,0.0,60.0,60.0,0,0,0,0.0,-73.3
352,138042.41,1617.09,55.5,60,-48.0,51.55,0.48,14.02,1,2,0,0,180,87,0,0,1,2,138042.41,0.0,0,225.28,0.0,50.0,0.0,2.24,0.0,0.0,60.0,60.0,0,0,0,0.0,-73.3
353,144317.07,65.22,55.5,60,-48.0,50.14,0.46,14.12,1,2,0,0,179,87,0,0,1,0,144317.07,0.0,0,211.97,0.0,50.0,0.0,2.22,0.0,0.0,60.0,60.0,0,0,0,0.0,-73.62
354,144317.07,1817.22,55.5,60,-48.0,50.61,0.45,14.22,1,2,4,0,176,87,0,0,1,0,144317.07,0.0,0,214.02,0.0,50.0,0.0,2.2,0.0,0.0,60.0,60.0,0,0,0,0.0,-73.62
355,144317.07,585.22,55.5,60,-48.0,49.21,0.45,14.12,1,2,4,0,169,88,0,0,1,0,144317.07,0.0,0,212.99,0.0,50.0,0.0,2.22,0.0,0.0,60.0,60.0,0,0,0,0.0,-73.62
356,144317.07,1601.22,55.5,61,-48.0,49.67,0.45,14.02,0,0,4,0,153,88,0,0,1,0,144317.07,0.0,0,214.02,0.0,50.0,0.0,2.24,0.0,0.0,60.0,60.0,0,0,0,0.0,-73.62
357,143062.13,921.19,55.5,61,-48.0,48.74,0.45,14.02,0,0,0,0,101,87,0,0,1,0,143062.13,0.0,0,214.02,0.0,50.0,0.0,2.24,0.0,0.0,60.0,60.0,0,0,0,0.0,-73.3
358,143062.13,953.19,55.5,61,-48.0,48.74,0.44,14.22,1,0,4,0,35,87,0,0,1,0,143062.13,0.0,0,215.04,0.0,50.0,0.0,2.2,0.0,0.0,60.0,60.0,0,0,0,0.0,-73.62
359,143062.13,1929.16,55.5,61,-48.0,48.27,0.43,14.12,1,0,4,0,36,88,0,0,1,0,143062.13,0.0,0,215.04,0.0,50.0,0.0,2.22,0.0,0.0,60.0,60.0,0,0,0,0.0,-73.62
360,143062.13,1761.19,55.5,61,-48.0,48.74,0.44,14.12,0,2,4,0,138,88,0,0,1,0,143062.13,0.0,0,214.02,0.0,50.0,0.0,2.22,0.0,0.0,60.0,60.0,0,0,0,0.0,-73.62
361,143062.13,369.19,55.5,61,-48.0,48.74,0.44,14.12,1,0,4,0,157,88,0,0,1,0,143062.13,0.0,0,215.04,0.0,50.0,0.0,2.22,0.0,0.0,60.0,60.0,0,0,0,0.0,-73.62
362,143062.13,1985.19,55.5,61,-48.0,49.21,0.44,14.12,1,2,4,0,158,88,0,0,1,0,143062.13,0.0,0,215.04,0.0,50.0,0.0,2.22,0.0,0.0,60.0,60.0,0,0,0,0.0,-73.3
363,143062.13,1737.16,55.5,61,-48.0,49.21,0.44,14.02,0,0,0,0,96,87,0,0,1,0,143062.13,0.0,0,215.04,0.0,50.0,0.0,2.24,0.0,0.0,60.0,60.0,0,0,0,0.0,-73.3
364,143062.13,1561.16,55.5,61,-48.0,48.74,0.44,14.02,0,0,0,0,23,87,0,0,1,0,143062.13,0.0,0,215.04,0.0,50.0,0.0,2.24,0.0,0.0,60.0,60.0,0,0,0,0.0,-73.62
365,143062.13,73.19,56.25,61,-48.0,49.21,0.44,14.12,0,0,4,0,19,87,0,0,1,0,143062.13,0.0,0,215.04,0.0,50.0,0.0,2.22,0.0,0.0,60.0,60.0,0,0,0,0.0,-73.62
366,143062.13,865.12,56.25,61,-48.0,48.74,0.43,14.12,0,2,4,0,25,87,0,0,1,0,143062.13,0.0,0,215.04,0.0,50.0,0.0,2.22,0.0,0.0,60.0,60.0,0,0,0,0.0,-73.62
367,143062.13,1673.16,56.25,61,-48.0,48.74,0.44,14.12,0,2,4,0,102,88,0,0,1,0,143062.13,0.0,0,215.04,0.0,50.0,0.0,2.22,0.0,0.0,60.0,60.0,0,0,0,0.0,-73.62
368,143062.13,1881.19,56.25,61,-48.0,49.67,0.44,14.12,1,2,0,0,161,87,0,0,1,0,143062.13,0.0,0,215.04,0.0,50.0,0.0,2.22,0.0,0.0,60.0,60.0,0,0,0,0.0,-73.62
369,143062.13,249.19,56.25,61,-48.0,49.21,0.44,14.12,0,2,4,0,169,87,0,0,1,0,143062.13,0.0,0,216.06,0.0,50.0,0.0,2.22,0.0,0.0,60.0,60.0,0,0,0,0.0,-73.62
370,143062.13,217.19,56.25,61,-48.0,49.21,0.44,14.12,0,0,0,0,166,88,0,0,1,0,143062.13,0.0,0,215.04,0.0,50.0,0.0,2.22,0.0,0.0,60.0,60.0,0,0,0,0.0,-73.62
371,143062.13,201.16,57.0,61,-48.0,49.21,0.44,14.12,1,2,0,0,155,88,0,0,1,0,143062.13,0.0,0,216.06,0.0,50.0,0.0,2.22,0.0,0.0,60.0,60.0,0,0,0,0.0,-73.62
372,143062.13,2017.16,57.0,61,-48.0,49.21,0.44,14.02,1,0,4,0,73,88,0,0,1,0,143062.13,0.0,0,216.06,0.0,50.0,0.0,2.24,0.0,0.0,60.0,60.0,0,0,0,0.0,-73.3
373,143062.13,1937.16,57.0,61,-48.0,49.21,0.44,14.22,1,2,0,0,26,88,0,0,1,0,143062.13,0.0,0,216.06,0.0,50.0,0.0,2.2,0.0,0.0,60.0,60.0,0,0,0,0.0,-73.62
374,144317.07,1801.19,57.0,61,-48.0,49.67,0.45,14.12,0,2,4,0,25,87,0,0,1,0,144317.07,0.0,0,214.02,0.0,50.0,0.0,2.22,0.0,0.0,60.0,60.0,0,0,0,0.0,-73.62
375,148081.86,297.44,57.0,61,-48.0,54.83,0.56,14.02,0,0,0,0,125,87,0,0,1,2,148081.86,0.0,0,206.85,0.0,50.0,0.0,2.24,0.0,0.0,60.0,60.0,0,0,0,0.0,-73.95
376,146826.93,681.41,57.0,61,-48.0,54.83,0.57,14.02,1,0,4,0,171,88,0,0,0,2,146826.93,0.0,0,200.7,0.0,50.0,0.0,2.24,0.0,0.0,60.0,60.0,0,0,0,0.0,-73.95
377,146826.93,705.38,57.0,61,-48.0,54.36,0.56,14.22,0,2,4,0,157,88,0,0,0,2,146826.93,0.0,0,200.7,0.0,50.0,0.0,2.2,0.0,0.0,60.0,60.0,0,0,0,0.0,-73.95
378,138042.41,600.91,57.0,61,-48.0,43.58,0.34,14.12,0,0,4,0,170,88,0,0,1,2,138042.41,0.0,0,219.14,0.0,50.0,0.0,2.22,0.0,0.0,60.0,60.0,0,0,0,0.0,-72.97
379,135532.55,240.75,57.0,61,-48.0,37.49,0.26,14.12,0,0,0,0,108,87,0,0,0,2,135532.55,0.0,0,231.42,0.0,50.0,0.0,2.22,0.0,0.0,60.0,60.0,0,0,0,0.0,-72.97
380,135532.55,856.75,57.0,61,-48.0,37.49,0.26,14.12,1,2,4,0,103,88,0,0,0,2,135532.55,0.0,0,237.57,0.0,50.0,0.0,2.22,0.0,0.0,60.0,60.0,0,0,0,0.0,-72.97
381,136787.48,1640.75,57.0,61,-48.0,37.02,0.26,14.22,1,0,0,0,35,88,0,0,0,2,136787.48,0.0,0,238.59,0.0,50.0,0.0,2.2,0.0,0.0,60.0,60.0,0,0,0,0.0,-72.97
382,136787.48,192.75,57.75,61,-48.0,37.49,0.26,14.12,1,0,0,0,19,88,0,0,0,2,136787.48,0.0,0,237.57,0.0,50.0,0.0,2.22,0.0,0.0,60.0,60.0,0,0,0,0.0,-72.97
383,136787.48,1688.75,57.75,61,-48.0,37.02,0.25,14.12,0,2,4,0,23,88,0,0,0,2,136787.48,0.0,0,236.54,0.0,50.0,0.0,2.22,0.0,0.0,60.0,60.0,0,0,0,0.0,-72.97
384,136787.48,1808.75,57.75,61,-48.0,36.08,0.26,14.22,1,0,4,0,107,88,0,0,0,2,136787.48,0.0,0,231.42,0.0,50.0,0.0,2.2,0.0,0.0,60.0,60.0,0,0,0,0.0,-72.97
385,136787.48,184.78,57.75,61,-48.0,37.02,0.26,14.22,0,2,0,0,165,88,0,0,0,2,136787.48,0.0,0,237.57,0.0,50.0,0.0,2.2,0.0,0.0,60.0,60.0,0,0,0,0.0,-72.97
386,140552.27,1416.97,57.75,61,-48.0,42.65,0.33,14.12,1,0,0,0,169,87,0,0,0,0,140552.27,0.0,0,234.5,0.0,50.0,0.0,2.22,0.0,0.0,60.0,60.0,0,0,0,0.0,-73.3
387,139297.34,784.94,57.75,61,-48.0,42.65,0.33,14.12,1,0,0,0,177,87,0,0,1,2,139297.34,0.0,0,230.4,0.0,50.0,0.0,2.22,0.0,0.0,60.0,60.0,0,0,0,0.0,-73.3
388,153101.58,1842.03,57.75,61,-48.0,62.8,0.74,14.22,1,2,4,0,178,87,0,0,1,0,153101.58,0.0,0,221.18,0.0,50.0,0.0,2.2,0.0,0.0,60.0,60.0,0,0,0,0.0,-74.92
389,153101.58,369.78,57.75,61,-48.0,62.8,0.77,14.22,1,0,0,0,182,88,0,0,1,0,153101.58,0.0,0,183.3,0.0,50.0,0.0,2.2,0.0,0.0,60.0,60.0,0,0,0,0.0,-74.6
390,150591.72,1017.75,57.75,61,-48.0,63.73,0.79,14.12,1,2,4,0,158,87,0,0,0,0,150591.72,0.0,0,179.2,0.0,50.0,0.0,2.22,0.0,0.0,60.0,60.0,0,0,0,0.0,-74.28
391,150591.72,1025.78,57.75,61,-48.0,64.2,0.8,14.02,1,2,4,0,40,88,0,0,0,0,150591.72,0.0,0,182.27,0.0,50.0,0.0,2.24,0.0,0.0,60.0,60.0,0,0,0,0.0,-74.28
392,150591.72,657.78,57.75,61,-48.0,64.67,0.8,14.12,1,0,4,0,15,88,0,0,0,0,150591.72,0.0,0,182.27,0.0,50.0,0.0,2.22,0.0,0.0,60.0,60.0,0,0,0,0.0,-74.28
393,150591.72,1441.75,58.5,61,-48.0,63.73,0.79,14.22,1,2,0,0,15,88,0,0,0,0,150591.72,0.0,0,183.3,0.0,50.0,0.0,2.2,0.0,0.0,60.0,60.0,0,0,0,0.0,-74.28
394,145572.0,825.41,58.5,61,-48.0,56.7,0.62,14.22,0,2,0,0,67,87,0,0,0,2,145572.0,0.0,0,190.46,0.0,50.0,0.0,2.2,0.0,0.0,60.0,60.0,0,0,0,0.0,-73.95
395,143062.13,217.16,58.5,61,-48.0,50.14,0.47,14.02,0,0,0,0,159,87,0,0,1,0,143062.13,0.0,0,205.82,0.0,50.0,0.0,2.24,0.0,0.0,60.0,60.0,0,0,0,0.0,-73.62
396,140552.27,1977.03,58.5,61,-48.0,46.39,0.4,14.12,1,2,0,0,175,87,0,0,0,0,140552.27,0.0,0,219.14,0.0,50.0,0.0,2.22,0.0,0.0,60.0,60.0,0,0,0,0.0,-73.3
397,139297.34,1753.03,58.5,61,-48.0,46.86,0.39,14.22,1,0,0,0,168,88,0,0,1,2,139297.34,0.0,0,224.26,0.0,50.0,0.0,2.2,0.0,0.0,60.0,60.0,0,0,0,0.0,-73.3
398,139297.34,545.03,58.5,60,-48.0,46.86,0.39,14.22,1,0,0,0,158,87,0,0,1,2,139297.34,0.0,0,225.28,0.0,50.0,0.0,2.2,0.0,0.0,60.0,60.0,0,0,0,0.0,-73.3
399,139297.34,289.03,58.5,60,-48.0,46.39,0.39,14.02,1,2,4,0,145,88,0,0,1,2,139297.34,0.0,0,226.3,0.0,50.0,0.0,2.24,0.0,0.0,60.0,60.0,0,0,0,0.0,-73.3
400,140552.27,529.03,58.5,60,-48.0,45.93,0.39,14.22,0,0,0,0,88,88,0,0,0,0,140552.27,0.0,0,227.33,0.0,50.0,0.0,2.2,0.0,0.0,60.0,60.0,0,0,0,0.0,-73.3
401,139297.34,1177.0,58.5,60,-48.0,45.93,0.37,14.22,0,0,0,0,28,87,0,0,1,2,139297.34,0.0,0,227.33,0.0,50.0,0.0,2.2,0.0,0.0,60.0,60.0,0,0,0,0.0,-73.3
402,139297.34,1153.0,58.5,61,-48.0,45.93,0.38,14.02,1,0,0,0,21,87,0,0,1,2,139297.34,0.0,0,227.33,0.0,50.0,0.0,2.24,0.0,0.0,60.0,60.0,0,0,0,0.0,-73.3
403,139297.34,1073.0,58.5,61,-48.0,45.93,0.38,14.12,1,0,0,0,23,88,0,0,1,2,139297.34,0.0,0,227.33,0.0,50.0,0.0,2.22,0.0,0.0,60.0,60.0,0,0,0,0.0,-73.3
404,138042.41,264.97,59.25,61,-48.0,44.52,0.37,14.22,1,0,0,0,78,88,0,0,1,2,138042.41,0.0,0,227.33,0.0,50.0,0.0,2.2,0.0,0.0,60.0,60.0,0,0,0,0.0,-73.3
405,139297.34,817.0,59.25,61,-48.0,44.99,0.37,14.22,0,0,0,0,146,88,0,0,1,2,139297.34,0.0,0,227.33,0.0,50.0,0.0,2.2,0.0,0.0,60.0,60.0,0,0,0,0.0,-73.3
406,139297.34,745.0,59.25,61,-48.0,45.46,0.38,14.12,1,2,0,0,164,88,0,0,1,2,139297.34,0.0,0,228.35,0.0,50.0,0.0,2.22,0.0,0.0,60.0,60.0,0,0,0,0.0,-73.3
407,133022.69,1360.59,59.25,61,-48.0,32.8,0.22,14.22,1,0,4,0,167,88,0,0,1,0,133022.69,0.0,0,231.42,0.0,50.0,0.0,2.2,0.0,0.0,60.0,60.0,0,0,0,0.0,-72.65
408,129257.89,1760.5,59.25,61,-48.0,28.59,0.18,14.22,0,2,4,0,174,87,0,0,1,2,129257.89,0.0,0,247.81,0.0,50.0,0.0,2.2,0.0,0.0,60.0,60.0,0,0,0,0.0,-72.65
409,128002.96,224.5,59.25,61,-48.0,27.65,0.17,14.22,0,0,4,0,155,87,0,0,1,2,128002.96,0.0,0,253.95,0.0,50.0,0.0,2.2,0.0,0.0,60.0,60.0,0,0,0,0.0,-72.65
410,128002.96,1856.5,59.25,61,-48.0,27.18,0.17,14.12,0,2,4,0,43,88,0,0,1,2,128002.96,0.0,0,258.05,0.0,50.0,0.0,2.22,0.0,0.0,60.0,60.0,0,0,0,0.0,-72.65
411,128002.96,192.5,59.25,60,-48.0,28.12,0.17,14.12,1,2,4,0,15,87,0,0,1,2,128002.96,0.0,0,256.0,0.0,50.0,0.0,2.22,0.0,0.0,60.0,60.0,0,0,0,0.0,-72.65
412,134277.62,1008.44,59.25,60,-48.0,25.31,0.15,14.22,1,2,0,0,15,88,0,0,1,0,134277.62,0.0,0,257.02,0.0,50.0,0.0,2.2,0.0,0.0,60.0,60.0,0,0,0,0.0,-72.65
413,148081.86,1816.44,59.25,61,-48.0,24.37,0.14,14.22,0,0,0,0,50,88,0,0,1,2,148081.86,0.0,0,261.12,0.0,50.0,0.0,2.2,0.0,0.0,60.0,60.0,0,0,0,0.0,-72.65
414,164395.96,1824.47,59.25,61,-48.0,24.84,0.15,14.12,0,0,4,0,152,88,0,0,1,0,164395.96,0.0,0,261.12,0.0,50.0,0.0,2.22,0.0,0.0,60.0,60.0,0,0,0,0.0,-72.65
415,164395.96,776.62,59.25,61,-48.0,30.93,0.19,14.22,1,2,0,0,173,88,0,0,1,0,164395.96,0.0,0,261.12,0.0,50.0,0.0,2.2,0.0,0.0,60.0,60.0,0,0,0,0.0,-72.97
416,133022.69,1128.62,59.25,60,-48.0,31.87,0.2,14.22,0,2,4,0,183,87,0,0,1,0,133022.69,0.0,0,253.95,0.0,50.0,0.0,2.2,0.0,0.0,60.0,60.0,0,0,0,0.0,-72.97
417,131767.76,80.59,59.25,60,-48.0,30.93,0.2,14.22,1,2,4,0,187,88,0,0,0,0,131767.76,0.0,0,247.81,0.0,50.0,0.0,2.2,0.0,0.0,60.0,60.0,0,0,0,0.0,-72.65
418,131767.76,824.62,60.0,61,-48.0,31.87,0.2,14.12,1,2,4,0,184,87,0,0,0,0,131767.76,0.0,0,247.81,0.0,50.0,0.0,2.22,0.0,0.0,60.0,60.0,0,0,0,0.0,-72.65
419,133022.69,1160.62,60.0,61,-48.0,32.34,0.21,14.22,1,2,4,0,179,88,0,0,1,0,133022.69,0.0,0,247.81,0.0,50.0,0.0,2.2,0.0,0.0,60.0,60.0,0,0,0,0.0,-72.65
420,134277.62,152.66,60.0,61,-48.0,32.8,0.22,14.22,0,2,4,0,175,87,0,0,1,0,134277.62,0.0,0,247.81,0.0,50.0,0.0,2.2,0.0,0.0,60.0,60.0,0,0,0,0.0,-72.65
421,150591.72,1464.84,60.0,61,-48.0,38.9,0.28,14.12,0,2,0,0,172,88,0,0,0,0,150591.72,0.0,0,247.81,0.0,50.0,0.0,2.22,0.0,0.0,60.0,60.0,0,0,0,0.0,-72.97
422,144317.07,1209.16,60.0,61,-48.0,46.86,0.41,14.02,1,0,4,0,173,88,0,0,1,0,144317.07,0.0,0,228.35,0.0,50.0,0.0,2.24,0.0,0.0,60.0,60.0,0,0,0,0.0,-73.62
423,143062.13,961.12,60.0,61,-48.0,47.8,0.41,14.12,0,0,4,0,178,87,0,0,1,0,143062.13,0.0,0,220.16,0.0,50.0,0.0,2.22,0.0,0.0,60.0,60.0,0,0,0,0.0,-73.62
424,143062.13,473.12,60.0,61,-48.0,47.8,0.41,14.22,1,0,0,0,163,88,0,0,1,0,143062.13,0.0,0,219.14,0.0,50.0,0.0,2.2,0.0,0.0,60.0,60.0,0,0,0,0.0,-73.3
425,143062.13,1385.12,60.0,61,-48.0,47.8,0.42,14.12,1,0,4,0,126,87,0,0,1,0,143062.13,0.0,0,219.14,0.0,50.0,0.0,2.22,0.0,0.0,60.0,60.0,0,0,0,0.0,-73.3
426,135532.55,816.5,60.0,61,-48.0,29.52,0.19,14.12,1,0,0,0,32,87,0,0,0,2,135532.55,0.0,0,223.23,0.0,50.0,0.0,2.22,0.0,0.0,60.0,60.0,0,0,0,0.0,-72.65
427,149336.79,888.56,60.0,61,-48.0,28.59,0.18,14.22,0,0,0,0,24,88,0,0,1,2,149336.79,0.0,0,251.9,0.0,50.0,0.0,2.2,0.0,0.0,60.0,60.0,0,0,0,0.0,-72.65
428,168160.75,152.53,60.0,61,-48.0,27.65,0.17,14.22,1,2,0,0,13,87,0,0,1,2,168160.75,0.0,0,261.12,0.0,50.0,0.0,2.2,0.0,0.0,60.0,60.0,0,0,0,0.0,-72.65
429,168160.75,944.62,60.75,61,-48.0,32.34,0.2,14.12,0,2,4,0,9,87,0,0,1,2,168160.75,0.0,0,261.12,0.0,50.0,0.0,2.22,0.0,0.0,60.0,60.0,0,0,0,0.0,-72.97
430,153101.58,1097.59,60.75,61,-48.0,56.24,0.59,14.12,1,2,0,0,69,88,0,0,1,0,153101.58,0.0,0,214.02,0.0,50.0,0.0,2.22,0.0,0.0,60.0,60.0,0,0,0,0.0,-74.28
431,148081.86,825.44,60.75,61,-48.0,55.77,0.58,14.22,1,0,4,0,175,88,0,0,1,2,148081.86,0.0,0,197.63,0.0,50.0,0.0,2.2,0.0,0.0,60.0,60.0,0,0,0,0.0,-73.95
432,146826.93,1513.44,60.75,61,-48.0,55.77,0.59,14.22,0,2,4,0,153,88,0,0,0,2,146826.93,0.0,0,197.63,0.0,50.0,0.0,2.2,0.0,0.0,60.0,60.0,0,0,0,0.0,-73.95
433,140552.27,552.94,60.75,61,-48.0,44.52,0.36,14.22,1,0,0,0,77,88,0,0,0,0,140552.27,0.0,0,208.9,0.0,50.0,0.0,2.2,0.0,0.0,60.0,60.0,0,0,0,0.0,-73.3
434,136787.48,1640.84,60.75,61,-48.0,41.24,0.3,14.12,1,0,0,0,56,88,0,0,0,2,136787.48,0.0,0,226.3,0.0,50.0,0.0,2.22,0.0,0.0,60.0,60.0,0,0,0,0.0,-72.97
435,138042.41,1176.88,60.75,61,-48.0,41.24,0.31,14.22,0,0,4,0,26,88,0,0,1,2,138042.41,0.0,0,231.42,0.0,50.0,0.0,2.2,0.0,0.0,60.0,60.0,0,0,0,0.0,-72.97
436,135532.55,1624.62,60.75,61,-48.0,34.21,0.22,14.12,1,2,4,0,15,88,0,0,0,2,135532.55,0.0,0,233.47,0.0,50.0,0.0,2.22,0.0,0.0,60.0,60.0,0,0,0,0.0,-72.97
437,133022.69,1680.66,60.75,61,-48.0,34.21,0.22,14.22,1,2,4,0,25,87,0,0,1,0,133022.69,0.0,0,242.69,0.0,50.0,0.0,2.2,0.0,0.0,60.0,60.0,0,0,0,0.0,-72.65
438,133022.69,952.62,60.75,61,-48.0,33.27,0.21,14.12,0,2,4,0,22,88,0,0,1,0,133022.69,0.0,0,244.74,0.0,50.0,0.0,2.22,0.0,0.0,60.0,60.0,0,0,0,0.0,-72.65
439,134277.62,1536.66,60.75,61,-48.0,33.27,0.22,14.22,1,0,0,0,20,87,0,0,1,0,134277.62,0.0,0,244.74,0.0,50.0,0.0,2.2,0.0,0.0,60.0,60.0,0,0,0,0.0,-72.65
440,134277.62,1408.69,61.5,61,-48.0,33.74,0.22,14.12,0,2,0,0,72,87,0,0,1,0,134277.62,0.0,0,244.74,0.0,50.0,0.0,2.22,0.0,0.0,60.0,60.0,0,0,0,0.0,-72.65
441,134277.62,1528.66,61.5,61,-48.0,33.27,0.22,14.12,0,0,4,0,151,88,0,0,1,0,134277.62,0.0,0,244.74,0.0,50.0,0.0,2.22,0.0,0.0,60.0,60.0,0,0,0,0.0,-72.65
442,134277.62,1232.66,61.5,61,-48.0,33.74,0.22,14.22,0,2,0,0,168,87,0,0,1,0,134277.62,0.0,0,245.76,0.0,50.0,0.0,2.2,0.0,0.0,60.0,60.0,0,0,0,0.0,-72.65
443,134277.62,2032.69,61.5,61,-48.0,33.74,0.22,14.02,1,2,4,0,167,87,0,0,1,0,134277.62,0.0,0,245.76,0.0,50.0,0.0,2.24,0.0,0.0,60.0,60.0,0,0,0,0.0,-72.65
444,134277.62,1368.66,61.5,61,-48.0,33.27,0.22,14.22,0,0,0,0,153,87,0,0,1,0,134277.62,0.0,0,244.74,0.0,50.0,0.0,2.2,0.0,0.0,60.0,60.0,0,0,0,0.0,-72.65
445,134277.62,0.66,61.5,61,-48.0,33.74,0.22,14.12,0,0,0,0,86,87,0,0,1,0,134277.62,0.0,0,244.74,0.0,50.0,0.0,2.22,0.0,0.0,60.0,60.0,0,0,0,0.0,-72.65
446,134277.62,1776.66,61.5,61,-48.0,33.74,0.22,14.02,0,2,4,0,29,87,0,0,1,0,134277.62,0.0,0,243.71,0.0,50.0,0.0,2.24,0.0,0.0,60.0,60.0,0,0,0,0.0,-72.65
447,135532.55,720.69,61.5,61,-48.0,33.74,0.23,14.12,0,0,4,0,23,88,0,0,0,2,135532.55,0.0,0,243.71,0.0,50.0,0.0,2.22,0.0,0.0,60.0,60.0,0,0,0,0.0,-72.97
448,135532.55,320.66,61.5,61,-48.0,33.74,0.22,14.22,0,0,4,0,28,87,0,0,0,2,135532.55,0.0,0,242.69,0.0,50.0,0.0,2.2,0.0,0.0,60.0,60.0,0,0,0,0.0,-72.97
449,135532.55,800.69,61.5,61,-48.0,33.74,0.23,14.12,0,0,0,0,107,88,0,0,0,2,135532.55,0.0,0,243.71,0.0,50.0,0.0,2.22,0.0,0.0,60.0,60.0,0,0,0,0.0,-72.97
450,134277.62,56.66,61.5,61,-48.0,33.27,0.22,14.12,0,0,4,0,151,87,0,0,1,0,134277.62,0.0,0,242.69,0.0,50.0,0.0,2.22,0.0,0.0,60.0,60.0,0,0,0,0.0,-72.97
451,134277.62,1592.66,61.5,61,-48.0,33.27,0.22,14.12,1,2,0,0,166,88,0,0,1,0,134277.62,0.0,0,243.71,0.0,50.0,0.0,2.22,0.0,0.0,60.0,60.0,0,0,0,0.0,-72.65
452,135532.55,440.69,61.5,61,-48.0,33.27,0.22,14.22,1,0,4,0,156,88,0,0,0,2,135532.55,0.0,0,243.71,0.0,50.0,0.0,2.2,0.0,0.0,60.0,60.0,0,0,0,0.0,-72.65
453,135532.55,488.69,61.5,61,-48.0,33.74,0.22,14.12,0,2,4,0,79,88,0,0,0,2,135532.55,0.0,0,242.69,0.0,50.0,0.0,2.22,0.0,0.0,60.0,60.0,0,0,0,0.0,-72.97
454,135532.55,280.69,61.5,61,-48.0,34.21,0.22,14.12,1,0,0,0,29,87,0,0,0,2,135532.55,0.0,0,242.69,0.0,50.0,0.0,2.22,0.0,0.0,60.0,60.0,0,0,0,0.0,-72.97
455,135532.55,576.66,62.25,61,-48.0,33.27,0.22,14.12,1,2,0,0,35,87,0,0,0,2,135532.55,0.0,0,242.69,0.0,50.0,0.0,2.22,0.0,0.0,60.0,60.0,0,0,0,0.0,-72.97
456,135532.55,432.56,62.25,61,-48.0,27.65,0.18,14.02,0,0,4,0,150,88,0,0,0,2,135532.55,0.0,0,241.66,0.0,50.0,0.0,2.24,0.0,0.0,60.0,60.0,0,0,0,0.0,-72.65
457,146826.93,976.47,62.25,61,-48.0,24.37,0.14,14.12,0,0,4,0,174,87,0,0,0,2,146826.93,0.0,0,252.93,0.0,50.0,0.0,2.22,0.0,0.0,60.0,60.0,0,0,0,0.0,-72.65
458,161886.1,1424.47,62.25,61,-48.0,23.43,0.14,14.12,1,2,4,0,172,88,0,0,0,0,161886.1,0.0,0,261.12,0.0,50.0,0.0,2.22,0.0,0.0,60.0,60.0,0,0,0,0.0,-72.65
459,178200.2,1208.47,62.25,61,-48.0,23.9,0.14,14.22,1,2,4,0,167,87,0,0,1,2,178200.2,0.0,0,261.12,0.0,50.0,0.0,2.2,0.0,0.0,60.0,60.0,0,0,0,0.0,-72.65
460,193259.37,1760.5,62.25,61,-48.0,23.9,0.14,14.22,1,2,0,0,166,88,0,0,1,0,193259.37,0.0,0,261.12,0.0,50.0,0.0,2.2,0.0,0.0,60.0,60.0,0,0,0,0.0,-72.65
461,200788.96,192.5,62.25,61,-48.0,23.43,0.14,14.12,0,0,4,0,154,87,0,0,0,0,200788.96,0.0,0,261.12,0.0,50.0,0.0,2.22,0.0,0.0,60.0,60.0,0,0,0,0.0,-72.65
462,223377.72,344.47,62.25,61,-48.0,22.03,0.13,14.12,0,2,4,0,90,87,0,0,1,0,223377.72,0.0,0,261.12,0.0,50.0,0.0,2.22,0.0,0.0,60.0,60.0,0,0,0,0.0,-72.65
463,212083.34,184.91,62.25,61,-48.0,34.68,0.23,14.12,1,2,4,0,46,88,0,0,0,0,212083.34,0.0,0,261.12,0.0,50.0,0.0,2.22,0.0,0.0,60.0,60.0,0,0,0,0.0,-73.3
464,174435.41,1824.84,62.25,61,-48.0,37.96,0.26,14.12,0,0,0,0,171,88,0,0,1,0,174435.41,0.0,0,242.69,0.0,50.0,0.0,2.22,0.0,0.0,60.0,60.0,0,0,0,0.0,-73.3
465,140552.27,440.84,62.25,61,-48.0,38.43,0.27,14.22,1,2,4,0,184,88,0,0,0,0,140552.27,0.0,0,228.35,0.0,50.0,0.0,2.2,0.0,0.0,60.0,60.0,0,0,0,0.0,-73.3
466,139297.34,240.81,62.25,61,-48.0,38.9,0.27,14.22,0,2,4,0,181,88,0,0,1,2,139297.34,0.0,0,228.35,0.0,50.0,0.0,2.2,0.0,0.0,60.0,60.0,0,0,0,0.0,-72.97
467,139297.34,664.84,62.25,61,-48.0,38.43,0.27,14.22,0,0,0,0,176,87,0,0,1,2,139297.34,0.0,0,227.33,0.0,50.0,0.0,2.2,0.0,0.0,60.0,60.0,0,0,0,0.0,-72.97
468,140552.27,744.84,62.25,61,-48.0,38.43,0.27,14.12,1,2,4,0,172,87,0,0,0,0,140552.27,0.0,0,229.38,0.0,50.0,0.0,2.22,0.0,0.0,60.0,60.0,0,0,0,0.0,-72.97
469,140552.27,1632.88,62.25,61,-48.0,38.9,0.28,14.22,1,0,4,0,163,87,0,0,0,0,140552.27,0.0,0,229.38,0.0,50.0,0.0,2.2,0.0,0.0,60.0,60.0,0,0,0,0.0,-72.97
470,140552.27,1208.84,62.25,61,-48.0,38.43,0.28,14.12,1,2,0,0,150,87,0,0,0,0,140552.27,0.0,0,229.38,0.0,50.0,0.0,2.22,0.0,0.0,60.0,60.0,0,0,0,0.0,-72.97
471,139297.34,1136.69,62.25,61,-48.0,33.27,0.23,14.02,0,0,0,0,73,88,0,0,1,2,139297.34,0.0,0,229.38,0.0,50.0,0.0,2.24,0.0,0.0,60.0,60.0,0,0,0,0.0,-72.97
472,150591.72,1672.47,63.0,61,-48.0,23.43,0.14,14.12,1,0,0,0,62,88,0,0,0,0,150591.72,0.0,0,247.81,0.0,50.0,0.0,2.22,0.0,0.0,60.0,60.0,0,0,0,0.0,-72.65
473,169415.68,808.47,63.0,61,-48.0,23.43,0.14,14.22,0,0,4,0,37,88,0,0,1,2,169415.68,0.0,0,261.12,19.96,44.92,0.0,2.2,0.0,0.0,60.0,60.0,0,0,0,0.0,-72.65
474,200788.96,952.5,63.0,61,-48.0,23.43,0.14,14.12,1,0,0,0,14,88,0,0,0,0,200788.96,0.0,0,261.12,19.96,44.92,0.0,2.22,0.0,0.0,60.0,60.0,0,0,0,0.0,-72.65
475,222122.79,112.47,63.0,61,-48.0,21.56,0.12,14.12,0,2,0,0,10,87,0,0,0,0,222122.79,0.0,0,261.12,19.96,44.92,0.0,2.22,0.0,0.0,60.0,60.0,0,0,0,0.0,-72.65
476,223377.72,1856.47,63.0,61,-48.0,20.62,0.12,14.22,1,2,0,0,10,88,0,0,1,0,223377.72,0.0,0,261.12,19.96,44.92,0.0,2.2,0.0,0.0,60.0,60.0,0,0,0,0.0,-72.65
477,222122.79,288.5,63.0,61,-48.0,21.09,0.12,14.12,0,0,4,0,11,87,0,0,0,0,222122.79,0.0,0,261.12,19.96,44.92,0.0,2.22,0.0,0.0,60.0,60.0,0,0,0,0.0,-72.65
478,222122.79,624.5,63.0,61,-48.0,20.62,0.12,14.12,0,0,0,0,11,87,0,0,0,0,222122.79,0.0,0,261.12,19.96,44.92,0.0,2.22,0.0,0.0,60.0,60.0,0,0,0,0.0,-72.65
479,223377.72,64.5,63.0,61,-48.0,20.62,0.12,14.12,0,2,0,0,12,87,0,0,1,0,223377.72,0.0,0,261.12,19.96,44.92,0.0,2.22,0.0,0.0,60.0,60.0,0,0,0,0.0,-72.65
480,223377.72,176.5,63.0,61,-48.0,20.62,0.12,14.22,0,2,0,0,15,87,0,0,1,0,223377.72,0.0,0,261.12,19.96,44.92,0.0,2.2,0.0,0.0,60.0,60.0,0,0,0,0.0,-72.65
481,223377.72,1856.47,63.0,61,-48.0,20.15,0.11,14.12,0,2,4,0,19,87,0,0,1,0,223377.72,0.0,0,261.12,19.97,44.92,0.0,2.22,0.0,0.0,60.0,60.0,0,0,0,0.0,-72.65
482,223377.72,1608.47,63.0,61,-48.0,20.15,0.11,14.12,1,0,4,0,79,87,0,0,1,0,223377.72,0.0,0,261.12,19.97,44.92,0.0,2.22,0.0,0.0,60.0,60.0,0,0,0,0.0,-72.65
483,223377.72,1576.47,63.0,61,-48.0,20.15,0.11,14.12,0,0,4,0,136,87,0,0,1,0,223377.72,0.0,0,261.12,19.97,44.92,0.0,2.22,0.0,0.0,60.0,60.0,0,0,0,0.0,-72.65
484,222122.79,1744.47,63.0,61,-48.0,20.15,0.11,14.12,1,2,4,0,160,87,0,0,0,0,222122.79,0.0,0,261.12,19.97,44.92,0.0,2.22,0.0,0.0,60.0,60.0,0,0,0,0.0,-72.65
485,222122.79,96.5,63.0,61,-48.0,19.68,0.11,14.02,0,2,4,0,169,87,0,0,0,0,222122.79,0.0,0,261.12,19.97,44.92,0.0,2.24,0.0,0.0,60.0,60.0,0,0,0,0.0,-72.65
486,222122.79,16.5,63.0,61,-48.0,20.15,0.11,14.02,0,0,0,0,166,87,0,0,0,0,222122.79,0.0,0,261.12,19.97,44.92,0.0,2.24,0.0,0.0,60.0,60.0,0,0,0,0.0,-72.65
487,219612.92,144.5,63.0,61,-48.0,19.68,0.11,14.02,1,0,0,0,143,87,0,0,1,2,219612.92,0.0,0,261.12,19.97,44.92,0.0,2.24,0.0,0.0,60.0,60.0,0,0,0,0.0,-72.65
488,220867.86,432.5,63.0,61,-48.0,19.68,0.11,14.12,0,2,4,0,41,87,0,0,0,0,220867.86,0.0,0,261.12,19.97,44.92,0.0,2.22,0.0,0.0,60.0,60.0,0,0,0,0.0,-72.65
489,220867.86,496.5,63.0,61,-48.0,20.15,0.12,14.02,1,0,4,0,21,87,0,0,0,0,220867.86,0.0,0,261.12,19.97,44.92,0.0,2.24,0.0,0.0,60.0,60.0,0,0,0,0.0,-72.65
490,223377.72,1960.44,63.75,61,-48.0,19.21,0.11,14.12,0,0,4,0,20,87,0,0,1,0,223377.72,0.0,0,261.12,19.97,44.92,0.0,2.22,0.0,0.0,60.0,60.0,0,0,0,0.0,-72.65
491,225887.58,872.44,63.75,61,-48.0,20.15,0.12,14.12,0,2,0,0,19,87,0,0,0,2,225887.58,0.0,0,261.12,19.97,44.92,0.0,2.22,0.0,0.0,60.0,60.0,0,0,0,0.0,-72.65
492,225887.58,1576.41,63.75,61,-48.0,19.68,0.11,14.22,1,2,0,0,21,87,0,0,0,2,225887.58,0.0,0,261.12,19.97,44.92,0.0,2.2,0.0,0.0,60.0,60.0,0,0,0,0.0,-72.65
493,225887.58,424.41,63.75,61,-48.0,19.68,0.11,14.12,1,0,0,0,121,87,0,0,0,2,225887.58,0.0,0,261.12,19.97,44.92,0.0,2.22,0.0,0.0,60.0,60.0,0,0,0,0.0,-72.65
494,225887.58,1592.41,63.75,61,-48.0,19.68,0.11,14.12,1,0,0,0,167,88,0,0,0,2,225887.58,0.0,0,261.12,19.97,44.92,0.0,2.22,0.0,0.0,60.0,60.0,0,0,0,0.0,-72.65
495,225887.58,1664.41,63.75,61,-48.0,19.68,0.11,14.12,1,0,0,0,175,87,0,0,0,2,225887.58,0.0,0,261.12,19.97,44.92,0.0,2.22,0.0,0.0,60.0,60.0,0,0,0,0.0,-72.33
496,225887.58,136.44,63.75,61,-48.0,20.15,0.11,14.12,0,0,4,0,174,87,0,0,0,2,225887.58,0.0,0,261.12,19.97,44.92,0.0,2.22,0.0,0.0,60.0,60.0,0,0,0,0.0,-72.65
497,224632.65,696.47,63.75,61,-48.0,20.15,0.12,14.02,0,0,4,0,170,87,0,0,1,0,224632.65,0.0,0,261.12,19.97,44.92,0.0,2.24,0.0,0.0,60.0,60.0,0,0,0,0.0,-72.65
498,224632.65,1224.44,63.75,61,-48.0,19.68,0.11,14.22,0,2,0,0,165,87,0,0,1,0,224632.65,0.0,0,261.12,19.97,44.92,0.0,2.2,0.0,0.0,60.0,60.0,0,0,0,0.0,-72.65
499,222122.79,1872.47,63.75,61,-48.0,20.15,0.12,14.12,1,2,4,0,154,88,0,0,0,0,222122.79,0.0,0,261.12,19.97,44.92,0.0,2.22,0.0,0.0,60.0,60.0,0,0,0,0.0,-72.65
500,223377.72,288.47,63.75,61,-48.0,19.68,0.11,14.12,0,2,4,0,114,87,0,0,1,0,223377.72,0.0,0,261.12,19.97,44.92,0.0,2.22,0.0,0.0,60.0,60.0,0,0,0,0.0,-72.65
501,222122.79,776.47,63.75,61,-48.0,19.68,0.11,14.12,0,2,4,0,48,87,0,0,0,0,222122.79,0.0,0,261.12,19.97,44.92,0.0,2.22,0.0,0.0,60.0,60.0,0,0,0,0.0,-72.65
502,222122.79,880.47,63.75,61,-48.0,20.15,0.11,14.12,0,2,4,0,25,87,0,0,0,0,222122.79,0.0,0,261.12,19.97,44.92,0.0,2.22,0.0,0.0,60.0,60.0,0,0,0,0.0,-72.65
503,222122.79,1016.47,63.75,61,-48.0,19.68,0.11,14.12,1,0,0,0,21,87,0,0,0,0,222122.79,0.0,0,261.12,19.97,44.92,0.0,2.22,0.0,0.0,60.0,60.0,0,0,0,0.0,-72.65
504,222122.79,1600.5,63.75,61,-48.0,20.15,0.12,14.12,0,0,0,0,19,87,0,0,0,0,222122.79,0.0,0,261.12,19.97,44.92,0.0,2.22,0.0,0.0,60.0,60.0,0,0,0,0.0,-72.65
505,222122.79,1752.47,63.75,61,-48.0,19.21,0.11,14.12,1,2,0,0,19,87,0,0,0,0,222122.79,0.0,0,261.12,19.97,44.92,0.0,2.22,0.0,0.0,60.0,60.0,0,0,0,0.0,-72.65
506,220867.86,72.5,63.75,61,-48.0,20.15,0.11,14.12,1,2,4,0,23,87,0,0,0,0,220867.86,0.0,0,261.12,19.97,44.92,0.0,2.22,0.0,0.0,60.0,60.0,0,0,0,0.0,-72.65
507,220867.86,448.5,63.75,61,-48.0,20.15,0.11,14.22,0,0,4,0,84,88,0,0,0,0,220867.86,0.0,0,261.12,19.97,44.92,0.0,2.2,0.0,0.0,60.0,60.0,0,0,0,0.0,-72.65
508,220867.86,584.5,64.5,61,-48.0,19.68,0.11,14.02,0,0,4,0,141,87,0,0,0,0,220867.86,0.0,0,261.12,19.97,44.92,0.0,2.24,0.0,0.0,60.0,60.0,0,0,0,0.0,-72.65
509,220867.86,528.5,64.5,61,-48.0,19.68,0.11,14.22,1,2,4,0,168,87,0,0,0,0,220867.86,0.0,0,261.12,19.97,44.92,0.0,2.2,0.0,0.0,60.0,60.0,0,0,0,0.0,-72.65
510,214593.2,176.59,64.5,61,-48.0,23.9,0.14,14.12,0,0,0,0,173,87,0,0,1,0,214593.2,0.0,0,261.12,19.97,44.92,0.0,2.22,0.0,0.0,60.0,60.0,0,0,0,0.0,-72.97
511,185729.79,1352.62,64.5,61,-48.0,26.24,0.16,14.12,1,2,0,0,172,87,0,0,0,2,185729.79,0.0,0,261.12,19.97,44.92,0.0,2.22,0.0,0.0,60.0,60.0,0,0,0,0.0,-72.97
512,150591.72,1896.59,64.5,61,-48.0,27.18,0.17,14.12,1,2,0,0,180,87,0,0,0,0,150591.72,0.0,0,244.74,19.99,44.92,0.0,2.22,0.0,0.0,60.0,60.0,0,0,0,0.0,-72.65
513,138042.41,160.62,64.5,61,-48.0,27.18,0.17,14.12,0,2,0,0,178,88,0,0,1,2,138042.41,0.0,0,239.62,19.99,44.92,0.0,2.22,0.0,0.0,60.0,60.0,0,0,0,0.0,-72.65
514,139297.34,1056.62,64.5,61,-48.0,27.18,0.17,14.12,1,0,4,0,175,87,0,0,1,2,139297.34,0.0,0,240.64,19.99,44.92,0.0,2.22,0.0,0.0,60.0,60.0,0,0,0,0.0,-72.65
515,139297.34,760.62,64.5,61,-48.0,27.65,0.17,14.22,1,0,4,0,173,88,0,0,1,2,139297.34,0.0,0,240.64,19.99,44.92,0.0,2.2,0.0,0.0,60.0,60.0,0,0,0,0.0,-72.65
516,139297.34,144.62,64.5,61,-48.0,27.65,0.17,14.12,0,2,0,0,168,88,0,0,1,2,139297.34,0.0,0,240.64,19.99,44.92,0.0,2.22,0.0,0.0,60.0,60.0,0,0,0,0.0,-72.65
517,139297.34,1968.59,64.5,61,-48.0,27.18,0.16,14.22,0,2,4,0,160,88,0,0,1,2,139297.34,0.0,0,240.64,24.29,40.23,0.0,2.2,0.0,0.0,60.0,60.0,0,0,0,0.0,-72.65
518,140552.27,1096.62,64.5,61,-48.0,27.18,0.17,14.12,1,0,4,0,140,88,0,0,0,0,140552.27,0.0,0,240.64,24.29,40.23,0.0,2.22,0.0,0.0,60.0,60.0,0,0,0,0.0,-72.65
519,141807.2,360.5,64.5,61,-48.0,22.03,0.13,14.22,0,2,4,0,51,87,0,0,0,0,141807.2,0.0,0,240.64,24.29,40.23,0.0,2.2,0.0,0.0,60.0,60.0,0,0,0,0.0,-72.65
520,145572.0,1048.47,64.5,61,-48.0,20.62,0.12,14.12,0,0,4,0,29,88,0,0,0,2,145572.0,0.0,0,252.93,24.29,40.23,0.0,2.22,0.0,0.0,60.0,60.0,0,0,0,0.0,-72.65
521,237181.96,1352.62,64.5,61,-48.0,23.43,0.14,14.22,0,2,4,0,37,88,0,0,0,2,237181.96,0.0,0,261.12,24.28,40.23,0.0,2.2,0.0,0.0,60.0,60.0,0,0,0,0.0,-72.65
522,239691.82,1656.59,64.5,61,-48.0,22.03,0.13,14.22,1,2,0,0,32,88,0,0,1,2,239691.82,0.0,0,261.12,24.28,40.23,0.0,2.2,0.0,0.0,60.0,60.0,0,0,0,0.0,-72.65
523,238436.89,1680.53,64.5,61,-48.0,20.15,0.11,14.12,0,2,4,0,25,88,0,0,1,2,238436.89,0.0,0,261.12,24.28,40.23,0.0,2.22,0.0,0.0,60.0,60.0,0,0,0,0.0,-72.65
524,224632.65,1840.53,64.5,61,-48.0,19.21,0.11,14.12,0,0,4,0,140,88,0,0,1,0,224632.65,0.0,0,261.12,24.28,40.23,0.0,2.22,0.0,0.0,60.0,60.0,0,0,0,0.0,-72.65
525,163141.03,1992.5,64.5,61,-48.0,19.68,0.11,14.22,0,2,4,0,175,88,0,0,1,0,163141.03,0.0,0,261.12,24.28,40.23,0.0,2.2,0.0,0.0,60.0,60.0,0,0,0,0.0,-72.65
526,225887.58,624.53,64.5,61,-48.0,20.62,0.12,14.12,1,0,4,0,174,88,0,0,0,2,225887.58,0.0,0,261.12,24.28,40.23,0.0,2.22,0.0,0.0,60.0,60.0,0,0,0,0.0,-72.65
527,239691.82,344.69,64.5,61,-48.0,22.03,0.13,14.12,0,0,4,0,163,88,0,0,1,2,239691.82,0.0,0,261.12,24.28,40.23,0.0,2.22,0.0,0.0,60.0,60.0,0,0,0,0.0,-72.65
528,239691.82,16.59,64.5,61,-48.0,19.68,0.11,14.12,1,2,4,0,77,88,0,0,1,2,239691.82,0.0,0,261.12,24.28,40.23,0.0,2.22,0.0,0.0,60.0,60.0,0,0,0,0.0,-72.65
529,239691.82,1464.53,64.5,61,-48.0,19.21,0.11,14.22,0,2,0,0,31,88,0,0,1,2,239691.82,0.0,0,261.12,24.28,40.23,0.0,2.2,0.0,0.0,60.0,60.0,0,0,0,0.0,-72.65
530,233417.17,424.53,64.5,61,-48.0,19.21,0.11,14.12,0,0,4,0,111,88,0,0,1,0,233417.17,0.0,0,261.12,24.28,40.23,0.0,2.22,0.0,0.0,60.0,60.0,0,0,0,0.0,-72.65
531,220867.86,48.53,64.5,61,-48.0,19.21,0.11,14.12,1,0,4,0,169,88,0,0,0,0,220867.86,0.0,0,261.12,24.28,40.23,0.0,2.22,0.0,0.0,60.0,60.0,0,0,0,0.0,-72.65
532,186984.72,752.5,64.5,61,-48.0,19.21,0.11,14.12,0,2,0,0,170,88,0,0,0,2,186984.72,0.0,0,249.86,24.29,40.23,0.0,2.22,0.0,0.0,60.0,60.0,0,0,0,0.0,-72.65
533,190749.51,1952.5,64.5,61,-48.0,20.15,0.11,13.92,0,0,0,0,168,87,0,0,0,0,190749.51,0.0,0,254.98,24.28,40.23,0.0,2.27,0.0,0.0,60.0,60.0,0,0,0,0.0,-72.65
534,194514.3,272.53,65.25,61,-48.0,19.68,0.11,14.12,1,0,0,0,148,88,0,0,1,0,194514.3,0.0,0,261.12,24.29,40.23,0.0,2.22,0.0,0.0,60.0,60.0,0,0,0,0.0,-72.65
535,198279.1,1248.47,65.25,61,-48.0,19.68,0.11,14.12,0,2,0,0,49,88,0,0,1,2,198279.1,0.0,0,261.12,24.29,40.23,0.0,2.22,0.0,0.0,60.0,60.0,0,0,0,0.0,-72.65
536,202043.89,1440.44,65.25,61,-48.0,19.68,0.11,14.12,0,0,4,0,19,87,0,0,0,0,202043.89,0.0,0,261.12,24.29,40.23,0.0,2.22,0.0,0.0,60.0,60.0,0,0,0,0.0,-72.65
537,207063.61,1912.41,65.25,61,-48.0,19.68,0.11,14.12,0,2,4,0,12,88,0,0,0,2,207063.61,0.0,0,261.12,24.29,40.23,0.0,2.22,0.0,0.0,60.0,60.0,0,0,0,0.0,-72.65
538,210828.41,1200.44,65.25,61,-48.0,20.15,0.11,14.12,1,2,4,0,11,88,0,0,0,0,210828.41,0.0,0,261.12,24.29,40.23,0.0,2.22,0.0,0.0,60.0,60.0,0,0,0,0.0,-72.65
539,215848.13,1600.47,65.25,61,-48.0,20.15,0.11,14.02,0,0,4,0,13,87,0,0,0,2,215848.13,0.0,0,261.12,24.29,40.23,0.0,2.24,0.0,0.0,60.0,60.0,0,0,0,0.0,-72.65
540,151846.65,1000.62,65.25,61,-48.0,26.71,0.16,14.22,1,0,4,0,13,87,0,0,0,0,151846.65,0.0,0,261.12,24.29,40.23,0.0,2.2,0.0,0.0,60.0,60.0,0,0,0,0.0,-72.97
541,141807.2,2016.81,65.25,61,-48.0,36.08,0.24,14.12,1,2,4,0,32,87,0,0,0,0,141807.2,0.0,0,252.93,24.33,40.23,0.0,2.22,0.0,0.0,60.0,60.0,0,0,0,0.0,-72.97
542,145572.0,528.97,65.25,61,-48.0,41.71,0.31,14.02,1,2,4,0,175,87,0,0,0,2,145572.0,0.0,0,227.33,24.38,40.23,0.0,2.24,0.0,0.0,60.0,60.0,0,0,0,0.0,-73.3
543,143062.13,1808.94,65.25,61,-48.0,41.24,0.31,14.02,0,2,0,0,180,88,0,0,1,0,143062.13,0.0,0,223.23,24.4,40.23,0.0,2.24,0.0,0.0,60.0,60.0,0,0,0,0.0,-73.3
544,139297.34,2016.69,65.25,61,-48.0,34.68,0.23,14.12,1,0,4,0,178,88,0,0,1,2,139297.34,0.0,0,224.26,24.39,40.23,0.0,2.22,0.0,0.0,60.0,60.0,0,0,0,0.0,-72.97
545,134277.62,1488.5,65.25,61,-48.0,26.71,0.16,14.12,1,0,4,0,177,88,0,0,1,0,134277.62,0.0,0,242.69,24.35,40.23,0.0,2.22,0.0,0.0,60.0,60.0,0,0,0,0.0,-72.65
546,131767.76,1288.53,65.25,61,-48.0,25.77,0.15,14.12,1,2,0,0,155,88,0,0,0,0,131767.76,0.0,0,258.05,24.32,40.23,0.0,2.22,0.0,0.0,60.0,60.0,0,0,0,0.0,-72.65
547,133022.69,1864.56,65.25,61,-48.0,27.18,0.16,14.12,1,0,0,0,59,88,0,0,1,0,133022.69,0.0,0,259.07,24.32,40.23,0.0,2.22,0.0,0.0,60.0,60.0,0,0,0,0.0,-72.65
548,155611.44,425.0,65.25,61,-48.0,39.83,0.29,14.12,1,2,0,0,23,88,0,0,0,2,155611.44,0.0,0,250.88,24.37,40.23,0.0,2.22,0.0,0.0,60.0,60.0,0,0,0,0.0,-73.3
549,143062.13,80.94,65.25,61,-48.0,40.77,0.31,14.22,0,2,4,0,170,88,0,0,1,0,143062.13,0.0,0,226.3,24.4,40.23,0.0,2.2,0.0,0.0,60.0,60.0,0,0,0,0.0,-73.3
550,149336.79,1457.28,65.25,61,-48.0,49.21,0.44,14.12,0,0,4,0,180,88,0,0,1,2,149336.79,0.0,0,214.02,24.53,40.23,0.0,2.22,0.0,0.0,60.0,60.0,0,0,0,0.0,-73.62
551,145572.0,161.22,65.25,61,-48.0,49.67,0.44,14.02,0,0,0,0,176,88,0,0,0,2,145572.0,0.0,0,204.8,24.55,40.23,0.0,2.24,0.0,0.0,60.0,60.0,0,0,0,0.0,-73.62
552,145572.0,489.25,65.25,61,-48.0,49.21,0.45,14.12,1,2,4,0,154,88,0,0,0,2,145572.0,0.0,0,204.8,24.55,40.23,0.0,2.22,0.0,0.0,60.0,60.0,0,0,0,0.0,-73.62
553,159376.24,1849.81,65.25,61,-48.0,60.92,0.71,14.12,0,0,4,0,33,87,0,0,1,2,159376.24,0.0,0,194.56,24.58,40.23,0.0,2.22,0.0,0.0,60.0,60.0,0,0,0,0.0,-74.28
554,151846.65,1609.69,65.25,61,-48.0,61.86,0.73,14.02,1,0,0,0,9,87,0,0,0,0,151846.65,0.0,0,181.25,24.58,40.23,0.0,2.24,0.0,0.0,60.0,60.0,0,0,0,0.0,-74.28
555,150591.72,1665.69,65.25,61,-48.0,62.33,0.75,14.22,1,0,4,0,9,87,0,0,0,0,150591.72,0.0,0,183.3,24.58,40.23,0.0,2.2,0.0,0.0,60.0,60.0,0,0,0,0.0,-74.28
556,149336.79,1145.72,65.25,61,-48.0,63.26,0.78,14.12,1,0,4,0,9,87,0,0,1,2,149336.79,0.0,0,187.39,24.58,40.23,0.0,2.22,0.0,0.0,60.0,60.0,0,0,0,0.0,-74.28
557,149336.79,609.75,65.25,61,-48.0,64.2,0.81,14.02,0,0,4,0,10,87,0,0,1,2,149336.79,0.0,0,190.46,24.58,40.23,0.0,2.24,0.0,0.0,60.0,60.0,0,0,0,0.0,-74.6
558,149336.79,1201.75,66.0,61,-48.0,65.14,0.83,14.12,0,0,0,0,15,87,0,0,1,2,149336.79,0.0,0,194.56,24.58,40.23,0.0,2.22,0.0,0.0,60.0,60.0,0,0,0,0.0,-74.6
559,149336.79,129.78,66.0,61,-48.0,65.14,0.86,14.12,1,2,0,0,81,87,0,0,1,2,149336.79,0.0,0,198.66,24.58,40.23,0.0,2.22,0.0,0.0,60.0,60.0,0,0,0,0.0,-74.6
560,148081.86,337.75,66.0,61,-48.0,66.55,0.85,14.12,1,2,0,0,166,87,0,0,1,2,148081.86,0.0,0,203.78,24.58,40.23,0.0,2.22,0.0,0.0,60.0,60.0,0,0,0,0.0,-74.6
561,148081.86,705.78,66.0,61,-48.0,66.55,0.88,14.02,0,2,4,0,168,87,0,0,1,2,148081.86,0.0,0,207.87,24.58,40.23,0.0,2.24,0.0,0.0,60.0,60.0,0,0,0,0.0,-74.6
562,148081.86,2041.75,66.0,61,-48.0,66.55,0.89,14.22,1,2,0,0,155,87,0,0,1,2,148081.86,0.0,0,209.92,24.58,40.23,0.0,2.2,0.0,0.0,60.0,60.0,0,0,0,0.0,-74.6
563,148081.86,865.78,66.0,61,-48.0,67.48,0.91,14.12,1,0,4,0,74,87,0,0,1,2,148081.86,0.0,0,215.04,24.58,40.23,0.0,2.22,0.0,0.0,60.0,60.0,0,0,0,0.0,-74.28
564,145572.0,697.78,66.0,61,-48.0,67.95,0.93,14.02,0,2,4,0,24,87,0,0,0,2,145572.0,0.0,0,218.11,24.58,40.23,0.0,2.24,0.0,0.0,60.0,60.0,0,0,0,0.0,-74.6
565,145572.0,1825.78,66.0,61,-48.0,68.42,0.94,14.02,0,2,4,0,162,87,0,0,0,2,145572.0,0.0,0,220.16,24.58,40.23,0.0,2.24,0.0,0.0,60.0,60.0,0,0,0,0.0,-74.6
566,144317.07,1817.78,66.0,61,-48.0,69.36,0.95,14.12,1,0,0,0,170,88,0,0,1,0,144317.07,0.0,0,222.21,24.58,40.23,0.0,2.22,0.0,0.0,60.0,60.0,0,0,0,0.0,-74.6
567,141807.2,1889.72,66.0,61,-48.0,68.42,0.95,14.12,1,0,0,0,173,87,0,0,0,0,141807.2,0.0,0,225.28,24.58,40.23,0.0,2.22,0.0,0.0,60.0,60.0,0,0,0,0.0,-74.28
568,140552.27,1201.72,66.0,61,-48.0,68.89,0.95,14.02,1,0,0,0,153,87,0,0,0,0,140552.27,0.0,0,226.3,24.58,40.23,0.0,2.24,0.0,0.0,60.0,60.0,0,0,0,0.0,-74.28
569,139297.34,785.72,66.0,61,-48.0,69.36,0.97,14.02,0,2,0,0,50,87,0,0,1,2,139297.34,0.0,0,228.35,24.58,40.23,0.0,2.24,0.0,0.0,60.0,60.0,0,0,0,0.0,-74.28
570,136787.48,617.66,66.0,61,-48.0,68.89,0.95,14.12,1,2,0,0,26,87,0,0,0,2,136787.48,0.0,0,230.4,24.58,40.23,0.0,2.22,0.0,0.0,60.0,60.0,0,0,0,0.0,-74.28
571,133022.69,1553.34,66.0,61,-48.0,62.8,0.77,14.12,0,2,4,0,174,88,0,0,1,0,133022.69,0.0,0,234.5,24.58,40.23,0.0,2.22,0.0,0.0,60.0,60.0,0,0,0,0.0,-73.95
572,131767.76,489.31,66.0,61,-48.0,62.33,0.74,14.02,0,2,0,0,177,87,0,0,0,0,131767.76,0.0,0,241.66,24.58,40.23,0.0,2.24,0.0,0.0,60.0,60.0,0,0,0,0.0,-73.62
573,131767.76,1129.31,66.0,61,-48.0,62.33,0.75,14.12,1,2,0,0,174,88,0,0,0,0,131767.76,0.0,0,241.66,24.6,40.23,0.0,2.22,0.0,0.0,60.0,60.0,0,0,0,0.0,-73.62
574,140552.27,1921.41,66.0,60,-48.0,62.33,0.74,14.22,1,0,0,0,169,88,0,0,0,0,140552.27,0.0,0,232.45,24.63,40.23,0.0,2.2,0.0,0.0,60.0,60.0,0,0,0,0.0,-73.62
575,145572.0,1097.56,66.0,60,-48.0,61.39,0.72,14.12,0,2,4,0,74,88,0,0,0,2,145572.0,0.0,0,215.04,24.64,40.23,0.0,2.22,0.0,0.0,60.0,60.0,0,0,0,0.0,-73.95
576,148081.86,465.56,66.0,60,-48.0,60.45,0.69,14.02,0,2,0,0,21,87,0,0,1,2,148081.86,0.0,0,209.92,24.64,40.23,0.0,2.24,0.0,0.0,60.0,60.0,0,0,0,0.0,-73.95
577,146826.93,249.53,66.0,60,-48.0,60.45,0.69,14.12,0,0,0,0,30,88,0,0,0,2,146826.93,0.0,0,209.92,24.64,40.23,0.0,2.22,0.0,0.0,60.0,60.0,0,0,0,0.0,-73.95
578,146826.93,17.56,66.0,60,-48.0,60.45,0.7,14.12,1,2,0,0,83,87,0,0,0,2,146826.93,0.0,0,210.94,24.64,40.23,0.0,2.22,0.0,0.0,60.0,60.0,0,0,0,0.0,-73.95
579,146826.93,2017.53,66.0,60,-48.0,60.45,0.7,14.12,1,0,0,0,169,87,0,0,0,2,146826.93,0.0,0,211.97,24.64,40.23,0.0,2.22,0.0,0.0,60.0,60.0,0,0,0,0.0,-73.95
580,146826.93,1449.56,66.0,60,-48.0,60.45,0.71,14.02,0,0,0,0,170,87,0,0,0,2,146826.93,0.0,0,212.99,24.64,40.23,0.0,2.24,0.0,0.0,60.0,60.0,0,0,0,0.0,-73.95
581,146826.93,1729.53,66.0,60,-48.0,60.45,0.7,14.02,1,2,4,0,161,87,0,0,0,2,146826.93,0.0,0,214.02,24.64,40.23,0.0,2.24,0.0,0.0,60.0,60.0,0,0,0,0.0,-73.95
582,146826.93,1377.47,66.75,60,-48.0,58.58,0.66,14.12,1,2,0,0,138,88,0,0,0,2,146826.93,0.1,0,216.06,24.64,40.23,0.0,2.22,0.0,0.0,60.0,60.0,0,0,0,0.0,-73.95
583,143062.13,961.31,66.75,60,-48.0,55.77,0.58,14.12,1,2,4,0,152,88,0,0,1,0,143062.13,0.1,0,222.21,24.64,40.23,0.0,2.22,0.0,0.0,60.0,60.0,0,0,0,0.0,-73.62
584,143062.13,457.31,66.75,60,-48.0,55.77,0.58,13.92,0,0,4,0,25,86,0,0,1,0,143062.13,26.73,0,224.26,24.65,40.23,0.0,2.27,0.0,0.0,60.0,60.0,0,0,0,0.0,-73.62
585,143062.13,753.31,66.75,60,-48.0,56.24,0.59,14.12,0,0,0,0,15,87,0,0,1,0,143062.13,26.73,0,226.3,24.65,40.23,0.0,2.22,0.0,0.0,60.0,60.0,0,0,0,0.0,-73.62
586,143062.13,1937.28,66.75,60,-48.0,55.77,0.58,14.12,1,2,0,0,18,87,0,0,1,0,143062.13,26.73,0,225.28,24.65,40.23,0.0,2.22,0.0,0.0,60.0,60.0,0,0,0,0.0,-73.62
587,143062.13,1873.31,66.75,60,-48.0,55.3,0.59,13.92,1,0,4,0,70,86,0,0,1,0,143062.13,26.73,0,227.33,24.64,40.23,0.0,2.27,0.0,0.0,60.0,60.0,0,0,0,0.0,-73.62
588,141807.2,953.28,66.75,60,-48.0,55.77,0.57,14.02,0,0,0,0,143,88,0,0,0,0,141807.2,26.73,0,227.33,24.64,40.23,0.0,2.24,0.0,0.0,60.0,60.0,0,0,0,0.0,-73.62
589,143062.13,1897.28,66.75,60,-48.0,55.77,0.58,14.12,0,2,0,0,161,88,0,0,1,0,143062.13,26.73,0,227.33,24.64,40.23,0.0,2.22,0.0,0.0,60.0,60.0,0,0,0,0.0,-73.62
590,143062.13,1905.28,66.75,60,-48.0,55.77,0.58,14.12,0,2,4,0,157,86,0,0,1,0,143062.13,26.73,0,227.33,24.64,40.23,0.0,2.22,0.0,0.0,60.0,60.0,0,0,0,0.0,-73.62
591,143062.13,1993.31,66.75,60,-48.0,56.24,0.58,13.92,1,2,0,0,135,88,0,0,1,0,143062.13,26.73,0,222.21,24.64,40.23,0.0,2.27,0.0,0.0,60.0,60.0,0,0,0,0.0,-73.62
592,146826.93,1081.41,66.75,60,-48.0,54.83,0.57,14.12,1,0,0,0,25,87,0,0,0,2,146826.93,26.73,0,198.66,0.39,50.0,0.0,2.22,0.0,0.0,60.0,60.0,0,0,0,0.0,-73.95
593,146826.93,425.38,66.75,60,-48.0,54.36,0.55,14.12,1,2,4,0,39,88,0,0,0,2,146826.93,26.73,0,188.42,0.39,50.0,0.0,2.22,0.0,0.0,60.0,60.0,0,0,0,0.0,-73.95
594,146826.93,1.41,66.75,60,-48.0,54.36,0.55,13.82,1,0,0,0,153,86,0,0,0,2,146826.93,26.73,0,188.42,0.39,50.0,0.0,2.3,0.0,0.0,60.0,60.0,0,0,0,0.0,-73.95
595,146826.93,1521.41,66.75,60,-48.0,54.36,0.55,14.02,1,0,0,0,161,88,0,0,0,2,146826.93,26.73,0,190.46,0.39,50.0,0.0,2.24,0.0,0.0,60.0,60.0,0,0,0,0.0,-73.95
596,146826.93,1233.38,67.5,60,-48.0,54.36,0.55,14.12,1,2,0,0,161,88,0,0,0,2,146826.93,26.73,0,190.46,0.39,50.0,0.0,2.22,0.0,0.0,60.0,60.0,0,0,0,0.0,-73.62
597,146826.93,1433.38,67.5,60,-48.0,54.36,0.55,14.12,1,2,0,0,88,87,0,0,0,2,146826.93,26.73,0,190.46,0.39,50.0,0.0,2.22,0.0,0.0,60.0,60.0,0,0,0,0.0,-73.62
598,144317.07,825.16,67.5,60,-48.0,49.67,0.46,13.92,1,0,4,0,27,88,0,0,1,0,144317.07,26.73,0,192.51,0.39,50.0,0.0,2.27,0.0,0.0,60.0,60.0,0,0,0,0.0,-73.62
599,143062.13,729.19,67.5,60,-48.0,49.67,0.45,14.12,0,2,0,0,162,88,0,0,1,0,143062.13,26.73,0,200.7,0.33,50.0,0.0,2.22,0.0,0.0,60.0,60.0,0,0,0,0.0,-73.62
600,141807.2,1185.06,67.5,60,-48.0,45.93,0.38,14.12,1,0,0,0,176,88,0,0,0,0,141807.2,26.73,0,209.92,0.24,50.0,0.0,2.22,0.0,0.0,60.0,60.0,0,0,0,0.0,-73.62
601,141807.2,601.06,67.5,60,-48.0,44.99,0.38,14.12,1,2,4,0,179,88,0,0,0,0,141807.2,26.73,0,215.04,0.24,50.0,0.0,2.22,0.0,0.0,60.0,60.0,0,0,0,0.0,-73.3
602,141807.2,1217.06,67.5,60,-48.0,45.93,0.38,14.02,1,2,4,0,173,86,0,0,0,0,141807.2,26.73,0,215.04,0.24,50.0,0.0,2.24,0.0,0.0,60.0,60.0,0,0,0,0.0,-73.3
603,143062.13,321.03,67.5,60,-48.0,44.05,0.36,14.12,1,0,4,0,170,88,0,0,1,0,143062.13,26.73,0,216.06,0.24,50.0,0.0,2.22,0.0,0.0,60.0,60.0,0,0,0,0.0,-73.3
604,136787.48,544.69,67.5,60,-48.0,34.68,0.24,14.12,1,0,0,0,172,88,0,0,0,2,136787.48,26.73,0,222.21,0.17,50.0,0.0,2.22,0.0,0.0,60.0,60.0,0,0,0,0.0,-72.97
605,145572.0,1016.44,67.5,60,-48.0,23.9,0.14,14.12,1,0,0,0,175,86,0,0,0,2,145572.0,26.73,0,240.64,0.12,50.0,0.0,2.22,0.0,0.0,60.0,60.0,0,0,0,0.0,-72.65
606,164395.96,1264.47,67.5,60,-48.0,23.43,0.14,14.12,1,0,0,0,172,88,0,0,1,0,164395.96,26.73,0,257.02,0.06,50.0,0.0,2.22,0.0,0.0,60.0,60.0,0,0,0,0.0,-72.65
607,185729.79,1088.47,68.25,60,-48.0,22.96,0.13,14.12,0,0,4,0,158,88,0,0,0,2,185729.79,26.73,0,261.12,0.05,50.0,0.0,2.22,0.0,0.0,60.0,60.0,0,0,0,0.0,-72.65
608,195769.24,992.47,68.25,60,-48.0,22.96,0.13,14.12,1,2,0,0,158,86,0,0,0,2,195769.24,26.73,0,261.12,0.05,50.0,0.0,2.22,0.0,0.0,60.0,60.0,0,0,0,0.0,-72.65
609,200788.96,1568.47,68.25,60,-48.0,22.96,0.13,14.12,0,2,4,0,154,88,0,0,0,0,200788.96,26.73,0,261.12,0.04,50.0,0.0,2.22,0.0,0.0,60.0,60.0,0,0,0,0.0,-72.65
610,223377.72,1256.47,68.25,60,-48.0,20.62,0.12,14.12,1,2,0,0,138,88,0,0,1,0,223377.72,26.73,0,261.12,0.04,50.0,0.0,2.22,0.0,0.0,60.0,60.0,0,0,0,0.0,-72.65
611,222122.79,968.47,68.25,60,-48.0,20.62,0.12,14.12,0,0,4,0,82,88,0,0,0,0,222122.79,26.73,0,261.12,0.04,50.0,0.0,2.22,0.0,0.0,60.0,60.0,0,0,0,0.0,-72.65
612,224632.65,872.47,68.25,60,-48.0,19.21,0.11,14.12,0,0,4,0,38,86,0,0,1,0,224632.65,26.73,0,261.12,0.03,50.0,0.0,2.22,0.0,0.0,60.0,60.0,0,0,0,0.0,-72.65
613,223377.72,624.47,68.25,60,-48.0,20.15,0.11,14.02,0,2,0,0,24,88,0,0,1,0,223377.72,26.73,0,261.12,0.03,50.0,0.0,2.24,0.0,0.0,60.0,60.0,0,0,0,0.0,-72.65
614,223377.72,528.44,68.25,60,-48.0,18.28,0.11,14.12,0,2,0,0,19,88,0,0,1,0,223377.72,26.73,0,261.12,0.03,50.0,0.0,2.22,0.0,0.0,60.0,60.0,0,0,0,0.0,-72.65
615,220867.86,240.47,68.25,60,-48.0,18.75,0.11,14.22,1,2,4,0,18,88,0,0,0,0,220867.86,26.73,0,261.12,0.03,50.0,0.0,2.2,0.0,0.0,60.0,60.0,0,0,0,0.0,-72.65
616,220867.86,448.47,68.25,60,-48.0,19.21,0.11,13.92,0,0,0,0,21,86,0,0,0,0,220867.86,26.73,0,261.12,0.03,50.0,0.0,2.27,0.0,0.0,60.0,60.0,0,0,0,0.0,-72.65
617,222122.79,688.47,68.25,60,-48.0,19.21,0.11,14.12,0,2,0,0,27,88,0,0,0,0,222122.79,26.73,0,261.12,0.03,50.0,0.0,2.22,0.0,0.0,60.0,60.0,0,0,0,0.0,-72.65
618,220867.86,776.47,69.0,60,-48.0,18.75,0.11,14.12,1,2,4,0,71,88,0,0,0,0,220867.86,26.73,0,261.12,0.03,50.0,0.0,2.22,0.0,0.0,60.0,60.0,0,0,0,0.0,-72.65
619,220867.86,960.47,69.0,60,-48.0,18.28,0.11,14.12,1,2,4,0,121,87,0,0,0,0,220867.86,26.73,0,261.12,0.03,50.0,0.0,2.22,0.0,0.0,60.0,60.0,0,0,0,0.0,-72.65
620,222122.79,704.44,69.0,60,-48.0,18.75,0.11,13.92,1,0,0,0,160,88,0,0,0,0,222122.79,26.73,0,261.12,0.03,50.0,0.0,2.27,0.0,0.0,60.0,60.0,0,0,0,0.0,-72.65
621,225887.58,1680.41,69.0,60,-48.0,18.75,0.11,14.12,0,2,4,0,169,88,0,0,0,2,225887.58,26.73,0,261.12,0.04,50.0,0.0,2.22,0.0,0.0,60.0,60.0,0,0,0,0.0,-72.65
622,225887.58,656.41,69.0,60,-48.0,19.21,0.11,14.22,1,2,4,0,153,88,0,0,0,2,225887.58,26.73,0,261.12,0.04,50.0,0.0,2.2,0.0,0.0,60.0,60.0,0,0,0,0.0,-72.65
623,225887.58,8.41,69.0,60,-48.0,18.28,0.11,14.02,1,2,0,0,47,86,0,0,0,2,225887.58,26.73,0,261.12,0.04,50.0,0.0,2.24,0.0,0.0,60.0,60.0,0,0,0,0.0,-72.65
624,225887.58,1008.38,69.0,60,-48.0,18.75,0.11,14.02,0,2,0,0,25,88,0,0,0,2,225887.58,26.73,0,261.12,0.04,50.0,0.0,2.24,0.0,0.0,60.0,60.0,0,0,0,0.0,-72.33
625,225887.58,288.38,69.0,60,-48.0,18.75,0.11,14.22,0,0,0,0,29,88,0,0,0,2,225887.58,26.73,0,261.12,0.05,50.0,0.0,2.2,0.0,0.0,60.0,60.0,0,0,0,0.0,-72.33
626,225887.58,2008.38,69.0,60,-48.0,18.75,0.11,14.22,1,0,0,0,145,87,0,0,0,2,225887.58,26.73,0,261.12,0.04,50.0,0.0,2.2,0.0,0.0,60.0,60.0,0,0,0,0.0,-72.33
627,225887.58,8.41,69.0,60,-48.0,19.21,0.11,14.22,1,2,0,0,175,86,0,0,0,2,225887.58,26.73,0,261.12,0.04,50.0,0.0,2.2,0.0,0.0,60.0,60.0,0,0,0,0.0,-72.33
628,225887.58,800.41,69.0,60,-48.0,19.21,0.11,14.12,1,2,4,0,176,87,0,0,0,2,225887.58,26.73,0,261.12,0.04,50.0,0.0,2.22,0.0,0.0,60.0,60.0,0,0,0,0.0,-72.33
629,224632.65,1184.41,69.0,60,-48.0,18.75,0.11,14.12,1,2,4,0,172,87,0,0,1,0,224632.65,26.73,0,261.12,0.04,50.0,0.0,2.22,0.0,0.0,60.0,60.0,0,0,0,0.0,-72.33
630,225887.58,1408.41,69.0,60,-48.0,18.75,0.11,13.92,1,0,4,0,169,87,0,0,0,2,225887.58,26.73,0,261.12,0.04,50.0,0.0,2.27,0.0,0.0,60.0,60.0,0,0,0,0.0,-72.33
631,223377.72,1600.41,69.0,61,-48.0,18.28,0.11,14.22,0,0,0,0,164,87,0,0,1,0,223377.72,26.73,0,261.12,0.04,50.0,0.0,2.2,0.0,0.0,60.0,60.0,0,0,0,0.0,-72.33
632,223377.72,72.44,69.0,61,-48.0,19.68,0.11,14.12,0,2,4,0,148,87,0,0,1,0,223377.72,26.73,0,261.12,65.01,47.66,0.0,2.22,0.0,0.0,60.0,60.0,0,0,0,0.0,-72.33
633,222122.79,752.44,69.75,61,-48.0,18.28,0.11,14.22,1,0,0,0,58,85,0,0,0,0,222122.79,26.73,0,261.12,65.01,47.66,0.0,2.2,0.0,0.0,60.0,60.0,0,0,0,0.0,-72.65
634,223377.72,1144.44,69.75,61,-48.0,18.75,0.11,14.02,0,0,0,0,25,88,0,0,1,0,223377.72,26.73,0,261.12,65.01,47.66,0.0,2.24,0.0,0.0,60.0,60.0,0,0,0,0.0,-72.65
635,222122.79,1216.44,69.75,61,-48.0,18.75,0.11,14.22,0,0,4,0,17,87,0,0,0,0,222122.79,26.73,0,261.12,65.01,47.66,0.0,2.2,0.0,0.0,60.0,60.0,0,0,0,0.0,-72.65
636,219612.92,1824.47,69.75,61,-48.0,18.28,0.11,14.12,1,2,4,0,16,87,0,0,1,2,219612.92,26.73,0,261.12,65.0,47.66,0.0,2.22,0.0,0.0,60.0,60.0,0,0,0,0.0,-72.65
637,219612.92,536.47,69.75,61,-48.0,19.21,0.11,14.02,1,2,4,0,16,87,0,0,1,2,219612.92,26.73,0,261.12,65.0,47.66,0.0,2.24,0.0,0.0,60.0,60.0,0,0,0,0.0,-72.65
638,219612.92,864.47,69.75,61,-48.0,18.28,0.11,14.22,0,0,0,0,25,87,0,0,1,2,219612.92,26.73,0,261.12,65.0,47.66,0.0,2.2,0.0,0.0,60.0,60.0,0,0,0,0.0,-72.65
639,218357.99,1504.47,69.75,61,-48.0,17.81,0.1,14.22,0,0,4,0,127,87,0,0,1,2,218357.99,26.73,0,261.12,65.0,47.66,0.0,2.2,0.0,0.0,60.0,60.0,0,0,0,0.0,-72.65
640,218357.99,1960.47,69.75,61,-48.0,17.81,0.1,14.12,1,0,4,0,165,85,0,0,1,2,218357.99,26.73,0,261.12,65.0,47.66,0.0,2.22,0.0,0.0,60.0,60.0,0,0,0,0.0,-72.65
641,214593.2,760.53,69.75,61,-48.0,18.28,0.11,14.12,0,0,4,0,170,87,0,0,1,0,214593.2,26.73,0,261.12,65.0,47.66,0.0,2.22,0.0,0.0,60.0,60.0,0,0,0,0.0,-72.65
642,217103.06,1856.53,69.75,61,-48.0,18.75,0.11,14.12,0,2,0,0,166,88,0,0,0,2,217103.06,26.73,0,261.12,65.0,47.66,0.0,2.22,0.0,0.0,60.0,60.0,0,0,0,0.0,-72.65
643,218357.99,56.5,69.75,61,-48.0,18.28,0.11,13.92,0,2,0,0,158,88,0,0,1,2,218357.99,26.73,0,261.12,65.0,47.66,0.0,2.27,0.0,0.0,60.0,60.0,0,0,0,0.0,-72.65
644,219612.92,1168.47,69.75,61,-48.0,18.28,0.1,14.12,0,2,4,0,160,87,0,0,1,2,219612.92,26.73,0,261.12,52.48,46.09,0.0,2.22,0.0,0.0,60.0,60.0,0,0,0,0.0,-72.65
645,218357.99,136.47,69.75,61,-48.0,17.34,0.1,14.12,0,0,0,0,162,88,0,0,1,2,218357.99,26.73,0,261.12,52.48,46.09,0.0,2.22,0.0,0.0,60.0,60.0,0,0,0,0.0,-72.65
646,214593.2,336.5,69.75,61,-48.0,17.81,0.1,14.12,0,2,4,0,155,85,0,0,1,0,214593.2,26.73,0,261.12,52.47,46.09,0.0,2.22,0.0,0.0,60.0,60.0,0,0,0,0.0,-72.65
647,209573.48,1360.56,69.75,61,-48.0,18.75,0.11,14.02,1,0,4,0,85,88,0,0,1,2,209573.48,26.73,0,245.76,52.47,46.09,0.0,2.24,0.0,0.0,60.0,60.0,0,0,0,0.0,-72.65
648,190749.51,1352.59,70.5,61,-48.0,18.75,0.11,14.12,1,2,0,0,29,88,0,0,0,0,190749.51,26.73,0,227.33,52.47,46.09,0.0,2.22,0.0,0.0,60.0,60.0,0,0,0,0.0,-72.65
649,181964.99,1168.62,70.5,61,-48.0,17.81,0.1,14.12,1,0,4,0,17,85,0,0,0,0,181964.99,26.73,0,206.85,52.47,46.09,0.0,2.22,0.0,0.0,60.0,60.0,0,0,0,0.0,-72.65
650,205808.68,440.62,70.5,61,-48.0,17.81,0.1,14.02,0,2,4,0,15,87,0,0,0,2,205808.68,26.73,0,209.92,52.47,46.09,0.0,2.24,0.0,0.0,60.0,60.0,0,0,0,0.0,-72.65
651,207063.61,1024.59,70.5,61,-48.0,17.81,0.1,14.22,0,0,4,0,16,88,0,0,0,2,207063.61,26.73,0,226.3,52.47,46.09,0.0,2.2,0.0,0.0,60.0,60.0,0,0,0,0.0,-72.65
652,209573.48,1512.59,70.5,61,-48.0,17.81,0.1,14.22,1,2,4,0,16,88,0,0,1,2,209573.48,26.73,0,198.66,52.47,46.09,0.0,2.2,0.0,0.0,60.0,60.0,0,0,0,0.0,-72.65
653,205808.68,1880.62,70.5,61,-48.0,17.34,0.1,14.22,0,0,0,0,14,85,0,0,0,2,205808.68,26.73,0,153.6,52.47,46.09,0.0,2.2,0.0,0.0,60.0,60.0,0,0,0,0.0,-72.97
654,202043.89,440.62,70.5,61,-48.0,17.81,0.1,13.92,1,2,4,0,15,87,0,0,0,0,202043.89,26.73,0,129.02,52.47,46.09,0.0,2.27,0.0,0.0,60.0,60.0,0,0,0,0.0,-72.97
655,195769.24,968.66,70.5,61,-48.0,17.81,0.1,14.12,0,2,0,0,18,87,0,0,0,2,195769.24,26.73,0,107.52,52.47,46.09,0.0,2.22,0.0,0.0,60.0,60.0,0,0,0,0.0,-72.97
656,198279.1,1664.62,70.5,61,-9.75,17.81,0.1,14.22,0,2,4,0,25,87,0,0,1,2,198279.1,26.73,0,87.04,52.47,46.09,0.0,2.2,0.0,0.0,60.0,60.0,0,0,0,0.0,-72.97
657,204553.75,1696.62,70.5,61,-9.75,17.34,0.1,14.12,1,2,4,0,51,87,0,0,1,0,204553.75,26.73,0,68.61,52.47,46.09,0.0,2.22,0.0,0.0,60.0,60.0,0,0,0,0.0,-72.97
658,202043.89,1224.62,70.5,61,-9.75,17.34,0.1,13.92,1,2,0,0,75,88,0,0,0,0,202043.89,26.73,0,54.27,52.47,46.09,0.0,2.27,0.0,0.0,60.0,60.0,0,0,0,0.0,-72.97
659,203298.82,800.62,70.5,61,-9.75,17.34,0.1,14.12,1,2,0,0,111,88,0,0,1,0,203298.82,26.73,0,37.89,52.47,46.09,0.0,2.22,0.0,0.0,60.0,60.0,0,0,0,0.0,-72.97
660,198279.1,1016.62,70.5,61,-9.75,17.34,0.1,14.22,0,2,0,0,133,87,0,0,1,2,198279.1,26.73,0,24.58,52.47,46.09,0.0,2.2,0.0,0.0,60.0,60.0,0,0,0,0.0,-72.97
661,198279.1,2000.66,70.5,61,21.0,17.81,0.1,14.12,0,2,4,0,142,88,0,0,1,2,198279.1,26.73,0,0.0,52.47,46.09,0.0,2.22,0.0,0.0,60.0,60.0,0,0,0,0.0,-72.97
662,204553.75,760.59,70.5,61,21.0,16.87,0.1,13.92,0,0,4,0,150,87,0,0,1,0,204553.75,26.73,0,0.0,52.47,46.09,0.0,2.27,0.0,0.0,60.0,60.0,0,0,0,0.0,-72.97
663,202043.89,816.62,70.5,61,21.0,17.34,0.1,14.02,1,2,4,0,142,87,0,0,0,0,202043.89,26.73,0,0.0,52.47,46.09,0.0,2.24,0.0,0.0,60.0,60.0,0,0,0,0.0,-72.97
664,198279.1,832.62,70.5,61,21.0,17.34,0.1,14.02,0,2,4,0,47,87,0,0,1,2,198279.1,26.73,0,0.0,52.47,46.09,0.0,2.24,0.0,0.0,60.0,60.0,0,0,0,0.0,-72.97
665,200788.96,1232.62,70.5,61,45.75,17.34,0.1,14.02,0,2,4,0,23,88,0,0,0,0,200788.96,26.73,0,0.0,52.47,46.09,0.0,2.24,0.0,0.0,60.0,60.0,0,0,0,0.0,-72.97
666,200788.96,968.62,70.5,61,45.75,17.34,0.1,14.02,0,2,4,0,19,88,0,0,0,0,200788.96,26.73,0,0.0,52.47,46.09,0.0,2.24,0.0,0.0,60.0,60.0,0,0,0,0.0,-72.97
667,203298.82,424.62,70.5,61,45.75,17.34,0.1,14.02,1,2,4,0,18,87,0,0,1,0,203298.82,26.73,0,0.0,52.47,46.09,0.0,2.24,0.0,0.0,60.0,60.0,0,0,0,0.0,-72.97
668,204553.75,904.62,70.5,61,45.75,18.28,0.1,13.92,1,2,0,0,19,88,0,0,1,0,204553.75,26.73,0,0.0,52.47,46.09,0.0,2.27,0.0,0.0,60.0,60.0,0,0,0,0.0,-72.97
669,204553.75,1224.62,70.5,61,65.25,17.81,0.1,14.12,1,2,0,0,20,87,0,0,1,0,204553.75,26.73,0,0.0,52.47,46.09,0.0,2.22,0.0,0.0,60.0,60.0,0,0,0,0.0,-72.97
670,203298.82,1064.62,71.25,61,65.25,16.87,0.1,14.02,1,2,0,0,25,88,0,0,1,0,203298.82,26.73,0,0.0,52.47,46.09,0.0,2.24,0.0,0.0,60.0,60.0,0,0,0,0.0,-72.97
671,202043.89,648.62,71.25,61,65.25,17.34,0.1,14.22,0,2,4,0,69,87,0,0,0,0,202043.89,26.73,0,0.0,52.47,46.09,0.0,2.2,0.0,0.0,60.0,60.0,0,0,0,0.0,-72.97
672,203298.82,1160.62,71.25,61,65.25,17.34,0.1,13.92,1,2,0,0,134,87,0,0,1,0,203298.82,26.73,0,0.0,52.47,46.09,0.0,2.27,0.0,0.0,60.0,60.0,0,0,0,0.0,-72.97
673,203298.82,888.62,71.25,61,65.25,17.34,0.1,13.92,1,2,0,0,158,88,0,0,1,0,203298.82,26.73,0,0.0,52.47,46.09,0.0,2.27,0.0,0.0,60.0,60.0,0,0,0,0.0,-72.97
674,200788.96,1168.62,71.25,61,81.0,17.81,0.1,14.22,0,2,0,0,169,88,0,0,0,0,200788.96,26.73,0,0.0,52.47,46.09,0.0,2.2,0.0,0.0,60.0,60.0,0,0,0,0.0,-72.97
675,199534.03,816.62,71.25,61,81.0,17.34,0.1,13.92,0,2,0,0,171,88,0,0,1,2,199534.03,26.73,0,0.0,52.47,46.09,0.0,2.27,0.0,0.0,60.0,60.0,0,0,0,0.0,-72.97
676,200788.96,1464.62,71.25,61,81.0,17.34,0.1,14.02,0,2,0,0,166,88,0,0,0,0,200788.96,26.73,0,0.0,52.47,46.09,0.0,2.24,0.0,0.0,60.0,60.0,0,0,0,0.0,-72.97
677,195769.24,1616.62,71.25,61,81.0,17.34,0.1,14.12,0,2,0,0,158,89,0,0,0,2,195769.24,26.73,0,0.0,52.47,46.09,0.0,2.22,0.0,0.0,60.0,60.0,0,0,0,0.0,-72.97
678,198279.1,1160.62,71.25,61,93.75,17.34,0.1,13.92,1,0,4,0,155,88,0,0,1,2,198279.1,26.73,0,0.0,52.47,46.09,0.0,2.27,0.0,0.0,60.0,60.0,0,0,0,0.0,-72.97
679,198279.1,992.62,71.25,61,93.75,17.34,0.1,14.12,1,0,0,0,149,89,0,0,1,2,198279.1,26.73,0,0.0,52.47,46.09,0.0,2.22,0.0,0.0,60.0,60.0,0,0,0,0.0,-72.97
680,199534.03,1088.62,71.25,61,93.75,17.34,0.1,14.12,0,2,0,0,110,89,0,0,1,2,199534.03,26.73,0,0.0,52.47,46.09,0.0,2.22,0.0,0.0,60.0,60.0,0,0,0,0.0,-72.97
681,200788.96,1096.62,71.25,61,93.75,17.34,0.1,14.02,0,2,4,0,41,89,0,0,0,0,200788.96,26.73,0,0.0,52.47,46.09,0.0,2.24,0.0,0.0,60.0,60.0,0,0,0,0.0,-72.97
682,203298.82,1312.62,71.25,61,93.75,17.34,0.1,14.02,1,2,4,0,24,89,0,0,1,0,203298.82,26.73,0,0.0,35.25,48.44,0.0,2.24,0.0,0.0,60.0,60.0,0,0,0,0.0,-72.97
683,202043.89,1160.62,71.25,61,103.5,17.34,0.1,14.02,0,2,0,0,20,89,0,0,0,0,202043.89,26.73,0,0.0,35.25,48.44,0.0,2.24,0.0,0.0,60.0,60.0,0,0,0,0.0,-72.97
684,203298.82,408.62,71.25,61,103.5,17.34,0.1,13.92,1,2,0,0,21,89,0,0,1,0,203298.82,26.73,0,0.0,35.25,48.44,0.0,2.27,0.0,0.0,60.0,60.0,0,0,0,0.0,-72.97
685,203298.82,1432.66,71.25,61,103.5,17.34,0.1,14.12,0,2,0,0,27,90,0,0,1,0,203298.82,26.73,0,0.0,35.25,48.44,0.0,2.22,0.0,0.0,60.0,60.0,0,0,0,0.0,-72.97
686,200788.96,1312.62,71.25,61,103.5,16.87,0.1,14.12,0,2,0,0,66,89,0,0,0,0,200788.96,26.73,0,0.0,35.25,48.44,0.0,2.22,0.0,0.0,60.0,60.0,0,0,0,0.0,-72.97
687,198279.1,944.62,71.25,61,111.75,17.34,0.1,14.12,1,0,0,0,131,89,0,0,1,2,198279.1,26.73,0,0.0,35.25,48.44,0.0,2.22,0.0,0.0,60.0,60.0,0,0,0,0.0,-72.97
688,204553.75,744.62,71.25,61,111.75,17.34,0.1,13.92,1,2,0,0,160,89,0,0,1,0,204553.75,26.73,0,0.0,35.25,48.44,0.0,2.27,0.0,0.0,60.0,60.0,0,0,0,0.0,-72.97
689,203298.82,752.62,71.25,61,111.75,17.34,0.1,14.12,1,2,0,0,169,89,0,0,1,0,203298.82,26.73,0,0.0,35.25,48.44,0.0,2.22,0.0,0.0,60.0,60.0,0,0,0,0.0,-72.97
690,198279.1,1008.62,71.25,61,111.75,17.34,0.1,14.12,0,2,4,0,167,89,0,0,1,2,198279.1,26.73,0,0.0,35.25,48.44,0.0,2.22,0.0,0.0,60.0,60.0,0,0,0,0.0,-72.97
691,195769.24,1472.62,71.25,61,118.5,17.34,0.1,14.22,0,2,0,0,160,89,0,0,0,2,195769.24,26.73,0,0.0,35.25,48.44,0.0,2.2,0.0,0.0,60.0,60.0,0,0,0,0.0,-72.97
692,199534.03,1168.62,71.25,61,118.5,17.34,0.1,13.82,0,2,0,0,153,90,0,0,1,2,199534.03,26.73,0,0.0,35.25,48.44,0.0,2.3,0.0,0.0,60.0,60.0,0,0,0,0.0,-72.97
693,202043.89,424.62,71.25,61,118.5,16.87,0.1,14.12,0,2,4,0,136,90,0,0,0,0,202043.89,26.73,0,0.0,35.25,48.44,0.0,2.22,0.0,0.0,60.0,60.0,0,0,0,0.0,-72.97
694,195769.24,1104.62,72.0,61,118.5,17.34,0.1,14.12,1,0,4,0,59,89,0,0,0,2,195769.24,26.73,0,0.0,35.25,48.44,0.0,2.22,0.0,0.0,60.0,60.0,0,0,0,0.0,-72.97
695,203298.82,1080.62,72.0,61,118.5,16.87,0.1,14.12,0,2,4,0,31,89,0,0,1,0,203298.82,26.73,0,0.0,35.25,48.44,0.0,2.22,0.0,0.0,60.0,60.0,0,0,0,0.0,-72.97
696,203298.82,416.59,72.0,61,123.75,16.87,0.1,13.92,0,2,4,0,23,89,0,0,1,0,203298.82,26.73,0,0.0,35.25,48.44,0.0,2.27,0.0,0.0,60.0,60.0,0,0,0,0.0,-72.97
697,200788.96,1008.66,72.0,61,123.75,17.81,0.1,13.92,0,2,0,0,21,90,0,0,0,0,200788.96,26.73,0,0.0,35.25,48.44,0.0,2.27,0.0,0.0,60.0,60.0,0,0,0,0.0,-72.97
698,200788.96,1136.62,72.0,61,123.75,16.87,0.1,14.12,0,2,4,0,20,89,0,0,0,0,200788.96,26.73,0,0.0,35.25,48.44,0.0,2.22,0.0,0.0,60.0,60.0,0,0,0,0.0,-72.97
699,204553.75,1008.62,72.0,61,123.75,17.34,0.1,14.12,1,2,4,0,23,89,0,0,1,0,204553.75,26.73,0,0.0,35.25,48.44,0.0,2.22,0.0,0.0,60.0,60.0,0,0,0,0.0,-72.97
700,203298.82,520.59,72.0,61,127.5,16.87,0.1,14.02,0,2,4,0,47,89,0,0,1,0,203298.82,26.73,0,0.0,35.25,48.44,0.0,2.24,0.0,0.0,60.0,60.0,0,0,0,0.0,-72.97
701,200788.96,712.62,72.0,61,127.5,16.87,0.1,14.02,0,2,0,0,124,90,0,0,0,0,200788.96,26.73,0,0.0,35.25,48.44,0.0,2.24,0.0,0.0,60.0,60.0,0,0,0,0.0,-72.97
702,203298.82,440.59,72.0,61,127.5,15.93,0.1,14.22,0,2,0,0,163,90,0,0,1,0,203298.82,26.73,0,0.0,35.25,48.44,0.0,2.2,0.0,0.0,60.0,60.0,0,0,0,0.0,-72.97
703,209573.48,1114.25,72.0,61,127.5,44.52,0.36,14.22,1,2,0,0,171,89,0,0,1,2,209573.48,26.73,0,20.48,35.25,48.44,0.0,2.2,0.0,0.0,60.0,60.0,0,0,0,0.0,-74.28
704,187048.2,1681.31,72.0,61,127.5,44.52,0.36,14.02,0,2,4,0,184,90,0,0,0,2,186984.72,26.73,0,44.03,35.42,48.44,0.0,2.24,0.0,0.0,60.0,60.0,0,0,0,0.0,-74.28
705,145596.41,1097.09,72.0,61,127.5,44.99,0.37,14.12,0,0,0,0,181,90,0,0,0,2,145572.0,26.73,0,64.51,35.53,48.44,0.0,2.22,0.0,0.0,60.0,60.0,0,0,0,0.0,-73.62
706,148081.86,713.16,72.0,61,127.5,45.93,0.38,14.12,1,0,4,0,81,90,0,0,1,2,148081.86,26.73,0,98.3,35.51,48.44,0.0,2.22,0.0,0.0,60.0,60.0,0,0,0,0.0,-73.62
707,148081.86,1817.22,72.0,61,127.5,46.86,0.4,14.12,0,0,0,0,15,85,0,0,1,2,148081.86,26.73,0,131.07,35.51,48.44,0.0,2.22,0.0,0.0,60.0,60.0,0,0,0,0.0,-73.62
708,145572.0,449.19,72.0,61,127.5,47.8,0.41,13.92,1,0,0,0,15,81,0,0,0,2,145572.0,26.73,0,153.6,35.49,48.44,0.0,2.27,0.0,0.0,60.0,60.0,0,0,0,0.0,-73.62
709,166905.82,1290.03,72.0,61,127.5,62.8,0.78,14.12,1,0,0,0,12,78,0,0,0,2,166905.82,26.73,0,165.89,35.51,48.44,0.0,2.22,0.0,0.0,60.0,60.0,0,0,0,0.0,-74.92
710,153101.58,1825.66,72.0,61,127.5,62.33,0.75,14.12,1,0,4,0,14,77,0,0,1,0,153101.58,26.73,0,169.98,35.43,48.44,0.0,2.22,0.0,0.0,60.0,60.0,0,0,0,0.0,-74.28
711,149336.79,33.66,72.0,61,127.5,62.8,0.77,14.12,1,0,0,0,11,77,0,0,0,0,149336.79,26.73,0,192.51,35.37,48.44,0.0,2.22,0.0,0.0,60.0,60.0,0,0,0,0.0,-74.28
712,148081.86,617.66,72.0,61,127.5,63.73,0.8,14.12,1,0,0,0,13,77,0,0,1,2,148081.86,26.73,0,211.97,35.29,48.44,0.0,2.22,0.0,0.0,60.0,60.0,0,0,0,0.0,-74.28
713,145572.0,673.62,72.0,61,127.5,65.14,0.84,14.12,1,0,0,0,16,78,0,0,0,2,145572.0,26.73,0,222.21,35.23,48.44,0.0,2.22,0.0,0.0,60.0,60.0,0,0,0,0.0,-74.28
714,141807.2,185.56,72.0,61,127.5,66.08,0.85,14.02,1,0,0,0,81,77,0,0,0,0,141807.2,26.73,0,228.35,35.23,48.44,0.0,2.24,0.0,0.0,60.0,60.0,0,0,0,0.0,-74.28
715,136787.48,561.53,72.0,61,127.5,66.08,0.87,14.12,0,2,0,0,172,78,0,0,0,2,136787.48,26.73,0,233.47,35.23,48.44,0.0,2.22,0.0,0.0,60.0,60.0,0,0,0,0.0,-74.28
716,135532.55,9.53,72.0,61,127.5,67.01,0.89,14.02,0,0,0,0,181,82,0,0,0,2,135532.55,26.73,0,235.52,35.23,48.44,0.0,2.24,0.0,0.0,60.0,60.0,0,0,0,0.0,-74.28
717,143062.13,1209.62,72.0,61,127.5,66.55,0.86,14.02,1,2,0,0,177,89,0,0,1,0,143062.13,26.73,0,222.21,35.23,48.44,0.0,2.24,0.0,0.0,60.0,60.0,0,0,0,0.0,-74.28
718,150591.72,1449.72,72.0,61,127.5,64.67,0.82,14.12,0,0,4,0,158,89,0,0,0,0,150591.72,26.88,0,193.54,35.23,48.44,0.0,2.22,0.0,0.0,60.0,60.0,0,0,0,0.0,-74.28
719,154356.51,1201.75,72.0,61,127.5,63.73,0.8,14.12,0,0,4,0,143,87,0,0,1,0,154356.51,26.88,0,186.37,35.23,48.44,0.0,2.22,0.0,0.0,60.0,60.0,0,0,0,0.0,-74.28
720,149336.79,1225.62,72.0,61,127.5,61.86,0.74,13.92,0,2,4,0,123,83,0,0,1,2,149336.79,65.79,0,193.54,35.23,48.44,0.0,2.27,0.0,0.0,60.0,60.0,0,0,0,0.0,-74.28
721,149336.79,137.66,72.0,61,127.5,62.8,0.75,14.02,1,2,4,0,30,86,0,0,1,2,149336.79,65.79,0,199.68,35.23,48.44,0.0,2.24,0.0,0.0,60.0,60.0,0,0,0,0.0,-74.28
722,149336.79,113.62,72.0,61,127.5,62.33,0.75,14.12,0,0,4,0,32,89,0,0,1,2,149336.79,65.79,0,203.78,35.23,48.44,0.0,2.22,0.0,0.0,60.0,60.0,0,0,0,0.0,-74.28
723,148081.86,1873.62,72.0,61,127.5,62.8,0.76,14.12,1,2,4,0,163,87,0,0,1,2,148081.86,65.79,0,208.9,35.23,48.44,0.0,2.22,0.0,0.0,60.0,60.0,0,0,0,0.0,-74.28
724,149336.79,169.66,72.0,61,127.5,63.26,0.78,14.02,1,2,4,0,168,84,0,0,1,2,149336.79,65.79,0,209.92,35.23,48.44,0.0,2.24,0.0,0.0,60.0,60.0,0,0,0,0.0,-74.28
725,149336.79,209.69,72.0,61,127.5,64.2,0.81,13.92,0,2,0,0,157,84,0,0,1,2,149336.79,65.79,0,214.02,35.23,48.44,0.0,2.27,0.0,0.0,60.0,60.0,0,0,0,0.0,-74.28
726,165650.89,1450.0,72.0,61,127.5,70.29,1.01,14.12,0,0,0,0,25,87,0,0,0,2,165650.89,65.79,0,211.97,35.23,48.44,0.0,2.22,0.0,0.0,60.0,60.0,0,0,0,0.0,-74.92
727,161886.1,970.0,72.0,61,127.5,72.64,1.07,14.12,0,2,0,0,18,82,0,0,0,0,161886.1,65.79,0,206.85,35.23,48.44,0.0,2.22,0.0,0.0,60.0,60.0,0,0,0,0.0,-74.92
728,161886.1,1122.03,72.0,61,127.5,72.64,1.1,14.12,0,0,4,0,20,75,0,0,0,0,173136.53,65.79,0,210.94,35.23,48.44,0.0,2.22,0.0,0.0,60.0,60.0,0,0,0,0.0,-74.92
729,155611.44,874.03,72.0,61,127.5,73.11,1.12,13.92,0,2,4,0,146,75,0,0,0,2,159361.59,65.79,0,214.02,35.23,48.44,0.0,2.27,0.0,0.0,60.0,60.0,0,0,0,0.0,-74.92
730,155611.44,1514.0,72.0,61,127.5,74.04,1.14,14.12,0,0,4,0,168,78,0,0,0,2,159361.59,65.79,0,217.09,35.23,48.44,0.0,2.22,0.0,0.0,60.0,60.0,0,0,0,0.0,-74.92
731,154356.51,1754.0,72.0,60,127.5,74.04,1.17,14.12,1,0,4,0,164,74,0,0,1,0,156856.61,65.79,0,220.16,35.23,48.44,0.0,2.22,0.0,0.0,60.0,60.0,0,0,0,0.0,-74.92
732,151846.65,905.94,72.0,60,127.5,73.57,1.15,14.12,0,0,4,0,146,74,0,0,0,0,154346.75,65.79,0,223.23,35.23,48.44,0.0,2.22,0.0,0.0,60.0,60.0,0,0,0,0.0,-74.6
733,144317.07,1521.66,72.0,60,127.5,69.36,0.98,13.82,0,2,0,0,168,93,0,0,1,0,148067.21,65.79,0,230.4,35.23,48.44,0.0,2.3,0.0,0.0,60.0,60.0,0,0,0,0.0,-74.28
734,135532.55,2017.59,72.0,60,127.5,68.42,0.95,14.12,1,0,0,0,133,94,0,0,0,2,135532.55,65.79,0,234.5,35.23,48.44,0.0,2.22,0.0,0.0,60.0,60.0,0,0,0,0.0,-73.95
735,134277.62,1033.56,72.0,60,127.5,67.95,0.93,14.12,1,0,0,0,27,93,0,0,1,0,134277.62,65.79,0,236.54,35.23,48.44,0.0,2.22,0.0,0.0,60.0,60.0,0,0,0,0.0,-73.95
736,136787.48,1857.62,72.0,60,127.5,67.48,0.93,14.12,0,0,4,0,64,93,0,0,0,2,136787.48,65.79,0,230.4,35.23,48.44,0.0,2.22,0.0,0.0,60.0,60.0,0,0,0,0.0,-74.28
737,148081.86,1465.75,72.0,60,127.5,67.95,0.91,13.92,0,0,0,0,160,91,0,0,1,2,148081.86,65.79,0,217.09,35.23,48.44,0.0,2.27,0.0,0.0,60.0,60.0,0,0,0,0.0,-74.28
738,160631.17,361.81,72.0,60,127.5,66.55,0.89,14.02,0,0,4,0,153,80,0,0,0,0,160631.17,65.79,0,198.66,35.23,48.44,0.0,2.24,0.0,0.0,60.0,60.0,0,0,0,0.0,-74.28
739,161886.1,745.78,72.0,60,127.5,66.55,0.86,14.12,0,2,4,0,142,74,0,0,0,0,161886.1,65.79,0,201.73,35.23,48.44,0.0,2.22,0.0,0.0,60.0,60.0,0,0,0,0.0,-74.28
740,159376.24,481.78,72.0,60,127.5,65.61,0.86,14.12,0,2,4,0,16,74,0,0,1,2,159376.24,65.79,0,203.78,35.23,48.44,0.0,2.22,0.0,0.0,60.0,60.0,0,0,0,0.0,-74.28
741,161886.1,73.78,72.0,60,127.5,66.08,0.88,14.12,0,2,4,0,20,79,0,0,0,0,161886.1,65.79,0,205.82,35.23,48.44,0.0,2.22,0.0,0.0,60.0,60.0,0,0,0,0.0,-74.28
742,158121.31,369.75,72.0,60,127.5,66.08,0.87,14.02,0,0,0,0,108,75,0,0,1,2,158121.31,65.79,0,206.85,35.23,48.44,0.0,2.24,0.0,0.0,60.0,60.0,0,0,0,0.0,-74.6
743,156866.38,1433.72,72.0,60,127.5,66.08,0.86,14.12,1,2,4,0,165,70,0,0,0,2,156866.38,65.79,0,206.85,35.23,48.44,0.0,2.22,0.0,0.0,60.0,60.0,0,0,0,0.0,-74.6
744,156866.38,1401.78,72.0,60,127.5,67.48,0.9,14.22,1,0,0,0,166,72,0,0,0,2,156866.38,65.79,0,208.9,35.23,48.44,0.0,2.2,0.0,0.0,60.0,60.0,0,0,0,0.0,-74.28
745,159376.24,329.94,72.0,60,127.5,69.83,0.98,14.12,1,2,0,0,133,82,0,0,1,2,159376.24,65.79,0,208.9,35.23,48.44,0.0,2.22,0.0,0.0,60.0,60.0,0,0,0,0.0,-74.6
746,160631.17,1793.94,72.0,60,127.5,70.29,1.01,14.02,0,0,0,0,15,71,0,0,0,0,160631.17,65.79,0,206.85,35.23,48.44,0.0,2.24,0.0,0.0,60.0,60.0,0,0,0,0.0,-74.6
747,159376.24,729.97,72.0,60,127.5,70.76,1.03,14.22,1,0,4,0,24,65,0,0,1,2,159376.24,65.79,0,207.87,35.23,48.44,0.0,2.2,0.0,0.0,60.0,60.0,0,0,0,0.0,-74.92
748,158121.31,1841.97,72.0,60,127.5,70.76,1.04,14.12,0,2,0,0,166,70,0,0,1,2,158121.31,65.79,0,207.87,35.23,48.44,0.0,2.22,0.0,0.0,60.0,60.0,0,0,0,0.0,-74.92
749,169371.74,1369.94,72.0,60,127.5,70.76,1.02,13.92,0,0,0,0,174,88,0,0,1,2,158121.31,65.79,0,210.94,35.23,48.44,0.0,2.27,0.0,0.0,60.0,60.0,0,0,0,0.0,-74.92
750,168116.81,1753.91,72.0,60,127.5,69.83,1.01,14.22,0,0,4,0,171,87,0,0,0,2,156866.38,65.79,0,212.99,35.23,48.44,0.0,2.2,0.0,0.0,60.0,60.0,0,0,0,0.0,-74.6
751,163097.08,297.75,72.0,60,127.5,68.42,0.93,14.12,0,0,0,0,174,84,0,0,0,0,151846.65,65.79,0,217.09,35.23,48.44,0.0,2.22,0.0,0.0,60.0,60.0,0,0,0,0.0,-74.28
752,163097.08,1465.78,72.0,60,127.5,68.89,0.95,14.22,1,2,4,0,157,94,0,0,0,0,151846.65,65.79,0,220.16,35.23,48.44,0.0,2.2,0.0,0.0,60.0,60.0,0,0,0,0.0,-74.28
753,164352.01,625.84,72.0,60,127.5,69.83,0.98,13.92,0,2,4,0,60,89,0,0,1,0,153101.58,65.79,0,219.14,35.23,48.44,0.0,2.27,0.0,0.0,60.0,60.0,0,0,0,0.0,-74.28
754,165606.95,282.0,72.0,60,127.5,72.17,1.07,14.12,0,0,0,0,19,80,0,0,1,0,154356.51,65.79,0,220.16,35.23,48.44,0.0,2.22,0.0,0.0,60.0,60.0,0,0,0,0.0,-74.6
755,158116.42,1474.06,72.0,60,127.5,74.51,1.15,14.12,0,2,0,0,32,60,0,0,0,2,160616.52,65.79,0,216.06,35.23,48.44,0.0,2.22,0.0,0.0,60.0,60.0,0,0,0,0.0,-74.92
756,156866.38,114.06,72.0,60,127.5,74.51,1.17,14.12,0,0,0,0,144,60,0,0,0,2,160616.52,65.79,0,216.06,35.23,48.44,0.0,2.22,0.0,0.0,60.0,60.0,0,0,0,0.0,-74.92
757,159376.24,250.12,72.0,60,127.5,75.45,1.21,14.12,0,0,0,0,169,60,0,0,1,2,159376.24,65.79,0,216.06,35.23,48.44,0.0,2.22,0.0,0.0,60.0,60.0,0,0,0,0.0,-74.92
758,170626.67,274.09,72.0,60,127.5,75.45,1.21,14.12,1,2,4,0,168,56,0,0,1,2,159376.24,65.79,0,217.09,35.23,48.44,0.0,2.22,0.0,0.0,60.0,60.0,0,0,0,0.0,-74.92
759,169371.74,1250.12,72.0,60,127.5,75.92,1.24,14.12,1,0,0,0,88,56,0,0,1,2,158121.31,65.79,0,219.14,35.23,48.44,0.0,2.22,0.0,0.0,60.0,60.0,0,0,0,0.0,-74.92
760,169371.74,906.19,72.0,60,127.5,76.85,1.28,14.12,1,2,4,0,20,63,0,0,1,2,158121.31,65.79,0,218.11,35.23,48.44,0.0,2.22,0.0,0.0,60.0,60.0,0,0,0,0.0,-74.92
761,165606.95,274.12,72.0,60,127.5,77.32,1.26,13.92,1,0,4,0,136,64,0,0,1,0,154356.51,65.79,0,220.16,35.23,48.44,0.0,2.27,0.0,0.0,60.0,60.0,0,0,0,0.0,-74.92
762,165606.95,1218.12,72.0,60,127.5,76.39,1.27,14.12,1,0,4,0,171,54,0,0,0,2,154356.51,65.79,0,221.18,35.23,48.44,0.0,2.22,0.0,0.0,60.0,60.0,0,0,0,0.0,-74.92
763,164352.01,474.06,72.0,60,127.5,75.92,1.24,14.12,1,0,0,0,166,60,0,0,1,0,153101.58,65.79,0,222.21,35.23,48.44,0.0,2.22,0.0,0.0,60.0,60.0,0,0,0,0.0,-74.92
764,149327.02,553.84,72.0,60,127.5,72.64,1.11,14.12,0,2,0,0,170,96,0,0,1,2,150577.07,65.79,0,225.28,35.23,48.44,0.0,2.22,0.0,0.0,60.0,60.0,0,0,0,0.0,-74.6
765,148076.98,1097.91,72.0,59,127.5,73.57,1.13,14.02,1,2,0,0,142,102,0,0,1,2,150577.07,65.79,0,229.38,35.23,48.44,0.0,2.24,0.0,0.0,60.0,60.0,0,0,0,0.0,-74.28
766,149331.91,889.88,72.0,59,127.5,72.64,1.1,14.12,1,0,4,0,24,92,0,0,1,2,151832.0,65.79,0,224.26,35.23,48.44,0.0,2.22,0.0,0.0,60.0,60.0,0,0,0,0.0,-74.6
767,169371.74,1505.97,72.75,59,127.5,71.7,1.04,14.22,0,0,0,0,29,73,0,0,1,2,158121.31,65.79,0,197.63,35.23,48.44,0.0,2.2,0.0,0.0,60.0,60.0,0,0,0,0.0,-74.6
768,171881.6,1282.0,72.75,59,127.5,71.23,1.03,13.92,1,2,0,0,162,57,0,0,0,0,160631.17,65.79,0,193.54,35.23,48.44,0.0,2.27,0.0,0.0,60.0,60.0,0,0,0,0.0,-74.92
769,165611.83,473.81,72.75,59,127.5,68.89,0.94,14.12,1,2,4,0,174,84,0,0,0,2,155611.44,65.79,0,196.61,35.23,48.44,0.0,2.22,0.0,0.0,60.0,60.0,0,0,0,0.0,-74.6
770,165611.83,1033.84,72.75,59,127.5,67.48,0.93,14.22,0,0,0,0,171,103,0,0,0,2,155611.44,65.79,0,201.73,35.23,48.44,0.0,2.2,0.0,0.0,60.0,60.0,0,0,0,0.0,-74.28
771,165611.83,1353.84,72.75,59,127.5,67.48,0.93,14.12,0,2,4,0,159,99,0,0,0,2,155611.44,65.79,0,203.78,35.23,48.44,0.0,2.22,0.0,0.0,60.0,60.0,0,0,0,0.0,-74.28
772,165606.95,1913.81,72.75,59,127.5,67.48,0.9,14.12,0,0,0,0,61,87,0,0,1,0,154356.51,65.79,0,205.82,35.23,48.44,0.0,2.22,0.0,0.0,60.0,60.0,0,0,0,0.0,-74.28
773,164352.01,1.78,72.75,59,127.5,67.01,0.9,14.12,0,2,4,0,18,80,0,0,1,0,153101.58,65.79,0,207.87,35.23,48.44,0.0,2.22,0.0,0.0,60.0,60.0,0,0,0,0.0,-74.28
774,163101.97,897.78,72.75,59,127.5,67.48,0.89,14.12,1,2,0,0,60,89,0,0,1,0,153101.58,65.79,0,207.87,35.23,48.44,0.0,2.22,0.0,0.0,60.0,60.0,0,0,0,0.0,-74.28
775,163101.97,1097.78,72.75,59,127.5,67.01,0.9,13.92,0,0,0,0,167,95,0,0,1,0,153101.58,65.79,0,208.9,35.23,48.44,0.0,2.27,0.0,0.0,60.0,60.0,0,0,0,0.0,-74.28
776,163097.08,817.78,72.75,59,127.5,66.55,0.89,14.12,0,0,0,0,171,87,0,0,1,0,151846.65,65.79,0,211.97,35.23,48.44,0.0,2.22,0.0,0.0,60.0,60.0,0,0,0,0.0,-74.28
777,163097.08,737.81,72.75,59,127.5,67.01,0.9,14.22,0,0,4,0,155,79,0,0,1,0,151846.65,65.79,0,211.97,35.23,48.44,0.0,2.2,0.0,0.0,60.0,60.0,0,0,0,0.0,-74.28
778,161847.04,329.78,72.75,59,127.5,67.01,0.89,14.12,1,2,4,0,47,86,0,0,1,0,151846.65,65.79,0,212.99,35.23,48.44,0.0,2.22,0.0,0.0,60.0,60.0,0,0,0,0.0,-74.28
779,161847.04,1025.78,72.75,59,127.5,67.01,0.9,13.92,1,0,0,0,23,87,0,0,1,0,151846.65,65.79,0,212.99,35.23,48.44,0.0,2.27,0.0,0.0,60.0,60.0,0,0,0,0.0,-74.28
780,161847.04,785.72,72.75,59,127.5,66.55,0.87,14.22,1,0,4,0,154,78,0,0,1,0,151846.65,65.79,0,212.99,35.23,48.44,0.0,2.2,0.0,0.0,60.0,60.0,0,0,0,0.0,-74.28
781,149322.14,561.47,72.75,59,127.5,61.86,0.73,14.12,1,0,0,0,175,88,0,0,1,2,145572.0,65.79,0,218.11,35.23,48.44,0.0,2.22,0.0,0.0,60.0,60.0,0,0,0,0.0,-73.95
782,146817.16,1545.47,72.75,59,127.5,60.92,0.71,14.12,0,2,4,0,174,105,0,0,1,2,144317.07,65.79,0,223.23,35.23,48.44,0.0,2.22,0.0,0.0,60.0,60.0,0,0,0,0.0,-73.95
783,148072.09,1713.47,72.75,59,127.5,61.39,0.71,14.12,0,2,4,0,158,104,0,0,1,2,145572.0,65.79,0,225.28,35.23,48.44,0.0,2.22,0.0,0.0,60.0,60.0,0,0,0,0.0,-73.95
784,146826.93,1913.56,72.75,59,127.5,59.52,0.69,14.22,1,0,4,0,71,94,0,0,0,2,146826.93,65.79,0,245.76,35.23,48.44,0.0,2.2,0.0,0.0,60.0,60.0,0,0,0,0.0,-73.95
785,146826.93,697.47,72.75,59,127.5,57.17,0.63,14.22,0,2,4,0,28,83,0,0,0,2,146826.93,65.79,0,256.0,35.23,48.44,0.0,2.2,0.0,0.0,60.0,60.0,0,0,0,0.0,-73.95
786,145572.0,105.41,72.75,59,127.5,56.24,0.59,14.02,0,2,4,0,163,89,0,0,0,2,145572.0,65.79,0,260.1,35.23,48.44,0.0,2.24,0.0,0.0,60.0,60.0,0,0,0,0.0,-73.95
787,145572.0,297.34,72.75,60,127.5,55.3,0.57,14.22,0,2,0,0,158,96,0,0,0,2,145572.0,65.79,0,261.12,35.23,48.44,0.0,2.2,0.0,0.0,60.0,60.0,0,0,0,0.0,-73.95
788,139297.34,545.06,72.75,60,127.5,49.21,0.44,14.12,0,0,4,0,158,91,0,0,1,2,139297.34,65.79,0,261.12,35.23,48.44,0.0,2.22,0.0,0.0,60.0,60.0,0,0,0,0.0,-73.3
789,136787.48,785.0,72.75,59,127.5,48.27,0.43,14.12,0,2,0,0,149,100,0,0,0,2,136787.48,65.79,0,261.12,35.23,48.44,0.0,2.22,0.0,0.0,60.0,60.0,0,0,0,0.0,-73.3
790,136787.48,633.03,72.75,59,127.5,48.74,0.43,13.92,0,2,0,0,66,105,0,0,0,2,136787.48,65.79,0,261.12,35.23,48.44,0.0,2.27,0.0,0.0,60.0,60.0,0,0,0,0.0,-73.3
791,136787.48,1953.0,72.75,59,127.5,48.27,0.43,14.22,1,0,0,0,27,104,0,0,0,2,136787.48,65.79,0,261.12,35.23,48.44,0.0,2.2,0.0,0.0,60.0,60.0,0,0,0,0.0,-73.3
792,136787.48,337.03,72.75,59,127.5,48.74,0.43,14.12,0,0,0,0,125,103,0,0,0,2,136787.48,65.79,0,261.12,35.23,48.44,0.0,2.22,0.0,0.0,60.0,60.0,0,0,0,0.0,-73.3
793,136787.48,1825.0,72.75,59,127.5,48.74,0.42,14.12,0,2,0,0,164,101,0,0,0,2,136787.48,65.79,0,261.12,35.23,48.44,0.0,2.22,0.0,0.0,60.0,60.0,0,0,0,0.0,-73.3
794,136787.48,865.03,72.75,59,127.5,48.74,0.44,13.92,0,2,4,0,168,98,0,0,0,2,136787.48,65.79,0,261.12,35.23,48.44,0.0,2.27,0.0,0.0,60.0,60.0,0,0,0,0.0,-73.3
795,136787.48,553.03,72.75,60,127.5,48.27,0.43,14.22,1,2,4,0,154,99,0,0,0,2,136787.48,65.79,0,261.12,35.23,48.44,0.0,2.2,0.0,0.0,60.0,60.0,0,0,0,0.0,-73.3
796,136787.48,833.03,72.75,60,127.5,48.27,0.44,14.12,1,2,4,0,53,102,0,0,0,2,136787.48,65.79,0,261.12,35.23,48.44,0.0,2.22,0.0,0.0,60.0,60.0,0,0,0,0.0,-73.3
797,136787.48,785.03,72.75,60,127.5,48.74,0.44,14.12,0,2,0,0,21,101,0,0,0,2,136787.48,65.79,0,261.12,35.23,48.44,0.0,2.22,0.0,0.0,60.0,60.0,0,0,0,0.0,-73.3
798,136787.48,65.0,73.5,60,127.5,47.8,0.43,13.92,1,2,4,0,31,94,0,0,0,2,136787.48,65.79,0,261.12,35.23,48.44,0.0,2.27,0.0,0.0,60.0,60.0,0,0,0,0.0,-73.3
799,136787.48,233.0,73.5,60,127.5,47.8,0.42,14.02,1,0,0,0,132,93,0,0,0,2,136787.48,65.79,0,261.12,35.23,48.44,0.0,2.24,0.0,0.0,60.0,60.0,0,0,0,0.0,-73.3
800,126748.03,1432.66,73.5,60,127.5,38.43,0.28,14.12,0,0,0,0,176,97,0,0,0,2,126748.03,65.79,0,261.12,35.23,48.44,0.0,2.22,0.0,0.0,60.0,60.0,0,0,0,0.0,-72.97
801,121728.31,2016.5,73.5,60,127.5,32.8,0.22,14.12,0,0,0,0,170,104,0,0,0,0,121728.31,65.79,0,261.12,35.23,48.44,0.0,2.22,0.0,0.0,60.0,60.0,0,0,0,0.0,-72.65
802,120473.38,1608.44,73.5,60,127.5,29.05,0.18,14.12,0,0,4,0,143,104,0,0,0,0,120473.38,65.79,0,261.12,35.23,48.44,0.0,2.22,0.0,0.0,60.0,60.0,0,0,0,0.0,-72.65
803,138042.41,1096.34,73.5,60,127.5,24.84,0.15,14.22,1,0,4,0,71,102,0,0,1,2,138042.41,65.79,0,261.12,35.23,48.44,0.0,2.2,0.0,0.0,60.0,60.0,0,0,0,0.0,-72.33
804,158121.31,1528.34,73.5,60,127.5,24.37,0.15,14.22,0,0,0,0,168,101,0,0,1,2,158121.31,65.79,0,261.12,35.23,48.44,0.0,2.2,0.0,0.0,60.0,60.0,0,0,0,0.0,-72.33
805,171925.55,1424.34,73.5,60,127.5,24.84,0.14,14.02,1,2,0,0,173,101,0,0,0,0,171925.55,65.79,0,261.12,35.23,48.44,0.0,2.24,0.0,0.0,60.0,60.0,0,0,0,0.0,-72.33
806,188239.65,1848.34,73.5,60,127.5,23.9,0.14,14.02,0,2,4,0,173,103,0,0,1,2,188239.65,65.9,0,261.12,35.23,48.44,0.0,2.24,0.0,0.0,60.0,60.0,0,0,0,0.0,-72.33
807,200788.96,616.38,73.5,60,127.5,25.31,0.15,14.22,1,0,4,0,174,102,0,0,0,0,200788.96,65.9,0,261.12,35.23,48.44,0.0,2.2,0.0,0.0,60.0,60.0,0,0,0,0.0,-72.33
808,171925.55,400.47,73.5,60,127.5,29.05,0.18,14.12,1,2,4,0,176,101,0,0,0,0,171925.55,92.52,0,261.12,35.23,48.44,0.0,2.22,0.0,0.0,60.0,60.0,0,0,0,0.0,-72.65
809,124238.17,536.62,73.5,60,127.5,37.49,0.26,14.02,1,0,0,0,174,103,0,0,1,0,124238.17,92.52,0,261.12,35.23,48.44,0.0,2.24,0.0,0.0,60.0,60.0,0,0,0,0.0,-72.65
810,126748.03,608.81,73.5,60,127.5,44.05,0.35,14.12,0,0,4,0,175,105,0,0,0,2,126748.03,92.52,0,249.86,35.23,48.44,0.0,2.22,0.0,0.0,60.0,60.0,0,0,0,0.0,-72.97
811,133022.69,1152.91,73.5,60,127.5,46.86,0.4,14.12,0,2,0,0,171,105,0,0,1,0,133022.69,92.52,0,243.71,35.23,48.44,0.0,2.22,0.0,0.0,60.0,60.0,0,0,0,0.0,-73.3
812,134277.62,1120.97,73.5,60,127.5,47.8,0.41,13.92,1,2,4,0,163,104,0,0,1,0,134277.62,92.52,0,248.83,35.23,48.44,0.0,2.27,0.0,0.0,60.0,60.0,0,0,0,0.0,-73.3
813,138042.41,801.03,73.5,60,127.5,48.27,0.42,14.12,0,0,4,0,143,101,0,0,1,2,138042.41,92.52,0,261.12,35.23,48.44,0.0,2.22,0.0,0.0,60.0,60.0,0,0,0,0.0,-73.3
814,143062.13,1185.22,73.5,60,127.5,51.55,0.49,14.12,1,0,0,0,44,89,0,0,1,0,143062.13,92.52,0,261.12,35.23,48.44,0.0,2.22,0.0,0.0,60.0,60.0,0,0,0,0.0,-73.62
815,143062.13,801.25,73.5,61,127.5,52.49,0.51,13.92,0,0,4,0,13,46,0,0,1,0,143062.13,92.52,0,260.1,35.23,48.44,0.0,2.27,0.0,0.0,60.0,60.0,0,0,0,0.0,-73.62
816,144317.07,1377.47,73.5,61,127.5,57.17,0.6,14.12,1,2,4,0,10,9,0,0,1,0,144317.07,92.52,0,259.07,35.23,48.44,0.0,2.22,0.0,0.0,60.0,60.0,0,0,0,0.0,-73.62
817,148081.86,1913.56,73.5,61,127.5,58.58,0.66,14.12,0,0,0,0,8,0,0,0,1,2,148081.86,92.52,0,251.9,35.23,48.44,0.0,2.22,0.0,0.0,60.0,60.0,0,0,0,0.0,-73.95
818,148081.86,1777.56,73.5,61,127.5,59.98,0.67,13.82,1,0,4,0,10,0,0,0,1,2,148081.86,92.52,0,250.88,35.23,48.44,0.0,2.3,0.0,0.0,60.0,60.0,0,0,0,0.0,-73.95
819,148081.86,1705.56,73.5,61,127.5,59.05,0.67,14.12,0,0,0,0,11,0,0,0,1,2,148081.86,92.52,0,251.9,35.23,48.44,0.0,2.22,0.0,0.0,60.0,60.0,0,0,0,0.0,-73.95
820,148081.86,1209.56,73.5,61,127.5,59.05,0.66,14.12,0,2,0,0,12,0,0,0,1,2,148081.86,92.52,0,251.9,35.23,48.44,0.0,2.22,0.0,0.0,60.0,60.0,0,0,0,0.0,-73.95
821,148081.86,329.59,73.5,61,127.5,59.98,0.67,14.02,1,2,4,0,17,0,0,0,1,2,148081.86,92.52,0,252.93,35.23,48.44,0.0,2.24,0.0,0.0,60.0,60.0,0,0,0,0.0,-74.28
822,145572.0,681.34,73.5,61,127.5,55.3,0.57,13.82,0,0,4,0,99,0,0,0,0,2,145572.0,92.52,0,256.0,35.23,48.44,0.0,2.3,0.0,0.0,60.0,60.0,0,0,0,0.0,-73.95
823,139297.34,760.94,73.5,61,127.5,45.93,0.39,14.12,0,0,4,0,171,36,0,0,1,2,139297.34,92.52,0,261.12,35.23,48.44,0.0,2.22,0.0,0.0,60.0,60.0,0,0,0,0.0,-73.62
824,126748.03,144.69,73.5,60,127.5,39.36,0.28,14.12,0,0,0,0,181,122,0,0,0,2,126748.03,92.52,0,261.12,35.23,48.44,0.0,2.22,0.0,0.0,60.0,60.0,0,0,0,0.0,-72.97
825,125493.1,776.69,73.5,60,127.5,39.36,0.29,13.92,1,2,4,0,175,123,0,0,0,2,125493.1,92.52,0,261.12,35.23,48.44,0.0,2.27,0.0,0.0,60.0,60.0,0,0,0,0.0,-72.97
826,125493.1,960.69,73.5,60,127.5,39.36,0.28,14.02,0,0,0,0,171,121,0,0,0,2,125493.1,92.52,0,261.12,35.23,48.44,0.0,2.24,0.0,0.0,60.0,60.0,0,0,0,0.0,-72.97
827,125493.1,560.69,73.5,60,127.5,38.43,0.28,14.12,0,0,0,0,172,119,0,0,0,2,125493.1,92.52,0,261.12,35.23,48.44,0.0,2.22,0.0,0.0,60.0,60.0,0,0,0,0.0,-72.97
828,133022.69,1033.03,73.5,60,127.5,48.27,0.43,14.12,0,0,0,0,166,117,0,0,1,0,133022.69,92.52,0,261.12,35.23,48.44,0.0,2.22,0.0,0.0,60.0,60.0,0,0,0,0.0,-73.3
829,139297.34,1793.12,73.5,60,127.5,50.61,0.47,13.92,0,2,4,0,179,118,0,0,1,2,139297.34,92.52,0,261.12,35.23,48.44,0.0,2.27,0.0,0.0,60.0,60.0,0,0,0,0.0,-73.62
830,140552.27,641.16,73.5,60,127.5,51.08,0.48,14.02,0,2,0,0,179,122,0,0,0,0,140552.27,92.52,0,261.12,35.23,48.44,0.0,2.24,0.0,0.0,60.0,60.0,0,0,0,0.0,-73.62
831,140552.27,513.16,73.5,60,127.5,51.08,0.47,14.12,0,0,0,0,169,117,0,0,0,0,140552.27,92.52,0,261.12,35.23,48.44,0.0,2.22,0.0,0.0,60.0,60.0,0,0,0,0.0,-73.62
832,140552.27,1441.19,73.5,60,127.5,51.08,0.49,14.12,0,2,4,0,153,111,0,0,0,0,140552.27,92.52,0,261.12,35.23,48.44,0.0,2.22,0.0,0.0,60.0,60.0,0,0,0,0.0,-73.3
833,140552.27,1401.16,74.25,60,127.5,50.61,0.48,13.92,0,2,0,0,54,101,0,0,0,0,140552.27,92.52,0,261.12,35.23,48.44,0.0,2.27,0.0,0.0,60.0,60.0,0,0,0,0.0,-73.62
834,140552.27,1745.16,74.25,60,127.5,50.61,0.47,14.02,0,2,0,0,20,90,0,0,0,0,140552.27,92.52,0,261.12,35.23,48.44,0.0,2.24,0.0,0.0,60.0,60.0,0,0,0,0.0,-73.62
835,140552.27,2033.19,73.5,61,127.5,51.55,0.49,14.12,0,2,0,0,18,79,0,0,0,0,140552.27,92.52,0,261.12,35.23,48.44,0.0,2.22,0.0,0.0,60.0,60.0,0,0,0,0.0,-73.62
836,140552.27,721.16,73.5,61,127.5,51.55,0.47,14.12,1,0,4,0,22,73,0,0,0,0,140552.27,92.52,0,261.12,35.23,48.44,0.0,2.22,0.0,0.0,60.0,60.0,0,0,0,0.0,-73.62
837,140552.27,1569.19,74.25,61,127.5,51.55,0.49,13.82,0,2,0,0,25,81,0,0,0,0,140552.27,92.52,0,261.12,35.23,48.44,0.0,2.3,0.0,0.0,60.0,60.0,0,0,0,0.0,-73.62
838,140552.27,1017.16,74.25,61,127.5,51.55,0.48,14.02,0,2,4,0,127,90,0,0,0,0,140552.27,92.52,0,261.12,35.23,48.44,0.0,2.24,0.0,0.0,60.0,60.0,0,0,0,0.0,-73.62
839,140552.27,1457.16,74.25,61,127.5,51.55,0.48,14.02,0,2,4,0,159,96,0,0,0,0,140552.27,92.52,0,261.12,35.23,48.44,0.0,2.24,0.0,0.0,60.0,60.0,0,0,0,0.0,-73.62
840,140552.27,1449.16,74.25,61,127.5,51.55,0.48,14.02,1,2,4,0,162,87,0,0,0,0,140552.27,92.52,0,261.12,35.23,48.44,0.0,2.24,0.0,0.0,60.0,60.0,0,0,0,0.0,-73.62
841,140552.27,1073.16,74.25,61,127.5,51.55,0.48,13.92,0,0,4,0,142,84,0,0,0,0,140552.27,92.52,0,261.12,35.23,48.44,0.0,2.27,0.0,0.0,60.0,60.0,0,0,0,0.0,-73.3
842,140552.27,1953.16,74.25,61,127.5,51.55,0.49,14.12,1,0,4,0,25,90,0,0,0,0,140552.27,92.52,0,261.12,35.23,48.44,0.0,2.22,0.0,0.0,60.0,60.0,0,0,0,0.0,-73.62
843,139297.34,1601.0,74.25,61,127.5,47.8,0.42,14.02,0,0,0,0,25,102,0,0,1,2,139297.34,92.52,0,261.12,35.23,48.44,0.0,2.24,0.0,0.0,60.0,60.0,0,0,0,0.0,-73.3
844,122983.24,1736.44,74.25,60,127.5,29.05,0.18,14.12,1,0,4,0,171,112,0,0,1,0,122983.24,92.52,0,261.12,35.23,48.44,0.0,2.22,0.0,0.0,60.0,60.0,0,0,0,0.0,-72.65
845,119218.45,208.41,74.25,60,127.5,27.65,0.17,13.92,1,2,0,0,179,119,0,0,1,2,119218.45,92.52,0,258.05,35.23,48.44,0.0,2.27,0.0,0.0,60.0,60.0,0,0,0,0.0,-72.33
846,119218.45,1072.41,74.25,60,127.5,28.59,0.17,14.02,1,2,4,0,176,118,0,0,1,2,119218.45,92.52,0,261.12,35.23,48.44,0.0,2.24,0.0,0.0,60.0,60.0,0,0,0,0.0,-72.33
847,120473.38,1544.41,74.25,60,127.5,28.59,0.17,14.12,1,0,0,0,175,116,0,0,0,0,120473.38,92.52,0,261.12,35.23,48.44,0.0,2.22,0.0,0.0,60.0,60.0,0,0,0,0.0,-72.33
848,120473.38,1256.41,74.25,60,127.5,27.65,0.17,14.12,0,2,4,0,177,116,0,0,0,0,120473.38,92.52,0,261.12,35.23,48.44,0.0,2.22,0.0,0.0,60.0,60.0,0,0,0,0.0,-72.33
849,120473.38,376.44,74.25,60,127.5,29.52,0.18,13.92,0,2,4,0,177,116,0,0,0,0,120473.38,92.52,0,261.12,35.23,48.44,0.0,2.27,0.0,0.0,60.0,60.0,0,0,0,0.0,-72.33
850,120473.38,1880.41,74.25,60,127.5,28.59,0.17,14.12,0,2,4,0,177,116,0,0,0,0,120473.38,92.52,0,261.12,35.23,48.44,0.0,2.22,0.0,0.0,60.0,60.0,0,0,0,0.0,-72.33
851,125493.1,872.62,74.25,60,127.5,37.49,0.26,14.12,1,2,0,0,174,115,0,0,0,2,125493.1,92.52,0,259.07,35.23,48.44,0.0,2.22,0.0,0.0,60.0,60.0,0,0,0,0.0,-72.65
852,124238.17,728.62,74.25,60,127.5,37.49,0.26,13.92,1,0,4,0,179,115,0,0,1,0,124238.17,92.52,0,251.9,35.23,48.44,0.0,2.27,0.0,0.0,60.0,60.0,0,0,0,0.0,-72.65
853,124238.17,1512.62,74.25,60,127.5,37.96,0.26,14.02,1,0,4,0,172,115,0,0,1,0,124238.17,92.52,0,251.9,35.23,48.44,0.0,2.24,0.0,0.0,60.0,60.0,0,0,0,0.0,-72.65
854,124238.17,1608.62,74.25,60,127.5,37.96,0.27,14.12,0,0,4,0,163,112,0,0,1,0,124238.17,92.52,0,254.98,35.23,48.44,0.0,2.22,0.0,0.0,60.0,60.0,0,0,0,0.0,-72.65
855,126748.03,392.66,74.25,60,127.5,37.02,0.26,14.12,0,2,4,0,147,109,0,0,0,2,126748.03,92.52,0,261.12,35.23,48.44,0.0,2.22,0.0,0.0,60.0,60.0,0,0,0,0.0,-72.65
856,125493.1,152.62,74.25,60,127.5,37.02,0.26,13.92,0,2,4,0,109,103,0,0,0,2,125493.1,92.52,0,261.12,35.23,48.44,0.0,2.27,0.0,0.0,60.0,60.0,0,0,0,0.0,-72.65
857,126748.03,792.66,74.25,61,127.5,37.49,0.26,13.92,0,0,4,0,39,89,0,0,0,2,126748.03,92.52,0,261.12,35.23,48.44,0.0,2.27,0.0,0.0,60.0,60.0,0,0,0,0.0,-72.65
858,126748.03,792.66,74.25,61,127.5,37.49,0.26,14.12,0,2,0,0,18,49,0,0,0,2,126748.03,92.52,0,261.12,35.23,48.44,0.0,2.22,0.0,0.0,60.0,60.0,0,0,0,0.0,-72.65
859,126748.03,872.66,74.25,61,127.5,37.49,0.26,14.12,0,2,0,0,14,19,0,0,0,2,126748.03,92.52,0,261.12,35.23,48.44,0.0,2.22,0.0,0.0,60.0,60.0,0,0,0,0.0,-72.65
860,126748.03,1416.66,74.25,61,127.5,38.43,0.26,13.92,1,0,0,0,14,6,0,0,0,2,126748.03,92.52,0,261.12,35.23,48.44,0.0,2.27,0.0,0.0,60.0,60.0,0,0,0,0.0,-72.65
861,128002.96,1560.66,74.25,61,127.5,37.96,0.26,14.22,1,0,0,0,14,0,0,0,1,2,128002.96,92.52,0,261.12,35.23,48.44,0.0,2.2,0.0,0.0,60.0,60.0,0,0,0,0.0,-72.65
862,128002.96,1688.66,74.25,61,127.5,37.49,0.26,14.12,0,2,4,0,15,0,0,0,1,2,128002.96,92.52,0,261.12,35.23,48.44,0.0,2.22,0.0,0.0,60.0,60.0,0,0,0,0.0,-72.97
863,128002.96,16.69,74.25,61,127.5,38.43,0.27,14.12,1,2,0,0,21,0,0,0,1,2,128002.96,92.52,0,261.12,35.23,48.44,0.0,2.22,0.0,0.0,60.0,60.0,0,0,0,0.0,-72.97
864,124238.17,584.5,74.25,61,127.5,30.93,0.2,13.92,1,2,4,0,100,0,0,0,1,0,124238.17,92.52,0,261.12,35.23,48.44,0.0,2.27,0.0,0.0,60.0,60.0,0,0,0,0.0,-72.65
865,122983.24,880.47,74.25,61,127.5,30.46,0.19,14.02,1,2,4,0,173,1,0,0,1,0,122983.24,92.52,0,261.12,35.23,48.44,0.0,2.24,0.0,0.0,60.0,60.0,0,0,0,0.0,-72.65
866,122983.24,384.5,74.25,61,127.5,29.99,0.19,14.12,1,0,4,0,175,34,0,0,1,0,122983.24,92.52,0,261.12,35.23,48.44,0.0,2.22,0.0,0.0,60.0,60.0,0,0,0,0.0,-72.65
867,122983.24,360.5,74.25,61,127.5,30.93,0.2,14.12,0,0,4,0,173,73,0,0,1,0,122983.24,92.52,0,261.12,35.23,48.44,0.0,2.22,0.0,0.0,60.0,60.0,0,0,0,0.0,-72.65
868,122983.24,1320.5,74.25,61,127.5,30.93,0.2,13.92,1,0,4,0,166,95,0,0,1,0,122983.24,92.52,0,261.12,35.23,48.44,0.0,2.27,0.0,0.0,60.0,60.0,0,0,0,0.0,-72.65
869,126748.03,432.69,74.25,61,127.5,38.43,0.27,14.12,1,2,0,0,164,104,0,0,0,2,126748.03,92.52,0,261.12,35.23,48.44,0.0,2.22,0.0,0.0,60.0,60.0,0,0,0,0.0,-72.97
870,133022.69,912.84,74.25,61,127.5,43.11,0.33,14.12,0,2,4,0,174,110,0,0,1,0,133022.69,92.52,0,261.12,35.23,48.44,0.0,2.22,0.0,0.0,60.0,60.0,0,0,0,0.0,-72.97
871,134277.62,1920.91,74.25,61,127.5,44.52,0.35,13.92,1,2,4,0,178,131,0,0,1,0,134277.62,92.52,0,261.12,35.23,48.44,0.0,2.27,0.0,0.0,60.0,60.0,0,0,0,0.0,-73.3
872,139297.34,273.03,74.25,61,127.5,47.33,0.4,14.12,0,2,4,0,165,129,0,0,1,2,139297.34,92.52,0,261.12,35.23,48.44,0.0,2.22,0.0,0.0,60.0,60.0,0,0,0,0.0,-73.3
873,139297.34,1105.03,74.25,61,127.5,45.93,0.4,14.22,1,2,4,0,153,125,0,0,1,2,139297.34,92.52,0,261.12,35.23,48.44,0.0,2.2,0.0,0.0,60.0,60.0,0,0,0,0.0,-73.3
874,139297.34,137.06,74.25,61,127.5,46.39,0.4,13.92,1,0,4,0,60,120,0,0,1,2,139297.34,92.52,0,261.12,35.23,48.44,0.0,2.27,0.0,0.0,60.0,60.0,0,0,0,0.0,-73.3
875,140552.27,1017.06,74.25,61,127.5,47.8,0.41,13.92,0,0,0,0,21,106,0,0,0,0,140552.27,92.52,0,261.12,35.23,48.44,0.0,2.27,0.0,0.0,60.0,60.0,0,0,0,0.0,-73.3
876,140552.27,1529.06,74.25,61,127.5,47.33,0.41,14.12,0,2,4,0,16,47,0,0,0,0,140552.27,92.52,0,261.12,35.23,48.44,0.0,2.22,0.0,0.0,60.0,60.0,0,0,0,0.0,-73.3
877,140552.27,65.06,74.25,61,127.5,47.8,0.41,14.12,1,2,4,0,15,22,0,0,0,0,140552.27,92.52,0,261.12,35.23,48.44,0.0,2.22,0.0,0.0,60.0,60.0,0,0,0,0.0,-73.3
878,140552.27,361.09,74.25,61,127.5,47.8,0.42,14.22,0,2,4,0,19,7,0,0,0,0,140552.27,92.52,0,261.12,35.23,48.44,0.0,2.2,0.0,0.0,60.0,60.0,0,0,0,0.0,-73.3
879,140552.27,1337.09,74.25,61,127.5,48.27,0.42,14.02,0,2,4,0,22,2,0,0,0,0,140552.27,92.52,0,261.12,35.23,48.44,0.0,2.24,0.0,0.0,60.0,60.0,0,0,0,0.0,-73.3
880,140552.27,1233.09,74.25,61,127.5,47.8,0.42,14.12,1,2,0,0,63,3,0,0,0,0,140552.27,92.52,0,261.12,35.23,48.44,0.0,2.22,0.0,0.0,60.0,60.0,0,0,0,0.0,-73.3
881,141807.2,1817.12,74.25,61,127.5,49.21,0.44,14.12,1,2,0,0,141,7,0,0,0,0,141807.2,92.52,0,261.12,35.23,48.44,0.0,2.22,0.0,0.0,60.0,60.0,0,0,0,0.0,-73.62
882,141807.2,249.16,74.25,61,127.5,49.21,0.44,13.92,1,0,4,0,161,26,0,0,0,0,141807.2,92.52,0,261.12,35.23,48.44,0.0,2.27,0.0,0.0,60.0,60.0,0,0,0,0.0,-73.62
883,141807.2,809.12,74.25,61,127.5,48.74,0.44,14.12,1,0,4,0,156,47,0,0,0,0,141807.2,92.52,0,261.12,35.23,48.44,0.0,2.22,0.0,0.0,60.0,60.0,0,0,0,0.0,-73.62
884,143062.13,545.19,74.25,61,127.5,49.67,0.46,14.22,0,0,0,0,58,29,0,0,1,0,143062.13,92.52,0,261.12,35.23,48.44,0.0,2.2,0.0,0.0,60.0,60.0,0,0,0,0.0,-73.62
885,141807.2,1545.16,74.25,61,127.5,48.74,0.44,14.12,1,0,4,0,24,15,0,0,0,0,141807.2,92.52,0,261.12,35.23,48.44,0.0,2.22,0.0,0.0,60.0,60.0,0,0,0,0.0,-73.62
886,143062.13,1281.19,74.25,61,127.5,50.14,0.46,14.02,1,0,4,0,30,19,0,0,1,0,143062.13,92.52,0,261.12,35.23,48.44,0.0,2.24,0.0,0.0,60.0,60.0,0,0,0,0.0,-73.62
887,143062.13,1625.19,74.25,61,127.5,50.14,0.46,14.02,0,2,4,0,152,76,0,0,1,0,143062.13,92.52,0,261.12,35.23,48.44,0.0,2.24,0.0,0.0,60.0,60.0,0,0,0,0.0,-73.62
888,143062.13,1625.22,74.25,61,127.5,51.08,0.47,14.12,1,2,4,0,169,116,0,0,1,0,143062.13,92.52,0,261.12,35.23,48.44,0.0,2.22,0.0,0.0,60.0,60.0,0,0,0,0.0,-73.62
889,143062.13,321.19,74.25,61,127.5,51.08,0.47,14.12,1,0,4,0,167,114,0,0,1,0,143062.13,92.52,0,261.12,35.23,48.44,0.0,2.22,0.0,0.0,60.0,60.0,0,0,0,0.0,-73.62
890,143062.13,1761.19,74.25,61,127.5,50.61,0.46,14.02,0,2,0,0,147,100,0,0,1,0,143062.13,92.52,0,261.12,35.23,48.44,0.0,2.24,0.0,0.0,60.0,60.0,0,0,0,0.0,-73.62
891,143062.13,473.22,74.25,61,127.5,51.08,0.47,14.12,1,2,0,0,40,103,0,0,1,0,143062.13,92.52,0,261.12,35.23,48.44,0.0,2.22,0.0,0.0,60.0,60.0,0,0,0,0.0,-73.62
892,143062.13,57.22,74.25,61,127.5,50.61,0.47,13.92,1,2,0,0,25,113,0,0,1,0,143062.13,91.49,0,261.12,35.23,48.44,0.0,2.27,0.0,0.0,60.0,60.0,0,0,0,0.0,-73.62
893,144317.07,1329.22,74.25,61,127.5,50.61,0.48,14.02,1,2,0,0,60,123,0,0,1,0,144317.07,91.49,0,261.12,35.23,48.44,0.0,2.24,0.0,0.0,60.0,60.0,0,0,0,0.0,-73.62
894,143062.13,849.22,74.25,61,127.5,51.08,0.48,14.12,0,2,0,0,162,122,0,0,1,0,143062.13,91.49,0,261.12,35.23,48.44,0.0,2.22,0.0,0.0,60.0,60.0,0,0,0,0.0,-73.62
895,143062.13,305.19,74.25,61,127.5,50.14,0.47,14.12,0,2,4,0,169,111,0,0,1,0,143062.13,91.49,0,261.12,35.23,48.44,0.0,2.22,0.0,0.0,60.0,60.0,0,0,0,0.0,-73.62
896,143062.13,1713.22,74.25,61,127.5,51.08,0.47,13.92,1,2,0,0,166,104,0,0,1,0,143062.13,90.46,0,261.12,35.23,48.44,0.0,2.27,0.0,0.0,60.0,60.0,0,0,0,0.0,-73.62
897,140552.27,1793.06,74.25,61,127.5,47.8,0.42,13.92,1,2,0,0,155,109,0,0,0,0,140552.27,90.46,0,261.12,35.23,48.44,0.0,2.27,0.0,0.0,60.0,60.0,0,0,0,0.0,-73.3
898,138042.41,1841.0,74.25,61,127.5,45.93,0.39,14.12,1,2,0,0,157,125,0,0,1,2,138042.41,90.46,0,261.12,35.23,48.44,0.0,2.22,0.0,0.0,60.0,60.0,0,0,0,0.0,-73.3
899,138042.41,1273.0,74.25,61,127.5,46.86,0.4,14.12,1,0,0,0,97,127,0,0,1,2,138042.41,90.46,0,261.12,35.23,48.44,0.0,2.22,0.0,0.0,60.0,60.0,0,0,0,0.0,-73.3
900,138042.41,1569.0,74.25,61,127.5,46.39,0.39,13.92,1,2,0,0,27,124,0,0,1,2,138042.41,90.46,0,261.12,35.23,48.44,0.0,2.27,0.0,0.0,60.0,60.0,0,0,0,0.0,-73.3
901,138042.41,1913.03,74.25,61,127.5,46.86,0.4,14.02,1,0,0,0,25,121,0,0,1,2,138042.41,89.44,0,261.12,35.23,48.44,0.0,2.24,0.0,0.0,60.0,60.0,0,0,0,0.0,-73.3
902,138042.41,1001.0,74.25,61,127.5,46.39,0.39,14.12,0,2,0,0,131,112,0,0,1,2,138042.41,89.44,0,261.12,35.23,48.44,0.0,2.22,0.0,0.0,60.0,60.0,0,0,0,0.0,-73.3
903,138042.41,1681.0,74.25,61,127.5,47.33,0.4,14.12,0,2,4,0,165,109,0,0,1,2,138042.41,89.44,0,261.12,35.23,48.44,0.0,2.22,0.0,0.0,60.0,60.0,0,0,0,0.0,-73.3
904,138042.41,1481.0,74.25,61,127.5,46.86,0.4,14.02,0,2,4,0,168,110,0,0,1,2,138042.41,89.44,0,261.12,35.23,48.44,0.0,2.24,0.0,0.0,60.0,60.0,0,0,0,0.0,-73.3
905,138042.41,2041.03,74.25,61,127.5,46.86,0.4,14.12,0,2,0,0,155,115,0,0,1,2,138042.41,90.46,0,261.12,35.23,48.44,0.0,2.22,0.0,0.0,60.0,60.0,0,0,0,0.0,-73.3
906,138042.41,1393.0,74.25,61,127.5,46.86,0.4,14.12,0,2,0,0,107,120,0,0,1,2,138042.41,90.46,0,261.12,35.23,48.44,0.0,2.22,0.0,0.0,60.0,60.0,0,0,0,0.0,-73.3
907,138042.41,473.03,74.25,61,127.5,46.86,0.4,14.12,0,0,0,0,27,119,0,0,1,2,138042.41,90.46,0,261.12,35.23,48.44,0.0,2.22,0.0,0.0,60.0,60.0,0,0,0,0.0,-73.3
908,138042.41,1633.0,74.25,61,127.5,47.33,0.39,13.92,1,2,0,0,25,111,0,0,1,2,138042.41,90.46,0,261.12,35.23,48.44,0.0,2.27,0.0,0.0,60.0,60.0,0,0,0,0.0,-73.3
909,138042.41,441.03,74.25,61,127.5,47.33,0.41,14.02,1,0,4,0,127,109,0,0,1,2,138042.41,91.48,0,261.12,35.23,48.44,0.0,2.24,0.0,0.0,60.0,60.0,0,0,0,0.0,-73.3
910,136787.48,681.0,74.25,61,127.5,46.39,0.39,14.12,1,2,4,0,168,111,0,0,0,2,136787.48,91.48,0,261.12,35.23,48.44,0.0,2.22,0.0,0.0,60.0,60.0,0,0,0,0.0,-73.3
911,138042.41,1985.03,74.25,61,127.5,46.86,0.4,13.92,0,2,0,0,164,116,0,0,1,2,138042.41,91.48,0,261.12,35.23,48.44,0.0,2.27,0.0,0.0,60.0,60.0,0,0,0,0.0,-73.3
912,138042.41,1209.0,74.25,61,127.5,47.33,0.39,14.12,0,2,0,0,127,115,0,0,1,2,138042.41,91.48,0,261.12,35.23,48.44,0.0,2.22,0.0,0.0,60.0,60.0,0,0,0,0.0,-73.3
913,138042.41,1713.0,74.25,61,127.5,46.86,0.4,14.12,1,2,0,0,34,107,0,0,1,2,138042.41,91.48,0,261.12,35.23,48.44,0.0,2.22,0.0,0.0,60.0,60.0,0,0,0,0.0,-73.3
914,138042.41,1409.0,74.25,61,127.5,46.86,0.4,14.02,0,2,0,0,45,101,0,0,1,2,138042.41,92.5,0,261.12,35.23,48.44,0.0,2.24,0.0,0.0,60.0,60.0,0,0,0,0.0,-73.3
915,138042.41,233.0,74.25,61,127.5,46.86,0.4,14.02,0,2,0,0,153,104,0,0,1,2,138042.41,92.5,0,261.12,35.23,48.44,0.0,2.24,0.0,0.0,60.0,60.0,0,0,0,0.0,-73.3
916,138042.41,1177.0,74.25,61,127.5,46.86,0.4,14.12,1,2,0,0,166,110,0,0,1,2,138042.41,92.51,0,261.12,35.23,48.44,0.0,2.22,0.0,0.0,60.0,60.0,0,0,0,0.0,-73.3
917,138042.41,729.03,74.25,61,127.5,47.33,0.41,13.92,1,0,4,0,163,115,0,0,1,2,138042.41,92.51,0,261.12,35.23,48.44,0.0,2.27,0.0,0.0,60.0,60.0,0,0,0,0.0,-73.3
918,138042.41,105.03,74.25,61,127.5,46.86,0.4,13.92,1,0,4,0,153,113,0,0,1,2,138042.41,93.53,0,261.12,35.23,48.44,0.0,2.27,0.0,0.0,60.0,60.0,0,0,0,0.0,-73.3
919,138042.41,1641.0,74.25,61,127.5,46.39,0.4,14.12,1,0,0,0,65,105,0,0,1,2,138042.41,93.53,0,261.12,35.23,48.44,0.0,2.22,0.0,0.0,60.0,60.0,0,0,0,0.0,-73.3
920,138042.41,1281.0,74.25,61,127.5,47.33,0.4,14.12,1,0,4,0,27,99,0,0,1,2,138042.41,93.54,0,261.12,35.23,48.44,0.0,2.22,0.0,0.0,60.0,60.0,0,0,0,0.0,-73.3
921,138042.41,1233.0,74.25,61,127.5,46.86,0.4,14.12,0,0,4,0,44,102,0,0,1,2,138042.41,93.54,0,261.12,35.23,48.44,0.0,2.22,0.0,0.0,60.0,60.0,0,0,0,0.0,-73.3
922,136787.48,1001.0,74.25,61,127.5,46.39,0.39,13.92,1,0,0,0,158,108,0,0,0,2,136787.48,93.54,0,261.12,35.23,48.44,0.0,2.27,0.0,0.0,60.0,60.0,0,0,0,0.0,-73.3
923,138042.41,1377.0,74.25,61,127.5,46.86,0.4,14.12,1,2,0,0,164,113,0,0,1,2,138042.41,94.56,0,261.12,35.23,48.44,0.0,2.22,0.0,0.0,60.0,60.0,0,0,0,0.0,-73.3
924,136787.48,1008.97,74.25,61,127.5,46.86,0.39,14.02,1,2,4,0,161,110,0,0,0,2,136787.48,94.56,0,261.12,35.23,48.44,0.0,2.24,0.0,0.0,60.0,60.0,0,0,0,0.0,-73.3
925,136787.48,57.0,74.25,61,127.5,46.39,0.39,14.12,0,2,4,0,144,104,0,0,0,2,136787.48,94.56,0,261.12,35.23,48.44,0.0,2.22,0.0,0.0,60.0,60.0,0,0,0,0.0,-73.3
926,136787.48,1928.97,74.25,61,127.5,46.86,0.39,13.92,0,0,0,0,46,106,0,0,0,2,136787.48,94.56,0,261.12,35.23,48.44,0.0,2.27,0.0,0.0,60.0,60.0,0,0,0,0.0,-73.3
927,135532.55,1552.84,74.25,61,127.5,43.11,0.34,14.02,1,2,4,0,22,112,0,0,0,2,135532.55,95.59,0,261.12,35.23,48.44,0.0,2.24,0.0,0.0,60.0,60.0,0,0,0,0.0,-73.3
928,124238.17,1088.5,74.25,61,127.5,31.87,0.21,14.12,0,0,4,0,167,123,0,0,1,0,124238.17,95.59,0,261.12,35.23,48.44,0.0,2.22,0.0,0.0,60.0,60.0,0,0,0,0.0,-72.65
929,122983.24,1952.47,74.25,61,127.5,29.05,0.18,14.02,1,2,0,0,169,124,0,0,1,0,122983.24,95.59,0,261.12,35.23,48.44,0.0,2.24,0.0,0.0,60.0,60.0,0,0,0,0.0,-72.65
930,135532.55,1616.34,74.25,61,127.5,23.9,0.14,14.02,0,0,4,0,170,121,0,0,0,2,135532.55,95.59,0,261.12,35.23,48.44,0.0,2.24,0.0,0.0,60.0,60.0,0,0,0,0.0,-72.33
931,153101.58,240.38,74.25,61,127.5,24.37,0.14,14.12,1,2,0,0,175,121,0,0,1,0,153101.58,96.62,0,261.12,35.23,48.44,0.0,2.22,0.0,0.0,60.0,60.0,0,0,0,0.0,-72.33
932,166905.82,608.34,74.25,61,127.5,23.43,0.14,14.12,1,0,4,0,176,123,0,0,0,2,166905.82,96.62,0,261.12,35.23,48.44,0.0,2.22,0.0,0.0,60.0,60.0,0,0,0,0.0,-72.33
933,179455.13,792.38,74.25,61,127.5,23.43,0.14,13.92,0,2,4,0,177,126,0,0,1,2,179455.13,96.62,0,261.12,35.23,48.44,0.0,2.27,0.0,0.0,60.0,60.0,0,0,0,0.0,-72.33
934,193259.37,1272.38,74.25,61,127.5,23.43,0.14,14.02,0,0,4,0,177,127,0,0,1,0,193259.37,96.62,0,261.12,35.23,48.44,0.0,2.24,0.0,0.0,60.0,60.0,0,0,0,0.0,-72.33
935,179455.13,1216.56,74.25,61,127.5,30.93,0.2,14.12,0,2,0,0,176,126,0,0,1,2,179455.13,96.62,0,261.12,35.23,48.44,0.0,2.22,0.0,0.0,60.0,60.0,0,0,0,0.0,-72.65
936,131767.76,576.5,74.25,61,127.5,31.4,0.2,13.92,1,0,0,0,175,124,0,0,0,0,131767.76,97.64,0,261.12,35.23,48.44,0.0,2.27,0.0,0.0,60.0,60.0,0,0,0,0.0,-72.65
937,128002.96,1488.78,74.25,61,127.5,41.71,0.31,13.92,0,2,4,0,173,124,0,0,1,2,128002.96,97.64,0,256.0,35.23,48.44,0.0,2.27,0.0,0.0,60.0,60.0,0,0,0,0.0,-72.97
938,130512.82,1400.84,74.25,61,127.5,43.58,0.34,14.12,0,2,0,0,162,120,0,0,0,0,130512.82,97.65,0,244.74,35.23,48.44,0.0,2.22,0.0,0.0,60.0,60.0,0,0,0,0.0,-72.97
939,130512.82,312.81,74.25,61,127.5,43.58,0.34,14.02,1,0,0,0,148,116,0,0,0,0,130512.82,97.65,0,243.71,35.23,48.44,0.0,2.24,0.0,0.0,60.0,60.0,0,0,0,0.0,-72.97
940,133022.69,1688.88,74.25,61,127.5,43.58,0.34,14.12,1,2,0,0,72,98,0,0,1,0,133022.69,98.67,0,257.02,35.23,48.44,0.0,2.22,0.0,0.0,60.0,60.0,0,0,0,0.0,-72.97
941,135532.55,64.84,74.25,61,127.5,42.65,0.32,13.92,1,0,0,0,22,22,0,0,0,2,135532.55,98.67,0,261.12,35.23,48.44,0.0,2.27,0.0,0.0,60.0,60.0,0,0,0,0.0,-72.97
942,135532.55,56.88,74.25,61,127.5,42.18,0.33,14.12,1,2,0,0,12,0,0,0,0,2,135532.55,98.68,0,261.12,35.23,48.44,0.0,2.22,0.0,0.0,60.0,60.0,0,0,0,0.0,-72.97
943,135532.55,592.88,74.25,61,127.5,42.65,0.34,14.12,0,2,0,0,10,0,0,0,0,2,135532.55,98.68,0,261.12,35.23,48.44,0.0,2.22,0.0,0.0,60.0,60.0,0,0,0,0.0,-72.97
944,134277.62,128.88,74.25,61,127.5,42.65,0.33,14.12,0,2,0,0,11,0,0,0,1,0,134277.62,98.68,0,261.12,35.23,48.44,0.0,2.22,0.0,0.0,60.0,60.0,0,0,0,0.0,-72.97
945,134277.62,512.88,74.25,61,127.5,42.65,0.34,13.92,0,2,4,0,12,0,0,0,1,0,134277.62,99.7,0,261.12,35.23,48.44,0.0,2.27,0.0,0.0,60.0,60.0,0,0,0,0.0,-72.97
946,134277.62,216.88,74.25,61,127.5,43.11,0.33,14.12,0,2,0,0,13,0,0,0,1,0,134277.62,99.7,0,261.12,35.23,48.44,0.0,2.22,0.0,0.0,60.0,60.0,0,0,0,0.0,-72.97
947,135532.55,248.88,74.25,61,127.5,42.65,0.33,14.12,1,2,4,0,14,0,0,0,0,2,135532.55,99.7,0,261.12,35.23,48.44,0.0,2.22,0.0,0.0,60.0,60.0,0,0,0,0.0,-72.97
948,134277.62,520.88,74.25,61,127.5,42.65,0.33,13.92,0,0,0,0,19,0,0,0,1,0,134277.62,99.7,0,261.12,35.23,48.44,0.0,2.27,0.0,0.0,60.0,60.0,0,0,0,0.0,-72.97
949,134277.62,2016.84,74.25,61,127.5,42.65,0.32,14.12,1,2,4,0,70,0,0,0,1,0,134277.62,100.73,0,261.12,35.23,48.44,0.0,2.22,0.0,0.0,60.0,60.0,0,0,0,0.0,-72.97
950,134277.62,1648.88,74.25,61,127.5,42.18,0.33,14.12,0,0,4,0,136,0,0,0,1,0,134277.62,100.73,0,261.12,35.23,48.44,0.0,2.22,0.0,0.0,60.0,60.0,0,0,0,0.0,-72.97
951,135532.55,264.88,74.25,61,127.5,42.18,0.33,14.12,1,0,4,0,155,0,0,0,0,2,135532.55,100.73,0,261.12,35.23,48.44,0.0,2.22,0.0,0.0,60.0,60.0,0,0,0,0.0,-73.3
952,135532.55,392.88,74.25,61,127.5,42.65,0.33,13.92,1,0,0,0,162,0,0,0,0,2,135532.55,100.73,0,261.12,35.23,48.44,0.0,2.27,0.0,0.0,60.0,60.0,0,0,0,0.0,-72.97
953,136787.48,776.91,74.25,61,127.5,43.11,0.34,13.92,0,2,0,0,136,0,0,0,0,2,136787.48,101.76,0,261.12,35.23,48.44,0.0,2.27,0.0,0.0,60.0,60.0,0,0,0,0.0,-73.3
954,146826.93,865.47,74.25,61,127.5,53.89,0.55,14.12,1,0,0,0,52,1,0,0,0,2,146826.93,101.76,0,261.12,35.23,48.44,0.0,2.22,0.0,0.0,60.0,60.0,0,0,0,0.0,-73.95
955,154356.51,1625.66,74.25,61,127.5,58.11,0.64,14.12,0,2,4,0,174,116,0,0,1,0,154356.51,101.76,0,261.12,35.23,48.44,0.0,2.22,0.0,0.0,60.0,60.0,0,0,0,0.0,-74.28
956,155611.44,1049.66,74.25,61,127.5,58.11,0.63,13.92,1,0,0,0,174,141,0,0,0,2,155611.44,101.75,0,261.12,35.23,48.44,0.0,2.27,0.0,0.0,60.0,60.0,0,0,0,0.0,-74.28
957,155611.44,289.66,74.25,61,127.5,58.11,0.63,14.02,1,0,4,0,157,137,0,0,0,2,155611.44,101.75,0,261.12,35.23,48.44,0.0,2.24,0.0,0.0,60.0,60.0,0,0,0,0.0,-74.28
958,155611.44,1025.66,74.25,61,127.5,58.58,0.64,14.12,1,2,4,0,29,121,0,0,0,2,155611.44,100.73,0,261.12,35.23,48.44,0.0,2.22,0.0,0.0,60.0,60.0,0,0,0,0.0,-74.28
959,155650.51,1081.72,74.25,61,127.5,59.05,0.66,14.12,0,0,0,0,14,32,0,0,0,2,155611.44,100.73,0,261.12,35.23,48.44,0.0,2.22,0.0,0.0,60.0,60.0,0,0,0,0.0,-74.28
960,158160.37,1729.75,74.25,61,127.5,59.52,0.68,13.92,0,0,0,0,15,0,0,0,1,2,158121.31,100.72,0,261.12,35.23,48.44,0.0,2.27,0.0,0.0,60.0,60.0,0,0,0,0.0,-74.28
961,159376.24,1585.78,74.25,61,127.5,60.45,0.69,13.92,1,0,4,0,29,0,0,0,1,2,159376.24,100.72,0,261.12,35.23,48.44,0.0,2.27,0.0,0.0,60.0,60.0,0,0,0,0.0,-74.28
962,160631.17,1345.81,74.25,61,127.5,61.39,0.71,14.02,1,0,4,0,142,0,0,0,0,0,160631.17,99.7,0,261.12,35.23,48.44,0.0,2.24,0.0,0.0,60.0,60.0,0,0,0,0.0,-74.6
963,159376.24,641.81,74.25,61,127.5,61.39,0.71,14.12,0,2,4,0,162,51,0,0,1,2,159376.24,99.7,0,261.12,35.23,48.44,0.0,2.22,0.0,0.0,60.0,60.0,0,0,0,0.0,-74.6
964,160631.17,569.81,74.25,61,127.5,62.33,0.72,13.92,1,2,4,0,154,109,0,0,0,0,160631.17,99.7,0,261.12,35.23,48.44,0.0,2.27,0.0,0.0,60.0,60.0,0,0,0,0.0,-74.28
965,161886.1,721.88,74.25,61,127.5,62.33,0.75,13.92,0,0,0,0,38,64,0,0,0,0,161886.1,99.7,0,261.12,35.23,48.44,0.0,2.27,0.0,0.0,60.0,60.0,0,0,0,0.0,-74.6
966,160631.17,17.84,74.25,61,127.5,61.86,0.74,14.12,1,0,0,0,17,13,0,0,0,0,160631.17,99.7,0,261.12,35.23,48.44,0.0,2.22,0.0,0.0,60.0,60.0,0,0,0,0.0,-74.6
967,169376.62,841.88,75.0,61,127.5,62.8,0.75,13.92,1,0,4,0,35,16,0,0,1,2,159376.24,98.67,0,261.12,35.23,48.44,0.0,2.27,0.0,0.0,60.0,60.0,0,0,0,0.0,-74.6
968,170631.55,1377.84,75.0,61,127.5,61.86,0.76,13.92,0,0,4,0,149,96,0,0,0,0,160631.17,98.67,0,261.12,35.23,48.44,0.0,2.27,0.0,0.0,60.0,60.0,0,0,0,0.0,-74.6
969,168126.57,649.84,75.0,61,127.5,63.26,0.76,14.12,0,2,4,0,168,120,0,0,1,2,159376.24,98.67,0,261.12,35.23,48.44,0.0,2.22,0.0,0.0,60.0,60.0,0,0,0,0.0,-74.6
970,166871.64,9.84,75.0,61,127.5,62.33,0.75,14.12,0,0,4,0,166,81,0,0,1,2,158121.31,98.67,0,261.12,35.23,48.44,0.0,2.22,0.0,0.0,60.0,60.0,0,0,0,0.0,-74.28
971,165616.71,913.81,75.0,61,127.5,62.8,0.75,13.92,1,0,0,0,149,59,0,0,0,2,156866.38,97.64,0,261.12,35.24,48.44,0.0,2.27,0.0,0.0,60.0,60.0,0,0,0,0.0,-74.28
972,165621.59,1841.84,74.25,61,127.5,62.8,0.76,14.12,0,0,0,0,40,130,0,0,1,2,158121.31,97.64,0,261.12,35.26,48.44,0.0,2.22,0.0,0.0,60.0,60.0,0,0,0,0.0,-74.28
973,164366.66,825.81,74.25,61,127.5,62.8,0.76,14.12,0,0,0,0,63,135,0,0,0,2,156866.38,97.64,0,261.12,35.27,48.44,0.0,2.22,0.0,0.0,60.0,60.0,0,0,0,0.0,-74.6
974,164371.55,1985.84,75.0,61,127.5,63.26,0.77,13.92,0,0,4,0,161,121,0,0,1,2,158121.31,97.64,0,261.12,35.27,48.44,0.0,2.27,0.0,0.0,60.0,60.0,0,0,0,0.0,-74.6
975,164371.55,1729.81,75.0,61,127.5,63.26,0.77,13.92,1,2,0,0,168,96,0,0,1,2,175621.98,97.64,0,261.12,35.27,48.44,0.0,2.27,0.0,0.0,60.0,60.0,0,0,0,0.0,-74.28
976,161866.57,1337.78,75.0,61,127.5,62.8,0.76,14.12,1,0,4,0,155,120,0,0,0,2,174367.05,96.62,0,261.12,35.27,48.44,0.0,2.22,0.0,0.0,60.0,60.0,0,0,0,0.0,-74.28
977,161866.57,1449.81,75.0,61,127.5,62.8,0.78,14.12,1,2,0,0,41,131,0,0,0,2,173117.0,96.62,0,261.12,35.27,48.44,0.0,2.22,0.0,0.0,60.0,60.0,0,0,0,0.0,-74.28
978,158106.66,1049.78,75.0,61,127.5,63.26,0.77,13.92,1,0,4,0,28,124,0,0,1,0,170607.14,96.61,0,261.12,35.27,48.44,0.0,2.27,0.0,0.0,60.0,60.0,0,0,0,0.0,-74.28
979,156851.73,833.72,75.0,61,127.5,61.86,0.74,14.12,1,0,0,0,161,99,0,0,1,0,168102.16,96.61,0,261.12,35.27,48.44,0.0,2.22,0.0,0.0,60.0,60.0,0,0,0,0.0,-74.28
980,146826.93,1329.5,75.0,61,127.5,58.58,0.65,14.12,1,0,0,0,174,122,0,0,0,2,151827.12,95.59,0,261.12,35.25,48.44,0.0,2.22,0.0,0.0,60.0,60.0,0,0,0,0.0,-73.95
981,145572.0,1977.44,75.0,61,127.5,57.17,0.62,14.02,1,2,0,0,166,131,0,0,0,2,149322.14,95.59,0,261.12,35.24,48.44,0.0,2.24,0.0,0.0,60.0,60.0,0,0,0,0.0,-73.95
982,143062.13,681.25,75.0,61,127.5,54.83,0.54,13.92,0,0,4,0,163,134,0,0,1,0,146812.28,95.58,0,261.12,35.23,48.44,0.0,2.27,0.0,0.0,60.0,60.0,0,0,0,0.0,-73.62
983,141807.2,1257.22,75.0,61,127.5,53.89,0.54,14.12,1,0,0,0,147,131,0,0,0,0,141807.2,95.58,0,261.12,0.01,50.0,0.0,2.22,0.0,0.0,60.0,60.0,0,0,0,0.0,-73.62
984,139297.34,1105.0,75.0,61,127.5,48.74,0.44,14.12,0,0,0,0,31,120,0,0,1,2,139297.34,94.56,0,261.12,0.01,50.0,0.0,2.22,0.0,0.0,60.0,60.0,0,0,0,0.0,-73.3
985,136787.48,1865.0,75.0,61,127.5,48.74,0.44,14.12,0,2,4,0,164,127,0,0,0,2,136787.48,94.56,0,261.12,0.01,50.0,0.0,2.22,0.0,0.0,60.0,60.0,0,0,0,0.0,-73.3
986,135532.55,521.0,75.0,61,127.5,48.27,0.43,13.92,0,0,0,0,170,137,0,0,0,2,135532.55,94.56,0,261.12,0.01,50.0,0.0,2.27,0.0,0.0,60.0,60.0,0,0,0,0.0,-73.3
987,135532.55,305.0,75.0,61,127.5,48.74,0.44,14.12,1,2,4,0,165,137,0,0,0,2,135532.55,94.56,0,261.12,0.02,50.0,0.0,2.22,0.0,0.0,60.0,60.0,0,0,0,0.0,-73.3
988,143062.13,1777.5,75.0,61,127.5,59.52,0.66,14.12,0,0,0,0,119,131,0,0,1,0,143062.13,94.56,0,261.12,0.03,50.0,0.0,2.22,0.0,0.0,60.0,60.0,0,0,0,0.0,-73.95
989,154356.51,1833.81,75.0,61,127.5,63.26,0.79,14.02,1,2,0,0,156,125,0,0,1,0,154356.51,93.53,0,261.12,0.05,50.0,0.0,2.24,0.0,0.0,60.0,60.0,0,0,0,0.0,-74.28
990,159361.59,2017.81,75.0,61,127.5,63.73,0.79,14.22,1,0,4,0,61,135,0,0,0,2,165611.83,93.53,0,261.12,0.05,50.0,0.0,2.2,0.0,0.0,60.0,60.0,0,0,0,0.0,-74.28
991,159361.59,1545.78,75.0,61,127.5,63.73,0.78,14.12,1,2,0,0,16,123,0,0,0,2,165611.83,93.53,0,261.12,0.05,50.0,0.0,2.22,0.0,0.0,60.0,60.0,0,0,0,0.0,-74.28
992,158111.54,89.78,75.0,61,127.5,63.73,0.79,14.12,1,0,0,0,16,47,0,0,0,2,164361.78,93.53,0,261.12,0.05,50.0,0.0,2.22,0.0,0.0,60.0,60.0,0,0,0,0.0,-74.28
993,156856.61,1169.78,75.0,61,127.5,63.26,0.79,13.92,1,0,0,0,21,6,0,0,1,0,163106.85,92.5,0,261.12,0.05,50.0,0.0,2.27,0.0,0.0,60.0,60.0,0,0,0,0.0,-74.28
994,155606.56,1033.78,75.0,61,127.5,63.73,0.79,14.02,0,2,0,0,120,0,0,0,1,0,161856.8,92.5,0,261.12,0.05,50.0,0.0,2.24,0.0,0.0,60.0,60.0,0,0,0,0.0,-74.28
995,164352.01,369.72,75.0,61,127.5,62.8,0.76,14.12,1,0,0,0,166,8,0,0,1,0,160601.87,92.5,0,261.12,0.05,50.0,0.0,2.22,0.0,0.0,60.0,60.0,0,0,0,0.0,-74.28
996,148081.86,713.59,75.0,61,127.5,60.45,0.71,14.12,0,0,4,0,172,107,0,0,1,2,148081.86,92.5,0,261.12,0.05,50.0,0.0,2.22,0.0,0.0,60.0,60.0,0,0,0,0.0,-73.95
997,146826.93,2017.5,75.0,61,127.5,59.98,0.68,13.92,0,0,4,0,156,130,0,0,0,2,146826.93,92.5,0,261.12,0.05,50.0,0.0,2.27,0.0,0.0,60.0,60.0,0,0,0,0.0,-73.95
998,146826.93,1369.5,75.0,61,127.5,59.98,0.68,14.02,1,0,4,0,39,116,0,0,0,2,146826.93,91.48,0,261.12,0.05,50.0,0.0,2.24,0.0,0.0,60.0,60.0,0,0,0,0.0,-73.95
999,146826.93,265.53,75.0,61,127.5,60.45,0.69,14.12,1,0,4,0,20,42,0,0,0,2,146826.93,91.48,0,261.12,0.05,50.0,0.0,2.22,0.0,0.0,60.0,60.0,0,0,0,0.0,-73.95
1000,146826.93,1849.53,75.0,61,127.5,59.98,0.69,14.12,0,0,4,0,119,47,0,0,0,2,146826.93,91.47,0,261.12,0.05,50.0,0.0,2.22,0.0,0.0,60.0,60.0,0,0,0,0.0,-73.95
1001,146826.93,1569.5,75.0,61,127.5,59.98,0.68,14.02,1,2,4,0,164,131,0,0,0,2,146826.93,91.47,0,261.12,0.05,50.0,0.0,2.24,0.0,0.0,60.0,60.0,0,0,0,0.0,-73.95
1002,146826.93,1553.5,75.0,61,127.5,59.98,0.68,14.12,1,2,4,0,165,126,0,0,0,2,146826.93,90.45,0,261.12,0.05,50.0,0.0,2.22,0.0,0.0,60.0,60.0,0,0,0,0.0,-73.95
1003,146826.93,1609.5,75.0,61,127.5,60.45,0.69,14.12,0,0,4,0,134,82,0,0,0,2,146826.93,90.45,0,261.12,0.05,50.0,0.0,2.22,0.0,0.0,60.0,60.0,0,0,0,0.0,-73.95
1004,139297.34,544.91,75.0,61,127.5,47.8,0.42,14.12,1,0,0,0,39,115,0,0,1,2,139297.34,90.44,0,261.12,0.05,50.0,0.0,2.22,0.0,0.0,60.0,60.0,0,0,0,0.0,-73.3
1005,125493.1,472.69,75.0,61,127.5,42.18,0.31,14.02,0,0,0,0,175,151,0,0,0,2,125493.1,90.44,0,261.12,0.03,50.0,0.0,2.24,0.0,0.0,60.0,60.0,0,0,0,0.0,-72.97
1006,124238.17,1144.62,75.0,61,127.5,39.83,0.29,14.12,1,0,4,0,172,148,0,0,1,0,124238.17,91.47,0,261.12,0.03,50.0,0.0,2.22,0.0,0.0,60.0,60.0,0,0,0,0.0,-72.65
1007,122983.24,792.62,75.0,61,127.5,39.83,0.28,14.12,1,0,0,0,172,147,0,0,1,0,122983.24,91.47,0,261.12,0.03,50.0,0.0,2.22,0.0,0.0,60.0,60.0,0,0,0,0.0,-72.65
1008,122983.24,984.62,75.0,61,127.5,38.9,0.28,14.12,1,2,0,0,165,146,0,0,1,0,122983.24,91.47,0,261.12,0.03,50.0,0.0,2.22,0.0,0.0,60.0,60.0,0,0,0,0.0,-72.65
1009,122983.24,2016.59,75.0,61,127.5,38.43,0.28,13.92,1,2,4,0,161,144,0,0,1,0,122983.24,91.47,0,261.12,0.04,50.0,0.0,2.27,0.0,0.0,60.0,60.0,0,0,0,0.0,-72.65
1010,122983.24,1216.59,75.0,61,127.5,38.43,0.27,14.22,0,0,4,0,132,142,0,0,1,0,122983.24,91.47,0,261.12,20.0,44.92,0.0,2.2,0.0,0.0,60.0,60.0,0,0,0,0.0,-72.65
1011,121728.31,280.59,75.0,61,127.5,37.49,0.26,14.12,0,0,0,0,62,138,0,0,0,0,121728.31,92.5,0,261.12,20.0,44.92,0.0,2.22,0.0,0.0,60.0,60.0,0,0,0,0.0,-72.65
1012,120473.38,896.5,75.0,61,127.5,33.27,0.22,14.02,1,2,4,0,22,134,0,0,0,0,120473.38,92.5,0,261.12,20.0,44.92,0.0,2.24,0.0,0.0,60.0,60.0,0,0,0,0.0,-72.65
1013,119218.45,1136.47,75.0,61,127.5,32.34,0.21,14.22,0,2,4,0,125,131,0,0,1,2,119218.45,92.5,0,261.12,19.99,44.92,0.0,2.2,0.0,0.0,60.0,60.0,0,0,0,0.0,-72.65
1014,119218.45,592.41,75.0,61,127.5,29.05,0.18,14.02,0,0,4,0,167,132,0,0,1,2,119218.45,92.5,0,261.12,19.99,44.92,0.0,2.24,0.0,0.0,60.0,60.0,0,0,0,0.0,-72.33
1015,119218.45,24.38,75.0,61,127.5,29.05,0.18,14.02,1,2,4,0,174,135,0,0,1,2,119218.45,93.52,0,261.12,19.99,44.92,0.0,2.24,0.0,0.0,60.0,60.0,0,0,0,0.0,-72.33
1016,119218.45,384.41,75.0,61,127.5,29.05,0.18,14.12,1,2,0,0,169,138,0,0,1,2,119218.45,93.52,0,261.12,19.99,44.92,0.0,2.22,0.0,0.0,60.0,60.0,0,0,0,0.0,-72.33
1017,128002.96,1968.34,75.0,61,127.5,25.77,0.15,14.12,0,2,0,0,169,138,0,0,1,2,128002.96,93.53,0,261.12,19.99,44.92,0.0,2.22,0.0,0.0,60.0,60.0,0,0,0,0.0,-72.33
1018,144317.07,848.34,75.0,61,127.5,23.43,0.14,13.92,0,0,4,0,170,138,0,0,1,0,144317.07,93.53,0,261.12,19.99,44.92,0.0,2.27,0.0,0.0,60.0,60.0,0,0,0,0.0,-72.33
1019,159376.24,640.34,75.0,61,127.5,23.9,0.14,14.02,1,2,0,0,169,139,0,0,1,2,159376.24,94.55,0,261.12,39.96,39.84,0.0,2.24,0.0,0.0,60.0,60.0,0,0,0,0.0,-72.33
1020,175690.34,1104.34,75.0,61,127.5,24.37,0.15,14.22,1,2,4,0,168,138,0,0,0,2,175690.34,94.55,0,261.12,39.96,39.84,0.0,2.2,0.0,0.0,60.0,60.0,0,0,0,0.0,-72.33
1021,130512.82,1256.69,75.0,61,127.5,40.3,0.3,14.12,1,0,0,0,164,137,0,0,0,0,130512.82,94.55,0,261.12,39.98,39.84,0.0,2.22,0.0,0.0,60.0,60.0,0,0,0,0.0,-72.97
1022,124238.17,1784.72,75.0,61,127.5,41.24,0.32,14.02,1,0,0,0,176,140,0,0,1,0,124238.17,94.56,0,249.86,40.0,39.84,0.0,2.24,0.0,0.0,60.0,60.0,0,0,0,0.0,-72.97
1023,124238.17,1888.69,75.0,61,127.5,42.18,0.31,14.02,1,2,0,0,156,138,0,0,1,0,124238.17,94.56,0,250.88,59.96,34.77,0.0,2.24,0.0,0.0,60.0,60.0,0,0,0,0.0,-72.65
1024,125493.1,384.72,75.0,61,127.5,41.71,0.32,14.12,1,0,0,0,92,131,0,0,0,2,125493.1,95.58,0,253.95,59.97,34.77,0.0,2.22,0.0,0.0,60.0,60.0,0,0,0,0.0,-72.65
1025,126748.03,1720.75,75.0,61,127.5,41.71,0.31,14.22,1,2,0,0,25,84,0,0,0,2,126748.03,95.58,0,261.12,59.97,34.77,0.0,2.2,0.0,0.0,60.0,60.0,0,0,0,0.0,-72.97
1026,126748.03,288.75,75.0,61,127.5,41.71,0.32,13.92,0,2,4,0,11,33,0,0,0,2,126748.03,95.58,0,261.12,59.97,34.77,0.0,2.27,0.0,0.0,60.0,60.0,0,0,0,0.0,-72.97
1027,128002.96,1208.75,75.0,61,127.5,42.18,0.32,14.12,0,0,0,0,9,1,0,0,1,2,128002.96,95.58,0,261.12,59.98,34.77,0.0,2.22,0.0,0.0,60.0,60.0,0,0,0,0.0,-72.97
1028,128002.96,16.78,75.0,61,127.5,42.18,0.33,14.12,1,2,4,0,9,0,0,0,1,2,128002.96,96.61,0,261.12,59.99,34.77,0.0,2.22,0.0,0.0,60.0,60.0,0,0,0,0.0,-72.97
1029,128002.96,296.78,75.0,61,127.5,42.18,0.33,13.92,1,2,4,0,9,0,0,0,1,2,128002.96,96.61,0,261.12,59.99,34.77,0.0,2.27,0.0,0.0,60.0,60.0,0,0,0,0.0,-72.97
1030,128002.96,1280.81,75.0,61,127.5,43.11,0.34,14.12,0,0,4,0,10,0,0,0,1,2,128002.96,96.61,0,261.12,60.0,34.77,0.0,2.22,0.0,0.0,60.0,60.0,0,0,0,0.0,-72.97
1031,128002.96,1384.78,75.0,61,127.5,42.65,0.33,14.12,1,0,4,0,12,0,0,0,1,2,128002.96,96.61,0,261.12,60.0,34.77,0.0,2.22,0.0,0.0,60.0,60.0,0,0,0,0.0,-72.97
1032,128002.96,608.75,75.0,61,127.5,42.18,0.32,14.12,1,0,4,0,13,0,0,0,1,2,128002.96,96.61,0,261.12,60.01,34.77,0.0,2.22,0.0,0.0,60.0,60.0,0,0,0,0.0,-72.97
1033,128002.96,1040.78,75.0,61,127.5,42.18,0.33,13.92,0,0,0,0,16,0,0,0,1,2,128002.96,97.64,0,261.12,60.01,34.77,0.0,2.27,0.0,0.0,60.0,60.0,0,0,0,0.0,-72.97
1034,128002.96,1112.78,75.0,61,127.5,42.65,0.33,14.12,1,0,4,0,19,0,0,0,1,2,128002.96,97.64,0,261.12,60.01,34.77,0.0,2.22,0.0,0.0,60.0,60.0,0,0,0,0.0,-72.97
1035,128002.96,1000.78,75.0,61,127.5,42.65,0.33,14.12,1,0,4,0,82,0,0,0,1,2,128002.96,97.64,0,261.12,60.02,34.77,0.0,2.22,0.0,0.0,60.0,60.0,0,0,0,0.0,-72.97
1036,128002.96,976.78,75.0,61,127.5,41.71,0.33,13.92,0,0,4,0,142,1,0,0,1,2,128002.96,97.64,0,261.12,60.02,34.77,0.0,2.27,0.0,0.0,60.0,60.0,0,0,0,0.0,-72.97
1037,128002.96,368.78,75.0,61,127.5,42.18,0.32,14.12,1,2,0,0,167,21,0,0,1,2,128002.96,98.66,0,261.12,60.03,34.77,0.0,2.22,0.0,0.0,60.0,60.0,0,0,0,0.0,-72.97
1038,128002.96,560.78,75.0,61,127.5,42.18,0.33,14.02,0,2,0,0,169,42,0,0,1,2,128002.96,98.66,0,261.12,60.03,34.77,0.0,2.24,0.0,0.0,60.0,60.0,0,0,0,0.0,-72.97
1039,128002.96,504.78,75.0,61,127.5,42.18,0.32,14.12,0,2,4,0,160,51,0,0,1,2,128002.96,98.67,0,261.12,60.04,34.77,0.0,2.22,0.0,0.0,60.0,60.0,0,0,0,0.0,-72.97
1040,128002.96,832.78,75.0,61,127.5,42.18,0.32,13.92,1,0,4,0,114,33,0,0,1,2,128002.96,98.67,0,261.12,60.04,34.77,0.0,2.27,0.0,0.0,60.0,60.0,0,0,0,0.0,-72.97
1041,129257.89,2008.81,75.0,61,127.5,42.65,0.34,14.12,0,0,4,0,36,19,0,0,1,2,129257.89,99.69,0,261.12,60.05,34.77,0.0,2.22,0.0,0.0,60.0,60.0,0,0,0,0.0,-72.97
1042,128002.96,1112.78,75.0,61,127.5,43.11,0.32,14.12,1,2,0,0,24,20,0,0,1,2,128002.96,99.69,0,261.12,60.05,34.77,0.0,2.22,0.0,0.0,60.0,60.0,0,0,0,0.0,-72.97
1043,128002.96,1088.78,75.0,61,127.5,42.65,0.33,14.02,0,0,4,0,82,46,0,0,1,2,128002.96,99.69,0,261.12,60.05,34.77,0.0,2.24,0.0,0.0,60.0,60.0,0,0,0,0.0,-72.97
1044,129257.89,1528.78,75.0,61,127.5,42.65,0.32,13.92,1,0,0,0,157,67,0,0,1,2,129257.89,99.7,0,261.12,60.05,34.77,0.0,2.27,0.0,0.0,60.0,60.0,0,0,0,0.0,-72.97
1045,129257.89,1712.84,75.0,61,127.5,44.52,0.34,14.12,1,2,4,0,169,72,0,0,1,2,129257.89,99.7,0,261.12,60.07,34.77,0.0,2.22,0.0,0.0,60.0,60.0,0,0,0,0.0,-72.97
1046,135532.55,1.0,75.0,61,127.5,48.27,0.41,14.12,0,0,0,0,177,75,0,0,0,2,135532.55,99.7,0,261.12,60.11,34.77,0.0,2.22,0.0,0.0,60.0,60.0,0,0,0,0.0,-73.3
1047,140552.27,1041.22,75.0,61,127.5,52.49,0.5,14.12,1,0,0,0,174,114,0,0,0,0,140552.27,99.7,0,261.12,60.14,34.77,0.0,2.22,0.0,0.0,60.0,60.0,0,0,0,0.0,-73.62
1048,144317.07,1857.31,75.0,61,127.5,54.36,0.54,13.92,0,0,4,0,170,138,0,0,1,0,144317.07,99.69,0,261.12,60.23,34.77,0.0,2.27,0.0,0.0,60.0,60.0,0,0,0,0.0,-73.62
1049,143062.13,761.28,75.0,61,127.5,52.95,0.52,14.02,0,2,4,0,161,141,0,0,1,0,143062.13,99.69,0,261.12,60.24,34.77,0.0,2.24,0.0,0.0,60.0,60.0,0,0,0,0.0,-73.62
1050,143062.13,1025.28,75.0,61,127.5,53.42,0.53,14.12,0,2,0,0,71,132,0,0,1,0,143062.13,98.67,0,261.12,60.24,34.77,0.0,2.22,0.0,0.0,60.0,60.0,0,0,0,0.0,-73.62
1051,144317.07,1625.28,75.0,61,127.5,53.42,0.53,14.12,0,2,0,0,19,67,0,0,1,0,144317.07,98.67,0,261.12,60.25,34.77,0.0,2.22,0.0,0.0,60.0,60.0,0,0,0,0.0,-73.62
1052,144317.07,1457.28,75.0,61,127.5,52.95,0.54,13.92,0,0,0,0,17,29,0,0,1,0,144317.07,98.67,0,261.12,60.26,34.77,0.0,2.27,0.0,0.0,60.0,60.0,0,0,0,0.0,-73.62
1053,143062.13,1081.28,75.0,61,127.5,53.42,0.53,14.12,0,2,0,0,22,13,0,0,1,0,143062.13,98.66,0,261.12,60.26,34.77,0.0,2.22,0.0,0.0,60.0,60.0,0,0,0,0.0,-73.62
1054,143062.13,625.28,75.0,61,127.5,53.89,0.53,14.12,0,2,4,0,76,12,0,0,1,0,143062.13,98.66,0,261.12,60.26,34.77,0.0,2.22,0.0,0.0,60.0,60.0,0,0,0,0.0,-73.62
1055,144317.07,1721.31,75.0,61,127.5,54.36,0.54,14.02,1,0,0,0,140,15,0,0,1,0,144317.07,97.64,0,261.12,60.26,34.77,0.0,2.24,0.0,0.0,60.0,60.0,0,0,0,0.0,-73.62
1056,143062.13,1097.28,75.0,61,127.5,53.42,0.53,13.92,0,0,0,0,164,63,0,0,1,0,143062.13,97.64,0,261.12,60.26,34.77,0.0,2.27,0.0,0.0,60.0,60.0,0,0,0,0.0,-73.62
1057,143062.13,489.22,75.75,61,127.5,52.49,0.52,14.12,1,2,4,0,163,120,0,0,1,0,143062.13,97.64,0,261.12,60.25,34.77,0.0,2.22,0.0,0.0,60.0,60.0,0,0,0,0.0,-73.62
1058,140552.27,1185.16,75.75,61,127.5,51.08,0.48,14.12,1,0,0,0,137,127,0,0,0,0,140552.27,97.64,0,261.12,60.22,34.77,0.0,2.22,0.0,0.0,60.0,60.0,0,0,0,0.0,-73.3
1059,139297.34,1225.09,75.75,61,127.5,50.14,0.46,14.02,1,2,0,0,32,105,0,0,1,2,139297.34,96.61,0,261.12,60.2,34.77,0.0,2.24,0.0,0.0,60.0,60.0,0,0,0,0.0,-73.3
1060,138042.41,1569.06,75.0,61,127.5,49.67,0.45,13.92,1,0,0,0,31,90,0,0,1,2,138042.41,96.61,0,261.12,60.15,34.77,0.0,2.27,0.0,0.0,60.0,60.0,0,0,0,0.0,-73.3
1061,138042.41,377.09,75.0,61,127.5,50.14,0.45,14.02,1,0,4,0,134,117,0,0,1,2,138042.41,96.61,0,261.12,60.16,34.77,0.0,2.24,0.0,0.0,60.0,60.0,0,0,0,0.0,-73.3
1062,138042.41,1849.06,75.0,61,127.5,50.61,0.46,14.02,1,2,4,0,170,142,0,0,1,2,138042.41,96.61,0,261.12,0.26,50.0,0.0,2.24,0.0,0.0,60.0,60.0,0,0,0,0.0,-73.3
1063,138042.41,409.06,75.0,61,127.5,49.21,0.44,13.92,0,0,4,0,172,145,0,0,1,2,138042.41,96.61,0,261.12,0.26,50.0,0.0,2.27,0.0,0.0,60.0,60.0,0,0,0,0.0,-73.3
1064,128002.96,296.66,75.75,61,127.5,38.9,0.28,14.12,0,2,4,0,173,144,0,0,1,2,128002.96,95.58,0,261.12,0.2,50.0,0.0,2.22,0.0,0.0,60.0,60.0,0,0,0,0.0,-72.97
1065,124238.17,712.62,75.75,61,127.5,37.96,0.27,14.12,0,0,0,0,164,149,0,0,1,0,124238.17,95.58,0,261.12,0.16,50.0,0.0,2.22,0.0,0.0,60.0,60.0,0,0,0,0.0,-72.65
1066,124238.17,1648.62,75.75,61,127.5,38.9,0.27,13.92,0,2,0,0,88,143,0,0,1,0,124238.17,95.59,0,261.12,0.15,50.0,0.0,2.27,0.0,0.0,60.0,60.0,0,0,0,0.0,-72.65
1067,124238.17,1368.66,75.75,61,127.5,38.9,0.28,14.12,1,0,4,0,26,133,0,0,1,0,124238.17,95.59,0,261.12,0.16,50.0,0.0,2.22,0.0,0.0,60.0,60.0,0,0,0,0.0,-72.65
1068,140552.27,633.28,75.75,61,127.5,54.83,0.54,14.02,1,0,4,0,32,129,0,0,0,0,140552.27,96.61,0,261.12,0.26,50.0,0.0,2.24,0.0,0.0,60.0,60.0,0,0,0,0.0,-73.62
1069,144317.07,529.34,75.75,61,127.5,54.83,0.56,14.02,0,0,0,0,179,153,0,0,1,0,144317.07,96.61,0,261.12,0.38,50.0,0.0,2.24,0.0,0.0,60.0,60.0,0,0,0,0.0,-73.95
1070,144317.07,545.34,75.75,61,127.5,54.83,0.56,13.92,0,0,0,0,177,155,0,0,1,0,144317.07,96.61,0,261.12,0.39,50.0,0.0,2.27,0.0,0.0,60.0,60.0,0,0,0,0.0,-73.62
1071,144317.07,1553.38,75.75,61,127.5,54.83,0.58,14.02,0,2,4,0,167,148,0,0,1,0,144317.07,96.61,0,261.12,0.39,50.0,0.0,2.24,0.0,0.0,60.0,60.0,0,0,0,0.0,-73.62
1072,145572.0,265.38,75.75,61,127.5,55.77,0.58,14.12,0,2,0,0,89,127,0,0,0,2,145572.0,95.58,0,261.12,0.39,50.0,0.0,2.22,0.0,0.0,60.0,60.0,0,0,0,0.0,-73.62
1073,145572.0,137.41,75.75,61,127.5,55.77,0.59,14.02,0,0,4,0,21,62,0,0,0,2,145572.0,95.58,0,261.12,0.39,50.0,0.0,2.24,0.0,0.0,60.0,60.0,0,0,0,0.0,-73.95
1074,145572.0,945.44,75.75,61,127.5,56.7,0.61,13.82,1,2,0,0,19,27,0,0,0,2,145572.0,95.58,0,261.12,0.39,50.0,0.0,2.3,0.0,0.0,60.0,60.0,0,0,0,0.0,-73.95
1075,146826.93,1649.53,75.75,61,127.5,58.58,0.65,14.12,1,2,4,0,31,23,0,0,0,2,146826.93,95.58,0,261.12,86.11,47.66,0.0,2.22,0.0,0.0,60.0,60.0,0,0,0,0.0,-73.95
1076,148081.86,1673.62,75.75,61,127.5,59.98,0.68,14.02,0,0,4,0,95,26,0,0,1,2,148081.86,95.58,0,261.12,86.11,47.66,0.0,2.24,0.0,0.0,60.0,60.0,0,0,0,0.0,-74.28
1077,149336.79,1193.66,75.75,61,127.5,59.98,0.7,14.12,0,0,0,0,162,86,0,0,1,2,149336.79,94.56,0,261.12,86.11,47.66,0.0,2.22,0.0,0.0,60.0,60.0,0,0,0,0.0,-74.28
1078,150591.72,257.66,75.75,61,127.5,60.45,0.7,13.92,1,0,0,0,163,126,0,0,0,0,150591.72,94.56,0,261.12,86.11,47.66,0.0,2.27,0.0,0.0,60.0,60.0,0,0,0,0.0,-74.28
1079,150591.72,361.66,75.75,61,127.5,60.92,0.71,13.92,1,2,4,0,122,72,0,0,0,0,150591.72,94.55,0,261.12,86.11,47.66,0.0,2.27,0.0,0.0,60.0,60.0,0,0,0,0.0,-73.95
1080,150591.72,1.62,75.75,61,127.5,60.92,0.71,14.12,0,2,0,0,26,38,0,0,0,0,150591.72,94.55,0,261.12,86.11,47.66,0.0,2.22,0.0,0.0,60.0,60.0,0,0,0,0.0,-74.28
1081,148081.86,1673.56,75.75,61,127.5,59.52,0.68,14.02,1,2,0,0,64,100,0,0,1,2,148081.86,93.53,0,261.12,86.11,47.66,0.0,2.24,0.0,0.0,60.0,60.0,0,0,0,0.0,-74.28
1082,141807.2,1113.16,75.75,61,127.5,52.49,0.51,13.92,0,0,4,0,174,149,0,0,0,0,141807.2,93.53,0,261.12,86.1,47.66,0.0,2.27,0.0,0.0,60.0,60.0,0,0,0,0.0,-73.62
1083,139297.34,1889.12,75.75,61,127.5,51.55,0.49,14.12,1,0,0,0,172,149,0,0,1,2,139297.34,93.52,0,261.12,86.04,47.66,0.0,2.22,0.0,0.0,60.0,60.0,0,0,0,0.0,-73.62
1084,138042.41,1033.03,75.75,61,127.5,50.14,0.46,14.02,0,2,4,0,169,143,0,0,1,2,138042.41,93.52,0,261.12,85.99,47.66,0.0,2.24,0.0,0.0,60.0,60.0,0,0,0,0.0,-73.3
1085,138042.41,49.06,75.75,61,127.5,49.67,0.46,14.12,1,2,4,0,162,143,0,0,1,2,138042.41,93.52,0,261.12,85.98,47.66,0.0,2.22,0.0,0.0,60.0,60.0,0,0,0,0.0,-73.3
1086,138042.41,73.03,75.75,61,127.5,49.21,0.46,13.92,0,2,4,0,155,150,0,0,1,2,138042.41,93.52,0,261.12,85.99,47.66,0.0,2.27,0.0,0.0,60.0,60.0,0,0,0,0.0,-73.3
1087,136787.48,1649.03,75.75,61,127.5,50.14,0.45,14.12,0,0,0,0,143,150,0,0,0,2,136787.48,93.52,0,261.12,67.19,49.22,0.0,2.22,0.0,0.0,60.0,60.0,0,0,0,0.0,-73.3
1088,136787.48,921.03,75.75,61,127.5,49.67,0.45,14.12,0,2,0,0,34,146,0,0,0,2,136787.48,93.52,0,261.12,67.19,49.22,0.0,2.22,0.0,0.0,60.0,60.0,0,0,0,0.0,-73.3
1089,136787.48,1657.03,75.75,61,127.5,50.14,0.45,14.12,1,0,4,0,25,138,0,0,0,2,136787.48,93.52,0,261.12,67.2,49.22,0.0,2.22,0.0,0.0,60.0,60.0,0,0,0,0.0,-73.3
1090,138042.41,2033.06,75.75,61,127.5,49.67,0.46,14.02,1,2,0,0,97,132,0,0,1,2,138042.41,94.54,0,261.12,67.19,49.22,0.0,2.24,0.0,0.0,60.0,60.0,0,0,0,0.0,-73.3
1091,138042.41,777.06,75.75,61,127.5,50.14,0.46,14.12,0,2,4,0,158,131,0,0,1,2,138042.41,94.54,0,261.12,67.2,49.22,0.0,2.22,0.0,0.0,60.0,60.0,0,0,0,0.0,-73.3
1092,138042.41,1105.06,75.75,61,127.5,50.61,0.46,14.02,1,2,4,0,164,137,0,0,1,2,138042.41,94.54,0,261.12,67.21,49.22,0.0,2.24,0.0,0.0,60.0,60.0,0,0,0,0.0,-73.3
1093,138042.41,33.06,75.75,61,127.5,50.61,0.46,13.92,1,2,4,0,151,138,0,0,1,2,138042.41,94.54,0,261.12,67.2,49.22,0.0,2.27,0.0,0.0,60.0,60.0,0,0,0,0.0,-73.3
1094,139297.34,1017.09,75.75,61,127.5,51.08,0.48,14.12,1,0,4,0,42,131,0,0,1,2,139297.34,93.52,0,261.12,67.21,49.22,0.0,2.22,0.0,0.0,60.0,60.0,0,0,0,0.0,-73.3
1095,139297.34,1553.12,75.75,61,127.5,51.08,0.49,14.12,0,0,0,0,26,124,0,0,1,2,139297.34,93.52,0,261.12,67.21,49.22,0.0,2.22,0.0,0.0,60.0,60.0,0,0,0,0.0,-73.3
1096,139297.34,233.09,75.75,61,127.5,51.08,0.48,14.02,0,0,4,0,64,128,0,0,1,2,139297.34,93.52,0,261.12,67.25,49.22,0.0,2.24,0.0,0.0,60.0,60.0,0,0,0,0.0,-73.62
1097,139297.34,145.09,75.75,61,127.5,51.55,0.49,13.92,1,0,4,0,162,136,0,0,1,2,139297.34,93.51,0,261.12,67.25,49.22,0.0,2.27,0.0,0.0,60.0,60.0,0,0,0,0.0,-73.62
1098,139297.34,881.12,75.75,61,127.5,51.55,0.49,14.12,0,0,4,0,166,138,0,0,1,2,139297.34,93.51,0,261.12,67.25,49.22,0.0,2.22,0.0,0.0,60.0,60.0,0,0,0,0.0,-73.3
1099,139297.34,1369.16,75.75,61,127.5,52.49,0.5,14.12,0,2,4,0,159,129,0,0,1,2,139297.34,92.49,0,261.12,67.26,49.22,0.0,2.22,0.0,0.0,60.0,60.0,0,0,0,0.0,-73.3
1100,140552.27,1025.16,75.75,61,127.5,52.49,0.51,13.92,1,2,4,0,53,117,0,0,0,0,140552.27,92.49,0,261.12,67.26,49.22,0.0,2.27,0.0,0.0,60.0,60.0,0,0,0,0.0,-73.62
1101,143062.13,1561.38,75.75,61,127.5,56.7,0.6,14.12,1,2,0,0,28,124,0,0,1,0,143062.13,92.48,0,261.12,67.29,49.22,0.0,2.22,0.0,0.0,60.0,60.0,0,0,0,0.0,-73.95
1102,145572.0,985.47,75.75,61,127.5,58.11,0.64,14.12,0,0,4,0,143,137,0,0,0,2,145572.0,92.48,0,261.12,67.32,49.22,0.0,2.22,0.0,0.0,60.0,60.0,0,0,0,0.0,-73.95
1103,145572.0,697.47,75.75,61,127.5,59.05,0.64,14.12,0,2,4,0,171,144,0,0,0,2,145572.0,91.46,0,261.12,67.32,49.22,0.0,2.22,0.0,0.0,60.0,60.0,0,0,0,0.0,-73.95
1104,149336.79,1209.72,75.75,61,127.5,62.8,0.76,13.92,1,2,4,0,165,134,0,0,1,2,149336.79,91.46,0,261.12,67.32,49.22,0.0,2.27,0.0,0.0,60.0,60.0,0,0,0,0.0,-74.28
1105,164356.9,1593.81,75.75,61,127.5,64.2,0.8,14.02,1,0,0,0,55,51,0,0,1,0,160606.75,91.46,0,261.12,67.32,49.22,0.0,2.24,0.0,0.0,60.0,60.0,0,0,0,0.0,-74.28
1106,168121.69,1426.0,75.75,61,127.5,67.01,0.89,14.12,1,0,4,0,108,29,0,0,1,2,164371.55,91.46,0,261.12,67.32,49.22,0.0,2.22,0.0,0.0,60.0,60.0,0,0,0,0.0,-74.6
1107,175651.28,1362.19,75.75,61,127.5,69.83,0.98,14.12,0,0,4,0,151,35,0,0,0,2,170651.08,91.46,0,261.12,67.32,49.22,0.0,2.22,0.0,0.0,60.0,60.0,0,0,0,0.0,-74.92
1108,178200.2,1554.25,75.75,61,127.5,70.29,1.01,13.92,0,2,4,0,165,124,0,0,1,2,183200.39,90.43,0,261.12,67.32,49.22,0.0,2.27,0.0,0.0,60.0,60.0,0,0,0,0.0,-74.92
1109,189455.52,1634.31,75.75,61,127.5,71.23,1.05,14.12,1,0,4,0,72,133,0,0,0,2,184455.33,90.43,0,261.12,67.32,49.22,0.0,2.22,0.0,0.0,60.0,60.0,0,0,0,0.0,-74.92
1110,188200.59,698.28,75.75,61,127.5,71.23,1.04,14.12,0,2,4,0,15,30,0,0,0,2,183200.39,90.43,0,261.12,67.32,49.22,0.0,2.22,0.0,0.0,60.0,60.0,0,0,0,0.0,-75.25
1111,188239.65,746.31,75.75,61,127.5,72.17,1.07,14.02,0,2,0,0,24,2,0,0,0,2,193200.78,90.43,0,261.12,67.32,49.22,0.0,2.24,0.0,0.0,60.0,60.0,0,0,0,0.0,-75.25
1112,186984.72,1674.34,75.75,61,127.5,72.17,1.09,13.92,1,2,4,0,151,4,0,0,0,2,191950.73,89.4,0,261.12,67.32,49.22,0.0,2.27,0.0,0.0,60.0,60.0,0,0,0,0.0,-75.25
1113,176945.27,1994.31,75.75,61,127.5,72.17,1.09,14.12,1,0,0,0,168,86,0,0,1,0,181921.05,89.4,0,261.12,67.32,49.22,0.0,2.22,0.0,0.0,60.0,60.0,0,0,0,0.0,-75.25
1114,189450.63,834.34,75.75,61,127.5,73.11,1.11,14.02,0,0,0,0,159,130,0,0,0,2,194426.41,89.4,0,261.12,67.32,49.22,0.0,2.24,0.0,0.0,60.0,60.0,0,0,0,0.0,-75.25
1115,189450.63,338.34,75.75,61,127.5,73.11,1.12,14.02,1,0,4,0,85,117,0,0,0,2,193176.36,89.4,0,261.12,67.32,49.22,0.0,2.24,0.0,0.0,60.0,60.0,0,0,0,0.0,-74.92
1116,188195.7,274.34,75.75,61,127.5,73.11,1.12,13.92,1,0,4,0,17,33,0,0,0,2,193176.36,88.38,0,261.12,67.32,49.22,0.0,2.27,0.0,0.0,60.0,60.0,0,0,0,0.0,-75.25
1117,186940.77,50.34,75.75,61,127.5,73.57,1.13,14.12,1,2,4,0,108,19,0,0,1,0,191921.43,88.38,0,261.12,67.32,49.22,0.0,2.22,0.0,0.0,60.0,60.0,0,0,0,0.0,-75.25
1118,186940.77,1962.34,75.75,61,127.5,73.57,1.14,14.02,1,0,0,0,165,120,0,0,1,0,191916.55,88.38,0,261.12,67.32,49.22,0.0,2.24,0.0,0.0,60.0,60.0,0,0,0,0.0,-75.25
1119,186940.77,514.34,75.75,61,127.5,74.51,1.15,13.92,0,2,0,0,165,110,0,0,1,0,191916.55,88.37,0,261.12,67.32,49.22,0.0,2.27,0.0,0.0,60.0,60.0,0,0,0,0.0,-75.25
1120,185685.84,322.38,75.75,61,127.5,74.51,1.17,14.12,1,0,0,0,76,54,0,0,1,0,190666.5,88.37,0,261.12,67.32,49.22,0.0,2.22,0.0,0.0,60.0,60.0,0,0,0,0.0,-74.92
1121,185729.79,554.34,75.75,61,127.5,74.51,1.18,14.12,1,0,0,0,21,114,0,0,0,0,190666.5,87.35,0,261.12,67.32,49.22,0.0,2.22,0.0,0.0,60.0,60.0,0,0,0,0.0,-75.25
1122,185729.79,26.34,75.75,61,127.5,74.98,1.17,14.02,1,2,0,0,145,136,0,0,0,0,190666.5,87.35,0,261.12,67.32,49.22,0.0,2.24,0.0,0.0,60.0,60.0,0,0,0,0.0,-75.25
1123,170670.62,33.81,75.75,61,127.5,67.48,0.92,14.02,0,2,4,0,174,101,0,0,0,2,175685.46,87.34,0,261.12,67.32,49.22,0.0,2.24,0.0,0.0,60.0,60.0,0,0,0,0.0,-74.6
1124,165621.59,617.81,75.75,61,127.5,68.42,0.93,14.12,1,0,4,0,171,149,0,0,1,0,174425.64,87.34,0,261.12,67.32,49.22,0.0,2.22,0.0,0.0,60.0,60.0,0,0,0,0.0,-74.28
1125,164361.78,1585.84,75.75,61,127.5,67.95,0.94,14.12,0,2,4,0,162,141,0,0,1,0,171920.66,86.32,0,261.12,67.32,49.22,0.0,2.22,0.0,0.0,60.0,60.0,0,0,0,0.0,-74.28
1126,165616.71,1849.84,75.75,61,127.5,68.89,0.95,13.92,1,2,4,0,148,131,0,0,1,0,173175.6,86.32,0,261.12,67.32,49.22,0.0,2.27,0.0,0.0,60.0,60.0,0,0,0,0.0,-74.28
1127,165616.71,289.91,75.75,61,127.5,69.83,0.98,14.12,0,2,0,0,30,56,0,0,1,0,173170.71,86.32,0,261.12,67.32,49.22,0.0,2.22,0.0,0.0,60.0,60.0,0,0,0,0.0,-74.6
1128,144307.3,193.25,75.75,61,127.5,58.11,0.64,14.12,1,2,0,0,172,73,0,0,1,0,153091.82,86.32,0,261.12,67.32,49.22,0.0,2.22,0.0,0.0,60.0,60.0,0,0,0,0.0,-73.62
1129,134277.62,1809.12,75.75,61,127.5,56.7,0.59,14.02,0,2,4,0,171,158,0,0,1,0,134277.62,85.29,0,261.12,67.28,49.22,0.0,2.24,0.0,0.0,60.0,60.0,0,0,0,0.0,-73.62
1130,135532.55,713.16,75.75,61,127.5,57.17,0.6,14.12,0,0,4,0,169,151,0,0,0,2,135532.55,85.29,0,261.12,67.28,49.22,0.0,2.22,0.0,0.0,60.0,60.0,0,0,0,0.0,-73.3
1131,135532.55,233.16,75.75,61,127.5,56.24,0.6,14.12,1,0,4,0,163,148,0,0,0,2,135532.55,85.29,0,261.12,67.28,49.22,0.0,2.22,0.0,0.0,60.0,60.0,0,0,0,0.0,-73.3
1132,134277.62,865.06,75.75,61,127.5,54.36,0.56,14.02,0,0,4,0,145,142,0,0,1,0,134277.62,85.29,0,261.12,67.28,49.22,0.0,2.24,0.0,0.0,60.0,60.0,0,0,0,0.0,-73.3
1133,120473.38,376.56,75.75,61,127.5,40.3,0.3,14.02,0,0,4,0,169,142,0,0,0,0,120473.38,85.29,0,261.12,67.12,49.22,0.0,2.24,0.0,0.0,60.0,60.0,0,0,0,0.0,-72.65
1134,120473.38,424.41,75.75,61,127.5,33.27,0.22,14.12,0,0,4,0,134,151,0,0,0,0,120473.38,86.31,0,261.12,67.07,49.22,0.0,2.22,0.0,0.0,60.0,60.0,0,0,0,0.0,-72.65
1135,149336.79,696.31,75.75,61,127.5,28.12,0.17,14.12,0,2,0,0,168,151,0,0,1,2,149336.79,86.31,0,261.12,67.05,49.22,0.0,2.22,0.0,0.0,60.0,60.0,0,0,0,0.0,-72.33
1136,176945.27,152.28,75.75,61,127.5,23.9,0.15,14.12,1,0,0,0,172,158,0,0,0,2,176945.27,86.32,0,261.12,67.05,49.22,0.0,2.22,0.0,0.0,60.0,60.0,0,0,0,0.0,-72.33
1137,199534.03,1656.28,75.75,61,127.5,24.84,0.15,14.02,1,2,0,0,167,158,0,0,1,2,199534.03,86.32,0,261.12,67.04,49.22,0.0,2.24,0.0,0.0,60.0,60.0,0,0,0,0.0,-72.33
1138,199534.03,2040.28,75.75,61,127.5,24.37,0.14,14.12,1,2,4,0,100,156,0,0,1,2,199534.03,87.34,0,261.12,66.93,49.22,0.0,2.22,0.0,0.0,60.0,60.0,0,0,0,0.0,-72.33
1139,200788.96,448.31,75.75,61,127.5,24.84,0.15,14.12,0,2,0,0,3,145,0,0,0,0,200788.96,87.34,0,261.12,66.93,49.22,0.0,2.22,0.0,0.0,60.0,60.0,0,0,0,0.0,-72.33
1140,200788.96,1064.31,75.75,61,127.5,25.31,0.15,13.92,1,2,4,0,0,0,0,0,0,0,200788.96,87.34,0,261.12,66.93,49.22,0.0,2.27,0.0,0.0,60.0,60.0,0,0,0,0.0,-72.33
1141,200788.96,1424.31,76.5,61,127.5,25.31,0.15,14.12,1,0,4,0,0,0,0,0,0,0,200788.96,87.34,0,261.12,66.93,49.22,0.0,2.22,0.0,0.0,60.0,60.0,0,0,0,0.0,-72.33
1142,120473.38,1824.5,76.5,61,127.5,34.68,0.23,14.12,1,0,0,0,0,0,0,0,0,0,120473.38,87.34,0,261.12,67.03,49.22,0.0,2.22,0.0,0.0,60.0,60.0,0,0,0,0.0,-72.65
1143,119218.45,1856.47,76.5,61,127.5,36.08,0.25,14.12,1,0,4,0,6,0,0,0,1,2,119218.45,88.37,0,261.12,67.05,49.22,0.0,2.22,0.0,0.0,60.0,60.0,0,0,0,0.0,-72.65
1144,124238.17,1256.31,76.5,61,127.5,26.24,0.16,13.92,1,0,4,0,39,0,0,0,1,0,124238.17,88.37,0,261.12,67.05,49.22,0.0,2.27,0.0,0.0,60.0,60.0,0,0,0,0.0,-72.33
1145,143062.13,16.28,76.5,61,92.25,24.37,0.14,14.02,0,2,0,0,75,0,0,0,1,0,143062.13,88.37,0,261.12,67.04,49.22,0.0,2.24,0.0,0.0,60.0,60.0,0,0,0,0.0,-72.33
1146,156866.38,464.34,76.5,61,92.25,27.65,0.16,14.12,1,2,0,0,99,54,0,0,0,2,156866.38,88.37,0,261.12,67.04,49.22,0.0,2.22,0.0,0.0,60.0,60.0,0,0,0,0.0,-72.33
1147,117963.51,32.41,76.5,61,92.25,31.4,0.2,14.02,1,0,0,0,154,93,0,0,1,2,117963.51,89.4,0,261.12,67.04,49.22,0.0,2.24,0.0,0.0,60.0,60.0,0,0,0,0.0,-72.33
1148,117963.51,1920.38,76.5,61,92.25,29.99,0.19,14.12,1,0,4,0,182,150,0,0,1,2,117963.51,89.4,0,261.12,67.04,49.22,0.0,2.22,0.0,0.0,60.0,60.0,0,0,0,0.0,-72.33
1149,125493.1,1016.81,76.5,61,92.25,47.33,0.41,14.12,1,0,4,0,184,159,0,0,0,2,125493.1,89.4,0,258.05,67.12,49.22,0.0,2.22,0.0,0.0,60.0,60.0,0,0,0,0.0,-73.3
1150,126748.03,1000.81,76.5,61,92.25,48.27,0.42,14.02,0,0,4,0,188,162,0,0,0,2,126748.03,89.4,0,249.86,67.18,49.22,0.0,2.24,0.0,0.0,60.0,60.0,0,0,0,0.0,-73.3
1151,126748.03,1080.81,76.5,61,92.25,47.8,0.41,13.92,1,0,0,0,187,162,0,0,0,2,126748.03,89.4,0,249.86,67.18,49.22,0.0,2.27,0.0,0.0,60.0,60.0,0,0,0,0.0,-72.97
1152,126748.03,1552.81,76.5,61,92.25,48.27,0.42,14.12,1,2,4,0,185,160,0,0,0,2,126748.03,90.42,0,253.95,67.17,49.22,0.0,2.22,0.0,0.0,60.0,60.0,0,0,0,0.0,-72.97
1153,128002.96,1064.84,76.5,61,92.25,47.33,0.41,14.12,1,0,4,0,183,158,0,0,1,2,128002.96,90.42,0,261.12,67.17,49.22,0.0,2.22,0.0,0.0,60.0,60.0,0,0,0,0.0,-72.97
1154,128002.96,1240.84,76.5,61,92.25,47.8,0.41,14.02,1,0,4,0,177,156,0,0,1,2,128002.96,90.43,0,261.12,67.18,49.22,0.0,2.24,0.0,0.0,60.0,60.0,0,0,0,0.0,-72.97
1155,128002.96,1616.84,76.5,61,92.25,47.33,0.42,14.02,1,2,0,0,170,153,0,0,1,2,128002.96,90.43,0,261.12,67.17,49.22,0.0,2.24,0.0,0.0,60.0,60.0,0,0,0,0.0,-72.97
1156,129257.89,1056.94,76.5,61,92.25,51.55,0.46,14.02,0,2,0,0,157,148,0,0,1,2,129257.89,91.45,0,261.12,67.17,49.22,0.0,2.24,0.0,0.0,60.0,60.0,0,0,0,0.0,-73.3
1157,144317.07,1385.5,76.5,61,92.25,61.86,0.73,13.92,0,2,0,0,158,142,0,0,1,0,144317.07,91.45,0,261.12,67.32,49.22,0.0,2.27,0.0,0.0,60.0,60.0,0,0,0,0.0,-73.95
1158,145572.0,753.62,76.5,62,92.25,64.2,0.79,14.02,0,0,0,0,130,145,0,0,0,2,145572.0,91.45,0,261.12,67.32,49.22,0.0,2.24,0.0,0.0,60.0,60.0,0,0,0,0.0,-73.95
1159,161866.57,1281.78,76.5,62,92.25,66.55,0.87,14.02,1,0,4,0,12,49,0,0,0,0,161886.1,91.45,0,261.12,67.32,49.22,0.0,2.24,0.0,0.0,60.0,60.0,0,0,0,0.0,-74.28
1160,163121.5,1241.81,76.5,62,92.25,67.48,0.89,14.02,0,0,4,0,11,0,0,0,1,0,163141.03,90.42,0,261.12,67.32,49.22,0.0,2.24,0.0,0.0,60.0,60.0,0,0,0,0.0,-74.28
1161,164376.43,1929.88,76.5,62,92.25,67.48,0.92,13.82,1,0,0,0,11,0,0,0,0,2,164395.96,90.42,0,261.12,67.32,49.22,0.0,2.3,0.0,0.0,60.0,60.0,0,0,0,0.0,-74.28
1162,164376.43,1825.91,76.5,62,92.25,67.95,0.93,14.02,0,0,4,0,11,0,0,0,0,2,164395.96,90.42,0,261.12,67.32,49.22,0.0,2.24,0.0,0.0,60.0,60.0,0,0,0,0.0,-74.6
1163,165631.36,1761.94,76.5,62,92.25,68.89,0.95,14.02,0,2,0,0,14,0,0,0,0,2,165650.89,90.42,0,261.12,67.32,49.22,0.0,2.24,0.0,0.0,60.0,60.0,0,0,0,0.0,-74.6
1164,166886.29,1321.97,76.5,62,92.25,70.29,0.98,14.02,1,2,4,0,27,0,0,0,1,2,166905.82,90.42,0,261.12,67.32,49.22,0.0,2.24,0.0,0.0,60.0,60.0,0,0,0,0.0,-74.6
1165,168141.22,130.03,76.5,62,92.25,70.29,1.01,13.92,1,2,4,0,153,48,0,0,1,2,179411.19,89.4,0,261.12,67.32,49.22,0.0,2.27,0.0,0.0,60.0,60.0,0,0,0,0.0,-74.92
1166,178190.44,1826.19,76.5,62,92.25,72.64,1.09,14.02,0,0,0,0,156,17,0,0,0,0,183210.16,89.4,0,261.12,67.32,49.22,0.0,2.24,0.0,0.0,60.0,60.0,0,0,0,0.0,-74.92
1167,181955.23,978.25,76.5,62,92.25,73.57,1.14,14.02,0,0,0,0,36,0,0,0,0,2,186974.95,89.39,0,261.12,67.32,49.22,0.0,2.24,0.0,0.0,60.0,60.0,0,0,0,0.0,-74.92
1168,184460.21,178.31,76.5,62,92.25,74.98,1.17,14.12,1,2,0,0,29,3,0,0,1,2,189479.93,89.39,0,261.12,67.32,49.22,0.0,2.22,0.0,0.0,60.0,60.0,0,0,0,0.0,-75.25
1169,185715.14,714.34,76.5,62,92.25,75.45,1.19,13.92,0,2,4,0,157,51,0,0,1,2,190734.86,88.37,0,261.12,67.32,49.22,0.0,2.27,0.0,0.0,60.0,60.0,0,0,0,0.0,-75.25
1170,184460.21,1722.31,76.5,62,92.25,74.98,1.18,14.02,0,0,0,0,170,56,0,0,0,2,189479.93,88.37,0,261.12,67.32,49.22,0.0,2.24,0.0,0.0,60.0,60.0,0,0,0,0.0,-75.25
1171,183210.16,1658.31,76.5,62,92.25,75.45,1.19,14.02,1,0,4,0,163,16,0,0,0,2,188229.88,88.36,0,261.12,67.32,49.22,0.0,2.24,0.0,0.0,60.0,60.0,0,0,0,0.0,-75.25
1172,194460.59,1834.38,75.75,61,92.25,75.92,1.22,14.02,0,0,0,0,73,89,0,0,0,2,188229.88,88.36,0,261.12,67.32,49.22,0.0,2.24,0.0,0.0,60.0,60.0,0,0,0,0.0,-74.92
1173,194455.71,1778.34,75.75,61,92.25,75.92,1.22,13.82,0,2,4,0,30,107,0,0,0,2,188225.0,88.36,0,261.12,67.32,49.22,0.0,2.3,0.0,0.0,60.0,60.0,0,0,0,0.0,-75.25
1174,194455.71,1554.34,76.5,61,92.25,75.45,1.22,13.92,1,2,4,0,165,22,0,0,0,2,188225.0,87.34,0,261.12,67.32,49.22,0.0,2.27,0.0,0.0,60.0,60.0,0,0,0,0.0,-75.25
1175,190690.92,1554.25,76.5,61,92.25,74.51,1.18,14.02,0,0,4,0,174,63,0,0,0,0,183210.16,87.34,0,261.12,67.32,49.22,0.0,2.24,0.0,0.0,60.0,60.0,0,0,0,0.0,-75.25
1176,185676.08,210.19,75.75,61,92.25,74.04,1.16,14.02,1,0,0,0,162,136,0,0,1,2,179445.37,87.34,0,261.12,67.32,49.22,0.0,2.24,0.0,0.0,60.0,60.0,0,0,0,0.0,-74.92
1177,180651.47,802.06,75.75,61,92.25,72.64,1.09,13.92,1,0,4,0,141,132,0,0,0,0,174420.76,87.34,0,261.12,67.32,49.22,0.0,2.27,0.0,0.0,60.0,60.0,0,0,0,0.0,-74.6
1178,161842.15,929.72,76.5,61,92.25,67.48,0.92,14.12,1,2,0,0,20,61,0,0,1,0,166861.88,86.31,0,261.12,67.32,49.22,0.0,2.22,0.0,0.0,60.0,60.0,0,0,0,0.0,-74.6
1179,124238.17,1512.56,76.5,61,92.25,39.83,0.3,14.12,1,0,4,0,183,156,0,0,0,2,124238.17,86.31,0,261.12,67.28,49.22,0.0,2.22,0.0,0.0,60.0,60.0,0,0,0,0.0,-72.97
1180,163141.03,984.34,76.5,61,64.5,29.52,0.19,14.12,1,2,4,0,188,171,0,0,1,0,163141.03,86.32,0,261.12,67.06,49.22,0.0,2.22,0.0,0.0,60.0,60.0,0,0,0,0.0,-72.33
1181,199534.03,936.31,75.75,61,64.5,28.59,0.17,13.92,0,2,4,0,186,170,0,0,1,2,199534.03,86.32,0,261.12,67.05,49.22,0.0,2.27,0.0,0.0,60.0,60.0,0,0,0,0.0,-72.33
1182,199534.03,848.28,75.75,61,64.5,25.77,0.15,14.12,0,2,4,0,185,170,0,0,1,2,199534.03,87.34,0,261.12,67.05,49.22,0.0,2.22,0.0,0.0,60.0,60.0,0,0,0,0.0,-72.33
1183,198279.1,1384.28,76.5,61,64.5,24.37,0.14,14.12,1,2,4,0,182,169,0,0,1,2,198279.1,87.34,0,261.12,66.93,49.22,0.0,2.22,0.0,0.0,60.0,60.0,0,0,0,0.0,-72.33
1184,199534.03,1744.28,76.5,61,64.5,23.9,0.14,14.12,0,0,4,0,44,160,0,0,1,2,199534.03,87.34,0,261.12,66.93,49.22,0.0,2.22,0.0,0.0,60.0,60.0,0,0,0,0.0,-72.33
1185,117963.51,520.41,76.5,61,42.0,31.87,0.2,14.02,1,0,4,0,0,14,0,0,1,2,117963.51,87.34,0,261.12,67.04,49.22,0.0,2.24,0.0,0.0,60.0,60.0,0,0,0,0.0,-72.65
1186,116708.58,1576.41,76.5,61,42.0,34.21,0.22,14.12,1,2,4,0,6,0,0,0,0,2,116708.58,87.34,0,261.12,67.05,49.22,0.0,2.22,0.0,0.0,60.0,60.0,0,0,0,0.0,-72.65
1187,120473.38,1568.62,76.5,61,42.0,44.05,0.34,14.12,0,0,0,0,67,0,0,0,0,0,120473.38,88.37,0,258.05,67.11,49.22,0.0,2.22,0.0,0.0,60.0,60.0,0,0,0,0.0,-72.97
1188,119218.45,1896.66,76.5,61,42.0,44.05,0.34,14.12,1,2,4,0,163,92,0,0,1,2,119218.45,88.37,0,254.98,67.11,49.22,0.0,2.22,0.0,0.0,60.0,60.0,0,0,0,0.0,-72.65
1189,124238.17,2008.84,76.5,61,42.0,50.14,0.45,13.92,1,0,0,0,171,153,0,0,1,0,124238.17,88.37,0,254.98,67.12,49.22,0.0,2.27,0.0,0.0,60.0,60.0,0,0,0,0.0,-73.3
1190,126748.03,1544.91,76.5,61,42.0,51.55,0.5,14.12,1,0,4,0,179,162,0,0,0,2,126748.03,88.37,0,249.86,67.23,49.22,0.0,2.22,0.0,0.0,60.0,60.0,0,0,0,0.0,-73.3
1191,130512.82,616.97,76.5,61,42.0,52.02,0.5,14.12,1,2,4,0,169,163,0,0,0,0,130512.82,89.4,0,261.12,67.22,49.22,0.0,2.22,0.0,0.0,60.0,60.0,0,0,0,0.0,-73.3
1192,131767.76,1680.97,76.5,61,42.0,52.02,0.5,14.02,1,2,4,0,148,160,0,0,0,0,131767.76,89.4,0,261.12,67.22,49.22,0.0,2.24,0.0,0.0,60.0,60.0,0,0,0,0.0,-73.3
1193,133022.69,1488.97,76.5,61,42.0,52.02,0.5,13.92,1,0,4,0,35,157,0,0,1,0,133022.69,89.4,0,261.12,67.22,49.22,0.0,2.27,0.0,0.0,60.0,60.0,0,0,0,0.0,-73.3
1194,133022.69,937.0,76.5,61,42.0,52.95,0.51,14.12,1,0,0,0,17,154,0,0,1,0,133022.69,89.4,0,261.12,67.23,49.22,0.0,2.22,0.0,0.0,60.0,60.0,0,0,0,0.0,-73.3
1195,134277.62,1585.0,76.5,61,42.0,52.95,0.51,14.12,0,2,0,0,26,148,0,0,1,0,134277.62,89.4,0,261.12,67.23,49.22,0.0,2.22,0.0,0.0,60.0,60.0,0,0,0,0.0,-73.3
1196,139297.34,545.22,76.5,61,42.0,57.64,0.62,13.92,1,2,0,0,37,135,0,0,1,2,139297.34,88.38,0,261.12,67.27,49.22,0.0,2.27,0.0,0.0,60.0,60.0,0,0,0,0.0,-73.62
1197,140552.27,649.25,76.5,61,42.0,58.11,0.64,13.92,1,2,0,0,156,134,0,0,0,0,140552.27,88.38,0,261.12,67.3,49.22,0.0,2.27,0.0,0.0,60.0,60.0,0,0,0,0.0,-73.62
1198,140552.27,1465.25,76.5,62,42.0,58.11,0.64,14.12,1,2,4,0,160,139,0,0,0,0,140552.27,88.37,0,261.12,67.3,49.22,0.0,2.22,0.0,0.0,60.0,60.0,0,0,0,0.0,-73.62
1199,140552.27,793.28,76.5,62,42.0,58.58,0.66,14.12,0,2,4,0,70,136,0,0,0,0,140552.27,88.37,0,261.12,67.31,49.22,0.0,2.22,0.0,0.0,60.0,60.0,0,0,0,0.0,-73.62
1200,140552.27,1273.28,76.5,62,42.0,58.58,0.66,14.02,0,2,0,0,21,95,0,0,0,0,140552.27,87.35,0,261.12,67.31,49.22,0.0,2.24,0.0,0.0,60.0,60.0,0,0,0,0.0,-73.62
1201,141807.2,1833.34,76.5,62,42.0,59.98,0.68,13.92,0,0,0,0,98,79,0,0,0,0,141807.2,87.35,0,261.12,67.32,49.22,0.0,2.27,0.0,0.0,60.0,60.0,0,0,0,0.0,-73.62
1202,143062.13,1881.41,76.5,62,42.0,61.39,0.71,14.12,0,0,4,0,164,134,0,0,1,0,143062.13,87.34,0,261.12,67.32,49.22,0.0,2.22,0.0,0.0,60.0,60.0,0,0,0,0.0,-73.95
1203,144317.07,161.5,76.5,62,42.0,63.26,0.76,14.02,0,0,0,0,168,134,0,0,1,0,144317.07,87.34,0,261.12,67.32,49.22,0.0,2.24,0.0,0.0,60.0,60.0,0,0,0,0.0,-73.95
1204,163116.61,1049.88,76.5,62,42.0,68.89,0.96,14.02,0,0,0,0,35,43,0,0,1,0,163136.15,87.34,0,261.12,67.32,49.22,0.0,2.24,0.0,0.0,60.0,60.0,0,0,0,0.0,-74.6
1205,161905.63,49.84,76.5,62,42.0,68.89,0.95,13.92,0,0,0,0,158,90,0,0,0,0,161881.22,86.32,0,261.12,67.32,49.22,0.0,2.27,0.0,0.0,60.0,60.0,0,0,0,0.0,-74.6
1206,160650.7,1297.84,76.5,62,42.0,68.89,0.94,14.02,0,0,0,0,165,140,0,0,0,0,160626.29,86.32,0,261.12,67.32,49.22,0.0,2.24,0.0,0.0,60.0,60.0,0,0,0,0.0,-74.6
1207,160650.7,593.78,76.5,62,42.0,67.95,0.92,14.12,0,2,4,0,151,71,0,0,0,0,160626.29,86.32,0,261.12,67.32,49.22,0.0,2.22,0.0,0.0,60.0,60.0,0,0,0,0.0,-74.28
1208,143081.67,1633.41,76.5,62,42.0,61.39,0.72,14.12,0,0,4,0,155,98,0,0,1,0,143062.13,86.32,0,261.12,67.32,49.22,0.0,2.22,0.0,0.0,60.0,60.0,0,0,0,0.0,-73.62
1209,141821.85,1673.38,76.5,62,42.0,61.39,0.72,13.92,1,0,0,0,17,144,0,0,0,0,141807.2,85.29,0,261.12,67.32,49.22,0.0,2.27,0.0,0.0,60.0,60.0,0,0,0,0.0,-73.62
1210,141821.85,97.41,76.5,62,42.0,61.39,0.73,14.12,1,0,0,0,19,112,0,0,0,0,141807.2,85.29,0,261.12,67.32,49.22,0.0,2.22,0.0,0.0,60.0,60.0,0,0,0,0.0,-73.95
1211,134277.62,1081.03,76.5,62,42.0,53.42,0.53,14.12,0,2,0,0,172,143,0,0,1,0,134277.62,85.29,0,261.12,67.27,49.22,0.0,2.22,0.0,0.0,60.0,60.0,0,0,0,0.0,-73.3
1212,133022.69,601.0,76.5,61,42.0,53.42,0.52,13.92,0,2,4,0,170,156,0,0,1,0,133022.69,85.29,0,261.12,67.24,49.22,0.0,2.27,0.0,0.0,60.0,60.0,0,0,0,0.0,-73.3
1213,131767.76,1000.97,76.5,61,42.0,51.55,0.5,14.12,0,0,4,0,168,151,0,0,0,0,131767.76,86.31,0,261.12,67.23,49.22,0.0,2.22,0.0,0.0,60.0,60.0,0,0,0,0.0,-73.3
1214,124238.17,320.75,76.5,62,42.0,46.39,0.38,14.12,0,0,0,0,174,150,0,0,1,0,124238.17,86.31,0,261.12,67.17,49.22,0.0,2.22,0.0,0.0,60.0,60.0,0,0,0,0.0,-72.97
1215,122983.24,1776.72,76.5,62,42.0,45.46,0.37,14.12,1,2,0,0,170,150,0,0,1,0,122983.24,86.31,0,261.12,67.15,49.22,0.0,2.22,0.0,0.0,60.0,60.0,0,0,0,0.0,-72.97
1216,124238.17,1040.72,76.5,61,42.0,44.99,0.37,13.92,0,0,0,0,166,147,0,0,1,0,124238.17,86.32,0,261.12,67.14,49.22,0.0,2.27,0.0,0.0,60.0,60.0,0,0,0,0.0,-72.97
1217,124238.17,1464.72,76.5,61,42.0,44.99,0.37,14.12,0,2,0,0,149,141,0,0,1,0,124238.17,86.32,0,261.12,67.14,49.22,0.0,2.22,0.0,0.0,60.0,60.0,0,0,0,0.0,-72.97
1218,124238.17,1768.72,76.5,62,42.0,44.99,0.37,14.12,1,2,0,0,80,130,0,0,1,0,124238.17,87.34,0,261.12,67.14,49.22,0.0,2.22,0.0,0.0,60.0,60.0,0,0,0,0.0,-72.97
1219,126748.03,376.88,76.5,62,42.0,49.21,0.44,14.12,1,0,0,0,33,130,0,0,0,2,126748.03,87.34,0,261.12,67.15,49.22,0.0,2.22,0.0,0.0,60.0,60.0,0,0,0,0.0,-73.3
1220,134277.62,1913.03,76.5,62,42.0,52.95,0.52,14.02,1,0,0,0,173,144,0,0,1,0,134277.62,87.34,0,261.12,67.22,49.22,0.0,2.24,0.0,0.0,60.0,60.0,0,0,0,0.0,-73.3
1221,135532.55,417.06,76.5,62,42.0,54.36,0.53,14.12,1,2,0,0,167,157,0,0,0,2,135532.55,87.34,0,261.12,67.23,49.22,0.0,2.22,0.0,0.0,60.0,60.0,0,0,0,0.0,-73.3
1222,135532.55,145.09,76.5,62,42.0,54.83,0.55,14.12,0,2,4,0,153,151,0,0,0,2,135532.55,86.32,0,261.12,67.26,49.22,0.0,2.22,0.0,0.0,60.0,60.0,0,0,0,0.0,-73.3
1223,136787.48,441.12,76.5,62,42.0,54.83,0.57,13.92,1,2,0,0,24,130,0,0,0,2,136787.48,86.32,0,261.12,67.27,49.22,0.0,2.27,0.0,0.0,60.0,60.0,0,0,0,0.0,-73.3
1224,138042.41,633.16,76.5,62,42.0,55.77,0.58,14.12,0,0,4,0,16,84,0,0,1,2,138042.41,86.32,0,261.12,67.27,49.22,0.0,2.22,0.0,0.0,60.0,60.0,0,0,0,0.0,-73.3
1225,138042.41,921.16,76.5,62,42.0,56.7,0.58,14.02,0,2,4,0,23,77,0,0,1,2,138042.41,86.32,0,261.12,67.27,49.22,0.0,2.24,0.0,0.0,60.0,60.0,0,0,0,0.0,-73.62
1226,138042.41,1489.16,76.5,62,42.0,55.77,0.59,14.12,0,0,0,0,125,118,0,0,1,2,138042.41,86.32,0,261.12,62.98,47.27,0.0,2.22,0.0,0.0,60.0,60.0,0,0,0,0.0,-73.62
1227,138042.41,129.19,76.5,62,42.0,56.24,0.59,13.92,1,0,0,0,157,121,0,0,1,2,138042.41,85.29,0,261.12,62.98,47.27,0.0,2.27,0.0,0.0,60.0,60.0,0,0,0,0.0,-73.62
1228,138042.41,209.16,76.5,62,42.0,56.7,0.59,14.12,1,2,0,0,162,66,0,0,1,2,138042.41,85.29,0,261.12,62.98,47.27,0.0,2.22,0.0,0.0,60.0,60.0,0,0,0,0.0,-73.3
1229,138042.41,777.16,76.5,62,42.0,55.77,0.58,14.12,0,0,0,0,63,58,0,0,1,2,138042.41,85.29,0,261.12,62.98,47.27,0.0,2.22,0.0,0.0,60.0,60.0,0,0,0,0.0,-73.3
1230,138042.41,1737.19,76.5,62,42.0,55.77,0.59,13.92,0,0,0,0,17,83,0,0,1,2,138042.41,85.29,0,261.12,62.97,47.27,0.0,2.27,0.0,0.0,60.0,60.0,0,0,0,0.0,-73.62
1231,131767.76,544.88,76.5,62,42.0,49.67,0.45,14.02,1,2,0,0,98,94,0,0,0,0,131767.76,84.26,0,261.12,62.91,47.27,0.0,2.24,0.0,0.0,60.0,60.0,0,0,0,0.0,-73.3
1232,129257.89,1168.88,76.5,62,42.0,49.67,0.44,14.12,0,0,0,0,171,137,0,0,1,2,129257.89,84.26,0,261.12,62.89,47.27,0.0,2.22,0.0,0.0,60.0,60.0,0,0,0,0.0,-72.97
1233,129257.89,336.88,76.5,62,42.0,49.21,0.44,14.12,1,2,4,0,172,140,0,0,1,2,129257.89,84.27,0,261.12,62.89,47.27,0.0,2.22,0.0,0.0,60.0,60.0,0,0,0,0.0,-72.97
1234,129257.89,360.84,76.5,62,42.0,49.21,0.43,13.92,1,2,0,0,169,135,0,0,1,2,129257.89,84.27,0,261.12,62.89,47.27,0.0,2.27,0.0,0.0,60.0,60.0,0,0,0,0.0,-72.97
1235,129257.89,608.88,76.5,62,42.0,49.67,0.44,14.12,0,0,0,0,161,128,0,0,1,2,129257.89,85.29,0,261.12,62.89,47.27,0.0,2.22,0.0,0.0,60.0,60.0,0,0,0,0.0,-72.97
1236,129257.89,480.88,76.5,62,42.0,48.74,0.44,14.02,1,0,0,0,150,135,0,0,1,2,129257.89,85.29,0,261.12,62.89,47.27,0.0,2.24,0.0,0.0,60.0,60.0,0,0,0,0.0,-72.97
1237,129257.89,496.88,76.5,62,42.0,48.74,0.44,14.12,0,0,4,0,74,144,0,0,1,2,129257.89,85.29,0,261.12,62.89,47.27,0.0,2.22,0.0,0.0,60.0,60.0,0,0,0,0.0,-72.97
1238,129257.89,752.88,76.5,62,42.0,48.27,0.44,13.92,0,2,0,0,24,144,0,0,1,2,129257.89,85.3,0,261.12,62.89,47.27,0.0,2.27,0.0,0.0,60.0,60.0,0,0,0,0.0,-72.97
1239,128002.96,1328.84,76.5,62,42.0,48.27,0.43,14.02,1,0,0,0,64,138,0,0,1,2,128002.96,85.3,0,261.12,62.89,47.27,0.0,2.24,0.0,0.0,60.0,60.0,0,0,0,0.0,-72.97
1240,125493.1,1136.69,76.5,62,42.0,43.58,0.35,14.12,1,0,4,0,162,136,0,0,0,2,125493.1,86.32,0,261.12,62.85,47.27,0.0,2.22,0.0,0.0,60.0,60.0,0,0,0,0.0,-72.97
1241,122983.24,848.69,76.5,62,42.0,43.11,0.34,13.92,1,2,4,0,170,143,0,0,1,0,122983.24,86.32,0,261.12,62.82,47.27,0.0,2.27,0.0,0.0,60.0,60.0,0,0,0,0.0,-72.97
1242,122983.24,1760.66,76.5,62,42.0,42.65,0.33,14.12,1,0,4,0,164,145,0,0,1,0,122983.24,86.32,0,261.12,62.82,47.27,0.0,2.22,0.0,0.0,60.0,60.0,0,0,0,0.0,-72.65
1243,122983.24,568.66,76.5,62,42.0,42.18,0.33,14.12,1,0,0,0,149,142,0,0,1,0,122983.24,86.32,0,261.12,62.81,47.27,0.0,2.22,0.0,0.0,60.0,60.0,0,0,0,0.0,-72.65
1244,122983.24,776.66,76.5,62,42.0,42.65,0.33,14.02,1,2,0,0,43,129,0,0,1,0,122983.24,87.35,0,261.12,62.81,47.27,0.0,2.24,0.0,0.0,60.0,60.0,0,0,0,0.0,-72.65
1245,122983.24,592.72,76.5,62,42.0,44.99,0.36,14.12,1,2,4,0,21,130,0,0,1,0,122983.24,87.35,0,261.12,62.81,47.27,0.0,2.22,0.0,0.0,60.0,60.0,0,0,0,0.0,-72.97
1246,128002.96,1976.88,76.5,62,42.0,48.74,0.43,14.12,0,2,0,0,148,135,0,0,1,2,128002.96,87.35,0,261.12,62.87,47.27,0.0,2.22,0.0,0.0,60.0,60.0,0,0,0,0.0,-72.97
1247,128002.96,1496.84,76.5,62,42.0,47.33,0.42,14.02,0,0,4,0,174,157,0,0,1,2,128002.96,87.35,0,261.12,62.87,47.27,0.0,2.24,0.0,0.0,60.0,60.0,0,0,0,0.0,-72.97
1248,128002.96,1848.88,76.5,62,42.0,47.8,0.42,14.12,0,0,0,0,172,155,0,0,1,2,128002.96,88.38,0,261.12,62.87,47.27,0.0,2.22,0.0,0.0,60.0,60.0,0,0,0,0.0,-72.97
1249,128002.96,1128.84,76.5,63,42.0,48.27,0.41,14.12,1,2,0,0,163,151,0,0,1,2,128002.96,88.38,0,261.12,62.87,47.27,0.0,2.22,0.0,0.0,60.0,60.0,0,0,0,0.0,-72.97
1250,129257.89,40.88,76.5,63,42.0,48.74,0.42,14.12,0,2,4,0,106,145,0,0,1,2,129257.89,88.38,0,261.12,62.87,47.27,0.0,2.22,0.0,0.0,60.0,60.0,0,0,0,0.0,-72.97
1251,128002.96,1632.84,76.5,63,42.0,48.27,0.42,14.22,1,0,4,0,34,134,0,0,1,2,128002.96,88.38,0,261.12,62.87,47.27,0.0,2.2,0.0,0.0,60.0,60.0,0,0,0,0.0,-72.97
1252,128002.96,1680.88,76.5,63,42.0,47.8,0.42,14.02,1,0,4,0,23,126,0,0,1,2,128002.96,88.38,0,261.12,62.87,47.27,0.0,2.24,0.0,0.0,60.0,60.0,0,0,0,0.0,-72.97
1253,129257.89,440.88,76.5,63,42.0,47.8,0.42,14.12,1,2,0,0,61,131,0,0,1,2,129257.89,89.4,0,261.12,62.88,47.27,0.0,2.22,0.0,0.0,60.0,60.0,0,0,0,0.0,-72.97
1254,129257.89,1296.84,76.5,63,42.0,48.74,0.41,14.12,1,0,4,0,157,135,0,0,1,2,129257.89,89.4,0,261.12,62.87,47.27,0.0,2.22,0.0,0.0,60.0,60.0,0,0,0,0.0,-72.97
1255,129257.89,1944.88,76.5,63,42.0,46.86,0.42,14.12,0,0,0,0,159,134,0,0,1,2,129257.89,89.41,0,261.12,62.88,47.27,0.0,2.22,0.0,0.0,60.0,60.0,0,0,0,0.0,-72.97
1256,129257.89,1760.84,76.5,63,42.0,47.8,0.42,13.92,1,2,0,0,155,127,0,0,1,2,129257.89,89.41,0,261.12,62.87,47.27,0.0,2.27,0.0,0.0,60.0,60.0,0,0,0,0.0,-72.97
1257,130512.82,408.88,76.5,63,42.0,47.8,0.42,14.12,1,2,4,0,80,123,0,0,0,0,130512.82,90.43,0,261.12,62.88,47.27,0.0,2.22,0.0,0.0,60.0,60.0,0,0,0,0.0,-72.97
1258,130512.82,1248.88,76.5,63,42.0,48.74,0.42,14.12,1,2,0,0,20,127,0,0,0,0,130512.82,90.43,0,261.12,62.88,47.27,0.0,2.22,0.0,0.0,60.0,60.0,0,0,0,0.0,-72.97
1259,131767.76,720.91,76.5,63,42.0,49.21,0.44,14.12,1,2,0,0,34,135,0,0,0,0,131767.76,90.43,0,261.12,62.89,47.27,0.0,2.22,0.0,0.0,60.0,60.0,0,0,0,0.0,-73.3
1260,131767.76,432.91,76.5,63,42.0,48.74,0.44,13.92,1,0,4,0,150,137,0,0,0,0,131767.76,90.44,0,261.12,62.89,47.27,0.0,2.27,0.0,0.0,60.0,60.0,0,0,0,0.0,-73.3
1261,131767.76,512.91,76.5,63,42.0,48.74,0.43,14.12,1,0,0,0,161,131,0,0,0,0,131767.76,90.44,0,261.12,62.88,47.27,0.0,2.22,0.0,0.0,60.0,60.0,0,0,0,0.0,-73.3
1262,131767.76,600.91,76.5,63,42.0,48.27,0.43,14.12,1,0,4,0,162,113,0,0,0,0,131767.76,91.46,0,261.12,62.88,47.27,0.0,2.22,0.0,0.0,60.0,60.0,0,0,0,0.0,-72.97
1263,131767.76,1040.91,76.5,63,42.0,48.74,0.43,14.12,0,0,4,0,126,121,0,0,0,0,131767.76,91.46,0,261.12,62.88,47.27,0.0,2.22,0.0,0.0,60.0,60.0,0,0,0,0.0,-72.97
1264,131767.76,1048.91,76.5,63,42.0,49.21,0.44,13.92,0,0,4,0,33,132,0,0,0,0,131767.76,91.46,0,261.12,62.88,47.27,0.0,2.27,0.0,0.0,60.0,60.0,0,0,0,0.0,-72.97
1265,131767.76,1344.91,76.5,63,42.0,49.21,0.44,14.02,1,2,4,0,28,140,0,0,0,0,131767.76,91.46,0,261.12,62.88,47.27,0.0,2.24,0.0,0.0,60.0,60.0,0,0,0,0.0,-73.3
1266,131767.76,1040.91,76.5,63,42.0,48.74,0.44,14.12,0,2,0,0,153,139,0,0,0,0,131767.76,92.49,0,261.12,62.88,47.27,0.0,2.22,0.0,0.0,60.0,60.0,0,0,0,0.0,-73.3
1267,125493.1,1312.44,76.5,63,42.0,32.34,0.22,13.92,1,0,0,0,168,131,0,0,0,2,125493.1,92.49,0,261.12,62.86,47.27,0.0,2.27,0.0,0.0,60.0,60.0,0,0,0,0.0,-72.65
1268,148081.86,464.34,76.5,63,24.0,27.18,0.16,14.02,0,2,4,0,180,146,0,0,1,2,148081.86,92.49,0,261.12,62.73,47.27,0.0,2.24,0.0,0.0,60.0,60.0,0,0,0,0.0,-72.33
1269,171925.55,1824.31,76.5,63,24.0,24.84,0.15,14.12,1,0,0,0,174,153,0,0,0,0,171925.55,92.49,0,261.12,62.73,47.27,0.0,2.22,0.0,0.0,60.0,60.0,0,0,0,0.0,-72.33
1270,190749.51,1120.31,76.5,63,24.0,23.9,0.14,14.12,0,0,0,0,176,151,0,0,0,0,190749.51,92.49,0,261.12,62.73,47.27,0.0,2.22,0.0,0.0,60.0,60.0,0,0,0,0.0,-72.33
1271,202043.89,1112.31,76.5,62,24.0,24.37,0.14,14.02,1,0,0,0,178,153,0,0,0,0,202043.89,93.52,0,261.12,62.73,47.27,0.0,2.24,0.0,0.0,60.0,60.0,0,0,0,0.0,-72.33
1272,202043.89,1752.34,76.5,62,24.0,24.37,0.14,14.02,0,2,4,0,160,153,0,0,0,0,202043.89,93.52,0,261.12,62.63,47.27,0.0,2.24,0.0,0.0,60.0,60.0,0,0,0,0.0,-72.33
1273,203298.82,704.34,76.5,63,9.75,23.9,0.14,14.12,0,0,4,0,3,74,0,0,1,0,203298.82,93.52,0,261.12,62.63,47.27,0.0,2.22,0.0,0.0,60.0,60.0,0,0,0,0.0,-72.33
1274,203298.82,1272.34,76.5,63,9.75,24.37,0.14,13.92,0,0,4,0,0,0,0,0,1,0,203298.82,93.52,0,261.12,62.63,47.27,0.0,2.27,0.0,0.0,60.0,60.0,0,0,0,0.0,-72.33
1275,203298.82,1736.34,76.5,63,9.75,24.37,0.14,14.12,0,0,0,0,0,0,0,0,1,0,203298.82,94.54,0,261.12,62.63,47.27,0.0,2.22,0.0,0.0,60.0,60.0,0,0,0,0.0,-72.33
1276,204553.75,1960.38,76.5,63,9.75,24.37,0.14,14.12,0,2,4,0,0,0,0,0,1,0,204553.75,94.54,0,261.12,62.63,47.27,0.0,2.22,0.0,0.0,60.0,60.0,0,0,0,0.0,-72.33
1277,204553.75,0.38,76.5,63,-1.5,24.37,0.14,14.02,1,2,0,0,0,0,0,0,1,0,204553.75,94.55,0,261.12,62.63,47.27,0.0,2.24,0.0,0.0,60.0,60.0,0,0,0,0.0,-72.33
1278,204553.75,152.34,76.5,63,-1.5,23.9,0.14,14.02,0,2,0,0,0,0,0,0,1,0,204553.75,94.55,0,261.12,62.63,47.27,0.0,2.24,0.0,0.0,60.0,60.0,0,0,0,0.0,-72.33
1279,204553.75,1896.34,76.5,63,-1.5,23.9,0.14,14.12,1,2,4,0,0,0,0,0,1,0,204553.75,95.57,0,261.12,62.63,47.27,0.0,2.22,0.0,0.0,60.0,60.0,0,0,0,0.0,-72.33
1280,204553.75,120.38,76.5,63,-1.5,23.9,0.14,14.12,0,2,4,0,0,0,0,0,1,0,204553.75,95.57,0,261.12,62.63,47.27,0.0,2.22,0.0,0.0,60.0,60.0,0,0,0,0.0,-72.33
1281,205808.68,384.38,76.5,63,-10.5,23.43,0.14,13.92,0,0,4,0,0,0,0,0,0,2,205808.68,95.58,0,261.12,62.63,47.27,0.0,2.27,0.0,0.0,60.0,60.0,0,0,0,0.0,-72.33
1282,204553.75,352.38,76.5,63,-10.5,23.9,0.14,14.12,0,0,0,0,0,0,0,0,1,0,204553.75,95.58,0,261.12,62.63,47.27,0.0,2.22,0.0,0.0,60.0,60.0,0,0,0,0.0,-72.33
1283,204553.75,568.38,76.5,63,-10.5,22.96,0.14,14.12,1,0,0,0,0,0,0,0,1,0,204553.75,95.58,0,261.12,62.63,47.27,0.0,2.22,0.0,0.0,60.0,60.0,0,0,0,0.0,-72.33
1284,202043.89,928.38,76.5,63,-10.5,22.96,0.14,13.92,0,0,4,0,0,0,0,0,0,0,202043.89,96.6,0,261.12,62.63,47.27,0.0,2.27,0.0,0.0,60.0,60.0,0,0,0,0.0,-72.33
1285,200788.96,1216.41,76.5,63,-10.5,23.43,0.14,13.92,0,2,4,0,0,0,0,0,0,0,200788.96,96.6,0,261.12,62.63,47.27,0.0,2.27,0.0,0.0,60.0,60.0,0,0,0,0.0,-72.33
1286,199534.03,1640.38,76.5,63,-18.0,22.49,0.13,14.12,0,2,4,0,0,0,0,0,1,2,199534.03,96.6,0,261.12,62.63,47.27,0.0,2.22,0.0,0.0,60.0,60.0,0,0,0,0.0,-72.33
1287,199534.03,208.41,76.5,63,-18.0,22.96,0.13,14.12,1,0,0,0,0,0,0,0,1,2,199534.03,96.6,0,261.12,62.63,47.27,0.0,2.22,0.0,0.0,60.0,60.0,0,0,0,0.0,-72.33
1288,198279.1,832.41,76.5,63,-18.0,21.56,0.12,13.92,1,2,0,0,0,0,0,0,1,2,198279.1,97.63,0,261.12,62.63,47.27,0.0,2.27,0.0,0.0,60.0,60.0,0,0,0,0.0,-72.33
1289,197024.17,832.41,76.5,63,-18.0,20.62,0.12,14.02,1,0,4,0,0,0,0,0,0,2,197024.17,97.63,0,261.12,62.63,47.27,0.0,2.24,0.0,0.0,60.0,60.0,0,0,0,0.0,-72.33
1290,198279.1,824.38,76.5,63,-24.0,21.56,0.12,14.12,0,2,0,0,0,0,0,0,1,2,198279.1,97.63,0,261.12,62.69,47.27,0.0,2.22,0.0,0.0,60.0,60.0,0,0,0,0.0,-72.33
1291,200788.96,1456.38,76.5,63,-24.0,22.03,0.13,14.12,1,2,4,0,2,0,0,0,0,0,200788.96,97.63,0,261.12,62.7,47.27,0.0,2.22,0.0,0.0,60.0,60.0,0,0,0,0.0,-72.33
1292,199534.03,1496.41,76.5,63,-24.0,22.96,0.13,13.92,0,2,0,0,5,0,0,0,1,2,199534.03,98.66,0,261.12,62.69,47.27,0.0,2.27,0.0,0.0,60.0,60.0,0,0,0,0.0,-72.33
1293,199534.03,464.41,76.5,63,-24.0,22.03,0.13,14.02,0,0,0,0,6,0,0,0,1,2,199534.03,98.66,0,261.12,62.69,47.27,0.0,2.24,0.0,0.0,60.0,60.0,0,0,0,0.0,-72.33
1294,199534.03,1192.41,76.5,63,-24.0,22.96,0.13,14.12,0,2,4,0,7,0,0,0,1,2,199534.03,98.66,0,261.12,62.69,47.27,0.0,2.22,0.0,0.0,60.0,60.0,0,0,0,0.0,-72.33
1295,199534.03,1384.41,76.5,63,-28.5,22.49,0.13,13.92,1,0,4,0,10,0,0,0,1,2,199534.03,98.66,0,261.12,62.69,47.27,0.0,2.27,0.0,0.0,60.0,60.0,0,0,0,0.0,-72.65
1296,198279.1,1880.41,76.5,63,-28.5,22.03,0.13,14.12,1,0,4,0,23,0,0,0,1,2,198279.1,98.66,0,261.12,62.69,47.27,0.0,2.22,0.0,0.0,60.0,60.0,0,0,0,0.0,-72.65
1297,198279.1,1712.41,76.5,63,-28.5,22.03,0.13,14.12,0,2,4,0,40,0,0,0,1,2,198279.1,99.68,0,261.12,62.68,47.27,0.0,2.22,0.0,0.0,60.0,60.0,0,0,0,0.0,-72.65
1298,197024.17,1928.44,76.5,63,-28.5,22.96,0.13,13.92,0,2,0,0,45,1,0,0,0,2,197024.17,99.68,0,261.12,62.68,47.27,0.0,2.27,0.0,0.0,60.0,60.0,0,0,0,0.0,-72.65
1299,195769.24,184.44,76.5,63,-32.25,22.03,0.13,13.92,0,2,0,0,54,2,0,0,0,2,195769.24,99.69,0,261.12,62.68,47.27,0.0,2.27,0.0,0.0,60.0,60.0,0,0,0,0.0,-72.65
1300,195769.24,504.41,76.5,63,-32.25,21.56,0.12,14.12,0,2,0,0,74,3,0,0,0,2,195769.24,99.69,0,261.12,62.68,47.27,0.0,2.22,0.0,0.0,60.0,60.0,0,0,0,0.0,-72.65
1301,197024.17,1040.44,76.5,63,-32.25,21.56,0.13,13.92,0,2,4,0,105,4,0,0,0,2,197024.17,100.71,0,261.12,62.68,47.27,0.0,2.27,0.0,0.0,60.0,60.0,0,0,0,0.0,-72.65
1302,195769.24,1016.44,76.5,63,-32.25,21.09,0.12,14.12,0,0,0,0,135,9,0,0,0,2,195769.24,100.71,0,261.12,62.68,47.27,0.0,2.22,0.0,0.0,60.0,60.0,0,0,0,0.0,-72.65
1303,197024.17,1256.47,76.5,63,-35.25,21.09,0.13,14.12,0,2,4,0,157,37,0,0,0,2,197024.17,100.72,0,261.12,62.67,47.27,0.0,2.22,0.0,0.0,60.0,60.0,0,0,0,0.0,-72.65
1304,200788.96,1624.44,76.5,63,-35.25,21.09,0.12,14.12,1,2,0,0,170,59,0,0,0,0,200788.96,100.72,0,261.12,62.67,47.27,0.0,2.22,0.0,0.0,60.0,60.0,0,0,0,0.0,-72.65
1305,223377.72,216.47,76.5,63,-35.25,21.56,0.12,13.92,1,0,0,0,177,93,0,0,1,0,223377.72,100.72,0,261.12,62.67,47.27,0.0,2.27,0.0,0.0,60.0,60.0,0,0,0,0.0,-72.65
1306,223377.72,792.47,76.5,63,-35.25,20.15,0.12,13.92,1,2,0,0,179,119,0,0,1,0,223377.72,101.74,0,261.12,62.66,47.27,0.0,2.27,0.0,0.0,60.0,60.0,0,0,0,0.0,-72.65
1307,222122.79,1232.47,76.5,63,-35.25,20.62,0.12,14.02,1,2,0,0,178,139,0,0,0,0,222122.79,101.74,0,261.12,62.66,47.27,0.0,2.24,0.0,0.0,60.0,60.0,0,0,0,0.0,-72.65
1308,220867.86,424.44,76.5,63,-37.5,17.81,0.1,13.92,0,2,4,0,179,152,0,0,0,0,220867.86,101.74,0,261.12,69.71,49.61,0.0,2.27,0.0,0.0,60.0,60.0,0,0,0,0.0,-72.65
1309,223377.72,2024.44,76.5,63,-37.5,18.28,0.1,13.92,0,0,0,0,180,157,0,0,1,0,223377.72,101.74,0,261.12,69.7,49.61,0.0,2.27,0.0,0.0,60.0,60.0,0,0,0,0.0,-72.65
1310,225887.58,632.38,76.5,63,-37.5,17.81,0.1,14.12,1,0,4,0,181,162,0,0,0,2,225887.58,102.77,0,261.12,69.71,49.61,0.0,2.22,0.0,0.0,60.0,60.0,0,0,0,0.0,-72.65
1311,225887.58,560.34,76.5,63,-37.5,17.34,0.1,14.22,1,2,4,0,180,165,0,0,0,2,225887.58,102.77,0,261.12,69.72,49.61,0.0,2.2,0.0,0.0,60.0,60.0,0,0,0,0.0,-72.33
1312,225887.58,1280.34,76.5,63,-39.75,17.81,0.1,14.12,1,2,4,0,179,165,0,0,0,2,225887.58,102.77,0,261.12,69.72,49.61,0.0,2.22,0.0,0.0,60.0,60.0,0,0,0,0.0,-72.33
1313,194514.3,752.72,76.5,63,-39.75,34.21,0.22,14.02,1,2,0,0,178,165,0,0,1,0,194514.3,102.77,0,261.12,69.78,49.61,0.0,2.24,0.0,0.0,60.0,60.0,0,0,0,0.0,-72.97
1314,145572.0,1273.28,76.5,63,-39.75,51.08,0.49,14.12,1,0,4,0,182,170,0,0,0,2,145572.0,101.75,0,227.33,70.02,49.61,0.0,2.22,0.0,0.0,60.0,60.0,0,0,0,0.0,-73.62
1315,144317.07,1425.25,76.5,63,-39.75,52.02,0.5,14.12,0,2,4,0,181,169,0,0,1,0,144317.07,101.75,0,215.04,70.03,49.61,0.0,2.22,0.0,0.0,60.0,60.0,0,0,0,0.0,-73.62
1316,144317.07,1625.28,76.5,63,-39.75,52.02,0.51,13.92,1,2,4,0,170,166,0,0,1,0,144317.07,101.75,0,214.02,70.03,49.61,0.0,2.27,0.0,0.0,60.0,60.0,0,0,0,0.0,-73.62
1317,144317.07,1017.31,76.5,63,-39.75,52.95,0.52,13.92,1,0,4,0,141,159,0,0,1,0,144317.07,101.74,0,215.04,70.04,49.61,0.0,2.27,0.0,0.0,60.0,60.0,0,0,0,0.0,-73.62
1318,144317.07,513.25,76.5,63,-39.75,52.02,0.51,14.12,1,0,4,0,38,141,0,0,1,0,144317.07,101.74,0,216.06,70.04,49.61,0.0,2.22,0.0,0.0,60.0,60.0,0,0,0,0.0,-73.62
1319,145572.0,1777.28,76.5,63,-39.75,52.95,0.52,14.02,0,2,4,0,17,76,0,0,0,2,145572.0,100.72,0,216.06,70.04,49.61,0.0,2.24,0.0,0.0,60.0,60.0,0,0,0,0.0,-73.62
1320,145572.0,1793.31,76.5,63,-39.75,52.95,0.53,13.92,0,0,4,0,17,37,0,0,0,2,145572.0,100.72,0,217.09,70.04,49.61,0.0,2.27,0.0,0.0,60.0,60.0,0,0,0,0.0,-73.62
1321,144317.07,625.31,76.5,63,-39.75,53.89,0.53,14.02,0,2,4,0,23,26,0,0,1,0,144317.07,100.72,0,216.06,70.05,49.61,0.0,2.24,0.0,0.0,60.0,60.0,0,0,0,0.0,-73.62
1322,146826.93,1105.53,76.5,63,-39.75,58.58,0.64,14.02,0,2,0,0,27,28,0,0,0,2,146826.93,100.72,0,212.99,70.06,49.61,0.0,2.24,0.0,0.0,60.0,60.0,0,0,0,0.0,-73.95
1323,151846.65,1489.72,76.5,63,-39.75,62.33,0.76,14.02,1,2,0,0,14,13,0,0,0,0,151846.65,99.69,0,202.75,70.06,49.61,0.0,2.24,0.0,0.0,60.0,60.0,0,0,0,0.0,-74.28
1324,161851.92,889.78,76.5,63,-39.75,65.14,0.83,13.92,1,0,4,0,20,12,0,0,1,0,163141.03,99.69,0,194.56,70.06,49.61,0.0,2.27,0.0,0.0,60.0,60.0,0,0,0,0.0,-74.6
1325,164395.96,689.84,76.5,63,-39.75,66.55,0.88,14.02,0,2,4,0,88,13,0,0,1,0,164391.08,99.69,0,192.51,70.06,49.61,0.0,2.24,0.0,0.0,60.0,60.0,0,0,0,0.0,-74.6
1326,163141.03,977.78,76.5,63,-39.75,67.01,0.87,14.12,0,2,4,0,166,49,0,0,1,0,163136.15,99.69,0,191.49,70.06,49.61,0.0,2.22,0.0,0.0,60.0,60.0,0,0,0,0.0,-74.6
1327,163141.03,105.81,76.5,63,-39.75,67.01,0.89,13.92,1,0,4,0,164,118,0,0,1,0,163136.15,99.69,0,194.56,70.06,49.61,0.0,2.27,0.0,0.0,60.0,60.0,0,0,0,0.0,-74.6
1328,163141.03,1697.88,76.5,63,-39.75,67.48,0.93,14.02,1,2,4,0,137,105,0,0,1,0,163136.15,98.66,0,196.61,70.06,49.61,0.0,2.24,0.0,0.0,60.0,60.0,0,0,0,0.0,-74.6
1329,164395.96,681.94,76.5,63,-39.75,69.36,0.96,14.02,1,0,4,0,17,40,0,0,1,0,164391.08,98.66,0,197.63,70.06,49.61,0.0,2.24,0.0,0.0,60.0,60.0,0,0,0,0.0,-74.6
1330,165650.89,986.0,76.5,63,-39.75,70.76,1.03,14.12,1,0,4,0,19,33,0,0,0,2,165646.01,98.66,0,196.61,70.06,49.61,0.0,2.22,0.0,0.0,60.0,60.0,0,0,0,0.0,-74.92
1331,176901.32,1642.06,76.5,63,-39.75,72.17,1.08,13.92,1,0,0,0,142,123,0,0,0,2,165646.01,98.66,0,196.61,70.06,49.61,0.0,2.27,0.0,0.0,60.0,60.0,0,0,0,0.0,-74.92
1332,175646.39,1306.03,76.5,63,-39.75,72.17,1.09,14.02,0,2,0,0,171,142,0,0,1,0,164391.08,97.64,0,197.63,70.06,49.61,0.0,2.24,0.0,0.0,60.0,60.0,0,0,0,0.0,-74.92
1333,176901.32,282.06,76.5,63,-39.75,72.64,1.1,14.12,1,0,4,0,169,105,0,0,0,2,165646.01,97.64,0,201.73,70.06,49.61,0.0,2.22,0.0,0.0,60.0,60.0,0,0,0,0.0,-74.92
1334,174391.46,218.06,76.5,63,-39.75,72.64,1.1,14.12,0,2,0,0,150,85,0,0,1,0,163136.15,97.63,0,204.8,70.06,49.61,0.0,2.22,0.0,0.0,60.0,60.0,0,0,0,0.0,-74.6
1335,174391.46,498.06,76.5,63,-39.75,73.57,1.12,13.92,0,2,0,0,25,145,0,0,1,0,163136.15,97.63,0,205.82,70.06,49.61,0.0,2.27,0.0,0.0,60.0,60.0,0,0,0,0.0,-74.92
1336,163131.26,42.03,76.5,63,-39.75,73.57,1.11,14.02,0,0,4,0,99,89,0,0,0,0,164381.31,96.61,0,207.87,70.06,49.61,0.0,2.24,0.0,0.0,60.0,60.0,0,0,0,0.0,-74.92
1337,161876.33,1586.03,76.5,63,-39.75,73.57,1.13,14.12,1,0,4,0,164,30,0,0,0,0,163126.38,96.61,0,209.92,70.06,49.61,0.0,2.22,0.0,0.0,60.0,60.0,0,0,0,0.0,-74.92
1338,171876.72,1946.03,76.5,63,-39.75,73.11,1.13,14.02,0,0,0,0,162,60,0,0,0,0,163126.38,96.61,0,210.94,70.06,49.61,0.0,2.24,0.0,0.0,60.0,60.0,0,0,0,0.0,-74.92
1339,170621.79,154.03,76.5,63,-39.75,74.51,1.14,13.92,0,0,0,0,101,121,0,0,1,2,161871.45,96.6,0,214.02,70.06,49.61,0.0,2.27,0.0,0.0,60.0,60.0,0,0,0,0.0,-74.6
1340,169361.97,1242.03,76.5,63,-39.75,74.51,1.15,14.12,1,2,4,0,29,45,0,0,0,2,159361.59,96.6,0,214.02,70.06,49.61,0.0,2.22,0.0,0.0,60.0,60.0,0,0,0,0.0,-74.92
1341,169361.97,2002.03,76.5,63,-39.75,74.51,1.16,14.02,1,2,0,0,159,48,0,0,0,2,159361.59,95.58,0,216.06,70.06,49.61,0.0,2.24,0.0,0.0,60.0,60.0,0,0,0,0.0,-74.92
1342,168111.92,1250.03,76.5,63,-39.75,74.04,1.16,14.02,0,0,0,0,172,94,0,0,0,2,159361.59,95.58,0,218.11,70.06,49.61,0.0,2.24,0.0,0.0,60.0,60.0,0,0,0,0.0,-74.92
1343,166856.99,218.0,76.5,63,-39.75,74.51,1.16,13.92,0,0,0,0,166,35,0,0,0,2,158106.66,95.58,0,220.16,70.06,49.61,0.0,2.27,0.0,0.0,60.0,60.0,0,0,0,0.0,-74.6
1344,165597.18,1426.03,76.5,63,-39.75,74.04,1.18,14.02,0,0,4,0,136,79,0,0,1,0,155640.74,95.58,0,221.18,70.06,49.61,0.0,2.24,0.0,0.0,60.0,60.0,0,0,0,0.0,-74.6
1345,164342.25,1865.97,76.5,63,-39.75,73.57,1.15,14.12,1,0,0,0,36,125,0,0,0,0,154385.81,94.55,0,222.21,70.06,49.61,0.0,2.22,0.0,0.0,60.0,60.0,0,0,0,0.0,-74.6
1346,161837.27,1505.91,76.5,63,-39.75,74.04,1.13,14.12,0,0,4,0,162,39,0,0,0,0,153130.88,94.55,0,224.26,70.06,49.61,0.0,2.22,0.0,0.0,60.0,60.0,0,0,0,0.0,-74.6
1347,159327.41,1201.81,76.5,63,-39.75,72.17,1.08,13.92,1,0,0,0,168,39,0,0,1,2,149370.97,94.55,0,226.3,70.06,49.61,0.0,2.27,0.0,0.0,60.0,60.0,0,0,0,0.0,-74.6
1348,154302.8,865.66,76.5,63,-39.75,69.83,0.98,14.12,0,2,0,0,167,147,0,0,0,0,144346.36,94.55,0,229.38,70.06,49.61,0.0,2.22,0.0,0.0,60.0,60.0,0,0,0,0.0,-74.28
1349,151822.24,33.75,76.5,63,-39.75,68.89,0.95,14.12,0,0,4,0,150,153,0,0,0,2,145586.64,94.55,0,221.18,70.06,49.61,0.0,2.22,0.0,0.0,60.0,60.0,0,0,0,0.0,-74.28
1350,168126.57,409.81,76.5,63,-39.75,67.48,0.91,14.02,1,0,4,0,21,127,0,0,1,2,159371.35,93.52,0,197.63,70.06,49.61,0.0,2.24,0.0,0.0,60.0,60.0,0,0,0,0.0,-74.28
1351,169381.5,1881.81,76.5,63,-39.75,67.01,0.9,13.92,0,0,4,0,42,66,0,0,0,0,160626.29,93.52,0,199.68,70.06,49.61,0.0,2.27,0.0,0.0,60.0,60.0,0,0,0,0.0,-74.6
1352,169381.5,113.84,76.5,63,-39.75,67.01,0.91,14.12,0,2,0,0,145,76,0,0,0,0,160626.29,93.52,0,199.68,70.06,49.61,0.0,2.22,0.0,0.0,60.0,60.0,0,0,0,0.0,-74.6
1353,169381.5,537.88,76.5,63,-39.75,67.95,0.94,14.02,1,0,0,0,155,98,0,0,0,0,160626.29,93.52,0,199.68,70.06,49.61,0.0,2.24,0.0,0.0,60.0,60.0,0,0,0,0.0,-74.6
1354,169381.5,1089.91,76.5,63,-39.75,69.36,0.97,14.12,0,0,0,0,79,42,0,0,0,0,161881.22,92.5,0,198.66,70.06,49.61,0.0,2.22,0.0,0.0,60.0,60.0,0,0,0,0.0,-74.6
1355,170636.43,905.97,76.5,63,-39.75,70.76,1.01,13.92,0,0,0,0,17,25,0,0,0,0,161881.22,92.5,0,196.61,70.06,49.61,0.0,2.27,0.0,0.0,60.0,60.0,0,0,0,0.0,-74.6
1356,171891.37,1274.03,76.5,63,-39.75,71.23,1.05,14.12,0,2,4,0,129,54,0,0,1,0,174386.58,92.49,0,195.58,70.06,49.61,0.0,2.22,0.0,0.0,60.0,60.0,0,0,0,0.0,-74.92
1357,173146.3,986.09,76.5,63,-39.75,72.64,1.09,14.12,1,0,4,0,167,116,0,0,1,0,175641.51,92.49,0,196.61,70.06,49.61,0.0,2.22,0.0,0.0,60.0,60.0,0,0,0,0.0,-74.92
1358,174401.23,1842.09,76.5,63,-39.75,73.57,1.12,13.92,1,2,4,0,159,37,0,0,0,2,176896.44,91.47,0,194.56,70.06,49.61,0.0,2.27,0.0,0.0,60.0,60.0,0,0,0,0.0,-74.92
1359,173146.3,1730.09,76.5,63,-39.75,73.11,1.12,14.12,1,0,4,0,67,50,0,0,1,0,175641.51,91.47,0,195.58,70.06,49.61,0.0,2.22,0.0,0.0,60.0,60.0,0,0,0,0.0,-74.92
1360,161851.92,1361.62,76.5,63,-39.75,66.08,0.84,14.12,1,2,0,0,170,150,0,0,1,0,164347.13,91.47,0,202.75,70.06,49.61,0.0,2.22,0.0,0.0,60.0,60.0,0,0,0,0.0,-74.28
1361,150577.07,609.59,76.5,62,-39.75,63.26,0.78,14.02,0,0,4,0,172,158,0,0,0,2,153077.17,91.46,0,215.04,70.06,49.61,0.0,2.24,0.0,0.0,60.0,60.0,0,0,0,0.0,-74.28
1362,150577.07,1849.59,76.5,62,-39.75,64.2,0.78,13.92,1,2,0,0,170,156,0,0,0,2,153077.17,91.46,0,218.11,70.06,49.61,0.0,2.27,0.0,0.0,60.0,60.0,0,0,0,0.0,-73.95
1363,153091.82,1025.75,76.5,62,-39.75,66.08,0.86,14.12,1,2,4,0,145,112,0,0,0,0,155591.91,90.44,0,218.11,70.06,49.61,0.0,2.22,0.0,0.0,60.0,60.0,0,0,0,0.0,-74.28
1364,165621.59,1905.91,76.5,62,-39.75,68.89,0.96,14.12,1,2,0,0,18,36,0,0,1,2,168116.81,90.44,0,212.99,70.06,49.61,0.0,2.22,0.0,0.0,60.0,60.0,0,0,0,0.0,-74.28
1365,166876.52,929.94,76.5,62,-39.75,70.29,1.01,13.92,1,0,0,0,17,21,0,0,1,2,169371.74,90.44,0,207.87,70.06,49.61,0.0,2.27,0.0,0.0,60.0,60.0,0,0,0,0.0,-74.6
1366,166876.52,2033.97,76.5,62,-39.75,71.23,1.04,14.12,0,2,4,0,81,23,0,0,1,2,169415.68,90.44,0,205.82,70.06,49.61,0.0,2.22,0.0,0.0,60.0,60.0,0,0,0,0.0,-74.6
1367,165626.48,385.94,76.5,62,-39.75,70.76,1.02,14.12,0,2,4,0,171,118,0,0,1,2,169415.68,89.41,0,205.82,70.06,49.61,0.0,2.22,0.0,0.0,60.0,60.0,0,0,0,0.0,-74.6
1368,164371.55,849.94,76.5,62,-39.75,70.29,1.02,14.12,1,0,0,0,170,139,0,0,1,2,166910.71,89.41,0,206.85,70.06,49.61,0.0,2.22,0.0,0.0,60.0,60.0,0,0,0,0.0,-74.6
1369,163111.73,113.91,76.5,62,-39.75,70.76,1.01,13.92,1,0,0,0,160,77,0,0,0,2,165650.89,89.41,0,209.92,70.06,49.61,0.0,2.27,0.0,0.0,60.0,60.0,0,0,0,0.0,-74.6
1370,163111.73,1065.88,76.5,63,-39.75,70.29,0.99,14.02,0,2,0,0,89,39,0,0,0,2,165650.89,89.41,0,209.92,70.06,49.61,0.0,2.24,0.0,0.0,60.0,60.0,0,0,0,0.0,-74.28
1371,161856.8,385.84,76.5,63,-39.75,69.36,0.97,14.12,0,2,4,0,32,131,0,0,1,0,164395.96,89.41,0,211.97,70.06,49.61,0.0,2.22,0.0,0.0,60.0,60.0,0,0,0,0.0,-74.6
1372,159351.82,1745.84,76.5,63,-39.75,68.89,0.97,14.12,1,0,4,0,164,144,0,0,1,0,161890.98,88.38,0,214.02,70.06,49.61,0.0,2.22,0.0,0.0,60.0,60.0,0,0,0,0.0,-74.6
1373,160601.87,1881.81,76.5,63,-39.75,68.42,0.95,13.92,0,2,0,0,169,90,0,0,1,0,163141.03,88.38,0,215.04,70.06,49.61,0.0,2.27,0.0,0.0,60.0,60.0,0,0,0,0.0,-74.28
1374,149327.02,1057.53,76.5,62,-39.75,64.2,0.78,14.02,0,2,4,0,167,88,0,0,0,2,151836.89,88.38,0,221.18,70.06,49.61,0.0,2.24,0.0,0.0,60.0,60.0,0,0,0,0.0,-73.95
1375,148072.09,1953.53,76.5,62,-39.75,63.26,0.77,14.12,1,2,4,0,146,144,0,0,0,2,150581.95,88.38,0,224.26,70.06,49.61,0.0,2.22,0.0,0.0,60.0,60.0,0,0,0,0.0,-73.95
1376,148072.09,1969.56,76.5,62,-39.75,63.26,0.78,14.12,0,0,4,0,25,136,0,0,0,2,150581.95,87.36,0,227.33,70.06,49.61,0.0,2.22,0.0,0.0,60.0,60.0,0,0,0,0.0,-73.95
1377,148081.86,345.62,76.5,62,-39.75,61.86,0.74,13.92,1,2,4,0,120,116,0,0,1,2,153082.05,87.36,0,246.78,70.06,49.61,0.0,2.27,0.0,0.0,60.0,60.0,0,0,0,0.0,-74.28
1378,140552.27,1993.19,76.5,62,-39.75,53.89,0.53,14.12,0,2,4,0,175,156,0,0,0,2,140552.27,87.35,0,259.07,70.05,49.61,0.0,2.22,0.0,0.0,60.0,60.0,0,0,0,0.0,-73.62
1379,140552.27,1281.19,76.5,62,-39.75,52.49,0.52,14.12,0,0,0,0,169,156,0,0,0,0,140552.27,87.35,0,260.1,70.02,49.61,0.0,2.22,0.0,0.0,60.0,60.0,0,0,0,0.0,-73.62
1380,139297.34,841.19,76.5,62,-39.75,53.42,0.52,14.02,0,2,4,0,142,144,0,0,1,2,139297.34,86.33,0,261.12,70.01,49.61,0.0,2.24,0.0,0.0,60.0,60.0,0,0,0,0.0,-73.62
1381,139297.34,313.16,76.5,63,-39.75,52.95,0.51,14.02,0,2,0,0,29,126,0,0,1,2,139297.34,86.33,0,259.07,70.02,49.61,0.0,2.24,0.0,0.0,60.0,60.0,0,0,0,0.0,-73.62
1382,139297.34,441.19,76.5,63,-39.75,53.42,0.53,14.12,0,2,0,0,33,140,0,0,1,2,139297.34,86.33,0,257.02,70.01,49.61,0.0,2.22,0.0,0.0,60.0,60.0,0,0,0,0.0,-73.62
1383,140552.27,1329.19,76.5,63,-39.75,53.42,0.54,13.92,0,2,0,0,144,145,0,0,0,0,140552.27,86.32,0,257.02,70.01,49.61,0.0,2.27,0.0,0.0,60.0,60.0,0,0,0,0.0,-73.62
1384,139297.34,969.19,76.5,63,-39.75,53.42,0.53,14.02,0,2,0,0,162,143,0,0,1,2,139297.34,86.32,0,261.12,70.02,49.61,0.0,2.24,0.0,0.0,60.0,60.0,0,0,0,0.0,-73.62
1385,140552.27,1593.19,76.5,63,-39.75,52.95,0.52,14.02,0,0,0,0,167,129,0,0,0,0,140552.27,85.3,0,260.1,70.02,49.61,0.0,2.24,0.0,0.0,60.0,60.0,0,0,0,0.0,-73.62
1386,136787.48,408.94,76.5,63,-39.75,48.27,0.42,14.12,1,0,0,0,153,140,0,0,0,2,136787.48,85.3,0,260.1,70.01,49.61,0.0,2.22,0.0,0.0,60.0,60.0,0,0,0,0.0,-73.3
1387,131767.76,760.88,77.25,63,-39.75,45.93,0.39,14.02,0,0,4,0,159,161,0,0,0,0,131767.76,85.3,0,261.12,69.91,49.61,0.0,2.24,0.0,0.0,60.0,60.0,0,0,0,0.0,-72.97
1388,130512.82,1816.88,77.25,63,-39.75,46.39,0.39,14.02,0,0,0,0,83,164,0,0,0,0,130512.82,85.3,0,261.12,69.9,49.61,0.0,2.24,0.0,0.0,60.0,60.0,0,0,0,0.0,-72.97
1389,130512.82,1496.88,77.25,63,-39.75,46.39,0.39,14.02,1,2,0,0,26,161,0,0,0,0,130512.82,86.33,0,261.12,69.9,49.61,0.0,2.24,0.0,0.0,60.0,60.0,0,0,0,0.0,-72.97
1390,130512.82,1616.88,77.25,63,-39.75,46.39,0.39,13.92,1,2,0,0,115,159,0,0,0,0,130512.82,86.33,0,261.12,69.9,49.61,0.0,2.27,0.0,0.0,60.0,60.0,0,0,0,0.0,-72.97
1391,131767.76,0.91,77.25,63,-39.75,46.39,0.39,14.12,1,0,0,0,160,155,0,0,0,0,131767.76,86.33,0,261.12,69.9,49.61,0.0,2.22,0.0,0.0,60.0,60.0,0,0,0,0.0,-73.3
1392,131767.76,408.91,77.25,63,-39.75,45.93,0.4,14.02,0,2,0,0,163,150,0,0,0,0,131767.76,86.33,0,261.12,69.9,49.61,0.0,2.24,0.0,0.0,60.0,60.0,0,0,0,0.0,-72.97
1393,131767.76,1208.88,77.25,63,-39.75,45.93,0.39,14.12,0,2,0,0,156,148,0,0,0,0,131767.76,86.33,0,261.12,69.91,49.61,0.0,2.22,0.0,0.0,60.0,60.0,0,0,0,0.0,-72.97
1394,131767.76,2016.88,77.25,63,-39.75,46.86,0.39,13.92,0,0,4,0,77,150,0,0,0,0,131767.76,87.36,0,261.12,69.9,49.61,0.0,2.27,0.0,0.0,60.0,60.0,0,0,0,0.0,-72.97
1395,131767.76,1840.88,77.25,63,-39.75,46.86,0.39,14.12,0,2,0,0,26,152,0,0,0,0,131767.76,87.36,0,261.12,69.9,49.61,0.0,2.22,0.0,0.0,60.0,60.0,0,0,0,0.0,-72.97
1396,130512.82,2024.91,77.25,63,-39.75,46.86,0.4,14.02,0,2,4,0,36,150,0,0,0,0,130512.82,87.36,0,261.12,69.9,49.61,0.0,2.24,0.0,0.0,60.0,60.0,0,0,0,0.0,-72.97
1397,133022.69,880.91,77.25,63,-39.75,46.39,0.4,14.02,1,2,0,0,157,145,0,0,1,0,133022.69,87.36,0,261.12,69.91,49.61,0.0,2.24,0.0,0.0,60.0,60.0,0,0,0,0.0,-73.3
1398,133022.69,392.91,77.25,63,-39.75,46.86,0.4,14.02,0,0,0,0,164,145,0,0,1,0,133022.69,88.38,0,261.12,34.29,47.66,0.0,2.24,0.0,0.0,60.0,60.0,0,0,0,0.0,-73.3
1399,133022.69,632.91,77.25,63,-39.75,46.39,0.4,14.12,1,2,0,0,163,150,0,0,1,0,133022.69,88.38,0,261.12,34.29,47.66,0.0,2.22,0.0,0.0,60.0,60.0,0,0,0,0.0,-72.97
1400,131767.76,304.91,77.25,63,-39.75,46.39,0.4,14.02,1,2,0,0,145,152,0,0,0,0,131767.76,88.39,0,261.12,34.29,47.66,0.0,2.24,0.0,0.0,60.0,60.0,0,0,0,0.0,-72.97
1401,133022.69,1160.91,77.25,63,-39.75,47.33,0.4,13.92,1,0,0,0,29,149,0,0,1,0,133022.69,88.39,0,261.12,34.29,47.66,0.0,2.27,0.0,0.0,60.0,60.0,0,0,0,0.0,-72.97
1402,145572.0,1057.84,77.25,63,-39.75,64.67,0.82,14.02,0,0,4,0,16,134,0,0,0,2,145572.0,87.36,0,261.12,34.4,47.66,0.0,2.24,0.0,0.0,60.0,60.0,0,0,0,0.0,-74.28
1403,165616.71,1449.84,77.25,63,-39.75,63.73,0.8,14.12,0,2,0,0,175,156,0,0,0,2,166905.82,87.36,0,261.12,34.44,47.66,0.0,2.22,0.0,0.0,60.0,60.0,0,0,0,0.0,-74.6
1404,165616.71,1601.84,77.25,63,-39.75,64.67,0.81,13.92,0,2,4,0,174,165,0,0,0,2,166905.82,87.36,0,261.12,34.44,47.66,0.0,2.27,0.0,0.0,60.0,60.0,0,0,0,0.0,-74.6
1405,173151.18,1826.25,77.25,63,-39.75,69.83,1.0,14.02,0,2,4,0,148,142,0,0,1,0,174435.41,87.36,0,261.12,34.44,47.66,0.0,2.24,0.0,0.0,60.0,60.0,0,0,0,0.0,-74.92
1406,189465.28,250.31,77.25,63,-39.75,70.29,1.02,14.02,1,0,0,0,24,74,0,0,0,2,200705.95,87.36,0,261.12,34.44,47.66,0.0,2.24,0.0,0.0,60.0,60.0,0,0,0,0.0,-75.25
1407,189509.23,1258.38,77.25,63,-39.75,71.23,1.06,14.02,1,0,0,0,59,33,0,0,1,2,200710.83,86.34,0,261.12,34.44,47.66,0.0,2.24,0.0,0.0,60.0,60.0,0,0,0,0.0,-75.25
1408,189504.35,1058.34,77.25,63,-39.75,71.7,1.06,13.82,0,2,0,0,153,31,0,0,0,2,200705.95,86.34,0,261.12,34.44,47.66,0.0,2.3,0.0,0.0,60.0,60.0,0,0,0,0.0,-75.25
1409,199509.61,1418.34,77.25,63,-39.75,71.7,1.07,14.02,0,2,4,0,156,52,0,0,1,2,200749.9,86.33,0,261.12,34.44,47.66,0.0,2.24,0.0,0.0,60.0,60.0,0,0,0,0.0,-75.25
1410,199504.73,978.38,77.25,63,-39.75,72.17,1.1,14.02,1,2,4,0,19,92,0,0,0,2,200745.01,86.33,0,261.12,34.44,47.66,0.0,2.24,0.0,0.0,60.0,60.0,0,0,0,0.0,-75.25
1411,199509.61,658.41,77.25,63,-39.75,73.11,1.11,13.82,1,0,4,0,45,26,0,0,1,2,200749.9,85.31,0,261.12,34.44,47.66,0.0,2.3,0.0,0.0,60.0,60.0,0,0,0,0.0,-75.25
1412,199504.73,490.41,77.25,63,-39.75,73.57,1.13,14.02,0,2,0,0,158,28,0,0,0,2,200745.01,85.31,0,261.12,34.44,47.66,0.0,2.24,0.0,0.0,60.0,60.0,0,0,0,0.0,-75.25
1413,200730.36,154.41,77.25,63,-39.75,73.11,1.13,14.02,1,2,0,0,159,123,0,0,0,0,194499.66,85.3,0,261.12,34.44,47.66,0.0,2.24,0.0,0.0,60.0,60.0,0,0,0,0.0,-75.25
1414,199475.43,1874.38,77.25,63,-39.75,72.64,1.13,14.02,0,2,0,0,63,103,0,0,1,2,193244.73,85.3,0,261.12,34.44,47.66,0.0,2.24,0.0,0.0,60.0,60.0,0,0,0,0.0,-75.25
1415,199475.43,1578.38,77.25,63,-39.75,73.57,1.13,13.92,1,0,4,0,18,45,0,0,1,2,193244.73,85.3,0,261.12,34.44,47.66,0.0,2.27,0.0,0.0,60.0,60.0,0,0,0,0.0,-75.25
1416,199475.43,1378.38,77.25,63,-39.75,73.57,1.15,14.02,1,0,0,0,149,139,0,0,1,2,193244.73,84.28,0,261.12,34.44,47.66,0.0,2.24,0.0,0.0,60.0,60.0,0,0,0,0.0,-75.25
1417,196965.57,1930.28,77.25,63,-39.75,72.64,1.1,14.02,0,2,0,0,165,145,0,0,0,2,190734.86,84.28,0,261.12,34.44,47.66,0.0,2.24,0.0,0.0,60.0,60.0,0,0,0,0.0,-75.25
1418,175646.39,282.0,77.25,63,-39.75,69.36,0.98,14.12,1,0,4,0,166,142,0,0,0,2,179440.48,84.28,0,261.12,34.44,47.66,0.0,2.22,0.0,0.0,60.0,60.0,0,0,0,0.0,-74.92
1419,149322.14,1441.47,77.25,63,-39.75,61.39,0.72,13.92,1,2,4,0,168,160,0,0,1,2,158082.24,84.28,0,261.12,34.44,47.66,0.0,2.27,0.0,0.0,60.0,60.0,0,0,0,0.0,-73.95
1420,148067.21,777.44,77.25,62,-39.75,60.45,0.71,14.02,1,2,0,0,149,157,0,0,1,2,149327.02,83.25,0,261.12,34.44,47.66,0.0,2.24,0.0,0.0,60.0,60.0,0,0,0,0.0,-73.95
1421,148067.21,777.41,77.25,62,-39.75,60.45,0.7,14.12,0,0,0,0,40,147,0,0,1,2,149327.02,83.25,0,261.12,34.44,47.66,0.0,2.22,0.0,0.0,60.0,60.0,0,0,0,0.0,-73.95
1422,146817.16,1993.44,77.25,62,-39.75,60.92,0.7,14.02,0,2,0,0,142,147,0,0,1,2,149327.02,83.25,0,261.12,34.44,47.66,0.0,2.24,0.0,0.0,60.0,60.0,0,0,0,0.0,-73.95
1423,145562.23,1361.41,78.0,62,-39.75,60.45,0.69,14.02,1,2,0,0,160,152,0,0,0,2,148067.21,83.25,0,261.12,34.44,47.66,0.0,2.24,0.0,0.0,60.0,60.0,0,0,0,0.0,-73.95
1424,145562.23,1585.44,78.0,62,-39.75,60.92,0.71,13.92,1,2,0,0,156,142,0,0,0,2,146817.16,82.22,0,261.12,34.44,47.66,0.0,2.27,0.0,0.0,60.0,60.0,0,0,0,0.0,-73.62
1425,145562.23,1009.41,78.0,63,-39.75,60.45,0.7,14.12,1,0,0,0,25,93,0,0,0,2,146817.16,82.22,0,261.12,34.44,47.66,0.0,2.22,0.0,0.0,60.0,60.0,0,0,0,0.0,-73.95
1426,145562.23,1049.41,78.0,63,-39.75,60.45,0.71,13.92,1,2,4,0,83,121,0,0,0,2,146817.16,82.22,0,261.12,34.44,47.66,0.0,2.27,0.0,0.0,60.0,60.0,0,0,0,0.0,-73.95
1427,144312.18,945.41,78.0,63,-39.75,60.92,0.7,14.02,1,0,4,0,158,146,0,0,1,0,146817.16,82.22,0,261.12,34.44,47.66,0.0,2.24,0.0,0.0,60.0,60.0,0,0,0,0.0,-73.95
1428,144312.18,1617.41,78.0,63,-39.75,60.45,0.71,14.02,1,0,0,0,163,135,0,0,1,0,146812.28,82.22,0,261.12,34.44,47.66,0.0,2.24,0.0,0.0,60.0,60.0,0,0,0,0.0,-73.95
1429,144312.18,969.41,78.0,63,-39.75,60.45,0.7,14.12,1,0,4,0,143,138,0,0,1,0,145562.23,81.2,0,261.12,34.44,47.66,0.0,2.22,0.0,0.0,60.0,60.0,0,0,0,0.0,-73.62
1430,144312.18,1049.41,78.0,63,-39.75,59.98,0.7,14.02,1,0,4,0,21,147,0,0,1,0,145562.23,81.2,0,261.12,0.39,50.0,0.0,2.24,0.0,0.0,60.0,60.0,0,0,0,0.0,-73.95
1431,143062.13,705.41,78.0,63,-39.75,59.98,0.7,14.12,0,0,4,0,47,139,0,0,1,0,145562.23,81.19,0,261.12,0.39,50.0,0.0,2.22,0.0,0.0,60.0,60.0,0,0,0,0.0,-73.95
1432,143062.13,841.41,78.0,63,-39.75,60.92,0.7,14.12,0,0,4,0,161,85,0,0,1,0,145562.23,81.19,0,261.12,0.39,50.0,0.0,2.22,0.0,0.0,60.0,60.0,0,0,0,0.0,-73.95
1433,141807.2,1737.22,78.0,63,-39.75,57.17,0.61,13.92,1,0,0,0,167,125,0,0,0,0,143057.25,80.17,0,261.12,0.39,50.0,0.0,2.27,0.0,0.0,60.0,60.0,0,0,0,0.0,-73.62
1434,134277.62,928.94,78.0,63,-39.75,50.61,0.47,14.12,0,2,4,0,167,159,0,0,1,0,134277.62,80.17,0,261.12,0.33,50.0,0.0,2.22,0.0,0.0,60.0,60.0,0,0,0,0.0,-73.3
1435,128002.96,1376.81,78.0,63,-39.75,47.33,0.41,14.12,0,0,4,0,167,164,0,0,1,2,128002.96,80.17,0,261.12,0.26,50.0,0.0,2.22,0.0,0.0,60.0,60.0,0,0,0,0.0,-72.97
1436,128002.96,1800.84,78.0,63,-39.75,47.8,0.42,14.02,1,2,4,0,160,162,0,0,1,2,128002.96,80.17,0,261.12,0.24,50.0,0.0,2.24,0.0,0.0,60.0,60.0,0,0,0,0.0,-72.97
1437,128002.96,1960.81,78.0,63,-39.75,48.27,0.42,14.12,1,2,4,0,154,159,0,0,1,2,128002.96,81.2,0,261.12,0.24,50.0,0.0,2.22,0.0,0.0,60.0,60.0,0,0,0,0.0,-72.97
1438,128002.96,80.84,78.0,63,-39.75,47.8,0.42,13.92,1,0,0,0,89,154,0,0,1,2,128002.96,81.2,0,261.12,0.24,50.0,0.0,2.27,0.0,0.0,60.0,60.0,0,0,0,0.0,-72.97
1439,128002.96,2000.84,78.0,63,-39.75,48.27,0.42,14.12,0,2,0,0,30,148,0,0,1,2,128002.96,81.2,0,261.12,0.24,50.0,0.0,2.22,0.0,0.0,60.0,60.0,0,0,0,0.0,-72.97
1440,128002.96,1176.88,78.0,63,-39.75,49.67,0.43,14.12,1,0,4,0,108,146,0,0,1,2,128002.96,81.2,0,261.12,0.25,50.0,0.0,2.22,0.0,0.0,60.0,60.0,0,0,0,0.0,-72.97
1441,140552.27,865.28,78.0,63,-39.75,57.64,0.63,13.92,1,0,0,0,168,153,0,0,0,0,140552.27,80.18,0,261.12,0.37,50.0,0.0,2.27,0.0,0.0,60.0,60.0,0,0,0,0.0,-73.62
1442,145562.23,9.41,78.0,63,-39.75,60.45,0.7,14.12,1,2,4,0,169,161,0,0,1,0,148062.33,80.18,0,261.12,0.39,50.0,0.0,2.22,0.0,0.0,60.0,60.0,0,0,0,0.0,-73.62
1443,146817.16,777.47,78.0,63,-39.75,61.39,0.72,14.02,0,0,4,0,147,153,0,0,1,0,149317.26,80.18,0,261.12,0.39,50.0,0.0,2.24,0.0,0.0,60.0,60.0,0,0,0,0.0,-73.62
1444,148072.09,321.56,78.0,63,-39.75,63.73,0.78,14.02,0,2,4,0,15,81,0,0,0,2,150572.19,80.17,0,261.12,0.39,50.0,0.0,2.24,0.0,0.0,60.0,60.0,0,0,0,0.0,-73.95
1445,164356.9,537.81,78.0,63,-39.75,67.48,0.9,14.02,0,2,4,0,13,17,0,0,0,0,164386.2,80.17,0,261.12,0.39,50.0,0.0,2.24,0.0,0.0,60.0,60.0,0,0,0,0.0,-74.28
1446,163106.85,1129.81,78.0,63,-39.75,67.48,0.91,14.12,0,2,4,0,26,13,0,0,0,0,164386.2,79.15,0,261.12,0.39,50.0,0.0,2.22,0.0,0.0,60.0,60.0,0,0,0,0.0,-74.28
1447,163106.85,1113.81,78.0,63,-39.75,67.48,0.91,14.12,1,2,0,0,145,16,0,0,0,0,164386.2,79.15,0,261.12,0.39,50.0,0.0,2.22,0.0,0.0,60.0,60.0,0,0,0,0.0,-74.6
1448,174357.28,153.81,78.0,63,-39.75,67.48,0.91,13.82,1,2,4,0,156,35,0,0,0,0,164386.2,79.14,0,261.12,0.39,50.0,0.0,2.3,0.0,0.0,60.0,60.0,0,0,0,0.0,-74.28
1449,174357.28,209.78,78.0,63,-39.75,67.48,0.91,14.02,1,2,4,0,117,35,0,0,0,0,164386.2,79.14,0,261.12,0.39,50.0,0.0,2.24,0.0,0.0,60.0,60.0,0,0,0,0.0,-74.28
1450,174352.4,897.78,78.0,63,-39.75,67.48,0.91,14.12,1,0,0,0,21,19,0,0,0,0,163131.26,78.12,0,261.12,0.39,50.0,0.0,2.22,0.0,0.0,60.0,60.0,0,0,0,0.0,-74.28
1451,173102.35,801.81,78.0,63,-39.75,67.48,0.93,14.02,0,2,0,0,145,39,0,0,0,0,163131.26,78.12,0,261.12,0.39,50.0,0.0,2.24,0.0,0.0,60.0,60.0,0,0,0,0.0,-74.6
1452,170592.49,1049.75,78.0,63,-39.75,67.01,0.89,14.02,1,0,4,0,165,113,0,0,1,2,160621.4,78.12,0,261.12,0.39,50.0,0.0,2.24,0.0,0.0,60.0,60.0,0,0,0,0.0,-74.28
1453,153057.64,697.31,78.0,63,-39.75,59.98,0.68,14.02,0,2,4,0,174,136,0,0,0,0,146807.39,78.12,0,261.12,0.39,50.0,0.0,2.24,0.0,0.0,60.0,60.0,0,0,0,0.0,-73.62
1454,151802.7,1393.28,78.0,63,-39.75,59.05,0.67,14.12,0,2,0,0,159,130,0,0,0,0,145552.46,78.12,0,261.12,0.38,50.0,0.0,2.22,0.0,0.0,60.0,60.0,0,0,0,0.0,-73.62
1455,150552.66,161.31,78.0,63,-39.75,59.98,0.67,14.02,0,2,0,0,115,88,0,0,0,0,145552.46,77.09,0,261.12,0.38,50.0,0.0,2.24,0.0,0.0,60.0,60.0,0,0,0,0.0,-73.62
1456,150552.66,41.31,78.0,63,-39.75,59.52,0.68,14.02,1,2,0,0,24,131,0,0,0,0,145552.46,77.09,0,261.12,0.38,50.0,0.0,2.24,0.0,0.0,60.0,60.0,0,0,0,0.0,-73.62
1457,150552.66,2009.31,78.0,63,-39.75,59.98,0.67,14.02,0,0,0,0,94,146,0,0,0,0,144302.42,77.09,0,261.12,0.38,50.0,0.0,2.24,0.0,0.0,60.0,60.0,0,0,0,0.0,-73.62
1458,150552.66,1889.31,78.0,63,-39.75,59.98,0.68,14.12,0,0,4,0,164,133,0,0,0,0,144302.42,77.09,0,261.12,0.38,50.0,0.0,2.22,0.0,0.0,60.0,60.0,0,0,0,0.0,-73.62
1459,150552.66,1721.28,78.0,63,-39.75,59.52,0.67,13.92,0,0,4,0,163,114,0,0,0,0,144302.42,76.06,0,261.12,0.38,50.0,0.0,2.27,0.0,0.0,60.0,60.0,0,0,0,0.0,-73.62
1460,148047.68,2001.31,78.75,63,-39.75,59.98,0.68,14.12,0,2,0,0,119,144,0,0,1,2,143047.48,76.06,0,261.12,0.38,50.0,0.0,2.22,0.0,0.0,60.0,60.0,0,0,0,0.0,-73.62
1461,149302.61,1281.28,78.75,63,-39.75,59.52,0.66,14.12,1,2,4,0,26,146,0,0,0,0,144302.42,76.06,0,261.12,0.38,50.0,0.0,2.22,0.0,0.0,60.0,60.0,0,0,0,0.0,-73.62
1462,149302.61,1681.28,78.75,63,-39.75,59.05,0.67,14.02,0,2,4,0,145,113,0,0,0,0,143052.37,76.06,0,261.12,0.38,50.0,0.0,2.24,0.0,0.0,60.0,60.0,0,0,0,0.0,-73.62
1463,148047.68,1521.28,78.75,63,-39.75,59.52,0.67,14.02,0,2,4,0,162,92,0,0,1,2,141797.44,75.04,0,261.12,0.38,50.0,0.0,2.24,0.0,0.0,60.0,60.0,0,0,0,0.0,-73.62
1464,145542.7,1665.25,78.0,63,-39.75,58.11,0.64,14.12,1,0,4,0,159,146,0,0,1,2,140542.51,75.04,0,261.12,0.38,50.0,0.0,2.22,0.0,0.0,60.0,60.0,0,0,0,0.0,-73.62
1465,136787.48,505.19,78.0,63,-39.75,57.17,0.61,14.12,0,2,0,0,122,147,0,0,0,2,136787.48,75.04,0,261.12,0.36,50.0,0.0,2.22,0.0,0.0,60.0,60.0,0,0,0,0.0,-73.3
1466,135532.55,1129.16,78.75,63,-39.75,57.17,0.6,13.92,1,2,4,0,23,127,0,0,0,2,135532.55,75.03,0,261.12,0.35,50.0,0.0,2.27,0.0,0.0,60.0,60.0,0,0,0,0.0,-73.3
1467,135532.55,121.12,78.75,63,-39.75,56.24,0.59,14.12,1,0,0,0,118,99,0,0,0,2,135532.55,75.03,0,261.12,0.35,50.0,0.0,2.22,0.0,0.0,60.0,60.0,0,0,0,0.0,-73.62
1468,134277.62,1537.12,78.0,63,-39.75,56.24,0.59,14.12,1,0,4,0,163,130,0,0,1,0,134277.62,76.06,0,261.12,0.35,50.0,0.0,2.22,0.0,0.0,60.0,60.0,0,0,0,0.0,-73.3
1469,129257.89,1592.88,78.0,63,-39.75,49.67,0.47,14.12,0,2,4,0,171,148,0,0,1,2,129257.89,76.06,0,261.12,0.3,50.0,0.0,2.22,0.0,0.0,60.0,60.0,0,0,0,0.0,-73.3
1470,128002.96,1448.88,78.0,63,-39.75,50.14,0.46,13.92,0,2,0,0,163,151,0,0,1,2,128002.96,76.06,0,261.12,0.27,50.0,0.0,2.27,0.0,0.0,60.0,60.0,0,0,0,0.0,-72.97
1471,128002.96,976.88,78.0,63,-39.75,49.67,0.45,14.12,0,2,0,0,152,145,0,0,1,2,128002.96,76.06,0,261.12,0.27,50.0,0.0,2.22,0.0,0.0,60.0,60.0,0,0,0,0.0,-72.97
1472,128002.96,928.88,78.0,63,-39.75,49.67,0.45,14.12,0,0,0,0,76,139,0,0,1,2,128002.96,77.08,0,261.12,0.27,50.0,0.0,2.22,0.0,0.0,60.0,60.0,0,0,0,0.0,-72.97
1473,128002.96,1368.88,78.75,63,-39.75,50.14,0.46,14.12,0,0,4,0,30,142,0,0,1,2,128002.96,77.08,0,261.12,0.27,50.0,0.0,2.22,0.0,0.0,60.0,60.0,0,0,0,0.0,-72.97
1474,128002.96,1632.91,78.75,63,-39.75,50.61,0.47,14.12,0,0,4,0,147,144,0,0,1,2,128002.96,77.08,0,261.12,0.27,50.0,0.0,2.22,0.0,0.0,60.0,60.0,0,0,0,0.0,-72.97
1475,128002.96,1688.88,78.0,63,-39.75,50.14,0.46,14.12,0,2,4,0,161,139,0,0,1,2,128002.96,77.09,0,261.12,81.29,47.66,0.0,2.22,0.0,0.0,60.0,60.0,0,0,0,0.0,-72.97
1476,128002.96,1512.88,78.0,63,-39.75,49.67,0.45,14.12,1,0,0,0,163,121,0,0,1,2,128002.96,77.09,0,261.12,81.29,47.66,0.0,2.22,0.0,0.0,60.0,60.0,0,0,0,0.0,-72.97
1477,128002.96,1552.88,78.75,63,-39.75,49.21,0.46,14.12,1,0,0,0,134,128,0,0,1,2,128002.96,78.11,0,261.12,81.29,47.66,0.0,2.22,0.0,0.0,60.0,60.0,0,0,0,0.0,-72.97
1478,128002.96,96.91,78.75,63,-39.75,49.67,0.46,14.02,1,0,0,0,35,139,0,0,1,2,128002.96,78.11,0,261.12,81.3,47.66,0.0,2.24,0.0,0.0,60.0,60.0,0,0,0,0.0,-72.97
1479,128002.96,1960.91,78.0,63,-39.75,50.14,0.46,14.02,0,2,0,0,22,143,0,0,1,2,128002.96,78.12,0,261.12,81.29,47.66,0.0,2.24,0.0,0.0,60.0,60.0,0,0,0,0.0,-72.97
1480,129257.89,312.91,78.0,63,-39.75,49.67,0.46,14.12,1,2,4,0,123,140,0,0,1,2,129257.89,78.12,0,261.12,81.3,47.66,0.0,2.22,0.0,0.0,60.0,60.0,0,0,0,0.0,-72.97
1481,128002.96,1848.91,78.0,63,-39.75,50.61,0.46,14.12,0,2,0,0,162,130,0,0,1,2,128002.96,79.14,0,261.12,81.29,47.66,0.0,2.22,0.0,0.0,60.0,60.0,0,0,0,0.0,-72.97
1482,130512.82,304.88,78.0,63,-39.75,50.14,0.46,14.12,0,2,4,0,162,130,0,0,0,0,130512.82,79.14,0,261.12,81.3,47.66,0.0,2.22,0.0,0.0,60.0,60.0,0,0,0,0.0,-72.97
1483,130512.82,400.91,78.0,63,-39.75,50.61,0.46,13.92,1,0,0,0,138,139,0,0,0,0,130512.82,79.14,0,261.12,81.3,47.66,0.0,2.27,0.0,0.0,60.0,60.0,0,0,0,0.0,-72.97
1484,129257.89,1288.91,78.0,63,-39.75,50.61,0.47,14.12,1,0,4,0,29,141,0,0,1,2,129257.89,79.14,0,261.12,81.3,47.66,0.0,2.22,0.0,0.0,60.0,60.0,0,0,0,0.0,-72.97
1485,130512.82,736.91,78.0,63,-39.75,50.61,0.47,14.12,1,0,0,0,31,134,0,0,0,0,130512.82,79.14,0,261.12,81.3,47.66,0.0,2.22,0.0,0.0,60.0,60.0,0,0,0,0.0,-72.97
1486,130512.82,1984.94,78.0,64,-39.75,51.08,0.48,14.12,1,0,0,0,144,110,0,0,0,0,130512.82,80.17,0,261.12,81.3,47.66,0.0,2.22,0.0,0.0,60.0,60.0,0,0,0,0.0,-73.3
1487,131767.76,712.91,78.0,64,-39.75,50.61,0.47,13.92,1,0,0,0,164,119,0,0,0,0,131767.76,80.17,0,261.12,81.31,47.66,0.0,2.27,0.0,0.0,60.0,60.0,0,0,0,0.0,-73.3
1488,133022.69,1289.0,78.0,64,-39.75,52.95,0.51,14.12,0,2,4,0,160,144,0,0,1,0,133022.69,80.17,0,261.12,81.31,47.66,0.0,2.22,0.0,0.0,60.0,60.0,0,0,0,0.0,-73.3
1489,138042.41,1313.16,78.0,64,-39.75,56.24,0.6,14.02,1,2,0,0,32,143,0,0,1,2,138042.41,80.17,0,261.12,81.37,47.66,0.0,2.24,0.0,0.0,60.0,60.0,0,0,0,0.0,-73.3
1490,138042.41,465.19,78.0,64,-39.75,56.7,0.61,14.12,1,2,4,0,28,136,0,0,1,2,138042.41,79.15,0,261.12,81.37,47.66,0.0,2.22,0.0,0.0,60.0,60.0,0,0,0,0.0,-73.62
1491,139297.34,1969.19,78.0,64,-39.75,57.17,0.61,13.82,0,2,4,0,138,142,0,0,1,2,139297.34,79.15,0,261.12,81.38,47.66,0.0,2.3,0.0,0.0,60.0,60.0,0,0,0,0.0,-73.62
1492,139297.34,161.22,78.0,64,-39.75,57.64,0.62,14.02,1,2,0,0,161,148,0,0,1,2,139297.34,79.14,0,261.12,81.38,47.66,0.0,2.24,0.0,0.0,60.0,60.0,0,0,0,0.0,-73.62
1493,139297.34,913.22,78.0,64,-39.75,57.17,0.62,14.02,1,0,0,0,159,140,0,0,1,2,139297.34,79.14,0,261.12,81.39,47.66,0.0,2.24,0.0,0.0,60.0,60.0,0,0,0,0.0,-73.62
1494,140552.27,297.25,78.0,64,-39.75,58.11,0.64,14.02,1,0,4,0,44,121,0,0,0,0,140552.27,79.14,0,261.12,81.39,47.66,0.0,2.24,0.0,0.0,60.0,60.0,0,0,0,0.0,-73.62
1495,139297.34,761.25,78.0,64,-39.75,57.64,0.64,14.02,1,2,4,0,50,141,0,0,1,2,139297.34,78.12,0,261.12,81.39,47.66,0.0,2.24,0.0,0.0,60.0,60.0,0,0,0,0.0,-73.62
1496,139297.34,425.22,78.0,64,-39.75,57.64,0.63,14.02,0,0,4,0,161,150,0,0,1,2,139297.34,78.12,0,261.12,81.39,47.66,0.0,2.24,0.0,0.0,60.0,60.0,0,0,0,0.0,-73.62
1497,138042.41,649.22,78.0,64,-39.75,57.17,0.62,14.02,1,0,0,0,166,146,0,0,1,2,138042.41,78.12,0,261.12,81.39,47.66,0.0,2.24,0.0,0.0,60.0,60.0,0,0,0,0.0,-73.62
1498,135532.55,1785.03,78.0,64,-39.75,53.89,0.53,14.12,0,0,4,0,161,138,0,0,0,2,135532.55,78.12,0,261.12,81.36,47.66,0.0,2.22,0.0,0.0,60.0,60.0,0,0,0,0.0,-73.3
1499,129257.89,248.88,78.0,64,-39.75,49.67,0.44,14.02,1,2,0,0,157,145,0,0,1,2,129257.89,79.14,0,261.12,81.31,47.66,0.0,2.24,0.0,0.0,60.0,60.0,0,0,0,0.0,-72.97
1500,129257.89,1600.88,78.0,64,-39.75,50.14,0.46,14.02,0,0,4,0,136,155,0,0,1,2,129257.89,79.14,0,261.12,81.29,47.66,0.0,2.24,0.0,0.0,60.0,60.0,0,0,0,0.0,-72.97
1501,128002.96,792.84,78.0,64,-39.75,49.21,0.44,14.02,1,2,4,0,80,155,0,0,1,2,128002.96,79.14,0,261.12,81.29,47.66,0.0,2.24,0.0,0.0,60.0,60.0,0,0,0,0.0,-72.97
1502,129257.89,704.88,78.0,64,-39.75,49.21,0.45,14.02,0,2,0,0,27,151,0,0,1,2,129257.89,79.14,0,261.12,81.29,47.66,0.0,2.24,0.0,0.0,60.0,60.0,0,0,0,0.0,-72.97
1503,129257.89,824.88,78.0,64,-39.75,49.21,0.44,13.82,0,0,4,0,58,144,0,0,1,2,129257.89,79.14,0,261.12,81.29,47.66,0.0,2.3,0.0,0.0,60.0,60.0,0,0,0,0.0,-72.97
1504,129257.89,744.88,78.0,64,-39.75,49.67,0.45,14.12,0,2,4,0,158,142,0,0,1,2,129257.89,80.17,0,261.12,81.29,47.66,0.0,2.22,0.0,0.0,60.0,60.0,0,0,0,0.0,-72.97
1505,129257.89,1136.88,78.0,64,-39.75,49.67,0.45,14.12,0,2,0,0,162,143,0,0,1,2,129257.89,80.17,0,261.12,81.29,47.66,0.0,2.22,0.0,0.0,60.0,60.0,0,0,0,0.0,-72.97
1506,129257.89,736.88,78.0,64,-39.75,49.67,0.45,14.02,0,2,0,0,157,144,0,0,1,2,129257.89,80.17,0,261.12,81.29,47.66,0.0,2.24,0.0,0.0,60.0,60.0,0,0,0,0.0,-72.97
1507,129257.89,1104.88,78.0,64,-39.75,49.67,0.45,13.92,0,2,4,0,89,138,0,0,1,2,129257.89,80.17,0,261.12,81.29,47.66,0.0,2.27,0.0,0.0,60.0,60.0,0,0,0,0.0,-72.97
1508,129257.89,1744.88,78.0,64,-39.75,49.67,0.45,14.02,1,2,0,0,25,125,0,0,1,2,129257.89,81.2,0,261.12,81.29,47.66,0.0,2.24,0.0,0.0,60.0,60.0,0,0,0,0.0,-72.97
1509,130512.82,488.91,78.0,64,-39.75,49.67,0.46,14.12,0,0,4,0,36,134,0,0,0,0,130512.82,81.2,0,261.12,81.29,47.66,0.0,2.22,0.0,0.0,60.0,60.0,0,0,0,0.0,-72.97
1510,130512.82,40.94,78.0,64,-39.75,51.08,0.48,14.02,1,2,4,0,152,140,0,0,0,0,130512.82,81.2,0,261.12,81.3,47.66,0.0,2.24,0.0,0.0,60.0,60.0,0,0,0,0.0,-73.3
1511,141807.2,1601.34,78.0,64,-39.75,60.45,0.69,14.02,1,2,4,0,169,140,0,0,0,0,141807.2,81.2,0,261.12,81.41,47.66,0.0,2.24,0.0,0.0,60.0,60.0,0,0,0,0.0,-73.62
1512,146817.16,1353.56,78.0,64,-39.75,63.73,0.8,14.02,1,0,0,0,168,149,0,0,1,0,149317.26,80.18,0,261.12,81.41,47.66,0.0,2.24,0.0,0.0,60.0,60.0,0,0,0,0.0,-73.95
1513,150581.95,1337.66,78.0,64,-39.75,65.61,0.84,13.82,0,0,4,0,81,83,0,0,1,2,153082.05,80.18,0,261.12,81.41,47.66,0.0,2.3,0.0,0.0,60.0,60.0,0,0,0,0.0,-73.95
1514,149327.02,993.66,78.0,64,-39.75,66.08,0.85,14.02,0,2,4,0,23,51,0,0,0,2,163077.55,80.17,0,261.12,81.41,47.66,0.0,2.24,0.0,0.0,60.0,60.0,0,0,0,0.0,-74.28
1515,149327.02,281.62,78.0,64,-39.75,65.61,0.84,14.02,1,2,0,0,128,48,0,0,0,2,163077.55,80.17,0,261.12,81.41,47.66,0.0,2.24,0.0,0.0,60.0,60.0,0,0,0,0.0,-74.28
1516,148076.98,177.62,78.0,64,-39.75,65.61,0.84,14.02,0,0,0,0,153,111,0,0,0,2,161827.5,80.17,0,261.12,81.41,47.66,0.0,2.24,0.0,0.0,60.0,60.0,0,0,0,0.0,-74.28
1517,148076.98,793.66,78.0,64,-39.75,66.08,0.87,13.82,1,2,4,0,151,50,0,0,0,2,161827.5,79.15,0,261.12,81.41,47.66,0.0,2.3,0.0,0.0,60.0,60.0,0,0,0,0.0,-73.95
1518,148076.98,1129.66,78.0,64,-39.75,66.08,0.87,13.92,1,2,0,0,20,33,0,0,0,2,161827.5,79.15,0,261.12,81.41,47.66,0.0,2.27,0.0,0.0,60.0,60.0,0,0,0,0.0,-74.28
1519,146822.04,1001.69,78.0,64,-39.75,66.08,0.87,14.02,1,0,0,0,27,72,0,0,0,2,160572.57,79.14,0,261.12,81.41,47.66,0.0,2.24,0.0,0.0,60.0,60.0,0,0,0,0.0,-74.28
1520,145572.0,1529.66,78.0,64,-39.75,66.55,0.86,14.02,0,0,0,0,155,35,0,0,0,2,159322.52,79.14,0,261.12,81.41,47.66,0.0,2.24,0.0,0.0,60.0,60.0,0,0,0,0.0,-74.28
1521,145572.0,2041.69,78.0,64,-39.75,66.08,0.87,14.02,1,0,4,0,163,28,0,0,0,2,159322.52,78.12,0,261.12,81.41,47.66,0.0,2.24,0.0,0.0,60.0,60.0,0,0,0,0.0,-74.28
1522,145572.0,1785.66,78.0,64,-39.75,66.08,0.87,13.92,0,2,0,0,156,74,0,0,0,2,159322.52,78.12,0,261.12,81.41,47.66,0.0,2.27,0.0,0.0,60.0,60.0,0,0,0,0.0,-74.28
1523,141807.2,1337.44,78.0,64,-39.75,61.86,0.75,14.02,0,0,0,0,155,134,0,0,0,0,155557.73,78.12,0,261.12,81.41,47.66,0.0,2.24,0.0,0.0,60.0,60.0,0,0,0,0.0,-73.62
1524,140552.27,2009.41,78.0,64,-39.75,62.33,0.74,14.02,0,0,0,0,21,119,0,0,0,0,154302.8,78.12,0,261.12,81.41,47.66,0.0,2.24,0.0,0.0,60.0,60.0,0,0,0,0.0,-73.95
1525,140552.27,729.41,78.0,64,-39.75,62.33,0.75,14.02,1,0,4,0,56,83,0,0,0,0,153052.75,78.12,0,261.12,81.41,47.66,0.0,2.24,0.0,0.0,60.0,60.0,0,0,0,0.0,-73.95
1526,139297.34,865.41,78.0,64,-39.75,62.33,0.74,13.82,0,2,4,0,157,135,0,0,1,2,151797.82,77.09,0,261.12,81.41,47.66,0.0,2.3,0.0,0.0,60.0,60.0,0,0,0,0.0,-73.95
1527,138042.41,521.25,78.0,64,-39.75,59.52,0.67,14.02,0,2,4,0,166,129,0,0,1,2,150542.89,77.09,0,261.12,81.41,47.66,0.0,2.24,0.0,0.0,60.0,60.0,0,0,0,0.0,-73.62
1528,134277.62,1113.09,78.0,64,-39.75,56.24,0.59,14.02,0,2,0,0,166,125,0,0,1,0,136777.71,77.09,0,261.12,81.38,47.66,0.0,2.24,0.0,0.0,60.0,60.0,0,0,0,0.0,-73.3
1529,131767.76,1585.06,78.0,64,-39.75,55.3,0.57,14.02,0,2,0,0,152,140,0,0,0,0,131767.76,77.09,0,261.12,81.36,47.66,0.0,2.24,0.0,0.0,60.0,60.0,0,0,0,0.0,-73.3
1530,131767.76,601.06,78.0,64,-39.75,55.3,0.56,13.92,1,0,0,0,30,129,0,0,0,0,131767.76,78.11,0,261.12,81.34,47.66,0.0,2.27,0.0,0.0,60.0,60.0,0,0,0,0.0,-73.3
1531,131767.76,505.06,78.0,64,-39.75,55.3,0.56,14.12,1,0,0,0,29,95,0,0,0,0,131767.76,78.11,0,261.12,81.34,47.66,0.0,2.22,0.0,0.0,60.0,60.0,0,0,0,0.0,-73.3
1532,131767.76,473.06,78.0,64,-39.75,54.83,0.56,14.12,1,0,4,0,142,106,0,0,0,0,131767.76,78.12,0,261.12,81.34,47.66,0.0,2.22,0.0,0.0,60.0,60.0,0,0,0,0.0,-73.3
1533,131767.76,433.06,78.0,64,-39.75,54.36,0.56,13.92,0,0,4,0,165,139,0,0,0,0,131767.76,78.12,0,261.12,81.34,47.66,0.0,2.27,0.0,0.0,60.0,60.0,0,0,0,0.0,-73.3
1534,131767.76,513.06,78.0,64,-39.75,54.83,0.56,14.02,1,2,0,0,164,136,0,0,0,0,131767.76,79.14,0,261.12,81.34,47.66,0.0,2.24,0.0,0.0,60.0,60.0,0,0,0,0.0,-73.3
1535,131767.76,353.03,78.0,64,-39.75,53.89,0.55,14.02,0,0,0,0,116,106,0,0,0,0,131767.76,79.14,0,261.12,81.34,47.66,0.0,2.24,0.0,0.0,60.0,60.0,0,0,0,0.0,-73.3
1536,131767.76,1233.06,78.0,64,-39.75,54.83,0.56,14.02,1,0,0,0,20,109,0,0,0,0,131767.76,79.14,0,261.12,81.34,47.66,0.0,2.24,0.0,0.0,60.0,60.0,0,0,0,0.0,-73.3
1537,133022.69,1185.19,78.0,64,-39.75,57.17,0.63,13.82,1,2,4,0,53,142,0,0,1,0,133022.69,79.14,0,261.12,81.37,47.66,0.0,2.3,0.0,0.0,60.0,60.0,0,0,0,0.0,-73.3
1538,136787.48,297.28,78.0,64,-39.75,59.52,0.68,14.02,1,0,0,0,131,132,0,0,0,2,136787.48,79.14,0,261.12,81.39,47.66,0.0,2.24,0.0,0.0,60.0,60.0,0,0,0,0.0,-73.62
1539,138042.41,1953.34,78.0,64,-39.75,60.92,0.7,14.02,1,0,0,0,165,129,0,0,1,2,138042.41,78.12,0,261.12,81.41,47.66,0.0,2.24,0.0,0.0,60.0,60.0,0,0,0,0.0,-73.62
1540,140542.51,793.34,78.0,64,-39.75,61.39,0.72,13.82,1,2,4,0,165,143,0,0,1,2,143042.6,78.12,0,261.12,81.41,47.66,0.0,2.3,0.0,0.0,60.0,60.0,0,0,0,0.0,-73.62
1541,141797.44,1521.34,78.0,64,-39.75,61.39,0.72,13.92,1,0,0,0,116,124,0,0,1,2,144297.53,78.11,0,261.12,81.41,47.66,0.0,2.27,0.0,0.0,60.0,60.0,0,0,0,0.0,-73.62
1542,140542.51,473.34,78.0,64,-39.75,61.39,0.72,14.12,1,0,0,0,27,67,0,0,1,2,143042.6,78.11,0,261.12,81.41,47.66,0.0,2.22,0.0,0.0,60.0,60.0,0,0,0,0.0,-73.62
1543,140542.51,689.34,78.0,64,-39.75,60.45,0.71,14.02,0,0,0,0,153,82,0,0,1,2,143042.6,77.09,0,261.12,81.41,47.66,0.0,2.24,0.0,0.0,60.0,60.0,0,0,0,0.0,-73.62
1544,139292.46,1577.31,78.0,64,-39.75,60.45,0.69,14.02,1,0,0,0,165,137,0,0,1,2,141792.55,77.09,0,261.12,81.41,47.66,0.0,2.24,0.0,0.0,60.0,60.0,0,0,0,0.0,-73.62
1545,133022.69,1961.09,78.0,64,-39.75,55.77,0.58,13.92,1,0,4,0,170,137,0,0,1,0,133022.69,77.08,0,261.12,81.37,47.66,0.0,2.27,0.0,0.0,60.0,60.0,0,0,0,0.0,-73.3
1546,130512.82,1561.0,78.0,64,-39.75,53.89,0.54,14.02,0,2,4,0,156,112,0,0,0,0,130512.82,77.08,0,261.12,81.33,47.66,0.0,2.24,0.0,0.0,60.0,60.0,0,0,0,0.0,-73.3
1547,129257.89,553.0,78.0,64,-39.75,53.42,0.53,14.12,1,0,0,0,79,82,0,0,1,2,129257.89,77.08,0,261.12,81.33,47.66,0.0,2.22,0.0,0.0,60.0,60.0,0,0,0,0.0,-73.3
1548,126748.03,184.84,78.0,64,-39.75,49.21,0.46,13.92,1,2,4,0,29,102,0,0,0,2,126748.03,78.11,0,261.12,81.33,47.66,0.0,2.27,0.0,0.0,60.0,60.0,0,0,0,0.0,-73.3
1549,124238.17,1968.81,78.0,64,-39.75,47.8,0.43,14.12,0,0,0,0,167,152,0,0,1,0,124238.17,78.11,0,261.12,81.26,47.66,0.0,2.22,0.0,0.0,60.0,60.0,0,0,0,0.0,-72.97
1550,122983.24,536.75,78.0,64,-39.75,47.8,0.41,14.12,1,2,0,0,168,156,0,0,1,0,122983.24,78.11,0,261.12,81.26,47.66,0.0,2.22,0.0,0.0,60.0,60.0,0,0,0,0.0,-72.97
1551,122983.24,864.75,78.0,64,-39.75,46.86,0.41,14.12,1,2,0,0,163,152,0,0,1,0,122983.24,78.11,0,261.12,81.26,47.66,0.0,2.22,0.0,0.0,60.0,60.0,0,0,0,0.0,-72.97
1552,122983.24,1368.78,78.0,64,-39.75,47.8,0.42,13.92,1,2,4,0,153,142,0,0,1,0,122983.24,79.14,0,261.12,81.26,47.66,0.0,2.27,0.0,0.0,60.0,60.0,0,0,0,0.0,-72.97
1553,124238.17,1432.78,78.0,64,-39.75,47.33,0.42,14.02,0,2,4,0,120,140,0,0,1,0,124238.17,79.14,0,261.12,81.26,47.66,0.0,2.24,0.0,0.0,60.0,60.0,0,0,0,0.0,-72.97
1554,124238.17,1736.78,78.0,64,-39.75,48.27,0.42,14.12,0,0,4,0,27,142,0,0,1,0,124238.17,79.14,0,261.12,81.26,47.66,0.0,2.22,0.0,0.0,60.0,60.0,0,0,0,0.0,-72.97
1555,124238.17,1992.81,78.0,64,-39.75,48.27,0.43,14.12,1,0,0,0,104,145,0,0,1,0,124238.17,79.14,0,261.12,81.26,47.66,0.0,2.22,0.0,0.0,60.0,60.0,0,0,0,0.0,-72.97
1556,124238.17,1896.81,78.0,64,-39.75,49.21,0.43,14.12,1,0,4,0,162,142,0,0,1,0,124238.17,79.14,0,261.12,81.26,47.66,0.0,2.22,0.0,0.0,60.0,60.0,0,0,0,0.0,-72.97
1557,122983.24,1400.78,78.0,64,-39.75,46.86,0.41,14.02,1,0,0,0,161,131,0,0,1,0,122983.24,80.16,0,261.12,81.26,47.66,0.0,2.24,0.0,0.0,60.0,60.0,0,0,0,0.0,-72.97
1558,124238.17,672.81,78.0,64,-39.75,49.21,0.43,14.12,0,0,4,0,139,133,0,0,1,0,124238.17,80.16,0,261.12,81.28,47.66,0.0,2.22,0.0,0.0,60.0,60.0,0,0,0,0.0,-72.97
1559,124238.17,208.81,78.0,64,-39.75,48.27,0.43,14.12,1,2,0,0,61,139,0,0,1,0,124238.17,80.17,0,261.12,81.28,47.66,0.0,2.22,0.0,0.0,60.0,60.0,0,0,0,0.0,-72.97
1560,124238.17,1176.81,78.0,64,-39.75,48.74,0.43,14.12,1,0,4,0,22,142,0,0,1,0,124238.17,80.17,0,261.12,81.28,47.66,0.0,2.22,0.0,0.0,60.0,60.0,0,0,0,0.0,-72.97
1561,125493.1,2040.84,78.0,64,-39.75,49.21,0.44,13.92,1,0,4,0,110,138,0,0,0,2,125493.1,81.19,0,261.12,81.27,47.66,0.0,2.27,0.0,0.0,60.0,60.0,0,0,0,0.0,-72.97
1562,128002.96,1705.03,78.0,64,-39.75,55.3,0.54,14.12,0,0,4,0,159,122,0,0,1,2,128002.96,81.19,0,261.12,58.58,45.7,0.0,2.22,0.0,0.0,60.0,60.0,0,0,0,0.0,-73.3
1563,146817.16,161.59,78.0,64,-39.75,65.14,0.85,14.12,1,2,0,0,177,153,0,0,1,0,149317.26,81.19,0,261.12,58.71,45.7,0.0,2.22,0.0,0.0,60.0,60.0,0,0,0,0.0,-74.28
1564,146817.16,1769.62,78.0,65,-39.75,66.08,0.85,14.12,1,2,0,0,169,165,0,0,1,0,149317.26,81.19,0,261.12,58.71,45.7,0.0,2.22,0.0,0.0,60.0,60.0,0,0,0,0.0,-73.95
1565,146817.16,393.56,78.0,65,-39.75,64.67,0.82,13.82,0,2,4,0,73,158,0,0,1,0,149317.26,80.16,0,261.12,58.71,45.7,0.0,2.3,0.0,0.0,60.0,60.0,0,0,0,0.0,-73.95
1566,140542.51,889.16,78.0,65,-39.75,57.17,0.62,14.02,1,2,0,0,32,131,0,0,1,2,143042.6,80.16,0,261.12,58.71,45.7,0.0,2.24,0.0,0.0,60.0,60.0,0,0,0,0.0,-73.62
1567,133022.69,169.0,78.0,65,-39.75,53.89,0.53,14.12,1,2,4,0,122,144,0,0,1,0,133022.69,80.16,0,261.12,58.66,45.7,0.0,2.22,0.0,0.0,60.0,60.0,0,0,0,0.0,-73.3
1568,129257.89,2041.0,78.0,64,-39.75,53.42,0.52,13.82,1,2,4,0,28,73,0,0,1,2,129257.89,80.17,0,261.12,58.62,45.7,0.0,2.3,0.0,0.0,60.0,60.0,0,0,0,0.0,-73.3
1569,129257.89,2024.97,78.0,64,-39.75,52.95,0.51,14.12,0,0,0,0,29,48,0,0,1,2,129257.89,80.17,0,261.12,58.62,45.7,0.0,2.22,0.0,0.0,60.0,60.0,0,0,0,0.0,-73.3
1570,122983.24,984.72,78.0,64,-39.75,45.93,0.38,14.12,0,0,4,0,165,53,0,0,1,0,122983.24,81.19,0,261.12,58.59,45.7,0.0,2.22,0.0,0.0,60.0,60.0,0,0,0,0.0,-72.97
1571,119218.45,0.56,78.0,64,-39.75,40.3,0.3,13.92,0,0,4,0,174,158,0,0,1,2,119218.45,81.19,0,261.12,58.5,45.7,0.0,2.27,0.0,0.0,60.0,60.0,0,0,0,0.0,-72.65
1572,120473.38,1856.69,78.0,64,-39.75,45.46,0.36,13.92,1,0,4,0,167,159,0,0,0,0,120473.38,81.2,0,261.12,58.48,45.7,0.0,2.27,0.0,0.0,60.0,60.0,0,0,0,0.0,-72.97
1573,126748.03,1032.88,78.0,64,-39.75,50.14,0.46,14.12,1,0,0,0,177,158,0,0,0,2,126748.03,81.2,0,261.12,58.59,45.7,0.0,2.22,0.0,0.0,60.0,60.0,0,0,0,0.0,-72.97
1574,134277.62,1489.25,78.0,64,-39.75,58.58,0.65,14.12,1,0,0,0,172,166,0,0,1,0,134277.62,82.22,0,261.12,58.61,45.7,0.0,2.22,0.0,0.0,60.0,60.0,0,0,0,0.0,-73.62
1575,140552.27,1977.38,78.0,64,-39.75,61.39,0.71,13.92,0,2,4,0,150,157,0,0,0,0,140552.27,82.22,0,261.12,58.71,45.7,0.0,2.27,0.0,0.0,60.0,60.0,0,0,0,0.0,-73.62
1576,140552.27,97.34,78.0,64,-39.75,60.45,0.71,14.12,0,0,4,0,22,106,0,0,0,0,140552.27,82.22,0,261.12,58.71,45.7,0.0,2.22,0.0,0.0,60.0,60.0,0,0,0,0.0,-73.62
1577,140552.27,105.38,78.0,65,-39.75,61.39,0.71,14.12,0,2,0,0,13,28,0,0,0,0,140552.27,82.22,0,261.12,58.71,45.7,0.0,2.22,0.0,0.0,60.0,60.0,0,0,0,0.0,-73.62
1578,140552.27,209.38,78.0,65,-39.75,61.39,0.71,13.92,0,0,4,0,18,18,0,0,0,0,140552.27,82.22,0,261.12,58.71,45.7,0.0,2.27,0.0,0.0,60.0,60.0,0,0,0,0.0,-73.62
1579,133022.69,712.91,78.0,65,-39.75,50.61,0.48,14.02,1,0,4,0,120,21,0,0,1,0,133022.69,81.19,0,261.12,71.18,44.53,0.0,2.24,0.0,0.0,60.0,60.0,0,0,0,0.0,-73.3
1580,124238.17,352.75,78.0,65,-39.75,45.93,0.39,14.12,1,0,4,0,173,129,0,0,1,0,124238.17,81.19,0,261.12,71.08,44.53,0.0,2.22,0.0,0.0,60.0,60.0,0,0,0,0.0,-72.97
1581,122983.24,1728.72,78.0,65,-39.75,45.46,0.38,14.12,0,2,0,0,169,154,0,0,1,0,122983.24,81.2,0,261.12,71.07,44.53,0.0,2.22,0.0,0.0,60.0,60.0,0,0,0,0.0,-72.97
1582,122983.24,1688.75,78.0,65,-39.75,44.99,0.39,14.12,0,2,4,0,165,152,0,0,1,0,122983.24,81.2,0,261.12,71.06,44.53,0.0,2.22,0.0,0.0,60.0,60.0,0,0,0,0.0,-72.97
1583,122983.24,184.75,78.0,65,-39.75,46.39,0.39,14.02,0,0,0,0,159,146,0,0,1,0,122983.24,82.22,0,261.12,71.07,44.53,0.0,2.24,0.0,0.0,60.0,60.0,0,0,0,0.0,-72.97
1584,122983.24,1952.72,78.0,65,-39.75,45.46,0.38,14.12,1,0,4,0,150,142,0,0,1,0,122983.24,82.22,0,261.12,71.07,44.53,0.0,2.22,0.0,0.0,60.0,60.0,0,0,0,0.0,-72.97
1585,122983.24,1704.72,78.0,65,-39.75,45.46,0.38,14.12,0,0,4,0,52,142,0,0,1,0,122983.24,82.22,0,261.12,71.06,44.53,0.0,2.22,0.0,0.0,60.0,60.0,0,0,0,0.0,-72.97
1586,122983.24,40.75,78.0,65,-39.75,45.46,0.38,14.02,0,0,0,0,18,140,0,0,1,0,122983.24,82.22,0,261.12,71.06,44.53,0.0,2.24,0.0,0.0,60.0,60.0,0,0,0,0.0,-72.97
1587,124238.17,2040.75,78.0,65,-39.75,45.93,0.39,13.92,0,2,4,0,36,127,0,0,1,0,124238.17,83.25,0,261.12,71.06,44.53,0.0,2.27,0.0,0.0,60.0,60.0,0,0,0,0.0,-72.97
1588,124238.17,376.75,78.0,65,-39.75,45.93,0.38,14.12,1,2,0,0,152,109,0,0,1,0,124238.17,83.25,0,261.12,71.07,44.53,0.0,2.22,0.0,0.0,60.0,60.0,0,0,0,0.0,-72.97
1589,124238.17,632.75,78.0,65,-39.75,45.93,0.38,14.12,0,0,4,0,165,121,0,0,1,0,124238.17,83.25,0,261.12,71.06,44.53,0.0,2.22,0.0,0.0,60.0,60.0,0,0,0,0.0,-72.97
1590,124238.17,240.72,78.0,65,-39.75,45.46,0.38,14.02,1,0,0,0,164,132,0,0,1,0,124238.17,83.25,0,261.12,71.06,44.53,0.0,2.24,0.0,0.0,60.0,60.0,0,0,0,0.0,-72.97
1591,125493.1,1200.75,78.0,65,-39.75,45.93,0.39,14.12,1,0,0,0,149,129,0,0,0,2,125493.1,83.25,0,261.12,71.06,44.53,0.0,2.22,0.0,0.0,60.0,60.0,0,0,0,0.0,-72.97
1592,124238.17,888.75,78.0,65,-39.75,45.93,0.39,14.02,1,2,0,0,57,107,0,0,1,0,124238.17,84.28,0,261.12,71.06,44.53,0.0,2.24,0.0,0.0,60.0,60.0,0,0,0,0.0,-72.97
1593,124238.17,1040.75,78.0,65,-39.75,44.52,0.38,13.92,0,0,4,0,24,105,0,0,1,0,124238.17,84.28,0,261.12,71.06,44.53,0.0,2.27,0.0,0.0,60.0,60.0,0,0,0,0.0,-72.97
1594,124238.17,432.75,78.0,65,-39.75,45.46,0.38,14.12,1,0,4,0,120,127,0,0,1,0,124238.17,84.28,0,261.12,71.06,44.53,0.0,2.22,0.0,0.0,60.0,60.0,0,0,0,0.0,-72.97
1595,124238.17,528.69,78.0,65,-39.75,43.11,0.35,14.12,0,2,4,0,157,132,0,0,1,0,124238.17,84.28,0,261.12,71.06,44.53,0.0,2.22,0.0,0.0,60.0,60.0,0,0,0,0.0,-72.97
1596,119218.45,1928.44,78.0,65,-39.75,33.74,0.23,13.92,0,2,0,0,168,131,0,0,1,2,119218.45,85.3,0,261.12,70.98,44.53,0.0,2.27,0.0,0.0,60.0,60.0,0,0,0,0.0,-72.65
1597,136787.48,176.31,78.0,65,-39.75,25.77,0.15,14.12,0,0,4,0,167,130,0,0,0,2,136787.48,85.3,0,261.12,70.96,44.53,0.0,2.22,0.0,0.0,60.0,60.0,0,0,0,0.0,-72.33
1598,158121.31,1960.28,78.0,65,-41.25,22.49,0.14,14.12,1,2,0,0,159,129,0,0,1,2,158121.31,85.31,0,261.12,70.96,44.53,0.0,2.22,0.0,0.0,60.0,60.0,0,0,0,0.0,-72.33
1599,178200.2,1504.28,78.0,65,-41.25,24.37,0.14,14.12,1,0,0,0,150,129,0,0,1,2,178200.2,85.31,0,261.12,70.95,44.53,0.0,2.22,0.0,0.0,60.0,60.0,0,0,0,0.0,-72.33
1600,197024.17,1888.31,78.0,65,-41.25,24.37,0.14,13.92,1,2,4,0,44,134,0,0,0,2,197024.17,85.31,0,261.12,70.95,44.53,0.0,2.27,0.0,0.0,60.0,60.0,0,0,0,0.0,-72.33
1601,199534.03,8.31,78.0,65,-41.25,24.37,0.14,14.02,0,2,0,0,20,135,0,0,1,2,199534.03,86.33,0,261.12,70.85,44.53,0.0,2.24,0.0,0.0,60.0,60.0,0,0,0,0.0,-72.33
1602,202043.89,976.31,78.0,65,-41.25,24.37,0.14,14.12,0,2,0,0,4,35,0,0,0,0,202043.89,86.33,0,261.12,70.85,44.53,0.0,2.22,0.0,0.0,60.0,60.0,0,0,0,0.0,-72.33
1603,202043.89,1832.34,78.0,65,-42.75,25.31,0.15,14.12,0,2,0,0,0,0,0,0,0,0,202043.89,86.34,0,261.12,70.85,44.53,0.0,2.22,0.0,0.0,60.0,60.0,0,0,0,0.0,-72.33
1604,185729.79,1136.38,78.0,65,-42.75,27.18,0.16,14.22,0,0,4,0,0,0,0,0,0,2,185729.79,86.34,0,261.12,70.85,44.53,0.0,2.2,0.0,0.0,60.0,60.0,0,0,0,0.0,-72.33
1605,119218.45,792.5,78.0,65,-42.75,35.62,0.24,14.02,0,2,4,0,0,0,0,0,1,2,119218.45,87.36,0,261.12,70.95,44.53,0.0,2.24,0.0,0.0,60.0,60.0,0,0,0,0.0,-72.65
1606,119218.45,0.5,78.0,65,-42.75,35.62,0.24,14.12,0,0,0,0,4,0,0,0,1,2,119218.45,87.36,0,261.12,70.96,44.53,0.0,2.22,0.0,0.0,60.0,60.0,0,0,0,0.0,-72.65
1607,119218.45,864.5,78.0,65,-42.75,36.08,0.25,14.12,0,0,0,0,9,0,0,0,1,2,119218.45,87.36,0,260.1,70.97,44.53,0.0,2.22,0.0,0.0,60.0,60.0,0,0,0,0.0,-72.65
1608,119218.45,496.5,78.0,65,-42.75,35.62,0.24,13.92,0,2,4,0,10,0,0,0,1,2,119218.45,87.36,0,260.1,70.97,44.53,0.0,2.27,0.0,0.0,60.0,60.0,0,0,0,0.0,-72.65
1609,119218.45,760.5,78.0,65,-42.75,36.08,0.24,14.12,0,2,4,0,11,2,0,0,1,2,119218.45,88.39,0,259.07,70.97,44.53,0.0,2.22,0.0,0.0,60.0,60.0,0,0,0,0.0,-72.65
1610,119218.45,32.53,78.0,65,-42.75,37.96,0.27,13.92,1,2,4,0,12,3,0,0,1,2,119218.45,88.39,0,260.1,70.97,44.53,0.0,2.27,0.0,0.0,60.0,60.0,0,0,0,0.0,-72.65
1611,125493.1,544.78,78.0,65,-42.75,46.39,0.39,14.12,1,0,4,0,51,4,0,0,0,2,125493.1,88.39,0,250.88,71.07,44.53,0.0,2.22,0.0,0.0,60.0,60.0,0,0,0,0.0,-72.97
1612,126748.03,1496.78,78.0,65,-42.75,46.39,0.39,14.12,1,2,0,0,159,86,0,0,0,2,126748.03,88.39,0,248.83,71.07,44.53,0.0,2.22,0.0,0.0,60.0,60.0,0,0,0,0.0,-72.97
1613,126748.03,1752.81,78.0,65,-42.75,46.39,0.4,13.92,1,2,4,0,170,145,0,0,0,2,126748.03,89.42,0,249.86,71.07,44.53,0.0,2.27,0.0,0.0,60.0,60.0,0,0,0,0.0,-72.97
1614,129257.89,1736.84,78.0,65,-42.75,47.33,0.41,14.02,0,0,0,0,169,159,0,0,1,2,129257.89,89.42,0,259.07,71.08,44.53,0.0,2.24,0.0,0.0,60.0,60.0,0,0,0,0.0,-72.97
1615,129257.89,1976.84,78.0,65,-42.75,46.86,0.4,14.12,0,0,4,0,168,161,0,0,1,2,129257.89,89.42,0,261.12,71.08,44.53,0.0,2.22,0.0,0.0,60.0,60.0,0,0,0,0.0,-72.97
1616,129257.89,1456.88,78.0,65,-42.75,47.33,0.41,13.92,0,0,0,0,165,158,0,0,1,2,129257.89,89.42,0,261.12,71.08,44.53,0.0,2.27,0.0,0.0,60.0,60.0,0,0,0,0.0,-72.97
1617,129257.89,1488.84,78.0,65,-42.75,46.86,0.41,14.02,1,2,4,0,142,151,0,0,1,2,129257.89,89.42,0,261.12,71.08,44.53,0.0,2.24,0.0,0.0,60.0,60.0,0,0,0,0.0,-72.97
1618,130512.82,0.88,78.0,65,-42.75,47.33,0.41,14.12,1,2,4,0,37,137,0,0,0,0,130512.82,90.44,0,261.12,71.08,44.53,0.0,2.22,0.0,0.0,60.0,60.0,0,0,0,0.0,-72.97
1619,129257.89,1960.88,78.0,65,-42.75,47.8,0.41,14.02,0,0,0,0,23,132,0,0,1,2,129257.89,90.44,0,261.12,71.08,44.53,0.0,2.24,0.0,0.0,60.0,60.0,0,0,0,0.0,-72.97
1620,129257.89,1224.38,78.0,65,-42.75,29.05,0.19,13.92,0,2,0,0,124,137,0,0,1,2,129257.89,90.45,0,261.12,70.99,44.53,0.0,2.27,0.0,0.0,60.0,60.0,0,0,0,0.0,-72.65
1621,150591.72,1960.31,78.0,65,-42.75,26.24,0.16,14.02,0,2,4,0,176,159,0,0,0,0,150591.72,90.45,0,261.12,70.95,44.53,0.0,2.24,0.0,0.0,60.0,60.0,0,0,0,0.0,-72.33
1622,171925.55,1584.31,78.0,65,-42.75,24.84,0.15,14.12,1,0,4,0,173,164,0,0,0,0,171925.55,91.47,0,261.12,70.95,44.53,0.0,2.22,0.0,0.0,60.0,60.0,0,0,0,0.0,-72.33
1623,192004.44,720.31,78.0,65,-42.75,22.96,0.14,14.12,0,2,4,0,176,163,0,0,0,0,192004.44,91.47,0,261.12,70.95,44.53,0.0,2.22,0.0,0.0,60.0,60.0,0,0,0,0.0,-72.33
1624,202043.89,1224.31,78.0,65,-42.75,24.84,0.14,13.92,1,0,4,0,175,166,0,0,0,0,202043.89,91.47,0,261.12,70.95,44.53,0.0,2.27,0.0,0.0,60.0,60.0,0,0,0,0.0,-72.33
1625,202043.89,96.34,78.0,65,-43.5,24.84,0.15,14.02,0,0,4,0,105,164,0,0,0,0,202043.89,91.48,0,261.12,70.85,44.53,0.0,2.24,0.0,0.0,60.0,60.0,0,0,0,0.0,-72.33
1626,203298.82,712.34,78.0,65,-43.5,24.37,0.14,14.12,0,2,4,0,2,75,0,0,1,0,203298.82,91.48,0,261.12,70.85,44.53,0.0,2.22,0.0,0.0,60.0,60.0,0,0,0,0.0,-72.33
1627,203298.82,1200.34,78.0,65,-43.5,23.9,0.14,14.12,0,0,4,0,0,0,0,0,1,0,203298.82,92.5,0,261.12,70.85,44.53,0.0,2.22,0.0,0.0,60.0,60.0,0,0,0,0.0,-72.33
1628,204553.75,1680.34,78.0,65,-43.5,24.37,0.14,13.92,1,0,0,0,0,0,0,0,1,0,204553.75,92.5,0,261.12,70.85,44.53,0.0,2.27,0.0,0.0,60.0,60.0,0,0,0,0.0,-72.33
1629,204553.75,0.38,78.0,65,-44.25,24.37,0.14,14.12,1,2,0,0,0,0,0,0,1,0,204553.75,92.5,0,261.12,70.85,44.53,0.0,2.22,0.0,0.0,60.0,60.0,0,0,0,0.0,-72.33
1630,204553.75,1968.38,78.0,65,-44.25,24.37,0.14,14.12,1,2,4,0,0,0,0,0,1,0,204553.75,92.5,0,261.12,70.85,44.53,0.0,2.22,0.0,0.0,60.0,60.0,0,0,0,0.0,-72.33
1631,204553.75,1792.38,78.0,65,-44.25,23.9,0.14,14.12,1,2,0,0,0,0,0,0,1,0,204553.75,93.53,0,261.12,70.85,44.53,0.0,2.22,0.0,0.0,60.0,60.0,0,0,0,0.0,-72.33
1632,204553.75,72.38,78.0,65,-44.25,23.43,0.14,13.92,0,2,4,0,0,0,0,0,1,0,204553.75,93.53,0,261.12,70.85,44.53,0.0,2.27,0.0,0.0,60.0,60.0,0,0,0,0.0,-72.33
1633,205808.68,0.38,78.0,65,-45.0,23.43,0.14,14.02,1,2,0,0,0,0,0,0,0,2,205808.68,93.53,0,261.12,70.85,44.53,0.0,2.24,0.0,0.0,60.0,60.0,0,0,0,0.0,-72.33
1634,122983.24,96.47,78.0,65,-45.0,29.99,0.18,14.12,1,0,4,0,0,0,0,0,1,0,122983.24,93.53,0,261.12,70.93,44.53,0.0,2.22,0.0,0.0,60.0,60.0,0,0,0,0.0,-72.65
1635,122983.24,232.66,78.0,65,-45.0,40.3,0.3,14.02,0,0,4,0,1,0,0,0,1,0,122983.24,93.53,0,253.95,71.01,44.53,0.0,2.24,0.0,0.0,60.0,60.0,0,0,0,0.0,-72.65
1636,124238.17,456.69,78.0,65,-45.0,41.71,0.31,13.82,0,0,0,0,5,0,0,0,1,0,124238.17,94.56,0,250.88,71.02,44.53,0.0,2.3,0.0,0.0,60.0,60.0,0,0,0,0.0,-72.97
1637,124238.17,624.69,78.0,65,-45.0,41.24,0.32,14.02,0,0,0,0,11,0,0,0,1,0,124238.17,94.56,0,249.86,71.03,44.53,0.0,2.24,0.0,0.0,60.0,60.0,0,0,0,0.0,-72.97
1638,124238.17,1264.72,78.0,65,-45.0,42.18,0.32,14.02,0,0,0,0,9,1,0,0,1,0,124238.17,94.56,0,252.93,71.03,44.53,0.0,2.24,0.0,0.0,60.0,60.0,0,0,0,0.0,-72.97
1639,125493.1,232.72,78.0,65,-45.0,42.18,0.31,14.02,1,0,4,0,10,2,0,0,0,2,125493.1,94.56,0,261.12,71.03,44.53,0.0,2.24,0.0,0.0,60.0,60.0,0,0,0,0.0,-72.97
1640,126748.03,688.72,78.0,65,-45.0,41.71,0.31,13.82,1,0,0,0,31,3,0,0,0,2,126748.03,95.58,0,261.12,71.03,44.53,0.0,2.3,0.0,0.0,60.0,60.0,0,0,0,0.0,-72.97
1641,130512.82,104.91,78.0,65,-45.0,46.86,0.39,14.12,0,0,0,0,26,5,0,0,0,0,130512.82,95.58,0,261.12,71.03,44.53,0.0,2.22,0.0,0.0,60.0,60.0,0,0,0,0.0,-73.3
1642,141807.2,1225.22,78.0,65,-45.0,52.95,0.52,14.02,1,2,0,0,62,32,0,0,0,0,141807.2,95.58,0,261.12,71.16,44.53,0.0,2.24,0.0,0.0,60.0,60.0,0,0,0,0.0,-73.62
1643,143062.13,401.25,78.0,65,-45.0,54.36,0.54,13.92,0,2,4,0,155,107,0,0,1,0,143062.13,95.58,0,261.12,71.2,44.53,0.0,2.27,0.0,0.0,60.0,60.0,0,0,0,0.0,-73.62
1644,148081.86,865.66,78.0,65,-45.0,62.33,0.72,13.82,1,0,0,0,169,158,0,0,1,2,148081.86,94.56,0,261.12,71.24,44.53,0.0,2.3,0.0,0.0,60.0,60.0,0,0,0,0.0,-74.28
1645,150591.72,497.62,78.0,66,-45.0,60.45,0.71,14.02,0,2,0,0,170,160,0,0,0,0,150591.72,94.56,0,261.12,71.24,44.53,0.0,2.24,0.0,0.0,60.0,60.0,0,0,0,0.0,-74.28
1646,149336.79,865.59,78.0,66,-45.0,60.92,0.7,14.02,0,0,0,0,167,156,0,0,1,2,149336.79,94.56,0,261.12,71.24,44.53,0.0,2.24,0.0,0.0,60.0,60.0,0,0,0,0.0,-74.28
1647,144317.07,1177.19,78.0,66,-45.0,52.02,0.51,13.92,0,2,0,0,154,132,0,0,1,0,144317.07,94.55,0,261.12,71.24,44.53,0.0,2.27,0.0,0.0,60.0,60.0,0,0,0,0.0,-73.62
1648,139297.34,1705.12,78.0,66,-45.0,51.55,0.49,13.82,0,0,4,0,144,141,0,0,1,2,139297.34,94.55,0,261.12,71.17,44.53,0.0,2.3,0.0,0.0,60.0,60.0,0,0,0,0.0,-73.3
1649,140552.27,265.16,78.0,65,-45.0,52.49,0.51,14.02,0,2,4,0,15,129,0,0,0,0,140552.27,93.53,0,261.12,71.17,44.53,0.0,2.24,0.0,0.0,60.0,60.0,0,0,0,0.0,-73.3
1650,141807.2,1969.22,78.0,65,-45.0,54.36,0.53,14.02,0,2,4,0,14,131,0,0,0,0,141807.2,93.53,0,261.12,71.18,44.53,0.0,2.24,0.0,0.0,60.0,60.0,0,0,0,0.0,-73.62
1651,146826.93,593.5,78.0,65,-45.0,58.11,0.65,13.82,0,0,0,0,17,137,0,0,0,2,146826.93,93.52,0,261.12,71.24,44.53,0.0,2.3,0.0,0.0,60.0,60.0,0,0,0,0.0,-73.95
1652,145572.0,1417.47,78.0,65,-45.0,58.58,0.65,13.92,1,2,4,0,142,152,0,0,0,2,145572.0,93.52,0,261.12,71.24,44.53,0.0,2.27,0.0,0.0,60.0,60.0,0,0,0,0.0,-73.95
1653,149336.79,1897.72,78.0,65,-45.0,62.8,0.76,14.12,0,2,0,0,160,146,0,0,1,2,149336.79,92.5,0,261.12,51.66,47.66,0.0,2.22,0.0,0.0,60.0,60.0,0,0,0,0.0,-74.28
1654,154356.51,1761.75,78.0,65,-45.0,63.26,0.77,14.02,1,0,0,0,160,57,0,0,0,0,163141.03,92.5,0,261.12,51.66,47.66,0.0,2.24,0.0,0.0,60.0,60.0,0,0,0,0.0,-74.28
1655,160601.87,1241.75,78.0,65,-45.0,63.73,0.78,13.92,1,0,0,0,126,73,0,0,0,0,161886.1,92.5,0,261.12,51.66,47.66,0.0,2.27,0.0,0.0,60.0,60.0,0,0,0,0.0,-74.28
1656,136787.48,720.91,78.0,65,-45.0,47.33,0.41,13.92,0,2,4,0,169,161,0,0,0,2,136787.48,92.5,0,261.12,51.59,47.66,0.0,2.27,0.0,0.0,60.0,60.0,0,0,0,0.0,-73.3
1657,131767.76,128.91,78.0,65,-45.0,47.33,0.41,14.02,1,0,0,0,149,162,0,0,0,0,131767.76,92.5,0,261.12,51.52,47.66,0.0,2.24,0.0,0.0,60.0,60.0,0,0,0,0.0,-73.3
1658,131767.76,1256.91,78.0,65,-45.0,46.86,0.41,14.12,1,0,4,0,154,156,0,0,0,0,131767.76,93.52,0,261.12,51.52,47.66,0.0,2.22,0.0,0.0,60.0,60.0,0,0,0,0.0,-72.97
1659,131767.76,848.91,78.0,65,-45.0,47.33,0.41,13.92,1,0,0,0,143,154,0,0,0,0,131767.76,93.52,0,261.12,51.52,47.66,0.0,2.27,0.0,0.0,60.0,60.0,0,0,0,0.0,-72.97
1660,131767.76,1008.91,78.0,65,-45.0,47.33,0.41,13.92,0,0,4,0,70,162,0,0,0,0,131767.76,93.52,0,261.12,51.52,47.66,0.0,2.27,0.0,0.0,60.0,60.0,0,0,0,0.0,-72.97
1661,131767.76,1600.94,78.0,65,-45.0,47.33,0.41,14.12,1,2,0,0,25,161,0,0,0,0,131767.76,93.52,0,261.12,16.29,48.83,0.0,2.22,0.0,0.0,60.0,60.0,0,0,0,0.0,-73.3
1662,131767.76,448.91,78.0,65,-45.0,47.33,0.4,14.02,1,0,4,0,81,158,0,0,0,0,131767.76,94.55,0,261.12,16.29,48.83,0.0,2.24,0.0,0.0,60.0,60.0,0,0,0,0.0,-73.3
1663,131767.76,1528.91,78.0,65,-45.0,46.86,0.41,13.92,1,2,4,0,157,149,0,0,0,0,131767.76,94.55,0,261.12,16.29,48.83,0.0,2.27,0.0,0.0,60.0,60.0,0,0,0,0.0,-73.3
1664,131767.76,968.91,78.0,65,-45.0,47.33,0.4,14.12,1,0,4,0,166,145,0,0,0,0,131767.76,94.55,0,261.12,16.28,48.83,0.0,2.22,0.0,0.0,60.0,60.0,0,0,0,0.0,-73.3
1665,131767.76,320.91,78.0,65,-45.0,46.86,0.41,14.12,1,2,0,0,160,145,0,0,0,0,131767.76,94.55,0,261.12,16.29,48.83,0.0,2.22,0.0,0.0,60.0,60.0,0,0,0,0.0,-72.97
1666,131767.76,1216.91,78.0,65,-45.0,47.33,0.41,13.92,0,2,0,0,80,149,0,0,0,0,131767.76,94.55,0,261.12,16.28,48.83,0.0,2.27,0.0,0.0,60.0,60.0,0,0,0,0.0,-72.97
1667,131767.76,1336.91,78.0,65,-45.0,46.86,0.4,13.92,0,2,0,0,31,150,0,0,0,0,131767.76,95.58,0,261.12,16.28,48.83,0.0,2.27,0.0,0.0,60.0,60.0,0,0,0,0.0,-73.3
1668,131767.76,1488.91,78.0,65,-45.0,47.33,0.4,14.02,1,0,4,0,153,147,0,0,0,0,131767.76,95.58,0,261.12,16.28,48.83,0.0,2.24,0.0,0.0,60.0,60.0,0,0,0,0.0,-73.3
1669,131767.76,952.91,78.0,65,-45.0,46.86,0.4,14.12,0,2,0,0,163,142,0,0,0,0,131767.76,95.58,0,261.12,16.28,48.83,0.0,2.22,0.0,0.0,60.0,60.0,0,0,0,0.0,-73.3
1670,131767.76,352.91,78.0,65,-45.0,46.39,0.4,13.92,1,2,0,0,160,144,0,0,0,0,131767.76,95.58,0,261.12,16.28,48.83,0.0,2.27,0.0,0.0,60.0,60.0,0,0,0,0.0,-72.97
1671,131767.76,1112.91,78.0,65,-45.0,47.33,0.4,14.02,1,0,4,0,91,147,0,0,0,0,131767.76,96.6,0,261.12,16.28,48.83,0.0,2.24,0.0,0.0,60.0,60.0,0,0,0,0.0,-72.97
1672,140552.27,1225.25,78.0,65,-45.0,54.36,0.56,13.92,1,2,0,0,23,144,0,0,0,0,140552.27,96.6,0,261.12,16.4,48.83,0.0,2.27,0.0,0.0,60.0,60.0,0,0,0,0.0,-73.62
1673,141807.2,1649.25,78.0,65,-45.0,55.3,0.56,14.12,1,2,4,0,171,158,0,0,0,0,141807.2,96.6,0,261.12,16.41,48.83,0.0,2.22,0.0,0.0,60.0,60.0,0,0,0,0.0,-73.62
1674,141807.2,577.28,78.0,65,-45.0,54.83,0.56,14.12,0,0,4,0,159,156,0,0,0,0,141807.2,96.6,0,261.12,16.41,48.83,0.0,2.22,0.0,0.0,60.0,60.0,0,0,0,0.0,-73.62
1675,141807.2,2009.28,78.0,65,-45.0,54.36,0.56,14.02,1,2,0,0,135,118,0,0,0,0,141807.2,95.58,0,261.12,37.17,46.88,0.0,2.24,0.0,0.0,60.0,60.0,0,0,0,0.0,-73.62
1676,141807.2,585.28,78.0,65,-45.0,55.77,0.57,13.92,1,0,4,0,20,63,0,0,0,0,141807.2,95.58,0,261.12,37.17,46.88,0.0,2.27,0.0,0.0,60.0,60.0,0,0,0,0.0,-73.62
1677,141807.2,1825.25,78.0,65,-45.0,55.3,0.56,14.02,1,0,4,0,21,47,0,0,0,0,141807.2,95.57,0,261.12,37.16,46.88,0.0,2.24,0.0,0.0,60.0,60.0,0,0,0,0.0,-73.62
1678,141807.2,105.25,78.0,65,-45.0,55.3,0.56,14.12,0,2,0,0,37,47,0,0,0,0,141807.2,95.57,0,261.12,37.16,46.88,0.0,2.22,0.0,0.0,60.0,60.0,0,0,0,0.0,-73.62
1679,141807.2,1577.25,78.0,65,-45.0,55.3,0.56,13.92,0,2,4,0,143,81,0,0,0,0,141807.2,94.55,0,261.12,37.16,46.88,0.0,2.27,0.0,0.0,60.0,60.0,0,0,0,0.0,-73.62
1680,138042.41,1593.06,78.0,65,-45.0,51.55,0.48,14.12,0,2,0,0,167,146,0,0,1,2,138042.41,94.55,0,261.12,37.13,46.88,0.0,2.22,0.0,0.0,60.0,60.0,0,0,0,0.0,-73.62
1681,136787.48,825.09,78.0,65,-45.0,50.61,0.49,14.12,1,0,4,0,164,151,0,0,0,2,136787.48,94.55,0,261.12,37.08,46.88,0.0,2.22,0.0,0.0,60.0,60.0,0,0,0,0.0,-73.3
1682,136787.48,897.06,78.0,65,-45.0,50.14,0.48,14.12,0,0,0,0,149,145,0,0,0,2,136787.48,94.54,0,261.12,37.08,46.88,0.0,2.22,0.0,0.0,60.0,60.0,0,0,0,0.0,-73.3
1683,122983.24,688.47,78.0,65,-45.0,31.87,0.21,13.82,0,0,4,0,171,152,0,0,1,0,122983.24,94.54,0,261.12,36.96,46.88,0.0,2.3,0.0,0.0,60.0,60.0,0,0,0,0.0,-72.65
1684,149336.79,240.31,78.0,65,-45.0,25.31,0.15,14.12,1,2,4,0,173,172,0,0,1,2,149336.79,95.57,0,261.12,36.89,46.88,0.0,2.22,0.0,0.0,60.0,60.0,0,0,0,0.0,-72.33
1685,173180.48,1480.31,78.0,65,-45.0,24.37,0.14,14.02,1,0,0,0,170,171,0,0,1,0,173180.48,95.57,0,261.12,36.89,46.88,0.0,2.24,0.0,0.0,60.0,60.0,0,0,0,0.0,-72.33
1686,193259.37,976.31,78.0,65,-45.75,24.37,0.15,13.92,0,2,4,0,172,172,0,0,1,0,193259.37,95.57,0,261.12,36.89,46.88,0.0,2.27,0.0,0.0,60.0,60.0,0,0,0,0.0,-72.33
1687,200788.96,872.31,78.0,65,-45.75,24.37,0.14,14.12,0,2,4,0,176,174,0,0,0,0,200788.96,95.57,0,261.12,36.79,46.88,0.0,2.22,0.0,0.0,60.0,60.0,0,0,0,0.0,-72.33
1688,202043.89,1208.31,78.0,65,-45.75,24.84,0.14,14.12,0,2,4,0,63,170,0,0,0,0,202043.89,96.6,0,261.12,36.79,46.88,0.0,2.22,0.0,0.0,60.0,60.0,0,0,0,0.0,-72.33
1689,119218.45,1768.44,78.0,65,-45.75,31.87,0.2,13.92,1,2,4,0,1,73,0,0,1,2,119218.45,96.6,0,259.07,36.89,46.88,0.0,2.27,0.0,0.0,60.0,60.0,0,0,0,0.0,-72.65
1690,121728.31,1608.66,78.0,65,-45.75,39.36,0.28,14.12,0,0,4,0,5,3,0,0,0,0,121728.31,96.6,0,260.1,36.9,46.88,0.0,2.22,0.0,0.0,60.0,60.0,0,0,0,0.0,-72.65
1691,124238.17,576.69,78.0,65,-45.75,41.24,0.31,14.12,1,0,4,0,55,6,0,0,1,0,124238.17,96.6,0,249.86,36.97,46.88,0.0,2.22,0.0,0.0,60.0,60.0,0,0,0,0.0,-72.97
1692,124238.17,568.66,78.0,65,-45.75,41.24,0.31,14.12,1,2,0,0,130,40,0,0,1,0,124238.17,96.6,0,249.86,36.97,46.88,0.0,2.22,0.0,0.0,60.0,60.0,0,0,0,0.0,-72.97
1693,124238.17,1368.72,78.0,65,-45.75,41.71,0.32,13.92,0,0,4,0,155,112,0,0,1,0,124238.17,97.62,0,249.86,36.97,46.88,0.0,2.27,0.0,0.0,60.0,60.0,0,0,0,0.0,-72.97
1694,124238.17,16.72,78.0,65,-45.75,42.18,0.32,14.12,1,2,4,0,158,151,0,0,1,0,124238.17,97.62,0,253.95,36.97,46.88,0.0,2.22,0.0,0.0,60.0,60.0,0,0,0,0.0,-72.97
1695,129257.89,0.88,78.0,66,-45.75,45.46,0.37,14.12,0,2,0,0,153,157,0,0,1,2,129257.89,97.63,0,261.12,36.98,46.88,0.0,2.22,0.0,0.0,60.0,60.0,0,0,0,0.0,-72.97
1696,135532.55,1656.97,78.0,66,-45.75,47.8,0.42,13.92,0,0,0,0,158,159,0,0,0,2,135532.55,97.63,0,261.12,37.03,46.88,0.0,2.27,0.0,0.0,60.0,60.0,0,0,0,0.0,-73.3
1697,135532.55,89.0,78.0,66,-45.75,48.27,0.43,14.12,0,2,0,0,153,162,0,0,0,2,135532.55,96.6,0,261.12,37.04,46.88,0.0,2.22,0.0,0.0,60.0,60.0,0,0,0,0.0,-73.3
1698,136787.48,1889.03,78.0,66,-45.75,48.74,0.44,14.12,1,0,0,0,29,157,0,0,0,2,136787.48,96.6,0,261.12,37.04,46.88,0.0,2.22,0.0,0.0,60.0,60.0,0,0,0,0.0,-73.3
1699,136787.48,321.03,78.0,66,-45.75,48.74,0.44,14.12,1,2,0,0,14,136,0,0,0,2,136787.48,96.6,0,261.12,37.05,46.88,0.0,2.22,0.0,0.0,60.0,60.0,0,0,0,0.0,-73.3
1700,136787.48,1353.03,78.0,66,-45.75,50.14,0.45,13.92,0,0,4,0,16,100,0,0,0,2,136787.48,96.6,0,261.12,37.05,46.88,0.0,2.27,0.0,0.0,60.0,60.0,0,0,0,0.0,-73.3
1701,138042.41,617.06,78.0,66,-45.75,49.67,0.45,14.12,0,2,0,0,22,79,0,0,1,2,138042.41,95.58,0,261.12,37.06,46.88,0.0,2.22,0.0,0.0,60.0,60.0,0,0,0,0.0,-73.3
1702,138042.41,1857.06,78.0,66,-45.75,50.14,0.46,14.12,0,2,4,0,98,82,0,0,1,2,138042.41,95.58,0,261.12,37.06,46.88,0.0,2.22,0.0,0.0,60.0,60.0,0,0,0,0.0,-73.3
1703,138042.41,177.06,78.0,66,-45.75,50.14,0.46,13.92,0,2,0,0,137,116,0,0,1,2,138042.41,95.57,0,261.12,37.07,46.88,0.0,2.27,0.0,0.0,60.0,60.0,0,0,0,0.0,-73.3
1704,139297.34,1313.09,78.0,66,-45.75,50.61,0.46,14.12,0,2,0,0,149,131,0,0,1,2,139297.34,95.57,0,261.12,37.11,46.88,0.0,2.22,0.0,0.0,60.0,60.0,0,0,0,0.0,-73.3
1705,139297.34,1289.09,78.0,66,-45.75,51.08,0.47,14.12,0,2,0,0,97,109,0,0,1,2,139297.34,95.57,0,261.12,37.07,46.88,0.0,2.22,0.0,0.0,60.0,60.0,0,0,0,0.0,-73.3
1706,139297.34,1377.09,78.0,66,-45.75,51.55,0.48,13.92,1,2,0,0,20,105,0,0,1,2,139297.34,94.55,0,261.12,37.07,46.88,0.0,2.27,0.0,0.0,60.0,60.0,0,0,0,0.0,-73.3
1707,136787.48,1024.91,78.0,66,-45.75,46.39,0.39,14.02,1,0,0,0,38,130,0,0,0,2,136787.48,94.55,0,261.12,37.06,46.88,0.0,2.24,0.0,0.0,60.0,60.0,0,0,0,0.0,-73.3
1708,129257.89,1560.78,78.0,66,-45.75,42.65,0.34,14.12,1,2,4,0,168,157,0,0,1,2,129257.89,94.55,0,261.12,37.0,46.88,0.0,2.22,0.0,0.0,60.0,60.0,0,0,0,0.0,-72.97
1709,128002.96,1864.75,78.0,66,-45.75,42.18,0.32,14.12,1,2,0,0,166,164,0,0,1,2,128002.96,94.55,0,261.12,36.99,46.88,0.0,2.22,0.0,0.0,60.0,60.0,0,0,0,0.0,-72.97
1710,128002.96,1424.75,78.0,66,-45.75,42.65,0.33,14.02,0,2,0,0,165,159,0,0,1,2,128002.96,95.58,0,261.12,36.98,46.88,0.0,2.24,0.0,0.0,60.0,60.0,0,0,0,0.0,-72.97
1711,128002.96,1848.75,78.0,66,-45.75,41.71,0.33,13.92,1,2,0,0,155,153,0,0,1,2,128002.96,95.58,0,261.12,36.98,46.88,0.0,2.27,0.0,0.0,60.0,60.0,0,0,0,0.0,-72.97
1712,128002.96,1368.78,78.0,66,-45.75,42.65,0.33,14.12,0,2,0,0,109,149,0,0,1,2,128002.96,95.58,0,261.12,36.98,46.88,0.0,2.22,0.0,0.0,60.0,60.0,0,0,0,0.0,-72.97
1713,128002.96,1944.75,78.0,66,-45.75,42.65,0.33,13.92,0,2,4,0,34,148,0,0,1,2,128002.96,95.58,0,261.12,36.98,46.88,0.0,2.27,0.0,0.0,60.0,60.0,0,0,0,0.0,-72.97
1714,128002.96,1408.78,78.0,66,-45.75,43.11,0.34,13.92,1,2,0,0,28,151,0,0,1,2,128002.96,96.6,0,261.12,36.99,46.88,0.0,2.27,0.0,0.0,60.0,60.0,0,0,0,0.0,-72.97
1715,130512.82,1776.81,78.0,66,-45.75,44.52,0.35,14.12,1,0,4,0,106,150,0,0,0,0,130512.82,96.6,0,261.12,37.0,46.88,0.0,2.22,0.0,0.0,60.0,60.0,0,0,0,0.0,-72.97
1716,136787.48,1417.09,78.0,66,-45.75,50.14,0.47,14.12,1,2,0,0,162,148,0,0,0,2,136787.48,96.6,0,261.12,37.02,46.88,0.0,2.22,0.0,0.0,60.0,60.0,0,0,0,0.0,-73.3
1717,139297.34,553.12,78.0,66,-45.75,51.08,0.48,13.92,1,0,0,0,176,150,0,0,1,2,139297.34,96.6,0,261.12,37.11,46.88,0.0,2.27,0.0,0.0,60.0,60.0,0,0,0,0.0,-73.3
1718,139297.34,1097.12,78.0,66,-45.75,51.08,0.48,13.92,1,0,0,0,171,164,0,0,1,2,139297.34,96.6,0,261.12,37.11,46.88,0.0,2.27,0.0,0.0,60.0,60.0,0,0,0,0.0,-73.3
1719,129257.89,928.72,78.0,66,-45.75,40.77,0.31,14.12,1,2,0,0,167,162,0,0,1,2,129257.89,95.58,0,261.12,37.01,46.88,0.0,2.22,0.0,0.0,60.0,60.0,0,0,0,0.0,-72.97
1720,124238.17,576.56,78.0,66,-45.75,37.02,0.24,14.02,0,2,0,0,146,159,0,0,1,0,124238.17,95.58,0,261.12,36.95,46.88,0.0,2.24,0.0,0.0,60.0,60.0,0,0,0,0.0,-72.65
1721,122983.24,208.59,78.0,66,-45.75,36.55,0.25,13.92,0,2,0,0,51,155,0,0,1,0,122983.24,95.58,0,261.12,36.93,46.88,0.0,2.27,0.0,0.0,60.0,60.0,0,0,0,0.0,-72.65
1722,121728.31,1928.53,78.0,66,-45.75,34.21,0.22,14.12,0,2,4,0,14,140,0,0,0,0,121728.31,95.58,0,261.12,36.92,46.88,0.0,2.22,0.0,0.0,60.0,60.0,0,0,0,0.0,-72.65
1723,120473.38,56.5,78.0,66,-45.75,32.8,0.22,14.12,0,0,0,0,35,140,0,0,0,0,120473.38,96.6,0,261.12,36.91,46.88,0.0,2.22,0.0,0.0,60.0,60.0,0,0,0,0.0,-72.65
1724,120473.38,1480.5,78.0,66,-45.75,32.8,0.22,13.92,1,0,0,0,146,141,0,0,0,0,120473.38,96.6,0,261.12,36.9,46.88,0.0,2.27,0.0,0.0,60.0,60.0,0,0,0,0.0,-72.65
1725,120473.38,1512.5,78.0,66,-45.75,33.27,0.22,14.12,0,0,0,0,166,142,0,0,0,0,120473.38,96.61,0,261.12,36.9,46.88,0.0,2.22,0.0,0.0,60.0,60.0,0,0,0,0.0,-72.65
1726,120473.38,1664.5,78.0,66,-45.75,33.74,0.22,14.12,1,0,0,0,167,141,0,0,0,0,120473.38,96.61,0,261.12,36.9,46.88,0.0,2.22,0.0,0.0,60.0,60.0,0,0,0,0.0,-72.65
1727,120473.38,480.5,78.0,66,-45.75,33.27,0.21,14.12,1,2,0,0,160,140,0,0,0,0,120473.38,96.61,0,261.12,36.9,46.88,0.0,2.22,0.0,0.0,60.0,60.0,0,0,0,0.0,-72.65
1728,120473.38,536.53,78.0,66,-45.75,34.21,0.22,13.92,1,2,0,0,88,136,0,0,0,0,120473.38,97.63,0,261.12,36.91,46.88,0.0,2.27,0.0,0.0,60.0,60.0,0,0,0,0.0,-72.65
1729,126748.03,720.78,78.0,66,-45.75,42.65,0.33,14.12,0,2,4,0,21,123,0,0,0,2,126748.03,97.63,0,261.12,36.96,46.88,0.0,2.22,0.0,0.0,60.0,60.0,0,0,0,0.0,-72.97
1730,130512.82,2000.81,78.0,66,-45.75,43.58,0.34,14.12,0,2,0,0,163,141,0,0,0,0,130512.82,97.64,0,261.12,37.0,46.88,0.0,2.22,0.0,0.0,60.0,60.0,0,0,0,0.0,-72.97
1731,138042.41,1433.09,78.0,66,-45.75,49.67,0.45,13.92,1,0,0,0,174,168,0,0,1,2,138042.41,97.64,0,261.12,37.04,46.88,0.0,2.27,0.0,0.0,60.0,60.0,0,0,0,0.0,-73.3
1732,139297.34,249.12,78.0,66,-45.75,50.14,0.46,13.92,0,2,0,0,175,167,0,0,1,2,139297.34,96.61,0,261.12,37.1,46.88,0.0,2.27,0.0,0.0,60.0,60.0,0,0,0,0.0,-73.3
1733,139297.34,1345.12,78.0,66,-45.75,50.61,0.47,14.12,1,2,0,0,159,163,0,0,1,2,139297.34,96.61,0,261.12,37.11,46.88,0.0,2.22,0.0,0.0,60.0,60.0,0,0,0,0.0,-73.3
1734,139297.34,1985.16,78.0,66,-45.75,50.61,0.47,14.02,1,2,4,0,48,149,0,0,1,2,139297.34,96.61,0,261.12,37.11,46.88,0.0,2.24,0.0,0.0,60.0,60.0,0,0,0,0.0,-73.3
1735,140552.27,153.16,78.0,66,-45.75,50.61,0.48,13.92,1,2,4,0,14,72,0,0,0,0,140552.27,96.61,0,261.12,37.11,46.88,0.0,2.27,0.0,0.0,60.0,60.0,0,0,0,0.0,-73.3
1736,140552.27,505.16,78.0,66,-45.75,50.61,0.48,14.02,1,0,0,0,13,32,0,0,0,0,140552.27,95.58,0,261.12,37.11,46.88,0.0,2.24,0.0,0.0,60.0,60.0,0,0,0,0.0,-73.3
1737,140552.27,273.16,78.0,66,-45.75,51.08,0.48,14.12,1,0,4,0,18,28,0,0,0,0,140552.27,95.58,0,261.12,55.9,44.53,0.0,2.22,0.0,0.0,60.0,60.0,0,0,0,0.0,-73.62
1738,140552.27,1105.16,78.0,66,-45.75,50.61,0.49,13.82,1,2,4,0,24,27,0,0,0,0,140552.27,95.58,0,261.12,55.91,44.53,0.0,2.3,0.0,0.0,60.0,60.0,0,0,0,0.0,-73.62
1739,140552.27,121.12,78.0,66,-45.75,50.61,0.48,14.02,1,2,4,0,130,31,0,0,0,0,140552.27,95.58,0,261.12,55.9,44.53,0.0,2.24,0.0,0.0,60.0,60.0,0,0,0,0.0,-73.62
1740,139297.34,905.09,78.0,66,-45.75,50.61,0.46,14.02,1,0,4,0,157,66,0,0,1,2,139297.34,95.58,0,261.12,55.9,44.53,0.0,2.24,0.0,0.0,60.0,60.0,0,0,0,0.0,-73.62
1741,139297.34,33.12,78.0,66,-45.75,50.61,0.47,14.02,0,0,4,0,161,78,0,0,1,2,139297.34,94.56,0,261.12,55.89,44.53,0.0,2.24,0.0,0.0,60.0,60.0,0,0,0,0.0,-73.3
1742,138042.41,1689.0,78.0,66,-45.75,47.8,0.43,13.82,1,2,4,0,126,56,0,0,1,2,138042.41,94.56,0,261.12,55.85,44.53,0.0,2.3,0.0,0.0,60.0,60.0,0,0,0,0.0,-73.3
1743,134277.62,1544.91,78.0,66,-45.75,46.86,0.39,14.02,1,0,4,0,149,61,0,0,1,0,134277.62,94.55,0,261.12,55.82,44.53,0.0,2.24,0.0,0.0,60.0,60.0,0,0,0,0.0,-73.3
1744,133022.69,944.91,78.0,66,-45.75,44.99,0.38,14.02,1,0,0,0,44,131,0,0,1,0,133022.69,94.55,0,261.12,55.8,44.53,0.0,2.24,0.0,0.0,60.0,60.0,0,0,0,0.0,-72.97
1745,131767.76,1488.88,78.0,66,-45.75,45.46,0.37,14.02,1,0,0,0,20,158,0,0,0,0,131767.76,95.58,0,261.12,55.8,44.53,0.0,2.24,0.0,0.0,60.0,60.0,0,0,0,0.0,-72.97
1746,131767.76,384.84,78.0,66,-45.75,44.99,0.36,13.92,1,2,0,0,26,158,0,0,0,0,131767.76,95.58,0,261.12,97.29,46.09,0.0,2.27,0.0,0.0,60.0,60.0,0,0,0,0.0,-72.97
1747,131767.76,304.88,78.0,66,-45.75,44.99,0.36,14.02,0,0,4,0,110,151,0,0,0,0,131767.76,95.58,0,261.12,97.29,46.09,0.0,2.24,0.0,0.0,60.0,60.0,0,0,0,0.0,-72.97
1748,131767.76,648.88,78.0,66,-45.75,44.52,0.36,14.12,1,2,0,0,159,143,0,0,0,0,131767.76,95.58,0,261.12,97.29,46.09,0.0,2.22,0.0,0.0,60.0,60.0,0,0,0,0.0,-72.97
1749,131767.76,136.88,78.0,66,-45.75,44.99,0.37,14.02,1,2,0,0,167,143,0,0,0,0,131767.76,95.58,0,261.12,97.29,46.09,0.0,2.24,0.0,0.0,60.0,60.0,0,0,0,0.0,-72.97
1750,131767.76,840.88,78.0,66,-45.75,44.52,0.36,13.82,1,0,0,0,160,147,0,0,0,0,131767.76,96.6,0,261.12,97.29,46.09,0.0,2.3,0.0,0.0,60.0,60.0,0,0,0,0.0,-72.97
1751,131767.76,760.88,78.0,66,-45.75,44.99,0.37,14.02,1,2,4,0,149,155,0,0,0,0,131767.76,96.6,0,261.12,97.29,46.09,0.0,2.24,0.0,0.0,60.0,60.0,0,0,0,0.0,-72.97
1752,131767.76,760.88,78.0,66,-45.75,44.52,0.37,14.02,1,2,0,0,58,157,0,0,0,0,131767.76,96.61,0,261.12,97.29,46.09,0.0,2.24,0.0,0.0,60.0,60.0,0,0,0,0.0,-72.97
1753,131767.76,904.88,78.0,66,-45.75,44.99,0.37,14.02,1,2,4,0,29,155,0,0,0,0,131767.76,96.61,0,261.12,97.29,46.09,0.0,2.24,0.0,0.0,60.0,60.0,0,0,0,0.0,-72.97
1754,131767.76,664.88,78.0,66,-45.75,44.99,0.37,13.92,1,2,0,0,79,147,0,0,0,0,131767.76,97.63,0,261.12,97.29,46.09,0.0,2.27,0.0,0.0,60.0,60.0,0,0,0,0.0,-72.97
1755,131767.76,1000.88,78.0,66,-45.75,44.52,0.37,14.02,1,0,0,0,163,144,0,0,0,0,131767.76,97.63,0,261.12,97.29,46.09,0.0,2.24,0.0,0.0,60.0,60.0,0,0,0,0.0,-72.97
1756,131767.76,464.88,78.0,66,-45.75,44.99,0.37,13.82,1,0,4,0,167,147,0,0,0,0,131767.76,97.64,0,261.12,97.29,46.09,0.0,2.3,0.0,0.0,60.0,60.0,0,0,0,0.0,-72.97
1757,131767.76,592.88,78.0,66,-45.75,44.52,0.36,14.02,1,0,0,0,155,152,0,0,0,0,131767.76,97.64,0,261.12,97.29,46.09,0.0,2.24,0.0,0.0,60.0,60.0,0,0,0,0.0,-72.97
1758,131767.76,760.88,78.0,66,-45.75,44.99,0.37,14.02,1,2,0,0,84,152,0,0,0,0,131767.76,98.66,0,261.12,97.28,46.09,0.0,2.24,0.0,0.0,60.0,60.0,0,0,0,0.0,-72.97
1759,131767.76,1312.88,78.0,66,-45.75,45.46,0.37,13.92,1,2,4,0,23,142,0,0,0,0,131767.76,98.66,0,261.12,97.29,46.09,0.0,2.27,0.0,0.0,60.0,60.0,0,0,0,0.0,-72.97
1760,131767.76,1496.88,78.0,66,-45.75,44.99,0.37,14.12,1,0,4,0,26,142,0,0,0,0,131767.76,98.66,0,261.12,97.29,46.09,0.0,2.22,0.0,0.0,60.0,60.0,0,0,0,0.0,-72.97
1761,133022.69,992.91,78.0,66,-45.75,44.99,0.39,14.12,1,0,0,0,130,144,0,0,1,0,133022.69,98.66,0,261.12,97.29,46.09,0.0,2.22,0.0,0.0,60.0,60.0,0,0,0,0.0,-73.3
1762,133022.69,1280.91,78.0,66,-45.75,45.93,0.39,14.02,1,0,0,0,165,155,0,0,1,0,133022.69,98.66,0,261.12,97.29,46.09,0.0,2.24,0.0,0.0,60.0,60.0,0,0,0,0.0,-73.3
1763,134277.62,640.91,78.0,66,-45.75,46.39,0.39,13.92,0,2,0,0,164,158,0,0,1,0,134277.62,99.69,0,261.12,97.3,46.09,0.0,2.27,0.0,0.0,60.0,60.0,0,0,0,0.0,-73.3
1764,134277.62,1512.94,78.0,66,-45.75,46.39,0.4,14.02,1,0,0,0,155,155,0,0,1,0,134277.62,99.69,0,261.12,97.3,46.09,0.0,2.24,0.0,0.0,60.0,60.0,0,0,0,0.0,-73.3
1765,134277.62,1056.94,78.0,66,-45.75,46.86,0.39,14.12,1,2,4,0,123,151,0,0,1,0,134277.62,99.68,0,261.12,97.3,46.09,0.0,2.22,0.0,0.0,60.0,60.0,0,0,0,0.0,-73.3
1766,134277.62,56.97,78.0,66,-45.75,46.39,0.4,14.12,0,0,0,0,30,144,0,0,1,0,134277.62,99.68,0,261.12,97.31,46.09,0.0,2.22,0.0,0.0,60.0,60.0,0,0,0,0.0,-73.3
1767,134277.62,608.97,78.0,66,-45.75,46.86,0.41,13.92,1,2,0,0,36,145,0,0,1,0,134277.62,98.66,0,261.12,97.31,46.09,0.0,2.27,0.0,0.0,60.0,60.0,0,0,0,0.0,-73.3
1768,134277.62,328.94,78.0,66,-45.75,46.39,0.4,14.02,0,2,4,0,145,149,0,0,1,0,134277.62,98.66,0,261.12,97.31,46.09,0.0,2.24,0.0,0.0,60.0,60.0,0,0,0,0.0,-73.3
1769,134277.62,656.97,78.0,66,-45.75,47.33,0.41,14.02,1,0,0,0,162,154,0,0,1,0,134277.62,98.66,0,261.12,97.31,46.09,0.0,2.24,0.0,0.0,60.0,60.0,0,0,0,0.0,-73.3
1770,134277.62,1488.94,78.0,66,-45.75,47.33,0.4,13.92,1,0,0,0,163,153,0,0,1,0,134277.62,98.66,0,261.12,97.31,46.09,0.0,2.27,0.0,0.0,60.0,60.0,0,0,0,0.0,-73.3
1771,134277.62,1592.94,78.0,66,-45.75,47.33,0.4,14.12,1,0,4,0,149,146,0,0,1,0,134277.62,97.63,0,261.12,97.31,46.09,0.0,2.22,0.0,0.0,60.0,60.0,0,0,0,0.0,-73.3
1772,134277.62,1464.94,78.0,66,-45.75,47.33,0.4,14.12,1,0,0,0,67,143,0,0,1,0,134277.62,97.63,0,261.12,97.31,46.09,0.0,2.22,0.0,0.0,60.0,60.0,0,0,0,0.0,-73.3
1773,133022.69,528.94,78.0,66,-45.75,46.39,0.39,13.92,0,2,4,0,26,145,0,0,1,0,133022.69,97.63,0,261.12,97.31,46.09,0.0,2.27,0.0,0.0,60.0,60.0,0,0,0,0.0,-73.3
1774,134277.62,824.94,78.0,66,-45.75,46.86,0.4,13.92,0,0,4,0,90,150,0,0,1,0,134277.62,97.63,0,261.12,97.31,46.09,0.0,2.27,0.0,0.0,60.0,60.0,0,0,0,0.0,-73.3
1775,134277.62,912.94,78.0,66,-45.75,45.93,0.39,14.12,0,0,0,0,156,152,0,0,1,0,134277.62,97.63,0,261.12,97.31,46.09,0.0,2.22,0.0,0.0,60.0,60.0,0,0,0,0.0,-73.3
1776,134277.62,1144.94,78.0,66,-45.75,46.86,0.4,14.12,1,0,0,0,163,147,0,0,1,0,134277.62,97.63,0,261.12,97.31,46.09,0.0,2.22,0.0,0.0,60.0,60.0,0,0,0,0.0,-73.3
1777,134277.62,1736.97,78.0,66,-45.75,46.86,0.41,14.02,0,0,4,0,158,145,0,0,1,0,134277.62,97.63,0,261.12,97.31,46.09,0.0,2.24,0.0,0.0,60.0,60.0,0,0,0,0.0,-73.3
1778,145572.0,2017.38,78.0,66,-45.75,56.24,0.58,13.92,0,2,4,0,160,150,0,0,0,2,145572.0,97.62,0,261.12,97.46,46.09,0.0,2.27,0.0,0.0,60.0,60.0,0,0,0,0.0,-73.62
1779,145572.0,985.38,78.0,66,-45.75,55.77,0.58,14.02,1,0,4,0,158,166,0,0,1,0,145572.0,97.62,0,261.12,97.46,46.09,0.0,2.24,0.0,0.0,60.0,60.0,0,0,0,0.0,-73.62
1780,145572.0,753.41,78.0,66,-45.75,56.7,0.6,13.82,0,2,4,0,23,159,0,0,1,0,145572.0,96.6,0,261.12,97.46,46.09,0.0,2.3,0.0,0.0,60.0,60.0,0,0,0,0.0,-73.62
1781,146826.93,249.5,78.0,66,-45.75,58.11,0.64,14.12,1,2,0,0,11,133,0,0,1,0,146826.93,96.6,0,261.12,97.46,46.09,0.0,2.22,0.0,0.0,60.0,60.0,0,0,0,0.0,-73.95
1782,148081.86,417.56,78.0,66,-45.75,59.05,0.67,14.12,1,0,4,0,14,81,0,0,0,2,148081.86,96.6,0,261.12,97.46,46.09,0.0,2.22,0.0,0.0,60.0,60.0,0,0,0,0.0,-73.95
1783,148081.86,113.59,78.0,66,-45.75,59.98,0.68,13.92,1,0,4,0,22,82,0,0,1,0,148081.86,96.6,0,261.12,97.46,46.09,0.0,2.27,0.0,0.0,60.0,60.0,0,0,0,0.0,-73.95
1784,148081.86,1033.59,78.0,66,-45.75,59.98,0.68,13.92,1,2,4,0,106,137,0,0,1,0,148081.86,95.57,0,261.12,97.46,46.09,0.0,2.27,0.0,0.0,60.0,60.0,0,0,0,0.0,-74.28
1785,148081.86,1393.59,78.0,66,-45.75,60.45,0.69,14.12,1,0,0,0,153,151,0,0,1,0,148081.86,95.57,0,261.12,97.46,46.09,0.0,2.22,0.0,0.0,60.0,60.0,0,0,0,0.0,-74.28
1786,148081.86,1297.59,78.0,66,-45.75,59.52,0.69,14.02,0,2,4,0,163,128,0,0,1,0,148081.86,95.57,0,261.12,97.46,46.09,0.0,2.24,0.0,0.0,60.0,60.0,0,0,0,0.0,-73.95
1787,145572.0,1185.34,78.0,66,-45.75,55.77,0.58,13.92,1,0,0,0,160,138,0,0,1,2,145572.0,95.57,0,261.12,97.46,46.09,0.0,2.27,0.0,0.0,60.0,60.0,0,0,0,0.0,-73.62
1788,144317.07,1793.31,78.0,66,-45.75,54.83,0.57,14.12,0,0,4,0,116,154,0,0,1,2,144317.07,95.57,0,261.12,97.46,46.09,0.0,2.22,0.0,0.0,60.0,60.0,0,0,0,0.0,-73.62
1789,144317.07,737.31,78.0,66,-45.75,55.3,0.57,14.12,0,2,0,0,16,151,0,0,0,2,144317.07,94.54,0,261.12,56.35,48.83,0.0,2.22,0.0,0.0,60.0,60.0,0,0,0,0.0,-73.62
1790,138042.41,617.03,78.0,66,-45.75,49.21,0.45,14.02,0,0,4,0,95,146,0,0,1,2,138042.41,94.54,0,261.12,56.3,48.83,0.0,2.24,0.0,0.0,60.0,60.0,0,0,0,0.0,-73.3
1791,136787.48,337.0,78.0,66,-45.75,49.21,0.44,13.92,1,0,4,0,163,157,0,0,0,2,136787.48,94.54,0,261.12,56.24,48.83,0.0,2.27,0.0,0.0,60.0,60.0,0,0,0,0.0,-73.3
1792,136787.48,497.0,78.0,66,-45.75,49.21,0.45,14.02,1,0,0,0,170,161,0,0,0,2,136787.48,94.54,0,261.12,56.24,48.83,0.0,2.24,0.0,0.0,60.0,60.0,0,0,0,0.0,-73.3
1793,136787.48,521.0,78.0,66,-45.75,48.74,0.44,14.12,0,2,0,0,167,161,0,0,0,2,136787.48,93.52,0,261.12,56.24,48.83,0.0,2.22,0.0,0.0,60.0,60.0,0,0,0,0.0,-73.3
1794,136787.48,313.0,78.0,66,-45.75,49.21,0.45,14.12,1,2,0,0,159,158,0,0,0,2,136787.48,93.52,0,261.12,56.24,48.83,0.0,2.22,0.0,0.0,60.0,60.0,0,0,0,0.0,-73.3
1795,136787.48,969.03,78.0,66,-45.75,49.67,0.45,13.82,0,2,0,0,124,154,0,0,0,2,136787.48,93.51,0,261.12,56.24,48.83,0.0,2.3,0.0,0.0,60.0,60.0,0,0,0,0.0,-73.3
1796,136787.48,1121.03,78.0,66,-45.75,49.67,0.46,13.92,0,0,4,0,38,147,0,0,0,2,136787.48,93.51,0,261.12,56.24,48.83,0.0,2.27,0.0,0.0,60.0,60.0,0,0,0,0.0,-73.3
1797,136787.48,1465.03,78.0,66,-45.75,49.21,0.45,14.12,0,2,4,0,27,147,0,0,0,2,136787.48,93.51,0,261.12,56.24,48.83,0.0,2.22,0.0,0.0,60.0,60.0,0,0,0,0.0,-73.3
1798,136787.48,1593.03,78.75,66,-45.75,49.67,0.46,14.02,0,0,4,0,147,151,0,0,0,2,136787.48,92.49,0,261.12,56.24,48.83,0.0,2.24,0.0,0.0,60.0,60.0,0,0,0,0.0,-73.3
1799,136787.48,1857.06,78.75,66,-45.75,50.14,0.46,13.92,0,0,4,0,161,153,0,0,0,2,136787.48,92.49,0,261.12,56.24,48.83,0.0,2.27,0.0,0.0,60.0,60.0,0,0,0,0.0,-73.3
1800,138042.41,1065.06,78.75,66,-45.75,50.61,0.47,14.12,1,0,0,0,159,147,0,0,1,2,138042.41,92.48,0,261.12,56.25,48.83,0.0,2.22,0.0,0.0,60.0,60.0,0,0,0,0.0,-73.3
1801,138042.41,1185.06,78.75,66,-45.75,50.14,0.47,14.12,0,2,0,0,90,140,0,0,1,2,138042.41,92.48,0,261.12,56.25,48.83,0.0,2.22,0.0,0.0,60.0,60.0,0,0,0,0.0,-73.3
1802,138042.41,1081.06,78.75,66,-45.75,50.14,0.47,13.92,0,2,4,0,20,141,0,0,1,2,138042.41,91.46,0,261.12,56.25,48.83,0.0,2.27,0.0,0.0,60.0,60.0,0,0,0,0.0,-73.3
1803,130512.82,1848.62,78.75,66,-45.75,38.43,0.28,13.92,0,0,4,0,85,146,0,0,0,0,130512.82,91.46,0,261.12,56.21,48.83,0.0,2.27,0.0,0.0,60.0,60.0,0,0,0,0.0,-72.97
1804,134277.62,1440.34,78.75,66,-46.5,25.77,0.16,14.12,1,0,0,0,176,164,0,0,1,0,134277.62,91.46,0,261.12,56.08,48.83,0.0,2.22,0.0,0.0,60.0,60.0,0,0,0,0.0,-72.33
1805,159376.24,776.31,78.75,66,-46.5,24.37,0.14,14.12,0,0,4,0,177,168,0,0,1,2,159376.24,91.46,0,261.12,56.07,48.83,0.0,2.22,0.0,0.0,60.0,60.0,0,0,0,0.0,-72.33
1806,179455.13,1840.31,78.75,66,-46.5,23.9,0.14,14.02,0,2,0,0,177,168,0,0,1,2,179455.13,91.46,0,261.12,56.07,48.83,0.0,2.24,0.0,0.0,60.0,60.0,0,0,0,0.0,-72.33
1807,197024.17,1224.31,78.75,66,-46.5,22.96,0.14,13.92,0,0,0,0,178,168,0,0,0,2,197024.17,92.49,0,261.12,56.07,48.83,0.0,2.27,0.0,0.0,60.0,60.0,0,0,0,0.0,-72.33
1808,202043.89,1360.31,78.75,66,-46.5,23.9,0.14,14.12,1,2,4,0,178,170,0,0,0,0,202043.89,92.49,0,261.12,55.97,48.83,0.0,2.22,0.0,0.0,60.0,60.0,0,0,0,0.0,-72.33
1809,202043.89,1512.34,78.75,66,-47.25,24.37,0.14,14.12,0,2,4,0,90,164,0,0,0,0,202043.89,92.49,0,261.12,55.97,48.83,0.0,2.22,0.0,0.0,60.0,60.0,0,0,0,0.0,-72.33
1810,202043.89,1928.34,78.75,66,-47.25,24.37,0.14,14.02,1,2,4,0,1,50,0,0,0,0,202043.89,92.49,0,261.12,55.97,48.83,0.0,2.24,0.0,0.0,60.0,60.0,0,0,0,0.0,-72.33
1811,202043.89,40.34,78.75,66,-47.25,24.37,0.14,13.92,1,2,0,0,0,0,0,0,0,0,202043.89,93.52,0,261.12,55.97,48.83,0.0,2.27,0.0,0.0,60.0,60.0,0,0,0,0.0,-72.33
1812,202043.89,168.34,78.75,66,-47.25,24.84,0.15,14.12,1,2,0,0,0,0,0,0,0,0,202043.89,93.52,0,261.12,55.97,48.83,0.0,2.22,0.0,0.0,60.0,60.0,0,0,0,0.0,-72.33
1813,202043.89,312.31,78.75,66,-48.0,23.9,0.14,14.12,0,2,4,0,0,0,0,0,0,0,202043.89,93.52,0,261.12,55.97,48.83,0.0,2.22,0.0,0.0,60.0,60.0,0,0,0,0.0,-72.33
1814,202043.89,240.34,78.75,66,-48.0,24.37,0.14,13.92,0,2,4,0,0,0,0,0,0,0,202043.89,93.52,0,261.12,55.97,48.83,0.0,2.27,0.0,0.0,60.0,60.0,0,0,0,0.0,-72.33
1815,202043.89,752.34,78.75,66,-48.0,23.9,0.14,14.12,0,2,0,0,0,0,0,0,0,0,202043.89,94.54,0,261.12,55.97,48.83,0.0,2.22,0.0,0.0,60.0,60.0,0,0,0,0.0,-72.33
1816,203298.82,704.34,78.75,66,-48.0,23.43,0.14,14.12,1,0,0,0,0,0,0,0,1,0,203298.82,94.54,0,261.12,55.97,48.83,0.0,2.22,0.0,0.0,60.0,60.0,0,0,0,0.0,-72.33
1817,203298.82,992.34,78.75,66,-48.0,24.37,0.14,13.92,1,0,4,0,0,0,0,0,1,0,203298.82,94.55,0,261.12,55.97,48.83,0.0,2.27,0.0,0.0,60.0,60.0,0,0,0,0.0,-72.33
1818,203298.82,1128.34,78.75,66,-48.0,23.9,0.14,14.12,0,0,0,0,0,0,0,0,1,0,203298.82,94.55,0,261.12,55.97,48.83,0.0,2.22,0.0,0.0,60.0,60.0,0,0,0,0.0,-72.33
1819,203298.82,976.34,78.75,66,-48.0,22.96,0.14,14.12,0,2,4,0,0,0,0,0,1,0,203298.82,94.55,0,261.12,55.97,48.83,0.0,2.22,0.0,0.0,60.0,60.0,0,0,0,0.0,-72.33
1820,204553.75,1072.34,78.75,66,-48.0,23.9,0.14,14.02,1,2,4,0,0,0,0,0,1,0,204553.75,95.57,0,261.12,55.97,48.83,0.0,2.24,0.0,0.0,60.0,60.0,0,0,0,0.0,-72.33
1821,204553.75,1272.34,78.75,66,-48.0,23.9,0.14,13.92,0,2,4,0,0,0,0,0,1,0,204553.75,95.57,0,261.12,55.97,48.83,0.0,2.27,0.0,0.0,60.0,60.0,0,0,0,0.0,-72.33
1822,204553.75,1624.34,78.75,66,-48.0,24.37,0.14,14.12,0,0,0,0,0,0,0,0,1,0,204553.75,95.58,0,261.12,55.97,48.83,0.0,2.22,0.0,0.0,60.0,60.0,0,0,0,0.0,-72.33
1823,204553.75,1488.34,78.75,66,-48.0,22.96,0.14,14.12,1,0,0,0,0,0,0,0,1,0,204553.75,95.58,0,261.12,55.97,48.83,0.0,2.22,0.0,0.0,60.0,60.0,0,0,0,0.0,-72.33
1824,204553.75,1784.38,78.75,66,-48.0,23.9,0.14,14.02,0,2,0,0,0,0,0,0,1,0,204553.75,96.6,0,261.12,55.97,48.83,0.0,2.24,0.0,0.0,60.0,60.0,0,0,0,0.0,-72.33
1825,204553.75,2040.38,78.75,66,-48.0,23.9,0.14,13.92,1,0,0,0,0,0,0,0,1,0,204553.75,96.6,0,261.12,55.97,48.83,0.0,2.27,0.0,0.0,60.0,60.0,0,0,0,0.0,-72.33
1826,204553.75,1880.34,78.75,66,-48.0,23.43,0.13,14.22,0,2,4,0,0,0,0,0,1,0,204553.75,96.6,0,261.12,55.97,48.83,0.0,2.2,0.0,0.0,60.0,60.0,0,0,0,0.0,-72.33
1827,205808.68,1992.38,78.75,66,-48.0,23.9,0.14,14.12,1,2,4,0,0,0,0,0,0,2,205808.68,96.6,0,261.12,55.97,48.83,0.0,2.22,0.0,0.0,60.0,60.0,0,0,0,0.0,-72.33
1828,205808.68,1984.34,78.75,66,-48.0,23.43,0.14,13.92,1,2,4,0,0,0,0,0,0,2,205808.68,97.63,0,261.12,55.97,48.83,0.0,2.27,0.0,0.0,60.0,60.0,0,0,0,0.0,-72.33
1829,204553.75,128.38,78.75,66,-48.0,23.9,0.14,14.12,1,0,0,0,0,0,0,0,1,0,204553.75,97.63,0,261.12,55.97,48.83,0.0,2.22,0.0,0.0,60.0,60.0,0,0,0,0.0,-72.33
1830,204553.75,336.38,78.75,66,-48.0,23.43,0.14,14.12,0,0,0,0,0,0,0,0,1,0,204553.75,97.63,0,261.12,55.97,48.83,0.0,2.22,0.0,0.0,60.0,60.0,0,0,0,0.0,-72.33
1831,204553.75,360.38,78.75,66,-48.0,22.96,0.14,14.02,0,2,4,0,0,0,0,0,1,0,204553.75,97.63,0,261.12,55.97,48.83,0.0,2.24,0.0,0.0,60.0,60.0,0,0,0,0.0,-72.33
1832,203298.82,648.38,78.75,66,-48.0,23.43,0.14,13.92,1,0,4,0,0,0,0,0,1,0,203298.82,97.63,0,261.12,55.97,48.83,0.0,2.27,0.0,0.0,60.0,60.0,0,0,0,0.0,-72.33
1833,204553.75,624.38,78.75,66,-48.0,22.96,0.13,14.02,0,0,0,0,0,0,0,0,1,0,204553.75,98.66,0,261.12,55.97,48.83,0.0,2.24,0.0,0.0,60.0,60.0,0,0,0,0.0,-72.33
1834,203298.82,840.38,78.75,66,-48.0,23.43,0.14,14.12,0,2,4,0,0,0,0,0,1,0,203298.82,98.66,0,261.12,55.97,48.83,0.0,2.22,0.0,0.0,60.0,60.0,0,0,0,0.0,-72.33
1835,203298.82,888.38,78.75,66,-48.0,23.43,0.14,14.12,0,0,4,0,0,0,0,0,1,0,203298.82,98.66,0,261.12,55.97,48.83,0.0,2.22,0.0,0.0,60.0,60.0,0,0,0,0.0,-72.33
1836,203298.82,1304.38,78.75,66,-48.0,23.43,0.14,13.92,1,0,4,0,0,0,0,0,1,0,203298.82,98.66,0,261.12,55.97,48.83,0.0,2.27,0.0,0.0,60.0,60.0,0,0,0,0.0,-72.33
1837,202043.89,1336.38,78.75,66,-48.0,22.96,0.14,14.02,1,0,4,0,0,0,0,0,0,0,202043.89,99.68,0,261.12,55.97,48.83,0.0,2.24,0.0,0.0,60.0,60.0,0,0,0,0.0,-72.33
1838,202043.89,1392.38,78.75,66,-48.0,22.96,0.13,14.02,1,0,0,0,0,0,0,0,0,0,202043.89,99.68,0,261.12,55.97,48.83,0.0,2.24,0.0,0.0,60.0,60.0,0,0,0,0.0,-72.33
1839,200788.96,1472.38,78.75,66,-48.0,22.49,0.13,14.02,1,2,0,0,0,0,0,0,0,0,200788.96,99.68,0,261.12,55.97,48.83,0.0,2.24,0.0,0.0,60.0,60.0,0,0,0,0.0,-72.33
1840,200788.96,1608.41,78.75,67,-48.0,22.96,0.14,13.92,0,0,4,0,0,0,0,0,0,0,200788.96,99.69,0,261.12,55.97,48.83,0.0,2.27,0.0,0.0,60.0,60.0,0,0,0,0.0,-72.33
1841,202043.89,2000.38,78.75,67,-48.0,22.49,0.13,14.12,0,2,0,0,0,0,0,0,0,0,202043.89,99.69,0,261.12,55.97,48.83,0.0,2.22,0.0,0.0,60.0,60.0,0,0,0,0.0,-72.33
1842,202043.89,1984.41,78.75,67,-48.0,22.96,0.13,14.12,0,0,4,0,0,0,0,0,0,0,202043.89,100.71,0,261.12,55.97,48.83,0.0,2.22,0.0,0.0,60.0,60.0,0,0,0,0.0,-72.33
1843,200788.96,48.38,78.75,67,-48.0,22.03,0.13,14.02,0,0,4,0,0,0,0,0,0,0,200788.96,100.71,0,261.12,55.97,48.83,0.0,2.24,0.0,0.0,60.0,60.0,0,0,0,0.0,-72.33
1844,199534.03,1984.38,78.75,67,-48.0,21.56,0.13,13.92,1,0,0,0,0,0,0,0,1,2,199534.03,100.72,0,261.12,55.97,48.83,0.0,2.27,0.0,0.0,60.0,60.0,0,0,0,0.0,-72.33
1845,199534.03,80.41,78.75,67,-48.0,22.03,0.13,14.12,0,0,4,0,0,0,0,0,1,2,199534.03,100.72,0,261.12,55.97,48.83,0.0,2.22,0.0,0.0,60.0,60.0,0,0,0,0.0,-72.33
1846,199534.03,320.41,78.75,67,-48.0,22.49,0.13,14.12,0,2,4,0,0,0,0,0,1,2,199534.03,101.74,0,261.12,55.97,48.83,0.0,2.22,0.0,0.0,60.0,60.0,0,0,0,0.0,-72.33
1847,198279.1,720.41,78.75,67,-48.0,21.56,0.13,13.92,1,0,4,0,0,0,0,0,1,2,198279.1,101.74,0,261.12,55.97,48.83,0.0,2.27,0.0,0.0,60.0,60.0,0,0,0,0.0,-72.33
1848,197024.17,712.41,78.75,67,-48.0,21.56,0.12,14.02,1,2,0,0,0,0,0,0,0,2,197024.17,101.74,0,261.12,55.97,48.83,0.0,2.24,0.0,0.0,60.0,60.0,0,0,0,0.0,-72.33
1849,197024.17,856.41,78.0,67,-48.0,21.56,0.12,14.02,0,2,4,0,0,0,0,0,0,2,197024.17,101.74,0,261.12,55.97,48.83,0.0,2.24,0.0,0.0,60.0,60.0,0,0,0,0.0,-72.33
1850,195769.24,1296.44,78.0,67,-48.0,21.56,0.12,13.82,1,0,4,0,0,0,0,0,0,2,195769.24,102.77,0,261.12,56.02,48.83,0.0,2.3,0.0,0.0,60.0,60.0,0,0,0,0.0,-72.65
1851,225887.58,1184.53,78.75,67,-48.0,23.9,0.14,14.02,1,2,4,0,0,0,0,0,0,2,225887.58,102.77,0,261.12,56.01,48.83,0.0,2.24,0.0,0.0,60.0,60.0,0,0,0,0.0,-72.65
1852,225887.58,728.44,78.75,67,-48.0,20.15,0.12,14.12,1,0,4,0,1,0,0,0,0,2,225887.58,102.77,0,261.12,56.01,48.83,0.0,2.22,0.0,0.0,60.0,60.0,0,0,0,0.0,-72.65
1853,224632.65,1712.44,78.0,67,-48.0,19.21,0.11,14.12,0,0,4,0,4,2,0,0,1,0,224632.65,102.77,0,261.12,56.01,48.83,0.0,2.22,0.0,0.0,60.0,60.0,0,0,0,0.0,-72.65
1854,225887.58,1224.41,78.0,67,-48.0,18.28,0.11,13.92,0,2,4,0,5,3,0,0,0,2,225887.58,102.77,0,261.12,56.01,48.83,0.0,2.27,0.0,0.0,60.0,60.0,0,0,0,0.0,-72.65
1855,224632.65,688.44,78.0,67,-48.0,18.28,0.11,14.12,0,2,4,0,7,4,0,0,1,0,224632.65,103.8,0,261.12,56.01,48.83,0.0,2.22,0.0,0.0,60.0,60.0,0,0,0,0.0,-72.65
1856,223377.72,416.44,78.0,67,-48.0,18.28,0.11,14.02,0,0,0,0,12,5,0,0,1,0,223377.72,103.8,0,261.12,56.01,48.83,0.0,2.24,0.0,0.0,60.0,60.0,0,0,0,0.0,-72.65
1857,223377.72,560.44,78.0,67,-48.0,18.28,0.1,14.02,0,2,0,0,19,6,0,0,1,0,223377.72,103.8,0,261.12,56.0,48.83,0.0,2.24,0.0,0.0,60.0,60.0,0,0,0,0.0,-72.65
1858,220867.86,872.44,78.0,67,-48.0,17.81,0.1,13.92,0,0,4,0,26,7,0,0,0,0,220867.86,103.8,0,261.12,56.0,48.83,0.0,2.27,0.0,0.0,60.0,60.0,0,0,0,0.0,-72.65
1859,224632.65,472.41,78.0,67,-48.0,17.81,0.1,14.02,0,0,4,0,34,8,0,0,1,0,224632.65,104.82,0,261.12,56.0,48.83,0.0,2.24,0.0,0.0,60.0,60.0,0,0,0,0.0,-72.65
1860,225887.58,872.38,78.0,67,-48.0,17.34,0.1,14.02,1,2,0,0,44,9,0,0,0,2,225887.58,104.82,0,261.12,56.01,48.83,0.0,2.24,0.0,0.0,60.0,60.0,0,0,0,0.0,-72.65
1861,225887.58,936.34,78.0,67,-48.0,17.81,0.1,13.82,1,2,4,0,61,9,0,0,0,2,225887.58,104.83,0,261.12,56.02,48.83,0.0,2.3,0.0,0.0,60.0,60.0,0,0,0,0.0,-72.33
1862,225887.58,232.34,78.0,67,-48.0,18.28,0.1,13.82,1,0,0,0,107,10,0,0,0,2,225887.58,104.83,0,261.12,56.02,48.83,0.0,2.3,0.0,0.0,60.0,60.0,0,0,0,0.0,-72.33
1863,225887.58,440.38,78.0,67,-48.0,18.28,0.1,14.02,1,2,4,0,164,14,0,0,0,2,225887.58,104.83,0,261.12,56.02,48.83,0.0,2.24,0.0,0.0,60.0,60.0,0,0,0,0.0,-72.33
1864,225887.58,488.38,78.0,67,-48.0,17.81,0.1,14.02,0,0,4,0,176,72,0,0,0,2,225887.58,105.85,0,261.12,56.02,48.83,0.0,2.24,0.0,0.0,60.0,60.0,0,0,0,0.0,-72.33
1865,225887.58,688.38,78.0,67,-48.0,17.81,0.1,14.02,0,2,0,0,180,110,0,0,0,2,225887.58,105.85,0,261.12,56.02,48.83,0.0,2.24,0.0,0.0,60.0,60.0,0,0,0,0.0,-72.33
1866,225887.58,752.38,78.0,67,-48.0,17.81,0.1,13.92,1,0,0,0,181,142,0,0,0,2,225887.58,105.86,0,261.12,56.01,48.83,0.0,2.27,0.0,0.0,60.0,60.0,0,0,0,0.0,-72.33
1867,225887.58,864.38,78.0,67,-48.0,17.34,0.1,14.12,1,2,0,0,182,164,0,0,0,2,225887.58,105.86,0,261.12,56.01,48.83,0.0,2.22,0.0,0.0,60.0,60.0,0,0,0,0.0,-72.33
1868,225887.58,1024.41,78.0,67,-48.0,18.75,0.11,14.02,1,0,0,0,182,171,0,0,0,2,225887.58,106.88,0,261.12,56.01,48.83,0.0,2.24,0.0,0.0,60.0,60.0,0,0,0,0.0,-72.33
1869,225887.58,1312.38,78.0,67,-48.0,17.81,0.1,14.02,1,2,4,0,182,176,0,0,0,2,225887.58,106.88,0,261.12,0.04,50.0,0.0,2.24,0.0,0.0,60.0,60.0,0,0,0,0.0,-72.33
1870,225887.58,1576.41,78.0,67,-48.0,18.28,0.1,13.92,1,0,0,0,182,177,0,0,0,2,225887.58,106.88,0,261.12,0.04,50.0,0.0,2.27,0.0,0.0,60.0,60.0,0,0,0,0.0,-72.33
1871,225887.58,1800.38,78.0,67,-48.0,17.34,0.1,14.12,0,2,0,0,181,178,0,0,0,2,225887.58,106.88,0,261.12,0.04,50.0,0.0,2.22,0.0,0.0,60.0,60.0,0,0,0,0.0,-72.33
1872,224632.65,1992.41,78.0,67,-48.0,17.34,0.1,14.02,0,0,4,0,180,178,0,0,1,0,224632.65,106.88,0,261.12,0.04,50.0,0.0,2.24,0.0,0.0,60.0,60.0,0,0,0,0.0,-72.33
1873,224632.65,1824.38,78.0,67,-48.0,17.34,0.1,13.92,1,0,0,0,179,178,0,0,1,0,224632.65,107.91,0,261.12,0.04,50.0,0.0,2.27,0.0,0.0,60.0,60.0,0,0,0,0.0,-72.33
1874,224632.65,1936.41,78.0,67,-48.0,17.81,0.1,14.12,0,2,0,0,177,178,0,0,1,0,224632.65,107.91,0,261.12,0.04,50.0,0.0,2.22,0.0,0.0,60.0,60.0,0,0,0,0.0,-72.33
1875,223377.72,320.41,78.0,67,-48.0,17.34,0.1,14.12,1,0,0,0,176,178,0,0,1,0,223377.72,107.91,0,261.12,0.04,50.0,0.0,2.22,0.0,0.0,60.0,60.0,0,0,0,0.0,-72.33
1876,223377.72,272.41,78.0,67,-48.0,16.87,0.1,14.02,0,0,0,0,175,178,0,0,1,0,223377.72,107.91,0,261.12,0.03,50.0,0.0,2.24,0.0,0.0,60.0,60.0,0,0,0,0.0,-72.33
1877,222122.79,440.41,78.0,67,-48.0,16.87,0.1,13.92,0,0,0,0,173,177,0,0,0,0,222122.79,108.94,0,261.12,0.03,50.0,0.0,2.27,0.0,0.0,60.0,60.0,0,0,0,0.0,-72.33
1878,223377.72,872.41,78.0,67,-48.0,16.87,0.1,13.92,0,2,0,0,169,176,0,0,1,0,223377.72,108.94,0,261.12,0.03,50.0,0.0,2.27,0.0,0.0,60.0,60.0,0,0,0,0.0,-72.33
1879,223377.72,944.41,78.0,67,-48.0,16.87,0.1,14.02,0,0,4,0,166,174,0,0,1,0,223377.72,108.94,0,261.12,0.03,50.0,0.0,2.24,0.0,0.0,60.0,60.0,0,0,0,0.0,-72.33
1880,222122.79,912.41,78.0,67,-48.0,16.87,0.1,14.02,0,0,0,0,164,173,0,0,0,0,222122.79,108.94,0,261.12,0.03,50.0,0.0,2.24,0.0,0.0,60.0,60.0,0,0,0,0.0,-72.33
1881,223377.72,1104.41,78.0,67,-48.0,16.4,0.1,13.92,0,0,0,0,162,171,0,0,1,0,223377.72,109.96,0,261.12,0.03,50.0,0.0,2.27,0.0,0.0,60.0,60.0,0,0,0,0.0,-72.33
1882,222122.79,1360.44,78.0,68,-48.0,17.34,0.1,14.02,1,2,0,0,160,169,0,0,0,0,222122.79,109.96,0,261.12,0.03,50.0,0.0,2.24,0.0,0.0,60.0,60.0,0,0,0,0.0,-72.33
1883,220867.86,2000.44,78.0,68,-48.0,17.34,0.1,14.12,0,0,4,0,157,168,0,0,0,0,220867.86,109.96,0,261.12,0.03,50.0,0.0,2.22,0.0,0.0,60.0,60.0,0,0,0,0.0,-72.65
1884,220867.86,344.44,78.0,68,-48.0,17.34,0.1,13.92,1,2,0,0,155,166,0,0,0,0,220867.86,109.97,0,261.12,0.03,50.0,0.0,2.27,0.0,0.0,60.0,60.0,0,0,0,0.0,-72.65
1885,220867.86,688.44,78.0,68,-48.0,17.34,0.1,14.12,1,0,0,0,158,165,0,0,0,0,220867.86,109.97,0,261.12,0.03,50.0,0.0,2.22,0.0,0.0,60.0,60.0,0,0,0,0.0,-72.65
1886,220867.86,880.44,78.0,68,-48.0,16.87,0.1,14.02,1,0,4,0,159,164,0,0,0,0,220867.86,110.99,0,261.12,0.02,50.0,0.0,2.24,0.0,0.0,60.0,60.0,0,0,0,0.0,-72.65
1887,219612.92,808.44,78.0,68,-48.0,16.87,0.1,13.92,1,2,0,0,156,163,0,0,1,2,219612.92,110.99,0,261.12,0.02,50.0,0.0,2.27,0.0,0.0,60.0,60.0,0,0,0,0.0,-72.65
1888,219612.92,1096.44,78.0,68,-48.0,16.87,0.1,14.02,0,2,4,0,155,163,0,0,1,2,219612.92,111.0,0,261.12,0.02,50.0,0.0,2.24,0.0,0.0,60.0,60.0,0,0,0,0.0,-72.65
1889,220867.86,1360.44,78.0,68,-48.0,16.87,0.1,14.12,0,0,4,0,153,162,0,0,0,0,220867.86,111.0,0,261.12,0.02,50.0,0.0,2.22,0.0,0.0,60.0,60.0,0,0,0,0.0,-72.65
1890,219612.92,1584.44,78.0,68,-48.0,16.87,0.1,13.92,0,0,4,0,145,161,0,0,1,2,219612.92,112.02,0,261.12,0.02,50.0,0.0,2.27,0.0,0.0,60.0,60.0,0,0,0,0.0,-72.65
1891,218357.99,1752.47,78.0,68,-48.0,17.34,0.1,14.02,0,2,4,0,96,160,0,0,1,2,218357.99,112.02,0,261.12,0.02,50.0,0.0,2.24,0.0,0.0,60.0,60.0,0,0,0,0.0,-72.65
1892,218357.99,1912.44,78.0,68,-48.0,15.93,0.09,13.92,1,0,0,0,26,158,0,0,1,2,218357.99,112.02,0,261.12,0.02,50.0,0.0,2.27,0.0,0.0,60.0,60.0,0,0,0,0.0,-72.65
1893,219612.92,104.47,78.0,68,-48.0,17.81,0.1,13.92,0,2,4,0,16,156,0,0,1,2,219612.92,112.02,0,261.12,0.02,50.0,0.0,2.27,0.0,0.0,60.0,60.0,0,0,0,0.0,-72.65
1894,218357.99,432.47,78.0,68,-48.0,16.87,0.1,14.12,0,0,4,0,14,153,0,0,1,2,218357.99,113.05,0,261.12,0.02,50.0,0.0,2.22,0.0,0.0,60.0,60.0,0,0,0,0.0,-72.65
1895,217103.06,776.47,78.75,68,-48.0,17.34,0.1,14.12,1,2,0,0,15,151,0,0,0,2,217103.06,113.05,0,261.12,0.02,50.0,0.0,2.22,0.0,0.0,60.0,60.0,0,0,0,0.0,-72.65
1896,217103.06,1424.5,78.75,68,-48.0,16.87,0.1,13.92,0,2,4,0,18,149,0,0,0,2,217103.06,113.05,0,261.12,0.02,50.0,0.0,2.27,0.0,0.0,60.0,60.0,0,0,0,0.0,-72.65
1897,218357.99,1640.5,78.75,68,-48.0,17.34,0.1,13.92,1,2,4,0,25,148,0,0,1,2,218357.99,113.05,0,261.12,0.02,50.0,0.0,2.27,0.0,0.0,60.0,60.0,0,0,0,0.0,-72.65
1898,220867.86,656.44,78.75,68,-48.0,16.4,0.09,14.02,1,2,0,0,44,147,0,0,0,0,220867.86,113.05,0,261.12,0.02,50.0,0.0,2.24,0.0,0.0,60.0,60.0,0,0,0,0.0,-72.65
1899,223377.72,1112.41,78.75,68,-48.0,17.34,0.1,14.02,0,2,0,0,119,146,0,0,1,0,223377.72,114.08,0,261.12,0.03,50.0,0.0,2.24,0.0,0.0,60.0,60.0,0,0,0,0.0,-72.65
1900,224632.65,1800.41,78.75,68,-48.0,17.34,0.1,13.92,0,2,0,0,142,145,0,0,1,0,224632.65,114.08,0,261.12,0.04,50.0,0.0,2.27,0.0,0.0,60.0,60.0,0,0,0,0.0,-72.33
1901,224632.65,1024.38,78.75,68,-48.0,16.4,0.1,14.12,0,0,4,0,33,144,0,0,1,0,224632.65,114.08,0,261.12,0.03,50.0,0.0,2.22,0.0,0.0,60.0,60.0,0,0,0,0.0,-72.33
1902,223377.72,736.41,78.75,68,-48.0,16.87,0.1,14.12,1,2,4,0,17,142,0,0,1,0,223377.72,114.08,0,261.12,0.03,50.0,0.0,2.22,0.0,0.0,60.0,60.0,0,0,0,0.0,-72.33
1903,222122.79,1176.44,78.75,68,-48.0,17.34,0.1,13.82,1,0,0,0,15,142,0,0,0,0,222122.79,115.1,0,261.12,0.03,50.0,0.0,2.3,0.0,0.0,60.0,60.0,0,0,0,0.0,-72.65
1904,220867.86,1864.44,78.75,68,-48.0,16.87,0.1,13.92,1,0,4,0,15,141,0,0,0,0,220867.86,115.1,0,261.12,0.03,50.0,0.0,2.27,0.0,0.0,60.0,60.0,0,0,0,0.0,-72.65
1905,220867.86,2016.44,78.75,68,-48.0,16.4,0.1,14.12,0,0,0,0,19,141,0,0,0,0,220867.86,115.11,0,261.12,0.02,50.0,0.0,2.22,0.0,0.0,60.0,60.0,0,0,0,0.0,-72.65
1906,218357.99,520.44,78.75,68,-48.0,16.87,0.1,14.12,0,0,4,0,105,140,0,0,1,2,218357.99,115.11,0,261.12,0.02,50.0,0.0,2.22,0.0,0.0,60.0,60.0,0,0,0,0.0,-72.65
1907,218357.99,1112.47,78.75,68,-48.0,16.87,0.1,13.92,1,2,4,0,163,141,0,0,1,2,218357.99,114.08,0,261.12,0.02,50.0,0.0,2.27,0.0,0.0,60.0,60.0,0,0,0,0.0,-72.65
1908,217103.06,264.5,78.75,68,-48.0,17.34,0.1,13.92,1,0,4,0,172,141,0,0,0,2,217103.06,114.08,0,261.12,0.02,50.0,0.0,2.27,0.0,0.0,60.0,60.0,0,0,0,0.0,-72.65
1909,215848.13,888.5,78.75,68,-48.0,17.34,0.1,14.12,0,0,0,0,172,142,0,0,0,2,215848.13,114.08,0,260.1,0.02,50.0,0.0,2.22,0.0,0.0,60.0,60.0,0,0,0,0.0,-72.65
1910,214593.2,1680.5,78.75,68,-48.0,16.87,0.09,14.12,0,0,4,0,170,141,0,0,1,0,214593.2,114.09,0,254.98,0.02,50.0,0.0,2.22,0.0,0.0,60.0,60.0,0,0,0,0.0,-72.65
1911,209573.48,1016.56,78.75,68,-48.0,17.81,0.1,13.92,0,0,0,0,167,141,0,0,1,2,209573.48,114.09,0,239.62,0.02,50.0,0.0,2.27,0.0,0.0,60.0,60.0,0,0,0,0.0,-72.65
1912,204553.75,328.56,78.75,68,-48.0,17.34,0.1,13.82,0,0,0,0,166,141,0,0,1,0,204553.75,113.06,0,223.23,0.02,50.0,0.0,2.3,0.0,0.0,60.0,60.0,0,0,0,0.0,-72.65
1913,189494.58,472.5,78.75,68,-48.0,14.06,0.08,14.02,1,0,0,0,166,141,0,0,1,2,189494.58,113.06,0,210.94,0.02,50.0,0.0,2.24,0.0,0.0,60.0,60.0,0,0,0,0.0,-72.65
1914,208318.55,1488.47,78.75,68,-48.0,13.12,0.08,14.02,0,2,4,0,169,141,0,0,1,2,208318.55,113.06,0,228.35,0.02,50.0,0.0,2.24,0.0,0.0,60.0,60.0,0,0,0,0.0,-72.65
1915,208318.55,456.56,78.75,68,-48.0,16.4,0.09,13.92,1,0,4,0,174,145,0,0,1,2,208318.55,113.06,0,235.52,0.02,50.0,0.0,2.27,0.0,0.0,60.0,60.0,0,0,0,0.0,-72.65
1916,209573.48,1768.59,78.75,68,-48.0,16.87,0.1,13.92,0,2,4,0,174,155,0,0,1,2,209573.48,114.09,0,233.47,0.02,50.0,0.0,2.27,0.0,0.0,60.0,60.0,0,0,0,0.0,-72.65
1917,208318.55,544.59,78.75,68,-48.0,17.34,0.1,14.12,0,2,4,0,167,163,0,0,1,2,208318.55,114.09,0,201.73,0.02,50.0,0.0,2.22,0.0,0.0,60.0,60.0,0,0,0,0.0,-72.65
1918,205808.68,1632.59,78.75,68,-48.0,16.4,0.1,14.02,1,0,0,0,148,164,0,0,0,2,205808.68,114.09,0,180.22,0.02,50.0,0.0,2.24,0.0,0.0,60.0,60.0,0,0,0,0.0,-72.65
1919,204553.75,248.59,78.75,68,-48.0,16.4,0.09,13.82,0,2,0,0,69,163,0,0,1,0,204553.75,114.09,0,164.86,0.02,50.0,0.0,2.3,0.0,0.0,60.0,60.0,0,0,0,0.0,-72.65
1920,204553.75,872.59,78.75,68,-48.0,16.4,0.1,13.92,0,2,0,0,33,162,0,0,1,0,204553.75,114.09,0,145.41,0.02,50.0,0.0,2.27,0.0,0.0,60.0,60.0,0,0,0,0.0,-72.65
1921,204553.75,1168.59,78.75,68,-48.0,16.87,0.09,14.02,1,2,0,0,20,160,0,0,1,0,204553.75,115.11,0,142.34,0.02,50.0,0.0,2.24,0.0,0.0,60.0,60.0,0,0,0,0.0,-72.65
1922,208318.55,1240.59,78.75,68,-48.0,16.87,0.1,14.12,1,2,0,0,18,159,0,0,1,2,208318.55,115.11,0,144.38,0.02,50.0,0.0,2.22,0.0,0.0,60.0,60.0,0,0,0,0.0,-72.65
1923,208318.55,632.56,78.75,68,-48.0,15.46,0.09,13.92,0,0,0,0,19,157,0,0,1,2,208318.55,115.11,0,151.55,0.02,50.0,0.0,2.27,0.0,0.0,60.0,60.0,0,0,0,0.0,-72.65
1924,209573.48,112.56,78.75,68,-48.0,17.34,0.1,13.92,1,0,0,0,21,156,0,0,1,2,209573.48,115.11,0,156.67,0.02,50.0,0.0,2.27,0.0,0.0,60.0,60.0,0,0,0,0.0,-72.65
1925,209573.48,2016.56,78.75,68,-48.0,16.4,0.1,14.02,1,0,4,0,26,154,0,0,1,2,209573.48,116.13,0,164.86,0.02,50.0,0.0,2.24,0.0,0.0,60.0,60.0,0,0,0,0.0,-72.65
1926,208318.55,1944.56,78.75,68,-48.0,16.4,0.09,14.12,1,0,0,0,66,153,0,0,1,2,208318.55,116.13,0,172.03,0.02,50.0,0.0,2.22,0.0,0.0,60.0,60.0,0,0,0,0.0,-72.65
1927,209573.48,1888.56,78.75,68,-48.0,16.4,0.09,13.92,0,0,0,0,133,152,0,0,1,2,209573.48,116.13,0,177.15,0.02,50.0,0.0,2.27,0.0,0.0,60.0,60.0,0,0,0,0.0,-72.65
1928,209573.48,1920.56,78.75,68,-48.0,16.4,0.1,13.92,1,0,0,0,161,151,0,0,1,2,209573.48,116.13,0,183.3,0.02,50.0,0.0,2.27,0.0,0.0,60.0,60.0,0,0,0,0.0,-72.65
1929,209573.48,1904.56,78.75,68,-48.0,16.4,0.1,14.12,1,2,0,0,168,150,0,0,1,2,209573.48,116.13,0,187.39,22.72,47.66,0.0,2.22,0.0,0.0,60.0,60.0,0,0,0,0.0,-72.65
1930,208318.55,1624.59,78.75,68,-48.0,17.81,0.1,14.12,0,2,0,0,167,150,0,0,1,2,208318.55,117.16,0,192.51,22.72,47.66,0.0,2.22,0.0,0.0,60.0,60.0,0,0,0,0.0,-72.65
1931,195769.24,121.12,78.75,68,-48.0,33.27,0.2,13.92,1,0,0,0,161,150,0,0,0,2,195769.24,117.16,0,182.27,22.73,47.66,0.0,2.27,0.0,0.0,60.0,60.0,0,0,0,0.0,-73.3
1932,175690.34,913.78,78.75,68,-48.0,49.21,0.43,14.02,0,0,4,0,155,153,0,0,0,2,175690.34,117.15,0,151.55,22.84,47.66,0.0,2.24,0.0,0.0,60.0,60.0,0,0,0,0.0,-73.95
1933,150591.72,1961.25,78.75,68,-48.0,49.21,0.44,14.12,1,0,0,0,27,137,0,0,0,0,150591.72,117.15,0,126.98,23.09,47.66,0.0,2.22,0.0,0.0,60.0,60.0,0,0,0,0.0,-73.95
1934,144317.07,1768.34,78.75,68,-48.0,21.56,0.13,14.12,1,0,4,0,20,135,0,0,1,0,144317.07,116.13,0,149.5,23.0,47.66,0.0,2.22,0.0,0.0,60.0,60.0,0,0,0,0.0,-72.65
1935,200788.96,672.56,78.75,68,-48.0,24.84,0.15,13.92,0,0,0,0,82,139,0,0,0,0,200788.96,116.13,0,221.18,60.73,44.14,0.0,2.27,0.0,0.0,60.0,60.0,0,0,0,0.0,-72.65
1936,200788.96,808.56,78.75,68,-48.0,22.49,0.13,14.12,1,0,4,0,12,131,0,0,0,0,200788.96,116.13,0,254.98,60.71,44.14,0.0,2.22,0.0,0.0,60.0,60.0,0,0,0,0.0,-72.65
1937,222122.79,536.44,78.75,68,-48.0,19.21,0.11,14.12,1,2,4,0,10,36,0,0,0,0,222122.79,116.13,0,252.93,60.71,44.14,0.0,2.22,0.0,0.0,60.0,60.0,0,0,0,0.0,-72.65
1938,217103.06,1048.53,78.75,68,-48.0,20.15,0.11,13.92,0,0,0,0,10,15,0,0,0,2,217103.06,115.11,0,259.07,60.7,44.14,0.0,2.27,0.0,0.0,60.0,60.0,0,0,0,0.0,-72.65
1939,215848.13,1648.5,78.75,68,-48.0,18.28,0.11,14.12,0,0,4,0,10,13,0,0,0,2,215848.13,115.11,0,256.0,60.7,44.14,0.0,2.22,0.0,0.0,60.0,60.0,0,0,0,0.0,-72.65
1940,217103.06,1184.47,78.75,68,-48.0,17.34,0.1,14.12,1,2,0,0,13,12,0,0,0,2,217103.06,115.11,0,256.0,60.7,44.14,0.0,2.22,0.0,0.0,60.0,60.0,0,0,0,0.0,-72.65
1941,217103.06,400.47,78.75,68,-48.0,16.87,0.1,14.02,1,2,0,0,70,14,0,0,0,2,217103.06,115.11,0,253.95,60.69,44.14,0.0,2.24,0.0,0.0,60.0,60.0,0,0,0,0.0,-72.65
1942,215848.13,304.5,78.75,68,-48.0,16.4,0.1,13.92,0,0,0,0,129,16,0,0,0,2,215848.13,115.11,0,253.95,60.69,44.14,0.0,2.27,0.0,0.0,60.0,60.0,0,0,0,0.0,-72.65
1943,215848.13,416.5,78.75,68,-48.0,16.4,0.1,14.12,1,2,0,0,169,18,0,0,0,2,215848.13,114.09,0,252.93,60.69,44.14,0.0,2.22,0.0,0.0,60.0,60.0,0,0,0,0.0,-72.65
1944,217103.06,448.5,78.75,68,-48.0,16.87,0.1,14.02,1,2,4,0,175,20,0,0,0,2,217103.06,114.09,0,251.9,60.69,44.14,0.0,2.24,0.0,0.0,60.0,60.0,0,0,0,0.0,-72.65
1945,215848.13,688.5,78.75,68,-48.0,16.87,0.1,13.92,0,0,0,0,174,22,0,0,0,2,215848.13,114.09,0,251.9,60.69,44.14,0.0,2.27,0.0,0.0,60.0,60.0,0,0,0,0.0,-72.65
1946,214593.2,776.5,78.75,68,-48.0,16.87,0.1,13.82,1,2,0,0,173,24,0,0,1,0,214593.2,114.09,0,249.86,60.69,44.14,0.0,2.3,0.0,0.0,60.0,60.0,0,0,0,0.0,-72.65
1947,213338.27,1152.53,78.75,68,-48.0,16.87,0.1,14.02,1,0,0,0,172,28,0,0,1,0,213338.27,115.11,0,234.5,60.69,44.14,0.0,2.24,0.0,0.0,60.0,60.0,0,0,0,0.0,-72.65
1948,210828.41,640.56,78.75,68,-48.0,16.87,0.1,13.82,1,2,4,0,170,37,0,0,0,0,210828.41,115.11,0,224.26,60.69,44.14,0.0,2.3,0.0,0.0,60.0,60.0,0,0,0,0.0,-72.65
1949,207063.61,1712.59,78.75,68,-48.0,16.4,0.1,13.82,1,2,4,0,169,58,0,0,0,2,207063.61,115.11,0,209.92,60.69,44.14,0.0,2.3,0.0,0.0,60.0,60.0,0,0,0,0.0,-72.65
1950,203298.82,785.19,78.75,68,-48.0,31.87,0.19,14.02,0,2,4,0,169,81,0,0,1,0,203298.82,115.11,0,206.85,60.69,44.14,0.0,2.24,0.0,0.0,60.0,60.0,0,0,0,0.0,-73.3
1951,189494.58,1065.56,78.75,68,-48.0,43.11,0.34,14.12,1,2,4,0,166,108,0,0,1,2,189494.58,115.11,0,166.91,60.72,44.14,0.0,2.22,0.0,0.0,60.0,60.0,0,0,0,0.0,-73.95
1952,164395.96,673.84,78.75,68,-48.0,56.7,0.59,13.92,1,2,4,0,166,142,0,0,1,0,164395.96,114.09,0,132.1,61.04,44.14,0.0,2.27,0.0,0.0,60.0,60.0,0,0,0,0.0,-74.28
1953,160601.87,1481.66,78.75,68,-48.0,58.11,0.65,13.82,0,0,0,0,16,59,0,0,0,0,161886.1,114.09,0,132.1,61.06,44.14,0.0,2.3,0.0,0.0,60.0,60.0,0,0,0,0.0,-74.28
1954,159346.94,1697.81,78.75,68,-48.0,63.73,0.76,14.12,0,2,0,0,8,1,0,0,1,2,160631.17,114.08,0,154.62,61.06,44.14,0.0,2.22,0.0,0.0,60.0,60.0,0,0,0,0.0,-74.6
1955,171881.6,505.94,78.75,68,-48.0,67.48,0.92,14.02,1,2,0,0,6,2,0,0,0,0,170655.97,114.08,0,175.1,61.06,44.14,0.0,2.24,0.0,0.0,60.0,60.0,0,0,0,0.0,-74.6
1956,169371.74,793.91,78.75,68,-48.0,69.36,0.98,13.82,0,2,0,0,7,2,0,0,1,2,168160.75,113.06,0,192.51,61.06,44.14,0.0,2.3,0.0,0.0,60.0,60.0,0,0,0,0.0,-74.6
1957,165606.95,1689.94,78.75,68,-48.0,71.7,1.04,13.82,1,2,0,0,7,3,0,0,0,2,164395.96,113.06,0,211.97,61.06,44.14,0.0,2.3,0.0,0.0,60.0,60.0,0,0,0,0.0,-74.6
1958,160577.45,889.81,78.75,68,-48.0,71.23,1.04,14.02,0,0,4,0,9,5,0,0,1,2,150621.02,113.06,0,224.26,61.06,44.14,0.0,2.24,0.0,0.0,60.0,60.0,0,0,0,0.0,-74.6
1959,150538.01,1329.56,78.75,68,-48.0,67.95,0.94,14.02,1,2,4,0,19,10,0,0,1,2,134331.33,113.06,0,231.42,61.06,44.14,0.0,2.24,0.0,0.0,60.0,60.0,0,0,0,0.0,-74.28
1960,128002.96,1257.47,78.75,68,-48.0,67.95,0.93,13.92,0,2,0,0,142,29,0,0,1,2,128002.96,112.03,0,239.62,61.06,44.14,0.0,2.27,0.0,0.0,60.0,60.0,0,0,0,0.0,-74.28
1961,128002.96,841.47,78.75,68,-48.0,68.89,0.95,14.02,0,2,4,0,168,73,0,0,1,2,128002.96,112.03,0,242.69,61.06,44.14,0.0,2.24,0.0,0.0,60.0,60.0,0,0,0,0.0,-73.95
1962,135532.55,393.59,78.75,68,-48.0,67.95,0.92,14.02,0,2,4,0,172,104,0,0,0,2,135532.55,112.03,0,227.33,61.06,44.14,0.0,2.24,0.0,0.0,60.0,60.0,0,0,0,0.0,-74.28
1963,146817.16,1833.28,78.75,68,-48.0,58.11,0.64,13.92,0,0,4,0,158,30,0,0,1,0,149317.26,112.03,0,203.78,61.06,44.14,0.0,2.27,0.0,0.0,60.0,60.0,0,0,0,0.0,-73.95
1964,140552.27,1289.22,78.75,68,-48.0,53.42,0.54,13.92,1,0,0,0,173,119,0,0,0,0,140552.27,112.03,0,222.21,61.01,44.14,0.0,2.27,0.0,0.0,60.0,60.0,0,0,0,0.0,-73.62
1965,151846.65,209.84,78.75,68,-48.0,65.14,0.85,14.02,1,2,4,0,128,147,0,0,0,0,151880.83,111.0,0,220.16,61.06,44.14,0.0,2.24,0.0,0.0,60.0,60.0,0,0,0,0.0,-74.6
1966,159346.94,1289.69,78.75,68,-48.0,65.61,0.84,14.02,0,2,4,0,152,154,0,0,1,0,161886.1,111.0,0,209.92,61.06,44.14,0.0,2.24,0.0,0.0,60.0,60.0,0,0,0,0.0,-74.28
1967,159346.94,193.69,78.75,68,-48.0,66.08,0.84,13.92,0,0,4,0,18,131,0,0,1,0,161886.1,111.0,0,214.02,61.06,44.14,0.0,2.27,0.0,0.0,60.0,60.0,0,0,0,0.0,-74.28
1968,159346.94,329.72,78.75,68,-48.0,66.55,0.87,13.92,1,0,0,0,15,30,0,0,1,0,161886.1,111.0,0,218.11,61.06,44.14,0.0,2.27,0.0,0.0,60.0,60.0,0,0,0,0.0,-74.28
1969,143052.37,753.06,78.75,68,-48.0,53.89,0.55,14.02,1,2,0,0,129,39,0,0,1,0,145552.46,109.98,0,225.28,61.06,44.14,0.0,2.24,0.0,0.0,60.0,60.0,0,0,0,0.0,-73.62
1970,136787.48,337.06,78.75,68,-48.0,52.49,0.52,14.12,0,2,4,0,174,165,0,0,0,2,136787.48,109.98,0,239.62,60.99,44.14,0.0,2.22,0.0,0.0,60.0,60.0,0,0,0,0.0,-73.3
1971,149327.02,249.84,78.75,68,-48.0,67.01,0.88,13.82,0,2,0,0,167,166,0,0,0,2,151827.12,109.97,0,229.38,52.06,46.48,0.0,2.3,0.0,0.0,60.0,60.0,0,0,0,0.0,-74.28
1972,171886.48,130.06,78.75,67,-48.0,70.29,1.0,13.82,0,0,0,0,87,138,0,0,1,2,171915.78,109.97,0,180.22,52.06,46.48,0.0,2.3,0.0,0.0,60.0,60.0,0,0,0,0.0,-74.92
1973,174396.35,786.06,78.75,67,-48.0,71.23,1.03,14.02,1,0,0,0,168,153,0,0,0,0,174425.64,109.97,0,160.77,52.06,46.48,0.0,2.24,0.0,0.0,60.0,60.0,0,0,0,0.0,-74.92
1974,174396.35,1866.09,78.75,68,-48.0,71.7,1.05,14.12,0,2,0,0,162,103,0,0,0,0,174425.64,108.95,0,162.82,52.06,46.48,0.0,2.22,0.0,0.0,60.0,60.0,0,0,0,0.0,-74.92
1975,174396.35,1322.12,78.75,68,-48.0,71.7,1.08,13.92,0,0,0,0,29,29,0,0,0,0,174425.64,108.95,0,166.91,52.06,46.48,0.0,2.27,0.0,0.0,60.0,60.0,0,0,0,0.0,-74.92
1976,193210.54,186.47,78.75,68,-48.0,76.85,1.29,13.82,0,2,4,0,13,18,0,0,0,0,189479.93,108.94,0,165.89,52.06,46.48,0.0,2.3,0.0,0.0,60.0,60.0,0,0,0,0.0,-75.25
1977,189450.63,2.44,78.75,68,-48.0,79.2,1.35,14.02,0,0,4,0,90,29,0,0,1,2,196950.92,108.94,0,161.79,52.06,46.48,0.0,2.24,0.0,0.0,60.0,60.0,0,0,0,0.0,-75.58
1978,185685.84,66.47,78.75,68,-48.0,80.6,1.44,14.02,0,2,0,0,122,132,0,0,0,2,193186.13,107.92,0,195.58,52.06,46.48,0.0,2.24,0.0,0.0,60.0,60.0,0,0,0,0.0,-75.58
1979,170670.62,1010.44,78.75,67,-48.0,82.95,1.54,14.02,0,2,4,0,158,26,0,0,0,0,175670.81,107.92,0,218.11,52.06,46.48,0.0,2.24,0.0,0.0,60.0,60.0,0,0,0,0.0,-75.58
1980,169415.68,1826.44,78.75,67,-48.0,83.88,1.63,13.82,1,2,4,0,154,37,0,0,1,2,185666.31,107.92,0,219.14,52.06,46.48,0.0,2.3,0.0,0.0,60.0,60.0,0,0,0,0.0,-75.58
1981,165650.89,1386.44,78.75,67,-48.0,83.88,1.66,14.02,1,0,0,0,14,132,0,0,0,2,180651.47,107.92,0,225.28,52.06,46.48,0.0,2.24,0.0,0.0,60.0,60.0,0,0,0,0.0,-75.25
1982,160631.17,306.41,78.75,67,-48.0,84.35,1.7,13.82,1,0,4,0,83,27,0,0,0,0,170631.55,106.89,0,227.33,52.06,46.48,0.0,2.3,0.0,0.0,60.0,60.0,0,0,0,0.0,-75.58
1983,163141.03,82.47,78.0,66,-48.0,85.29,1.78,13.92,0,0,0,0,146,108,0,0,1,0,173141.41,106.89,0,228.35,52.06,46.48,0.0,2.27,0.0,0.0,60.0,60.0,0,0,0,0.0,-75.58
1984,165650.89,1154.47,78.0,66,-48.0,86.23,1.83,14.02,0,0,0,0,36,21,0,0,0,2,175651.28,106.89,0,231.42,52.06,46.48,0.0,2.24,0.0,0.0,60.0,60.0,0,0,0,0.0,-75.58
1985,170670.62,626.5,78.0,66,-48.0,87.16,1.91,14.02,0,2,4,0,64,56,0,0,1,2,180671.0,106.89,0,232.45,52.06,46.48,0.0,2.24,0.0,0.0,60.0,60.0,0,0,0,0.0,-75.58
1986,171925.55,250.5,78.0,66,-48.0,88.1,1.95,13.82,0,2,4,0,157,51,0,0,1,0,181925.93,106.89,0,233.47,52.06,46.48,0.0,2.3,0.0,0.0,60.0,60.0,0,0,0,0.0,-75.9
1987,175690.34,794.59,78.0,66,-48.0,89.51,2.1,13.92,1,0,4,0,180,157,0,0,0,0,175690.34,105.86,0,234.5,51.67,46.48,0.0,2.27,0.0,0.0,60.0,60.0,0,0,0,0.0,-76.55
1988,176945.27,2010.47,78.0,66,-48.0,88.57,2.03,14.02,1,2,0,0,182,177,0,0,1,0,188195.7,105.86,0,236.54,51.67,46.48,0.0,2.24,0.0,0.0,60.0,60.0,0,0,0,0.0,-76.22
1989,158121.31,1505.91,78.0,66,-48.0,82.48,1.57,14.02,0,0,4,0,172,174,0,0,1,2,158121.31,105.86,0,241.66,51.67,46.48,0.0,2.24,0.0,0.0,60.0,60.0,0,0,0,0.0,-74.92
1990,141807.2,1513.69,78.0,66,-48.0,78.26,1.37,13.92,1,0,0,0,178,174,0,0,0,0,141807.2,105.86,0,246.78,51.67,46.48,0.0,2.27,0.0,0.0,60.0,60.0,0,0,0,0.0,-74.28
1991,131767.76,585.75,78.0,66,-48.0,76.39,1.25,14.02,0,2,4,0,178,176,0,0,0,0,131767.76,104.84,0,240.64,51.67,46.48,0.0,2.24,0.0,0.0,60.0,60.0,0,0,0,0.0,-74.28
1992,141807.2,241.84,78.0,66,-48.0,74.51,1.17,14.02,1,0,4,0,169,172,0,0,0,0,141807.2,104.84,0,232.45,51.67,46.48,0.0,2.24,0.0,0.0,60.0,60.0,0,0,0,0.0,-74.6
1993,156822.43,1105.88,78.0,66,-48.0,73.11,1.12,14.02,1,2,0,0,164,167,0,0,0,2,149366.09,104.84,0,229.38,51.67,46.48,0.0,2.24,0.0,0.0,60.0,60.0,0,0,0,0.0,-74.6
1994,154312.57,1041.84,78.0,66,-48.0,72.64,1.12,13.82,0,0,0,0,152,154,0,0,1,0,146856.23,104.83,0,230.4,51.67,46.48,0.0,2.3,0.0,0.0,60.0,60.0,0,0,0,0.0,-74.28
1995,161842.15,698.19,78.0,66,-48.0,78.26,1.33,14.12,1,0,0,0,26,82,0,0,0,0,154385.81,104.83,0,228.35,51.67,46.48,0.0,2.22,0.0,0.0,60.0,60.0,0,0,0,0.0,-74.92
1996,175646.39,1090.19,78.0,66,-48.0,76.39,1.23,14.02,0,0,0,0,17,21,0,0,0,0,173146.3,103.81,0,193.54,51.67,46.48,0.0,2.24,0.0,0.0,60.0,60.0,0,0,0,0.0,-74.92
1997,178156.26,706.19,78.0,66,-48.0,74.51,1.18,14.02,0,2,4,0,13,24,0,0,0,0,174406.11,103.81,0,188.42,51.67,46.48,0.0,2.24,0.0,0.0,60.0,60.0,0,0,0,0.0,-74.92
1998,178156.26,170.16,78.0,66,-48.0,74.51,1.18,13.92,1,2,4,0,13,49,0,0,0,0,174406.11,103.8,0,189.44,51.67,46.48,0.0,2.27,0.0,0.0,60.0,60.0,0,0,0,0.0,-74.92
1999,178156.26,1666.16,78.0,66,-48.0,74.98,1.18,14.02,0,0,0,0,19,28,0,0,0,0,174406.11,103.8,0,190.46,51.67,46.48,0.0,2.24,0.0,0.0,60.0,60.0,0,0,0,0.0,-74.92
2000,176896.44,1842.16,78.0,66,-48.0,74.98,1.19,14.02,1,2,0,0,129,25,0,0,0,0,173151.18,102.78,0,191.49,51.67,46.48,0.0,2.24,0.0,0.0,60.0,60.0,0,0,0,0.0,-75.25
2001,175646.39,1458.19,78.0,66,-48.0,75.92,1.21,13.92,0,0,4,0,163,72,0,0,1,2,171896.25,102.78,0,192.51,51.69,46.48,0.0,2.27,0.0,0.0,60.0,60.0,0,0,0,0.0,-74.92
2002,176901.32,386.22,78.0,66,-48.0,76.39,1.22,14.02,1,0,0,0,162,80,0,0,0,0,173151.18,102.78,0,193.54,51.72,46.48,0.0,2.24,0.0,0.0,60.0,60.0,0,0,0,0.0,-74.92
2003,178156.26,74.25,78.0,66,-48.0,76.85,1.26,14.12,1,2,0,0,33,41,0,0,0,0,185656.54,102.78,0,193.54,51.74,46.48,0.0,2.22,0.0,0.0,60.0,60.0,0,0,0,0.0,-75.25
2004,176901.32,130.28,78.0,66,-48.0,77.79,1.29,13.92,1,0,0,0,89,118,0,0,0,0,185651.66,101.75,0,192.51,51.78,46.48,0.0,2.27,0.0,0.0,60.0,60.0,0,0,0,0.0,-75.25
2005,175646.39,386.28,78.0,66,-48.0,77.32,1.3,13.92,1,0,4,0,161,61,0,0,1,2,183146.68,101.75,0,194.56,51.81,46.48,0.0,2.27,0.0,0.0,60.0,60.0,0,0,0,0.0,-75.25
2006,180666.12,970.44,78.0,66,-48.0,79.67,1.4,14.12,0,0,4,0,163,47,0,0,1,0,188166.4,101.75,0,194.56,51.84,46.48,0.0,2.22,0.0,0.0,60.0,60.0,0,0,0,0.0,-75.58
2007,190661.62,98.41,78.0,66,-48.0,79.67,1.4,14.02,0,2,4,0,149,160,0,0,1,0,186911.47,101.75,0,193.54,51.84,46.48,0.0,2.24,0.0,0.0,60.0,60.0,0,0,0,0.0,-75.25
2008,179367.24,730.09,78.0,66,-48.0,74.98,1.2,14.12,1,0,4,0,102,154,0,0,1,0,176867.14,101.75,0,199.68,51.81,46.48,0.0,2.22,0.0,0.0,60.0,60.0,0,0,0,0.0,-74.92
2009,181877.1,1426.12,78.0,65,-48.0,75.45,1.2,13.92,0,2,4,0,160,121,0,0,1,0,178126.96,100.72,0,204.8,51.78,46.48,0.0,2.27,0.0,0.0,60.0,60.0,0,0,0,0.0,-74.92
2010,168107.04,1921.97,78.0,65,-48.0,73.11,1.11,14.02,1,0,0,0,165,127,0,0,0,2,164400.84,100.72,0,206.85,51.76,46.48,0.0,2.24,0.0,0.0,60.0,60.0,0,0,0,0.0,-74.6
2011,168107.04,1978.0,78.0,65,-48.0,72.64,1.1,14.12,1,2,4,0,92,166,0,0,0,2,164400.84,100.72,0,210.94,51.76,46.48,0.0,2.22,0.0,0.0,60.0,60.0,0,0,0,0.0,-74.6
2012,148057.44,601.5,78.0,65,-48.0,63.73,0.79,14.12,0,0,0,0,168,171,0,0,0,0,144317.07,100.72,0,221.18,51.71,46.48,0.0,2.22,0.0,0.0,60.0,60.0,0,0,0,0.0,-73.95
2013,145562.23,1025.5,78.0,65,-48.0,63.73,0.78,13.92,0,2,4,0,167,168,0,0,1,0,148062.33,99.7,0,227.33,51.69,46.48,0.0,2.27,0.0,0.0,60.0,60.0,0,0,0,0.0,-73.95
2014,148072.09,201.53,78.0,65,-48.0,62.8,0.77,14.02,1,2,0,0,163,160,0,0,0,2,150572.19,99.7,0,235.52,51.69,46.48,0.0,2.24,0.0,0.0,60.0,60.0,0,0,0,0.0,-73.95
2015,149327.02,1137.56,78.0,65,-48.0,62.8,0.75,14.02,1,2,0,0,134,144,0,0,0,2,151827.12,99.7,0,244.74,51.69,46.48,0.0,2.24,0.0,0.0,60.0,60.0,0,0,0,0.0,-73.95
2016,149327.02,1633.56,78.0,66,-48.0,62.33,0.76,13.92,1,2,4,0,19,141,0,0,0,2,151827.12,99.69,0,246.78,51.69,46.48,0.0,2.27,0.0,0.0,60.0,60.0,0,0,0,0.0,-73.95
2017,153096.7,705.81,78.0,66,-48.0,66.08,0.88,13.92,1,0,0,0,17,151,0,0,0,0,155596.8,99.69,0,244.74,51.71,46.48,0.0,2.27,0.0,0.0,60.0,60.0,0,0,0,0.0,-74.28
2018,165616.71,217.88,78.75,66,-48.0,68.89,0.93,14.12,1,2,4,0,27,115,0,0,1,0,166896.06,98.67,0,243.71,51.73,46.48,0.0,2.22,0.0,0.0,60.0,60.0,0,0,0,0.0,-74.6
2019,165616.71,225.88,78.75,66,-48.0,68.89,0.92,14.12,0,2,4,0,162,59,0,0,1,0,166896.06,98.67,0,246.78,51.73,46.48,0.0,2.22,0.0,0.0,60.0,60.0,0,0,0,0.0,-74.6
2020,166915.59,1345.91,78.75,66,-48.0,68.42,0.92,13.92,0,2,0,0,167,95,0,0,0,2,168150.99,98.66,0,249.86,51.72,46.48,0.0,2.27,0.0,0.0,60.0,60.0,0,0,0,0.0,-74.6
2021,168170.52,1665.91,78.75,66,-48.0,67.95,0.92,14.02,0,0,0,0,152,153,0,0,0,2,169405.92,98.66,0,254.98,51.72,46.48,0.0,2.24,0.0,0.0,60.0,60.0,0,0,0,0.0,-74.6
2022,166920.47,217.94,78.75,66,-48.0,67.48,0.91,14.02,1,0,4,0,22,108,0,0,0,2,168150.99,97.64,0,259.07,51.73,46.48,0.0,2.24,0.0,0.0,60.0,60.0,0,0,0,0.0,-74.6
2023,179420.95,681.94,78.75,66,-48.0,67.48,0.92,14.12,1,0,0,0,106,48,0,0,0,2,169405.92,97.64,0,260.1,51.73,46.48,0.0,2.22,0.0,0.0,60.0,60.0,0,0,0,0.0,-74.6
2024,179420.95,1825.94,78.75,66,-48.0,67.01,0.92,13.92,0,2,0,0,161,88,0,0,0,2,169405.92,97.64,0,260.1,51.73,46.48,0.0,2.27,0.0,0.0,60.0,60.0,0,0,0,0.0,-74.6
2025,180675.88,1953.97,78.75,66,-48.0,68.42,0.95,14.12,0,0,0,0,160,142,0,0,1,2,181911.28,97.64,0,261.12,51.74,46.48,0.0,2.22,0.0,0.0,60.0,60.0,0,0,0,0.0,-74.6
2026,180675.88,978.0,78.75,66,-48.0,68.42,0.96,14.12,1,2,4,0,102,77,0,0,1,2,181911.28,97.64,0,261.12,51.74,46.48,0.0,2.22,0.0,0.0,60.0,60.0,0,0,0,0.0,-74.6
2027,179420.95,842.0,78.75,66,-48.0,69.36,0.95,13.92,0,0,0,0,21,65,0,0,0,2,180656.35,96.61,0,261.12,51.74,46.48,0.0,2.27,0.0,0.0,60.0,60.0,0,0,0,0.0,-74.6
2028,174401.23,721.75,78.75,66,-48.0,64.67,0.84,14.02,0,0,0,0,137,147,0,0,0,0,175636.63,96.61,0,261.12,51.73,46.48,0.0,2.24,0.0,0.0,60.0,60.0,0,0,0,0.0,-74.6
2029,153067.4,1897.34,78.75,66,-48.0,58.11,0.65,14.02,1,0,4,0,175,164,0,0,1,0,154312.57,96.61,0,261.12,51.7,46.48,0.0,2.24,0.0,0.0,60.0,60.0,0,0,0,0.0,-73.95
2030,153067.4,369.38,78.75,66,-48.0,59.52,0.67,13.92,0,0,0,0,165,154,0,0,1,0,154312.57,96.61,0,261.12,0.02,50.0,0.0,2.27,0.0,0.0,60.0,60.0,0,0,0,0.0,-73.62
2031,151817.35,489.34,78.75,66,-48.0,59.52,0.66,13.92,0,2,0,0,160,145,0,0,1,0,154312.57,95.58,0,261.12,0.03,50.0,0.0,2.27,0.0,0.0,60.0,60.0,0,0,0,0.0,-73.62
2032,140537.62,240.97,78.75,66,-48.0,51.08,0.48,14.12,1,0,4,0,162,162,0,0,0,2,141787.67,95.58,0,261.12,0.04,50.0,0.0,2.22,0.0,0.0,60.0,60.0,0,0,0,0.0,-73.3
2033,126748.03,416.78,78.75,66,-48.0,45.93,0.38,14.12,0,0,0,0,165,174,0,0,0,2,126748.03,95.58,0,261.12,0.03,50.0,0.0,2.22,0.0,0.0,60.0,60.0,0,0,0,0.0,-72.97
2034,125493.1,1248.78,79.5,66,-48.0,45.93,0.39,14.02,0,2,0,0,156,171,0,0,0,2,125493.1,95.58,0,261.12,0.04,50.0,0.0,2.24,0.0,0.0,60.0,60.0,0,0,0,0.0,-72.97
2035,125493.1,896.78,79.5,66,-48.0,45.93,0.38,14.12,0,2,0,0,155,170,0,0,0,2,125493.1,96.6,0,261.12,20.0,44.92,0.0,2.22,0.0,0.0,60.0,60.0,0,0,0,0.0,-72.97
2036,126748.03,1448.84,79.5,66,-48.0,46.86,0.41,14.12,0,2,0,0,97,167,0,0,0,2,126748.03,96.6,0,261.12,20.01,44.92,0.0,2.22,0.0,0.0,60.0,60.0,0,0,0,0.0,-72.97
2037,139297.34,1545.25,79.5,66,-48.0,57.17,0.61,13.92,0,2,0,0,44,162,0,0,1,2,139297.34,96.6,0,261.12,20.05,44.92,0.0,2.27,0.0,0.0,60.0,60.0,0,0,0,0.0,-73.62
2038,140552.27,1481.25,79.5,66,-48.0,56.7,0.61,14.12,1,2,0,0,166,168,0,0,0,0,140552.27,96.6,0,261.12,20.07,44.92,0.0,2.22,0.0,0.0,60.0,60.0,0,0,0,0.0,-73.62
2039,140552.27,1697.25,79.5,66,-48.0,57.64,0.62,14.12,1,0,0,0,158,160,0,0,0,0,140552.27,96.6,0,261.12,47.09,40.62,0.0,2.22,0.0,0.0,60.0,60.0,0,0,0,0.0,-73.62
2040,140552.27,1633.25,79.5,66,-48.0,57.17,0.61,14.12,0,2,0,0,33,133,0,0,0,0,140552.27,95.58,0,261.12,47.1,40.62,0.0,2.22,0.0,0.0,60.0,60.0,0,0,0,0.0,-73.62
2041,140552.27,209.28,79.5,66,-48.0,57.64,0.62,13.92,1,2,4,0,15,72,0,0,0,0,140552.27,95.58,0,261.12,47.12,40.62,0.0,2.27,0.0,0.0,60.0,60.0,0,0,0,0.0,-73.62
2042,140552.27,249.28,79.5,66,-48.0,57.17,0.62,14.02,1,0,4,0,23,56,0,0,0,0,140552.27,95.57,0,261.12,47.13,40.62,0.0,2.24,0.0,0.0,60.0,60.0,0,0,0,0.0,-73.62
2043,135532.55,1976.94,79.5,66,-48.0,49.67,0.46,14.12,0,2,0,0,134,63,0,0,0,2,135532.55,95.57,0,261.12,47.13,40.62,0.0,2.22,0.0,0.0,60.0,60.0,0,0,0,0.0,-73.3
2044,130512.82,1784.94,79.5,66,-48.0,49.21,0.45,14.12,0,2,4,0,167,158,0,0,0,0,130512.82,94.55,0,261.12,47.11,40.62,0.0,2.22,0.0,0.0,60.0,60.0,0,0,0,0.0,-73.3
2045,130512.82,1416.91,80.25,66,-48.0,49.67,0.44,13.92,0,0,4,0,163,155,0,0,0,0,130512.82,94.55,0,261.12,47.11,40.62,0.0,2.27,0.0,0.0,60.0,60.0,0,0,0,0.0,-72.97
2046,138042.41,369.31,80.25,66,-48.0,58.58,0.64,14.12,1,2,0,0,140,146,0,0,1,2,138042.41,94.54,0,261.12,47.12,40.62,0.0,2.22,0.0,0.0,60.0,60.0,0,0,0,0.0,-73.62
2047,146822.04,2033.56,80.25,66,-48.0,63.26,0.76,14.12,0,2,0,0,163,162,0,0,0,2,149322.14,94.54,0,261.12,47.18,40.62,0.0,2.22,0.0,0.0,60.0,60.0,0,0,0,0.0,-73.95
2048,148076.98,1465.62,80.25,66,-48.0,63.26,0.79,13.92,1,2,0,0,153,173,0,0,0,2,150577.07,93.52,0,261.12,47.18,40.62,0.0,2.27,0.0,0.0,60.0,60.0,0,0,0,0.0,-73.95
2049,148076.98,769.66,80.25,67,-48.0,63.73,0.8,14.02,1,0,0,0,31,169,0,0,0,2,150577.07,93.52,0,261.12,47.18,40.62,0.0,2.24,0.0,0.0,60.0,60.0,0,0,0,0.0,-73.95
2050,149331.91,1865.66,80.25,67,-48.0,64.67,0.8,14.02,1,2,0,0,16,158,0,0,1,2,151832.0,93.52,0,261.12,47.18,40.62,0.0,2.24,0.0,0.0,60.0,60.0,0,0,0,0.0,-74.28
2051,148081.86,1001.66,80.25,67,-48.0,64.67,0.82,14.12,1,0,4,0,64,146,0,0,1,2,150581.95,93.52,0,261.12,47.18,40.62,0.0,2.22,0.0,0.0,60.0,60.0,0,0,0,0.0,-74.28
2052,148081.86,1577.66,80.25,67,-48.0,64.67,0.82,13.92,0,0,4,0,147,152,0,0,1,2,150581.95,93.52,0,261.12,47.18,40.62,0.0,2.27,0.0,0.0,60.0,60.0,0,0,0,0.0,-74.28
2053,149336.79,1113.69,80.25,67,-48.0,65.61,0.84,13.92,1,0,4,0,161,151,0,0,1,2,151836.89,92.49,0,261.12,47.18,40.62,0.0,2.27,0.0,0.0,60.0,60.0,0,0,0,0.0,-74.28
2054,148081.86,2033.66,80.25,67,-48.0,64.67,0.82,14.12,1,2,0,0,154,113,0,0,1,2,150581.95,92.49,0,261.12,47.18,40.62,0.0,2.22,0.0,0.0,60.0,60.0,0,0,0,0.0,-74.28
2055,154312.57,1593.16,80.25,67,-48.0,55.77,0.58,14.12,1,2,4,0,39,111,0,0,1,0,145562.23,92.49,0,261.12,47.18,40.62,0.0,2.22,0.0,0.0,60.0,60.0,0,0,0,0.0,-73.62
2056,133022.69,768.97,80.25,67,-48.0,52.02,0.49,13.92,1,2,4,0,161,166,0,0,1,0,133022.69,92.49,0,261.12,47.13,40.62,0.0,2.27,0.0,0.0,60.0,60.0,0,0,0,0.0,-73.3
2057,131767.76,600.97,80.25,67,-48.0,51.55,0.48,13.92,1,2,0,0,74,160,0,0,0,0,131767.76,91.46,0,261.12,47.14,40.62,0.0,2.27,0.0,0.0,60.0,60.0,0,0,0,0.0,-73.3
2058,131767.76,0.94,80.25,67,-48.0,51.08,0.48,14.12,0,0,0,0,37,150,0,0,0,0,131767.76,91.46,0,261.12,47.14,40.62,0.0,2.22,0.0,0.0,60.0,60.0,0,0,0,0.0,-73.3
2059,131767.76,1424.94,80.25,67,-48.0,50.61,0.47,14.12,0,0,4,0,155,150,0,0,0,0,131767.76,91.46,0,261.12,47.15,40.62,0.0,2.22,0.0,0.0,60.0,60.0,0,0,0,0.0,-73.3
2060,131767.76,1304.94,80.25,67,-48.0,50.14,0.47,14.02,1,0,4,0,159,154,0,0,0,0,131767.76,91.46,0,261.12,47.15,40.62,0.0,2.24,0.0,0.0,60.0,60.0,0,0,0,0.0,-73.3
2061,131767.76,1000.94,80.25,67,-48.0,50.14,0.47,13.92,0,0,0,0,154,154,0,0,0,0,131767.76,91.46,0,261.12,47.15,40.62,0.0,2.27,0.0,0.0,60.0,60.0,0,0,0,0.0,-72.97
2062,131767.76,2024.97,80.25,67,-48.0,50.61,0.48,14.02,1,0,4,0,43,149,0,0,0,0,131767.76,90.44,0,261.12,47.15,40.62,0.0,2.24,0.0,0.0,60.0,60.0,0,0,0,0.0,-73.3
2063,131767.76,1976.97,80.25,67,-48.0,50.14,0.48,14.12,1,0,4,0,34,147,0,0,0,0,131767.76,90.44,0,261.12,47.16,40.62,0.0,2.22,0.0,0.0,60.0,60.0,0,0,0,0.0,-73.3
2064,131767.76,1480.94,80.25,67,-48.0,50.14,0.47,14.02,1,0,4,0,149,152,0,0,0,0,131767.76,90.43,0,261.12,47.17,40.62,0.0,2.24,0.0,0.0,60.0,60.0,0,0,0,0.0,-73.3
2065,131767.76,1432.97,80.25,67,-48.0,50.61,0.47,13.92,0,0,4,0,158,152,0,0,0,0,131767.76,90.43,0,261.12,47.18,40.62,0.0,2.27,0.0,0.0,60.0,60.0,0,0,0,0.0,-73.3
2066,131767.76,216.97,80.25,67,-48.0,51.08,0.48,14.02,0,2,4,0,156,146,0,0,0,0,131767.76,89.41,0,261.12,47.18,40.62,0.0,2.24,0.0,0.0,60.0,60.0,0,0,0,0.0,-73.3
2067,131767.76,1376.94,80.25,67,-48.0,51.08,0.47,14.12,1,2,0,0,114,145,0,0,0,0,131767.76,89.41,0,261.12,47.19,40.62,0.0,2.22,0.0,0.0,60.0,60.0,0,0,0,0.0,-72.97
2068,131767.76,1696.94,80.25,67,-48.0,50.61,0.47,14.02,0,2,4,0,21,150,0,0,0,0,131767.76,89.41,0,261.12,47.2,40.62,0.0,2.24,0.0,0.0,60.0,60.0,0,0,0,0.0,-73.3
2069,131767.76,1224.94,80.25,67,-48.0,50.61,0.47,13.92,1,2,4,0,28,151,0,0,0,0,131767.76,89.41,0,261.12,47.21,40.62,0.0,2.27,0.0,0.0,60.0,60.0,0,0,0,0.0,-73.3
2070,131767.76,1184.94,80.25,67,-48.0,50.14,0.47,14.02,1,2,0,0,133,147,0,0,0,0,131767.76,89.41,0,261.12,47.22,40.62,0.0,2.24,0.0,0.0,60.0,60.0,0,0,0,0.0,-73.3
2071,131767.76,1496.94,80.25,67,-48.0,50.14,0.46,14.02,0,2,4,0,160,143,0,0,0,0,131767.76,90.43,0,261.12,47.22,40.62,0.0,2.24,0.0,0.0,60.0,60.0,0,0,0,0.0,-73.3
2072,131767.76,160.94,80.25,67,-48.0,51.08,0.47,14.02,1,0,4,0,164,148,0,0,0,0,131767.76,90.43,0,261.12,47.23,40.62,0.0,2.24,0.0,0.0,60.0,60.0,0,0,0,0.0,-73.3
2073,131767.76,1864.97,80.25,67,-48.0,50.61,0.47,13.92,0,2,0,0,148,154,0,0,0,0,131767.76,90.44,0,261.12,47.24,40.62,0.0,2.27,0.0,0.0,60.0,60.0,0,0,0,0.0,-73.3
2074,131767.76,1504.94,80.25,67,-48.0,50.61,0.47,14.12,0,2,4,0,56,152,0,0,0,0,131767.76,90.44,0,261.12,47.24,40.62,0.0,2.22,0.0,0.0,60.0,60.0,0,0,0,0.0,-73.3
2075,131767.76,1920.97,80.25,67,-48.0,50.61,0.48,14.02,1,0,4,0,30,144,0,0,0,0,131767.76,90.44,0,261.12,47.25,40.62,0.0,2.24,0.0,0.0,60.0,60.0,0,0,0,0.0,-73.3
2076,131767.76,1528.94,80.25,68,-48.0,50.61,0.47,13.92,0,0,4,0,151,143,0,0,0,0,131767.76,90.44,0,261.12,47.24,40.62,0.0,2.27,0.0,0.0,60.0,60.0,0,0,0,0.0,-73.3
2077,131767.76,1928.97,80.25,68,-48.0,51.08,0.48,14.02,1,2,4,0,162,149,0,0,0,0,131767.76,90.43,0,261.12,47.24,40.62,0.0,2.24,0.0,0.0,60.0,60.0,0,0,0,0.0,-73.3
2078,131767.76,1144.94,80.25,68,-48.0,50.61,0.46,14.02,1,2,0,0,157,153,0,0,0,0,131767.76,90.43,0,261.12,47.24,40.62,0.0,2.24,0.0,0.0,60.0,60.0,0,0,0,0.0,-73.3
2079,131767.76,464.97,80.25,68,-48.0,50.61,0.48,14.02,1,0,4,0,63,148,0,0,0,0,131767.76,90.43,0,261.12,47.25,40.62,0.0,2.24,0.0,0.0,60.0,60.0,0,0,0,0.0,-73.3
2080,133022.69,1032.97,80.25,68,-48.0,51.55,0.49,13.92,0,0,4,0,35,143,0,0,1,0,133022.69,90.43,0,261.12,82.87,46.88,0.0,2.27,0.0,0.0,60.0,60.0,0,0,0,0.0,-73.3
2081,133022.69,992.94,80.25,68,-48.0,51.08,0.47,14.02,1,0,0,0,156,147,0,0,1,0,133022.69,90.43,0,261.12,82.87,46.88,0.0,2.24,0.0,0.0,60.0,60.0,0,0,0,0.0,-73.3
2082,133022.69,1720.97,80.25,68,-48.0,51.55,0.48,14.02,1,0,0,0,159,152,0,0,1,0,133022.69,90.43,0,261.12,82.87,46.88,0.0,2.24,0.0,0.0,60.0,60.0,0,0,0,0.0,-73.3
2083,133022.69,2009.0,80.25,68,-48.0,51.08,0.49,14.02,1,0,0,0,152,150,0,0,1,0,133022.69,90.43,0,261.12,82.87,46.88,0.0,2.24,0.0,0.0,60.0,60.0,0,0,0,0.0,-73.3
2084,133022.69,449.0,80.25,68,-48.0,51.55,0.49,13.92,1,2,4,0,50,141,0,0,1,0,133022.69,90.43,0,261.12,82.87,46.88,0.0,2.27,0.0,0.0,60.0,60.0,0,0,0,0.0,-73.3
2085,133022.69,216.97,80.25,68,-48.0,51.55,0.48,14.12,0,2,4,0,30,142,0,0,1,0,133022.69,90.43,0,261.12,82.87,46.88,0.0,2.22,0.0,0.0,60.0,60.0,0,0,0,0.0,-73.3
2086,133022.69,825.0,80.25,68,-48.0,51.55,0.49,14.02,0,2,0,0,150,149,0,0,1,0,133022.69,90.43,0,261.12,82.87,46.88,0.0,2.24,0.0,0.0,60.0,60.0,0,0,0,0.0,-73.3
2087,133022.69,1193.0,80.25,68,-48.0,51.55,0.49,13.92,1,2,4,0,157,153,0,0,1,0,133022.69,90.43,0,261.12,82.87,46.88,0.0,2.27,0.0,0.0,60.0,60.0,0,0,0,0.0,-73.3
2088,133022.69,912.97,80.25,68,-48.0,52.02,0.48,14.02,0,0,4,0,153,149,0,0,1,0,133022.69,89.4,0,261.12,82.87,46.88,0.0,2.24,0.0,0.0,60.0,60.0,0,0,0,0.0,-73.3
2089,133022.69,1169.0,80.25,68,-48.0,51.55,0.49,14.02,1,0,0,0,47,141,0,0,1,0,133022.69,89.4,0,261.12,82.87,46.88,0.0,2.24,0.0,0.0,60.0,60.0,0,0,0,0.0,-73.3
2090,134277.62,1617.0,80.25,68,-48.0,51.55,0.49,14.02,0,0,0,0,23,145,0,0,1,0,134277.62,89.4,0,261.12,82.87,46.88,0.0,2.24,0.0,0.0,60.0,60.0,0,0,0,0.0,-73.3
2091,134277.62,1537.0,80.25,68,-48.0,52.02,0.5,13.82,0,2,0,0,118,151,0,0,1,0,134277.62,89.4,0,261.12,82.87,46.88,0.0,2.3,0.0,0.0,60.0,60.0,0,0,0,0.0,-73.3
2092,134277.62,1785.03,80.25,68,-48.0,51.55,0.5,14.02,0,2,4,0,160,151,0,0,1,0,134277.62,89.4,0,261.12,82.87,46.88,0.0,2.24,0.0,0.0,60.0,60.0,0,0,0,0.0,-73.3
2093,134277.62,1977.03,80.25,68,-48.0,52.49,0.5,14.02,0,0,4,0,161,143,0,0,1,0,134277.62,88.38,0,261.12,82.88,46.88,0.0,2.24,0.0,0.0,60.0,60.0,0,0,0,0.0,-73.3
2094,134277.62,585.03,80.25,68,-48.0,52.02,0.5,14.02,0,2,4,0,149,143,0,0,1,0,134277.62,88.38,0,261.12,82.88,46.88,0.0,2.24,0.0,0.0,60.0,60.0,0,0,0,0.0,-73.3
2095,133022.69,889.0,80.25,68,-48.0,51.55,0.49,13.92,0,2,4,0,62,151,0,0,1,0,133022.69,88.38,0,261.12,82.87,46.88,0.0,2.27,0.0,0.0,60.0,60.0,0,0,0,0.0,-73.3
2096,130512.82,408.88,80.25,68,-48.0,48.74,0.44,13.92,1,2,0,0,30,153,0,0,0,0,130512.82,88.38,0,261.12,82.86,46.88,0.0,2.27,0.0,0.0,60.0,60.0,0,0,0,0.0,-73.3
2097,128002.96,1528.81,80.25,68,-48.0,47.8,0.41,14.02,1,2,0,0,164,155,0,0,1,2,128002.96,89.4,0,261.12,82.85,46.88,0.0,2.24,0.0,0.0,60.0,60.0,0,0,0,0.0,-72.97
2098,126748.03,928.81,80.25,68,-48.0,46.39,0.4,14.02,0,0,4,0,167,153,0,0,0,2,126748.03,89.4,0,261.12,82.82,46.88,0.0,2.24,0.0,0.0,60.0,60.0,0,0,0,0.0,-72.97
2099,126748.03,376.81,80.25,68,-48.0,46.39,0.39,13.92,1,0,0,0,163,147,0,0,0,2,126748.03,89.4,0,261.12,82.82,46.88,0.0,2.27,0.0,0.0,60.0,60.0,0,0,0,0.0,-72.97
2100,126748.03,2032.81,80.25,68,-48.0,46.86,0.39,13.92,0,0,4,0,153,146,0,0,0,2,126748.03,89.4,0,261.12,82.81,46.88,0.0,2.27,0.0,0.0,60.0,60.0,0,0,0,0.0,-72.97
2101,126748.03,112.81,80.25,68,-48.0,46.39,0.39,14.12,1,0,0,0,130,148,0,0,0,2,126748.03,89.4,0,261.12,82.81,46.88,0.0,2.22,0.0,0.0,60.0,60.0,0,0,0,0.0,-72.97
2102,126748.03,472.81,80.25,68,-48.0,46.86,0.4,14.02,1,2,4,0,39,152,0,0,0,2,126748.03,90.43,0,261.12,82.82,46.88,0.0,2.24,0.0,0.0,60.0,60.0,0,0,0,0.0,-72.97
2103,126748.03,232.81,80.25,68,-48.0,46.39,0.4,13.92,1,0,4,0,37,151,0,0,0,2,126748.03,90.43,0,261.12,82.82,46.88,0.0,2.27,0.0,0.0,60.0,60.0,0,0,0,0.0,-72.97
2104,126748.03,8.78,80.25,68,-48.0,46.39,0.39,13.92,1,2,0,0,148,148,0,0,0,2,126748.03,90.43,0,261.12,82.82,46.88,0.0,2.27,0.0,0.0,60.0,60.0,0,0,0,0.0,-72.97
2105,126748.03,128.81,80.25,68,-48.0,45.93,0.39,14.12,1,2,4,0,159,143,0,0,0,2,126748.03,90.43,0,261.12,82.81,46.88,0.0,2.22,0.0,0.0,60.0,60.0,0,0,0,0.0,-72.97
2106,126748.03,744.81,80.25,68,-48.0,46.86,0.4,14.02,0,0,0,0,159,144,0,0,0,2,126748.03,91.46,0,261.12,82.82,46.88,0.0,2.24,0.0,0.0,60.0,60.0,0,0,0,0.0,-72.97
2107,128002.96,688.81,79.5,68,-48.0,46.39,0.39,14.02,0,2,0,0,139,151,0,0,1,2,128002.96,91.46,0,261.12,82.82,46.88,0.0,2.24,0.0,0.0,60.0,60.0,0,0,0,0.0,-72.97
2108,128002.96,192.81,79.5,68,-48.0,46.86,0.39,13.92,0,0,4,0,32,153,0,0,1,2,128002.96,91.46,0,261.12,82.82,46.88,0.0,2.27,0.0,0.0,60.0,60.0,0,0,0,0.0,-72.97
2109,128002.96,2032.81,79.5,68,-48.0,46.86,0.39,14.02,0,2,4,0,21,149,0,0,1,2,128002.96,91.46,0,261.12,82.82,46.88,0.0,2.24,0.0,0.0,60.0,60.0,0,0,0,0.0,-72.97
2110,128002.96,584.81,79.5,68,-48.0,46.86,0.39,14.12,1,0,4,0,66,141,0,0,1,2,128002.96,91.46,0,261.12,82.82,46.88,0.0,2.22,0.0,0.0,60.0,60.0,0,0,0,0.0,-72.97
2111,129257.89,1800.84,79.5,68,-48.0,46.86,0.41,14.02,0,2,4,0,159,143,0,0,1,2,129257.89,92.48,0,261.12,82.82,46.88,0.0,2.24,0.0,0.0,60.0,60.0,0,0,0,0.0,-72.97
2112,134277.62,1857.03,79.5,68,-48.0,51.55,0.49,14.02,1,2,0,0,156,143,0,0,1,0,134277.62,92.48,0,261.12,82.86,46.88,0.0,2.24,0.0,0.0,60.0,60.0,0,0,0,0.0,-73.3
2113,139297.34,961.19,79.5,68,-48.0,55.3,0.57,14.12,0,2,0,0,107,124,0,0,1,2,139297.34,92.48,0,261.12,82.93,46.88,0.0,2.22,0.0,0.0,60.0,60.0,0,0,0,0.0,-73.62
2114,140552.27,129.19,79.5,68,-48.0,55.77,0.58,14.02,1,2,4,0,48,147,0,0,0,0,140552.27,92.48,0,261.12,82.94,46.88,0.0,2.24,0.0,0.0,60.0,60.0,0,0,0,0.0,-73.62
2115,140552.27,201.19,79.5,68,-48.0,55.77,0.58,13.92,0,2,4,0,16,147,0,0,0,0,140552.27,91.46,0,261.12,82.9,46.88,0.0,2.27,0.0,0.0,60.0,60.0,0,0,0,0.0,-73.62
2116,140552.27,1073.22,79.5,68,-48.0,55.77,0.59,14.12,0,0,0,0,25,107,0,0,0,0,140552.27,91.46,0,261.12,82.87,46.88,0.0,2.22,0.0,0.0,60.0,60.0,0,0,0,0.0,-73.62
2117,140552.27,945.22,79.5,68,-48.0,56.24,0.58,14.12,1,2,0,0,112,84,0,0,0,0,140552.27,91.45,0,261.12,82.83,46.88,0.0,2.22,0.0,0.0,60.0,60.0,0,0,0,0.0,-73.62
2118,140552.27,1921.25,79.5,68,-48.0,56.7,0.6,14.12,1,0,4,0,158,106,0,0,0,0,140552.27,91.45,0,261.12,82.79,46.88,0.0,2.22,0.0,0.0,60.0,60.0,0,0,0,0.0,-73.62
2119,141807.2,929.25,79.5,68,-48.0,57.17,0.61,13.92,0,0,0,0,162,151,0,0,0,0,141807.2,90.43,0,261.12,82.73,46.88,0.0,2.27,0.0,0.0,60.0,60.0,0,0,0,0.0,-73.62
2120,140552.27,1785.28,79.5,68,-48.0,57.17,0.62,14.02,1,2,4,0,148,148,0,0,0,0,140552.27,90.43,0,261.12,82.69,46.88,0.0,2.24,0.0,0.0,60.0,60.0,0,0,0,0.0,-73.62
2121,143062.13,1321.28,79.5,68,-48.0,58.11,0.63,14.02,0,2,0,0,23,123,0,0,1,0,143062.13,90.43,0,261.12,82.65,46.88,0.0,2.24,0.0,0.0,60.0,60.0,0,0,0,0.0,-73.62
2122,141807.2,1897.28,79.5,68,-48.0,57.64,0.63,14.02,1,2,0,0,51,133,0,0,0,0,141807.2,90.42,0,261.12,82.6,46.88,0.0,2.24,0.0,0.0,60.0,60.0,0,0,0,0.0,-73.62
2123,143057.25,721.31,79.5,68,-48.0,58.11,0.63,13.92,1,2,4,0,158,149,0,0,0,0,145557.35,90.42,0,261.12,82.59,46.88,0.0,2.27,0.0,0.0,60.0,60.0,0,0,0,0.0,-73.62
2124,143057.25,1449.28,79.5,68,-48.0,57.64,0.62,14.12,0,0,4,0,164,153,0,0,0,0,145557.35,89.4,0,261.12,82.59,46.88,0.0,2.22,0.0,0.0,60.0,60.0,0,0,0,0.0,-73.62
2125,136787.48,1848.41,79.5,68,-48.0,31.4,0.21,14.12,1,2,0,0,172,155,0,0,0,2,136787.48,89.4,0,261.12,82.59,46.88,0.0,2.22,0.0,0.0,60.0,60.0,0,0,0,0.0,-72.65
2126,173180.48,1368.34,79.5,68,-48.0,28.12,0.18,14.12,1,0,4,0,176,168,0,0,1,0,173180.48,89.4,0,261.12,82.59,46.88,0.0,2.22,0.0,0.0,60.0,60.0,0,0,0,0.0,-72.33
2127,200788.96,656.31,79.5,68,-48.0,26.71,0.16,13.92,0,0,0,0,160,165,0,0,0,0,200788.96,89.4,0,261.12,82.59,46.88,0.0,2.27,0.0,0.0,60.0,60.0,0,0,0,0.0,-72.33
2128,199534.03,648.28,79.5,68,-48.0,24.37,0.14,14.12,1,0,4,0,161,160,0,0,1,2,199534.03,90.43,0,261.12,82.59,46.88,0.0,2.22,0.0,0.0,60.0,60.0,0,0,0,0.0,-72.33
2129,199534.03,1696.28,79.5,68,-48.0,23.9,0.14,14.12,0,0,0,0,14,146,0,0,1,2,199534.03,90.43,0,261.12,82.59,46.88,0.0,2.22,0.0,0.0,60.0,60.0,0,0,0,0.0,-72.33
2130,199534.03,1472.28,79.5,68,-48.0,23.9,0.14,14.02,0,2,0,0,0,5,0,0,1,2,199534.03,90.43,0,261.12,82.59,46.88,0.0,2.24,0.0,0.0,60.0,60.0,0,0,0,0.0,-72.33
2131,199534.03,1384.28,79.5,68,-48.0,22.96,0.14,14.02,1,2,4,0,0,0,0,0,1,2,199534.03,90.43,0,261.12,82.59,46.88,0.0,2.24,0.0,0.0,60.0,60.0,0,0,0,0.0,-72.33
2132,199534.03,1320.28,79.5,68,-48.0,23.43,0.14,14.12,1,2,0,0,0,0,0,0,1,2,199534.03,90.43,0,261.12,82.59,46.88,0.0,2.22,0.0,0.0,60.0,60.0,0,0,0,0.0,-72.33
2133,199534.03,1496.31,79.5,68,-48.0,23.9,0.14,14.12,0,0,0,0,0,0,0,0,1,2,199534.03,91.46,0,261.12,82.59,46.88,0.0,2.22,0.0,0.0,60.0,60.0,0,0,0,0.0,-72.33
2134,199534.03,56.31,79.5,68,-48.0,24.37,0.15,13.92,0,0,0,0,0,0,0,0,1,2,199534.03,91.46,0,261.12,82.59,46.88,0.0,2.27,0.0,0.0,60.0,60.0,0,0,0,0.0,-72.33
2135,199534.03,1992.28,79.5,68,-48.0,23.9,0.14,14.12,1,2,0,0,0,0,0,0,1,2,199534.03,91.46,0,261.12,82.59,46.88,0.0,2.22,0.0,0.0,60.0,60.0,0,0,0,0.0,-72.33
2136,200788.96,312.31,79.5,68,-48.0,24.37,0.14,13.92,1,2,4,0,0,0,0,0,0,0,200788.96,91.46,0,261.12,82.59,46.88,0.0,2.27,0.0,0.0,60.0,60.0,0,0,0,0.0,-72.33
2137,199534.03,184.31,79.5,68,-48.0,23.9,0.14,14.02,1,0,4,0,0,0,0,0,1,2,199534.03,92.48,0,261.12,82.59,46.88,0.0,2.24,0.0,0.0,60.0,60.0,0,0,0,0.0,-72.33
2138,199534.03,120.31,79.5,68,-48.0,23.9,0.14,14.12,0,2,4,0,0,0,0,0,1,2,199534.03,92.48,0,261.12,82.59,46.88,0.0,2.22,0.0,0.0,60.0,60.0,0,0,0,0.0,-72.33
2139,200788.96,776.31,79.5,68,-48.0,23.9,0.14,14.12,1,0,4,0,0,0,0,0,0,0,200788.96,92.49,0,261.12,82.59,46.88,0.0,2.22,0.0,0.0,60.0,60.0,0,0,0,0.0,-72.33
2140,200788.96,848.31,79.5,68,-48.0,23.9,0.14,13.82,1,2,0,0,0,0,0,0,0,0,200788.96,92.49,0,261.12,82.59,46.88,0.0,2.3,0.0,0.0,60.0,60.0,0,0,0,0.0,-72.33
2141,202043.89,1064.31,79.5,68,-48.0,24.37,0.14,13.92,0,2,4,0,0,0,0,0,0,0,202043.89,93.51,0,261.12,82.59,46.88,0.0,2.27,0.0,0.0,60.0,60.0,0,0,0,0.0,-72.33
2142,202043.89,1344.31,79.5,68,-48.0,23.43,0.14,14.12,1,2,0,0,0,0,0,0,0,0,202043.89,93.51,0,261.12,82.59,46.88,0.0,2.22,0.0,0.0,60.0,60.0,0,0,0,0.0,-72.33
2143,202043.89,1344.31,79.5,68,-48.0,24.37,0.14,14.12,1,0,4,0,0,0,0,0,0,0,202043.89,93.51,0,261.12,82.59,46.88,0.0,2.22,0.0,0.0,60.0,60.0,0,0,0,0.0,-72.33
2144,202043.89,1800.31,79.5,68,-48.0,23.9,0.14,13.92,1,2,0,0,0,0,0,0,0,0,202043.89,93.52,0,261.12,82.59,46.88,0.0,2.27,0.0,0.0,60.0,60.0,0,0,0,0.0,-72.33
2145,202043.89,1688.31,79.5,68,-48.0,23.9,0.14,13.92,0,2,4,0,0,0,0,0,0,0,202043.89,93.52,0,261.12,82.59,46.88,0.0,2.27,0.0,0.0,60.0,60.0,0,0,0,0.0,-72.33
2146,202043.89,128.34,79.5,68,-48.0,24.84,0.15,14.12,0,0,4,0,0,0,0,0,0,0,202043.89,94.54,0,261.12,82.59,46.88,0.0,2.22,0.0,0.0,60.0,60.0,0,0,0,0.0,-72.33
2147,202043.89,384.34,79.5,68,-48.0,23.43,0.14,14.02,0,0,0,0,0,0,0,0,0,0,202043.89,94.54,0,261.12,82.59,46.88,0.0,2.24,0.0,0.0,60.0,60.0,0,0,0,0.0,-72.33
2148,203298.82,504.34,78.75,69,-48.0,23.9,0.14,14.02,0,0,4,0,0,0,0,0,1,0,203298.82,94.54,0,261.12,82.59,46.88,0.0,2.24,0.0,0.0,60.0,60.0,0,0,0,0.0,-72.33
2149,203298.82,664.34,78.75,69,-48.0,24.37,0.14,13.92,1,2,4,0,0,0,0,0,1,0,203298.82,94.54,0,261.12,82.59,46.88,0.0,2.27,0.0,0.0,60.0,60.0,0,0,0,0.0,-72.33
2150,203298.82,936.34,78.75,69,-48.0,23.43,0.14,14.12,0,2,4,0,0,0,0,0,1,0,203298.82,95.57,0,261.12,82.59,46.88,0.0,2.22,0.0,0.0,60.0,60.0,0,0,0,0.0,-72.33
2151,203298.82,1056.34,78.75,69,-48.0,24.37,0.14,14.12,0,0,4,0,0,0,0,0,1,0,203298.82,95.57,0,261.12,82.59,46.88,0.0,2.22,0.0,0.0,60.0,60.0,0,0,0,0.0,-72.33
2152,203298.82,1560.34,78.75,69,-48.0,23.9,0.14,14.12,1,0,4,0,0,0,0,0,1,0,203298.82,95.57,0,261.12,82.59,46.88,0.0,2.22,0.0,0.0,60.0,60.0,0,0,0,0.0,-72.33
2153,204553.75,1504.34,78.75,69,-48.0,23.43,0.14,13.92,1,0,4,0,0,0,0,0,1,0,204553.75,95.57,0,261.12,82.59,46.88,0.0,2.27,0.0,0.0,60.0,60.0,0,0,0,0.0,-72.33
2154,204553.75,1744.34,78.75,69,-48.0,23.9,0.14,14.12,0,0,0,0,0,0,0,0,1,0,204553.75,95.57,0,261.12,82.59,46.88,0.0,2.22,0.0,0.0,60.0,60.0,0,0,0,0.0,-72.33
2155,204553.75,1768.34,78.75,69,-48.0,23.9,0.14,14.12,0,2,4,0,0,0,0,0,1,0,204553.75,96.6,0,261.12,82.59,46.88,0.0,2.22,0.0,0.0,60.0,60.0,0,0,0,0.0,-72.33
2156,204553.75,104.38,78.75,69,-48.0,24.37,0.14,14.02,0,0,4,0,0,0,0,0,1,0,204553.75,96.6,0,261.12,82.59,46.88,0.0,2.24,0.0,0.0,60.0,60.0,0,0,0,0.0,-72.33
2157,204553.75,1952.34,78.75,69,-48.0,23.43,0.14,13.92,0,2,4,0,0,0,0,0,1,0,204553.75,96.6,0,261.12,82.59,46.88,0.0,2.27,0.0,0.0,60.0,60.0,0,0,0,0.0,-72.33
2158,205808.68,88.34,78.75,69,-48.0,23.43,0.14,14.12,1,2,4,0,0,0,0,0,0,2,205808.68,96.6,0,261.12,82.59,46.88,0.0,2.22,0.0,0.0,60.0,60.0,0,0,0,0.0,-72.33
2159,205808.68,128.38,78.75,69,-48.0,23.43,0.14,14.12,1,2,4,0,0,0,0,0,0,2,205808.68,97.62,0,261.12,82.59,46.88,0.0,2.22,0.0,0.0,60.0,60.0,0,0,0,0.0,-72.33
2160,205808.68,200.38,78.75,69,-48.0,23.9,0.14,14.02,0,0,4,0,0,0,0,0,0,2,205808.68,97.62,0,261.12,82.59,46.88,0.0,2.24,0.0,0.0,60.0,60.0,0,0,0,0.0,-72.33
2161,204553.75,304.38,78.75,69,-48.0,23.43,0.14,13.92,0,0,4,0,0,0,0,0,1,0,204553.75,97.63,0,261.12,82.59,46.88,0.0,2.27,0.0,0.0,60.0,60.0,0,0,0,0.0,-72.33
2162,204553.75,488.34,78.75,69,-48.0,22.96,0.13,14.12,0,2,0,0,0,0,0,0,1,0,204553.75,97.63,0,261.12,82.59,46.88,0.0,2.22,0.0,0.0,60.0,60.0,0,0,0,0.0,-72.33
2163,203298.82,136.34,78.75,69,-48.0,22.49,0.13,14.02,1,0,4,0,0,0,0,0,1,0,203298.82,97.63,0,261.12,82.59,46.88,0.0,2.24,0.0,0.0,60.0,60.0,0,0,0,0.0,-72.33
2164,204553.75,648.38,78.75,69,-48.0,23.43,0.14,14.02,0,2,0,0,0,0,0,0,1,0,204553.75,98.65,0,261.12,82.59,46.88,0.0,2.24,0.0,0.0,60.0,60.0,0,0,0,0.0,-72.33
2165,203298.82,952.38,78.75,69,-48.0,23.43,0.14,13.92,1,2,0,0,0,0,0,0,1,0,203298.82,98.65,0,261.12,82.59,46.88,0.0,2.27,0.0,0.0,60.0,60.0,0,0,0,0.0,-72.33
2166,203298.82,984.38,78.75,69,-48.0,23.43,0.14,14.02,1,2,4,0,0,0,0,0,1,0,203298.82,98.66,0,261.12,82.59,46.88,0.0,2.24,0.0,0.0,60.0,60.0,0,0,0,0.0,-72.33
2167,203298.82,1120.38,78.75,69,-48.0,23.43,0.14,14.12,0,2,0,0,0,0,0,0,1,0,203298.82,98.66,0,261.12,82.59,46.88,0.0,2.22,0.0,0.0,60.0,60.0,0,0,0,0.0,-72.33
2168,202043.89,1088.38,78.75,69,-48.0,23.43,0.14,14.02,1,2,0,0,0,0,0,0,0,0,202043.89,99.68,0,261.12,82.59,46.88,0.0,2.24,0.0,0.0,60.0,60.0,0,0,0,0.0,-72.33
2169,200788.96,1160.38,78.75,69,-48.0,22.96,0.13,13.92,1,0,0,0,0,0,0,0,0,0,200788.96,99.68,0,261.12,82.59,46.88,0.0,2.27,0.0,0.0,60.0,60.0,0,0,0,0.0,-72.33
2170,202043.89,1504.38,78.75,69,-48.0,22.96,0.13,14.12,1,2,4,0,0,0,0,0,0,0,202043.89,99.68,0,261.12,82.59,46.88,0.0,2.22,0.0,0.0,60.0,60.0,0,0,0,0.0,-72.33
2171,200788.96,1624.38,78.75,69,-48.0,22.96,0.13,14.12,0,0,4,0,0,0,0,0,0,0,200788.96,99.68,0,261.12,82.59,46.88,0.0,2.22,0.0,0.0,60.0,60.0,0,0,0,0.0,-72.33
2172,200788.96,1800.38,78.75,69,-48.0,22.49,0.13,13.92,1,2,0,0,0,0,0,0,0,0,200788.96,100.71,0,261.12,82.59,46.88,0.0,2.27,0.0,0.0,60.0,60.0,0,0,0,0.0,-72.33
2173,200788.96,24.41,78.75,69,-48.0,22.96,0.14,13.92,1,0,4,0,0,0,0,0,0,0,200788.96,100.71,0,261.12,82.59,46.88,0.0,2.27,0.0,0.0,60.0,60.0,0,0,0,0.0,-72.33
2174,199534.03,384.41,78.75,69,-48.0,22.49,0.13,14.02,0,0,0,0,0,0,0,0,1,2,199534.03,100.71,0,261.12,82.59,46.88,0.0,2.24,0.0,0.0,60.0,60.0,0,0,0,0.0,-72.33
2175,198279.1,752.41,78.75,69,-48.0,22.49,0.13,14.02,1,0,4,0,0,0,0,0,1,2,198279.1,100.71,0,261.12,82.59,46.88,0.0,2.24,0.0,0.0,60.0,60.0,0,0,0,0.0,-72.33
2176,198279.1,920.41,78.75,69,-48.0,22.03,0.13,13.92,0,2,0,0,0,0,0,0,1,2,198279.1,100.71,0,261.12,82.59,46.88,0.0,2.27,0.0,0.0,60.0,60.0,0,0,0,0.0,-72.33
2177,200788.96,1864.47,78.75,69,-48.0,21.56,0.13,14.12,1,2,0,0,0,0,0,0,0,0,200788.96,101.74,0,261.12,82.59,46.88,0.0,2.22,0.0,0.0,60.0,60.0,0,0,0,0.0,-72.65
2178,225887.58,1400.5,78.75,69,-48.0,22.96,0.14,14.02,1,0,4,0,0,0,0,0,0,2,225887.58,101.74,0,261.12,82.59,46.88,0.0,2.24,0.0,0.0,60.0,60.0,0,0,0,0.0,-72.65
2179,224632.65,768.44,78.75,69,-48.0,19.21,0.11,13.92,1,2,0,0,2,2,0,0,1,0,224632.65,101.74,0,261.12,82.59,46.88,0.0,2.27,0.0,0.0,60.0,60.0,0,0,0,0.0,-72.65
2180,222122.79,224.44,78.75,69,-48.0,18.75,0.11,14.02,1,2,0,0,4,4,0,0,0,0,222122.79,101.74,0,261.12,82.59,46.88,0.0,2.24,0.0,0.0,60.0,60.0,0,0,0,0.0,-72.65
2181,218357.99,488.47,78.75,69,-48.0,19.21,0.11,14.02,1,2,4,0,5,5,0,0,1,2,218357.99,102.76,0,261.12,82.59,46.88,0.0,2.24,0.0,0.0,60.0,60.0,0,0,0,0.0,-72.65
2182,223377.72,376.44,78.75,69,-48.0,17.81,0.11,13.92,1,0,4,0,7,6,0,0,1,0,223377.72,102.76,0,261.12,82.59,46.88,0.0,2.27,0.0,0.0,60.0,60.0,0,0,0,0.0,-72.65
2183,225887.58,752.38,78.75,69,-48.0,17.81,0.1,13.92,1,2,0,0,13,8,0,0,0,2,225887.58,102.77,0,261.12,82.59,46.88,0.0,2.27,0.0,0.0,60.0,60.0,0,0,0,0.0,-72.65
2184,224632.65,1480.41,78.75,69,-48.0,17.81,0.1,14.02,1,0,0,0,21,8,0,0,1,0,224632.65,102.77,0,261.12,82.59,46.88,0.0,2.24,0.0,0.0,60.0,60.0,0,0,0,0.0,-72.65
2185,220867.86,1480.41,78.75,69,-48.0,17.34,0.1,13.82,1,2,0,0,23,9,0,0,0,0,220867.86,103.79,0,261.12,82.59,46.88,0.0,2.3,0.0,0.0,60.0,60.0,0,0,0,0.0,-72.65
2186,218357.99,736.47,78.75,69,-48.0,18.75,0.11,13.82,0,0,4,0,28,10,0,0,1,2,218357.99,103.79,0,261.12,82.59,46.88,0.0,2.3,0.0,0.0,60.0,60.0,0,0,0,0.0,-72.65
2187,215848.13,152.5,78.75,69,-48.0,18.28,0.11,14.12,0,0,4,0,36,10,0,0,0,2,215848.13,103.79,0,261.12,82.59,46.88,0.0,2.22,0.0,0.0,60.0,60.0,0,0,0,0.0,-72.65
2188,217103.06,792.47,78.75,69,-48.0,17.81,0.1,14.02,1,0,4,0,61,11,0,0,0,2,217103.06,103.8,0,256.0,82.59,46.88,0.0,2.24,0.0,0.0,60.0,60.0,0,0,0,0.0,-72.65
2189,214593.2,1544.5,78.75,69,-48.0,17.81,0.1,14.02,0,0,4,0,104,12,0,0,1,0,214593.2,103.8,0,250.88,82.59,46.88,0.0,2.24,0.0,0.0,60.0,60.0,0,0,0,0.0,-72.65
2190,209573.48,736.56,78.75,69,-48.0,18.28,0.1,13.92,0,2,0,0,154,12,0,0,1,2,209573.48,104.82,0,237.57,82.59,46.88,0.0,2.27,0.0,0.0,60.0,60.0,0,0,0,0.0,-72.65
2191,202043.89,2000.56,78.75,69,-48.0,17.34,0.1,14.02,0,2,4,0,173,13,0,0,0,0,202043.89,104.82,0,228.35,82.59,46.88,0.0,2.24,0.0,0.0,60.0,60.0,0,0,0,0.0,-72.65
2192,203298.82,952.56,78.75,69,-48.0,17.34,0.1,14.02,0,2,0,0,180,14,0,0,1,0,203298.82,104.82,0,217.09,82.59,46.88,0.0,2.24,0.0,0.0,60.0,60.0,0,0,0,0.0,-72.65
2193,202043.89,1752.56,78.75,69,-48.0,16.87,0.1,13.82,0,0,0,0,183,16,0,0,0,0,202043.89,104.82,0,207.87,82.59,46.88,0.0,2.3,0.0,0.0,60.0,60.0,0,0,0,0.0,-72.65
2194,209573.48,208.56,78.75,69,-48.0,16.4,0.09,14.02,0,0,0,0,184,40,0,0,1,2,209573.48,105.85,0,198.66,82.59,46.88,0.0,2.24,0.0,0.0,60.0,60.0,0,0,0,0.0,-72.97
2195,210828.41,688.59,78.75,69,-48.0,16.87,0.1,14.12,1,0,4,0,184,86,0,0,0,0,210828.41,105.85,0,188.42,82.59,46.88,0.0,2.22,0.0,0.0,60.0,60.0,0,0,0,0.0,-72.97
2196,209573.48,1160.59,78.75,69,-48.0,16.87,0.1,14.02,0,0,4,0,185,125,0,0,1,2,209573.48,105.85,0,184.32,82.59,46.88,0.0,2.24,0.0,0.0,60.0,60.0,0,0,0,0.0,-72.65
2197,209573.48,1376.56,78.75,69,-48.0,16.4,0.1,13.82,1,0,4,0,183,161,0,0,1,2,209573.48,105.85,0,181.25,82.59,46.88,0.0,2.3,0.0,0.0,60.0,60.0,0,0,0,0.0,-72.65
2198,210828.41,1392.59,78.75,69,-48.0,17.34,0.1,14.02,0,0,0,0,183,172,0,0,0,0,210828.41,105.85,0,177.15,82.59,46.88,0.0,2.24,0.0,0.0,60.0,60.0,0,0,0,0.0,-72.65
2199,209573.48,1392.56,78.75,69,-48.0,15.93,0.09,14.02,0,2,0,0,182,176,0,0,1,2,209573.48,106.88,0,178.18,82.59,46.88,0.0,2.24,0.0,0.0,60.0,60.0,0,0,0,0.0,-72.65
2200,210828.41,1016.56,78.75,69,-48.0,16.4,0.09,13.92,0,0,4,0,181,178,0,0,0,0,210828.41,106.88,0,176.13,82.59,46.88,0.0,2.27,0.0,0.0,60.0,60.0,0,0,0,0.0,-72.65
2201,210828.41,1024.56,78.75,69,-48.0,16.87,0.1,14.02,0,2,4,0,180,179,0,0,0,0,210828.41,106.88,0,176.13,82.59,46.88,0.0,2.24,0.0,0.0,60.0,60.0,0,0,0,0.0,-72.65
2202,210828.41,1080.56,78.75,69,-48.0,16.87,0.1,14.02,0,0,0,0,179,179,0,0,0,0,210828.41,106.88,0,176.13,82.59,46.88,0.0,2.24,0.0,0.0,60.0,60.0,0,0,0,0.0,-72.65
2203,210828.41,1224.56,78.75,69,-48.0,17.34,0.1,13.92,1,2,0,0,179,179,0,0,0,0,210828.41,107.9,0,175.1,82.59,46.88,0.0,2.27,0.0,0.0,60.0,60.0,0,0,0,0.0,-72.65
2204,186984.72,441.0,78.75,69,-48.0,28.59,0.18,14.12,0,2,0,0,177,179,0,0,0,2,186984.72,107.9,0,163.84,82.59,46.88,0.0,2.22,0.0,0.0,60.0,60.0,0,0,0,0.0,-73.3
2205,158121.31,1248.81,78.75,69,-48.0,29.52,0.18,14.02,0,2,0,0,174,178,0,0,1,2,158121.31,107.91,0,133.12,82.59,46.88,0.0,2.24,0.0,0.0,60.0,60.0,0,0,0,0.0,-73.3
2206,155611.44,2041.12,78.75,69,-48.0,38.9,0.28,13.92,0,2,4,0,180,180,0,0,0,2,155611.44,107.91,0,122.88,82.59,46.88,0.0,2.27,0.0,0.0,60.0,60.0,0,0,0,0.0,-73.3
2207,155611.44,1489.06,78.75,69,-48.0,40.77,0.3,14.02,0,2,4,0,172,180,0,0,0,2,155611.44,106.88,0,110.59,82.59,46.88,0.0,2.24,0.0,0.0,60.0,60.0,0,0,0,0.0,-73.62
2208,150591.72,33.0,78.75,69,-48.0,40.77,0.3,14.12,1,0,0,0,171,176,0,0,0,0,150591.72,106.88,0,106.5,82.59,46.88,0.0,2.22,0.0,0.0,60.0,60.0,0,0,0,0.0,-73.3
2209,154356.51,9.34,78.75,69,-48.0,48.27,0.42,14.12,0,0,0,0,160,174,0,0,1,0,154356.51,106.88,0,106.5,82.59,46.88,0.0,2.22,0.0,0.0,60.0,60.0,0,0,0,0.0,-73.62
2210,148081.86,1673.25,78.75,69,-48.0,47.33,0.42,13.92,0,2,0,0,146,166,0,0,1,2,148081.86,106.88,0,101.38,82.59,46.88,0.0,2.27,0.0,0.0,60.0,60.0,0,0,0,0.0,-73.62
2211,148081.86,1537.25,78.75,69,-48.0,48.27,0.43,14.12,0,0,0,0,99,150,0,0,1,2,148081.86,106.88,0,103.42,82.59,46.88,0.0,2.22,0.0,0.0,60.0,60.0,0,0,0,0.0,-73.62
2212,146826.93,1505.25,78.75,69,-48.0,48.74,0.43,14.12,1,2,0,0,17,100,0,0,0,2,146826.93,105.86,0,107.52,82.59,46.88,0.0,2.22,0.0,0.0,60.0,60.0,0,0,0,0.0,-73.62
2213,145572.0,144.44,78.75,69,-48.0,24.37,0.15,14.02,0,0,0,0,14,73,0,0,0,2,145572.0,105.86,0,114.69,82.59,46.88,0.0,2.24,0.0,0.0,60.0,60.0,0,0,0,0.0,-72.97
2214,200788.96,552.56,78.75,69,-48.0,25.31,0.15,13.92,0,2,0,0,151,124,0,0,0,0,200788.96,105.86,0,148.48,82.59,46.88,0.0,2.27,0.0,0.0,60.0,60.0,0,0,0,0.0,-72.65
2215,200788.96,304.66,78.75,69,-48.0,22.96,0.14,14.02,1,0,0,0,156,158,0,0,0,0,200788.96,105.86,0,192.51,82.59,46.88,0.0,2.24,0.0,0.0,60.0,60.0,0,0,0,0.0,-72.65
2216,202043.89,624.59,78.75,69,-48.0,19.68,0.11,14.12,1,0,0,0,66,159,0,0,0,0,202043.89,106.88,0,203.78,82.59,46.88,0.0,2.22,0.0,0.0,60.0,60.0,0,0,0,0.0,-72.65
2217,203298.82,1016.59,78.75,69,-48.0,19.21,0.11,13.92,1,2,4,0,26,158,0,0,1,0,203298.82,106.88,0,211.97,82.59,46.88,0.0,2.27,0.0,0.0,60.0,60.0,0,0,0,0.0,-72.65
2218,205808.68,376.59,78.75,69,-48.0,18.75,0.11,13.92,0,2,0,0,71,157,0,0,0,2,205808.68,106.89,0,217.09,82.59,46.88,0.0,2.27,0.0,0.0,60.0,60.0,0,0,0,0.0,-72.65
2219,213338.27,216.56,78.75,69,-48.0,17.81,0.1,14.02,1,2,0,0,166,156,0,0,1,0,213338.27,106.89,0,220.16,82.59,46.88,0.0,2.24,0.0,0.0,60.0,60.0,0,0,0,0.0,-72.65
2220,213338.27,48.56,78.75,69,-48.0,17.81,0.1,14.02,1,0,4,0,168,155,0,0,1,0,213338.27,107.91,0,218.11,82.59,46.88,0.0,2.24,0.0,0.0,60.0,60.0,0,0,0,0.0,-72.65
2221,212083.34,1984.59,78.75,69,-48.0,17.81,0.1,13.92,0,0,4,0,168,155,0,0,0,0,212083.34,107.91,0,219.14,82.59,46.88,0.0,2.27,0.0,0.0,60.0,60.0,0,0,0,0.0,-72.65
2222,212083.34,1816.59,78.75,69,-48.0,18.28,0.1,14.12,0,2,4,0,165,155,0,0,0,0,212083.34,107.91,0,215.04,82.59,46.88,0.0,2.22,0.0,0.0,60.0,60.0,0,0,0,0.0,-72.65
2223,212083.34,1776.56,78.75,69,-48.0,17.34,0.1,14.02,0,2,4,0,154,154,0,0,0,0,212083.34,107.92,0,214.02,82.59,46.88,0.0,2.24,0.0,0.0,60.0,60.0,0,0,0,0.0,-72.65
2224,210828.41,1768.56,78.75,69,-48.0,17.34,0.1,14.02,1,2,4,0,89,154,0,0,0,0,210828.41,107.92,0,214.02,82.59,46.88,0.0,2.24,0.0,0.0,60.0,60.0,0,0,0,0.0,-72.65
2225,212083.34,1896.56,78.75,69,-48.0,17.34,0.1,13.92,0,2,0,0,45,153,0,0,0,0,212083.34,108.94,0,208.9,82.59,46.88,0.0,2.27,0.0,0.0,60.0,60.0,0,0,0,0.0,-72.65
2226,212083.34,1976.56,78.75,69,-48.0,17.34,0.1,14.02,1,2,0,0,28,153,0,0,0,0,212083.34,108.94,0,203.78,82.59,46.88,0.0,2.24,0.0,0.0,60.0,60.0,0,0,0,0.0,-72.65
2227,210828.41,1840.56,78.75,69,-48.0,17.34,0.1,14.02,0,0,4,0,32,152,0,0,0,0,210828.41,108.94,0,201.73,82.59,46.88,0.0,2.24,0.0,0.0,60.0,60.0,0,0,0,0.0,-72.65
2228,210828.41,1448.53,78.75,69,-48.0,16.4,0.09,13.82,0,0,0,0,98,152,0,0,0,0,210828.41,108.94,0,200.7,82.59,46.88,0.0,2.3,0.0,0.0,60.0,60.0,0,0,0,0.0,-72.65
2229,210828.41,976.56,78.75,69,-48.0,16.87,0.1,14.12,0,2,0,0,152,151,0,0,0,0,210828.41,109.97,0,195.58,82.59,46.88,0.0,2.22,0.0,0.0,60.0,60.0,0,0,0,0.0,-72.65
2230,210828.41,992.56,78.75,69,-48.0,16.87,0.1,14.02,0,2,4,0,151,151,0,0,0,0,210828.41,109.97,0,195.58,82.59,46.88,0.0,2.24,0.0,0.0,60.0,60.0,0,0,0,0.0,-72.65
2231,210828.41,1128.56,78.75,69,-48.0,16.4,0.1,13.92,0,2,4,0,151,151,0,0,0,0,210828.41,109.97,0,193.54,82.59,46.88,0.0,2.27,0.0,0.0,60.0,60.0,0,0,0,0.0,-72.65
2232,210828.41,1088.56,78.75,69,-48.0,15.93,0.09,13.92,0,0,0,0,143,150,0,0,0,0,210828.41,109.97,0,192.51,82.59,46.88,0.0,2.27,0.0,0.0,60.0,60.0,0,0,0,0.0,-72.65
2233,209573.48,968.56,78.75,69,-48.0,16.4,0.09,14.12,1,0,0,0,40,150,0,0,1,2,209573.48,109.97,0,191.49,82.59,46.88,0.0,2.22,0.0,0.0,60.0,60.0,0,0,0,0.0,-72.65
2234,209573.48,1016.56,78.75,69,-48.0,15.93,0.09,14.02,0,0,4,0,20,151,0,0,1,2,209573.48,111.0,0,192.51,82.59,46.88,0.0,2.24,0.0,0.0,60.0,60.0,0,0,0,0.0,-72.65
2235,209573.48,1120.56,78.75,69,-48.0,16.87,0.1,13.92,1,2,0,0,16,151,0,0,1,2,209573.48,111.0,0,189.44,82.59,46.88,0.0,2.27,0.0,0.0,60.0,60.0,0,0,0,0.0,-72.65
2236,208318.55,1144.56,78.75,69,-48.0,16.4,0.09,13.92,1,0,4,0,18,152,0,0,1,2,208318.55,111.0,0,192.51,82.59,46.88,0.0,2.27,0.0,0.0,60.0,60.0,0,0,0,0.0,-72.65
2237,209573.48,1568.56,78.75,69,-48.0,16.87,0.1,14.12,1,2,0,0,22,152,0,0,1,2,209573.48,111.0,0,186.37,82.59,46.88,0.0,2.22,0.0,0.0,60.0,60.0,0,0,0,0.0,-72.65
2238,208318.55,1720.59,78.75,69,-48.0,16.87,0.1,14.02,0,0,0,0,78,152,0,0,1,2,208318.55,111.0,0,186.37,82.59,46.88,0.0,2.24,0.0,0.0,60.0,60.0,0,0,0,0.0,-72.65
2239,209573.48,1664.56,78.75,69,-48.0,16.4,0.1,13.92,0,2,4,0,156,153,0,0,1,2,209573.48,111.0,0,185.34,82.59,46.88,0.0,2.27,0.0,0.0,60.0,60.0,0,0,0,0.0,-72.65
2240,210828.41,1240.56,78.75,69,-48.0,15.93,0.09,13.92,0,0,4,0,168,153,0,0,0,0,210828.41,111.0,0,181.25,82.59,46.88,0.0,2.27,0.0,0.0,60.0,60.0,0,0,0,0.0,-72.65
2241,209573.48,1080.56,78.75,69,-48.0,15.93,0.09,14.02,1,2,4,0,170,153,0,0,1,2,209573.48,111.0,0,180.22,82.59,46.88,0.0,2.24,0.0,0.0,60.0,60.0,0,0,0,0.0,-72.65
2242,208318.55,1400.59,78.75,69,-48.0,16.4,0.1,14.02,0,0,0,0,169,153,0,0,1,2,208318.55,111.0,0,181.25,82.59,46.88,0.0,2.24,0.0,0.0,60.0,60.0,0,0,0,0.0,-72.65
2243,207063.61,1656.59,78.75,69,-48.0,16.87,0.1,13.92,1,0,4,0,166,156,0,0,0,2,207063.61,111.0,0,180.22,82.59,46.88,0.0,2.27,0.0,0.0,60.0,60.0,0,0,0,0.0,-72.65
2244,208318.55,1672.56,78.75,69,-48.0,15.93,0.09,14.02,1,2,4,0,163,157,0,0,1,2,208318.55,111.0,0,175.1,82.59,46.88,0.0,2.24,0.0,0.0,60.0,60.0,0,0,0,0.0,-72.65
2245,207063.61,1960.59,79.5,69,-48.0,16.87,0.1,14.02,0,0,0,0,161,159,0,0,0,2,207063.61,111.01,0,175.1,82.59,46.88,0.0,2.24,0.0,0.0,60.0,60.0,0,0,0,0.0,-72.65
2246,207063.61,80.59,79.5,69,-48.0,16.4,0.09,13.82,1,0,4,0,153,160,0,0,0,2,207063.61,111.01,0,174.08,82.59,46.88,0.0,2.3,0.0,0.0,60.0,60.0,0,0,0,0.0,-72.65
2247,205808.68,1904.56,79.5,70,-48.0,16.4,0.09,14.12,0,0,4,0,148,161,0,0,0,2,205808.68,111.01,0,173.06,82.59,46.88,0.0,2.22,0.0,0.0,60.0,60.0,0,0,0,0.0,-72.65
2248,205808.68,1848.56,79.5,70,-48.0,15.93,0.09,14.02,1,2,0,0,133,160,0,0,0,2,205808.68,111.01,0,171.01,82.59,46.88,0.0,2.24,0.0,0.0,60.0,60.0,0,0,0,0.0,-72.65
2249,205808.68,1984.59,79.5,69,-48.0,16.4,0.09,13.82,0,2,0,0,48,159,0,0,0,2,205808.68,111.01,0,172.03,82.59,46.88,0.0,2.3,0.0,0.0,60.0,60.0,0,0,0,0.0,-72.65
2250,207063.61,2032.59,79.5,69,-48.0,16.4,0.1,13.82,0,0,4,0,23,159,0,0,0,2,207063.61,111.01,0,168.96,82.59,46.88,0.0,2.3,0.0,0.0,60.0,60.0,0,0,0,0.0,-72.65
2251,208318.55,2024.56,79.5,69,-48.0,16.4,0.09,14.02,1,0,4,0,18,158,0,0,1,2,208318.55,112.04,0,164.86,82.59,46.88,0.0,2.24,0.0,0.0,60.0,60.0,0,0,0,0.0,-72.65
2252,208318.55,1944.59,79.5,69,-48.0,16.4,0.1,14.02,1,0,0,0,19,157,0,0,1,2,208318.55,112.04,0,162.82,82.59,46.88,0.0,2.24,0.0,0.0,60.0,60.0,0,0,0,0.0,-72.65
2253,208318.55,1656.56,79.5,69,-48.0,15.93,0.09,13.92,0,2,0,0,19,156,0,0,1,2,208318.55,112.04,0,160.77,82.59,46.88,0.0,2.27,0.0,0.0,60.0,60.0,0,0,0,0.0,-72.65
2254,207063.61,1344.56,79.5,69,-48.0,16.4,0.09,13.92,0,2,0,0,27,155,0,0,0,2,207063.61,112.04,0,162.82,82.59,46.88,0.0,2.27,0.0,0.0,60.0,60.0,0,0,0,0.0,-72.65
2255,208318.55,1456.59,79.5,69,-48.0,16.87,0.1,14.12,0,2,4,0,103,155,0,0,1,2,208318.55,112.04,0,160.77,82.59,46.88,0.0,2.22,0.0,0.0,60.0,60.0,0,0,0,0.0,-72.65
2256,208318.55,1488.56,79.5,70,-48.0,15.93,0.09,14.12,0,0,0,0,152,155,0,0,1,2,208318.55,111.02,0,158.72,82.59,46.88,0.0,2.22,0.0,0.0,60.0,60.0,0,0,0,0.0,-72.65
2257,208318.55,1520.56,79.5,70,-48.0,16.4,0.09,13.92,1,2,0,0,162,155,0,0,1,2,208318.55,111.02,0,158.72,82.59,46.88,0.0,2.27,0.0,0.0,60.0,60.0,0,0,0,0.0,-72.65
2258,207063.61,1664.59,79.5,70,-48.0,16.87,0.09,14.12,1,0,0,0,161,155,0,0,0,2,207063.61,111.01,0,159.74,82.59,46.88,0.0,2.22,0.0,0.0,60.0,60.0,0,0,0,0.0,-72.65
2259,205808.68,1832.59,79.5,70,-48.0,16.4,0.09,13.82,1,0,4,0,158,155,0,0,0,2,205808.68,111.01,0,161.79,82.59,46.88,0.0,2.3,0.0,0.0,60.0,60.0,0,0,0,0.0,-72.65
2260,207063.61,88.59,79.5,70,-48.0,16.87,0.1,13.92,0,2,0,0,156,155,0,0,0,2,207063.61,112.04,0,158.72,82.59,46.88,0.0,2.27,0.0,0.0,60.0,60.0,0,0,0,0.0,-72.65
2261,207063.61,16.56,79.5,70,-48.0,15.93,0.09,14.02,0,0,4,0,143,155,0,0,0,2,207063.61,112.04,0,158.72,82.59,46.88,0.0,2.24,0.0,0.0,60.0,60.0,0,0,0,0.0,-72.65
2262,207063.61,1824.56,79.5,70,-48.0,16.4,0.09,14.12,0,2,4,0,55,155,0,0,0,2,207063.61,112.04,0,158.72,82.59,46.88,0.0,2.22,0.0,0.0,60.0,60.0,0,0,0,0.0,-72.65
2263,208318.55,1704.56,79.5,70,-48.0,16.4,0.09,13.82,0,0,0,0,23,154,0,0,1,2,208318.55,112.04,0,156.67,82.59,46.88,0.0,2.3,0.0,0.0,60.0,60.0,0,0,0,0.0,-72.65
2264,208318.55,1592.56,79.5,70,-48.0,16.4,0.09,13.92,1,2,4,0,19,154,0,0,1,2,208318.55,112.04,0,156.67,82.59,46.88,0.0,2.27,0.0,0.0,60.0,60.0,0,0,0,0.0,-72.65
2265,205808.68,1696.59,79.5,70,-48.0,16.4,0.09,14.12,0,0,4,0,19,155,0,0,0,2,205808.68,112.04,0,158.72,82.59,46.88,0.0,2.22,0.0,0.0,60.0,60.0,0,0,0,0.0,-72.65
2266,207063.61,2000.59,79.5,70,-48.0,16.4,0.09,13.82,1,2,0,0,30,156,0,0,0,2,207063.61,112.04,0,157.7,82.59,46.88,0.0,2.3,0.0,0.0,60.0,60.0,0,0,0,0.0,-72.65
2267,207063.61,112.59,79.5,70,-48.0,15.93,0.09,13.82,0,0,4,0,77,157,0,0,0,2,207063.61,112.04,0,151.55,82.59,46.88,0.0,2.3,0.0,0.0,60.0,60.0,0,0,0,0.0,-72.65
2268,207063.61,1720.53,79.5,70,-48.0,13.59,0.09,14.02,0,2,4,0,38,157,0,0,0,2,207063.61,112.04,0,163.84,82.59,46.88,0.0,2.24,0.0,0.0,60.0,60.0,0,0,0,0.0,-72.65
2269,210828.41,1448.44,80.25,70,-48.0,12.65,0.08,14.02,0,0,4,0,22,156,0,0,0,0,210828.41,112.04,0,239.62,82.59,46.88,0.0,2.24,0.0,0.0,60.0,60.0,0,0,0,0.0,-72.65
2270,214593.2,1192.47,80.25,70,-48.0,15.0,0.09,13.92,1,0,0,0,23,155,0,0,1,0,214593.2,112.04,0,247.81,82.59,46.88,0.0,2.27,0.0,0.0,60.0,60.0,0,0,0,0.0,-72.65
2271,215848.13,656.5,80.25,70,-48.0,15.93,0.09,14.12,1,2,4,0,122,154,0,0,0,2,215848.13,112.04,0,248.83,82.59,46.88,0.0,2.22,0.0,0.0,60.0,60.0,0,0,0,0.0,-72.65
2272,212083.34,392.5,80.25,70,-48.0,15.46,0.09,14.12,0,0,0,0,164,152,0,0,0,0,212083.34,112.04,0,236.54,82.59,46.88,0.0,2.22,0.0,0.0,60.0,60.0,0,0,0,0.0,-72.65
2273,207063.61,888.53,80.25,70,-48.0,16.4,0.09,13.92,1,2,4,0,166,151,0,0,0,2,207063.61,113.06,0,233.47,82.59,46.88,0.0,2.27,0.0,0.0,60.0,60.0,0,0,0,0.0,-72.65
2274,203298.82,1672.56,80.25,70,-48.0,16.4,0.09,13.82,1,0,4,0,160,150,0,0,1,0,203298.82,113.06,0,225.28,82.59,46.88,0.0,2.3,0.0,0.0,60.0,60.0,0,0,0,0.0,-72.65
2275,200788.96,448.56,80.25,70,-48.0,16.87,0.09,14.12,1,0,0,0,159,150,0,0,0,0,200788.96,113.06,0,214.02,82.59,46.88,0.0,2.22,0.0,0.0,60.0,60.0,0,0,0,0.0,-72.65
2276,208318.55,1528.56,80.25,70,-48.0,15.93,0.09,14.02,1,2,4,0,161,148,0,0,1,2,208318.55,113.06,0,203.78,82.59,46.88,0.0,2.24,0.0,0.0,60.0,60.0,0,0,0,0.0,-72.65
2277,207063.61,96.56,80.25,70,-48.0,15.46,0.09,13.82,1,0,0,0,162,148,0,0,0,2,207063.61,114.09,0,197.63,82.59,46.88,0.0,2.3,0.0,0.0,60.0,60.0,0,0,0,0.0,-72.65
2278,205808.68,640.59,80.25,70,-48.0,16.4,0.09,13.92,0,0,4,0,160,148,0,0,0,2,205808.68,114.09,0,196.61,82.59,46.88,0.0,2.27,0.0,0.0,60.0,60.0,0,0,0,0.0,-72.65
2279,205808.68,1056.56,80.25,70,-48.0,15.93,0.09,14.02,1,2,4,0,153,149,0,0,0,2,205808.68,114.09,0,197.63,82.59,46.88,0.0,2.24,0.0,0.0,60.0,60.0,0,0,0,0.0,-72.65
2280,205808.68,1280.56,80.25,70,-48.0,16.87,0.09,14.02,0,0,0,0,126,150,0,0,0,2,205808.68,114.09,0,197.63,82.59,46.88,0.0,2.24,0.0,0.0,60.0,60.0,0,0,0,0.0,-72.65
2281,207063.61,1576.56,80.25,70,-48.0,16.87,0.09,13.92,0,2,4,0,39,151,0,0,0,2,207063.61,114.09,0,195.58,82.59,46.88,0.0,2.27,0.0,0.0,60.0,60.0,0,0,0,0.0,-72.65
2282,208318.55,1624.56,80.25,70,-48.0,15.46,0.09,13.92,0,0,0,0,20,152,0,0,1,2,208318.55,115.11,0,196.61,82.59,46.88,0.0,2.27,0.0,0.0,60.0,60.0,0,0,0,0.0,-72.65
2283,209573.48,1288.56,80.25,70,-48.0,16.4,0.09,13.92,0,0,0,0,16,153,0,0,1,2,209573.48,115.11,0,199.68,82.59,46.88,0.0,2.27,0.0,0.0,60.0,60.0,0,0,0,0.0,-72.65
2284,210828.41,1120.56,80.25,70,-48.0,16.4,0.09,13.92,1,0,0,0,17,154,0,0,0,0,210828.41,115.11,0,200.7,82.59,46.88,0.0,2.27,0.0,0.0,60.0,60.0,0,0,0,0.0,-72.65
2285,209573.48,808.56,80.25,70,-48.0,16.4,0.09,14.12,0,0,4,0,20,155,0,0,1,2,209573.48,115.11,0,205.82,82.59,46.88,0.0,2.22,0.0,0.0,60.0,60.0,0,0,0,0.0,-72.65
2286,198279.1,456.97,80.25,70,-48.0,28.12,0.17,14.12,1,2,4,0,40,155,0,0,1,2,198279.1,116.13,0,201.73,82.59,46.88,0.0,2.22,0.0,0.0,60.0,60.0,0,0,0,0.0,-73.3
2287,171925.55,1976.78,80.25,70,-48.0,28.12,0.17,13.92,1,2,0,0,161,155,0,0,0,0,171925.55,116.13,0,172.03,82.59,46.88,0.0,2.27,0.0,0.0,60.0,60.0,0,0,0,0.0,-72.97
2288,148081.86,424.75,80.25,70,-48.0,29.99,0.18,13.92,0,2,0,0,179,165,0,0,1,2,148081.86,116.13,0,166.91,82.59,46.88,0.0,2.27,0.0,0.0,60.0,60.0,0,0,0,0.0,-72.97
2289,146826.93,280.72,80.25,70,-48.0,29.99,0.18,14.12,1,2,4,0,176,170,0,0,0,2,146826.93,116.13,0,175.1,82.59,46.88,0.0,2.22,0.0,0.0,60.0,60.0,0,0,0,0.0,-72.97
2290,146826.93,792.75,80.25,70,-48.0,30.46,0.19,14.02,0,2,0,0,166,168,0,0,0,2,146826.93,116.13,0,189.44,82.59,46.88,0.0,2.24,0.0,0.0,60.0,60.0,0,0,0,0.0,-72.97
2291,148081.86,1288.75,80.25,70,-48.0,29.99,0.19,13.92,0,2,4,0,105,164,0,0,1,2,148081.86,115.1,0,200.7,82.59,46.88,0.0,2.27,0.0,0.0,60.0,60.0,0,0,0,0.0,-72.97
2292,146826.93,1208.72,80.25,70,-48.0,29.99,0.19,14.02,1,2,0,0,42,158,0,0,0,2,146826.93,115.1,0,207.87,82.59,46.88,0.0,2.24,0.0,0.0,60.0,60.0,0,0,0,0.0,-72.97
2293,165650.89,1385.12,80.25,70,-48.0,42.18,0.29,14.02,0,0,4,0,24,154,0,0,0,2,165650.89,115.1,0,214.02,82.59,46.88,0.0,2.24,0.0,0.0,60.0,60.0,0,0,0,0.0,-73.3
2294,151846.65,481.28,80.25,70,-48.0,47.33,0.41,13.92,0,0,0,0,70,147,0,0,0,0,151846.65,115.1,0,193.54,82.59,46.88,0.0,2.27,0.0,0.0,60.0,60.0,0,0,0,0.0,-73.95
2295,143062.13,1793.12,80.25,70,-48.0,46.86,0.41,14.02,0,0,4,0,174,168,0,0,1,0,143062.13,114.08,0,186.37,82.59,46.88,0.0,2.24,0.0,0.0,60.0,60.0,0,0,0,0.0,-73.62
2296,138042.41,1008.72,80.25,70,-48.0,37.96,0.27,14.02,1,0,0,0,157,164,0,0,1,2,138042.41,114.08,0,204.8,82.59,46.88,0.0,2.24,0.0,0.0,60.0,60.0,0,0,0,0.0,-72.97
2297,130512.82,1800.47,80.25,70,-48.0,26.24,0.16,14.02,1,2,0,0,162,158,0,0,0,0,130512.82,114.07,0,236.54,82.59,46.88,0.0,2.24,0.0,0.0,60.0,60.0,0,0,0,0.0,-72.65
2298,126748.03,1536.47,80.25,70,-48.0,26.24,0.15,14.02,0,2,0,0,162,157,0,0,0,2,126748.03,114.07,0,252.93,82.59,46.88,0.0,2.24,0.0,0.0,60.0,60.0,0,0,0,0.0,-72.65
2299,140552.27,513.03,80.25,70,-48.0,44.99,0.36,14.12,0,2,4,0,39,132,0,0,0,0,140552.27,113.05,0,244.74,82.59,46.88,0.0,2.22,0.0,0.0,60.0,60.0,0,0,0,0.0,-73.3
2300,138042.41,1128.97,80.25,70,-48.0,44.05,0.36,13.92,0,2,0,0,155,99,0,0,1,2,138042.41,113.05,0,228.35,82.59,46.88,0.0,2.27,0.0,0.0,60.0,60.0,0,0,0,0.0,-73.3
2301,136787.48,928.94,80.25,70,-48.0,44.52,0.36,14.02,1,0,4,0,172,173,0,0,0,2,136787.48,113.04,0,231.42,82.59,46.88,0.0,2.24,0.0,0.0,60.0,60.0,0,0,0,0.0,-73.3
2302,134277.62,968.91,80.25,70,-48.0,44.52,0.36,14.02,0,0,0,0,162,167,0,0,1,0,134277.62,113.04,0,235.52,82.59,46.88,0.0,2.24,0.0,0.0,60.0,60.0,0,0,0,0.0,-73.3
2303,133022.69,1576.94,80.25,70,-48.0,46.39,0.38,13.82,1,2,0,0,97,159,0,0,1,0,133022.69,112.02,0,238.59,82.59,46.88,0.0,2.3,0.0,0.0,60.0,60.0,0,0,0,0.0,-72.97
2304,133022.69,1312.91,80.25,70,-48.0,46.39,0.39,13.82,1,2,0,0,20,126,0,0,1,0,133022.69,112.02,0,240.64,82.59,46.88,0.0,2.3,0.0,0.0,60.0,60.0,0,0,0,0.0,-73.3
2305,130512.82,160.69,80.25,70,-48.0,40.3,0.3,14.02,0,0,0,0,14,88,0,0,0,0,130512.82,112.02,0,242.69,82.59,46.88,0.0,2.24,0.0,0.0,60.0,60.0,0,0,0,0.0,-72.97
2306,120473.38,2008.44,80.25,70,-48.0,29.99,0.19,14.12,1,0,0,0,109,77,0,0,0,0,120473.38,112.02,0,251.9,82.59,46.88,0.0,2.22,0.0,0.0,60.0,60.0,0,0,0,0.0,-72.65
2307,126748.03,1216.38,80.25,70,-48.0,25.77,0.15,13.92,0,0,0,0,156,117,0,0,0,2,126748.03,112.02,0,256.0,82.59,46.88,0.0,2.27,0.0,0.0,60.0,60.0,0,0,0,0.0,-72.33
2308,145572.0,1944.34,80.25,70,-48.0,22.96,0.13,13.92,1,2,0,0,156,124,0,0,0,2,145572.0,113.04,0,260.1,82.59,46.88,0.0,2.27,0.0,0.0,60.0,60.0,0,0,0,0.0,-72.33
2309,161886.1,160.47,80.25,70,-48.0,25.31,0.15,14.12,0,2,0,0,166,126,0,0,0,0,161886.1,113.04,0,254.98,82.59,46.88,0.0,2.22,0.0,0.0,60.0,60.0,0,0,0,0.0,-72.33
2310,200788.96,2032.53,80.25,70,-48.0,24.37,0.14,13.82,1,0,4,0,148,128,0,0,0,0,200788.96,113.04,0,248.83,82.59,46.88,0.0,2.3,0.0,0.0,60.0,60.0,0,0,0,0.0,-72.65
2311,200788.96,1544.59,80.25,70,-48.0,22.96,0.13,13.92,1,2,0,0,34,127,0,0,0,0,200788.96,113.04,0,259.07,82.59,46.88,0.0,2.27,0.0,0.0,60.0,60.0,0,0,0,0.0,-72.65
2312,222122.79,1864.5,80.25,70,-48.0,19.68,0.11,14.02,1,2,0,0,13,122,0,0,0,0,222122.79,112.02,0,257.02,82.59,46.88,0.0,2.24,0.0,0.0,60.0,60.0,0,0,0,0.0,-72.65
2313,219612.92,568.47,79.5,70,-48.0,18.28,0.1,14.02,0,2,4,0,13,73,0,0,1,2,219612.92,112.02,0,259.07,82.59,46.88,0.0,2.24,0.0,0.0,60.0,60.0,0,0,0,0.0,-72.65
2314,217103.06,2040.47,79.5,70,-48.0,18.28,0.1,13.92,1,0,0,0,83,70,0,0,0,2,217103.06,112.02,0,261.12,82.59,46.88,0.0,2.27,0.0,0.0,60.0,60.0,0,0,0,0.0,-72.65
2315,219612.92,1104.44,79.5,70,-48.0,15.93,0.09,14.02,0,0,0,0,166,75,0,0,1,2,219612.92,112.02,0,261.12,82.59,46.88,0.0,2.24,0.0,0.0,60.0,60.0,0,0,0,0.0,-72.65
2316,217103.06,440.44,79.5,70,-48.0,16.4,0.09,13.92,0,0,4,0,174,81,0,0,0,2,217103.06,113.05,0,261.12,82.59,46.88,0.0,2.27,0.0,0.0,60.0,60.0,0,0,0,0.0,-72.65
2317,218357.99,2040.44,79.5,70,-48.0,16.4,0.09,13.82,1,0,4,0,176,94,0,0,1,2,218357.99,113.05,0,261.12,82.59,46.88,0.0,2.3,0.0,0.0,60.0,60.0,0,0,0,0.0,-72.65
2318,215848.13,176.5,79.5,70,-48.0,17.34,0.1,14.12,1,2,4,0,174,120,0,0,0,2,215848.13,113.05,0,261.12,82.59,46.88,0.0,2.22,0.0,0.0,60.0,60.0,0,0,0,0.0,-72.65
2319,217103.06,1104.5,79.5,70,-48.0,16.4,0.1,14.02,0,0,0,0,170,138,0,0,0,2,217103.06,113.05,0,261.12,82.59,46.88,0.0,2.24,0.0,0.0,60.0,60.0,0,0,0,0.0,-72.65
2320,217103.06,1352.5,79.5,70,-48.0,16.87,0.1,13.82,0,2,0,0,168,144,0,0,0,2,217103.06,113.05,0,261.12,82.59,46.88,0.0,2.3,0.0,0.0,60.0,60.0,0,0,0,0.0,-72.65
2321,214593.2,1736.5,79.5,70,-48.0,16.87,0.1,13.92,1,0,0,0,166,146,0,0,1,0,214593.2,112.03,0,261.12,82.59,46.88,0.0,2.27,0.0,0.0,60.0,60.0,0,0,0,0.0,-72.65
2322,214593.2,272.5,79.5,70,-48.0,16.4,0.1,14.02,1,0,4,0,166,147,0,0,1,0,214593.2,112.03,0,259.07,82.59,46.88,0.0,2.24,0.0,0.0,60.0,60.0,0,0,0,0.0,-72.65
2323,214593.2,368.5,79.5,70,-48.0,16.4,0.1,13.82,0,0,0,0,166,148,0,0,1,0,214593.2,112.03,0,256.0,82.59,46.88,0.0,2.3,0.0,0.0,60.0,60.0,0,0,0,0.0,-72.65
2324,214593.2,736.5,79.5,70,-48.0,16.4,0.09,14.02,0,2,4,0,165,149,0,0,1,0,214593.2,112.03,0,256.0,82.59,46.88,0.0,2.24,0.0,0.0,60.0,60.0,0,0,0,0.0,-72.65
2325,215848.13,664.5,79.5,70,-48.0,15.93,0.09,14.02,1,2,4,0,163,150,0,0,0,2,215848.13,112.03,0,248.83,82.59,46.88,0.0,2.24,0.0,0.0,60.0,60.0,0,0,0,0.0,-72.65
2326,214593.2,888.5,79.5,70,-48.0,16.4,0.09,14.12,1,2,0,0,162,151,0,0,1,0,214593.2,112.03,0,254.98,82.59,46.88,0.0,2.22,0.0,0.0,60.0,60.0,0,0,0,0.0,-72.65
2327,214593.2,864.5,79.5,70,-48.0,16.4,0.09,13.92,0,2,4,0,159,152,0,0,1,0,214593.2,112.04,0,249.86,82.59,46.88,0.0,2.27,0.0,0.0,60.0,60.0,0,0,0,0.0,-72.65
2328,208318.55,1872.69,79.5,70,-48.0,22.49,0.13,14.02,1,0,0,0,154,152,0,0,1,2,208318.55,112.04,0,251.9,82.59,46.88,0.0,2.24,0.0,0.0,60.0,60.0,0,0,0,0.0,-72.97
2329,184474.86,872.72,79.5,70,-48.0,23.9,0.14,14.12,1,2,0,0,144,152,0,0,1,0,184474.86,112.04,0,227.33,82.59,46.88,0.0,2.22,0.0,0.0,60.0,60.0,0,0,0,0.0,-72.97
2330,158121.31,1216.62,79.5,70,-48.0,24.37,0.14,13.92,1,2,4,0,158,152,0,0,1,2,158121.31,111.01,0,206.85,82.59,46.88,0.0,2.27,0.0,0.0,60.0,60.0,0,0,0,0.0,-72.65
2331,171925.55,1369.16,79.5,70,-48.0,37.49,0.25,13.92,0,2,0,0,161,154,0,0,0,0,171925.55,111.01,0,205.82,82.59,46.88,0.0,2.27,0.0,0.0,60.0,60.0,0,0,0,0.0,-72.97
2332,159376.24,1961.16,79.5,70,-48.0,41.24,0.31,14.12,1,2,0,0,50,156,0,0,1,2,159376.24,111.01,0,182.27,82.59,46.88,0.0,2.22,0.0,0.0,60.0,60.0,0,0,0,0.0,-73.62
2333,149336.79,353.03,79.5,70,-48.0,41.71,0.32,14.12,1,0,0,0,15,148,0,0,1,2,149336.79,111.01,0,155.65,82.59,46.88,0.0,2.22,0.0,0.0,60.0,60.0,0,0,0,0.0,-73.3
2334,145572.0,1192.97,79.5,70,-48.0,42.18,0.32,13.92,1,0,4,0,13,145,0,0,0,2,145572.0,109.98,0,155.65,82.59,46.88,0.0,2.27,0.0,0.0,60.0,60.0,0,0,0,0.0,-73.3
2335,146826.93,1937.03,79.5,70,-48.0,42.65,0.33,13.92,1,0,0,0,10,120,0,0,0,2,146826.93,109.98,0,163.84,82.59,46.88,0.0,2.27,0.0,0.0,60.0,60.0,0,0,0,0.0,-73.3
2336,145572.0,393.03,79.5,70,-48.0,42.65,0.33,14.12,0,0,0,0,11,77,0,0,0,2,145572.0,109.98,0,168.96,82.59,46.88,0.0,2.22,0.0,0.0,60.0,60.0,0,0,0,0.0,-73.3
2337,145572.0,2001.0,79.5,70,-48.0,42.65,0.33,14.12,0,2,0,0,13,70,0,0,0,2,145572.0,109.98,0,174.08,82.59,46.88,0.0,2.22,0.0,0.0,60.0,60.0,0,0,0,0.0,-73.3
2338,144317.07,1057.0,79.5,70,-48.0,42.65,0.32,13.92,1,0,0,0,15,74,0,0,1,0,144317.07,108.96,0,179.2,82.59,46.88,0.0,2.27,0.0,0.0,60.0,60.0,0,0,0,0.0,-73.3
2339,144317.07,1017.0,79.5,70,-48.0,43.58,0.33,14.12,0,2,0,0,25,94,0,0,1,0,144317.07,108.96,0,184.32,82.59,46.88,0.0,2.22,0.0,0.0,60.0,60.0,0,0,0,0.0,-73.3
2340,141807.2,1608.81,79.5,70,-48.0,37.49,0.27,14.12,0,0,4,0,59,138,0,0,0,0,141807.2,108.96,0,188.42,82.59,46.88,0.0,2.22,0.0,0.0,60.0,60.0,0,0,0,0.0,-73.3
2341,138042.41,1504.56,79.5,70,-48.0,28.12,0.17,13.92,1,2,4,0,156,150,0,0,1,2,138042.41,108.95,0,208.9,82.59,46.88,0.0,2.27,0.0,0.0,60.0,60.0,0,0,0,0.0,-72.65
2342,138042.41,568.62,79.5,70,-48.0,28.59,0.17,14.12,0,0,0,0,167,157,0,0,1,2,138042.41,108.95,0,233.47,82.59,46.88,0.0,2.22,0.0,0.0,60.0,60.0,0,0,0,0.0,-72.65
2343,136787.48,96.59,79.5,70,-48.0,27.65,0.17,14.12,0,2,4,0,167,156,0,0,0,2,136787.48,108.95,0,235.52,82.59,46.88,0.0,2.22,0.0,0.0,60.0,60.0,0,0,0,0.0,-72.65
2344,138042.41,16.62,79.5,70,-48.0,27.65,0.17,14.12,0,2,0,0,164,153,0,0,1,2,138042.41,108.95,0,237.57,82.59,46.88,0.0,2.22,0.0,0.0,60.0,60.0,0,0,0,0.0,-72.65
2345,158121.31,896.91,79.5,70,-48.0,38.43,0.25,14.02,1,2,4,0,153,147,0,0,1,2,158121.31,108.96,0,237.57,82.59,46.88,0.0,2.24,0.0,0.0,60.0,60.0,0,0,0,0.0,-72.97
2346,150591.72,985.16,79.5,70,-48.0,44.52,0.36,13.92,0,0,0,0,159,144,0,0,0,0,150591.72,108.96,0,211.97,82.59,46.88,0.0,2.27,0.0,0.0,60.0,60.0,0,0,0,0.0,-73.62
2347,143062.13,113.06,79.5,70,-48.0,44.99,0.36,14.02,0,0,4,0,179,170,0,0,1,0,143062.13,107.93,0,196.61,82.59,46.88,0.0,2.24,0.0,0.0,60.0,60.0,0,0,0,0.0,-73.3
2348,143062.13,993.06,79.5,70,-48.0,45.46,0.37,14.12,1,2,0,0,172,174,0,0,1,0,143062.13,107.93,0,197.63,82.59,46.88,0.0,2.22,0.0,0.0,60.0,60.0,0,0,0,0.0,-73.3
2349,149336.79,1473.47,79.5,70,-48.0,52.95,0.53,13.92,1,2,4,0,144,170,0,0,1,2,149336.79,107.93,0,194.56,82.59,46.88,0.0,2.27,0.0,0.0,60.0,60.0,0,0,0,0.0,-73.62
2350,146826.93,193.34,79.5,70,-48.0,53.89,0.53,13.92,1,0,0,0,17,159,0,0,0,2,146826.93,107.93,0,188.42,82.59,46.88,0.0,2.27,0.0,0.0,60.0,60.0,0,0,0,0.0,-73.62
2351,145572.0,1217.34,79.5,70,-48.0,52.95,0.53,14.12,0,0,4,0,11,62,0,0,1,0,145572.0,107.93,0,190.46,82.59,46.88,0.0,2.22,0.0,0.0,60.0,60.0,0,0,0,0.0,-73.62
2352,136787.48,1944.69,79.5,70,-48.0,37.96,0.27,14.12,0,0,4,0,12,23,0,0,0,2,136787.48,106.9,0,200.7,82.59,46.88,0.0,2.22,0.0,0.0,60.0,60.0,0,0,0,0.0,-72.97
2353,131767.76,1360.59,79.5,70,-48.0,33.27,0.21,13.92,1,2,4,0,101,30,0,0,0,0,131767.76,106.9,0,232.45,82.59,46.88,0.0,2.27,0.0,0.0,60.0,60.0,0,0,0,0.0,-72.65
2354,141807.2,968.41,79.5,70,-48.0,22.49,0.13,13.92,0,0,4,0,165,93,0,0,0,0,141807.2,106.9,0,246.78,82.59,46.88,0.0,2.27,0.0,0.0,60.0,60.0,0,0,0,0.0,-72.65
2355,161886.1,184.41,79.5,70,-48.0,22.49,0.13,14.12,1,2,0,0,172,140,0,0,0,0,161886.1,106.9,0,258.05,82.59,46.88,0.0,2.22,0.0,0.0,60.0,60.0,0,0,0,0.0,-72.33
2356,176945.27,1928.44,79.5,70,-48.0,22.49,0.13,14.12,0,0,0,0,161,157,0,0,0,2,176945.27,107.92,0,261.12,82.59,46.88,0.0,2.22,0.0,0.0,60.0,60.0,0,0,0,0.0,-72.33
2357,186984.72,1872.44,79.5,70,-48.0,22.49,0.13,14.12,1,2,4,0,126,157,0,0,0,2,186984.72,107.92,0,261.12,82.59,46.88,0.0,2.22,0.0,0.0,60.0,60.0,0,0,0,0.0,-72.33
2358,195769.24,24.41,79.5,70,-48.0,22.03,0.12,14.02,1,2,0,0,129,154,0,0,0,2,195769.24,107.93,0,261.12,82.59,46.88,0.0,2.24,0.0,0.0,60.0,60.0,0,0,0,0.0,-72.33
2359,197024.17,448.44,80.25,70,-48.0,22.03,0.13,14.02,1,0,4,0,151,153,0,0,0,2,197024.17,107.93,0,261.12,82.59,46.88,0.0,2.24,0.0,0.0,60.0,60.0,0,0,0,0.0,-72.33
2360,195769.24,288.44,80.25,70,-48.0,21.56,0.12,14.12,1,0,4,0,154,151,0,0,0,2,195769.24,107.93,0,261.12,82.59,46.88,0.0,2.22,0.0,0.0,60.0,60.0,0,0,0,0.0,-72.33
2361,195769.24,832.44,80.25,70,-48.0,21.56,0.12,13.92,0,0,4,0,152,153,0,0,0,2,195769.24,108.95,0,261.12,82.59,46.88,0.0,2.27,0.0,0.0,60.0,60.0,0,0,0,0.0,-72.33
2362,195769.24,920.44,80.25,70,-48.0,21.56,0.12,14.02,0,2,4,0,131,155,0,0,0,2,195769.24,108.95,0,261.12,82.59,46.88,0.0,2.24,0.0,0.0,60.0,60.0,0,0,0,0.0,-72.33
2363,197024.17,968.44,80.25,70,-48.0,21.56,0.12,14.12,1,0,0,0,39,156,0,0,0,2,197024.17,108.96,0,261.12,82.59,46.88,0.0,2.22,0.0,0.0,60.0,60.0,0,0,0,0.0,-72.33
2364,197024.17,1072.44,80.25,70,-48.0,20.62,0.12,13.92,0,0,0,0,17,156,0,0,0,2,197024.17,108.96,0,261.12,82.59,46.88,0.0,2.27,0.0,0.0,60.0,60.0,0,0,0,0.0,-72.65
2365,200788.96,1304.47,80.25,70,-48.0,21.56,0.12,14.12,1,0,0,0,14,155,0,0,0,0,200788.96,109.98,0,261.12,82.59,46.88,0.0,2.22,0.0,0.0,60.0,60.0,0,0,0,0.0,-72.65
2366,223377.72,928.44,80.25,70,-48.0,19.21,0.11,14.12,0,0,0,0,13,153,0,0,1,0,223377.72,109.98,0,261.12,82.59,46.88,0.0,2.22,0.0,0.0,60.0,60.0,0,0,0,0.0,-72.65
2367,220867.86,536.41,80.25,70,-48.0,17.34,0.1,13.92,1,0,0,0,15,150,0,0,0,0,220867.86,109.98,0,261.12,82.59,46.88,0.0,2.27,0.0,0.0,60.0,60.0,0,0,0,0.0,-72.65
2368,223377.72,168.41,80.25,70,-48.0,16.87,0.1,13.92,0,2,4,0,17,147,0,0,1,0,223377.72,109.98,0,261.12,82.59,46.88,0.0,2.27,0.0,0.0,60.0,60.0,0,0,0,0.0,-72.65
2369,219612.92,1832.41,80.25,70,-48.0,16.4,0.09,14.02,0,0,4,0,19,146,0,0,1,2,219612.92,111.01,0,261.12,82.59,46.88,0.0,2.24,0.0,0.0,60.0,60.0,0,0,0,0.0,-72.65
2370,220867.86,1872.41,80.25,70,-48.0,16.4,0.09,14.12,1,2,0,0,47,145,0,0,0,0,220867.86,111.01,0,261.12,82.59,46.88,0.0,2.22,0.0,0.0,60.0,60.0,0,0,0,0.0,-72.65
2371,219612.92,1912.41,80.25,70,-48.0,15.93,0.09,13.92,1,2,4,0,153,144,0,0,1,2,219612.92,111.01,0,261.12,82.59,46.88,0.0,2.27,0.0,0.0,60.0,60.0,0,0,0,0.0,-72.65
2372,219612.92,1880.41,80.25,70,-48.0,15.93,0.09,13.92,1,0,0,0,171,144,0,0,1,2,219612.92,111.01,0,261.12,82.59,46.88,0.0,2.27,0.0,0.0,60.0,60.0,0,0,0,0.0,-72.65
2373,219612.92,1832.41,80.25,70,-48.0,15.46,0.09,14.02,1,2,4,0,174,144,0,0,1,2,219612.92,111.01,0,261.12,82.59,46.88,0.0,2.24,0.0,0.0,60.0,60.0,0,0,0,0.0,-72.65
2374,218357.99,80.44,80.25,70,-48.0,16.4,0.09,14.02,1,0,4,0,173,144,0,0,1,2,218357.99,112.04,0,261.12,82.59,46.88,0.0,2.24,0.0,0.0,60.0,60.0,0,0,0,0.0,-72.65
2375,218357.99,688.44,80.25,70,-48.0,15.93,0.09,13.92,0,2,4,0,170,144,0,0,1,2,218357.99,112.04,0,261.12,82.59,46.88,0.0,2.27,0.0,0.0,60.0,60.0,0,0,0,0.0,-72.65
2376,218357.99,1184.44,80.25,70,-48.0,15.93,0.09,14.02,1,0,0,0,166,143,0,0,1,2,218357.99,112.04,0,261.12,82.59,46.88,0.0,2.24,0.0,0.0,60.0,60.0,0,0,0,0.0,-72.65
2377,218357.99,1480.44,80.25,70,-48.0,15.93,0.09,14.02,1,0,0,0,164,143,0,0,1,2,218357.99,112.04,0,261.12,82.59,46.88,0.0,2.24,0.0,0.0,60.0,60.0,0,0,0,0.0,-72.65
2378,218357.99,1328.44,80.25,70,-48.0,15.46,0.09,13.92,1,2,4,0,162,143,0,0,1,2,218357.99,113.06,0,261.12,82.59,46.88,0.0,2.27,0.0,0.0,60.0,60.0,0,0,0,0.0,-72.65
2379,218357.99,1312.44,80.25,70,-48.0,15.93,0.09,13.92,1,0,4,0,160,142,0,0,1,2,218357.99,113.06,0,261.12,82.59,46.88,0.0,2.27,0.0,0.0,60.0,60.0,0,0,0,0.0,-72.65
2380,217103.06,1744.47,80.25,70,-48.0,15.93,0.09,14.12,1,0,4,0,155,142,0,0,0,2,217103.06,113.06,0,261.12,82.59,46.88,0.0,2.22,0.0,0.0,60.0,60.0,0,0,0,0.0,-72.65
2381,217103.06,408.47,80.25,70,-48.0,15.93,0.09,14.12,0,0,4,0,117,142,0,0,0,2,217103.06,113.06,0,261.12,82.59,46.88,0.0,2.22,0.0,0.0,60.0,60.0,0,0,0,0.0,-72.65
2382,217103.06,920.5,80.25,70,-48.0,16.87,0.1,13.92,1,2,0,0,47,142,0,0,0,2,217103.06,113.06,0,261.12,82.59,46.88,0.0,2.27,0.0,0.0,60.0,60.0,0,0,0,0.0,-72.65
2383,217103.06,1120.47,80.25,70,-48.0,16.4,0.09,13.92,0,2,4,0,24,141,0,0,0,2,217103.06,113.06,0,261.12,82.59,46.88,0.0,2.27,0.0,0.0,60.0,60.0,0,0,0,0.0,-72.65
2384,217103.06,1064.47,80.25,70,-48.0,16.4,0.09,14.02,1,2,0,0,20,141,0,0,0,2,217103.06,113.06,0,261.12,19.96,44.92,0.0,2.24,0.0,0.0,60.0,60.0,0,0,0,0.0,-72.65
2385,215848.13,1168.47,80.25,70,-48.0,16.4,0.09,14.12,1,2,0,0,27,142,0,0,0,2,215848.13,113.07,0,261.12,19.96,44.92,0.0,2.22,0.0,0.0,60.0,60.0,0,0,0,0.0,-72.65
2386,215848.13,1472.5,80.25,70,-48.0,16.4,0.09,13.92,0,2,4,0,89,143,0,0,0,2,215848.13,113.07,0,261.12,19.96,44.92,0.0,2.27,0.0,0.0,60.0,60.0,0,0,0,0.0,-72.65
2387,215848.13,1784.5,80.25,70,-48.0,16.4,0.09,14.02,0,0,4,0,154,145,0,0,0,2,215848.13,112.04,0,261.12,19.96,44.92,0.0,2.24,0.0,0.0,60.0,60.0,0,0,0,0.0,-72.65
2388,215848.13,1888.47,80.25,70,-48.0,15.93,0.09,14.02,1,0,4,0,164,147,0,0,0,2,215848.13,112.04,0,260.1,19.96,44.92,0.0,2.24,0.0,0.0,60.0,60.0,0,0,0,0.0,-72.65
2389,213338.27,48.5,80.25,70,-48.0,16.4,0.09,14.02,1,0,0,0,166,149,0,0,1,0,213338.27,112.04,0,261.12,19.96,44.92,0.0,2.24,0.0,0.0,60.0,60.0,0,0,0,0.0,-72.65
2390,214593.2,592.5,80.25,70,-48.0,16.4,0.09,13.92,1,2,4,0,163,151,0,0,1,0,214593.2,112.04,0,261.12,19.96,44.92,0.0,2.27,0.0,0.0,60.0,60.0,0,0,0,0.0,-72.65
2391,214593.2,768.5,80.25,70,-48.0,16.4,0.09,14.02,1,2,4,0,157,153,0,0,1,0,214593.2,112.04,0,256.0,19.96,44.92,0.0,2.24,0.0,0.0,60.0,60.0,0,0,0,0.0,-72.65
2392,214593.2,680.5,80.25,70,-48.0,15.93,0.09,14.02,0,2,4,0,144,153,0,0,1,0,214593.2,112.04,0,252.93,19.96,44.92,0.0,2.24,0.0,0.0,60.0,60.0,0,0,0,0.0,-72.65
2393,213338.27,1056.53,80.25,70,-48.0,16.4,0.09,13.92,1,0,4,0,91,153,0,0,1,0,213338.27,112.04,0,251.9,19.96,44.92,0.0,2.27,0.0,0.0,60.0,60.0,0,0,0,0.0,-72.65
2394,212083.34,2016.53,80.25,70,-48.0,16.4,0.1,13.92,1,2,0,0,32,153,0,0,0,0,212083.34,112.04,0,244.74,19.96,44.92,0.0,2.27,0.0,0.0,60.0,60.0,0,0,0,0.0,-72.65
2395,213338.27,272.53,80.25,70,-48.0,16.4,0.09,14.12,1,2,0,0,18,152,0,0,1,0,213338.27,112.04,0,237.57,19.96,44.92,0.0,2.22,0.0,0.0,60.0,60.0,0,0,0,0.0,-72.65
2396,212083.34,376.53,81.0,70,-48.0,16.4,0.09,13.92,1,2,0,0,16,152,0,0,0,0,212083.34,111.02,0,238.59,19.97,44.92,0.0,2.27,0.0,0.0,60.0,60.0,0,0,0,0.0,-72.65
2397,212083.34,688.53,81.0,70,-48.0,15.93,0.09,14.02,0,2,0,0,21,152,0,0,0,0,212083.34,111.02,0,234.5,19.97,44.92,0.0,2.24,0.0,0.0,60.0,60.0,0,0,0,0.0,-72.65
2398,212083.34,688.53,81.0,70,-48.0,16.4,0.09,14.02,0,0,0,0,32,151,0,0,0,0,212083.34,111.02,0,233.47,19.97,44.92,0.0,2.24,0.0,0.0,60.0,60.0,0,0,0,0.0,-72.65
2399,212083.34,1048.53,81.0,70,-48.0,16.4,0.09,14.02,0,0,0,0,97,150,0,0,0,0,212083.34,111.02,0,231.42,19.97,44.92,0.0,2.24,0.0,0.0,60.0,60.0,0,0,0,0.0,-72.65
2400,212083.34,1200.53,81.0,70,-48.0,16.87,0.09,13.82,1,2,0,0,153,150,0,0,0,0,212083.34,112.04,0,230.4,19.97,44.92,0.0,2.3,0.0,0.0,60.0,60.0,0,0,0,0.0,-72.65
2401,212083.34,1256.53,81.0,70,-48.0,16.4,0.09,13.92,0,0,0,0,165,150,0,0,0,0,212083.34,112.04,0,228.35,19.97,44.92,0.0,2.27,0.0,0.0,60.0,60.0,0,0,0,0.0,-72.65
2402,210828.41,1160.53,81.0,70,-48.0,16.4,0.09,14.02,1,2,0,0,170,151,0,0,0,0,210828.41,112.04,0,232.45,19.97,44.92,0.0,2.24,0.0,0.0,60.0,60.0,0,0,0,0.0,-72.65
2403,210828.41,1424.56,81.0,70,-48.0,16.4,0.09,14.12,0,0,4,0,168,153,0,0,0,0,210828.41,112.04,0,233.47,19.97,44.92,0.0,2.22,0.0,0.0,60.0,60.0,0,0,0,0.0,-72.65
2404,210828.41,1544.56,81.0,70,-48.0,16.4,0.09,13.82,1,0,0,0,165,156,0,0,0,0,210828.41,112.04,0,231.42,19.97,44.92,0.0,2.3,0.0,0.0,60.0,60.0,0,0,0,0.0,-72.65
2405,212083.34,1584.53,81.0,70,-48.0,16.4,0.09,13.92,0,2,4,0,159,158,0,0,0,0,212083.34,112.04,0,226.3,19.97,44.92,0.0,2.27,0.0,0.0,60.0,60.0,0,0,0,0.0,-72.65
2406,212083.34,1568.53,81.0,70,-48.0,15.93,0.09,14.12,1,0,0,0,150,158,0,0,0,0,212083.34,112.04,0,227.33,19.97,44.92,0.0,2.22,0.0,0.0,60.0,60.0,0,0,0,0.0,-72.65
2407,212083.34,1560.53,81.0,70,-48.0,16.4,0.09,14.12,1,2,0,0,120,158,0,0,0,0,212083.34,112.04,0,228.35,19.97,44.92,0.0,2.22,0.0,0.0,60.0,60.0,0,0,0,0.0,-72.65
2408,210828.41,1488.53,81.0,70,-48.0,15.93,0.09,13.82,1,2,0,0,46,157,0,0,0,0,210828.41,112.04,0,229.38,19.97,44.92,0.0,2.3,0.0,0.0,60.0,60.0,0,0,0,0.0,-72.65
2409,212083.34,1424.53,81.0,70,-48.0,16.87,0.09,14.02,0,2,0,0,26,156,0,0,0,0,212083.34,112.04,0,226.3,19.97,44.92,0.0,2.24,0.0,0.0,60.0,60.0,0,0,0,0.0,-72.65
2410,212083.34,1256.53,81.0,70,-48.0,15.93,0.09,14.12,1,0,4,0,20,155,0,0,0,0,212083.34,112.04,0,226.3,19.97,44.92,0.0,2.22,0.0,0.0,60.0,60.0,0,0,0,0.0,-72.65
2411,212083.34,1256.53,81.0,70,-48.0,15.93,0.09,13.82,0,0,4,0,19,154,0,0,0,0,212083.34,112.04,0,224.26,19.97,44.92,0.0,2.3,0.0,0.0,60.0,60.0,0,0,0,0.0,-72.65
2412,210828.41,1560.53,81.0,70,-48.0,16.4,0.09,13.92,1,2,0,0,26,153,0,0,0,0,210828.41,112.04,0,226.3,19.97,44.92,0.0,2.27,0.0,0.0,60.0,60.0,0,0,0,0.0,-72.65
2413,210828.41,1688.53,81.0,70,-48.0,15.93,0.09,14.02,0,2,0,0,39,152,0,0,0,0,210828.41,112.04,0,224.26,19.97,44.92,0.0,2.24,0.0,0.0,60.0,60.0,0,0,0,0.0,-72.65
2414,210828.41,1560.53,81.0,70,-48.0,16.4,0.09,13.82,1,0,4,0,101,152,0,0,0,0,210828.41,112.04,0,223.23,19.97,44.92,0.0,2.3,0.0,0.0,60.0,60.0,0,0,0,0.0,-72.65
2415,210828.41,1408.53,81.0,70,-48.0,15.93,0.09,13.82,0,0,0,0,134,151,0,0,0,0,210828.41,112.04,0,218.11,19.97,44.92,0.0,2.3,0.0,0.0,60.0,60.0,0,0,0,0.0,-72.65
2416,210828.41,1600.53,81.0,70,-48.0,15.93,0.09,14.02,1,0,0,0,141,151,0,0,0,0,210828.41,112.04,0,216.06,19.97,44.92,0.0,2.24,0.0,0.0,60.0,60.0,0,0,0,0.0,-72.65
2417,209573.48,1968.56,81.0,70,-48.0,16.4,0.1,13.92,0,2,4,0,148,150,0,0,1,2,209573.48,112.04,0,212.99,19.97,44.92,0.0,2.27,0.0,0.0,60.0,60.0,0,0,0,0.0,-72.65
2418,208318.55,416.56,81.0,70,-48.0,15.93,0.09,13.82,1,2,0,0,137,150,0,0,1,2,208318.55,112.04,0,212.99,19.97,44.92,0.0,2.3,0.0,0.0,60.0,60.0,0,0,0,0.0,-72.65
2419,208318.55,720.56,81.0,70,-48.0,15.93,0.09,13.92,1,2,4,0,40,149,0,0,1,2,208318.55,112.04,0,212.99,19.97,44.92,0.0,2.27,0.0,0.0,60.0,60.0,0,0,0,0.0,-72.65
2420,209573.48,664.53,81.0,70,-48.0,15.93,0.09,14.12,1,2,0,0,19,149,0,0,1,2,209573.48,112.04,0,210.94,19.97,44.92,0.0,2.22,0.0,0.0,60.0,60.0,0,0,0,0.0,-72.65
2421,210828.41,528.53,81.0,70,-48.0,15.93,0.09,14.12,0,2,0,0,16,148,0,0,0,0,210828.41,112.04,0,206.85,19.97,44.92,0.0,2.22,0.0,0.0,60.0,60.0,0,0,0,0.0,-72.65
2422,210828.41,344.53,81.75,71,-48.0,15.93,0.09,13.82,0,2,4,0,15,148,0,0,0,0,210828.41,111.01,0,206.85,19.97,44.92,0.0,2.3,0.0,0.0,60.0,60.0,0,0,0,0.0,-72.65
2423,210828.41,104.53,81.75,71,-48.0,15.93,0.09,14.02,1,0,4,0,16,148,0,0,0,0,210828.41,111.01,0,207.87,19.97,44.92,0.0,2.24,0.0,0.0,60.0,60.0,0,0,0,0.0,-72.65
2424,210828.41,192.56,81.75,71,-48.0,15.93,0.09,14.12,0,0,0,0,33,148,0,0,0,0,210828.41,111.02,0,208.9,19.97,44.92,0.0,2.22,0.0,0.0,60.0,60.0,0,0,0,0.0,-72.65
2425,209573.48,344.56,81.75,71,-48.0,15.93,0.09,14.02,0,2,4,0,117,148,0,0,1,2,209573.48,111.02,0,209.92,19.97,44.92,0.0,2.24,0.0,0.0,60.0,60.0,0,0,0,0.0,-72.65
2426,209573.48,608.56,81.75,71,-48.0,16.4,0.09,13.92,0,0,4,0,157,150,0,0,1,2,209573.48,111.02,0,210.94,19.97,44.92,0.0,2.27,0.0,0.0,60.0,60.0,0,0,0,0.0,-72.65
2427,209573.48,584.56,81.75,71,-48.0,16.4,0.09,14.02,1,0,4,0,168,152,0,0,1,2,209573.48,111.02,0,212.99,19.97,44.92,0.0,2.24,0.0,0.0,60.0,60.0,0,0,0,0.0,-72.65
2428,209573.48,784.56,81.75,71,-48.0,15.93,0.09,13.82,0,0,0,0,170,154,0,0,1,2,209573.48,111.02,0,211.97,19.97,44.92,0.0,2.3,0.0,0.0,60.0,60.0,0,0,0,0.0,-72.65
2429,208318.55,832.56,81.75,71,-48.0,15.93,0.09,14.02,0,2,4,0,166,154,0,0,1,2,208318.55,111.02,0,211.97,19.97,44.92,0.0,2.24,0.0,0.0,60.0,60.0,0,0,0,0.0,-72.65
2430,209573.48,632.56,81.75,71,-48.0,15.93,0.09,14.02,0,2,0,0,161,155,0,0,1,2,209573.48,112.04,0,210.94,19.97,44.92,0.0,2.24,0.0,0.0,60.0,60.0,0,0,0,0.0,-72.65
2431,208318.55,752.56,81.75,71,-48.0,16.4,0.09,13.82,1,0,4,0,153,155,0,0,1,2,208318.55,112.04,0,210.94,19.97,44.92,0.0,2.3,0.0,0.0,60.0,60.0,0,0,0,0.0,-72.65
2432,208318.55,848.53,81.75,71,-48.0,15.93,0.09,14.02,0,0,0,0,109,154,0,0,1,2,208318.55,112.04,0,211.97,19.97,44.92,0.0,2.24,0.0,0.0,60.0,60.0,0,0,0,0.0,-72.65
2433,208318.55,736.56,81.75,71,-48.0,15.93,0.09,13.92,1,0,4,0,41,154,0,0,1,2,208318.55,112.04,0,210.94,19.97,44.92,0.0,2.27,0.0,0.0,60.0,60.0,0,0,0,0.0,-72.65
2434,209573.48,744.56,81.75,71,-48.0,15.93,0.09,13.82,0,0,4,0,27,153,0,0,1,2,209573.48,112.04,0,207.87,19.97,44.92,0.0,2.3,0.0,0.0,60.0,60.0,0,0,0,0.0,-72.65
2435,210828.41,480.56,81.75,71,-48.0,15.93,0.09,13.82,0,0,4,0,25,153,0,0,0,0,210828.41,111.01,0,204.8,19.97,44.92,0.0,2.3,0.0,0.0,60.0,60.0,0,0,0,0.0,-72.65
2436,210828.41,416.53,81.75,71,-48.0,15.93,0.09,14.02,0,0,4,0,29,152,0,0,0,0,210828.41,111.01,0,204.8,19.97,44.92,0.0,2.24,0.0,0.0,60.0,60.0,0,0,0,0.0,-72.65
2437,209573.48,368.56,81.75,71,-48.0,16.4,0.09,13.92,0,2,4,0,54,152,0,0,1,2,209573.48,111.01,0,206.85,19.97,44.92,0.0,2.27,0.0,0.0,60.0,60.0,0,0,0,0.0,-72.65
2438,210828.41,808.56,81.75,71,-48.0,15.93,0.1,13.82,0,0,0,0,150,152,0,0,0,0,210828.41,111.01,0,206.85,19.97,44.92,0.0,2.3,0.0,0.0,60.0,60.0,0,0,0,0.0,-72.65
2439,203298.82,152.91,81.75,71,-48.0,28.12,0.16,13.92,0,2,0,0,161,153,0,0,1,0,203298.82,111.01,0,204.8,19.97,44.92,0.0,2.27,0.0,0.0,60.0,60.0,0,0,0,0.0,-72.97
2440,188239.65,1313.09,81.75,71,-48.0,34.21,0.23,14.12,0,0,0,0,156,154,0,0,1,2,188239.65,111.01,0,174.08,19.99,44.92,0.0,2.22,0.0,0.0,60.0,60.0,0,0,0,0.0,-73.62
2441,155611.44,32.91,81.75,71,-48.0,36.55,0.25,13.92,1,2,0,0,166,153,0,0,0,2,155611.44,111.01,0,133.12,20.03,44.92,0.0,2.27,0.0,0.0,60.0,60.0,0,0,0,0.0,-73.3
2442,149336.79,928.5,81.75,71,-48.0,23.43,0.14,13.92,1,2,4,0,159,159,0,0,1,2,149336.79,111.01,0,134.14,20.03,44.92,0.0,2.27,0.0,0.0,60.0,60.0,0,0,0,0.0,-72.97
2443,200788.96,1920.53,81.75,71,-48.0,21.56,0.12,14.12,0,2,0,0,157,159,0,0,0,0,200788.96,111.01,0,168.96,19.99,44.92,0.0,2.22,0.0,0.0,60.0,60.0,0,0,0,0.0,-72.65
2444,173180.48,272.72,81.75,71,-48.0,22.49,0.13,13.92,1,0,0,0,107,159,0,0,1,0,173180.48,112.03,0,216.06,19.98,44.92,0.0,2.27,0.0,0.0,60.0,60.0,0,0,0,0.0,-72.65
2445,214593.2,616.53,81.75,71,-48.0,17.81,0.1,14.02,1,2,4,0,14,158,0,0,1,0,214593.2,112.03,0,218.11,39.94,39.84,0.0,2.24,0.0,0.0,60.0,60.0,0,0,0,0.0,-72.65
2446,214593.2,1688.53,81.75,71,-48.0,16.87,0.1,14.02,0,0,0,0,7,141,0,0,1,0,214593.2,112.04,0,219.14,39.94,39.84,0.0,2.24,0.0,0.0,60.0,60.0,0,0,0,0.0,-72.65
2447,213338.27,1448.59,81.75,71,-48.0,18.28,0.1,14.12,1,0,0,0,10,98,0,0,1,0,213338.27,112.04,0,226.3,39.94,39.84,0.0,2.22,0.0,0.0,60.0,60.0,0,0,0,0.0,-72.65
2448,213338.27,1352.56,81.75,71,-48.0,17.81,0.1,13.92,1,2,4,0,12,97,0,0,1,0,213338.27,112.04,0,224.26,39.94,39.84,0.0,2.27,0.0,0.0,60.0,60.0,0,0,0,0.0,-72.65
2449,213338.27,288.53,81.75,71,-48.0,16.4,0.09,14.12,0,0,0,0,12,87,0,0,1,0,213338.27,112.04,0,220.16,39.94,39.84,0.0,2.22,0.0,0.0,60.0,60.0,0,0,0,0.0,-72.65
2450,212083.34,136.56,81.75,71,-48.0,17.81,0.1,14.02,1,2,4,0,13,64,0,0,0,0,212083.34,112.04,0,222.21,39.94,39.84,0.0,2.24,0.0,0.0,60.0,60.0,0,0,0,0.0,-72.65
2451,212083.34,672.56,81.75,71,-48.0,16.87,0.1,13.82,0,2,0,0,14,50,0,0,0,0,212083.34,112.04,0,220.16,39.94,39.84,0.0,2.3,0.0,0.0,60.0,60.0,0,0,0,0.0,-72.65
2452,212083.34,544.56,81.75,71,-48.0,16.4,0.1,13.92,1,0,0,0,14,42,0,0,0,0,212083.34,112.04,0,217.09,39.94,39.84,0.0,2.27,0.0,0.0,60.0,60.0,0,0,0,0.0,-72.65
2453,210828.41,640.56,81.75,71,-48.0,17.34,0.1,14.12,1,2,4,0,16,39,0,0,0,0,210828.41,112.04,0,215.04,39.94,39.84,0.0,2.22,0.0,0.0,60.0,60.0,0,0,0,0.0,-72.65
2454,210828.41,1040.56,81.75,71,-48.0,17.34,0.1,14.02,0,2,4,0,18,40,0,0,0,0,210828.41,112.04,0,214.02,39.94,39.84,0.0,2.24,0.0,0.0,60.0,60.0,0,0,0,0.0,-72.65
2455,210828.41,1008.56,81.75,71,-48.0,15.93,0.09,13.92,1,2,0,0,46,44,0,0,0,0,210828.41,112.04,0,208.9,39.94,39.84,0.0,2.27,0.0,0.0,60.0,60.0,0,0,0,0.0,-72.65
2456,210828.41,872.56,81.75,71,-48.0,15.93,0.09,14.02,0,0,0,0,105,46,0,0,0,0,210828.41,112.04,0,203.78,39.94,39.84,0.0,2.24,0.0,0.0,60.0,60.0,0,0,0,0.0,-72.65
2457,210828.41,536.56,81.75,71,-48.0,15.93,0.09,14.02,0,2,0,0,153,48,0,0,0,0,210828.41,111.02,0,200.7,39.94,39.84,0.0,2.24,0.0,0.0,60.0,60.0,0,0,0,0.0,-72.65
2458,210828.41,384.56,81.75,71,-48.0,15.93,0.09,13.82,0,2,0,0,164,50,0,0,0,0,210828.41,111.02,0,197.63,39.94,39.84,0.0,2.3,0.0,0.0,60.0,60.0,0,0,0,0.0,-72.65
2459,209573.48,432.56,81.75,71,-48.0,16.4,0.09,13.92,0,0,4,0,166,52,0,0,1,2,209573.48,111.02,0,197.63,39.94,39.84,0.0,2.27,0.0,0.0,60.0,60.0,0,0,0,0.0,-72.65
2460,208318.55,552.56,81.75,71,-48.0,15.93,0.09,14.12,0,0,0,0,161,53,0,0,1,2,208318.55,111.02,0,197.63,39.94,39.84,0.0,2.22,0.0,0.0,60.0,60.0,0,0,0,0.0,-72.65
2461,209573.48,936.56,81.75,71,-48.0,16.4,0.09,13.92,0,2,0,0,153,54,0,0,1,2,209573.48,111.02,0,196.61,39.94,39.84,0.0,2.27,0.0,0.0,60.0,60.0,0,0,0,0.0,-72.65
2462,207063.61,640.5,81.75,71,-48.0,13.59,0.08,13.82,0,2,0,0,138,55,0,0,0,2,207063.61,111.02,0,195.58,39.94,39.84,0.0,2.3,0.0,0.0,60.0,60.0,0,0,0,0.0,-72.65
2463,207063.61,752.47,81.75,71,-48.0,12.18,0.07,14.12,0,2,0,0,65,56,0,0,0,2,207063.61,111.02,0,223.23,39.94,39.84,0.0,2.22,0.0,0.0,60.0,60.0,0,0,0,0.0,-72.65
2464,210828.41,1824.53,81.75,71,-48.0,15.46,0.09,14.02,0,0,0,0,82,57,0,0,0,0,210828.41,111.02,0,240.64,39.94,39.84,0.0,2.24,0.0,0.0,60.0,60.0,0,0,0,0.0,-72.65
2465,213338.27,2008.5,81.75,71,-48.0,15.46,0.09,14.12,0,0,0,0,157,57,0,0,1,0,213338.27,112.04,0,244.74,39.94,39.84,0.0,2.22,0.0,0.0,60.0,60.0,0,0,0,0.0,-72.65
2466,214593.2,1352.5,81.75,71,-48.0,15.46,0.09,13.92,1,0,4,0,155,59,0,0,1,0,214593.2,112.04,0,246.78,39.94,39.84,0.0,2.27,0.0,0.0,60.0,60.0,0,0,0,0.0,-72.65
2467,215848.13,536.47,81.75,71,-48.0,15.46,0.09,14.02,0,2,4,0,149,60,0,0,0,2,215848.13,112.04,0,249.86,39.94,39.84,0.0,2.24,0.0,0.0,60.0,60.0,0,0,0,0.0,-72.65
2468,215848.13,1984.47,81.75,71,-48.0,15.93,0.09,14.12,1,2,0,0,149,61,0,0,0,2,215848.13,112.04,0,250.88,39.94,39.84,0.0,2.22,0.0,0.0,60.0,60.0,0,0,0,0.0,-72.65
2469,214593.2,24.5,81.75,71,-48.0,15.93,0.09,13.92,0,2,4,0,68,62,0,0,1,0,214593.2,112.04,0,250.88,39.94,39.84,0.0,2.27,0.0,0.0,60.0,60.0,0,0,0,0.0,-72.65
2470,214593.2,248.5,81.75,71,-48.0,15.93,0.09,14.12,0,0,0,0,26,63,0,0,1,0,214593.2,113.06,0,248.83,39.94,39.84,0.0,2.22,0.0,0.0,60.0,60.0,0,0,0,0.0,-72.65
2471,214593.2,376.5,81.75,71,-48.0,15.93,0.09,14.12,1,2,0,0,18,64,0,0,1,0,214593.2,113.06,0,248.83,39.94,39.84,0.0,2.22,0.0,0.0,60.0,60.0,0,0,0,0.0,-72.65
2472,215848.13,448.5,81.75,71,-48.0,16.4,0.09,13.92,0,2,4,0,22,65,0,0,0,2,215848.13,113.06,0,248.83,39.94,39.84,0.0,2.27,0.0,0.0,60.0,60.0,0,0,0,0.0,-72.65
2473,215848.13,1056.53,81.75,71,-48.0,18.28,0.1,14.12,1,2,0,0,114,69,0,0,0,2,215848.13,113.06,0,247.81,39.94,39.84,0.0,2.22,0.0,0.0,60.0,60.0,0,0,0,0.0,-72.65
2474,200788.96,656.47,81.75,71,-48.0,16.4,0.09,14.12,0,0,0,0,162,88,0,0,0,0,200788.96,114.09,0,246.78,39.94,39.84,0.0,2.22,0.0,0.0,60.0,60.0,0,0,0,0.0,-72.65
2475,218357.99,2008.44,81.75,71,-48.0,15.93,0.09,13.92,1,0,0,0,164,113,0,0,1,2,218357.99,114.09,0,251.9,39.94,39.84,0.0,2.27,0.0,0.0,60.0,60.0,0,0,0,0.0,-72.65
2476,213338.27,1192.47,81.75,71,-48.0,15.46,0.09,13.92,0,2,4,0,168,126,0,0,1,0,213338.27,114.09,0,254.98,39.94,39.84,0.0,2.27,0.0,0.0,60.0,60.0,0,0,0,0.0,-72.65
2477,212083.34,1808.5,81.75,71,-48.0,15.46,0.09,13.92,0,2,4,0,162,137,0,0,0,0,212083.34,114.09,0,252.93,39.94,39.84,0.0,2.27,0.0,0.0,60.0,60.0,0,0,0,0.0,-72.65
2478,210828.41,808.5,81.75,71,-48.0,15.93,0.09,14.02,0,0,4,0,127,144,0,0,0,0,210828.41,114.09,0,251.9,39.94,39.84,0.0,2.24,0.0,0.0,60.0,60.0,0,0,0,0.0,-72.65
2479,214593.2,696.5,81.75,71,-48.0,15.0,0.09,13.82,1,0,4,0,49,145,0,0,1,0,214593.2,115.11,0,248.83,39.94,39.84,0.0,2.3,0.0,0.0,60.0,60.0,0,0,0,0.0,-72.65
2480,214593.2,264.5,81.75,71,-48.0,15.0,0.09,13.82,0,2,0,0,35,146,0,0,1,0,214593.2,115.11,0,249.86,39.94,39.84,0.0,2.3,0.0,0.0,60.0,60.0,0,0,0,0.0,-72.65
2481,213338.27,632.5,81.75,71,-48.0,15.93,0.09,14.02,1,2,4,0,37,146,0,0,1,0,213338.27,115.11,0,240.64,39.94,39.84,0.0,2.24,0.0,0.0,60.0,60.0,0,0,0,0.0,-72.65
2482,212083.34,1576.53,81.75,71,-48.0,15.93,0.09,13.92,0,2,4,0,114,146,0,0,0,0,212083.34,115.11,0,233.47,39.94,39.84,0.0,2.27,0.0,0.0,60.0,60.0,0,0,0,0.0,-72.65
2483,210828.41,632.53,82.5,71,-48.0,15.46,0.09,13.92,0,0,0,0,152,146,0,0,0,0,210828.41,116.14,0,215.04,39.94,39.84,0.0,2.27,0.0,0.0,60.0,60.0,0,0,0,0.0,-72.65
2484,205808.68,1280.56,82.5,71,-48.0,15.93,0.09,14.02,0,0,0,0,159,147,0,0,0,2,205808.68,116.14,0,193.54,39.94,39.84,0.0,2.24,0.0,0.0,60.0,60.0,0,0,0,0.0,-72.65
2485,197024.17,144.59,82.5,71,-48.0,15.93,0.09,13.92,1,0,0,0,163,150,0,0,0,2,197024.17,116.14,0,163.84,39.94,39.84,0.0,2.27,0.0,0.0,60.0,60.0,0,0,0,0.0,-72.65
2486,194514.3,1152.59,82.5,71,-48.0,15.93,0.09,13.82,1,0,0,0,162,153,0,0,1,0,194514.3,116.14,0,139.26,39.94,39.84,0.0,2.3,0.0,0.0,60.0,60.0,0,0,0,0.0,-72.65
2487,202043.89,1872.59,82.5,71,-48.0,15.93,0.09,13.82,0,0,4,0,151,155,0,0,0,0,202043.89,117.16,0,135.17,39.94,39.84,0.0,2.3,0.0,0.0,60.0,60.0,0,0,0,0.0,-72.65
2488,203298.82,264.59,82.5,71,-48.0,15.93,0.09,13.92,0,0,0,0,75,156,0,0,1,0,203298.82,117.16,0,124.93,39.94,39.84,0.0,2.27,0.0,0.0,60.0,60.0,0,0,0,0.0,-72.65
2489,203298.82,320.59,82.5,71,-48.0,15.46,0.09,14.02,1,0,4,0,22,156,0,0,1,0,203298.82,117.16,0,104.45,39.94,39.84,0.0,2.24,0.0,0.0,60.0,60.0,0,0,0,0.0,-72.65
2490,208318.55,1344.56,82.5,71,-48.0,15.0,0.09,13.92,1,0,0,0,14,155,0,0,1,2,208318.55,117.16,0,98.3,39.94,39.84,0.0,2.27,0.0,0.0,60.0,60.0,0,0,0,0.0,-72.65
2491,207063.61,1376.56,82.5,71,-48.0,15.46,0.09,13.82,0,2,0,0,12,153,0,0,0,2,207063.61,117.16,0,93.18,39.94,39.84,0.0,2.3,0.0,0.0,60.0,60.0,0,0,0,0.0,-72.65
2492,204553.75,1624.59,82.5,71,-48.0,15.46,0.09,14.02,0,0,0,0,11,152,0,0,1,0,204553.75,118.18,0,86.02,39.94,39.84,0.0,2.24,0.0,0.0,60.0,60.0,0,0,0,0.0,-72.65
2493,204553.75,1800.56,82.5,71,-48.0,15.46,0.09,14.02,1,0,4,0,10,150,0,0,1,0,204553.75,118.18,0,75.78,39.94,39.84,0.0,2.24,0.0,0.0,60.0,60.0,0,0,0,0.0,-72.65
2494,204553.75,568.59,82.5,71,-48.0,15.46,0.09,13.82,1,2,0,0,11,146,0,0,1,0,204553.75,118.18,0,63.49,39.94,39.84,0.0,2.3,0.0,0.0,60.0,60.0,0,0,0,0.0,-72.65
2495,204553.75,584.56,82.5,71,-48.0,15.0,0.09,13.82,0,2,4,0,12,143,0,0,1,0,204553.75,118.18,0,53.25,39.94,39.84,0.0,2.3,0.0,0.0,60.0,60.0,0,0,0,0.0,-72.65
2496,205808.68,184.56,82.5,71,-48.0,15.46,0.09,14.12,0,2,4,0,17,143,0,0,0,2,205808.68,119.21,0,40.96,39.94,39.84,0.0,2.22,0.0,0.0,60.0,60.0,0,0,0,0.0,-72.65
2497,204553.75,440.59,81.75,71,-48.0,15.0,0.09,14.02,1,2,4,0,76,142,0,0,1,0,204553.75,119.21,0,29.7,39.94,39.84,0.0,2.24,0.0,0.0,60.0,60.0,0,0,0,0.0,-72.65
2498,205808.68,296.56,81.75,71,-48.0,15.0,0.09,13.82,1,2,0,0,136,141,0,0,0,2,205808.68,119.21,0,18.43,39.94,39.84,0.0,2.3,0.0,0.0,60.0,60.0,0,0,0,0.0,-72.65
2499,207063.61,1584.56,82.5,72,-48.0,15.0,0.09,13.82,0,2,4,0,161,141,0,0,0,2,207063.61,119.21,0,0.0,39.94,39.84,0.0,2.3,0.0,0.0,60.0,60.0,0,0,0,0.0,-72.65
2500,207063.61,248.53,82.5,72,-48.0,14.06,0.09,14.02,0,2,4,0,168,141,0,0,0,2,207063.61,119.21,0,0.0,39.94,39.84,0.0,2.24,0.0,0.0,60.0,60.0,0,0,0,0.0,-72.65
2501,204553.75,840.56,82.5,72,-48.0,15.0,0.09,14.02,1,0,4,0,169,142,0,0,1,0,204553.75,120.23,0,0.0,39.94,39.84,0.0,2.24,0.0,0.0,60.0,60.0,0,0,0,0.0,-72.65
2502,197024.17,1128.56,82.5,72,-48.0,14.53,0.09,13.92,0,2,0,0,163,143,0,0,0,2,197024.17,120.23,0,0.0,39.94,39.84,0.0,2.27,0.0,0.0,60.0,60.0,0,0,0,0.0,-72.65
2503,199534.03,1768.56,82.5,72,-48.0,15.0,0.09,13.92,1,0,4,0,148,143,0,0,1,2,199534.03,120.23,0,0.0,39.94,39.84,0.0,2.27,0.0,0.0,60.0,60.0,0,0,0,0.0,-72.65
2504,202043.89,1728.59,82.5,72,-48.0,15.0,0.09,14.02,0,0,0,0,66,143,0,0,0,0,202043.89,120.23,0,0.0,39.94,39.84,0.0,2.24,0.0,0.0,60.0,60.0,0,0,0,0.0,-72.65
2505,200788.96,1928.56,82.5,72,-48.0,14.53,0.09,14.02,0,2,0,0,29,143,0,0,0,0,200788.96,121.26,0,0.0,39.94,39.84,0.0,2.24,0.0,0.0,60.0,60.0,0,0,0,0.0,-72.65
2506,205808.68,1528.56,82.5,72,-48.0,15.0,0.09,13.92,0,2,4,0,23,144,0,0,0,2,205808.68,121.26,0,0.0,39.94,39.84,0.0,2.27,0.0,0.0,60.0,60.0,0,0,0,0.0,-72.65
2507,208318.55,96.53,82.5,72,-48.0,14.53,0.09,14.12,1,0,4,0,24,145,0,0,1,2,208318.55,121.26,0,26.62,39.94,39.84,0.0,2.22,0.0,0.0,60.0,60.0,0,0,0,0.0,-72.65
2508,208318.55,704.56,82.5,72,-48.0,15.0,0.09,14.02,0,0,4,0,24,146,0,0,1,2,208318.55,121.26,0,45.06,39.94,39.84,0.0,2.24,0.0,0.0,60.0,60.0,0,0,0,0.0,-72.65
2509,195769.24,928.84,82.5,72,-48.0,24.37,0.13,13.92,0,2,0,0,20,146,0,0,0,2,195769.24,122.28,0,61.44,39.94,39.84,0.0,2.27,0.0,0.0,60.0,60.0,0,0,0,0.0,-72.97
2510,179455.13,1392.88,82.5,72,-48.0,27.65,0.17,14.12,1,0,0,0,16,146,0,0,1,2,179455.13,122.28,0,70.66,39.96,39.84,0.0,2.22,0.0,0.0,60.0,60.0,0,0,0,0.0,-73.3
2511,154356.51,368.78,82.5,72,-48.0,28.59,0.18,14.12,1,0,0,0,88,147,0,0,1,0,154356.51,122.28,0,76.8,39.97,39.84,0.0,2.22,0.0,0.0,60.0,60.0,0,0,0,0.0,-72.97
2512,154356.51,832.97,82.5,72,-48.0,35.15,0.24,13.82,1,2,4,0,172,161,0,0,1,0,154356.51,122.28,0,92.16,77.97,46.48,0.0,2.3,0.0,0.0,60.0,60.0,0,0,0,0.0,-73.3
2513,151846.65,1136.88,82.5,72,-48.0,35.62,0.24,14.12,0,2,0,0,164,162,0,0,0,0,151846.65,122.28,0,110.59,78.0,46.48,0.0,2.22,0.0,0.0,60.0,60.0,0,0,0,0.0,-73.3
2514,148081.86,1336.75,82.5,72,-48.0,32.34,0.21,14.02,0,0,0,0,154,158,0,0,1,2,148081.86,121.25,0,132.1,78.0,46.48,0.0,2.24,0.0,0.0,60.0,60.0,0,0,0,0.0,-72.97
2515,146826.93,1240.75,82.5,72,-48.0,30.93,0.2,13.82,1,0,0,0,64,153,0,0,0,2,146826.93,121.25,0,156.67,77.98,46.48,0.0,2.3,0.0,0.0,60.0,60.0,0,0,0,0.0,-72.97
2516,146826.93,976.78,82.5,72,-48.0,31.87,0.2,13.92,1,2,4,0,29,149,0,0,0,2,146826.93,121.25,0,179.2,77.97,46.48,0.0,2.27,0.0,0.0,60.0,60.0,0,0,0,0.0,-72.97
2517,148081.86,696.44,82.5,72,-48.0,20.15,0.12,14.02,0,2,0,0,16,137,0,0,1,2,148081.86,121.25,0,196.61,77.97,46.48,0.0,2.24,0.0,0.0,60.0,60.0,0,0,0,0.0,-72.65
2518,150591.72,1488.44,82.5,72,-48.0,19.21,0.11,14.12,1,0,4,0,67,132,0,0,0,0,150591.72,120.22,0,219.14,77.94,46.48,0.0,2.22,0.0,0.0,60.0,60.0,0,0,0,0.0,-72.65
2519,154356.51,1640.47,82.5,72,-48.0,18.75,0.11,13.92,1,0,4,0,164,138,0,0,1,0,154356.51,120.22,0,239.62,77.92,46.48,0.0,2.27,0.0,0.0,60.0,60.0,0,0,0,0.0,-72.65
2520,158121.31,1032.44,82.5,72,-48.0,17.34,0.1,13.82,1,0,0,0,84,138,0,0,1,2,158121.31,120.23,0,246.78,77.92,46.48,0.0,2.3,0.0,0.0,60.0,60.0,0,0,0,0.0,-72.65
2521,161886.1,1984.44,82.5,72,-48.0,16.4,0.1,14.02,1,0,4,0,19,137,0,0,0,0,161886.1,120.23,0,244.74,77.92,46.48,0.0,2.24,0.0,0.0,60.0,60.0,0,0,0,0.0,-72.65
2522,165650.89,1344.44,82.5,72,-48.0,15.46,0.09,13.92,0,0,4,0,14,130,0,0,0,2,165650.89,120.23,0,242.69,77.92,46.48,0.0,2.27,0.0,0.0,60.0,60.0,0,0,0,0.0,-72.65
2523,169415.68,1136.44,82.5,71,-48.0,15.46,0.09,13.92,1,2,0,0,14,113,0,0,1,2,169415.68,119.2,0,243.71,77.91,46.48,0.0,2.27,0.0,0.0,60.0,60.0,0,0,0,0.0,-72.65
2524,171925.55,1224.47,82.5,71,-48.0,15.93,0.09,13.82,0,2,0,0,17,103,0,0,0,0,171925.55,119.2,0,241.66,77.91,46.48,0.0,2.3,0.0,0.0,60.0,60.0,0,0,0,0.0,-72.65
2525,175690.34,1888.47,82.5,72,-48.0,15.93,0.09,14.02,1,0,4,0,61,111,0,0,0,2,175690.34,119.21,0,239.62,77.91,46.48,0.0,2.24,0.0,0.0,60.0,60.0,0,0,0,0.0,-72.65
2526,178200.2,632.5,82.5,72,-48.0,16.4,0.09,14.02,0,0,0,0,139,113,0,0,1,2,178200.2,119.21,0,239.62,77.91,46.48,0.0,2.24,0.0,0.0,60.0,60.0,0,0,0,0.0,-72.65
2527,180710.06,1336.47,82.5,72,-48.0,15.46,0.09,14.12,1,0,4,0,166,114,0,0,0,0,180710.06,118.18,0,238.59,77.91,46.48,0.0,2.22,0.0,0.0,60.0,60.0,0,0,0,0.0,-72.65
2528,184474.86,1424.47,82.5,72,-48.0,15.0,0.09,13.92,1,2,0,0,173,116,0,0,1,0,184474.86,118.18,0,234.5,77.91,46.48,0.0,2.27,0.0,0.0,60.0,60.0,0,0,0,0.0,-72.65
2529,186984.72,1360.47,82.5,72,-48.0,15.0,0.09,13.92,0,0,0,0,175,124,0,0,0,2,186984.72,118.18,0,232.45,77.91,46.48,0.0,2.27,0.0,0.0,60.0,60.0,0,0,0,0.0,-72.65
2530,189494.58,1552.47,82.5,72,-48.0,15.46,0.09,14.02,0,0,0,0,175,136,0,0,1,2,189494.58,118.18,0,235.52,5.89,49.22,0.0,2.24,0.0,0.0,60.0,60.0,0,0,0,0.0,-72.65
2531,193259.37,1760.5,82.5,72,-48.0,15.46,0.09,14.02,0,0,0,0,175,143,0,0,1,0,193259.37,118.18,0,236.54,5.89,49.22,0.0,2.24,0.0,0.0,60.0,60.0,0,0,0,0.0,-72.65
2532,195769.24,1880.5,82.5,72,-48.0,15.46,0.09,13.82,0,2,0,0,173,154,0,0,0,2,195769.24,118.18,0,235.52,5.89,49.22,0.0,2.3,0.0,0.0,60.0,60.0,0,0,0,0.0,-72.65
2533,198279.1,72.5,82.5,72,-48.0,15.46,0.09,14.02,0,0,4,0,172,161,0,0,1,2,198279.1,118.18,0,237.57,5.89,49.22,0.0,2.24,0.0,0.0,60.0,60.0,0,0,0,0.0,-72.65
2534,202043.89,280.5,82.5,72,-48.0,15.46,0.09,14.02,0,2,0,0,171,165,0,0,0,0,202043.89,118.18,0,239.62,5.89,49.22,0.0,2.24,0.0,0.0,60.0,60.0,0,0,0,0.0,-72.65
2535,204553.75,560.5,82.5,72,-48.0,15.93,0.09,14.02,1,0,4,0,170,166,0,0,1,0,204553.75,118.18,0,238.59,5.89,49.22,0.0,2.24,0.0,0.0,60.0,60.0,0,0,0,0.0,-72.65
2536,207063.61,928.5,82.5,72,-48.0,15.93,0.09,13.82,0,2,0,0,169,167,0,0,0,2,207063.61,118.18,0,237.57,5.89,49.22,0.0,2.3,0.0,0.0,60.0,60.0,0,0,0,0.0,-72.65
2537,194514.3,1889.25,82.5,72,-48.0,34.68,0.23,14.12,0,2,4,0,168,168,0,0,1,0,194514.3,118.18,0,229.38,5.89,49.22,0.0,2.22,0.0,0.0,60.0,60.0,0,0,0,0.0,-73.3
2538,165650.89,488.78,82.5,72,-48.0,29.52,0.2,13.92,0,2,0,0,160,165,0,0,0,2,165650.89,118.18,0,180.22,5.96,49.22,0.0,2.27,0.0,0.0,60.0,60.0,0,0,0,0.0,-73.3
2539,166905.82,1504.38,82.5,72,-48.0,17.81,0.1,13.92,1,2,0,0,176,168,0,0,0,2,166905.82,118.18,0,184.32,5.93,49.22,0.0,2.27,0.0,0.0,60.0,60.0,0,0,0,0.0,-72.65
2540,170670.62,1816.47,82.5,72,-48.0,18.28,0.1,14.02,1,2,4,0,175,171,0,0,0,0,170670.62,117.16,0,227.33,5.9,49.22,0.0,2.24,0.0,0.0,60.0,60.0,0,0,0,0.0,-72.65
2541,175690.34,1024.69,82.5,72,-48.0,24.37,0.14,14.12,0,0,0,0,160,170,0,0,0,2,175690.34,117.16,0,250.88,5.89,49.22,0.0,2.22,0.0,0.0,60.0,60.0,0,0,0,0.0,-72.65
2542,165650.89,1912.66,82.5,72,-48.0,24.84,0.15,14.02,1,2,4,0,73,168,0,0,0,2,165650.89,117.15,0,231.42,5.91,49.22,0.0,2.24,0.0,0.0,60.0,60.0,0,0,0,0.0,-72.97
2543,149336.79,1400.94,82.5,72,-48.0,35.15,0.22,13.82,0,0,4,0,75,165,0,0,1,2,149336.79,117.15,0,219.14,5.92,49.22,0.0,2.3,0.0,0.0,60.0,60.0,0,0,0,0.0,-72.97
2544,155611.44,1265.03,82.5,72,-48.0,38.9,0.28,14.02,1,0,4,0,119,161,0,0,0,2,155611.44,117.15,0,203.78,5.98,49.22,0.0,2.24,0.0,0.0,60.0,60.0,0,0,0,0.0,-73.3
2545,146826.93,1320.91,82.5,72,-48.0,39.36,0.28,14.02,1,0,0,0,153,156,0,0,0,2,146826.93,116.13,0,193.54,6.02,49.22,0.0,2.24,0.0,0.0,60.0,60.0,0,0,0,0.0,-73.3
2546,148081.86,1752.38,82.5,72,-48.0,20.15,0.12,13.92,1,0,4,0,166,154,0,0,1,2,148081.86,116.13,0,208.9,5.98,49.22,0.0,2.27,0.0,0.0,60.0,60.0,0,0,0,0.0,-72.65
2547,200788.96,1152.44,82.5,72,-48.0,19.21,0.11,14.02,0,0,0,0,169,158,0,0,0,0,200788.96,116.13,0,251.9,5.92,49.22,0.0,2.24,0.0,0.0,60.0,60.0,0,0,0,0.0,-72.33
2548,200788.96,760.47,82.5,72,-48.0,19.21,0.11,14.02,0,0,4,0,149,158,0,0,0,0,200788.96,116.13,0,261.12,5.9,49.22,0.0,2.24,0.0,0.0,60.0,60.0,0,0,0,0.0,-72.65
2549,200788.96,2016.5,82.5,72,-48.0,18.75,0.11,13.82,0,0,4,0,33,155,0,0,0,0,200788.96,115.11,0,260.1,5.9,49.22,0.0,2.3,0.0,0.0,60.0,60.0,0,0,0,0.0,-72.65
2550,212083.34,152.5,82.5,72,-48.0,17.81,0.1,13.92,0,0,0,0,11,112,0,0,0,0,212083.34,115.11,0,260.1,5.89,49.22,0.0,2.27,0.0,0.0,60.0,60.0,0,0,0,0.0,-72.65
2551,212083.34,1200.53,82.5,72,-48.0,17.81,0.1,14.02,1,2,0,0,8,46,0,0,0,0,212083.34,115.11,0,256.0,5.89,49.22,0.0,2.24,0.0,0.0,60.0,60.0,0,0,0,0.0,-72.65
2552,215848.13,1688.5,82.5,72,-48.0,16.4,0.1,14.02,1,2,0,0,8,22,0,0,0,2,215848.13,115.11,0,253.95,5.89,49.22,0.0,2.24,0.0,0.0,60.0,60.0,0,0,0,0.0,-72.65
2553,217103.06,1336.5,82.5,72,-48.0,16.87,0.1,13.82,1,0,0,0,9,15,0,0,0,2,217103.06,114.09,0,249.86,5.89,49.22,0.0,2.3,0.0,0.0,60.0,60.0,0,0,0,0.0,-72.65
2554,215848.13,1384.5,82.5,72,-48.0,16.4,0.1,13.82,1,2,0,0,13,14,0,0,0,2,215848.13,114.09,0,249.86,5.89,49.22,0.0,2.3,0.0,0.0,60.0,60.0,0,0,0,0.0,-72.65
2555,213338.27,1464.5,82.5,72,-48.0,15.93,0.09,13.92,1,2,0,0,30,16,0,0,1,0,213338.27,114.09,0,239.62,5.89,49.22,0.0,2.27,0.0,0.0,60.0,60.0,0,0,0,0.0,-72.65
2556,210828.41,1880.53,82.5,72,-48.0,16.87,0.1,13.82,0,0,0,0,81,17,0,0,0,0,210828.41,114.09,0,240.64,5.89,49.22,0.0,2.3,0.0,0.0,60.0,60.0,0,0,0,0.0,-72.65
2557,213338.27,64.5,82.5,72,-48.0,15.93,0.09,13.92,1,2,4,0,116,19,0,0,1,0,213338.27,114.09,0,236.54,5.89,49.22,0.0,2.27,0.0,0.0,60.0,60.0,0,0,0,0.0,-72.65
2558,213338.27,16.53,82.5,72,-48.0,16.4,0.09,14.02,1,2,4,0,152,20,0,0,1,0,213338.27,115.12,0,235.52,5.89,49.22,0.0,2.24,0.0,0.0,60.0,60.0,0,0,0,0.0,-72.65
2559,213338.27,288.5,82.5,72,-48.0,15.93,0.09,14.02,0,2,4,0,164,22,0,0,1,0,213338.27,115.12,0,235.52,5.89,49.22,0.0,2.24,0.0,0.0,60.0,60.0,0,0,0,0.0,-72.65
2560,213338.27,88.47,82.5,72,-48.0,15.0,0.09,13.92,1,0,4,0,167,24,0,0,1,0,213338.27,115.11,0,235.52,5.89,49.22,0.0,2.27,0.0,0.0,60.0,60.0,0,0,0,0.0,-72.65
2561,213338.27,1872.5,82.5,72,-48.0,15.46,0.09,14.02,0,0,0,0,166,26,0,0,1,0,213338.27,115.11,0,236.54,5.89,49.22,0.0,2.24,0.0,0.0,60.0,60.0,0,0,0,0.0,-72.65
2562,199534.03,1600.72,82.5,72,-48.0,22.03,0.13,14.02,1,2,4,0,165,27,0,0,1,2,199534.03,116.14,0,235.52,5.89,49.22,0.0,2.24,0.0,0.0,60.0,60.0,0,0,0,0.0,-72.97
2563,175690.34,1752.66,82.5,72,-48.0,23.43,0.13,13.82,0,0,4,0,162,28,0,0,0,2,175690.34,116.14,0,215.04,5.9,49.22,0.0,2.3,0.0,0.0,60.0,60.0,0,0,0,0.0,-72.97
2564,160631.17,761.09,82.5,72,-48.0,35.15,0.23,13.92,1,0,0,0,170,31,0,0,0,0,160631.17,116.13,0,204.8,5.91,49.22,0.0,2.27,0.0,0.0,60.0,60.0,0,0,0,0.0,-72.97
2565,156866.38,1793.0,82.5,72,-48.0,37.02,0.26,14.02,0,2,0,0,142,58,0,0,0,2,156866.38,116.13,0,187.39,56.44,46.88,0.0,2.24,0.0,0.0,60.0,60.0,0,0,0,0.0,-73.3
2566,148081.86,384.91,82.5,72,-48.0,36.55,0.26,14.02,0,2,4,0,126,80,0,0,1,2,148081.86,115.11,0,178.18,56.5,46.88,0.0,2.24,0.0,0.0,60.0,60.0,0,0,0,0.0,-73.3
2567,146826.93,272.94,82.5,72,-48.0,40.3,0.28,13.82,1,0,4,0,31,92,0,0,0,2,146826.93,115.11,0,189.44,56.5,46.88,0.0,2.3,0.0,0.0,60.0,60.0,0,0,0,0.0,-73.3
2568,149336.79,1521.19,82.5,72,-48.0,46.39,0.39,14.02,0,0,0,0,9,18,0,0,1,2,149336.79,115.11,0,194.56,56.66,46.88,0.0,2.24,0.0,0.0,60.0,60.0,0,0,0,0.0,-73.62
2569,143062.13,1177.09,82.5,72,-48.0,46.39,0.4,14.12,1,2,0,0,13,11,0,0,1,0,143062.13,115.1,0,192.51,56.67,46.88,0.0,2.22,0.0,0.0,60.0,60.0,0,0,0,0.0,-73.3
2570,143062.13,1977.09,82.5,72,-48.0,46.86,0.4,14.12,0,0,0,0,9,7,0,0,1,0,143062.13,115.1,0,206.85,56.66,46.88,0.0,2.22,0.0,0.0,60.0,60.0,0,0,0,0.0,-73.3
2571,140552.27,753.09,82.5,72,-48.0,47.8,0.41,13.92,0,0,4,0,9,7,0,0,0,0,140552.27,114.08,0,218.11,56.62,46.88,0.0,2.27,0.0,0.0,60.0,60.0,0,0,0,0.0,-73.3
2572,134277.62,952.44,82.5,72,-48.0,28.12,0.18,14.02,1,2,0,0,10,8,0,0,1,0,134277.62,114.08,0,227.33,56.59,46.88,0.0,2.24,0.0,0.0,60.0,60.0,0,0,0,0.0,-72.97
2573,153101.58,1744.38,82.5,72,-48.0,22.49,0.13,14.02,0,0,4,0,112,14,0,0,1,0,153101.58,114.08,0,256.0,56.44,46.88,0.0,2.24,0.0,0.0,60.0,60.0,0,0,0,0.0,-72.33
2574,171925.55,1768.38,82.5,72,-48.0,22.96,0.13,13.92,0,2,0,0,161,53,0,0,0,0,171925.55,114.08,0,261.12,56.44,46.88,0.0,2.27,0.0,0.0,60.0,60.0,0,0,0,0.0,-72.33
2575,185729.79,816.41,82.5,72,-48.0,22.03,0.13,13.92,0,2,0,0,74,73,0,0,0,2,185729.79,115.11,0,261.12,56.43,46.88,0.0,2.27,0.0,0.0,60.0,60.0,0,0,0,0.0,-72.33
2576,194514.3,1896.44,82.5,72,-48.0,20.62,0.12,14.12,0,0,0,0,12,61,0,0,1,0,194514.3,115.11,0,261.12,56.42,46.88,0.0,2.22,0.0,0.0,60.0,60.0,0,0,0,0.0,-72.65
2577,200788.96,640.47,82.5,72,-48.0,21.09,0.12,14.12,1,2,0,0,13,19,0,0,0,0,200788.96,115.11,0,261.12,56.41,46.88,0.0,2.22,0.0,0.0,60.0,60.0,0,0,0,0.0,-72.65
2578,200788.96,1384.47,82.5,72,-48.0,20.62,0.12,14.02,0,0,4,0,57,17,0,0,0,0,200788.96,115.11,0,260.1,56.4,46.88,0.0,2.24,0.0,0.0,60.0,60.0,0,0,0,0.0,-72.65
2579,215848.13,2024.47,82.5,72,-48.0,18.28,0.11,13.82,0,2,4,0,49,20,0,0,0,2,215848.13,115.11,0,261.12,56.39,46.88,0.0,2.3,0.0,0.0,60.0,60.0,0,0,0,0.0,-72.65
2580,213338.27,656.47,82.5,72,-48.0,17.34,0.1,14.02,1,2,0,0,23,22,0,0,1,0,213338.27,114.09,0,259.07,56.39,46.88,0.0,2.24,0.0,0.0,60.0,60.0,0,0,0,0.0,-72.65
2581,214593.2,1248.5,82.5,72,-48.0,17.34,0.1,13.82,0,0,4,0,123,24,0,0,1,0,214593.2,114.09,0,254.98,56.38,46.88,0.0,2.3,0.0,0.0,60.0,60.0,0,0,0,0.0,-72.65
2582,214593.2,1816.5,82.5,72,-48.0,16.87,0.1,14.12,0,2,4,0,172,25,0,0,1,0,214593.2,114.09,0,253.95,56.38,46.88,0.0,2.22,0.0,0.0,60.0,60.0,0,0,0,0.0,-72.65
2583,214593.2,80.5,82.5,72,-48.0,16.4,0.09,14.02,1,0,4,0,178,27,0,0,1,0,214593.2,114.09,0,252.93,56.38,46.88,0.0,2.24,0.0,0.0,60.0,60.0,0,0,0,0.0,-72.65
2584,213338.27,360.5,82.5,72,-48.0,16.4,0.09,13.92,1,0,4,0,179,29,0,0,1,0,213338.27,114.09,0,226.3,56.38,46.88,0.0,2.27,0.0,0.0,60.0,60.0,0,0,0,0.0,-72.65
2585,189494.58,1464.56,82.5,72,-48.0,16.4,0.09,14.02,0,0,4,0,179,40,0,0,1,2,189494.58,114.09,0,215.04,56.38,46.88,0.0,2.24,0.0,0.0,60.0,60.0,0,0,0,0.0,-72.65
2586,183219.93,784.59,82.5,72,-48.0,16.4,0.09,14.02,0,0,4,0,179,71,0,0,1,0,183219.93,114.09,0,192.51,56.38,46.88,0.0,2.24,0.0,0.0,60.0,60.0,0,0,0,0.0,-72.65
2587,188239.65,264.59,82.5,72,-48.0,16.4,0.09,14.02,0,0,4,0,179,120,0,0,1,2,188239.65,114.09,0,162.82,56.38,46.88,0.0,2.24,0.0,0.0,60.0,60.0,0,0,0,0.0,-72.65
2588,204553.75,1136.59,82.5,72,-48.0,15.93,0.09,13.82,1,0,4,0,178,158,0,0,1,0,204553.75,115.11,0,137.22,56.38,46.88,0.0,2.3,0.0,0.0,60.0,60.0,0,0,0,0.0,-72.65
2589,203298.82,1656.59,82.5,72,-48.0,16.4,0.09,13.82,1,2,0,0,175,167,0,0,1,0,203298.82,115.11,0,106.5,56.38,46.88,0.0,2.3,0.0,0.0,60.0,60.0,0,0,0,0.0,-72.65
2590,205808.68,1592.62,82.5,72,-48.0,16.87,0.1,14.02,0,0,0,0,172,169,0,0,0,2,205808.68,115.11,0,76.8,56.38,46.88,0.0,2.24,0.0,0.0,60.0,60.0,0,0,0,0.0,-72.65
2591,205808.68,1792.59,82.5,72,-48.0,16.4,0.09,13.82,1,0,4,0,170,169,0,0,0,2,205808.68,115.11,0,50.18,56.38,46.88,0.0,2.3,0.0,0.0,60.0,60.0,0,0,0,0.0,-72.65
2592,207063.61,1080.56,82.5,72,-48.0,15.46,0.09,13.82,1,2,0,0,168,169,0,0,0,2,207063.61,115.11,0,25.6,56.38,46.88,0.0,2.3,0.0,0.0,60.0,60.0,0,0,0,0.0,-72.65
2593,207063.61,512.59,82.5,72,-48.0,15.93,0.09,14.02,0,0,4,0,169,168,0,0,0,2,207063.61,116.14,0,0.0,56.38,46.88,0.0,2.24,0.0,0.0,60.0,60.0,0,0,0,0.0,-72.65
2594,208318.55,336.59,82.5,72,-48.0,16.4,0.09,14.02,1,0,4,0,167,168,0,0,1,2,208318.55,116.14,0,0.0,56.38,46.88,0.0,2.24,0.0,0.0,60.0,60.0,0,0,0,0.0,-72.65
2595,208318.55,1640.56,82.5,72,-48.0,15.46,0.09,13.92,1,2,0,0,163,168,0,0,1,2,208318.55,116.14,0,0.0,56.38,46.88,0.0,2.27,0.0,0.0,60.0,60.0,0,0,0,0.0,-72.65
2596,204553.75,248.59,82.5,72,-48.0,15.93,0.09,14.02,1,0,0,0,155,166,0,0,1,0,204553.75,116.14,0,0.0,56.38,46.88,0.0,2.24,0.0,0.0,60.0,60.0,0,0,0,0.0,-72.65
2597,199534.03,632.59,82.5,72,-48.0,15.46,0.09,13.92,0,2,0,0,143,166,0,0,1,2,199534.03,117.16,0,0.0,56.38,46.88,0.0,2.27,0.0,0.0,60.0,60.0,0,0,0,0.0,-72.65
2598,205808.68,464.56,82.5,72,-48.0,15.46,0.09,13.92,1,0,0,0,64,164,0,0,0,2,205808.68,117.16,0,0.0,56.38,46.88,0.0,2.27,0.0,0.0,60.0,60.0,0,0,0,0.0,-72.65
2599,205808.68,512.59,82.5,72,-48.0,15.93,0.09,14.12,1,2,4,0,31,162,0,0,0,2,205808.68,117.16,0,0.0,56.38,46.88,0.0,2.22,0.0,0.0,60.0,60.0,0,0,0,0.0,-72.65
2600,207063.61,56.59,82.5,72,-48.0,15.93,0.09,14.02,0,0,4,0,22,161,0,0,0,2,207063.61,117.16,0,0.0,56.38,46.88,0.0,2.24,0.0,0.0,60.0,60.0,0,0,0,0.0,-72.65
2601,205808.68,1064.59,82.5,72,-48.0,15.93,0.09,13.92,1,0,0,0,19,160,0,0,0,2,205808.68,118.18,0,0.0,56.38,46.88,0.0,2.27,0.0,0.0,60.0,60.0,0,0,0,0.0,-72.65
2602,208318.55,1832.56,82.5,72,-48.0,15.0,0.09,14.02,0,0,0,0,18,158,0,0,1,2,208318.55,118.18,0,0.0,56.38,46.88,0.0,2.24,0.0,0.0,60.0,60.0,0,0,0,0.0,-72.65
2603,207063.61,1984.59,82.5,72,-48.0,15.46,0.09,13.82,0,0,4,0,24,156,0,0,0,2,207063.61,118.18,0,0.0,56.38,46.88,0.0,2.3,0.0,0.0,60.0,60.0,0,0,0,0.0,-72.65
2604,204553.75,1552.56,82.5,72,-48.0,15.46,0.09,13.92,1,2,4,0,94,155,0,0,1,0,204553.75,118.18,0,0.0,56.38,46.88,0.0,2.27,0.0,0.0,60.0,60.0,0,0,0,0.0,-72.65
2605,204553.75,1432.56,82.5,72,-48.0,15.46,0.09,14.02,0,0,0,0,136,154,0,0,1,0,204553.75,119.21,0,0.0,56.38,46.88,0.0,2.24,0.0,0.0,60.0,60.0,0,0,0,0.0,-72.65
2606,204553.75,1704.56,83.25,72,-48.0,15.46,0.09,13.82,0,0,0,0,152,153,0,0,1,0,204553.75,119.21,0,0.0,56.38,46.88,0.0,2.3,0.0,0.0,60.0,60.0,0,0,0,0.0,-72.65
2607,204553.75,1816.59,83.25,72,-48.0,15.46,0.09,14.02,0,0,4,0,157,152,0,0,1,0,204553.75,119.21,0,0.0,56.38,46.88,0.0,2.24,0.0,0.0,60.0,60.0,0,0,0,0.0,-72.65
2608,207063.61,8.56,83.25,72,-48.0,15.0,0.09,13.92,1,2,0,0,154,151,0,0,0,2,207063.61,119.2,0,0.0,56.38,46.88,0.0,2.27,0.0,0.0,60.0,60.0,0,0,0,0.0,-72.65
2609,203298.82,152.59,83.25,72,-48.0,15.46,0.09,13.92,0,2,4,0,96,151,0,0,1,0,203298.82,119.2,0,0.0,56.38,46.88,0.0,2.27,0.0,0.0,60.0,60.0,0,0,0,0.0,-72.65
2610,204553.75,568.59,83.25,72,-48.0,15.93,0.09,14.02,0,0,0,0,36,151,0,0,1,0,204553.75,120.23,0,0.0,56.38,46.88,0.0,2.24,0.0,0.0,60.0,60.0,0,0,0,0.0,-72.65
2611,204553.75,1968.56,83.25,72,-48.0,15.0,0.09,13.92,0,2,4,0,24,151,0,0,1,0,204553.75,120.23,0,0.0,56.38,46.88,0.0,2.27,0.0,0.0,60.0,60.0,0,0,0,0.0,-72.65
2612,205808.68,2008.59,83.25,72,-48.0,15.46,0.09,14.02,1,0,4,0,26,152,0,0,0,2,205808.68,120.23,0,11.26,56.38,46.88,0.0,2.24,0.0,0.0,60.0,60.0,0,0,0,0.0,-72.65
2613,205808.68,152.59,83.25,72,-48.0,15.46,0.09,13.82,0,2,0,0,79,152,0,0,0,2,205808.68,120.23,0,27.65,56.38,46.88,0.0,2.3,0.0,0.0,60.0,60.0,0,0,0,0.0,-72.65
2614,209573.48,1904.56,83.25,72,-48.0,15.46,0.09,14.02,1,0,0,0,156,152,0,0,1,2,209573.48,121.26,0,45.06,56.38,46.88,0.0,2.24,0.0,0.0,60.0,60.0,0,0,0,0.0,-72.65
2615,207063.61,208.59,83.25,72,-48.0,15.93,0.09,14.12,0,0,0,0,167,153,0,0,0,2,207063.61,121.26,0,62.46,56.38,46.88,0.0,2.22,0.0,0.0,60.0,60.0,0,0,0,0.0,-72.65
2616,205808.68,200.59,83.25,72,-9.75,16.4,0.09,14.02,1,2,4,0,169,153,0,0,0,2,205808.68,121.25,0,79.87,56.38,46.88,0.0,2.24,0.0,0.0,60.0,60.0,0,0,0,0.0,-72.65
2617,207063.61,704.59,83.25,72,-9.75,16.4,0.09,14.02,0,0,4,0,166,153,0,0,0,2,207063.61,121.25,0,94.21,56.38,46.88,0.0,2.24,0.0,0.0,60.0,60.0,0,0,0,0.0,-72.65
2618,189494.58,936.97,83.25,72,-9.75,26.71,0.16,13.92,1,0,0,0,160,154,0,0,1,2,189494.58,121.25,0,103.42,56.39,46.88,0.0,2.27,0.0,0.0,60.0,60.0,0,0,0,0.0,-72.97
2619,170670.62,1808.81,83.25,73,-9.75,26.71,0.16,14.02,1,2,4,0,93,157,0,0,0,0,170670.62,122.28,0,102.4,56.4,46.88,0.0,2.24,0.0,0.0,60.0,60.0,0,0,0,0.0,-72.97
2620,148081.86,928.72,83.25,73,-9.75,27.65,0.17,14.12,1,2,4,0,158,161,0,0,1,2,148081.86,122.28,0,108.54,56.42,46.88,0.0,2.22,0.0,0.0,60.0,60.0,0,0,0,0.0,-72.97
2621,148081.86,848.75,83.25,72,-9.75,28.59,0.18,13.92,1,2,4,0,154,165,0,0,1,2,148081.86,122.27,0,125.95,56.42,46.88,0.0,2.27,0.0,0.0,60.0,60.0,0,0,0,0.0,-72.97
2622,148081.86,480.75,83.25,72,-9.75,28.59,0.18,14.02,0,0,0,0,38,163,0,0,1,2,148081.86,122.27,0,147.46,56.42,46.88,0.0,2.24,0.0,0.0,60.0,60.0,0,0,0,0.0,-72.97
2623,149336.79,1168.75,83.25,73,-9.75,29.05,0.18,14.02,0,0,0,0,13,154,0,0,1,2,149336.79,121.25,0,165.89,56.42,46.88,0.0,2.24,0.0,0.0,60.0,60.0,0,0,0,0.0,-72.97
2624,149336.79,352.53,83.25,73,-9.75,20.15,0.13,13.92,0,2,0,0,11,122,0,0,1,2,149336.79,121.25,0,177.15,56.42,46.88,0.0,2.27,0.0,0.0,60.0,60.0,0,0,0,0.0,-72.97
2625,153101.58,864.44,83.25,73,-17.25,17.81,0.1,13.92,0,2,0,0,24,100,0,0,1,0,153101.58,121.25,0,197.63,56.4,46.88,0.0,2.27,0.0,0.0,60.0,60.0,0,0,0,0.0,-72.65
2626,156866.38,416.5,83.25,73,-17.25,17.34,0.1,14.02,0,2,4,0,120,111,0,0,0,2,156866.38,121.25,0,229.38,56.39,46.88,0.0,2.24,0.0,0.0,60.0,60.0,0,0,0,0.0,-72.65
2627,159376.24,552.47,83.25,73,-17.25,17.34,0.1,14.02,0,0,4,0,103,118,0,0,1,2,159376.24,120.23,0,236.54,56.39,46.88,0.0,2.24,0.0,0.0,60.0,60.0,0,0,0,0.0,-72.65
2628,163141.03,1912.47,83.25,72,-17.25,16.4,0.1,13.92,1,0,0,0,25,122,0,0,1,0,163141.03,120.23,0,235.52,56.38,46.88,0.0,2.27,0.0,0.0,60.0,60.0,0,0,0,0.0,-72.65
2629,166905.82,768.47,83.25,72,-17.25,15.93,0.09,13.92,0,2,0,0,21,125,0,0,0,2,166905.82,120.23,0,240.64,56.38,46.88,0.0,2.27,0.0,0.0,60.0,60.0,0,0,0,0.0,-72.65
2630,169415.68,208.44,83.25,72,-23.25,15.93,0.09,14.02,1,0,0,0,54,127,0,0,1,2,169415.68,120.23,0,241.66,56.38,46.88,0.0,2.24,0.0,0.0,60.0,60.0,0,0,0,0.0,-72.65
2631,173180.48,1552.44,83.25,72,-23.25,15.46,0.09,14.12,0,2,4,0,150,128,0,0,1,0,173180.48,120.23,0,244.74,56.38,46.88,0.0,2.22,0.0,0.0,60.0,60.0,0,0,0,0.0,-72.65
2632,175690.34,1192.44,83.25,73,-23.25,14.53,0.09,13.82,1,2,0,0,166,129,0,0,0,2,175690.34,119.21,0,245.76,56.38,46.88,0.0,2.3,0.0,0.0,60.0,60.0,0,0,0,0.0,-72.65
2633,179455.13,1296.44,83.25,73,-23.25,15.93,0.09,14.02,1,0,0,0,169,131,0,0,1,2,179455.13,119.21,0,250.88,56.38,46.88,0.0,2.24,0.0,0.0,60.0,60.0,0,0,0,0.0,-72.65
2634,183219.93,1720.47,83.25,73,-28.5,15.46,0.09,14.02,0,0,0,0,169,133,0,0,1,0,183219.93,119.21,0,250.88,56.38,46.88,0.0,2.24,0.0,0.0,60.0,60.0,0,0,0,0.0,-72.65
2635,185729.79,112.47,83.25,73,-28.5,15.46,0.09,13.82,1,0,0,0,167,135,0,0,0,2,185729.79,119.21,0,250.88,56.38,46.88,0.0,2.3,0.0,0.0,60.0,60.0,0,0,0,0.0,-72.65
2636,189494.58,392.47,83.25,73,-28.5,15.46,0.09,13.82,0,2,4,0,165,136,0,0,1,2,189494.58,118.19,0,248.83,56.38,46.88,0.0,2.3,0.0,0.0,60.0,60.0,0,0,0,0.0,-72.65
2637,192004.44,528.47,83.25,73,-28.5,15.46,0.09,14.02,0,0,4,0,163,138,0,0,0,0,192004.44,118.19,0,245.76,56.38,46.88,0.0,2.24,0.0,0.0,60.0,60.0,0,0,0,0.0,-72.65
2638,195769.24,760.47,83.25,73,-32.25,15.46,0.09,13.82,0,0,4,0,154,139,0,0,0,2,195769.24,118.19,0,248.83,56.38,46.88,0.0,2.3,0.0,0.0,60.0,60.0,0,0,0,0.0,-72.65
2639,198279.1,1136.47,83.25,73,-32.25,15.46,0.09,14.02,0,0,4,0,128,139,0,0,1,2,198279.1,118.19,0,246.78,56.38,46.88,0.0,2.24,0.0,0.0,60.0,60.0,0,0,0,0.0,-72.65
2640,202043.89,1544.5,83.25,73,-32.25,15.46,0.09,14.12,1,2,4,0,57,140,0,0,0,0,202043.89,118.19,0,248.83,56.38,46.88,0.0,2.22,0.0,0.0,60.0,60.0,0,0,0,0.0,-72.65
2641,169415.68,408.97,84.0,73,-32.25,30.93,0.19,14.12,0,0,0,0,37,141,0,0,1,2,169415.68,117.16,0,232.45,56.4,46.88,0.0,2.22,0.0,0.0,60.0,60.0,0,0,0,0.0,-72.97
2642,151846.65,2032.84,84.0,73,-32.25,31.87,0.2,13.92,1,2,4,0,32,143,0,0,0,0,151846.65,117.16,0,198.66,56.43,46.88,0.0,2.27,0.0,0.0,60.0,60.0,0,0,0,0.0,-73.3
2643,148081.86,1272.78,84.0,73,-32.25,32.8,0.21,14.02,1,0,0,0,173,156,0,0,1,2,148081.86,117.16,0,190.46,56.45,46.88,0.0,2.24,0.0,0.0,60.0,60.0,0,0,0,0.0,-72.97
2644,145572.0,912.75,84.0,73,-32.25,32.34,0.21,14.02,1,2,0,0,171,167,0,0,0,2,145572.0,117.16,0,196.61,56.45,46.88,0.0,2.24,0.0,0.0,60.0,60.0,0,0,0,0.0,-72.97
2645,146826.93,128.81,84.0,73,-32.25,33.74,0.22,14.02,0,2,0,0,166,165,0,0,0,2,146826.93,116.14,0,208.9,56.47,46.88,0.0,2.24,0.0,0.0,60.0,60.0,0,0,0,0.0,-72.97
2646,145572.0,968.78,84.0,73,-32.25,33.27,0.22,13.92,0,0,4,0,154,161,0,0,0,2,145572.0,116.14,0,217.09,56.46,46.88,0.0,2.27,0.0,0.0,60.0,60.0,0,0,0,0.0,-72.97
2647,144317.07,416.75,84.0,73,-32.25,32.8,0.22,14.02,1,2,0,0,98,155,0,0,1,0,144317.07,116.13,0,222.21,56.47,46.88,0.0,2.24,0.0,0.0,60.0,60.0,0,0,0,0.0,-72.97
2648,143062.13,1552.75,84.0,73,-32.25,34.21,0.22,14.02,1,0,4,0,32,146,0,0,1,0,143062.13,116.13,0,226.3,56.47,46.88,0.0,2.24,0.0,0.0,60.0,60.0,0,0,0,0.0,-72.97
2649,141807.2,400.41,84.0,73,-32.25,20.62,0.12,13.92,1,0,0,0,18,126,0,0,0,0,141807.2,115.11,0,233.47,56.46,46.88,0.0,2.27,0.0,0.0,60.0,60.0,0,0,0,0.0,-72.65
2650,149336.79,1472.41,84.0,73,-32.25,19.21,0.11,14.12,1,0,4,0,163,136,0,0,1,2,149336.79,115.11,0,253.95,2.79,44.14,0.0,2.22,0.0,0.0,60.0,60.0,0,0,0,0.0,-72.65
2651,160631.17,528.44,84.0,73,-35.25,20.62,0.12,14.02,1,2,4,0,153,143,0,0,0,0,160631.17,115.11,0,261.12,2.78,44.14,0.0,2.24,0.0,0.0,60.0,60.0,0,0,0,0.0,-72.33
2652,200788.96,928.44,84.0,73,-35.25,19.21,0.11,13.92,1,2,0,0,37,142,0,0,0,0,200788.96,115.11,0,261.12,2.78,44.14,0.0,2.27,0.0,0.0,60.0,60.0,0,0,0,0.0,-72.65
2653,200788.96,224.47,84.0,73,-35.25,18.75,0.11,14.02,1,2,0,0,11,136,0,0,0,0,200788.96,115.11,0,261.12,2.77,44.14,0.0,2.24,0.0,0.0,60.0,60.0,0,0,0,0.0,-72.65
2654,213338.27,1048.5,84.0,73,-35.25,17.34,0.1,14.02,0,2,0,0,8,56,0,0,1,0,213338.27,114.09,0,261.12,2.76,44.14,0.0,2.24,0.0,0.0,60.0,60.0,0,0,0,0.0,-72.65
2655,213338.27,1328.47,84.0,73,-35.25,16.4,0.1,14.02,0,2,4,0,10,25,0,0,1,0,213338.27,114.09,0,256.0,2.76,44.14,0.0,2.24,0.0,0.0,60.0,60.0,0,0,0,0.0,-72.65
2656,213338.27,1640.5,84.0,73,-37.5,16.87,0.1,13.92,0,2,0,0,22,22,0,0,1,0,213338.27,114.09,0,257.02,2.76,44.14,0.0,2.27,0.0,0.0,60.0,60.0,0,0,0,0.0,-72.65
2657,215848.13,1968.5,84.0,73,-37.5,16.4,0.09,14.02,0,2,4,0,101,23,0,0,0,2,215848.13,114.09,0,258.05,2.76,44.14,0.0,2.24,0.0,0.0,60.0,60.0,0,0,0,0.0,-72.65
2658,214593.2,392.5,84.0,73,-37.5,16.87,0.1,14.02,1,2,0,0,159,25,0,0,1,0,214593.2,113.07,0,254.98,2.76,44.14,0.0,2.24,0.0,0.0,60.0,60.0,0,0,0,0.0,-72.65
2659,215848.13,440.5,84.0,73,-37.5,15.93,0.09,13.82,0,2,0,0,170,27,0,0,0,2,215848.13,113.07,0,253.95,2.76,44.14,0.0,2.3,0.0,0.0,60.0,60.0,0,0,0,0.0,-72.65
2660,215848.13,480.5,84.0,73,-39.75,16.4,0.09,13.82,1,0,4,0,173,29,0,0,0,2,215848.13,113.06,0,252.93,2.76,44.14,0.0,2.3,0.0,0.0,60.0,60.0,0,0,0,0.0,-72.65
2661,214593.2,256.47,84.0,73,-39.75,15.93,0.09,14.02,0,2,4,0,173,32,0,0,1,0,214593.2,113.06,0,257.02,2.76,44.14,0.0,2.24,0.0,0.0,60.0,60.0,0,0,0,0.0,-72.65
2662,215848.13,1896.47,84.0,73,-39.75,15.46,0.09,14.02,1,2,0,0,172,36,0,0,0,2,215848.13,113.06,0,252.93,2.76,44.14,0.0,2.24,0.0,0.0,60.0,60.0,0,0,0,0.0,-72.65
2663,214593.2,1896.5,84.0,73,-39.75,15.46,0.09,13.82,1,2,4,0,169,48,0,0,1,0,214593.2,114.09,0,253.95,2.76,44.14,0.0,2.3,0.0,0.0,60.0,60.0,0,0,0,0.0,-72.65
2664,214593.2,1672.47,84.0,73,-39.75,15.46,0.09,13.82,1,0,4,0,168,73,0,0,1,0,214593.2,114.09,0,251.9,2.76,44.14,0.0,2.3,0.0,0.0,60.0,60.0,0,0,0,0.0,-72.65
2665,212083.34,1864.5,84.0,73,-41.25,15.93,0.09,14.02,1,0,0,0,165,98,0,0,0,0,212083.34,114.09,0,231.42,2.76,44.14,0.0,2.24,0.0,0.0,60.0,60.0,0,0,0,0.0,-72.65
2666,208318.55,1288.56,84.0,73,-41.25,15.46,0.09,13.92,0,2,4,0,162,122,0,0,1,2,208318.55,114.09,0,222.21,2.76,44.14,0.0,2.27,0.0,0.0,60.0,60.0,0,0,0,0.0,-72.65
2667,204553.75,848.56,84.0,73,-41.25,15.46,0.09,13.82,1,0,0,0,159,142,0,0,1,0,204553.75,115.11,0,209.92,2.76,44.14,0.0,2.3,0.0,0.0,60.0,60.0,0,0,0,0.0,-72.65
2668,203298.82,1896.59,84.0,73,-41.25,15.46,0.09,14.02,1,2,0,0,152,155,0,0,1,0,203298.82,115.11,0,195.58,2.76,44.14,0.0,2.24,0.0,0.0,60.0,60.0,0,0,0,0.0,-72.65
2669,204553.75,840.56,84.0,73,-42.75,15.46,0.09,14.02,0,2,4,0,140,158,0,0,1,0,204553.75,115.11,0,190.46,2.76,44.14,0.0,2.24,0.0,0.0,60.0,60.0,0,0,0,0.0,-72.65
2670,203298.82,1352.56,84.0,73,-42.75,15.46,0.09,13.82,0,0,0,0,56,159,0,0,1,0,203298.82,115.11,0,189.44,2.76,44.14,0.0,2.3,0.0,0.0,60.0,60.0,0,0,0,0.0,-72.65
2671,207063.61,1424.56,84.0,73,-42.75,15.93,0.09,13.82,1,2,4,0,26,159,0,0,0,2,207063.61,116.14,0,189.44,2.76,44.14,0.0,2.3,0.0,0.0,60.0,60.0,0,0,0,0.0,-72.65
2672,208318.55,752.53,84.0,73,-42.75,15.0,0.09,14.12,1,0,4,0,21,159,0,0,1,2,208318.55,116.14,0,190.46,2.76,44.14,0.0,2.22,0.0,0.0,60.0,60.0,0,0,0,0.0,-72.65
2673,209573.48,216.53,84.0,73,-43.5,15.46,0.09,14.02,0,2,0,0,22,157,0,0,1,2,209573.48,116.14,0,193.54,2.76,44.14,0.0,2.24,0.0,0.0,60.0,60.0,0,0,0,0.0,-72.65
2674,209573.48,160.56,84.0,73,-43.5,16.4,0.09,13.92,1,0,4,0,22,156,0,0,1,2,209573.48,116.14,0,201.73,2.76,44.14,0.0,2.27,0.0,0.0,60.0,60.0,0,0,0,0.0,-72.65
2675,208318.55,2032.53,84.0,73,-43.5,15.46,0.09,13.82,0,0,4,0,23,156,0,0,1,2,208318.55,116.14,0,204.8,2.76,44.14,0.0,2.3,0.0,0.0,60.0,60.0,0,0,0,0.0,-72.65
2676,208318.55,152.56,84.0,73,-43.5,15.93,0.09,13.92,1,0,0,0,34,155,0,0,1,2,208318.55,117.16,0,207.87,2.76,44.14,0.0,2.27,0.0,0.0,60.0,60.0,0,0,0,0.0,-72.65
2677,208318.55,168.56,84.0,73,-43.5,15.93,0.09,14.02,1,2,0,0,132,154,0,0,1,2,208318.55,117.16,0,209.92,2.76,44.14,0.0,2.24,0.0,0.0,60.0,60.0,0,0,0,0.0,-72.65
2678,209573.48,0.53,84.0,73,-44.25,15.0,0.09,13.92,0,0,0,0,161,154,0,0,1,2,209573.48,117.16,0,204.8,2.76,44.14,0.0,2.27,0.0,0.0,60.0,60.0,0,0,0,0.0,-72.65
2679,208318.55,48.56,84.0,73,-44.25,15.93,0.09,13.82,0,0,4,0,158,153,0,0,1,2,208318.55,117.16,0,204.8,2.76,44.14,0.0,2.3,0.0,0.0,60.0,60.0,0,0,0,0.0,-72.65
2680,208318.55,152.56,84.0,73,-44.25,15.46,0.09,14.02,0,0,0,0,132,153,0,0,1,2,208318.55,118.18,0,204.8,2.76,44.14,0.0,2.24,0.0,0.0,60.0,60.0,0,0,0,0.0,-72.65
2681,208318.55,200.53,84.0,73,-44.25,15.93,0.09,13.92,1,2,4,0,45,153,0,0,1,2,208318.55,118.18,0,207.87,2.76,44.14,0.0,2.27,0.0,0.0,60.0,60.0,0,0,0,0.0,-72.65
2682,209573.48,384.56,84.0,73,-45.0,15.93,0.09,13.82,0,2,0,0,23,153,0,0,1,2,209573.48,118.19,0,207.87,2.76,44.14,0.0,2.3,0.0,0.0,60.0,60.0,0,0,0,0.0,-72.65
2683,209573.48,144.53,84.0,73,-45.0,15.0,0.09,13.82,0,0,4,0,18,153,0,0,1,2,209573.48,118.19,0,208.9,2.76,44.14,0.0,2.3,0.0,0.0,60.0,60.0,0,0,0,0.0,-72.65
2684,209573.48,1696.53,84.0,73,-45.0,15.0,0.09,14.02,1,0,0,0,21,152,0,0,1,2,209573.48,118.19,0,210.94,2.76,44.14,0.0,2.24,0.0,0.0,60.0,60.0,0,0,0,0.0,-72.65
2685,209573.48,1560.53,84.0,73,-45.0,15.93,0.09,14.02,1,2,4,0,95,152,0,0,1,2,209573.48,119.21,0,211.97,2.76,44.14,0.0,2.24,0.0,0.0,60.0,60.0,0,0,0,0.0,-72.65
2686,210828.41,1592.53,84.0,73,-45.0,15.46,0.09,13.82,1,0,4,0,160,152,0,0,0,0,210828.41,119.21,0,211.97,2.76,44.14,0.0,2.3,0.0,0.0,60.0,60.0,0,0,0,0.0,-72.65
2687,208318.55,1848.56,84.0,73,-45.75,15.93,0.09,14.02,0,0,4,0,165,154,0,0,1,2,208318.55,119.21,0,214.02,2.76,44.14,0.0,2.24,0.0,0.0,60.0,60.0,0,0,0,0.0,-72.65
2688,209573.48,1952.56,84.0,73,-45.75,15.46,0.09,14.02,1,2,4,0,168,156,0,0,1,2,209573.48,119.21,0,209.92,2.76,44.14,0.0,2.24,0.0,0.0,60.0,60.0,0,0,0,0.0,-72.65
2689,208318.55,200.56,84.0,73,-45.75,15.46,0.09,13.82,0,0,0,0,166,158,0,0,1,2,208318.55,120.23,0,204.8,2.76,44.14,0.0,2.3,0.0,0.0,60.0,60.0,0,0,0,0.0,-72.65
2690,207063.61,496.56,84.0,73,-45.75,15.93,0.09,14.02,0,2,0,0,160,159,0,0,0,2,207063.61,120.23,0,195.58,2.76,44.14,0.0,2.24,0.0,0.0,60.0,60.0,0,0,0,0.0,-72.65
2691,205808.68,704.56,84.0,73,-46.5,15.46,0.09,14.02,0,2,0,0,157,158,0,0,0,2,205808.68,120.23,0,182.27,2.76,44.14,0.0,2.24,0.0,0.0,60.0,60.0,0,0,0,0.0,-72.65
2692,203298.82,1128.59,84.0,73,-46.5,15.46,0.09,13.82,0,2,0,0,152,159,0,0,1,0,203298.82,120.23,0,167.94,2.76,44.14,0.0,2.3,0.0,0.0,60.0,60.0,0,0,0,0.0,-72.65
2693,204553.75,1224.56,84.0,73,-46.5,15.46,0.09,13.92,1,0,4,0,145,158,0,0,1,0,204553.75,121.26,0,155.65,2.76,44.14,0.0,2.27,0.0,0.0,60.0,60.0,0,0,0,0.0,-72.65
2694,204553.75,1456.56,84.75,73,-46.5,15.93,0.09,14.02,1,2,4,0,76,157,0,0,1,0,204553.75,121.26,0,150.53,2.76,44.14,0.0,2.24,0.0,0.0,60.0,60.0,0,0,0,0.0,-72.65
2695,204553.75,1440.56,84.75,73,-46.5,15.0,0.09,14.02,0,2,0,0,32,157,0,0,1,0,204553.75,121.26,0,148.48,2.76,44.14,0.0,2.24,0.0,0.0,60.0,60.0,0,0,0,0.0,-72.65
2696,205808.68,1272.56,84.75,73,-47.25,15.46,0.09,13.92,1,2,4,0,19,155,0,0,0,2,205808.68,121.26,0,144.38,2.76,44.14,0.0,2.27,0.0,0.0,60.0,60.0,0,0,0,0.0,-72.65
2697,205808.68,976.56,84.75,73,-47.25,15.46,0.09,13.92,1,2,4,0,19,155,0,0,0,2,205808.68,121.26,0,138.24,2.76,44.14,0.0,2.27,0.0,0.0,60.0,60.0,0,0,0,0.0,-72.65
2698,204553.75,928.56,84.75,73,-47.25,15.46,0.09,14.02,0,2,0,0,20,154,0,0,1,0,204553.75,122.28,0,132.1,2.76,44.14,0.0,2.24,0.0,0.0,60.0,60.0,0,0,0,0.0,-72.65
2699,205808.68,1080.56,84.75,73,-47.25,15.46,0.09,13.92,1,2,0,0,23,154,0,0,0,2,205808.68,122.28,0,120.83,2.76,44.14,0.0,2.27,0.0,0.0,60.0,60.0,0,0,0,0.0,-72.65
2700,205808.68,1176.56,84.75,73,-48.0,15.0,0.09,13.82,1,0,4,0,50,153,0,0,0,2,205808.68,122.28,0,111.62,2.76,44.14,0.0,2.3,0.0,0.0,60.0,60.0,0,0,0,0.0,-72.65
2701,203298.82,2024.59,84.75,73,-48.0,15.46,0.09,14.02,1,2,4,0,129,154,0,0,1,0,203298.82,122.28,0,100.35,2.76,44.14,0.0,2.24,0.0,0.0,60.0,60.0,0,0,0,0.0,-72.65
2702,204553.75,240.59,84.75,73,-48.0,15.46,0.09,14.12,0,0,4,0,160,155,0,0,1,0,204553.75,123.3,0,89.09,2.76,44.14,0.0,2.22,0.0,0.0,60.0,60.0,0,0,0,0.0,-72.65
2703,204553.75,208.56,84.75,73,-48.0,15.0,0.09,14.02,0,2,0,0,166,155,0,0,1,0,204553.75,123.3,0,76.8,2.76,44.14,0.0,2.24,0.0,0.0,60.0,60.0,0,0,0,0.0,-72.65
2704,202043.89,1776.59,84.75,73,-48.0,15.46,0.09,13.82,1,2,0,0,170,155,0,0,0,0,202043.89,123.3,0,64.51,2.76,44.14,0.0,2.3,0.0,0.0,60.0,60.0,0,0,0,0.0,-72.65
2705,200788.96,136.56,84.75,74,-48.0,15.0,0.09,14.02,0,0,0,0,169,155,0,0,0,0,200788.96,123.3,0,68.61,2.76,44.14,0.0,2.24,0.0,0.0,60.0,60.0,0,0,0,0.0,-72.65
2706,207063.61,1704.56,84.75,74,-48.0,15.46,0.09,14.02,0,0,0,0,165,155,0,0,0,2,207063.61,123.3,0,80.9,2.76,44.14,0.0,2.24,0.0,0.0,60.0,60.0,0,0,0,0.0,-72.65
2707,203298.82,288.88,84.75,74,-48.0,28.59,0.14,13.92,0,0,0,0,155,154,0,0,1,0,203298.82,124.33,0,95.23,2.76,44.14,0.0,2.27,0.0,0.0,60.0,60.0,0,0,0,0.0,-72.97
2708,195769.24,161.16,84.75,74,-48.0,34.68,0.23,14.02,1,2,0,0,147,154,0,0,0,2,195769.24,124.33,0,96.26,2.78,44.14,0.0,2.24,0.0,0.0,60.0,60.0,0,0,0,0.0,-73.62
2709,161886.1,552.69,84.75,74,-48.0,28.12,0.18,14.02,1,0,0,0,169,163,0,0,0,0,161886.1,124.32,0,91.14,2.83,44.14,0.0,2.24,0.0,0.0,60.0,60.0,0,0,0,0.0,-72.97
2710,200788.96,64.47,84.75,74,-48.0,19.68,0.11,13.92,1,2,4,0,166,169,0,0,0,0,200788.96,124.32,0,121.86,2.79,44.14,0.0,2.27,0.0,0.0,60.0,60.0,0,0,0,0.0,-72.65
2711,171925.55,752.69,84.75,74,-48.0,22.03,0.13,14.12,0,0,0,0,142,169,0,0,0,0,171925.55,124.32,0,179.2,2.76,44.14,0.0,2.22,0.0,0.0,60.0,60.0,0,0,0,0.0,-72.65
2712,213338.27,1912.62,84.75,74,-48.0,18.75,0.11,14.02,0,0,4,0,28,168,0,0,1,0,213338.27,124.32,0,195.58,2.76,44.14,0.0,2.24,0.0,0.0,60.0,60.0,0,0,0,0.0,-72.65
2713,213338.27,784.56,84.75,74,-48.0,17.81,0.1,13.82,1,0,0,0,7,165,0,0,1,0,213338.27,124.32,0,202.75,2.76,44.14,0.0,2.3,0.0,0.0,60.0,60.0,0,0,0,0.0,-72.65
2714,195769.24,952.97,84.75,74,-48.0,28.59,0.18,14.02,0,2,4,0,8,161,0,0,0,2,195769.24,124.32,0,205.82,2.77,44.14,0.0,2.24,0.0,0.0,60.0,60.0,0,0,0,0.0,-72.97
2715,168160.75,377.03,84.75,74,-48.0,34.68,0.23,14.02,1,0,4,0,9,156,0,0,1,2,168160.75,123.3,0,175.1,2.78,44.14,0.0,2.24,0.0,0.0,60.0,60.0,0,0,0,0.0,-73.3
2716,153101.58,1240.94,84.75,74,-48.0,37.02,0.26,13.92,1,0,4,0,60,156,0,0,1,0,153101.58,123.3,0,157.7,2.86,44.14,0.0,2.27,0.0,0.0,60.0,60.0,0,0,0,0.0,-73.3
2717,148081.86,792.88,84.75,74,-48.0,37.49,0.26,13.92,1,0,0,0,98,160,0,0,1,2,148081.86,123.3,0,163.84,2.87,44.14,0.0,2.27,0.0,0.0,60.0,60.0,0,0,0,0.0,-73.3
2718,150591.72,1737.16,84.75,74,-48.0,44.05,0.34,14.02,0,2,0,0,33,159,0,0,0,0,150591.72,123.3,0,180.22,2.88,44.14,0.0,2.24,0.0,0.0,60.0,60.0,0,0,0,0.0,-73.3
2719,146826.93,601.09,84.75,74,-48.0,44.99,0.36,14.02,1,0,0,0,10,89,0,0,0,2,146826.93,122.27,0,184.32,3.01,44.14,0.0,2.24,0.0,0.0,60.0,60.0,0,0,0,0.0,-73.62
2720,139297.34,968.62,84.75,74,-48.0,33.27,0.22,13.92,0,2,4,0,25,51,0,0,1,2,139297.34,122.27,0,191.49,2.96,44.14,0.0,2.27,0.0,0.0,60.0,60.0,0,0,0,0.0,-73.3
2721,133022.69,24.56,84.75,74,-48.0,29.05,0.18,13.92,0,2,0,0,136,53,0,0,1,0,133022.69,122.27,0,226.3,2.86,44.14,0.0,2.27,0.0,0.0,60.0,60.0,0,0,0,0.0,-72.65
2722,133022.69,200.59,84.75,74,-48.0,29.52,0.18,14.12,0,2,4,0,150,80,0,0,1,0,133022.69,122.27,0,245.76,2.83,44.14,0.0,2.22,0.0,0.0,60.0,60.0,0,0,0,0.0,-72.65
2723,139297.34,1128.78,84.75,74,-48.0,37.02,0.25,14.12,0,2,0,0,29,58,0,0,1,2,139297.34,122.27,0,238.59,2.87,44.14,0.0,2.22,0.0,0.0,60.0,60.0,0,0,0,0.0,-72.97
2724,138042.41,376.78,84.75,74,-48.0,37.49,0.26,13.82,0,2,4,0,170,29,0,0,1,2,138042.41,121.25,0,234.5,2.89,44.14,0.0,2.3,0.0,0.0,60.0,60.0,0,0,0,0.0,-72.97
2725,135532.55,1360.75,84.75,74,-48.0,37.02,0.26,14.12,1,0,4,0,178,114,0,0,0,2,135532.55,121.25,0,236.54,2.89,44.14,0.0,2.22,0.0,0.0,60.0,60.0,0,0,0,0.0,-72.97
2726,134277.62,440.75,84.75,74,-48.0,37.02,0.26,14.12,0,0,0,0,176,159,0,0,1,0,134277.62,121.24,0,239.62,86.27,44.92,0.0,2.22,0.0,0.0,60.0,60.0,0,0,0,0.0,-72.97
2727,134277.62,1600.72,84.75,74,-48.0,36.08,0.25,13.92,0,2,4,0,167,158,0,0,1,0,134277.62,121.24,0,241.66,86.26,44.92,0.0,2.27,0.0,0.0,60.0,60.0,0,0,0,0.0,-72.97
2728,134277.62,1200.38,84.75,74,-48.0,22.49,0.14,13.92,0,2,4,0,158,148,0,0,1,0,134277.62,120.22,0,245.76,86.25,44.92,0.0,2.27,0.0,0.0,60.0,60.0,0,0,0,0.0,-72.65
2729,146826.93,1000.38,84.75,74,-48.0,22.49,0.13,14.02,1,0,0,0,170,145,0,0,0,2,146826.93,120.22,0,260.1,86.19,44.92,0.0,2.24,0.0,0.0,60.0,60.0,0,0,0,0.0,-72.33
2730,156866.38,280.41,84.75,74,-48.0,22.03,0.13,14.12,0,2,0,0,140,146,0,0,0,2,156866.38,120.22,0,261.12,86.18,44.92,0.0,2.22,0.0,0.0,60.0,60.0,0,0,0,0.0,-72.33
2731,169415.68,1328.41,85.5,74,-48.0,21.56,0.12,13.92,0,0,0,0,29,138,0,0,1,2,169415.68,120.22,0,261.12,86.17,44.92,0.0,2.27,0.0,0.0,60.0,60.0,0,0,0,0.0,-72.33
2732,180710.06,1648.44,85.5,74,-48.0,20.15,0.12,14.02,0,0,4,0,11,54,0,0,0,0,180710.06,120.22,0,261.12,86.16,44.92,0.0,2.24,0.0,0.0,60.0,60.0,0,0,0,0.0,-72.33
2733,200788.96,216.44,84.75,74,-48.0,18.75,0.11,14.02,0,0,0,0,13,28,0,0,0,0,200788.96,119.2,0,261.12,86.15,44.92,0.0,2.24,0.0,0.0,60.0,60.0,0,0,0,0.0,-72.65
2734,200788.96,1288.47,84.75,74,-48.0,19.68,0.11,13.92,0,2,0,0,18,29,0,0,0,0,200788.96,119.2,0,260.1,86.15,44.92,0.0,2.27,0.0,0.0,60.0,60.0,0,0,0,0.0,-72.65
2735,200788.96,152.47,84.75,74,-48.0,18.28,0.11,14.02,0,2,4,0,14,32,0,0,0,0,200788.96,119.2,0,261.12,86.14,44.92,0.0,2.24,0.0,0.0,60.0,60.0,0,0,0,0.0,-72.65
2736,217103.06,744.47,84.75,74,-48.0,18.28,0.1,14.02,0,0,4,0,13,34,0,0,0,2,217103.06,119.2,0,259.07,86.14,44.92,0.0,2.24,0.0,0.0,60.0,60.0,0,0,0,0.0,-72.65
2737,213338.27,1000.47,84.75,74,-48.0,17.34,0.1,13.92,1,0,0,0,25,36,0,0,1,0,213338.27,118.18,0,261.12,86.13,44.92,0.0,2.27,0.0,0.0,60.0,60.0,0,0,0,0.0,-72.65
2738,215848.13,1488.5,84.75,74,-48.0,16.87,0.1,14.02,1,0,0,0,118,38,0,0,0,2,215848.13,118.18,0,258.05,86.13,44.92,0.0,2.24,0.0,0.0,60.0,60.0,0,0,0,0.0,-72.65
2739,217103.06,1648.5,84.75,74,-48.0,16.87,0.1,14.02,0,2,4,0,163,39,0,0,0,2,217103.06,118.18,0,254.98,86.13,44.92,0.0,2.24,0.0,0.0,60.0,60.0,0,0,0,0.0,-72.65
2740,215848.13,1672.47,84.75,74,-48.0,15.46,0.09,13.82,1,0,4,0,173,41,0,0,0,2,215848.13,118.18,0,258.05,86.13,44.92,0.0,2.3,0.0,0.0,60.0,60.0,0,0,0,0.0,-72.65
2741,217103.06,1472.47,84.75,74,-48.0,15.46,0.09,13.82,0,0,0,0,173,42,0,0,0,2,217103.06,117.16,0,254.98,86.13,44.92,0.0,2.3,0.0,0.0,60.0,60.0,0,0,0,0.0,-72.65
2742,215848.13,1368.47,84.75,74,-48.0,15.46,0.09,14.02,0,2,4,0,173,44,0,0,0,2,215848.13,117.16,0,254.98,86.13,44.92,0.0,2.24,0.0,0.0,60.0,60.0,0,0,0,0.0,-72.65
2743,215848.13,1152.47,84.75,74,-48.0,15.93,0.09,14.02,0,0,4,0,172,46,0,0,0,2,215848.13,117.16,0,254.98,86.13,44.92,0.0,2.24,0.0,0.0,60.0,60.0,0,0,0,0.0,-72.65
2744,213338.27,1440.5,84.75,74,-48.0,15.46,0.09,14.02,0,0,4,0,172,51,0,0,1,0,213338.27,117.16,0,258.05,86.13,44.92,0.0,2.24,0.0,0.0,60.0,60.0,0,0,0,0.0,-72.65
2745,214593.2,1320.47,84.75,74,-48.0,15.0,0.09,13.82,1,2,4,0,171,67,0,0,1,0,214593.2,117.16,0,253.95,86.13,44.92,0.0,2.3,0.0,0.0,60.0,60.0,0,0,0,0.0,-72.65
2746,214593.2,1280.5,85.5,74,-48.0,15.0,0.09,13.92,0,0,0,0,171,105,0,0,1,0,214593.2,116.14,0,254.98,86.13,44.92,0.0,2.27,0.0,0.0,60.0,60.0,0,0,0,0.0,-72.65
2747,214593.2,1440.47,85.5,74,-48.0,15.0,0.09,14.02,0,2,4,0,170,139,0,0,1,0,214593.2,116.14,0,254.98,86.13,44.92,0.0,2.24,0.0,0.0,60.0,60.0,0,0,0,0.0,-72.65
2748,214593.2,1528.47,85.5,74,-48.0,15.0,0.09,13.82,0,0,0,0,170,160,0,0,1,0,214593.2,116.14,0,253.95,86.13,44.92,0.0,2.3,0.0,0.0,60.0,60.0,0,0,0,0.0,-72.65
2749,214593.2,1672.47,85.5,74,-48.0,15.0,0.09,13.92,0,0,0,0,169,163,0,0,1,0,214593.2,116.14,0,252.93,86.13,44.92,0.0,2.27,0.0,0.0,60.0,60.0,0,0,0,0.0,-72.65
2750,213338.27,1920.47,85.5,74,-48.0,15.0,0.09,14.02,0,0,0,0,167,164,0,0,1,0,213338.27,115.11,0,253.95,86.13,44.92,0.0,2.24,0.0,0.0,60.0,60.0,0,0,0,0.0,-72.65
2751,213338.27,2024.5,85.5,74,-48.0,15.46,0.09,14.02,0,0,0,0,165,165,0,0,1,0,213338.27,115.11,0,253.95,86.13,44.92,0.0,2.24,0.0,0.0,60.0,60.0,0,0,0,0.0,-72.65
2752,214593.2,1912.5,85.5,74,-48.0,15.46,0.09,13.82,0,2,0,0,163,165,0,0,1,0,214593.2,115.11,0,252.93,86.13,44.92,0.0,2.3,0.0,0.0,60.0,60.0,0,0,0,0.0,-72.65
2753,214593.2,1944.47,85.5,75,-48.0,15.0,0.09,13.92,1,0,4,0,161,165,0,0,1,0,214593.2,115.11,0,252.93,86.13,44.92,0.0,2.27,0.0,0.0,60.0,60.0,0,0,0,0.0,-72.65
2754,213338.27,1832.5,85.5,75,-48.0,15.46,0.09,14.02,0,2,0,0,156,164,0,0,1,0,213338.27,115.11,0,253.95,86.13,44.92,0.0,2.24,0.0,0.0,60.0,60.0,0,0,0,0.0,-72.65
2755,213338.27,2008.5,85.5,75,-48.0,15.0,0.09,14.02,0,2,0,0,152,163,0,0,1,0,213338.27,114.09,0,252.93,86.13,44.92,0.0,2.24,0.0,0.0,60.0,60.0,0,0,0,0.0,-72.65
2756,214593.2,2000.5,85.5,75,-48.0,15.0,0.09,13.82,0,0,0,0,148,162,0,0,1,0,214593.2,114.09,0,249.86,86.13,44.92,0.0,2.3,0.0,0.0,60.0,60.0,0,0,0,0.0,-72.65
2757,213338.27,40.5,85.5,75,-48.0,15.46,0.09,14.02,0,0,4,0,131,161,0,0,1,0,213338.27,114.09,0,253.95,86.13,44.92,0.0,2.24,0.0,0.0,60.0,60.0,0,0,0,0.0,-72.65
2758,213338.27,216.5,85.5,75,-48.0,15.46,0.09,14.02,0,0,0,0,67,160,0,0,1,0,213338.27,114.09,0,249.86,86.13,44.92,0.0,2.24,0.0,0.0,60.0,60.0,0,0,0,0.0,-72.65
2759,213338.27,256.5,85.5,75,-48.0,15.0,0.09,13.92,1,2,0,0,30,159,0,0,1,0,213338.27,115.11,0,252.93,86.13,44.92,0.0,2.27,0.0,0.0,60.0,60.0,0,0,0,0.0,-72.65
2760,214593.2,1824.47,85.5,75,-48.0,14.53,0.09,13.82,1,0,0,0,21,158,0,0,1,0,214593.2,115.11,0,250.88,86.13,44.92,0.0,2.3,0.0,0.0,60.0,60.0,0,0,0,0.0,-72.65
2761,214593.2,1632.47,85.5,75,-48.0,15.0,0.09,14.02,0,0,0,0,20,156,0,0,1,0,214593.2,115.11,0,251.9,86.13,44.92,0.0,2.24,0.0,0.0,60.0,60.0,0,0,0,0.0,-72.65
2762,214593.2,1592.47,85.5,75,-48.0,14.53,0.09,14.02,0,2,4,0,25,155,0,0,1,0,214593.2,115.11,0,250.88,86.13,44.92,0.0,2.24,0.0,0.0,60.0,60.0,0,0,0,0.0,-72.65
2763,214593.2,1720.5,85.5,75,-48.0,15.46,0.09,14.02,0,2,0,0,67,154,0,0,1,0,214593.2,115.11,0,251.9,86.13,44.92,0.0,2.24,0.0,0.0,60.0,60.0,0,0,0,0.0,-72.65
2764,214593.2,1928.5,85.5,75,-48.0,15.46,0.09,13.82,0,0,0,0,143,153,0,0,1,0,214593.2,115.11,0,249.86,86.13,44.92,0.0,2.3,0.0,0.0,60.0,60.0,0,0,0,0.0,-72.65
2765,207063.61,1272.69,85.5,75,-48.0,22.96,0.12,13.92,1,2,4,0,157,153,0,0,0,2,207063.61,115.11,0,245.76,86.13,44.92,0.0,2.27,0.0,0.0,60.0,60.0,0,0,0,0.0,-72.65
2766,183219.93,1152.91,85.5,75,-48.0,29.99,0.19,14.02,0,2,0,0,157,153,0,0,1,0,183219.93,115.11,0,221.18,86.14,44.92,0.0,2.24,0.0,0.0,60.0,60.0,0,0,0,0.0,-72.97
2767,153101.58,1856.81,85.5,75,-48.0,30.93,0.2,14.02,1,2,4,0,134,154,0,0,1,0,153101.58,115.11,0,191.49,86.18,44.92,0.0,2.24,0.0,0.0,60.0,60.0,0,0,0,0.0,-72.97
2768,151846.65,1520.94,85.5,75,-48.0,36.08,0.25,13.82,0,2,0,0,162,159,0,0,0,0,151846.65,114.09,0,186.37,86.21,44.92,0.0,2.3,0.0,0.0,60.0,60.0,0,0,0,0.0,-72.97
2769,150591.72,920.88,85.5,75,-48.0,36.08,0.25,13.92,0,0,4,0,38,158,0,0,0,0,150591.72,114.09,0,188.42,86.23,44.92,0.0,2.27,0.0,0.0,60.0,60.0,0,0,0,0.0,-72.97
2770,146826.93,928.88,85.5,75,-48.0,36.55,0.25,14.02,1,0,0,0,13,145,0,0,0,2,146826.93,114.08,0,195.58,86.23,44.92,0.0,2.24,0.0,0.0,60.0,60.0,0,0,0,0.0,-72.97
2771,145572.0,304.84,85.5,75,-48.0,36.55,0.25,14.02,0,2,0,0,10,65,0,0,0,2,145572.0,114.08,0,204.8,86.24,44.92,0.0,2.24,0.0,0.0,60.0,60.0,0,0,0,0.0,-72.97
2772,144317.07,1472.84,85.5,75,-48.0,37.49,0.26,13.82,0,0,4,0,10,26,0,0,1,0,144317.07,113.06,0,212.99,86.24,44.92,0.0,2.3,0.0,0.0,60.0,60.0,0,0,0,0.0,-72.97
2773,144317.07,816.38,85.5,75,-48.0,20.15,0.12,14.02,0,2,4,0,9,14,0,0,1,0,144317.07,113.06,0,223.23,86.23,44.92,0.0,2.24,0.0,0.0,60.0,60.0,0,0,0,0.0,-72.65
2774,150591.72,776.41,85.5,75,-48.0,20.15,0.12,13.92,1,2,4,0,64,15,0,0,0,0,150591.72,113.06,0,247.81,86.17,44.92,0.0,2.27,0.0,0.0,60.0,60.0,0,0,0,0.0,-72.65
2775,165650.89,456.41,85.5,75,-48.0,19.68,0.11,13.82,0,0,4,0,27,17,0,0,0,2,165650.89,113.06,0,254.98,86.16,44.92,0.0,2.3,0.0,0.0,60.0,60.0,0,0,0,0.0,-72.33
2776,200788.96,1304.44,85.5,75,-48.0,18.75,0.11,13.82,1,2,4,0,11,18,0,0,0,0,200788.96,113.06,0,261.12,86.15,44.92,0.0,2.3,0.0,0.0,60.0,60.0,0,0,0,0.0,-72.65
2777,200788.96,1440.44,85.5,75,-48.0,17.34,0.1,14.02,0,0,0,0,10,9,0,0,0,0,200788.96,114.09,0,256.0,86.14,44.92,0.0,2.24,0.0,0.0,60.0,60.0,0,0,0,0.0,-72.65
2778,200788.96,616.47,85.5,75,-48.0,17.81,0.1,14.02,0,0,0,0,9,7,0,0,0,0,200788.96,114.09,0,247.81,86.13,44.92,0.0,2.24,0.0,0.0,60.0,60.0,0,0,0,0.0,-72.65
2779,200788.96,2024.53,85.5,75,-48.0,17.34,0.1,13.82,0,0,4,0,10,7,0,0,0,0,200788.96,114.09,0,237.57,86.13,44.92,0.0,2.3,0.0,0.0,60.0,60.0,0,0,0,0.0,-72.65
2780,200788.96,1624.53,85.5,75,-48.0,16.87,0.1,14.02,0,2,0,0,13,8,0,0,0,0,200788.96,114.09,0,232.45,86.13,44.92,0.0,2.24,0.0,0.0,60.0,60.0,0,0,0,0.0,-72.65
2781,203298.82,544.53,85.5,75,-48.0,16.4,0.1,14.02,1,2,4,0,16,10,0,0,1,0,203298.82,115.12,0,231.42,86.13,44.92,0.0,2.24,0.0,0.0,60.0,60.0,0,0,0,0.0,-72.65
2782,212083.34,1080.53,86.25,75,-48.0,16.87,0.1,13.82,1,2,4,0,63,12,0,0,0,0,212083.34,115.12,0,227.33,86.13,44.92,0.0,2.3,0.0,0.0,60.0,60.0,0,0,0,0.0,-72.65
2783,213338.27,1504.53,86.25,75,-48.0,16.4,0.09,13.82,0,2,4,0,102,13,0,0,1,0,213338.27,115.11,0,225.28,86.13,44.92,0.0,2.3,0.0,0.0,60.0,60.0,0,0,0,0.0,-72.65
2784,212083.34,1336.53,85.5,75,-48.0,16.4,0.09,14.02,1,2,4,0,151,15,0,0,0,0,212083.34,115.11,0,225.28,86.13,44.92,0.0,2.24,0.0,0.0,60.0,60.0,0,0,0,0.0,-72.65
2785,213338.27,1296.53,85.5,75,-48.0,15.93,0.09,14.02,1,2,4,0,167,16,0,0,1,0,213338.27,116.14,0,225.28,86.13,44.92,0.0,2.24,0.0,0.0,60.0,60.0,0,0,0,0.0,-72.65
2786,213338.27,1064.53,86.25,75,-48.0,15.93,0.09,13.82,0,2,0,0,173,18,0,0,1,0,213338.27,116.14,0,225.28,86.13,44.92,0.0,2.3,0.0,0.0,60.0,60.0,0,0,0,0.0,-72.65
2787,213338.27,1112.53,86.25,75,-48.0,16.4,0.09,13.92,0,0,4,0,174,19,0,0,1,0,213338.27,116.14,0,224.26,86.13,44.92,0.0,2.27,0.0,0.0,60.0,60.0,0,0,0,0.0,-72.65
2788,208318.55,264.62,86.25,75,-48.0,20.62,0.11,14.02,0,0,4,0,172,21,0,0,1,2,208318.55,116.14,0,227.33,86.13,44.92,0.0,2.24,0.0,0.0,60.0,60.0,0,0,0,0.0,-72.65
2789,184474.86,1064.81,86.25,75,-48.0,26.24,0.15,14.02,1,0,4,0,172,23,0,0,1,0,184474.86,116.14,0,214.02,86.15,44.92,0.0,2.24,0.0,0.0,60.0,60.0,0,0,0,0.0,-72.97
2790,155611.44,1568.72,86.25,75,-48.0,26.71,0.16,13.92,1,0,0,0,171,27,0,0,0,2,155611.44,116.14,0,189.44,86.15,44.92,0.0,2.27,0.0,0.0,60.0,60.0,0,0,0,0.0,-72.97
2791,148081.86,1504.72,86.25,75,-48.0,28.59,0.17,13.92,1,0,4,0,174,75,0,0,1,2,148081.86,116.14,0,187.39,86.16,44.92,0.0,2.27,0.0,0.0,60.0,60.0,0,0,0,0.0,-72.97
2792,146826.93,1520.72,86.25,75,-48.0,28.59,0.18,14.12,0,0,0,0,161,112,0,0,0,2,146826.93,116.13,0,193.54,86.17,44.92,0.0,2.22,0.0,0.0,60.0,60.0,0,0,0,0.0,-72.97
2793,174435.41,1361.31,86.25,75,-48.0,42.18,0.32,13.82,1,2,4,0,97,130,0,0,1,0,174435.41,116.13,0,200.7,86.21,44.92,0.0,2.3,0.0,0.0,60.0,60.0,0,0,0,0.0,-73.62
2794,150591.72,713.12,86.25,75,-48.0,44.52,0.36,13.92,0,2,4,0,21,81,0,0,0,0,150591.72,115.11,0,176.13,86.36,44.92,0.0,2.27,0.0,0.0,60.0,60.0,0,0,0,0.0,-73.62
2795,141807.2,1417.03,86.25,75,-48.0,44.52,0.36,14.02,0,0,0,0,162,139,0,0,0,0,141807.2,115.11,0,178.18,86.34,44.92,0.0,2.24,0.0,0.0,60.0,60.0,0,0,0,0.0,-73.3
2796,141807.2,697.03,86.25,75,-48.0,44.52,0.36,14.12,1,0,4,0,46,130,0,0,0,0,141807.2,115.1,0,195.58,86.33,44.92,0.0,2.22,0.0,0.0,60.0,60.0,0,0,0,0.0,-73.3
2797,141807.2,1761.03,86.25,75,-48.0,44.99,0.37,13.92,1,0,0,0,14,15,0,0,0,0,141807.2,115.1,0,209.92,86.33,44.92,0.0,2.27,0.0,0.0,60.0,60.0,0,0,0,0.0,-73.3
2798,138042.41,976.62,86.25,75,-48.0,34.21,0.23,14.02,1,0,0,0,11,7,0,0,1,2,138042.41,115.1,0,219.14,86.34,44.92,0.0,2.24,0.0,0.0,60.0,60.0,0,0,0,0.0,-72.97
2799,145572.0,1224.38,86.25,75,-48.0,22.03,0.13,14.02,1,0,4,0,93,10,0,0,0,2,145572.0,114.08,0,245.76,86.22,44.92,0.0,2.24,0.0,0.0,60.0,60.0,0,0,0,0.0,-72.65
2800,161886.1,944.41,86.25,75,-48.0,21.56,0.13,14.12,0,0,0,0,169,18,0,0,0,0,161886.1,114.08,0,261.12,86.18,44.92,0.0,2.22,0.0,0.0,60.0,60.0,0,0,0,0.0,-72.33
2801,175690.34,704.41,86.25,75,-48.0,21.09,0.12,13.92,0,2,4,0,80,18,0,0,0,2,175690.34,114.08,0,260.1,86.17,44.92,0.0,2.27,0.0,0.0,60.0,60.0,0,0,0,0.0,-72.33
2802,186984.72,1336.44,86.25,75,-48.0,20.62,0.12,14.02,1,2,0,0,17,13,0,0,0,2,186984.72,114.08,0,261.12,86.16,44.92,0.0,2.24,0.0,0.0,60.0,60.0,0,0,0,0.0,-72.65
2803,200788.96,1840.44,86.25,75,-48.0,19.21,0.11,14.12,1,0,0,0,14,9,0,0,0,0,200788.96,115.11,0,261.12,86.15,44.92,0.0,2.22,0.0,0.0,60.0,60.0,0,0,0,0.0,-72.65
2804,200788.96,336.44,86.25,75,-48.0,18.75,0.11,14.12,1,0,4,0,41,11,0,0,0,0,200788.96,115.11,0,261.12,86.15,44.92,0.0,2.22,0.0,0.0,60.0,60.0,0,0,0,0.0,-72.65
2805,217103.06,864.44,86.25,75,-48.0,17.34,0.1,13.82,1,0,4,0,113,14,0,0,0,2,217103.06,115.11,0,261.12,86.14,44.92,0.0,2.3,0.0,0.0,60.0,60.0,0,0,0,0.0,-72.65
2806,212083.34,1296.44,86.25,75,-48.0,16.4,0.09,13.82,0,2,0,0,150,16,0,0,0,0,212083.34,115.11,0,261.12,86.14,44.92,0.0,2.3,0.0,0.0,60.0,60.0,0,0,0,0.0,-72.65
2807,212083.34,128.5,86.25,75,-48.0,16.87,0.1,14.12,0,0,0,0,169,17,0,0,0,0,212083.34,115.11,0,260.1,86.13,44.92,0.0,2.22,0.0,0.0,60.0,60.0,0,0,0,0.0,-72.65
2808,214593.2,672.47,86.25,75,-48.0,15.46,0.09,13.92,0,2,4,0,173,18,0,0,1,0,214593.2,114.09,0,259.07,86.13,44.92,0.0,2.27,0.0,0.0,60.0,60.0,0,0,0,0.0,-72.65
2809,215848.13,992.5,86.25,75,-48.0,15.93,0.09,13.92,1,0,0,0,172,19,0,0,0,2,215848.13,114.09,0,254.98,86.13,44.92,0.0,2.27,0.0,0.0,60.0,60.0,0,0,0,0.0,-72.65
2810,215848.13,1296.47,86.25,75,-48.0,15.0,0.09,14.02,1,2,0,0,171,21,0,0,0,2,215848.13,114.09,0,254.98,86.13,44.92,0.0,2.24,0.0,0.0,60.0,60.0,0,0,0,0.0,-72.65
2811,214593.2,1536.47,86.25,75,-48.0,15.46,0.09,13.82,1,0,4,0,171,22,0,0,1,0,214593.2,114.09,0,251.9,86.13,44.92,0.0,2.3,0.0,0.0,60.0,60.0,0,0,0,0.0,-72.65
2812,214593.2,1648.47,86.25,75,-48.0,15.0,0.09,13.92,0,2,4,0,171,23,0,0,1,0,214593.2,113.07,0,249.86,86.13,44.92,0.0,2.27,0.0,0.0,60.0,60.0,0,0,0,0.0,-72.65
2813,214593.2,1744.47,86.25,75,-48.0,15.0,0.09,14.02,0,2,4,0,171,26,0,0,1,0,214593.2,113.07,0,241.66,56.77,48.83,0.0,2.24,0.0,0.0,60.0,60.0,0,0,0,0.0,-72.65
2814,210828.41,216.5,86.25,75,-48.0,15.0,0.09,14.02,0,2,0,0,170,36,0,0,0,0,210828.41,113.06,0,228.35,56.77,48.83,0.0,2.24,0.0,0.0,60.0,60.0,0,0,0,0.0,-72.65
2815,208318.55,1128.53,86.25,75,-48.0,14.53,0.09,13.82,0,2,0,0,168,59,0,0,1,2,208318.55,113.06,0,217.09,56.77,48.83,0.0,2.3,0.0,0.0,60.0,60.0,0,0,0,0.0,-72.65
2816,205808.68,176.56,86.25,75,-48.0,15.46,0.09,14.02,0,2,4,0,166,89,0,0,0,2,205808.68,114.09,0,214.02,56.77,48.83,0.0,2.24,0.0,0.0,60.0,60.0,0,0,0,0.0,-72.65
2817,203298.82,1144.56,86.25,75,-48.0,15.0,0.09,14.02,1,2,0,0,164,112,0,0,1,0,203298.82,114.09,0,214.02,56.77,48.83,0.0,2.24,0.0,0.0,60.0,60.0,0,0,0,0.0,-72.65
2818,205808.68,1448.53,86.25,75,-48.0,14.53,0.09,13.92,1,0,4,0,160,135,0,0,0,2,205808.68,114.09,0,205.82,56.77,48.83,0.0,2.27,0.0,0.0,60.0,60.0,0,0,0,0.0,-72.65
2819,205808.68,1640.53,86.25,75,-48.0,14.53,0.09,13.82,1,0,4,0,155,147,0,0,0,2,205808.68,114.09,0,201.73,56.77,48.83,0.0,2.3,0.0,0.0,60.0,60.0,0,0,0,0.0,-72.65
2820,208318.55,1568.53,86.25,75,-48.0,14.53,0.09,14.02,0,0,0,0,149,151,0,0,1,2,208318.55,114.09,0,201.73,56.77,48.83,0.0,2.24,0.0,0.0,60.0,60.0,0,0,0,0.0,-72.65
2821,207063.61,1672.53,86.25,75,-48.0,14.53,0.09,14.12,0,2,4,0,142,153,0,0,0,2,207063.61,115.11,0,203.78,56.77,48.83,0.0,2.22,0.0,0.0,60.0,60.0,0,0,0,0.0,-72.65
2822,198279.1,1720.81,86.25,75,-48.0,22.49,0.13,13.92,0,0,0,0,69,154,0,0,1,2,198279.1,115.11,0,203.78,56.77,48.83,0.0,2.27,0.0,0.0,60.0,60.0,0,0,0,0.0,-72.97
2823,174435.41,1280.78,86.25,75,-48.0,25.31,0.15,14.02,0,0,4,0,28,154,0,0,1,0,174435.41,115.11,0,183.3,56.78,48.83,0.0,2.24,0.0,0.0,60.0,60.0,0,0,0,0.0,-72.97
2824,161886.1,1425.19,86.25,75,-48.0,39.36,0.27,14.12,0,2,4,0,14,151,0,0,0,0,161886.1,115.11,0,158.72,56.81,48.83,0.0,2.22,0.0,0.0,60.0,60.0,0,0,0,0.0,-73.62
2825,151846.65,456.97,86.25,76,-48.0,38.9,0.28,14.12,0,2,0,0,21,139,0,0,0,0,151846.65,114.09,0,143.36,56.91,48.83,0.0,2.22,0.0,0.0,60.0,60.0,0,0,0,0.0,-73.3
2826,143062.13,1368.66,86.25,76,-48.0,30.93,0.2,13.92,1,2,0,0,117,153,0,0,1,0,143062.13,114.09,0,154.62,56.9,48.83,0.0,2.27,0.0,0.0,60.0,60.0,0,0,0,0.0,-72.97
2827,153101.58,712.44,86.25,76,-48.0,20.62,0.12,13.92,0,2,4,0,162,156,0,0,1,0,153101.58,114.08,0,193.54,56.83,48.83,0.0,2.27,0.0,0.0,60.0,60.0,0,0,0,0.0,-72.65
2828,200788.96,1752.59,86.25,75,-48.0,22.49,0.13,14.12,1,2,0,0,167,160,0,0,0,0,200788.96,114.08,0,247.81,56.79,48.83,0.0,2.22,0.0,0.0,60.0,60.0,0,0,0,0.0,-72.65
2829,220867.86,1272.47,86.25,75,-48.0,17.81,0.11,14.02,0,0,0,0,88,160,0,0,0,0,220867.86,114.08,0,250.88,56.78,48.83,0.0,2.24,0.0,0.0,60.0,60.0,0,0,0,0.0,-72.65
2830,218357.99,2024.47,86.25,75,-48.0,16.87,0.1,13.92,0,2,4,0,17,148,0,0,1,2,218357.99,114.08,0,257.02,56.78,48.83,0.0,2.27,0.0,0.0,60.0,60.0,0,0,0,0.0,-72.65
2831,215848.13,928.47,86.25,75,-48.0,16.4,0.1,14.02,1,2,0,0,15,104,0,0,0,2,215848.13,114.08,0,257.02,56.78,48.83,0.0,2.24,0.0,0.0,60.0,60.0,0,0,0,0.0,-72.65
2832,198279.1,1888.91,86.25,75,-48.0,29.52,0.18,14.12,1,2,4,0,18,83,0,0,1,2,198279.1,114.09,0,251.9,56.79,48.83,0.0,2.22,0.0,0.0,60.0,60.0,0,0,0,0.0,-72.97
2833,168160.75,696.97,86.25,75,-48.0,35.62,0.24,14.02,0,0,4,0,20,49,0,0,1,2,168160.75,114.09,0,218.11,56.82,48.83,0.0,2.24,0.0,0.0,60.0,60.0,0,0,0,0.0,-73.3
2834,150591.72,456.94,86.25,76,-48.0,37.02,0.26,13.92,0,0,0,0,168,41,0,0,0,0,150591.72,113.06,0,196.61,56.87,48.83,0.0,2.27,0.0,0.0,60.0,60.0,0,0,0,0.0,-73.3
2835,146826.93,624.84,86.25,76,-48.0,36.55,0.25,14.12,0,0,0,0,177,163,0,0,0,2,146826.93,113.06,0,197.63,56.88,48.83,0.0,2.22,0.0,0.0,60.0,60.0,0,0,0,0.0,-73.3
2836,145572.0,1272.38,86.25,76,-48.0,19.68,0.12,14.12,1,2,4,0,177,173,0,0,0,2,145572.0,113.06,0,209.92,56.88,48.83,0.0,2.22,0.0,0.0,60.0,60.0,0,0,0,0.0,-72.65
2837,200788.96,608.44,86.25,76,-48.0,19.68,0.11,13.82,0,2,0,0,179,174,0,0,0,0,200788.96,113.06,0,248.83,56.8,48.83,0.0,2.3,0.0,0.0,60.0,60.0,0,0,0,0.0,-72.65
2838,200788.96,2032.44,86.25,76,-48.0,18.75,0.11,13.92,1,2,0,0,171,174,0,0,0,0,200788.96,114.08,0,261.12,56.79,48.83,0.0,2.27,0.0,0.0,60.0,60.0,0,0,0,0.0,-72.65
2839,200788.96,328.47,86.25,75,-48.0,18.75,0.11,14.02,1,2,4,0,117,171,0,0,0,0,200788.96,114.08,0,261.12,56.78,48.83,0.0,2.24,0.0,0.0,60.0,60.0,0,0,0,0.0,-72.65
2840,214593.2,648.47,86.25,75,-48.0,17.34,0.1,14.12,1,0,0,0,40,168,0,0,1,0,214593.2,114.08,0,261.12,56.78,48.83,0.0,2.22,0.0,0.0,60.0,60.0,0,0,0,0.0,-72.65
2841,213338.27,992.47,86.25,75,-48.0,16.87,0.1,14.12,0,2,0,0,18,164,0,0,1,0,213338.27,114.09,0,257.02,56.78,48.83,0.0,2.22,0.0,0.0,60.0,60.0,0,0,0,0.0,-72.65
2842,217103.06,1472.47,86.25,75,-48.0,16.4,0.09,13.92,0,0,4,0,20,160,0,0,0,2,217103.06,114.09,0,254.98,56.78,48.83,0.0,2.27,0.0,0.0,60.0,60.0,0,0,0,0.0,-72.65
2843,217103.06,1808.5,86.25,76,-48.0,16.4,0.09,14.02,1,2,0,0,101,157,0,0,0,2,217103.06,113.06,0,254.98,56.77,48.83,0.0,2.24,0.0,0.0,60.0,60.0,0,0,0,0.0,-72.65
2844,205808.68,104.97,86.25,76,-48.0,29.99,0.18,14.12,0,2,4,0,167,155,0,0,0,2,205808.68,113.06,0,253.95,41.51,46.88,0.0,2.22,0.0,0.0,60.0,60.0,0,0,0,0.0,-72.97
2845,176945.27,592.84,86.25,75,-48.0,32.34,0.21,14.12,0,2,4,0,169,152,0,0,0,2,176945.27,113.06,0,234.5,41.56,46.88,0.0,2.22,0.0,0.0,60.0,60.0,0,0,0,0.0,-73.3
2846,144317.07,1344.72,86.25,75,-48.0,30.93,0.21,13.82,0,2,0,0,177,159,0,0,1,0,144317.07,113.06,0,210.94,41.6,46.88,0.0,2.3,0.0,0.0,60.0,60.0,0,0,0,0.0,-72.97
2847,156866.38,385.0,86.25,75,-48.0,40.77,0.27,13.92,0,0,4,0,175,168,0,0,0,2,156866.38,112.04,0,228.35,41.56,46.88,0.0,2.27,0.0,0.0,60.0,60.0,0,0,0,0.0,-72.97
2848,193259.37,274.25,87.0,76,-48.0,65.14,0.81,14.12,1,2,0,0,78,159,0,0,1,0,193259.37,112.04,0,200.7,41.85,46.88,0.0,2.22,0.0,0.0,60.0,60.0,0,0,0,0.0,-74.92
2849,174410.99,1209.91,87.0,76,-48.0,67.48,0.9,13.92,1,0,4,0,13,42,0,0,1,0,165650.89,112.03,0,167.94,41.88,46.88,0.0,2.27,0.0,0.0,60.0,60.0,0,0,0,0.0,-74.6
2850,212034.51,1154.34,87.0,76,-48.0,75.45,1.19,13.82,1,2,0,0,5,7,0,0,1,2,208303.9,112.03,0,185.34,41.88,46.88,0.0,2.3,0.0,0.0,60.0,60.0,0,0,0,0.0,-75.25
2851,189406.69,1530.28,87.0,76,-48.0,77.79,1.3,14.02,0,0,0,0,6,5,0,0,0,0,185656.54,112.03,0,198.66,41.88,46.88,0.0,2.24,0.0,0.0,60.0,60.0,0,0,0,0.0,-75.25
2852,181877.1,690.31,87.0,76,-48.0,80.14,1.41,14.02,0,2,4,0,6,5,0,0,1,0,178126.96,111.01,0,214.02,41.88,46.88,0.0,2.24,0.0,0.0,60.0,60.0,0,0,0,0.0,-75.25
2853,165631.36,1338.25,87.0,76,-48.0,82.01,1.48,13.82,1,0,0,0,7,5,0,0,0,0,174381.7,111.01,0,224.26,41.88,46.88,0.0,2.3,0.0,0.0,60.0,60.0,0,0,0,0.0,-75.25
2854,134292.27,297.88,87.0,75,-48.0,77.32,1.31,13.82,1,0,0,0,12,9,0,0,1,2,149292.84,111.0,0,231.42,41.88,46.88,0.0,2.3,0.0,0.0,60.0,60.0,0,0,0,0.0,-74.92
2855,139297.34,1281.94,87.0,75,-48.0,80.14,1.42,14.02,1,0,4,0,11,11,0,0,1,2,144297.53,111.0,0,239.62,41.88,46.88,0.0,2.24,0.0,0.0,60.0,60.0,0,0,0,0.0,-74.92
2856,136787.48,1785.59,87.0,75,-48.0,76.39,1.25,14.02,0,0,4,0,65,16,0,0,0,2,140537.62,109.98,0,241.66,41.88,46.88,0.0,2.24,0.0,0.0,60.0,60.0,0,0,0,0.0,-74.6
2857,115453.65,1777.06,87.0,75,-48.0,62.8,0.78,13.82,1,2,0,0,183,172,0,0,0,2,115453.65,109.98,0,249.86,41.88,46.88,0.0,2.3,0.0,0.0,60.0,60.0,0,0,0,0.0,-73.62
2858,116708.58,1592.53,87.0,75,-48.0,39.83,0.3,14.02,0,2,4,0,188,182,0,0,0,2,116708.58,109.98,0,249.86,41.78,46.88,0.0,2.24,0.0,0.0,60.0,60.0,0,0,0,0.0,-72.97
2859,144317.07,1312.41,87.0,75,-48.0,29.99,0.19,14.02,1,0,0,0,189,185,0,0,1,0,144317.07,109.98,0,251.9,41.59,46.88,0.0,2.24,0.0,0.0,60.0,60.0,0,0,0,0.0,-72.65
2860,143062.13,168.72,87.0,75,-48.0,41.71,0.3,13.92,1,2,0,0,187,184,0,0,1,0,143062.13,111.0,0,261.12,41.58,46.88,0.0,2.27,0.0,0.0,60.0,60.0,0,0,0,0.0,-72.97
2861,136787.48,1217.06,86.25,74,-48.0,51.08,0.5,13.82,0,0,4,0,185,182,0,0,0,2,136787.48,111.0,0,245.76,41.78,46.88,0.0,2.3,0.0,0.0,60.0,60.0,0,0,0,0.0,-73.62
2862,128002.96,145.22,86.25,74,-48.0,61.39,0.69,14.02,1,2,4,0,187,182,0,0,1,2,128002.96,111.0,0,247.81,41.79,46.88,0.0,2.24,0.0,0.0,60.0,60.0,0,0,0,0.0,-73.95
2863,140552.27,929.59,86.25,74,-48.0,66.55,0.87,13.92,0,0,0,0,183,178,0,0,0,0,140552.27,111.0,0,233.47,41.88,46.88,0.0,2.27,0.0,0.0,60.0,60.0,0,0,0,0.0,-74.28
2864,150586.84,1585.72,86.25,74,-48.0,65.14,0.83,13.82,1,0,0,0,177,173,0,0,1,2,153086.93,111.0,0,196.61,41.88,46.88,0.0,2.3,0.0,0.0,60.0,60.0,0,0,0,0.0,-74.6
2865,148076.98,1761.31,86.25,75,-48.0,55.77,0.6,13.92,1,0,0,0,176,170,0,0,0,2,150577.07,109.97,0,168.96,41.88,46.88,0.0,2.27,0.0,0.0,60.0,60.0,0,0,0,0.0,-73.95
2866,133022.69,616.56,86.25,75,-48.0,33.27,0.22,14.02,0,2,0,0,184,174,0,0,1,0,133022.69,109.97,0,204.8,41.68,46.88,0.0,2.24,0.0,0.0,60.0,60.0,0,0,0,0.0,-72.97
2867,159376.24,1040.56,87.0,74,-48.0,29.52,0.18,13.92,0,2,0,0,186,178,0,0,1,2,159376.24,109.97,0,241.66,41.6,46.88,0.0,2.27,0.0,0.0,60.0,60.0,0,0,0,0.0,-72.65
2868,183219.93,712.56,87.0,74,-48.0,28.12,0.17,13.92,1,0,0,0,182,179,0,0,1,0,183219.93,109.97,0,249.86,41.58,46.88,0.0,2.27,0.0,0.0,60.0,60.0,0,0,0,0.0,-72.65
2869,198279.1,200.53,87.0,74,-48.0,26.71,0.16,14.02,1,0,4,0,179,177,0,0,1,2,198279.1,111.0,0,254.98,41.58,46.88,0.0,2.24,0.0,0.0,60.0,60.0,0,0,0,0.0,-72.65
2870,200788.96,1576.56,87.0,74,-48.0,26.24,0.16,14.02,1,2,4,0,178,175,0,0,0,0,200788.96,111.0,0,261.12,41.56,46.88,0.0,2.24,0.0,0.0,60.0,60.0,0,0,0,0.0,-72.65
2871,200788.96,984.5,87.0,74,-48.0,25.31,0.15,14.02,1,0,4,0,177,174,0,0,0,0,200788.96,111.0,0,258.05,41.56,46.88,0.0,2.24,0.0,0.0,60.0,60.0,0,0,0,0.0,-72.65
2872,199534.03,336.5,87.0,74,-48.0,26.24,0.15,14.02,1,2,0,0,175,173,0,0,1,2,199534.03,111.0,0,259.07,41.56,46.88,0.0,2.24,0.0,0.0,60.0,60.0,0,0,0,0.0,-72.65
2873,194514.3,1160.62,87.0,74,-48.0,30.93,0.18,13.92,1,2,0,0,174,172,0,0,1,0,194514.3,112.02,0,261.12,41.55,46.88,0.0,2.27,0.0,0.0,60.0,60.0,0,0,0,0.0,-72.65
2874,164395.96,593.59,87.0,75,-48.0,54.83,0.53,14.02,1,2,4,0,168,169,0,0,1,0,164395.96,112.02,0,235.52,41.67,46.88,0.0,2.24,0.0,0.0,60.0,60.0,0,0,0,0.0,-73.95
2875,170641.32,905.97,87.0,75,-48.0,64.67,0.8,14.02,0,0,4,0,151,161,0,0,0,0,163175.21,112.02,0,184.32,41.88,46.88,0.0,2.24,0.0,0.0,60.0,60.0,0,0,0,0.0,-74.6
2876,171935.31,954.12,87.0,75,-48.0,70.29,1.01,13.92,0,2,0,0,110,66,0,0,0,0,183180.86,112.02,0,162.82,41.88,46.88,0.0,2.27,0.0,0.0,60.0,60.0,0,0,0,0.0,-74.92
2877,180680.77,442.12,87.0,75,-48.0,71.7,1.07,13.82,0,2,4,0,13,13,0,0,0,0,181921.05,112.02,0,158.72,41.88,46.88,0.0,2.3,0.0,0.0,60.0,60.0,0,0,0,0.0,-74.92
2878,180680.77,690.16,87.0,75,-48.0,73.11,1.09,13.82,1,0,0,0,10,10,0,0,0,0,181921.05,111.0,0,159.74,41.88,46.88,0.0,2.3,0.0,0.0,60.0,60.0,0,0,0,0.0,-74.92
2879,184426.03,1242.19,87.0,75,-48.0,73.57,1.13,13.92,0,0,4,0,12,11,0,0,0,0,180695.42,111.0,0,162.82,41.88,46.88,0.0,2.27,0.0,0.0,60.0,60.0,0,0,0,0.0,-74.92
2880,184426.03,1586.19,87.0,75,-48.0,74.04,1.15,14.02,1,0,4,0,23,14,0,0,0,0,180695.42,110.99,0,165.89,41.88,46.88,0.0,2.24,0.0,0.0,60.0,60.0,0,0,0,0.0,-75.25
2881,184426.03,930.25,87.0,75,-48.0,75.45,1.21,13.92,0,0,4,0,157,50,0,0,1,2,180695.42,110.99,0,167.94,41.88,46.88,0.0,2.27,0.0,0.0,60.0,60.0,0,0,0,0.0,-75.25
2882,189406.69,458.28,87.0,75,-48.0,75.45,1.24,13.82,0,0,4,0,164,44,0,0,0,0,185700.49,109.97,0,171.01,41.88,46.88,0.0,2.3,0.0,0.0,60.0,60.0,0,0,0,0.0,-75.25
2883,191916.55,130.38,87.75,74,-48.0,78.26,1.3,14.02,0,0,0,0,149,14,0,0,1,0,188210.35,109.97,0,175.1,41.88,46.88,0.0,2.24,0.0,0.0,60.0,60.0,0,0,0,0.0,-75.25
2884,188195.7,930.28,87.75,74,-48.0,77.32,1.28,14.02,0,0,4,0,41,49,0,0,0,0,184445.56,109.96,0,176.13,41.88,46.88,0.0,2.24,0.0,0.0,60.0,60.0,0,0,0,0.0,-75.25
2885,188195.7,1170.31,87.75,74,-48.0,77.32,1.31,13.82,0,0,4,0,120,29,0,0,0,0,184445.56,109.96,0,181.25,41.88,46.88,0.0,2.3,0.0,0.0,60.0,60.0,0,0,0,0.0,-75.25
2886,186940.77,1658.34,87.75,74,-48.0,78.26,1.33,14.02,0,2,0,0,164,20,0,0,1,2,183190.63,109.96,0,184.32,41.88,46.88,0.0,2.24,0.0,0.0,60.0,60.0,0,0,0,0.0,-75.25
2887,186940.77,1954.31,87.75,73,-48.0,77.79,1.33,13.92,1,2,0,0,156,116,0,0,0,0,183190.63,108.94,0,189.44,41.88,46.88,0.0,2.27,0.0,0.0,60.0,60.0,0,0,0,0.0,-75.25
2888,186940.77,1826.31,87.75,73,-48.0,78.26,1.32,13.82,1,2,0,0,36,74,0,0,0,0,183190.63,108.94,0,193.54,41.88,46.88,0.0,2.3,0.0,0.0,60.0,60.0,0,0,0,0.0,-75.25
2889,180671.0,1650.22,87.75,73,-48.0,76.85,1.3,14.02,0,0,0,0,152,31,0,0,0,2,176920.86,108.94,0,195.58,41.88,46.88,0.0,2.24,0.0,0.0,60.0,60.0,0,0,0,0.0,-75.25
2890,185632.13,1225.91,87.75,73,-48.0,72.17,1.1,13.82,1,0,4,0,171,143,0,0,0,2,160636.05,108.94,0,201.73,41.88,46.88,0.0,2.3,0.0,0.0,60.0,60.0,0,0,0,0.0,-74.92
2891,173097.47,1729.72,87.75,73,-48.0,69.36,0.95,13.92,1,2,4,0,170,156,0,0,1,0,158126.19,107.91,0,214.02,41.88,46.88,0.0,2.27,0.0,0.0,60.0,60.0,0,0,0,0.0,-74.6
2892,161817.74,137.66,87.75,73,-48.0,67.01,0.9,14.02,0,2,4,0,169,161,0,0,1,0,146831.81,107.91,0,223.23,41.88,46.88,0.0,2.24,0.0,0.0,60.0,60.0,0,0,0,0.0,-74.28
2893,159307.88,273.53,87.75,73,-48.0,64.2,0.81,14.02,0,2,0,0,161,157,0,0,0,0,144321.95,107.91,0,228.35,41.88,46.88,0.0,2.24,0.0,0.0,60.0,60.0,0,0,0,0.0,-73.95
2894,149312.37,377.56,87.75,73,-48.0,64.67,0.82,13.82,1,2,0,0,144,131,0,0,1,0,146812.28,107.91,0,225.28,24.27,49.22,0.0,2.3,0.0,0.0,60.0,60.0,0,0,0,0.0,-73.95
2895,155587.03,593.66,87.75,73,-48.0,63.26,0.78,14.02,0,0,0,0,25,146,0,0,1,2,153086.93,106.88,0,189.44,24.27,49.22,0.0,2.24,0.0,0.0,60.0,60.0,0,0,0,0.0,-73.95
2896,151822.24,849.16,87.75,73,-48.0,52.95,0.53,14.02,0,2,0,0,23,152,0,0,0,2,149322.14,106.88,0,193.54,24.27,49.22,0.0,2.24,0.0,0.0,60.0,60.0,0,0,0,0.0,-73.95
2897,136787.48,641.0,87.75,73,-48.0,46.86,0.4,13.92,0,2,4,0,177,166,0,0,0,2,136787.48,106.88,0,219.14,24.12,49.22,0.0,2.27,0.0,0.0,60.0,60.0,0,0,0,0.0,-73.3
2898,136787.48,753.0,87.75,73,-48.0,46.39,0.39,13.82,0,0,4,0,175,170,0,0,0,2,136787.48,106.88,0,227.33,24.11,49.22,0.0,2.3,0.0,0.0,60.0,60.0,0,0,0,0.0,-73.3
2899,136787.48,1592.97,87.75,73,-48.0,45.46,0.38,14.12,0,0,0,0,173,165,0,0,0,2,136787.48,106.88,0,228.35,24.11,49.22,0.0,2.22,0.0,0.0,60.0,60.0,0,0,0,0.0,-73.3
2900,136787.48,1920.94,87.75,73,-48.0,45.46,0.37,14.02,1,0,4,0,166,162,0,0,0,2,136787.48,105.86,0,230.4,24.09,49.22,0.0,2.24,0.0,0.0,60.0,60.0,0,0,0,0.0,-73.3
2901,151846.65,890.03,87.75,73,-48.0,64.67,0.82,13.82,0,0,0,0,138,150,0,0,0,0,151846.65,105.86,0,222.21,24.24,49.22,0.0,2.3,0.0,0.0,60.0,60.0,0,0,0,0.0,-74.28
2902,151817.35,520.91,87.75,73,-48.0,46.86,0.43,14.02,1,0,4,0,59,59,0,0,1,0,144351.25,105.85,0,194.56,24.27,49.22,0.0,2.24,0.0,0.0,60.0,60.0,0,0,0,0.0,-73.62
2903,140552.27,800.44,87.75,73,-48.0,27.65,0.17,14.02,0,2,0,0,176,172,0,0,0,0,140552.27,105.85,0,234.5,24.02,49.22,0.0,2.24,0.0,0.0,60.0,60.0,0,0,0,0.0,-72.65
2904,169415.68,280.44,87.75,73,-48.0,26.24,0.16,13.92,1,2,4,0,177,178,0,0,1,2,169415.68,106.88,0,256.0,23.95,49.22,0.0,2.27,0.0,0.0,60.0,60.0,0,0,0,0.0,-72.65
2905,195769.24,1032.44,87.75,73,-48.0,25.31,0.15,14.02,1,2,4,0,175,176,0,0,0,2,195769.24,106.88,0,261.12,23.95,49.22,0.0,2.24,0.0,0.0,60.0,60.0,0,0,0,0.0,-72.33
2906,203298.82,872.44,87.75,73,-48.0,25.31,0.15,14.02,1,2,0,0,171,174,0,0,1,0,203298.82,106.88,0,261.12,23.95,49.22,0.0,2.24,0.0,0.0,60.0,60.0,0,0,0,0.0,-72.33
2907,202043.89,488.41,87.75,73,-48.0,23.9,0.14,13.92,0,2,0,0,167,170,0,0,0,0,202043.89,106.88,0,261.12,23.95,49.22,0.0,2.27,0.0,0.0,60.0,60.0,0,0,0,0.0,-72.33
2908,202043.89,120.41,87.75,73,-48.0,23.9,0.14,14.02,0,2,0,0,167,167,0,0,0,0,202043.89,107.9,0,261.12,2.81,46.88,0.0,2.24,0.0,0.0,60.0,60.0,0,0,0,0.0,-72.33
2909,200788.96,1608.41,87.75,73,-48.0,22.96,0.14,14.02,0,2,0,0,167,165,0,0,0,0,200788.96,107.9,0,261.12,2.81,46.88,0.0,2.24,0.0,0.0,60.0,60.0,0,0,0,0.0,-72.33
2910,199534.03,1040.41,87.75,73,-48.0,22.96,0.13,14.02,1,2,0,0,167,162,0,0,1,2,199534.03,107.91,0,261.12,2.81,46.88,0.0,2.24,0.0,0.0,60.0,60.0,0,0,0,0.0,-72.33
2911,199534.03,632.41,87.75,73,-48.0,22.03,0.13,13.92,0,0,4,0,165,160,0,0,1,2,199534.03,107.91,0,261.12,2.8,46.88,0.0,2.27,0.0,0.0,60.0,60.0,0,0,0,0.0,-72.33
2912,198279.1,584.41,87.75,73,-48.0,22.49,0.13,14.02,1,2,0,0,160,159,0,0,1,2,198279.1,107.91,0,261.12,2.8,46.88,0.0,2.24,0.0,0.0,60.0,60.0,0,0,0,0.0,-72.33
2913,198279.1,664.41,87.75,74,-48.0,22.49,0.13,14.02,1,0,0,0,154,157,0,0,1,2,198279.1,108.93,0,261.12,2.8,46.88,0.0,2.24,0.0,0.0,60.0,60.0,0,0,0,0.0,-72.33
2914,170670.62,1601.19,87.75,74,-48.0,45.93,0.39,13.82,0,2,0,0,128,155,0,0,0,0,170670.62,108.93,0,261.12,2.87,46.88,0.0,2.3,0.0,0.0,60.0,60.0,0,0,0,0.0,-73.3
2915,145572.0,1049.59,87.75,74,-48.0,57.64,0.61,14.02,1,0,4,0,159,150,0,0,0,2,145572.0,108.93,0,226.3,2.99,46.88,0.0,2.24,0.0,0.0,60.0,60.0,0,0,0,0.0,-73.62
2916,163111.73,1865.81,87.75,74,-48.0,63.73,0.8,14.02,0,2,4,0,28,155,0,0,1,0,164395.96,108.93,0,196.61,3.13,46.88,0.0,2.24,0.0,0.0,60.0,60.0,0,0,0,0.0,-74.28
2917,190700.68,1450.34,87.75,75,-48.0,72.64,1.12,13.92,1,0,4,0,10,54,0,0,0,2,186970.07,107.9,0,183.3,3.13,46.88,0.0,2.27,0.0,0.0,60.0,60.0,0,0,0,0.0,-74.92
2918,188190.82,1186.28,87.75,75,-48.0,74.51,1.18,13.71,0,2,4,0,8,10,0,0,1,0,184460.21,107.9,0,172.03,3.13,46.88,0.0,2.32,0.0,0.0,60.0,60.0,0,0,0,0.0,-74.92
2919,190700.68,1562.38,87.75,75,-48.0,76.85,1.27,13.82,1,0,0,0,9,8,0,0,0,2,186970.07,107.9,0,168.96,3.13,46.88,0.0,2.3,0.0,0.0,60.0,60.0,0,0,0,0.0,-75.25
2920,200715.71,818.41,87.75,75,-48.0,77.79,1.31,13.92,0,2,4,0,16,11,0,0,0,2,189465.28,107.9,0,167.94,3.13,46.88,0.0,2.27,0.0,0.0,60.0,60.0,0,0,0,0.0,-75.25
2921,199460.78,42.41,87.75,75,-48.0,78.73,1.35,14.02,0,2,0,0,109,30,0,0,0,2,188210.35,106.88,0,168.96,3.13,46.88,0.0,2.24,0.0,0.0,60.0,60.0,0,0,0,0.0,-75.58
2922,195700.87,762.44,87.75,74,-48.0,80.14,1.43,13.82,1,2,0,0,160,11,0,0,1,0,185700.49,106.88,0,198.66,3.13,46.88,0.0,2.3,0.0,0.0,60.0,60.0,0,0,0,0.0,-75.58
2923,183185.74,1962.47,87.75,74,-48.0,82.48,1.51,13.82,1,2,0,0,151,21,0,0,1,0,188185.94,106.88,0,214.02,3.13,46.88,0.0,2.3,0.0,0.0,60.0,60.0,0,0,0,0.0,-75.25
2924,180675.88,482.41,87.75,73,-48.0,82.48,1.51,14.02,1,2,0,0,21,75,0,0,0,0,185676.08,106.87,0,216.06,3.13,46.88,0.0,2.24,0.0,0.0,60.0,60.0,0,0,0,0.0,-75.25
2925,189416.45,1194.41,87.75,73,-48.0,82.48,1.52,14.02,1,0,0,0,100,15,0,0,1,2,183166.21,106.87,0,218.11,3.13,46.88,0.0,2.24,0.0,0.0,60.0,60.0,0,0,0,0.0,-75.58
2926,186911.47,314.41,87.75,73,-48.0,82.48,1.54,13.82,1,0,4,0,161,38,0,0,1,2,181911.28,105.85,0,219.14,3.13,46.88,0.0,2.3,0.0,0.0,60.0,60.0,0,0,0,0.0,-75.25
2927,186906.59,1066.41,87.75,73,-48.0,82.95,1.56,14.02,1,2,4,0,150,40,0,0,0,2,180656.35,105.85,0,221.18,3.13,46.88,0.0,2.24,0.0,0.0,60.0,60.0,0,0,0,0.0,-75.25
2928,186906.59,1642.41,87.75,73,-48.0,83.42,1.57,14.02,0,0,0,0,21,65,0,0,0,2,180656.35,105.84,0,222.21,3.13,46.88,0.0,2.24,0.0,0.0,60.0,60.0,0,0,0,0.0,-75.25
2929,181891.75,1322.38,87.75,73,-48.0,82.48,1.56,13.82,1,2,0,0,157,141,0,0,1,0,176891.56,105.84,0,223.23,3.13,46.88,0.0,2.3,0.0,0.0,60.0,60.0,0,0,0,0.0,-75.25
2930,179377.01,1010.31,87.75,73,-48.0,82.48,1.54,13.92,1,2,4,0,166,97,0,0,1,2,173126.77,104.82,0,225.28,3.13,46.88,0.0,2.27,0.0,0.0,60.0,60.0,0,0,0,0.0,-75.25
2931,174357.28,1306.16,87.75,73,-48.0,80.14,1.44,14.02,0,2,0,0,140,149,0,0,1,0,168107.04,104.82,0,227.33,3.13,46.88,0.0,2.24,0.0,0.0,60.0,60.0,0,0,0,0.0,-74.92
2932,135503.25,1977.44,87.75,73,-48.0,68.42,0.93,14.02,0,0,4,0,168,166,0,0,1,2,133003.15,104.82,0,237.57,3.13,46.88,0.0,2.24,0.0,0.0,60.0,60.0,0,0,0,0.0,-73.95
2933,117963.51,1496.94,87.75,72,-48.0,55.77,0.59,13.82,0,0,4,0,174,174,0,0,1,2,117963.51,104.82,0,247.81,3.09,46.88,0.0,2.3,0.0,0.0,60.0,60.0,0,0,0,0.0,-73.3
2934,129257.89,881.06,87.75,72,-48.0,56.7,0.59,14.02,0,0,4,0,159,172,0,0,1,2,129257.89,104.82,0,241.66,3.06,46.88,0.0,2.24,0.0,0.0,60.0,60.0,0,0,0,0.0,-73.3
2935,139297.34,745.22,87.75,72,-48.0,55.3,0.57,14.02,0,0,4,0,74,169,0,0,1,2,139297.34,103.79,0,233.47,86.06,49.22,0.0,2.24,0.0,0.0,60.0,60.0,0,0,0,0.0,-73.3
2936,140552.27,1569.19,87.75,72,-48.0,55.3,0.57,14.02,1,2,0,0,30,164,0,0,0,0,140552.27,103.79,0,234.5,86.07,49.22,0.0,2.24,0.0,0.0,60.0,60.0,0,0,0,0.0,-73.62
2937,139297.34,897.19,87.0,72,-48.0,54.83,0.57,13.82,0,2,0,0,149,157,0,0,1,2,139297.34,103.79,0,234.5,0.34,50.0,0.0,2.3,0.0,0.0,60.0,60.0,0,0,0,0.0,-73.62
2938,150586.84,393.78,87.0,72,-48.0,67.48,0.89,14.02,0,0,4,0,26,76,0,0,1,2,153086.93,103.79,0,224.26,0.39,50.0,0.0,2.24,0.0,0.0,60.0,60.0,0,0,0,0.0,-74.28
2939,163136.15,1089.78,87.0,72,-48.0,66.55,0.88,14.02,0,2,4,0,152,43,0,0,1,2,170626.67,102.76,0,227.33,0.39,50.0,0.0,2.24,0.0,0.0,60.0,60.0,0,0,0,0.0,-74.28
2940,165646.01,1697.88,87.0,73,-48.0,67.01,0.9,14.02,1,2,4,0,133,73,0,0,0,0,173136.53,102.76,0,236.54,0.39,50.0,0.0,2.24,0.0,0.0,60.0,60.0,0,0,0,0.0,-74.6
2941,185685.84,42.16,87.0,73,-48.0,71.23,1.04,13.82,1,0,0,0,11,38,0,0,0,0,183175.98,102.76,0,236.54,0.39,50.0,0.0,2.3,0.0,0.0,60.0,60.0,0,0,0,0.0,-74.92
2942,184430.91,418.12,87.0,73,-48.0,70.76,1.03,14.02,1,0,4,0,28,19,0,0,0,0,181950.35,102.76,0,237.57,0.39,50.0,0.0,2.24,0.0,0.0,60.0,60.0,0,0,0,0.0,-74.92
2943,185685.84,138.16,87.0,73,-48.0,70.76,1.04,14.02,1,0,4,0,146,25,0,0,0,0,183205.28,102.76,0,240.64,0.39,50.0,0.0,2.24,0.0,0.0,60.0,60.0,0,0,0,0.0,-74.92
2944,185729.79,554.19,87.0,73,-48.0,70.76,1.04,14.02,0,2,0,0,163,68,0,0,0,0,183205.28,101.74,0,244.74,0.39,50.0,0.0,2.24,0.0,0.0,60.0,60.0,0,0,0,0.0,-74.92
2945,186984.72,1234.22,87.0,73,-48.0,71.23,1.05,13.92,1,2,4,0,156,30,0,0,1,0,184504.15,101.74,0,249.86,0.39,50.0,0.0,2.27,0.0,0.0,60.0,60.0,0,0,0,0.0,-74.92
2946,186984.72,1018.19,87.0,73,-48.0,69.83,1.02,14.02,0,0,4,0,30,25,0,0,0,0,183254.11,101.73,0,253.95,0.39,50.0,0.0,2.24,0.0,0.0,60.0,60.0,0,0,0,0.0,-74.92
2947,168155.87,329.81,87.0,73,-48.0,64.67,0.83,14.02,0,0,0,0,153,76,0,0,1,0,175670.81,101.73,0,259.07,0.39,50.0,0.0,2.24,0.0,0.0,60.0,60.0,0,0,0,0.0,-74.6
2948,158092.01,665.66,87.0,73,-48.0,61.86,0.76,14.02,1,2,4,0,168,153,0,0,1,2,159376.24,100.71,0,261.12,0.39,50.0,0.0,2.24,0.0,0.0,60.0,60.0,0,0,0,0.0,-74.28
2949,148081.86,1097.59,87.0,73,-48.0,61.39,0.73,14.02,1,0,0,0,157,143,0,0,0,2,148081.86,100.71,0,261.12,0.39,50.0,0.0,2.24,0.0,0.0,60.0,60.0,0,0,0,0.0,-73.95
2950,148081.86,649.59,87.0,73,-48.0,61.86,0.74,14.02,0,2,0,0,101,151,0,0,0,2,158082.24,100.7,0,261.12,0.39,50.0,0.0,2.24,0.0,0.0,60.0,60.0,0,0,0,0.0,-73.95
2951,148076.98,1161.56,87.0,73,-48.0,61.86,0.72,13.82,1,2,4,0,32,159,0,0,0,2,156827.31,100.7,0,261.12,0.39,50.0,0.0,2.3,0.0,0.0,60.0,60.0,0,0,0,0.0,-73.95
2952,140547.39,121.03,87.0,73,-48.0,51.08,0.49,14.02,1,0,0,0,171,164,0,0,1,2,154297.92,99.68,0,261.12,0.38,50.0,0.0,2.24,0.0,0.0,60.0,60.0,0,0,0,0.0,-73.62
2953,130512.82,1432.81,87.0,73,-48.0,45.93,0.39,14.02,1,0,4,0,175,170,0,0,0,0,130512.82,99.68,0,261.12,0.25,50.0,0.0,2.24,0.0,0.0,60.0,60.0,0,0,0,0.0,-72.97
2954,128002.96,656.81,87.0,73,-48.0,45.46,0.38,13.92,0,0,0,0,173,169,0,0,1,2,128002.96,99.68,0,261.12,0.22,50.0,0.0,2.27,0.0,0.0,60.0,60.0,0,0,0,0.0,-72.97
2955,126748.03,2008.72,87.0,73,-48.0,43.11,0.34,14.02,0,0,0,0,169,166,0,0,0,2,126748.03,99.68,0,261.12,0.21,50.0,0.0,2.24,0.0,0.0,60.0,60.0,0,0,0,0.0,-72.97
2956,121728.31,488.59,87.0,73,-48.0,38.9,0.27,14.02,1,0,4,0,172,163,0,0,0,0,121728.31,99.68,0,261.12,0.17,50.0,0.0,2.24,0.0,0.0,60.0,60.0,0,0,0,0.0,-72.65
2957,124238.17,1824.75,87.0,73,-48.0,43.58,0.34,14.02,1,0,0,0,159,161,0,0,1,0,124238.17,100.71,0,261.12,0.18,50.0,0.0,2.24,0.0,0.0,60.0,60.0,0,0,0,0.0,-72.97
2958,126748.03,712.78,87.0,73,-48.0,44.52,0.37,13.92,0,0,0,0,160,153,0,0,0,2,126748.03,100.71,0,261.12,0.21,50.0,0.0,2.27,0.0,0.0,60.0,60.0,0,0,0,0.0,-72.97
2959,135532.55,1641.09,87.0,73,-48.0,52.02,0.51,14.02,0,0,4,0,155,155,0,0,0,2,135532.55,100.71,0,261.12,0.26,50.0,0.0,2.24,0.0,0.0,60.0,60.0,0,0,0,0.0,-73.3
2960,138042.41,1113.09,87.0,73,-48.0,52.02,0.51,14.02,1,2,0,0,154,161,0,0,1,2,138042.41,100.71,0,261.12,0.29,50.0,0.0,2.24,0.0,0.0,60.0,60.0,0,0,0,0.0,-73.3
2961,138042.41,1065.09,87.0,73,-48.0,51.55,0.5,14.12,1,0,4,0,50,158,0,0,1,2,138042.41,99.69,0,261.12,0.32,50.0,0.0,2.22,0.0,0.0,60.0,60.0,0,0,0,0.0,-73.3
2962,138042.41,609.12,87.0,73,-48.0,53.42,0.53,13.82,1,2,4,0,15,134,0,0,1,2,138042.41,99.69,0,261.12,0.32,50.0,0.0,2.3,0.0,0.0,60.0,60.0,0,0,0,0.0,-73.3
2963,138042.41,241.12,87.0,73,-48.0,52.49,0.52,14.02,0,0,4,0,16,64,0,0,1,2,138042.41,99.68,0,261.12,0.32,50.0,0.0,2.24,0.0,0.0,60.0,60.0,0,0,0,0.0,-73.3
2964,138042.41,1049.12,87.0,73,-48.0,53.42,0.53,14.02,1,2,0,0,18,40,0,0,1,2,138042.41,99.68,0,261.12,0.32,50.0,0.0,2.24,0.0,0.0,60.0,60.0,0,0,0,0.0,-73.3
2965,138042.41,1785.16,87.0,73,-48.0,52.95,0.54,14.02,1,2,0,0,58,37,0,0,1,2,138042.41,98.66,0,261.12,0.33,50.0,0.0,2.24,0.0,0.0,60.0,60.0,0,0,0,0.0,-73.3
2966,138042.41,665.12,87.0,74,-48.0,53.42,0.53,13.92,1,2,0,0,147,43,0,0,1,2,138042.41,98.66,0,261.12,0.32,50.0,0.0,2.27,0.0,0.0,60.0,60.0,0,0,0,0.0,-73.3
2967,136787.48,169.0,87.0,74,-48.0,50.14,0.46,14.02,0,0,0,0,161,50,0,0,0,2,136787.48,98.66,0,261.12,0.32,50.0,0.0,2.24,0.0,0.0,60.0,60.0,0,0,0,0.0,-73.3
2968,133022.69,1792.94,87.0,74,-48.0,49.21,0.45,14.02,0,2,4,0,165,61,0,0,1,0,133022.69,98.66,0,261.12,0.27,50.0,0.0,2.24,0.0,0.0,60.0,60.0,0,0,0,0.0,-73.3
2969,133022.69,1000.94,87.0,74,-48.0,49.21,0.43,14.12,1,2,4,0,153,57,0,0,1,0,133022.69,98.66,0,261.12,0.26,50.0,0.0,2.22,0.0,0.0,60.0,60.0,0,0,0,0.0,-72.97
2970,131767.76,200.91,87.0,74,-48.0,48.74,0.43,13.82,0,0,0,0,112,56,0,0,0,0,131767.76,97.63,0,261.12,0.26,50.0,0.0,2.3,0.0,0.0,60.0,60.0,0,0,0,0.0,-72.97
2971,129257.89,1928.72,87.0,74,-48.0,42.65,0.34,13.92,1,2,4,0,23,60,0,0,1,2,129257.89,97.63,0,261.12,0.25,50.0,0.0,2.27,0.0,0.0,60.0,60.0,0,0,0,0.0,-72.97
2972,119218.45,800.41,87.0,74,-48.0,30.46,0.19,14.02,0,0,0,0,173,140,0,0,1,2,119218.45,97.64,0,261.12,0.13,50.0,0.0,2.24,0.0,0.0,60.0,60.0,0,0,0,0.0,-72.65
2973,117963.51,1456.38,87.0,74,-48.0,28.59,0.18,14.02,1,0,0,0,168,174,0,0,1,2,117963.51,97.64,0,261.12,0.1,50.0,0.0,2.24,0.0,0.0,60.0,60.0,0,0,0,0.0,-72.33
2974,136787.48,1024.31,87.0,74,-48.0,24.37,0.14,14.02,1,0,4,0,168,173,0,0,0,2,136787.48,98.66,0,261.12,0.1,50.0,0.0,2.24,0.0,0.0,60.0,60.0,0,0,0,0.0,-72.33
2975,155611.44,1376.28,87.0,74,-48.0,23.43,0.14,13.92,0,2,4,0,167,173,0,0,0,2,155611.44,98.66,0,261.12,0.1,50.0,0.0,2.27,0.0,0.0,60.0,60.0,0,0,0,0.0,-72.33
2976,174435.41,1320.28,87.0,74,-48.0,23.43,0.14,14.12,0,0,0,0,161,173,0,0,1,0,174435.41,98.66,0,261.12,0.1,50.0,0.0,2.22,0.0,0.0,60.0,60.0,0,0,0,0.0,-72.33
2977,193259.37,1520.28,87.0,74,-48.0,22.96,0.14,14.02,1,2,4,0,153,172,0,0,1,0,193259.37,98.66,0,261.12,0.1,50.0,0.0,2.24,0.0,0.0,60.0,60.0,0,0,0,0.0,-72.33
2978,199534.03,1416.28,87.0,74,-48.0,22.96,0.14,13.82,1,0,4,0,51,171,0,0,1,2,199534.03,98.66,0,261.12,0.0,50.0,0.0,2.3,0.0,0.0,60.0,60.0,0,0,0,0.0,-72.33
2979,199534.03,1528.28,87.0,75,-48.0,23.43,0.14,14.02,1,2,4,0,7,163,0,0,1,2,199534.03,99.69,0,261.12,0.0,50.0,0.0,2.24,0.0,0.0,60.0,60.0,0,0,0,0.0,-72.33
2980,199534.03,1848.28,87.0,75,-48.0,23.43,0.14,14.02,1,2,0,0,0,15,0,0,1,2,199534.03,99.69,0,261.12,0.0,50.0,0.0,2.24,0.0,0.0,60.0,60.0,0,0,0,0.0,-72.33
2981,199534.03,1984.28,87.0,75,-48.0,22.96,0.14,14.02,1,0,0,0,0,1,0,0,1,2,199534.03,99.69,0,261.12,0.0,50.0,0.0,2.24,0.0,0.0,60.0,60.0,0,0,0,0.0,-72.33
2982,199534.03,2016.31,87.0,75,-48.0,23.43,0.14,13.82,1,0,0,0,0,0,0,0,1,2,199534.03,99.69,0,261.12,0.0,50.0,0.0,2.3,0.0,0.0,60.0,60.0,0,0,0,0.0,-72.33
2983,199534.03,160.31,87.0,75,-48.0,23.43,0.14,13.82,0,0,0,0,0,0,0,0,1,2,199534.03,100.72,0,261.12,0.0,50.0,0.0,2.3,0.0,0.0,60.0,60.0,0,0,0,0.0,-72.33
2984,199534.03,232.31,86.25,75,-48.0,23.43,0.14,14.02,0,2,4,0,0,0,0,0,1,2,199534.03,100.72,0,261.12,0.0,50.0,0.0,2.24,0.0,0.0,60.0,60.0,0,0,0,0.0,-72.33
2985,120473.38,64.56,86.25,75,-48.0,36.55,0.25,14.02,1,0,0,0,0,0,0,0,0,0,120473.38,100.72,0,260.1,0.11,50.0,0.0,2.24,0.0,0.0,60.0,60.0,0,0,0,0.0,-72.65
2986,121728.31,224.59,86.25,75,-48.0,37.96,0.27,13.92,1,2,4,0,2,0,0,0,0,0,121728.31,100.72,0,254.98,0.14,50.0,0.0,2.27,0.0,0.0,60.0,60.0,0,0,0,0.0,-72.65
2987,128002.96,1592.84,86.25,75,-48.0,46.86,0.39,14.02,0,0,0,0,13,3,0,0,1,2,128002.96,100.72,0,247.81,0.22,50.0,0.0,2.24,0.0,0.0,60.0,60.0,0,0,0,0.0,-72.97
2988,129257.89,1472.88,86.25,75,-48.0,46.86,0.41,14.02,1,2,4,0,41,6,0,0,1,2,129257.89,99.7,0,246.78,0.23,50.0,0.0,2.24,0.0,0.0,60.0,60.0,0,0,0,0.0,-72.97
2989,130512.82,1336.91,86.25,75,-48.0,47.8,0.42,14.02,1,0,0,0,45,25,0,0,0,0,130512.82,99.7,0,244.74,0.24,50.0,0.0,2.24,0.0,0.0,60.0,60.0,0,0,0,0.0,-73.3
2990,130512.82,160.91,86.25,75,-48.0,47.8,0.42,13.82,0,2,0,0,62,41,0,0,0,0,130512.82,99.69,0,245.76,0.25,50.0,0.0,2.3,0.0,0.0,60.0,60.0,0,0,0,0.0,-73.3
2991,133022.69,632.94,86.25,75,-48.0,48.27,0.43,14.02,0,0,4,0,121,71,0,0,1,0,133022.69,99.69,0,252.93,0.25,50.0,0.0,2.24,0.0,0.0,60.0,60.0,0,0,0,0.0,-73.3
2992,133022.69,1856.94,86.25,75,-48.0,48.27,0.43,14.02,0,2,0,0,159,111,0,0,1,0,133022.69,98.67,0,258.05,0.25,50.0,0.0,2.24,0.0,0.0,60.0,60.0,0,0,0,0.0,-73.3
2993,133022.69,1584.94,86.25,76,-48.0,48.27,0.42,14.02,1,2,0,0,171,159,0,0,1,0,133022.69,98.67,0,259.07,0.25,50.0,0.0,2.24,0.0,0.0,60.0,60.0,0,0,0,0.0,-73.3
2994,134277.62,1593.0,86.25,76,-48.0,48.27,0.44,13.82,1,2,0,0,174,166,0,0,1,0,134277.62,98.66,0,260.1,0.25,50.0,0.0,2.3,0.0,0.0,60.0,60.0,0,0,0,0.0,-73.3
2995,135532.55,1681.0,86.25,76,-48.0,49.21,0.44,14.02,1,2,0,0,173,167,0,0,0,2,135532.55,98.66,0,260.1,0.26,50.0,0.0,2.24,0.0,0.0,60.0,60.0,0,0,0,0.0,-73.3
2996,135532.55,809.03,86.25,76,-48.0,50.14,0.46,14.02,1,2,0,0,170,167,0,0,0,2,135532.55,98.66,0,260.1,0.26,50.0,0.0,2.24,0.0,0.0,60.0,60.0,0,0,0,0.0,-73.3
2997,135532.55,1225.03,86.25,75,-48.0,50.14,0.46,14.02,1,0,4,0,163,165,0,0,0,2,135532.55,97.64,0,261.12,0.27,50.0,0.0,2.24,0.0,0.0,60.0,60.0,0,0,0,0.0,-73.3
2998,135532.55,1705.03,86.25,75,-48.0,50.14,0.46,13.82,1,2,4,0,151,159,0,0,0,2,135532.55,97.64,0,261.12,0.27,50.0,0.0,2.3,0.0,0.0,60.0,60.0,0,0,0,0.0,-73.3
2999,135532.55,849.0,86.25,76,-48.0,50.14,0.45,14.02,0,2,4,0,96,151,0,0,0,2,135532.55,97.64,0,261.12,0.27,50.0,0.0,2.24,0.0,0.0,60.0,60.0,0,0,0,0.0,-73.3
3000,129257.89,976.78,86.25,76,-48.0,44.05,0.35,14.02,1,2,4,0,83,155,0,0,1,2,129257.89,97.64,0,261.12,0.25,50.0,0.0,2.24,0.0,0.0,60.0,60.0,0,0,0,0.0,-72.97
3001,122983.24,904.5,86.25,75,-48.0,33.74,0.22,14.02,1,2,4,0,166,165,0,0,1,0,122983.24,98.66,0,261.12,0.16,50.0,0.0,2.24,0.0,0.0,60.0,60.0,0,0,0,0.0,-72.65
3002,119218.45,1456.44,86.25,75,-48.0,31.87,0.2,14.02,0,0,4,0,169,169,0,0,1,2,119218.45,98.66,0,261.12,0.1,50.0,0.0,2.24,0.0,0.0,60.0,60.0,0,0,0,0.0,-72.33
3003,119218.45,1336.44,85.5,75,-48.0,31.4,0.2,14.12,1,0,0,0,155,167,0,0,1,2,119218.45,98.66,0,261.12,0.1,50.0,0.0,2.22,0.0,0.0,60.0,60.0,0,0,0,0.0,-72.33
3004,119218.45,48.47,85.5,75,-48.0,31.87,0.2,13.92,1,2,4,0,140,164,0,0,1,2,119218.45,98.66,0,261.12,0.1,50.0,0.0,2.27,0.0,0.0,60.0,60.0,0,0,0,0.0,-72.33
3005,124238.17,56.69,85.5,75,-48.0,41.71,0.31,14.02,0,0,0,0,60,161,0,0,1,0,124238.17,99.69,0,261.12,0.16,50.0,0.0,2.24,0.0,0.0,60.0,60.0,0,0,0,0.0,-72.97
3006,133022.69,1272.97,85.5,75,-48.0,48.27,0.43,14.02,1,2,4,0,156,160,0,0,1,0,133022.69,99.69,0,261.12,0.24,50.0,0.0,2.24,0.0,0.0,60.0,60.0,0,0,0,0.0,-73.3
3007,134277.62,1248.97,85.5,75,-48.0,48.74,0.43,13.82,1,2,4,0,168,167,0,0,1,0,134277.62,99.68,0,261.12,0.25,50.0,0.0,2.3,0.0,0.0,60.0,60.0,0,0,0,0.0,-73.3
3008,134277.62,265.0,85.5,76,-48.0,48.27,0.43,14.02,0,0,0,0,161,167,0,0,1,0,134277.62,99.68,0,261.12,0.26,50.0,0.0,2.24,0.0,0.0,60.0,60.0,0,0,0,0.0,-73.3
3009,134277.62,121.0,85.5,76,-48.0,49.21,0.44,14.02,0,0,4,0,81,161,0,0,1,0,134277.62,98.66,0,261.12,0.26,50.0,0.0,2.24,0.0,0.0,60.0,60.0,0,0,0,0.0,-73.3
3010,134277.62,96.97,85.5,76,-48.0,48.74,0.43,13.82,1,2,0,0,20,145,0,0,1,0,134277.62,98.66,0,261.12,0.26,50.0,0.0,2.3,0.0,0.0,60.0,60.0,0,0,0,0.0,-73.3
3011,134277.62,1969.0,85.5,76,-48.0,49.21,0.44,13.82,1,0,4,0,17,116,0,0,1,0,134277.62,98.66,0,261.12,0.25,50.0,0.0,2.3,0.0,0.0,60.0,60.0,0,0,0,0.0,-73.3
3012,135532.55,1953.03,85.5,76,-48.0,49.67,0.45,14.02,0,0,4,0,18,80,0,0,0,2,135532.55,98.66,0,261.12,0.26,50.0,0.0,2.24,0.0,0.0,60.0,60.0,0,0,0,0.0,-73.3
3013,135532.55,169.0,85.5,76,-48.0,50.14,0.45,13.92,0,0,0,0,90,78,0,0,0,2,135532.55,98.66,0,261.12,0.26,50.0,0.0,2.27,0.0,0.0,60.0,60.0,0,0,0,0.0,-73.3
3014,136787.48,1713.09,85.5,76,-48.0,51.55,0.49,14.02,0,2,0,0,150,96,0,0,0,2,136787.48,97.63,0,261.12,0.27,50.0,0.0,2.24,0.0,0.0,60.0,60.0,0,0,0,0.0,-73.3
3015,145572.0,161.47,85.5,76,-48.0,58.58,0.65,14.02,1,2,0,0,136,115,0,0,1,0,145572.0,97.63,0,261.12,0.39,50.0,0.0,2.24,0.0,0.0,60.0,60.0,0,0,0,0.0,-73.95
3016,148081.86,1513.66,85.5,76,-48.0,61.86,0.73,13.82,1,2,4,0,49,73,0,0,0,2,148081.86,97.63,0,261.12,0.39,50.0,0.0,2.3,0.0,0.0,60.0,60.0,0,0,0,0.0,-73.95
3017,153101.58,793.78,85.5,76,-48.0,64.2,0.79,13.92,0,2,4,0,16,70,0,0,0,0,163101.97,97.63,0,261.12,0.39,50.0,0.0,2.27,0.0,0.0,60.0,60.0,0,0,0,0.0,-74.28
3018,160601.87,985.75,85.5,76,-48.0,63.26,0.78,14.02,1,0,0,0,37,145,0,0,0,0,161851.92,96.6,0,261.12,0.39,50.0,0.0,2.24,0.0,0.0,60.0,60.0,0,0,0,0.0,-74.28
3019,160601.87,929.78,85.5,76,-48.0,64.67,0.8,13.71,0,0,4,0,141,105,0,0,0,0,161886.1,96.6,0,261.12,0.39,50.0,0.0,2.32,0.0,0.0,60.0,60.0,0,0,0,0.0,-74.28
3020,160601.87,1681.75,85.5,76,-48.0,63.73,0.79,13.92,0,0,4,0,161,50,0,0,0,0,171886.48,96.6,0,261.12,0.39,50.0,0.0,2.27,0.0,0.0,60.0,60.0,0,0,0,0.0,-74.28
3021,159351.82,1937.78,85.5,76,-48.0,64.2,0.81,13.92,0,0,0,0,147,86,0,0,1,2,170631.55,96.6,0,261.12,0.39,50.0,0.0,2.27,0.0,0.0,60.0,60.0,0,0,0,0.0,-74.28
3022,159351.82,1041.75,85.5,76,-48.0,64.2,0.8,13.92,1,2,4,0,27,139,0,0,1,2,170631.55,95.58,0,261.12,0.39,50.0,0.0,2.27,0.0,0.0,60.0,60.0,0,0,0,0.0,-74.28
3023,156846.84,1201.75,85.5,75,-48.0,64.2,0.81,13.82,1,2,4,0,39,73,0,0,0,2,168121.69,95.58,0,261.12,0.39,50.0,0.0,2.3,0.0,0.0,60.0,60.0,0,0,0,0.0,-74.28
3024,156846.84,1201.75,85.5,75,-48.0,64.67,0.81,14.02,1,0,4,0,161,90,0,0,0,2,168121.69,95.58,0,261.12,0.39,50.0,0.0,2.24,0.0,0.0,60.0,60.0,0,0,0,0.0,-74.28
3025,163136.15,641.75,84.75,75,-48.0,64.67,0.81,14.02,0,0,4,0,165,154,0,0,1,2,170651.08,95.57,0,261.12,0.39,50.0,0.0,2.24,0.0,0.0,60.0,60.0,0,0,0,0.0,-74.28
3026,161881.22,1505.72,84.75,75,-48.0,63.73,0.8,13.92,0,2,0,0,155,133,0,0,1,2,169396.15,95.57,0,261.12,0.39,50.0,0.0,2.27,0.0,0.0,60.0,60.0,0,0,0,0.0,-74.28
3027,150625.9,1721.66,84.75,75,-48.0,62.8,0.78,14.02,1,2,0,0,41,109,0,0,0,2,164352.01,94.55,0,261.12,0.39,50.0,0.0,2.24,0.0,0.0,60.0,60.0,0,0,0,0.0,-74.28
3028,144312.18,1377.25,84.75,75,-48.0,55.77,0.59,14.02,1,2,0,0,162,162,0,0,1,0,158077.36,94.55,0,261.12,0.38,50.0,0.0,2.24,0.0,0.0,60.0,60.0,0,0,0,0.0,-73.62
3029,143057.25,529.25,84.75,75,-48.0,56.7,0.58,14.02,1,2,0,0,165,169,0,0,0,0,156822.43,94.54,0,261.12,0.36,50.0,0.0,2.24,0.0,0.0,60.0,60.0,0,0,0,0.0,-73.62
3030,143057.25,1497.28,84.75,75,-48.0,56.24,0.6,13.82,0,2,0,0,164,161,0,0,0,0,156817.55,94.54,0,261.12,0.36,50.0,0.0,2.3,0.0,0.0,60.0,60.0,0,0,0,0.0,-73.62
3031,143057.25,41.25,84.75,75,-48.0,56.24,0.6,14.02,0,0,0,0,151,151,0,0,0,0,156817.55,93.52,0,261.12,0.37,50.0,0.0,2.24,0.0,0.0,60.0,60.0,0,0,0,0.0,-73.62
3032,141807.2,225.28,84.75,75,-48.0,56.7,0.61,14.02,1,0,4,0,44,150,0,0,0,0,155567.5,93.52,0,261.12,0.37,50.0,0.0,2.24,0.0,0.0,60.0,60.0,0,0,0,0.0,-73.62
3033,141807.2,993.28,84.75,75,-48.0,57.17,0.61,14.02,0,0,0,0,19,154,0,0,0,0,155567.5,93.52,0,261.12,0.37,50.0,0.0,2.24,0.0,0.0,60.0,60.0,0,0,0,0.0,-73.62
3034,141807.2,649.28,84.75,75,-48.0,57.17,0.6,13.82,1,2,0,0,94,157,0,0,0,0,155567.5,93.52,0,261.12,0.37,50.0,0.0,2.3,0.0,0.0,60.0,60.0,0,0,0,0.0,-73.62
3035,141807.2,153.28,84.75,75,-48.0,56.7,0.6,14.02,0,2,4,0,161,145,0,0,0,0,155562.61,93.52,0,261.12,0.37,50.0,0.0,2.24,0.0,0.0,60.0,60.0,0,0,0,0.0,-73.62
3036,141807.2,697.28,84.75,75,-48.0,56.24,0.61,13.82,0,2,4,0,163,146,0,0,0,0,155562.61,92.49,0,261.12,0.37,50.0,0.0,2.3,0.0,0.0,60.0,60.0,0,0,0,0.0,-73.62
3037,141807.2,649.25,84.75,75,-48.0,56.7,0.6,14.02,1,0,0,0,127,156,0,0,0,0,154312.57,92.49,0,261.12,0.37,50.0,0.0,2.24,0.0,0.0,60.0,60.0,0,0,0,0.0,-73.62
3038,141807.2,1017.28,84.75,75,-48.0,57.17,0.62,14.02,1,2,0,0,23,158,0,0,0,0,154312.57,92.49,0,261.12,0.37,50.0,0.0,2.24,0.0,0.0,60.0,60.0,0,0,0,0.0,-73.62
3039,141807.2,953.28,84.75,75,-48.0,57.17,0.61,14.02,1,0,0,0,117,150,0,0,0,0,154307.68,92.49,0,261.12,0.37,50.0,0.0,2.24,0.0,0.0,60.0,60.0,0,0,0,0.0,-73.62
3040,141807.2,913.25,84.75,75,-48.0,56.24,0.6,14.02,1,2,4,0,165,155,0,0,0,0,154307.68,91.46,0,261.12,0.37,50.0,0.0,2.24,0.0,0.0,60.0,60.0,0,0,0,0.0,-73.62
3041,141807.2,801.28,84.75,75,-48.0,56.7,0.61,14.02,1,2,4,0,163,159,0,0,0,0,154307.68,91.46,0,261.12,0.37,50.0,0.0,2.24,0.0,0.0,60.0,60.0,0,0,0,0.0,-73.62
3042,135532.55,1464.97,84.75,75,-48.0,50.14,0.47,14.02,0,2,4,0,165,157,0,0,0,2,136782.6,91.46,0,261.12,0.28,50.0,0.0,2.24,0.0,0.0,60.0,60.0,0,0,0,0.0,-73.3
3043,134277.62,1288.97,84.75,75,-48.0,49.67,0.47,13.82,0,0,4,0,150,156,0,0,1,0,134277.62,91.46,0,261.12,0.27,50.0,0.0,2.3,0.0,0.0,60.0,60.0,0,0,0,0.0,-73.3
3044,133022.69,672.97,84.75,75,-48.0,50.14,0.46,14.02,0,0,4,0,101,145,0,0,1,0,133022.69,91.46,0,261.12,0.27,50.0,0.0,2.24,0.0,0.0,60.0,60.0,0,0,0,0.0,-73.3
3045,133022.69,584.97,84.75,75,-48.0,50.14,0.46,14.02,1,2,0,0,23,147,0,0,1,0,133022.69,91.46,0,261.12,0.27,50.0,0.0,2.24,0.0,0.0,60.0,60.0,0,0,0,0.0,-73.3
3046,133022.69,656.97,84.75,75,-48.0,50.14,0.46,14.02,1,0,0,0,36,152,0,0,1,0,133022.69,91.46,0,261.12,0.27,50.0,0.0,2.24,0.0,0.0,60.0,60.0,0,0,0,0.0,-73.3
3047,138042.41,2025.19,84.75,75,-48.0,56.24,0.58,13.82,0,0,0,0,146,152,0,0,1,2,138042.41,91.46,0,261.12,0.28,50.0,0.0,2.3,0.0,0.0,60.0,60.0,0,0,0,0.0,-73.62
3048,141807.2,1633.28,84.75,75,-48.0,57.17,0.61,14.02,0,0,0,0,168,149,0,0,0,0,141807.2,91.46,0,261.12,0.37,50.0,0.0,2.24,0.0,0.0,60.0,60.0,0,0,0,0.0,-73.62
3049,144312.18,673.34,84.0,75,-48.0,57.64,0.64,14.02,0,0,4,0,163,157,0,0,1,0,158062.71,90.44,0,261.12,0.37,50.0,0.0,2.24,0.0,0.0,60.0,60.0,0,0,0,0.0,-73.62
3050,144312.18,473.28,84.0,75,-48.0,57.64,0.62,14.02,0,0,4,0,67,152,0,0,1,0,158062.71,90.44,0,261.12,0.38,50.0,0.0,2.24,0.0,0.0,60.0,60.0,0,0,0,0.0,-73.62
3051,134277.62,1056.78,84.0,75,-48.0,45.46,0.39,13.82,0,0,4,0,51,143,0,0,1,0,144278.0,90.43,0,261.12,56.26,47.66,0.0,2.3,0.0,0.0,60.0,60.0,0,0,0,0.0,-73.3
3052,121728.31,1736.56,84.0,75,-48.0,38.43,0.27,13.92,1,2,4,0,171,159,0,0,0,0,121728.31,90.43,0,261.12,56.15,47.66,0.0,2.27,0.0,0.0,60.0,60.0,0,0,0,0.0,-72.65
3053,120473.38,1448.53,84.0,75,-48.0,37.49,0.26,14.02,0,2,0,0,161,161,0,0,0,0,120473.38,91.46,0,261.12,56.11,47.66,0.0,2.24,0.0,0.0,60.0,60.0,0,0,0,0.0,-72.65
3054,119218.45,464.53,84.0,75,-48.0,37.02,0.25,14.02,1,2,4,0,148,155,0,0,1,2,119218.45,91.46,0,261.12,56.1,47.66,0.0,2.24,0.0,0.0,60.0,60.0,0,0,0,0.0,-72.65
3055,119218.45,1376.44,84.0,75,-48.0,33.27,0.22,13.92,1,2,0,0,111,147,0,0,1,2,119218.45,91.46,0,261.12,56.09,47.66,0.0,2.27,0.0,0.0,60.0,60.0,0,0,0,0.0,-72.65
3056,117963.51,824.44,84.0,75,-48.0,31.87,0.21,13.92,0,0,0,0,135,146,0,0,1,2,117963.51,91.46,0,261.12,56.08,47.66,0.0,2.27,0.0,0.0,60.0,60.0,0,0,0,0.0,-72.33
3057,117963.51,1520.41,84.0,75,-48.0,30.93,0.2,14.12,1,0,4,0,145,149,0,0,1,2,117963.51,91.46,0,261.12,56.08,47.66,0.0,2.22,0.0,0.0,60.0,60.0,0,0,0,0.0,-72.33
3058,117963.51,1344.41,84.0,75,-48.0,31.87,0.2,14.02,1,2,0,0,73,154,0,0,1,2,117963.51,92.48,0,261.12,56.08,47.66,0.0,2.24,0.0,0.0,60.0,60.0,0,0,0,0.0,-72.33
3059,117963.51,1240.44,84.0,75,-48.0,31.87,0.21,14.02,0,2,0,0,31,157,0,0,1,2,117963.51,92.48,0,261.12,56.08,47.66,0.0,2.24,0.0,0.0,60.0,60.0,0,0,0,0.0,-72.33
3060,121728.31,888.34,84.0,75,-48.0,27.18,0.17,13.92,0,0,0,0,137,158,0,0,0,0,121728.31,92.49,0,261.12,56.08,47.66,0.0,2.27,0.0,0.0,60.0,60.0,0,0,0,0.0,-72.33
3061,139297.34,544.28,84.0,75,-48.0,23.9,0.14,14.02,1,0,0,0,169,160,0,0,1,2,139297.34,92.49,0,261.12,56.08,47.66,0.0,2.24,0.0,0.0,60.0,60.0,0,0,0,0.0,-72.33
3062,158121.31,1304.28,84.0,75,-48.0,22.96,0.14,14.12,0,0,4,0,173,164,0,0,1,2,158121.31,93.51,0,261.12,56.08,47.66,0.0,2.22,0.0,0.0,60.0,60.0,0,0,0,0.0,-72.33
3063,178200.2,1448.28,84.0,75,-48.0,23.9,0.14,13.82,0,0,4,0,169,165,0,0,1,2,178200.2,93.51,0,261.12,56.08,47.66,0.0,2.3,0.0,0.0,60.0,60.0,0,0,0,0.0,-72.33
3064,199534.03,1424.28,84.0,75,-48.0,23.9,0.14,14.12,1,0,0,0,162,163,0,0,1,2,199534.03,93.52,0,261.12,56.08,47.66,0.0,2.22,0.0,0.0,60.0,60.0,0,0,0,0.0,-72.33
3065,199534.03,1256.28,84.0,76,-48.0,23.9,0.14,14.02,1,0,0,0,68,163,0,0,1,2,199534.03,93.52,0,261.12,55.97,47.66,0.0,2.24,0.0,0.0,60.0,60.0,0,0,0,0.0,-72.33
3066,199534.03,1816.28,84.0,76,-48.0,22.96,0.14,14.02,0,0,4,0,2,114,0,0,1,2,199534.03,94.54,0,261.12,55.97,47.66,0.0,2.24,0.0,0.0,60.0,60.0,0,0,0,0.0,-72.33
3067,199534.03,1968.28,84.0,76,-48.0,23.9,0.14,13.92,0,2,0,0,0,1,0,0,1,2,199534.03,94.54,0,261.12,55.97,47.66,0.0,2.27,0.0,0.0,60.0,60.0,0,0,0,0.0,-72.33
3068,117963.51,184.41,84.0,76,-48.0,31.4,0.19,14.12,1,0,0,0,0,0,0,0,1,2,117963.51,94.54,0,261.12,55.97,47.66,0.0,2.22,0.0,0.0,60.0,60.0,0,0,0,0.0,-72.65
3069,121728.31,464.62,84.0,76,-48.0,40.3,0.29,14.02,0,2,4,0,0,0,0,0,0,0,121728.31,94.54,0,253.95,56.14,47.66,0.0,2.24,0.0,0.0,60.0,60.0,0,0,0,0.0,-72.65
3070,122983.24,1848.62,84.0,76,-48.0,41.24,0.3,13.82,1,0,4,0,16,0,0,0,1,0,122983.24,94.54,0,251.9,56.15,47.66,0.0,2.3,0.0,0.0,60.0,60.0,0,0,0,0.0,-72.65
3071,122983.24,1768.62,84.0,76,-48.0,40.3,0.3,14.02,1,0,4,0,26,2,0,0,1,0,122983.24,95.57,0,252.93,56.14,47.66,0.0,2.24,0.0,0.0,60.0,60.0,0,0,0,0.0,-72.65
3072,122983.24,1448.62,84.0,76,-48.0,40.77,0.3,14.02,1,2,4,0,24,7,0,0,1,0,122983.24,95.57,0,251.9,56.14,47.66,0.0,2.24,0.0,0.0,60.0,60.0,0,0,0,0.0,-72.65
3073,122983.24,2024.66,84.0,76,-48.0,39.83,0.3,14.12,0,0,0,0,25,14,0,0,1,0,122983.24,95.57,0,256.0,56.13,47.66,0.0,2.22,0.0,0.0,60.0,60.0,0,0,0,0.0,-72.65
3074,124238.17,1552.44,84.0,76,-48.0,30.93,0.2,13.82,0,0,4,0,49,17,0,0,1,0,124238.17,95.57,0,261.12,56.13,47.66,0.0,2.3,0.0,0.0,60.0,60.0,0,0,0,0.0,-72.65
3075,139297.34,704.28,84.0,76,-48.0,23.43,0.14,13.92,1,2,0,0,148,54,0,0,1,2,139297.34,96.6,0,261.12,56.07,47.66,0.0,2.27,0.0,0.0,60.0,60.0,0,0,0,0.0,-72.33
3076,156866.38,1000.31,83.25,76,-48.0,24.37,0.14,14.02,0,2,4,0,172,132,0,0,0,2,156866.38,96.6,0,261.12,56.07,47.66,0.0,2.24,0.0,0.0,60.0,60.0,0,0,0,0.0,-72.33
3077,173180.48,1120.31,83.25,76,-48.0,23.9,0.14,14.02,0,2,0,0,177,164,0,0,1,0,173180.48,96.6,0,261.12,56.07,47.66,0.0,2.24,0.0,0.0,60.0,60.0,0,0,0,0.0,-72.33
3078,189494.58,1008.31,83.25,76,-48.0,23.43,0.14,14.02,0,0,4,0,180,172,0,0,1,2,189494.58,96.6,0,261.12,56.07,47.66,0.0,2.24,0.0,0.0,60.0,60.0,0,0,0,0.0,-72.33
3079,202043.89,1416.34,83.25,76,-48.0,23.9,0.14,13.92,0,2,4,0,181,176,0,0,0,0,202043.89,96.6,0,261.12,56.06,47.66,0.0,2.27,0.0,0.0,60.0,60.0,0,0,0,0.0,-72.33
3080,203298.82,128.34,83.25,76,-48.0,23.43,0.14,14.12,0,2,0,0,173,175,0,0,1,0,203298.82,97.62,0,261.12,55.97,47.66,0.0,2.22,0.0,0.0,60.0,60.0,0,0,0,0.0,-72.33
3081,205808.68,1328.34,83.25,76,-48.0,22.96,0.14,14.12,0,2,0,0,16,167,0,0,0,2,205808.68,97.62,0,261.12,55.97,47.66,0.0,2.22,0.0,0.0,60.0,60.0,0,0,0,0.0,-72.33
3082,203298.82,1912.38,83.25,76,-48.0,22.96,0.13,14.12,1,2,4,0,1,18,0,0,1,0,203298.82,97.63,0,261.12,55.97,47.66,0.0,2.22,0.0,0.0,60.0,60.0,0,0,0,0.0,-72.33
3083,202043.89,536.38,83.25,76,-48.0,22.96,0.13,13.92,0,2,0,0,0,0,0,0,0,0,202043.89,97.63,0,261.12,55.97,47.66,0.0,2.27,0.0,0.0,60.0,60.0,0,0,0,0.0,-72.33
3084,202043.89,1048.38,83.25,76,-48.0,22.96,0.13,14.12,1,0,4,0,0,0,0,0,0,0,202043.89,98.65,0,261.12,55.97,47.66,0.0,2.22,0.0,0.0,60.0,60.0,0,0,0,0.0,-72.33
3085,200788.96,1344.38,83.25,76,-48.0,22.03,0.13,14.02,1,0,0,0,0,0,0,0,0,0,200788.96,98.65,0,261.12,55.97,47.66,0.0,2.24,0.0,0.0,60.0,60.0,0,0,0,0.0,-72.33
3086,199534.03,1544.38,83.25,76,-48.0,22.03,0.13,13.92,1,2,0,0,0,0,0,0,1,2,199534.03,98.66,0,261.12,55.97,47.66,0.0,2.27,0.0,0.0,60.0,60.0,0,0,0,0.0,-72.33
3087,198279.1,1360.38,83.25,76,-48.0,21.56,0.13,13.92,1,0,4,0,0,0,0,0,1,2,198279.1,98.66,0,261.12,55.97,47.66,0.0,2.27,0.0,0.0,60.0,60.0,0,0,0,0.0,-72.33
3088,198279.1,1648.41,83.25,76,-48.0,21.09,0.13,14.02,0,2,4,0,0,0,0,0,1,2,198279.1,98.66,0,261.12,55.97,47.66,0.0,2.24,0.0,0.0,60.0,60.0,0,0,0,0.0,-72.33
3089,198279.1,1672.38,83.25,77,-48.0,20.62,0.12,14.02,0,2,4,0,0,0,0,0,1,2,198279.1,99.68,0,261.12,55.97,47.66,0.0,2.24,0.0,0.0,60.0,60.0,0,0,0,0.0,-72.33
3090,198279.1,1624.38,83.25,77,-48.0,21.56,0.12,14.02,1,2,4,0,0,0,0,0,1,2,198279.1,99.68,0,261.12,55.97,47.66,0.0,2.24,0.0,0.0,60.0,60.0,0,0,0,0.0,-72.33
3091,219612.92,160.41,83.25,77,-48.0,23.9,0.13,13.92,1,2,0,0,0,0,0,0,1,2,219612.92,99.68,0,261.12,55.97,47.66,0.0,2.27,0.0,0.0,60.0,60.0,0,0,0,0.0,-72.33
3092,131767.76,632.88,83.25,77,-48.0,44.05,0.34,14.12,0,2,4,0,0,0,0,0,0,0,131767.76,99.68,0,261.12,56.1,47.66,0.0,2.22,0.0,0.0,60.0,60.0,0,0,0,0.0,-72.97
3093,134277.62,752.97,83.25,77,-48.0,47.33,0.41,14.12,0,0,0,0,5,0,0,0,1,0,134277.62,98.66,0,238.59,56.21,47.66,0.0,2.22,0.0,0.0,60.0,60.0,0,0,0,0.0,-73.3
3094,136787.48,1377.0,83.25,77,-48.0,48.27,0.43,14.02,1,0,4,0,33,3,0,0,0,2,136787.48,98.66,0,236.54,56.22,47.66,0.0,2.24,0.0,0.0,60.0,60.0,0,0,0,0.0,-73.3
3095,136787.48,1809.0,83.25,77,-48.0,48.74,0.44,13.92,1,0,0,0,35,8,0,0,0,2,136787.48,98.66,0,234.5,56.22,47.66,0.0,2.27,0.0,0.0,60.0,60.0,0,0,0,0.0,-73.3
3096,136787.48,945.03,83.25,77,-48.0,48.74,0.43,14.02,1,2,4,0,31,19,0,0,0,2,136787.48,98.66,0,239.62,56.23,47.66,0.0,2.24,0.0,0.0,60.0,60.0,0,0,0,0.0,-73.3
3097,138042.41,1281.06,83.25,77,-48.0,48.74,0.44,14.02,0,0,0,0,40,27,0,0,1,2,138042.41,98.66,0,246.78,56.23,47.66,0.0,2.24,0.0,0.0,60.0,60.0,0,0,0,0.0,-73.3
3098,139297.34,1105.06,83.25,77,-48.0,48.27,0.43,14.02,0,0,4,0,65,38,0,0,1,2,139297.34,97.63,0,248.83,56.23,47.66,0.0,2.24,0.0,0.0,60.0,60.0,0,0,0,0.0,-73.3
3099,139297.34,1945.06,83.25,77,-48.0,47.8,0.43,13.92,1,0,4,0,92,56,0,0,1,2,139297.34,97.63,0,250.88,56.24,47.66,0.0,2.27,0.0,0.0,60.0,60.0,0,0,0,0.0,-73.3
3100,139297.34,937.06,83.25,77,-48.0,48.27,0.43,14.12,1,0,0,0,137,96,0,0,1,2,139297.34,97.63,0,251.9,56.23,47.66,0.0,2.22,0.0,0.0,60.0,60.0,0,0,0,0.0,-73.3
3101,139297.34,1697.09,83.25,77,-48.0,48.74,0.43,14.02,0,2,4,0,156,140,0,0,1,2,139297.34,97.63,0,254.98,56.23,47.66,0.0,2.24,0.0,0.0,60.0,60.0,0,0,0,0.0,-73.3
3102,139297.34,2009.06,83.25,77,-48.0,48.74,0.43,14.12,0,2,0,0,166,154,0,0,1,2,139297.34,96.6,0,256.0,56.22,47.66,0.0,2.22,0.0,0.0,60.0,60.0,0,0,0,0.0,-73.3
3103,139297.34,865.09,83.25,77,-48.0,48.27,0.43,13.82,0,2,0,0,171,155,0,0,1,2,139297.34,96.6,0,259.07,56.23,47.66,0.0,2.3,0.0,0.0,60.0,60.0,0,0,0,0.0,-73.3
3104,139297.34,729.09,83.25,77,-48.0,48.74,0.43,13.92,0,0,4,0,166,152,0,0,1,2,139297.34,96.6,0,260.1,56.23,47.66,0.0,2.27,0.0,0.0,60.0,60.0,0,0,0,0.0,-73.3
3105,140552.27,1161.09,83.25,76,-48.0,48.27,0.43,14.02,1,2,4,0,158,146,0,0,0,0,140552.27,96.6,0,261.12,56.23,47.66,0.0,2.24,0.0,0.0,60.0,60.0,0,0,0,0.0,-73.3
3106,140552.27,1353.09,83.25,76,-48.0,48.74,0.44,13.82,1,0,0,0,140,140,0,0,0,0,140552.27,95.58,0,260.1,56.23,47.66,0.0,2.3,0.0,0.0,60.0,60.0,0,0,0,0.0,-73.3
3107,139297.34,801.06,83.25,76,-48.0,47.33,0.42,14.02,0,0,4,0,34,142,0,0,1,2,139297.34,95.58,0,260.1,56.23,47.66,0.0,2.24,0.0,0.0,60.0,60.0,0,0,0,0.0,-73.3
3108,131767.76,920.75,83.25,76,-48.0,40.77,0.3,14.12,0,0,4,0,123,155,0,0,0,0,131767.76,95.58,0,261.12,56.16,47.66,0.0,2.22,0.0,0.0,60.0,60.0,0,0,0,0.0,-72.97
3109,128002.96,1936.62,82.5,76,-48.0,37.02,0.25,13.92,1,2,0,0,166,165,0,0,1,2,128002.96,95.58,0,261.12,56.14,47.66,0.0,2.27,0.0,0.0,60.0,60.0,0,0,0,0.0,-72.97
3110,126748.03,424.66,82.5,76,-48.0,37.02,0.25,13.92,1,0,4,0,166,162,0,0,0,2,126748.03,95.58,0,261.12,56.12,47.66,0.0,2.27,0.0,0.0,60.0,60.0,0,0,0,0.0,-72.65
3111,134277.62,312.34,82.5,76,-48.0,22.96,0.13,14.02,0,0,0,0,163,158,0,0,1,0,134277.62,96.6,0,261.12,56.07,47.66,0.0,2.24,0.0,0.0,60.0,60.0,0,0,0,0.0,-72.33
3112,146826.93,1560.34,82.5,76,-48.0,22.49,0.13,14.02,1,2,0,0,173,157,0,0,0,2,146826.93,96.6,0,261.12,56.06,47.66,0.0,2.24,0.0,0.0,60.0,60.0,0,0,0,0.0,-72.33
3113,159376.24,656.34,82.5,76,-48.0,22.96,0.14,14.02,0,0,4,0,168,161,0,0,1,2,159376.24,96.61,0,261.12,56.06,47.66,0.0,2.24,0.0,0.0,60.0,60.0,0,0,0,0.0,-72.33
3114,173180.48,800.34,82.5,76,-48.0,23.43,0.14,13.82,0,0,0,0,160,161,0,0,1,0,173180.48,96.61,0,261.12,56.06,47.66,0.0,2.3,0.0,0.0,60.0,60.0,0,0,0,0.0,-72.33
3115,188239.65,1112.34,82.5,76,-48.0,22.96,0.14,14.02,1,2,0,0,158,159,0,0,1,2,188239.65,97.63,0,261.12,56.06,47.66,0.0,2.24,0.0,0.0,60.0,60.0,0,0,0,0.0,-72.33
3116,200788.96,1568.38,82.5,76,-48.0,23.9,0.14,14.12,0,0,0,0,144,158,0,0,0,0,200788.96,97.63,0,261.12,56.06,47.66,0.0,2.22,0.0,0.0,60.0,60.0,0,0,0,0.0,-72.33
3117,202043.89,232.38,82.5,76,-48.0,24.84,0.15,14.02,1,2,4,0,37,156,0,0,0,0,202043.89,97.64,0,261.12,56.06,47.66,0.0,2.24,0.0,0.0,60.0,60.0,0,0,0,0.0,-72.33
3118,154356.51,1992.53,82.5,76,-48.0,31.87,0.2,13.92,1,2,4,0,52,156,0,0,1,0,154356.51,97.64,0,260.1,34.93,45.31,0.0,2.27,0.0,0.0,60.0,60.0,0,0,0,0.0,-72.65
3119,125493.1,1192.53,82.5,76,-48.0,31.4,0.2,14.02,0,0,4,0,168,155,0,0,0,2,125493.1,97.64,0,261.12,34.94,45.31,0.0,2.24,0.0,0.0,60.0,60.0,0,0,0,0.0,-72.65
3120,125493.1,1704.53,82.5,76,-48.0,32.34,0.21,14.02,1,0,0,0,170,160,0,0,0,2,125493.1,98.66,0,261.12,34.94,45.31,0.0,2.24,0.0,0.0,60.0,60.0,0,0,0,0.0,-72.65
3121,126748.03,1128.38,82.5,76,-48.0,24.37,0.15,14.02,0,2,4,0,167,163,0,0,0,2,126748.03,98.66,0,261.12,34.93,45.31,0.0,2.24,0.0,0.0,60.0,60.0,0,0,0,0.0,-72.33
3122,139297.34,248.31,82.5,76,-48.0,21.09,0.12,13.92,1,0,0,0,167,162,0,0,1,2,139297.34,98.66,0,261.12,34.92,45.31,0.0,2.27,0.0,0.0,60.0,60.0,0,0,0,0.0,-72.33
3123,153101.58,1288.34,82.5,76,-48.0,22.49,0.13,14.02,0,2,4,0,157,162,0,0,1,0,153101.58,98.66,0,261.12,34.92,45.31,0.0,2.24,0.0,0.0,60.0,60.0,0,0,0,0.0,-72.33
3124,165650.89,1912.34,82.5,76,-48.0,22.03,0.13,14.12,0,2,0,0,50,161,0,0,0,2,165650.89,99.69,0,261.12,3.6,43.36,0.0,2.22,0.0,0.0,60.0,60.0,0,0,0,0.0,-72.33
3125,176945.27,8.38,82.5,76,-48.0,22.49,0.13,13.92,1,2,0,0,57,158,0,0,0,2,176945.27,99.69,0,261.12,3.6,43.36,0.0,2.27,0.0,0.0,60.0,60.0,0,0,0,0.0,-72.33
3126,188239.65,192.38,82.5,76,-48.0,22.49,0.13,14.02,1,0,0,0,146,156,0,0,1,2,188239.65,99.69,0,261.12,3.6,43.36,0.0,2.24,0.0,0.0,60.0,60.0,0,0,0,0.0,-72.33
3127,199534.03,536.38,82.5,76,-48.0,22.49,0.13,14.02,1,0,0,0,157,154,0,0,1,2,199534.03,99.69,0,261.12,3.6,43.36,0.0,2.24,0.0,0.0,60.0,60.0,0,0,0,0.0,-72.33
3128,164395.96,256.5,82.5,76,-48.0,29.52,0.18,14.02,0,0,4,0,157,153,0,0,1,0,164395.96,100.72,0,261.12,3.6,43.36,0.0,2.24,0.0,0.0,60.0,60.0,0,0,0,0.0,-72.65
3129,124238.17,936.47,82.5,77,-48.0,29.52,0.18,13.92,1,2,0,0,155,151,0,0,1,0,124238.17,100.72,0,257.02,3.63,43.36,0.0,2.27,0.0,0.0,60.0,60.0,0,0,0,0.0,-72.65
3130,124238.17,184.53,82.5,77,-48.0,31.4,0.2,14.02,1,2,0,0,144,154,0,0,1,0,124238.17,100.72,0,254.98,3.62,43.36,0.0,2.24,0.0,0.0,60.0,60.0,0,0,0,0.0,-72.65
3131,125493.1,1808.53,82.5,77,-48.0,32.34,0.21,14.02,1,0,0,0,29,155,0,0,0,2,125493.1,100.72,0,253.95,3.63,43.36,0.0,2.24,0.0,0.0,60.0,60.0,0,0,0,0.0,-72.65
3132,126748.03,144.59,82.5,77,-48.0,34.21,0.22,14.02,0,2,4,0,14,153,0,0,0,2,126748.03,100.72,0,251.9,3.64,43.36,0.0,2.24,0.0,0.0,60.0,60.0,0,0,0,0.0,-72.65
3133,133022.69,728.81,82.5,77,-48.0,41.71,0.32,13.92,0,2,0,0,12,147,0,0,1,0,133022.69,101.74,0,244.74,3.7,43.36,0.0,2.27,0.0,0.0,60.0,60.0,0,0,0,0.0,-72.97
3134,131767.76,1120.81,82.5,77,-48.0,42.18,0.32,14.02,0,0,4,0,29,143,0,0,0,0,131767.76,101.74,0,240.64,3.71,43.36,0.0,2.24,0.0,0.0,60.0,60.0,0,0,0,0.0,-72.97
3135,133022.69,808.84,82.5,77,-48.0,42.18,0.33,14.02,0,2,4,0,93,149,0,0,1,0,133022.69,101.75,0,238.59,3.72,43.36,0.0,2.24,0.0,0.0,60.0,60.0,0,0,0,0.0,-72.97
3136,133022.69,1016.84,82.5,77,-48.0,43.11,0.34,13.92,0,2,4,0,99,150,0,0,1,0,133022.69,101.75,0,240.64,3.72,43.36,0.0,2.27,0.0,0.0,60.0,60.0,0,0,0,0.0,-72.97
3137,135532.55,208.84,82.5,77,-48.0,41.71,0.32,13.92,1,0,4,0,41,138,0,0,0,2,135532.55,100.72,0,251.9,3.72,43.36,0.0,2.27,0.0,0.0,60.0,60.0,0,0,0,0.0,-72.97
3138,135532.55,1120.88,82.5,77,-48.0,42.18,0.32,14.02,1,0,4,0,156,130,0,0,0,2,135532.55,100.72,0,256.0,3.71,43.36,0.0,2.24,0.0,0.0,60.0,60.0,0,0,0,0.0,-72.97
3139,136787.48,1160.88,82.5,77,-48.0,42.18,0.32,14.02,1,0,4,0,163,131,0,0,0,2,136787.48,100.72,0,258.05,3.71,43.36,0.0,2.24,0.0,0.0,60.0,60.0,0,0,0,0.0,-72.97
3140,136787.48,1792.91,82.5,77,-48.0,41.71,0.33,13.92,1,2,4,0,157,134,0,0,0,2,136787.48,100.72,0,261.12,3.71,43.36,0.0,2.27,0.0,0.0,60.0,60.0,0,0,0,0.0,-72.97
3141,136787.48,688.84,82.5,77,-48.0,41.71,0.31,13.82,1,2,4,0,98,138,0,0,0,2,136787.48,100.72,0,261.12,3.71,43.36,0.0,2.3,0.0,0.0,60.0,60.0,0,0,0,0.0,-72.97
3142,136787.48,1824.91,82.5,77,-48.0,42.65,0.33,14.02,0,0,0,0,22,141,0,0,0,2,136787.48,101.75,0,261.12,3.71,43.36,0.0,2.24,0.0,0.0,60.0,60.0,0,0,0,0.0,-72.97
3143,136787.48,120.88,82.5,77,-48.0,42.18,0.32,14.02,0,0,0,0,20,139,0,0,0,2,136787.48,101.75,0,260.1,3.71,43.36,0.0,2.24,0.0,0.0,60.0,60.0,0,0,0,0.0,-72.97
3144,136787.48,264.91,81.75,77,-48.0,42.18,0.33,13.92,0,2,0,0,31,134,0,0,0,2,136787.48,101.75,0,259.07,3.71,43.36,0.0,2.27,0.0,0.0,60.0,60.0,0,0,0,0.0,-73.3
3145,138042.41,1160.91,81.75,77,-48.0,43.11,0.34,13.92,1,2,4,0,117,135,0,0,1,2,138042.41,101.75,0,259.07,3.71,43.36,0.0,2.27,0.0,0.0,60.0,60.0,0,0,0,0.0,-73.3
3146,138042.41,1344.91,81.75,77,-48.0,43.11,0.33,14.02,0,0,4,0,160,139,0,0,1,2,138042.41,101.75,0,259.07,3.71,43.36,0.0,2.24,0.0,0.0,60.0,60.0,0,0,0,0.0,-73.3
3147,138042.41,552.94,81.75,77,-48.0,44.05,0.34,14.02,0,0,4,0,164,147,0,0,1,2,138042.41,101.75,0,260.1,3.72,43.36,0.0,2.24,0.0,0.0,60.0,60.0,0,0,0,0.0,-73.3
3148,139297.34,1872.94,81.75,77,-48.0,44.05,0.35,13.92,1,0,0,0,156,148,0,0,1,2,139297.34,101.74,0,260.1,3.72,43.36,0.0,2.27,0.0,0.0,60.0,60.0,0,0,0,0.0,-73.3
3149,138042.41,400.97,81.75,77,-48.0,44.05,0.35,14.02,1,0,0,0,136,145,0,0,1,2,138042.41,101.74,0,259.07,3.72,43.36,0.0,2.24,0.0,0.0,60.0,60.0,0,0,0,0.0,-73.3
3150,138042.41,488.97,81.75,77,-48.0,44.52,0.35,14.02,0,2,4,0,34,144,0,0,1,2,138042.41,100.72,0,259.07,43.66,45.31,0.0,2.24,0.0,0.0,60.0,60.0,0,0,0,0.0,-73.3
3151,139297.34,41.0,81.75,77,-48.0,44.99,0.37,13.82,1,2,0,0,27,149,0,0,1,2,139297.34,100.72,0,259.07,43.66,45.31,0.0,2.3,0.0,0.0,60.0,60.0,0,0,0,0.0,-73.3
3152,139297.34,1145.0,81.75,77,-48.0,44.52,0.37,14.02,1,0,4,0,133,157,0,0,1,2,139297.34,100.72,0,259.07,43.67,45.31,0.0,2.24,0.0,0.0,60.0,60.0,0,0,0,0.0,-73.3
3153,139297.34,1153.0,81.75,77,-48.0,44.99,0.37,14.02,1,0,4,0,166,158,0,0,1,2,139297.34,100.72,0,260.1,43.67,45.31,0.0,2.24,0.0,0.0,60.0,60.0,0,0,0,0.0,-73.3
3154,140552.27,1817.06,81.75,77,-48.0,46.39,0.39,13.92,0,2,0,0,160,154,0,0,0,0,140552.27,100.72,0,260.1,43.68,45.31,0.0,2.27,0.0,0.0,60.0,60.0,0,0,0,0.0,-73.3
3155,140552.27,193.06,81.75,76,-48.0,46.39,0.39,14.02,0,2,4,0,150,146,0,0,0,0,140552.27,99.69,0,259.07,43.68,45.31,0.0,2.24,0.0,0.0,60.0,60.0,0,0,0,0.0,-73.3
3156,141807.2,993.06,81.75,76,-48.0,46.39,0.4,14.02,1,2,0,0,77,147,0,0,0,0,141807.2,99.69,0,258.05,43.69,45.31,0.0,2.24,0.0,0.0,60.0,60.0,0,0,0,0.0,-73.3
3157,143062.13,417.16,81.75,77,-48.0,48.74,0.43,14.02,1,2,4,0,23,151,0,0,1,0,143062.13,99.69,0,259.07,43.75,45.31,0.0,2.24,0.0,0.0,60.0,60.0,0,0,0,0.0,-73.3
3158,146826.93,1545.34,81.75,77,-48.0,52.02,0.51,13.82,1,2,0,0,17,148,0,0,0,2,146826.93,99.69,0,254.98,43.83,45.31,0.0,2.3,0.0,0.0,60.0,60.0,0,0,0,0.0,-73.62
3159,146826.93,1201.34,81.75,77,-48.0,53.42,0.52,14.02,0,0,0,0,29,97,0,0,0,2,146826.93,98.66,0,250.88,43.84,45.31,0.0,2.24,0.0,0.0,60.0,60.0,0,0,0,0.0,-73.62
3160,146826.93,1561.34,81.75,76,-48.0,53.89,0.52,14.02,0,2,4,0,137,82,0,0,0,2,146826.93,98.66,0,252.93,43.84,45.31,0.0,2.24,0.0,0.0,60.0,60.0,0,0,0,0.0,-73.62
3161,148081.86,961.38,81.75,76,-48.0,53.89,0.53,13.92,0,2,0,0,156,103,0,0,1,2,148081.86,98.66,0,252.93,43.84,45.31,0.0,2.27,0.0,0.0,60.0,60.0,0,0,0,0.0,-73.95
3162,148081.86,105.41,81.75,76,-48.0,53.42,0.54,14.02,0,0,0,0,155,148,0,0,1,2,148081.86,98.66,0,256.0,43.84,45.31,0.0,2.24,0.0,0.0,60.0,60.0,0,0,0,0.0,-73.62
3163,148081.86,753.41,81.75,76,-48.0,53.89,0.53,14.02,1,2,0,0,44,151,0,0,1,2,148081.86,98.66,0,258.05,43.84,45.31,0.0,2.24,0.0,0.0,60.0,60.0,0,0,0,0.0,-73.95
3164,148081.86,617.38,81.75,76,-48.0,53.89,0.53,14.02,0,2,0,0,28,144,0,0,1,2,148081.86,97.64,0,258.05,43.84,45.31,0.0,2.24,0.0,0.0,60.0,60.0,0,0,0,0.0,-73.95
3165,148081.86,153.41,81.75,76,-48.0,53.89,0.53,13.82,0,2,0,0,134,123,0,0,1,2,148081.86,97.64,0,259.07,43.84,45.31,0.0,2.3,0.0,0.0,60.0,60.0,0,0,0,0.0,-73.95
3166,148081.86,641.38,81.75,76,-48.0,53.89,0.53,14.12,0,0,0,0,161,144,0,0,1,2,148081.86,97.63,0,260.1,43.84,45.31,0.0,2.22,0.0,0.0,60.0,60.0,0,0,0,0.0,-73.95
3167,143062.13,1633.12,81.75,76,-48.0,48.74,0.43,14.02,1,0,4,0,170,158,0,0,1,0,143062.13,97.63,0,261.12,43.78,45.31,0.0,2.24,0.0,0.0,60.0,60.0,0,0,0,0.0,-73.62
3168,141807.2,881.12,81.75,76,-48.0,48.27,0.43,13.82,1,2,4,0,166,166,0,0,0,0,141807.2,96.61,0,261.12,43.75,45.31,0.0,2.3,0.0,0.0,60.0,60.0,0,0,0,0.0,-73.3
3169,141807.2,537.12,81.75,76,-48.0,48.27,0.43,14.02,1,0,4,0,157,164,0,0,0,0,141807.2,96.61,0,261.12,43.75,45.31,0.0,2.24,0.0,0.0,60.0,60.0,0,0,0,0.0,-73.3
3170,141807.2,209.12,81.75,76,-48.0,48.27,0.43,14.02,1,0,0,0,145,160,0,0,0,0,141807.2,96.6,0,261.12,43.75,45.31,0.0,2.24,0.0,0.0,60.0,60.0,0,0,0,0.0,-73.3
3171,140552.27,1649.12,81.75,76,-48.0,48.27,0.43,14.12,1,0,0,0,94,156,0,0,0,0,140552.27,96.6,0,261.12,43.75,45.31,0.0,2.22,0.0,0.0,60.0,60.0,0,0,0,0.0,-73.3
3172,140552.27,1241.09,81.75,76,-48.0,48.27,0.42,13.92,1,0,4,0,23,145,0,0,0,0,140552.27,95.58,0,261.12,43.7,45.31,0.0,2.27,0.0,0.0,60.0,60.0,0,0,0,0.0,-73.3
3173,141807.2,2041.09,81.75,76,-48.0,48.27,0.43,13.92,1,0,0,0,38,145,0,0,0,0,141807.2,95.58,0,261.12,79.32,47.27,0.0,2.27,0.0,0.0,60.0,60.0,0,0,0,0.0,-73.3
3174,140552.27,1553.09,81.75,76,-48.0,48.27,0.43,14.02,1,2,0,0,153,149,0,0,0,0,140552.27,95.58,0,261.12,79.32,47.27,0.0,2.24,0.0,0.0,60.0,60.0,0,0,0,0.0,-73.3
3175,140552.27,1217.09,81.75,76,-48.0,48.27,0.43,14.02,0,0,0,0,160,156,0,0,0,0,140552.27,95.58,0,261.12,79.32,47.27,0.0,2.24,0.0,0.0,60.0,60.0,0,0,0,0.0,-73.3
3176,140552.27,1529.09,81.75,76,-48.0,48.27,0.43,13.92,0,0,4,0,159,155,0,0,0,0,140552.27,95.58,0,261.12,79.37,47.27,0.0,2.27,0.0,0.0,60.0,60.0,0,0,0,0.0,-73.3
3177,140552.27,673.09,81.75,76,-48.0,48.27,0.42,14.12,1,0,4,0,133,149,0,0,0,0,140552.27,94.55,0,261.12,79.32,47.27,0.0,2.22,0.0,0.0,60.0,60.0,0,0,0,0.0,-73.3
3178,140552.27,1897.12,81.75,76,-48.0,48.74,0.44,14.02,0,2,4,0,24,145,0,0,0,0,140552.27,94.55,0,261.12,79.37,47.27,0.0,2.24,0.0,0.0,60.0,60.0,0,0,0,0.0,-73.3
3179,140552.27,1329.12,81.75,76,-48.0,49.21,0.45,14.02,1,0,4,0,22,147,0,0,0,0,140552.27,94.55,0,261.12,79.37,47.27,0.0,2.24,0.0,0.0,60.0,60.0,0,0,0,0.0,-73.3
3180,141807.2,1969.19,81.75,76,-48.0,50.14,0.47,13.82,1,2,0,0,38,154,0,0,0,0,141807.2,94.55,0,261.12,79.39,47.27,0.0,2.3,0.0,0.0,60.0,60.0,0,0,0,0.0,-73.62
3181,146826.93,1185.41,81.75,76,-48.0,54.36,0.55,14.12,0,2,0,0,43,150,0,0,1,0,156827.31,93.52,0,261.12,79.46,47.27,0.0,2.22,0.0,0.0,60.0,60.0,0,0,0,0.0,-73.95
3182,146826.93,673.41,81.75,76,-48.0,54.83,0.55,14.02,0,2,0,0,154,108,0,0,1,0,156827.31,93.52,0,261.12,79.46,47.27,0.0,2.24,0.0,0.0,60.0,60.0,0,0,0,0.0,-73.95
3183,148081.86,1001.47,81.75,76,-48.0,55.3,0.58,13.92,0,0,0,0,161,74,0,0,1,0,156832.19,93.52,0,261.12,79.46,47.27,0.0,2.27,0.0,0.0,60.0,60.0,0,0,0,0.0,-73.95
3184,148081.86,1409.44,81.75,76,-48.0,55.77,0.57,13.92,1,2,4,0,154,68,0,0,1,0,156832.19,93.52,0,261.12,79.46,47.27,0.0,2.27,0.0,0.0,60.0,60.0,0,0,0,0.0,-73.95
3185,146826.93,1745.38,81.75,76,-48.0,53.89,0.54,14.12,1,0,4,0,72,147,0,0,0,0,155577.26,93.52,0,261.12,79.46,47.27,0.0,2.22,0.0,0.0,60.0,60.0,0,0,0,0.0,-73.62
3186,140552.27,1041.09,81.75,76,-48.0,48.74,0.44,13.82,1,0,4,0,125,164,0,0,1,2,140552.27,92.5,0,261.12,79.38,47.27,0.0,2.3,0.0,0.0,60.0,60.0,0,0,0,0.0,-73.62
3187,139297.34,1201.03,81.75,76,-48.0,48.27,0.42,14.02,0,2,0,0,165,164,0,0,1,2,139297.34,92.5,0,261.12,79.33,47.27,0.0,2.24,0.0,0.0,60.0,60.0,0,0,0,0.0,-73.3
3188,134277.62,1704.84,81.75,76,-48.0,42.65,0.34,14.02,0,0,4,0,170,163,0,0,1,0,134277.62,92.5,0,261.12,79.29,47.27,0.0,2.24,0.0,0.0,60.0,60.0,0,0,0,0.0,-73.3
3189,130512.82,480.78,81.75,76,-48.0,42.65,0.32,13.92,1,2,4,0,168,165,0,0,0,0,130512.82,92.5,0,261.12,79.26,47.27,0.0,2.27,0.0,0.0,60.0,60.0,0,0,0,0.0,-72.97
3190,130512.82,304.81,81.75,76,-48.0,42.65,0.33,13.92,0,0,0,0,155,161,0,0,0,0,130512.82,93.52,0,261.12,79.25,47.27,0.0,2.27,0.0,0.0,60.0,60.0,0,0,0,0.0,-72.97
3191,130512.82,184.81,81.75,76,-48.0,42.65,0.32,14.02,0,2,0,0,109,146,0,0,0,0,130512.82,93.52,0,261.12,79.25,47.27,0.0,2.24,0.0,0.0,60.0,60.0,0,0,0,0.0,-72.97
3192,130512.82,1984.78,81.75,76,-48.0,42.18,0.32,14.02,1,0,0,0,34,120,0,0,0,0,130512.82,93.52,0,261.12,79.26,47.27,0.0,2.24,0.0,0.0,60.0,60.0,0,0,0,0.0,-72.97
3193,130512.82,256.78,81.75,76,-48.0,42.65,0.32,13.82,1,0,4,0,27,108,0,0,0,0,130512.82,93.52,0,261.12,79.26,47.27,0.0,2.3,0.0,0.0,60.0,60.0,0,0,0,0.0,-72.97
3194,130512.82,56.78,81.75,76,-48.0,41.24,0.32,14.02,1,0,0,0,122,119,0,0,0,0,130512.82,94.55,0,261.12,79.26,47.27,0.0,2.24,0.0,0.0,60.0,60.0,0,0,0,0.0,-72.97
3195,130512.82,160.78,81.75,76,-48.0,42.65,0.32,14.02,0,0,0,0,154,128,0,0,0,0,130512.82,94.55,0,261.12,79.26,47.27,0.0,2.24,0.0,0.0,60.0,60.0,0,0,0,0.0,-72.97
3196,130512.82,1176.81,81.75,76,-48.0,43.58,0.33,14.02,0,2,0,0,153,134,0,0,0,0,130512.82,94.55,0,261.12,79.26,47.27,0.0,2.24,0.0,0.0,60.0,60.0,0,0,0,0.0,-72.97
3197,131767.76,2000.84,81.75,76,-48.0,43.58,0.34,13.92,0,0,4,0,136,134,0,0,0,0,131767.76,94.55,0,261.12,79.26,47.27,0.0,2.27,0.0,0.0,60.0,60.0,0,0,0,0.0,-72.97
3198,130512.82,1512.81,81.75,76,-48.0,42.65,0.33,14.12,0,2,4,0,41,133,0,0,0,0,130512.82,94.55,0,261.12,79.26,47.27,0.0,2.22,0.0,0.0,60.0,60.0,0,0,0,0.0,-72.97
3199,131767.76,624.84,81.75,76,-48.0,43.11,0.34,14.02,1,0,4,0,23,138,0,0,0,0,131767.76,95.58,0,261.12,79.27,47.27,0.0,2.24,0.0,0.0,60.0,60.0,0,0,0,0.0,-72.97
3200,131767.76,584.84,81.75,76,-48.0,42.65,0.34,13.92,1,2,0,0,63,140,0,0,0,0,131767.76,95.58,0,261.12,79.27,47.27,0.0,2.27,0.0,0.0,60.0,60.0,0,0,0,0.0,-72.97
3201,131767.76,512.81,81.75,76,-48.0,42.65,0.33,14.12,0,0,0,0,158,137,0,0,0,0,131767.76,95.58,0,261.12,79.27,47.27,0.0,2.22,0.0,0.0,60.0,60.0,0,0,0,0.0,-72.97
3202,128002.96,656.56,81.75,76,-48.0,33.74,0.23,14.12,1,2,4,0,161,131,0,0,1,2,128002.96,95.58,0,261.12,79.27,47.27,0.0,2.22,0.0,0.0,60.0,60.0,0,0,0,0.0,-72.97
3203,139297.34,320.31,81.75,76,-48.0,22.96,0.13,14.02,1,2,0,0,174,141,0,0,1,2,139297.34,96.6,0,261.12,79.16,47.27,0.0,2.24,0.0,0.0,60.0,60.0,0,0,0,0.0,-72.33
3204,155611.44,1144.34,81.75,76,-48.0,23.9,0.14,13.92,0,0,0,0,171,156,0,0,0,2,155611.44,96.6,0,261.12,79.15,47.27,0.0,2.27,0.0,0.0,60.0,60.0,0,0,0,0.0,-72.33
3205,171925.55,336.34,81.75,76,-48.0,23.43,0.14,14.12,0,2,0,0,168,163,0,0,0,0,171925.55,96.61,0,261.12,79.16,47.27,0.0,2.22,0.0,0.0,60.0,60.0,0,0,0,0.0,-72.33
3206,186984.72,744.34,81.75,76,-48.0,24.37,0.15,14.12,1,0,4,0,168,164,0,0,0,2,186984.72,96.61,0,261.12,79.16,47.27,0.0,2.22,0.0,0.0,60.0,60.0,0,0,0,0.0,-72.33
3207,200788.96,984.34,81.75,76,-48.0,23.9,0.14,14.12,0,2,4,0,171,164,0,0,0,0,200788.96,97.63,0,261.12,79.15,47.27,0.0,2.22,0.0,0.0,60.0,60.0,0,0,0,0.0,-72.33
3208,203298.82,1208.34,81.75,76,-48.0,24.37,0.14,13.92,0,0,0,0,165,165,0,0,1,0,203298.82,97.63,0,261.12,79.07,47.27,0.0,2.27,0.0,0.0,60.0,60.0,0,0,0,0.0,-72.33
3209,121728.31,1472.47,81.75,76,-48.0,30.46,0.2,14.12,1,2,4,0,15,154,0,0,0,0,121728.31,97.63,0,259.07,79.15,47.27,0.0,2.22,0.0,0.0,60.0,60.0,0,0,0,0.0,-72.65
3210,121728.31,520.5,81.75,76,-48.0,31.4,0.2,14.02,0,0,0,0,16,51,0,0,0,0,121728.31,97.64,0,258.05,79.17,47.27,0.0,2.24,0.0,0.0,60.0,60.0,0,0,0,0.0,-72.65
3211,121728.31,2024.47,81.75,76,-48.0,31.4,0.2,14.02,0,2,0,0,89,54,0,0,0,0,121728.31,97.64,0,256.0,79.16,47.27,0.0,2.24,0.0,0.0,60.0,60.0,0,0,0,0.0,-72.65
3212,121728.31,520.5,81.75,76,-48.0,31.4,0.2,13.92,0,2,0,0,158,64,0,0,0,0,121728.31,98.66,0,256.0,79.17,47.27,0.0,2.27,0.0,0.0,60.0,60.0,0,0,0,0.0,-72.65
3213,121728.31,808.5,81.75,76,-48.0,31.4,0.2,14.12,0,2,4,0,162,85,0,0,0,0,121728.31,98.66,0,256.0,79.17,47.27,0.0,2.22,0.0,0.0,60.0,60.0,0,0,0,0.0,-72.65
3214,121728.31,1152.5,81.75,76,-48.0,31.87,0.2,14.02,1,2,4,0,161,125,0,0,0,0,121728.31,98.66,0,256.0,79.17,47.27,0.0,2.24,0.0,0.0,60.0,60.0,0,0,0,0.0,-72.65
3215,121728.31,488.5,81.75,76,-48.0,31.4,0.2,14.02,0,0,4,0,159,149,0,0,0,0,121728.31,98.66,0,257.02,79.17,47.27,0.0,2.24,0.0,0.0,60.0,60.0,0,0,0,0.0,-72.65
3216,126748.03,1904.38,81.75,76,-48.0,24.37,0.15,13.92,1,0,0,0,150,152,0,0,0,2,126748.03,99.69,0,258.05,79.15,47.27,0.0,2.27,0.0,0.0,60.0,60.0,0,0,0,0.0,-72.33
3217,140552.27,1896.34,81.75,77,-48.0,23.9,0.14,14.02,0,2,4,0,164,154,0,0,0,0,140552.27,99.69,0,261.12,79.15,47.27,0.0,2.24,0.0,0.0,60.0,60.0,0,0,0,0.0,-72.33
3218,155611.44,1616.34,81.75,77,-48.0,22.96,0.13,13.92,0,2,0,0,167,161,0,0,0,2,155611.44,99.69,0,261.12,79.15,47.27,0.0,2.27,0.0,0.0,60.0,60.0,0,0,0,0.0,-72.33
3219,168160.75,1600.34,81.0,77,-48.0,22.96,0.13,14.02,0,2,0,0,167,165,0,0,1,2,168160.75,99.69,0,261.12,79.15,47.27,0.0,2.24,0.0,0.0,60.0,60.0,0,0,0,0.0,-72.33
3220,181964.99,1944.38,81.0,77,-48.0,22.96,0.13,14.12,1,2,4,0,165,164,0,0,0,0,181964.99,100.72,0,261.12,79.15,47.27,0.0,2.22,0.0,0.0,60.0,60.0,0,0,0,0.0,-72.33
3221,195769.24,440.38,81.0,77,-48.0,22.49,0.13,13.82,1,0,4,0,164,163,0,0,0,2,195769.24,100.72,0,261.12,79.14,47.27,0.0,2.3,0.0,0.0,60.0,60.0,0,0,0,0.0,-72.33
3222,202043.89,616.38,81.0,77,-48.0,22.49,0.13,14.02,1,2,0,0,155,161,0,0,0,0,202043.89,100.72,0,261.12,79.14,47.27,0.0,2.24,0.0,0.0,60.0,60.0,0,0,0,0.0,-72.33
3223,200788.96,768.38,81.0,77,-48.0,22.49,0.13,14.02,1,2,0,0,152,159,0,0,0,0,200788.96,100.72,0,261.12,79.14,47.27,0.0,2.24,0.0,0.0,60.0,60.0,0,0,0,0.0,-72.33
3224,200788.96,592.38,81.0,77,-48.0,22.03,0.13,13.82,1,2,4,0,130,157,0,0,0,0,200788.96,100.72,0,261.12,79.14,47.27,0.0,2.3,0.0,0.0,60.0,60.0,0,0,0,0.0,-72.33
3225,200788.96,904.38,81.0,77,-48.0,22.03,0.13,14.02,1,0,4,0,58,155,0,0,0,0,200788.96,101.74,0,261.12,79.14,47.27,0.0,2.24,0.0,0.0,60.0,60.0,0,0,0,0.0,-72.33
3226,200788.96,1064.38,81.0,77,-48.0,22.96,0.13,14.12,0,2,4,0,26,153,0,0,0,0,200788.96,101.74,0,261.12,79.14,47.27,0.0,2.22,0.0,0.0,60.0,60.0,0,0,0,0.0,-72.33
3227,200788.96,760.34,81.0,77,-48.0,21.56,0.12,13.71,0,2,4,0,25,151,0,0,0,0,200788.96,101.75,0,261.12,79.14,47.27,0.0,2.32,0.0,0.0,60.0,60.0,0,0,0,0.0,-72.33
3228,200788.96,832.38,81.0,77,-48.0,22.49,0.13,13.82,0,2,0,0,114,151,0,0,0,0,200788.96,101.75,0,261.12,79.14,47.27,0.0,2.3,0.0,0.0,60.0,60.0,0,0,0,0.0,-72.33
3229,200788.96,1032.38,81.0,77,-48.0,22.49,0.13,14.02,0,0,4,0,156,150,0,0,0,0,200788.96,102.77,0,261.12,79.14,47.27,0.0,2.24,0.0,0.0,60.0,60.0,0,0,0,0.0,-72.33
3230,200788.96,856.38,81.0,77,-48.0,21.56,0.12,14.02,0,2,4,0,153,149,0,0,0,0,200788.96,102.77,0,261.12,79.14,47.27,0.0,2.24,0.0,0.0,60.0,60.0,0,0,0,0.0,-72.33
3231,199534.03,1312.38,81.0,77,-48.0,22.49,0.13,13.92,0,2,4,0,81,146,0,0,1,2,199534.03,102.78,0,261.12,79.13,47.27,0.0,2.27,0.0,0.0,60.0,60.0,0,0,0,0.0,-72.33
3232,199534.03,1336.38,81.0,77,-48.0,22.03,0.13,13.92,0,2,4,0,17,140,0,0,1,2,199534.03,102.78,0,261.12,79.14,47.27,0.0,2.27,0.0,0.0,60.0,60.0,0,0,0,0.0,-72.33
3233,200788.96,1520.38,81.0,77,-48.0,22.03,0.13,14.02,0,0,4,0,13,132,0,0,0,0,200788.96,103.8,0,261.12,79.14,47.27,0.0,2.24,0.0,0.0,60.0,60.0,0,0,0,0.0,-72.33
3234,199534.03,1536.38,81.0,78,-48.0,21.56,0.13,13.92,0,0,0,0,16,133,0,0,1,2,199534.03,103.8,0,261.12,79.13,47.27,0.0,2.27,0.0,0.0,60.0,60.0,0,0,0,0.0,-72.33
3235,198279.1,1416.38,81.0,78,-48.0,22.03,0.12,13.82,0,2,0,0,24,132,0,0,1,2,198279.1,103.8,0,261.12,79.13,47.27,0.0,2.3,0.0,0.0,60.0,60.0,0,0,0,0.0,-72.33
3236,198279.1,1696.38,81.0,78,-48.0,21.09,0.12,14.02,0,0,0,0,73,132,0,0,1,2,198279.1,103.8,0,261.12,79.13,47.27,0.0,2.24,0.0,0.0,60.0,60.0,0,0,0,0.0,-72.33
3237,198279.1,1776.38,81.0,78,-48.0,21.56,0.12,14.02,1,0,4,0,125,132,0,0,1,2,198279.1,103.8,0,261.12,79.13,47.27,0.0,2.24,0.0,0.0,60.0,60.0,0,0,0,0.0,-72.33
3238,197024.17,1616.41,81.0,78,-48.0,21.56,0.13,13.82,1,2,0,0,161,131,0,0,0,2,197024.17,104.83,0,261.12,23.94,45.31,0.0,2.3,0.0,0.0,60.0,60.0,0,0,0,0.0,-72.33
3239,198279.1,1792.38,81.0,78,-48.0,21.09,0.12,13.92,1,2,4,0,166,131,0,0,1,2,198279.1,104.83,0,261.12,23.94,45.31,0.0,2.27,0.0,0.0,60.0,60.0,0,0,0,0.0,-72.33
3240,198279.1,160.41,81.0,78,-48.0,21.56,0.12,14.02,1,2,4,0,162,130,0,0,1,2,198279.1,104.83,0,261.12,23.93,45.31,0.0,2.24,0.0,0.0,60.0,60.0,0,0,0,0.0,-72.33
3241,197024.17,416.41,81.0,78,-48.0,21.09,0.12,14.02,1,2,0,0,157,130,0,0,0,2,197024.17,104.83,0,261.12,23.93,45.31,0.0,2.24,0.0,0.0,60.0,60.0,0,0,0,0.0,-72.33
3242,195769.24,328.41,81.0,78,-48.0,21.09,0.12,13.92,1,2,4,0,157,130,0,0,0,2,195769.24,105.86,0,261.12,23.93,45.31,0.0,2.27,0.0,0.0,60.0,60.0,0,0,0,0.0,-72.33
3243,195769.24,480.41,81.0,78,-48.0,20.15,0.11,13.92,1,2,4,0,147,130,0,0,0,2,195769.24,105.86,0,261.12,23.93,45.31,0.0,2.27,0.0,0.0,60.0,60.0,0,0,0,0.0,-72.33
3244,194514.3,704.41,81.0,78,-48.0,19.68,0.11,14.12,0,2,0,0,55,130,0,0,1,0,194514.3,105.86,0,261.12,23.92,45.31,0.0,2.22,0.0,0.0,60.0,60.0,0,0,0,0.0,-72.33
3245,195769.24,704.41,81.0,78,-48.0,19.21,0.11,13.92,1,0,0,0,22,131,0,0,0,2,195769.24,105.86,0,261.12,23.92,45.31,0.0,2.27,0.0,0.0,60.0,60.0,0,0,0,0.0,-72.33
3246,200788.96,1080.41,81.0,78,-48.0,19.68,0.11,14.02,0,0,4,0,18,130,0,0,0,0,200788.96,105.86,0,261.12,23.92,45.31,0.0,2.24,0.0,0.0,60.0,60.0,0,0,0,0.0,-72.33
3247,220867.86,168.47,81.0,78,-48.0,19.21,0.11,14.02,1,2,4,0,16,129,0,0,0,0,220867.86,106.88,0,261.12,23.91,45.31,0.0,2.24,0.0,0.0,60.0,60.0,0,0,0,0.0,-72.33
3248,219612.92,1080.44,81.0,78,-48.0,18.28,0.11,13.92,0,2,0,0,14,129,0,0,1,2,219612.92,106.88,0,261.12,23.91,45.31,0.0,2.27,0.0,0.0,60.0,60.0,0,0,0,0.0,-72.65
3249,219612.92,1680.47,81.0,78,-48.0,18.75,0.11,13.82,0,0,0,0,13,123,0,0,1,2,219612.92,106.89,0,261.12,23.9,45.31,0.0,2.3,0.0,0.0,60.0,60.0,0,0,0,0.0,-72.65
3250,222122.79,1664.44,81.0,78,-48.0,16.87,0.1,14.02,0,0,0,0,15,110,0,0,0,0,222122.79,106.89,0,261.12,8.64,44.53,0.0,2.24,0.0,0.0,60.0,60.0,0,0,0,0.0,-72.65
3251,225887.58,328.38,81.0,78,-48.0,16.87,0.1,14.02,1,0,4,0,80,108,0,0,0,2,225887.58,107.91,0,261.12,8.65,44.53,0.0,2.24,0.0,0.0,60.0,60.0,0,0,0,0.0,-72.65
3252,225887.58,672.38,81.0,78,-48.0,16.87,0.1,13.82,0,0,0,0,125,110,0,0,0,2,225887.58,107.91,0,261.12,8.65,44.53,0.0,2.3,0.0,0.0,60.0,60.0,0,0,0,0.0,-72.33
3253,223377.72,1944.38,81.0,78,-48.0,16.87,0.1,13.92,0,2,0,0,40,97,0,0,1,0,223377.72,107.92,0,261.12,8.65,44.53,0.0,2.27,0.0,0.0,60.0,60.0,0,0,0,0.0,-72.33
3254,219612.92,256.41,81.0,78,-48.0,16.87,0.1,14.02,0,2,0,0,29,80,0,0,1,2,219612.92,107.92,0,261.12,8.64,44.53,0.0,2.24,0.0,0.0,60.0,60.0,0,0,0,0.0,-72.33
3255,217103.06,1328.44,81.0,78,-48.0,16.87,0.1,14.02,0,0,4,0,31,73,0,0,0,2,217103.06,108.94,0,261.12,8.64,44.53,0.0,2.24,0.0,0.0,60.0,60.0,0,0,0,0.0,-72.65
3256,214593.2,624.47,81.0,78,-48.0,16.87,0.1,13.71,1,0,0,0,133,74,0,0,1,0,214593.2,108.94,0,261.12,8.63,44.53,0.0,2.32,0.0,0.0,60.0,60.0,0,0,0,0.0,-72.65
3257,214593.2,1576.47,81.0,78,-48.0,16.4,0.09,13.92,0,2,0,0,166,77,0,0,1,0,214593.2,108.94,0,254.98,8.63,44.53,0.0,2.27,0.0,0.0,60.0,60.0,0,0,0,0.0,-72.65
3258,208318.55,672.5,81.0,78,-48.0,16.87,0.1,13.92,0,0,0,0,171,79,0,0,1,2,208318.55,108.94,0,239.62,8.63,44.53,0.0,2.27,0.0,0.0,60.0,60.0,0,0,0,0.0,-72.65
3259,185729.79,328.56,81.0,78,-48.0,16.87,0.1,13.92,0,0,0,0,172,81,0,0,0,2,185729.79,108.94,0,223.23,8.63,44.53,0.0,2.27,0.0,0.0,60.0,60.0,0,0,0,0.0,-72.65
3260,183219.93,152.59,81.0,78,-48.0,16.87,0.1,13.92,0,2,4,0,171,82,0,0,1,0,183219.93,109.97,0,199.68,8.63,44.53,0.0,2.27,0.0,0.0,60.0,60.0,0,0,0,0.0,-72.65
3261,186984.72,1928.59,81.0,78,-48.0,16.87,0.1,13.82,1,2,4,0,171,83,0,0,0,2,186984.72,109.97,0,171.01,8.63,44.53,0.0,2.3,0.0,0.0,60.0,60.0,0,0,0,0.0,-72.65
3262,186984.72,648.56,81.0,78,-48.0,15.0,0.09,13.92,1,2,4,0,169,85,0,0,0,2,186984.72,109.97,0,143.36,8.63,44.53,0.0,2.27,0.0,0.0,60.0,60.0,0,0,0,0.0,-72.65
3263,204553.75,1448.47,81.0,78,-48.0,12.65,0.08,14.02,0,2,0,0,166,85,0,0,1,0,204553.75,109.97,0,225.28,8.63,44.53,0.0,2.24,0.0,0.0,60.0,60.0,0,0,0,0.0,-72.65
3264,210828.41,264.53,81.0,78,-48.0,15.93,0.09,13.82,1,0,0,0,165,86,0,0,0,0,210828.41,111.0,0,242.69,8.63,44.53,0.0,2.3,0.0,0.0,60.0,60.0,0,0,0,0.0,-72.65
3265,212083.34,352.53,81.0,78,-48.0,16.4,0.09,13.92,1,2,4,0,165,87,0,0,0,0,212083.34,111.0,0,209.92,8.63,44.53,0.0,2.27,0.0,0.0,60.0,60.0,0,0,0,0.0,-72.65
3266,207063.61,1040.56,81.0,78,-48.0,15.93,0.09,14.02,1,2,0,0,160,89,0,0,0,2,207063.61,111.0,0,182.27,8.63,44.53,0.0,2.24,0.0,0.0,60.0,60.0,0,0,0,0.0,-72.65
3267,202043.89,104.59,81.0,78,-48.0,15.93,0.09,13.92,0,0,4,0,155,90,0,0,0,0,202043.89,111.0,0,148.48,8.63,44.53,0.0,2.27,0.0,0.0,60.0,60.0,0,0,0,0.0,-72.65
3268,188239.65,1696.62,81.0,78,-48.0,15.93,0.09,13.71,1,2,4,0,151,90,0,0,1,2,188239.65,111.0,0,104.45,8.63,44.53,0.0,2.32,0.0,0.0,60.0,60.0,0,0,0,0.0,-72.65
3269,190749.51,1920.62,81.0,78,-48.0,15.93,0.09,14.02,1,2,4,0,122,90,0,0,0,0,190749.51,112.02,0,62.46,8.63,44.53,0.0,2.24,0.0,0.0,60.0,60.0,0,0,0,0.0,-72.65
3270,205808.68,1640.59,81.0,78,-48.0,15.93,0.09,13.92,1,2,4,0,34,91,0,0,0,2,205808.68,112.02,0,23.55,8.63,44.53,0.0,2.27,0.0,0.0,60.0,60.0,0,0,0,0.0,-72.65
3271,204553.75,1296.59,81.0,78,-48.0,15.93,0.09,13.82,0,0,4,0,18,92,0,0,1,0,204553.75,112.03,0,0.0,8.63,44.53,0.0,2.3,0.0,0.0,60.0,60.0,0,0,0,0.0,-72.65
3272,209573.48,448.56,81.0,78,-48.0,16.4,0.09,13.92,0,0,0,0,17,92,0,0,1,2,209573.48,112.03,0,0.0,8.63,44.53,0.0,2.27,0.0,0.0,60.0,60.0,0,0,0,0.0,-72.65
3273,210828.41,1176.56,81.0,78,-48.0,15.93,0.09,14.02,1,2,4,0,21,92,0,0,0,0,210828.41,113.05,0,0.0,8.63,44.53,0.0,2.24,0.0,0.0,60.0,60.0,0,0,0,0.0,-72.65
3274,205808.68,1664.56,81.0,78,-48.0,15.46,0.09,13.92,1,2,4,0,29,93,0,0,0,2,205808.68,113.05,0,0.0,8.63,44.53,0.0,2.27,0.0,0.0,60.0,60.0,0,0,0,0.0,-72.65
3275,204553.75,432.59,81.0,78,-48.0,15.46,0.09,13.82,0,0,0,0,23,93,0,0,1,0,204553.75,113.06,0,0.0,8.63,44.53,0.0,2.3,0.0,0.0,60.0,60.0,0,0,0,0.0,-72.65
3276,207063.61,328.56,81.0,78,-48.0,15.46,0.09,14.02,1,2,4,0,19,94,0,0,0,2,207063.61,113.06,0,0.0,8.63,44.53,0.0,2.24,0.0,0.0,60.0,60.0,0,0,0,0.0,-72.65
3277,204553.75,88.59,81.0,78,-48.0,15.93,0.09,13.92,1,0,0,0,24,94,0,0,1,0,204553.75,114.08,0,0.0,8.63,44.53,0.0,2.27,0.0,0.0,60.0,60.0,0,0,0,0.0,-72.65
3278,204553.75,0.56,81.75,78,-48.0,15.46,0.09,13.82,1,2,0,0,102,94,0,0,1,0,204553.75,114.08,0,0.0,8.63,44.53,0.0,2.3,0.0,0.0,60.0,60.0,0,0,0,0.0,-72.65
3279,208318.55,1616.56,81.75,78,-48.0,15.46,0.09,14.02,0,2,0,0,154,95,0,0,1,2,208318.55,114.08,0,0.0,8.63,44.53,0.0,2.24,0.0,0.0,60.0,60.0,0,0,0,0.0,-72.65
3280,205808.68,1320.56,81.75,78,-48.0,15.46,0.09,14.02,0,2,4,0,164,96,0,0,0,2,205808.68,114.08,0,0.0,8.63,44.53,0.0,2.24,0.0,0.0,60.0,60.0,0,0,0,0.0,-72.65
3281,200788.96,368.59,81.75,78,-48.0,15.93,0.09,13.92,0,2,4,0,165,97,0,0,0,0,200788.96,114.08,0,0.0,8.63,44.53,0.0,2.27,0.0,0.0,60.0,60.0,0,0,0,0.0,-72.65
3282,205808.68,72.56,81.75,78,-48.0,15.46,0.09,13.82,1,2,4,0,157,101,0,0,0,2,205808.68,115.11,0,0.0,8.63,44.53,0.0,2.3,0.0,0.0,60.0,60.0,0,0,0,0.0,-72.65
3283,204553.75,1368.56,81.75,78,-48.0,15.46,0.09,13.92,1,2,4,0,133,102,0,0,1,0,204553.75,115.11,0,0.0,8.63,44.53,0.0,2.27,0.0,0.0,60.0,60.0,0,0,0,0.0,-72.65
3284,203298.82,1568.56,81.75,78,-48.0,15.46,0.09,13.92,1,2,0,0,60,104,0,0,1,0,203298.82,115.11,0,19.46,8.63,44.53,0.0,2.27,0.0,0.0,60.0,60.0,0,0,0,0.0,-72.65
3285,205808.68,1177.0,81.75,78,-48.0,26.71,0.16,14.12,1,0,0,0,27,106,0,0,0,2,205808.68,115.11,0,36.86,8.63,44.53,0.0,2.22,0.0,0.0,60.0,60.0,0,0,0,0.0,-73.3
3286,197024.17,176.91,81.75,78,-48.0,28.12,0.17,13.82,0,0,4,0,15,108,0,0,0,2,197024.17,116.14,0,51.2,8.64,44.53,0.0,2.3,0.0,0.0,60.0,60.0,0,0,0,0.0,-73.3
3287,170670.62,1625.34,81.75,78,-48.0,42.18,0.31,13.92,1,0,0,0,61,113,0,0,0,0,170670.62,116.14,0,64.51,8.66,44.53,0.0,2.27,0.0,0.0,60.0,60.0,0,0,0,0.0,-73.62
3288,156866.38,664.41,81.75,78,-48.0,20.15,0.12,14.12,1,2,0,0,43,134,0,0,0,2,156885.91,116.13,0,80.9,8.75,44.53,0.0,2.22,0.0,0.0,60.0,60.0,0,0,0,0.0,-72.97
3289,164395.96,1649.06,81.75,78,-48.0,39.36,0.27,14.02,0,2,0,0,173,149,0,0,1,0,164395.96,116.13,0,110.59,8.67,44.53,0.0,2.24,0.0,0.0,60.0,60.0,0,0,0,0.0,-73.3
3290,158121.31,1425.12,81.75,78,-48.0,40.77,0.31,13.82,1,0,0,0,159,161,0,0,1,2,158121.31,116.13,0,135.17,8.77,44.53,0.0,2.3,0.0,0.0,60.0,60.0,0,0,0,0.0,-73.62
3291,148081.86,424.97,81.75,78,-48.0,41.71,0.3,14.02,1,2,4,0,160,157,0,0,1,2,148081.86,115.11,0,140.29,8.79,44.53,0.0,2.24,0.0,0.0,60.0,60.0,0,0,0,0.0,-73.3
3292,145572.0,1976.97,81.75,78,-48.0,40.77,0.31,14.02,1,0,4,0,84,155,0,0,0,2,145572.0,115.11,0,157.7,8.8,44.53,0.0,2.24,0.0,0.0,60.0,60.0,0,0,0,0.0,-73.3
3293,146826.93,857.0,81.75,78,-48.0,41.71,0.32,14.02,1,0,4,0,11,69,0,0,0,2,146826.93,115.1,0,180.22,8.8,44.53,0.0,2.24,0.0,0.0,60.0,60.0,0,0,0,0.0,-73.3
3294,143062.13,264.97,81.75,78,-48.0,42.18,0.32,13.92,0,2,4,0,9,16,0,0,1,0,143062.13,115.1,0,193.54,8.81,44.53,0.0,2.27,0.0,0.0,60.0,60.0,0,0,0,0.0,-73.3
3295,141807.2,289.0,81.75,78,-48.0,43.11,0.34,13.92,1,0,0,0,9,10,0,0,0,0,141807.2,114.08,0,204.8,8.81,44.53,0.0,2.27,0.0,0.0,60.0,60.0,0,0,0,0.0,-73.3
3296,140552.27,129.0,81.75,78,-48.0,43.58,0.34,14.02,0,2,0,0,10,8,0,0,0,0,140552.27,114.08,0,216.06,8.81,44.53,0.0,2.24,0.0,0.0,60.0,60.0,0,0,0,0.0,-73.3
3297,138042.41,1576.94,81.75,78,-48.0,43.11,0.34,14.12,1,2,4,0,12,9,0,0,1,2,138042.41,114.08,0,222.21,8.81,44.53,0.0,2.22,0.0,0.0,60.0,60.0,0,0,0,0.0,-73.3
3298,133022.69,1040.44,81.75,78,-48.0,25.77,0.16,14.02,0,0,0,0,12,9,0,0,1,0,133022.69,114.08,0,229.38,8.78,44.53,0.0,2.24,0.0,0.0,60.0,60.0,0,0,0,0.0,-72.65
3299,155611.44,1353.25,81.75,78,-48.0,48.74,0.43,13.92,1,2,4,0,95,12,0,0,0,2,155611.44,114.08,0,250.88,8.7,44.53,0.0,2.27,0.0,0.0,60.0,60.0,0,0,0,0.0,-73.3
3300,189479.93,386.5,81.75,78,-48.0,73.57,1.14,14.02,1,2,0,0,10,8,0,0,0,2,185744.44,113.05,0,212.99,9.0,44.53,0.0,2.24,0.0,0.0,60.0,60.0,0,0,0,0.0,-75.58
3301,214529.72,1978.41,81.75,78,-48.0,78.26,1.32,14.02,1,2,4,0,167,141,0,0,1,0,205784.27,113.05,0,196.61,9.0,44.53,0.0,2.24,0.0,0.0,60.0,60.0,0,0,0,0.0,-75.25
3302,189431.1,1866.34,81.75,78,-48.0,80.14,1.4,13.82,0,2,0,0,40,73,0,0,1,2,180685.65,113.05,0,211.97,9.0,44.53,0.0,2.3,0.0,0.0,60.0,60.0,0,0,0,0.0,-75.25
3303,184396.73,162.25,81.75,78,-48.0,81.07,1.43,13.92,1,2,0,0,10,15,0,0,1,0,178146.49,113.05,0,221.18,9.0,44.53,0.0,2.27,0.0,0.0,60.0,60.0,0,0,0,0.0,-75.25
3304,168082.63,1193.94,81.75,78,-48.0,78.26,1.33,14.02,0,0,0,0,11,9,0,0,0,0,154312.57,112.02,0,229.38,9.0,44.53,0.0,2.24,0.0,0.0,60.0,60.0,0,0,0,0.0,-74.92
3305,163072.67,1882.06,81.75,78,-48.0,82.01,1.5,13.71,1,0,4,0,10,8,0,0,0,2,149322.14,112.02,0,237.57,9.0,44.53,0.0,2.32,0.0,0.0,60.0,60.0,0,0,0,0.0,-74.92
3306,145547.58,1033.47,81.75,78,-48.0,74.04,1.16,13.92,0,2,4,0,15,13,0,0,1,2,143042.6,112.02,0,242.69,9.0,44.53,0.0,2.27,0.0,0.0,60.0,60.0,0,0,0,0.0,-74.28
3307,117963.51,1009.09,81.75,76,-48.0,65.61,0.84,14.02,0,0,4,0,179,169,0,0,1,2,117963.51,112.02,0,252.93,9.0,44.53,0.0,2.24,0.0,0.0,60.0,60.0,0,0,0,0.0,-73.62
3308,109179.0,1208.75,81.75,76,-48.0,53.89,0.53,14.02,1,2,0,0,186,178,0,0,1,2,109179.0,111.0,0,253.95,8.91,44.53,0.0,2.24,0.0,0.0,60.0,60.0,0,0,0,0.0,-72.97
3309,117963.51,1992.88,81.75,76,-48.0,53.42,0.52,13.92,1,2,0,0,185,179,0,0,1,2,117963.51,111.0,0,247.81,8.9,44.53,0.0,2.27,0.0,0.0,60.0,60.0,0,0,0,0.0,-73.3
3310,134277.62,889.06,81.75,76,-48.0,54.83,0.55,13.92,1,0,0,0,182,178,0,0,1,0,134277.62,111.0,0,239.62,8.91,44.53,0.0,2.27,0.0,0.0,60.0,60.0,0,0,0,0.0,-73.62
3311,146822.04,689.59,81.75,76,-48.0,64.2,0.79,14.02,1,2,0,0,183,178,0,0,0,2,160572.57,110.99,0,230.4,9.0,44.53,0.0,2.24,0.0,0.0,60.0,60.0,0,0,0,0.0,-74.28
3312,180641.7,1050.0,81.75,76,-48.0,72.17,1.09,14.02,1,2,0,0,179,175,0,0,0,0,165655.77,110.99,0,215.04,9.0,44.53,0.0,2.24,0.0,0.0,60.0,60.0,0,0,0,0.0,-74.92
3313,179372.12,458.09,81.0,76,-48.0,74.98,1.18,13.82,1,0,4,0,169,169,0,0,1,2,164400.84,109.97,0,216.06,9.0,44.53,0.0,2.3,0.0,0.0,60.0,60.0,0,0,0,0.0,-74.92
3314,178117.19,634.09,81.0,76,-48.0,75.92,1.21,13.92,0,0,0,0,140,136,0,0,1,2,174396.35,109.97,0,218.11,9.0,44.53,0.0,2.27,0.0,0.0,60.0,60.0,0,0,0,0.0,-74.92
3315,176862.26,1682.09,81.0,76,-48.0,76.85,1.25,14.02,1,2,0,0,17,37,0,0,0,2,173141.41,109.96,0,221.18,9.0,44.53,0.0,2.24,0.0,0.0,60.0,60.0,0,0,0,0.0,-74.92
3316,173102.35,1746.06,81.0,76,-48.0,76.85,1.27,14.02,1,2,0,0,35,34,0,0,1,0,170626.67,109.96,0,224.26,9.0,44.53,0.0,2.24,0.0,0.0,60.0,60.0,0,0,0,0.0,-74.92
3317,163082.43,1090.03,81.0,76,-48.0,76.85,1.26,13.92,1,2,4,0,160,81,0,0,1,2,159332.29,108.94,0,226.3,9.0,44.53,0.0,2.27,0.0,0.0,60.0,60.0,0,0,0,0.0,-74.92
3318,138008.23,673.38,81.75,76,-48.0,65.14,0.85,14.12,0,0,4,0,179,160,0,0,1,2,134258.08,108.94,0,235.52,9.0,44.53,0.0,2.22,0.0,0.0,60.0,60.0,0,0,0,0.0,-73.95
3319,124238.17,265.19,81.75,76,-48.0,60.92,0.72,14.02,0,0,0,0,176,162,0,0,1,0,124238.17,108.94,0,244.74,8.99,44.53,0.0,2.24,0.0,0.0,60.0,60.0,0,0,0,0.0,-73.62
3320,122983.24,1065.19,81.75,75,-48.0,61.39,0.72,13.92,1,0,4,0,170,159,0,0,1,0,122983.24,108.94,0,246.78,8.98,44.53,0.0,2.27,0.0,0.0,60.0,60.0,0,0,0,0.0,-73.62
3321,158101.77,1338.25,81.75,75,-48.0,77.79,1.3,13.92,1,2,4,0,69,112,0,0,1,2,158121.31,108.94,0,233.47,9.0,44.53,0.0,2.27,0.0,0.0,60.0,60.0,0,0,0,0.0,-74.6
3322,181935.7,90.34,81.75,75,-48.0,78.73,1.38,14.02,0,2,0,0,173,126,0,0,1,2,193191.01,107.91,0,194.56,9.0,44.53,0.0,2.24,0.0,0.0,60.0,60.0,0,0,0,0.0,-75.58
3323,183190.63,1442.34,81.75,75,-48.0,78.26,1.34,14.02,0,0,4,0,159,159,0,0,1,2,194445.94,107.91,0,183.3,9.0,44.53,0.0,2.24,0.0,0.0,60.0,60.0,0,0,0,0.0,-75.25
3324,181935.7,1330.31,81.75,75,-48.0,77.32,1.32,13.82,0,0,4,0,104,53,0,0,1,2,193191.01,107.91,0,187.39,9.0,44.53,0.0,2.3,0.0,0.0,60.0,60.0,0,0,0,0.0,-75.25
3325,179430.72,306.28,81.75,75,-48.0,77.79,1.31,14.02,1,2,4,0,17,36,0,0,0,2,191936.08,107.91,0,191.49,9.0,44.53,0.0,2.24,0.0,0.0,60.0,60.0,0,0,0,0.0,-75.25
3326,178170.9,226.28,81.75,75,-48.0,77.32,1.31,14.02,0,0,4,0,130,125,0,0,1,0,189426.22,106.88,0,195.58,9.0,44.53,0.0,2.24,0.0,0.0,60.0,60.0,0,0,0,0.0,-75.25
3327,176915.97,1010.25,81.75,75,-48.0,77.79,1.32,14.02,1,2,0,0,162,104,0,0,1,0,188171.29,106.88,0,198.66,9.0,44.53,0.0,2.24,0.0,0.0,60.0,60.0,0,0,0,0.0,-75.25
3328,176915.97,18.31,81.75,75,-48.0,78.26,1.36,13.82,1,0,4,0,157,47,0,0,1,0,188171.29,106.88,0,199.68,9.0,44.53,0.0,2.3,0.0,0.0,60.0,60.0,0,0,0,0.0,-75.25
3329,174410.99,786.28,81.75,75,-48.0,77.79,1.34,13.92,1,2,4,0,38,133,0,0,0,0,186916.36,106.88,0,203.78,9.0,44.53,0.0,2.27,0.0,0.0,60.0,60.0,0,0,0,0.0,-75.25
3330,169386.39,1498.12,81.75,75,-48.0,76.39,1.24,14.02,0,0,4,0,127,129,0,0,0,2,180641.7,106.88,0,208.9,9.0,44.53,0.0,2.24,0.0,0.0,60.0,60.0,0,0,0,0.0,-74.92
3331,159356.7,193.97,81.75,74,-48.0,74.04,1.15,14.02,0,0,4,0,167,44,0,0,0,2,168126.57,105.86,0,215.04,9.0,44.53,0.0,2.24,0.0,0.0,60.0,60.0,0,0,0,0.0,-74.92
3332,168097.27,1721.97,81.75,74,-48.0,73.11,1.13,13.92,0,2,0,0,164,113,0,0,1,0,165616.71,105.86,0,220.16,9.0,44.53,0.0,2.27,0.0,0.0,60.0,60.0,0,0,0,0.0,-74.6
3333,163077.55,1905.69,82.5,74,-48.0,69.83,0.98,14.02,0,2,4,0,149,78,0,0,1,2,160596.99,105.85,0,223.23,9.0,44.53,0.0,2.24,0.0,0.0,60.0,60.0,0,0,0,0.0,-74.28
3334,150547.77,1801.66,82.5,74,-48.0,67.48,0.93,13.82,0,2,0,0,34,154,0,0,1,2,146797.63,105.85,0,231.42,9.0,44.53,0.0,2.3,0.0,0.0,60.0,60.0,0,0,0,0.0,-73.95
3335,151807.59,41.66,82.5,74,-48.0,67.48,0.92,13.92,1,0,0,0,16,123,0,0,0,0,149307.49,104.83,0,225.28,9.0,44.53,0.0,2.27,0.0,0.0,60.0,60.0,0,0,0,0.0,-74.28
3336,150586.84,1937.72,82.5,74,-48.0,66.08,0.87,14.02,0,0,4,0,86,147,0,0,1,2,164337.36,104.83,0,200.7,9.0,44.53,0.0,2.24,0.0,0.0,60.0,60.0,0,0,0,0.0,-74.28
3337,151841.77,1689.69,82.5,74,-48.0,63.73,0.81,14.02,0,2,0,0,164,151,0,0,0,0,165592.3,104.82,0,197.63,9.0,44.53,0.0,2.24,0.0,0.0,60.0,60.0,0,0,0,0.0,-74.28
3338,145567.11,1329.38,82.5,74,-48.0,57.64,0.64,14.02,0,0,0,0,171,139,0,0,1,0,159317.64,104.82,0,203.78,9.0,44.53,0.0,2.24,0.0,0.0,60.0,60.0,0,0,0,0.0,-73.95
3339,140552.27,1393.19,82.5,74,-48.0,52.95,0.53,13.92,1,0,4,0,163,123,0,0,0,0,150552.66,103.8,0,220.16,8.97,44.53,0.0,2.27,0.0,0.0,60.0,60.0,0,0,0,0.0,-73.62
3340,140552.27,625.19,82.5,74,-48.0,51.55,0.51,14.12,1,2,4,0,159,142,0,0,0,0,140552.27,103.8,0,225.28,0.73,44.92,0.0,2.22,0.0,0.0,60.0,60.0,0,0,0,0.0,-73.3
3341,140552.27,1649.19,82.5,74,-48.0,51.55,0.5,14.02,0,0,0,0,87,155,0,0,0,0,140552.27,103.8,0,230.4,0.72,44.92,0.0,2.24,0.0,0.0,60.0,60.0,0,0,0,0.0,-73.3
3342,141807.2,1929.22,82.5,74,-48.0,52.02,0.49,14.02,0,0,0,0,23,153,0,0,0,0,141807.2,103.8,0,239.62,0.73,44.92,0.0,2.24,0.0,0.0,60.0,60.0,0,0,0,0.0,-73.62
3343,141807.2,1625.22,82.5,74,-48.0,51.55,0.49,13.82,0,0,0,0,32,139,0,0,0,0,141807.2,103.8,0,241.66,0.73,44.92,0.0,2.3,0.0,0.0,60.0,60.0,0,0,0,0.0,-73.62
3344,143062.13,1841.19,82.5,75,-48.0,51.08,0.49,14.02,0,0,4,0,97,120,0,0,1,0,143062.13,102.77,0,243.71,0.73,44.92,0.0,2.24,0.0,0.0,60.0,60.0,0,0,0,0.0,-73.62
3345,141807.2,441.22,82.5,75,-48.0,51.55,0.49,14.02,1,0,0,0,157,118,0,0,0,0,141807.2,102.77,0,244.74,0.73,44.92,0.0,2.24,0.0,0.0,60.0,60.0,0,0,0,0.0,-73.62
3346,143062.13,489.22,82.5,75,-48.0,51.08,0.49,14.02,0,0,0,0,159,140,0,0,1,0,143062.13,102.77,0,246.78,0.73,44.92,0.0,2.24,0.0,0.0,60.0,60.0,0,0,0,0.0,-73.62
3347,143062.13,1473.22,82.5,75,-48.0,51.55,0.49,13.82,1,0,4,0,141,148,0,0,1,0,143062.13,102.77,0,248.83,0.74,44.92,0.0,2.3,0.0,0.0,60.0,60.0,0,0,0,0.0,-73.62
3348,143062.13,745.22,82.5,75,-48.0,51.55,0.49,13.92,1,2,4,0,43,146,0,0,1,0,143062.13,101.74,0,251.9,0.73,46.88,0.0,2.27,0.0,0.0,60.0,60.0,0,0,0,0.0,-73.62
3349,143062.13,897.22,83.25,75,-48.0,51.08,0.48,14.02,1,0,0,0,22,134,0,0,1,0,143062.13,101.74,0,253.95,0.73,46.88,0.0,2.24,0.0,0.0,60.0,60.0,0,0,0,0.0,-73.62
3350,140552.27,1753.03,83.25,75,-48.0,46.39,0.41,14.02,1,0,4,0,79,135,0,0,0,0,140552.27,101.74,0,254.98,0.72,46.88,0.0,2.24,0.0,0.0,60.0,60.0,0,0,0,0.0,-73.62
3351,130512.82,1552.62,83.25,75,-48.0,36.55,0.25,13.92,1,0,0,0,173,154,0,0,0,0,130512.82,101.74,0,261.12,0.57,46.88,0.0,2.27,0.0,0.0,60.0,60.0,0,0,0,0.0,-72.97
3352,125493.1,1064.34,83.25,75,-48.0,23.9,0.14,14.02,1,2,0,0,176,168,0,0,0,2,125493.1,101.74,0,256.0,0.51,46.88,0.0,2.24,0.0,0.0,60.0,60.0,0,0,0,0.0,-72.65
3353,149336.79,776.34,83.25,75,-48.0,23.43,0.14,14.02,1,0,4,0,174,169,0,0,1,2,149336.79,102.76,0,261.12,0.47,46.88,0.0,2.24,0.0,0.0,60.0,60.0,0,0,0,0.0,-72.33
3354,170670.62,992.31,83.25,75,-48.0,22.03,0.13,13.92,1,0,4,0,166,167,0,0,0,0,170670.62,102.76,0,261.12,0.47,46.88,0.0,2.27,0.0,0.0,60.0,60.0,0,0,0,0.0,-72.33
3355,185729.79,584.34,83.25,75,-48.0,22.49,0.13,14.02,0,0,4,0,161,164,0,0,0,2,185729.79,102.77,0,261.12,0.47,46.88,0.0,2.24,0.0,0.0,60.0,60.0,0,0,0,0.0,-72.33
3356,200788.96,720.34,83.25,75,-48.0,22.96,0.13,14.02,0,0,0,0,159,161,0,0,0,0,200788.96,102.77,0,261.12,0.47,46.88,0.0,2.24,0.0,0.0,60.0,60.0,0,0,0,0.0,-72.33
3357,204553.75,1184.34,83.25,75,-48.0,22.96,0.14,14.02,0,2,0,0,161,158,0,0,1,0,204553.75,103.79,0,261.12,0.39,46.88,0.0,2.24,0.0,0.0,60.0,60.0,0,0,0,0.0,-72.33
3358,122983.24,1216.53,83.25,75,-48.0,31.87,0.2,13.92,0,2,4,0,24,138,0,0,1,0,122983.24,103.79,0,261.12,0.47,46.88,0.0,2.27,0.0,0.0,60.0,60.0,0,0,0,0.0,-72.65
3359,124238.17,1312.53,83.25,75,-48.0,32.8,0.21,14.02,0,2,0,0,8,14,0,0,1,0,124238.17,103.8,0,256.0,0.5,46.88,0.0,2.24,0.0,0.0,60.0,60.0,0,0,0,0.0,-72.65
3360,124238.17,1696.53,83.25,75,-48.0,32.8,0.22,13.82,1,0,4,0,75,16,0,0,1,0,124238.17,103.8,0,252.93,0.5,46.88,0.0,2.3,0.0,0.0,60.0,60.0,0,0,0,0.0,-72.65
3361,124238.17,1696.53,83.25,75,-48.0,32.34,0.21,13.92,0,0,4,0,153,19,0,0,1,0,124238.17,104.82,0,252.93,0.5,46.88,0.0,2.27,0.0,0.0,60.0,60.0,0,0,0,0.0,-72.65
3362,124238.17,1104.53,83.25,76,-48.0,31.87,0.21,14.12,1,2,0,0,161,24,0,0,1,0,124238.17,104.82,0,251.9,0.51,46.88,0.0,2.22,0.0,0.0,60.0,60.0,0,0,0,0.0,-72.65
3363,124238.17,1656.56,83.25,76,-48.0,32.8,0.22,14.02,1,2,0,0,159,33,0,0,1,0,124238.17,104.82,0,253.95,0.5,46.88,0.0,2.24,0.0,0.0,60.0,60.0,0,0,0,0.0,-72.65
3364,124238.17,832.53,83.25,76,-48.0,32.8,0.21,13.92,1,0,4,0,138,42,0,0,1,0,124238.17,104.82,0,252.93,0.5,46.88,0.0,2.27,0.0,0.0,60.0,60.0,0,0,0,0.0,-72.65
3365,124238.17,152.56,83.25,76,-48.0,33.74,0.22,14.02,1,0,0,0,37,44,0,0,1,0,124238.17,104.82,0,252.93,0.5,46.88,0.0,2.24,0.0,0.0,60.0,60.0,0,0,0,0.0,-72.65
3366,124238.17,56.56,83.25,76,-48.0,33.27,0.22,13.92,0,0,4,0,27,42,0,0,1,0,124238.17,105.85,0,252.93,0.51,46.88,0.0,2.27,0.0,0.0,60.0,60.0,0,0,0,0.0,-72.65
3367,124238.17,1712.53,83.25,76,-48.0,32.8,0.21,13.92,1,0,0,0,90,43,0,0,1,0,124238.17,105.85,0,252.93,0.51,46.88,0.0,2.27,0.0,0.0,60.0,60.0,0,0,0,0.0,-72.65
3368,124238.17,544.56,84.0,76,-48.0,33.27,0.22,13.92,0,2,4,0,160,46,0,0,1,0,124238.17,105.85,0,251.9,0.51,46.88,0.0,2.27,0.0,0.0,60.0,60.0,0,0,0,0.0,-72.65
3369,125493.1,1216.66,84.0,76,-48.0,37.96,0.26,14.02,0,0,4,0,163,49,0,0,0,2,125493.1,105.85,0,250.88,0.52,46.88,0.0,2.24,0.0,0.0,60.0,60.0,0,0,0,0.0,-72.65
3370,133022.69,1528.91,84.0,76,-48.0,44.99,0.37,14.02,1,0,0,0,153,54,0,0,1,0,133022.69,105.85,0,242.69,0.6,46.88,0.0,2.24,0.0,0.0,60.0,60.0,0,0,0,0.0,-73.3
3371,133022.69,1112.91,84.0,76,-48.0,44.52,0.37,13.92,0,2,0,0,170,121,0,0,1,0,133022.69,105.85,0,238.59,0.61,46.88,0.0,2.27,0.0,0.0,60.0,60.0,0,0,0,0.0,-73.3
3372,133022.69,1560.91,84.0,76,-48.0,45.46,0.37,14.02,1,0,4,0,161,169,0,0,1,0,133022.69,105.85,0,238.59,0.61,46.88,0.0,2.24,0.0,0.0,60.0,60.0,0,0,0,0.0,-72.97
3373,134277.62,1176.94,84.0,76,-48.0,46.39,0.39,14.02,0,2,0,0,96,170,0,0,1,0,134277.62,105.85,0,238.59,0.62,46.88,0.0,2.24,0.0,0.0,60.0,60.0,0,0,0,0.0,-72.97
3374,136787.48,1913.0,84.0,76,-48.0,46.39,0.39,14.02,0,0,0,0,20,166,0,0,0,2,136787.48,104.82,0,247.81,0.62,46.88,0.0,2.24,0.0,0.0,60.0,60.0,0,0,0,0.0,-73.3
3375,136787.48,433.0,84.0,76,-48.0,46.39,0.39,13.82,0,0,4,0,19,162,0,0,0,2,136787.48,104.82,0,249.86,0.63,46.88,0.0,2.3,0.0,0.0,60.0,60.0,0,0,0,0.0,-73.3
3376,136787.48,721.0,84.0,76,-48.0,46.86,0.39,13.92,1,0,0,0,36,158,0,0,0,2,136787.48,104.82,0,251.9,0.62,46.88,0.0,2.27,0.0,0.0,60.0,60.0,0,0,0,0.0,-73.3
3377,138042.41,953.0,84.0,76,-48.0,45.93,0.39,13.92,0,2,4,0,114,155,0,0,1,2,138042.41,104.82,0,254.98,0.62,46.88,0.0,2.27,0.0,0.0,60.0,60.0,0,0,0,0.0,-73.3
3378,138042.41,1785.0,84.0,76,-48.0,47.33,0.4,14.02,0,0,4,0,153,155,0,0,1,2,138042.41,104.82,0,254.98,0.62,46.88,0.0,2.24,0.0,0.0,60.0,60.0,0,0,0,0.0,-73.3
3379,139297.34,281.03,84.0,76,-48.0,46.86,0.4,13.82,0,2,4,0,161,155,0,0,1,2,139297.34,103.8,0,258.05,0.62,46.88,0.0,2.3,0.0,0.0,60.0,60.0,0,0,0,0.0,-73.3
3380,139297.34,817.03,84.0,76,-48.0,46.86,0.4,13.92,1,0,0,0,147,150,0,0,1,2,139297.34,103.8,0,259.07,0.63,46.88,0.0,2.27,0.0,0.0,60.0,60.0,0,0,0,0.0,-73.3
3381,139297.34,641.03,84.0,76,-48.0,46.86,0.4,14.12,0,0,0,0,49,148,0,0,1,2,139297.34,103.79,0,260.1,0.63,46.88,0.0,2.22,0.0,0.0,60.0,60.0,0,0,0,0.0,-73.3
3382,139297.34,425.0,84.0,76,-48.0,47.8,0.39,14.02,1,2,4,0,23,149,0,0,1,2,139297.34,103.79,0,260.1,0.63,46.88,0.0,2.24,0.0,0.0,60.0,60.0,0,0,0,0.0,-73.3
3383,139297.34,473.03,84.0,76,-48.0,46.39,0.4,14.02,0,2,4,0,34,151,0,0,1,2,139297.34,102.77,0,259.07,0.63,46.88,0.0,2.24,0.0,0.0,60.0,60.0,0,0,0,0.0,-73.3
3384,139297.34,1473.0,84.0,76,-48.0,46.86,0.39,13.82,1,2,0,0,142,148,0,0,1,2,139297.34,102.77,0,260.1,0.62,46.88,0.0,2.3,0.0,0.0,60.0,60.0,0,0,0,0.0,-73.3
3385,139297.34,145.03,84.0,76,-48.0,46.86,0.4,14.02,1,0,4,0,161,135,0,0,1,2,139297.34,102.76,0,260.1,0.63,46.88,0.0,2.24,0.0,0.0,60.0,60.0,0,0,0,0.0,-73.3
3386,138042.41,1537.0,84.0,76,-48.0,46.39,0.4,13.82,0,0,0,0,161,140,0,0,1,2,138042.41,102.76,0,259.07,0.62,46.88,0.0,2.3,0.0,0.0,60.0,60.0,0,0,0,0.0,-73.3
3387,139297.34,1993.0,84.0,76,-48.0,45.93,0.39,14.12,0,2,4,0,123,150,0,0,1,2,139297.34,102.76,0,261.12,0.62,46.88,0.0,2.22,0.0,0.0,60.0,60.0,0,0,0,0.0,-73.3
3388,138042.41,1153.0,84.0,77,-48.0,46.86,0.4,14.02,1,0,4,0,28,155,0,0,1,2,138042.41,101.74,0,261.12,0.62,46.88,0.0,2.24,0.0,0.0,60.0,60.0,0,0,0,0.0,-73.3
3389,138042.41,1113.0,84.0,77,-48.0,45.93,0.39,13.82,0,0,0,0,28,152,0,0,1,2,138042.41,101.74,0,260.1,0.62,46.88,0.0,2.3,0.0,0.0,60.0,60.0,0,0,0,0.0,-73.3
3390,136787.48,1296.97,84.0,76,-48.0,45.46,0.38,13.92,1,2,0,0,141,149,0,0,0,2,136787.48,101.74,0,260.1,0.63,46.88,0.0,2.27,0.0,0.0,60.0,60.0,0,0,0,0.0,-73.3
3391,136787.48,16.97,84.0,76,-48.0,45.46,0.38,14.12,0,0,0,0,162,151,0,0,0,2,136787.48,101.74,0,261.12,0.62,46.88,0.0,2.22,0.0,0.0,60.0,60.0,0,0,0,0.0,-73.3
3392,136787.48,544.97,84.0,76,-48.0,44.52,0.38,14.02,0,2,0,0,161,153,0,0,0,2,136787.48,100.71,0,261.12,0.61,46.88,0.0,2.24,0.0,0.0,60.0,60.0,0,0,0,0.0,-73.3
3393,135532.55,1728.94,84.0,76,-48.0,45.46,0.37,14.02,0,0,4,0,152,151,0,0,0,2,135532.55,100.71,0,261.12,0.61,46.88,0.0,2.24,0.0,0.0,60.0,60.0,0,0,0,0.0,-73.3
3394,136787.48,48.97,84.0,76,-48.0,45.46,0.38,13.92,1,0,4,0,80,143,0,0,0,2,136787.48,100.71,0,261.12,0.61,46.88,0.0,2.27,0.0,0.0,60.0,60.0,0,0,0,0.0,-73.3
3395,136787.48,1976.94,83.25,76,-48.0,46.39,0.38,14.02,0,2,4,0,23,141,0,0,0,2,136787.48,100.71,0,261.12,0.61,46.88,0.0,2.24,0.0,0.0,60.0,60.0,0,0,0,0.0,-73.3
3396,136787.48,1816.97,83.25,76,-48.0,45.46,0.38,14.02,0,0,0,0,29,144,0,0,0,2,136787.48,99.68,0,261.12,0.61,46.88,0.0,2.24,0.0,0.0,60.0,60.0,0,0,0,0.0,-73.3
3397,135532.55,1640.94,84.0,76,-48.0,44.99,0.37,14.02,0,2,0,0,144,153,0,0,0,2,135532.55,99.68,0,261.12,0.61,46.88,0.0,2.24,0.0,0.0,60.0,60.0,0,0,0,0.0,-73.3
3398,135532.55,1024.94,84.0,76,-48.0,44.99,0.37,13.82,0,2,4,0,163,156,0,0,0,2,135532.55,99.68,0,261.12,0.61,46.88,0.0,2.3,0.0,0.0,60.0,60.0,0,0,0,0.0,-73.3
3399,134277.62,1648.78,83.25,76,-48.0,40.3,0.31,14.12,1,0,0,0,160,154,0,0,1,0,134277.62,99.68,0,261.12,0.61,46.88,0.0,2.22,0.0,0.0,60.0,60.0,0,0,0,0.0,-72.97
3400,128002.96,568.69,83.25,76,-48.0,37.96,0.27,14.02,1,2,4,0,164,151,0,0,1,2,128002.96,99.68,0,261.12,0.56,46.88,0.0,2.24,0.0,0.0,60.0,60.0,0,0,0,0.0,-72.97
3401,128002.96,1616.69,83.25,76,-48.0,38.43,0.28,13.82,0,2,0,0,116,150,0,0,1,2,128002.96,100.7,0,261.12,0.55,46.88,0.0,2.3,0.0,0.0,60.0,60.0,0,0,0,0.0,-72.65
3402,128002.96,1296.69,83.25,76,-48.0,38.9,0.28,13.92,1,0,0,0,26,148,0,0,1,2,128002.96,100.7,0,261.12,0.55,46.88,0.0,2.27,0.0,0.0,60.0,60.0,0,0,0,0.0,-72.97
3403,128002.96,528.69,83.25,76,-48.0,38.9,0.27,14.12,0,2,0,0,19,148,0,0,1,2,128002.96,100.71,0,261.12,0.55,46.88,0.0,2.22,0.0,0.0,60.0,60.0,0,0,0,0.0,-72.97
3404,128002.96,640.69,83.25,76,-48.0,37.96,0.27,14.12,0,2,0,0,32,150,0,0,1,2,128002.96,100.71,0,261.12,0.55,46.88,0.0,2.22,0.0,0.0,60.0,60.0,0,0,0,0.0,-72.97
3405,126748.03,1600.62,83.25,76,-48.0,37.49,0.26,13.82,0,2,4,0,127,151,0,0,0,2,126748.03,101.73,0,261.12,0.54,46.88,0.0,2.3,0.0,0.0,60.0,60.0,0,0,0,0.0,-72.65
3406,125493.1,1416.53,83.25,77,-48.0,31.87,0.21,14.12,1,2,0,0,159,150,0,0,0,2,125493.1,101.73,0,261.12,0.54,46.88,0.0,2.22,0.0,0.0,60.0,60.0,0,0,0,0.0,-72.65
3407,130512.82,864.34,83.25,77,-48.0,23.43,0.14,14.02,0,0,4,0,171,148,0,0,0,0,130512.82,101.74,0,261.12,0.48,46.88,0.0,2.24,0.0,0.0,60.0,60.0,0,0,0,0.0,-72.33
3408,144317.07,1120.34,83.25,77,-48.0,23.43,0.14,14.12,0,0,0,0,173,151,0,0,1,0,144317.07,101.74,0,261.12,0.48,46.88,0.0,2.22,0.0,0.0,60.0,60.0,0,0,0,0.0,-72.33
3409,158121.31,832.34,83.25,77,-48.0,23.43,0.14,13.92,0,0,4,0,171,158,0,0,1,2,158121.31,101.74,0,261.12,0.48,46.88,0.0,2.27,0.0,0.0,60.0,60.0,0,0,0,0.0,-72.33
3410,171925.55,808.34,83.25,77,-48.0,23.9,0.14,14.02,1,2,4,0,169,161,0,0,0,0,171925.55,102.76,0,261.12,0.48,46.88,0.0,2.24,0.0,0.0,60.0,60.0,0,0,0,0.0,-72.33
3411,185729.79,736.34,83.25,77,-48.0,23.43,0.14,14.12,0,0,4,0,172,161,0,0,0,2,185729.79,102.76,0,261.12,0.48,46.88,0.0,2.22,0.0,0.0,60.0,60.0,0,0,0,0.0,-72.33
3412,200788.96,1064.34,83.25,77,-48.0,23.9,0.14,13.92,0,2,4,0,172,162,0,0,0,0,200788.96,102.76,0,261.12,0.48,46.88,0.0,2.27,0.0,0.0,60.0,60.0,0,0,0,0.0,-72.33
3413,204553.75,1080.34,83.25,77,-48.0,23.43,0.14,14.02,1,0,4,0,168,163,0,0,1,0,204553.75,102.76,0,261.12,0.39,46.88,0.0,2.24,0.0,0.0,60.0,60.0,0,0,0,0.0,-72.33
3414,204553.75,1176.34,83.25,77,-48.0,23.43,0.14,14.12,1,2,4,0,26,151,0,0,1,0,204553.75,103.79,0,261.12,0.39,46.88,0.0,2.22,0.0,0.0,60.0,60.0,0,0,0,0.0,-72.33
3415,204553.75,1712.38,83.25,77,-48.0,23.9,0.14,13.92,0,2,0,0,1,8,0,0,1,0,204553.75,103.79,0,261.12,0.39,46.88,0.0,2.27,0.0,0.0,60.0,60.0,0,0,0,0.0,-72.33
3416,126748.03,984.69,83.25,77,-48.0,37.96,0.27,14.12,1,0,4,0,0,0,0,0,0,2,126748.03,103.79,0,256.0,0.51,46.88,0.0,2.22,0.0,0.0,60.0,60.0,0,0,0,0.0,-72.97
3417,126748.03,1928.69,83.25,77,-48.0,38.9,0.27,14.12,1,0,0,0,6,0,0,0,0,2,126748.03,103.79,0,246.78,0.54,46.88,0.0,2.22,0.0,0.0,60.0,60.0,0,0,0,0.0,-72.97
3418,126748.03,1840.72,83.25,77,-48.0,39.36,0.29,14.02,0,2,0,0,19,3,0,0,0,2,126748.03,104.82,0,245.76,0.55,46.88,0.0,2.24,0.0,0.0,60.0,60.0,0,0,0,0.0,-72.97
3419,128002.96,320.75,83.25,78,-48.0,41.24,0.3,13.82,0,2,0,0,25,5,0,0,1,2,128002.96,104.82,0,245.76,0.56,46.88,0.0,2.3,0.0,0.0,60.0,60.0,0,0,0,0.0,-72.97
3420,128002.96,1432.72,83.25,78,-48.0,39.83,0.29,14.02,1,2,0,0,34,7,0,0,1,2,128002.96,104.82,0,246.78,0.56,46.88,0.0,2.24,0.0,0.0,60.0,60.0,0,0,0,0.0,-72.97
3421,129257.89,872.75,83.25,78,-48.0,40.77,0.3,14.02,0,0,0,0,45,11,0,0,1,2,129257.89,104.82,0,253.95,0.56,46.88,0.0,2.24,0.0,0.0,60.0,60.0,0,0,0,0.0,-72.97
3422,130512.82,520.72,83.25,78,-48.0,38.9,0.28,14.02,1,0,4,0,82,41,0,0,0,0,130512.82,104.82,0,257.02,0.56,46.88,0.0,2.24,0.0,0.0,60.0,60.0,0,0,0,0.0,-72.97
3423,131767.76,1544.75,83.25,78,-48.0,39.36,0.29,13.92,0,0,4,0,140,94,0,0,0,0,131767.76,105.84,0,260.1,0.56,46.88,0.0,2.27,0.0,0.0,60.0,60.0,0,0,0,0.0,-72.97
3424,130512.82,1408.75,83.25,78,-48.0,40.77,0.29,14.02,1,0,0,0,164,145,0,0,0,0,130512.82,105.84,0,261.12,0.56,46.88,0.0,2.24,0.0,0.0,60.0,60.0,0,0,0,0.0,-72.97
3425,131767.76,1528.75,83.25,78,-48.0,40.77,0.29,14.02,0,2,4,0,170,160,0,0,0,0,131767.76,105.85,0,260.1,0.56,46.88,0.0,2.24,0.0,0.0,60.0,60.0,0,0,0,0.0,-72.97
3426,130512.82,1096.75,83.25,78,-48.0,38.9,0.29,14.02,0,0,4,0,171,165,0,0,0,0,130512.82,105.85,0,261.12,0.56,46.88,0.0,2.24,0.0,0.0,60.0,60.0,0,0,0,0.0,-72.97
3427,130512.82,1016.75,83.25,78,-48.0,38.9,0.29,13.92,0,0,4,0,171,167,0,0,0,0,130512.82,104.82,0,261.12,0.56,46.88,0.0,2.27,0.0,0.0,60.0,60.0,0,0,0,0.0,-72.97
3428,130512.82,1448.75,83.25,78,-48.0,39.36,0.28,14.12,0,0,0,0,168,166,0,0,0,0,130512.82,104.82,0,261.12,0.56,46.88,0.0,2.22,0.0,0.0,60.0,60.0,0,0,0,0.0,-72.97
3429,126748.03,1552.5,83.25,78,-48.0,29.99,0.19,14.02,0,2,4,0,170,163,0,0,0,2,126748.03,104.83,0,261.12,0.53,46.88,0.0,2.24,0.0,0.0,60.0,60.0,0,0,0,0.0,-72.65
3430,124238.17,976.47,83.25,78,-48.0,29.52,0.18,13.82,0,0,0,0,173,163,0,0,1,0,124238.17,104.83,0,261.12,0.49,46.88,0.0,2.3,0.0,0.0,60.0,60.0,0,0,0,0.0,-72.65
3431,124238.17,1800.47,83.25,78,-48.0,29.99,0.19,14.02,0,2,4,0,166,163,0,0,1,0,124238.17,104.83,0,261.12,50.98,48.44,0.0,2.24,0.0,0.0,60.0,60.0,0,0,0,0.0,-72.65
3432,122983.24,1560.47,83.25,78,-48.0,29.52,0.18,14.12,0,0,0,0,162,160,0,0,1,0,122983.24,105.85,0,261.12,50.97,48.44,0.0,2.22,0.0,0.0,60.0,60.0,0,0,0,0.0,-72.65
3433,124238.17,1752.5,83.25,78,-48.0,29.99,0.19,13.92,0,2,0,0,156,157,0,0,1,0,124238.17,105.85,0,261.12,50.97,48.44,0.0,2.27,0.0,0.0,60.0,60.0,0,0,0,0.0,-72.65
3434,122983.24,1056.41,83.25,78,-48.0,26.71,0.16,13.92,1,2,4,0,154,155,0,0,1,0,122983.24,105.86,0,261.12,50.97,48.44,0.0,2.27,0.0,0.0,60.0,60.0,0,0,0,0.0,-72.33
3435,121728.31,360.44,83.25,78,-48.0,26.71,0.16,14.12,1,0,4,0,159,155,0,0,0,0,121728.31,105.86,0,261.12,50.97,48.44,0.0,2.22,0.0,0.0,60.0,60.0,0,0,0,0.0,-72.33
3436,128002.96,1904.34,83.25,78,-48.0,22.96,0.14,14.02,0,0,4,0,156,157,0,0,1,2,128002.96,106.88,0,261.12,50.97,48.44,0.0,2.24,0.0,0.0,60.0,60.0,0,0,0,0.0,-72.33
3437,139297.34,1568.34,83.25,78,-48.0,22.49,0.13,13.92,0,2,4,0,162,161,0,0,1,2,139297.34,106.88,0,261.12,50.97,48.44,0.0,2.27,0.0,0.0,60.0,60.0,0,0,0,0.0,-72.33
3438,153101.58,1304.34,83.25,78,-48.0,22.49,0.13,14.02,0,2,0,0,162,165,0,0,1,0,153101.58,106.88,0,261.12,50.97,48.44,0.0,2.24,0.0,0.0,60.0,60.0,0,0,0,0.0,-72.33
3439,165650.89,1168.34,83.25,78,-48.0,22.49,0.13,14.12,0,2,4,0,154,167,0,0,0,2,165650.89,106.88,0,261.12,50.97,48.44,0.0,2.22,0.0,0.0,60.0,60.0,0,0,0,0.0,-72.33
3440,178200.2,1360.34,83.25,78,-48.0,22.49,0.13,14.12,1,2,0,0,151,166,0,0,1,2,178200.2,107.91,0,261.12,50.97,48.44,0.0,2.22,0.0,0.0,60.0,60.0,0,0,0,0.0,-72.33
3441,190749.51,1488.34,83.25,78,-48.0,23.9,0.14,13.92,1,0,4,0,62,165,0,0,0,0,190749.51,107.91,0,261.12,50.96,48.44,0.0,2.27,0.0,0.0,60.0,60.0,0,0,0,0.0,-72.33
3442,203298.82,1720.38,83.25,78,-48.0,23.43,0.14,14.02,0,2,4,0,51,163,0,0,1,0,203298.82,107.91,0,261.12,50.96,48.44,0.0,2.24,0.0,0.0,60.0,60.0,0,0,0,0.0,-72.33
3443,204553.75,2000.38,83.25,78,-48.0,22.96,0.14,14.02,1,0,4,0,157,162,0,0,1,0,204553.75,107.91,0,261.12,50.96,48.44,0.0,2.24,0.0,0.0,60.0,60.0,0,0,0,0.0,-72.33
3444,204553.75,48.34,83.25,78,-48.0,22.96,0.13,14.02,0,0,4,0,165,160,0,0,1,0,204553.75,107.91,0,261.12,50.96,48.44,0.0,2.24,0.0,0.0,60.0,60.0,0,0,0,0.0,-72.33
3445,204553.75,0.34,83.25,78,-48.0,22.96,0.13,13.92,1,0,0,0,166,159,0,0,1,0,204553.75,108.94,0,261.12,50.96,48.44,0.0,2.27,0.0,0.0,60.0,60.0,0,0,0,0.0,-72.33
3446,204553.75,1952.38,83.25,78,-48.0,22.49,0.13,14.02,1,0,4,0,161,158,0,0,1,0,204553.75,108.94,0,261.12,27.09,46.48,0.0,2.24,0.0,0.0,60.0,60.0,0,0,0,0.0,-72.33
3447,200788.96,1256.41,83.25,78,-48.0,23.43,0.14,14.02,0,2,4,0,161,158,0,0,0,0,200788.96,108.94,0,261.12,27.08,46.48,0.0,2.24,0.0,0.0,60.0,60.0,0,0,0,0.0,-72.33
3448,200788.96,56.41,83.25,78,-48.0,22.96,0.13,13.92,1,0,0,0,121,158,0,0,0,0,200788.96,108.94,0,261.12,27.08,46.48,0.0,2.27,0.0,0.0,60.0,60.0,0,0,0,0.0,-72.33
3449,200788.96,200.38,83.25,78,-48.0,22.49,0.13,14.12,1,0,0,0,33,157,0,0,0,0,200788.96,109.96,0,261.12,27.07,46.48,0.0,2.22,0.0,0.0,60.0,60.0,0,0,0,0.0,-72.33
3450,202043.89,72.38,83.25,78,-48.0,22.49,0.13,14.02,1,0,4,0,20,155,0,0,0,0,202043.89,109.96,0,261.12,27.08,46.48,0.0,2.24,0.0,0.0,60.0,60.0,0,0,0,0.0,-72.33
3451,200788.96,2032.41,83.25,78,-48.0,22.96,0.13,14.12,1,0,0,0,20,154,0,0,0,0,200788.96,109.97,0,261.12,27.08,46.48,0.0,2.22,0.0,0.0,60.0,60.0,0,0,0,0.0,-72.33
3452,200788.96,64.41,83.25,78,-48.0,22.49,0.13,13.92,1,2,4,0,20,153,0,0,0,0,200788.96,109.97,0,261.12,27.07,46.48,0.0,2.27,0.0,0.0,60.0,60.0,0,0,0,0.0,-72.33
3453,200788.96,1952.38,83.25,78,-48.0,22.49,0.13,14.02,1,0,0,0,27,151,0,0,0,0,200788.96,109.97,0,261.12,27.08,46.48,0.0,2.24,0.0,0.0,60.0,60.0,0,0,0,0.0,-72.33
3454,200788.96,104.41,83.25,78,-48.0,22.96,0.13,14.02,0,0,4,0,90,151,0,0,0,0,200788.96,110.99,0,261.12,27.07,46.48,0.0,2.24,0.0,0.0,60.0,60.0,0,0,0,0.0,-72.33
3455,200788.96,256.41,83.25,78,-48.0,22.49,0.13,14.12,0,2,0,0,150,149,0,0,0,0,200788.96,110.99,0,261.12,27.07,46.48,0.0,2.22,0.0,0.0,60.0,60.0,0,0,0,0.0,-72.33
3456,200788.96,376.41,83.25,78,-48.0,22.96,0.14,13.92,1,0,0,0,164,149,0,0,0,0,200788.96,111.0,0,261.12,27.07,46.48,0.0,2.27,0.0,0.0,60.0,60.0,0,0,0,0.0,-72.33
3457,200788.96,744.41,83.25,78,-48.0,22.96,0.14,14.02,1,2,4,0,165,148,0,0,0,0,200788.96,111.0,0,261.12,20.81,44.53,0.0,2.24,0.0,0.0,60.0,60.0,0,0,0,0.0,-72.33
3458,199534.03,704.41,83.25,78,-48.0,22.49,0.13,14.02,0,0,4,0,160,147,0,0,1,2,199534.03,112.02,0,261.12,20.81,44.53,0.0,2.24,0.0,0.0,60.0,60.0,0,0,0,0.0,-72.33
3459,200788.96,368.41,83.25,78,-48.0,22.49,0.13,14.02,0,0,4,0,155,147,0,0,0,0,200788.96,112.02,0,261.12,20.81,44.53,0.0,2.24,0.0,0.0,60.0,60.0,0,0,0,0.0,-72.33
3460,199534.03,720.41,83.25,78,-48.0,22.96,0.13,13.92,1,2,0,0,80,149,0,0,1,2,199534.03,112.02,0,261.12,20.81,44.53,0.0,2.27,0.0,0.0,60.0,60.0,0,0,0,0.0,-72.33
3461,199534.03,1072.41,83.25,78,-48.0,22.49,0.13,14.12,0,2,4,0,24,148,0,0,1,2,199534.03,112.02,0,261.12,20.81,44.53,0.0,2.22,0.0,0.0,60.0,60.0,0,0,0,0.0,-72.33
3462,199534.03,936.41,83.25,78,-48.0,22.96,0.13,14.02,0,2,0,0,22,148,0,0,1,2,199534.03,113.05,0,261.12,20.81,44.53,0.0,2.24,0.0,0.0,60.0,60.0,0,0,0,0.0,-72.33
3463,199534.03,1024.41,83.25,78,-48.0,23.43,0.14,13.92,0,2,4,0,100,147,0,0,1,2,199534.03,113.05,0,261.12,20.81,44.53,0.0,2.27,0.0,0.0,60.0,60.0,0,0,0,0.0,-72.33
3464,199534.03,944.41,83.25,78,-48.0,22.49,0.13,13.92,1,0,0,0,160,147,0,0,1,2,199534.03,113.05,0,261.12,20.81,44.53,0.0,2.27,0.0,0.0,60.0,60.0,0,0,0,0.0,-72.33
3465,199534.03,696.41,83.25,78,-48.0,22.96,0.13,14.12,1,2,4,0,165,146,0,0,1,2,199534.03,113.05,0,261.12,20.81,44.53,0.0,2.22,0.0,0.0,60.0,60.0,0,0,0,0.0,-72.33
3466,199534.03,1016.44,83.25,78,-48.0,22.96,0.14,14.12,0,0,0,0,164,146,0,0,1,2,199534.03,113.05,0,261.12,20.81,44.53,0.0,2.22,0.0,0.0,60.0,60.0,0,0,0,0.0,-72.33
3467,199534.03,1880.44,83.25,78,-48.0,23.9,0.14,13.92,1,0,4,0,91,146,0,0,1,2,199534.03,114.08,0,261.12,20.81,44.53,0.0,2.27,0.0,0.0,60.0,60.0,0,0,0,0.0,-72.33
3468,160631.17,1736.91,83.25,78,-48.0,41.24,0.31,13.92,1,0,0,0,21,145,0,0,0,0,160631.17,114.08,0,257.02,20.87,44.53,0.0,2.27,0.0,0.0,60.0,60.0,0,0,0,0.0,-72.97
3469,135532.55,8.91,83.25,78,-48.0,42.65,0.34,14.02,0,2,4,0,147,149,0,0,0,2,135532.55,114.07,0,234.5,20.94,44.53,0.0,2.24,0.0,0.0,60.0,60.0,0,0,0,0.0,-73.3
3470,135532.55,112.88,83.25,79,-48.0,44.05,0.33,14.02,1,0,4,0,172,164,0,0,0,2,135532.55,114.07,0,233.47,20.94,44.53,0.0,2.24,0.0,0.0,60.0,60.0,0,0,0,0.0,-72.97
3471,136787.48,728.91,83.25,79,-48.0,43.11,0.35,14.02,0,2,0,0,165,164,0,0,0,2,136787.48,113.05,0,233.47,20.95,44.53,0.0,2.24,0.0,0.0,60.0,60.0,0,0,0,0.0,-72.97
3472,130512.82,368.59,83.25,78,-48.0,33.74,0.22,13.92,0,0,0,0,144,159,0,0,0,0,130512.82,113.05,0,236.54,20.92,44.53,0.0,2.27,0.0,0.0,60.0,60.0,0,0,0,0.0,-72.65
3473,129257.89,1424.59,83.25,78,-48.0,32.34,0.21,14.02,1,0,0,0,149,155,0,0,1,2,129257.89,113.05,0,247.81,37.32,42.19,0.0,2.24,0.0,0.0,60.0,60.0,0,0,0,0.0,-72.65
3474,128002.96,960.59,83.25,78,-48.0,33.27,0.21,14.02,0,2,0,0,27,150,0,0,1,2,128002.96,113.05,0,248.83,37.31,42.19,0.0,2.24,0.0,0.0,60.0,60.0,0,0,0,0.0,-72.65
3475,128002.96,704.59,83.25,78,-48.0,32.34,0.21,14.02,0,2,0,0,9,133,0,0,1,2,128002.96,113.05,0,248.83,37.31,42.19,0.0,2.24,0.0,0.0,60.0,60.0,0,0,0,0.0,-72.65
3476,133022.69,1872.34,83.25,78,-48.0,22.49,0.13,13.92,1,0,4,0,10,99,0,0,1,0,133022.69,114.08,0,251.9,37.27,42.19,0.0,2.27,0.0,0.0,60.0,60.0,0,0,0,0.0,-72.33
3477,144317.07,312.41,83.25,78,-48.0,23.43,0.14,13.92,0,2,4,0,29,104,0,0,1,0,144317.07,114.08,0,261.12,37.26,42.19,0.0,2.27,0.0,0.0,60.0,60.0,0,0,0,0.0,-72.33
3478,155611.44,1992.38,83.25,78,-48.0,22.49,0.13,14.02,1,0,4,0,57,112,0,0,0,2,155611.44,114.08,0,261.12,37.25,42.19,0.0,2.24,0.0,0.0,60.0,60.0,0,0,0,0.0,-72.33
3479,165650.89,1920.38,83.25,78,-48.0,22.03,0.12,14.02,1,0,4,0,29,116,0,0,0,2,165650.89,114.08,0,261.12,37.25,42.19,0.0,2.24,0.0,0.0,60.0,60.0,0,0,0,0.0,-72.33
3480,176945.27,1984.41,83.25,78,-48.0,22.49,0.13,13.92,0,0,0,0,50,119,0,0,0,2,176945.27,115.1,0,261.12,37.25,42.19,0.0,2.27,0.0,0.0,60.0,60.0,0,0,0,0.0,-72.33
3481,186984.72,448.41,82.5,78,-48.0,22.96,0.13,13.92,0,0,4,0,108,121,0,0,0,2,186984.72,115.1,0,261.12,37.25,42.19,0.0,2.27,0.0,0.0,60.0,60.0,0,0,0,0.0,-72.33
3482,197024.17,696.41,82.5,78,-48.0,22.49,0.13,14.02,0,0,4,0,149,122,0,0,0,2,197024.17,115.1,0,261.12,37.25,42.19,0.0,2.24,0.0,0.0,60.0,60.0,0,0,0,0.0,-72.33
3483,198279.1,640.41,82.5,78,-48.0,22.49,0.13,14.12,0,0,0,0,166,123,0,0,1,2,198279.1,115.11,0,261.12,37.25,42.19,0.0,2.22,0.0,0.0,60.0,60.0,0,0,0,0.0,-72.33
3484,199534.03,960.41,82.5,78,-48.0,22.49,0.13,13.92,0,0,0,0,167,124,0,0,1,2,199534.03,115.11,0,261.12,37.24,42.19,0.0,2.27,0.0,0.0,60.0,60.0,0,0,0,0.0,-72.33
3485,198279.1,984.41,82.5,78,-48.0,22.03,0.13,13.92,0,0,0,0,163,125,0,0,1,2,198279.1,116.13,0,261.12,37.24,42.19,0.0,2.27,0.0,0.0,60.0,60.0,0,0,0,0.0,-72.33
3486,198279.1,968.41,82.5,78,-48.0,22.03,0.13,14.02,0,2,0,0,153,125,0,0,1,2,198279.1,116.13,0,261.12,37.24,42.19,0.0,2.24,0.0,0.0,60.0,60.0,0,0,0,0.0,-72.33
3487,198279.1,920.41,82.5,78,-48.0,21.56,0.13,13.92,1,2,0,0,102,124,0,0,1,2,198279.1,116.14,0,261.12,37.24,42.19,0.0,2.27,0.0,0.0,60.0,60.0,0,0,0,0.0,-72.33
3488,198279.1,1224.41,82.5,78,-48.0,22.49,0.13,14.02,0,0,0,0,30,124,0,0,1,2,198279.1,116.14,0,261.12,37.24,42.19,0.0,2.24,0.0,0.0,60.0,60.0,0,0,0,0.0,-72.33
3489,176945.27,1720.56,82.5,78,-48.0,28.59,0.17,14.02,1,0,4,0,20,124,0,0,0,2,176945.27,117.16,0,261.12,37.25,42.19,0.0,2.24,0.0,0.0,60.0,60.0,0,0,0,0.0,-72.65
3490,136787.48,464.5,82.5,78,-48.0,28.59,0.18,14.12,1,2,4,0,32,124,0,0,0,2,136787.48,117.16,0,251.9,37.28,42.19,0.0,2.22,0.0,0.0,60.0,60.0,0,0,0,0.0,-72.65
3491,129257.89,1688.56,82.5,78,-48.0,29.99,0.19,13.92,0,0,4,0,169,131,0,0,1,2,129257.89,117.16,0,249.86,37.28,42.19,0.0,2.27,0.0,0.0,60.0,60.0,0,0,0,0.0,-72.65
3492,129257.89,1776.53,82.5,79,-48.0,29.99,0.18,14.02,1,0,0,0,163,132,0,0,1,2,129257.89,117.16,0,249.86,37.28,42.19,0.0,2.24,0.0,0.0,60.0,60.0,0,0,0,0.0,-72.65
3493,129257.89,1448.53,82.5,79,-48.0,29.05,0.18,14.12,0,2,0,0,162,130,0,0,1,2,129257.89,116.14,0,250.88,37.28,42.19,0.0,2.22,0.0,0.0,60.0,60.0,0,0,0,0.0,-72.65
3494,129257.89,1832.56,82.5,79,-48.0,29.52,0.19,13.92,0,0,4,0,67,125,0,0,1,2,129257.89,116.14,0,250.88,37.28,42.19,0.0,2.27,0.0,0.0,60.0,60.0,0,0,0,0.0,-72.65
3495,129257.89,1856.56,82.5,79,-48.0,29.99,0.19,13.92,1,0,4,0,19,111,0,0,1,2,129257.89,116.14,0,250.88,37.28,42.19,0.0,2.27,0.0,0.0,60.0,60.0,0,0,0,0.0,-72.65
3496,129257.89,1568.56,82.5,79,-48.0,29.52,0.19,14.12,0,0,4,0,15,89,0,0,1,2,129257.89,116.14,0,249.86,37.28,42.19,0.0,2.22,0.0,0.0,60.0,60.0,0,0,0,0.0,-72.65
3497,129257.89,96.56,82.5,79,-48.0,29.52,0.19,14.02,1,2,4,0,14,67,0,0,1,2,129257.89,116.14,0,249.86,37.28,42.19,0.0,2.24,0.0,0.0,60.0,60.0,0,0,0,0.0,-72.65
3498,129257.89,1264.53,82.5,79,-48.0,29.99,0.18,13.92,0,2,0,0,17,58,0,0,1,2,129257.89,115.12,0,248.83,37.28,42.19,0.0,2.27,0.0,0.0,60.0,60.0,0,0,0,0.0,-72.65
3499,129257.89,176.53,82.5,79,-48.0,29.05,0.18,14.02,1,0,0,0,27,62,0,0,1,2,129257.89,115.12,0,249.86,37.29,42.19,0.0,2.24,0.0,0.0,60.0,60.0,0,0,0,0.0,-72.65
3500,129257.89,16.56,82.5,79,-48.0,29.99,0.19,14.12,1,2,4,0,64,65,0,0,1,2,129257.89,115.11,0,249.86,37.29,42.19,0.0,2.22,0.0,0.0,60.0,60.0,0,0,0,0.0,-72.65
3501,129257.89,2040.53,82.5,79,-48.0,29.52,0.18,14.02,0,2,0,0,121,67,0,0,1,2,129257.89,115.11,0,249.86,37.29,42.19,0.0,2.24,0.0,0.0,60.0,60.0,0,0,0,0.0,-72.65
3502,129257.89,1696.53,82.5,79,-48.0,29.52,0.18,13.92,0,2,0,0,157,69,0,0,1,2,129257.89,115.11,0,249.86,37.28,42.19,0.0,2.27,0.0,0.0,60.0,60.0,0,0,0,0.0,-72.65
3503,129257.89,1928.53,82.5,79,-48.0,29.05,0.18,14.02,0,0,0,0,165,72,0,0,1,2,129257.89,115.11,0,249.86,37.29,42.19,0.0,2.24,0.0,0.0,60.0,60.0,0,0,0,0.0,-72.65
3504,126748.03,1440.47,82.5,79,-48.0,25.77,0.15,14.02,0,0,0,0,165,73,0,0,0,2,126748.03,115.12,0,253.95,37.25,42.19,0.0,2.24,0.0,0.0,60.0,60.0,0,0,0,0.0,-72.65
3505,126748.03,496.47,82.5,79,-48.0,25.77,0.15,13.92,1,0,4,0,165,74,0,0,0,2,126748.03,115.12,0,254.98,37.25,42.19,0.0,2.27,0.0,0.0,60.0,60.0,0,0,0,0.0,-72.65
3506,131767.76,872.41,82.5,79,-48.0,22.96,0.13,13.92,0,2,0,0,159,76,0,0,0,0,131767.76,115.12,0,257.02,37.25,42.19,0.0,2.27,0.0,0.0,60.0,60.0,0,0,0,0.0,-72.33
3507,141807.2,1096.41,82.5,79,-48.0,22.03,0.13,14.12,0,0,4,0,161,77,0,0,0,0,141807.2,116.14,0,259.07,37.25,42.19,0.0,2.22,0.0,0.0,60.0,60.0,0,0,0,0.0,-72.33
3508,154356.51,1008.41,82.5,79,-48.0,22.03,0.13,14.12,1,0,4,0,159,78,0,0,1,0,154356.51,116.14,0,261.12,82.26,44.53,0.0,2.22,0.0,0.0,60.0,60.0,0,0,0,0.0,-72.33
3509,164395.96,504.41,82.5,79,-48.0,21.09,0.12,13.92,1,0,0,0,152,79,0,0,1,0,164395.96,116.14,0,261.12,82.26,44.53,0.0,2.27,0.0,0.0,60.0,60.0,0,0,0,0.0,-72.33
3510,174435.41,720.41,82.5,79,-48.0,22.03,0.13,14.12,1,2,0,0,148,80,0,0,1,0,174435.41,116.14,0,261.12,82.26,44.53,0.0,2.22,0.0,0.0,60.0,60.0,0,0,0,0.0,-72.33
3511,185729.79,1032.41,82.5,79,-48.0,22.03,0.13,13.92,1,2,0,0,66,81,0,0,0,2,185729.79,117.17,0,261.12,82.26,44.53,0.0,2.27,0.0,0.0,60.0,60.0,0,0,0,0.0,-72.33
3512,195769.24,1240.41,82.5,79,-48.0,22.03,0.13,14.02,1,2,0,0,27,81,0,0,0,2,195769.24,117.17,0,261.12,82.26,44.53,0.0,2.24,0.0,0.0,60.0,60.0,0,0,0,0.0,-72.33
3513,197024.17,1376.41,82.5,79,-48.0,22.03,0.13,14.12,0,2,0,0,23,82,0,0,0,2,197024.17,117.17,0,261.12,82.25,44.53,0.0,2.22,0.0,0.0,60.0,60.0,0,0,0,0.0,-72.33
3514,186984.72,304.59,82.5,79,-48.0,29.52,0.18,13.92,1,2,0,0,49,83,0,0,0,2,186984.72,117.17,0,261.12,82.25,44.53,0.0,2.27,0.0,0.0,60.0,60.0,0,0,0,0.0,-72.65
3515,146826.93,904.66,82.5,79,-48.0,33.27,0.22,13.92,0,0,0,0,141,87,0,0,0,2,146826.93,116.15,0,248.83,82.31,44.53,0.0,2.27,0.0,0.0,60.0,60.0,0,0,0,0.0,-72.97
3516,133022.69,136.62,82.5,79,-48.0,32.8,0.21,14.12,1,2,4,0,179,140,0,0,1,0,133022.69,116.15,0,241.66,82.33,44.53,0.0,2.22,0.0,0.0,60.0,60.0,0,0,0,0.0,-72.65
3517,133022.69,1008.66,82.5,79,-48.0,34.21,0.22,13.92,1,0,0,0,176,159,0,0,1,0,133022.69,116.14,0,241.66,82.33,44.53,0.0,2.27,0.0,0.0,60.0,60.0,0,0,0,0.0,-72.65
3518,134277.62,904.66,82.5,79,-48.0,33.27,0.22,13.92,1,2,0,0,170,159,0,0,1,0,134277.62,116.14,0,242.69,82.33,44.53,0.0,2.27,0.0,0.0,60.0,60.0,0,0,0,0.0,-72.65
3519,134277.62,872.66,82.5,79,-48.0,33.27,0.22,14.02,1,0,0,0,156,155,0,0,1,0,134277.62,115.12,0,243.71,9.13,49.61,0.0,2.24,0.0,0.0,60.0,60.0,0,0,0,0.0,-72.65
3520,134277.62,1104.66,82.5,79,-48.0,32.8,0.22,13.92,1,0,0,0,80,138,0,0,1,0,134277.62,115.12,0,243.71,9.12,49.61,0.0,2.27,0.0,0.0,60.0,60.0,0,0,0,0.0,-72.65
3521,133022.69,872.66,82.5,79,-48.0,33.74,0.22,14.02,1,2,4,0,21,93,0,0,1,0,133022.69,115.12,0,242.69,9.11,49.61,0.0,2.24,0.0,0.0,60.0,60.0,0,0,0,0.0,-72.65
3522,130512.82,952.47,82.5,79,-48.0,24.84,0.15,14.12,1,2,0,0,18,55,0,0,0,0,130512.82,115.12,0,246.78,9.07,49.61,0.0,2.22,0.0,0.0,60.0,60.0,0,0,0,0.0,-72.65
3523,140552.27,208.41,82.5,79,-48.0,22.03,0.13,14.02,1,0,0,0,144,55,0,0,0,0,140552.27,115.12,0,256.0,9.05,49.61,0.0,2.24,0.0,0.0,60.0,60.0,0,0,0,0.0,-72.33
3524,151846.65,1576.41,82.5,79,-48.0,22.03,0.13,13.92,0,0,0,0,155,57,0,0,0,0,151846.65,116.14,0,261.12,9.05,49.61,0.0,2.27,0.0,0.0,60.0,60.0,0,0,0,0.0,-72.33
3525,161886.1,1808.41,82.5,79,-48.0,22.03,0.13,14.12,1,0,4,0,146,59,0,0,0,0,161886.1,116.14,0,261.12,9.04,49.61,0.0,2.22,0.0,0.0,60.0,60.0,0,0,0,0.0,-72.33
3526,171925.55,1656.41,82.5,79,-48.0,22.03,0.13,14.12,1,0,4,0,75,61,0,0,0,0,171925.55,116.14,0,261.12,9.04,49.61,0.0,2.22,0.0,0.0,60.0,60.0,0,0,0,0.0,-72.33
3527,180710.06,1720.41,82.5,79,-48.0,21.56,0.12,13.92,1,0,4,0,22,62,0,0,0,0,180710.06,116.14,0,261.12,9.04,49.61,0.0,2.27,0.0,0.0,60.0,60.0,0,0,0,0.0,-72.33
3528,190749.51,1528.41,82.5,79,-48.0,21.09,0.12,14.02,0,2,0,0,17,63,0,0,0,0,190749.51,117.17,0,261.12,9.03,49.61,0.0,2.24,0.0,0.0,60.0,60.0,0,0,0,0.0,-72.33
3529,195769.24,1552.41,82.5,79,-48.0,21.09,0.12,14.02,1,2,0,0,18,65,0,0,0,2,195769.24,117.17,0,261.12,9.03,49.61,0.0,2.24,0.0,0.0,60.0,60.0,0,0,0,0.0,-72.33
3530,197024.17,1712.41,82.5,79,-48.0,21.09,0.12,14.02,0,0,0,0,18,66,0,0,0,2,197024.17,117.17,0,261.12,9.03,49.61,0.0,2.24,0.0,0.0,60.0,60.0,0,0,0,0.0,-72.33
3531,197024.17,1664.41,82.5,79,-48.0,21.56,0.12,13.82,0,0,4,0,23,66,0,0,0,2,197024.17,117.17,0,261.12,9.03,49.61,0.0,2.3,0.0,0.0,60.0,60.0,0,0,0,0.0,-72.33
3532,195769.24,1672.41,82.5,79,-48.0,21.09,0.12,14.12,0,0,4,0,69,67,0,0,0,2,195769.24,118.2,0,261.12,9.02,49.61,0.0,2.22,0.0,0.0,60.0,60.0,0,0,0,0.0,-72.33
3533,195769.24,1840.44,82.5,79,-48.0,21.56,0.12,14.02,1,0,4,0,137,67,0,0,0,2,195769.24,118.2,0,261.12,9.02,49.61,0.0,2.24,0.0,0.0,60.0,60.0,0,0,0,0.0,-72.33
3534,195769.24,200.44,82.5,79,-48.0,22.03,0.13,13.92,1,0,0,0,163,68,0,0,0,2,195769.24,118.2,0,261.12,9.02,49.61,0.0,2.27,0.0,0.0,60.0,60.0,0,0,0,0.0,-72.33
3535,194514.3,384.44,82.5,79,-48.0,21.56,0.12,13.92,0,0,0,0,166,68,0,0,1,0,194514.3,118.2,0,261.12,9.02,49.61,0.0,2.27,0.0,0.0,60.0,60.0,0,0,0,0.0,-72.33
3536,194514.3,1960.44,82.5,79,-48.0,21.56,0.12,14.02,1,2,0,0,163,69,0,0,1,0,194514.3,118.2,0,261.12,9.01,49.61,0.0,2.24,0.0,0.0,60.0,60.0,0,0,0,0.0,-72.33
3537,195769.24,112.44,82.5,79,-48.0,21.09,0.12,13.92,1,0,4,0,139,69,0,0,0,2,195769.24,119.22,0,261.12,9.01,49.61,0.0,2.27,0.0,0.0,60.0,60.0,0,0,0,0.0,-72.33
3538,194514.3,144.44,82.5,79,-48.0,20.62,0.12,13.82,0,0,0,0,54,69,0,0,1,0,194514.3,119.22,0,261.12,9.01,49.61,0.0,2.3,0.0,0.0,60.0,60.0,0,0,0,0.0,-72.33
3539,194514.3,480.44,82.5,79,-48.0,20.62,0.12,14.02,1,2,0,0,29,69,0,0,1,0,194514.3,119.22,0,261.12,9.01,49.61,0.0,2.24,0.0,0.0,60.0,60.0,0,0,0,0.0,-72.33
3540,197024.17,832.44,82.5,79,-48.0,21.56,0.12,14.02,0,0,0,0,25,70,0,0,0,2,197024.17,119.22,0,261.12,9.0,49.61,0.0,2.24,0.0,0.0,60.0,60.0,0,0,0,0.0,-72.65
3541,197024.17,856.44,82.5,79,-48.0,21.09,0.12,14.02,0,2,0,0,23,70,0,0,0,2,197024.17,118.2,0,261.12,9.0,49.61,0.0,2.24,0.0,0.0,60.0,60.0,0,0,0,0.0,-72.65
3542,200788.96,1248.44,82.5,79,-48.0,20.62,0.12,13.92,0,2,0,0,39,47,0,0,0,0,200788.96,118.2,0,261.12,9.0,49.61,0.0,2.27,0.0,0.0,60.0,60.0,0,0,0,0.0,-72.65
3543,222122.79,1336.44,82.5,79,-48.0,19.21,0.11,14.02,1,0,0,0,77,35,0,0,0,0,222122.79,118.2,0,261.12,9.0,49.61,0.0,2.24,0.0,0.0,60.0,60.0,0,0,0,0.0,-72.65
3544,220867.86,1136.44,82.5,80,-48.0,18.75,0.11,14.02,1,2,4,0,150,32,0,0,0,0,220867.86,118.2,0,261.12,9.0,49.61,0.0,2.24,0.0,0.0,60.0,60.0,0,0,0,0.0,-72.65
3545,222122.79,1048.44,82.5,80,-48.0,18.28,0.1,14.02,1,2,0,0,161,30,0,0,0,0,222122.79,118.2,0,261.12,9.0,49.61,0.0,2.24,0.0,0.0,60.0,60.0,0,0,0,0.0,-72.65
3546,224632.65,616.41,82.5,80,-48.0,17.34,0.1,13.82,0,2,4,0,163,31,0,0,1,0,224632.65,117.18,0,261.12,9.0,49.61,0.0,2.3,0.0,0.0,60.0,60.0,0,0,0,0.0,-72.65
3547,225887.58,1000.38,82.5,80,-48.0,17.34,0.1,13.92,0,2,4,0,155,33,0,0,0,2,225887.58,117.18,0,261.12,9.0,49.61,0.0,2.27,0.0,0.0,60.0,60.0,0,0,0,0.0,-72.33
3548,225887.58,1840.34,82.5,79,-48.0,16.87,0.1,14.02,1,0,4,0,55,34,0,0,0,2,225887.58,117.18,0,261.12,9.0,49.61,0.0,2.24,0.0,0.0,60.0,60.0,0,0,0,0.0,-72.33
3549,225887.58,808.38,82.5,79,-48.0,17.34,0.1,14.12,0,2,0,0,23,35,0,0,0,2,225887.58,117.18,0,261.12,9.0,49.61,0.0,2.22,0.0,0.0,60.0,60.0,0,0,0,0.0,-72.33
3550,225887.58,680.38,82.5,79,-48.0,17.34,0.1,13.92,1,2,0,0,53,36,0,0,0,2,225887.58,117.18,0,261.12,9.0,49.61,0.0,2.27,0.0,0.0,60.0,60.0,0,0,0,0.0,-72.33
3551,224632.65,792.38,82.5,80,-48.0,16.87,0.1,14.02,0,2,4,0,160,36,0,0,1,0,224632.65,117.18,0,261.12,9.0,49.61,0.0,2.24,0.0,0.0,60.0,60.0,0,0,0,0.0,-72.33
3552,224632.65,1400.41,82.5,80,-48.0,17.34,0.1,14.02,0,2,4,0,168,37,0,0,1,0,224632.65,117.18,0,261.12,9.0,49.61,0.0,2.24,0.0,0.0,60.0,60.0,0,0,0,0.0,-72.33
3553,224632.65,1856.41,82.5,80,-48.0,16.87,0.09,13.92,1,0,0,0,167,37,0,0,1,0,224632.65,117.18,0,261.12,9.0,49.61,0.0,2.27,0.0,0.0,60.0,60.0,0,0,0,0.0,-72.33
3554,222122.79,464.41,82.5,80,-48.0,16.87,0.1,14.02,0,0,0,0,163,38,0,0,0,0,222122.79,117.18,0,261.12,9.0,49.61,0.0,2.24,0.0,0.0,60.0,60.0,0,0,0,0.0,-72.33
3555,220867.86,920.44,82.5,80,-48.0,16.87,0.1,14.12,1,2,4,0,161,39,0,0,0,0,220867.86,116.16,0,261.12,9.0,49.61,0.0,2.22,0.0,0.0,60.0,60.0,0,0,0,0.0,-72.33
3556,219612.92,1576.44,82.5,80,-48.0,16.4,0.09,14.02,0,0,0,0,161,39,0,0,1,2,219612.92,116.16,0,261.12,9.0,49.61,0.0,2.24,0.0,0.0,60.0,60.0,0,0,0,0.0,-72.33
3557,218357.99,80.44,82.5,80,-48.0,16.4,0.09,13.82,0,0,4,0,160,39,0,0,1,2,218357.99,116.16,0,261.12,9.0,49.61,0.0,2.3,0.0,0.0,60.0,60.0,0,0,0,0.0,-72.65
3558,219612.92,560.44,82.5,80,-48.0,16.4,0.09,13.92,0,0,0,0,159,39,0,0,1,2,219612.92,116.16,0,261.12,9.0,49.61,0.0,2.27,0.0,0.0,60.0,60.0,0,0,0,0.0,-72.65
3559,218357.99,1168.47,82.5,80,-48.0,15.93,0.09,14.02,1,2,4,0,153,40,0,0,1,2,218357.99,115.13,0,261.12,9.0,49.61,0.0,2.24,0.0,0.0,60.0,60.0,0,0,0,0.0,-72.65
3560,217103.06,2016.47,82.5,80,-48.0,16.4,0.1,14.02,1,2,0,0,133,40,0,0,0,2,217103.06,115.13,0,261.12,9.0,49.61,0.0,2.24,0.0,0.0,60.0,60.0,0,0,0,0.0,-72.65
3561,218357.99,584.47,82.5,80,-48.0,15.46,0.09,13.92,0,2,0,0,51,40,0,0,1,2,218357.99,115.13,0,261.12,9.0,49.61,0.0,2.27,0.0,0.0,60.0,60.0,0,0,0,0.0,-72.65
3562,220867.86,1920.41,82.5,80,-48.0,16.4,0.09,13.92,1,0,4,0,21,41,0,0,0,0,220867.86,115.13,0,261.12,9.0,49.61,0.0,2.27,0.0,0.0,60.0,60.0,0,0,0,0.0,-72.65
3563,223377.72,672.41,82.5,80,-48.0,16.87,0.09,14.02,0,0,4,0,22,41,0,0,1,0,223377.72,115.13,0,261.12,9.0,49.61,0.0,2.24,0.0,0.0,60.0,60.0,0,0,0,0.0,-72.65
3564,224632.65,1488.38,82.5,80,-48.0,16.4,0.09,14.02,1,2,0,0,39,41,0,0,1,0,224632.65,115.13,0,261.12,9.0,49.61,0.0,2.24,0.0,0.0,60.0,60.0,0,0,0,0.0,-72.33
3565,222122.79,808.41,82.5,80,-48.0,15.93,0.09,13.82,0,0,0,0,25,41,0,0,0,0,222122.79,115.13,0,261.12,9.0,49.61,0.0,2.3,0.0,0.0,60.0,60.0,0,0,0,0.0,-72.33
3566,222122.79,824.41,82.5,80,-48.0,16.87,0.1,14.02,0,0,0,0,14,41,0,0,0,0,222122.79,115.13,0,261.12,9.0,49.61,0.0,2.24,0.0,0.0,60.0,60.0,0,0,0,0.0,-72.33
3567,220867.86,1256.41,82.5,80,-48.0,16.4,0.09,14.02,1,2,0,0,13,41,0,0,0,0,220867.86,115.13,0,261.12,9.0,49.61,0.0,2.24,0.0,0.0,60.0,60.0,0,0,0,0.0,-72.65
3568,219612.92,1840.44,82.5,80,-48.0,16.4,0.1,14.02,1,0,0,0,15,31,0,0,1,2,219612.92,115.13,0,261.12,9.0,49.61,0.0,2.24,0.0,0.0,60.0,60.0,0,0,0,0.0,-72.65
3569,218357.99,344.44,82.5,80,-48.0,16.4,0.09,13.82,1,0,0,0,53,30,0,0,1,2,218357.99,115.13,0,261.12,9.0,49.61,0.0,2.3,0.0,0.0,60.0,60.0,0,0,0,0.0,-72.65
3570,219612.92,552.44,82.5,80,-48.0,16.4,0.09,13.82,0,0,0,0,117,30,0,0,1,2,219612.92,115.13,0,261.12,9.0,49.61,0.0,2.3,0.0,0.0,60.0,60.0,0,0,0,0.0,-72.65
3571,219612.92,808.44,82.5,80,-48.0,16.4,0.09,14.02,1,0,4,0,160,31,0,0,1,2,219612.92,115.13,0,261.12,9.0,49.61,0.0,2.24,0.0,0.0,60.0,60.0,0,0,0,0.0,-72.65
3572,215848.13,1080.47,82.5,80,-48.0,16.4,0.09,14.02,1,0,4,0,166,32,0,0,0,2,215848.13,114.1,0,261.12,9.0,49.61,0.0,2.24,0.0,0.0,60.0,60.0,0,0,0,0.0,-72.65
3573,213338.27,0.47,82.5,80,-48.0,16.4,0.09,13.92,0,0,4,0,166,33,0,0,1,0,213338.27,114.1,0,261.12,9.0,49.61,0.0,2.27,0.0,0.0,60.0,60.0,0,0,0,0.0,-72.65
3574,214593.2,728.5,82.5,80,-48.0,15.93,0.09,13.92,1,2,4,0,161,33,0,0,1,0,214593.2,114.1,0,259.07,9.0,49.61,0.0,2.27,0.0,0.0,60.0,60.0,0,0,0,0.0,-72.65
3575,215848.13,1432.5,82.5,80,-48.0,16.4,0.09,14.02,0,2,0,0,155,34,0,0,0,2,215848.13,114.1,0,256.0,9.0,49.61,0.0,2.24,0.0,0.0,60.0,60.0,0,0,0,0.0,-72.65
3576,215848.13,1912.5,82.5,80,-48.0,15.93,0.09,14.02,1,2,4,0,110,34,0,0,0,2,215848.13,114.1,0,256.0,9.0,49.61,0.0,2.24,0.0,0.0,60.0,60.0,0,0,0,0.0,-72.65
3577,215848.13,64.5,82.5,80,-48.0,15.93,0.09,13.92,1,0,0,0,45,35,0,0,0,2,215848.13,113.08,0,248.83,9.0,49.61,0.0,2.27,0.0,0.0,60.0,60.0,0,0,0,0.0,-72.65
3578,214593.2,256.5,82.5,80,-48.0,15.93,0.09,13.82,1,2,0,0,32,35,0,0,1,0,214593.2,113.08,0,248.83,9.0,49.61,0.0,2.3,0.0,0.0,60.0,60.0,0,0,0,0.0,-72.65
3579,214593.2,544.5,82.5,80,-48.0,16.4,0.09,14.02,0,0,4,0,69,35,0,0,1,0,214593.2,113.07,0,243.71,9.0,49.61,0.0,2.24,0.0,0.0,60.0,60.0,0,0,0,0.0,-72.65
3580,214593.2,824.5,82.5,80,-48.0,15.46,0.09,13.82,1,0,0,0,161,36,0,0,1,0,214593.2,113.07,0,242.69,9.0,49.61,0.0,2.3,0.0,0.0,60.0,60.0,0,0,0,0.0,-72.65
3581,213338.27,1096.53,82.5,80,-48.0,15.93,0.09,13.92,1,0,0,0,165,36,0,0,1,0,213338.27,112.05,0,238.59,9.0,49.61,0.0,2.27,0.0,0.0,60.0,60.0,0,0,0,0.0,-72.65
3582,212083.34,1824.53,82.5,80,-48.0,16.4,0.1,14.02,0,0,0,0,166,37,0,0,0,0,212083.34,112.05,0,236.54,9.0,49.61,0.0,2.24,0.0,0.0,60.0,60.0,0,0,0,0.0,-72.65
3583,212083.34,248.56,82.5,80,-48.0,16.4,0.1,13.82,0,0,0,0,164,37,0,0,0,0,212083.34,112.04,0,230.4,9.0,49.61,0.0,2.3,0.0,0.0,60.0,60.0,0,0,0,0.0,-72.65
3584,210828.41,712.53,82.5,80,-48.0,15.0,0.09,13.92,0,2,0,0,160,38,0,0,0,0,210828.41,112.04,0,222.21,9.0,49.61,0.0,2.27,0.0,0.0,60.0,60.0,0,0,0,0.0,-72.65
3585,209573.48,1776.47,82.5,80,-48.0,13.59,0.08,14.02,1,0,0,0,154,39,0,0,1,2,209573.48,112.04,0,234.5,9.0,49.61,0.0,2.24,0.0,0.0,60.0,60.0,0,0,0,0.0,-72.65
3586,210828.41,952.53,82.5,80,-48.0,15.93,0.09,13.92,0,0,4,0,158,40,0,0,0,0,210828.41,112.04,0,247.81,9.0,49.61,0.0,2.27,0.0,0.0,60.0,60.0,0,0,0,0.0,-72.65
3587,212083.34,1904.53,82.5,80,-48.0,16.4,0.09,13.92,1,2,0,0,162,49,0,0,0,0,212083.34,112.04,0,245.76,9.0,49.61,0.0,2.27,0.0,0.0,60.0,60.0,0,0,0,0.0,-72.65
3588,213338.27,1992.5,82.5,80,-48.0,15.93,0.09,13.92,0,2,0,0,151,90,0,0,1,0,213338.27,112.04,0,248.83,9.0,49.61,0.0,2.27,0.0,0.0,60.0,60.0,0,0,0,0.0,-72.65
3589,214593.2,1608.5,82.5,80,-48.0,15.93,0.09,13.71,0,2,4,0,73,112,0,0,1,0,214593.2,112.04,0,241.66,9.0,49.61,0.0,2.32,0.0,0.0,60.0,60.0,0,0,0,0.0,-72.65
3590,210828.41,1920.53,82.5,80,-48.0,16.4,0.09,14.02,1,2,0,0,26,127,0,0,0,0,210828.41,113.06,0,218.11,9.0,49.61,0.0,2.24,0.0,0.0,60.0,60.0,0,0,0,0.0,-72.65
3591,205808.68,1184.59,82.5,80,-48.0,15.93,0.09,13.92,0,2,0,0,17,136,0,0,0,2,205808.68,113.06,0,193.54,9.0,49.61,0.0,2.27,0.0,0.0,60.0,60.0,0,0,0,0.0,-72.65
3592,203298.82,536.62,82.5,80,-48.0,16.87,0.1,13.71,0,0,0,0,17,142,0,0,1,0,203298.82,113.06,0,160.77,9.0,49.61,0.0,2.32,0.0,0.0,60.0,60.0,0,0,0,0.0,-72.65
3593,204553.75,1616.62,82.5,80,-48.0,16.4,0.09,13.92,0,2,0,0,21,144,0,0,1,0,204553.75,113.06,0,131.07,9.0,49.61,0.0,2.27,0.0,0.0,60.0,60.0,0,0,0,0.0,-72.65
3594,203298.82,376.59,83.25,80,-48.0,16.4,0.09,13.92,1,2,4,0,24,145,0,0,1,0,203298.82,114.09,0,99.33,9.0,49.61,0.0,2.27,0.0,0.0,60.0,60.0,0,0,0,0.0,-72.65
3595,205808.68,856.59,83.25,80,-48.0,15.93,0.09,14.02,0,0,4,0,24,145,0,0,0,2,205808.68,114.09,0,71.68,9.0,49.61,0.0,2.24,0.0,0.0,60.0,60.0,0,0,0,0.0,-72.65
3596,205808.68,112.59,83.25,80,-48.0,15.93,0.09,13.71,0,2,0,0,39,145,0,0,0,2,205808.68,114.09,0,50.18,9.0,49.61,0.0,2.32,0.0,0.0,60.0,60.0,0,0,0,0.0,-72.65
3597,208318.55,216.56,82.5,80,-48.0,15.46,0.09,13.82,0,0,0,0,130,144,0,0,1,2,208318.55,114.09,0,29.7,9.0,49.61,0.0,2.3,0.0,0.0,60.0,60.0,0,0,0,0.0,-72.65
3598,205808.68,1984.56,82.5,80,-48.0,15.93,0.09,14.02,1,2,4,0,155,143,0,0,0,2,205808.68,115.12,0,0.0,9.0,49.61,0.0,2.24,0.0,0.0,60.0,60.0,0,0,0,0.0,-72.65
3599,209573.48,1696.56,83.25,80,-48.0,15.46,0.09,13.92,0,2,0,0,161,143,0,0,1,2,209573.48,115.12,0,0.0,9.0,49.61,0.0,2.27,0.0,0.0,60.0,60.0,0,0,0,0.0,-72.65
3600,210828.41,1384.56,83.25,80,-48.0,15.46,0.09,13.82,0,2,0,0,157,143,0,0,0,0,210828.41,115.12,0,0.0,9.0,49.61,0.0,2.3,0.0,0.0,60.0,60.0,0,0,0,0.0,-72.65
3601,207063.61,1208.56,83.25,80,-48.0,15.46,0.09,13.92,1,2,4,0,142,143,0,0,0,2,207063.61,115.12,0,0.0,9.0,49.61,0.0,2.27,0.0,0.0,60.0,60.0,0,0,0,0.0,-72.65
3602,205808.68,1864.59,83.25,80,-48.0,15.46,0.09,13.92,0,0,0,0,42,144,0,0,0,2,205808.68,115.12,0,0.0,9.0,49.61,0.0,2.27,0.0,0.0,60.0,60.0,0,0,0,0.0,-72.65
3603,205808.68,1744.56,83.25,80,-48.0,15.46,0.09,13.92,0,0,0,0,19,144,0,0,0,2,205808.68,116.14,0,0.0,9.0,49.61,0.0,2.27,0.0,0.0,60.0,60.0,0,0,0,0.0,-72.65
3604,205808.68,1192.56,83.25,80,-48.0,15.0,0.09,13.82,1,2,0,0,15,145,0,0,0,2,205808.68,116.14,0,0.0,9.0,49.61,0.0,2.3,0.0,0.0,60.0,60.0,0,0,0,0.0,-72.65
3605,208318.55,584.56,83.25,80,-48.0,15.0,0.09,13.92,1,2,0,0,15,145,0,0,1,2,208318.55,116.14,0,0.0,9.0,49.61,0.0,2.27,0.0,0.0,60.0,60.0,0,0,0,0.0,-72.65
3606,205808.68,1136.56,83.25,80,-48.0,15.46,0.09,14.02,0,2,4,0,20,145,0,0,0,2,205808.68,116.14,0,0.0,9.0,49.61,0.0,2.24,0.0,0.0,60.0,60.0,0,0,0,0.0,-72.65
3607,208318.55,1136.56,83.25,80,-48.0,15.0,0.09,13.92,1,2,4,0,24,145,0,0,1,2,208318.55,117.16,0,0.0,9.0,49.61,0.0,2.27,0.0,0.0,60.0,60.0,0,0,0,0.0,-72.65
3608,208318.55,944.56,83.25,80,-48.0,15.0,0.09,13.82,0,2,0,0,25,145,0,0,1,2,208318.55,117.16,0,0.0,9.0,49.61,0.0,2.3,0.0,0.0,60.0,60.0,0,0,0,0.0,-72.65
3609,208318.55,600.56,83.25,80,-48.0,15.46,0.09,14.02,0,0,0,0,51,145,0,0,1,2,208318.55,117.16,0,0.0,9.0,49.61,0.0,2.24,0.0,0.0,60.0,60.0,0,0,0,0.0,-72.65
3610,208318.55,424.56,83.25,80,-48.0,15.0,0.09,13.92,0,0,0,0,102,145,0,0,1,2,208318.55,117.16,0,0.0,9.0,49.61,0.0,2.27,0.0,0.0,60.0,60.0,0,0,0,0.0,-72.65
3611,208318.55,312.56,83.25,80,-48.0,15.46,0.09,13.92,0,0,4,0,140,145,0,0,1,2,208318.55,117.16,0,0.0,9.0,49.61,0.0,2.27,0.0,0.0,60.0,60.0,0,0,0,0.0,-72.65
3612,205808.68,1200.59,83.25,80,-48.0,15.46,0.09,13.82,0,2,4,0,157,145,0,0,0,2,205808.68,118.18,0,0.0,9.0,49.61,0.0,2.3,0.0,0.0,60.0,60.0,0,0,0,0.0,-72.65
3613,204553.75,1504.59,83.25,80,-48.0,15.93,0.09,14.02,0,0,4,0,162,145,0,0,1,0,204553.75,118.18,0,17.41,9.0,49.61,0.0,2.24,0.0,0.0,60.0,60.0,0,0,0,0.0,-72.65
3614,205808.68,1016.53,83.25,80,-48.0,14.53,0.09,14.02,0,2,0,0,159,147,0,0,0,2,205808.68,118.19,0,23.55,9.0,49.61,0.0,2.24,0.0,0.0,60.0,60.0,0,0,0,0.0,-72.65
3615,205808.68,832.56,83.25,80,-48.0,15.0,0.09,13.71,1,2,0,0,154,148,0,0,0,2,205808.68,118.19,0,23.55,9.0,49.61,0.0,2.32,0.0,0.0,60.0,60.0,0,0,0,0.0,-72.65
3616,205808.68,1736.56,83.25,80,-48.0,15.46,0.09,13.92,1,2,4,0,147,149,0,0,0,2,205808.68,119.21,0,21.5,9.0,49.61,0.0,2.27,0.0,0.0,60.0,60.0,0,0,0,0.0,-72.65
3617,204553.75,104.59,83.25,80,-48.0,15.46,0.09,13.92,1,2,0,0,69,150,0,0,1,0,204553.75,119.21,0,19.46,9.0,49.61,0.0,2.27,0.0,0.0,60.0,60.0,0,0,0,0.0,-72.65
3618,205808.68,1464.56,83.25,80,-48.0,15.0,0.09,13.92,0,2,0,0,29,151,0,0,0,2,205808.68,119.21,0,16.38,9.0,49.61,0.0,2.27,0.0,0.0,60.0,60.0,0,0,0,0.0,-72.65
3619,208318.55,896.56,83.25,80,-48.0,15.0,0.09,13.82,0,0,0,0,22,151,0,0,1,2,208318.55,119.21,0,13.31,9.0,49.61,0.0,2.3,0.0,0.0,60.0,60.0,0,0,0,0.0,-72.65
3620,208318.55,696.56,83.25,80,-48.0,15.0,0.09,14.02,0,0,4,0,31,151,0,0,1,2,208318.55,119.21,0,11.26,9.0,49.61,0.0,2.24,0.0,0.0,60.0,60.0,0,0,0,0.0,-72.65
3621,208318.55,680.56,83.25,80,-48.0,15.46,0.09,14.02,1,2,0,0,82,151,0,0,1,2,208318.55,120.23,0,12.29,9.0,49.61,0.0,2.24,0.0,0.0,60.0,60.0,0,0,0,0.0,-72.65
3622,208318.55,712.56,83.25,80,-48.0,14.53,0.09,13.92,0,2,4,0,127,151,0,0,1,2,208318.55,120.23,0,12.29,9.0,49.61,0.0,2.27,0.0,0.0,60.0,60.0,0,0,0,0.0,-72.65
3623,208318.55,1024.56,83.25,80,-48.0,15.46,0.09,13.92,0,2,0,0,153,151,0,0,1,2,208318.55,120.23,0,12.29,9.0,49.61,0.0,2.27,0.0,0.0,60.0,60.0,0,0,0,0.0,-72.65
3624,205808.68,912.56,83.25,80,-48.0,15.0,0.09,13.92,0,0,4,0,160,152,0,0,0,2,205808.68,120.23,0,0.0,9.0,49.61,0.0,2.27,0.0,0.0,60.0,60.0,0,0,0,0.0,-72.65
3625,203298.82,472.56,83.25,80,-48.0,15.0,0.09,14.02,1,0,0,0,160,153,0,0,1,0,203298.82,121.26,0,10.24,9.0,49.61,0.0,2.24,0.0,0.0,60.0,60.0,0,0,0,0.0,-72.65
3626,205808.68,1384.56,83.25,80,-48.0,15.0,0.09,13.82,1,0,0,0,153,155,0,0,0,2,205808.68,121.26,0,0.0,9.0,49.61,0.0,2.3,0.0,0.0,60.0,60.0,0,0,0,0.0,-72.65
3627,207063.61,1376.56,83.25,80,-48.0,15.46,0.09,14.02,1,2,4,0,96,156,0,0,0,2,207063.61,121.26,0,0.0,9.0,49.61,0.0,2.24,0.0,0.0,60.0,60.0,0,0,0,0.0,-72.65
3628,204553.75,1448.56,83.25,80,-48.0,15.0,0.09,13.92,0,2,4,0,37,156,0,0,1,0,204553.75,121.26,0,0.0,9.0,49.61,0.0,2.27,0.0,0.0,60.0,60.0,0,0,0,0.0,-72.65
3629,205808.68,1192.56,83.25,80,-48.0,15.0,0.09,13.92,1,2,4,0,28,157,0,0,0,2,205808.68,122.28,0,0.0,9.0,49.61,0.0,2.27,0.0,0.0,60.0,60.0,0,0,0,0.0,-72.65
3630,205808.68,1472.56,83.25,80,-48.0,15.0,0.09,13.82,0,2,0,0,32,156,0,0,0,2,205808.68,122.28,0,0.0,9.0,49.61,0.0,2.3,0.0,0.0,60.0,60.0,0,0,0,0.0,-72.65
3631,205808.68,984.56,83.25,80,-48.0,14.53,0.09,13.92,1,0,0,0,140,156,0,0,0,2,205808.68,122.28,0,0.0,9.0,49.61,0.0,2.27,0.0,0.0,60.0,60.0,0,0,0,0.0,-72.65
3632,205808.68,1008.56,83.25,80,-48.0,15.0,0.09,13.82,1,0,0,0,163,155,0,0,0,2,205808.68,122.28,0,0.0,9.0,49.61,0.0,2.3,0.0,0.0,60.0,60.0,0,0,0,0.0,-72.65
3633,207063.61,616.53,83.25,80,-48.0,14.53,0.09,13.92,1,0,0,0,165,155,0,0,0,2,207063.61,122.28,0,0.0,9.0,49.61,0.0,2.27,0.0,0.0,60.0,60.0,0,0,0,0.0,-72.65
3634,205808.68,1032.56,83.25,80,-48.0,15.0,0.09,14.12,1,2,0,0,163,156,0,0,0,2,205808.68,123.31,0,0.0,9.0,49.61,0.0,2.22,0.0,0.0,60.0,60.0,0,0,0,0.0,-72.65
3635,205808.68,696.56,83.25,80,-48.0,14.53,0.09,13.92,1,2,0,0,156,158,0,0,0,2,205808.68,123.31,0,23.55,9.0,49.61,0.0,2.27,0.0,0.0,60.0,60.0,0,0,0,0.0,-72.65
3636,204553.75,744.56,83.25,80,-48.0,14.53,0.09,13.82,1,2,4,0,85,159,0,0,1,0,204553.75,123.3,0,41.98,9.0,49.61,0.0,2.3,0.0,0.0,60.0,60.0,0,0,0,0.0,-72.65
3637,198279.1,160.69,83.25,80,-48.0,19.68,0.11,13.92,1,2,4,0,26,159,0,0,1,2,198279.1,123.3,0,57.34,9.0,49.61,0.0,2.27,0.0,0.0,60.0,60.0,0,0,0,0.0,-72.97
3638,188239.65,473.19,83.25,80,-48.0,31.87,0.21,14.12,1,2,4,0,14,158,0,0,1,2,188239.65,124.33,0,70.66,9.0,49.61,0.0,2.22,0.0,0.0,60.0,60.0,0,0,0,0.0,-73.3
3639,159376.24,1224.84,83.25,80,-48.0,31.4,0.2,14.02,1,2,0,0,14,155,0,0,1,2,159376.24,124.33,0,74.75,9.0,49.61,0.0,2.24,0.0,0.0,60.0,60.0,0,0,0,0.0,-73.3
3640,149336.79,1056.81,83.25,80,-48.0,33.74,0.22,13.82,0,2,4,0,151,159,0,0,1,2,149336.79,124.32,0,88.06,9.0,49.61,0.0,2.3,0.0,0.0,60.0,60.0,0,0,0,0.0,-72.97
3641,149336.79,248.84,83.25,80,-48.0,34.21,0.23,14.12,0,0,0,0,151,164,0,0,1,2,149336.79,124.32,0,116.74,9.0,49.61,0.0,2.22,0.0,0.0,60.0,60.0,0,0,0,0.0,-72.97
3642,174435.41,81.47,83.25,80,-48.0,46.39,0.4,14.02,0,0,4,0,33,158,0,0,1,0,174435.41,123.3,0,141.31,9.0,49.61,0.0,2.24,0.0,0.0,60.0,60.0,0,0,0,0.0,-73.95
3643,148081.86,417.19,84.0,80,-48.0,46.86,0.4,13.82,0,2,4,0,57,118,0,0,1,2,148081.86,123.3,0,141.31,9.0,49.61,0.0,2.3,0.0,0.0,60.0,60.0,0,0,0,0.0,-73.62
3644,143062.13,777.12,84.0,80,-48.0,47.33,0.4,13.92,1,0,0,0,166,161,0,0,1,0,143062.13,123.3,0,156.67,9.0,49.61,0.0,2.27,0.0,0.0,60.0,60.0,0,0,0,0.0,-73.62
3645,143062.13,681.09,84.0,80,-48.0,44.99,0.39,14.12,1,2,4,0,39,145,0,0,1,0,143062.13,123.3,0,183.3,9.0,49.61,0.0,2.22,0.0,0.0,60.0,60.0,0,0,0,0.0,-73.62
3646,134277.62,296.66,84.0,80,-48.0,34.21,0.23,14.02,0,0,4,0,86,57,0,0,1,0,134277.62,123.3,0,212.99,9.0,49.61,0.0,2.24,0.0,0.0,60.0,60.0,0,0,0,0.0,-72.97
3647,135532.55,264.72,84.0,80,-48.0,35.15,0.24,13.92,1,2,0,0,160,63,0,0,0,2,135532.55,122.27,0,236.54,9.0,49.61,0.0,2.27,0.0,0.0,60.0,60.0,0,0,0,0.0,-72.97
3648,134277.62,1736.69,84.0,80,-48.0,35.15,0.24,13.92,0,2,0,0,142,48,0,0,1,0,134277.62,122.27,0,239.62,9.0,49.61,0.0,2.27,0.0,0.0,60.0,60.0,0,0,0,0.0,-72.97
3649,156866.38,1913.25,84.0,80,-48.0,49.21,0.44,14.02,1,0,0,0,155,40,0,0,0,2,156866.38,122.27,0,239.62,9.0,49.61,0.0,2.24,0.0,0.0,60.0,60.0,0,0,0,0.0,-73.62
3650,143062.13,1433.19,84.0,80,-48.0,50.61,0.47,13.92,1,0,0,0,171,132,0,0,1,0,143062.13,122.27,0,224.26,9.0,49.61,0.0,2.27,0.0,0.0,60.0,60.0,0,0,0,0.0,-73.62
3651,140552.27,337.16,84.0,80,-48.0,51.08,0.49,14.12,0,0,4,0,166,177,0,0,0,0,140552.27,121.24,0,225.28,9.0,49.61,0.0,2.22,0.0,0.0,60.0,60.0,0,0,0,0.0,-73.62
3652,138042.41,1785.12,84.0,80,-48.0,52.02,0.5,14.02,1,2,4,0,48,170,0,0,1,2,138042.41,121.24,0,231.42,9.0,49.61,0.0,2.24,0.0,0.0,60.0,60.0,0,0,0,0.0,-73.3
3653,138042.41,1609.12,84.0,80,-48.0,52.95,0.52,14.02,0,0,0,0,11,159,0,0,1,2,138042.41,121.24,0,234.5,9.0,49.61,0.0,2.24,0.0,0.0,60.0,60.0,0,0,0,0.0,-73.62
3654,138042.41,1169.12,84.0,80,-48.0,53.89,0.54,13.92,0,0,0,0,10,91,0,0,1,2,138042.41,121.24,0,237.57,9.0,49.61,0.0,2.27,0.0,0.0,60.0,60.0,0,0,0,0.0,-73.62
3655,139297.34,665.22,84.0,80,-48.0,56.7,0.61,14.12,0,2,0,0,12,58,0,0,1,2,139297.34,120.22,0,237.57,9.0,49.61,0.0,2.22,0.0,0.0,60.0,60.0,0,0,0,0.0,-73.62
3656,146822.04,65.5,84.0,80,-48.0,63.26,0.77,14.02,1,0,4,0,24,80,0,0,0,2,160572.57,120.22,0,232.45,9.0,49.61,0.0,2.24,0.0,0.0,60.0,60.0,0,0,0,0.0,-73.95
3657,154351.63,865.75,84.0,80,-48.0,67.01,0.89,13.92,1,0,0,0,79,153,0,0,1,0,168102.16,120.22,0,215.04,9.0,49.61,0.0,2.27,0.0,0.0,60.0,60.0,0,0,0,0.0,-74.6
3658,165646.01,889.81,84.0,80,-48.0,66.55,0.88,13.92,0,2,4,0,146,107,0,0,0,0,173146.3,120.21,0,176.13,9.0,49.61,0.0,2.27,0.0,0.0,60.0,60.0,0,0,0,0.0,-74.6
3659,166900.94,1585.78,84.0,80,-48.0,66.08,0.85,14.02,0,0,4,0,48,19,0,0,1,0,174401.23,120.21,0,169.98,9.0,49.61,0.0,2.24,0.0,0.0,60.0,60.0,0,0,0,0.0,-74.28
3660,164391.08,2001.62,84.0,80,-48.0,63.26,0.78,13.92,1,2,0,0,15,14,0,0,0,0,171891.37,119.19,0,179.2,9.0,49.61,0.0,2.27,0.0,0.0,60.0,60.0,0,0,0,0.0,-74.6
3661,144312.18,849.12,84.0,80,-48.0,52.02,0.52,14.02,0,2,4,0,169,61,0,0,1,0,153062.52,119.19,0,198.66,9.0,49.61,0.0,2.24,0.0,0.0,60.0,60.0,0,0,0,0.0,-73.62
3662,131767.76,992.78,84.0,79,-48.0,41.24,0.32,14.02,1,2,0,0,178,152,0,0,0,0,131767.76,119.18,0,231.42,9.0,49.61,0.0,2.24,0.0,0.0,60.0,60.0,0,0,0,0.0,-73.3
3663,129257.89,1344.75,84.0,79,-48.0,40.77,0.3,14.12,0,0,4,0,181,174,0,0,1,2,129257.89,119.18,0,240.64,9.0,49.61,0.0,2.22,0.0,0.0,60.0,60.0,0,0,0,0.0,-72.97
3664,129257.89,16.75,84.0,79,-48.0,39.83,0.29,13.92,0,0,0,0,179,174,0,0,1,2,129257.89,118.16,0,242.69,9.0,49.61,0.0,2.27,0.0,0.0,60.0,60.0,0,0,0,0.0,-72.97
3665,128002.96,560.72,84.0,79,-48.0,39.83,0.29,14.02,1,0,0,0,177,174,0,0,1,2,128002.96,118.16,0,244.74,9.0,49.61,0.0,2.24,0.0,0.0,60.0,60.0,0,0,0,0.0,-72.97
3666,139297.34,505.25,84.0,79,-48.0,52.02,0.51,14.12,1,2,0,0,173,172,0,0,1,2,139297.34,118.16,0,240.64,9.0,49.61,0.0,2.22,0.0,0.0,60.0,60.0,0,0,0,0.0,-73.62
3667,144317.07,1985.25,84.0,79,-48.0,53.42,0.54,13.92,1,0,4,0,180,175,0,0,1,0,144317.07,118.16,0,227.33,9.0,49.61,0.0,2.27,0.0,0.0,60.0,60.0,0,0,0,0.0,-73.62
3668,143062.13,2001.25,84.0,79,-48.0,54.83,0.56,13.92,0,2,0,0,174,171,0,0,1,0,143062.13,118.16,0,226.3,9.0,49.61,0.0,2.27,0.0,0.0,60.0,60.0,0,0,0,0.0,-73.62
3669,144317.07,985.25,84.0,79,-48.0,54.83,0.57,14.02,0,2,0,0,156,165,0,0,1,0,144317.07,117.13,0,227.33,9.0,49.61,0.0,2.24,0.0,0.0,60.0,60.0,0,0,0,0.0,-73.62
3670,144317.07,265.28,84.0,79,-48.0,56.24,0.59,14.02,0,2,4,0,81,130,0,0,0,0,154317.45,117.13,0,229.38,9.0,49.61,0.0,2.24,0.0,0.0,60.0,60.0,0,0,0,0.0,-73.62
3671,135532.55,1472.97,84.0,79,-48.0,49.67,0.45,14.02,0,2,4,0,43,79,0,0,0,2,135532.55,117.13,0,233.47,9.0,49.61,0.0,2.24,0.0,0.0,60.0,60.0,0,0,0,0.0,-73.3
3672,130512.82,56.84,84.0,79,-48.0,45.46,0.38,13.92,0,2,0,0,166,145,0,0,0,0,130512.82,117.13,0,240.64,9.0,49.61,0.0,2.27,0.0,0.0,60.0,60.0,0,0,0,0.0,-72.97
3673,135532.55,272.94,84.0,79,-48.0,44.05,0.35,14.02,1,2,4,0,165,153,0,0,0,2,135532.55,116.1,0,216.06,9.0,49.61,0.0,2.24,0.0,0.0,60.0,60.0,0,0,0,0.0,-73.3
3674,140552.27,240.84,84.0,78,-48.0,38.9,0.28,14.02,1,0,0,0,172,158,0,0,0,0,140552.27,116.1,0,215.04,9.0,49.61,0.0,2.24,0.0,0.0,60.0,60.0,0,0,0,0.0,-73.3
3675,136787.48,16.62,84.0,78,-48.0,31.4,0.2,14.02,1,2,0,0,174,167,0,0,0,2,136787.48,116.1,0,226.3,9.0,49.61,0.0,2.24,0.0,0.0,60.0,60.0,0,0,0,0.0,-72.97
3676,134277.62,688.59,84.0,79,-48.0,29.99,0.18,13.92,1,0,0,0,170,170,0,0,1,0,134277.62,116.1,0,239.62,9.0,49.61,0.0,2.27,0.0,0.0,60.0,60.0,0,0,0,0.0,-72.65
3677,141807.2,1768.41,84.0,79,-48.0,21.09,0.12,14.12,1,2,4,0,160,166,0,0,0,0,141807.2,116.1,0,246.78,9.0,49.61,0.0,2.22,0.0,0.0,60.0,60.0,0,0,0,0.0,-72.65
3678,154356.51,1552.38,84.75,79,-48.0,20.15,0.11,14.02,0,2,0,0,158,163,0,0,1,0,154356.51,115.08,0,256.0,9.0,49.61,0.0,2.24,0.0,0.0,60.0,60.0,0,0,0,0.0,-72.33
3679,165650.89,1128.44,84.75,79,-48.0,20.62,0.12,14.02,1,0,4,0,109,160,0,0,0,2,165650.89,115.08,0,259.07,9.0,49.61,0.0,2.24,0.0,0.0,60.0,60.0,0,0,0,0.0,-72.33
3680,174435.41,1208.41,84.75,79,-48.0,20.15,0.11,13.82,1,0,0,0,35,156,0,0,1,0,174435.41,115.08,0,261.12,9.0,49.61,0.0,2.3,0.0,0.0,60.0,60.0,0,0,0,0.0,-72.33
3681,185729.79,1320.41,84.75,79,-48.0,20.15,0.11,13.92,0,2,0,0,15,148,0,0,0,2,185729.79,115.08,0,261.12,9.0,49.61,0.0,2.27,0.0,0.0,60.0,60.0,0,0,0,0.0,-72.33
3682,200788.96,1688.44,84.75,79,-48.0,20.15,0.11,14.02,1,0,0,0,13,109,0,0,0,0,200788.96,116.11,0,261.12,9.0,49.61,0.0,2.24,0.0,0.0,60.0,60.0,0,0,0,0.0,-72.33
3683,225887.58,120.44,84.75,79,-48.0,19.21,0.11,13.92,0,0,4,0,11,56,0,0,0,2,225887.58,116.11,0,261.12,9.0,49.61,0.0,2.27,0.0,0.0,60.0,60.0,0,0,0,0.0,-72.65
3684,222122.79,1544.41,84.75,79,-48.0,17.34,0.1,14.02,1,2,0,0,11,30,0,0,0,0,222122.79,116.11,0,261.12,9.0,49.61,0.0,2.24,0.0,0.0,60.0,60.0,0,0,0,0.0,-72.33
3685,222122.79,1024.41,84.75,79,-48.0,16.4,0.1,14.02,1,2,0,0,13,24,0,0,0,0,222122.79,116.11,0,261.12,9.0,49.61,0.0,2.24,0.0,0.0,60.0,60.0,0,0,0,0.0,-72.33
3686,220867.86,744.41,84.75,79,-48.0,15.93,0.09,13.82,1,2,0,0,13,24,0,0,0,0,220867.86,116.11,0,261.12,9.0,49.61,0.0,2.3,0.0,0.0,60.0,60.0,0,0,0,0.0,-72.33
3687,222122.79,584.41,84.75,79,-48.0,15.93,0.09,14.02,1,0,4,0,20,25,0,0,0,0,222122.79,116.11,0,261.12,9.0,49.61,0.0,2.24,0.0,0.0,60.0,60.0,0,0,0,0.0,-72.65
3688,220867.86,352.38,84.75,79,-48.0,15.0,0.09,13.92,0,2,4,0,109,27,0,0,0,0,220867.86,116.12,0,261.12,9.0,49.61,0.0,2.27,0.0,0.0,60.0,60.0,0,0,0,0.0,-72.65
3689,222122.79,152.41,84.75,80,-48.0,15.46,0.09,13.92,0,0,0,0,166,29,0,0,0,0,222122.79,116.12,0,261.12,9.0,49.61,0.0,2.27,0.0,0.0,60.0,60.0,0,0,0,0.0,-72.65
3690,199534.03,672.91,84.75,80,-48.0,32.8,0.21,14.02,0,0,4,0,173,31,0,0,1,2,199534.03,115.09,0,261.12,9.0,49.61,0.0,2.24,0.0,0.0,60.0,60.0,0,0,0,0.0,-72.97
3691,168160.75,2016.81,85.5,80,-48.0,35.15,0.24,14.02,0,0,0,0,167,33,0,0,1,2,168160.75,115.09,0,237.57,9.0,49.61,0.0,2.24,0.0,0.0,60.0,60.0,0,0,0,0.0,-72.97
3692,144317.07,344.84,85.5,80,-48.0,36.55,0.25,13.92,0,2,0,0,177,59,0,0,1,0,144317.07,115.09,0,219.14,9.0,49.61,0.0,2.27,0.0,0.0,60.0,60.0,0,0,0,0.0,-72.97
3693,149336.79,1929.12,85.5,80,-48.0,44.05,0.36,14.02,0,2,4,0,173,161,0,0,1,2,149336.79,115.09,0,206.85,9.0,49.61,0.0,2.24,0.0,0.0,60.0,60.0,0,0,0,0.0,-73.62
3694,143062.13,649.06,85.5,80,-48.0,45.46,0.37,14.12,0,0,0,0,171,170,0,0,1,0,143062.13,115.09,0,191.49,9.0,49.61,0.0,2.22,0.0,0.0,60.0,60.0,0,0,0,0.0,-73.3
3695,143062.13,1465.12,85.5,80,-48.0,46.39,0.39,13.92,0,0,4,0,153,168,0,0,1,0,143062.13,114.06,0,190.46,9.0,49.61,0.0,2.27,0.0,0.0,60.0,60.0,0,0,0,0.0,-73.3
3696,144317.07,2001.12,85.5,80,-48.0,45.93,0.39,14.12,1,2,0,0,62,161,0,0,1,0,144317.07,114.06,0,192.51,9.0,49.61,0.0,2.22,0.0,0.0,60.0,60.0,0,0,0,0.0,-73.3
3697,143062.13,1841.09,85.5,80,-48.0,46.39,0.39,13.82,1,0,4,0,20,135,0,0,1,0,143062.13,114.06,0,192.51,9.0,49.61,0.0,2.3,0.0,0.0,60.0,60.0,0,0,0,0.0,-73.3
3698,143062.13,1433.12,85.5,80,-48.0,47.33,0.41,14.02,1,2,4,0,16,92,0,0,1,0,143062.13,114.06,0,192.51,9.0,49.61,0.0,2.24,0.0,0.0,60.0,60.0,0,0,0,0.0,-73.3
3699,143062.13,1881.12,85.5,80,-48.0,47.33,0.41,14.02,0,0,0,0,19,67,0,0,1,0,143062.13,113.04,0,192.51,9.0,49.61,0.0,2.24,0.0,0.0,60.0,60.0,0,0,0,0.0,-73.62
3700,143062.13,9.16,85.5,80,-48.0,47.8,0.42,13.82,0,2,0,0,95,73,0,0,1,0,143062.13,113.04,0,193.54,9.0,49.61,0.0,2.3,0.0,0.0,60.0,60.0,0,0,0,0.0,-73.62
3701,143062.13,1025.19,85.5,80,-48.0,48.74,0.43,14.02,0,2,4,0,142,97,0,0,1,0,143062.13,113.03,0,194.56,9.0,49.61,0.0,2.24,0.0,0.0,60.0,60.0,0,0,0,0.0,-73.62
3702,143062.13,1577.16,85.5,80,-48.0,48.27,0.43,14.02,0,2,0,0,155,134,0,0,1,0,143062.13,113.03,0,194.56,9.0,49.61,0.0,2.24,0.0,0.0,60.0,60.0,0,0,0,0.0,-73.62
3703,144317.07,769.19,85.5,80,-48.0,49.21,0.45,13.92,1,2,4,0,143,115,0,0,1,0,144317.07,112.01,0,195.58,9.0,49.61,0.0,2.27,0.0,0.0,60.0,60.0,0,0,0,0.0,-73.62
3704,144317.07,1281.19,85.5,80,-48.0,49.67,0.45,13.92,0,0,0,0,29,73,0,0,1,0,144317.07,112.01,0,196.61,9.0,49.61,0.0,2.27,0.0,0.0,60.0,60.0,0,0,0,0.0,-73.62
3705,144317.07,1857.19,85.5,80,-48.0,49.67,0.45,14.02,1,0,0,0,32,97,0,0,1,0,144317.07,112.0,0,197.63,9.0,49.61,0.0,2.24,0.0,0.0,60.0,60.0,0,0,0,0.0,-73.62
3706,143062.13,1489.19,85.5,79,-48.0,49.67,0.45,14.02,1,0,4,0,132,152,0,0,1,0,143062.13,112.0,0,197.63,9.0,49.61,0.0,2.24,0.0,0.0,60.0,60.0,0,0,0,0.0,-73.62
3707,143062.13,833.25,85.5,79,-48.0,50.14,0.47,13.92,0,0,0,0,154,147,0,0,1,0,143062.13,112.0,0,198.66,9.0,49.61,0.0,2.27,0.0,0.0,60.0,60.0,0,0,0,0.0,-73.62
3708,143062.13,729.22,85.5,79,-48.0,49.67,0.47,14.02,0,2,4,0,155,94,0,0,1,0,143062.13,110.98,0,199.68,9.0,49.61,0.0,2.24,0.0,0.0,60.0,60.0,0,0,0,0.0,-73.62
3709,144317.07,1353.22,85.5,79,-48.0,51.08,0.48,14.02,1,2,4,0,51,69,0,0,1,0,144317.07,110.98,0,200.7,9.0,49.61,0.0,2.24,0.0,0.0,60.0,60.0,0,0,0,0.0,-73.62
3710,143062.13,1665.22,85.5,79,-48.0,51.08,0.48,13.92,1,2,4,0,20,102,0,0,1,0,143062.13,110.98,0,201.73,9.0,49.61,0.0,2.27,0.0,0.0,60.0,60.0,0,0,0,0.0,-73.62
3711,143062.13,793.22,85.5,79,-48.0,51.08,0.48,14.02,1,0,4,0,36,148,0,0,1,0,143062.13,110.98,0,203.78,9.0,49.61,0.0,2.24,0.0,0.0,60.0,60.0,0,0,0,0.0,-73.62
3712,143062.13,681.22,86.25,79,-48.0,51.08,0.48,14.02,0,0,4,0,125,146,0,0,1,0,143062.13,109.95,0,205.82,9.0,49.61,0.0,2.24,0.0,0.0,60.0,60.0,0,0,0,0.0,-73.62
3713,143062.13,569.19,86.25,79,-48.0,50.61,0.47,13.82,1,0,0,0,160,109,0,0,1,0,143062.13,109.95,0,205.82,9.0,49.61,0.0,2.3,0.0,0.0,60.0,60.0,0,0,0,0.0,-73.62
3714,143062.13,569.22,86.25,79,-48.0,51.08,0.48,13.82,1,0,4,0,166,100,0,0,1,0,143062.13,109.95,0,208.9,9.0,49.61,0.0,2.3,0.0,0.0,60.0,60.0,0,0,0,0.0,-73.62
3715,143062.13,1257.22,86.25,79,-48.0,51.55,0.49,14.12,1,0,4,0,143,129,0,0,1,0,143062.13,109.95,0,210.94,9.0,49.61,0.0,2.22,0.0,0.0,60.0,60.0,0,0,0,0.0,-73.62
3716,141807.2,545.06,86.25,79,-48.0,48.27,0.42,14.02,0,2,4,0,65,154,0,0,0,0,141807.2,108.92,0,212.99,9.0,49.61,0.0,2.24,0.0,0.0,60.0,60.0,0,0,0,0.0,-73.62
3717,133022.69,1504.78,86.25,79,-48.0,39.83,0.3,13.92,1,0,4,0,162,163,0,0,1,0,133022.69,108.92,0,228.35,9.0,49.61,0.0,2.27,0.0,0.0,60.0,60.0,0,0,0,0.0,-72.97
3718,133022.69,1104.78,86.25,79,-48.0,38.9,0.29,14.02,0,2,0,0,169,168,0,0,1,0,133022.69,108.92,0,236.54,9.0,49.61,0.0,2.24,0.0,0.0,60.0,60.0,0,0,0,0.0,-72.97
3719,133022.69,824.78,86.25,79,-48.0,39.83,0.29,14.02,1,0,0,0,165,164,0,0,1,0,133022.69,108.92,0,237.57,9.0,49.61,0.0,2.24,0.0,0.0,60.0,60.0,0,0,0,0.0,-72.97
3720,133022.69,1368.78,86.25,79,-48.0,39.83,0.29,13.92,1,0,4,0,155,158,0,0,1,0,133022.69,108.92,0,237.57,9.0,49.61,0.0,2.27,0.0,0.0,60.0,60.0,0,0,0,0.0,-72.97
3721,133022.69,24.81,86.25,79,-48.0,41.24,0.3,14.02,1,0,0,0,109,152,0,0,1,0,133022.69,107.9,0,237.57,9.0,49.61,0.0,2.24,0.0,0.0,60.0,60.0,0,0,0,0.0,-72.97
3722,141807.2,1721.19,86.25,79,-48.0,49.67,0.45,14.02,1,2,4,0,32,148,0,0,0,0,141807.2,107.9,0,233.47,9.0,49.61,0.0,2.24,0.0,0.0,60.0,60.0,0,0,0,0.0,-73.62
3723,141807.2,1169.16,86.25,79,-48.0,50.61,0.47,14.12,1,0,4,0,87,152,0,0,0,0,141807.2,107.9,0,223.23,9.0,49.61,0.0,2.22,0.0,0.0,60.0,60.0,0,0,0,0.0,-73.62
3724,140552.27,665.16,86.25,79,-48.0,50.14,0.47,13.92,1,2,0,0,169,170,0,0,0,0,140552.27,107.9,0,220.16,9.0,49.61,0.0,2.27,0.0,0.0,60.0,60.0,0,0,0,0.0,-73.62
3725,135532.55,728.72,86.25,79,-48.0,39.83,0.3,13.92,1,2,4,0,168,168,0,0,0,2,135532.55,106.87,0,224.26,9.0,49.61,0.0,2.27,0.0,0.0,60.0,60.0,0,0,0,0.0,-72.97
3726,129257.89,200.69,86.25,79,-48.0,37.49,0.26,14.12,1,0,4,0,170,170,0,0,1,2,129257.89,106.87,0,240.64,9.0,49.61,0.0,2.22,0.0,0.0,60.0,60.0,0,0,0,0.0,-72.97
3727,130512.82,664.66,86.25,79,-48.0,37.02,0.25,13.82,1,2,4,0,154,167,0,0,0,0,130512.82,106.88,0,245.76,9.0,49.61,0.0,2.3,0.0,0.0,60.0,60.0,0,0,0,0.0,-72.65
3728,129257.89,40.66,86.25,79,-48.0,37.02,0.25,14.12,1,2,0,0,99,162,0,0,1,2,129257.89,106.88,0,245.76,9.0,49.61,0.0,2.22,0.0,0.0,60.0,60.0,0,0,0,0.0,-72.65
3729,129257.89,1704.66,86.25,79,-48.0,37.02,0.25,14.02,0,0,0,0,27,154,0,0,1,2,129257.89,105.85,0,244.74,9.0,49.61,0.0,2.24,0.0,0.0,60.0,60.0,0,0,0,0.0,-72.65
3730,129257.89,1936.66,86.25,79,-48.0,37.02,0.25,13.92,0,0,0,0,16,148,0,0,1,2,129257.89,105.85,0,246.78,9.0,49.61,0.0,2.27,0.0,0.0,60.0,60.0,0,0,0,0.0,-72.65
3731,129257.89,568.69,86.25,79,-48.0,36.55,0.26,13.92,0,2,0,0,18,141,0,0,1,2,129257.89,105.85,0,245.76,9.0,49.61,0.0,2.27,0.0,0.0,60.0,60.0,0,0,0,0.0,-72.97
3732,129257.89,760.69,86.25,79,-48.0,37.96,0.26,14.12,1,2,0,0,42,143,0,0,1,2,129257.89,105.86,0,245.76,9.0,49.61,0.0,2.22,0.0,0.0,60.0,60.0,0,0,0,0.0,-72.97
3733,140552.27,409.19,86.25,79,-48.0,49.67,0.46,14.02,1,2,4,0,116,143,0,0,0,0,140552.27,105.86,0,238.59,9.0,49.61,0.0,2.24,0.0,0.0,60.0,60.0,0,0,0,0.0,-73.62
3734,140552.27,1065.16,86.25,80,-48.0,51.08,0.48,14.02,1,0,0,0,175,160,0,0,0,0,140552.27,104.83,0,226.3,9.0,49.61,0.0,2.24,0.0,0.0,60.0,60.0,0,0,0,0.0,-73.62
3735,140552.27,265.19,86.25,80,-48.0,52.02,0.5,13.92,0,0,0,0,174,171,0,0,0,0,140552.27,104.83,0,223.23,9.0,49.61,0.0,2.27,0.0,0.0,60.0,60.0,0,0,0,0.0,-73.62
3736,141807.2,1425.22,86.25,80,-48.0,52.49,0.51,14.02,0,0,0,0,162,167,0,0,0,0,141807.2,104.83,0,223.23,9.0,49.61,0.0,2.24,0.0,0.0,60.0,60.0,0,0,0,0.0,-73.62
3737,144317.07,473.19,86.25,79,-48.0,52.49,0.51,14.02,1,0,0,0,93,161,0,0,1,0,144317.07,104.83,0,224.26,9.0,49.61,0.0,2.24,0.0,0.0,60.0,60.0,0,0,0,0.0,-73.62
3738,144317.07,9.19,86.25,79,-48.0,52.49,0.51,14.02,1,0,0,0,25,150,0,0,1,0,144317.07,103.8,0,224.26,9.0,49.61,0.0,2.24,0.0,0.0,60.0,60.0,0,0,0,0.0,-73.62
3739,140552.27,881.19,86.25,79,-48.0,52.49,0.51,13.92,0,2,0,0,27,138,0,0,0,0,140552.27,103.8,0,225.28,9.0,49.61,0.0,2.27,0.0,0.0,60.0,60.0,0,0,0,0.0,-73.62
3740,126748.03,1024.56,86.25,79,-48.0,35.15,0.24,14.02,0,0,4,0,161,150,0,0,0,2,126748.03,103.8,0,236.54,9.0,49.61,0.0,2.24,0.0,0.0,60.0,60.0,0,0,0,0.0,-72.97
3741,124238.17,696.56,86.25,79,-48.0,34.21,0.23,14.02,1,0,4,0,174,167,0,0,1,0,124238.17,103.81,0,248.83,9.0,49.61,0.0,2.24,0.0,0.0,60.0,60.0,0,0,0,0.0,-72.65
3742,124238.17,1432.56,86.25,79,-48.0,34.68,0.22,14.02,0,2,0,0,165,165,0,0,1,0,124238.17,103.81,0,250.88,9.0,49.61,0.0,2.24,0.0,0.0,60.0,60.0,0,0,0,0.0,-72.65
3743,124238.17,1088.56,86.25,79,-48.0,33.74,0.22,13.92,0,2,4,0,157,161,0,0,1,0,124238.17,104.83,0,251.9,9.0,49.61,0.0,2.27,0.0,0.0,60.0,60.0,0,0,0,0.0,-72.65
3744,124238.17,1248.56,86.25,79,-48.0,33.74,0.22,13.92,0,2,0,0,142,157,0,0,1,0,124238.17,104.83,0,251.9,9.0,49.61,0.0,2.27,0.0,0.0,60.0,60.0,0,0,0,0.0,-72.65
3745,124238.17,1616.56,86.25,79,-48.0,33.74,0.23,14.12,1,2,0,0,127,154,0,0,1,0,124238.17,104.84,0,251.9,9.0,49.61,0.0,2.22,0.0,0.0,60.0,60.0,0,0,0,0.0,-72.65
3746,124238.17,1272.56,86.25,79,-48.0,33.74,0.22,14.02,1,0,0,0,101,152,0,0,1,0,124238.17,104.84,0,251.9,9.0,49.61,0.0,2.24,0.0,0.0,60.0,60.0,0,0,0,0.0,-72.65
3747,124238.17,1224.56,86.25,79,-48.0,34.21,0.23,13.92,1,0,0,0,34,152,0,0,1,0,124238.17,105.86,0,250.88,9.0,49.61,0.0,2.27,0.0,0.0,60.0,60.0,0,0,0,0.0,-72.65
3748,124238.17,1512.56,86.25,79,-48.0,34.21,0.23,13.92,1,0,0,0,23,152,0,0,1,0,124238.17,105.86,0,251.9,9.0,49.61,0.0,2.27,0.0,0.0,60.0,60.0,0,0,0,0.0,-72.65
3749,124238.17,528.56,86.25,79,-48.0,33.74,0.22,14.02,1,0,4,0,95,151,0,0,1,0,124238.17,105.86,0,252.93,9.0,49.61,0.0,2.24,0.0,0.0,60.0,60.0,0,0,0,0.0,-72.65
3750,124238.17,1936.5,86.25,80,-48.0,29.52,0.2,14.12,0,0,0,0,155,149,0,0,1,0,124238.17,105.86,0,251.9,9.0,49.61,0.0,2.22,0.0,0.0,60.0,60.0,0,0,0,0.0,-72.65
3751,135532.55,784.34,86.25,80,-48.0,22.03,0.13,13.92,1,0,4,0,170,147,0,0,0,2,135532.55,105.86,0,261.12,9.0,49.61,0.0,2.27,0.0,0.0,60.0,60.0,0,0,0,0.0,-72.33
3752,149336.79,1392.34,86.25,80,-48.0,22.49,0.13,14.12,1,0,4,0,173,151,0,0,1,2,149336.79,106.89,0,261.12,9.0,49.61,0.0,2.22,0.0,0.0,60.0,60.0,0,0,0,0.0,-72.33
3753,160631.17,600.34,86.25,80,-48.0,21.09,0.12,14.02,0,0,4,0,169,160,0,0,0,0,160631.17,106.89,0,261.12,9.0,49.61,0.0,2.24,0.0,0.0,60.0,60.0,0,0,0,0.0,-72.33
3754,170670.62,1480.38,86.25,80,-48.0,24.37,0.14,13.82,1,2,0,0,165,160,0,0,0,0,170670.62,106.89,0,261.12,9.0,49.61,0.0,2.3,0.0,0.0,60.0,60.0,0,0,0,0.0,-72.33
3755,124238.17,432.53,86.25,80,-48.0,31.4,0.2,13.92,0,0,4,0,164,159,0,0,1,0,124238.17,106.89,0,261.12,9.0,49.61,0.0,2.27,0.0,0.0,60.0,60.0,0,0,0,0.0,-72.65
3756,129257.89,1520.72,86.25,80,-48.0,39.83,0.29,14.02,0,2,4,0,154,156,0,0,1,2,129257.89,105.87,0,252.93,9.0,49.61,0.0,2.24,0.0,0.0,60.0,60.0,0,0,0,0.0,-72.97
3757,129257.89,640.75,86.25,80,-48.0,40.77,0.3,14.02,1,2,0,0,160,152,0,0,1,2,129257.89,105.87,0,244.74,9.0,49.61,0.0,2.24,0.0,0.0,60.0,60.0,0,0,0,0.0,-72.97
3758,129257.89,600.75,86.25,80,-48.0,40.77,0.3,13.92,1,2,4,0,140,151,0,0,1,2,129257.89,105.86,0,243.71,9.0,49.61,0.0,2.27,0.0,0.0,60.0,60.0,0,0,0,0.0,-72.97
3759,129257.89,752.75,86.25,80,-48.0,40.77,0.3,13.92,1,0,0,0,43,151,0,0,1,2,129257.89,105.86,0,245.76,9.0,49.61,0.0,2.27,0.0,0.0,60.0,60.0,0,0,0,0.0,-72.97
3760,129257.89,64.72,86.25,80,-48.0,39.83,0.29,14.02,1,0,0,0,11,141,0,0,1,2,129257.89,104.84,0,243.71,9.0,49.61,0.0,2.24,0.0,0.0,60.0,60.0,0,0,0,0.0,-72.97
3761,126748.03,584.38,87.0,80,-48.0,25.77,0.16,14.02,0,0,4,0,11,98,0,0,0,2,126748.03,104.84,0,246.78,9.0,49.61,0.0,2.24,0.0,0.0,60.0,60.0,0,0,0,0.0,-72.65
3762,141807.2,648.34,87.0,80,-48.0,22.96,0.13,13.92,1,2,0,0,109,106,0,0,0,0,141807.2,104.84,0,261.12,9.0,49.61,0.0,2.27,0.0,0.0,60.0,60.0,0,0,0,0.0,-72.33
3763,155611.44,1576.34,87.0,80,-48.0,21.56,0.13,14.02,0,0,0,0,169,131,0,0,0,2,155611.44,104.84,0,261.12,9.0,49.61,0.0,2.24,0.0,0.0,60.0,60.0,0,0,0,0.0,-72.33
3764,169415.68,1280.34,87.0,80,-48.0,22.03,0.12,14.12,0,0,0,0,170,147,0,0,1,2,169415.68,104.84,0,261.12,9.0,49.61,0.0,2.22,0.0,0.0,60.0,60.0,0,0,0,0.0,-72.33
3765,180710.06,1392.34,87.0,80,-48.0,21.56,0.12,13.92,0,0,4,0,169,151,0,0,0,0,180710.06,105.87,0,261.12,9.0,49.61,0.0,2.27,0.0,0.0,60.0,60.0,0,0,0,0.0,-72.33
3766,190749.51,1872.38,87.0,80,-48.0,21.56,0.13,13.82,1,0,0,0,165,152,0,0,0,0,190749.51,105.87,0,261.12,9.0,49.61,0.0,2.3,0.0,0.0,60.0,60.0,0,0,0,0.0,-72.33
3767,200788.96,80.34,87.0,80,-48.0,20.62,0.12,14.02,1,0,0,0,158,153,0,0,0,0,200788.96,105.87,0,261.12,9.0,49.61,0.0,2.24,0.0,0.0,60.0,60.0,0,0,0,0.0,-72.33
3768,199534.03,344.38,87.0,80,-48.0,21.09,0.12,14.02,1,2,0,0,65,151,0,0,1,2,199534.03,105.87,0,261.12,9.0,49.61,0.0,2.24,0.0,0.0,60.0,60.0,0,0,0,0.0,-72.33
3769,199534.03,296.38,87.0,80,-48.0,21.09,0.12,13.92,1,2,4,0,36,149,0,0,1,2,199534.03,106.9,0,261.12,9.0,49.61,0.0,2.27,0.0,0.0,60.0,60.0,0,0,0,0.0,-72.33
3770,199534.03,256.38,87.0,80,-48.0,21.09,0.12,14.02,1,2,4,0,79,147,0,0,1,2,199534.03,106.9,0,261.12,9.0,49.61,0.0,2.24,0.0,0.0,60.0,60.0,0,0,0,0.0,-72.33
3771,197024.17,784.41,87.0,80,-48.0,23.43,0.13,14.12,0,2,4,0,160,146,0,0,0,2,197024.17,106.9,0,261.12,9.0,49.61,0.0,2.22,0.0,0.0,60.0,60.0,0,0,0,0.0,-72.33
3772,154356.51,1368.59,87.0,80,-48.0,32.8,0.22,14.12,1,0,4,0,159,145,0,0,1,0,154356.51,106.9,0,261.12,9.0,49.61,0.0,2.22,0.0,0.0,60.0,60.0,0,0,0,0.0,-72.65
3773,126748.03,768.59,87.0,80,-48.0,33.74,0.22,13.92,1,2,4,0,166,147,0,0,0,2,126748.03,106.9,0,245.76,9.0,49.61,0.0,2.27,0.0,0.0,60.0,60.0,0,0,0,0.0,-72.65
3774,128002.96,1728.59,87.0,80,-48.0,35.15,0.23,13.92,1,0,4,0,160,152,0,0,1,2,128002.96,107.92,0,249.86,9.0,49.61,0.0,2.27,0.0,0.0,60.0,60.0,0,0,0,0.0,-72.65
3775,128002.96,1440.59,87.0,80,-48.0,33.74,0.22,14.02,1,0,4,0,138,154,0,0,1,2,128002.96,107.92,0,248.83,9.0,49.61,0.0,2.24,0.0,0.0,60.0,60.0,0,0,0,0.0,-72.65
3776,128002.96,1400.59,87.0,80,-48.0,34.21,0.22,14.02,1,0,0,0,29,151,0,0,1,2,128002.96,107.93,0,249.86,9.0,49.61,0.0,2.24,0.0,0.0,60.0,60.0,0,0,0,0.0,-72.65
3777,128002.96,1816.62,87.0,80,-48.0,34.68,0.23,13.92,1,0,0,0,11,137,0,0,1,2,128002.96,107.93,0,248.83,9.0,49.61,0.0,2.27,0.0,0.0,60.0,60.0,0,0,0,0.0,-72.65
3778,128002.96,1776.62,87.0,80,-48.0,34.21,0.23,13.92,1,2,0,0,11,98,0,0,1,2,128002.96,108.95,0,248.83,9.0,49.61,0.0,2.27,0.0,0.0,60.0,60.0,0,0,0,0.0,-72.65
3779,128002.96,520.62,87.0,80,-48.0,35.15,0.24,14.02,1,0,4,0,11,53,0,0,1,2,128002.96,108.95,0,248.83,9.0,49.61,0.0,2.24,0.0,0.0,60.0,60.0,0,0,0,0.0,-72.65
3780,130512.82,1312.38,87.0,80,-48.0,23.9,0.14,14.12,0,2,4,0,13,39,0,0,0,0,130512.82,108.95,0,249.86,9.0,49.61,0.0,2.22,0.0,0.0,60.0,60.0,0,0,0,0.0,-72.65
3781,141807.2,832.38,87.0,80,-48.0,22.49,0.13,13.92,0,0,0,0,125,40,0,0,0,0,141807.2,108.95,0,261.12,9.0,49.61,0.0,2.27,0.0,0.0,60.0,60.0,0,0,0,0.0,-72.33
3782,154356.51,928.38,87.0,80,-48.0,22.96,0.13,14.12,1,2,0,0,170,46,0,0,1,0,154356.51,109.98,0,261.12,0.0,50.0,0.0,2.22,0.0,0.0,60.0,60.0,0,0,0,0.0,-72.33
3783,164395.96,776.38,87.0,80,-48.0,22.49,0.13,13.92,0,2,0,0,168,53,0,0,1,0,164395.96,109.98,0,261.12,19.96,44.92,0.0,2.27,0.0,0.0,60.0,60.0,0,0,0,0.0,-72.33
3784,176945.27,800.38,87.0,80,-48.0,22.03,0.13,13.92,1,0,4,0,165,62,0,0,0,2,176945.27,109.98,0,261.12,19.96,44.92,0.0,2.27,0.0,0.0,60.0,60.0,0,0,0,0.0,-72.33
3785,188239.65,1192.38,87.0,80,-48.0,21.56,0.12,14.02,0,2,4,0,160,71,0,0,1,2,188239.65,109.98,0,261.12,19.96,44.92,0.0,2.24,0.0,0.0,60.0,60.0,0,0,0,0.0,-72.33
3786,198279.1,1352.38,87.0,80,-48.0,21.56,0.13,14.02,1,0,4,0,149,79,0,0,1,2,198279.1,109.98,0,261.12,19.96,44.92,0.0,2.24,0.0,0.0,60.0,60.0,0,0,0,0.0,-72.33
3787,198279.1,1720.38,87.0,80,-48.0,22.03,0.12,13.92,1,0,4,0,69,82,0,0,1,2,198279.1,111.0,0,261.12,19.97,44.92,0.0,2.27,0.0,0.0,60.0,60.0,0,0,0,0.0,-72.33
3788,199534.03,2016.41,87.0,80,-48.0,22.49,0.13,13.92,0,2,0,0,25,82,0,0,1,2,199534.03,111.0,0,261.12,19.97,44.92,0.0,2.27,0.0,0.0,60.0,60.0,0,0,0,0.0,-72.33
3789,198279.1,8.41,87.0,80,-48.0,22.03,0.13,14.12,1,2,0,0,24,83,0,0,1,2,198279.1,111.01,0,261.12,19.97,44.92,0.0,2.22,0.0,0.0,60.0,60.0,0,0,0,0.0,-72.33
3790,199534.03,1952.41,87.0,80,-48.0,22.03,0.13,14.12,0,0,4,0,82,85,0,0,1,2,199534.03,111.01,0,261.12,19.97,44.92,0.0,2.22,0.0,0.0,60.0,60.0,0,0,0,0.0,-72.33
3791,198279.1,1984.38,87.0,80,-48.0,21.56,0.12,13.82,1,2,4,0,164,91,0,0,1,2,198279.1,112.03,0,261.12,19.97,44.92,0.0,2.3,0.0,0.0,60.0,60.0,0,0,0,0.0,-72.33
3792,199534.03,1960.41,87.0,81,-48.0,21.56,0.13,14.02,0,0,0,0,166,97,0,0,1,2,199534.03,112.03,0,261.12,19.97,44.92,0.0,2.24,0.0,0.0,60.0,60.0,0,0,0,0.0,-72.33
3793,165650.89,1272.69,87.0,81,-48.0,34.21,0.23,14.02,1,2,0,0,164,99,0,0,0,2,165650.89,112.03,0,261.12,19.98,44.92,0.0,2.24,0.0,0.0,60.0,60.0,0,0,0,0.0,-72.97
3794,139297.34,1897.19,87.0,81,-48.0,48.74,0.43,13.92,0,0,4,0,173,120,0,0,1,2,139297.34,112.03,0,238.59,19.99,44.92,0.0,2.27,0.0,0.0,60.0,60.0,0,0,0,0.0,-73.3
3795,141807.2,1585.16,87.0,81,-48.0,49.67,0.45,13.92,1,0,0,0,147,140,0,0,0,0,141807.2,112.03,0,224.26,20.02,44.92,0.0,2.27,0.0,0.0,60.0,60.0,0,0,0,0.0,-73.3
3796,141807.2,969.19,87.0,81,-48.0,51.55,0.47,14.02,1,0,4,0,50,135,0,0,0,0,141807.2,111.0,0,221.18,16.9,40.23,0.0,2.24,0.0,0.0,60.0,60.0,0,0,0,0.0,-73.3
3797,141807.2,841.22,87.0,81,-48.0,52.02,0.5,14.02,1,2,4,0,12,46,0,0,1,2,151807.59,111.0,0,219.14,16.91,40.23,0.0,2.24,0.0,0.0,60.0,60.0,0,0,0,0.0,-73.62
3798,141807.2,537.22,87.0,81,-48.0,52.49,0.49,13.92,0,2,0,0,11,20,0,0,1,2,151807.59,111.0,0,219.14,16.92,40.23,0.0,2.27,0.0,0.0,60.0,60.0,0,0,0,0.0,-73.62
3799,141807.2,945.22,87.0,81,-48.0,52.02,0.5,13.92,1,2,4,0,11,15,0,0,0,2,150557.54,111.0,0,220.16,16.93,40.23,0.0,2.27,0.0,0.0,60.0,60.0,0,0,0,0.0,-73.62
3800,141807.2,1009.22,87.0,81,-48.0,52.95,0.5,14.02,0,0,4,0,13,13,0,0,0,2,150557.54,109.98,0,220.16,16.95,40.23,0.0,2.24,0.0,0.0,60.0,60.0,0,0,0,0.0,-73.62
3801,145572.0,217.25,87.0,81,-48.0,53.42,0.52,14.02,0,2,4,0,17,15,0,0,0,0,153072.28,109.98,0,220.16,16.96,40.23,0.0,2.24,0.0,0.0,60.0,60.0,0,0,0,0.0,-73.62
3802,146826.93,1329.28,87.0,81,-48.0,54.36,0.55,13.82,0,0,0,0,27,18,0,0,0,0,154327.21,109.97,0,219.14,16.97,40.23,0.0,2.3,0.0,0.0,60.0,60.0,0,0,0,0.0,-73.62
3803,148081.86,1953.34,87.0,80,-48.0,55.3,0.58,14.02,0,0,4,0,99,22,0,0,0,0,154332.1,109.97,0,217.09,17.0,40.23,0.0,2.24,0.0,0.0,60.0,60.0,0,0,0,0.0,-73.95
3804,146826.93,745.38,87.0,80,-48.0,56.7,0.6,14.02,1,2,0,0,150,47,0,0,1,2,153077.17,108.95,0,217.09,17.01,40.23,0.0,2.24,0.0,0.0,60.0,60.0,0,0,0,0.0,-73.95
3805,145572.0,801.25,87.0,80,-48.0,53.89,0.56,13.92,0,2,0,0,157,79,0,0,1,2,151822.24,108.95,0,216.06,17.01,40.23,0.0,2.27,0.0,0.0,60.0,60.0,0,0,0,0.0,-73.62
3806,135532.55,1336.94,87.0,80,-48.0,46.86,0.4,13.92,1,2,0,0,171,107,0,0,1,2,135532.55,108.95,0,228.35,16.95,40.23,0.0,2.27,0.0,0.0,60.0,60.0,0,0,0,0.0,-73.3
3807,134277.62,888.94,87.0,80,-48.0,46.39,0.38,14.02,0,0,4,0,166,147,0,0,1,0,134277.62,108.94,0,235.52,16.93,40.23,0.0,2.24,0.0,0.0,60.0,60.0,0,0,0,0.0,-73.3
3808,128002.96,720.53,87.0,80,-48.0,32.8,0.22,14.02,0,2,0,0,164,147,0,0,1,2,128002.96,108.94,0,240.64,16.92,40.23,0.0,2.24,0.0,0.0,60.0,60.0,0,0,0,0.0,-72.65
3809,130512.82,32.38,87.0,80,-48.0,24.84,0.14,13.82,0,0,4,0,172,150,0,0,0,0,130512.82,107.92,0,253.95,16.88,40.23,0.0,2.3,0.0,0.0,60.0,60.0,0,0,0,0.0,-72.33
3810,148081.86,1776.34,87.0,80,-48.0,22.03,0.13,13.92,1,0,0,0,171,156,0,0,1,2,148081.86,107.92,0,261.12,16.87,40.23,0.0,2.27,0.0,0.0,60.0,60.0,0,0,0,0.0,-72.33
3811,163141.03,1216.34,87.0,80,-48.0,21.09,0.12,14.02,1,2,0,0,172,163,0,0,1,0,163141.03,107.92,0,261.12,16.87,40.23,0.0,2.24,0.0,0.0,60.0,60.0,0,0,0,0.0,-72.33
3812,175690.34,1216.34,87.0,80,-48.0,22.03,0.13,14.02,0,2,4,0,170,166,0,0,0,2,175690.34,107.92,0,261.12,16.87,40.23,0.0,2.24,0.0,0.0,60.0,60.0,0,0,0,0.0,-72.33
3813,188239.65,56.38,87.0,80,-48.0,22.96,0.13,13.82,1,0,0,0,169,165,0,0,1,2,188239.65,108.95,0,261.12,16.87,40.23,0.0,2.3,0.0,0.0,60.0,60.0,0,0,0,0.0,-72.33
3814,198279.1,448.38,87.0,80,-48.0,22.49,0.13,13.82,1,0,4,0,161,163,0,0,1,2,198279.1,108.95,0,261.12,16.87,40.23,0.0,2.3,0.0,0.0,60.0,60.0,0,0,0,0.0,-72.33
3815,200788.96,888.38,87.0,80,-48.0,22.03,0.13,14.02,1,2,4,0,95,161,0,0,0,0,200788.96,108.95,0,261.12,16.87,40.23,0.0,2.24,0.0,0.0,60.0,60.0,0,0,0,0.0,-72.33
3816,199534.03,1192.38,87.0,80,-48.0,22.03,0.13,14.02,0,2,0,0,36,155,0,0,1,2,199534.03,108.95,0,261.12,16.87,40.23,0.0,2.24,0.0,0.0,60.0,60.0,0,0,0,0.0,-72.33
3817,199534.03,1256.38,87.0,80,-48.0,21.56,0.13,13.82,1,2,0,0,18,143,0,0,1,2,199534.03,108.95,0,261.12,16.87,40.23,0.0,2.3,0.0,0.0,60.0,60.0,0,0,0,0.0,-72.33
3818,198279.1,1624.38,87.0,80,-48.0,22.03,0.12,14.02,1,2,4,0,18,128,0,0,1,2,198279.1,109.98,0,261.12,16.87,40.23,0.0,2.24,0.0,0.0,60.0,60.0,0,0,0,0.0,-72.33
3819,198279.1,128.41,87.0,80,-48.0,21.09,0.12,14.02,0,0,0,0,20,119,0,0,1,2,198279.1,109.98,0,261.12,16.86,40.23,0.0,2.24,0.0,0.0,60.0,60.0,0,0,0,0.0,-72.33
3820,195769.24,536.44,87.0,80,-48.0,22.03,0.13,13.92,1,2,4,0,62,120,0,0,0,2,195769.24,109.98,0,261.12,16.86,40.23,0.0,2.27,0.0,0.0,60.0,60.0,0,0,0,0.0,-72.33
3821,195769.24,288.47,87.0,80,-48.0,22.49,0.13,14.02,0,2,0,0,156,121,0,0,0,2,195769.24,109.98,0,261.12,16.86,40.23,0.0,2.24,0.0,0.0,60.0,60.0,0,0,0,0.0,-72.65
3822,197024.17,1176.47,87.0,80,-48.0,22.49,0.13,14.02,1,2,4,0,162,121,0,0,0,2,197024.17,111.0,0,261.12,16.86,40.23,0.0,2.24,0.0,0.0,60.0,60.0,0,0,0,0.0,-72.65
3823,200788.96,1936.47,87.0,80,-48.0,22.03,0.13,13.82,1,0,4,0,164,121,0,0,0,0,200788.96,111.0,0,261.12,16.86,40.23,0.0,2.3,0.0,0.0,60.0,60.0,0,0,0,0.0,-72.65
3824,225887.58,576.47,87.0,80,-48.0,21.09,0.12,14.02,0,0,4,0,152,121,0,0,0,2,225887.58,111.01,0,261.12,16.85,40.23,0.0,2.24,0.0,0.0,60.0,60.0,0,0,0,0.0,-72.65
3825,222122.79,184.44,87.0,80,-48.0,19.21,0.11,14.02,1,0,0,0,32,121,0,0,0,0,222122.79,111.01,0,261.12,16.85,40.23,0.0,2.24,0.0,0.0,60.0,60.0,0,0,0,0.0,-72.65
3826,207063.61,113.06,87.0,80,-48.0,37.49,0.25,13.82,1,0,0,0,15,68,0,0,0,2,207063.61,112.03,0,261.12,16.85,40.23,0.0,2.3,0.0,0.0,60.0,60.0,0,0,0,0.0,-72.97
3827,173180.48,609.88,87.0,81,-48.0,56.7,0.59,14.02,1,2,0,0,32,29,0,0,1,0,173180.48,112.03,0,210.94,16.92,40.23,0.0,2.24,0.0,0.0,60.0,60.0,0,0,0,0.0,-73.95
3828,173165.83,50.41,87.0,81,-48.0,69.83,0.98,13.92,1,0,4,0,164,97,0,0,1,2,169454.75,112.03,0,167.94,17.08,40.23,0.0,2.27,0.0,0.0,60.0,60.0,0,0,0,0.0,-75.25
3829,183219.93,1106.09,87.0,81,-48.0,71.23,1.03,14.02,1,0,0,0,169,161,0,0,1,2,180724.71,112.03,0,142.34,17.08,40.23,0.0,2.24,0.0,0.0,60.0,60.0,0,0,0,0.0,-75.25
3830,194514.3,1546.31,87.0,81,-48.0,74.98,1.17,13.82,0,2,4,0,31,85,0,0,0,0,192019.09,112.03,0,142.34,17.08,40.23,0.0,2.3,0.0,0.0,60.0,60.0,0,0,0,0.0,-75.25
3831,195739.94,1010.5,87.0,81,-48.0,80.14,1.38,13.92,0,0,4,0,84,50,0,0,0,0,194494.77,111.0,0,187.39,17.08,40.23,0.0,2.27,0.0,0.0,60.0,60.0,0,0,0,0.0,-75.58
3832,184489.51,1818.38,87.0,81,-48.0,81.54,1.42,14.02,0,0,0,0,140,49,0,0,0,0,193200.78,111.0,0,196.61,17.08,40.23,0.0,2.24,0.0,0.0,60.0,60.0,0,0,0,0.0,-75.58
3833,179469.78,1714.38,87.0,80,-48.0,81.54,1.44,14.02,0,2,0,0,18,15,0,0,0,2,188181.05,111.0,0,203.78,17.08,40.23,0.0,2.24,0.0,0.0,60.0,60.0,0,0,0,0.0,-75.58
3834,184411.38,1266.25,87.0,80,-48.0,79.67,1.39,13.82,0,2,0,0,17,16,0,0,0,2,179401.42,111.0,0,208.9,17.08,40.23,0.0,2.3,0.0,0.0,60.0,60.0,0,0,0,0.0,-75.25
3835,163077.55,1049.66,87.0,80,-48.0,69.83,1.01,13.92,0,0,0,0,149,30,0,0,1,2,159346.94,109.98,0,220.16,17.08,40.23,0.0,2.27,0.0,0.0,60.0,60.0,0,0,0,0.0,-74.6
3836,127998.08,665.12,87.75,80,-48.0,59.05,0.64,14.02,0,2,4,0,180,169,0,0,0,2,126748.03,109.98,0,242.69,17.06,40.23,0.0,2.24,0.0,0.0,60.0,60.0,0,0,0,0.0,-73.62
3837,126748.03,1481.12,87.75,80,-48.0,58.58,0.65,14.02,0,2,0,0,175,168,0,0,0,2,126748.03,109.97,0,244.74,17.08,40.23,0.0,2.24,0.0,0.0,60.0,60.0,0,0,0,0.0,-73.62
3838,125493.1,1329.12,87.0,79,-48.0,58.58,0.65,13.82,0,0,4,0,169,165,0,0,0,2,125493.1,109.97,0,245.76,17.09,40.23,0.0,2.3,0.0,0.0,60.0,60.0,0,0,0,0.0,-73.3
3839,134277.62,449.19,87.0,79,-48.0,57.64,0.63,14.02,0,0,0,0,163,159,0,0,1,0,134277.62,108.95,0,238.59,17.1,40.23,0.0,2.24,0.0,0.0,60.0,60.0,0,0,0,0.0,-73.62
3840,136787.48,1112.88,87.0,79,-48.0,46.86,0.41,14.02,1,0,4,0,95,112,0,0,0,2,151788.05,108.95,0,222.21,17.09,40.23,0.0,2.24,0.0,0.0,60.0,60.0,0,0,0,0.0,-73.3
3841,131767.76,624.5,87.0,79,-48.0,31.4,0.2,13.82,0,2,0,0,174,154,0,0,0,0,131767.76,108.95,0,245.76,16.95,40.23,0.0,2.3,0.0,0.0,60.0,60.0,0,0,0,0.0,-72.65
3842,158121.31,1144.47,87.0,78,-48.0,29.52,0.18,14.02,1,0,0,0,174,175,0,0,1,2,158121.31,108.95,0,254.98,16.91,40.23,0.0,2.24,0.0,0.0,60.0,60.0,0,0,0,0.0,-72.65
3843,180710.06,1168.47,87.0,78,-48.0,28.12,0.17,14.02,0,2,0,0,167,174,0,0,0,0,180710.06,108.95,0,260.1,16.9,40.23,0.0,2.24,0.0,0.0,60.0,60.0,0,0,0,0.0,-72.65
3844,200788.96,752.47,87.0,79,-48.0,27.65,0.17,13.82,0,2,4,0,157,170,0,0,0,0,200788.96,109.98,0,261.12,16.89,40.23,0.0,2.3,0.0,0.0,60.0,60.0,0,0,0,0.0,-72.33
3845,205808.68,968.47,87.0,79,-48.0,26.71,0.16,14.02,1,0,0,0,118,167,0,0,0,2,205808.68,109.98,0,261.12,16.89,40.23,0.0,2.24,0.0,0.0,60.0,60.0,0,0,0,0.0,-72.33
3846,204553.75,704.44,87.0,79,-48.0,26.71,0.16,14.02,0,2,4,0,42,164,0,0,1,0,204553.75,109.98,0,261.12,16.89,40.23,0.0,2.24,0.0,0.0,60.0,60.0,0,0,0,0.0,-72.65
3847,204553.75,2024.44,87.0,79,-48.0,26.24,0.16,13.92,0,2,4,0,17,159,0,0,1,0,204553.75,109.98,0,261.12,16.89,40.23,0.0,2.27,0.0,0.0,60.0,60.0,0,0,0,0.0,-72.65
3848,203298.82,1328.41,87.0,79,-48.0,24.84,0.15,13.82,1,2,4,0,14,151,0,0,1,0,203298.82,111.0,0,261.12,16.9,40.23,0.0,2.3,0.0,0.0,60.0,60.0,0,0,0,0.0,-72.33
3849,204553.75,800.44,87.0,79,-48.0,24.84,0.15,14.02,1,0,4,0,16,138,0,0,1,0,204553.75,111.0,0,261.12,16.89,40.23,0.0,2.24,0.0,0.0,60.0,60.0,0,0,0,0.0,-72.33
3850,202043.89,232.41,87.0,79,-48.0,23.43,0.14,14.02,1,0,4,0,18,107,0,0,0,0,202043.89,111.01,0,261.12,16.89,40.23,0.0,2.24,0.0,0.0,60.0,60.0,0,0,0,0.0,-72.33
3851,200788.96,1912.41,87.0,80,-48.0,23.9,0.14,14.02,1,0,4,0,35,87,0,0,0,0,200788.96,111.01,0,261.12,16.89,40.23,0.0,2.24,0.0,0.0,60.0,60.0,0,0,0,0.0,-72.33
3852,198279.1,1552.41,87.0,80,-48.0,21.56,0.13,13.82,0,2,0,0,138,92,0,0,1,2,198279.1,111.01,0,261.12,16.89,40.23,0.0,2.3,0.0,0.0,60.0,60.0,0,0,0,0.0,-72.33
3853,198279.1,1352.41,87.0,80,-48.0,22.03,0.13,13.92,1,2,4,0,167,97,0,0,1,2,198279.1,112.03,0,261.12,16.89,40.23,0.0,2.27,0.0,0.0,60.0,60.0,0,0,0,0.0,-72.33
3854,197024.17,1176.41,87.0,80,-48.0,21.56,0.12,14.02,1,0,0,0,171,101,0,0,0,2,197024.17,112.03,0,261.12,16.88,40.23,0.0,2.24,0.0,0.0,60.0,60.0,0,0,0,0.0,-72.33
3855,197024.17,960.41,87.75,80,-48.0,20.62,0.12,14.02,0,2,0,0,171,105,0,0,0,2,197024.17,112.04,0,261.12,16.88,40.23,0.0,2.24,0.0,0.0,60.0,60.0,0,0,0,0.0,-72.33
3856,194514.3,1256.44,87.75,80,-48.0,20.62,0.12,13.82,1,2,0,0,169,111,0,0,1,0,194514.3,112.04,0,261.12,16.88,40.23,0.0,2.3,0.0,0.0,60.0,60.0,0,0,0,0.0,-72.33
3857,200788.96,1896.44,87.75,80,-48.0,20.15,0.12,13.92,1,2,4,0,164,116,0,0,0,0,200788.96,113.06,0,261.12,16.87,40.23,0.0,2.27,0.0,0.0,60.0,60.0,0,0,0,0.0,-72.33
3858,224632.65,520.44,87.75,80,-48.0,19.68,0.11,14.02,1,0,0,0,157,119,0,0,1,0,224632.65,113.06,0,261.12,16.87,40.23,0.0,2.24,0.0,0.0,60.0,60.0,0,0,0,0.0,-72.33
3859,219612.92,1744.53,87.75,80,-48.0,21.09,0.12,14.02,0,2,0,0,73,119,0,0,1,2,219612.92,113.06,0,261.12,16.86,40.23,0.0,2.24,0.0,0.0,60.0,60.0,0,0,0,0.0,-72.65
3860,223377.72,1760.41,87.75,80,-48.0,17.34,0.1,13.92,1,2,0,0,25,120,0,0,1,0,223377.72,113.06,0,261.12,16.86,40.23,0.0,2.27,0.0,0.0,60.0,60.0,0,0,0,0.0,-72.65
3861,223377.72,1208.44,87.75,80,-48.0,17.34,0.1,14.02,1,2,4,0,15,120,0,0,1,0,223377.72,113.06,0,261.12,16.86,40.23,0.0,2.24,0.0,0.0,60.0,60.0,0,0,0,0.0,-72.65
3862,219612.92,760.44,87.75,80,-48.0,17.34,0.1,14.02,1,2,4,0,18,120,0,0,1,2,219612.92,114.09,0,261.12,16.86,40.23,0.0,2.24,0.0,0.0,60.0,60.0,0,0,0,0.0,-72.65
3863,213338.27,544.53,87.75,80,-48.0,20.15,0.12,13.92,1,0,4,0,84,121,0,0,1,0,213338.27,114.09,0,261.12,16.86,40.23,0.0,2.27,0.0,0.0,60.0,60.0,0,0,0,0.0,-72.65
3864,184474.86,168.53,87.75,80,-48.0,22.03,0.13,13.92,1,0,0,0,162,121,0,0,1,0,184474.86,114.09,0,261.12,16.86,40.23,0.0,2.27,0.0,0.0,60.0,60.0,0,0,0,0.0,-72.65
3865,154356.51,1624.5,87.75,80,-48.0,22.96,0.14,13.92,1,2,4,0,167,124,0,0,1,0,154356.51,114.09,0,249.86,16.87,40.23,0.0,2.27,0.0,0.0,60.0,60.0,0,0,0,0.0,-72.65
3866,160631.17,2032.84,87.75,80,-48.0,33.74,0.22,14.02,1,2,0,0,155,126,0,0,0,0,160631.17,113.07,0,247.81,16.89,40.23,0.0,2.24,0.0,0.0,60.0,60.0,0,0,0,0.0,-72.97
3867,166905.82,153.19,87.75,80,-48.0,44.05,0.33,14.02,1,0,0,0,68,123,0,0,0,2,166905.82,113.07,0,224.26,16.93,40.23,0.0,2.24,0.0,0.0,60.0,60.0,0,0,0,0.0,-73.3
3868,151846.65,609.28,87.75,80,-48.0,47.8,0.42,13.92,1,0,4,0,156,130,0,0,0,0,151846.65,113.06,0,194.56,17.15,40.23,0.0,2.27,0.0,0.0,60.0,60.0,0,0,0,0.0,-73.95
3869,146826.93,937.47,87.75,81,-48.0,54.83,0.53,13.92,0,0,4,0,174,170,0,0,0,2,146826.93,113.06,0,178.18,17.17,40.23,0.0,2.27,0.0,0.0,60.0,60.0,0,0,0,0.0,-73.62
3870,169401.04,1745.91,87.75,81,-48.0,64.2,0.79,14.02,1,2,0,0,21,122,0,0,0,2,175670.81,112.04,0,156.67,17.22,40.23,0.0,2.24,0.0,0.0,60.0,60.0,0,0,0,0.0,-74.6
3871,160616.52,993.84,87.75,81,-48.0,66.08,0.87,13.82,1,0,4,0,32,95,0,0,0,2,166886.29,112.04,0,144.38,17.22,40.23,0.0,2.3,0.0,0.0,60.0,60.0,0,0,0,0.0,-74.6
3872,168160.75,1505.88,87.75,81,-48.0,67.01,0.89,14.02,1,0,0,0,14,31,0,0,0,2,176911.09,112.04,0,147.46,17.22,40.23,0.0,2.24,0.0,0.0,60.0,60.0,0,0,0,0.0,-74.6
3873,171925.55,1618.0,87.75,81,-48.0,69.83,0.99,14.02,0,0,0,0,86,26,0,0,1,2,180675.88,112.04,0,147.46,17.22,40.23,0.0,2.24,0.0,0.0,60.0,60.0,0,0,0,0.0,-74.92
3874,171925.55,114.0,87.75,81,-48.0,70.29,1.01,13.82,1,0,0,0,162,127,0,0,1,2,180675.88,112.04,0,149.5,17.22,40.23,0.0,2.3,0.0,0.0,60.0,60.0,0,0,0,0.0,-74.92
3875,171925.55,26.0,87.75,80,-48.0,70.29,1.01,13.92,0,0,0,0,163,137,0,0,1,2,180675.88,111.01,0,153.6,17.22,40.23,0.0,2.27,0.0,0.0,60.0,60.0,0,0,0,0.0,-74.92
3876,170670.62,842.0,87.75,80,-48.0,70.29,1.02,14.02,1,2,4,0,99,138,0,0,1,2,179420.95,111.01,0,159.74,17.22,40.23,0.0,2.24,0.0,0.0,60.0,60.0,0,0,0,0.0,-74.6
3877,160631.17,209.62,87.75,80,-48.0,64.67,0.82,14.02,1,0,4,0,37,155,0,0,1,2,169381.5,111.01,0,164.86,17.22,40.23,0.0,2.24,0.0,0.0,60.0,60.0,0,0,0,0.0,-74.28
3878,160631.17,713.66,87.75,80,-48.0,63.26,0.78,13.92,1,0,4,0,158,154,0,0,1,2,169381.5,111.01,0,180.22,17.22,40.23,0.0,2.27,0.0,0.0,60.0,60.0,0,0,0,0.0,-74.28
3879,149331.91,81.53,87.75,80,-48.0,60.45,0.71,13.92,1,0,0,0,159,76,0,0,1,2,158082.24,109.98,0,188.42,17.22,40.23,0.0,2.27,0.0,0.0,60.0,60.0,0,0,0,0.0,-73.95
3880,148081.86,409.34,87.75,80,-48.0,56.7,0.61,14.02,0,2,0,0,143,48,0,0,1,2,158082.24,109.98,0,196.61,17.22,40.23,0.0,2.24,0.0,0.0,60.0,60.0,0,0,0,0.0,-73.95
3881,140552.27,209.12,87.75,80,-48.0,50.61,0.48,14.02,1,2,0,0,157,139,0,0,0,0,150552.66,109.98,0,212.99,17.15,40.23,0.0,2.24,0.0,0.0,60.0,60.0,0,0,0,0.0,-73.3
3882,138042.41,336.88,87.75,80,-48.0,44.05,0.36,13.92,0,0,4,0,89,171,0,0,0,0,146792.75,109.98,0,224.26,17.14,40.23,0.0,2.27,0.0,0.0,60.0,60.0,0,0,0,0.0,-73.3
3883,130512.82,32.5,87.75,80,-48.0,29.52,0.19,13.92,1,0,0,0,161,174,0,0,0,0,130512.82,109.98,0,237.57,17.02,40.23,0.0,2.27,0.0,0.0,60.0,60.0,0,0,0,0.0,-72.65
3884,149336.79,32.34,87.75,79,-48.0,22.96,0.13,14.12,1,0,4,0,166,175,0,0,1,2,149336.79,108.96,0,256.0,16.91,40.23,0.0,2.22,0.0,0.0,60.0,60.0,0,0,0,0.0,-72.33
3885,169415.68,776.38,87.75,79,-48.0,22.49,0.13,14.12,0,2,4,0,169,177,0,0,1,2,169415.68,108.96,0,261.12,16.9,40.23,0.0,2.22,0.0,0.0,60.0,60.0,0,0,0,0.0,-72.33
3886,183219.93,1072.38,87.75,79,-48.0,22.03,0.13,13.82,0,0,0,0,151,176,0,0,1,0,183219.93,108.96,0,261.12,16.9,40.23,0.0,2.3,0.0,0.0,60.0,60.0,0,0,0,0.0,-72.33
3887,194514.3,928.38,87.75,79,-48.0,22.03,0.13,13.92,1,2,0,0,47,172,0,0,1,0,194514.3,108.96,0,261.12,16.9,40.23,0.0,2.27,0.0,0.0,60.0,60.0,0,0,0,0.0,-72.33
3888,198279.1,1640.41,87.75,80,-48.0,22.03,0.13,14.02,0,2,4,0,12,169,0,0,1,2,198279.1,109.98,0,261.12,16.89,40.23,0.0,2.24,0.0,0.0,60.0,60.0,0,0,0,0.0,-72.33
3889,199534.03,64.38,87.75,80,-48.0,22.03,0.12,13.82,0,2,0,0,10,165,0,0,1,2,199534.03,109.98,0,261.12,16.89,40.23,0.0,2.3,0.0,0.0,60.0,60.0,0,0,0,0.0,-72.33
3890,199534.03,104.38,87.75,80,-48.0,21.56,0.12,13.92,0,0,4,0,11,162,0,0,1,2,199534.03,109.99,0,261.12,16.89,40.23,0.0,2.27,0.0,0.0,60.0,60.0,0,0,0,0.0,-72.33
3891,198279.1,88.41,87.75,80,-48.0,21.56,0.12,14.02,1,0,4,0,14,159,0,0,1,2,198279.1,109.99,0,261.12,16.89,40.23,0.0,2.24,0.0,0.0,60.0,60.0,0,0,0,0.0,-72.33
3892,197024.17,432.41,87.75,80,-48.0,22.03,0.12,14.02,0,0,0,0,31,157,0,0,0,2,197024.17,111.01,0,261.12,16.89,40.23,0.0,2.24,0.0,0.0,60.0,60.0,0,0,0,0.0,-72.33
3893,195769.24,640.41,87.75,80,-48.0,21.09,0.12,13.82,1,2,0,0,90,154,0,0,0,2,195769.24,111.01,0,261.12,16.88,40.23,0.0,2.3,0.0,0.0,60.0,60.0,0,0,0,0.0,-72.33
3894,195769.24,968.41,87.75,80,-48.0,21.09,0.12,13.92,0,0,4,0,146,153,0,0,0,2,195769.24,111.01,0,261.12,16.88,40.23,0.0,2.27,0.0,0.0,60.0,60.0,0,0,0,0.0,-72.33
3895,195769.24,1480.41,87.75,80,-48.0,20.62,0.12,14.02,1,2,4,0,163,152,0,0,0,2,195769.24,111.02,0,261.12,16.88,40.23,0.0,2.24,0.0,0.0,60.0,60.0,0,0,0,0.0,-72.33
3896,200788.96,176.44,87.75,80,-48.0,20.62,0.12,14.02,0,2,0,0,166,150,0,0,0,0,200788.96,111.02,0,261.12,16.88,40.23,0.0,2.24,0.0,0.0,60.0,60.0,0,0,0,0.0,-72.33
3897,224632.65,608.44,87.75,80,-48.0,19.68,0.11,13.82,0,2,0,0,161,149,0,0,1,0,224632.65,112.04,0,261.12,16.87,40.23,0.0,2.3,0.0,0.0,60.0,60.0,0,0,0,0.0,-72.33
3898,219612.92,880.44,87.75,80,-48.0,18.75,0.11,14.02,1,0,0,0,151,149,0,0,1,2,219612.92,112.04,0,261.12,16.86,40.23,0.0,2.24,0.0,0.0,60.0,60.0,0,0,0,0.0,-72.33
3899,215848.13,1688.47,87.75,80,-48.0,17.34,0.1,14.02,0,0,0,0,101,148,0,0,0,2,215848.13,112.04,0,261.12,16.86,40.23,0.0,2.24,0.0,0.0,60.0,60.0,0,0,0,0.0,-72.65
3900,219612.92,1000.47,87.75,80,-48.0,16.4,0.1,13.82,0,2,0,0,50,147,0,0,1,2,219612.92,112.04,0,261.12,16.85,40.23,0.0,2.3,0.0,0.0,60.0,60.0,0,0,0,0.0,-72.65
3901,217103.06,1464.47,87.75,80,-48.0,17.81,0.1,13.92,1,0,4,0,152,146,0,0,0,2,217103.06,113.07,0,261.12,16.85,40.23,0.0,2.27,0.0,0.0,60.0,60.0,0,0,0,0.0,-72.65
3902,219612.92,1416.47,87.75,80,-48.0,17.34,0.1,14.02,1,0,0,0,160,145,0,0,1,2,219612.92,113.07,0,261.12,16.85,40.23,0.0,2.24,0.0,0.0,60.0,60.0,0,0,0,0.0,-72.65
3903,222122.79,680.44,87.75,80,-48.0,16.87,0.1,14.02,1,0,0,0,165,145,0,0,0,0,222122.79,113.07,0,261.12,16.86,40.23,0.0,2.24,0.0,0.0,60.0,60.0,0,0,0,0.0,-72.65
3904,224632.65,1208.41,87.75,81,-48.0,18.28,0.1,13.92,1,2,0,0,163,145,0,0,1,0,224632.65,113.07,0,261.12,16.86,40.23,0.0,2.27,0.0,0.0,60.0,60.0,0,0,0,0.0,-72.33
3905,222122.79,680.41,87.75,81,-48.0,17.34,0.1,14.02,0,0,4,0,147,145,0,0,0,0,222122.79,114.1,0,261.12,16.86,40.23,0.0,2.24,0.0,0.0,60.0,60.0,0,0,0,0.0,-72.33
3906,218357.99,1008.44,87.75,81,-48.0,17.81,0.1,13.82,1,2,4,0,36,144,0,0,1,2,218357.99,114.1,0,261.12,16.86,40.23,0.0,2.3,0.0,0.0,60.0,60.0,0,0,0,0.0,-72.65
3907,219612.92,1632.47,87.75,81,-48.0,17.81,0.1,13.82,1,2,0,0,14,144,0,0,1,2,219612.92,114.1,0,261.12,16.86,40.23,0.0,2.3,0.0,0.0,60.0,60.0,0,0,0,0.0,-72.65
3908,218357.99,216.47,87.75,81,-48.0,17.81,0.1,14.02,0,2,4,0,14,143,0,0,1,2,218357.99,114.1,0,261.12,16.85,40.23,0.0,2.24,0.0,0.0,60.0,60.0,0,0,0,0.0,-72.65
3909,218357.99,616.47,87.75,81,-48.0,16.87,0.1,14.02,0,0,4,0,24,143,0,0,1,2,218357.99,114.1,0,261.12,16.85,40.23,0.0,2.24,0.0,0.0,60.0,60.0,0,0,0,0.0,-72.65
3910,215848.13,1096.5,87.75,81,-48.0,17.34,0.1,14.02,0,0,4,0,88,142,0,0,0,2,215848.13,114.1,0,261.12,16.85,40.23,0.0,2.24,0.0,0.0,60.0,60.0,0,0,0,0.0,-72.65
3911,213338.27,128.53,87.75,81,-48.0,17.81,0.1,13.92,1,2,0,0,150,141,0,0,1,0,213338.27,114.1,0,260.1,16.85,40.23,0.0,2.27,0.0,0.0,60.0,60.0,0,0,0,0.0,-72.65
3912,214593.2,1264.53,87.75,81,-48.0,17.34,0.1,13.92,1,0,0,0,162,141,0,0,1,0,214593.2,114.1,0,237.57,16.85,40.23,0.0,2.27,0.0,0.0,60.0,60.0,0,0,0,0.0,-72.65
3913,204553.75,808.59,87.75,81,-48.0,18.28,0.1,13.92,1,0,0,0,166,141,0,0,1,0,204553.75,114.1,0,239.62,16.85,40.23,0.0,2.27,0.0,0.0,60.0,60.0,0,0,0,0.0,-72.65
3914,195769.24,1816.53,87.75,81,-48.0,14.53,0.09,13.82,1,2,0,0,167,141,0,0,0,2,195769.24,113.07,0,225.28,16.85,40.23,0.0,2.3,0.0,0.0,60.0,60.0,0,0,0,0.0,-72.65
3915,192004.44,664.5,87.75,82,-48.0,13.59,0.08,14.02,1,0,0,0,167,141,0,0,0,0,192004.44,113.07,0,241.66,16.85,40.23,0.0,2.24,0.0,0.0,60.0,60.0,0,0,0,0.0,-72.65
3916,209573.48,1000.62,87.75,82,-48.0,16.87,0.1,14.02,1,2,0,0,170,142,0,0,1,2,209573.48,113.08,0,249.86,16.85,40.23,0.0,2.24,0.0,0.0,60.0,60.0,0,0,0,0.0,-72.65
3917,204553.75,408.62,88.5,82,-48.0,17.34,0.1,13.82,1,0,4,0,172,146,0,0,1,0,204553.75,113.08,0,260.1,16.85,40.23,0.0,2.3,0.0,0.0,60.0,60.0,0,0,0,0.0,-72.65
3918,202043.89,288.66,88.5,82,-48.0,17.34,0.1,13.71,0,0,0,0,166,152,0,0,0,0,202043.89,113.08,0,252.93,16.85,40.23,0.0,2.32,0.0,0.0,60.0,60.0,0,0,0,0.0,-72.65
3919,203298.82,1504.66,88.5,82,-48.0,16.87,0.1,14.02,1,0,0,0,151,157,0,0,1,0,203298.82,113.08,0,247.81,16.85,40.23,0.0,2.24,0.0,0.0,60.0,60.0,0,0,0,0.0,-72.65
3920,204553.75,416.62,88.5,82,-48.0,16.87,0.1,14.02,1,0,4,0,55,158,0,0,1,0,204553.75,113.08,0,247.81,16.85,40.23,0.0,2.24,0.0,0.0,60.0,60.0,0,0,0,0.0,-72.65
3921,204553.75,560.91,88.5,82,-48.0,26.71,0.15,14.02,0,0,0,0,21,158,0,0,1,0,204553.75,113.07,0,240.64,40.73,46.48,0.0,2.24,0.0,0.0,60.0,60.0,0,0,0,0.0,-72.97
3922,180710.06,1072.78,88.5,82,-48.0,28.59,0.17,13.92,1,0,0,0,14,156,0,0,0,0,180710.06,113.07,0,221.18,40.74,46.48,0.0,2.27,0.0,0.0,60.0,60.0,0,0,0,0.0,-72.97
3923,150591.72,624.75,88.5,82,-48.0,31.4,0.19,14.02,1,2,4,0,20,152,0,0,0,0,150591.72,112.05,0,184.32,40.78,46.48,0.0,2.24,0.0,0.0,60.0,60.0,0,0,0,0.0,-72.97
3924,146826.93,496.53,88.5,82,-48.0,22.49,0.14,14.02,0,2,0,0,29,150,0,0,0,2,146826.93,112.05,0,183.3,40.78,46.48,0.0,2.24,0.0,0.0,60.0,60.0,0,0,0,0.0,-72.97
3925,150591.72,760.47,88.5,82,-48.0,19.21,0.11,13.82,0,0,0,0,22,149,0,0,0,0,150591.72,112.04,0,199.68,40.75,46.48,0.0,2.3,0.0,0.0,60.0,60.0,0,0,0,0.0,-72.65
3926,154356.51,96.53,88.5,82,-48.0,18.75,0.11,14.02,1,0,4,0,93,147,0,0,1,0,154356.51,112.04,0,223.23,40.73,46.48,0.0,2.24,0.0,0.0,60.0,60.0,0,0,0,0.0,-72.65
3927,158121.31,944.88,88.5,82,-48.0,27.65,0.17,14.02,0,0,4,0,26,146,0,0,1,2,158121.31,113.07,0,227.33,40.73,46.48,0.0,2.24,0.0,0.0,60.0,60.0,0,0,0,0.0,-72.97
3928,160631.17,1528.84,88.5,82,-48.0,28.12,0.17,13.92,0,2,0,0,17,145,0,0,0,0,160631.17,113.07,0,203.78,40.74,46.48,0.0,2.27,0.0,0.0,60.0,60.0,0,0,0,0.0,-73.3
3929,154356.51,1192.78,88.5,82,-48.0,28.59,0.18,14.02,1,0,4,0,136,144,0,0,1,0,154356.51,113.06,0,183.3,40.76,46.48,0.0,2.24,0.0,0.0,60.0,60.0,0,0,0,0.0,-72.97
3930,150591.72,1712.78,88.5,82,-48.0,30.46,0.19,14.02,0,0,0,0,175,152,0,0,0,0,150591.72,113.06,0,178.18,40.76,46.48,0.0,2.24,0.0,0.0,60.0,60.0,0,0,0,0.0,-72.97
3931,148081.86,576.78,88.5,82,-48.0,30.46,0.19,13.82,0,2,4,0,174,160,0,0,1,2,148081.86,113.06,0,178.18,40.77,46.48,0.0,2.3,0.0,0.0,60.0,60.0,0,0,0,0.0,-72.97
3932,146826.93,848.75,88.5,83,-48.0,29.99,0.19,13.92,0,2,4,0,167,160,0,0,0,2,146826.93,114.09,0,176.13,40.77,46.48,0.0,2.27,0.0,0.0,60.0,60.0,0,0,0,0.0,-72.97
3933,149336.79,1288.81,88.5,83,-48.0,31.4,0.2,14.02,0,0,0,0,119,157,0,0,1,2,149336.79,114.09,0,184.32,40.78,46.48,0.0,2.24,0.0,0.0,60.0,60.0,0,0,0,0.0,-72.97
3934,149336.79,744.53,88.5,82,-48.0,22.03,0.14,14.02,0,0,4,0,39,151,0,0,1,2,149336.79,114.08,0,189.44,40.78,46.48,0.0,2.24,0.0,0.0,60.0,60.0,0,0,0,0.0,-72.97
3935,153101.58,1808.41,88.5,82,-48.0,16.4,0.1,13.92,1,2,0,0,83,146,0,0,1,0,153101.58,114.08,0,202.75,40.75,46.48,0.0,2.27,0.0,0.0,60.0,60.0,0,0,0,0.0,-72.65
3936,156866.38,352.47,88.5,82,-48.0,16.4,0.09,14.02,1,0,0,0,164,146,0,0,0,2,156866.38,115.11,0,231.42,40.73,46.48,0.0,2.24,0.0,0.0,60.0,60.0,0,0,0,0.0,-72.65
3937,160631.17,944.47,88.5,82,-48.0,16.4,0.09,14.02,1,2,0,0,161,145,0,0,0,0,160631.17,115.11,0,241.66,40.73,46.48,0.0,2.24,0.0,0.0,60.0,60.0,0,0,0,0.0,-72.65
3938,163141.03,1544.47,88.5,82,-48.0,16.4,0.09,13.82,0,0,4,0,152,144,0,0,1,0,163141.03,115.11,0,242.69,40.73,46.48,0.0,2.3,0.0,0.0,60.0,60.0,0,0,0,0.0,-72.65
3939,166905.82,592.44,88.5,82,-48.0,15.0,0.09,13.92,1,0,4,0,126,143,0,0,0,2,166905.82,115.11,0,239.62,40.73,46.48,0.0,2.27,0.0,0.0,60.0,60.0,0,0,0,0.0,-72.65
3940,169415.68,1680.44,88.5,82,-48.0,15.0,0.09,14.02,1,2,0,0,81,141,0,0,1,2,169415.68,116.14,0,238.59,40.73,46.48,0.0,2.24,0.0,0.0,60.0,60.0,0,0,0,0.0,-72.65
3941,173180.48,1944.47,88.5,82,-48.0,15.0,0.09,14.02,1,2,0,0,32,140,0,0,1,0,173180.48,116.14,0,237.57,40.73,46.48,0.0,2.24,0.0,0.0,60.0,60.0,0,0,0,0.0,-72.65
3942,175690.34,488.47,88.5,82,-48.0,15.0,0.09,13.82,0,0,0,0,17,140,0,0,0,2,175690.34,116.14,0,234.5,40.73,46.48,0.0,2.3,0.0,0.0,60.0,60.0,0,0,0,0.0,-72.65
3943,179455.13,1152.5,88.5,83,-48.0,14.06,0.09,14.02,0,2,0,0,18,139,0,0,1,2,179455.13,116.14,0,227.33,40.72,46.48,0.0,2.24,0.0,0.0,60.0,60.0,0,0,0,0.0,-72.65
3944,181964.99,1696.5,88.5,83,-48.0,14.53,0.09,13.92,1,2,0,0,73,139,0,0,0,0,181964.99,116.14,0,219.14,40.72,46.48,0.0,2.27,0.0,0.0,60.0,60.0,0,0,0,0.0,-72.65
3945,184474.86,616.53,88.5,83,-48.0,15.0,0.09,13.92,1,2,4,0,154,138,0,0,1,0,184474.86,117.16,0,208.9,40.72,46.48,0.0,2.27,0.0,0.0,60.0,60.0,0,0,0,0.0,-72.65
3946,186984.72,1664.53,88.5,83,-48.0,14.53,0.09,13.82,0,0,0,0,166,138,0,0,0,2,186984.72,117.16,0,190.46,40.72,46.48,0.0,2.3,0.0,0.0,60.0,60.0,0,0,0,0.0,-72.65
3947,189494.58,320.56,88.5,83,-48.0,15.0,0.09,13.92,1,0,4,0,168,139,0,0,1,2,189494.58,117.17,0,171.01,40.72,46.48,0.0,2.27,0.0,0.0,60.0,60.0,0,0,0,0.0,-72.65
3948,192004.44,1016.56,88.5,83,-48.0,14.53,0.09,13.92,1,2,0,0,168,140,0,0,0,0,192004.44,117.17,0,151.55,40.72,46.48,0.0,2.27,0.0,0.0,60.0,60.0,0,0,0,0.0,-72.65
3949,188239.65,1424.66,88.5,83,-48.0,16.87,0.1,13.82,0,2,4,0,165,142,0,0,1,2,188239.65,118.19,0,135.17,40.73,46.48,0.0,2.3,0.0,0.0,60.0,60.0,0,0,0,0.0,-72.65
3950,189494.58,920.62,88.5,83,-48.0,16.4,0.09,13.92,0,2,4,0,157,144,0,0,1,2,189494.58,118.19,0,113.66,40.73,46.48,0.0,2.27,0.0,0.0,60.0,60.0,0,0,0,0.0,-72.65
3951,194514.3,1120.62,88.5,83,-48.0,15.93,0.09,14.02,0,2,0,0,111,145,0,0,1,0,194514.3,118.2,0,89.09,40.73,46.48,0.0,2.24,0.0,0.0,60.0,60.0,0,0,0,0.0,-72.97
3952,205808.68,880.62,88.5,83,-48.0,15.93,0.09,13.71,1,0,4,0,36,147,0,0,0,2,205808.68,118.2,0,77.82,40.73,46.48,0.0,2.32,0.0,0.0,60.0,60.0,0,0,0,0.0,-72.97
3953,210828.41,1792.56,88.5,83,-48.0,15.0,0.09,13.92,1,0,0,0,20,148,0,0,0,0,210828.41,118.2,0,61.44,40.73,46.48,0.0,2.27,0.0,0.0,60.0,60.0,0,0,0,0.0,-72.65
3954,210828.41,1920.53,88.5,83,-48.0,14.53,0.09,14.02,1,0,4,0,30,149,0,0,0,0,210828.41,119.22,0,48.13,40.73,46.48,0.0,2.24,0.0,0.0,60.0,60.0,0,0,0,0.0,-72.65
3955,208318.55,1360.53,88.5,83,-48.0,14.06,0.09,14.02,1,2,4,0,136,149,0,0,1,2,208318.55,119.22,0,41.98,40.72,46.48,0.0,2.24,0.0,0.0,60.0,60.0,0,0,0,0.0,-72.65
3956,205808.68,32.56,88.5,83,-48.0,15.0,0.09,13.61,1,0,0,0,116,149,0,0,0,2,205808.68,119.22,0,28.67,40.72,46.48,0.0,2.35,0.0,0.0,60.0,60.0,0,0,0,0.0,-72.65
3957,205808.68,408.53,88.5,83,-48.0,14.53,0.08,14.02,1,2,4,0,23,149,0,0,0,2,205808.68,119.22,0,15.36,40.73,46.48,0.0,2.24,0.0,0.0,60.0,60.0,0,0,0,0.0,-72.65
3958,210828.41,240.53,88.5,83,-48.0,14.53,0.09,13.92,1,2,0,0,15,148,0,0,0,0,210828.41,120.24,0,0.0,40.73,46.48,0.0,2.27,0.0,0.0,60.0,60.0,0,0,0,0.0,-72.65
3959,214593.2,840.53,88.5,83,-48.0,14.06,0.08,14.02,1,0,4,0,15,147,0,0,1,0,214593.2,120.24,0,0.0,40.72,46.48,0.0,2.24,0.0,0.0,60.0,60.0,0,0,0,0.0,-72.65
3960,210828.41,584.53,88.5,83,-48.0,14.06,0.08,13.82,0,0,4,0,25,147,0,0,0,0,210828.41,120.24,0,0.0,40.72,46.48,0.0,2.3,0.0,0.0,60.0,60.0,0,0,0,0.0,-72.65
3961,208318.55,1584.53,88.5,83,-48.0,14.06,0.09,13.82,1,2,4,0,32,146,0,0,1,2,208318.55,120.24,0,0.0,40.72,46.48,0.0,2.3,0.0,0.0,60.0,60.0,0,0,0,0.0,-72.65
3962,208318.55,1216.53,88.5,83,-48.0,14.06,0.08,13.92,1,0,0,0,22,146,0,0,1,2,208318.55,121.27,0,0.0,40.72,46.48,0.0,2.27,0.0,0.0,60.0,60.0,0,0,0,0.0,-72.65
3963,202043.89,408.5,88.5,83,-48.0,12.65,0.08,13.92,1,2,4,0,21,145,0,0,0,0,202043.89,121.27,0,14.34,40.72,46.48,0.0,2.27,0.0,0.0,60.0,60.0,0,0,0,0.0,-72.65
3964,183219.93,808.44,88.5,83,-48.0,12.18,0.07,13.92,1,2,4,0,106,145,0,0,1,0,183219.93,121.27,0,14.34,40.72,46.48,0.0,2.27,0.0,0.0,60.0,60.0,0,0,0,0.0,-72.65
3965,219612.92,912.38,88.5,83,-48.0,12.18,0.07,13.82,0,2,4,0,163,145,0,0,1,2,219612.92,121.27,0,14.34,40.73,46.48,0.0,2.3,0.0,0.0,60.0,60.0,0,0,0,0.0,-72.65
3966,219612.92,1656.38,88.5,83,-48.0,12.18,0.07,14.02,0,2,4,0,159,146,0,0,1,2,219612.92,121.27,0,14.34,57.56,48.44,0.0,2.24,0.0,0.0,60.0,60.0,0,0,0,0.0,-72.65
3967,213338.27,488.41,89.25,83,-48.0,12.18,0.07,13.92,1,2,4,0,57,146,0,0,1,0,213338.27,122.3,0,14.34,57.56,48.44,0.0,2.27,0.0,0.0,60.0,60.0,0,0,0,0.0,-72.65
3968,215848.13,328.38,89.25,83,-48.0,12.18,0.07,13.82,1,0,4,0,14,145,0,0,0,2,215848.13,122.3,0,14.34,57.56,48.44,0.0,2.3,0.0,0.0,60.0,60.0,0,0,0,0.0,-72.65
3969,213338.27,680.41,89.25,83,-48.0,12.18,0.07,13.82,1,0,0,0,12,144,0,0,1,0,213338.27,122.29,0,14.34,57.56,48.44,0.0,2.3,0.0,0.0,60.0,60.0,0,0,0,0.0,-72.65
3970,213338.27,200.38,89.25,83,-48.0,11.72,0.07,14.02,1,0,4,0,13,142,0,0,1,0,213338.27,122.29,0,14.34,57.56,48.44,0.0,2.24,0.0,0.0,60.0,60.0,0,0,0,0.0,-72.65
3971,212083.34,288.41,89.25,83,-48.0,11.72,0.07,13.92,0,0,4,0,19,143,0,0,0,0,212083.34,123.32,0,14.34,57.56,48.44,0.0,2.27,0.0,0.0,60.0,60.0,0,0,0,0.0,-72.65
3972,208318.55,472.41,89.25,83,-48.0,11.72,0.07,13.82,1,0,4,0,85,141,0,0,1,2,208318.55,123.32,0,14.34,57.56,48.44,0.0,2.3,0.0,0.0,60.0,60.0,0,0,0,0.0,-72.65
3973,208318.55,528.41,89.25,83,-48.0,11.72,0.07,13.92,0,0,4,0,155,141,0,0,1,2,208318.55,123.32,0,14.34,57.56,48.44,0.0,2.27,0.0,0.0,60.0,60.0,0,0,0,0.0,-72.65
3974,210828.41,656.41,89.25,83,-48.0,11.72,0.07,13.92,0,2,0,0,171,141,0,0,0,0,210828.41,123.32,0,14.34,57.56,48.44,0.0,2.27,0.0,0.0,60.0,60.0,0,0,0,0.0,-72.65
3975,207063.61,240.41,89.25,83,-48.0,11.25,0.07,13.82,0,0,0,0,175,143,0,0,0,2,207063.61,123.32,0,14.34,57.56,48.44,0.0,2.3,0.0,0.0,60.0,60.0,0,0,0,0.0,-72.65
3976,207063.61,448.41,89.25,83,-48.0,11.72,0.07,13.92,0,2,0,0,177,146,0,0,0,2,207063.61,124.34,0,14.34,57.56,48.44,0.0,2.27,0.0,0.0,60.0,60.0,0,0,0,0.0,-72.65
3977,205808.68,720.41,89.25,83,-48.0,11.72,0.07,14.02,0,2,4,0,177,154,0,0,0,2,205808.68,124.34,0,14.34,57.56,48.44,0.0,2.24,0.0,0.0,60.0,60.0,0,0,0,0.0,-72.65
3978,204553.75,880.41,89.25,83,-48.0,11.72,0.07,13.92,0,0,0,0,176,160,0,0,1,0,204553.75,124.34,0,14.34,57.56,48.44,0.0,2.27,0.0,0.0,60.0,60.0,0,0,0,0.0,-72.65
3979,204553.75,832.41,89.25,83,-48.0,11.72,0.07,13.82,0,0,0,0,175,164,0,0,1,0,204553.75,124.34,0,14.34,57.56,48.44,0.0,2.3,0.0,0.0,60.0,60.0,0,0,0,0.0,-72.65
3980,208318.55,536.41,89.25,83,-48.0,11.72,0.07,14.02,0,0,4,0,175,167,0,0,1,2,208318.55,125.37,0,14.34,57.56,48.44,0.0,2.24,0.0,0.0,60.0,60.0,0,0,0,0.0,-72.65
3981,205808.68,592.41,89.25,83,-48.0,11.25,0.07,13.82,0,2,4,0,175,168,0,0,0,2,205808.68,125.37,0,14.34,57.56,48.44,0.0,2.3,0.0,0.0,60.0,60.0,0,0,0,0.0,-72.65
3982,205808.68,576.41,89.25,83,-48.0,11.72,0.07,13.82,0,0,0,0,174,168,0,0,0,2,205808.68,125.36,0,14.34,57.56,48.44,0.0,2.3,0.0,0.0,60.0,60.0,0,0,0,0.0,-72.65
3983,204553.75,736.41,89.25,83,-48.0,11.72,0.07,13.92,1,2,4,0,173,168,0,0,1,0,204553.75,125.36,0,14.34,57.56,48.44,0.0,2.27,0.0,0.0,60.0,60.0,0,0,0,0.0,-72.65
3984,205808.68,592.41,89.25,83,-48.0,11.72,0.07,13.82,0,2,4,0,172,168,0,0,0,2,205808.68,126.39,0,14.34,57.56,48.44,0.0,2.3,0.0,0.0,60.0,60.0,0,0,0,0.0,-72.65
3985,200788.96,1168.41,89.25,83,-48.0,11.72,0.07,14.02,1,0,0,0,171,168,0,0,0,0,200788.96,126.39,0,14.34,57.56,48.44,0.0,2.24,0.0,0.0,60.0,60.0,0,0,0,0.0,-72.65
3986,204553.75,712.41,89.25,83,-48.0,11.25,0.07,13.82,0,0,0,0,171,167,0,0,1,0,204553.75,126.38,0,14.34,57.56,48.44,0.0,2.3,0.0,0.0,60.0,60.0,0,0,0,0.0,-72.65
3987,202043.89,624.41,89.25,83,-48.0,11.25,0.07,13.92,1,0,0,0,169,167,0,0,0,0,202043.89,126.38,0,14.34,57.56,48.44,0.0,2.27,0.0,0.0,60.0,60.0,0,0,0,0.0,-72.65
3988,202043.89,856.41,89.25,83,-48.0,11.72,0.07,14.02,0,2,0,0,169,166,0,0,0,0,202043.89,127.41,0,14.34,57.56,48.44,0.0,2.24,0.0,0.0,60.0,60.0,0,0,0,0.0,-72.65
3989,200788.96,600.41,89.25,83,-48.0,11.72,0.07,13.82,1,0,4,0,167,165,0,0,0,0,200788.96,127.41,0,14.34,57.56,48.44,0.0,2.3,0.0,0.0,60.0,60.0,0,0,0,0.0,-72.65
3990,200788.96,1064.41,89.25,83,-48.0,11.72,0.07,13.82,1,2,0,0,166,164,0,0,0,0,200788.96,127.41,0,14.34,57.56,48.44,0.0,2.3,0.0,0.0,60.0,60.0,0,0,0,0.0,-72.65
3991,202043.89,808.41,89.25,83,-48.0,11.25,0.07,13.92,1,0,0,0,164,164,0,0,0,0,202043.89,127.41,0,14.34,57.56,48.44,0.0,2.27,0.0,0.0,60.0,60.0,0,0,0,0.0,-72.65
3992,198279.1,624.41,89.25,83,-48.0,11.25,0.07,14.02,0,2,0,0,162,162,0,0,1,2,198279.1,127.41,0,14.34,57.56,48.44,0.0,2.24,0.0,0.0,60.0,60.0,0,0,0,0.0,-72.65
3993,200788.96,936.41,90.0,83,-48.0,11.72,0.07,13.92,1,0,0,0,161,161,0,0,0,0,200788.96,128.43,0,14.34,57.56,48.44,0.0,2.27,0.0,0.0,60.0,60.0,0,0,0,0.0,-72.65
3994,195769.24,872.41,90.0,83,-48.0,11.25,0.07,13.82,1,0,4,0,158,160,0,0,0,2,195769.24,128.43,0,14.34,57.56,48.44,0.0,2.3,0.0,0.0,60.0,60.0,0,0,0,0.0,-72.65
3995,192004.44,1152.41,90.0,83,-48.0,11.72,0.07,13.92,0,2,4,0,155,159,0,0,0,0,192004.44,128.43,0,14.34,57.56,48.44,0.0,2.27,0.0,0.0,60.0,60.0,0,0,0,0.0,-72.65
3996,195769.24,992.41,90.0,83,-48.0,11.72,0.07,14.02,1,2,0,0,150,158,0,0,0,2,195769.24,128.43,0,14.34,57.56,48.44,0.0,2.24,0.0,0.0,60.0,60.0,0,0,0,0.0,-72.65
3997,198279.1,1344.41,90.0,83,-48.0,11.72,0.07,13.92,0,2,0,0,145,157,0,0,1,2,198279.1,129.46,0,14.34,57.56,48.44,0.0,2.27,0.0,0.0,60.0,60.0,0,0,0,0.0,-72.65
3998,202043.89,1352.41,90.0,83,-48.0,11.72,0.07,13.82,1,2,4,0,141,157,0,0,0,0,202043.89,129.46,0,14.34,57.56,48.44,0.0,2.3,0.0,0.0,60.0,60.0,0,0,0,0.0,-72.65
3999,198279.1,1096.41,90.0,83,-48.0,11.72,0.07,13.92,0,0,4,0,126,155,0,0,1,2,198279.1,129.46,0,14.34,57.56,48.44,0.0,2.27,0.0,0.0,60.0,60.0,0,0,0,0.0,-72.65
4000,195769.24,1152.41,90.0,83,-48.0,11.72,0.07,14.02,1,2,4,0,65,154,0,0,0,2,195769.24,129.46,0,14.34,57.56,48.44,0.0,2.24,0.0,0.0,60.0,60.0,0,0,0,0.0,-72.65
4001,200788.96,1056.41,90.0,83,-48.0,11.72,0.07,14.02,1,0,0,0,36,154,0,0,0,0,200788.96,129.46,0,14.34,57.56,48.44,0.0,2.24,0.0,0.0,60.0,60.0,0,0,0,0.0,-72.65
4002,197024.17,1192.41,90.0,83,-48.0,11.72,0.07,13.82,0,2,4,0,21,153,0,0,0,2,197024.17,130.48,0,14.34,57.56,48.44,0.0,2.3,0.0,0.0,60.0,60.0,0,0,0,0.0,-72.65
4003,203298.82,1192.41,90.0,83,-48.0,11.25,0.07,13.82,0,2,0,0,17,152,0,0,1,0,203298.82,130.48,0,14.34,57.56,48.44,0.0,2.3,0.0,0.0,60.0,60.0,0,0,0,0.0,-72.65
4004,203298.82,1192.41,90.0,83,-48.0,11.72,0.07,13.92,0,2,0,0,17,152,0,0,1,0,203298.82,130.48,0,14.34,57.56,48.44,0.0,2.27,0.0,0.0,60.0,60.0,0,0,0,0.0,-72.65
4005,203298.82,1016.41,90.0,83,-48.0,11.25,0.07,14.02,0,0,0,0,18,151,0,0,1,0,203298.82,130.48,0,14.34,57.56,48.44,0.0,2.24,0.0,0.0,60.0,60.0,0,0,0,0.0,-72.65
4006,199534.03,864.41,90.0,83,-48.0,11.72,0.07,13.82,0,2,0,0,22,151,0,0,1,2,199534.03,131.5,0,14.34,57.56,48.44,0.0,2.3,0.0,0.0,60.0,60.0,0,0,0,0.0,-72.65
4007,200788.96,960.41,90.0,83,-48.0,11.72,0.07,13.82,1,0,0,0,88,152,0,0,0,0,200788.96,131.5,0,14.34,57.56,48.44,0.0,2.3,0.0,0.0,60.0,60.0,0,0,0,0.0,-72.65
4008,199534.03,1064.41,90.0,83,-48.0,11.72,0.07,14.02,1,2,0,0,151,152,0,0,1,2,199534.03,131.5,0,14.34,57.56,48.44,0.0,2.24,0.0,0.0,60.0,60.0,0,0,0,0.0,-72.65
4009,203298.82,896.41,90.0,83,-48.0,11.72,0.07,14.02,0,2,4,0,162,152,0,0,1,0,203298.82,131.5,0,14.34,57.56,48.44,0.0,2.24,0.0,0.0,60.0,60.0,0,0,0,0.0,-72.65
4010,203298.82,1048.41,90.0,83,-48.0,11.72,0.07,13.82,0,0,4,0,164,152,0,0,1,0,203298.82,131.5,0,14.34,57.56,48.44,0.0,2.3,0.0,0.0,60.0,60.0,0,0,0,0.0,-72.65
4011,200788.96,736.41,90.0,83,-48.0,11.25,0.07,13.92,0,0,0,0,162,151,0,0,0,0,200788.96,132.53,0,14.34,57.56,48.44,0.0,2.27,0.0,0.0,60.0,60.0,0,0,0,0.0,-72.65
4012,200788.96,1248.41,90.0,83,-48.0,12.18,0.07,14.02,1,2,0,0,156,152,0,0,0,0,200788.96,132.53,0,14.34,57.56,48.44,0.0,2.24,0.0,0.0,60.0,60.0,0,0,0,0.0,-72.65
4013,202043.89,1224.41,90.0,83,-48.0,11.72,0.07,13.92,1,2,4,0,139,151,0,0,0,0,202043.89,132.53,0,14.34,57.56,48.44,0.0,2.27,0.0,0.0,60.0,60.0,0,0,0,0.0,-72.65
4014,204553.75,1352.41,90.0,83,-48.0,11.72,0.07,13.92,1,2,0,0,55,150,0,0,1,0,204553.75,132.53,0,14.34,57.56,48.44,0.0,2.27,0.0,0.0,60.0,60.0,0,0,0,0.0,-72.65
4015,203298.82,1392.41,90.0,83,-48.0,11.72,0.07,14.02,0,2,4,0,29,151,0,0,1,0,203298.82,133.55,0,14.34,57.56,48.44,0.0,2.24,0.0,0.0,60.0,60.0,0,0,0,0.0,-72.65
4016,202043.89,1232.41,90.0,83,-48.0,11.72,0.07,14.02,1,2,4,0,21,151,0,0,0,0,202043.89,133.55,0,14.34,57.56,48.44,0.0,2.24,0.0,0.0,60.0,60.0,0,0,0,0.0,-72.65
4017,203298.82,1200.41,90.0,83,-48.0,11.72,0.07,13.82,0,2,4,0,19,152,0,0,1,0,203298.82,133.56,0,14.34,57.56,48.44,0.0,2.3,0.0,0.0,60.0,60.0,0,0,0,0.0,-72.65
4018,202043.89,1216.41,90.0,84,-48.0,11.72,0.07,13.92,1,2,4,0,26,153,0,0,0,0,202043.89,133.56,0,14.34,57.56,48.44,0.0,2.27,0.0,0.0,60.0,60.0,0,0,0,0.0,-72.65
4019,204553.75,1120.41,90.0,84,-48.0,11.72,0.07,14.02,1,0,0,0,109,154,0,0,1,0,204553.75,134.58,0,14.34,0.41,46.48,0.0,2.24,0.0,0.0,60.0,60.0,0,0,0,0.0,-72.65
4020,202043.89,1232.41,90.0,84,-48.0,11.25,0.07,14.02,1,2,4,0,156,154,0,0,0,0,202043.89,134.58,0,14.34,0.41,46.48,0.0,2.24,0.0,0.0,60.0,60.0,0,0,0,0.0,-72.65
4021,202043.89,1320.41,90.0,84,-48.0,11.72,0.07,13.82,1,2,4,0,161,154,0,0,0,0,202043.89,134.58,0,14.34,0.41,46.48,0.0,2.3,0.0,0.0,60.0,60.0,0,0,0,0.0,-72.65
4022,204553.75,1352.41,90.0,84,-48.0,11.72,0.07,13.92,1,0,0,0,162,154,0,0,1,0,204553.75,134.58,0,14.34,0.41,46.48,0.0,2.27,0.0,0.0,60.0,60.0,0,0,0,0.0,-72.65
4023,203298.82,1120.41,90.0,84,-48.0,11.72,0.07,13.92,0,2,0,0,161,154,0,0,1,0,203298.82,134.58,0,14.34,0.41,46.48,0.0,2.27,0.0,0.0,60.0,60.0,0,0,0,0.0,-72.65
4024,203298.82,1272.41,90.0,84,-48.0,12.18,0.07,14.02,0,2,0,0,157,154,0,0,1,0,203298.82,134.58,0,14.34,0.41,46.48,0.0,2.24,0.0,0.0,60.0,60.0,0,0,0,0.0,-72.65
4025,203298.82,1272.41,90.0,84,-48.0,11.72,0.07,13.92,0,0,4,0,150,154,0,0,1,0,203298.82,134.58,0,14.34,85.35,44.14,0.0,2.27,0.0,0.0,60.0,60.0,0,0,0,0.0,-72.65
4026,200788.96,1536.41,90.0,84,-48.0,11.72,0.07,13.82,1,2,4,0,121,153,0,0,0,0,200788.96,134.58,0,14.34,85.35,44.14,0.0,2.3,0.0,0.0,60.0,60.0,0,0,0,0.0,-72.65
4027,200788.96,1656.41,90.75,84,-48.0,11.72,0.07,14.02,1,2,0,0,51,152,0,0,0,0,200788.96,134.58,0,14.34,85.35,44.14,0.0,2.24,0.0,0.0,60.0,60.0,0,0,0,0.0,-72.65
4028,200788.96,1288.41,90.75,84,-48.0,12.18,0.07,14.02,1,2,0,0,26,152,0,0,0,0,200788.96,134.58,0,14.34,85.35,44.14,0.0,2.24,0.0,0.0,60.0,60.0,0,0,0,0.0,-72.65
4029,204553.75,1392.41,90.75,84,-48.0,12.18,0.07,13.82,0,0,4,0,20,152,0,0,1,0,204553.75,134.58,0,14.34,85.35,44.14,0.0,2.3,0.0,0.0,60.0,60.0,0,0,0,0.0,-72.65
4030,203298.82,1608.41,90.75,84,-48.0,11.72,0.07,13.92,0,2,0,0,20,152,0,0,1,0,203298.82,134.58,0,14.34,85.35,44.14,0.0,2.27,0.0,0.0,60.0,60.0,0,0,0,0.0,-72.65
4031,202043.89,1336.41,90.75,84,-48.0,12.18,0.07,14.02,0,0,0,0,23,154,0,0,0,0,202043.89,134.58,0,14.34,85.35,44.14,0.0,2.24,0.0,0.0,60.0,60.0,0,0,0,0.0,-72.65
4032,203298.82,1344.41,90.75,84,-48.0,11.72,0.07,14.02,1,2,0,0,61,154,0,0,1,0,203298.82,134.58,0,14.34,85.35,44.14,0.0,2.24,0.0,0.0,60.0,60.0,0,0,0,0.0,-72.65
4033,204553.75,1152.41,90.75,84,-48.0,12.18,0.07,13.92,1,0,0,0,139,156,0,0,1,0,204553.75,135.61,0,14.34,85.35,44.14,0.0,2.27,0.0,0.0,60.0,60.0,0,0,0,0.0,-72.65
4034,203298.82,1576.41,90.75,84,-48.0,12.18,0.07,13.82,0,2,4,0,160,156,0,0,1,0,203298.82,135.61,0,14.34,85.35,44.14,0.0,2.3,0.0,0.0,60.0,60.0,0,0,0,0.0,-72.65
4035,200788.96,1512.41,90.75,84,-48.0,11.72,0.07,13.92,1,2,0,0,162,156,0,0,0,0,200788.96,135.61,0,14.34,85.35,44.14,0.0,2.27,0.0,0.0,60.0,60.0,0,0,0,0.0,-72.65
4036,194514.3,1576.41,90.75,84,-48.0,11.72,0.07,14.02,0,0,4,0,162,156,0,0,1,0,194514.3,135.61,0,14.34,85.35,44.14,0.0,2.24,0.0,0.0,60.0,60.0,0,0,0,0.0,-72.65
4037,195769.24,1424.41,90.75,84,-48.0,11.72,0.07,14.02,1,2,4,0,160,155,0,0,0,2,195769.24,136.63,0,14.34,85.35,44.14,0.0,2.24,0.0,0.0,60.0,60.0,0,0,0,0.0,-72.65
4038,200788.96,1584.41,90.75,84,-48.0,12.18,0.07,13.82,1,2,0,0,154,154,0,0,0,0,200788.96,136.63,0,14.34,85.35,44.14,0.0,2.3,0.0,0.0,60.0,60.0,0,0,0,0.0,-72.65
4039,203298.82,1560.41,90.75,84,-48.0,11.72,0.07,13.82,0,0,4,0,136,154,0,0,1,0,203298.82,136.63,0,14.34,85.35,44.14,0.0,2.3,0.0,0.0,60.0,60.0,0,0,0,0.0,-72.65
4040,202043.89,1480.41,90.75,84,-48.0,12.18,0.07,14.02,0,0,0,0,56,153,0,0,0,0,202043.89,136.63,0,14.34,85.35,44.14,0.0,2.24,0.0,0.0,60.0,60.0,0,0,0,0.0,-72.65
4041,203298.82,1488.41,90.75,84,-48.0,11.72,0.07,14.02,0,0,0,0,26,152,0,0,1,0,203298.82,136.63,0,14.34,85.35,44.14,0.0,2.24,0.0,0.0,60.0,60.0,0,0,0,0.0,-72.65
4042,203298.82,1192.41,90.75,84,-48.0,12.18,0.07,13.82,1,2,0,0,19,153,0,0,1,0,203298.82,136.63,0,14.34,85.35,44.14,0.0,2.3,0.0,0.0,60.0,60.0,0,0,0,0.0,-72.65
4043,203298.82,1568.41,90.75,84,-48.0,12.18,0.07,14.02,1,2,4,0,17,152,0,0,1,0,203298.82,136.63,0,14.34,85.35,44.14,0.0,2.24,0.0,0.0,60.0,60.0,0,0,0,0.0,-72.65
4044,202043.89,1272.41,90.75,84,-48.0,12.18,0.07,14.02,0,0,4,0,21,152,0,0,0,0,202043.89,136.63,0,14.34,85.35,44.14,0.0,2.24,0.0,0.0,60.0,60.0,0,0,0,0.0,-72.65
4045,202043.89,1464.41,90.75,84,-48.0,12.18,0.07,14.02,0,0,4,0,38,152,0,0,0,0,202043.89,136.63,0,14.34,85.35,44.14,0.0,2.24,0.0,0.0,60.0,60.0,0,0,0,0.0,-72.65
4046,203298.82,1464.41,90.75,84,-48.0,11.72,0.07,13.82,0,2,0,0,110,153,0,0,1,0,203298.82,135.61,0,14.34,85.35,44.14,0.0,2.3,0.0,0.0,60.0,60.0,0,0,0,0.0,-72.65
4047,204553.75,1416.41,90.75,84,-48.0,12.18,0.07,13.92,0,0,4,0,153,153,0,0,1,0,204553.75,135.61,0,14.34,85.35,44.14,0.0,2.27,0.0,0.0,60.0,60.0,0,0,0,0.0,-72.65
4048,202043.89,1440.41,90.75,84,-48.0,11.72,0.07,14.02,1,2,4,0,163,152,0,0,0,0,202043.89,135.6,0,14.34,85.35,44.14,0.0,2.24,0.0,0.0,60.0,60.0,0,0,0,0.0,-72.65
4049,200788.96,1448.41,90.75,84,-48.0,12.18,0.07,13.82,1,0,4,0,166,152,0,0,0,0,200788.96,135.6,0,14.34,85.35,44.14,0.0,2.3,0.0,0.0,60.0,60.0,0,0,0,0.0,-72.65
4050,202043.89,1432.41,90.75,84,-48.0,12.18,0.07,13.92,0,0,0,0,163,154,0,0,0,0,202043.89,135.6,0,14.34,85.35,44.14,0.0,2.27,0.0,0.0,60.0,60.0,0,0,0,0.0,-72.65
4051,202043.89,1712.41,90.75,84,-48.0,11.72,0.07,14.02,0,0,0,0,158,153,0,0,0,0,202043.89,134.58,0,14.34,85.35,44.14,0.0,2.24,0.0,0.0,60.0,60.0,0,0,0,0.0,-72.65
4052,202043.89,1384.41,90.75,84,-48.0,11.72,0.07,14.02,0,2,0,0,150,152,0,0,0,0,202043.89,134.58,0,14.34,85.35,44.14,0.0,2.24,0.0,0.0,60.0,60.0,0,0,0,0.0,-72.65
4053,203298.82,1336.41,90.75,84,-48.0,11.72,0.07,13.92,0,2,0,0,139,151,0,0,1,0,203298.82,134.58,0,14.34,85.35,44.14,0.0,2.27,0.0,0.0,60.0,60.0,0,0,0,0.0,-72.65
4054,203298.82,1648.41,90.75,84,-48.0,12.18,0.07,13.82,0,2,4,0,61,151,0,0,1,0,203298.82,134.58,0,14.34,85.35,44.14,0.0,2.3,0.0,0.0,60.0,60.0,0,0,0,0.0,-72.65
4055,194514.3,1328.41,90.75,84,-48.0,12.18,0.07,14.02,0,0,4,0,26,151,0,0,1,0,194514.3,135.6,0,14.34,85.35,44.14,0.0,2.24,0.0,0.0,60.0,60.0,0,0,0,0.0,-72.65
4056,202043.89,1632.41,90.75,84,-48.0,12.18,0.07,14.02,0,0,0,0,18,150,0,0,0,0,202043.89,135.6,0,14.34,85.35,44.14,0.0,2.24,0.0,0.0,60.0,60.0,0,0,0,0.0,-72.65
4057,205808.68,1336.41,90.75,84,-48.0,11.72,0.07,13.82,0,2,0,0,17,150,0,0,0,2,205808.68,135.6,0,14.34,85.35,44.14,0.0,2.3,0.0,0.0,60.0,60.0,0,0,0,0.0,-72.65
4058,203298.82,1560.41,91.5,84,-48.0,12.18,0.07,13.82,1,0,0,0,20,151,0,0,1,0,203298.82,135.6,0,14.34,85.35,44.14,0.0,2.3,0.0,0.0,60.0,60.0,0,0,0,0.0,-72.65
4059,205808.68,1048.41,91.5,84,-48.0,11.72,0.07,14.02,0,2,4,0,43,153,0,0,0,2,205808.68,136.62,0,14.34,85.35,44.14,0.0,2.24,0.0,0.0,60.0,60.0,0,0,0,0.0,-72.65
4060,200788.96,1408.41,91.5,84,-48.0,12.18,0.07,13.82,1,0,4,0,125,153,0,0,0,0,200788.96,136.62,0,14.34,85.35,44.14,0.0,2.3,0.0,0.0,60.0,60.0,0,0,0,0.0,-72.65
4061,204553.75,1456.41,91.5,84,-48.0,12.18,0.07,13.82,0,0,4,0,157,153,0,0,1,0,204553.75,136.62,0,14.34,85.35,44.14,0.0,2.3,0.0,0.0,60.0,60.0,0,0,0,0.0,-72.65
4062,202043.89,1320.41,91.5,84,-48.0,11.72,0.07,14.02,1,2,4,0,161,153,0,0,0,0,202043.89,136.62,0,14.34,85.35,44.14,0.0,2.24,0.0,0.0,60.0,60.0,0,0,0,0.0,-72.65
4063,204553.75,1384.41,91.5,84,-48.0,12.18,0.07,14.02,1,2,0,0,164,153,0,0,1,0,204553.75,136.62,0,14.34,85.35,44.14,0.0,2.24,0.0,0.0,60.0,60.0,0,0,0,0.0,-72.65
4064,199534.03,1376.41,91.5,84,-48.0,11.72,0.07,13.82,1,2,0,0,161,152,0,0,1,2,199534.03,136.62,0,14.34,85.35,44.14,0.0,2.3,0.0,0.0,60.0,60.0,0,0,0,0.0,-72.65
4065,198279.1,1824.44,91.5,84,-48.0,12.18,0.07,13.82,1,0,0,0,155,152,0,0,1,2,198279.1,136.62,0,14.34,85.35,44.14,0.0,2.3,0.0,0.0,60.0,60.0,0,0,0,0.0,-72.65
4066,200788.96,1720.41,91.5,84,-48.0,12.18,0.07,13.92,1,2,4,0,138,151,0,0,0,0,200788.96,136.63,0,14.34,85.35,44.14,0.0,2.27,0.0,0.0,60.0,60.0,0,0,0,0.0,-72.65
4067,203298.82,1728.41,91.5,84,-48.0,12.18,0.07,14.02,0,0,0,0,70,151,0,0,1,0,203298.82,136.63,0,14.34,85.35,44.14,0.0,2.24,0.0,0.0,60.0,60.0,0,0,0,0.0,-72.65
4068,205808.68,1624.41,91.5,84,-48.0,11.72,0.07,13.82,0,0,4,0,36,152,0,0,0,2,205808.68,136.63,0,14.34,85.35,44.14,0.0,2.3,0.0,0.0,60.0,60.0,0,0,0,0.0,-72.65
4069,202043.89,1520.41,91.5,85,-48.0,12.18,0.07,13.82,0,0,0,0,24,152,0,0,0,0,202043.89,136.63,0,14.34,85.35,44.14,0.0,2.3,0.0,0.0,60.0,60.0,0,0,0,0.0,-72.65
4070,203298.82,1400.41,91.5,85,-48.0,11.72,0.07,14.02,0,0,0,0,24,153,0,0,1,0,203298.82,136.63,0,14.34,85.35,44.14,0.0,2.24,0.0,0.0,60.0,60.0,0,0,0,0.0,-72.65
4071,203298.82,1328.41,91.5,85,-48.0,11.72,0.07,14.02,0,0,4,0,33,155,0,0,1,0,203298.82,136.63,0,14.34,85.35,44.14,0.0,2.24,0.0,0.0,60.0,60.0,0,0,0,0.0,-72.65
4072,203298.82,1304.41,91.5,85,-48.0,11.72,0.07,13.82,0,2,0,0,107,155,0,0,1,0,203298.82,136.63,0,14.34,85.35,44.14,0.0,2.3,0.0,0.0,60.0,60.0,0,0,0,0.0,-72.65
4073,200788.96,1560.41,91.5,85,-48.0,11.72,0.07,13.82,1,0,0,0,150,156,0,0,0,0,200788.96,136.63,0,14.34,85.35,44.14,0.0,2.3,0.0,0.0,60.0,60.0,0,0,0,0.0,-72.65
4074,197024.17,1616.44,91.5,85,-48.0,12.18,0.07,13.92,0,2,4,0,158,156,0,0,0,2,197024.17,136.63,0,14.34,85.35,44.14,0.0,2.27,0.0,0.0,60.0,60.0,0,0,0,0.0,-72.65
4075,203298.82,1408.41,91.5,85,-48.0,12.18,0.07,13.92,0,2,0,0,161,155,0,0,1,0,203298.82,136.63,0,14.34,85.35,44.14,0.0,2.27,0.0,0.0,60.0,60.0,0,0,0,0.0,-72.65
4076,203298.82,1320.41,91.5,85,-48.0,11.72,0.07,13.82,0,0,4,0,157,154,0,0,1,0,203298.82,136.63,0,14.34,85.35,44.14,0.0,2.3,0.0,0.0,60.0,60.0,0,0,0,0.0,-72.65
4077,199534.03,1672.44,91.5,85,-48.0,12.18,0.07,13.82,1,0,0,0,148,154,0,0,1,2,199534.03,136.63,0,14.34,85.35,44.14,0.0,2.3,0.0,0.0,60.0,60.0,0,0,0,0.0,-72.65
4078,203298.82,1272.41,91.5,85,-48.0,11.72,0.07,13.92,0,0,4,0,98,153,0,0,1,0,203298.82,136.63,0,14.34,85.35,44.14,0.0,2.27,0.0,0.0,60.0,60.0,0,0,0,0.0,-72.65
4079,194514.3,1472.41,91.5,85,-48.0,11.72,0.07,14.02,1,0,0,0,37,152,0,0,1,0,194514.3,136.63,0,14.34,85.35,44.14,0.0,2.24,0.0,0.0,60.0,60.0,0,0,0,0.0,-72.65
4080,203298.82,1528.41,91.5,85,-48.0,11.72,0.07,13.92,0,0,4,0,20,152,0,0,1,0,203298.82,136.63,0,14.34,85.35,44.14,0.0,2.27,0.0,0.0,60.0,60.0,0,0,0,0.0,-72.65
4081,202043.89,1584.41,91.5,85,-48.0,11.72,0.07,13.82,0,2,4,0,15,152,0,0,0,0,202043.89,136.63,0,14.34,85.35,44.14,0.0,2.3,0.0,0.0,60.0,60.0,0,0,0,0.0,-72.65
4082,204553.75,1832.41,91.5,85,-48.0,12.18,0.07,13.92,0,0,4,0,16,152,0,0,1,0,204553.75,136.63,0,14.34,85.35,44.14,0.0,2.27,0.0,0.0,60.0,60.0,0,0,0,0.0,-72.65
4083,204553.75,1288.41,91.5,85,-48.0,11.72,0.07,14.02,1,2,0,0,20,151,0,0,1,0,204553.75,136.63,0,14.34,85.35,44.14,0.0,2.24,0.0,0.0,60.0,60.0,0,0,0,0.0,-72.65
4084,200788.96,1336.41,91.5,85,-48.0,11.72,0.07,13.92,1,0,0,0,47,152,0,0,0,0,200788.96,136.63,0,14.34,85.35,44.14,0.0,2.27,0.0,0.0,60.0,60.0,0,0,0,0.0,-72.65
4085,200788.96,1248.41,91.5,85,-48.0,12.18,0.07,13.82,1,0,0,0,114,152,0,0,0,0,200788.96,136.63,0,14.34,85.35,44.14,0.0,2.3,0.0,0.0,60.0,60.0,0,0,0,0.0,-72.65
4086,204553.75,1400.41,91.5,85,-48.0,11.72,0.07,13.82,1,2,0,0,153,153,0,0,1,0,204553.75,135.61,0,14.34,85.35,44.14,0.0,2.3,0.0,0.0,60.0,60.0,0,0,0,0.0,-72.65
4087,203298.82,1352.41,91.5,85,-48.0,11.72,0.07,14.02,0,0,4,0,163,154,0,0,1,0,203298.82,135.61,0,14.34,85.35,44.14,0.0,2.24,0.0,0.0,60.0,60.0,0,0,0,0.0,-72.65
4088,204553.75,1768.41,91.5,85,-48.0,12.18,0.07,13.92,1,2,4,0,164,154,0,0,1,0,204553.75,135.61,0,14.34,85.35,44.14,0.0,2.27,0.0,0.0,60.0,60.0,0,0,0,0.0,-72.65
4089,192004.44,1632.41,92.25,85,-48.0,11.72,0.07,13.82,0,2,4,0,161,153,0,0,0,0,192004.44,135.61,0,14.34,85.35,44.14,0.0,2.3,0.0,0.0,60.0,60.0,0,0,0,0.0,-72.65
4090,203298.82,1408.41,92.25,85,-48.0,12.18,0.07,13.82,1,2,0,0,158,153,0,0,1,0,203298.82,135.61,0,14.34,85.35,44.14,0.0,2.3,0.0,0.0,60.0,60.0,0,0,0,0.0,-72.65
4091,202043.89,1472.41,92.25,85,-48.0,11.72,0.07,14.02,0,2,4,0,153,153,0,0,0,0,202043.89,136.63,0,14.34,85.35,44.14,0.0,2.24,0.0,0.0,60.0,60.0,0,0,0,0.0,-72.65
4092,202043.89,1496.41,92.25,85,-48.0,12.18,0.07,14.02,0,2,0,0,85,153,0,0,0,0,202043.89,136.63,0,14.34,85.35,44.14,0.0,2.24,0.0,0.0,60.0,60.0,0,0,0,0.0,-72.65
4093,204553.75,1296.41,92.25,85,-48.0,11.72,0.07,13.82,1,2,0,0,33,153,0,0,1,0,204553.75,136.63,0,14.34,85.35,44.14,0.0,2.3,0.0,0.0,60.0,60.0,0,0,0,0.0,-72.65
4094,203298.82,1008.41,92.25,85,-48.0,11.72,0.07,13.82,0,0,0,0,20,152,0,0,1,0,203298.82,136.63,0,14.34,85.35,44.14,0.0,2.3,0.0,0.0,60.0,60.0,0,0,0,0.0,-72.65
4095,205808.68,1400.41,92.25,85,-48.0,11.72,0.07,13.92,1,2,4,0,18,152,0,0,0,2,205808.68,136.63,0,14.34,85.35,44.14,0.0,2.27,0.0,0.0,60.0,60.0,0,0,0,0.0,-72.65
4096,202043.89,1800.41,92.25,85,-48.0,11.72,0.07,14.02,0,0,0,0,18,152,0,0,0,0,202043.89,136.63,0,14.34,85.35,44.14,0.0,2.24,0.0,0.0,60.0,60.0,0,0,0,0.0,-72.65
4097,205808.68,1632.41,92.25,85,-48.0,11.72,0.07,13.82,1,0,0,0,21,152,0,0,0,2,205808.68,136.64,0,14.34,85.35,44.14,0.0,2.3,0.0,0.0,60.0,60.0,0,0,0,0.0,-72.65
4098,204553.75,1640.41,92.25,85,-48.0,11.72,0.07,13.82,1,2,4,0,55,153,0,0,1,0,204553.75,136.64,0,14.34,85.35,44.14,0.0,2.3,0.0,0.0,60.0,60.0,0,0,0,0.0,-72.65
4099,203298.82,1384.41,92.25,85,-48.0,12.18,0.07,13.92,1,2,4,0,136,154,0,0,1,0,203298.82,136.64,0,14.34,85.35,44.14,0.0,2.27,0.0,0.0,60.0,60.0,0,0,0,0.0,-72.65
4100,202043.89,1504.41,92.25,85,-48.0,12.18,0.07,14.02,0,0,4,0,164,154,0,0,0,0,202043.89,136.64,0,14.34,85.35,44.14,0.0,2.24,0.0,0.0,60.0,60.0,0,0,0,0.0,-72.65
4101,195769.24,1816.44,92.25,85,-48.0,12.18,0.07,13.82,0,2,4,0,166,154,0,0,0,2,195769.24,136.64,0,14.34,85.35,44.14,0.0,2.3,0.0,0.0,60.0,60.0,0,0,0,0.0,-72.65
4102,202043.89,1464.41,92.25,85,-48.0,11.72,0.07,13.92,0,0,4,0,166,153,0,0,0,0,202043.89,136.63,0,14.34,85.35,44.14,0.0,2.27,0.0,0.0,60.0,60.0,0,0,0,0.0,-72.65
4103,203298.82,1456.41,92.25,85,-48.0,11.72,0.07,13.92,0,0,0,0,163,153,0,0,1,0,203298.82,136.63,0,14.34,85.35,44.14,0.0,2.27,0.0,0.0,60.0,60.0,0,0,0,0.0,-72.65
4104,200788.96,1448.41,92.25,85,-48.0,11.72,0.07,13.82,1,2,0,0,156,155,0,0,0,0,200788.96,136.63,0,14.34,85.35,44.14,0.0,2.3,0.0,0.0,60.0,60.0,0,0,0,0.0,-72.65
4105,200788.96,1160.41,92.25,85,-48.0,11.72,0.07,13.82,1,0,4,0,146,153,0,0,0,0,200788.96,136.63,0,14.34,85.35,44.14,0.0,2.3,0.0,0.0,60.0,60.0,0,0,0,0.0,-72.65
4106,202043.89,984.41,92.25,85,-48.0,11.72,0.07,13.92,1,2,4,0,75,152,0,0,0,0,202043.89,136.63,0,14.34,85.35,44.14,0.0,2.27,0.0,0.0,60.0,60.0,0,0,0,0.0,-72.65
4107,200788.96,1800.41,92.25,85,-48.0,11.72,0.07,13.92,1,0,4,0,31,152,0,0,0,0,200788.96,136.63,0,14.34,85.35,44.14,0.0,2.27,0.0,0.0,60.0,60.0,0,0,0,0.0,-72.65
4108,203298.82,1280.41,92.25,85,-48.0,11.72,0.07,14.02,1,2,0,0,17,151,0,0,1,0,203298.82,136.63,0,14.34,85.35,44.14,0.0,2.24,0.0,0.0,60.0,60.0,0,0,0,0.0,-72.65
4109,205808.68,1376.41,92.25,85,-48.0,11.72,0.07,13.82,0,0,0,0,15,151,0,0,0,2,205808.68,136.63,0,14.34,85.35,44.14,0.0,2.3,0.0,0.0,60.0,60.0,0,0,0,0.0,-72.65
4110,205808.68,1088.41,92.25,85,-48.0,12.18,0.07,13.92,0,2,4,0,16,150,0,0,0,2,205808.68,136.63,0,14.34,85.35,44.14,0.0,2.27,0.0,0.0,60.0,60.0,0,0,0,0.0,-72.65
4111,203298.82,1464.41,92.25,85,-48.0,11.72,0.07,14.02,1,2,4,0,18,150,0,0,1,0,203298.82,136.63,0,14.34,85.35,44.14,0.0,2.24,0.0,0.0,60.0,60.0,0,0,0,0.0,-72.65
4112,204553.75,1224.41,92.25,85,-48.0,11.72,0.07,14.02,1,2,0,0,22,150,0,0,1,0,204553.75,136.63,0,14.34,85.35,44.14,0.0,2.24,0.0,0.0,60.0,60.0,0,0,0,0.0,-72.65
4113,203298.82,1664.41,92.25,85,-48.0,12.18,0.07,13.92,1,2,0,0,74,152,0,0,1,0,203298.82,136.63,0,14.34,85.35,44.14,0.0,2.27,0.0,0.0,60.0,60.0,0,0,0,0.0,-72.65
4114,204553.75,1352.41,92.25,85,-48.0,12.18,0.07,14.02,1,2,4,0,139,152,0,0,1,0,204553.75,136.63,0,14.34,85.35,44.14,0.0,2.24,0.0,0.0,60.0,60.0,0,0,0,0.0,-72.65
4115,205808.68,1416.41,92.25,85,-48.0,12.18,0.07,14.02,1,2,4,0,160,152,0,0,0,2,205808.68,136.63,0,14.34,85.35,44.14,0.0,2.24,0.0,0.0,60.0,60.0,0,0,0,0.0,-72.65
4116,204553.75,1536.41,92.25,85,-48.0,12.18,0.07,13.82,0,2,0,0,166,152,0,0,1,0,204553.75,136.63,0,14.34,85.35,44.14,0.0,2.3,0.0,0.0,60.0,60.0,0,0,0,0.0,-72.65
4117,205808.68,1368.41,92.25,85,-48.0,12.18,0.07,13.82,0,2,0,0,166,151,0,0,0,2,205808.68,136.63,0,14.34,85.35,44.14,0.0,2.3,0.0,0.0,60.0,60.0,0,0,0,0.0,-72.65
4118,202043.89,1488.41,92.25,85,-48.0,12.18,0.07,13.92,0,2,0,0,164,151,0,0,0,0,202043.89,136.63,0,14.34,85.35,44.14,0.0,2.27,0.0,0.0,60.0,60.0,0,0,0,0.0,-72.65
4119,204553.75,1160.41,92.25,85,-48.0,11.72,0.07,14.02,1,2,0,0,160,151,0,0,1,0,204553.75,136.63,0,14.34,85.35,44.14,0.0,2.24,0.0,0.0,60.0,60.0,0,0,0,0.0,-72.65
4120,195769.24,1440.44,92.25,85,-48.0,12.18,0.07,14.02,1,0,0,0,152,151,0,0,0,2,195769.24,136.63,0,14.34,85.35,44.14,0.0,2.24,0.0,0.0,60.0,60.0,0,0,0,0.0,-72.65
4121,198279.1,1848.44,92.25,85,-48.0,12.18,0.07,13.82,0,0,4,0,135,150,0,0,1,2,198279.1,136.63,0,14.34,85.35,44.14,0.0,2.3,0.0,0.0,60.0,60.0,0,0,0,0.0,-72.65
4122,204553.75,1680.41,92.25,85,-48.0,12.18,0.07,13.92,1,2,0,0,71,152,0,0,1,0,204553.75,136.63,0,14.34,85.35,44.14,0.0,2.27,0.0,0.0,60.0,60.0,0,0,0,0.0,-72.65
4123,202043.89,1608.41,92.25,85,-48.0,12.18,0.07,14.02,0,2,4,0,34,151,0,0,0,0,202043.89,136.63,0,14.34,85.35,44.14,0.0,2.24,0.0,0.0,60.0,60.0,0,0,0,0.0,-72.65
4124,200788.96,1864.41,92.25,85,-48.0,12.18,0.07,14.02,1,2,4,0,23,152,0,0,0,0,200788.96,136.63,0,14.34,85.35,44.14,0.0,2.24,0.0,0.0,60.0,60.0,0,0,0,0.0,-72.65
4125,202043.89,1536.41,92.25,85,-48.0,11.72,0.07,13.82,0,0,4,0,22,153,0,0,0,0,202043.89,136.63,0,14.34,85.35,44.14,0.0,2.3,0.0,0.0,60.0,60.0,0,0,0,0.0,-72.65
4126,204553.75,1432.41,92.25,85,-48.0,11.72,0.07,13.82,1,0,0,0,25,154,0,0,1,0,204553.75,136.63,0,14.34,85.35,44.14,0.0,2.3,0.0,0.0,60.0,60.0,0,0,0,0.0,-72.65
4127,198279.1,1656.44,92.25,85,-48.0,12.18,0.07,14.02,0,2,4,0,91,155,0,0,1,2,198279.1,136.63,0,14.34,85.35,44.14,0.0,2.24,0.0,0.0,60.0,60.0,0,0,0,0.0,-72.65
4128,202043.89,1704.41,92.25,85,-48.0,11.72,0.07,13.82,1,2,4,0,154,155,0,0,0,0,202043.89,136.63,0,14.34,85.35,44.14,0.0,2.3,0.0,0.0,60.0,60.0,0,0,0,0.0,-72.65
4129,205808.68,1392.41,92.25,85,-48.0,11.72,0.07,13.82,0,0,4,0,162,155,0,0,0,2,205808.68,136.63,0,14.34,85.35,44.14,0.0,2.3,0.0,0.0,60.0,60.0,0,0,0,0.0,-72.65
4130,194514.3,1432.44,92.25,85,-48.0,12.18,0.07,13.92,1,2,0,0,163,155,0,0,1,0,194514.3,137.66,0,14.34,85.35,44.14,0.0,2.27,0.0,0.0,60.0,60.0,0,0,0,0.0,-72.65
4131,195769.24,1984.44,92.25,85,-48.0,12.18,0.07,13.92,1,0,0,0,162,154,0,0,0,2,195769.24,137.66,0,14.34,85.35,44.14,0.0,2.27,0.0,0.0,60.0,60.0,0,0,0,0.0,-72.65
4132,203298.82,1392.41,92.25,85,-48.0,11.72,0.07,14.02,0,2,4,0,157,154,0,0,1,0,203298.82,137.66,0,14.34,85.35,44.14,0.0,2.24,0.0,0.0,60.0,60.0,0,0,0,0.0,-72.65
4133,202043.89,1784.41,92.25,85,-48.0,12.18,0.07,13.82,0,2,4,0,150,153,0,0,0,0,202043.89,137.66,0,14.34,85.35,44.14,0.0,2.3,0.0,0.0,60.0,60.0,0,0,0,0.0,-72.65
4134,199534.03,1736.41,92.25,85,-48.0,11.72,0.07,13.92,0,2,4,0,107,152,0,0,1,2,199534.03,137.66,0,14.34,85.35,44.14,0.0,2.27,0.0,0.0,60.0,60.0,0,0,0,0.0,-72.65
4135,200788.96,1240.41,92.25,85,-48.0,11.72,0.07,13.92,1,0,4,0,40,152,0,0,0,0,200788.96,136.63,0,14.34,85.35,44.14,0.0,2.27,0.0,0.0,60.0,60.0,0,0,0,0.0,-72.65
4136,203298.82,1608.41,92.25,85,-48.0,12.18,0.07,13.82,1,2,0,0,22,152,0,0,1,0,203298.82,136.63,0,14.34,85.35,44.14,0.0,2.3,0.0,0.0,60.0,60.0,0,0,0,0.0,-72.65
4137,200788.96,1728.41,92.25,85,-48.0,11.72,0.07,13.82,1,2,4,0,17,151,0,0,0,0,200788.96,136.63,0,14.34,85.35,44.14,0.0,2.3,0.0,0.0,60.0,60.0,0,0,0,0.0,-72.65
4138,203298.82,1176.41,92.25,85,-48.0,12.18,0.07,14.02,1,2,0,0,16,151,0,0,1,0,203298.82,136.63,0,14.34,85.35,44.14,0.0,2.24,0.0,0.0,60.0,60.0,0,0,0,0.0,-72.65
4139,199534.03,1424.41,92.25,85,-48.0,11.72,0.07,13.92,0,2,4,0,16,151,0,0,1,2,199534.03,136.63,0,14.34,85.35,44.14,0.0,2.27,0.0,0.0,60.0,60.0,0,0,0,0.0,-72.65
4140,198279.1,1464.41,92.25,85,-48.0,12.18,0.07,13.82,1,2,4,0,18,151,0,0,1,2,198279.1,136.63,0,14.34,85.35,44.14,0.0,2.3,0.0,0.0,60.0,60.0,0,0,0,0.0,-72.65
4141,202043.89,1456.41,92.25,85,-48.0,12.18,0.07,13.82,0,2,0,0,21,151,0,0,0,0,202043.89,136.63,0,14.34,85.35,44.14,0.0,2.3,0.0,0.0,60.0,60.0,0,0,0,0.0,-72.65
4142,198279.1,1680.41,92.25,85,-48.0,11.72,0.07,14.02,1,2,4,0,30,151,0,0,1,2,198279.1,136.63,0,14.34,85.35,44.14,0.0,2.24,0.0,0.0,60.0,60.0,0,0,0,0.0,-72.65
4143,202043.89,1840.41,92.25,85,-48.0,12.18,0.07,14.02,0,0,0,0,83,151,0,0,0,0,202043.89,136.63,0,14.34,85.35,44.14,0.0,2.24,0.0,0.0,60.0,60.0,0,0,0,0.0,-72.65
4144,205808.68,1512.41,93.0,85,-48.0,12.18,0.07,13.82,0,0,4,0,141,151,0,0,0,2,205808.68,136.63,0,14.34,85.35,44.14,0.0,2.3,0.0,0.0,60.0,60.0,0,0,0,0.0,-72.65
4145,207063.61,1584.41,93.0,85,-48.0,12.18,0.07,13.82,0,0,4,0,163,152,0,0,0,2,207063.61,136.63,0,14.34,85.35,44.14,0.0,2.3,0.0,0.0,60.0,60.0,0,0,0,0.0,-72.65
4146,205808.68,1248.41,93.0,85,-48.0,11.72,0.07,13.92,0,0,4,0,168,151,0,0,0,2,205808.68,136.63,0,14.34,85.35,44.14,0.0,2.27,0.0,0.0,60.0,60.0,0,0,0,0.0,-72.65
4147,203298.82,1696.41,93.0,85,-48.0,11.72,0.07,14.02,1,2,4,0,168,151,0,0,1,0,203298.82,136.63,0,14.34,85.35,44.14,0.0,2.24,0.0,0.0,60.0,60.0,0,0,0,0.0,-72.65
4148,202043.89,1568.41,93.0,85,-48.0,12.18,0.07,13.61,0,2,0,0,166,151,0,0,0,0,202043.89,137.66,0,14.34,85.35,44.14,0.0,2.35,0.0,0.0,60.0,60.0,0,0,0,0.0,-72.65
4149,192004.44,304.44,93.0,85,-48.0,12.65,0.08,13.31,0,0,4,0,163,150,0,0,0,0,192004.44,137.66,0,14.34,85.35,44.14,0.0,2.43,0.0,0.0,60.0,60.0,0,0,0,0.0,-72.65
4150,194514.3,896.44,93.0,85,-48.0,12.65,0.08,13.82,0,0,4,0,162,150,0,0,1,0,194514.3,137.66,0,14.34,85.35,44.14,0.0,2.3,0.0,0.0,60.0,60.0,0,0,0,0.0,-72.65
4151,200788.96,104.41,93.0,86,-48.0,12.18,0.07,14.02,1,0,4,0,158,152,0,0,0,0,200788.96,137.66,0,14.34,85.35,44.14,0.0,2.24,0.0,0.0,60.0,60.0,0,0,0,0.0,-72.65
4152,200788.96,1792.41,93.0,86,-48.0,11.72,0.07,14.02,1,2,0,0,153,155,0,0,0,0,200788.96,137.66,0,14.34,85.35,44.14,0.0,2.24,0.0,0.0,60.0,60.0,0,0,0,0.0,-72.65
4153,200788.96,1656.41,93.0,85,-48.0,12.18,0.07,13.82,1,0,0,0,144,157,0,0,0,0,200788.96,136.64,0,14.34,85.35,44.14,0.0,2.3,0.0,0.0,60.0,60.0,0,0,0,0.0,-72.65
4154,203298.82,1840.41,93.0,85,-48.0,12.18,0.07,13.82,0,2,4,0,60,158,0,0,1,0,203298.82,136.64,0,14.34,85.35,44.14,0.0,2.3,0.0,0.0,60.0,60.0,0,0,0,0.0,-72.65
4155,203298.82,1816.41,93.0,85,-48.0,12.65,0.07,14.02,1,2,0,0,27,158,0,0,1,0,203298.82,136.63,0,14.34,85.35,44.14,0.0,2.24,0.0,0.0,60.0,60.0,0,0,0,0.0,-72.65
4156,203298.82,2032.41,93.0,85,-48.0,12.18,0.07,14.02,1,0,0,0,20,158,0,0,1,0,203298.82,136.63,0,14.34,85.35,44.14,0.0,2.24,0.0,0.0,60.0,60.0,0,0,0,0.0,-72.65
4157,204553.75,1472.41,93.0,85,-48.0,12.18,0.07,13.92,1,0,0,0,17,157,0,0,1,0,204553.75,136.63,0,14.34,85.35,44.14,0.0,2.27,0.0,0.0,60.0,60.0,0,0,0,0.0,-72.65
4158,203298.82,1720.41,93.0,86,-48.0,12.18,0.07,13.82,0,0,4,0,18,156,0,0,1,0,203298.82,136.63,0,14.34,85.35,44.14,0.0,2.3,0.0,0.0,60.0,60.0,0,0,0,0.0,-72.65
4159,202043.89,1312.41,93.0,86,-48.0,11.72,0.07,14.02,1,2,4,0,28,156,0,0,0,0,202043.89,136.63,0,14.34,85.35,44.14,0.0,2.24,0.0,0.0,60.0,60.0,0,0,0,0.0,-72.65
4160,203298.82,1784.41,93.0,86,-48.0,12.18,0.07,14.02,0,2,4,0,90,155,0,0,1,0,203298.82,136.63,0,14.34,85.35,44.14,0.0,2.24,0.0,0.0,60.0,60.0,0,0,0,0.0,-72.65
4161,205808.68,1440.41,93.0,86,-48.0,12.18,0.07,13.82,1,2,0,0,144,154,0,0,0,2,205808.68,136.63,0,14.34,85.35,44.14,0.0,2.3,0.0,0.0,60.0,60.0,0,0,0,0.0,-72.65
4162,204553.75,1656.41,93.0,86,-48.0,12.18,0.07,13.92,0,2,0,0,160,153,0,0,1,0,204553.75,136.63,0,14.34,85.35,44.14,0.0,2.27,0.0,0.0,60.0,60.0,0,0,0,0.0,-72.65
4163,203298.82,1560.41,93.0,86,-48.0,12.18,0.07,14.02,1,0,0,0,165,152,0,0,1,0,203298.82,136.63,0,14.34,85.35,44.14,0.0,2.24,0.0,0.0,60.0,60.0,0,0,0,0.0,-72.65
4164,204553.75,1368.41,93.0,86,-48.0,12.18,0.07,13.82,0,2,0,0,163,153,0,0,1,0,204553.75,136.63,0,14.34,85.35,44.14,0.0,2.3,0.0,0.0,60.0,60.0,0,0,0,0.0,-72.65
4165,205808.68,1320.41,93.0,86,-48.0,11.72,0.07,13.92,0,2,0,0,160,152,0,0,0,2,205808.68,136.63,0,14.34,85.35,44.14,0.0,2.27,0.0,0.0,60.0,60.0,0,0,0,0.0,-72.65
4166,195769.24,1640.44,93.0,86,-48.0,11.72,0.07,14.02,1,0,0,0,141,153,0,0,0,2,195769.24,135.61,0,14.34,85.35,44.14,0.0,2.24,0.0,0.0,60.0,60.0,0,0,0,0.0,-72.65
4167,203298.82,1448.41,93.0,86,-48.0,12.18,0.07,14.12,0,2,4,0,48,153,0,0,1,0,203298.82,135.61,0,14.34,85.35,44.14,0.0,2.22,0.0,0.0,60.0,60.0,0,0,0,0.0,-72.65
4168,203298.82,1368.41,93.0,86,-48.0,12.18,0.07,13.82,0,0,4,0,16,154,0,0,1,0,203298.82,135.61,0,14.34,85.35,44.14,0.0,2.3,0.0,0.0,60.0,60.0,0,0,0,0.0,-72.65
4169,207063.61,1512.41,93.0,86,-48.0,12.18,0.07,13.82,1,2,4,0,11,154,0,0,0,2,207063.61,135.61,0,14.34,85.35,44.14,0.0,2.3,0.0,0.0,60.0,60.0,0,0,0,0.0,-72.65
4170,205808.68,976.41,93.0,86,-48.0,12.18,0.07,14.02,0,2,4,0,10,153,0,0,0,2,205808.68,136.63,0,14.34,85.35,44.14,0.0,2.24,0.0,0.0,60.0,60.0,0,0,0,0.0,-72.65
4171,203298.82,1192.41,93.0,86,-48.0,12.18,0.07,14.02,0,0,0,0,11,152,0,0,1,0,203298.82,136.63,0,14.34,85.35,44.14,0.0,2.24,0.0,0.0,60.0,60.0,0,0,0,0.0,-72.65
4172,205808.68,1480.41,93.0,86,-48.0,11.72,0.07,13.82,1,0,0,0,12,150,0,0,0,2,205808.68,136.63,0,14.34,85.35,44.14,0.0,2.3,0.0,0.0,60.0,60.0,0,0,0,0.0,-72.65
4173,205808.68,1400.41,93.0,86,-48.0,12.18,0.07,13.92,1,0,0,0,13,150,0,0,0,2,205808.68,136.63,0,14.34,85.35,44.14,0.0,2.27,0.0,0.0,60.0,60.0,0,0,0,0.0,-72.65
4174,208318.55,1096.41,93.0,86,-48.0,11.72,0.07,14.02,0,0,0,0,18,149,0,0,1,2,208318.55,136.63,0,14.34,85.35,44.14,0.0,2.24,0.0,0.0,60.0,60.0,0,0,0,0.0,-72.65
4175,205808.68,1296.41,93.0,86,-48.0,11.72,0.07,14.02,0,0,4,0,63,148,0,0,0,2,205808.68,135.61,0,14.34,85.35,44.14,0.0,2.24,0.0,0.0,60.0,60.0,0,0,0,0.0,-72.65
4176,208318.55,1304.41,93.0,86,-48.0,12.18,0.07,13.92,1,0,4,0,122,147,0,0,1,2,208318.55,135.61,0,14.34,85.35,44.14,0.0,2.27,0.0,0.0,60.0,60.0,0,0,0,0.0,-72.65
4177,208318.55,904.41,93.0,86,-48.0,12.18,0.07,13.82,0,0,4,0,156,146,0,0,1,2,208318.55,135.61,0,14.34,85.35,44.14,0.0,2.3,0.0,0.0,60.0,60.0,0,0,0,0.0,-72.65
4178,205808.68,1728.44,93.75,86,-48.0,12.65,0.08,13.82,1,2,4,0,166,146,0,0,0,2,205808.68,135.61,0,14.34,85.35,44.14,0.39,2.3,0.0,0.0,60.0,60.0,0,0,0,0.0,-72.65
4179,205808.68,416.44,93.75,86,-48.0,12.65,0.08,13.61,0,0,0,0,168,146,0,0,0,2,205808.68,136.63,0,14.34,85.35,44.14,0.39,2.35,0.0,0.0,60.0,60.0,0,0,0,0.0,-72.65
4180,198279.1,1128.44,93.75,86,-48.0,12.65,0.08,13.61,0,2,0,0,167,147,0,0,1,2,198279.1,136.63,0,14.34,85.35,44.14,0.39,2.35,0.0,0.0,60.0,60.0,0,0,0,0.0,-72.65
4181,204553.75,664.44,93.75,86,-48.0,12.18,0.08,13.82,0,2,0,0,167,147,0,0,1,0,204553.75,136.64,0,14.34,85.35,44.14,0.39,2.3,0.0,0.0,60.0,60.0,0,0,0,0.0,-72.65
4182,200788.96,472.44,93.75,86,-48.0,12.65,0.08,13.92,0,0,0,0,167,150,0,0,0,0,200788.96,136.64,0,14.34,85.35,44.14,0.39,2.27,0.0,0.0,60.0,60.0,0,0,0,0.0,-72.65
4183,203298.82,496.44,93.75,86,-48.0,12.65,0.08,13.92,1,2,4,0,165,152,0,0,1,0,203298.82,136.64,0,14.34,85.35,44.14,0.39,2.27,0.0,0.0,60.0,60.0,0,0,0,0.0,-72.65
4184,203298.82,384.44,93.75,86,-48.0,12.65,0.08,13.82,1,2,4,0,160,154,0,0,1,0,203298.82,136.64,0,14.34,85.35,44.14,0.39,2.3,0.0,0.0,60.0,60.0,0,0,0,0.0,-72.65
4185,203298.82,392.44,93.75,86,-48.0,12.65,0.08,14.02,1,2,4,0,154,154,0,0,1,0,203298.82,136.64,0,14.34,85.35,44.14,0.39,2.24,0.0,0.0,60.0,60.0,0,0,0,0.0,-72.65
4186,202043.89,2008.41,93.75,86,-48.0,12.18,0.07,14.02,0,2,0,0,142,155,0,0,0,0,202043.89,136.63,0,14.34,85.35,44.14,0.39,2.24,0.0,0.0,60.0,60.0,0,0,0,0.0,-72.65
4187,198279.1,104.44,93.75,86,-48.0,12.65,0.07,13.82,0,0,4,0,61,155,0,0,1,2,198279.1,136.63,0,14.34,85.35,44.14,0.39,2.3,0.0,0.0,60.0,60.0,0,0,0,0.0,-72.65
4188,204553.75,192.44,93.75,86,-48.0,12.18,0.08,13.82,0,2,0,0,30,154,0,0,1,0,204553.75,136.63,0,14.34,85.35,44.14,0.39,2.3,0.0,0.0,60.0,60.0,0,0,0,0.0,-72.65
4189,205808.68,1880.41,93.75,86,-48.0,12.65,0.07,14.02,1,2,4,0,19,154,0,0,0,2,205808.68,136.63,0,14.34,85.35,44.14,0.39,2.24,0.0,0.0,60.0,60.0,0,0,0,0.0,-72.65
4190,204553.75,352.44,93.75,86,-48.0,12.65,0.08,14.02,0,2,0,0,17,153,0,0,1,0,204553.75,136.63,0,14.34,85.35,44.14,0.39,2.24,0.0,0.0,60.0,60.0,0,0,0,0.0,-72.65
4191,203298.82,248.44,93.75,87,-48.0,12.65,0.08,14.02,0,2,0,0,17,152,0,0,1,0,203298.82,136.63,0,14.34,85.35,44.14,0.39,2.24,0.0,0.0,60.0,60.0,0,0,0,0.0,-72.65
4192,203298.82,1680.41,93.75,87,-48.0,11.72,0.07,13.82,0,2,4,0,21,152,0,0,1,0,203298.82,136.63,0,14.34,85.35,44.14,0.39,2.3,0.0,0.0,60.0,60.0,0,0,0,0.0,-72.65
4193,205808.68,1728.41,93.75,86,-48.0,12.18,0.07,13.82,1,2,0,0,39,151,0,0,0,2,205808.68,136.63,0,14.34,85.35,44.14,0.39,2.3,0.0,0.0,60.0,60.0,0,0,0,0.0,-72.65
4194,204553.75,1480.41,93.75,86,-48.0,12.65,0.07,13.92,1,2,4,0,105,150,0,0,1,0,204553.75,136.63,0,14.34,85.35,44.14,0.39,2.27,0.0,0.0,60.0,60.0,0,0,0,0.0,-72.65
4195,205808.68,16.41,93.75,87,-48.0,12.18,0.07,14.02,1,2,4,0,144,150,0,0,0,2,205808.68,136.64,0,14.34,85.35,44.14,0.39,2.24,0.0,0.0,60.0,60.0,0,0,0,0.0,-72.65
4196,208318.55,1632.41,93.75,87,-48.0,12.18,0.07,13.82,0,0,4,0,159,149,0,0,1,2,208318.55,136.64,0,14.34,85.35,44.14,0.39,2.3,0.0,0.0,60.0,60.0,0,0,0,0.0,-72.65
4197,203298.82,80.44,93.75,87,-48.0,12.18,0.08,13.92,1,0,0,0,163,150,0,0,1,0,203298.82,136.64,0,14.34,85.35,44.14,0.39,2.27,0.0,0.0,60.0,60.0,0,0,0,0.0,-72.65
4198,205808.68,2040.41,93.75,87,-48.0,12.18,0.07,14.02,1,0,0,0,162,150,0,0,0,2,205808.68,136.64,0,14.34,85.35,44.14,0.39,2.24,0.0,0.0,60.0,60.0,0,0,0,0.0,-72.65
4199,202043.89,1776.41,93.75,87,-48.0,12.18,0.07,13.92,0,2,4,0,157,150,0,0,0,0,202043.89,136.63,0,14.34,85.35,44.14,0.39,2.27,0.0,0.0,60.0,60.0,0,0,0,0.0,-72.65
4200,199534.03,1736.41,93.75,87,-48.0,12.18,0.07,13.82,1,2,0,0,154,150,0,0,1,2,199534.03,136.63,0,14.34,85.35,44.14,0.39,2.3,0.0,0.0,60.0,60.0,0,0,0,0.0,-72.65
4201,198279.1,1816.41,93.75,87,-48.0,12.18,0.07,13.92,1,2,4,0,136,150,0,0,1,2,198279.1,136.63,0,14.34,85.35,44.14,0.39,2.27,0.0,0.0,60.0,60.0,0,0,0,0.0,-72.65
4202,202043.89,128.41,93.75,87,-48.0,12.18,0.07,13.92,0,2,0,0,52,150,0,0,0,0,202043.89,136.63,0,14.34,85.35,44.14,0.39,2.27,0.0,0.0,60.0,60.0,0,0,0,0.0,-72.65
4203,205808.68,1888.41,93.75,87,-48.0,12.18,0.07,13.82,1,2,4,0,24,150,0,0,0,2,205808.68,136.63,0,14.34,85.35,44.14,0.39,2.3,0.0,0.0,60.0,60.0,0,0,0,0.0,-72.65
4204,203298.82,184.44,93.75,87,-48.0,12.18,0.08,13.82,1,2,4,0,19,150,0,0,1,0,203298.82,136.63,0,14.34,85.35,44.14,0.39,2.3,0.0,0.0,60.0,60.0,0,0,0,0.0,-72.65
4205,207063.61,1728.41,93.75,87,-48.0,12.65,0.07,13.92,0,0,4,0,17,150,0,0,0,2,207063.61,136.63,0,14.34,85.35,44.14,0.39,2.27,0.0,0.0,60.0,60.0,0,0,0,0.0,-72.65
4206,203298.82,1704.41,93.75,87,-48.0,12.65,0.07,13.92,0,2,0,0,18,151,0,0,1,0,203298.82,136.63,0,14.34,85.35,44.14,0.39,2.27,0.0,0.0,60.0,60.0,0,0,0,0.0,-72.65
4207,207063.61,1672.41,93.75,87,-48.0,11.72,0.07,14.02,0,0,4,0,22,150,0,0,0,2,207063.61,136.63,0,14.34,85.35,44.14,0.39,2.24,0.0,0.0,60.0,60.0,0,0,0,0.0,-72.65
4208,202043.89,2032.44,93.75,87,-48.0,12.65,0.08,13.82,1,2,0,0,42,149,0,0,0,0,202043.89,136.64,0,14.34,85.35,44.14,0.39,2.3,0.0,0.0,60.0,60.0,0,0,0,0.0,-72.65
4209,207063.61,2016.44,93.75,87,-48.0,12.65,0.08,13.82,1,2,4,0,113,149,0,0,0,2,207063.61,136.64,0,14.34,85.35,44.14,0.39,2.3,0.0,0.0,60.0,60.0,0,0,0,0.0,-72.65
4210,203298.82,1864.41,93.75,87,-48.0,12.65,0.07,14.02,0,2,0,0,150,149,0,0,1,0,203298.82,136.64,0,14.34,85.35,44.14,0.39,2.24,0.0,0.0,60.0,60.0,0,0,0,0.0,-72.65
4211,205808.68,48.44,93.75,87,-48.0,12.65,0.08,13.82,1,2,0,0,165,150,0,0,0,2,205808.68,136.64,0,14.34,85.35,44.14,0.39,2.3,0.0,0.0,60.0,60.0,0,0,0,0.0,-72.65
4212,208318.55,1896.44,93.75,87,-48.0,12.65,0.08,13.82,0,0,0,0,168,152,0,0,1,2,208318.55,136.64,0,14.34,85.35,44.14,0.39,2.3,0.0,0.0,60.0,60.0,0,0,0,0.0,-72.65
4213,204553.75,2000.41,93.75,87,-48.0,12.18,0.07,14.02,0,2,0,0,166,153,0,0,1,0,204553.75,136.64,0,14.34,85.35,44.14,0.39,2.24,0.0,0.0,60.0,60.0,0,0,0,0.0,-72.65
4214,202043.89,1664.41,93.75,87,-48.0,12.65,0.07,14.02,0,2,0,0,165,154,0,0,0,0,202043.89,136.64,0,14.34,85.35,44.14,0.39,2.24,0.0,0.0,60.0,60.0,0,0,0,0.0,-72.65
4215,198279.1,1328.41,93.75,87,-48.0,12.18,0.07,13.82,1,2,0,0,160,154,0,0,1,2,198279.1,137.66,0,14.34,85.35,44.14,0.39,2.3,0.0,0.0,60.0,60.0,0,0,0,0.0,-72.65
4216,200788.96,2016.41,93.75,87,-48.0,12.18,0.07,13.71,1,0,4,0,157,154,0,0,0,0,200788.96,137.66,0,14.34,85.35,44.14,0.39,2.32,0.0,0.0,60.0,60.0,0,0,0,0.0,-72.65
4217,200788.96,288.44,93.75,87,-48.0,12.65,0.08,13.92,1,2,0,0,143,153,0,0,0,0,200788.96,137.66,0,14.34,85.35,44.14,0.39,2.27,0.0,0.0,60.0,60.0,0,0,0,0.0,-72.65
4218,202043.89,1896.41,93.75,87,-48.0,12.18,0.07,14.02,0,2,4,0,51,153,0,0,0,0,202043.89,137.66,0,14.34,85.35,44.14,0.39,2.24,0.0,0.0,60.0,60.0,0,0,0,0.0,-72.65
4219,198279.1,1824.41,93.75,87,-48.0,12.18,0.07,14.02,1,2,4,0,24,153,0,0,1,2,198279.1,136.63,0,14.34,85.35,44.14,0.39,2.24,0.0,0.0,60.0,60.0,0,0,0,0.0,-72.65
4220,203298.82,1936.41,93.75,87,-48.0,12.18,0.07,13.82,0,0,4,0,19,152,0,0,1,0,203298.82,136.63,0,14.34,85.35,44.14,0.39,2.3,0.0,0.0,60.0,60.0,0,0,0,0.0,-72.65
4221,207063.61,1704.41,93.75,87,-48.0,12.18,0.07,14.02,0,0,4,0,18,152,0,0,0,2,207063.61,136.63,0,14.34,85.35,44.14,0.39,2.24,0.0,0.0,60.0,60.0,0,0,0,0.0,-72.65
4222,205808.68,1656.41,93.75,87,-48.0,12.18,0.07,13.92,1,2,0,0,21,151,0,0,0,2,205808.68,136.63,0,14.34,85.35,44.14,0.39,2.27,0.0,0.0,60.0,60.0,0,0,0,0.0,-72.65
4223,207063.61,1576.41,93.75,87,-48.0,12.18,0.07,13.71,0,2,0,0,33,152,0,0,0,2,207063.61,136.63,0,14.34,85.35,44.14,0.39,2.32,0.0,0.0,60.0,60.0,0,0,0,0.0,-72.65
4224,205808.68,1504.41,94.5,87,-48.0,12.18,0.07,13.71,0,2,4,0,98,151,0,0,0,2,205808.68,137.66,0,14.34,85.35,44.14,0.39,2.32,0.0,0.0,60.0,60.0,0,0,0,0.0,-72.65
4225,203298.82,1416.41,94.5,87,-48.0,11.72,0.07,13.92,0,0,4,0,151,151,0,0,1,0,203298.82,137.66,0,14.34,85.35,44.14,0.39,2.27,0.0,0.0,60.0,60.0,0,0,0,0.0,-72.65
4226,203298.82,1816.44,94.5,87,-48.0,12.18,0.08,13.92,0,0,4,0,164,152,0,0,1,0,203298.82,137.66,0,14.34,85.35,44.14,0.39,2.27,0.0,0.0,60.0,60.0,0,0,0,0.0,-72.65
4227,202043.89,1920.41,94.5,87,-48.0,12.18,0.07,13.82,0,2,4,0,164,152,0,0,0,0,202043.89,137.66,0,14.34,85.35,44.14,0.39,2.3,0.0,0.0,60.0,60.0,0,0,0,0.0,-72.65
4228,202043.89,1840.41,94.5,87,-48.0,12.18,0.07,13.71,0,2,4,0,163,152,0,0,0,0,202043.89,136.63,0,14.34,85.35,44.14,0.39,2.32,0.0,0.0,60.0,60.0,0,0,0,0.0,-72.65
4229,204553.75,1976.41,94.5,87,-48.0,12.18,0.07,14.02,0,2,0,0,158,152,0,0,1,0,204553.75,136.63,0,14.34,85.35,44.14,0.39,2.24,0.0,0.0,60.0,60.0,0,0,0,0.0,-72.65
4230,203298.82,1896.41,94.5,87,-48.0,12.18,0.07,13.92,0,2,4,0,153,152,0,0,1,0,203298.82,136.63,0,14.34,85.35,44.14,0.39,2.27,0.0,0.0,60.0,60.0,0,0,0,0.0,-72.65
4231,203298.82,144.44,94.5,87,-48.0,12.65,0.08,13.71,0,2,0,0,141,151,0,0,1,0,203298.82,136.63,0,14.34,85.35,44.14,0.39,2.32,0.0,0.0,60.0,60.0,0,0,0,0.0,-72.65
4232,202043.89,2040.41,94.5,87,-48.0,12.18,0.07,13.82,0,2,4,0,84,152,0,0,0,0,202043.89,136.63,0,14.34,85.35,44.14,0.39,2.3,0.0,0.0,60.0,60.0,0,0,0,0.0,-72.65
4233,204553.75,1720.41,94.5,87,-48.0,11.72,0.07,13.92,0,2,0,0,35,151,0,0,1,0,204553.75,136.63,0,14.34,85.35,44.14,0.39,2.27,0.0,0.0,60.0,60.0,0,0,0,0.0,-72.65
4234,202043.89,1656.41,94.5,87,-48.0,12.18,0.07,13.92,0,0,0,0,23,151,0,0,0,0,202043.89,136.63,0,14.34,85.35,44.14,0.39,2.27,0.0,0.0,60.0,60.0,0,0,0,0.0,-72.65
4235,203298.82,1352.41,94.5,87,-48.0,12.18,0.07,13.82,1,2,4,0,20,151,0,0,1,0,203298.82,136.63,0,14.34,85.35,44.14,0.39,2.3,0.0,0.0,60.0,60.0,0,0,0,0.0,-72.65
4236,203298.82,1656.41,94.5,87,-48.0,12.18,0.07,13.82,1,2,0,0,19,152,0,0,1,0,203298.82,136.63,0,14.34,85.35,44.14,0.39,2.3,0.0,0.0,60.0,60.0,0,0,0,0.0,-72.65
4237,204553.75,1800.41,94.5,87,-48.0,12.18,0.07,13.92,1,2,4,0,20,153,0,0,1,0,204553.75,136.63,0,14.34,85.35,44.14,0.39,2.27,0.0,0.0,60.0,60.0,0,0,0,0.0,-72.65
4238,204553.75,1888.41,94.5,87,-48.0,12.18,0.07,14.02,0,2,0,0,25,153,0,0,1,0,204553.75,136.63,0,14.34,85.35,44.14,0.39,2.24,0.0,0.0,60.0,60.0,0,0,0,0.0,-72.65
4239,200788.96,1920.41,94.5,87,-48.0,12.18,0.07,13.92,1,2,4,0,85,153,0,0,0,0,200788.96,136.63,0,14.34,85.35,44.14,0.39,2.27,0.0,0.0,60.0,60.0,0,0,0,0.0,-72.65
4240,202043.89,1664.41,94.5,87,-48.0,12.18,0.07,13.92,0,2,0,0,146,153,0,0,0,0,202043.89,136.63,0,14.34,85.35,44.14,0.39,2.27,0.0,0.0,60.0,60.0,0,0,0,0.0,-72.65
4241,205808.68,1624.41,94.5,87,-48.0,11.72,0.07,13.92,0,2,4,0,164,152,0,0,0,2,205808.68,136.63,0,14.34,85.35,44.14,0.39,2.27,0.0,0.0,60.0,60.0,0,0,0,0.0,-72.65
4242,204553.75,1528.41,94.5,87,-48.0,12.18,0.07,13.82,1,2,0,0,166,152,0,0,1,0,204553.75,136.63,0,14.34,85.35,44.14,0.39,2.3,0.0,0.0,60.0,60.0,0,0,0,0.0,-72.65
4243,198279.1,1848.44,94.5,87,-48.0,12.18,0.07,14.02,0,0,4,0,163,153,0,0,1,2,198279.1,136.63,0,14.34,85.35,44.14,0.39,2.24,0.0,0.0,60.0,60.0,0,0,0,0.0,-72.65
4244,202043.89,1904.41,94.5,87,-48.0,12.65,0.07,14.02,0,0,0,0,159,152,0,0,0,0,202043.89,136.63,0,14.34,85.35,44.14,0.39,2.24,0.0,0.0,60.0,60.0,0,0,0,0.0,-72.65
4245,203298.82,1936.41,94.5,87,-48.0,12.18,0.07,13.71,0,2,4,0,153,151,0,0,1,0,203298.82,136.63,0,14.34,85.35,44.14,0.39,2.32,0.0,0.0,60.0,60.0,0,0,0,0.0,-72.65
4246,203298.82,1888.41,93.75,87,-48.0,12.18,0.07,13.82,1,2,0,0,130,151,0,0,1,0,203298.82,136.63,0,14.34,85.35,44.14,0.39,2.3,0.0,0.0,60.0,60.0,0,0,0,0.0,-72.65
4247,203298.82,1912.41,93.75,87,-48.0,12.18,0.07,14.02,0,2,0,0,48,151,0,0,1,0,203298.82,136.63,0,14.34,85.35,44.14,0.39,2.24,0.0,0.0,60.0,60.0,0,0,0,0.0,-72.65
4248,200788.96,256.41,93.75,87,-48.0,12.18,0.07,14.02,1,0,4,0,26,152,0,0,0,0,200788.96,136.63,0,14.34,85.35,44.14,0.39,2.24,0.0,0.0,60.0,60.0,0,0,0,0.0,-72.65
4249,203298.82,1936.41,93.75,87,-48.0,12.18,0.07,13.82,1,0,0,0,21,154,0,0,1,0,203298.82,136.63,0,14.34,85.35,44.14,0.39,2.3,0.0,0.0,60.0,60.0,0,0,0,0.0,-72.65
4250,203298.82,1984.41,93.75,87,-48.0,11.72,0.07,13.82,1,0,0,0,22,154,0,0,1,0,203298.82,136.63,0,14.34,85.35,44.14,0.39,2.3,0.0,0.0,60.0,60.0,0,0,0,0.0,-72.65
4251,204553.75,1856.41,93.75,87,-48.0,12.18,0.07,13.92,0,2,0,0,43,155,0,0,1,0,204553.75,136.63,0,14.34,85.35,44.14,0.39,2.27,0.0,0.0,60.0,60.0,0,0,0,0.0,-72.65
4252,202043.89,1776.41,93.75,87,-48.0,12.18,0.07,14.02,0,0,0,0,138,155,0,0,0,0,202043.89,136.63,0,14.34,85.35,44.14,0.39,2.24,0.0,0.0,60.0,60.0,0,0,0,0.0,-72.65
4253,205808.68,1968.44,93.75,87,-48.0,12.65,0.08,13.82,1,2,0,0,162,155,0,0,0,2,205808.68,136.63,0,14.34,85.35,44.14,0.39,2.3,0.0,0.0,60.0,60.0,0,0,0,0.0,-72.65
4254,204553.75,1936.41,93.75,87,-48.0,12.18,0.07,14.02,1,2,4,0,163,154,0,0,1,0,204553.75,136.63,0,14.34,85.35,44.14,0.39,2.24,0.0,0.0,60.0,60.0,0,0,0,0.0,-72.65
4255,195769.24,1952.44,93.75,87,-48.0,12.18,0.07,14.02,0,2,4,0,163,154,0,0,0,2,195769.24,136.63,0,14.34,85.35,44.14,0.39,2.24,0.0,0.0,60.0,60.0,0,0,0,0.0,-72.65
4256,202043.89,1944.41,93.75,87,-48.0,11.72,0.07,13.82,0,0,0,0,159,153,0,0,0,0,202043.89,136.63,0,14.34,85.35,44.14,0.39,2.3,0.0,0.0,60.0,60.0,0,0,0,0.0,-72.65
4257,202043.89,1912.41,93.75,87,-48.0,12.18,0.07,13.82,0,2,0,0,152,153,0,0,0,0,202043.89,136.63,0,14.34,85.35,44.14,0.39,2.3,0.0,0.0,60.0,60.0,0,0,0,0.0,-72.65
4258,205808.68,1808.41,93.75,87,-48.0,12.18,0.07,13.92,1,0,4,0,139,153,0,0,0,2,205808.68,136.63,0,14.34,85.35,44.14,0.39,2.27,0.0,0.0,60.0,60.0,0,0,0,0.0,-72.65
4259,199534.03,1680.44,93.75,87,-48.0,12.18,0.07,14.02,1,0,0,0,83,152,0,0,1,2,199534.03,136.63,0,14.34,85.35,44.14,0.39,2.24,0.0,0.0,60.0,60.0,0,0,0,0.0,-72.65
4260,198279.1,1872.44,93.75,87,-48.0,12.18,0.07,13.82,0,0,4,0,32,151,0,0,1,2,198279.1,136.63,0,14.34,85.35,44.14,0.39,2.3,0.0,0.0,60.0,60.0,0,0,0,0.0,-72.65
4261,204553.75,96.44,93.75,87,-48.0,12.18,0.08,13.82,1,0,4,0,18,151,0,0,1,0,204553.75,136.63,0,14.34,85.35,44.14,0.39,2.3,0.0,0.0,60.0,60.0,0,0,0,0.0,-72.65
4262,203298.82,2032.44,93.0,87,-48.0,12.65,0.08,13.92,0,0,4,0,16,151,0,0,1,0,203298.82,136.63,0,14.34,85.35,44.14,0.39,2.27,0.0,0.0,60.0,60.0,0,0,0,0.0,-72.65
4263,205808.68,264.44,93.0,87,-48.0,12.65,0.08,14.02,0,0,0,0,17,152,0,0,0,2,205808.68,136.63,0,14.34,85.35,44.14,0.39,2.24,0.0,0.0,60.0,60.0,0,0,0,0.0,-72.65
4264,205808.68,1888.41,93.0,87,-48.0,12.18,0.07,14.02,1,2,4,0,23,152,0,0,0,2,205808.68,136.63,0,14.34,85.35,44.14,0.39,2.24,0.0,0.0,60.0,60.0,0,0,0,0.0,-72.65
4265,204553.75,1624.41,93.0,87,-48.0,12.18,0.07,13.82,1,2,4,0,102,153,0,0,1,0,204553.75,136.63,0,14.34,85.35,44.14,0.39,2.3,0.0,0.0,60.0,60.0,0,0,0,0.0,-72.65
4266,202043.89,1744.41,93.0,88,-48.0,12.18,0.07,14.02,0,0,0,0,157,153,0,0,0,0,202043.89,136.63,0,14.34,85.35,44.14,0.39,2.24,0.0,0.0,60.0,60.0,0,0,0,0.0,-72.65
4267,203298.82,1520.41,93.0,88,-48.0,12.18,0.07,14.02,1,2,0,0,163,154,0,0,1,0,203298.82,136.63,0,14.34,85.35,44.14,0.39,2.24,0.0,0.0,60.0,60.0,0,0,0,0.0,-72.65
4268,205808.68,1888.41,93.0,88,-48.0,12.18,0.07,13.92,1,2,0,0,164,153,0,0,0,2,205808.68,136.63,0,14.34,85.35,44.14,0.39,2.27,0.0,0.0,60.0,60.0,0,0,0,0.0,-72.65
4269,199534.03,440.44,93.0,88,-48.0,12.65,0.08,13.82,1,0,4,0,159,153,0,0,1,2,199534.03,136.63,0,14.34,85.35,44.14,0.39,2.3,0.0,0.0,60.0,60.0,0,0,0,0.0,-72.65
4270,204553.75,296.41,93.0,88,-48.0,12.65,0.07,13.92,0,0,4,0,151,152,0,0,1,0,204553.75,136.63,0,14.34,85.35,44.14,0.39,2.27,0.0,0.0,60.0,60.0,0,0,0,0.0,-72.65
4271,205808.68,1640.41,93.0,88,-48.0,12.18,0.07,13.92,1,0,0,0,131,152,0,0,0,2,205808.68,136.63,0,14.34,85.35,44.14,0.39,2.27,0.0,0.0,60.0,60.0,0,0,0,0.0,-72.65
4272,197024.17,1736.41,93.0,88,-48.0,12.18,0.07,13.82,1,2,4,0,116,150,0,0,0,2,197024.17,136.63,0,14.34,85.35,44.14,0.39,2.3,0.0,0.0,60.0,60.0,0,0,0,0.0,-72.65
4273,202043.89,2008.41,92.25,88,-48.0,12.18,0.07,13.82,0,2,0,0,72,150,0,0,0,0,202043.89,136.63,0,14.34,85.35,44.14,0.39,2.3,0.0,0.0,60.0,60.0,0,0,0,0.0,-72.65
4274,200788.96,1792.41,92.25,88,-48.0,12.18,0.07,14.02,1,0,0,0,31,150,0,0,0,0,200788.96,136.64,0,14.34,85.35,44.14,0.39,2.24,0.0,0.0,60.0,60.0,0,0,0,0.0,-72.65
4275,204553.75,1512.41,92.25,88,-48.0,12.18,0.07,14.02,1,2,0,0,20,150,0,0,1,0,204553.75,136.64,0,14.34,85.35,44.14,0.39,2.24,0.0,0.0,60.0,60.0,0,0,0,0.0,-72.65
4276,198279.1,1760.44,92.25,88,-48.0,12.18,0.07,13.82,0,0,4,0,19,152,0,0,1,2,198279.1,136.64,0,14.34,85.35,44.14,0.39,2.3,0.0,0.0,60.0,60.0,0,0,0,0.0,-72.65
4277,203298.82,1912.41,92.25,88,-48.0,12.18,0.07,13.82,0,0,0,0,19,152,0,0,1,0,203298.82,136.64,0,14.34,85.35,44.14,0.39,2.3,0.0,0.0,60.0,60.0,0,0,0,0.0,-72.65
4278,204553.75,1904.41,92.25,88,-48.0,12.18,0.07,13.92,0,2,0,0,18,152,0,0,1,0,204553.75,136.64,0,14.34,85.35,44.14,0.39,2.27,0.0,0.0,60.0,60.0,0,0,0,0.0,-72.65
4279,198279.1,1776.44,92.25,88,-48.0,12.18,0.07,14.02,0,0,4,0,19,152,0,0,1,2,198279.1,136.63,0,14.34,85.35,44.14,0.39,2.24,0.0,0.0,60.0,60.0,0,0,0,0.0,-72.65
4280,204553.75,1776.41,92.25,88,-48.0,12.18,0.07,13.82,0,0,4,0,37,152,0,0,1,0,204553.75,136.63,0,14.34,85.35,44.14,0.39,2.3,0.0,0.0,60.0,60.0,0,0,0,0.0,-72.65
4281,205808.68,1712.41,92.25,88,-48.0,12.18,0.07,13.82,1,2,4,0,102,151,0,0,0,2,205808.68,136.63,0,14.34,85.35,44.14,0.39,2.3,0.0,0.0,60.0,60.0,0,0,0,0.0,-72.65
4282,204553.75,1760.41,92.25,88,-48.0,12.18,0.07,14.02,0,0,4,0,146,150,0,0,1,0,204553.75,136.63,0,14.34,85.35,44.14,0.39,2.24,0.0,0.0,60.0,60.0,0,0,0,0.0,-72.65
4283,203298.82,1784.41,92.25,88,-48.0,12.65,0.07,14.02,0,2,0,0,162,150,0,0,1,0,203298.82,136.63,0,14.34,85.35,44.14,0.39,2.24,0.0,0.0,60.0,60.0,0,0,0,0.0,-72.65
4284,207063.61,1632.41,92.25,88,-48.0,11.72,0.07,13.92,0,0,4,0,165,149,0,0,0,2,207063.61,136.63,0,14.34,85.35,44.14,0.39,2.27,0.0,0.0,60.0,60.0,0,0,0,0.0,-72.65
4285,205808.68,1408.41,92.25,88,-48.0,12.18,0.07,13.82,0,2,0,0,165,150,0,0,0,2,205808.68,136.63,0,14.34,85.35,44.14,0.39,2.3,0.0,0.0,60.0,60.0,0,0,0,0.0,-72.65
4286,203298.82,1784.41,92.25,88,-48.0,12.18,0.07,14.02,1,0,0,0,161,149,0,0,1,0,203298.82,136.63,0,14.34,85.35,44.14,0.39,2.24,0.0,0.0,60.0,60.0,0,0,0,0.0,-72.65
4287,204553.75,1800.41,92.25,88,-48.0,12.65,0.07,13.92,0,2,0,0,158,149,0,0,1,0,204553.75,136.63,0,14.34,85.35,44.14,0.39,2.27,0.0,0.0,60.0,60.0,0,0,0,0.0,-72.65
4288,197024.17,1696.41,92.25,88,-48.0,12.18,0.07,13.82,0,2,4,0,152,150,0,0,0,2,197024.17,136.63,0,14.34,85.35,44.14,0.39,2.3,0.0,0.0,60.0,60.0,0,0,0,0.0,-72.65
4289,199534.03,1832.44,92.25,88,-48.0,12.18,0.07,14.02,1,0,0,0,148,151,0,0,1,2,199534.03,136.63,0,14.34,85.35,44.14,0.39,2.24,0.0,0.0,60.0,60.0,0,0,0,0.0,-72.65
4290,192004.44,1984.44,91.5,88,-48.0,12.18,0.07,13.92,0,2,0,0,84,152,0,0,0,0,192004.44,136.63,0,14.34,85.35,44.14,0.39,2.27,0.0,0.0,60.0,60.0,0,0,0,0.0,-72.65
4291,203298.82,1352.41,91.5,88,-48.0,11.72,0.07,13.82,0,0,0,0,37,153,0,0,1,0,203298.82,136.63,0,14.34,85.35,44.14,0.39,2.3,0.0,0.0,60.0,60.0,0,0,0,0.0,-72.65
4292,198279.1,88.44,91.5,88,-48.0,12.18,0.07,14.02,0,0,4,0,22,153,0,0,1,2,198279.1,136.63,0,14.34,85.35,44.14,0.39,2.24,0.0,0.0,60.0,60.0,0,0,0,0.0,-72.65
4293,205808.68,0.44,91.5,88,-48.0,13.12,0.08,13.82,0,0,0,0,18,153,0,0,0,2,205808.68,136.63,0,14.34,85.35,44.14,0.39,2.3,0.0,0.0,60.0,60.0,0,0,0,0.0,-72.65
4294,204553.75,80.41,91.5,88,-48.0,12.18,0.07,13.82,1,2,4,0,18,153,0,0,1,0,204553.75,136.63,0,14.34,85.35,44.14,0.39,2.3,0.0,0.0,60.0,60.0,0,0,0,0.0,-72.65
4295,205808.68,1520.41,91.5,88,-48.0,12.18,0.07,13.92,1,0,4,0,22,153,0,0,0,2,205808.68,136.63,0,14.34,85.35,44.14,0.39,2.27,0.0,0.0,60.0,60.0,0,0,0,0.0,-72.65
4296,203298.82,1832.41,91.5,88,-48.0,11.72,0.07,14.02,0,2,4,0,73,152,0,0,1,0,203298.82,136.63,0,14.34,85.35,44.14,0.39,2.24,0.0,0.0,60.0,60.0,0,0,0,0.0,-72.65
4297,203298.82,1288.41,91.5,88,-48.0,12.18,0.07,13.82,1,0,0,0,139,151,0,0,1,0,203298.82,136.63,0,14.34,85.35,44.14,0.39,2.3,0.0,0.0,60.0,60.0,0,0,0,0.0,-72.65
4298,205808.68,1496.41,91.5,88,-48.0,11.72,0.07,13.82,1,2,4,0,163,151,0,0,0,2,205808.68,136.63,0,14.34,85.35,44.14,0.39,2.3,0.0,0.0,60.0,60.0,0,0,0,0.0,-72.65
4299,205808.68,1544.41,91.5,88,-48.0,11.72,0.07,14.02,0,2,0,0,165,152,0,0,0,2,205808.68,136.63,0,14.34,85.35,44.14,0.39,2.24,0.0,0.0,60.0,60.0,0,0,0,0.0,-72.65
4300,203298.82,1376.41,91.5,88,-48.0,11.72,0.07,14.02,0,2,4,0,163,151,0,0,1,0,203298.82,136.63,0,14.34,85.35,44.14,0.39,2.24,0.0,0.0,60.0,60.0,0,0,0,0.0,-72.65
4301,204553.75,1560.41,91.5,88,-48.0,11.72,0.07,13.92,1,2,0,0,160,151,0,0,1,0,204553.75,136.63,0,14.34,85.35,44.14,0.39,2.27,0.0,0.0,60.0,60.0,0,0,0,0.0,-72.65
4302,198279.1,40.44,91.5,88,-48.0,12.18,0.07,13.82,0,2,4,0,152,152,0,0,1,2,198279.1,136.63,0,14.34,85.35,44.14,0.39,2.3,0.0,0.0,60.0,60.0,0,0,0,0.0,-72.65
4303,202043.89,192.41,91.5,89,-48.0,12.18,0.07,13.92,0,2,0,0,134,152,0,0,0,0,202043.89,136.63,0,14.34,85.35,44.14,0.39,2.27,0.0,0.0,60.0,60.0,0,0,0,0.0,-72.65
4304,200788.96,48.41,91.5,89,-48.0,12.18,0.07,14.02,1,0,4,0,61,152,0,0,0,0,200788.96,136.63,0,14.34,85.35,44.14,0.39,2.24,0.0,0.0,60.0,60.0,0,0,0,0.0,-72.65
4305,204553.75,1568.41,91.5,89,-48.0,12.18,0.07,13.82,1,0,0,0,41,152,0,0,1,0,204553.75,136.63,0,14.34,85.35,44.14,0.39,2.3,0.0,0.0,60.0,60.0,0,0,0,0.0,-72.65
4306,203298.82,1760.41,90.75,89,-48.0,12.18,0.07,13.82,0,0,4,0,29,151,0,0,1,0,203298.82,136.63,0,14.34,85.35,44.14,0.39,2.3,0.0,0.0,60.0,60.0,0,0,0,0.0,-72.65
4307,203298.82,1792.41,90.75,89,-48.0,12.18,0.07,14.02,1,0,0,0,28,151,0,0,1,0,203298.82,136.63,0,14.34,85.35,44.14,0.39,2.24,0.0,0.0,60.0,60.0,0,0,0,0.0,-72.65
4308,204553.75,1488.41,90.75,89,-48.0,12.65,0.07,13.92,0,2,0,0,40,152,0,0,1,0,204553.75,136.63,0,14.34,85.35,44.14,0.39,2.27,0.0,0.0,60.0,60.0,0,0,0,0.0,-72.65
4309,200788.96,1592.41,90.75,89,-48.0,12.18,0.07,13.82,1,0,4,0,135,152,0,0,0,0,200788.96,136.63,0,14.34,85.35,44.14,0.39,2.3,0.0,0.0,60.0,60.0,0,0,0,0.0,-72.65
4310,205808.68,1496.41,90.75,89,-48.0,12.18,0.07,13.82,0,0,0,0,154,151,0,0,0,2,205808.68,136.63,0,14.34,85.35,44.14,0.39,2.3,0.0,0.0,60.0,60.0,0,0,0,0.0,-72.65
4311,203298.82,1376.41,90.75,89,-48.0,12.65,0.07,14.02,1,2,4,0,154,151,0,0,1,0,203298.82,136.63,0,14.34,85.35,44.14,0.39,2.24,0.0,0.0,60.0,60.0,0,0,0,0.0,-72.65
4312,203298.82,1872.41,90.75,89,-48.0,12.18,0.07,13.92,0,2,4,0,152,150,0,0,1,0,203298.82,136.63,0,14.34,85.35,44.14,0.39,2.27,0.0,0.0,60.0,60.0,0,0,0,0.0,-72.65
4313,202043.89,1504.41,90.75,89,-48.0,12.18,0.07,13.82,0,0,4,0,139,151,0,0,0,0,202043.89,136.63,0,14.34,85.35,44.14,0.39,2.3,0.0,0.0,60.0,60.0,0,0,0,0.0,-72.65
4314,200788.96,1920.41,90.75,89,-48.0,12.65,0.07,13.71,1,2,4,0,55,151,0,0,0,0,200788.96,136.63,0,14.34,85.35,44.14,0.39,2.32,0.0,0.0,60.0,60.0,0,0,0,0.0,-72.65
4315,200788.96,40.41,90.75,89,-48.0,12.18,0.07,13.92,1,2,4,0,27,151,0,0,0,0,200788.96,136.63,0,14.34,85.35,44.14,0.39,2.27,0.0,0.0,60.0,60.0,0,0,0,0.0,-72.65
4316,200788.96,1928.41,90.75,89,-48.0,12.18,0.07,13.82,1,0,4,0,21,152,0,0,0,0,200788.96,137.66,0,14.34,85.35,44.14,0.39,2.3,0.0,0.0,60.0,60.0,0,0,0,0.0,-72.65
4317,203298.82,1808.41,90.75,89,-48.0,12.18,0.07,13.82,1,0,0,0,24,153,0,0,1,0,203298.82,137.66,0,14.34,85.35,44.14,0.39,2.3,0.0,0.0,60.0,60.0,0,0,0,0.0,-72.65
4318,202043.89,1992.41,90.75,89,-48.0,12.18,0.07,14.02,0,2,0,0,69,153,0,0,0,0,202043.89,137.66,0,14.34,85.35,44.14,0.39,2.24,0.0,0.0,60.0,60.0,0,0,0,0.0,-72.65
4319,205808.68,1832.41,90.75,89,-48.0,12.18,0.07,14.02,1,0,4,0,153,152,0,0,0,2,205808.68,137.66,0,14.34,85.35,44.14,0.39,2.24,0.0,0.0,60.0,60.0,0,0,0,0.0,-72.65
4320,204553.75,1600.41,90.75,89,-48.0,12.18,0.07,13.82,1,0,4,0,159,152,0,0,1,0,204553.75,137.66,0,14.34,85.35,44.14,0.39,2.3,0.0,0.0,60.0,60.0,0,0,0,0.0,-72.65
4321,200788.96,1496.41,90.75,89,-48.0,11.72,0.07,13.82,1,0,0,0,160,152,0,0,0,0,200788.96,136.63,0,14.34,85.35,44.14,0.39,2.3,0.0,0.0,60.0,60.0,0,0,0,0.0,-72.65
4322,203298.82,1208.41,90.75,89,-48.0,11.72,0.07,13.92,0,2,0,0,159,151,0,0,1,0,203298.82,136.63,0,14.34,85.35,44.14,0.39,2.27,0.0,0.0,60.0,60.0,0,0,0,0.0,-72.65
4323,197024.17,1856.44,90.0,89,-48.0,12.18,0.07,14.02,1,0,0,0,154,151,0,0,0,2,197024.17,136.63,0,14.34,85.35,44.14,0.39,2.24,0.0,0.0,60.0,60.0,0,0,0,0.0,-72.65
4324,203298.82,264.44,90.0,89,-48.0,12.65,0.08,13.82,1,0,0,0,139,150,0,0,1,0,203298.82,136.63,0,14.34,85.35,44.14,0.39,2.3,0.0,0.0,60.0,60.0,0,0,0,0.0,-72.65
4325,193259.37,224.44,90.0,89,-48.0,12.18,0.07,14.02,0,2,4,0,53,150,0,0,1,0,193259.37,136.63,0,14.34,85.35,44.14,0.39,2.24,0.0,0.0,60.0,60.0,0,0,0,0.0,-72.65
4326,203298.82,1680.41,90.0,89,-48.0,12.18,0.07,14.02,0,0,0,0,26,151,0,0,1,0,203298.82,136.63,0,14.34,85.35,44.14,0.39,2.24,0.0,0.0,60.0,60.0,0,0,0,0.0,-72.65
4327,202043.89,1328.41,90.0,89,-48.0,12.18,0.07,13.82,0,2,4,0,20,152,0,0,0,0,202043.89,136.63,0,14.34,85.35,44.14,0.39,2.3,0.0,0.0,60.0,60.0,0,0,0,0.0,-72.65
4328,204553.75,1344.41,90.0,89,-48.0,12.18,0.07,14.02,1,2,4,0,23,154,0,0,1,0,204553.75,136.63,0,14.34,85.35,44.14,0.39,2.24,0.0,0.0,60.0,60.0,0,0,0,0.0,-72.65
4329,203298.82,1920.41,90.0,89,-48.0,12.18,0.07,13.82,0,0,0,0,31,155,0,0,1,0,203298.82,136.63,0,14.34,85.35,44.14,0.39,2.3,0.0,0.0,60.0,60.0,0,0,0,0.0,-72.65
4330,205808.68,1504.41,90.0,89,-48.0,11.72,0.07,13.82,0,2,0,0,89,156,0,0,0,2,205808.68,136.63,0,14.34,85.35,44.14,0.39,2.3,0.0,0.0,60.0,60.0,0,0,0,0.0,-72.65
4331,207063.61,1288.41,90.0,89,-48.0,12.18,0.07,13.92,1,0,0,0,154,156,0,0,0,2,207063.61,136.63,0,14.34,85.35,44.14,0.39,2.27,0.0,0.0,60.0,60.0,0,0,0,0.0,-72.65
4332,202043.89,1816.41,90.0,89,-48.0,12.18,0.07,14.02,0,2,0,0,162,155,0,0,0,0,202043.89,136.63,0,14.34,85.35,44.14,0.39,2.24,0.0,0.0,60.0,60.0,0,0,0,0.0,-72.65
4333,202043.89,1536.41,90.0,89,-48.0,11.72,0.07,14.02,1,2,4,0,163,155,0,0,0,0,202043.89,136.63,0,14.34,85.35,44.14,0.39,2.24,0.0,0.0,60.0,60.0,0,0,0,0.0,-72.65
4334,203298.82,1592.41,90.0,89,-48.0,11.72,0.07,13.82,0,0,4,0,160,154,0,0,1,0,203298.82,136.63,0,14.34,85.35,44.14,0.39,2.3,0.0,0.0,60.0,60.0,0,0,0,0.0,-72.65
4335,198279.1,1800.44,90.0,89,-48.0,12.18,0.07,13.82,0,0,4,0,154,153,0,0,1,2,198279.1,136.63,0,14.34,85.35,44.14,0.39,2.3,0.0,0.0,60.0,60.0,0,0,0,0.0,-72.65
4336,195769.24,32.41,90.0,89,-48.0,11.72,0.07,13.92,1,2,4,0,144,153,0,0,0,2,195769.24,136.63,0,14.34,85.35,44.14,0.39,2.27,0.0,0.0,60.0,60.0,0,0,0,0.0,-72.65
4337,202043.89,1632.41,90.0,89,-48.0,12.18,0.07,13.92,0,0,0,0,84,152,0,0,0,0,202043.89,136.63,0,14.34,85.35,44.14,0.39,2.27,0.0,0.0,60.0,60.0,0,0,0,0.0,-72.65
4338,198279.1,1584.41,90.0,89,-48.0,12.18,0.07,13.82,0,0,0,0,36,152,0,0,1,2,198279.1,137.66,0,14.34,85.35,44.14,0.39,2.3,0.0,0.0,60.0,60.0,0,0,0,0.0,-72.65
4339,202043.89,1304.41,90.0,89,-48.0,11.72,0.07,13.92,0,0,4,0,22,151,0,0,0,0,202043.89,137.66,0,14.34,85.35,44.14,0.39,2.27,0.0,0.0,60.0,60.0,0,0,0,0.0,-72.65
4340,203298.82,1408.41,90.0,89,-48.0,12.18,0.07,14.02,1,0,0,0,18,152,0,0,1,0,203298.82,137.66,0,14.34,85.35,44.14,0.39,2.24,0.0,0.0,60.0,60.0,0,0,0,0.0,-72.65
4341,203298.82,1840.44,90.0,90,-48.0,12.18,0.08,13.82,0,0,4,0,17,153,0,0,1,0,203298.82,137.66,0,14.34,85.35,44.14,0.39,2.3,0.0,0.0,60.0,60.0,0,0,0,0.0,-72.65
4342,202043.89,1344.41,90.0,90,-48.0,11.72,0.07,14.02,0,0,4,0,19,154,0,0,0,0,202043.89,136.63,0,14.34,85.35,44.14,0.39,2.24,0.0,0.0,60.0,60.0,0,0,0,0.0,-72.65
4343,200788.96,1448.41,90.0,90,-48.0,12.18,0.07,13.92,1,0,4,0,24,154,0,0,0,0,200788.96,136.63,0,14.34,85.35,44.14,0.39,2.27,0.0,0.0,60.0,60.0,0,0,0,0.0,-72.65
4344,200788.96,1544.41,90.0,90,-48.0,12.18,0.07,13.92,1,0,0,0,58,153,0,0,0,0,200788.96,136.63,0,14.34,85.35,44.14,0.39,2.27,0.0,0.0,60.0,60.0,0,0,0,0.0,-72.65
4345,202043.89,1720.41,90.0,90,-48.0,12.18,0.07,13.71,0,2,0,0,127,153,0,0,0,0,202043.89,136.63,0,14.34,85.35,44.14,0.39,2.32,0.0,0.0,60.0,60.0,0,0,0,0.0,-72.65
4346,200788.96,1792.41,90.0,90,-48.0,12.18,0.07,13.92,1,0,4,0,158,153,0,0,0,0,200788.96,136.63,0,14.34,85.35,44.14,0.39,2.27,0.0,0.0,60.0,60.0,0,0,0,0.0,-72.65
4347,205808.68,1472.41,90.0,90,-48.0,12.18,0.07,13.92,0,2,0,0,164,153,0,0,0,2,205808.68,136.63,0,14.34,85.35,44.14,0.39,2.27,0.0,0.0,60.0,60.0,0,0,0,0.0,-72.65
4348,202043.89,1640.41,90.0,90,-48.0,12.18,0.07,13.82,1,2,4,0,165,152,0,0,0,0,202043.89,136.63,0,14.34,85.35,44.14,0.39,2.3,0.0,0.0,60.0,60.0,0,0,0,0.0,-72.65
4349,194514.3,1776.41,89.25,90,-48.0,11.72,0.07,13.82,0,0,0,0,163,152,0,0,1,0,194514.3,136.63,0,14.34,85.35,44.14,0.39,2.3,0.0,0.0,60.0,60.0,0,0,0,0.0,-72.65
4350,202043.89,696.41,89.25,90,-48.0,11.72,0.07,14.02,1,0,0,0,160,151,0,0,0,0,202043.89,136.63,0,14.34,85.35,44.14,0.0,2.24,0.0,0.0,60.0,60.0,0,0,0,0.0,-72.65
4351,195769.24,656.41,89.25,90,-48.0,11.25,0.07,14.02,0,2,0,0,157,150,0,0,0,2,195769.24,136.63,0,14.34,85.35,44.14,0.0,2.24,0.0,0.0,60.0,60.0,0,0,0,0.0,-72.65
4352,200788.96,536.41,89.25,90,-48.0,11.72,0.07,13.82,1,0,4,0,152,151,0,0,0,0,200788.96,136.63,0,14.34,85.35,44.14,0.0,2.3,0.0,0.0,60.0,60.0,0,0,0,0.0,-72.65
4353,189494.58,744.41,89.25,90,-48.0,11.25,0.07,13.82,0,2,4,0,106,152,0,0,1,2,189494.58,136.63,0,14.34,85.35,44.14,0.0,2.3,0.0,0.0,60.0,60.0,0,0,0,0.0,-72.65
4354,203298.82,936.41,89.25,90,-48.0,11.25,0.07,14.02,1,2,4,0,32,153,0,0,1,0,203298.82,136.63,0,14.34,85.35,44.14,0.0,2.24,0.0,0.0,60.0,60.0,0,0,0,0.0,-72.65
4355,198279.1,1024.41,89.25,90,-48.0,11.72,0.07,14.02,0,0,4,0,18,154,0,0,1,2,198279.1,136.63,0,14.34,85.35,44.14,0.0,2.24,0.0,0.0,60.0,60.0,0,0,0,0.0,-72.65
4356,202043.89,936.41,89.25,90,-48.0,11.25,0.07,13.82,1,2,0,0,17,154,0,0,0,0,202043.89,136.63,0,14.34,85.35,44.14,0.0,2.3,0.0,0.0,60.0,60.0,0,0,0,0.0,-72.65
4357,198279.1,936.41,89.25,90,-48.0,11.25,0.07,13.82,1,2,4,0,19,154,0,0,1,2,198279.1,136.63,0,14.34,85.35,44.14,0.0,2.3,0.0,0.0,60.0,60.0,0,0,0,0.0,-72.65
4358,195769.24,856.41,89.25,90,-48.0,11.72,0.07,14.02,1,0,4,0,42,154,0,0,0,2,195769.24,136.63,0,14.34,85.35,44.14,0.0,2.24,0.0,0.0,60.0,60.0,0,0,0,0.0,-72.65
4359,204553.75,1088.41,89.25,90,-48.0,11.72,0.07,14.02,1,2,0,0,112,153,0,0,1,0,204553.75,136.63,0,14.34,85.35,44.14,0.0,2.24,0.0,0.0,60.0,60.0,0,0,0,0.0,-72.65
4360,198279.1,1200.41,89.25,90,-48.0,11.72,0.07,13.82,0,2,4,0,153,153,0,0,1,2,198279.1,136.63,0,14.34,85.35,44.14,0.0,2.3,0.0,0.0,60.0,60.0,0,0,0,0.0,-72.65
4361,203298.82,984.41,89.25,90,-48.0,12.18,0.07,13.82,0,0,0,0,163,152,0,0,1,0,203298.82,136.63,0,14.34,85.35,44.14,0.0,2.3,0.0,0.0,60.0,60.0,0,0,0,0.0,-72.65
4362,202043.89,664.41,89.25,90,-48.0,10.78,0.07,14.02,1,0,0,0,165,152,0,0,0,0,202043.89,136.63,0,14.34,85.35,44.14,0.0,2.24,0.0,0.0,60.0,60.0,0,0,0,0.0,-72.65
4363,195769.24,800.41,89.25,90,-48.0,11.72,0.07,14.02,1,0,4,0,163,153,0,0,0,2,195769.24,136.63,0,14.34,85.35,44.14,0.0,2.24,0.0,0.0,60.0,60.0,0,0,0,0.0,-72.65
4364,203298.82,784.41,89.25,90,-48.0,11.25,0.07,13.82,1,0,0,0,161,152,0,0,1,0,203298.82,136.63,0,14.34,85.35,44.14,0.0,2.3,0.0,0.0,60.0,60.0,0,0,0,0.0,-72.65
4365,199534.03,928.41,89.25,90,-48.0,11.25,0.07,13.82,0,2,0,0,154,152,0,0,1,2,199534.03,136.63,0,14.34,85.35,44.14,0.0,2.3,0.0,0.0,60.0,60.0,0,0,0,0.0,-72.65
4366,195769.24,1416.41,89.25,90,-48.0,11.72,0.07,14.02,1,2,4,0,134,153,0,0,0,2,195769.24,136.63,0,14.34,85.35,44.14,0.0,2.24,0.0,0.0,60.0,60.0,0,0,0,0.0,-72.65
4367,199534.03,1424.41,88.5,90,-48.0,11.72,0.07,14.02,0,2,4,0,60,153,0,0,1,2,199534.03,136.63,0,14.34,85.35,44.14,0.0,2.24,0.0,0.0,60.0,60.0,0,0,0,0.0,-72.65
4368,198279.1,992.41,88.5,90,-48.0,11.25,0.07,13.82,0,0,4,0,30,154,0,0,1,2,198279.1,136.63,0,14.34,85.35,44.14,0.0,2.3,0.0,0.0,60.0,60.0,0,0,0,0.0,-72.65
4369,200788.96,736.41,88.5,90,-48.0,11.72,0.07,13.92,0,0,0,0,21,154,0,0,0,0,200788.96,135.61,0,14.34,85.35,44.14,0.0,2.27,0.0,0.0,60.0,60.0,0,0,0,0.0,-72.65
4370,193259.37,632.41,89.25,90,-48.0,11.25,0.07,14.02,0,2,0,0,20,154,0,0,1,0,193259.37,135.61,0,14.34,85.35,44.14,0.0,2.24,0.0,0.0,60.0,60.0,0,0,0,0.0,-72.65
4371,194514.3,792.41,89.25,90,-48.0,12.18,0.07,14.02,0,0,0,0,19,153,0,0,1,0,194514.3,135.6,0,14.34,85.35,44.14,0.0,2.24,0.0,0.0,60.0,60.0,0,0,0,0.0,-72.65
4372,202043.89,1184.41,88.5,90,-48.0,11.72,0.07,14.02,1,2,4,0,21,155,0,0,0,0,202043.89,135.6,0,14.34,85.35,44.14,0.0,2.24,0.0,0.0,60.0,60.0,0,0,0,0.0,-72.65
4373,205808.68,1128.41,88.5,90,-48.0,11.72,0.07,13.82,0,0,4,0,22,153,0,0,0,2,205808.68,135.6,0,14.34,85.35,44.14,0.0,2.3,0.0,0.0,60.0,60.0,0,0,0,0.0,-72.65
4374,205808.68,1208.41,88.5,90,-48.0,11.72,0.07,14.02,0,0,4,0,30,152,0,0,0,2,205808.68,136.63,0,14.34,85.35,44.14,0.0,2.24,0.0,0.0,60.0,60.0,0,0,0,0.0,-72.65
4375,203298.82,696.41,88.5,90,-48.0,11.72,0.07,14.02,0,2,0,0,108,151,0,0,1,0,203298.82,136.63,0,14.34,85.35,44.14,0.0,2.24,0.0,0.0,60.0,60.0,0,0,0,0.0,-72.65
4376,204553.75,832.41,88.5,90,-48.0,11.72,0.07,13.82,1,0,0,0,161,150,0,0,1,0,204553.75,136.62,0,14.34,85.35,44.14,0.0,2.3,0.0,0.0,60.0,60.0,0,0,0,0.0,-72.65
4377,204553.75,904.41,88.5,90,-48.0,11.72,0.07,13.92,1,0,0,0,165,150,0,0,1,0,204553.75,136.62,0,14.34,85.35,44.14,0.0,2.27,0.0,0.0,60.0,60.0,0,0,0,0.0,-72.65
4378,199534.03,784.41,88.5,90,-48.0,11.72,0.07,14.02,0,2,0,0,166,149,0,0,1,2,199534.03,136.62,0,14.34,85.35,44.14,0.0,2.24,0.0,0.0,60.0,60.0,0,0,0,0.0,-72.65
4379,203298.82,1032.41,88.5,90,-48.0,11.25,0.07,14.02,1,0,0,0,164,149,0,0,1,0,203298.82,136.62,0,14.34,85.35,44.14,0.0,2.24,0.0,0.0,60.0,60.0,0,0,0,0.0,-72.65
4380,190749.51,1184.41,88.5,90,-48.0,11.72,0.07,13.82,1,0,4,0,161,149,0,0,0,0,190749.51,136.62,0,14.34,85.35,44.14,0.0,2.3,0.0,0.0,60.0,60.0,0,0,0,0.0,-72.65
4381,195769.24,1032.41,88.5,90,-48.0,11.25,0.07,13.82,1,2,0,0,157,152,0,0,0,2,195769.24,136.62,0,14.34,85.35,44.14,0.0,2.3,0.0,0.0,60.0,60.0,0,0,0,0.0,-72.65
4382,203298.82,952.41,88.5,90,-48.0,11.72,0.07,13.92,0,2,0,0,151,151,0,0,1,0,203298.82,135.6,0,14.34,85.35,44.14,0.0,2.27,0.0,0.0,60.0,60.0,0,0,0,0.0,-72.65
4383,199534.03,1176.41,88.5,90,-48.0,11.72,0.07,14.02,0,2,4,0,127,152,0,0,1,2,199534.03,135.6,0,14.34,85.35,44.14,0.0,2.24,0.0,0.0,60.0,60.0,0,0,0,0.0,-72.65
4384,197024.17,1712.41,88.5,90,-48.0,11.72,0.07,14.02,1,0,4,0,50,152,0,0,0,2,197024.17,135.6,0,14.34,85.35,44.14,0.0,2.24,0.0,0.0,60.0,60.0,0,0,0,0.0,-72.65
4385,197024.17,1280.41,88.5,90,-48.0,11.72,0.07,13.82,0,2,0,0,25,151,0,0,0,2,197024.17,135.6,0,14.34,85.35,44.14,0.0,2.3,0.0,0.0,60.0,60.0,0,0,0,0.0,-72.65
4386,203298.82,992.41,88.5,90,-48.0,11.72,0.07,13.92,1,2,4,0,20,152,0,0,1,0,203298.82,135.6,0,14.34,85.35,44.14,0.0,2.27,0.0,0.0,60.0,60.0,0,0,0,0.0,-72.65
4387,203298.82,1384.41,88.5,90,-48.0,12.18,0.07,14.02,1,2,4,0,21,151,0,0,1,0,203298.82,136.62,0,14.34,85.35,44.14,0.0,2.24,0.0,0.0,60.0,60.0,0,0,0,0.0,-72.65
4388,204553.75,1352.41,88.5,90,-48.0,11.72,0.07,13.82,1,2,0,0,31,151,0,0,1,0,204553.75,136.62,0,14.34,85.35,44.14,0.0,2.3,0.0,0.0,60.0,60.0,0,0,0,0.0,-72.65
4389,205808.68,808.41,88.5,90,-48.0,11.72,0.07,13.82,0,2,0,0,105,151,0,0,0,2,205808.68,136.62,0,14.34,85.35,44.14,0.0,2.3,0.0,0.0,60.0,60.0,0,0,0,0.0,-72.65
4390,202043.89,1208.41,88.5,90,-48.0,12.18,0.07,14.02,0,0,4,0,153,152,0,0,0,0,202043.89,136.62,0,14.34,85.35,44.14,0.0,2.24,0.0,0.0,60.0,60.0,0,0,0,0.0,-72.65
4391,203298.82,1152.41,88.5,90,-48.0,11.72,0.07,14.02,1,0,0,0,162,151,0,0,1,0,203298.82,136.62,0,14.34,85.35,44.14,0.0,2.24,0.0,0.0,60.0,60.0,0,0,0,0.0,-72.65
4392,202043.89,1272.41,88.5,90,-48.0,11.72,0.07,13.82,1,2,4,0,162,152,0,0,0,0,202043.89,136.62,0,14.34,85.35,44.14,0.0,2.3,0.0,0.0,60.0,60.0,0,0,0,0.0,-72.65
4393,203298.82,1336.41,88.5,90,-48.0,11.72,0.07,13.92,0,0,4,0,161,152,0,0,1,0,203298.82,136.62,0,14.34,85.35,44.14,0.0,2.27,0.0,0.0,60.0,60.0,0,0,0,0.0,-72.65
4394,200788.96,1552.41,88.5,90,-48.0,11.72,0.07,14.02,1,2,0,0,158,153,0,0,0,0,200788.96,136.62,0,14.34,85.35,44.14,0.0,2.24,0.0,0.0,60.0,60.0,0,0,0,0.0,-72.65
4395,194514.3,1568.41,88.5,90,-48.0,11.72,0.07,14.02,0,0,4,0,152,154,0,0,1,0,194514.3,136.62,0,14.34,85.35,44.14,0.0,2.24,0.0,0.0,60.0,60.0,0,0,0,0.0,-72.65
4396,195769.24,1784.44,87.75,90,-48.0,11.72,0.07,14.02,0,2,4,0,138,155,0,0,0,2,195769.24,136.62,0,14.34,85.35,44.14,0.0,2.24,0.0,0.0,60.0,60.0,0,0,0,0.0,-72.65
4397,202043.89,1944.41,87.75,90,-48.0,11.72,0.07,13.92,0,2,0,0,67,155,0,0,0,0,202043.89,136.62,0,14.34,85.35,44.14,0.0,2.27,0.0,0.0,60.0,60.0,0,0,0,0.0,-72.65
4398,199534.03,1640.41,87.75,90,-48.0,11.72,0.07,14.02,0,2,4,0,29,155,0,0,1,2,199534.03,136.63,0,14.34,85.35,44.14,0.0,2.24,0.0,0.0,60.0,60.0,0,0,0,0.0,-72.65
4399,200788.96,1304.41,87.75,90,-48.0,11.72,0.07,14.02,0,0,0,0,19,154,0,0,0,0,200788.96,136.63,0,14.34,85.35,44.14,0.0,2.24,0.0,0.0,60.0,60.0,0,0,0,0.0,-72.65
4400,197024.17,1712.41,87.75,90,-48.0,11.72,0.07,14.02,1,0,4,0,19,154,0,0,0,2,197024.17,136.63,0,14.34,85.35,44.14,0.0,2.24,0.0,0.0,60.0,60.0,0,0,0,0.0,-72.65
4401,202043.89,1376.41,87.75,90,-48.0,11.72,0.07,13.82,1,2,4,0,21,153,0,0,0,0,202043.89,136.63,0,14.34,85.35,44.14,0.0,2.3,0.0,0.0,60.0,60.0,0,0,0,0.0,-72.65
4402,200788.96,1256.41,87.75,90,-48.0,11.72,0.07,14.02,1,0,0,0,38,153,0,0,0,0,200788.96,136.63,0,14.34,85.35,44.14,0.0,2.24,0.0,0.0,60.0,60.0,0,0,0,0.0,-72.65
4403,204553.75,1112.41,87.75,90,-48.0,11.72,0.07,14.02,1,0,0,0,123,152,0,0,1,0,204553.75,136.63,0,14.34,85.35,44.14,0.0,2.24,0.0,0.0,60.0,60.0,0,0,0,0.0,-72.65
4404,205808.68,1432.41,87.75,90,-48.0,11.72,0.07,13.92,0,0,4,0,159,152,0,0,0,2,205808.68,136.63,0,14.34,85.35,44.14,0.0,2.27,0.0,0.0,60.0,60.0,0,0,0,0.0,-72.65
4405,205808.68,1096.41,87.75,90,-48.0,11.72,0.07,13.82,0,0,4,0,161,151,0,0,0,2,205808.68,136.63,0,14.34,85.35,44.14,0.0,2.3,0.0,0.0,60.0,60.0,0,0,0,0.0,-72.65
4406,203298.82,1264.41,87.75,90,-48.0,12.18,0.07,13.82,0,2,0,0,161,151,0,0,1,0,203298.82,136.63,0,14.34,85.35,44.14,0.0,2.3,0.0,0.0,60.0,60.0,0,0,0,0.0,-72.65
4407,195769.24,1816.44,87.75,90,-48.0,12.18,0.07,14.02,0,2,4,0,157,151,0,0,0,2,195769.24,136.63,0,14.34,85.35,44.14,0.0,2.24,0.0,0.0,60.0,60.0,0,0,0,0.0,-72.65
4408,202043.89,1656.41,87.75,90,-48.0,12.65,0.07,13.92,0,2,4,0,149,150,0,0,0,0,202043.89,136.63,0,14.34,85.35,44.14,0.0,2.27,0.0,0.0,60.0,60.0,0,0,0,0.0,-72.65
4409,203298.82,1312.41,87.75,90,-48.0,11.72,0.07,13.92,1,2,0,0,118,151,0,0,1,0,203298.82,136.63,0,14.34,85.35,44.14,0.0,2.27,0.0,0.0,60.0,60.0,0,0,0,0.0,-72.65
4410,203298.82,1256.41,87.75,90,-48.0,11.72,0.07,14.02,0,0,4,0,72,152,0,0,1,0,203298.82,136.63,0,14.34,85.35,44.14,0.0,2.24,0.0,0.0,60.0,60.0,0,0,0,0.0,-72.65
4411,200788.96,1264.41,87.75,90,-48.0,11.72,0.07,14.02,1,2,0,0,44,154,0,0,0,0,200788.96,136.63,0,14.34,85.35,44.14,0.0,2.24,0.0,0.0,60.0,60.0,0,0,0,0.0,-72.65
4412,198279.1,1128.41,87.75,90,-48.0,11.72,0.07,14.02,0,2,0,0,26,155,0,0,1,2,198279.1,136.63,0,14.34,85.35,44.14,0.0,2.24,0.0,0.0,60.0,60.0,0,0,0,0.0,-72.65
4413,202043.89,1248.41,87.75,90,-48.0,11.72,0.07,13.92,0,2,0,0,22,156,0,0,0,0,202043.89,136.63,0,14.34,85.35,44.14,0.0,2.27,0.0,0.0,60.0,60.0,0,0,0,0.0,-72.65
4414,198279.1,928.41,87.75,90,-48.0,12.18,0.07,13.92,0,0,0,0,22,156,0,0,1,2,198279.1,135.61,0,14.34,85.35,44.14,0.0,2.27,0.0,0.0,60.0,60.0,0,0,0,0.0,-72.65
4415,195769.24,1584.41,87.75,90,-48.0,11.72,0.07,14.02,1,0,0,0,24,156,0,0,0,2,195769.24,135.61,0,14.34,85.35,44.14,0.0,2.24,0.0,0.0,60.0,60.0,0,0,0,0.0,-72.65
4416,200788.96,1384.41,87.75,90,-48.0,11.72,0.07,14.02,1,0,0,0,29,155,0,0,0,0,200788.96,135.61,0,14.34,85.35,44.14,0.0,2.24,0.0,0.0,60.0,60.0,0,0,0,0.0,-72.65
4417,203298.82,1192.41,87.75,90,-48.0,12.18,0.07,13.82,1,2,0,0,104,154,0,0,1,0,203298.82,135.61,0,14.34,85.35,44.14,0.0,2.3,0.0,0.0,60.0,60.0,0,0,0,0.0,-72.65
4418,207063.61,944.41,87.75,91,-48.0,11.72,0.07,14.02,1,0,4,0,156,153,0,0,0,2,207063.61,134.58,0,14.34,85.35,44.14,0.0,2.24,0.0,0.0,60.0,60.0,0,0,0,0.0,-72.65
4419,203298.82,1184.41,87.75,91,-48.0,11.72,0.07,14.02,0,0,0,0,159,152,0,0,1,0,203298.82,134.58,0,14.34,85.35,44.14,0.0,2.24,0.0,0.0,60.0,60.0,0,0,0,0.0,-72.65
4420,198279.1,1272.41,87.75,91,-48.0,11.72,0.07,14.02,0,2,0,0,160,152,0,0,1,2,198279.1,134.58,0,14.34,85.35,44.14,0.0,2.24,0.0,0.0,60.0,60.0,0,0,0,0.0,-72.65
4421,203298.82,1520.41,87.75,91,-48.0,12.18,0.07,13.82,0,2,4,0,158,152,0,0,1,0,203298.82,134.58,0,14.34,85.35,44.14,0.0,2.3,0.0,0.0,60.0,60.0,0,0,0,0.0,-72.65
4422,194514.3,1488.41,87.75,91,-48.0,11.72,0.07,13.82,1,0,0,0,150,151,0,0,1,0,194514.3,135.61,0,14.34,85.35,44.14,0.0,2.3,0.0,0.0,60.0,60.0,0,0,0,0.0,-72.65
4423,203298.82,1480.41,87.75,91,-48.0,12.18,0.07,14.02,1,2,0,0,128,150,0,0,1,0,203298.82,135.61,0,14.34,85.35,44.14,0.0,2.24,0.0,0.0,60.0,60.0,0,0,0,0.0,-72.65
4424,202043.89,1376.41,87.75,91,-48.0,11.72,0.07,14.02,1,2,4,0,49,150,0,0,0,0,202043.89,135.61,0,14.34,85.35,44.14,0.0,2.24,0.0,0.0,60.0,60.0,0,0,0,0.0,-72.65
4425,203298.82,1392.41,87.75,91,-48.0,12.18,0.07,13.82,0,0,0,0,27,150,0,0,1,0,203298.82,135.61,0,14.34,85.35,44.14,0.0,2.3,0.0,0.0,60.0,60.0,0,0,0,0.0,-72.65
4426,203298.82,1416.41,87.75,91,-48.0,12.18,0.07,13.82,0,0,0,0,22,151,0,0,1,0,203298.82,135.61,0,14.34,85.35,44.14,0.0,2.3,0.0,0.0,60.0,60.0,0,0,0,0.0,-72.65
4427,194514.3,1256.44,87.75,91,-48.0,12.18,0.07,14.02,1,0,0,0,22,153,0,0,1,0,194514.3,136.63,0,14.34,85.35,44.14,0.0,2.24,0.0,0.0,60.0,60.0,0,0,0,0.0,-72.65
4428,203298.82,1360.41,87.75,91,-48.0,12.18,0.07,14.02,0,0,0,0,47,153,0,0,1,0,203298.82,136.63,0,14.34,85.35,44.14,0.0,2.24,0.0,0.0,60.0,60.0,0,0,0,0.0,-72.65
4429,203298.82,1208.41,87.75,91,-48.0,11.72,0.07,13.82,0,2,4,0,147,154,0,0,1,0,203298.82,136.63,0,14.34,85.35,44.14,0.0,2.3,0.0,0.0,60.0,60.0,0,0,0,0.0,-72.65
4430,204553.75,1696.41,87.75,91,-48.0,12.18,0.07,13.82,1,2,4,0,159,154,0,0,1,0,204553.75,136.63,0,14.34,85.35,44.14,0.0,2.3,0.0,0.0,60.0,60.0,0,0,0,0.0,-72.65
4431,203298.82,1200.41,87.75,91,-48.0,11.72,0.07,14.02,0,0,0,0,161,154,0,0,1,0,203298.82,136.63,0,14.34,85.35,44.14,0.0,2.24,0.0,0.0,60.0,60.0,0,0,0,0.0,-72.65
4432,203298.82,1272.41,87.75,91,-48.0,12.18,0.07,14.02,0,2,0,0,162,154,0,0,1,0,203298.82,136.63,0,14.34,85.35,44.14,0.0,2.24,0.0,0.0,60.0,60.0,0,0,0,0.0,-72.65
4433,203298.82,1208.41,87.75,91,-48.0,12.18,0.07,13.82,1,0,0,0,158,153,0,0,1,0,203298.82,136.63,0,14.34,85.35,44.14,0.0,2.3,0.0,0.0,60.0,60.0,0,0,0,0.0,-72.65
4434,202043.89,1272.41,87.75,91,-48.0,12.18,0.07,14.02,0,2,0,0,150,153,0,0,0,0,202043.89,136.63,0,14.34,85.35,44.14,0.0,2.24,0.0,0.0,60.0,60.0,0,0,0,0.0,-72.65
4435,204553.75,816.41,87.75,91,-48.0,11.72,0.07,13.82,0,0,0,0,130,152,0,0,1,0,204553.75,136.63,0,14.34,85.35,44.14,0.0,2.3,0.0,0.0,60.0,60.0,0,0,0,0.0,-72.65
4436,198279.1,1056.41,87.75,91,-48.0,11.72,0.07,14.02,0,2,4,0,57,151,0,0,1,2,198279.1,135.61,0,14.34,85.35,44.14,0.0,2.24,0.0,0.0,60.0,60.0,0,0,0,0.0,-72.65
4437,202043.89,1592.41,87.75,91,-48.0,11.72,0.07,14.02,1,2,4,0,25,151,0,0,0,0,202043.89,135.61,0,14.34,85.35,44.14,0.0,2.24,0.0,0.0,60.0,60.0,0,0,0,0.0,-72.65
4438,203298.82,1184.41,87.75,91,-48.0,11.72,0.07,13.92,1,2,0,0,15,151,0,0,1,0,203298.82,135.61,0,14.34,85.35,44.14,0.0,2.27,0.0,0.0,60.0,60.0,0,0,0,0.0,-72.65
4439,203298.82,1224.41,87.75,91,-48.0,11.72,0.07,13.92,1,2,0,0,14,151,0,0,1,0,203298.82,135.61,0,14.34,85.35,44.14,0.0,2.27,0.0,0.0,60.0,60.0,0,0,0,0.0,-72.65
4440,203298.82,1016.41,87.75,91,-48.0,11.72,0.07,14.02,0,0,0,0,16,152,0,0,1,0,203298.82,136.63,0,14.34,85.35,44.14,0.0,2.24,0.0,0.0,60.0,60.0,0,0,0,0.0,-72.65
4441,202043.89,1336.41,87.75,91,-48.0,12.18,0.07,14.02,0,2,0,0,19,153,0,0,0,0,202043.89,136.63,0,14.34,85.35,44.14,0.0,2.24,0.0,0.0,60.0,60.0,0,0,0,0.0,-72.65
4442,204553.75,1264.41,87.75,91,-48.0,11.72,0.07,13.92,1,2,4,0,57,154,0,0,1,0,204553.75,136.63,0,14.34,85.35,44.14,0.0,2.27,0.0,0.0,60.0,60.0,0,0,0,0.0,-72.65
4443,203298.82,1184.41,87.75,91,-48.0,11.72,0.07,13.82,0,0,0,0,117,154,0,0,1,0,203298.82,136.63,0,14.34,85.35,44.14,0.0,2.3,0.0,0.0,60.0,60.0,0,0,0,0.0,-72.65
4444,203298.82,1352.41,87.75,91,-48.0,11.72,0.07,13.92,0,2,0,0,153,153,0,0,1,0,203298.82,135.61,0,14.34,85.35,44.14,0.0,2.27,0.0,0.0,60.0,60.0,0,0,0,0.0,-72.65
4445,192004.44,1096.41,87.75,91,-48.0,11.72,0.07,14.02,1,2,0,0,163,153,0,0,0,0,192004.44,135.61,0,14.34,85.35,44.14,0.0,2.24,0.0,0.0,60.0,60.0,0,0,0,0.0,-72.65
4446,202043.89,1160.41,87.75,91,-48.0,11.72,0.07,13.82,1,2,4,0,164,152,0,0,0,0,202043.89,135.61,0,14.34,85.35,44.14,0.0,2.3,0.0,0.0,60.0,60.0,0,0,0,0.0,-72.65
4447,198279.1,1416.41,87.75,91,-48.0,11.25,0.07,13.82,0,2,0,0,161,152,0,0,1,2,198279.1,135.61,0,14.34,85.35,44.14,0.0,2.3,0.0,0.0,60.0,60.0,0,0,0,0.0,-72.65
4448,200788.96,1424.41,87.75,91,-48.0,11.72,0.07,13.92,1,0,0,0,157,152,0,0,0,0,200788.96,135.61,0,14.34,85.35,44.14,0.0,2.27,0.0,0.0,60.0,60.0,0,0,0,0.0,-72.65
4449,205808.68,1064.41,88.5,91,-48.0,11.72,0.07,14.02,0,2,0,0,152,151,0,0,0,2,205808.68,134.58,0,14.34,85.35,44.14,0.0,2.24,0.0,0.0,60.0,60.0,0,0,0,0.0,-72.65
4450,195769.24,1056.44,88.5,91,-48.0,11.72,0.07,14.02,0,2,4,0,130,151,0,0,0,2,195769.24,134.58,0,14.34,85.35,44.14,0.0,2.24,0.0,0.0,60.0,60.0,0,0,0,0.0,-72.65
4451,202043.89,1184.41,88.5,91,-48.0,11.72,0.07,13.82,1,2,4,0,58,151,0,0,0,0,202043.89,134.58,0,14.34,85.35,44.14,0.0,2.3,0.0,0.0,60.0,60.0,0,0,0,0.0,-72.65
4452,203298.82,1008.41,88.5,91,-48.0,11.72,0.07,13.92,0,2,4,0,27,152,0,0,1,0,203298.82,134.58,0,14.34,85.35,44.14,0.0,2.27,0.0,0.0,60.0,60.0,0,0,0,0.0,-72.65
4453,200788.96,1144.41,88.5,91,-48.0,11.72,0.07,14.02,1,0,4,0,19,153,0,0,0,0,200788.96,134.58,0,14.34,85.35,44.14,0.0,2.24,0.0,0.0,60.0,60.0,0,0,0,0.0,-72.65
4454,203298.82,1616.41,88.5,91,-48.0,12.18,0.07,13.82,0,0,0,0,17,153,0,0,1,0,203298.82,134.58,0,14.34,85.35,44.14,0.0,2.3,0.0,0.0,60.0,60.0,0,0,0,0.0,-72.65
4455,203298.82,1392.41,88.5,91,-48.0,12.18,0.07,13.92,1,0,0,0,18,153,0,0,1,0,203298.82,134.58,0,14.34,85.35,44.14,0.0,2.27,0.0,0.0,60.0,60.0,0,0,0,0.0,-72.65
4456,203298.82,1640.41,88.5,91,-48.0,12.18,0.07,14.02,0,2,4,0,22,153,0,0,1,0,203298.82,134.58,0,14.34,85.35,44.14,0.0,2.24,0.0,0.0,60.0,60.0,0,0,0,0.0,-72.65
4457,203298.82,1168.41,88.5,91,-48.0,11.72,0.07,14.02,0,2,4,0,37,153,0,0,1,0,203298.82,134.58,0,14.34,85.35,44.14,0.0,2.24,0.0,0.0,60.0,60.0,0,0,0,0.0,-72.65
4458,204553.75,896.41,88.5,91,-48.0,11.72,0.07,13.82,0,0,0,0,117,153,0,0,1,0,204553.75,135.61,0,14.34,85.35,44.14,0.0,2.3,0.0,0.0,60.0,60.0,0,0,0,0.0,-72.65
4459,204553.75,784.41,88.5,91,-48.0,11.25,0.07,13.82,0,2,4,0,154,152,0,0,1,0,204553.75,135.61,0,14.34,85.35,44.14,0.0,2.3,0.0,0.0,60.0,60.0,0,0,0,0.0,-72.65
4460,205808.68,848.41,88.5,92,-48.0,11.72,0.07,14.02,0,0,0,0,162,151,0,0,0,2,205808.68,135.61,0,14.34,85.35,44.14,0.0,2.24,0.0,0.0,60.0,60.0,0,0,0,0.0,-72.65
4461,204553.75,1000.41,88.5,92,-48.0,11.25,0.07,14.02,1,2,4,0,162,151,0,0,1,0,204553.75,135.61,0,14.34,85.35,44.14,0.0,2.24,0.0,0.0,60.0,60.0,0,0,0,0.0,-72.65
4462,195769.24,688.41,88.5,92,-48.0,11.25,0.07,13.82,0,2,0,0,156,150,0,0,0,2,195769.24,136.63,0,14.34,85.35,44.14,0.0,2.3,0.0,0.0,60.0,60.0,0,0,0,0.0,-72.65
4463,202043.89,1472.41,88.5,92,-48.0,12.18,0.07,13.82,1,2,4,0,146,150,0,0,0,0,202043.89,136.63,0,14.34,85.35,44.14,0.0,2.3,0.0,0.0,60.0,60.0,0,0,0,0.0,-72.65
4464,195769.24,1592.44,88.5,92,-48.0,12.18,0.07,14.02,1,0,0,0,81,150,0,0,0,2,195769.24,136.63,0,14.34,85.35,44.14,0.0,2.24,0.0,0.0,60.0,60.0,0,0,0,0.0,-72.65
4465,200788.96,1272.41,88.5,92,-48.0,11.72,0.07,13.82,1,2,0,0,33,151,0,0,0,0,200788.96,136.63,0,14.34,85.35,44.14,0.0,2.3,0.0,0.0,60.0,60.0,0,0,0,0.0,-72.65
4466,202043.89,1256.41,88.5,92,-48.0,12.18,0.07,13.92,0,0,4,0,25,154,0,0,0,0,202043.89,136.63,0,14.34,85.35,44.14,0.0,2.27,0.0,0.0,60.0,60.0,0,0,0,0.0,-72.65
4467,202043.89,1632.41,88.5,92,-48.0,11.72,0.07,14.02,1,2,4,0,27,156,0,0,0,0,202043.89,136.63,0,14.34,85.35,44.14,0.0,2.24,0.0,0.0,60.0,60.0,0,0,0,0.0,-72.65
4468,203298.82,1744.41,88.5,92,-48.0,12.18,0.07,14.02,1,2,0,0,96,156,0,0,1,0,203298.82,136.63,0,14.34,85.35,44.14,0.0,2.24,0.0,0.0,60.0,60.0,0,0,0,0.0,-72.65
4469,207063.61,1160.41,88.5,92,-48.0,11.72,0.07,13.82,1,0,0,0,158,156,0,0,0,2,207063.61,136.63,0,14.34,85.35,44.14,0.0,2.3,0.0,0.0,60.0,60.0,0,0,0,0.0,-72.65
4470,205808.68,600.41,88.5,92,-48.0,11.25,0.07,13.82,0,0,0,0,162,156,0,0,0,2,205808.68,136.63,0,14.34,85.35,44.14,0.0,2.3,0.0,0.0,60.0,60.0,0,0,0,0.0,-72.65
4471,193259.37,1104.41,89.25,92,-48.0,11.72,0.07,14.02,0,0,4,0,164,156,0,0,1,0,193259.37,136.63,0,14.34,85.35,44.14,0.0,2.24,0.0,0.0,60.0,60.0,0,0,0,0.0,-72.65
4472,192004.44,1272.41,89.25,92,-48.0,11.72,0.07,14.02,1,0,4,0,162,155,0,0,0,0,192004.44,136.63,0,14.34,85.35,44.14,0.0,2.24,0.0,0.0,60.0,60.0,0,0,0,0.0,-72.65
4473,203298.82,1112.41,89.25,92,-48.0,11.72,0.07,13.82,0,0,0,0,157,155,0,0,1,0,203298.82,136.63,0,14.34,85.35,44.14,0.0,2.3,0.0,0.0,60.0,60.0,0,0,0,0.0,-72.65
4474,202043.89,1408.41,89.25,92,-48.0,11.72,0.07,14.02,1,2,4,0,146,154,0,0,0,0,202043.89,136.63,0,14.34,85.35,44.14,0.0,2.24,0.0,0.0,60.0,60.0,0,0,0,0.0,-72.65
4475,200788.96,936.41,89.25,92,-48.0,11.72,0.07,14.02,1,0,4,0,75,153,0,0,0,0,200788.96,136.63,0,14.34,85.35,44.14,0.0,2.24,0.0,0.0,60.0,60.0,0,0,0,0.0,-72.65
4476,198279.1,1464.41,89.25,92,-48.0,11.72,0.07,13.82,0,2,4,0,31,152,0,0,1,2,198279.1,136.63,0,14.34,85.35,44.14,0.0,2.3,0.0,0.0,60.0,60.0,0,0,0,0.0,-72.65
4477,204553.75,1192.41,89.25,92,-48.0,11.72,0.07,13.82,1,2,0,0,18,152,0,0,1,0,204553.75,136.63,0,14.34,85.35,44.14,0.0,2.3,0.0,0.0,60.0,60.0,0,0,0,0.0,-72.65
4478,203298.82,912.41,89.25,92,-48.0,11.72,0.07,13.92,0,0,4,0,15,151,0,0,1,0,203298.82,136.63,0,14.34,85.35,44.14,0.0,2.27,0.0,0.0,60.0,60.0,0,0,0,0.0,-72.65
4479,202043.89,1232.41,89.25,92,-48.0,11.72,0.07,14.02,1,2,4,0,16,150,0,0,0,0,202043.89,136.63,0,14.34,85.35,44.14,0.0,2.24,0.0,0.0,60.0,60.0,0,0,0,0.0,-72.65
4480,203298.82,968.41,89.25,92,-48.0,11.72,0.07,13.82,1,2,4,0,20,149,0,0,1,0,203298.82,136.63,0,14.34,85.35,44.14,0.0,2.3,0.0,0.0,60.0,60.0,0,0,0,0.0,-72.65
4481,203298.82,1120.41,89.25,92,-48.0,11.72,0.07,13.82,0,2,4,0,33,149,0,0,1,0,203298.82,136.63,0,14.34,85.35,44.14,0.0,2.3,0.0,0.0,60.0,60.0,0,0,0,0.0,-72.65
4482,202043.89,1112.41,89.25,92,-48.0,11.72,0.07,14.02,0,2,0,0,88,149,0,0,0,0,202043.89,136.63,0,14.34,85.35,44.14,0.0,2.24,0.0,0.0,60.0,60.0,0,0,0,0.0,-72.65
4483,198279.1,1280.41,89.25,92,-48.0,11.72,0.07,14.02,1,2,0,0,144,150,0,0,1,2,198279.1,136.63,0,14.34,85.35,44.14,0.0,2.24,0.0,0.0,60.0,60.0,0,0,0,0.0,-72.65
4484,204553.75,1016.41,89.25,92,-48.0,11.72,0.07,13.82,0,2,0,0,160,150,0,0,1,0,204553.75,136.63,0,14.34,85.35,44.14,0.0,2.3,0.0,0.0,60.0,60.0,0,0,0,0.0,-72.65
4485,204553.75,1120.41,89.25,92,-48.0,12.18,0.07,13.82,1,0,0,0,163,151,0,0,1,0,204553.75,136.63,0,14.34,85.35,44.14,0.0,2.3,0.0,0.0,60.0,60.0,0,0,0,0.0,-72.65
4486,198279.1,1384.41,89.25,92,-48.0,11.72,0.07,13.92,0,0,0,0,163,152,0,0,1,2,198279.1,136.63,0,14.34,85.35,44.14,0.0,2.27,0.0,0.0,60.0,60.0,0,0,0,0.0,-72.65
4487,203298.82,1384.41,89.25,92,-48.0,12.18,0.07,14.02,0,0,4,0,159,152,0,0,1,0,203298.82,136.63,0,14.34,85.35,44.14,0.0,2.24,0.0,0.0,60.0,60.0,0,0,0,0.0,-72.65
4488,192004.44,1632.44,89.25,92,-48.0,12.18,0.07,14.02,1,2,4,0,155,152,0,0,0,0,192004.44,136.63,0,14.34,85.35,44.14,0.0,2.24,0.0,0.0,60.0,60.0,0,0,0,0.0,-72.65
4489,202043.89,1384.41,89.25,92,-48.0,11.72,0.07,13.82,0,0,4,0,147,151,0,0,0,0,202043.89,136.63,0,14.34,85.35,44.14,0.0,2.3,0.0,0.0,60.0,60.0,0,0,0,0.0,-72.65
4490,203298.82,1232.41,89.25,92,-48.0,11.72,0.07,13.82,0,0,0,0,92,151,0,0,1,0,203298.82,136.63,0,14.34,85.35,44.14,0.0,2.3,0.0,0.0,60.0,60.0,0,0,0,0.0,-72.65
4491,199534.03,1680.41,89.25,92,-48.0,11.72,0.07,14.02,0,2,4,0,36,150,0,0,1,2,199534.03,136.63,0,14.34,85.35,44.14,0.0,2.24,0.0,0.0,60.0,60.0,0,0,0,0.0,-72.65
4492,205808.68,936.41,89.25,92,-48.0,11.72,0.07,14.02,1,2,0,0,21,151,0,0,0,2,205808.68,136.63,0,14.34,85.35,44.14,0.0,2.24,0.0,0.0,60.0,60.0,0,0,0,0.0,-72.65
4493,204553.75,888.41,89.25,92,-48.0,11.72,0.07,13.82,0,2,0,0,18,150,0,0,1,0,204553.75,136.63,0,14.34,85.35,44.14,0.0,2.3,0.0,0.0,60.0,60.0,0,0,0,0.0,-72.65
4494,203298.82,1336.41,90.0,92,-48.0,11.72,0.07,13.92,0,0,4,0,19,150,0,0,1,0,203298.82,136.63,0,14.34,85.35,44.14,0.0,2.27,0.0,0.0,60.0,60.0,0,0,0,0.0,-72.65
4495,202043.89,976.41,90.0,92,-48.0,11.72,0.07,14.02,0,0,4,0,21,152,0,0,0,0,202043.89,136.63,0,14.34,85.35,44.14,0.0,2.24,0.0,0.0,60.0,60.0,0,0,0,0.0,-72.65
4496,203298.82,1232.41,90.0,92,-48.0,12.18,0.07,14.02,0,0,0,0,58,152,0,0,1,0,203298.82,136.63,0,14.34,85.35,44.14,0.0,2.24,0.0,0.0,60.0,60.0,0,0,0,0.0,-72.65
4497,202043.89,1184.41,90.0,92,-48.0,11.72,0.07,13.82,0,2,0,0,143,153,0,0,0,0,202043.89,136.63,0,14.34,85.35,44.14,0.0,2.3,0.0,0.0,60.0,60.0,0,0,0,0.0,-72.65
4498,203298.82,1392.41,90.0,92,-48.0,12.18,0.07,14.02,1,0,0,0,161,154,0,0,1,0,203298.82,136.63,0,14.34,85.35,44.14,0.0,2.24,0.0,0.0,60.0,60.0,0,0,0,0.0,-72.65
4499,202043.89,1224.41,90.0,92,-48.0,11.72,0.07,14.02,0,0,4,0,164,154,0,0,0,0,202043.89,136.63,0,14.34,85.35,44.14,0.0,2.24,0.0,0.0,60.0,60.0,0,0,0,0.0,-72.65
4500,203298.82,1144.41,90.0,92,-48.0,11.72,0.07,13.82,0,0,4,0,163,153,0,0,1,0,203298.82,136.63,0,14.34,85.35,44.14,0.0,2.3,0.0,0.0,60.0,60.0,0,0,0,0.0,-72.65
4501,203298.82,1552.41,90.0,92,-48.0,12.18,0.07,13.92,1,0,0,0,160,153,0,0,1,0,203298.82,136.63,0,14.34,85.35,44.14,0.0,2.27,0.0,0.0,60.0,60.0,0,0,0,0.0,-72.65
4502,199534.03,1944.44,90.0,92,-48.0,12.18,0.07,14.12,1,0,0,0,156,153,0,0,1,2,199534.03,136.63,0,14.34,85.35,44.14,0.0,2.22,0.0,0.0,60.0,60.0,0,0,0,0.0,-72.65
4503,203298.82,1136.41,90.0,92,-48.0,11.72,0.07,13.92,0,0,4,0,152,152,0,0,1,0,203298.82,136.63,0,14.34,85.35,44.14,0.0,2.27,0.0,0.0,60.0,60.0,0,0,0,0.0,-72.65
4504,202043.89,1384.41,90.0,92,-48.0,12.18,0.07,13.92,0,2,0,0,144,151,0,0,0,0,202043.89,136.63,0,14.34,85.35,44.14,0.0,2.27,0.0,0.0,60.0,60.0,0,0,0,0.0,-72.65
4505,200788.96,1624.41,90.0,92,-48.0,11.72,0.07,14.12,1,2,4,0,78,151,0,0,0,0,200788.96,136.63,0,14.34,85.35,44.14,0.0,2.22,0.0,0.0,60.0,60.0,0,0,0,0.0,-72.65
4506,203298.82,1552.41,90.0,92,-48.0,11.72,0.07,14.02,0,0,4,0,27,152,0,0,1,0,203298.82,136.63,0,14.34,85.35,44.14,0.0,2.24,0.0,0.0,60.0,60.0,0,0,0,0.0,-72.65
4507,198279.1,1368.41,90.0,92,-48.0,11.72,0.07,13.82,1,2,0,0,17,152,0,0,1,2,198279.1,136.63,0,14.34,85.35,44.14,0.0,2.3,0.0,0.0,60.0,60.0,0,0,0,0.0,-72.65
4508,205808.68,904.41,90.0,92,-48.0,11.72,0.07,13.82,1,2,0,0,16,153,0,0,0,2,205808.68,136.63,0,14.34,85.35,44.14,0.0,2.3,0.0,0.0,60.0,60.0,0,0,0,0.0,-72.65
4509,202043.89,648.41,90.0,92,-48.0,11.25,0.07,14.02,1,0,0,0,17,154,0,0,0,0,202043.89,136.63,0,14.34,85.35,44.14,0.0,2.24,0.0,0.0,60.0,60.0,0,0,0,0.0,-72.65
4510,203298.82,1232.41,90.0,92,-48.0,11.25,0.07,14.02,0,0,0,0,20,154,0,0,1,0,203298.82,136.63,0,14.34,85.35,44.14,0.0,2.24,0.0,0.0,60.0,60.0,0,0,0,0.0,-72.65
4511,200788.96,1384.41,90.0,92,-48.0,11.72,0.07,13.82,1,0,0,0,25,154,0,0,0,0,200788.96,136.63,0,14.34,85.35,44.14,0.0,2.3,0.0,0.0,60.0,60.0,0,0,0,0.0,-72.65
4512,198279.1,1320.41,90.0,92,-48.0,12.18,0.07,13.82,0,2,0,0,32,153,0,0,1,2,198279.1,136.63,0,14.34,85.35,44.14,0.0,2.3,0.0,0.0,60.0,60.0,0,0,0,0.0,-72.65
4513,205808.68,1144.41,90.0,92,-48.0,12.18,0.07,14.02,0,0,4,0,92,153,0,0,0,2,205808.68,136.63,0,14.34,85.35,44.14,0.0,2.24,0.0,0.0,60.0,60.0,0,0,0,0.0,-72.65
4514,204553.75,856.41,90.0,92,-48.0,11.72,0.07,14.02,0,0,4,0,140,152,0,0,1,0,204553.75,136.63,0,14.34,85.35,44.14,0.0,2.24,0.0,0.0,60.0,60.0,0,0,0,0.0,-72.65
4515,204553.75,1272.41,90.0,92,-48.0,11.72,0.07,13.92,0,0,4,0,159,151,0,0,1,0,204553.75,136.63,0,14.34,85.35,44.14,0.0,2.27,0.0,0.0,60.0,60.0,0,0,0,0.0,-72.65
4516,204553.75,1448.41,90.0,92,-48.0,11.72,0.07,13.82,0,0,4,0,162,152,0,0,1,0,204553.75,136.63,0,14.34,85.35,44.14,0.0,2.3,0.0,0.0,60.0,60.0,0,0,0,0.0,-72.65
4517,207063.61,1024.41,90.0,92,-48.0,11.72,0.07,14.02,1,2,4,0,162,150,0,0,0,2,207063.61,136.62,0,14.34,85.35,44.14,0.0,2.24,0.0,0.0,60.0,60.0,0,0,0,0.0,-72.65
4518,202043.89,1304.41,90.0,92,-48.0,11.72,0.07,14.02,1,2,4,0,161,149,0,0,0,0,202043.89,136.62,0,14.34,85.35,44.14,0.0,2.24,0.0,0.0,60.0,60.0,0,0,0,0.0,-72.65
4519,204553.75,1096.41,90.0,92,-48.0,11.72,0.07,13.92,1,2,4,0,159,149,0,0,1,0,204553.75,136.62,0,14.34,85.35,44.14,0.0,2.27,0.0,0.0,60.0,60.0,0,0,0,0.0,-72.65
4520,203298.82,1688.41,90.0,92,-48.0,11.72,0.07,13.92,0,2,4,0,155,150,0,0,1,0,203298.82,136.62,0,14.34,85.35,44.14,0.0,2.27,0.0,0.0,60.0,60.0,0,0,0,0.0,-72.65
4521,204553.75,928.41,90.0,92,-48.0,11.25,0.07,13.92,1,0,0,0,145,151,0,0,1,0,204553.75,136.62,0,14.34,85.35,44.14,0.0,2.27,0.0,0.0,60.0,60.0,0,0,0,0.0,-72.65
4522,199534.03,1264.41,90.0,92,-48.0,11.72,0.07,14.02,0,2,4,0,95,153,0,0,1,2,199534.03,136.62,0,14.34,85.35,44.14,0.0,2.24,0.0,0.0,60.0,60.0,0,0,0,0.0,-72.65
4523,205808.68,1080.41,90.0,92,-48.0,12.18,0.07,14.02,0,2,4,0,37,154,0,0,0,2,205808.68,136.62,0,14.34,85.35,44.14,0.0,2.24,0.0,0.0,60.0,60.0,0,0,0,0.0,-72.65
4524,202043.89,1256.41,90.0,92,-48.0,11.72,0.07,13.92,1,2,4,0,19,154,0,0,0,0,202043.89,136.62,0,14.34,85.35,44.14,0.0,2.27,0.0,0.0,60.0,60.0,0,0,0,0.0,-72.65
4525,203298.82,1240.41,90.0,92,-48.0,12.18,0.07,13.92,0,0,4,0,16,154,0,0,1,0,203298.82,136.62,0,14.34,85.35,44.14,0.0,2.27,0.0,0.0,60.0,60.0,0,0,0,0.0,-72.65
4526,198279.1,1544.41,90.0,92,-48.0,12.18,0.07,14.02,1,2,4,0,16,153,0,0,1,2,198279.1,136.63,0,14.34,85.35,44.14,0.0,2.24,0.0,0.0,60.0,60.0,0,0,0,0.0,-72.65
4527,203298.82,1872.41,90.0,92,-48.0,12.18,0.07,14.02,1,2,0,0,18,153,0,0,1,0,203298.82,136.63,0,14.34,85.35,44.14,0.0,2.24,0.0,0.0,60.0,60.0,0,0,0,0.0,-72.65
4528,205808.68,1168.41,90.0,92,-48.0,11.72,0.07,13.82,0,0,0,0,24,152,0,0,0,2,205808.68,136.63,0,14.34,85.35,44.14,0.0,2.3,0.0,0.0,60.0,60.0,0,0,0,0.0,-72.65
4529,207063.61,1104.41,90.0,92,-48.0,12.18,0.07,13.82,1,2,4,0,62,152,0,0,0,2,207063.61,136.63,0,14.34,85.35,44.14,0.0,2.3,0.0,0.0,60.0,60.0,0,0,0,0.0,-72.65
4530,205808.68,1016.41,90.0,92,-48.0,11.72,0.07,14.02,0,2,0,0,136,151,0,0,0,2,205808.68,136.63,0,14.34,85.35,44.14,0.0,2.24,0.0,0.0,60.0,60.0,0,0,0,0.0,-72.65
4531,205808.68,856.41,90.0,93,-48.0,11.72,0.07,13.92,1,2,0,0,161,151,0,0,0,2,205808.68,136.63,0,14.34,85.35,44.14,0.0,2.27,0.0,0.0,60.0,60.0,0,0,0,0.0,-72.65
4532,203298.82,1008.41,90.0,93,-48.0,12.18,0.07,13.92,0,2,4,0,165,151,0,0,1,0,203298.82,136.63,0,14.34,85.35,44.14,0.0,2.27,0.0,0.0,60.0,60.0,0,0,0,0.0,-72.65
4533,204553.75,1184.41,90.0,93,-48.0,12.18,0.07,14.02,1,0,0,0,164,150,0,0,1,0,204553.75,136.63,0,14.34,85.35,44.14,0.0,2.24,0.0,0.0,60.0,60.0,0,0,0,0.0,-72.65
4534,205808.68,1192.41,90.0,93,-48.0,11.72,0.07,13.82,0,0,4,0,161,150,0,0,0,2,205808.68,136.63,0,14.34,85.35,44.14,0.0,2.3,0.0,0.0,60.0,60.0,0,0,0,0.0,-72.65
4535,200788.96,1192.41,90.0,93,-48.0,11.72,0.07,13.92,1,0,0,0,155,151,0,0,0,0,200788.96,136.63,0,14.34,85.35,44.14,0.0,2.27,0.0,0.0,60.0,60.0,0,0,0,0.0,-72.65
4536,198279.1,1344.41,90.0,93,-48.0,11.72,0.07,14.02,0,2,4,0,153,152,0,0,1,2,198279.1,136.63,0,14.34,85.35,44.14,0.0,2.24,0.0,0.0,60.0,60.0,0,0,0,0.0,-72.65
4537,203298.82,1136.41,90.0,93,-48.0,11.72,0.07,14.02,0,2,0,0,141,152,0,0,1,0,203298.82,135.61,0,14.34,85.35,44.14,0.0,2.24,0.0,0.0,60.0,60.0,0,0,0,0.0,-72.65
4538,195769.24,1504.44,90.0,93,-48.0,11.72,0.07,13.82,1,2,0,0,67,153,0,0,0,2,195769.24,135.61,0,14.34,85.35,44.14,0.0,2.3,0.0,0.0,60.0,60.0,0,0,0,0.0,-72.65
4539,203298.82,1352.41,90.0,93,-48.0,11.72,0.07,13.92,0,0,4,0,30,153,0,0,1,0,203298.82,135.61,0,14.34,85.35,44.14,0.0,2.27,0.0,0.0,60.0,60.0,0,0,0,0.0,-72.65
4540,202043.89,1032.41,90.75,93,-48.0,11.72,0.07,13.92,0,0,4,0,19,153,0,0,0,0,202043.89,135.6,0,14.34,85.35,44.14,0.0,2.27,0.0,0.0,60.0,60.0,0,0,0,0.0,-72.65
4541,204553.75,1216.41,90.75,93,-48.0,11.72,0.07,13.92,1,0,0,0,16,152,0,0,1,0,204553.75,135.6,0,14.34,85.35,44.14,0.0,2.27,0.0,0.0,60.0,60.0,0,0,0,0.0,-72.65
4542,202043.89,1176.41,90.75,93,-48.0,11.72,0.07,13.92,0,0,4,0,18,151,0,0,0,0,202043.89,134.58,0,14.34,85.35,44.14,0.0,2.27,0.0,0.0,60.0,60.0,0,0,0,0.0,-72.65
4543,204553.75,584.41,90.75,93,-48.0,11.25,0.07,14.02,1,2,4,0,30,152,0,0,1,0,204553.75,134.58,0,14.34,85.35,44.14,0.0,2.24,0.0,0.0,60.0,60.0,0,0,0,0.0,-72.65
4544,202043.89,792.41,90.75,93,-48.0,11.72,0.07,14.02,0,0,4,0,86,151,0,0,0,0,202043.89,134.58,0,14.34,85.35,44.14,0.0,2.24,0.0,0.0,60.0,60.0,0,0,0,0.0,-72.65
4545,202043.89,968.41,90.75,93,-48.0,11.72,0.07,13.92,0,0,4,0,130,150,0,0,0,0,202043.89,134.58,0,14.34,85.35,44.14,0.0,2.27,0.0,0.0,60.0,60.0,0,0,0,0.0,-72.65
4546,205808.68,824.41,90.75,93,-48.0,11.72,0.07,13.92,0,0,0,0,153,149,0,0,0,2,205808.68,134.58,0,14.34,85.35,44.14,0.0,2.27,0.0,0.0,60.0,60.0,0,0,0,0.0,-72.65
4547,200788.96,1160.41,90.75,93,-48.0,12.18,0.07,13.92,1,0,0,0,158,149,0,0,0,0,200788.96,134.58,0,14.34,85.35,44.14,0.0,2.27,0.0,0.0,60.0,60.0,0,0,0,0.0,-72.65
4548,202043.89,1176.41,90.75,93,-48.0,12.18,0.07,14.02,0,2,0,0,160,149,0,0,0,0,202043.89,134.58,0,14.34,85.35,44.14,0.0,2.24,0.0,0.0,60.0,60.0,0,0,0,0.0,-72.65
4549,203298.82,1048.41,90.75,93,-48.0,11.72,0.07,13.92,0,0,0,0,158,150,0,0,1,0,203298.82,134.58,0,14.34,85.35,44.14,0.0,2.27,0.0,0.0,60.0,60.0,0,0,0,0.0,-72.65
4550,203298.82,728.41,90.75,93,-48.0,11.72,0.07,13.92,0,0,4,0,154,151,0,0,1,0,203298.82,134.58,0,14.34,85.35,44.14,0.0,2.27,0.0,0.0,60.0,60.0,0,0,0,0.0,-72.65
4551,203298.82,1200.41,90.75,93,-48.0,11.72,0.07,14.02,0,0,4,0,138,152,0,0,1,0,203298.82,134.58,0,14.34,85.35,44.14,0.0,2.24,0.0,0.0,60.0,60.0,0,0,0,0.0,-72.65
4552,195769.24,1256.41,90.75,93,-48.0,11.72,0.07,14.02,1,2,4,0,51,152,0,0,0,2,195769.24,134.58,0,14.34,85.35,44.14,0.0,2.24,0.0,0.0,60.0,60.0,0,0,0,0.0,-72.65
4553,203298.82,1256.41,90.75,93,-48.0,11.72,0.07,13.82,0,0,4,0,25,152,0,0,1,0,203298.82,134.58,0,14.34,85.35,44.14,0.0,2.3,0.0,0.0,60.0,60.0,0,0,0,0.0,-72.65
4554,197024.17,1392.41,90.75,93,-48.0,11.72,0.07,14.02,1,0,4,0,19,152,0,0,0,2,197024.17,134.58,0,14.34,85.35,44.14,0.0,2.24,0.0,0.0,60.0,60.0,0,0,0,0.0,-72.65
4555,203298.82,1160.41,90.75,93,-48.0,11.72,0.07,14.02,0,0,0,0,17,151,0,0,1,0,203298.82,134.58,0,14.34,85.35,44.14,0.0,2.24,0.0,0.0,60.0,60.0,0,0,0,0.0,-72.65
4556,203298.82,1072.41,90.75,93,-48.0,11.72,0.07,13.82,0,0,0,0,18,151,0,0,1,0,203298.82,134.58,0,14.34,85.35,44.14,0.0,2.3,0.0,0.0,60.0,60.0,0,0,0,0.0,-72.65
4557,205808.68,1152.41,90.75,93,-48.0,12.18,0.07,13.92,1,2,0,0,22,152,0,0,0,2,205808.68,134.58,0,14.34,85.35,44.14,0.0,2.27,0.0,0.0,60.0,60.0,0,0,0,0.0,-72.65
4558,203298.82,1040.41,90.75,93,-48.0,11.72,0.07,14.02,1,0,0,0,65,151,0,0,1,0,203298.82,134.58,0,14.34,85.35,44.14,0.0,2.24,0.0,0.0,60.0,60.0,0,0,0,0.0,-72.65
4559,204553.75,1008.41,90.75,93,-48.0,11.72,0.07,14.02,1,2,0,0,121,150,0,0,1,0,204553.75,134.58,0,14.34,85.35,44.14,0.0,2.24,0.0,0.0,60.0,60.0,0,0,0,0.0,-72.65
4560,208318.55,488.38,90.75,93,-48.0,11.25,0.07,13.82,1,2,0,0,156,150,0,0,1,2,208318.55,134.58,0,14.34,85.35,44.14,0.0,2.3,0.0,0.0,60.0,60.0,0,0,0,0.0,-72.65
4561,203298.82,784.41,90.75,93,-48.0,11.72,0.07,13.82,1,2,0,0,164,150,0,0,1,0,203298.82,134.58,0,14.34,85.35,44.14,0.0,2.3,0.0,0.0,60.0,60.0,0,0,0,0.0,-72.65
4562,200788.96,1008.41,90.75,93,-48.0,11.72,0.07,14.02,1,0,0,0,164,151,0,0,0,0,200788.96,134.58,0,14.34,85.35,44.14,0.0,2.24,0.0,0.0,60.0,60.0,0,0,0,0.0,-72.65
4563,197024.17,1112.41,90.75,93,-48.0,11.72,0.07,14.02,0,2,0,0,161,152,0,0,0,2,197024.17,134.58,0,14.34,85.35,44.14,0.0,2.24,0.0,0.0,60.0,60.0,0,0,0,0.0,-72.65
4564,194514.3,1248.41,90.75,93,-48.0,11.72,0.07,14.02,1,2,4,0,154,153,0,0,1,0,194514.3,134.58,0,14.34,85.35,44.14,0.0,2.24,0.0,0.0,60.0,60.0,0,0,0,0.0,-72.65
4565,205808.68,1184.41,90.75,93,-48.0,11.72,0.07,13.82,0,0,4,0,123,153,0,0,0,2,205808.68,134.58,0,14.34,85.35,44.14,0.0,2.3,0.0,0.0,60.0,60.0,0,0,0,0.0,-72.65
4566,198279.1,1360.41,90.75,94,-48.0,11.72,0.07,13.92,1,2,0,0,54,152,0,0,1,2,198279.1,134.58,0,14.34,85.35,44.14,0.0,2.27,0.0,0.0,60.0,60.0,0,0,0,0.0,-72.65
4567,203298.82,976.41,90.75,94,-48.0,11.72,0.07,14.02,1,2,4,0,27,152,0,0,1,0,203298.82,134.58,0,14.34,85.35,44.14,0.0,2.24,0.0,0.0,60.0,60.0,0,0,0,0.0,-72.65
4568,200788.96,720.41,90.75,94,-48.0,11.25,0.07,14.02,1,0,4,0,21,152,0,0,0,0,200788.96,135.61,0,14.34,85.35,44.14,0.0,2.24,0.0,0.0,60.0,60.0,0,0,0,0.0,-72.65
4569,204553.75,704.41,91.5,94,-48.0,11.25,0.07,13.92,0,0,0,0,21,151,0,0,1,0,204553.75,135.61,0,14.34,85.35,44.14,0.0,2.27,0.0,0.0,60.0,60.0,0,0,0,0.0,-72.65
4570,204553.75,1040.41,91.5,94,-48.0,11.72,0.07,13.82,1,0,0,0,28,150,0,0,1,0,204553.75,135.61,0,14.34,85.35,44.14,0.0,2.3,0.0,0.0,60.0,60.0,0,0,0,0.0,-72.65
4571,203298.82,1512.41,90.75,94,-48.0,12.18,0.07,14.02,1,2,0,0,71,151,0,0,1,0,203298.82,135.61,0,14.34,85.35,44.14,0.0,2.24,0.0,0.0,60.0,60.0,0,0,0,0.0,-72.65
4572,205808.68,928.41,90.75,94,-48.0,11.72,0.07,14.02,0,0,0,0,145,151,0,0,0,2,205808.68,135.61,0,14.34,85.35,44.14,0.0,2.24,0.0,0.0,60.0,60.0,0,0,0,0.0,-72.65
4573,203298.82,1008.41,91.5,94,-48.0,11.72,0.07,13.92,1,2,0,0,162,150,0,0,1,0,203298.82,136.63,0,14.34,85.35,44.14,0.0,2.27,0.0,0.0,60.0,60.0,0,0,0,0.0,-72.65
4574,205808.68,984.41,91.5,94,-48.0,11.72,0.07,13.82,0,2,4,0,165,150,0,0,0,2,205808.68,136.63,0,14.34,85.35,44.14,0.0,2.3,0.0,0.0,60.0,60.0,0,0,0,0.0,-72.65
4575,203298.82,696.41,91.5,94,-48.0,11.72,0.07,13.92,1,0,0,0,164,151,0,0,1,0,203298.82,136.63,0,14.34,85.35,44.14,0.0,2.27,0.0,0.0,60.0,60.0,0,0,0,0.0,-72.65
4576,195769.24,1280.41,91.5,94,-48.0,11.72,0.07,13.92,1,2,4,0,162,152,0,0,0,2,195769.24,136.63,0,14.34,85.35,44.14,0.0,2.27,0.0,0.0,60.0,60.0,0,0,0,0.0,-72.65
4577,193259.37,1656.44,91.5,94,-48.0,12.18,0.07,13.82,0,2,0,0,159,153,0,0,1,0,193259.37,136.63,0,14.34,85.35,44.14,0.0,2.3,0.0,0.0,60.0,60.0,0,0,0,0.0,-72.65
4578,197024.17,1152.41,91.5,94,-48.0,11.72,0.07,13.82,0,2,0,0,148,154,0,0,0,2,197024.17,136.63,0,14.34,85.35,44.14,0.0,2.3,0.0,0.0,60.0,60.0,0,0,0,0.0,-72.65
4579,197024.17,1312.41,91.5,94,-48.0,11.72,0.07,14.02,0,0,0,0,113,154,0,0,0,2,197024.17,136.63,0,14.34,85.35,44.14,0.0,2.24,0.0,0.0,60.0,60.0,0,0,0,0.0,-72.65
4580,203298.82,1008.41,91.5,94,-48.0,11.72,0.07,14.02,0,2,0,0,43,154,0,0,1,0,203298.82,136.63,0,14.34,85.35,44.14,0.0,2.24,0.0,0.0,60.0,60.0,0,0,0,0.0,-72.65
4581,195769.24,1216.41,91.5,94,-48.0,11.72,0.07,13.82,1,0,4,0,23,153,0,0,0,2,195769.24,136.63,0,14.34,85.35,44.14,0.0,2.3,0.0,0.0,60.0,60.0,0,0,0,0.0,-72.65
4582,202043.89,1144.41,91.5,94,-48.0,11.72,0.07,13.82,0,0,4,0,18,153,0,0,0,0,202043.89,136.63,0,14.34,85.35,44.14,0.0,2.3,0.0,0.0,60.0,60.0,0,0,0,0.0,-72.65
4583,202043.89,1160.41,91.5,94,-48.0,11.72,0.07,14.02,0,0,4,0,17,152,0,0,0,0,202043.89,136.63,0,14.34,85.35,44.14,0.0,2.24,0.0,0.0,60.0,60.0,0,0,0,0.0,-72.65
4584,202043.89,936.41,91.5,94,-48.0,11.25,0.07,14.02,1,2,0,0,25,151,0,0,0,0,202043.89,136.63,0,14.34,85.35,44.14,0.0,2.24,0.0,0.0,60.0,60.0,0,0,0,0.0,-72.65
4585,202043.89,1072.41,91.5,94,-48.0,11.72,0.07,13.82,0,0,4,0,75,152,0,0,0,0,202043.89,136.63,0,14.34,85.35,44.14,0.0,2.3,0.0,0.0,60.0,60.0,0,0,0,0.0,-72.65
4586,203298.82,792.41,91.5,94,-48.0,11.25,0.07,13.82,0,0,4,0,142,151,0,0,1,0,203298.82,136.63,0,14.34,85.35,44.14,0.0,2.3,0.0,0.0,60.0,60.0,0,0,0,0.0,-72.65
4587,203298.82,488.41,91.5,94,-48.0,11.72,0.07,14.02,0,0,4,0,160,150,0,0,1,0,203298.82,136.63,0,14.34,85.35,44.14,0.0,2.24,0.0,0.0,60.0,60.0,0,0,0,0.0,-72.65
4588,202043.89,984.41,91.5,94,-48.0,11.72,0.07,14.02,0,2,0,0,163,149,0,0,0,0,202043.89,136.63,0,14.34,85.35,44.14,0.0,2.24,0.0,0.0,60.0,60.0,0,0,0,0.0,-72.65
4589,203298.82,1184.41,91.5,94,-48.0,11.72,0.07,13.82,0,0,0,0,160,149,0,0,1,0,203298.82,136.63,0,14.34,85.35,44.14,0.0,2.3,0.0,0.0,60.0,60.0,0,0,0,0.0,-72.65
4590,199534.03,1384.41,91.5,94,-48.0,11.72,0.07,13.92,1,2,4,0,153,149,0,0,1,2,199534.03,136.63,0,14.34,85.35,44.14,0.0,2.27,0.0,0.0,60.0,60.0,0,0,0,0.0,-72.65
4591,200788.96,1120.41,91.5,94,-48.0,11.72,0.07,14.02,1,0,0,0,150,149,0,0,0,0,200788.96,136.63,0,14.34,85.35,44.14,0.0,2.24,0.0,0.0,60.0,60.0,0,0,0,0.0,-72.65
4592,202043.89,1240.41,91.5,94,-48.0,11.72,0.07,14.02,0,2,0,0,127,149,0,0,0,0,202043.89,136.63,0,14.34,85.35,44.14,0.0,2.24,0.0,0.0,60.0,60.0,0,0,0,0.0,-72.65
4593,203298.82,1032.41,91.5,94,-48.0,11.72,0.07,13.82,0,0,4,0,59,150,0,0,1,0,203298.82,136.63,0,14.34,85.35,44.14,0.0,2.3,0.0,0.0,60.0,60.0,0,0,0,0.0,-72.65
4594,202043.89,608.41,91.5,94,-48.0,11.72,0.07,13.82,1,2,4,0,32,151,0,0,0,0,202043.89,136.63,0,14.34,85.35,44.14,0.0,2.3,0.0,0.0,60.0,60.0,0,0,0,0.0,-72.65
4595,193259.37,1200.41,91.5,94,-48.0,11.72,0.07,13.92,0,2,4,0,22,150,0,0,1,0,193259.37,136.63,0,14.34,85.35,44.14,0.0,2.27,0.0,0.0,60.0,60.0,0,0,0,0.0,-72.65
4596,205808.68,1136.41,91.5,94,-48.0,11.72,0.07,14.02,0,0,4,0,19,150,0,0,0,2,205808.68,136.63,0,14.34,85.35,44.14,0.0,2.24,0.0,0.0,60.0,60.0,0,0,0,0.0,-72.65
4597,203298.82,1072.41,91.5,94,-48.0,11.72,0.07,14.02,1,0,0,0,22,149,0,0,1,0,203298.82,136.63,0,14.34,85.35,44.14,0.0,2.24,0.0,0.0,60.0,60.0,0,0,0,0.0,-72.65
4598,205808.68,696.41,91.5,94,-48.0,11.72,0.07,13.82,1,0,4,0,32,149,0,0,0,2,205808.68,136.63,0,14.34,85.35,44.14,0.0,2.3,0.0,0.0,60.0,60.0,0,0,0,0.0,-72.65
4599,205808.68,688.41,91.5,94,-48.0,11.72,0.07,13.82,1,0,4,0,97,148,0,0,0,2,205808.68,136.63,0,14.34,85.35,44.14,0.0,2.3,0.0,0.0,60.0,60.0,0,0,0,0.0,-72.65
4600,203298.82,864.41,92.25,94,-48.0,11.72,0.07,14.02,1,2,0,0,153,148,0,0,1,0,203298.82,136.63,0,14.34,85.35,44.14,0.0,2.24,0.0,0.0,60.0,60.0,0,0,0,0.0,-72.65
4601,205808.68,688.41,92.25,94,-48.0,11.25,0.07,14.02,1,0,4,0,162,147,0,0,0,2,205808.68,136.63,0,14.34,85.35,44.14,0.0,2.24,0.0,0.0,60.0,60.0,0,0,0,0.0,-72.65
4602,203298.82,880.41,92.25,94,-48.0,11.72,0.07,13.82,1,0,0,0,162,147,0,0,1,0,203298.82,136.63,0,14.34,85.35,44.14,0.0,2.3,0.0,0.0,60.0,60.0,0,0,0,0.0,-72.65
4603,202043.89,976.41,92.25,94,-48.0,11.72,0.07,13.82,0,0,4,0,160,149,0,0,0,0,202043.89,136.63,0,14.34,85.35,44.14,0.0,2.3,0.0,0.0,60.0,60.0,0,0,0,0.0,-72.65
4604,204553.75,992.41,92.25,94,-48.0,11.72,0.07,14.02,1,0,0,0,156,150,0,0,1,0,204553.75,136.63,0,14.34,85.35,44.14,0.0,2.24,0.0,0.0,60.0,60.0,0,0,0,0.0,-72.65
4605,193259.37,1128.41,92.25,94,-48.0,11.72,0.07,14.02,1,0,0,0,147,151,0,0,1,0,193259.37,136.63,0,14.34,85.35,44.14,0.0,2.24,0.0,0.0,60.0,60.0,0,0,0,0.0,-72.65
4606,202043.89,776.41,92.25,94,-48.0,11.72,0.07,13.82,1,2,0,0,129,152,0,0,0,0,202043.89,136.62,0,14.34,85.35,44.14,0.0,2.3,0.0,0.0,60.0,60.0,0,0,0,0.0,-72.65
4607,202043.89,1176.41,92.25,94,-48.0,11.72,0.07,13.82,0,0,4,0,70,152,0,0,0,0,202043.89,136.62,0,14.34,85.35,44.14,0.0,2.3,0.0,0.0,60.0,60.0,0,0,0,0.0,-72.65
4608,203298.82,1136.41,92.25,94,-48.0,11.72,0.07,14.02,0,2,0,0,29,152,0,0,1,0,203298.82,136.62,0,14.34,85.35,44.14,0.0,2.24,0.0,0.0,60.0,60.0,0,0,0,0.0,-72.65
4609,203298.82,760.41,92.25,94,-48.0,11.25,0.07,13.92,1,0,0,0,18,152,0,0,1,0,203298.82,136.62,0,14.34,85.35,44.14,0.0,2.27,0.0,0.0,60.0,60.0,0,0,0,0.0,-72.65
4610,198279.1,1240.41,92.25,94,-48.0,11.72,0.07,13.82,0,0,0,0,16,151,0,0,1,2,198279.1,136.62,0,14.34,85.35,44.14,0.0,2.3,0.0,0.0,60.0,60.0,0,0,0,0.0,-72.65
4611,197024.17,952.41,92.25,94,-48.0,11.72,0.07,13.82,0,0,0,0,17,150,0,0,0,2,197024.17,136.63,0,14.34,85.35,44.14,0.0,2.3,0.0,0.0,60.0,60.0,0,0,0,0.0,-72.65
4612,203298.82,1064.41,92.25,94,-48.0,11.25,0.07,14.02,0,2,4,0,20,150,0,0,1,0,203298.82,136.63,0,14.34,85.35,44.14,0.0,2.24,0.0,0.0,60.0,60.0,0,0,0,0.0,-72.65
4613,205808.68,784.41,92.25,94,-48.0,11.72,0.07,14.02,1,2,0,0,45,149,0,0,0,2,205808.68,136.63,0,14.34,85.35,44.14,0.0,2.24,0.0,0.0,60.0,60.0,0,0,0,0.0,-72.65
4614,204553.75,576.41,92.25,94,-48.0,11.72,0.07,13.82,1,0,0,0,113,148,0,0,1,0,204553.75,136.63,0,14.34,85.35,44.14,0.0,2.3,0.0,0.0,60.0,60.0,0,0,0,0.0,-72.65
4615,203298.82,360.41,92.25,94,-48.0,11.25,0.07,13.82,0,2,4,0,151,148,0,0,1,0,203298.82,136.63,0,14.34,85.35,44.14,0.0,2.3,0.0,0.0,60.0,60.0,0,0,0,0.0,-72.65
4616,205808.68,936.41,92.25,94,-48.0,11.72,0.07,14.02,0,2,0,0,162,147,0,0,0,2,205808.68,136.63,0,14.34,85.35,44.14,0.0,2.24,0.0,0.0,60.0,60.0,0,0,0,0.0,-72.65
4617,202043.89,736.41,92.25,94,-48.0,11.72,0.07,14.02,0,0,4,0,162,147,0,0,0,0,202043.89,135.61,0,14.34,85.35,44.14,0.0,2.24,0.0,0.0,60.0,60.0,0,0,0,0.0,-72.65
4618,203298.82,920.41,92.25,94,-48.0,11.72,0.07,13.82,0,0,0,0,159,146,0,0,1,0,203298.82,135.61,0,14.34,85.35,44.14,0.0,2.3,0.0,0.0,60.0,60.0,0,0,0,0.0,-72.65
4619,203298.82,1040.41,92.25,94,-48.0,11.72,0.07,13.82,1,2,0,0,154,146,0,0,1,0,203298.82,135.61,0,14.34,85.35,44.14,0.0,2.3,0.0,0.0,60.0,60.0,0,0,0,0.0,-72.65
4620,198279.1,1232.41,92.25,94,-48.0,12.18,0.07,13.92,0,0,0,0,129,147,0,0,1,2,198279.1,135.61,0,14.34,85.35,44.14,0.0,2.27,0.0,0.0,60.0,60.0,0,0,0,0.0,-72.65
4621,200788.96,1328.41,92.25,94,-48.0,11.72,0.07,14.02,1,0,0,0,55,148,0,0,0,0,200788.96,135.61,0,14.34,85.35,44.14,0.0,2.24,0.0,0.0,60.0,60.0,0,0,0,0.0,-72.65
4622,193259.37,1056.41,92.25,94,-48.0,11.72,0.07,14.02,1,0,0,0,29,149,0,0,1,0,193259.37,136.63,0,14.34,85.35,44.14,0.0,2.24,0.0,0.0,60.0,60.0,0,0,0,0.0,-72.65
4623,198279.1,768.41,92.25,94,-48.0,11.25,0.07,13.92,0,0,0,0,23,151,0,0,1,2,198279.1,136.63,0,14.34,85.35,44.14,0.0,2.27,0.0,0.0,60.0,60.0,0,0,0,0.0,-72.65
4624,202043.89,832.41,92.25,94,-48.0,11.72,0.07,13.92,0,2,0,0,24,151,0,0,0,0,202043.89,136.63,0,14.34,85.35,44.14,0.0,2.27,0.0,0.0,60.0,60.0,0,0,0,0.0,-72.65
4625,204553.75,1168.41,92.25,94,-48.0,11.72,0.07,14.02,1,2,0,0,34,152,0,0,1,0,204553.75,136.63,0,14.34,85.35,44.14,0.0,2.24,0.0,0.0,60.0,60.0,0,0,0,0.0,-72.65
4626,203298.82,632.41,92.25,94,-48.0,11.25,0.07,14.02,0,0,0,0,95,151,0,0,1,0,203298.82,136.63,0,14.34,85.35,44.14,0.0,2.24,0.0,0.0,60.0,60.0,0,0,0,0.0,-72.65
4627,195769.24,704.41,92.25,94,-48.0,11.25,0.07,13.92,0,0,4,0,145,151,0,0,0,2,195769.24,136.63,0,14.34,85.35,44.14,0.0,2.27,0.0,0.0,60.0,60.0,0,0,0,0.0,-72.65
4628,203298.82,744.41,92.25,94,-48.0,11.72,0.07,13.92,0,2,4,0,159,150,0,0,1,0,203298.82,136.63,0,14.34,85.35,44.14,0.0,2.27,0.0,0.0,60.0,60.0,0,0,0,0.0,-72.65
4629,202043.89,1200.41,92.25,94,-48.0,11.72,0.07,14.02,1,2,4,0,162,149,0,0,0,0,202043.89,136.63,0,14.34,85.35,44.14,0.0,2.24,0.0,0.0,60.0,60.0,0,0,0,0.0,-72.65
4630,202043.89,1024.41,92.25,94,-48.0,11.72,0.07,14.02,1,2,4,0,160,149,0,0,0,0,202043.89,136.63,0,14.34,85.35,44.14,0.0,2.24,0.0,0.0,60.0,60.0,0,0,0,0.0,-72.65
4631,202043.89,896.41,92.25,94,-48.0,11.72,0.07,13.82,1,2,0,0,156,148,0,0,0,0,202043.89,136.63,0,14.34,85.35,44.14,0.0,2.3,0.0,0.0,60.0,60.0,0,0,0,0.0,-72.65
4632,193259.37,1352.44,92.25,94,-48.0,12.18,0.07,13.92,0,2,0,0,151,148,0,0,1,0,193259.37,136.63,0,14.34,85.35,44.14,0.0,2.27,0.0,0.0,60.0,60.0,0,0,0,0.0,-72.65
4633,203298.82,872.41,92.25,94,-48.0,11.25,0.07,14.02,0,2,0,0,144,149,0,0,1,0,203298.82,136.63,0,14.34,85.35,44.14,0.0,2.24,0.0,0.0,60.0,60.0,0,0,0,0.0,-72.65
4634,203298.82,1048.41,92.25,94,-48.0,11.72,0.07,14.02,0,0,4,0,74,149,0,0,1,0,203298.82,136.63,0,14.34,85.35,44.14,0.0,2.24,0.0,0.0,60.0,60.0,0,0,0,0.0,-72.65
4635,203298.82,1208.41,92.25,94,-48.0,12.18,0.07,13.92,0,2,0,0,29,150,0,0,1,0,203298.82,135.61,0,14.34,85.35,44.14,0.0,2.27,0.0,0.0,60.0,60.0,0,0,0,0.0,-72.65
4636,204553.75,1184.41,92.25,94,-48.0,11.72,0.07,13.82,1,0,0,0,18,151,0,0,1,0,204553.75,135.61,0,14.34,85.35,44.14,0.0,2.3,0.0,0.0,60.0,60.0,0,0,0,0.0,-72.65
4637,203298.82,872.41,92.25,94,-48.0,12.18,0.07,14.02,1,2,0,0,17,152,0,0,1,0,203298.82,135.61,0,14.34,85.35,44.14,0.0,2.24,0.0,0.0,60.0,60.0,0,0,0,0.0,-72.65
4638,204553.75,1008.41,92.25,95,-48.0,11.72,0.07,14.02,1,2,4,0,24,152,0,0,1,0,204553.75,135.61,0,14.34,85.35,44.14,0.0,2.24,0.0,0.0,60.0,60.0,0,0,0,0.0,-72.65
4639,197024.17,720.41,92.25,95,-48.0,11.25,0.07,13.92,1,2,4,0,85,152,0,0,0,2,197024.17,135.61,0,14.34,85.35,44.14,0.0,2.27,0.0,0.0,60.0,60.0,0,0,0,0.0,-72.65
4640,203298.82,992.41,92.25,95,-48.0,11.72,0.07,13.82,1,0,0,0,149,152,0,0,1,0,203298.82,134.58,0,14.34,85.35,44.14,0.0,2.3,0.0,0.0,60.0,60.0,0,0,0,0.0,-72.65
4641,204553.75,896.41,92.25,95,-48.0,11.72,0.07,13.92,1,2,4,0,161,151,0,0,1,0,204553.75,134.58,0,14.34,85.35,44.14,0.0,2.27,0.0,0.0,60.0,60.0,0,0,0,0.0,-72.65
4642,195769.24,1272.41,92.25,95,-48.0,11.72,0.07,14.02,0,2,0,0,162,150,0,0,0,2,195769.24,134.58,0,14.34,85.35,44.14,0.0,2.24,0.0,0.0,60.0,60.0,0,0,0,0.0,-72.65
4643,203298.82,1080.41,92.25,95,-48.0,11.72,0.07,14.02,0,0,4,0,161,150,0,0,1,0,203298.82,134.58,0,14.34,85.35,44.14,0.0,2.24,0.0,0.0,60.0,60.0,0,0,0,0.0,-72.65
4644,195769.24,1264.41,92.25,95,-48.0,11.72,0.07,13.92,1,0,4,0,157,149,0,0,0,2,195769.24,134.58,0,14.34,85.35,44.14,0.0,2.27,0.0,0.0,60.0,60.0,0,0,0,0.0,-72.65
4645,204553.75,1248.41,92.25,95,-48.0,11.72,0.07,13.82,1,0,0,0,147,148,0,0,1,0,204553.75,134.58,0,14.34,85.35,44.14,0.0,2.3,0.0,0.0,60.0,60.0,0,0,0,0.0,-72.65
4646,204553.75,864.41,92.25,95,-48.0,11.72,0.07,14.02,0,0,0,0,68,149,0,0,1,0,204553.75,134.58,0,14.34,85.35,44.14,0.0,2.24,0.0,0.0,60.0,60.0,0,0,0,0.0,-72.65
4647,198279.1,1304.41,92.25,95,-48.0,11.72,0.07,14.02,0,2,0,0,27,148,0,0,1,2,198279.1,134.58,0,14.34,85.35,44.14,0.0,2.24,0.0,0.0,60.0,60.0,0,0,0,0.0,-72.65
4648,203298.82,1272.41,92.25,95,-48.0,11.72,0.07,13.92,0,0,0,0,19,147,0,0,1,0,203298.82,134.58,0,14.34,85.35,44.14,0.0,2.27,0.0,0.0,60.0,60.0,0,0,0,0.0,-72.65
4649,203298.82,1392.41,92.25,95,-48.0,11.72,0.07,13.82,0,0,0,0,17,147,0,0,1,0,203298.82,134.58,0,14.34,85.35,44.14,0.0,2.3,0.0,0.0,60.0,60.0,0,0,0,0.0,-72.65
4650,207063.61,1008.41,92.25,95,-48.0,11.72,0.07,14.02,1,2,4,0,19,148,0,0,0,2,207063.61,134.58,0,14.34,85.35,44.14,0.0,2.24,0.0,0.0,60.0,60.0,0,0,0,0.0,-72.65
4651,203298.82,1024.41,92.25,95,-48.0,12.18,0.07,14.02,1,0,0,0,41,149,0,0,1,0,203298.82,134.58,0,14.34,85.35,44.14,0.0,2.24,0.0,0.0,60.0,60.0,0,0,0,0.0,-72.65
4652,198279.1,1064.41,92.25,95,-48.0,11.72,0.07,13.82,0,0,0,0,136,150,0,0,1,2,198279.1,134.58,0,14.34,85.35,44.14,0.0,2.3,0.0,0.0,60.0,60.0,0,0,0,0.0,-72.65
4653,205808.68,1112.41,93.0,95,-48.0,12.18,0.07,13.82,0,2,0,0,160,150,0,0,0,2,205808.68,135.61,0,14.34,85.35,44.14,0.0,2.3,0.0,0.0,60.0,60.0,0,0,0,0.0,-72.65
4654,203298.82,1024.41,93.0,95,-48.0,11.72,0.07,14.02,1,2,0,0,163,150,0,0,1,0,203298.82,135.61,0,14.34,85.35,44.14,0.0,2.24,0.0,0.0,60.0,60.0,0,0,0,0.0,-72.65
4655,198279.1,1248.41,93.0,95,-48.0,11.72,0.07,14.02,0,0,0,0,164,150,0,0,1,2,198279.1,135.61,0,14.34,85.35,44.14,0.0,2.24,0.0,0.0,60.0,60.0,0,0,0,0.0,-72.65
4656,203298.82,960.41,93.0,95,-48.0,11.72,0.07,13.92,0,0,0,0,161,149,0,0,1,0,203298.82,135.61,0,14.34,85.35,44.14,0.0,2.27,0.0,0.0,60.0,60.0,0,0,0,0.0,-72.65
4657,202043.89,1088.41,93.0,95,-48.0,11.72,0.07,13.82,1,2,4,0,158,151,0,0,0,0,202043.89,135.61,0,14.34,85.35,44.14,0.0,2.3,0.0,0.0,60.0,60.0,0,0,0,0.0,-72.65
4658,203298.82,1240.41,93.0,95,-48.0,11.72,0.07,14.02,0,0,0,0,152,150,0,0,1,0,203298.82,136.63,0,14.34,85.35,44.14,0.0,2.24,0.0,0.0,60.0,60.0,0,0,0,0.0,-72.65
4659,192004.44,1192.41,93.0,95,-48.0,11.72,0.07,14.02,1,2,4,0,113,149,0,0,0,0,192004.44,136.63,0,14.34,85.35,44.14,0.0,2.24,0.0,0.0,60.0,60.0,0,0,0,0.0,-72.65
4660,204553.75,952.41,93.0,95,-48.0,11.72,0.07,13.92,1,0,0,0,47,148,0,0,1,0,204553.75,136.63,0,14.34,85.35,44.14,0.0,2.27,0.0,0.0,60.0,60.0,0,0,0,0.0,-72.65
4661,203298.82,1088.41,93.0,95,-48.0,11.72,0.07,13.82,0,0,4,0,26,147,0,0,1,0,203298.82,136.63,0,14.34,85.35,44.14,0.0,2.3,0.0,0.0,60.0,60.0,0,0,0,0.0,-72.65
4662,203298.82,1072.41,93.0,95,-48.0,12.18,0.07,13.92,0,2,0,0,19,147,0,0,1,0,203298.82,135.61,0,14.34,85.35,44.14,0.0,2.27,0.0,0.0,60.0,60.0,0,0,0,0.0,-72.65
4663,203298.82,928.41,93.0,95,-48.0,11.72,0.07,14.02,1,2,4,0,17,149,0,0,1,0,203298.82,135.61,0,14.34,85.35,44.14,0.0,2.24,0.0,0.0,60.0,60.0,0,0,0,0.0,-72.65
4664,198279.1,1128.41,93.0,95,-48.0,11.72,0.07,14.02,1,2,0,0,19,149,0,0,1,2,198279.1,135.61,0,14.34,85.35,44.14,0.0,2.24,0.0,0.0,60.0,60.0,0,0,0,0.0,-72.65
4665,204553.75,928.41,93.0,95,-48.0,11.72,0.07,13.92,1,2,0,0,33,150,0,0,1,0,204553.75,135.61,0,14.34,85.35,44.14,0.0,2.27,0.0,0.0,60.0,60.0,0,0,0,0.0,-72.65
4666,204553.75,816.41,93.0,95,-48.0,11.72,0.07,13.92,0,2,4,0,104,150,0,0,1,0,204553.75,136.63,0,14.34,85.35,44.14,0.0,2.27,0.0,0.0,60.0,60.0,0,0,0,0.0,-72.65
4667,203298.82,816.41,93.0,95,-48.0,11.72,0.07,14.02,0,2,4,0,150,150,0,0,1,0,203298.82,136.63,0,14.34,85.35,44.14,0.0,2.24,0.0,0.0,60.0,60.0,0,0,0,0.0,-72.65
4668,203298.82,912.41,93.0,95,-48.0,11.72,0.07,14.02,1,2,0,0,160,150,0,0,1,0,203298.82,136.63,0,14.34,85.35,44.14,0.0,2.24,0.0,0.0,60.0,60.0,0,0,0,0.0,-72.65
4669,202043.89,1224.41,93.0,96,-48.0,11.72,0.07,13.92,0,0,4,0,161,149,0,0,0,0,202043.89,136.63,0,14.34,85.35,44.14,0.0,2.27,0.0,0.0,60.0,60.0,0,0,0,0.0,-72.65
4670,203298.82,992.41,93.0,96,-48.0,11.72,0.07,14.02,1,2,0,0,158,150,0,0,1,0,203298.82,136.63,0,14.34,85.35,44.14,0.0,2.24,0.0,0.0,60.0,60.0,0,0,0,0.0,-72.65
4671,205808.68,864.41,93.0,96,-48.0,12.18,0.07,14.02,0,0,4,0,149,149,0,0,0,2,205808.68,136.63,0,14.34,85.35,44.14,0.0,2.24,0.0,0.0,60.0,60.0,0,0,0,0.0,-72.65
4672,204553.75,1040.41,93.0,96,-48.0,11.72,0.07,13.82,0,0,0,0,138,148,0,0,1,0,204553.75,136.63,0,14.34,85.35,44.14,0.0,2.3,0.0,0.0,60.0,60.0,0,0,0,0.0,-72.65
4673,198279.1,952.41,93.0,96,-48.0,11.72,0.07,13.92,0,0,0,0,59,147,0,0,1,2,198279.1,136.62,0,14.34,85.35,44.14,0.0,2.27,0.0,0.0,60.0,60.0,0,0,0,0.0,-72.65
4674,202043.89,1192.41,93.0,96,-48.0,12.18,0.07,14.02,0,2,0,0,27,147,0,0,0,0,202043.89,136.62,0,14.34,85.35,44.14,0.0,2.24,0.0,0.0,60.0,60.0,0,0,0,0.0,-72.65
4675,202043.89,1176.41,93.0,96,-48.0,11.25,0.07,14.02,1,2,4,0,20,146,0,0,0,0,202043.89,136.62,0,14.34,85.35,44.14,0.0,2.24,0.0,0.0,60.0,60.0,0,0,0,0.0,-72.65
4676,200788.96,760.41,93.0,96,-48.0,11.72,0.07,13.82,1,0,4,0,18,146,0,0,0,0,200788.96,136.62,0,14.34,85.35,44.14,0.0,2.3,0.0,0.0,60.0,60.0,0,0,0,0.0,-72.65
4677,202043.89,960.41,93.0,96,-48.0,11.25,0.07,13.82,0,0,4,0,19,148,0,0,0,0,202043.89,136.62,0,14.34,85.35,44.14,0.0,2.3,0.0,0.0,60.0,60.0,0,0,0,0.0,-72.65
4678,200788.96,872.41,93.0,96,-48.0,11.72,0.07,14.02,1,2,0,0,22,149,0,0,0,0,200788.96,136.62,0,14.34,85.35,44.14,0.0,2.24,0.0,0.0,60.0,60.0,0,0,0,0.0,-72.65
4679,203298.82,904.41,93.0,96,-48.0,11.25,0.07,14.02,1,2,4,0,68,150,0,0,1,0,203298.82,136.62,0,14.34,85.35,44.14,0.0,2.24,0.0,0.0,60.0,60.0,0,0,0,0.0,-72.65
4680,205808.68,592.41,93.0,96,-48.0,11.25,0.07,13.92,1,2,4,0,139,150,0,0,0,2,205808.68,136.62,0,14.34,85.35,44.14,0.0,2.27,0.0,0.0,60.0,60.0,0,0,0,0.0,-72.65
4681,202043.89,936.41,93.0,96,-48.0,11.25,0.07,13.82,0,0,4,0,159,149,0,0,0,0,202043.89,136.62,0,14.34,85.35,44.14,0.0,2.3,0.0,0.0,60.0,60.0,0,0,0,0.0,-72.65
4682,204553.75,672.41,93.0,96,-48.0,11.25,0.07,14.02,0,2,4,0,162,149,0,0,1,0,204553.75,136.63,0,14.34,85.35,44.14,0.0,2.24,0.0,0.0,60.0,60.0,0,0,0,0.0,-72.65
4683,195769.24,880.41,93.0,96,-48.0,11.25,0.07,14.02,1,0,0,0,161,148,0,0,0,2,195769.24,136.63,0,14.34,85.35,44.14,0.0,2.24,0.0,0.0,60.0,60.0,0,0,0,0.0,-72.65
4684,199534.03,592.41,93.0,96,-48.0,11.72,0.07,13.92,0,2,0,0,157,148,0,0,1,2,199534.03,136.63,0,14.34,85.35,44.14,0.0,2.27,0.0,0.0,60.0,60.0,0,0,0,0.0,-72.65
4685,200788.96,904.41,93.0,96,-48.0,11.72,0.07,13.92,1,0,0,0,147,147,0,0,0,0,200788.96,136.63,0,14.34,85.35,44.14,0.0,2.27,0.0,0.0,60.0,60.0,0,0,0,0.0,-72.65
4686,195769.24,728.41,93.0,96,-48.0,11.25,0.07,13.92,1,2,4,0,61,148,0,0,0,2,195769.24,136.63,0,14.34,85.35,44.14,0.0,2.27,0.0,0.0,60.0,60.0,0,0,0,0.0,-72.65
4687,199534.03,944.41,93.0,96,-48.0,11.72,0.07,14.02,0,2,0,0,28,146,0,0,1,2,199534.03,136.63,0,14.34,85.35,44.14,0.0,2.24,0.0,0.0,60.0,60.0,0,0,0,0.0,-72.65
4688,193259.37,984.41,93.0,96,-48.0,11.72,0.07,13.92,1,0,0,0,19,146,0,0,1,0,193259.37,136.63,0,14.34,85.35,44.14,0.0,2.27,0.0,0.0,60.0,60.0,0,0,0,0.0,-72.65
4689,204553.75,1056.41,93.0,96,-48.0,11.72,0.07,13.82,1,2,4,0,18,146,0,0,1,0,204553.75,136.63,0,14.34,85.35,44.14,0.0,2.3,0.0,0.0,60.0,60.0,0,0,0,0.0,-72.65
4690,205808.68,752.41,93.0,96,-48.0,11.72,0.07,13.92,0,2,4,0,19,147,0,0,0,2,205808.68,136.63,0,14.34,85.35,44.14,0.0,2.27,0.0,0.0,60.0,60.0,0,0,0,0.0,-72.65
4691,203298.82,688.41,93.75,96,-48.0,11.72,0.07,14.02,1,0,0,0,46,148,0,0,1,0,203298.82,136.63,0,14.34,85.35,44.14,0.0,2.24,0.0,0.0,60.0,60.0,0,0,0,0.0,-72.65
4692,202043.89,1312.41,93.75,96,-48.0,12.18,0.07,13.51,0,2,4,0,134,150,0,0,0,0,202043.89,136.63,0,14.34,85.35,44.14,0.39,2.38,0.0,0.0,60.0,60.0,0,0,0,0.0,-72.65
4693,193259.37,224.44,93.75,96,-48.0,12.18,0.08,13.61,0,2,0,0,160,151,0,0,1,0,193259.37,137.66,0,14.34,85.35,44.14,0.39,2.35,0.0,0.0,60.0,60.0,0,0,0,0.0,-72.65
4694,195769.24,504.44,93.75,96,-48.0,12.18,0.08,13.92,0,2,0,0,164,151,0,0,0,2,195769.24,137.66,0,14.34,85.35,44.14,0.39,2.27,0.0,0.0,60.0,60.0,0,0,0,0.0,-72.65
4695,192004.44,184.44,93.75,96,-48.0,12.18,0.07,13.92,0,2,0,0,164,151,0,0,0,0,192004.44,137.66,0,14.34,85.35,44.14,0.39,2.27,0.0,0.0,60.0,60.0,0,0,0,0.0,-72.65
4696,195769.24,32.44,93.75,96,-48.0,12.65,0.07,13.82,0,2,4,0,164,151,0,0,0,2,195769.24,137.66,0,14.34,85.35,44.14,0.39,2.3,0.0,0.0,60.0,60.0,0,0,0,0.0,-72.65
4697,195769.24,88.44,93.75,96,-48.0,11.72,0.07,13.92,0,2,4,0,158,151,0,0,0,2,195769.24,136.64,0,14.34,85.35,44.14,0.39,2.27,0.0,0.0,60.0,60.0,0,0,0,0.0,-72.65
4698,203298.82,2040.41,93.75,96,-48.0,12.18,0.07,13.71,0,2,4,0,149,150,0,0,1,0,203298.82,136.64,0,14.34,85.35,44.14,0.39,2.32,0.0,0.0,60.0,60.0,0,0,0,0.0,-72.65
4699,200788.96,1864.41,93.75,96,-48.0,12.18,0.07,14.02,1,0,4,0,83,150,0,0,0,0,200788.96,136.64,0,14.34,85.35,44.14,0.39,2.24,0.0,0.0,60.0,60.0,0,0,0,0.0,-72.65
4700,203298.82,1680.41,93.75,96,-48.0,12.18,0.07,13.92,0,0,0,0,32,149,0,0,1,0,203298.82,136.64,0,14.34,85.35,44.14,0.39,2.27,0.0,0.0,60.0,60.0,0,0,0,0.0,-72.65
4701,203298.82,1704.41,93.75,96,-48.0,12.18,0.07,13.82,1,2,0,0,19,148,0,0,1,0,203298.82,136.64,0,14.34,85.35,44.14,0.39,2.3,0.0,0.0,60.0,60.0,0,0,0,0.0,-72.65
4702,205808.68,1728.41,93.75,96,-48.0,11.72,0.07,13.82,1,0,0,0,16,147,0,0,0,2,205808.68,136.64,0,14.34,85.35,44.14,0.39,2.3,0.0,0.0,60.0,60.0,0,0,0,0.0,-72.65
4703,205808.68,1624.41,93.75,96,-48.0,12.18,0.07,14.02,0,2,4,0,16,148,0,0,0,2,205808.68,136.64,0,14.34,85.35,44.14,0.39,2.24,0.0,0.0,60.0,60.0,0,0,0,0.0,-72.65
4704,203298.82,1848.41,93.75,96,-48.0,12.18,0.07,13.92,0,0,4,0,18,147,0,0,1,0,203298.82,136.64,0,14.34,85.35,44.14,0.39,2.27,0.0,0.0,60.0,60.0,0,0,0,0.0,-72.65
4705,207063.61,1616.41,93.75,96,-48.0,12.18,0.07,13.82,0,0,4,0,22,146,0,0,0,2,207063.61,136.64,0,14.34,85.35,44.14,0.39,2.3,0.0,0.0,60.0,60.0,0,0,0,0.0,-72.65
4706,204553.75,1192.41,93.75,96,-48.0,12.18,0.07,13.82,0,0,4,0,82,145,0,0,1,0,204553.75,137.66,0,14.34,85.35,44.14,0.39,2.3,0.0,0.0,60.0,60.0,0,0,0,0.0,-72.65
4707,207063.61,1144.41,93.75,96,-48.0,12.18,0.07,14.02,1,2,4,0,145,146,0,0,0,2,207063.61,137.66,0,14.34,85.35,44.14,0.39,2.24,0.0,0.0,60.0,60.0,0,0,0,0.0,-72.65
4708,203298.82,1512.41,93.75,96,-48.0,12.18,0.07,14.02,1,0,0,0,160,146,0,0,1,0,203298.82,137.66,0,14.34,85.35,44.14,0.39,2.24,0.0,0.0,60.0,60.0,0,0,0,0.0,-72.65
4709,204553.75,1888.41,93.75,96,-48.0,12.18,0.07,13.82,0,2,0,0,164,146,0,0,1,0,204553.75,137.66,0,14.34,85.35,44.14,0.39,2.3,0.0,0.0,60.0,60.0,0,0,0,0.0,-72.65
4710,204553.75,1912.44,93.75,96,-48.0,12.18,0.08,13.82,1,2,4,0,164,147,0,0,1,0,204553.75,136.63,0,14.34,85.35,44.14,0.39,2.3,0.0,0.0,60.0,60.0,0,0,0,0.0,-72.65
4711,205808.68,1888.41,93.75,96,-48.0,11.72,0.07,14.02,1,2,4,0,162,147,0,0,0,2,205808.68,136.63,0,14.34,85.35,44.14,0.39,2.24,0.0,0.0,60.0,60.0,0,0,0,0.0,-72.65
4712,202043.89,1920.41,93.75,96,-48.0,12.18,0.07,13.92,0,2,0,0,159,148,0,0,0,0,202043.89,136.63,0,14.34,85.35,44.14,0.39,2.27,0.0,0.0,60.0,60.0,0,0,0,0.0,-72.65
4713,205808.68,1720.41,93.75,96,-48.0,12.18,0.07,13.92,0,2,4,0,153,147,0,0,0,2,205808.68,136.63,0,14.34,85.35,44.14,0.39,2.27,0.0,0.0,60.0,60.0,0,0,0,0.0,-72.65
4714,203298.82,1664.41,93.75,96,-48.0,12.18,0.07,13.82,0,2,0,0,142,147,0,0,1,0,203298.82,136.63,0,14.34,85.35,44.14,0.39,2.3,0.0,0.0,60.0,60.0,0,0,0,0.0,-72.65
4715,204553.75,1640.41,93.75,96,-48.0,12.18,0.07,13.92,0,0,4,0,66,146,0,0,1,0,204553.75,136.63,0,14.34,85.35,44.14,0.39,2.27,0.0,0.0,60.0,60.0,0,0,0,0.0,-72.65
4716,205808.68,1544.41,93.75,96,-48.0,12.18,0.07,13.92,1,0,4,0,29,147,0,0,0,2,205808.68,136.63,0,14.34,85.35,44.14,0.39,2.27,0.0,0.0,60.0,60.0,0,0,0,0.0,-72.65
4717,205808.68,1640.41,93.75,96,-48.0,12.18,0.07,13.92,1,0,4,0,19,147,0,0,0,2,205808.68,136.64,0,14.34,85.35,44.14,0.39,2.27,0.0,0.0,60.0,60.0,0,0,0,0.0,-72.65
4718,202043.89,1800.41,93.75,96,-48.0,12.18,0.07,13.82,0,2,0,0,18,148,0,0,0,0,202043.89,136.64,0,14.34,85.35,44.14,0.39,2.3,0.0,0.0,60.0,60.0,0,0,0,0.0,-72.65
4719,207063.61,1312.41,93.75,96,-48.0,12.18,0.07,13.92,1,0,0,0,18,149,0,0,0,2,207063.61,136.64,0,14.34,85.35,44.14,0.39,2.27,0.0,0.0,60.0,60.0,0,0,0,0.0,-72.65
4720,205808.68,1424.41,93.75,96,-48.0,12.18,0.07,13.92,0,2,4,0,21,150,0,0,0,2,205808.68,136.64,0,14.34,85.35,44.14,0.39,2.27,0.0,0.0,60.0,60.0,0,0,0,0.0,-72.65
4721,203298.82,1736.41,93.75,96,-48.0,11.72,0.07,13.92,0,2,4,0,53,150,0,0,1,0,203298.82,136.64,0,14.34,85.35,44.14,0.39,2.27,0.0,0.0,60.0,60.0,0,0,0,0.0,-72.65
4722,204553.75,1416.41,93.75,96,-48.0,12.65,0.07,13.82,1,2,0,0,117,149,0,0,1,0,204553.75,136.63,0,14.34,85.35,44.14,0.39,2.3,0.0,0.0,60.0,60.0,0,0,0,0.0,-72.65
4723,204553.75,1656.41,93.75,96,-48.0,12.18,0.07,13.92,0,2,0,0,159,149,0,0,1,0,204553.75,136.63,0,14.34,85.35,44.14,0.39,2.27,0.0,0.0,60.0,60.0,0,0,0,0.0,-72.65
4724,205808.68,1520.41,93.75,96,-48.0,11.72,0.07,13.82,1,0,4,0,163,148,0,0,0,2,205808.68,136.63,0,14.34,85.35,44.14,0.39,2.3,0.0,0.0,60.0,60.0,0,0,0,0.0,-72.65
4725,202043.89,1912.44,93.75,96,-48.0,12.18,0.08,13.82,0,2,4,0,163,148,0,0,0,0,202043.89,136.63,0,14.34,85.35,44.14,0.39,2.3,0.0,0.0,60.0,60.0,0,0,0,0.0,-72.65
4726,202043.89,1624.41,93.75,96,-48.0,11.72,0.07,13.92,0,2,0,0,161,147,0,0,0,0,202043.89,136.63,0,14.34,85.35,44.14,0.39,2.27,0.0,0.0,60.0,60.0,0,0,0,0.0,-72.65
4727,204553.75,1696.41,93.75,96,-48.0,12.18,0.07,13.92,0,2,0,0,158,146,0,0,1,0,204553.75,136.63,0,14.34,85.35,44.14,0.39,2.27,0.0,0.0,60.0,60.0,0,0,0,0.0,-72.65
4728,204553.75,1488.41,93.75,96,-48.0,11.72,0.07,14.02,1,2,4,0,153,147,0,0,1,0,204553.75,136.63,0,14.34,85.35,44.14,0.39,2.24,0.0,0.0,60.0,60.0,0,0,0,0.0,-72.65
4729,203298.82,1672.41,93.75,96,-48.0,12.18,0.07,13.82,1,0,0,0,96,147,0,0,1,0,203298.82,136.63,0,14.34,85.35,44.14,0.39,2.3,0.0,0.0,60.0,60.0,0,0,0,0.0,-72.65
4730,205808.68,1672.41,93.75,96,-48.0,12.18,0.07,13.82,1,2,4,0,35,147,0,0,0,2,205808.68,136.64,0,14.34,85.35,44.14,0.39,2.3,0.0,0.0,60.0,60.0,0,0,0,0.0,-72.65
4731,202043.89,1784.41,93.75,96,-48.0,12.18,0.07,13.92,0,2,0,0,21,149,0,0,0,0,202043.89,136.64,0,14.34,85.35,44.14,0.39,2.27,0.0,0.0,60.0,60.0,0,0,0,0.0,-72.65
4732,198279.1,1888.44,93.75,96,-48.0,12.18,0.07,14.02,1,0,0,0,19,150,0,0,1,2,198279.1,136.64,0,14.34,85.35,44.14,0.39,2.24,0.0,0.0,60.0,60.0,0,0,0,0.0,-72.65
4733,205808.68,1296.41,94.5,96,-48.0,11.72,0.07,13.82,0,2,4,0,21,150,0,0,0,2,205808.68,136.64,0,14.34,85.35,44.14,0.39,2.3,0.0,0.0,60.0,60.0,0,0,0,0.0,-72.65
4734,204553.75,1040.41,94.5,96,-48.0,12.18,0.07,13.82,0,2,0,0,47,150,0,0,1,0,204553.75,136.64,0,14.34,85.35,44.14,0.39,2.3,0.0,0.0,60.0,60.0,0,0,0,0.0,-72.65
4735,198279.1,1480.44,94.5,96,-48.0,11.72,0.07,13.92,1,0,0,0,129,150,0,0,1,2,198279.1,136.63,0,14.34,85.35,44.14,0.39,2.27,0.0,0.0,60.0,60.0,0,0,0,0.0,-72.65
4736,204553.75,1800.41,94.5,96,-48.0,12.18,0.07,14.02,1,2,4,0,159,150,0,0,1,0,204553.75,136.63,0,14.34,85.35,44.14,0.39,2.24,0.0,0.0,60.0,60.0,0,0,0,0.0,-72.65
4737,197024.17,1848.44,94.5,96,-48.0,12.18,0.07,13.82,0,2,4,0,161,149,0,0,0,2,197024.17,136.63,0,14.34,85.35,44.14,0.39,2.3,0.0,0.0,60.0,60.0,0,0,0,0.0,-72.65
4738,202043.89,2008.41,94.5,96,-48.0,12.18,0.07,13.82,0,2,0,0,161,148,0,0,0,0,202043.89,136.63,0,14.34,85.35,44.14,0.39,2.3,0.0,0.0,60.0,60.0,0,0,0,0.0,-72.65
4739,203298.82,1448.41,94.5,96,-48.0,12.18,0.07,13.92,1,2,4,0,159,148,0,0,1,0,203298.82,136.63,0,14.34,85.35,44.14,0.39,2.27,0.0,0.0,60.0,60.0,0,0,0,0.0,-72.65
4740,203298.82,1456.41,94.5,96,-48.0,12.18,0.07,13.92,0,0,4,0,156,149,0,0,1,0,203298.82,136.63,0,14.34,85.35,44.14,0.39,2.27,0.0,0.0,60.0,60.0,0,0,0,0.0,-72.65
4741,203298.82,1432.41,94.5,96,-48.0,11.72,0.07,13.92,0,2,4,0,148,147,0,0,1,0,203298.82,136.63,0,14.34,85.35,44.14,0.39,2.27,0.0,0.0,60.0,60.0,0,0,0,0.0,-72.65
4742,203298.82,1384.41,94.5,97,-48.0,11.72,0.07,13.82,0,2,4,0,71,147,0,0,1,0,203298.82,136.63,0,14.34,85.35,44.14,0.39,2.3,0.0,0.0,60.0,60.0,0,0,0,0.0,-72.65
4743,200788.96,1656.41,94.5,97,-48.0,11.72,0.07,13.92,1,0,0,0,31,147,0,0,0,0,200788.96,136.63,0,14.34,85.35,44.14,0.39,2.27,0.0,0.0,60.0,60.0,0,0,0,0.0,-72.65
4744,199534.03,1592.44,94.5,97,-48.0,12.18,0.07,14.02,1,0,0,0,19,147,0,0,1,2,199534.03,136.63,0,14.34,85.35,44.14,0.39,2.24,0.0,0.0,60.0,60.0,0,0,0,0.0,-72.65
4745,203298.82,1520.41,94.5,97,-48.0,12.18,0.07,13.92,0,0,0,0,16,147,0,0,1,0,203298.82,136.63,0,14.34,85.35,44.14,0.39,2.27,0.0,0.0,60.0,60.0,0,0,0,0.0,-72.65
4746,205808.68,1688.41,94.5,97,-48.0,12.18,0.07,13.82,1,0,4,0,17,147,0,0,0,2,205808.68,136.63,0,14.34,85.35,44.14,0.39,2.3,0.0,0.0,60.0,60.0,0,0,0,0.0,-72.65
4747,202043.89,1424.41,94.5,97,-48.0,11.72,0.07,13.82,0,2,4,0,19,147,0,0,0,0,202043.89,136.63,0,14.34,85.35,44.14,0.39,2.3,0.0,0.0,60.0,60.0,0,0,0,0.0,-72.65
4748,203298.82,1656.41,94.5,97,-48.0,12.18,0.07,14.02,0,0,4,0,30,147,0,0,1,0,203298.82,136.63,0,14.34,85.35,44.14,0.39,2.24,0.0,0.0,60.0,60.0,0,0,0,0.0,-72.65
4749,205808.68,1560.41,94.5,97,-48.0,12.18,0.07,14.02,1,2,0,0,91,148,0,0,0,2,205808.68,136.63,0,14.34,85.35,44.14,0.39,2.24,0.0,0.0,60.0,60.0,0,0,0,0.0,-72.65
4750,207063.61,1392.41,94.5,97,-48.0,12.18,0.07,13.82,1,2,4,0,146,146,0,0,0,2,207063.61,136.63,0,14.34,85.35,44.14,0.39,2.3,0.0,0.0,60.0,60.0,0,0,0,0.0,-72.65
4751,205808.68,1456.41,94.5,97,-48.0,12.18,0.07,13.82,0,2,4,0,164,146,0,0,0,2,205808.68,136.63,0,14.34,85.35,44.14,0.39,2.3,0.0,0.0,60.0,60.0,0,0,0,0.0,-72.65
4752,205808.68,1176.41,94.5,97,-48.0,11.72,0.07,13.92,0,2,0,0,166,145,0,0,0,2,205808.68,136.63,0,14.34,85.35,44.14,0.39,2.27,0.0,0.0,60.0,60.0,0,0,0,0.0,-72.65
4753,202043.89,1400.41,94.5,97,-48.0,12.18,0.07,14.02,0,2,4,0,165,144,0,0,0,0,202043.89,136.63,0,14.34,85.35,44.14,0.39,2.24,0.0,0.0,60.0,60.0,0,0,0,0.0,-72.65
4754,200788.96,1376.41,94.5,97,-48.0,11.72,0.07,13.92,1,0,4,0,161,144,0,0,0,0,200788.96,136.63,0,14.34,85.35,44.14,0.39,2.27,0.0,0.0,60.0,60.0,0,0,0,0.0,-72.65
4755,205808.68,1512.41,94.5,97,-48.0,12.18,0.07,13.82,1,2,4,0,158,144,0,0,0,2,205808.68,136.63,0,14.34,85.35,44.14,0.39,2.3,0.0,0.0,60.0,60.0,0,0,0,0.0,-72.65
4756,203298.82,1440.41,94.5,97,-48.0,12.18,0.07,14.02,1,2,4,0,151,144,0,0,1,0,203298.82,136.63,0,14.34,85.35,44.14,0.39,2.24,0.0,0.0,60.0,60.0,0,0,0,0.0,-72.65
4757,204553.75,1320.41,94.5,97,-48.0,11.72,0.07,13.92,1,2,0,0,102,146,0,0,1,0,204553.75,136.63,0,14.34,85.35,44.14,0.39,2.27,0.0,0.0,60.0,60.0,0,0,0,0.0,-72.65
4758,202043.89,1728.41,94.5,97,-48.0,12.18,0.07,13.92,0,2,0,0,37,147,0,0,0,0,202043.89,136.63,0,14.34,85.35,44.14,0.39,2.27,0.0,0.0,60.0,60.0,0,0,0,0.0,-72.65
4759,195769.24,1560.41,94.5,97,-48.0,12.18,0.07,13.82,0,0,0,0,23,148,0,0,0,2,195769.24,136.63,0,14.34,85.35,44.14,0.39,2.3,0.0,0.0,60.0,60.0,0,0,0,0.0,-72.65
4760,205808.68,1664.41,93.75,97,-48.0,12.18,0.07,13.92,1,2,4,0,20,148,0,0,0,2,205808.68,136.63,0,14.34,85.35,44.14,0.39,2.27,0.0,0.0,60.0,60.0,0,0,0,0.0,-72.65
4761,204553.75,1856.41,93.75,97,-48.0,12.18,0.07,13.92,1,2,4,0,20,148,0,0,1,0,204553.75,136.63,0,14.34,85.35,44.14,0.39,2.27,0.0,0.0,60.0,60.0,0,0,0,0.0,-72.65
4762,198279.1,1744.41,93.75,97,-48.0,11.72,0.07,13.92,1,2,4,0,22,148,0,0,1,2,198279.1,136.63,0,14.34,85.35,44.14,0.39,2.27,0.0,0.0,60.0,60.0,0,0,0,0.0,-72.65
4763,205808.68,1576.41,93.75,97,-48.0,12.18,0.07,13.82,1,2,0,0,54,147,0,0,0,2,205808.68,136.63,0,14.34,85.35,44.14,0.39,2.3,0.0,0.0,60.0,60.0,0,0,0,0.0,-72.65
4764,204553.75,1472.41,93.75,97,-48.0,11.72,0.07,13.92,0,0,4,0,141,147,0,0,1,0,204553.75,136.63,0,14.34,85.35,44.14,0.39,2.27,0.0,0.0,60.0,60.0,0,0,0,0.0,-72.65
4765,205808.68,1168.41,93.75,97,-48.0,11.72,0.07,14.02,1,2,0,0,161,146,0,0,0,2,205808.68,136.63,0,14.34,85.35,44.14,0.39,2.24,0.0,0.0,60.0,60.0,0,0,0,0.0,-72.65
4766,205808.68,1408.41,93.75,97,-48.0,12.18,0.07,13.92,1,0,4,0,165,146,0,0,0,2,205808.68,136.63,0,14.34,85.35,44.14,0.39,2.27,0.0,0.0,60.0,60.0,0,0,0,0.0,-72.65
4767,204553.75,1672.41,93.75,97,-48.0,12.18,0.07,13.82,0,2,0,0,165,147,0,0,1,0,204553.75,136.63,0,14.34,85.35,44.14,0.39,2.3,0.0,0.0,60.0,60.0,0,0,0,0.0,-72.65
4768,203298.82,1680.41,93.75,97,-48.0,12.18,0.07,13.82,0,0,0,0,161,147,0,0,1,0,203298.82,136.63,0,14.34,85.35,44.14,0.39,2.3,0.0,0.0,60.0,60.0,0,0,0,0.0,-72.65
4769,203298.82,1752.41,93.75,97,-48.0,12.18,0.07,14.02,1,2,0,0,156,147,0,0,1,0,203298.82,136.63,0,14.34,85.35,44.14,0.39,2.24,0.0,0.0,60.0,60.0,0,0,0,0.0,-72.65
4770,197024.17,1784.44,93.75,97,-48.0,12.18,0.08,14.02,1,2,0,0,152,149,0,0,0,2,197024.17,136.63,0,14.34,85.35,44.14,0.39,2.24,0.0,0.0,60.0,60.0,0,0,0,0.0,-72.65
4771,200788.96,24.44,93.75,97,-48.0,12.65,0.08,13.82,0,0,0,0,141,150,0,0,0,0,200788.96,136.63,0,14.34,85.35,44.14,0.39,2.3,0.0,0.0,60.0,60.0,0,0,0,0.0,-72.65
4772,200788.96,2024.41,93.75,97,-48.0,12.18,0.07,13.82,1,0,4,0,81,151,0,0,0,0,200788.96,136.63,0,14.34,85.35,44.14,0.39,2.3,0.0,0.0,60.0,60.0,0,0,0,0.0,-72.65
4773,203298.82,1808.41,93.75,97,-48.0,12.18,0.07,13.92,1,2,4,0,35,151,0,0,1,0,203298.82,136.63,0,14.34,85.35,44.14,0.39,2.27,0.0,0.0,60.0,60.0,0,0,0,0.0,-72.65
4774,203298.82,1696.41,93.75,97,-48.0,12.18,0.07,14.02,1,0,0,0,23,151,0,0,1,0,203298.82,136.63,0,14.34,85.35,44.14,0.39,2.24,0.0,0.0,60.0,60.0,0,0,0,0.0,-72.65
4775,202043.89,1408.41,93.75,97,-48.0,12.18,0.07,13.82,0,0,4,0,24,151,0,0,0,0,202043.89,136.63,0,14.34,85.35,44.14,0.39,2.3,0.0,0.0,60.0,60.0,0,0,0,0.0,-72.65
4776,203298.82,1776.41,93.75,97,-48.0,11.72,0.07,13.82,0,2,4,0,31,151,0,0,1,0,203298.82,136.63,0,14.34,85.35,44.14,0.39,2.3,0.0,0.0,60.0,60.0,0,0,0,0.0,-72.65
4777,203298.82,1592.41,93.75,97,-48.0,11.72,0.07,13.92,1,2,0,0,100,150,0,0,1,0,203298.82,136.63,0,14.34,85.35,44.14,0.39,2.27,0.0,0.0,60.0,60.0,0,0,0,0.0,-72.65
4778,199534.03,1752.44,93.0,97,-48.0,12.18,0.07,14.02,1,0,0,0,155,149,0,0,1,2,199534.03,136.63,0,14.34,85.35,44.14,0.39,2.24,0.0,0.0,60.0,60.0,0,0,0,0.0,-72.65
4779,203298.82,1848.41,93.0,97,-48.0,12.18,0.07,13.82,1,0,0,0,159,148,0,0,1,0,203298.82,136.63,0,14.34,85.35,44.14,0.39,2.3,0.0,0.0,60.0,60.0,0,0,0,0.0,-72.65
4780,202043.89,1528.41,93.0,97,-48.0,12.18,0.07,13.82,0,0,0,0,159,147,0,0,0,0,202043.89,136.63,0,14.34,85.35,44.14,0.39,2.3,0.0,0.0,60.0,60.0,0,0,0,0.0,-72.65
4781,200788.96,1464.41,93.0,97,-48.0,12.18,0.07,13.92,1,0,0,0,154,147,0,0,0,0,200788.96,136.63,0,14.34,85.35,44.14,0.39,2.27,0.0,0.0,60.0,60.0,0,0,0,0.0,-72.65
4782,200788.96,1768.41,93.0,97,-48.0,12.18,0.07,14.02,1,2,4,0,145,147,0,0,0,0,200788.96,136.63,0,14.34,85.35,44.14,0.39,2.24,0.0,0.0,60.0,60.0,0,0,0,0.0,-72.65
4783,202043.89,1880.41,93.0,97,-48.0,12.18,0.07,13.92,0,2,0,0,72,147,0,0,0,0,202043.89,136.63,0,14.34,85.35,44.14,0.39,2.27,0.0,0.0,60.0,60.0,0,0,0,0.0,-72.65
4784,202043.89,1960.41,93.0,97,-48.0,12.18,0.07,13.82,0,2,0,0,31,147,0,0,0,0,202043.89,136.63,0,14.34,85.35,44.14,0.39,2.3,0.0,0.0,60.0,60.0,0,0,0,0.0,-72.65
4785,203298.82,2000.41,93.0,97,-48.0,12.18,0.07,13.92,1,0,0,0,20,148,0,0,1,0,203298.82,136.63,0,14.34,85.35,44.14,0.39,2.27,0.0,0.0,60.0,60.0,0,0,0,0.0,-72.65
4786,203298.82,1840.41,93.0,97,-48.0,11.72,0.07,14.02,1,2,0,0,20,149,0,0,1,0,203298.82,136.63,0,14.34,85.35,44.14,0.39,2.24,0.0,0.0,60.0,60.0,0,0,0,0.0,-72.65
4787,204553.75,1736.41,93.0,97,-48.0,12.18,0.07,13.92,0,0,4,0,32,150,0,0,1,0,204553.75,136.63,0,14.34,85.35,44.14,0.39,2.27,0.0,0.0,60.0,60.0,0,0,0,0.0,-72.65
4788,203298.82,1736.41,93.0,97,-48.0,11.72,0.07,13.82,0,0,4,0,122,150,0,0,1,0,203298.82,136.63,0,14.34,85.35,44.14,0.39,2.3,0.0,0.0,60.0,60.0,0,0,0,0.0,-72.65
4789,198279.1,1712.41,93.0,97,-48.0,12.18,0.07,13.82,0,0,0,0,158,150,0,0,1,2,198279.1,136.63,0,14.34,85.35,44.14,0.39,2.3,0.0,0.0,60.0,60.0,0,0,0,0.0,-72.65
4790,203298.82,1520.41,93.0,97,-48.0,11.72,0.07,14.02,0,0,0,0,164,149,0,0,1,0,203298.82,136.63,0,14.34,85.35,44.14,0.39,2.24,0.0,0.0,60.0,60.0,0,0,0,0.0,-72.65
4791,198279.1,1512.44,92.25,97,-48.0,12.18,0.07,14.02,1,0,0,0,163,148,0,0,1,2,198279.1,136.63,0,14.34,85.35,44.14,0.39,2.24,0.0,0.0,60.0,60.0,0,0,0,0.0,-72.65
4792,203298.82,1776.41,92.25,97,-48.0,12.18,0.07,13.82,0,2,4,0,160,149,0,0,1,0,203298.82,136.63,0,14.34,85.35,44.14,0.39,2.3,0.0,0.0,60.0,60.0,0,0,0,0.0,-72.65
4793,205808.68,1984.41,92.25,97,-48.0,12.18,0.07,13.82,1,2,4,0,153,148,0,0,0,2,205808.68,136.63,0,14.34,85.35,44.14,0.39,2.3,0.0,0.0,60.0,60.0,0,0,0,0.0,-72.65
4794,203298.82,1912.41,92.25,97,-48.0,12.18,0.07,14.02,0,2,4,0,139,147,0,0,1,0,203298.82,136.63,0,14.34,85.35,44.14,0.39,2.24,0.0,0.0,60.0,60.0,0,0,0,0.0,-72.65
4795,204553.75,1552.41,92.25,97,-48.0,12.65,0.07,14.02,1,2,4,0,78,146,0,0,1,0,204553.75,136.63,0,14.34,85.35,44.14,0.39,2.24,0.0,0.0,60.0,60.0,0,0,0,0.0,-72.65
4796,202043.89,1808.41,92.25,97,-48.0,12.18,0.07,13.82,0,2,0,0,32,146,0,0,0,0,202043.89,136.63,0,14.34,85.35,44.14,0.39,2.3,0.0,0.0,60.0,60.0,0,0,0,0.0,-72.65
4797,204553.75,1896.41,92.25,97,-48.0,12.65,0.07,13.82,1,2,4,0,19,145,0,0,1,0,204553.75,136.63,0,14.34,85.35,44.14,0.39,2.3,0.0,0.0,60.0,60.0,0,0,0,0.0,-72.65
4798,205808.68,1792.41,92.25,97,-48.0,12.18,0.07,14.02,1,2,0,0,17,145,0,0,0,2,205808.68,136.63,0,14.34,85.35,44.14,0.39,2.24,0.0,0.0,60.0,60.0,0,0,0,0.0,-72.65
4799,203298.82,104.44,92.25,97,-48.0,12.18,0.08,14.02,1,0,0,0,17,146,0,0,1,0,203298.82,136.63,0,14.34,85.35,44.14,0.39,2.24,0.0,0.0,60.0,60.0,0,0,0,0.0,-72.65
4800,203298.82,1616.41,92.25,97,-48.0,12.18,0.07,13.82,0,2,4,0,24,148,0,0,1,0,203298.82,136.63,0,14.34,85.35,44.14,0.39,2.3,0.0,0.0,60.0,60.0,0,0,0,0.0,-72.65
4801,205808.68,1632.41,92.25,97,-48.0,12.18,0.07,13.82,1,0,4,0,99,148,0,0,0,2,205808.68,136.63,0,14.34,85.35,44.14,0.39,2.3,0.0,0.0,60.0,60.0,0,0,0,0.0,-72.65
4802,204553.75,1952.41,92.25,97,-48.0,11.72,0.07,13.92,1,2,4,0,151,149,0,0,1,0,204553.75,136.63,0,14.34,85.35,44.14,0.39,2.27,0.0,0.0,60.0,60.0,0,0,0,0.0,-72.65
4803,202043.89,1808.41,92.25,97,-48.0,12.18,0.07,14.02,0,0,0,0,161,149,0,0,0,0,202043.89,136.63,0,14.34,85.35,44.14,0.39,2.24,0.0,0.0,60.0,60.0,0,0,0,0.0,-72.65
4804,200788.96,1936.41,92.25,97,-48.0,12.18,0.07,14.02,1,2,4,0,162,149,0,0,0,0,200788.96,136.63,0,14.34,85.35,44.14,0.39,2.24,0.0,0.0,60.0,60.0,0,0,0,0.0,-72.65
4805,203298.82,1760.41,92.25,97,-48.0,11.72,0.07,13.82,0,0,4,0,161,148,0,0,1,0,203298.82,136.63,0,14.34,85.35,44.14,0.39,2.3,0.0,0.0,60.0,60.0,0,0,0,0.0,-72.65
4806,200788.96,1752.41,92.25,97,-48.0,11.72,0.07,13.92,1,2,4,0,160,147,0,0,0,0,200788.96,136.63,0,14.34,85.35,44.14,0.39,2.27,0.0,0.0,60.0,60.0,0,0,0,0.0,-72.65
4807,200788.96,1824.41,92.25,97,-48.0,12.18,0.07,14.02,1,0,4,0,154,147,0,0,0,0,200788.96,136.63,0,14.34,85.35,44.14,0.39,2.24,0.0,0.0,60.0,60.0,0,0,0,0.0,-72.65
4808,198279.1,1960.44,92.25,97,-48.0,12.18,0.07,13.92,1,0,0,0,115,147,0,0,1,2,198279.1,136.63,0,14.34,85.35,44.14,0.39,2.27,0.0,0.0,60.0,60.0,0,0,0,0.0,-72.65
4809,202043.89,1816.41,92.25,97,-48.0,11.72,0.07,13.82,0,2,0,0,36,147,0,0,0,0,202043.89,136.63,0,14.34,85.35,44.14,0.39,2.3,0.0,0.0,60.0,60.0,0,0,0,0.0,-72.65
4810,204553.75,1760.41,92.25,97,-48.0,11.72,0.07,13.82,1,2,0,0,20,146,0,0,1,0,204553.75,136.63,0,14.34,85.35,44.14,0.39,2.3,0.0,0.0,60.0,60.0,0,0,0,0.0,-72.65
4811,204553.75,1504.41,91.5,97,-48.0,11.72,0.07,13.92,1,2,4,0,16,145,0,0,1,0,204553.75,136.63,0,14.34,85.35,44.14,0.39,2.27,0.0,0.0,60.0,60.0,0,0,0,0.0,-72.65
4812,203298.82,1560.41,91.5,97,-48.0,11.72,0.07,13.92,1,0,0,0,17,145,0,0,1,0,203298.82,136.63,0,14.34,85.35,44.14,0.39,2.27,0.0,0.0,60.0,60.0,0,0,0,0.0,-72.65
4813,203298.82,1552.41,91.5,97,-48.0,11.72,0.07,13.82,0,0,0,0,21,146,0,0,1,0,203298.82,136.63,0,14.34,85.35,44.14,0.39,2.3,0.0,0.0,60.0,60.0,0,0,0,0.0,-72.65
4814,204553.75,1624.41,91.5,97,-48.0,12.18,0.07,13.82,0,0,4,0,28,148,0,0,1,0,204553.75,136.63,0,14.34,85.35,44.14,0.39,2.3,0.0,0.0,60.0,60.0,0,0,0,0.0,-72.65
4815,203298.82,1472.41,91.5,97,-48.0,11.72,0.07,13.92,1,2,4,0,89,148,0,0,1,0,203298.82,136.63,0,14.34,85.35,44.14,0.39,2.27,0.0,0.0,60.0,60.0,0,0,0,0.0,-72.65
4816,195769.24,1680.44,91.5,97,-48.0,12.18,0.07,13.92,0,0,4,0,148,148,0,0,0,2,195769.24,136.63,0,14.34,85.35,44.14,0.39,2.27,0.0,0.0,60.0,60.0,0,0,0,0.0,-72.65
4817,202043.89,1816.41,91.5,97,-48.0,12.18,0.07,13.82,0,2,0,0,161,148,0,0,0,0,202043.89,136.63,0,14.34,85.35,44.14,0.39,2.3,0.0,0.0,60.0,60.0,0,0,0,0.0,-72.65
4818,200788.96,1352.41,91.5,97,-48.0,12.18,0.07,13.82,1,0,0,0,164,148,0,0,0,0,200788.96,136.63,0,14.34,85.35,44.14,0.39,2.3,0.0,0.0,60.0,60.0,0,0,0,0.0,-72.65
4819,198279.1,1288.41,91.5,97,-48.0,12.18,0.07,14.02,0,2,4,0,164,147,0,0,1,2,198279.1,136.63,0,14.34,85.35,44.14,0.39,2.24,0.0,0.0,60.0,60.0,0,0,0,0.0,-72.65
4820,199534.03,1440.41,91.5,97,-48.0,12.18,0.07,14.02,0,2,4,0,160,147,0,0,1,2,199534.03,136.63,0,14.34,85.35,44.14,0.39,2.24,0.0,0.0,60.0,60.0,0,0,0,0.0,-72.65
4821,199534.03,1576.44,91.5,97,-48.0,11.72,0.07,13.71,1,0,0,0,152,148,0,0,1,2,199534.03,136.63,0,14.34,85.35,44.14,0.39,2.32,0.0,0.0,60.0,60.0,0,0,0,0.0,-72.65
4822,202043.89,1848.41,91.5,98,-48.0,12.18,0.07,13.71,0,2,0,0,114,147,0,0,0,0,202043.89,136.63,0,14.34,85.35,44.14,0.39,2.32,0.0,0.0,60.0,60.0,0,0,0,0.0,-72.65
4823,202043.89,1440.41,91.5,98,-48.0,11.72,0.07,13.82,0,0,4,0,38,146,0,0,0,0,202043.89,136.63,0,14.34,85.35,44.14,0.39,2.3,0.0,0.0,60.0,60.0,0,0,0,0.0,-72.65
4824,202043.89,1736.41,91.5,98,-48.0,12.18,0.07,14.02,0,2,0,0,20,145,0,0,0,0,202043.89,136.64,0,14.34,85.35,44.14,0.39,2.24,0.0,0.0,60.0,60.0,0,0,0,0.0,-72.65
4825,205808.68,1480.41,91.5,98,-48.0,12.18,0.07,13.92,0,2,0,0,16,145,0,0,0,2,205808.68,136.64,0,14.34,85.35,44.14,0.39,2.27,0.0,0.0,60.0,60.0,0,0,0,0.0,-72.65
4826,204553.75,1456.41,91.5,98,-48.0,12.18,0.07,13.82,1,2,4,0,16,145,0,0,1,0,204553.75,136.64,0,14.34,85.35,44.14,0.39,2.3,0.0,0.0,60.0,60.0,0,0,0,0.0,-72.65
4827,204553.75,1464.41,91.5,98,-48.0,11.72,0.07,13.92,0,0,4,0,19,147,0,0,1,0,204553.75,136.64,0,14.34,85.35,44.14,0.39,2.27,0.0,0.0,60.0,60.0,0,0,0,0.0,-72.65
4828,200788.96,1488.41,91.5,98,-48.0,12.18,0.07,13.92,1,0,4,0,28,148,0,0,0,0,200788.96,136.64,0,14.34,85.35,44.14,0.39,2.27,0.0,0.0,60.0,60.0,0,0,0,0.0,-72.65
4829,204553.75,1808.41,90.75,98,-48.0,12.18,0.07,13.92,0,2,0,0,95,149,0,0,1,0,204553.75,136.63,0,14.34,85.35,44.14,0.39,2.27,0.0,0.0,60.0,60.0,0,0,0,0.0,-72.65
4830,202043.89,1344.41,90.75,98,-48.0,12.18,0.07,13.82,0,0,4,0,147,149,0,0,0,0,202043.89,136.63,0,14.34,85.35,44.14,0.39,2.3,0.0,0.0,60.0,60.0,0,0,0,0.0,-72.65
4831,203298.82,1688.41,90.75,98,-48.0,12.18,0.07,13.92,0,0,0,0,164,149,0,0,1,0,203298.82,136.63,0,14.34,85.35,44.14,0.39,2.27,0.0,0.0,60.0,60.0,0,0,0,0.0,-72.65
4832,200788.96,1928.41,90.75,98,-48.0,12.18,0.07,13.92,1,0,4,0,167,148,0,0,0,0,200788.96,136.63,0,14.34,85.35,44.14,0.39,2.27,0.0,0.0,60.0,60.0,0,0,0,0.0,-72.65
4833,194514.3,1600.41,90.75,98,-48.0,12.18,0.07,13.92,1,2,4,0,166,148,0,0,1,0,194514.3,136.63,0,14.34,85.35,44.14,0.39,2.27,0.0,0.0,60.0,60.0,0,0,0,0.0,-72.65
4834,202043.89,1768.41,90.75,98,-48.0,11.72,0.07,13.82,0,0,0,0,163,147,0,0,0,0,202043.89,136.63,0,14.34,85.35,44.14,0.39,2.3,0.0,0.0,60.0,60.0,0,0,0,0.0,-72.65
4835,204553.75,1336.41,90.75,98,-48.0,12.18,0.07,13.71,1,2,0,0,159,147,0,0,1,0,204553.75,137.66,0,14.34,85.35,44.14,0.39,2.32,0.0,0.0,60.0,60.0,0,0,0,0.0,-72.65
4836,198279.1,1912.44,90.75,98,-48.0,12.18,0.07,13.92,1,0,0,0,152,148,0,0,1,2,198279.1,137.66,0,14.34,85.35,44.14,0.39,2.27,0.0,0.0,60.0,60.0,0,0,0,0.0,-72.65
4837,200788.96,1776.41,90.75,98,-48.0,12.18,0.07,13.92,1,2,4,0,113,147,0,0,0,0,200788.96,137.66,0,14.34,85.35,44.14,0.39,2.27,0.0,0.0,60.0,60.0,0,0,0,0.0,-72.65
4838,202043.89,1464.41,90.75,98,-48.0,11.25,0.07,13.82,0,2,0,0,40,146,0,0,0,0,202043.89,137.66,0,14.34,85.35,44.14,0.39,2.3,0.0,0.0,60.0,60.0,0,0,0,0.0,-72.65
4839,203298.82,1192.41,90.75,98,-48.0,11.72,0.07,13.82,0,2,4,0,23,146,0,0,1,0,203298.82,137.66,0,14.34,85.35,44.14,0.39,2.3,0.0,0.0,60.0,60.0,0,0,0,0.0,-72.65
4840,198279.1,1648.44,90.75,98,-48.0,12.18,0.07,13.92,1,0,0,0,19,147,0,0,1,2,198279.1,138.68,0,14.34,85.35,44.14,0.39,2.27,0.0,0.0,60.0,60.0,0,0,0,0.0,-72.65
4841,202043.89,1752.41,90.75,98,-48.0,12.18,0.07,13.92,0,0,4,0,17,148,0,0,0,0,202043.89,138.68,0,14.34,85.35,44.14,0.39,2.27,0.0,0.0,60.0,60.0,0,0,0,0.0,-72.65
4842,203298.82,1472.41,90.75,98,-48.0,12.18,0.07,13.71,0,2,4,0,19,149,0,0,1,0,203298.82,138.68,0,14.34,85.35,44.14,0.39,2.32,0.0,0.0,60.0,60.0,0,0,0,0.0,-72.65
4843,198279.1,1488.44,90.75,98,-48.0,12.18,0.07,13.82,0,2,4,0,26,149,0,0,1,2,198279.1,138.68,0,14.34,85.35,44.14,0.39,2.3,0.0,0.0,60.0,60.0,0,0,0,0.0,-72.65
4844,203298.82,1528.41,90.75,98,-48.0,12.18,0.07,13.82,0,0,0,0,93,149,0,0,1,0,203298.82,139.7,0,14.34,85.35,44.14,0.39,2.3,0.0,0.0,60.0,60.0,0,0,0,0.0,-72.65
4845,200788.96,1872.41,90.75,98,-48.0,12.18,0.07,13.92,1,2,4,0,146,148,0,0,0,0,200788.96,139.7,0,14.34,85.35,44.14,0.39,2.27,0.0,0.0,60.0,60.0,0,0,0,0.0,-72.65
4846,203298.82,1536.41,90.75,98,-48.0,11.72,0.07,13.92,0,0,0,0,162,148,0,0,1,0,203298.82,139.7,0,14.34,85.35,44.14,0.39,2.27,0.0,0.0,60.0,60.0,0,0,0,0.0,-72.65
4847,203298.82,1496.41,90.0,98,-48.0,12.18,0.07,13.82,0,0,4,0,165,149,0,0,1,0,203298.82,139.7,0,14.34,85.35,44.14,0.39,2.3,0.0,0.0,60.0,60.0,0,0,0,0.0,-72.65
4848,199534.03,1480.41,90.0,98,-48.0,11.72,0.07,13.92,0,2,4,0,164,148,0,0,1,2,199534.03,139.7,0,14.34,85.35,44.14,0.39,2.27,0.0,0.0,60.0,60.0,0,0,0,0.0,-72.65
4849,200788.96,1696.41,90.0,98,-48.0,12.18,0.07,14.02,1,0,4,0,161,147,0,0,0,0,200788.96,139.7,0,14.34,85.35,44.14,0.39,2.24,0.0,0.0,60.0,60.0,0,0,0,0.0,-72.65
4850,205808.68,1424.41,90.0,98,-48.0,12.18,0.07,13.92,0,0,0,0,155,146,0,0,0,2,205808.68,139.7,0,14.34,85.35,44.14,0.39,2.27,0.0,0.0,60.0,60.0,0,0,0,0.0,-72.65
4851,202043.89,1752.41,90.0,98,-48.0,12.18,0.07,13.82,0,2,0,0,145,145,0,0,0,0,202043.89,139.7,0,14.34,85.35,44.14,0.39,2.3,0.0,0.0,60.0,60.0,0,0,0,0.0,-72.65
4852,204553.75,1536.41,90.0,98,-48.0,12.18,0.07,13.82,1,2,4,0,87,145,0,0,1,0,204553.75,139.7,0,14.34,85.35,44.14,0.39,2.3,0.0,0.0,60.0,60.0,0,0,0,0.0,-72.65
4853,194514.3,1592.44,90.0,98,-48.0,12.18,0.07,14.02,1,2,0,0,39,145,0,0,1,0,194514.3,138.68,0,14.34,85.35,44.14,0.39,2.24,0.0,0.0,60.0,60.0,0,0,0,0.0,-72.65
4854,203298.82,1640.41,90.0,98,-48.0,11.72,0.07,14.02,0,0,0,0,25,147,0,0,1,0,203298.82,138.68,0,14.34,85.35,44.14,0.39,2.24,0.0,0.0,60.0,60.0,0,0,0,0.0,-72.65
4855,200788.96,1912.41,90.0,98,-48.0,12.18,0.07,13.82,1,0,4,0,22,148,0,0,0,0,200788.96,138.68,0,14.34,85.35,44.14,0.39,2.3,0.0,0.0,60.0,60.0,0,0,0,0.0,-72.65
4856,204553.75,1680.41,90.0,98,-48.0,12.18,0.07,13.82,1,2,0,0,23,149,0,0,1,0,204553.75,138.68,0,14.34,85.35,44.14,0.39,2.3,0.0,0.0,60.0,60.0,0,0,0,0.0,-72.65
4857,203298.82,2024.41,90.0,98,-48.0,12.18,0.07,13.92,0,2,4,0,44,149,0,0,1,0,203298.82,138.68,0,14.34,85.35,44.14,0.39,2.27,0.0,0.0,60.0,60.0,0,0,0,0.0,-72.65
4858,203298.82,1464.41,90.0,98,-48.0,11.72,0.07,13.92,0,2,0,0,143,149,0,0,1,0,203298.82,137.66,0,14.34,85.35,44.14,0.39,2.27,0.0,0.0,60.0,60.0,0,0,0,0.0,-72.65
4859,203298.82,1688.41,90.0,98,-48.0,11.72,0.07,13.82,1,2,0,0,163,149,0,0,1,0,203298.82,137.66,0,14.34,85.35,44.14,0.39,2.3,0.0,0.0,60.0,60.0,0,0,0,0.0,-72.65
4860,198279.1,1264.41,90.0,98,-48.0,11.72,0.07,13.71,0,2,4,0,163,148,0,0,1,2,198279.1,137.66,0,14.34,85.35,44.14,0.39,2.32,0.0,0.0,60.0,60.0,0,0,0,0.0,-72.65
4861,195769.24,1800.44,90.0,98,-48.0,11.72,0.07,13.92,1,2,0,0,162,147,0,0,0,2,195769.24,137.66,0,14.34,85.35,44.14,0.39,2.27,0.0,0.0,60.0,60.0,0,0,0,0.0,-72.65
4862,202043.89,1328.41,90.0,98,-48.0,12.18,0.07,13.92,1,2,4,0,158,147,0,0,0,0,202043.89,136.64,0,14.34,85.35,44.14,0.39,2.27,0.0,0.0,60.0,60.0,0,0,0,0.0,-72.65
4863,198279.1,1496.44,90.0,98,-48.0,12.18,0.07,13.82,0,2,4,0,149,146,0,0,1,2,198279.1,136.64,0,14.34,85.35,44.14,0.39,2.3,0.0,0.0,60.0,60.0,0,0,0,0.0,-72.65
4864,198279.1,1600.44,90.0,98,-48.0,12.18,0.07,13.82,1,0,0,0,85,145,0,0,1,2,198279.1,136.63,0,14.34,85.35,44.14,0.39,2.3,0.0,0.0,60.0,60.0,0,0,0,0.0,-72.65
4865,202043.89,1560.41,90.0,98,-48.0,11.72,0.07,13.92,0,0,4,0,29,146,0,0,0,0,202043.89,136.63,0,14.34,85.35,44.14,0.39,2.27,0.0,0.0,60.0,60.0,0,0,0,0.0,-72.65
4866,203298.82,1696.41,90.0,98,-48.0,12.18,0.07,13.92,0,0,0,0,17,145,0,0,1,0,203298.82,136.63,0,14.34,85.35,44.14,0.39,2.27,0.0,0.0,60.0,60.0,0,0,0,0.0,-72.65
4867,205808.68,1720.41,90.0,98,-48.0,12.18,0.07,13.82,1,2,4,0,14,144,0,0,0,2,205808.68,137.66,0,14.34,85.35,44.14,0.39,2.3,0.0,0.0,60.0,60.0,0,0,0,0.0,-72.65
4868,205808.68,1240.41,90.0,98,-48.0,12.18,0.07,13.82,1,2,0,0,14,144,0,0,0,2,205808.68,137.66,0,14.34,85.35,44.14,0.39,2.3,0.0,0.0,60.0,60.0,0,0,0,0.0,-72.65
4869,205808.68,1576.41,90.0,99,-48.0,12.18,0.07,13.92,1,2,4,0,18,144,0,0,0,2,205808.68,137.66,0,14.34,85.35,44.14,0.39,2.27,0.0,0.0,60.0,60.0,0,0,0,0.0,-72.65
4870,205808.68,1456.41,90.0,99,-48.0,12.18,0.07,13.92,1,2,0,0,30,145,0,0,0,2,205808.68,137.66,0,14.34,85.35,44.14,0.39,2.27,0.0,0.0,60.0,60.0,0,0,0,0.0,-72.65
4871,200788.96,1608.41,90.0,99,-48.0,11.72,0.07,13.92,1,0,0,0,91,147,0,0,0,0,200788.96,136.63,0,14.34,85.35,44.14,0.39,2.27,0.0,0.0,60.0,60.0,0,0,0,0.0,-72.65
4872,204553.75,1752.41,90.0,99,-48.0,12.65,0.07,13.82,0,0,4,0,137,148,0,0,1,0,204553.75,136.63,0,14.34,85.35,44.14,0.39,2.3,0.0,0.0,60.0,60.0,0,0,0,0.0,-72.65
4873,203298.82,1704.41,90.0,99,-48.0,11.72,0.07,13.92,0,0,0,0,160,148,0,0,1,0,203298.82,136.63,0,14.34,85.35,44.14,0.39,2.27,0.0,0.0,60.0,60.0,0,0,0,0.0,-72.65
4874,203298.82,1272.41,89.25,99,-48.0,11.25,0.07,14.02,0,0,4,0,166,147,0,0,1,0,203298.82,136.63,0,14.34,85.35,44.14,0.0,2.24,0.0,0.0,60.0,60.0,0,0,0,0.0,-72.65
4875,198279.1,560.41,89.25,99,-48.0,11.72,0.07,14.02,1,2,4,0,164,147,0,0,1,2,198279.1,136.63,0,14.34,85.35,44.14,0.0,2.24,0.0,0.0,60.0,60.0,0,0,0,0.0,-72.65
4876,200788.96,632.41,89.25,99,-48.0,11.25,0.07,13.82,1,0,4,0,163,147,0,0,0,0,200788.96,136.63,0,14.34,85.35,44.14,0.0,2.3,0.0,0.0,60.0,60.0,0,0,0,0.0,-72.65
4877,203298.82,1040.41,89.25,99,-48.0,11.72,0.07,13.82,0,0,0,0,158,147,0,0,1,0,203298.82,136.63,0,14.34,85.35,44.14,0.0,2.3,0.0,0.0,60.0,60.0,0,0,0,0.0,-72.65
4878,195769.24,744.41,89.25,99,-48.0,11.25,0.07,14.02,1,2,4,0,145,146,0,0,0,2,195769.24,136.63,0,14.34,85.35,44.14,0.0,2.24,0.0,0.0,60.0,60.0,0,0,0,0.0,-72.65
4879,200788.96,1288.41,89.25,99,-48.0,11.72,0.07,14.02,1,2,0,0,76,145,0,0,0,0,200788.96,136.63,0,14.34,85.35,44.14,0.0,2.24,0.0,0.0,60.0,60.0,0,0,0,0.0,-72.65
4880,197024.17,1024.41,89.25,99,-48.0,11.25,0.07,13.82,0,2,0,0,39,144,0,0,0,2,197024.17,135.61,0,14.34,85.35,44.14,0.0,2.3,0.0,0.0,60.0,60.0,0,0,0,0.0,-72.65
4881,203298.82,784.41,89.25,99,-48.0,11.72,0.07,13.82,0,0,4,0,27,145,0,0,1,0,203298.82,135.61,0,14.34,85.35,44.14,0.0,2.3,0.0,0.0,60.0,60.0,0,0,0,0.0,-72.65
4882,203298.82,560.41,89.25,99,-48.0,11.72,0.07,14.02,0,2,4,0,29,144,0,0,1,0,203298.82,135.61,0,14.34,85.35,44.14,0.0,2.24,0.0,0.0,60.0,60.0,0,0,0,0.0,-72.65
4883,200788.96,712.41,89.25,99,-48.0,11.72,0.07,14.02,1,0,4,0,96,145,0,0,0,0,200788.96,135.61,0,14.34,85.35,44.14,0.0,2.24,0.0,0.0,60.0,60.0,0,0,0,0.0,-72.65
4884,202043.89,712.41,89.25,99,-48.0,11.25,0.07,13.82,1,2,0,0,157,147,0,0,0,0,202043.89,135.61,0,14.34,85.35,44.14,0.0,2.3,0.0,0.0,60.0,60.0,0,0,0,0.0,-72.65
4885,198279.1,616.41,89.25,99,-48.0,11.25,0.07,13.82,0,0,4,0,160,148,0,0,1,2,198279.1,136.63,0,14.34,85.35,44.14,0.0,2.3,0.0,0.0,60.0,60.0,0,0,0,0.0,-72.65
4886,193259.37,856.41,89.25,99,-48.0,11.25,0.07,13.92,0,2,0,0,161,148,0,0,1,0,193259.37,136.63,0,14.34,85.35,44.14,0.0,2.27,0.0,0.0,60.0,60.0,0,0,0,0.0,-72.65
4887,202043.89,856.41,89.25,99,-48.0,11.72,0.07,14.02,1,2,4,0,159,148,0,0,0,0,202043.89,136.63,0,14.34,85.35,44.14,0.0,2.24,0.0,0.0,60.0,60.0,0,0,0,0.0,-72.65
4888,193259.37,1400.41,89.25,99,-48.0,11.25,0.07,14.02,0,2,4,0,153,148,0,0,1,0,193259.37,136.63,0,14.34,85.35,44.14,0.0,2.24,0.0,0.0,60.0,60.0,0,0,0,0.0,-72.65
4889,199534.03,920.41,89.25,99,-48.0,11.25,0.07,13.82,0,2,4,0,138,148,0,0,1,2,199534.03,135.61,0,14.34,85.35,44.14,0.0,2.3,0.0,0.0,60.0,60.0,0,0,0,0.0,-72.65
4890,192004.44,1216.41,89.25,99,-48.0,11.72,0.07,13.92,1,0,0,0,66,147,0,0,0,0,192004.44,135.61,0,14.34,85.35,44.14,0.0,2.27,0.0,0.0,60.0,60.0,0,0,0,0.0,-72.65
4891,200788.96,944.41,89.25,99,-48.0,11.72,0.07,14.02,1,2,0,0,31,147,0,0,0,0,200788.96,135.61,0,14.34,85.35,44.14,0.0,2.24,0.0,0.0,60.0,60.0,0,0,0,0.0,-72.65
4892,205808.68,664.41,89.25,99,-48.0,11.72,0.07,14.02,1,2,0,0,20,146,0,0,0,2,205808.68,135.61,0,14.34,85.35,44.14,0.0,2.24,0.0,0.0,60.0,60.0,0,0,0,0.0,-72.65
4893,203298.82,968.41,89.25,99,-48.0,11.72,0.07,13.92,0,0,0,0,17,146,0,0,1,0,203298.82,135.61,0,14.34,85.35,44.14,0.0,2.27,0.0,0.0,60.0,60.0,0,0,0,0.0,-72.65
4894,203298.82,936.41,88.5,99,-48.0,11.25,0.07,13.92,0,0,0,0,17,146,0,0,1,0,203298.82,134.58,0,14.34,85.35,44.14,0.0,2.27,0.0,0.0,60.0,60.0,0,0,0,0.0,-72.65
4895,195769.24,808.41,88.5,99,-48.0,11.25,0.07,14.02,1,2,0,0,21,146,0,0,0,2,195769.24,134.58,0,14.34,85.35,44.14,0.0,2.24,0.0,0.0,60.0,60.0,0,0,0,0.0,-72.65
4896,198279.1,1104.41,88.5,99,-48.0,11.72,0.07,14.02,0,2,4,0,64,145,0,0,1,2,198279.1,134.58,0,14.34,85.35,44.14,0.0,2.24,0.0,0.0,60.0,60.0,0,0,0,0.0,-72.65
4897,207063.61,864.41,88.5,99,-48.0,11.72,0.07,13.92,1,0,4,0,136,145,0,0,0,2,207063.61,134.58,0,14.34,85.35,44.14,0.0,2.27,0.0,0.0,60.0,60.0,0,0,0,0.0,-72.65
4898,203298.82,616.41,88.5,99,-48.0,11.25,0.07,13.92,1,2,4,0,160,146,0,0,1,0,203298.82,134.58,0,14.34,85.35,44.14,0.0,2.27,0.0,0.0,60.0,60.0,0,0,0,0.0,-72.65
4899,200788.96,856.41,88.5,99,-48.0,11.72,0.07,14.02,1,0,0,0,164,148,0,0,0,0,200788.96,134.58,0,14.34,85.35,44.14,0.0,2.24,0.0,0.0,60.0,60.0,0,0,0,0.0,-72.65
4900,198279.1,1104.41,88.5,99,-48.0,11.25,0.07,14.02,1,2,4,0,163,149,0,0,1,2,198279.1,134.58,0,14.34,85.35,44.14,0.0,2.24,0.0,0.0,60.0,60.0,0,0,0,0.0,-72.65
4901,197024.17,912.41,88.5,99,-48.0,11.25,0.07,13.82,1,0,0,0,161,149,0,0,0,2,197024.17,134.58,0,14.34,85.35,44.14,0.0,2.3,0.0,0.0,60.0,60.0,0,0,0,0.0,-72.65
4902,202043.89,1224.41,88.5,99,-48.0,12.18,0.07,13.82,1,2,4,0,156,149,0,0,0,0,202043.89,135.61,0,14.34,85.35,44.14,0.0,2.3,0.0,0.0,60.0,60.0,0,0,0,0.0,-72.65
4903,198279.1,1112.41,88.5,99,-48.0,11.25,0.07,14.02,0,2,0,0,152,149,0,0,1,2,198279.1,135.61,0,14.34,85.35,44.14,0.0,2.24,0.0,0.0,60.0,60.0,0,0,0,0.0,-72.65
4904,195769.24,1352.41,88.5,99,-48.0,11.72,0.07,13.92,1,0,0,0,132,148,0,0,0,2,195769.24,135.61,0,14.34,85.35,44.14,0.0,2.27,0.0,0.0,60.0,60.0,0,0,0,0.0,-72.65
4905,194514.3,1360.41,88.5,99,-48.0,11.72,0.07,13.82,0,0,4,0,46,148,0,0,1,0,194514.3,135.6,0,14.34,85.35,44.14,0.0,2.3,0.0,0.0,60.0,60.0,0,0,0,0.0,-72.65
4906,198279.1,1032.41,88.5,99,-48.0,11.72,0.07,13.82,0,0,4,0,23,147,0,0,1,2,198279.1,135.6,0,14.34,85.35,44.14,0.0,2.3,0.0,0.0,60.0,60.0,0,0,0,0.0,-72.65
4907,203298.82,944.41,88.5,99,-48.0,11.25,0.07,13.92,1,2,4,0,19,147,0,0,1,0,203298.82,136.63,0,14.34,85.35,44.14,0.0,2.27,0.0,0.0,60.0,60.0,0,0,0,0.0,-72.65
4908,200788.96,1440.41,88.5,99,-48.0,12.18,0.07,14.02,1,2,4,0,17,147,0,0,0,0,200788.96,136.63,0,14.34,85.35,44.14,0.0,2.24,0.0,0.0,60.0,60.0,0,0,0,0.0,-72.65
4909,204553.75,1288.41,88.5,99,-48.0,11.72,0.07,13.92,1,2,0,0,20,147,0,0,1,0,204553.75,136.63,0,14.34,85.35,44.14,0.0,2.27,0.0,0.0,60.0,60.0,0,0,0,0.0,-72.65
4910,202043.89,1160.41,88.5,99,-48.0,11.72,0.07,13.82,1,2,4,0,43,146,0,0,0,0,202043.89,136.63,0,14.34,85.35,44.14,0.0,2.3,0.0,0.0,60.0,60.0,0,0,0,0.0,-72.65
4911,205808.68,840.41,88.5,99,-48.0,11.72,0.07,13.92,1,0,4,0,125,146,0,0,0,2,205808.68,136.63,0,14.34,85.35,44.14,0.0,2.27,0.0,0.0,60.0,60.0,0,0,0,0.0,-72.65
4912,202043.89,888.41,88.5,99,-48.0,11.72,0.07,14.02,0,2,0,0,158,146,0,0,0,0,202043.89,136.63,0,14.34,85.35,44.14,0.0,2.24,0.0,0.0,60.0,60.0,0,0,0,0.0,-72.65
4913,200788.96,1232.41,88.5,99,-48.0,11.72,0.07,14.02,1,0,0,0,164,147,0,0,0,0,200788.96,136.63,0,14.34,85.35,44.14,0.0,2.24,0.0,0.0,60.0,60.0,0,0,0,0.0,-72.65
4914,197024.17,1048.41,88.5,99,-48.0,11.72,0.07,13.82,1,0,0,0,164,148,0,0,0,2,197024.17,136.63,0,14.34,85.35,44.14,0.0,2.3,0.0,0.0,60.0,60.0,0,0,0,0.0,-72.65
4915,202043.89,1144.41,88.5,99,-48.0,11.72,0.07,13.92,1,2,4,0,161,149,0,0,0,0,202043.89,136.63,0,14.34,85.35,44.14,0.0,2.27,0.0,0.0,60.0,60.0,0,0,0,0.0,-72.65
4916,203298.82,1264.41,88.5,99,-48.0,11.72,0.07,14.02,0,0,4,0,159,149,0,0,1,0,203298.82,135.61,0,14.34,85.35,44.14,0.0,2.24,0.0,0.0,60.0,60.0,0,0,0,0.0,-72.65
4917,202043.89,1128.41,88.5,99,-48.0,11.72,0.07,14.02,0,0,4,0,153,149,0,0,0,0,202043.89,135.61,0,14.34,85.35,44.14,0.0,2.24,0.0,0.0,60.0,60.0,0,0,0,0.0,-72.65
4918,202043.89,1304.41,88.5,99,-48.0,11.72,0.07,13.82,1,2,4,0,140,149,0,0,0,0,202043.89,135.61,0,14.34,85.35,44.14,0.0,2.3,0.0,0.0,60.0,60.0,0,0,0,0.0,-72.65
4919,199534.03,1384.41,88.5,99,-48.0,11.72,0.07,13.82,0,2,4,0,74,148,0,0,1,2,199534.03,135.61,0,14.34,85.35,44.14,0.0,2.3,0.0,0.0,60.0,60.0,0,0,0,0.0,-72.65
4920,203298.82,1400.41,88.5,99,-48.0,12.18,0.07,14.02,0,2,0,0,33,148,0,0,1,0,203298.82,136.63,0,14.34,85.35,44.14,0.0,2.24,0.0,0.0,60.0,60.0,0,0,0,0.0,-72.65
4921,199534.03,1200.41,88.5,99,-48.0,11.25,0.07,14.02,0,2,4,0,21,147,0,0,1,2,199534.03,136.63,0,14.34,85.35,44.14,0.0,2.24,0.0,0.0,60.0,60.0,0,0,0,0.0,-72.65
4922,203298.82,1072.41,88.5,99,-48.0,11.72,0.07,13.92,1,0,0,0,20,146,0,0,1,0,203298.82,136.63,0,14.34,85.35,44.14,0.0,2.27,0.0,0.0,60.0,60.0,0,0,0,0.0,-72.65
4923,195769.24,1008.41,87.75,99,-48.0,11.25,0.07,13.82,1,2,4,0,22,147,0,0,0,2,195769.24,136.63,0,14.34,85.35,44.14,0.0,2.3,0.0,0.0,60.0,60.0,0,0,0,0.0,-72.65
4924,202043.89,1096.41,87.75,99,-48.0,11.72,0.07,14.02,1,2,4,0,26,146,0,0,0,0,202043.89,136.63,0,14.34,85.35,44.14,0.0,2.24,0.0,0.0,60.0,60.0,0,0,0,0.0,-72.65
4925,197024.17,1168.41,87.75,99,-48.0,11.72,0.07,14.02,0,2,4,0,58,146,0,0,0,2,197024.17,135.61,0,14.34,85.35,44.14,0.0,2.24,0.0,0.0,60.0,60.0,0,0,0,0.0,-72.65
4926,204553.75,1328.41,87.75,99,-48.0,11.72,0.07,13.82,1,2,0,0,140,146,0,0,1,0,204553.75,135.61,0,14.34,85.35,44.14,0.0,2.3,0.0,0.0,60.0,60.0,0,0,0,0.0,-72.65
4927,204553.75,1112.41,87.75,99,-48.0,11.25,0.07,13.82,0,0,4,0,160,147,0,0,1,0,204553.75,135.6,0,14.34,85.35,44.14,0.0,2.3,0.0,0.0,60.0,60.0,0,0,0,0.0,-72.65
4928,200788.96,1160.41,87.75,99,-48.0,11.72,0.07,13.92,1,0,0,0,163,147,0,0,0,0,200788.96,135.6,0,14.34,85.35,44.14,0.0,2.27,0.0,0.0,60.0,60.0,0,0,0,0.0,-72.65
4929,203298.82,928.41,87.75,99,-48.0,11.72,0.07,14.02,0,0,4,0,163,148,0,0,1,0,203298.82,136.63,0,14.34,85.35,44.14,0.0,2.24,0.0,0.0,60.0,60.0,0,0,0,0.0,-72.65
4930,186984.72,1440.41,87.75,99,-48.0,11.72,0.07,14.02,1,0,4,0,159,148,0,0,0,2,186984.72,136.63,0,14.34,85.35,44.14,0.0,2.24,0.0,0.0,60.0,60.0,0,0,0,0.0,-72.65
4931,198279.1,1072.41,87.75,99,-48.0,11.72,0.07,13.82,0,0,0,0,153,147,0,0,1,2,198279.1,136.63,0,14.34,85.35,44.14,0.0,2.3,0.0,0.0,60.0,60.0,0,0,0,0.0,-72.65
4932,199534.03,1512.41,87.75,99,-48.0,12.18,0.07,13.92,0,2,4,0,146,149,0,0,1,2,199534.03,136.63,0,14.34,85.35,44.14,0.0,2.27,0.0,0.0,60.0,60.0,0,0,0,0.0,-72.65
4933,192004.44,1432.41,87.75,99,-48.0,11.72,0.07,14.02,1,2,0,0,81,148,0,0,0,0,192004.44,136.63,0,14.34,85.35,44.14,0.0,2.24,0.0,0.0,60.0,60.0,0,0,0,0.0,-72.65
4934,197024.17,1344.41,87.75,99,-48.0,11.72,0.07,14.02,1,0,4,0,32,147,0,0,0,2,197024.17,136.63,0,14.34,65.38,49.22,0.0,2.24,0.0,0.0,60.0,60.0,0,0,0,0.0,-72.65
4935,197024.17,1192.41,87.75,99,-48.0,12.18,0.07,13.92,1,0,4,0,20,147,0,0,0,2,197024.17,136.63,0,14.34,65.38,49.22,0.0,2.27,0.0,0.0,60.0,60.0,0,0,0,0.0,-72.65
4936,203298.82,1120.41,87.75,99,-48.0,11.72,0.07,13.92,0,2,4,0,17,146,0,0,1,0,203298.82,136.63,0,14.34,65.38,49.22,0.0,2.27,0.0,0.0,60.0,60.0,0,0,0,0.0,-72.65
4937,202043.89,1200.41,87.75,99,-48.0,11.72,0.07,14.02,1,2,4,0,17,146,0,0,0,0,202043.89,136.63,0,14.34,65.38,49.22,0.0,2.24,0.0,0.0,60.0,60.0,0,0,0,0.0,-72.65
4938,203298.82,1160.41,87.75,99,-48.0,11.72,0.07,14.02,0,0,0,0,20,145,0,0,1,0,203298.82,136.63,0,14.34,65.38,49.22,0.0,2.24,0.0,0.0,60.0,60.0,0,0,0,0.0,-72.65
4939,204553.75,808.41,87.75,99,-48.0,11.72,0.07,13.92,1,0,0,0,29,145,0,0,1,0,204553.75,136.63,0,14.34,65.38,49.22,0.0,2.27,0.0,0.0,60.0,60.0,0,0,0,0.0,-72.65
4940,198279.1,1232.41,87.75,99,-48.0,12.18,0.07,13.82,1,2,4,0,79,145,0,0,1,2,198279.1,136.63,0,14.34,65.38,49.22,0.0,2.3,0.0,0.0,60.0,60.0,0,0,0,0.0,-72.65
4941,203298.82,1368.41,87.75,99,-48.0,11.72,0.07,13.92,0,2,4,0,137,147,0,0,1,0,203298.82,136.63,0,14.34,65.38,49.22,0.0,2.27,0.0,0.0,60.0,60.0,0,0,0,0.0,-72.65
4942,202043.89,1296.41,87.75,99,-48.0,12.18,0.07,14.02,0,0,0,0,161,147,0,0,0,0,202043.89,136.63,0,14.34,65.38,49.22,0.0,2.24,0.0,0.0,60.0,60.0,0,0,0,0.0,-72.65
4943,195769.24,904.41,87.75,99,-48.0,11.25,0.07,13.82,0,2,0,0,163,147,0,0,0,2,195769.24,136.63,0,14.34,65.38,49.22,0.0,2.3,0.0,0.0,60.0,60.0,0,0,0,0.0,-72.65
4944,200788.96,1336.41,87.75,99,-48.0,11.72,0.07,13.82,1,0,0,0,163,147,0,0,0,0,200788.96,136.63,0,14.34,65.38,49.22,0.0,2.3,0.0,0.0,60.0,60.0,0,0,0,0.0,-72.65
4945,197024.17,1400.41,87.75,99,-48.0,11.72,0.07,14.02,1,0,4,0,158,146,0,0,0,2,197024.17,136.63,0,14.34,65.38,49.22,0.0,2.24,0.0,0.0,60.0,60.0,0,0,0,0.0,-72.65
4946,198279.1,1512.41,87.75,99,-48.0,11.72,0.07,14.02,1,2,4,0,150,145,0,0,1,2,198279.1,136.63,0,14.34,65.38,49.22,0.0,2.24,0.0,0.0,60.0,60.0,0,0,0,0.0,-72.65
4947,202043.89,1408.41,87.75,99,-48.0,11.72,0.07,13.82,1,2,4,0,85,146,0,0,0,0,202043.89,136.63,0,14.34,65.38,49.22,0.0,2.3,0.0,0.0,60.0,60.0,0,0,0,0.0,-72.65
4948,200788.96,1664.41,87.75,99,-48.0,12.18,0.07,13.82,1,0,4,0,35,145,0,0,0,0,200788.96,136.63,0,14.34,65.38,49.22,0.0,2.3,0.0,0.0,60.0,60.0,0,0,0,0.0,-72.65
4949,205808.68,1288.41,87.75,99,-48.0,11.72,0.07,14.02,0,2,0,0,22,145,0,0,0,2,205808.68,136.63,0,14.34,65.38,49.22,0.0,2.24,0.0,0.0,60.0,60.0,0,0,0,0.0,-72.65
4950,195769.24,1312.41,87.75,99,-48.0,11.72,0.07,14.02,1,0,4,0,20,146,0,0,0,2,195769.24,136.63,0,14.34,65.38,49.22,0.0,2.24,0.0,0.0,60.0,60.0,0,0,0,0.0,-72.65
4951,203298.82,1296.41,87.75,99,-48.0,11.72,0.07,14.02,0,0,0,0,24,146,0,0,1,0,203298.82,136.63,0,14.34,65.38,49.22,0.0,2.24,0.0,0.0,60.0,60.0,0,0,0,0.0,-72.65
4952,203298.82,1488.41,87.75,99,-48.0,12.18,0.07,13.82,0,2,4,0,84,147,0,0,1,0,203298.82,136.63,0,14.34,65.38,49.22,0.0,2.3,0.0,0.0,60.0,60.0,0,0,0,0.0,-72.65
4953,198279.1,856.38,87.75,99,-48.0,11.25,0.07,13.92,0,2,4,0,149,148,0,0,1,2,198279.1,136.63,0,14.34,65.38,49.22,0.0,2.27,0.0,0.0,60.0,60.0,0,0,0,0.0,-72.65
4954,204553.75,1152.41,87.75,99,-48.0,12.18,0.07,14.02,1,2,0,0,161,147,0,0,1,0,204553.75,136.63,0,14.34,65.38,49.22,0.0,2.24,0.0,0.0,60.0,60.0,0,0,0,0.0,-72.65
4955,198279.1,1168.41,87.75,99,-48.0,11.72,0.07,14.02,0,0,4,0,162,147,0,0,1,2,198279.1,136.63,0,14.34,65.38,49.22,0.0,2.24,0.0,0.0,60.0,60.0,0,0,0,0.0,-72.65
4956,195769.24,1320.41,87.75,99,-48.0,12.18,0.07,13.82,1,2,4,0,161,147,0,0,0,2,195769.24,136.63,0,14.34,65.38,49.22,0.0,2.3,0.0,0.0,60.0,60.0,0,0,0,0.0,-72.65
4957,200788.96,1128.41,87.75,99,-48.0,11.72,0.07,13.82,1,0,4,0,154,147,0,0,0,0,200788.96,136.63,0,14.34,65.38,49.22,0.0,2.3,0.0,0.0,60.0,60.0,0,0,0,0.0,-72.65
4958,203298.82,1280.41,87.75,99,-48.0,11.72,0.07,14.02,0,2,0,0,138,146,0,0,1,0,203298.82,136.63,0,14.34,65.37,49.22,0.0,2.24,0.0,0.0,60.0,60.0,0,0,0,0.0,-72.65
4959,197024.17,1888.44,87.75,99,-48.0,12.18,0.07,14.02,1,0,0,0,57,147,0,0,0,2,197024.17,136.63,0,14.34,65.37,49.22,0.0,2.24,0.0,0.0,60.0,60.0,0,0,0,0.0,-72.65
4960,202043.89,1256.41,87.75,99,-48.0,11.72,0.07,13.82,0,0,4,0,25,146,0,0,0,0,202043.89,136.63,0,14.34,65.37,49.22,0.0,2.3,0.0,0.0,60.0,60.0,0,0,0,0.0,-72.65
4961,203298.82,1456.41,87.75,99,-48.0,12.18,0.07,13.82,0,0,4,0,17,146,0,0,1,0,203298.82,136.63,0,14.34,65.37,49.22,0.0,2.3,0.0,0.0,60.0,60.0,0,0,0,0.0,-72.65
4962,204553.75,1264.41,87.75,99,-48.0,11.72,0.07,13.92,1,0,0,0,16,145,0,0,1,0,204553.75,136.63,0,14.34,65.37,49.22,0.0,2.27,0.0,0.0,60.0,60.0,0,0,0,0.0,-72.65
4963,203298.82,1608.41,87.75,100,-48.0,11.72,0.07,14.02,0,0,0,0,18,145,0,0,1,0,203298.82,136.63,0,14.34,65.37,49.22,0.0,2.24,0.0,0.0,60.0,60.0,0,0,0,0.0,-72.65
4964,205808.68,1200.41,87.75,100,-48.0,11.72,0.07,13.92,0,0,0,0,27,146,0,0,0,2,205808.68,136.63,0,14.34,65.37,49.22,0.0,2.27,0.0,0.0,60.0,60.0,0,0,0,0.0,-72.65
4965,203298.82,1552.41,87.75,100,-48.0,12.18,0.07,13.82,0,0,0,0,105,147,0,0,1,0,203298.82,136.63,0,14.34,65.37,49.22,0.0,2.3,0.0,0.0,60.0,60.0,0,0,0,0.0,-72.65
4966,205808.68,1352.41,87.75,100,-48.0,11.72,0.07,14.02,0,0,4,0,155,148,0,0,0,2,205808.68,136.63,0,14.34,65.37,49.22,0.0,2.24,0.0,0.0,60.0,60.0,0,0,0,0.0,-72.65
4967,202043.89,1256.41,87.75,100,-48.0,11.72,0.07,14.02,0,2,0,0,165,148,0,0,0,0,202043.89,136.63,0,14.34,65.37,49.22,0.0,2.24,0.0,0.0,60.0,60.0,0,0,0,0.0,-72.65
4968,203298.82,1504.41,88.5,100,-48.0,11.72,0.07,13.92,0,2,4,0,167,148,0,0,1,0,203298.82,136.63,0,14.34,65.37,49.22,0.0,2.27,0.0,0.0,60.0,60.0,0,0,0,0.0,-72.65
4969,204553.75,1280.41,88.5,100,-48.0,11.72,0.07,13.82,1,2,0,0,166,148,0,0,1,0,204553.75,135.61,0,14.34,65.37,49.22,0.0,2.3,0.0,0.0,60.0,60.0,0,0,0,0.0,-72.65
4970,194514.3,1376.41,88.5,100,-48.0,11.25,0.07,14.02,1,0,4,0,163,148,0,0,1,0,194514.3,135.61,0,14.34,65.37,49.22,0.0,2.24,0.0,0.0,60.0,60.0,0,0,0,0.0,-72.65
4971,202043.89,1304.41,88.5,100,-48.0,12.18,0.07,13.92,1,2,4,0,162,147,0,0,0,0,202043.89,135.61,0,14.34,65.37,49.22,0.0,2.27,0.0,0.0,60.0,60.0,0,0,0,0.0,-72.65
4972,203298.82,1488.41,88.5,100,-48.0,11.72,0.07,14.02,1,0,0,0,156,148,0,0,1,0,203298.82,135.61,0,14.34,65.37,49.22,0.0,2.24,0.0,0.0,60.0,60.0,0,0,0,0.0,-72.65
4973,203298.82,1544.41,88.5,100,-48.0,12.18,0.07,13.82,0,0,0,0,147,147,0,0,1,0,203298.82,135.61,0,14.34,65.37,49.22,0.0,2.3,0.0,0.0,60.0,60.0,0,0,0,0.0,-72.65
4974,205808.68,1056.41,88.5,100,-48.0,11.25,0.07,13.82,0,0,4,0,99,146,0,0,0,2,205808.68,136.63,0,14.34,65.37,49.22,0.0,2.3,0.0,0.0,60.0,60.0,0,0,0,0.0,-72.65
4975,192004.44,1040.41,88.5,100,-48.0,11.25,0.07,14.02,0,0,0,0,40,145,0,0,0,0,192004.44,136.63,0,14.34,65.37,49.22,0.0,2.24,0.0,0.0,60.0,60.0,0,0,0,0.0,-72.65
4976,203298.82,1200.41,88.5,100,-48.0,11.72,0.07,14.02,0,0,0,0,21,145,0,0,1,0,203298.82,136.63,0,14.34,65.37,49.22,0.0,2.24,0.0,0.0,60.0,60.0,0,0,0,0.0,-72.65
4977,204553.75,1184.41,88.5,100,-48.0,11.72,0.07,13.82,1,0,0,0,15,145,0,0,1,0,204553.75,136.63,0,14.34,65.37,49.22,0.0,2.3,0.0,0.0,60.0,60.0,0,0,0,0.0,-72.65
4978,204553.75,1488.41,88.5,100,-48.0,11.72,0.07,13.82,1,2,0,0,13,144,0,0,1,0,204553.75,136.63,0,14.34,65.37,49.22,0.0,2.3,0.0,0.0,60.0,60.0,0,0,0,0.0,-72.65
4979,205808.68,1336.41,88.5,100,-48.0,12.18,0.07,14.02,0,0,4,0,15,145,0,0,0,2,205808.68,136.63,0,14.34,65.37,49.22,0.0,2.24,0.0,0.0,60.0,60.0,0,0,0,0.0,-72.65
4980,203298.82,1136.41,88.5,100,-48.0,11.72,0.07,14.02,0,2,0,0,19,146,0,0,1,0,203298.82,136.63,0,14.34,65.37,49.22,0.0,2.24,0.0,0.0,60.0,60.0,0,0,0,0.0,-72.65
4981,204553.75,1416.41,88.5,100,-48.0,11.72,0.07,13.82,1,2,4,0,53,147,0,0,1,0,204553.75,136.63,0,14.34,65.37,49.22,0.0,2.3,0.0,0.0,60.0,60.0,0,0,0,0.0,-72.65
4982,198279.1,904.41,88.5,100,-48.0,12.18,0.07,13.82,0,2,4,0,108,147,0,0,1,2,198279.1,136.63,0,14.34,65.37,49.22,0.0,2.3,0.0,0.0,60.0,60.0,0,0,0,0.0,-72.65
4983,203298.82,1184.41,88.5,100,-48.0,11.72,0.07,14.02,0,2,0,0,148,147,0,0,1,0,203298.82,136.63,0,14.34,65.37,49.22,0.0,2.24,0.0,0.0,60.0,60.0,0,0,0,0.0,-72.65
4984,202043.89,1632.41,88.5,100,-48.0,12.18,0.07,14.02,0,0,0,0,162,146,0,0,0,0,202043.89,136.63,0,14.34,65.37,49.22,0.0,2.24,0.0,0.0,60.0,60.0,0,0,0,0.0,-72.65
4985,200788.96,1304.41,88.5,100,-48.0,11.72,0.07,13.82,1,0,0,0,164,145,0,0,0,0,200788.96,136.63,0,14.34,65.37,49.22,0.0,2.3,0.0,0.0,60.0,60.0,0,0,0,0.0,-72.65
4986,200788.96,1416.41,88.5,100,-48.0,11.72,0.07,13.82,1,0,4,0,163,144,0,0,0,0,200788.96,136.63,0,14.34,65.37,49.22,0.0,2.3,0.0,0.0,60.0,60.0,0,0,0,0.0,-72.65
4987,197024.17,1224.41,88.5,100,-48.0,11.72,0.07,14.02,1,2,0,0,159,143,0,0,0,2,197024.17,136.63,0,14.34,65.37,49.22,0.0,2.24,0.0,0.0,60.0,60.0,0,0,0,0.0,-72.65
4988,203298.82,1152.41,88.5,100,-48.0,11.72,0.07,13.92,0,0,0,0,155,143,0,0,1,0,203298.82,136.63,0,14.34,65.37,49.22,0.0,2.27,0.0,0.0,60.0,60.0,0,0,0,0.0,-72.65
4989,203298.82,1472.41,88.5,100,-48.0,12.18,0.07,13.92,1,2,4,0,139,142,0,0,1,0,203298.82,136.63,0,14.34,65.37,49.22,0.0,2.27,0.0,0.0,60.0,60.0,0,0,0,0.0,-72.65
4990,202043.89,1752.41,88.5,100,-48.0,11.72,0.07,13.82,0,2,0,0,56,144,0,0,0,0,202043.89,136.63,0,14.34,65.37,49.22,0.0,2.3,0.0,0.0,60.0,60.0,0,0,0,0.0,-72.65
4991,204553.75,1136.41,88.5,100,-48.0,11.72,0.07,14.02,0,0,4,0,28,145,0,0,1,0,204553.75,136.63,0,14.34,65.37,49.22,0.0,2.24,0.0,0.0,60.0,60.0,0,0,0,0.0,-72.65
4992,200788.96,1328.41,89.25,100,-48.0,11.72,0.07,13.92,1,0,0,0,21,146,0,0,0,0,200788.96,136.63,0,14.34,65.37,49.22,0.0,2.27,0.0,0.0,60.0,60.0,0,0,0,0.0,-72.65
4993,202043.89,1344.41,89.25,100,-48.0,11.72,0.07,14.02,1,2,4,0,19,147,0,0,0,0,202043.89,136.63,0,14.34,65.37,49.22,0.0,2.24,0.0,0.0,60.0,60.0,0,0,0,0.0,-72.65
4994,203298.82,1112.41,89.25,100,-48.0,11.72,0.07,13.82,1,2,0,0,24,148,0,0,1,0,203298.82,136.63,0,14.34,65.37,49.22,0.0,2.3,0.0,0.0,60.0,60.0,0,0,0,0.0,-72.65
4995,194514.3,1472.41,89.25,100,-48.0,11.72,0.07,13.92,0,0,4,0,59,148,0,0,1,0,194514.3,136.63,0,14.34,65.37,49.22,0.0,2.27,0.0,0.0,60.0,60.0,0,0,0,0.0,-72.65
4996,203298.82,1624.41,89.25,100,-48.0,11.72,0.07,14.02,0,0,0,0,131,147,0,0,1,0,203298.82,135.61,0,14.34,65.37,49.22,0.0,2.24,0.0,0.0,60.0,60.0,0,0,0,0.0,-72.65
4997,202043.89,1640.41,89.25,100,-48.0,12.18,0.07,13.92,0,0,0,0,160,147,0,0,0,0,202043.89,135.61,0,14.34,65.37,49.22,0.0,2.27,0.0,0.0,60.0,60.0,0,0,0,0.0,-72.65
4998,200788.96,1240.41,89.25,100,-48.0,11.72,0.07,13.82,0,0,0,0,165,146,0,0,0,0,200788.96,135.61,0,14.34,65.37,49.22,0.0,2.3,0.0,0.0,60.0,60.0,0,0,0,0.0,-72.65
4999,203298.82,1152.41,89.25,100,-48.0,11.72,0.07,13.92,0,0,0,0,165,146,0,0,1,0,203298.82,135.61,0,14.34,65.37,49.22,0.0,2.27,0.0,0.0,60.0,60.0,0,0,0,0.0,-72.65
5000,202043.89,1384.41,89.25,100,-48.0,11.72,0.07,14.02,1,2,4,0,162,145,0,0,0,0,202043.89,135.61,0,14.34,65.37,49.22,0.0,2.24,0.0,0.0,60.0,60.0,0,0,0,0.0,-72.65
5001,205808.68,1272.41,89.25,100,-48.0,11.72,0.07,14.02,0,0,4,0,155,145,0,0,0,2,205808.68,136.63,0,14.34,65.37,49.22,0.0,2.24,0.0,0.0,60.0,60.0,0,0,0,0.0,-72.65
5002,195769.24,1512.41,89.25,100,-48.0,12.18,0.07,13.82,1,2,4,0,128,146,0,0,0,2,195769.24,136.63,0,14.34,65.37,49.22,0.0,2.3,0.0,0.0,60.0,60.0,0,0,0,0.0,-72.65
5003,202043.89,1000.41,89.25,100,-48.0,11.72,0.07,13.82,1,2,0,0,55,146,0,0,0,0,202043.89,136.63,0,14.34,65.37,49.22,0.0,2.3,0.0,0.0,60.0,60.0,0,0,0,0.0,-72.65
5004,198279.1,1280.41,89.25,100,-48.0,11.72,0.07,14.02,0,2,0,0,25,147,0,0,1,2,198279.1,136.63,0,14.34,65.37,49.22,0.0,2.24,0.0,0.0,60.0,60.0,0,0,0,0.0,-72.65
5005,197024.17,1568.44,89.25,100,-48.0,12.18,0.07,14.02,1,0,0,0,19,147,0,0,0,2,197024.17,136.63,0,14.34,65.37,49.22,0.0,2.24,0.0,0.0,60.0,60.0,0,0,0,0.0,-72.65
5006,204553.75,1392.41,89.25,100,-48.0,11.25,0.07,13.92,1,2,0,0,17,147,0,0,1,0,204553.75,136.63,0,14.34,65.37,49.22,0.0,2.27,0.0,0.0,60.0,60.0,0,0,0,0.0,-72.65
5007,195769.24,1480.41,89.25,100,-48.0,11.72,0.07,13.82,1,0,0,0,18,147,0,0,0,2,195769.24,136.63,0,14.34,65.37,49.22,0.0,2.3,0.0,0.0,60.0,60.0,0,0,0,0.0,-72.65
5008,203298.82,1728.41,89.25,100,-48.0,12.18,0.07,14.02,0,2,4,0,26,146,0,0,1,0,203298.82,136.63,0,14.34,65.37,49.22,0.0,2.24,0.0,0.0,60.0,60.0,0,0,0,0.0,-72.65
5009,203298.82,1232.41,89.25,100,-48.0,11.72,0.07,14.02,0,0,0,0,81,146,0,0,1,0,203298.82,136.63,0,14.34,65.37,49.22,0.0,2.24,0.0,0.0,60.0,60.0,0,0,0,0.0,-72.65
5010,204553.75,1360.41,89.25,101,-48.0,11.72,0.07,13.92,1,2,4,0,144,145,0,0,1,0,204553.75,136.63,0,14.34,65.37,49.22,0.0,2.27,0.0,0.0,60.0,60.0,0,0,0,0.0,-72.65
5011,205808.68,1016.41,89.25,101,-48.0,11.72,0.07,13.82,0,0,4,0,162,146,0,0,0,2,205808.68,136.63,0,14.34,65.37,49.22,0.0,2.3,0.0,0.0,60.0,60.0,0,0,0,0.0,-72.65
5012,203298.82,1144.41,89.25,100,-48.0,11.72,0.07,14.02,0,0,4,0,165,145,0,0,1,0,203298.82,136.63,0,14.34,65.37,49.22,0.0,2.24,0.0,0.0,60.0,60.0,0,0,0,0.0,-72.65
5013,203298.82,1328.41,89.25,100,-48.0,11.72,0.07,14.02,1,2,0,0,165,144,0,0,1,0,203298.82,136.63,0,14.34,65.37,49.22,0.0,2.24,0.0,0.0,60.0,60.0,0,0,0,0.0,-72.65
5014,202043.89,1728.41,89.25,100,-48.0,11.72,0.07,14.02,1,2,4,0,161,143,0,0,0,0,202043.89,136.63,0,14.34,65.37,49.22,0.0,2.24,0.0,0.0,60.0,60.0,0,0,0,0.0,-72.65
5015,199534.03,1456.41,90.0,101,-48.0,11.72,0.07,13.82,0,2,4,0,157,143,0,0,1,2,199534.03,136.63,0,14.34,65.37,49.22,0.0,2.3,0.0,0.0,60.0,60.0,0,0,0,0.0,-72.65
5016,202043.89,1176.41,90.0,101,-48.0,11.25,0.07,13.82,0,0,4,0,148,144,0,0,0,0,202043.89,136.63,0,14.34,65.37,49.22,0.0,2.3,0.0,0.0,60.0,60.0,0,0,0,0.0,-72.65
5017,198279.1,1984.44,90.0,101,-48.0,12.65,0.08,14.02,0,0,0,0,100,146,0,0,1,2,198279.1,136.63,0,14.34,65.37,49.22,0.0,2.24,0.0,0.0,60.0,60.0,0,0,0,0.0,-72.65
5018,203298.82,1888.41,90.0,101,-48.0,11.72,0.07,14.02,1,2,0,0,44,148,0,0,1,0,203298.82,136.63,0,14.34,65.37,49.22,0.0,2.24,0.0,0.0,60.0,60.0,0,0,0,0.0,-72.65
5019,202043.89,1488.41,90.0,101,-48.0,12.18,0.07,13.82,0,2,0,0,24,148,0,0,0,0,202043.89,136.63,0,14.34,65.37,49.22,0.0,2.3,0.0,0.0,60.0,60.0,0,0,0,0.0,-72.65
5020,205808.68,1680.41,90.0,101,-48.0,12.18,0.07,13.82,1,2,4,0,21,149,0,0,0,2,205808.68,136.63,0,14.34,65.37,49.22,0.0,2.3,0.0,0.0,60.0,60.0,0,0,0,0.0,-72.65
5021,205808.68,1304.41,90.0,101,-48.0,12.18,0.07,14.02,0,0,4,0,25,148,0,0,0,2,205808.68,136.63,0,14.34,65.37,49.22,0.0,2.24,0.0,0.0,60.0,60.0,0,0,0,0.0,-72.65
5022,202043.89,1432.41,90.0,101,-48.0,11.72,0.07,14.02,1,2,4,0,100,148,0,0,0,0,202043.89,136.63,0,14.34,65.37,49.22,0.0,2.24,0.0,0.0,60.0,60.0,0,0,0,0.0,-72.65
5023,204553.75,1256.41,90.0,101,-48.0,12.18,0.07,13.82,1,2,0,0,159,148,0,0,1,0,204553.75,136.63,0,14.34,65.37,49.22,0.0,2.3,0.0,0.0,60.0,60.0,0,0,0,0.0,-72.65
5024,195769.24,1328.41,90.0,101,-48.0,12.18,0.07,13.82,0,2,4,0,162,147,0,0,0,2,195769.24,136.63,0,14.34,65.37,49.22,0.0,2.3,0.0,0.0,60.0,60.0,0,0,0,0.0,-72.65
5025,200788.96,1192.41,90.0,101,-48.0,11.72,0.07,14.02,1,0,0,0,163,147,0,0,0,0,200788.96,136.63,0,14.34,65.37,49.22,0.0,2.24,0.0,0.0,60.0,60.0,0,0,0,0.0,-72.65
5026,203298.82,1208.41,90.0,101,-48.0,12.18,0.07,14.02,0,0,0,0,160,146,0,0,1,0,203298.82,136.63,0,14.34,65.37,49.22,0.0,2.24,0.0,0.0,60.0,60.0,0,0,0,0.0,-72.65
5027,202043.89,1736.41,90.0,101,-48.0,11.72,0.07,13.92,0,2,0,0,151,145,0,0,0,0,202043.89,136.63,0,14.34,65.37,49.22,0.0,2.27,0.0,0.0,60.0,60.0,0,0,0,0.0,-72.65
5028,205808.68,1592.41,90.0,101,-48.0,11.25,0.07,13.82,0,2,0,0,128,146,0,0,0,2,205808.68,136.63,0,14.34,65.37,49.22,0.0,2.3,0.0,0.0,60.0,60.0,0,0,0,0.0,-72.65
5029,195769.24,1448.41,90.0,101,-48.0,11.72,0.07,14.02,1,2,4,0,49,144,0,0,0,2,195769.24,136.63,0,14.34,65.37,49.22,0.0,2.24,0.0,0.0,60.0,60.0,0,0,0,0.0,-72.65
5030,204553.75,1256.41,90.0,101,-48.0,11.72,0.07,14.02,1,2,0,0,25,143,0,0,1,0,204553.75,136.63,0,14.34,65.37,49.22,0.0,2.24,0.0,0.0,60.0,60.0,0,0,0,0.0,-72.65
