1787978688077,0x1 0x79 0xd 0xb6 0x61 0xb6 0x60 0xd 0x0 0x0 0xd 0x0 0x0 0x0 0x0 0x0 0x0 0x0 0x73 0x0 0x0 0x0 0xd4 0x3 0x0 0x0 0x0 0x0 0x0 0x58 0x0 0x57 0x0 0x57 0x0 0x58 0x0 0xb0 0xb0 0xb0 0xb0 0xb0 0xb0 0x0 0x0 0x0 0x0 0x0 0x0 0x0 0x0 0x0 0x0 0x0 0x0 0x0 0x0 0x0 0x0 0x0 0x0 0x0 0x80 0x80 0x80 0x80 0x4d 0x80 0x4f 0x80 0xa6 0x82 0xeb 0x7b 0x0 0x0 0x0 0x0 0x3c 0xf3 0xca 0x26 0x73 0xe7 0x15 0xee 0x0 0x0 0x0 0x0 0x0 0x0 0x0 0x80 0x0 0xa4 0xa4 0x0 0x1 0xed 0x6 0x0 0x0
1787978688300,0x1 0x79 0xd 0xb6 0x61 0xb6 0x60 0xd 0x0 0x0 0xd 0x0 0x0 0x0 0x0 0x0 0x0 0x0 0x73 0x0 0x0 0x0 0xd4 0x3 0x0 0x0 0x0 0x0 0x0 0x58 0x0 0x57 0x0 0x58 0x0 0x58 0x0 0xb0 0xb0 0xb0 0xb0 0xb0 0xb0 0x0 0x0 0x0 0x0 0x0 0x0 0x0 0x0 0x0 0x0 0x0 0x0 0x0 0x0 0x0 0x0 0x0 0x0 0x0 0x80 0x80 0x80 0x80 0x4d 0x80 0x4f 0x80 0xa6 0x82 0xeb 0x7b 0x0 0x0 0x0 0x0 0x3c 0xf3 0xca 0x26 0x73 0xe7 0x15 0xee 0x0 0x0 0x0 0x0 0x0 0x0 0x0 0x80 0x0 0xa4 0xa4 0x0 0x1 0xed 0x6 0x0 0x0
1787978688525,0x1 0x79 0xd 0xb6 0x61 0xb6 0x60 0xd 0x0 0x0 0xd 0x0 0x0 0x0 0x0 0x0 0x0 0x0 0x73 0x0 0x0 0x0 0xd4 0x3 0x0 0x0 0x0 0x0 0x0 0x58 0x0 0x58 0x0 0x58 0x0 0x58 0x0 0xb0 0xb0 0xb0 0xb0 0xb0 0xb0 0x0 0x0 0x0 0x0 0x0 0x0 0x0 0x0 0x0 0x0 0x0 0x0 0x0 0x0 0x0 0x0 0x0 0x0 0x0 0x80 0x80 0x80 0x80 0x4d 0x80 0x4f 0x80 0xa6 0x82 0xeb 0x7b 0x0 0x0 0x0 0x0 0x3c 0xf3 0xca 0x26 0x73 0xe7 0x15 0xee 0x0 0x0 0x0 0x0 0x0 0x0 0x0 0x80 0x0 0xa4 0xa4 0x0 0x1 0xed 0x6 0x0 0x0
1787978688749,0x1 0x79 0xd 0xb6 0x61 0xb6 0x60 0xd 0x0 0x0 0xd 0x0 0x0 0x0 0x0 0x0 0x0 0x0 0x73 0x0 0x0 0x0 0xd4 0x3 0x0 0x0 0x0 0x0 0x0 0x57 0x0 0x57 0x0 0x58 0x0 0x58 0x0 0xb0 0xb0 0xb0 0xb0 0xb0 0xb0 0x0 0x0 0x0 0x0 0x0 0x0 0x0 0x0 0x0 0x0 0x0 0x0 0x0 0x0 0x0 0x0 0x0 0x0 0x0 0x80 0x80 0x80 0x80 0x4d 0x80 0x4f 0x80 0xa6 0x82 0xeb 0x7b 0x0 0x0 0x0 0x0 0x3c 0xf3 0xca 0x26 0x73 0xe7 0x15 0xee 0x0 0x0 0x0 0x0 0x0 0x0 0x0 0x80 0x0 0xa4 0xa4 0x0 0x1 0xed 0x6 0x0 0x0
1787978688972,0x1 0x79 0xd 0xb6 0x61 0xb6 0x60 0xd 0x0 0x0 0xd 0x0 0x0 0x0 0x0 0x0 0x0 0x0 0x73 0x0 0x0 0x0 0xd4 0x3 0x0 0x0 0x0 0x0 0x0 0x58 0x0 0x58 0x0 0x58 0x0 0x58 0x0 0xb0 0xb0 0xb0 0xb0 0xb0 0xb0 0x0 0x0 0x0 0x0 0x0 0x0 0x0 0x0 0x0 0x0 0x0 0x0 0x0 0x0 0x0 0x0 0x0 0x0 0x0 0x80 0x80 0x80 0x80 0x4d 0x80 0x4f 0x80 0xa6 0x82 0xeb 0x7b 0x0 0x0 0x0 0x0 0x3c 0xf3 0x9e 0x25 0x73 0xe7 0x15 0xee 0x0 0x0 0x0 0x0 0x0 0x0 0x0 0x80 0x0 0xa4 0xa4 0x0 0x1 0xed 0x6 0x0 0x0
1787978689196,0x1 0x79 0xd 0xb6 0x61 0xb6 0x60 0xd 0x0 0x0 0xd 0x0 0x0 0x0 0x0 0x0 0x0 0x0 0x73 0x0 0x0 0x0 0xd4 0x3 0x0 0x0 0x0 0x0 0x0 0x58 0x0 0x58 0x0 0x58 0x0 0x58 0x0 0xb0 0xb0 0xb0 0xb0 0xb0 0xb0 0x0 0x0 0x0 0x0 0x0 0x0 0x0 0x0 0x0 0x0 0x0 0x0 0x0 0x0 0x0 0x0 0x0 0x0 0x0 0x80 0x80 0x80 0x80 0x4d 0x80 0x4f 0x80 0xa6 0x82 0xeb 0x7b 0x0 0x0 0x0 0x0 0x3c 0xf3 0xca 0x26 0x73 0xe7 0x15 0xee 0x0 0x0 0x0 0x0 0x0 0x0 0x0 0x80 0x0 0xa4 0xa4 0x0 0x1 0xed 0x6 0x0 0x0
1787978689421,0x1 0x79 0xd 0xb6 0x61 0xb6 0x60 0xd 0x0 0x0 0xd 0x0 0x0 0x0 0x0 0x0 0x0 0x0 0x73 0x0 0x0 0x0 0xd4 0x3 0x0 0x0 0x0 0x0 0x0 0x58 0x0 0x58 0x0 0x58 0x0 0x58 0x0 0xb0 0xb0 0xb0 0xb0 0xb0 0xb0 0x0 0x0 0x0 0x0 0x0 0x0 0x0 0x0 0x0 0x0 0x0 0x0 0x0 0x0 0x0 0x0 0x0 0x0 0x0 0x80 0x80 0x80 0x80 0x4d 0x80 0x4f 0x80 0xa6 0x82 0xeb 0x7b 0x0 0x0 0x0 0x0 0x3c 0xf3 0xca 0x26 0x73 0xe7 0x15 0xee 0x0 0x0 0x0 0x0 0x0 0x0 0x0 0x80 0x0 0xa4 0xa4 0x0 0x1 0xed 0x6 0x0 0x0
1787978689644,0x1 0x79 0xd 0xb6 0x61 0xb6 0x60 0xd 0x0 0x0 0xd 0x0 0x0 0x0 0x0 0x0 0x0 0x0 0x73 0x0 0x0 0x0 0xd4 0x3 0x0 0x0 0x0 0x0 0x0 0x58 0x0 0x58 0x0 0x57 0x0 0x58 0x0 0xb0 0xb0 0xb0 0xb0 0xb0 0xb0 0x0 0x0 0x0 0x0 0x0 0x0 0x0 0x0 0x0 0x0 0x0 0x0 0x0 0x0 0x0 0x0 0x0 0x0 0x0 0x80 0x80 0x80 0x80 0x4d 0x80 0x4f 0x80 0xa6 0x82 0xeb 0x7b 0x0 0x0 0x0 0x0 0x3c 0xf3 0xca 0x26 0x73 0xe7 0x15 0xee 0x0 0x0 0x0 0x0 0x0 0x0 0x0 0x80 0x0 0xa4 0xa4 0x0 0x1 0xed 0x6 0x0 0x0
1787978689868,0x1 0x79 0xd 0xb6 0x61 0xb6 0x60 0xd 0x0 0x0 0xd 0x0 0x0 0x0 0x0 0x0 0x0 0x0 0x73 0x0 0x0 0x0 0xd4 0x3 0x0 0x0 0x0 0x0 0x0 0x58 0x0 0x57 0x0 0x58 0x0 0x57 0x0 0xb0 0xb0 0xb0 0xb0 0xb0 0xb0 0x0 0x0 0x0 0x0 0x0 0x0 0x0 0x0 0x0 0x0 0x0 0x0 0x0 0x0 0x0 0x0 0x0 0x0 0x0 0x80 0x80 0x80 0x80 0x4d 0x80 0x4f 0x80 0xa6 0x82 0xeb 0x7b 0x0 0x0 0x0 0x0 0x3c 0xf3 0xca 0x26 0x73 0xe7 0x15 0xee 0x0 0x0 0x0 0x0 0x0 0x0 0x0 0x80 0x0 0xa4 0xa4 0x0 0x1 0xed 0x6 0x0 0x0
1787978690093,0x1 0x79 0xd 0xb6 0x61 0xb6 0x60 0xd 0x0 0x0 0xd 0x0 0x0 0x0 0x0 0x0 0x0 0x0 0x73 0x0 0x0 0x0 0xd4 0x3 0x0 0x0 0x0 0x0 0x0 0x58 0x0 0x57 0x0 0x58 0x0 0x58 0x0 0xb0 0xb0 0xb0 0xb0 0xb0 0xb0 0x0 0x0 0x0 0x0 0x0 0x0 0x0 0x0 0x0 0x0 0x0 0x0 0x0 0x0 0x0 0x0 0x0 0x0 0x0 0x80 0x80 0x80 0x80 0x4d 0x80 0x4f 0x80 0xa6 0x82 0xeb 0x7b 0x0 0x0 0x0 0x0 0x3c 0xf3 0x9e 0x25 0x73 0xe7 0x15 0xee 0x0 0x0 0x0 0x0 0x0 0x0 0x0 0x80 0x0 0xa4 0xa4 0x0 0x1 0xed 0x6 0x0 0x0
1787978690315,0x1 0x79 0xd 0xb6 0x61 0xb6 0x60 0xd 0x0 0x0 0xd 0x0 0x0 0x0 0x0 0x0 0x0 0x0 0x73 0x0 0x0 0x0 0xd4 0x3 0x0 0x0 0x0 0x0 0x0 0x58 0x0 0x57 0x0 0x57 0x0 0x58 0x0 0xb0 0xb0 0xb0 0xb0 0xb0 0xb0 0x0 0x0 0x0 0x0 0x0 0x0 0x0 0x0 0x0 0x0 0x0 0x0 0x0 0x0 0x0 0x0 0x0 0x0 0x0 0x80 0x80 0x80 0x80 0x4d 0x80 0x4f 0x80 0xa6 0x82 0xeb 0x7b 0x0 0x0 0x0 0x0 0x3c 0xf3 0xca 0x26 0x73 0xe7 0x15 0xee 0x0 0x0 0x0 0x0 0x0 0x0 0x0 0x80 0x0 0xa4 0xa4 0x0 0x1 0xed 0x6 0x0 0x0
1787978690539,0x1 0x79 0xd 0xb6 0x61 0xb6 0x60 0xd 0x0 0x0 0xd 0x0 0x0 0x0 0x0 0x0 0x0 0x0 0x73 0x0 0x0 0x0 0xd4 0x3 0x0 0x0 0x0 0x0 0x0 0x58 0x0 0x58 0x0 0x58 0x0 0x58 0x0 0xb0 0xb0 0xb0 0xb0 0xb0 0xb0 0x0 0x0 0x0 0x0 0x0 0x0 0x0 0x0 0x0 0x0 0x0 0x0 0x0 0x0 0x0 0x0 0x0 0x0 0x0 0x80 0x80 0x80 0x80 0x4d 0x80 0x4f 0x80 0xa6 0x82 0xeb 0x7b 0x0 0x0 0x0 0x0 0x3c 0xf3 0xca 0x26 0x73 0xe7 0x15 0xee 0x0 0x0 0x0 0x0 0x0 0x0 0x0 0x80 0x0 0xa4 0xa4 0x0 0x1 0xed 0x6 0x0 0x0
1787978690763,0x1 0x79 0xd 0xb6 0x61 0xb6 0x60 0xd 0x0 0x0 0xd 0x0 0x0 0x0 0x0 0x0 0x0 0x0 0x73 0x0 0x0 0x0 0xd4 0x3 0x0 0x0 0x0 0x0 0x0 0x58 0x0 0x57 0x0 0x58 0x0 0x58 0x0 0xb0 0xb0 0xb0 0xb0 0xb0 0xb0 0x0 0x0 0x0 0x0 0x0 0x0 0x0 0x0 0x0 0x0 0x0 0x0 0x0 0x0 0x0 0x0 0x0 0x0 0x0 0x80 0x80 0x80 0x80 0x4d 0x80 0x4f 0x80 0xa6 0x82 0xeb 0x7b 0x0 0x0 0x0 0x0 0x3c 0xf3 0xca 0x26 0x73 0xe7 0x15 0xee 0x0 0x0 0x0 0x0 0x0 0x0 0x0 0x80 0x0 0xa4 0xa4 0x0 0x1 0xed 0x6 0x0 0x0
1787978690987,0x1 0x79 0xd 0xb6 0x61 0xb6 0x60 0xd 0x0 0x0 0xd 0x0 0x0 0x0 0x0 0x0 0x0 0x0 0x73 0x0 0x0 0x0 0xd4 0x3 0x0 0x0 0x0 0x0 0x0 0x58 0x0 0x57 0x0 0x58 0x0 0x58 0x0 0xb0 0xb0 0xb0 0xb0 0xb0 0xb0 0x0 0x0 0x0 0x0 0x0 0x0 0x0 0x0 0x0 0x0 0x0 0x0 0x0 0x0 0x0 0x0 0x0 0x0 0x0 0x80 0x80 0x80 0x80 0x4d 0x80 0x4f 0x80 0xa6 0x82 0xeb 0x7b 0x0 0x0 0x0 0x0 0x3c 0xf3 0xca 0x26 0x73 0xe7 0x15 0xee 0x0 0x0 0x0 0x0 0x0 0x0 0x0 0x80 0x0 0xa4 0xa4 0x0 0x1 0xed 0x6 0x0 0x0
1787978691212,0x1 0x79 0xd 0xb6 0x61 0xb6 0x60 0xd 0x0 0x0 0xd 0x0 0x0 0x0 0x0 0x0 0x0 0x0 0x73 0x0 0x0 0x0 0xd4 0x3 0x0 0x0 0x0 0x0 0x0 0x58 0x0 0x57 0x0 0x58 0x0 0x58 0x0 0xb0 0xb0 0xb0 0xb0 0xb0 0xb0 0x0 0x0 0x0 0x0 0x0 0x0 0x0 0x0 0x0 0x0 0x0 0x0 0x0 0x0 0x0 0x0 0x0 0x0 0x0 0x80 0x80 0x80 0x80 0x4d 0x80 0x4f 0x80 0xa6 0x82 0xeb 0x7b 0x0 0x0 0x0 0x0 0x3c 0xf3 0x9e 0x25 0x73 0xe7 0x15 0xee 0x0 0x0 0x0 0x0 0x0 0x0 0x0 0x80 0x0 0xa4 0xa4 0x0 0x1 0xed 0x6 0x0 0x0
1787978691435,0x1 0x79 0xd 0xb6 0x61 0xb6 0x60 0xd 0x0 0x0 0xd 0x0 0x0 0x0 0x0 0x0 0x0 0x0 0x73 0x0 0x0 0x0 0xd4 0x3 0x0 0x0 0x0 0x0 0x0 0x58 0x0 0x58 0x0 0x57 0x0 0x58 0x0 0xb0 0xb0 0xb0 0xb0 0xb0 0xb0 0x0 0x0 0x0 0x0 0x0 0x0 0x0 0x0 0x0 0x0 0x0 0x0 0x0 0x0 0x0 0x0 0x0 0x0 0x0 0x80 0x80 0x80 0x80 0x4d 0x80 0x4f 0x80 0xa6 0x82 0xeb 0x7b 0x0 0x0 0x0 0x0 0x3c 0xf3 0xca 0x26 0x73 0xe7 0x15 0xee 0x0 0x0 0x0 0x0 0x0 0x0 0x0 0x80 0x0 0xa4 0xa4 0x0 0x1 0xed 0x6 0x0 0x0
1787978691660,0x1 0x79 0xd 0xb6 0x61 0xb6 0x60 0xd 0x0 0x0 0xd 0x0 0x0 0x0 0x0 0x0 0x0 0x0 0x73 0x0 0x0 0x0 0xd4 0x3 0x0 0x0 0x0 0x0 0x0 0x58 0x0 0x58 0x0 0x58 0x0 0x58 0x0 0xb0 0xb0 0xb0 0xb0 0xb0 0xb0 0x0 0x0 0x0 0x0 0x0 0x0 0x0 0x0 0x0 0x0 0x0 0x0 0x0 0x0 0x0 0x0 0x0 0x0 0x0 0x80 0x80 0x80 0x80 0x4d 0x80 0x4f 0x80 0xa6 0x82 0xeb 0x7b 0x0 0x0 0x0 0x0 0x3c 0xf3 0xca 0x26 0x73 0xe7 0x15 0xee 0x0 0x0 0x0 0x0 0x0 0x0 0x0 0x80 0x0 0xa4 0xa4 0x0 0x1 0xed 0x6 0x0 0x0
1787978691883,0x1 0x79 0xd 0xb6 0x61 0xb6 0x60 0xd 0x0 0x0 0xd 0x0 0x0 0x0 0x0 0x0 0x0 0x0 0x73 0x0 0x0 0x0 0xd4 0x3 0x0 0x0 0x0 0x0 0x0 0x58 0x0 0x57 0x0 0x58 0x0 0x58 0x0 0xb0 0xb0 0xb0 0xb0 0xb0 0xb0 0x0 0x0 0x0 0x0 0x0 0x0 0x0 0x0 0x0 0x0 0x0 0x0 0x0 0x0 0x0 0x0 0x0 0x0 0x0 0x80 0x80 0x80 0x80 0x4d 0x80 0x4f 0x80 0xa6 0x82 0xeb 0x7b 0x0 0x0 0x0 0x0 0x3c 0xf3 0xca 0x26 0x73 0xe7 0x15 0xee 0x0 0x0 0x0 0x0 0x0 0x0 0x0 0x80 0x0 0xa4 0xa4 0x0 0x1 0xed 0x6 0x0 0x0
1787978692108,0x1 0x79 0xd 0xb6 0x61 0xb6 0x60 0xd 0x0 0x0 0xd 0x0 0x0 0x0 0x0 0x0 0x0 0x0 0x73 0x0 0x0 0x0 0xd4 0x3 0x0 0x0 0x0 0x0 0x0 0x58 0x0 0x57 0x0 0x57 0x0 0x58 0x0 0xb0 0xb0 0xb0 0xb0 0xb0 0xb0 0x0 0x0 0x0 0x0 0x0 0x0 0x0 0x0 0x0 0x0 0x0 0x0 0x0 0x0 0x0 0x0 0x0 0x0 0x0 0x80 0x80 0x80 0x80 0x4d 0x80 0x4f 0x80 0xa6 0x82 0xeb 0x7b 0x0 0x0 0x0 0x0 0x3c 0xf3 0xca 0x26 0x73 0xe7 0x15 0xee 0x0 0x0 0x0 0x0 0x0 0x0 0x0 0x80 0x0 0xa4 0xa4 0x0 0x1 0xed 0x6 0x0 0x0
1787978692331,0x1 0x79 0xd 0xb6 0x61 0xb6 0x60 0xd 0x0 0x0 0xd 0x0 0x0 0x0 0x0 0x0 0x0 0x0 0x73 0x0 0x0 0x0 0xd4 0x3 0x0 0x0 0x0 0x0 0x0 0x57 0x0 0x57 0x0 0x57 0x0 0x58 0x0 0xb0 0xb0 0xb0 0xb0 0xb0 0xb0 0x0 0x0 0x0 0x0 0x0 0x0 0x0 0x0 0x0 0x0 0x0 0x0 0x0 0x0 0x0 0x0 0x0 0x0 0x0 0x80 0x80 0x80 0x80 0x4d 0x80 0x4f 0x80 0xa6 0x82 0xeb 0x7b 0x0 0x0 0x0 0x0 0x3c 0xf3 0x9e 0x25 0x73 0xe7 0x15 0xee 0x0 0x0 0x0 0x0 0x0 0x0 0x0 0x80 0x0 0xa4 0xa4 0x0 0x1 0xed 0x6 0x0 0x0
1787978692555,0x1 0x79 0xd 0xb6 0x61 0xb6 0x60 0xd 0x0 0x0 0xd 0x0 0x0 0x0 0x0 0x0 0x0 0x0 0x73 0x0 0x0 0x0 0xd4 0x3 0x0 0x0 0x0 0x0 0x0 0x58 0x0 0x58 0x0 0x58 0x0 0x58 0x0 0xb0 0xb0 0xb0 0xb0 0xb0 0xb0 0x0 0x0 0x0 0x0 0x0 0x0 0x0 0x0 0x0 0x0 0x0 0x0 0x0 0x0 0x0 0x0 0x0 0x0 0x0 0x80 0x80 0x80 0x80 0x4d 0x80 0x4f 0x80 0xa6 0x82 0xeb 0x7b 0x0 0x0 0x0 0x0 0x3c 0xf3 0xca 0x26 0x73 0xe7 0x15 0xee 0x0 0x0 0x0 0x0 0x0 0x0 0x0 0x80 0x0 0xa4 0xa4 0x0 0x1 0xed 0x6 0x0 0x0
1787978692780,0x1 0x79 0xd 0xb6 0x61 0xb6 0x60 0xd 0x0 0x0 0xd 0x0 0x0 0x0 0x0 0x0 0x0 0x0 0x73 0x0 0x0 0x0 0xd4 0x3 0x0 0x0 0x0 0x0 0x0 0x58 0x0 0x57 0x0 0x57 0x0 0x58 0x0 0xb0 0xb0 0xb0 0xb0 0xb0 0xb0 0x0 0x0 0x0 0x0 0x0 0x0 0x0 0x0 0x0 0x0 0x0 0x0 0x0 0x0 0x0 0x0 0x0 0x0 0x0 0x80 0x80 0x80 0x80 0x4d 0x80 0x4f 0x80 0xa6 0x82 0xeb 0x7b 0x0 0x0 0x0 0x0 0x3c 0xf3 0xca 0x26 0x73 0xe7 0x15 0xee 0x0 0x0 0x0 0x0 0x0 0x0 0x0 0x80 0x0 0xa4 0xa4 0x0 0x1 0xed 0x6 0x0 0x0
1787978693003,0x1 0x79 0xd 0xb6 0x61 0xb6 0x60 0xd 0x0 0x0 0xd 0x0 0x0 0x0 0x0 0x0 0x0 0x0 0x73 0x0 0x0 0x0 0xd4 0x3 0x0 0x0 0x0 0x0 0x0 0x58 0x0 0x58 0x0 0x58 0x0 0x58 0x0 0xb0 0xb0 0xb0 0xb0 0xb0 0xb0 0x0 0x0 0x0 0x0 0x0 0x0 0x0 0x0 0x0 0x0 0x0 0x0 0x0 0x0 0x0 0x0 0x0 0x0 0x0 0x80 0x80 0x80 0x80 0x4d 0x80 0x4f 0x80 0xa6 0x82 0xeb 0x7b 0x0 0x0 0x0 0x0 0x3c 0xf3 0xca 0x26 0x73 0xe7 0x15 0xee 0x0 0x0 0x0 0x0 0x0 0x0 0x0 0x80 0x0 0xa4 0xa4 0x0 0x1 0xed 0x6 0x0 0x0
1787978693227,0x1 0x79 0xd 0xb6 0x61 0xb6 0x60 0xd 0x0 0x0 0xd 0x0 0x0 0x0 0x0 0x0 0x0 0x0 0x73 0x0 0x0 0x0 0xd4 0x3 0x0 0x0 0x0 0x0 0x0 0x58 0x0 0x57 0x0 0x58 0x0 0x58 0x0 0xb0 0xb0 0xb0 0xb0 0xb0 0xb0 0x0 0x0 0x0 0x0 0x0 0x0 0x0 0x0 0x0 0x0 0x0 0x0 0x0 0x0 0x0 0x0 0x0 0x0 0x0 0x80 0x80 0x80 0x80 0x4d 0x80 0x4f 0x80 0xa6 0x82 0xeb 0x7b 0x0 0x0 0x0 0x0 0x3c 0xf3 0xca 0x26 0x73 0xe7 0x15 0xee 0x0 0x0 0x0 0x0 0x0 0x0 0x0 0x80 0x0 0xa4 0xa4 0x0 0x1 0xed 0x6 0x0 0x0
1787978693451,0x1 0x79 0xd 0xb6 0x61 0xb6 0x60 0xd 0x0 0x0 0xd 0x0 0x0 0x0 0x0 0x0 0x0 0x0 0x73 0x0 0x0 0x0 0xd4 0x3 0x0 0x0 0x0 0x0 0x0 0x58 0x0 0x58 0x0 0x57 0x0 0x58 0x0 0xb0 0xb0 0xb0 0xb0 0xb0 0xb0 0x0 0x0 0x0 0x0 0x0 0x0 0x0 0x0 0x0 0x0 0x0 0x0 0x0 0x0 0x0 0x0 0x0 0x0 0x0 0x80 0x80 0x80 0x80 0x4d 0x80 0x4f 0x80 0xa6 0x82 0xeb 0x7b 0x0 0x0 0x0 0x0 0x3c 0xf3 0x9e 0x25 0x73 0xe7 0x15 0xee 0x0 0x0 0x0 0x0 0x0 0x0 0x0 0x80 0x0 0xa4 0xa4 0x0 0x1 0xed 0x6 0x0 0x0
1787978693674,0x1 0x79 0xd 0xb6 0x61 0xb6 0x60 0xd 0x0 0x0 0xd 0x0 0x0 0x0 0x0 0x0 0x0 0x0 0x73 0x0 0x0 0x0 0xd4 0x3 0x0 0x0 0x0 0x0 0x0 0x58 0x0 0x58 0x0 0x57 0x0 0x58 0x0 0xb0 0xb0 0xb0 0xb0 0xb0 0xb0 0x0 0x0 0x0 0x0 0x0 0x0 0x0 0x0 0x0 0x0 0x0 0x0 0x0 0x0 0x0 0x0 0x0 0x0 0x0 0x80 0x80 0x80 0x80 0x4d 0x80 0x4f 0x80 0xa6 0x82 0xeb 0x7b 0x0 0x0 0x0 0x0 0x3c 0xf3 0xca 0x26 0x73 0xe7 0x15 0xee 0x0 0x0 0x0 0x0 0x0 0x0 0x0 0x80 0x0 0xa4 0xa4 0x0 0x1 0xed 0x6 0x0 0x0
1787978693899,0x1 0x79 0xd 0xb6 0x61 0xb6 0x60 0xd 0x0 0x0 0xd 0x0 0x0 0x0 0x0 0x0 0x0 0x0 0x73 0x0 0x0 0x0 0xd4 0x3 0x0 0x0 0x0 0x0 0x0 0x58 0x0 0x57 0x0 0x57 0x0 0x58 0x0 0xb0 0xb0 0xb0 0xb0 0xb0 0xb0 0x0 0x0 0x0 0x0 0x0 0x0 0x0 0x0 0x0 0x0 0x0 0x0 0x0 0x0 0x0 0x0 0x0 0x0 0x0 0x80 0x80 0x80 0x80 0x4d 0x80 0x4f 0x80 0xa6 0x82 0xeb 0x7b 0x0 0x0 0x0 0x0 0x3c 0xf3 0xca 0x26 0x73 0xe7 0x15 0xee 0x0 0x0 0x0 0x0 0x0 0x0 0x0 0x80 0x0 0xa4 0xa4 0x0 0x1 0xed 0x6 0x0 0x0
1787978694123,0x1 0x79 0xd 0xb6 0x61 0xb6 0x60 0xd 0x0 0x0 0xd 0x0 0x0 0x0 0x0 0x0 0x0 0x0 0x73 0x0 0x0 0x0 0xd4 0x3 0x0 0x0 0x0 0x0 0x0 0x58 0x0 0x58 0x0 0x57 0x0 0x58 0x0 0xb0 0xb0 0xb0 0xb0 0xb0 0xb0 0x0 0x0 0x0 0x0 0x0 0x0 0x0 0x0 0x0 0x0 0x0 0x0 0x0 0x0 0x0 0x0 0x0 0x0 0x0 0x80 0x80 0x80 0x80 0x4d 0x80 0x4f 0x80 0xa6 0x82 0xeb 0x7b 0x0 0x0 0x0 0x0 0x3c 0xf3 0xca 0x26 0x73 0xe7 0x15 0xee 0x0 0x0 0x0 0x0 0x0 0x0 0x0 0x80 0x0 0xa4 0xa4 0x0 0x1 0xed 0x6 0x0 0x0
1787978694346,0x1 0x79 0xd 0xb6 0x61 0xb6 0x60 0xd 0x0 0x0 0xd 0x0 0x0 0x0 0x0 0x0 0x0 0x0 0x73 0x0 0x0 0x0 0xd4 0x3 0x0 0x0 0x0 0x0 0x0 0x58 0x0 0x57 0x0 0x58 0x0 0x58 0x0 0xb0 0xb0 0xb0 0xb0 0xb0 0xb0 0x0 0x0 0x0 0x0 0x0 0x0 0x0 0x0 0x0 0x0 0x0 0x0 0x0 0x0 0x0 0x0 0x0 0x0 0x0 0x80 0x80 0x80 0x80 0x4d 0x80 0x4f 0x80 0xa6 0x82 0xeb 0x7b 0x0 0x0 0x0 0x0 0x3c 0xf3 0xca 0x26 0x73 0xe7 0x15 0xee 0x0 0x0 0x0 0x0 0x0 0x0 0x0 0x80 0x0 0xa4 0xa4 0x0 0x1 0xed 0x6 0x0 0x0
1787978694570,0x1 0x79 0xd 0xb6 0x61 0xb6 0x60 0xd 0x0 0x0 0xd 0x0 0x0 0x0 0x0 0x0 0x0 0x0 0x73 0x0 0x0 0x0 0xd4 0x3 0x0 0x0 0x0 0x0 0x0 0x58 0x0 0x58 0x0 0x58 0x0 0x58 0x0 0xb0 0xb0 0xb0 0xb0 0xb0 0xb0 0x0 0x0 0x0 0x0 0x0 0x0 0x0 0x0 0x0 0x0 0x0 0x0 0x0 0x0 0x0 0x0 0x0 0x0 0x0 0x80 0x80 0x80 0x80 0x4d 0x80 0x4f 0x80 0xa6 0x82 0xeb 0x7b 0x0 0x0 0x0 0x0 0x3c 0xf3 0x9e 0x25 0x73 0xe7 0x15 0xee 0x0 0x0 0x0 0x0 0x0 0x0 0x0 0x80 0x0 0xa4 0xa4 0x0 0x1 0xed 0x6 0x0 0x0
1787978694794,0x1 0x79 0xd 0xb6 0x61 0xb6 0x60 0xd 0x0 0x0 0xd 0x0 0x0 0x0 0x0 0x0 0x0 0x0 0x73 0x0 0x0 0x0 0xd4 0x3 0x0 0x0 0x0 0x0 0x0 0x58 0x0 0x58 0x0 0x58 0x0 0x58 0x0 0xb0 0xb0 0xb0 0xb0 0xb0 0xb0 0x0 0x0 0x0 0x0 0x0 0x0 0x0 0x0 0x0 0x0 0x0 0x0 0x0 0x0 0x0 0x0 0x0 0x0 0x0 0x80 0x80 0x80 0x80 0x4d 0x80 0x4f 0x80 0xa6 0x82 0xeb 0x7b 0x0 0x0 0x0 0x0 0x3c 0xf3 0xca 0x26 0x73 0xe7 0x15 0xee 0x0 0x0 0x0 0x0 0x0 0x0 0x0 0x80 0x0 0xa4 0xa4 0x0 0x1 0xed 0x6 0x0 0x0
1787978695018,0x1 0x79 0xd 0xb6 0x61 0xb6 0x60 0xd 0x0 0x0 0xd 0x0 0x0 0x0 0x0 0x0 0x0 0x0 0x73 0x0 0x0 0x0 0xd4 0x3 0x0 0x0 0x0 0x0 0x0 0x57 0x0 0x57 0x0 0x57 0x0 0x58 0x0 0xb0 0xb0 0xb0 0xb0 0xb0 0xb0 0x0 0x0 0x0 0x0 0x0 0x0 0x0 0x0 0x0 0x0 0x0 0x0 0x0 0x0 0x0 0x0 0x0 0x0 0x0 0x80 0x80 0x80 0x80 0x4d 0x80 0x4f 0x80 0xa6 0x82 0xeb 0x7b 0x0 0x0 0x0 0x0 0x3c 0xf3 0xca 0x26 0x73 0xe7 0x15 0xee 0x0 0x0 0x0 0x0 0x0 0x0 0x0 0x80 0x0 0xa4 0xa4 0x0 0x1 0xed 0x6 0x0 0x0
1787978695242,0x1 0x79 0xd 0xb6 0x61 0xb6 0x60 0xd 0x0 0x0 0xd 0x0 0x0 0x0 0x0 0x0 0x0 0x0 0x73 0x0 0x0 0x0 0xd4 0x3 0x0 0x0 0x0 0x0 0x0 0x58 0x0 0x58 0x0 0x58 0x0 0x58 0x0 0xb0 0xb0 0xb0 0xb0 0xb0 0xb0 0x0 0x0 0x0 0x0 0x0 0x0 0x0 0x0 0x0 0x0 0x0 0x0 0x0 0x0 0x0 0x0 0x0 0x0 0x0 0x80 0x80 0x80 0x80 0x4d 0x80 0x4f 0x80 0xa6 0x82 0xeb 0x7b 0x0 0x0 0x0 0x0 0x3c 0xf3 0xca 0x26 0x73 0xe7 0x15 0xee 0x0 0x0 0x0 0x0 0x0 0x0 0x0 0x80 0x0 0xa4 0xa4 0x0 0x1 0xed 0x6 0x0 0x0
1787978695466,0x1 0x79 0xd 0xb6 0x61 0xb6 0x60 0xd 0x0 0x0 0xd 0x0 0x0 0x0 0x0 0x0 0x0 0x0 0x73 0x0 0x0 0x0 0xd4 0x3 0x0 0x0 0x0 0x0 0x0 0x58 0x0 0x58 0x0 0x58 0x0 0x58 0x0 0xb0 0xb0 0xb0 0xb0 0xb0 0xb0 0x0 0x0 0x0 0x0 0x0 0x0 0x0 0x0 0x0 0x0 0x0 0x0 0x0 0x0 0x0 0x0 0x0 0x0 0x0 0x80 0x80 0x80 0x80 0x4d 0x80 0x4f 0x80 0xa6 0x82 0xeb 0x7b 0x0 0x0 0x0 0x0 0x3c 0xf3 0xca 0x26 0x73 0xe7 0x15 0xee 0x0 0x0 0x0 0x0 0x0 0x0 0x0 0x80 0x0 0xa4 0xa4 0x0 0x1 0xed 0x6 0x0 0x0
1787978695690,0x1 0x79 0xd 0xb6 0x61 0xb6 0x60 0xd 0x0 0x0 0xd 0x0 0x0 0x0 0x0 0x0 0x0 0x0 0x73 0x0 0x0 0x0 0xd4 0x3 0x0 0x0 0x0 0x0 0x0 0x58 0x0 0x57 0x0 0x57 0x0 0x57 0x0 0xb0 0xb0 0xb0 0xb0 0xb0 0xb0 0x0 0x0 0x0 0x0 0x0 0x0 0x0 0x0 0x0 0x0 0x0 0x0 0x0 0x0 0x0 0x0 0x0 0x0 0x0 0x80 0x80 0x80 0x80 0x4d 0x80 0x4f 0x80 0xa6 0x82 0xeb 0x7b 0x0 0x0 0x0 0x0 0x3c 0xf3 0x9e 0x25 0x73 0xe7 0x15 0xee 0x0 0x0 0x0 0x0 0x0 0x0 0x0 0x80 0x0 0xa4 0xa4 0x0 0x1 0xed 0x6 0x0 0x0
1787978695914,0x1 0x79 0xd 0xb6 0x61 0xb6 0x60 0xd 0x0 0x0 0xd 0x0 0x0 0x0 0x0 0x0 0x0 0x0 0x73 0x0 0x0 0x0 0xd4 0x3 0x0 0x0 0x0 0x0 0x0 0x58 0x0 0x58 0x0 0x57 0x0 0x58 0x0 0xb0 0xb0 0xb0 0xb0 0xb0 0xb0 0x0 0x0 0x0 0x0 0x0 0x0 0x0 0x0 0x0 0x0 0x0 0x0 0x0 0x0 0x0 0x0 0x0 0x0 0x0 0x80 0x80 0x80 0x80 0x4d 0x80 0x4f 0x80 0xa6 0x82 0xeb 0x7b 0x0 0x0 0x0 0x0 0x3c 0xf3 0xca 0x26 0x73 0xe7 0x15 0xee 0x0 0x0 0x0 0x0 0x0 0x0 0x0 0x80 0x0 0xa4 0xa4 0x0 0x1 0xed 0x6 0x0 0x0
1787978696138,0x1 0x79 0xd 0xb6 0x61 0xb6 0x60 0xd 0x0 0x0 0xd 0x0 0x0 0x0 0x0 0x0 0x0 0x0 0x73 0x0 0x0 0x0 0xd4 0x3 0x0 0x0 0x0 0x0 0x0 0x58 0x0 0x58 0x0 0x57 0x0 0x58 0x0 0xb0 0xb0 0xb0 0xb0 0xb0 0xb0 0x0 0x0 0x0 0x0 0x0 0x0 0x0 0x0 0x0 0x0 0x0 0x0 0x0 0x0 0x0 0x0 0x0 0x0 0x0 0x80 0x80 0x80 0x80 0x4d 0x80 0x4f 0x80 0xa6 0x82 0xeb 0x7b 0x0 0x0 0x0 0x0 0x3c 0xf3 0xca 0x26 0x73 0xe7 0x15 0xee 0x0 0x0 0x0 0x0 0x0 0x0 0x0 0x80 0x0 0xa4 0xa4 0x0 0x1 0xed 0x6 0x0 0x0
1787978696362,0x1 0x79 0xd 0xb6 0x61 0xb6 0x60 0xd 0x0 0x0 0xd 0x0 0x0 0x0 0x0 0x0 0x0 0x0 0x73 0x0 0x0 0x0 0xd4 0x3 0x0 0x0 0x0 0x0 0x0 0x58 0x0 0x58 0x0 0x57 0x0 0x58 0x0 0xb0 0xb0 0xb0 0xb0 0xb0 0xb0 0x0 0x0 0x0 0x0 0x0 0x0 0x0 0x0 0x0 0x0 0x0 0x0 0x0 0x0 0x0 0x0 0x0 0x0 0x0 0x80 0x80 0x80 0x80 0x4d 0x80 0x4f 0x80 0xa6 0x82 0xeb 0x7b 0x0 0x0 0x0 0x0 0x3c 0xf3 0xca 0x26 0x73 0xe7 0x15 0xee 0x0 0x0 0x0 0x0 0x0 0x0 0x0 0x80 0x0 0xa4 0xa4 0x0 0x1 0xed 0x6 0x0 0x0
1787978696586,0x1 0x79 0xd 0xb6 0x61 0xb6 0x60 0xd 0x0 0x0 0xd 0x0 0x0 0x0 0x0 0x0 0x0 0x0 0x73 0x0 0x0 0x0 0xd4 0x3 0x0 0x0 0x0 0x0 0x0 0x58 0x0 0x58 0x0 0x58 0x0 0x58 0x0 0xb0 0xb0 0xb0 0xb0 0xb0 0xb0 0x0 0x0 0x0 0x0 0x0 0x0 0x0 0x0 0x0 0x0 0x0 0x0 0x0 0x0 0x0 0x0 0x0 0x0 0x0 0x80 0x80 0x80 0x80 0x4d 0x80 0x4f 0x80 0xa6 0x82 0xeb 0x7b 0x0 0x0 0x0 0x0 0x3c 0xf3 0xca 0x26 0x73 0xe7 0x15 0xee 0x0 0x0 0x0 0x0 0x0 0x0 0x0 0x80 0x0 0xa4 0xa4 0x0 0x1 0xed 0x6 0x0 0x0
1787978696809,0x1 0x79 0xd 0xb6 0x61 0xb6 0x60 0xd 0x0 0x0 0xd 0x0 0x0 0x0 0x0 0x0 0x0 0x0 0x73 0x0 0x0 0x0 0xd4 0x3 0x0 0x0 0x0 0x0 0x0 0x58 0x0 0x58 0x0 0x57 0x0 0x58 0x0 0xb0 0xb0 0xb0 0xb0 0xb0 0xb0 0x0 0x0 0x0 0x0 0x0 0x0 0x0 0x0 0x0 0x0 0x0 0x0 0x0 0x0 0x0 0x0 0x0 0x0 0x0 0x80 0x80 0x80 0x80 0x4d 0x80 0x4f 0x80 0xa6 0x82 0xeb 0x7b 0x0 0x0 0x0 0x0 0x3c 0xf3 0x9e 0x25 0x73 0xe7 0x15 0xee 0x0 0x0 0x0 0x0 0x0 0x0 0x0 0x80 0x0 0xa4 0xa4 0x0 0x1 0xed 0x6 0x0 0x0
1787978697034,0x1 0x79 0xd 0xb6 0x61 0xb6 0x60 0xd 0x0 0x0 0xd 0x0 0x0 0x0 0x0 0x0 0x0 0x0 0x73 0x0 0x0 0x0 0xd4 0x3 0x0 0x0 0x0 0x0 0x0 0x58 0x0 0x57 0x0 0x58 0x0 0x58 0x0 0xb0 0xb0 0xb0 0xb0 0xb0 0xb0 0x0 0x0 0x0 0x0 0x0 0x0 0x0 0x0 0x0 0x0 0x0 0x0 0x0 0x0 0x0 0x0 0x0 0x0 0x0 0x80 0x80 0x80 0x80 0x4d 0x80 0x4f 0x80 0xa6 0x82 0xeb 0x7b 0x0 0x0 0x0 0x0 0x3c 0xf3 0xca 0x26 0x73 0xe7 0x15 0xee 0x0 0x0 0x0 0x0 0x0 0x0 0x0 0x80 0x0 0xa4 0xa4 0x0 0x1 0xed 0x6 0x0 0x0
1787978697257,0x1 0x79 0xd 0xb6 0x61 0xb6 0x60 0xd 0x0 0x0 0xd 0x0 0x0 0x0 0x0 0x0 0x0 0x0 0x73 0x0 0x0 0x0 0xd4 0x3 0x0 0x0 0x0 0x0 0x0 0x58 0x0 0x57 0x0 0x58 0x0 0x58 0x0 0xb0 0xb0 0xb0 0xb0 0xb0 0xb0 0x0 0x0 0x0 0x0 0x0 0x0 0x0 0x0 0x0 0x0 0x0 0x0 0x0 0x0 0x0 0x0 0x0 0x0 0x0 0x80 0x80 0x80 0x80 0x4d 0x80 0x4f 0x80 0xa6 0x82 0xeb 0x7b 0x0 0x0 0x0 0x0 0x3c 0xf3 0xca 0x26 0x73 0xe7 0x15 0xee 0x0 0x0 0x0 0x0 0x0 0x0 0x0 0x80 0x0 0xa4 0xa4 0x0 0x1 0xed 0x6 0x0 0x0
1787978697481,0x1 0x79 0xd 0xb6 0x61 0xb6 0x60 0xd 0x0 0x0 0xd 0x0 0x0 0x0 0x0 0x0 0x0 0x0 0x73 0x0 0x0 0x0 0xd4 0x3 0x0 0x0 0x0 0x0 0x0 0x58 0x0 0x58 0x0 0x58 0x0 0x58 0x0 0xb0 0xb0 0xb0 0xb0 0xb0 0xb0 0x0 0x0 0x0 0x0 0x0 0x0 0x0 0x0 0x0 0x0 0x0 0x0 0x0 0x0 0x0 0x0 0x0 0x0 0x0 0x80 0x80 0x80 0x80 0x4d 0x80 0x4f 0x80 0xa6 0x82 0xeb 0x7b 0x0 0x0 0x0 0x0 0x3c 0xf3 0xca 0x26 0x73 0xe7 0x15 0xee 0x0 0x0 0x0 0x0 0x0 0x0 0x0 0x80 0x0 0xa4 0xa4 0x0 0x1 0xed 0x6 0x0 0x0
1787978697705,0x1 0x79 0xd 0xb6 0x61 0xb6 0x60 0xd 0x0 0x0 0xd 0x0 0x0 0x0 0x0 0x0 0x0 0x0 0x73 0x0 0x0 0x0 0xd4 0x3 0x0 0x0 0x0 0x0 0x0 0x58 0x0 0x58 0x0 0x57 0x0 0x58 0x0 0xb0 0xb0 0xb0 0xb0 0xb0 0xb0 0x0 0x0 0x0 0x0 0x0 0x0 0x0 0x0 0x0 0x0 0x0 0x0 0x0 0x0 0x0 0x0 0x0 0x0 0x0 0x80 0x80 0x80 0x80 0x4d 0x80 0x4f 0x80 0xa6 0x82 0xeb 0x7b 0x0 0x0 0x0 0x0 0x3c 0xf3 0xca 0x26 0x73 0xe7 0x15 0xee 0x0 0x0 0x0 0x0 0x0 0x0 0x0 0x80 0x0 0xa4 0xa4 0x0 0x1 0xed 0x6 0x0 0x0
1787978697930,0x1 0x79 0xd 0xb6 0x61 0xb6 0x60 0xd 0x0 0x0 0xd 0x0 0x0 0x0 0x0 0x0 0x0 0x0 0x73 0x0 0x0 0x0 0xd4 0x3 0x0 0x0 0x0 0x0 0x0 0x58 0x0 0x58 0x0 0x58 0x0 0x58 0x0 0xb0 0xb0 0xb0 0xb0 0xb0 0xb0 0x0 0x0 0x0 0x0 0x0 0x0 0x0 0x0 0x0 0x0 0x0 0x0 0x0 0x0 0x0 0x0 0x0 0x0 0x0 0x80 0x80 0x80 0x80 0x4d 0x80 0x4f 0x80 0xa6 0x82 0xeb 0x7b 0x0 0x0 0x0 0x0 0x3c 0xf3 0x9e 0x25 0x73 0xe7 0x15 0xee 0x0 0x0 0x0 0x0 0x0 0x0 0x0 0x80 0x0 0xa4 0xa4 0x0 0x1 0xed 0x6 0x0 0x0
1787978698153,0x1 0x79 0xd 0xb6 0x61 0xb6 0x60 0xd 0x0 0x0 0xd 0x0 0x0 0x0 0x0 0x0 0x0 0x0 0x73 0x0 0x0 0x0 0xd4 0x3 0x0 0x0 0x0 0x0 0x0 0x58 0x0 0x58 0x0 0x57 0x0 0x58 0x0 0xb0 0xb0 0xb0 0xb0 0xb0 0xb0 0x0 0x0 0x0 0x0 0x0 0x0 0x0 0x0 0x0 0x0 0x0 0x0 0x0 0x0 0x0 0x0 0x0 0x0 0x0 0x80 0x80 0x80 0x80 0x4d 0x80 0x4f 0x80 0xa6 0x82 0xeb 0x7b 0x0 0x0 0x0 0x0 0x3c 0xf3 0xca 0x26 0x73 0xe7 0x15 0xee 0x0 0x0 0x0 0x0 0x0 0x0 0x0 0x80 0x0 0xa4 0xa4 0x0 0x1 0xed 0x6 0x0 0x0
1787978698378,0x1 0x79 0xd 0xb6 0x61 0xb6 0x60 0xd 0x0 0x0 0xd 0x0 0x0 0x0 0x0 0x0 0x0 0x0 0x73 0x0 0x0 0x0 0xd4 0x3 0x0 0x0 0x0 0x0 0x0 0x58 0x0 0x58 0x0 0x57 0x0 0x58 0x0 0xb0 0xb0 0xb0 0xb0 0xb0 0xb0 0x0 0x0 0x0 0x0 0x0 0x0 0x0 0x0 0x0 0x0 0x0 0x0 0x0 0x0 0x0 0x0 0x0 0x0 0x0 0x80 0x80 0x80 0x80 0x4d 0x80 0x4f 0x80 0xa6 0x82 0xeb 0x7b 0x0 0x0 0x0 0x0 0x3c 0xf3 0xca 0x26 0x73 0xe7 0x15 0xee 0x0 0x0 0x0 0x0 0x0 0x0 0x0 0x80 0x0 0xa4 0xa4 0x0 0x1 0xed 0x6 0x0 0x0
1787978698602,0x1 0x79 0xd 0xb6 0x61 0xb6 0x60 0xd 0x0 0x0 0xd 0x0 0x0 0x0 0x0 0x0 0x0 0x0 0x73 0x0 0x0 0x0 0xd4 0x3 0x0 0x0 0x0 0x0 0x0 0x58 0x0 0x58 0x0 0x58 0x0 0x58 0x0 0xb0 0xb0 0xb0 0xb0 0xb0 0xb0 0x0 0x0 0x0 0x0 0x0 0x0 0x0 0x0 0x0 0x0 0x0 0x0 0x0 0x0 0x0 0x0 0x0 0x0 0x0 0x80 0x80 0x80 0x80 0x4d 0x80 0x4f 0x80 0xa6 0x82 0xeb 0x7b 0x0 0x0 0x0 0x0 0x3c 0xf3 0xca 0x26 0x73 0xe7 0x15 0xee 0x0 0x0 0x0 0x0 0x0 0x0 0x0 0x80 0x0 0xa4 0xa4 0x0 0x1 0xed 0x6 0x0 0x0
1787978698826,0x1 0x79 0xd 0xb6 0x61 0xb6 0x60 0xd 0x0 0x0 0xd 0x0 0x0 0x0 0x0 0x0 0x0 0x0 0x73 0x0 0x0 0x0 0xd4 0x3 0x0 0x0 0x0 0x0 0x0 0x58 0x0 0x58 0x0 0x58 0x0 0x58 0x0 0xb0 0xb0 0xb0 0xb0 0xb0 0xb0 0x0 0x0 0x0 0x0 0x0 0x0 0x0 0x0 0x0 0x0 0x0 0x0 0x0 0x0 0x0 0x0 0x0 0x0 0x0 0x80 0x80 0x80 0x80 0x4d 0x80 0x4f 0x80 0xa6 0x82 0xeb 0x7b 0x0 0x0 0x0 0x0 0x3c 0xf3 0xca 0x26 0x73 0xe7 0x15 0xee 0x0 0x0 0x0 0x0 0x0 0x0 0x0 0x80 0x0 0xa4 0xa4 0x0 0x1 0xed 0x6 0x0 0x0
1787978699049,0x1 0x79 0xd 0xb6 0x61 0xb6 0x60 0xd 0x0 0x0 0xd 0x0 0x0 0x0 0x0 0x0 0x0 0x0 0x73 0x0 0x0 0x0 0xd4 0x3 0x0 0x0 0x0 0x0 0x0 0x58 0x0 0x57 0x0 0x58 0x0 0x57 0x0 0xb0 0xb0 0xb0 0xb0 0xb0 0xb0 0x0 0x0 0x0 0x0 0x0 0x0 0x0 0x0 0x0 0x0 0x0 0x0 0x0 0x0 0x0 0x0 0x0 0x0 0x0 0x80 0x80 0x80 0x80 0x4d 0x80 0x4f 0x80 0xa6 0x82 0xeb 0x7b 0x0 0x0 0x0 0x0 0x3c 0xf3 0x9e 0x25 0x73 0xe7 0x15 0xee 0x0 0x0 0x0 0x0 0x0 0x0 0x0 0x80 0x0 0xa4 0xa4 0x0 0x1 0xed 0x6 0x0 0x0
1787978699273,0x1 0x79 0xd 0xb6 0x61 0xb6 0x60 0xd 0x0 0x0 0xd 0x0 0x0 0x0 0x0 0x0 0x0 0x0 0x73 0x0 0x0 0x0 0xd4 0x3 0x0 0x0 0x0 0x0 0x0 0x58 0x0 0x58 0x0 0x58 0x0 0x58 0x0 0xb0 0xb0 0xb0 0xb0 0xb0 0xb0 0x0 0x0 0x0 0x0 0x0 0x0 0x0 0x0 0x0 0x0 0x0 0x0 0x0 0x0 0x0 0x0 0x0 0x0 0x0 0x80 0x80 0x80 0x80 0x4d 0x80 0x4f 0x80 0xa6 0x82 0xeb 0x7b 0x0 0x0 0x0 0x0 0x3c 0xf3 0xca 0x26 0x73 0xe7 0x15 0xee 0x0 0x0 0x0 0x0 0x0 0x0 0x0 0x80 0x0 0xa4 0xa4 0x0 0x1 0xed 0x6 0x0 0x0
1787978699497,0x1 0x79 0xd 0xb6 0x61 0xb6 0x60 0xd 0x0 0x0 0xd 0x0 0x0 0x0 0x0 0x0 0x0 0x0 0x73 0x0 0x0 0x0 0xd4 0x3 0x0 0x0 0x0 0x0 0x0 0x58 0x0 0x58 0x0 0x57 0x0 0x58 0x0 0xb0 0xb0 0xb0 0xb0 0xb0 0xb0 0x0 0x0 0x0 0x0 0x0 0x0 0x0 0x0 0x0 0x0 0x0 0x0 0x0 0x0 0x0 0x0 0x0 0x0 0x0 0x80 0x80 0x80 0x80 0x4d 0x80 0x4f 0x80 0xa6 0x82 0xeb 0x7b 0x0 0x0 0x0 0x0 0x3c 0xf3 0x9e 0x25 0x73 0xe7 0x15 0xee 0x0 0x0 0x0 0x0 0x0 0x0 0x0 0x80 0x0 0xa4 0xa4 0x0 0x1 0xed 0x6 0x0 0x0
1787978699722,0x1 0x79 0xd 0xb6 0x61 0xb6 0x60 0xd 0x0 0x0 0xd 0x0 0x0 0x0 0x0 0x0 0x0 0x0 0x73 0x0 0x0 0x0 0xd4 0x3 0x0 0x0 0x0 0x0 0x0 0x58 0x0 0x58 0x0 0x58 0x0 0x58 0x0 0xb0 0xb0 0xb0 0xb0 0xb0 0xb0 0x0 0x0 0x0 0x0 0x0 0x0 0x0 0x0 0x0 0x0 0x0 0x0 0x0 0x0 0x0 0x0 0x0 0x0 0x0 0x80 0x80 0x80 0x80 0x4d 0x80 0x4f 0x80 0xa6 0x82 0xeb 0x7b 0x0 0x0 0x0 0x0 0x3c 0xf3 0xca 0x26 0x73 0xe7 0x15 0xee 0x0 0x0 0x0 0x0 0x0 0x0 0x0 0x80 0x0 0xa4 0xa4 0x0 0x1 0xed 0x6 0x0 0x0
1787978699946,0x1 0x79 0xd 0xb6 0x61 0xb6 0x60 0xd 0x0 0x0 0xd 0x0 0x0 0x0 0x0 0x0 0x0 0x0 0x73 0x0 0x0 0x0 0xd4 0x3 0x0 0x0 0x0 0x0 0x0 0x58 0x0 0x57 0x0 0x57 0x0 0x58 0x0 0xb0 0xb0 0xb0 0xb0 0xb0 0xb0 0x0 0x0 0x0 0x0 0x0 0x0 0x0 0x0 0x0 0x0 0x0 0x0 0x0 0x0 0x0 0x0 0x0 0x0 0x0 0x80 0x80 0x80 0x80 0x4d 0x80 0x4f 0x80 0xa6 0x82 0xeb 0x7b 0x0 0x0 0x0 0x0 0x3c 0xf3 0xca 0x26 0x73 0xe7 0x15 0xee 0x0 0x0 0x0 0x0 0x0 0x0 0x0 0x80 0x0 0xa4 0xa4 0x0 0x1 0xed 0x6 0x0 0x0
1787978700168,0x1 0x79 0xd 0xb6 0x61 0xb6 0x60 0xd 0x0 0x0 0xd 0x0 0x0 0x0 0x0 0x0 0x0 0x0 0x73 0x0 0x0 0x0 0xd4 0x3 0x0 0x0 0x0 0x0 0x0 0x58 0x0 0x57 0x0 0x57 0x0 0x57 0x0 0xb0 0xb0 0xb0 0xb0 0xb0 0xb0 0x0 0x0 0x0 0x0 0x0 0x0 0x0 0x0 0x0 0x0 0x0 0x0 0x0 0x0 0x0 0x0 0x0 0x0 0x0 0x80 0x80 0x80 0x80 0x4d 0x80 0x4f 0x80 0xa6 0x82 0xeb 0x7b 0x0 0x0 0x0 0x0 0x3c 0xf3 0x9e 0x25 0x73 0xe7 0x15 0xee 0x0 0x0 0x0 0x0 0x0 0x0 0x0 0x80 0x0 0xa4 0xa4 0x0 0x1 0xed 0x6 0x0 0x0
1787978700392,0x1 0x79 0xd 0xb6 0x61 0xb6 0x60 0xd 0x0 0x0 0xd 0x0 0x0 0x0 0x0 0x0 0x0 0x0 0x73 0x0 0x0 0x0 0xd4 0x3 0x0 0x0 0x0 0x0 0x0 0x58 0x0 0x58 0x0 0x57 0x0 0x58 0x0 0xb0 0xb0 0xb0 0xb0 0xb0 0xb0 0x0 0x0 0x0 0x0 0x0 0x0 0x0 0x0 0x0 0x0 0x0 0x0 0x0 0x0 0x0 0x0 0x0 0x0 0x0 0x80 0x80 0x80 0x80 0x4d 0x80 0x4f 0x80 0xa6 0x82 0xeb 0x7b 0x0 0x0 0x0 0x0 0x3c 0xf3 0xca 0x26 0x73 0xe7 0x15 0xee 0x0 0x0 0x0 0x0 0x0 0x0 0x0 0x80 0x0 0xa4 0xa4 0x0 0x1 0xed 0x6 0x0 0x0
1787978700616,0x1 0x79 0xd 0xb6 0x61 0xb6 0x60 0xd 0x0 0x0 0xd 0x0 0x0 0x0 0x0 0x0 0x0 0x0 0x73 0x0 0x0 0x0 0xd4 0x3 0x0 0x0 0x0 0x0 0x0 0x58 0x0 0x57 0x0 0x58 0x0 0x58 0x0 0xb0 0xb0 0xb0 0xb0 0xb0 0xb0 0x0 0x0 0x0 0x0 0x0 0x0 0x0 0x0 0x0 0x0 0x0 0x0 0x0 0x0 0x0 0x0 0x0 0x0 0x0 0x80 0x80 0x80 0x80 0x4d 0x80 0x4f 0x80 0xa6 0x82 0xeb 0x7b 0x0 0x0 0x0 0x0 0x3c 0xf3 0x9e 0x25 0x73 0xe7 0x15 0xee 0x0 0x0 0x0 0x0 0x0 0x0 0x0 0x80 0x0 0xa4 0xa4 0x0 0x1 0xed 0x6 0x0 0x0
1787978700840,0x1 0x79 0xd 0xb6 0x61 0xb6 0x60 0xd 0x0 0x0 0xd 0x0 0x0 0x0 0x0 0x0 0x0 0x0 0x73 0x0 0x0 0x0 0xd4 0x3 0x0 0x0 0x0 0x0 0x0 0x58 0x0 0x57 0x0 0x57 0x0 0x58 0x0 0xb0 0xb0 0xb0 0xb0 0xb0 0xb0 0x0 0x0 0x0 0x0 0x0 0x0 0x0 0x0 0x0 0x0 0x0 0x0 0x0 0x0 0x0 0x0 0x0 0x0 0x0 0x80 0x80 0x80 0x80 0x4d 0x80 0x4f 0x80 0xa6 0x82 0xeb 0x7b 0x0 0x0 0x0 0x0 0x3c 0xf3 0xca 0x26 0x73 0xe7 0x15 0xee 0x0 0x0 0x0 0x0 0x0 0x0 0x0 0x80 0x0 0xa4 0xa4 0x0 0x1 0xed 0x6 0x0 0x0
1787978701064,0x1 0x79 0xd 0xb6 0x61 0xb6 0x60 0xd 0x0 0x0 0xd 0x0 0x0 0x0 0x0 0x0 0x0 0x0 0x73 0x0 0x0 0x0 0xd4 0x3 0x0 0x0 0x0 0x0 0x0 0x58 0x0 0x57 0x0 0x58 0x0 0x58 0x0 0xb0 0xb0 0xb0 0xb0 0xb0 0xb0 0x0 0x0 0x0 0x0 0x0 0x0 0x0 0x0 0x0 0x0 0x0 0x0 0x0 0x0 0x0 0x0 0x0 0x0 0x0 0x80 0x80 0x80 0x80 0x4d 0x80 0x4f 0x80 0xa6 0x82 0xeb 0x7b 0x0 0x0 0x0 0x0 0x3c 0xf3 0xca 0x26 0x73 0xe7 0x15 0xee 0x0 0x0 0x0 0x0 0x0 0x0 0x0 0x80 0x0 0xa4 0xa4 0x0 0x1 0xed 0x6 0x0 0x0
1787978701288,0x1 0x79 0xd 0xb6 0x61 0xb6 0x60 0xd 0x0 0x0 0xd 0x0 0x0 0x0 0x0 0x0 0x0 0x0 0x73 0x0 0x0 0x0 0xd4 0x3 0x0 0x0 0x0 0x0 0x0 0x58 0x0 0x57 0x0 0x57 0x0 0x58 0x0 0xb0 0xb0 0xb0 0xb0 0xb0 0xb0 0x0 0x0 0x0 0x0 0x0 0x0 0x0 0x0 0x0 0x0 0x0 0x0 0x0 0x0 0x0 0x0 0x0 0x0 0x0 0x80 0x80 0x80 0x80 0x4d 0x80 0x4f 0x80 0xa6 0x82 0xeb 0x7b 0x0 0x0 0x0 0x0 0x3c 0xf3 0x9e 0x25 0x73 0xe7 0x15 0xee 0x0 0x0 0x0 0x0 0x0 0x0 0x0 0x80 0x0 0xa4 0xa4 0x0 0x1 0xed 0x6 0x0 0x0
1787978701512,0x1 0x79 0xd 0xb6 0x61 0xb5 0x61 0xd 0x0 0x0 0xd 0x0 0x0 0x0 0x0 0x0 0x0 0x0 0x73 0x0 0x0 0x0 0xd4 0x3 0x0 0x0 0x0 0x0 0x0 0x58 0x0 0x57 0x0 0x58 0x0 0x58 0x0 0xb0 0xb0 0xb0 0xb0 0xb0 0xb0 0x0 0x0 0x0 0x0 0x0 0x0 0x0 0x0 0x0 0x0 0x0 0x0 0x0 0x0 0x0 0x0 0x0 0x0 0x0 0x80 0x80 0x80 0x80 0x4d 0x80 0x4f 0x80 0xa6 0x82 0xeb 0x7b 0x0 0x0 0x0 0x0 0x3c 0xf3 0xca 0x26 0x73 0xe7 0x15 0xee 0x0 0x0 0x0 0x0 0x0 0x0 0x0 0x80 0x0 0xa4 0xa4 0x0 0x1 0xed 0x6 0x0 0x0
1787978701737,0x1 0x79 0xd 0xb6 0x61 0xb5 0x61 0xd 0x0 0x0 0xd 0x0 0x0 0x0 0x0 0x0 0x0 0x0 0x73 0x0 0x0 0x0 0xd4 0x3 0x0 0x0 0x0 0x0 0x0 0x58 0x0 0x57 0x0 0x57 0x0 0x58 0x0 0xb0 0xb0 0xb0 0xb0 0xb0 0xb0 0x0 0x0 0x0 0x0 0x0 0x0 0x0 0x0 0x0 0x0 0x0 0x0 0x0 0x0 0x0 0x0 0x0 0x0 0x0 0x80 0x80 0x80 0x80 0x4d 0x80 0x4f 0x80 0xa6 0x82 0xeb 0x7b 0x0 0x0 0x0 0x0 0x3c 0xf3 0x9e 0x25 0x73 0xe7 0x15 0xee 0x0 0x0 0x0 0x0 0x0 0x0 0x0 0x80 0x0 0xa4 0xa4 0x0 0x1 0xed 0x6 0x0 0x0
1787978701960,0x1 0x79 0xd 0xb6 0x61 0xb6 0x60 0xd 0x0 0x0 0xd 0x0 0x0 0x0 0x0 0x0 0x0 0x0 0x73 0x0 0x0 0x0 0xd4 0x3 0x0 0x0 0x0 0x0 0x0 0x57 0x0 0x57 0x0 0x57 0x0 0x58 0x0 0xb0 0xb0 0xb0 0xb0 0xb0 0xb0 0x0 0x0 0x0 0x0 0x0 0x0 0x0 0x0 0x0 0x0 0x0 0x0 0x0 0x0 0x0 0x0 0x0 0x0 0x0 0x80 0x80 0x80 0x80 0x4d 0x80 0x4f 0x80 0xa6 0x82 0xeb 0x7b 0x0 0x0 0x0 0x0 0x3c 0xf3 0xca 0x26 0x73 0xe7 0x15 0xee 0x0 0x0 0x0 0x0 0x0 0x0 0x0 0x80 0x0 0xa4 0xa4 0x0 0x1 0xed 0x6 0x0 0x0
1787978702184,0x1 0x79 0xd 0xb6 0x61 0xb6 0x60 0xd 0x0 0x0 0xd 0x0 0x0 0x0 0x0 0x0 0x0 0x0 0x73 0x0 0x0 0x0 0xd4 0x3 0x0 0x0 0x0 0x0 0x0 0x58 0x0 0x57 0x0 0x57 0x0 0x58 0x0 0xb0 0xb0 0xb0 0xb0 0xb0 0xb0 0x0 0x0 0x0 0x0 0x0 0x0 0x0 0x0 0x0 0x0 0x0 0x0 0x0 0x0 0x0 0x0 0x0 0x0 0x0 0x80 0x80 0x80 0x80 0x4d 0x80 0x4f 0x80 0xa6 0x82 0xeb 0x7b 0x0 0x0 0x0 0x0 0x3c 0xf3 0xca 0x26 0x73 0xe7 0x15 0xee 0x0 0x0 0x0 0x0 0x0 0x0 0x0 0x80 0x0 0xa4 0xa4 0x0 0x1 0xed 0x6 0x0 0x0
1787978702408,0x1 0x79 0xd 0xb6 0x61 0xb6 0x60 0xd 0x0 0x0 0xd 0x0 0x0 0x0 0x0 0x0 0x0 0x0 0x73 0x0 0x0 0x0 0xd4 0x3 0x0 0x0 0x0 0x0 0x0 0x58 0x0 0x58 0x0 0x58 0x0 0x58 0x0 0xb0 0xb0 0xb0 0xb0 0xb0 0xb0 0x0 0x0 0x0 0x0 0x0 0x0 0x0 0x0 0x0 0x0 0x0 0x0 0x0 0x0 0x0 0x0 0x0 0x0 0x0 0x80 0x80 0x80 0x80 0x4d 0x80 0x4f 0x80 0xa6 0x82 0xeb 0x7b 0x0 0x0 0x0 0x0 0x3c 0xf3 0x9e 0x25 0x73 0xe7 0x15 0xee 0x0 0x0 0x0 0x0 0x0 0x0 0x0 0x80 0x0 0xa4 0xa4 0x0 0x1 0xed 0x6 0x0 0x0
1787978702633,0x1 0x79 0xd 0xb6 0x61 0xb6 0x60 0xd 0x0 0x0 0xd 0x0 0x0 0x0 0x0 0x0 0x0 0x0 0x73 0x0 0x0 0x0 0xd4 0x3 0x0 0x0 0x0 0x0 0x0 0x58 0x0 0x58 0x0 0x57 0x0 0x58 0x0 0xb0 0xb0 0xb0 0xb0 0xb0 0xb0 0x0 0x0 0x0 0x0 0x0 0x0 0x0 0x0 0x0 0x0 0x0 0x0 0x0 0x0 0x0 0x0 0x0 0x0 0x0 0x80 0x80 0x80 0x80 0x4d 0x80 0x4f 0x80 0xa6 0x82 0xeb 0x7b 0x0 0x0 0x0 0x0 0x3c 0xf3 0xca 0x26 0x73 0xe7 0x15 0xee 0x0 0x0 0x0 0x0 0x0 0x0 0x0 0x80 0x0 0xa4 0xa4 0x0 0x1 0xed 0x6 0x0 0x0
1787978702856,0x1 0x79 0xd 0xb6 0x61 0xb6 0x60 0xd 0x0 0x0 0xd 0x0 0x0 0x0 0x0 0x0 0x0 0x0 0x73 0x0 0x0 0x0 0xd4 0x3 0x0 0x0 0x0 0x0 0x0 0x58 0x0 0x58 0x0 0x57 0x0 0x58 0x0 0xb0 0xb0 0xb0 0xb0 0xb0 0xb0 0x0 0x0 0x0 0x0 0x0 0x0 0x0 0x0 0x0 0x0 0x0 0x0 0x0 0x0 0x0 0x0 0x0 0x0 0x0 0x80 0x80 0x80 0x80 0x4d 0x80 0x4f 0x80 0xa6 0x82 0xeb 0x7b 0x0 0x0 0x0 0x0 0x3c 0xf3 0x9e 0x25 0x73 0xe7 0x15 0xee 0x0 0x0 0x0 0x0 0x0 0x0 0x0 0x80 0x0 0xa4 0xa4 0x0 0x1 0xed 0x6 0x0 0x0
1787978703080,0x1 0x79 0xd 0xb6 0x61 0xb6 0x60 0xd 0x0 0x0 0xd 0x0 0x0 0x0 0x0 0x0 0x0 0x0 0x73 0x0 0x0 0x0 0xd4 0x3 0x0 0x0 0x0 0x0 0x0 0x57 0x0 0x57 0x0 0x57 0x0 0x58 0x0 0xb0 0xb0 0xb0 0xb0 0xb0 0xb0 0x0 0x0 0x0 0x0 0x0 0x0 0x0 0x0 0x0 0x0 0x0 0x0 0x0 0x0 0x0 0x0 0x0 0x0 0x0 0x80 0x80 0x80 0x80 0x4d 0x80 0x4f 0x80 0xa6 0x82 0xeb 0x7b 0x0 0x0 0x0 0x0 0x3c 0xf3 0xca 0x26 0x73 0xe7 0x15 0xee 0x0 0x0 0x0 0x0 0x0 0x0 0x0 0x80 0x0 0xa4 0xa4 0x0 0x1 0xed 0x6 0x0 0x0
1787978703304,0x1 0x79 0xd 0xb6 0x61 0xb6 0x60 0xd 0x0 0x0 0xd 0x0 0x0 0x0 0x0 0x0 0x0 0x0 0x73 0x0 0x0 0x0 0xd4 0x3 0x0 0x0 0x0 0x0 0x0 0x58 0x0 0x58 0x0 0x58 0x0 0x58 0x0 0xb0 0xb0 0xb0 0xb0 0xb0 0xb0 0x0 0x0 0x0 0x0 0x0 0x0 0x0 0x0 0x0 0x0 0x0 0x0 0x0 0x0 0x0 0x0 0x0 0x0 0x0 0x80 0x80 0x80 0x80 0x4d 0x80 0x4f 0x80 0xa6 0x82 0xeb 0x7b 0x0 0x0 0x0 0x0 0x3c 0xf3 0xca 0x26 0x73 0xe7 0x15 0xee 0x0 0x0 0x0 0x0 0x0 0x0 0x0 0x80 0x0 0xa4 0xa4 0x0 0x1 0xed 0x6 0x0 0x0
1787978703528,0x1 0x79 0xd 0xb6 0x61 0xb6 0x60 0xd 0x0 0x0 0xd 0x0 0x0 0x0 0x0 0x0 0x0 0x0 0x73 0x0 0x0 0x0 0xd4 0x3 0x0 0x0 0x0 0x0 0x0 0x58 0x0 0x58 0x0 0x58 0x0 0x58 0x0 0xb0 0xb0 0xb0 0xb0 0xb0 0xb0 0x0 0x0 0x0 0x0 0x0 0x0 0x0 0x0 0x0 0x0 0x0 0x0 0x0 0x0 0x0 0x0 0x0 0x0 0x0 0x80 0x80 0x80 0x80 0x4d 0x80 0x4f 0x80 0xa6 0x82 0xeb 0x7b 0x0 0x0 0x0 0x0 0x3c 0xf3 0x9e 0x25 0x73 0xe7 0x15 0xee 0x0 0x0 0x0 0x0 0x0 0x0 0x0 0x80 0x0 0xa4 0xa4 0x0 0x1 0xed 0x6 0x0 0x0
1787978703751,0x1 0x79 0xd 0xb6 0x61 0xb6 0x60 0xd 0x0 0x0 0xd 0x0 0x0 0x0 0x0 0x0 0x0 0x0 0x73 0x0 0x0 0x0 0xd4 0x3 0x0 0x0 0x0 0x0 0x0 0x58 0x0 0x57 0x0 0x58 0x0 0x58 0x0 0xb0 0xb0 0xb0 0xb0 0xb0 0xb0 0x0 0x0 0x0 0x0 0x0 0x0 0x0 0x0 0x0 0x0 0x0 0x0 0x0 0x0 0x0 0x0 0x0 0x0 0x0 0x80 0x80 0x80 0x80 0x4d 0x80 0x4f 0x80 0xa6 0x82 0xeb 0x7b 0x0 0x0 0x0 0x0 0x3c 0xf3 0xca 0x26 0x73 0xe7 0x15 0xee 0x0 0x0 0x0 0x0 0x0 0x0 0x0 0x80 0x0 0xa4 0xa4 0x0 0x1 0xed 0x6 0x0 0x0
1787978703976,0x1 0x79 0xd 0xb6 0x61 0xb6 0x60 0xd 0x0 0x0 0xd 0x0 0x0 0x0 0x0 0x0 0x0 0x0 0x73 0x0 0x0 0x0 0xd4 0x3 0x0 0x0 0x0 0x0 0x0 0x58 0x0 0x58 0x0 0x58 0x0 0x58 0x0 0xb0 0xb0 0xb0 0xb0 0xb0 0xb0 0x0 0x0 0x0 0x0 0x0 0x0 0x0 0x0 0x0 0x0 0x0 0x0 0x0 0x0 0x0 0x0 0x0 0x0 0x0 0x80 0x80 0x80 0x80 0x4d 0x80 0x4f 0x80 0xa6 0x82 0xeb 0x7b 0x0 0x0 0x0 0x0 0x3c 0xf3 0x9e 0x25 0x73 0xe7 0x15 0xee 0x0 0x0 0x0 0x0 0x0 0x0 0x0 0x80 0x0 0xa4 0xa4 0x0 0x1 0xed 0x6 0x0 0x0
1787978704199,0x1 0x79 0xd 0xb6 0x61 0xb6 0x60 0xd 0x0 0x0 0xd 0x0 0x0 0x0 0x0 0x0 0x0 0x0 0x73 0x0 0x0 0x0 0xd4 0x3 0x0 0x0 0x0 0x0 0x0 0x58 0x0 0x57 0x0 0x57 0x0 0x58 0x0 0xb0 0xb0 0xb0 0xb0 0xb0 0xb0 0x0 0x0 0x0 0x0 0x0 0x0 0x0 0x0 0x0 0x0 0x0 0x0 0x0 0x0 0x0 0x0 0x0 0x0 0x0 0x80 0x80 0x80 0x80 0x4d 0x80 0x4f 0x80 0xa6 0x82 0xeb 0x7b 0x0 0x0 0x0 0x0 0x3c 0xf3 0xca 0x26 0x73 0xe7 0x15 0xee 0x0 0x0 0x0 0x0 0x0 0x0 0x0 0x80 0x0 0xa4 0xa4 0x0 0x1 0xed 0x6 0x0 0x0
1787978704424,0x1 0x79 0xd 0xb6 0x61 0xb6 0x60 0xd 0x0 0x0 0xd 0x0 0x0 0x0 0x0 0x0 0x0 0x0 0x73 0x0 0x0 0x0 0xd4 0x3 0x0 0x0 0x0 0x0 0x0 0x58 0x0 0x57 0x0 0x58 0x0 0x58 0x0 0xb0 0xb0 0xb0 0xb0 0xb0 0xb0 0x0 0x0 0x0 0x0 0x0 0x0 0x0 0x0 0x0 0x0 0x0 0x0 0x0 0x0 0x0 0x0 0x0 0x0 0x0 0x80 0x80 0x80 0x80 0x4d 0x80 0x4f 0x80 0xa6 0x82 0xeb 0x7b 0x0 0x0 0x0 0x0 0x3c 0xf3 0xca 0x26 0x73 0xe7 0x15 0xee 0x0 0x0 0x0 0x0 0x0 0x0 0x0 0x80 0x0 0xa4 0xa4 0x0 0x1 0xed 0x6 0x0 0x0
1787978704647,0x1 0x79 0xd 0xb6 0x61 0xb6 0x60 0xd 0x0 0x0 0xd 0x0 0x0 0x0 0x0 0x0 0x0 0x0 0x73 0x0 0x0 0x0 0xd4 0x3 0x0 0x0 0x0 0x0 0x0 0x58 0x0 0x58 0x0 0x58 0x0 0x58 0x0 0xb0 0xb0 0xb0 0xb0 0xb0 0xb0 0x0 0x0 0x0 0x0 0x0 0x0 0x0 0x0 0x0 0x0 0x0 0x0 0x0 0x0 0x0 0x0 0x0 0x0 0x0 0x80 0x80 0x80 0x80 0x4d 0x80 0x4f 0x80 0xa6 0x82 0xeb 0x7b 0x0 0x0 0x0 0x0 0x3c 0xf3 0x9e 0x25 0x73 0xe7 0x15 0xee 0x0 0x0 0x0 0x0 0x0 0x0 0x0 0x80 0x0 0xa4 0xa4 0x0 0x1 0xed 0x6 0x0 0x0
1787978704871,0x1 0x79 0xd 0xb6 0x61 0xb6 0x60 0xd 0x0 0x0 0xd 0x0 0x0 0x0 0x0 0x0 0x0 0x0 0x73 0x0 0x0 0x0 0xd4 0x3 0x0 0x0 0x0 0x0 0x0 0x58 0x0 0x58 0x0 0x58 0x0 0x58 0x0 0xb0 0xb0 0xb0 0xb0 0xb0 0xb0 0x0 0x0 0x0 0x0 0x0 0x0 0x0 0x0 0x0 0x0 0x0 0x0 0x0 0x0 0x0 0x0 0x0 0x0 0x0 0x80 0x80 0x80 0x80 0x4d 0x80 0x4f 0x80 0xa6 0x82 0xeb 0x7b 0x0 0x0 0x0 0x0 0x3c 0xf3 0xca 0x26 0x73 0xe7 0x15 0xee 0x0 0x0 0x0 0x0 0x0 0x0 0x0 0x80 0x0 0xa4 0xa4 0x0 0x1 0xed 0x6 0x0 0x0
1787978705095,0x1 0x79 0xd 0xb6 0x61 0xb6 0x60 0xd 0x0 0x0 0xd 0x0 0x0 0x0 0x0 0x0 0x0 0x0 0x73 0x0 0x0 0x0 0xd4 0x3 0x0 0x0 0x0 0x0 0x0 0x58 0x0 0x57 0x0 0x58 0x0 0x58 0x0 0xb0 0xb0 0xb0 0xb0 0xb0 0xb0 0x0 0x0 0x0 0x0 0x0 0x0 0x0 0x0 0x0 0x0 0x0 0x0 0x0 0x0 0x0 0x0 0x0 0x0 0x0 0x80 0x80 0x80 0x80 0x4d 0x80 0x4f 0x80 0xa6 0x82 0xeb 0x7b 0x0 0x0 0x0 0x0 0x3c 0xf3 0x9e 0x25 0x73 0xe7 0x15 0xee 0x0 0x0 0x0 0x0 0x0 0x0 0x0 0x80 0x0 0xa4 0xa4 0x0 0x1 0xed 0x6 0x0 0x0
1787978705319,0x1 0x79 0xd 0xb6 0x61 0xb6 0x60 0xd 0x0 0x0 0xd 0x0 0x0 0x0 0x0 0x0 0x0 0x0 0x73 0x0 0x0 0x0 0xd4 0x3 0x0 0x0 0x0 0x0 0x0 0x57 0x0 0x58 0x0 0x58 0x0 0x58 0x0 0xb0 0xb0 0xb0 0xb0 0xb0 0xb0 0x0 0x0 0x0 0x0 0x0 0x0 0x0 0x0 0x0 0x0 0x0 0x0 0x0 0x0 0x0 0x0 0x0 0x0 0x0 0x80 0x80 0x80 0x80 0x4d 0x80 0x4f 0x80 0xa6 0x82 0xeb 0x7b 0x0 0x0 0x0 0x0 0x3c 0xf3 0xca 0x26 0x73 0xe7 0x15 0xee 0x0 0x0 0x0 0x0 0x0 0x0 0x0 0x80 0x0 0xa4 0xa4 0x0 0x1 0xed 0x6 0x0 0x0
1787978705543,0x1 0x79 0xd 0xb6 0x61 0xb6 0x60 0xd 0x0 0x0 0xd 0x0 0x0 0x0 0x0 0x0 0x0 0x0 0x73 0x0 0x0 0x0 0xd4 0x3 0x0 0x0 0x0 0x0 0x0 0x58 0x0 0x57 0x0 0x58 0x0 0x58 0x0 0xb0 0xb0 0xb0 0xb0 0xb0 0xb0 0x0 0x0 0x0 0x0 0x0 0x0 0x0 0x0 0x0 0x0 0x0 0x0 0x0 0x0 0x0 0x0 0x0 0x0 0x0 0x80 0x80 0x80 0x80 0x4d 0x80 0x4f 0x80 0xa6 0x82 0xeb 0x7b 0x0 0x0 0x0 0x0 0x3c 0xf3 0xca 0x26 0x73 0xe7 0x15 0xee 0x0 0x0 0x0 0x0 0x0 0x0 0x0 0x80 0x0 0xa4 0xa4 0x0 0x1 0xed 0x6 0x0 0x0
1787978705767,0x1 0x79 0xd 0xb6 0x61 0xb6 0x60 0xd 0x0 0x0 0xd 0x0 0x0 0x0 0x0 0x0 0x0 0x0 0x73 0x0 0x0 0x0 0xd4 0x3 0x0 0x0 0x0 0x0 0x0 0x58 0x0 0x57 0x0 0x58 0x0 0x58 0x0 0xb0 0xb0 0xb0 0xb0 0xb0 0xb0 0x0 0x0 0x0 0x0 0x0 0x0 0x0 0x0 0x0 0x0 0x0 0x0 0x0 0x0 0x0 0x0 0x0 0x0 0x0 0x80 0x80 0x80 0x80 0x4d 0x80 0x4f 0x80 0xa6 0x82 0xeb 0x7b 0x0 0x0 0x0 0x0 0x3c 0xf3 0xca 0x26 0x73 0xe7 0x15 0xee 0x0 0x0 0x0 0x0 0x0 0x0 0x0 0x80 0x0 0xa4 0xa4 0x0 0x1 0xed 0x6 0x0 0x0
1787978705991,0x1 0x79 0xd 0xb6 0x61 0xb6 0x60 0xd 0x0 0x0 0xd 0x0 0x0 0x0 0x0 0x0 0x0 0x0 0x73 0x0 0x0 0x0 0xd4 0x3 0x0 0x0 0x0 0x0 0x0 0x58 0x0 0x57 0x0 0x58 0x0 0x58 0x0 0xb0 0xb0 0xb0 0xb0 0xb0 0xb0 0x0 0x0 0x0 0x0 0x0 0x0 0x0 0x0 0x0 0x0 0x0 0x0 0x0 0x0 0x0 0x0 0x0 0x0 0x0 0x80 0x80 0x80 0x80 0x4d 0x80 0x4f 0x80 0xa6 0x82 0xeb 0x7b 0x0 0x0 0x0 0x0 0x3c 0xf3 0xca 0x26 0x73 0xe7 0x15 0xee 0x0 0x0 0x0 0x0 0x0 0x0 0x0 0x80 0x0 0xa4 0xa4 0x0 0x1 0xed 0x6 0x0 0x0
1787978706215,0x1 0x79 0xd 0xb6 0x61 0xb6 0x60 0xd 0x0 0x0 0xd 0x0 0x0 0x0 0x0 0x0 0x0 0x0 0x73 0x0 0x0 0x0 0xd4 0x3 0x0 0x0 0x0 0x0 0x0 0x58 0x0 0x57 0x0 0x58 0x0 0x58 0x0 0xb0 0xb0 0xb0 0xb0 0xb0 0xb0 0x0 0x0 0x0 0x0 0x0 0x0 0x0 0x0 0x0 0x0 0x0 0x0 0x0 0x0 0x0 0x0 0x0 0x0 0x0 0x80 0x80 0x80 0x80 0x4d 0x80 0x4f 0x80 0xa6 0x82 0xeb 0x7b 0x0 0x0 0x0 0x0 0x3c 0xf3 0x9e 0x25 0x73 0xe7 0x15 0xee 0x0 0x0 0x0 0x0 0x0 0x0 0x0 0x80 0x0 0xa4 0xa4 0x0 0x1 0xed 0x6 0x0 0x0
1787978706439,0x1 0x79 0xd 0xb6 0x61 0xb6 0x60 0xd 0x0 0x0 0xd 0x0 0x0 0x0 0x0 0x0 0x0 0x0 0x73 0x0 0x0 0x0 0xd4 0x3 0x0 0x0 0x0 0x0 0x0 0x58 0x0 0x57 0x0 0x57 0x0 0x58 0x0 0xb0 0xb0 0xb0 0xb0 0xb0 0xb0 0x0 0x0 0x0 0x0 0x0 0x0 0x0 0x0 0x0 0x0 0x0 0x0 0x0 0x0 0x0 0x0 0x0 0x0 0x0 0x80 0x80 0x80 0x80 0x4d 0x80 0x4f 0x80 0xa6 0x82 0xeb 0x7b 0x0 0x0 0x0 0x0 0x3c 0xf3 0xca 0x26 0x73 0xe7 0x15 0xee 0x0 0x0 0x0 0x0 0x0 0x0 0x0 0x80 0x0 0xa4 0xa4 0x0 0x1 0xed 0x6 0x0 0x0
1787978706662,0x1 0x79 0xd 0xb6 0x61 0xb6 0x60 0xd 0x0 0x0 0xd 0x0 0x0 0x0 0x0 0x0 0x0 0x0 0x73 0x0 0x0 0x0 0xd4 0x3 0x0 0x0 0x0 0x0 0x0 0x58 0x0 0x57 0x0 0x58 0x0 0x58 0x0 0xb0 0xb0 0xb0 0xb0 0xb0 0xb0 0x0 0x0 0x0 0x0 0x0 0x0 0x0 0x0 0x0 0x0 0x0 0x0 0x0 0x0 0x0 0x0 0x0 0x0 0x0 0x80 0x80 0x80 0x80 0x4d 0x80 0x4f 0x80 0xa6 0x82 0xeb 0x7b 0x0 0x0 0x0 0x0 0x3c 0xf3 0xca 0x26 0x73 0xe7 0x15 0xee 0x0 0x0 0x0 0x0 0x0 0x0 0x0 0x80 0x0 0xa4 0xa4 0x0 0x1 0xed 0x6 0x0 0x0
1787978706886,0x1 0x79 0xd 0xb6 0x61 0xb6 0x60 0xd 0x0 0x0 0xd 0x0 0x0 0x0 0x0 0x0 0x0 0x0 0x73 0x0 0x0 0x0 0xd4 0x3 0x0 0x0 0x0 0x0 0x0 0x58 0x0 0x57 0x0 0x57 0x0 0x57 0x0 0xb0 0xb0 0xb0 0xb0 0xb0 0xb0 0x0 0x0 0x0 0x0 0x0 0x0 0x0 0x0 0x0 0x0 0x0 0x0 0x0 0x0 0x0 0x0 0x0 0x0 0x0 0x80 0x80 0x80 0x80 0x4d 0x80 0x4f 0x80 0xa6 0x82 0xeb 0x7b 0x0 0x0 0x0 0x0 0x3c 0xf3 0xca 0x26 0x73 0xe7 0x15 0xee 0x0 0x0 0x0 0x0 0x0 0x0 0x0 0x80 0x0 0xa4 0xa4 0x0 0x1 0xed 0x6 0x0 0x0
1787978707111,0x1 0x79 0xd 0xb6 0x61 0xb6 0x60 0xd 0x0 0x0 0xd 0x0 0x0 0x0 0x0 0x0 0x0 0x0 0x73 0x0 0x0 0x0 0xd4 0x3 0x0 0x0 0x0 0x0 0x0 0x58 0x0 0x58 0x0 0x58 0x0 0x58 0x0 0xb0 0xb0 0xb0 0xb0 0xb0 0xb0 0x0 0x0 0x0 0x0 0x0 0x0 0x0 0x0 0x0 0x0 0x0 0x0 0x0 0x0 0x0 0x0 0x0 0x0 0x0 0x80 0x80 0x80 0x80 0x4d 0x80 0x4f 0x80 0xa6 0x82 0xeb 0x7b 0x0 0x0 0x0 0x0 0x3c 0xf3 0xca 0x26 0x73 0xe7 0x15 0xee 0x0 0x0 0x0 0x0 0x0 0x0 0x0 0x80 0x0 0xa4 0xa4 0x0 0x1 0xed 0x6 0x0 0x0
1787978707334,0x1 0x79 0xd 0xb6 0x61 0xb6 0x60 0xd 0x0 0x0 0xd 0x0 0x0 0x0 0x0 0x0 0x0 0x0 0x73 0x0 0x0 0x0 0xd4 0x3 0x0 0x0 0x0 0x0 0x0 0x58 0x0 0x58 0x0 0x58 0x0 0x58 0x0 0xb0 0xb0 0xb0 0xb0 0xb0 0xb0 0x0 0x0 0x0 0x0 0x0 0x0 0x0 0x0 0x0 0x0 0x0 0x0 0x0 0x0 0x0 0x0 0x0 0x0 0x0 0x80 0x80 0x80 0x80 0x4d 0x80 0x4f 0x80 0xa6 0x82 0xeb 0x7b 0x0 0x0 0x0 0x0 0x3c 0xf3 0x9e 0x25 0x73 0xe7 0x15 0xee 0x0 0x0 0x0 0x0 0x0 0x0 0x0 0x80 0x0 0xa4 0xa4 0x0 0x1 0xed 0x6 0x0 0x0
1787978707559,0x1 0x79 0xd 0xb6 0x61 0xb6 0x60 0xd 0x0 0x0 0xd 0x0 0x0 0x0 0x0 0x0 0x0 0x0 0x73 0x0 0x0 0x0 0xd4 0x3 0x0 0x0 0x0 0x0 0x0 0x58 0x0 0x57 0x0 0x57 0x0 0x58 0x0 0xb0 0xb0 0xb0 0xb0 0xb0 0xb0 0x0 0x0 0x0 0x0 0x0 0x0 0x0 0x0 0x0 0x0 0x0 0x0 0x0 0x0 0x0 0x0 0x0 0x0 0x0 0x80 0x80 0x80 0x80 0x4d 0x80 0x4f 0x80 0xa6 0x82 0xeb 0x7b 0x0 0x0 0x0 0x0 0x3c 0xf3 0xca 0x26 0x73 0xe7 0x15 0xee 0x0 0x0 0x0 0x0 0x0 0x0 0x0 0x80 0x0 0xa4 0xa4 0x0 0x1 0xed 0x6 0x0 0x0
1787978707782,0x1 0x79 0xd 0xb6 0x61 0xb6 0x60 0xd 0x0 0x0 0xd 0x0 0x0 0x0 0x0 0x0 0x0 0x0 0x73 0x0 0x0 0x0 0xd4 0x3 0x0 0x0 0x0 0x0 0x0 0x58 0x0 0x58 0x0 0x58 0x0 0x58 0x0 0xb0 0xb0 0xb0 0xb0 0xb0 0xb0 0x0 0x0 0x0 0x0 0x0 0x0 0x0 0x0 0x0 0x0 0x0 0x0 0x0 0x0 0x0 0x0 0x0 0x0 0x0 0x80 0x80 0x80 0x80 0x4d 0x80 0x4f 0x80 0xa6 0x82 0xeb 0x7b 0x0 0x0 0x0 0x0 0x3c 0xf3 0xca 0x26 0x73 0xe7 0x15 0xee 0x0 0x0 0x0 0x0 0x0 0x0 0x0 0x80 0x0 0xa4 0xa4 0x0 0x1 0xed 0x6 0x0 0x0
1787978708006,0x1 0x79 0xd 0xb6 0x61 0xb6 0x60 0xd 0x0 0x0 0xd 0x0 0x0 0x0 0x0 0x0 0x0 0x0 0x73 0x0 0x0 0x0 0xd4 0x3 0x0 0x0 0x0 0x0 0x0 0x58 0x0 0x57 0x0 0x58 0x0 0x58 0x0 0xb0 0xb0 0xb0 0xb0 0xb0 0xb0 0x0 0x0 0x0 0x0 0x0 0x0 0x0 0x0 0x0 0x0 0x0 0x0 0x0 0x0 0x0 0x0 0x0 0x0 0x0 0x80 0x80 0x80 0x80 0x4d 0x80 0x4f 0x80 0xa6 0x82 0xeb 0x7b 0x0 0x0 0x0 0x0 0x3c 0xf3 0xca 0x26 0x73 0xe7 0x15 0xee 0x0 0x0 0x0 0x0 0x0 0x0 0x0 0x80 0x0 0xa4 0xa4 0x0 0x1 0xed 0x6 0x0 0x0
1787978708230,0x1 0x79 0xd 0xb6 0x61 0xb6 0x60 0xd 0x0 0x0 0xd 0x0 0x0 0x0 0x0 0x0 0x0 0x0 0x73 0x0 0x0 0x0 0xd4 0x3 0x0 0x0 0x0 0x0 0x0 0x58 0x0 0x58 0x0 0x58 0x0 0x58 0x0 0xb0 0xb0 0xb0 0xb0 0xb0 0xb0 0x0 0x0 0x0 0x0 0x0 0x0 0x0 0x0 0x0 0x0 0x0 0x0 0x0 0x0 0x0 0x0 0x0 0x0 0x0 0x80 0x80 0x80 0x80 0x4d 0x80 0x4f 0x80 0xa6 0x82 0xeb 0x7b 0x0 0x0 0x0 0x0 0x3c 0xf3 0xca 0x26 0x73 0xe7 0x15 0xee 0x0 0x0 0x0 0x0 0x0 0x0 0x0 0x80 0x0 0xa4 0xa4 0x0 0x1 0xed 0x6 0x0 0x0
1787978708455,0x1 0x79 0xd 0xb6 0x61 0xb6 0x60 0xd 0x0 0x0 0xd 0x0 0x0 0x0 0x0 0x0 0x0 0x0 0x73 0x0 0x0 0x0 0xd4 0x3 0x0 0x0 0x0 0x0 0x0 0x58 0x0 0x57 0x0 0x58 0x0 0x58 0x0 0xb0 0xb0 0xb0 0xb0 0xb0 0xb0 0x0 0x0 0x0 0x0 0x0 0x0 0x0 0x0 0x0 0x0 0x0 0x0 0x0 0x0 0x0 0x0 0x0 0x0 0x0 0x80 0x80 0x80 0x80 0x4d 0x80 0x4f 0x80 0xa6 0x82 0xeb 0x7b 0x0 0x0 0x0 0x0 0x3c 0xf3 0x9e 0x25 0x73 0xe7 0x15 0xee 0x0 0x0 0x0 0x0 0x0 0x0 0x0 0x80 0x0 0xa4 0xa4 0x0 0x1 0xed 0x6 0x0 0x0
1787978708679,0x1 0x79 0xd 0xb6 0x61 0xb6 0x60 0xd 0x0 0x0 0xd 0x0 0x0 0x0 0x0 0x0 0x0 0x0 0x73 0x0 0x0 0x0 0xd4 0x3 0x0 0x0 0x0 0x0 0x0 0x58 0x0 0x58 0x0 0x57 0x0 0x58 0x0 0xb0 0xb0 0xb0 0xb0 0xb0 0xb0 0x0 0x0 0x0 0x0 0x0 0x0 0x0 0x0 0x0 0x0 0x0 0x0 0x0 0x0 0x0 0x0 0x0 0x0 0x0 0x80 0x80 0x80 0x80 0x4d 0x80 0x4f 0x80 0xa6 0x82 0xeb 0x7b 0x0 0x0 0x0 0x0 0x3c 0xf3 0xca 0x26 0x73 0xe7 0x15 0xee 0x0 0x0 0x0 0x0 0x0 0x0 0x0 0x80 0x0 0xa4 0xa4 0x0 0x1 0xed 0x6 0x0 0x0
1787978708903,0x1 0x79 0xd 0xb6 0x61 0xb6 0x60 0xd 0x0 0x0 0xd 0x0 0x0 0x0 0x0 0x0 0x0 0x0 0x73 0x0 0x0 0x0 0xd4 0x3 0x0 0x0 0x0 0x0 0x0 0x58 0x0 0x58 0x0 0x57 0x0 0x58 0x0 0xb0 0xb0 0xb0 0xb0 0xb0 0xb0 0x0 0x0 0x0 0x0 0x0 0x0 0x0 0x0 0x0 0x0 0x0 0x0 0x0 0x0 0x0 0x0 0x0 0x0 0x0 0x80 0x80 0x80 0x80 0x4d 0x80 0x4f 0x80 0xa6 0x82 0xeb 0x7b 0x0 0x0 0x0 0x0 0x3c 0xf3 0xca 0x26 0x73 0xe7 0x15 0xee 0x0 0x0 0x0 0x0 0x0 0x0 0x0 0x80 0x0 0xa4 0xa4 0x0 0x1 0xed 0x6 0x0 0x0
1787978709126,0x1 0x79 0xd 0xb6 0x61 0xb6 0x60 0xd 0x0 0x0 0xd 0x0 0x0 0x0 0x0 0x0 0x0 0x0 0x73 0x0 0x0 0x0 0xd4 0x3 0x0 0x0 0x0 0x0 0x0 0x58 0x0 0x58 0x0 0x58 0x0 0x58 0x0 0xb0 0xb0 0xb0 0xb0 0xb0 0xb0 0x0 0x0 0x0 0x0 0x0 0x0 0x0 0x0 0x0 0x0 0x0 0x0 0x0 0x0 0x0 0x0 0x0 0x0 0x0 0x80 0x80 0x80 0x80 0x4d 0x80 0x4f 0x80 0xa6 0x82 0xeb 0x7b 0x0 0x0 0x0 0x0 0x3c 0xf3 0xca 0x26 0x73 0xe7 0x15 0xee 0x0 0x0 0x0 0x0 0x0 0x0 0x0 0x80 0x0 0xa4 0xa4 0x0 0x1 0xed 0x6 0x0 0x0
1787978709351,0x1 0x79 0xd 0xb6 0x61 0xb6 0x60 0xd 0x0 0x0 0xd 0x0 0x0 0x0 0x0 0x0 0x0 0x0 0x73 0x0 0x0 0x0 0xd4 0x3 0x0 0x0 0x0 0x0 0x0 0x58 0x0 0x57 0x0 0x57 0x0 0x58 0x0 0xb0 0xb0 0xb0 0xb0 0xb0 0xb0 0x0 0x0 0x0 0x0 0x0 0x0 0x0 0x0 0x0 0x0 0x0 0x0 0x0 0x0 0x0 0x0 0x0 0x0 0x0 0x80 0x80 0x80 0x80 0x4d 0x80 0x4f 0x80 0xa6 0x82 0xeb 0x7b 0x0 0x0 0x0 0x0 0x3c 0xf3 0xca 0x26 0x73 0xe7 0x15 0xee 0x0 0x0 0x0 0x0 0x0 0x0 0x0 0x80 0x0 0xa4 0xa4 0x0 0x1 0xed 0x6 0x0 0x0
1787978709574,0x1 0x79 0xd 0xb6 0x61 0xb6 0x60 0xd 0x0 0x0 0xd 0x0 0x0 0x0 0x0 0x0 0x0 0x0 0x73 0x0 0x0 0x0 0xd4 0x3 0x0 0x0 0x0 0x0 0x0 0x58 0x0 0x58 0x0 0x58 0x0 0x58 0x0 0xb0 0xb0 0xb0 0xb0 0xb0 0xb0 0x0 0x0 0x0 0x0 0x0 0x0 0x0 0x0 0x0 0x0 0x0 0x0 0x0 0x0 0x0 0x0 0x0 0x0 0x0 0x80 0x80 0x80 0x80 0x4d 0x80 0x4f 0x80 0xa6 0x82 0xeb 0x7b 0x0 0x0 0x0 0x0 0x3c 0xf3 0x9e 0x25 0x73 0xe7 0x15 0xee 0x0 0x0 0x0 0x0 0x0 0x0 0x0 0x80 0x0 0xa4 0xa4 0x0 0x1 0xed 0x6 0x0 0x0
1787978709798,0x1 0x79 0xd 0xb6 0x61 0xb6 0x60 0xd 0x0 0x0 0xd 0x0 0x0 0x0 0x0 0x0 0x0 0x0 0x73 0x0 0x0 0x0 0xd4 0x3 0x0 0x0 0x0 0x0 0x0 0x57 0x0 0x57 0x0 0x57 0x0 0x58 0x0 0xb0 0xb0 0xb0 0xb0 0xb0 0xb0 0x0 0x0 0x0 0x0 0x0 0x0 0x0 0x0 0x0 0x0 0x0 0x0 0x0 0x0 0x0 0x0 0x0 0x0 0x0 0x80 0x80 0x80 0x80 0x4d 0x80 0x4f 0x80 0xa6 0x82 0xeb 0x7b 0x0 0x0 0x0 0x0 0x3c 0xf3 0xca 0x26 0x73 0xe7 0x15 0xee 0x0 0x0 0x0 0x0 0x0 0x0 0x0 0x80 0x0 0xa4 0xa4 0x0 0x1 0xed 0x6 0x0 0x0
1787978710021,0x1 0x79 0xd 0xb6 0x61 0xb6 0x60 0xd 0x0 0x0 0xd 0x0 0x0 0x0 0x0 0x0 0x0 0x0 0x73 0x0 0x0 0x0 0xd4 0x3 0x0 0x0 0x0 0x0 0x0 0x58 0x0 0x58 0x0 0x57 0x0 0x58 0x0 0xb0 0xb0 0xb0 0xb0 0xb0 0xb0 0x0 0x0 0x0 0x0 0x0 0x0 0x0 0x0 0x0 0x0 0x0 0x0 0x0 0x0 0x0 0x0 0x0 0x0 0x0 0x80 0x80 0x80 0x80 0x4d 0x80 0x4f 0x80 0xa6 0x82 0xeb 0x7b 0x0 0x0 0x0 0x0 0x3c 0xf3 0xca 0x26 0x73 0xe7 0x15 0xee 0x0 0x0 0x0 0x0 0x0 0x0 0x0 0x80 0x0 0xa4 0xa4 0x0 0x1 0xed 0x6 0x0 0x0
1787978710246,0x1 0x79 0xd 0xb6 0x61 0xb6 0x60 0xd 0x0 0x0 0xd 0x0 0x0 0x0 0x0 0x0 0x0 0x0 0x73 0x0 0x0 0x0 0xd4 0x3 0x0 0x0 0x0 0x0 0x0 0x58 0x0 0x58 0x0 0x58 0x0 0x58 0x0 0xb0 0xb0 0xb0 0xb0 0xb0 0xb0 0x0 0x0 0x0 0x0 0x0 0x0 0x0 0x0 0x0 0x0 0x0 0x0 0x0 0x0 0x0 0x0 0x0 0x0 0x0 0x80 0x80 0x80 0x80 0x4d 0x80 0x4f 0x80 0xa6 0x82 0xeb 0x7b 0x0 0x0 0x0 0x0 0x3c 0xf3 0xca 0x26 0x73 0xe7 0x15 0xee 0x0 0x0 0x0 0x0 0x0 0x0 0x0 0x80 0x0 0xa4 0xa4 0x0 0x1 0xed 0x6 0x0 0x0
1787978710469,0x1 0x79 0xd 0xb6 0x61 0xb6 0x60 0xd 0x0 0x0 0xd 0x0 0x0 0x0 0x0 0x0 0x0 0x0 0x73 0x0 0x0 0x0 0xd4 0x3 0x0 0x0 0x0 0x0 0x0 0x58 0x0 0x57 0x0 0x58 0x0 0x58 0x0 0xb0 0xb0 0xb0 0xb0 0xb0 0xb0 0x0 0x0 0x0 0x0 0x0 0x0 0x0 0x0 0x0 0x0 0x0 0x0 0x0 0x0 0x0 0x0 0x0 0x0 0x0 0x80 0x80 0x80 0x80 0x4d 0x80 0x4f 0x80 0xa6 0x82 0xeb 0x7b 0x0 0x0 0x0 0x0 0x3c 0xf3 0xca 0x26 0x73 0xe7 0x15 0xee 0x0 0x0 0x0 0x0 0x0 0x0 0x0 0x80 0x0 0xa4 0xa4 0x0 0x1 0xed 0x6 0x0 0x0
1787978710694,0x1 0x79 0xd 0xb6 0x61 0xb6 0x60 0xd 0x0 0x0 0xd 0x0 0x0 0x0 0x0 0x0 0x0 0x0 0x73 0x0 0x0 0x0 0xd4 0x3 0x0 0x0 0x0 0x0 0x0 0x58 0x0 0x58 0x0 0x58 0x0 0x58 0x0 0xb0 0xb0 0xb0 0xb0 0xb0 0xb0 0x0 0x0 0x0 0x0 0x0 0x0 0x0 0x0 0x0 0x0 0x0 0x0 0x0 0x0 0x0 0x0 0x0 0x0 0x0 0x80 0x80 0x80 0x80 0x4d 0x80 0x4f 0x80 0xa6 0x82 0xeb 0x7b 0x0 0x0 0x0 0x0 0x3c 0xf3 0x9e 0x25 0x73 0xe7 0x15 0xee 0x0 0x0 0x0 0x0 0x0 0x0 0x0 0x80 0x0 0xa4 0xa4 0x0 0x1 0xed 0x6 0x0 0x0
1787978710917,0x1 0x79 0xd 0xb6 0x61 0xb6 0x60 0xd 0x0 0x0 0xd 0x0 0x0 0x0 0x0 0x0 0x0 0x0 0x73 0x0 0x0 0x0 0xd4 0x3 0x0 0x0 0x0 0x0 0x0 0x58 0x0 0x58 0x0 0x57 0x0 0x58 0x0 0xb0 0xb0 0xb0 0xb0 0xb0 0xb0 0x0 0x0 0x0 0x0 0x0 0x0 0x0 0x0 0x0 0x0 0x0 0x0 0x0 0x0 0x0 0x0 0x0 0x0 0x0 0x80 0x80 0x80 0x80 0x4d 0x80 0x4f 0x80 0xa6 0x82 0xeb 0x7b 0x0 0x0 0x0 0x0 0x3c 0xf3 0xca 0x26 0x73 0xe7 0x15 0xee 0x0 0x0 0x0 0x0 0x0 0x0 0x0 0x80 0x0 0xa4 0xa4 0x0 0x1 0xed 0x6 0x0 0x0
1787978711142,0x1 0x79 0xd 0xb6 0x61 0xb6 0x60 0xd 0x0 0x0 0xd 0x0 0x0 0x0 0x0 0x0 0x0 0x0 0x73 0x0 0x0 0x0 0xd4 0x3 0x0 0x0 0x0 0x0 0x0 0x58 0x0 0x58 0x0 0x58 0x0 0x58 0x0 0xb0 0xb0 0xb0 0xb0 0xb0 0xb0 0x0 0x0 0x0 0x0 0x0 0x0 0x0 0x0 0x0 0x0 0x0 0x0 0x0 0x0 0x0 0x0 0x0 0x0 0x0 0x80 0x80 0x80 0x80 0x4d 0x80 0x4f 0x80 0xa6 0x82 0xeb 0x7b 0x0 0x0 0x0 0x0 0x3c 0xf3 0xca 0x26 0x73 0xe7 0x15 0xee 0x0 0x0 0x0 0x0 0x0 0x0 0x0 0x80 0x0 0xa4 0xa4 0x0 0x1 0xed 0x6 0x0 0x0
1787978711366,0x1 0x79 0xd 0xb6 0x61 0xb6 0x60 0xd 0x0 0x0 0xd 0x0 0x0 0x0 0x0 0x0 0x0 0x0 0x73 0x0 0x0 0x0 0xd4 0x3 0x0 0x0 0x0 0x0 0x0 0x58 0x0 0x57 0x0 0x58 0x0 0x58 0x0 0xb0 0xb0 0xb0 0xb0 0xb0 0xb0 0x0 0x0 0x0 0x0 0x0 0x0 0x0 0x0 0x0 0x0 0x0 0x0 0x0 0x0 0x0 0x0 0x0 0x0 0x0 0x80 0x80 0x80 0x80 0x4d 0x80 0x4f 0x80 0xa6 0x82 0xeb 0x7b 0x0 0x0 0x0 0x0 0x3c 0xf3 0xca 0x26 0x73 0xe7 0x15 0xee 0x0 0x0 0x0 0x0 0x0 0x0 0x0 0x80 0x0 0xa4 0xa4 0x0 0x1 0xed 0x6 0x0 0x0
1787978711590,0x1 0x79 0xd 0xb6 0x61 0xb6 0x60 0xd 0x0 0x0 0xd 0x0 0x0 0x0 0x0 0x0 0x0 0x0 0x73 0x0 0x0 0x0 0xd4 0x3 0x0 0x0 0x0 0x0 0x0 0x58 0x0 0x57 0x0 0x57 0x0 0x58 0x0 0xb0 0xb0 0xb0 0xb0 0xb0 0xb0 0x0 0x0 0x0 0x0 0x0 0x0 0x0 0x0 0x0 0x0 0x0 0x0 0x0 0x0 0x0 0x0 0x0 0x0 0x0 0x80 0x80 0x80 0x80 0x4d 0x80 0x4f 0x80 0xa6 0x82 0xeb 0x7b 0x0 0x0 0x0 0x0 0x3c 0xf3 0xca 0x26 0x73 0xe7 0x15 0xee 0x0 0x0 0x0 0x0 0x0 0x0 0x0 0x80 0x0 0xa4 0xa4 0x0 0x1 0xed 0x6 0x0 0x0
1787978711813,0x1 0x79 0xd 0xb6 0x61 0xb6 0x60 0xd 0x0 0x0 0xd 0x0 0x0 0x0 0x0 0x0 0x0 0x0 0x73 0x0 0x0 0x0 0xd4 0x3 0x0 0x0 0x0 0x0 0x0 0x58 0x0 0x58 0x0 0x58 0x0 0x58 0x0 0xb0 0xb0 0xb0 0xb0 0xb0 0xb0 0x0 0x0 0x0 0x0 0x0 0x0 0x0 0x0 0x0 0x0 0x0 0x0 0x0 0x0 0x0 0x0 0x0 0x0 0x0 0x80 0x80 0x80 0x80 0x4d 0x80 0x4f 0x80 0xa6 0x82 0xeb 0x7b 0x0 0x0 0x0 0x0 0x3c 0xf3 0x9e 0x25 0x73 0xe7 0x15 0xee 0x0 0x0 0x0 0x0 0x0 0x0 0x0 0x80 0x0 0xa4 0xa4 0x0 0x1 0xed 0x6 0x0 0x0
1787978712037,0x1 0x79 0xd 0xb6 0x61 0xb6 0x60 0xd 0x0 0x0 0xd 0x0 0x0 0x0 0x0 0x0 0x0 0x0 0x73 0x0 0x0 0x0 0xd4 0x3 0x0 0x0 0x0 0x0 0x0 0x58 0x0 0x58 0x0 0x58 0x0 0x58 0x0 0xb0 0xb0 0xb0 0xb0 0xb0 0xb0 0x0 0x0 0x0 0x0 0x0 0x0 0x0 0x0 0x0 0x0 0x0 0x0 0x0 0x0 0x0 0x0 0x0 0x0 0x0 0x80 0x80 0x80 0x80 0x4d 0x80 0x4f 0x80 0xa6 0x82 0xeb 0x7b 0x0 0x0 0x0 0x0 0x3c 0xf3 0xca 0x26 0x73 0xe7 0x15 0xee 0x0 0x0 0x0 0x0 0x0 0x0 0x0 0x80 0x0 0xa4 0xa4 0x0 0x1 0xed 0x6 0x0 0x0
1787978712261,0x1 0x79 0xd 0xb6 0x61 0xb6 0x60 0xd 0x0 0x0 0xd 0x0 0x0 0x0 0x0 0x0 0x0 0x0 0x73 0x0 0x0 0x0 0xd4 0x3 0x0 0x0 0x0 0x0 0x0 0x57 0x0 0x58 0x0 0x57 0x0 0x58 0x0 0xb0 0xb0 0xb0 0xb0 0xb0 0xb0 0x0 0x0 0x0 0x0 0x0 0x0 0x0 0x0 0x0 0x0 0x0 0x0 0x0 0x0 0x0 0x0 0x0 0x0 0x0 0x80 0x80 0x80 0x80 0x4d 0x80 0x4f 0x80 0xa6 0x82 0xeb 0x7b 0x0 0x0 0x0 0x0 0x3c 0xf3 0xca 0x26 0x73 0xe7 0x15 0xee 0x0 0x0 0x0 0x0 0x0 0x0 0x0 0x80 0x0 0xa4 0xa4 0x0 0x1 0xed 0x6 0x0 0x0
1787978712485,0x1 0x79 0xd 0xb6 0x61 0xb6 0x60 0xd 0x0 0x0 0xd 0x0 0x0 0x0 0x0 0x0 0x0 0x0 0x73 0x0 0x0 0x0 0xd4 0x3 0x0 0x0 0x0 0x0 0x0 0x58 0x0 0x57 0x0 0x58 0x0 0x58 0x0 0xb0 0xb0 0xb0 0xb0 0xb0 0xb0 0x0 0x0 0x0 0x0 0x0 0x0 0x0 0x0 0x0 0x0 0x0 0x0 0x0 0x0 0x0 0x0 0x0 0x0 0x0 0x80 0x80 0x80 0x80 0x4d 0x80 0x4f 0x80 0xa6 0x82 0xeb 0x7b 0x0 0x0 0x0 0x0 0x3c 0xf3 0xca 0x26 0x73 0xe7 0x15 0xee 0x0 0x0 0x0 0x0 0x0 0x0 0x0 0x80 0x0 0xa4 0xa4 0x0 0x1 0xed 0x6 0x0 0x0
1787978712709,0x1 0x79 0xd 0xb6 0x61 0xb6 0x60 0xd 0x0 0x0 0xd 0x0 0x0 0x0 0x0 0x0 0x0 0x0 0x73 0x0 0x0 0x0 0xd4 0x3 0x0 0x0 0x0 0x0 0x0 0x58 0x0 0x57 0x0 0x57 0x0 0x57 0x0 0xb0 0xb0 0xb0 0xb0 0xb0 0xb0 0x0 0x0 0x0 0x0 0x0 0x0 0x0 0x0 0x0 0x0 0x0 0x0 0x0 0x0 0x0 0x0 0x0 0x0 0x0 0x80 0x80 0x80 0x80 0x4d 0x80 0x4f 0x80 0xa6 0x82 0xeb 0x7b 0x0 0x0 0x0 0x0 0x3c 0xf3 0xca 0x26 0x73 0xe7 0x15 0xee 0x0 0x0 0x0 0x0 0x0 0x0 0x0 0x80 0x0 0xa4 0xa4 0x0 0x1 0xed 0x6 0x0 0x0
1787978712932,0x1 0x79 0xd 0xb6 0x61 0xb6 0x60 0xd 0x0 0x0 0xd 0x0 0x0 0x0 0x0 0x0 0x0 0x0 0x73 0x0 0x0 0x0 0xd4 0x3 0x0 0x0 0x0 0x0 0x0 0x58 0x0 0x57 0x0 0x57 0x0 0x58 0x0 0xb0 0xb0 0xb0 0xb0 0xb0 0xb0 0x0 0x0 0x0 0x0 0x0 0x0 0x0 0x0 0x0 0x0 0x0 0x0 0x0 0x0 0x0 0x0 0x0 0x0 0x0 0x80 0x80 0x80 0x80 0x4d 0x80 0x4f 0x80 0xa6 0x82 0xeb 0x7b 0x0 0x0 0x0 0x0 0x3c 0xf3 0x9e 0x25 0x73 0xe7 0x15 0xee 0x0 0x0 0x0 0x0 0x0 0x0 0x0 0x80 0x0 0xa4 0xa4 0x0 0x1 0xed 0x6 0x0 0x0
1787978713157,0x1 0x79 0xd 0xb6 0x61 0xb6 0x60 0xd 0x0 0x0 0xd 0x0 0x0 0x0 0x0 0x0 0x0 0x0 0x73 0x0 0x0 0x0 0xd4 0x3 0x0 0x0 0x0 0x0 0x0 0x58 0x0 0x58 0x0 0x58 0x0 0x58 0x0 0xb0 0xb0 0xb0 0xb0 0xb0 0xb0 0x0 0x0 0x0 0x0 0x0 0x0 0x0 0x0 0x0 0x0 0x0 0x0 0x0 0x0 0x0 0x0 0x0 0x0 0x0 0x80 0x80 0x80 0x80 0x4d 0x80 0x4f 0x80 0xa6 0x82 0xeb 0x7b 0x0 0x0 0x0 0x0 0x3c 0xf3 0xca 0x26 0x73 0xe7 0x15 0xee 0x0 0x0 0x0 0x0 0x0 0x0 0x0 0x80 0x0 0xa4 0xa4 0x0 0x1 0xed 0x6 0x0 0x0
1787978713380,0x1 0x79 0xd 0xb6 0x61 0xb6 0x60 0xd 0x0 0x0 0xd 0x0 0x0 0x0 0x0 0x0 0x0 0x0 0x73 0x0 0x0 0x0 0xd4 0x3 0x0 0x0 0x0 0x0 0x0 0x58 0x0 0x58 0x0 0x58 0x0 0x58 0x0 0xb0 0xb0 0xb0 0xb0 0xb0 0xb0 0x0 0x0 0x0 0x0 0x0 0x0 0x0 0x0 0x0 0x0 0x0 0x0 0x0 0x0 0x0 0x0 0x0 0x0 0x0 0x80 0x80 0x80 0x80 0x4d 0x80 0x4f 0x80 0xa6 0x82 0xeb 0x7b 0x0 0x0 0x0 0x0 0x3c 0xf3 0xca 0x26 0x73 0xe7 0x15 0xee 0x0 0x0 0x0 0x0 0x0 0x0 0x0 0x80 0x0 0xa4 0xa4 0x0 0x1 0xed 0x6 0x0 0x0
1787978713605,0x1 0x79 0xd 0xb6 0x61 0xb6 0x60 0xd 0x0 0x0 0xd 0x0 0x0 0x0 0x0 0x0 0x0 0x0 0x73 0x0 0x0 0x0 0xd4 0x3 0x0 0x0 0x0 0x0 0x0 0x58 0x0 0x58 0x0 0x57 0x0 0x58 0x0 0xb0 0xb0 0xb0 0xb0 0xb0 0xb0 0x0 0x0 0x0 0x0 0x0 0x0 0x0 0x0 0x0 0x0 0x0 0x0 0x0 0x0 0x0 0x0 0x0 0x0 0x0 0x80 0x80 0x80 0x80 0x4d 0x80 0x4f 0x80 0xa6 0x82 0xeb 0x7b 0x0 0x0 0x0 0x0 0x3c 0xf3 0xca 0x26 0x73 0xe7 0x15 0xee 0x0 0x0 0x0 0x0 0x0 0x0 0x0 0x80 0x0 0xa4 0xa4 0x0 0x1 0xed 0x6 0x0 0x0
1787978713829,0x1 0x79 0xd 0xb6 0x61 0xb6 0x60 0xd 0x0 0x0 0xd 0x0 0x0 0x0 0x0 0x0 0x0 0x0 0x73 0x0 0x0 0x0 0xd4 0x3 0x0 0x0 0x0 0x0 0x0 0x58 0x0 0x57 0x0 0x58 0x0 0x58 0x0 0xb0 0xb0 0xb0 0xb0 0xb0 0xb0 0x0 0x0 0x0 0x0 0x0 0x0 0x0 0x0 0x0 0x0 0x0 0x0 0x0 0x0 0x0 0x0 0x0 0x0 0x0 0x80 0x80 0x80 0x80 0x4d 0x80 0x4f 0x80 0xa6 0x82 0xeb 0x7b 0x0 0x0 0x0 0x0 0x3c 0xf3 0xca 0x26 0x73 0xe7 0x15 0xee 0x0 0x0 0x0 0x0 0x0 0x0 0x0 0x80 0x0 0xa4 0xa4 0x0 0x1 0xed 0x6 0x0 0x0
1787978714053,0x1 0x79 0xd 0xb6 0x61 0xb6 0x60 0xd 0x0 0x0 0xd 0x0 0x0 0x0 0x0 0x0 0x0 0x0 0x73 0x0 0x0 0x0 0xd4 0x3 0x0 0x0 0x0 0x0 0x0 0x58 0x0 0x58 0x0 0x57 0x0 0x58 0x0 0xb0 0xb0 0xb0 0xb0 0xb0 0xb0 0x0 0x0 0x0 0x0 0x0 0x0 0x0 0x0 0x0 0x0 0x0 0x0 0x0 0x0 0x0 0x0 0x0 0x0 0x0 0x80 0x80 0x80 0x80 0x4d 0x80 0x4f 0x80 0xa6 0x82 0xeb 0x7b 0x0 0x0 0x0 0x0 0x3c 0xf3 0x9e 0x25 0x73 0xe7 0x15 0xee 0x0 0x0 0x0 0x0 0x0 0x0 0x0 0x80 0x0 0xa4 0xa4 0x0 0x1 0xed 0x6 0x0 0x0
1787978714277,0x1 0x79 0xd 0xb6 0x61 0xb6 0x60 0xd 0x0 0x0 0xd 0x0 0x0 0x0 0x0 0x0 0x0 0x0 0x73 0x0 0x0 0x0 0xd4 0x3 0x0 0x0 0x0 0x0 0x0 0x58 0x0 0x57 0x0 0x57 0x0 0x58 0x0 0xb0 0xb0 0xb0 0xb0 0xb0 0xb0 0x0 0x0 0x0 0x0 0x0 0x0 0x0 0x0 0x0 0x0 0x0 0x0 0x0 0x0 0x0 0x0 0x0 0x0 0x0 0x80 0x80 0x80 0x80 0x4d 0x80 0x4f 0x80 0xa6 0x82 0xeb 0x7b 0x0 0x0 0x0 0x0 0x3c 0xf3 0xca 0x26 0x73 0xe7 0x15 0xee 0x0 0x0 0x0 0x0 0x0 0x0 0x0 0x80 0x0 0xa4 0xa4 0x0 0x1 0xed 0x6 0x0 0x0
1787978714500,0x1 0x79 0xd 0xb6 0x61 0xb6 0x60 0xd 0x0 0x0 0xd 0x0 0x0 0x0 0x0 0x0 0x0 0x0 0x73 0x0 0x0 0x0 0xd4 0x3 0x0 0x0 0x0 0x0 0x0 0x58 0x0 0x58 0x0 0x57 0x0 0x58 0x0 0xb0 0xb0 0xb0 0xb0 0xb0 0xb0 0x0 0x0 0x0 0x0 0x0 0x0 0x0 0x0 0x0 0x0 0x0 0x0 0x0 0x0 0x0 0x0 0x0 0x0 0x0 0x80 0x80 0x80 0x80 0x4d 0x80 0x4f 0x80 0xa6 0x82 0xeb 0x7b 0x0 0x0 0x0 0x0 0x3c 0xf3 0xca 0x26 0x73 0xe7 0x15 0xee 0x0 0x0 0x0 0x0 0x0 0x0 0x0 0x80 0x0 0xa4 0xa4 0x0 0x1 0xed 0x6 0x0 0x0
1787978714724,0x1 0x79 0xd 0xb6 0x61 0xb6 0x60 0xd 0x0 0x0 0xd 0x0 0x0 0x0 0x0 0x0 0x0 0x0 0x73 0x0 0x0 0x0 0xd4 0x3 0x0 0x0 0x0 0x0 0x0 0x58 0x0 0x58 0x0 0x58 0x0 0x58 0x0 0xb0 0xb0 0xb0 0xb0 0xb0 0xb0 0x0 0x0 0x0 0x0 0x0 0x0 0x0 0x0 0x0 0x0 0x0 0x0 0x0 0x0 0x0 0x0 0x0 0x0 0x0 0x80 0x80 0x80 0x80 0x4d 0x80 0x4f 0x80 0xa6 0x82 0xeb 0x7b 0x0 0x0 0x0 0x0 0x3c 0xf3 0xca 0x26 0x73 0xe7 0x15 0xee 0x0 0x0 0x0 0x0 0x0 0x0 0x0 0x80 0x0 0xa4 0xa4 0x0 0x1 0xed 0x6 0x0 0x0
1787978714948,0x1 0x79 0xd 0xb6 0x61 0xb6 0x60 0xd 0x0 0x0 0xd 0x0 0x0 0x0 0x0 0x0 0x0 0x0 0x73 0x0 0x0 0x0 0xd4 0x3 0x0 0x0 0x0 0x0 0x0 0x58 0x0 0x57 0x0 0x58 0x0 0x58 0x0 0xb0 0xb0 0xb0 0xb0 0xb0 0xb0 0x0 0x0 0x0 0x0 0x0 0x0 0x0 0x0 0x0 0x0 0x0 0x0 0x0 0x0 0x0 0x0 0x0 0x0 0x0 0x80 0x80 0x80 0x80 0x4d 0x80 0x4f 0x80 0xa6 0x82 0xeb 0x7b 0x0 0x0 0x0 0x0 0x3c 0xf3 0xca 0x26 0x73 0xe7 0x15 0xee 0x0 0x0 0x0 0x0 0x0 0x0 0x0 0x80 0x0 0xa4 0xa4 0x0 0x1 0xed 0x6 0x0 0x0
1787978715172,0x1 0x79 0xd 0xb6 0x61 0xb6 0x60 0xd 0x0 0x0 0xd 0x0 0x0 0x0 0x0 0x0 0x0 0x0 0x73 0x0 0x0 0x0 0xd4 0x3 0x0 0x0 0x0 0x0 0x0 0x58 0x0 0x58 0x0 0x57 0x0 0x58 0x0 0xb0 0xb0 0xb0 0xb0 0xb0 0xb0 0x0 0x0 0x0 0x0 0x0 0x0 0x0 0x0 0x0 0x0 0x0 0x0 0x0 0x0 0x0 0x0 0x0 0x0 0x0 0x80 0x80 0x80 0x80 0x4d 0x80 0x4f 0x80 0xa6 0x82 0xeb 0x7b 0x0 0x0 0x0 0x0 0x3c 0xf3 0x9e 0x25 0x73 0xe7 0x15 0xee 0x0 0x0 0x0 0x0 0x0 0x0 0x0 0x80 0x0 0xa4 0xa4 0x0 0x1 0xed 0x6 0x0 0x0
1787978715396,0x1 0x79 0xd 0xb6 0x61 0xb6 0x60 0xd 0x0 0x0 0xd 0x0 0x0 0x0 0x0 0x0 0x0 0x0 0x73 0x0 0x0 0x0 0xd4 0x3 0x0 0x0 0x0 0x0 0x0 0x58 0x0 0x58 0x0 0x58 0x0 0x58 0x0 0xb0 0xb0 0xb0 0xb0 0xb0 0xb0 0x0 0x0 0x0 0x0 0x0 0x0 0x0 0x0 0x0 0x0 0x0 0x0 0x0 0x0 0x0 0x0 0x0 0x0 0x0 0x80 0x80 0x80 0x80 0x4d 0x80 0x4f 0x80 0xa6 0x82 0xeb 0x7b 0x0 0x0 0x0 0x0 0x3c 0xf3 0xca 0x26 0x73 0xe7 0x15 0xee 0x0 0x0 0x0 0x0 0x0 0x0 0x0 0x80 0x0 0xa4 0xa4 0x0 0x1 0xed 0x6 0x0 0x0
1787978715620,0x1 0x79 0xd 0xb6 0x61 0xb6 0x60 0xd 0x0 0x0 0xd 0x0 0x0 0x0 0x0 0x0 0x0 0x0 0x73 0x0 0x0 0x0 0xd4 0x3 0x0 0x0 0x0 0x0 0x0 0x58 0x0 0x57 0x0 0x58 0x0 0x58 0x0 0xb0 0xb0 0xb0 0xb0 0xb0 0xb0 0x0 0x0 0x0 0x0 0x0 0x0 0x0 0x0 0x0 0x0 0x0 0x0 0x0 0x0 0x0 0x0 0x0 0x0 0x0 0x80 0x80 0x80 0x80 0x4d 0x80 0x4f 0x80 0xa6 0x82 0xeb 0x7b 0x0 0x0 0x0 0x0 0x3c 0xf3 0xca 0x26 0x73 0xe7 0x15 0xee 0x0 0x0 0x0 0x0 0x0 0x0 0x0 0x80 0x0 0xa4 0xa4 0x0 0x1 0xed 0x6 0x0 0x0
1787978715844,0x1 0x79 0xd 0xb6 0x61 0xb6 0x60 0xd 0x0 0x0 0xd 0x0 0x0 0x0 0x0 0x0 0x0 0x0 0x73 0x0 0x0 0x0 0xd4 0x3 0x0 0x0 0x0 0x0 0x0 0x58 0x0 0x57 0x0 0x58 0x0 0x58 0x0 0xb0 0xb0 0xb0 0xb0 0xb0 0xb0 0x0 0x0 0x0 0x0 0x0 0x0 0x0 0x0 0x0 0x0 0x0 0x0 0x0 0x0 0x0 0x0 0x0 0x0 0x0 0x80 0x80 0x80 0x80 0x4d 0x80 0x4f 0x80 0xa6 0x82 0xeb 0x7b 0x0 0x0 0x0 0x0 0x3c 0xf3 0xca 0x26 0x73 0xe7 0x15 0xee 0x0 0x0 0x0 0x0 0x0 0x0 0x0 0x80 0x0 0xa4 0xa4 0x0 0x1 0xed 0x6 0x0 0x0
1787978716068,0x1 0x79 0xd 0xb6 0x61 0xb6 0x60 0xd 0x0 0x0 0xd 0x0 0x0 0x0 0x0 0x0 0x0 0x0 0x73 0x0 0x0 0x0 0xd4 0x3 0x0 0x0 0x0 0x0 0x0 0x58 0x0 0x57 0x0 0x58 0x0 0x58 0x0 0xb0 0xb0 0xb0 0xb0 0xb0 0xb0 0x0 0x0 0x0 0x0 0x0 0x0 0x0 0x0 0x0 0x0 0x0 0x0 0x0 0x0 0x0 0x0 0x0 0x0 0x0 0x80 0x80 0x80 0x80 0x4d 0x80 0x4f 0x80 0xa6 0x82 0xeb 0x7b 0x0 0x0 0x0 0x0 0x3c 0xf3 0xca 0x26 0x73 0xe7 0x15 0xee 0x0 0x0 0x0 0x0 0x0 0x0 0x0 0x80 0x0 0xa4 0xa4 0x0 0x1 0xed 0x6 0x0 0x0
1787978716292,0x1 0x79 0xd 0xb6 0x61 0xb6 0x60 0xd 0x0 0x0 0xd 0x0 0x0 0x0 0x0 0x0 0x0 0x0 0x73 0x0 0x0 0x0 0xd4 0x3 0x0 0x0 0x0 0x0 0x0 0x58 0x0 0x58 0x0 0x57 0x0 0x58 0x0 0xb0 0xb0 0xb0 0xb0 0xb0 0xb0 0x0 0x0 0x0 0x0 0x0 0x0 0x0 0x0 0x0 0x0 0x0 0x0 0x0 0x0 0x0 0x0 0x0 0x0 0x0 0x80 0x80 0x80 0x80 0x4d 0x80 0x4f 0x80 0xa6 0x82 0xeb 0x7b 0x0 0x0 0x0 0x0 0x3c 0xf3 0x9e 0x25 0x73 0xe7 0x15 0xee 0x0 0x0 0x0 0x0 0x0 0x0 0x0 0x80 0x0 0xa4 0xa4 0x0 0x1 0xed 0x6 0x0 0x0
1787978716516,0x1 0x79 0xd 0xb6 0x61 0xb6 0x60 0xd 0x0 0x0 0xd 0x0 0x0 0x0 0x0 0x0 0x0 0x0 0x73 0x0 0x0 0x0 0xd4 0x3 0x0 0x0 0x0 0x0 0x0 0x58 0x0 0x58 0x0 0x57 0x0 0x58 0x0 0xb0 0xb0 0xb0 0xb0 0xb0 0xb0 0x0 0x0 0x0 0x0 0x0 0x0 0x0 0x0 0x0 0x0 0x0 0x0 0x0 0x0 0x0 0x0 0x0 0x0 0x0 0x80 0x80 0x80 0x80 0x4d 0x80 0x4f 0x80 0xa6 0x82 0xeb 0x7b 0x0 0x0 0x0 0x0 0x3c 0xf3 0xca 0x26 0x73 0xe7 0x15 0xee 0x0 0x0 0x0 0x0 0x0 0x0 0x0 0x80 0x0 0xa4 0xa4 0x0 0x1 0xed 0x6 0x0 0x0
1787978716740,0x1 0x79 0xd 0xb6 0x61 0xb6 0x60 0xd 0x0 0x0 0xd 0x0 0x0 0x0 0x0 0x0 0x0 0x0 0x73 0x0 0x0 0x0 0xd4 0x3 0x0 0x0 0x0 0x0 0x0 0x58 0x0 0x57 0x0 0x57 0x0 0x58 0x0 0xb0 0xb0 0xb0 0xb0 0xb0 0xb0 0x0 0x0 0x0 0x0 0x0 0x0 0x0 0x0 0x0 0x0 0x0 0x0 0x0 0x0 0x0 0x0 0x0 0x0 0x0 0x80 0x80 0x80 0x80 0x4d 0x80 0x4f 0x80 0xa6 0x82 0xeb 0x7b 0x0 0x0 0x0 0x0 0x3c 0xf3 0xca 0x26 0x73 0xe7 0x15 0xee 0x0 0x0 0x0 0x0 0x0 0x0 0x0 0x80 0x0 0xa4 0xa4 0x0 0x1 0xed 0x6 0x0 0x0
1787978716963,0x1 0x79 0xd 0xb6 0x61 0xb6 0x60 0xd 0x0 0x0 0xd 0x0 0x0 0x0 0x0 0x0 0x0 0x0 0x73 0x0 0x0 0x0 0xd4 0x3 0x0 0x0 0x0 0x0 0x0 0x58 0x0 0x58 0x0 0x57 0x0 0x58 0x0 0xb0 0xb0 0xb0 0xb0 0xb0 0xb0 0x0 0x0 0x0 0x0 0x0 0x0 0x0 0x0 0x0 0x0 0x0 0x0 0x0 0x0 0x0 0x0 0x0 0x0 0x0 0x80 0x80 0x80 0x80 0x4d 0x80 0x4f 0x80 0xa6 0x82 0xeb 0x7b 0x0 0x0 0x0 0x0 0x3c 0xf3 0xca 0x26 0x73 0xe7 0x15 0xee 0x0 0x0 0x0 0x0 0x0 0x0 0x0 0x80 0x0 0xa4 0xa4 0x0 0x1 0xed 0x6 0x0 0x0
1787978717188,0x1 0x79 0xd 0xb6 0x61 0xb6 0x60 0xd 0x0 0x0 0xd 0x0 0x0 0x0 0x0 0x0 0x0 0x0 0x73 0x0 0x0 0x0 0xd4 0x3 0x0 0x0 0x0 0x0 0x0 0x58 0x0 0x57 0x0 0x57 0x0 0x58 0x0 0xb0 0xb0 0xb0 0xb0 0xb0 0xb0 0x0 0x0 0x0 0x0 0x0 0x0 0x0 0x0 0x0 0x0 0x0 0x0 0x0 0x0 0x0 0x0 0x0 0x0 0x0 0x80 0x80 0x80 0x80 0x4d 0x80 0x4f 0x80 0xa6 0x82 0xeb 0x7b 0x0 0x0 0x0 0x0 0x3c 0xf3 0xca 0x26 0x73 0xe7 0x15 0xee 0x0 0x0 0x0 0x0 0x0 0x0 0x0 0x80 0x0 0xa4 0xa4 0x0 0x1 0xed 0x6 0x0 0x0
1787978717411,0x1 0x79 0xd 0xb6 0x61 0xb6 0x60 0xd 0x0 0x0 0xd 0x0 0x0 0x0 0x0 0x0 0x0 0x0 0x73 0x0 0x0 0x0 0xd4 0x3 0x0 0x0 0x0 0x0 0x0 0x58 0x0 0x57 0x0 0x58 0x0 0x58 0x0 0xb0 0xb0 0xb0 0xb0 0xb0 0xb0 0x0 0x0 0x0 0x0 0x0 0x0 0x0 0x0 0x0 0x0 0x0 0x0 0x0 0x0 0x0 0x0 0x0 0x0 0x0 0x80 0x80 0x80 0x80 0x4d 0x80 0x4f 0x80 0xa6 0x82 0xeb 0x7b 0x0 0x0 0x0 0x0 0x3c 0xf3 0x9e 0x25 0x73 0xe7 0x15 0xee 0x0 0x0 0x0 0x0 0x0 0x0 0x0 0x80 0x0 0xa4 0xa4 0x0 0x1 0xed 0x6 0x0 0x0
1787978717635,0x1 0x79 0xd 0xb6 0x61 0xb6 0x60 0xd 0x0 0x0 0xd 0x0 0x0 0x0 0x0 0x0 0x0 0x0 0x73 0x0 0x0 0x0 0xd4 0x3 0x0 0x0 0x0 0x0 0x0 0x58 0x0 0x58 0x0 0x58 0x0 0x58 0x0 0xb0 0xb0 0xb0 0xb0 0xb0 0xb0 0x0 0x0 0x0 0x0 0x0 0x0 0x0 0x0 0x0 0x0 0x0 0x0 0x0 0x0 0x0 0x0 0x0 0x0 0x0 0x80 0x80 0x80 0x80 0x4d 0x80 0x4f 0x80 0xa6 0x82 0xeb 0x7b 0x0 0x0 0x0 0x0 0x3c 0xf3 0xca 0x26 0x73 0xe7 0x15 0xee 0x0 0x0 0x0 0x0 0x0 0x0 0x0 0x80 0x0 0xa4 0xa4 0x0 0x1 0xed 0x6 0x0 0x0
1787978717860,0x1 0x79 0xd 0xb6 0x61 0xb6 0x60 0xd 0x0 0x0 0xd 0x0 0x0 0x0 0x0 0x0 0x0 0x0 0x73 0x0 0x0 0x0 0xd4 0x3 0x0 0x0 0x0 0x0 0x0 0x58 0x0 0x58 0x0 0x58 0x0 0x58 0x0 0xb0 0xb0 0xb0 0xb0 0xb0 0xb0 0x0 0x0 0x0 0x0 0x0 0x0 0x0 0x0 0x0 0x0 0x0 0x0 0x0 0x0 0x0 0x0 0x0 0x0 0x0 0x80 0x80 0x80 0x80 0x4d 0x80 0x4f 0x80 0xa6 0x82 0xeb 0x7b 0x0 0x0 0x0 0x0 0x3c 0xf3 0xca 0x26 0x73 0xe7 0x15 0xee 0x0 0x0 0x0 0x0 0x0 0x0 0x0 0x80 0x0 0xa4 0xa4 0x0 0x1 0xed 0x6 0x0 0x0
1787978718084,0x1 0x79 0xd 0xb6 0x61 0xb6 0x60 0xd 0x0 0x0 0xd 0x0 0x0 0x0 0x0 0x0 0x0 0x0 0x73 0x0 0x0 0x0 0xd4 0x3 0x0 0x0 0x0 0x0 0x0 0x58 0x0 0x58 0x0 0x57 0x0 0x58 0x0 0xb0 0xb0 0xb0 0xb0 0xb0 0xb0 0x0 0x0 0x0 0x0 0x0 0x0 0x0 0x0 0x0 0x0 0x0 0x0 0x0 0x0 0x0 0x0 0x0 0x0 0x0 0x80 0x80 0x80 0x80 0x4d 0x80 0x4f 0x80 0xa6 0x82 0xeb 0x7b 0x0 0x0 0x0 0x0 0x3c 0xf3 0xca 0x26 0x73 0xe7 0x15 0xee 0x0 0x0 0x0 0x0 0x0 0x0 0x0 0x80 0x0 0xa4 0xa4 0x0 0x1 0xed 0x6 0x0 0x0
1787978718307,0x1 0x79 0xd 0xb6 0x61 0xb6 0x60 0xd 0x0 0x0 0xd 0x0 0x0 0x0 0x0 0x0 0x0 0x0 0x73 0x0 0x0 0x0 0xd4 0x3 0x0 0x0 0x0 0x0 0x0 0x58 0x0 0x57 0x0 0x57 0x0 0x58 0x0 0xb0 0xb0 0xb0 0xb0 0xb0 0xb0 0x0 0x0 0x0 0x0 0x0 0x0 0x0 0x0 0x0 0x0 0x0 0x0 0x0 0x0 0x0 0x0 0x0 0x0 0x0 0x80 0x80 0x80 0x80 0x4d 0x80 0x4f 0x80 0xa6 0x82 0xeb 0x7b 0x0 0x0 0x0 0x0 0x3c 0xf3 0xca 0x26 0x73 0xe7 0x15 0xee 0x0 0x0 0x0 0x0 0x0 0x0 0x0 0x80 0x0 0xa4 0xa4 0x0 0x1 0xed 0x6 0x0 0x0
1787978718531,0x1 0x79 0xd 0xb6 0x61 0xb6 0x60 0xd 0x0 0x0 0xd 0x0 0x0 0x0 0x0 0x0 0x0 0x0 0x73 0x0 0x0 0x0 0xd4 0x3 0x0 0x0 0x0 0x0 0x0 0x58 0x0 0x57 0x0 0x57 0x0 0x58 0x0 0xb0 0xb0 0xb0 0xb0 0xb0 0xb0 0x0 0x0 0x0 0x0 0x0 0x0 0x0 0x0 0x0 0x0 0x0 0x0 0x0 0x0 0x0 0x0 0x0 0x0 0x0 0x80 0x80 0x80 0x80 0x4d 0x80 0x4f 0x80 0xa6 0x82 0xeb 0x7b 0x0 0x0 0x0 0x0 0x3c 0xf3 0x9e 0x25 0x73 0xe7 0x15 0xee 0x0 0x0 0x0 0x0 0x0 0x0 0x0 0x80 0x0 0xa4 0xa4 0x0 0x1 0xed 0x6 0x0 0x0
1787978718756,0x1 0x79 0xd 0xb6 0x61 0xb6 0x60 0xd 0x0 0x0 0xd 0x0 0x0 0x0 0x0 0x0 0x0 0x0 0x73 0x0 0x0 0x0 0xd4 0x3 0x0 0x0 0x0 0x0 0x0 0x58 0x0 0x57 0x0 0x57 0x0 0x58 0x0 0xb0 0xb0 0xb0 0xb0 0xb0 0xb0 0x0 0x0 0x0 0x0 0x0 0x0 0x0 0x0 0x0 0x0 0x0 0x0 0x0 0x0 0x0 0x0 0x0 0x0 0x0 0x80 0x80 0x80 0x80 0x4d 0x80 0x4f 0x80 0xa6 0x82 0xeb 0x7b 0x0 0x0 0x0 0x0 0x3c 0xf3 0xca 0x26 0x73 0xe7 0x15 0xee 0x0 0x0 0x0 0x0 0x0 0x0 0x0 0x80 0x0 0xa4 0xa4 0x0 0x1 0xed 0x6 0x0 0x0
1787978718979,0x1 0x79 0xd 0xb6 0x61 0xb6 0x60 0xd 0x0 0x0 0xd 0x0 0x0 0x0 0x0 0x0 0x0 0x0 0x73 0x0 0x0 0x0 0xd4 0x3 0x0 0x0 0x0 0x0 0x0 0x58 0x0 0x58 0x0 0x57 0x0 0x58 0x0 0xb0 0xb0 0xb0 0xb0 0xb0 0xb0 0x0 0x0 0x0 0x0 0x0 0x0 0x0 0x0 0x0 0x0 0x0 0x0 0x0 0x0 0x0 0x0 0x0 0x0 0x0 0x80 0x80 0x80 0x80 0x4d 0x80 0x4f 0x80 0xa6 0x82 0xeb 0x7b 0x0 0x0 0x0 0x0 0x3c 0xf3 0xca 0x26 0x73 0xe7 0x15 0xee 0x0 0x0 0x0 0x0 0x0 0x0 0x0 0x80 0x0 0xa4 0xa4 0x0 0x1 0xed 0x6 0x0 0x0
1787978719204,0x1 0x79 0xd 0xb6 0x61 0xb6 0x60 0xd 0x0 0x0 0xd 0x0 0x0 0x0 0x0 0x0 0x0 0x0 0x73 0x0 0x0 0x0 0xd4 0x3 0x0 0x0 0x0 0x0 0x0 0x58 0x0 0x57 0x0 0x58 0x0 0x58 0x0 0xb0 0xb0 0xb0 0xb0 0xb0 0xb0 0x0 0x0 0x0 0x0 0x0 0x0 0x0 0x0 0x0 0x0 0x0 0x0 0x0 0x0 0x0 0x0 0x0 0x0 0x0 0x80 0x80 0x80 0x80 0x4d 0x80 0x4f 0x80 0xa6 0x82 0xeb 0x7b 0x0 0x0 0x0 0x0 0x3c 0xf3 0xca 0x26 0x73 0xe7 0x15 0xee 0x0 0x0 0x0 0x0 0x0 0x0 0x0 0x80 0x0 0xa4 0xa4 0x0 0x1 0xed 0x6 0x0 0x0
1787978719442,0x1 0x79 0xd 0xb6 0x61 0xb6 0x60 0xd 0x0 0x0 0xd 0x0 0x0 0x0 0x0 0x0 0x0 0x0 0x73 0x0 0x0 0x0 0xd4 0x3 0x0 0x0 0x0 0x0 0x0 0x58 0x0 0x57 0x0 0x58 0x0 0x58 0x0 0xb0 0xb0 0xb0 0xb0 0xb0 0xb0 0x0 0x0 0x0 0x0 0x0 0x0 0x0 0x0 0x0 0x0 0x0 0x0 0x0 0x0 0x0 0x0 0x0 0x0 0x0 0x80 0x80 0x80 0x80 0x4d 0x80 0x4f 0x80 0xa6 0x82 0xeb 0x7b 0x0 0x0 0x0 0x0 0x3c 0xf3 0xca 0x26 0x73 0xe7 0x15 0xee 0x0 0x0 0x0 0x0 0x0 0x0 0x0 0x80 0x0 0xa4 0xa4 0x0 0x1 0xed 0x6 0x0 0x0
1787978719667,0x1 0x79 0xd 0xb6 0x61 0xb6 0x60 0xd 0x0 0x0 0xd 0x0 0x0 0x0 0x0 0x0 0x0 0x0 0x73 0x0 0x0 0x0 0xd4 0x3 0x0 0x0 0x0 0x0 0x0 0x58 0x0 0x58 0x0 0x58 0x0 0x58 0x0 0xb0 0xb0 0xb0 0xb0 0xb0 0xb0 0x0 0x0 0x0 0x0 0x0 0x0 0x0 0x0 0x0 0x0 0x0 0x0 0x0 0x0 0x0 0x0 0x0 0x0 0x0 0x80 0x80 0x80 0x80 0x4d 0x80 0x4f 0x80 0xa6 0x82 0xeb 0x7b 0x0 0x0 0x0 0x0 0x3c 0xf3 0xca 0x26 0x73 0xe7 0x15 0xee 0x0 0x0 0x0 0x0 0x0 0x0 0x0 0x80 0x0 0xa4 0xa4 0x0 0x1 0xed 0x6 0x0 0x0
1787978719891,0x1 0x79 0xd 0xb6 0x61 0xb6 0x60 0xd 0x0 0x0 0xd 0x0 0x0 0x0 0x0 0x0 0x0 0x0 0x73 0x0 0x0 0x0 0xd4 0x3 0x0 0x0 0x0 0x0 0x0 0x58 0x0 0x57 0x0 0x57 0x0 0x58 0x0 0xb0 0xb0 0xb0 0xb0 0xb0 0xb0 0x0 0x0 0x0 0x0 0x0 0x0 0x0 0x0 0x0 0x0 0x0 0x0 0x0 0x0 0x0 0x0 0x0 0x0 0x0 0x80 0x80 0x80 0x80 0x4d 0x80 0x4f 0x80 0xa6 0x82 0xeb 0x7b 0x0 0x0 0x0 0x0 0x3c 0xf3 0x9e 0x25 0x73 0xe7 0x15 0xee 0x0 0x0 0x0 0x0 0x0 0x0 0x0 0x80 0x0 0xa4 0xa4 0x0 0x1 0xed 0x6 0x0 0x0
1787978720115,0x1 0x79 0xd 0xb6 0x61 0xb6 0x60 0xd 0x0 0x0 0xd 0x0 0x0 0x0 0x0 0x0 0x0 0x0 0x73 0x0 0x0 0x0 0xd4 0x3 0x0 0x0 0x0 0x0 0x0 0x58 0x0 0x57 0x0 0x58 0x0 0x58 0x0 0xb0 0xb0 0xb0 0xb0 0xb0 0xb0 0x0 0x0 0x0 0x0 0x0 0x0 0x0 0x0 0x0 0x0 0x0 0x0 0x0 0x0 0x0 0x0 0x0 0x0 0x0 0x80 0x80 0x80 0x80 0x4d 0x80 0x4f 0x80 0xa6 0x82 0xeb 0x7b 0x0 0x0 0x0 0x0 0x3c 0xf3 0xca 0x26 0x73 0xe7 0x15 0xee 0x0 0x0 0x0 0x0 0x0 0x0 0x0 0x80 0x0 0xa4 0xa4 0x0 0x1 0xed 0x6 0x0 0x0
1787978720339,0x1 0x79 0xd 0xb6 0x61 0xb6 0x60 0xd 0x0 0x0 0xd 0x0 0x0 0x0 0x0 0x0 0x0 0x0 0x73 0x0 0x0 0x0 0xd4 0x3 0x0 0x0 0x0 0x0 0x0 0x58 0x0 0x58 0x0 0x57 0x0 0x58 0x0 0xb0 0xb0 0xb0 0xb0 0xb0 0xb0 0x0 0x0 0x0 0x0 0x0 0x0 0x0 0x0 0x0 0x0 0x0 0x0 0x0 0x0 0x0 0x0 0x0 0x0 0x0 0x80 0x80 0x80 0x80 0x4d 0x80 0x4f 0x80 0xa6 0x82 0xeb 0x7b 0x0 0x0 0x0 0x0 0x3c 0xf3 0x9e 0x25 0x73 0xe7 0x15 0xee 0x0 0x0 0x0 0x0 0x0 0x0 0x0 0x80 0x0 0xa4 0xa4 0x0 0x1 0xed 0x6 0x0 0x0
1787978720563,0x1 0x79 0xd 0xb6 0x61 0xb6 0x60 0xd 0x0 0x0 0xd 0x0 0x0 0x0 0x0 0x0 0x0 0x0 0x73 0x0 0x0 0x0 0xd4 0x3 0x0 0x0 0x0 0x0 0x0 0x58 0x0 0x58 0x0 0x58 0x0 0x58 0x0 0xb0 0xb0 0xb0 0xb0 0xb0 0xb0 0x0 0x0 0x0 0x0 0x0 0x0 0x0 0x0 0x0 0x0 0x0 0x0 0x0 0x0 0x0 0x0 0x0 0x0 0x0 0x80 0x80 0x80 0x80 0x4d 0x80 0x4f 0x80 0xa6 0x82 0xeb 0x7b 0x0 0x0 0x0 0x0 0x3c 0xf3 0xca 0x26 0x73 0xe7 0x15 0xee 0x0 0x0 0x0 0x0 0x0 0x0 0x0 0x80 0x0 0xa4 0xa4 0x0 0x1 0xed 0x6 0x0 0x0
1787978720786,0x1 0x79 0xd 0xb6 0x61 0xb6 0x60 0xd 0x0 0x0 0xd 0x0 0x0 0x0 0x0 0x0 0x0 0x0 0x73 0x0 0x0 0x0 0xd4 0x3 0x0 0x0 0x0 0x0 0x0 0x58 0x0 0x58 0x0 0x58 0x0 0x58 0x0 0xb0 0xb0 0xb0 0xb0 0xb0 0xb0 0x0 0x0 0x0 0x0 0x0 0x0 0x0 0x0 0x0 0x0 0x0 0x0 0x0 0x0 0x0 0x0 0x0 0x0 0x0 0x80 0x80 0x80 0x80 0x4d 0x80 0x4f 0x80 0xa6 0x82 0xeb 0x7b 0x0 0x0 0x0 0x0 0x3c 0xf3 0xca 0x26 0x73 0xe7 0x15 0xee 0x0 0x0 0x0 0x0 0x0 0x0 0x0 0x80 0x0 0xa4 0xa4 0x0 0x1 0xed 0x6 0x0 0x0
1787978721011,0x1 0x79 0xd 0xb6 0x61 0xb6 0x60 0xd 0x0 0x0 0xd 0x0 0x0 0x0 0x0 0x0 0x0 0x0 0x73 0x0 0x0 0x0 0xd4 0x3 0x0 0x0 0x0 0x0 0x0 0x58 0x0 0x57 0x0 0x58 0x0 0x58 0x0 0xb0 0xb0 0xb0 0xb0 0xb0 0xb0 0x0 0x0 0x0 0x0 0x0 0x0 0x0 0x0 0x0 0x0 0x0 0x0 0x0 0x0 0x0 0x0 0x0 0x0 0x0 0x80 0x80 0x80 0x80 0x4d 0x80 0x4f 0x80 0xa6 0x82 0xeb 0x7b 0x0 0x0 0x0 0x0 0x3c 0xf3 0x9e 0x25 0x73 0xe7 0x15 0xee 0x0 0x0 0x0 0x0 0x0 0x0 0x0 0x80 0x0 0xa4 0xa4 0x0 0x1 0xed 0x6 0x0 0x0
1787978721235,0x1 0x79 0xd 0xb6 0x61 0xb6 0x60 0xd 0x0 0x0 0xd 0x0 0x0 0x0 0x0 0x0 0x0 0x0 0x73 0x0 0x0 0x0 0xd4 0x3 0x0 0x0 0x0 0x0 0x0 0x58 0x0 0x57 0x0 0x58 0x0 0x57 0x0 0xb0 0xb0 0xb0 0xb0 0xb0 0xb0 0x0 0x0 0x0 0x0 0x0 0x0 0x0 0x0 0x0 0x0 0x0 0x0 0x0 0x0 0x0 0x0 0x0 0x0 0x0 0x80 0x80 0x80 0x80 0x4d 0x80 0x4f 0x80 0xa6 0x82 0xeb 0x7b 0x0 0x0 0x0 0x0 0x3c 0xf3 0xca 0x26 0x73 0xe7 0x15 0xee 0x0 0x0 0x0 0x0 0x0 0x0 0x0 0x80 0x0 0xa4 0xa4 0x0 0x1 0xed 0x6 0x0 0x0
1787978721459,0x1 0x79 0xd 0xb6 0x61 0xb6 0x60 0xd 0x0 0x0 0xd 0x0 0x0 0x0 0x0 0x0 0x0 0x0 0x73 0x0 0x0 0x0 0xd4 0x3 0x0 0x0 0x0 0x0 0x0 0x58 0x0 0x57 0x0 0x58 0x0 0x58 0x0 0xb0 0xb0 0xb0 0xb0 0xb0 0xb0 0x0 0x0 0x0 0x0 0x0 0x0 0x0 0x0 0x0 0x0 0x0 0x0 0x0 0x0 0x0 0x0 0x0 0x0 0x0 0x80 0x80 0x80 0x80 0x4d 0x80 0x4f 0x80 0xa6 0x82 0xeb 0x7b 0x0 0x0 0x0 0x0 0x3c 0xf3 0xca 0x26 0x73 0xe7 0x15 0xee 0x0 0x0 0x0 0x0 0x0 0x0 0x0 0x80 0x0 0xa4 0xa4 0x0 0x1 0xed 0x6 0x0 0x0
1787978721682,0x1 0x79 0xd 0xb6 0x61 0xb6 0x60 0xd 0x0 0x0 0xd 0x0 0x0 0x0 0x0 0x0 0x0 0x0 0x73 0x0 0x0 0x0 0xd4 0x3 0x0 0x0 0x0 0x0 0x0 0x58 0x0 0x58 0x0 0x57 0x0 0x58 0x0 0xb0 0xb0 0xb0 0xb0 0xb0 0xb0 0x0 0x0 0x0 0x0 0x0 0x0 0x0 0x0 0x0 0x0 0x0 0x0 0x0 0x0 0x0 0x0 0x0 0x0 0x0 0x80 0x80 0x80 0x80 0x4d 0x80 0x4f 0x80 0xa6 0x82 0xeb 0x7b 0x0 0x0 0x0 0x0 0x3c 0xf3 0xca 0x26 0x73 0xe7 0x15 0xee 0x0 0x0 0x0 0x0 0x0 0x0 0x0 0x80 0x0 0xa4 0xa4 0x0 0x1 0xed 0x6 0x0 0x0
1787978721906,0x1 0x79 0xd 0xb6 0x61 0xb6 0x60 0xd 0x0 0x0 0xd 0x0 0x0 0x0 0x0 0x0 0x0 0x0 0x73 0x0 0x0 0x0 0xd4 0x3 0x0 0x0 0x0 0x0 0x0 0x58 0x0 0x57 0x0 0x58 0x0 0x58 0x0 0xb0 0xb0 0xb0 0xb0 0xb0 0xb0 0x0 0x0 0x0 0x0 0x0 0x0 0x0 0x0 0x0 0x0 0x0 0x0 0x0 0x0 0x0 0x0 0x0 0x0 0x0 0x80 0x80 0x80 0x80 0x4d 0x80 0x4f 0x80 0xa6 0x82 0xeb 0x7b 0x0 0x0 0x0 0x0 0x3c 0xf3 0xca 0x26 0x73 0xe7 0x15 0xee 0x0 0x0 0x0 0x0 0x0 0x0 0x0 0x80 0x0 0xa4 0xa4 0x0 0x1 0xed 0x6 0x0 0x0
1787978722131,0x1 0x79 0xd 0xb6 0x61 0xb6 0x60 0xd 0x0 0x0 0xd 0x0 0x0 0x0 0x0 0x0 0x0 0x0 0x73 0x0 0x0 0x0 0xd4 0x3 0x0 0x0 0x0 0x0 0x0 0x58 0x0 0x58 0x0 0x57 0x0 0x58 0x0 0xb0 0xb0 0xb0 0xb0 0xb0 0xb0 0x0 0x0 0x0 0x0 0x0 0x0 0x0 0x0 0x0 0x0 0x0 0x0 0x0 0x0 0x0 0x0 0x0 0x0 0x0 0x80 0x80 0x80 0x80 0x4d 0x80 0x4f 0x80 0xa6 0x82 0xeb 0x7b 0x0 0x0 0x0 0x0 0x3c 0xf3 0x9e 0x25 0x73 0xe7 0x15 0xee 0x0 0x0 0x0 0x0 0x0 0x0 0x0 0x80 0x0 0xa4 0xa4 0x0 0x1 0xed 0x6 0x0 0x0
1787978722354,0x1 0x79 0xd 0xb6 0x61 0xb6 0x60 0xd 0x0 0x0 0xd 0x0 0x0 0x0 0x0 0x0 0x0 0x0 0x73 0x0 0x0 0x0 0xd4 0x3 0x0 0x0 0x0 0x0 0x0 0x58 0x0 0x58 0x0 0x58 0x0 0x58 0x0 0xb0 0xb0 0xb0 0xb0 0xb0 0xb0 0x0 0x0 0x0 0x0 0x0 0x0 0x0 0x0 0x0 0x0 0x0 0x0 0x0 0x0 0x0 0x0 0x0 0x0 0x0 0x80 0x80 0x80 0x80 0x4d 0x80 0x4f 0x80 0xa6 0x82 0xeb 0x7b 0x0 0x0 0x0 0x0 0x3c 0xf3 0xca 0x26 0x73 0xe7 0x15 0xee 0x0 0x0 0x0 0x0 0x0 0x0 0x0 0x80 0x0 0xa4 0xa4 0x0 0x1 0xed 0x6 0x0 0x0
1787978722578,0x1 0x79 0xd 0xb6 0x61 0xb6 0x60 0xd 0x0 0x0 0xd 0x0 0x0 0x0 0x0 0x0 0x0 0x0 0x73 0x0 0x0 0x0 0xd4 0x3 0x0 0x0 0x0 0x0 0x0 0x58 0x0 0x58 0x0 0x57 0x0 0x58 0x0 0xb0 0xb0 0xb0 0xb0 0xb0 0xb0 0x0 0x0 0x0 0x0 0x0 0x0 0x0 0x0 0x0 0x0 0x0 0x0 0x0 0x0 0x0 0x0 0x0 0x0 0x0 0x80 0x80 0x80 0x80 0x4d 0x80 0x4f 0x80 0xa6 0x82 0xeb 0x7b 0x0 0x0 0x0 0x0 0x3c 0xf3 0x9e 0x25 0x73 0xe7 0x15 0xee 0x0 0x0 0x0 0x0 0x0 0x0 0x0 0x80 0x0 0xa4 0xa4 0x0 0x1 0xed 0x6 0x0 0x0
1787978722802,0x1 0x79 0xd 0xb6 0x61 0xb6 0x60 0xd 0x0 0x0 0xd 0x0 0x0 0x0 0x0 0x0 0x0 0x0 0x73 0x0 0x0 0x0 0xd4 0x3 0x0 0x0 0x0 0x0 0x0 0x58 0x0 0x58 0x0 0x57 0x0 0x58 0x0 0xb0 0xb0 0xb0 0xb0 0xb0 0xb0 0x0 0x0 0x0 0x0 0x0 0x0 0x0 0x0 0x0 0x0 0x0 0x0 0x0 0x0 0x0 0x0 0x0 0x0 0x0 0x80 0x80 0x80 0x80 0x4d 0x80 0x4f 0x80 0xa6 0x82 0xeb 0x7b 0x0 0x0 0x0 0x0 0x3c 0xf3 0xca 0x26 0x73 0xe7 0x15 0xee 0x0 0x0 0x0 0x0 0x0 0x0 0x0 0x80 0x0 0xa4 0xa4 0x0 0x1 0xed 0x6 0x0 0x0
1787978723025,0x1 0x79 0xd 0xb6 0x61 0xb6 0x60 0xd 0x0 0x0 0xd 0x0 0x0 0x0 0x0 0x0 0x0 0x0 0x73 0x0 0x0 0x0 0xd4 0x3 0x0 0x0 0x0 0x0 0x0 0x58 0x0 0x58 0x0 0x58 0x0 0x58 0x0 0xb0 0xb0 0xb0 0xb0 0xb0 0xb0 0x0 0x0 0x0 0x0 0x0 0x0 0x0 0x0 0x0 0x0 0x0 0x0 0x0 0x0 0x0 0x0 0x0 0x0 0x0 0x80 0x80 0x80 0x80 0x4d 0x80 0x4f 0x80 0xa6 0x82 0xeb 0x7b 0x0 0x0 0x0 0x0 0x3c 0xf3 0xca 0x26 0x73 0xe7 0x15 0xee 0x0 0x0 0x0 0x0 0x0 0x0 0x0 0x80 0x0 0xa4 0xa4 0x0 0x1 0xed 0x6 0x0 0x0
1787978723249,0x1 0x79 0xd 0xb6 0x61 0xb6 0x60 0xd 0x0 0x0 0xd 0x0 0x0 0x0 0x0 0x0 0x0 0x0 0x73 0x0 0x0 0x0 0xd4 0x3 0x0 0x0 0x0 0x0 0x0 0x58 0x0 0x58 0x0 0x58 0x0 0x58 0x0 0xb0 0xb0 0xb0 0xb0 0xb0 0xb0 0x0 0x0 0x0 0x0 0x0 0x0 0x0 0x0 0x0 0x0 0x0 0x0 0x0 0x0 0x0 0x0 0x0 0x0 0x0 0x80 0x80 0x80 0x80 0x4d 0x80 0x4f 0x80 0xa6 0x82 0xeb 0x7b 0x0 0x0 0x0 0x0 0x3c 0xf3 0x9e 0x25 0x73 0xe7 0x15 0xee 0x0 0x0 0x0 0x0 0x0 0x0 0x0 0x80 0x0 0xa4 0xa4 0x0 0x1 0xed 0x6 0x0 0x0
1787978723474,0x1 0x79 0xd 0xb6 0x61 0xb6 0x60 0xd 0x0 0x0 0xd 0x0 0x0 0x0 0x0 0x0 0x0 0x0 0x73 0x0 0x0 0x0 0xd4 0x3 0x0 0x0 0x0 0x0 0x0 0x58 0x0 0x58 0x0 0x57 0x0 0x58 0x0 0xb0 0xb0 0xb0 0xb0 0xb0 0xb0 0x0 0x0 0x0 0x0 0x0 0x0 0x0 0x0 0x0 0x0 0x0 0x0 0x0 0x0 0x0 0x0 0x0 0x0 0x0 0x80 0x80 0x80 0x80 0x4d 0x80 0x4f 0x80 0xa6 0x82 0xeb 0x7b 0x0 0x0 0x0 0x0 0x3c 0xf3 0xca 0x26 0x73 0xe7 0x15 0xee 0x0 0x0 0x0 0x0 0x0 0x0 0x0 0x80 0x0 0xa4 0xa4 0x0 0x1 0xed 0x6 0x0 0x0
1787978723698,0x1 0x79 0xd 0xb6 0x61 0xb6 0x60 0xd 0x0 0x0 0xd 0x0 0x0 0x0 0x0 0x0 0x0 0x0 0x73 0x0 0x0 0x0 0xd4 0x3 0x0 0x0 0x0 0x0 0x0 0x58 0x0 0x58 0x0 0x58 0x0 0x58 0x0 0xb0 0xb0 0xb0 0xb0 0xb0 0xb0 0x0 0x0 0x0 0x0 0x0 0x0 0x0 0x0 0x0 0x0 0x0 0x0 0x0 0x0 0x0 0x0 0x0 0x0 0x0 0x80 0x80 0x80 0x80 0x4d 0x80 0x4f 0x80 0xa6 0x82 0xeb 0x7b 0x0 0x0 0x0 0x0 0x3c 0xf3 0x9e 0x25 0x73 0xe7 0x15 0xee 0x0 0x0 0x0 0x0 0x0 0x0 0x0 0x80 0x0 0xa4 0xa4 0x0 0x1 0xed 0x6 0x0 0x0
1787978723922,0x1 0x79 0xd 0xb6 0x61 0xb6 0x60 0xd 0x0 0x0 0xd 0x0 0x0 0x0 0x0 0x0 0x0 0x0 0x73 0x0 0x0 0x0 0xd4 0x3 0x0 0x0 0x0 0x0 0x0 0x58 0x0 0x57 0x0 0x57 0x0 0x58 0x0 0xb0 0xb0 0xb0 0xb0 0xb0 0xb0 0x0 0x0 0x0 0x0 0x0 0x0 0x0 0x0 0x0 0x0 0x0 0x0 0x0 0x0 0x0 0x0 0x0 0x0 0x0 0x80 0x80 0x80 0x80 0x4d 0x80 0x4f 0x80 0xa6 0x82 0xeb 0x7b 0x0 0x0 0x0 0x0 0x3c 0xf3 0xca 0x26 0x73 0xe7 0x15 0xee 0x0 0x0 0x0 0x0 0x0 0x0 0x0 0x80 0x0 0xa4 0xa4 0x0 0x1 0xed 0x6 0x0 0x0
1787978724146,0x1 0x79 0xd 0xb6 0x61 0xb6 0x60 0xd 0x0 0x0 0xd 0x0 0x0 0x0 0x0 0x0 0x0 0x0 0x73 0x0 0x0 0x0 0xd4 0x3 0x0 0x0 0x0 0x0 0x0 0x58 0x0 0x58 0x0 0x58 0x0 0x58 0x0 0xb0 0xb0 0xb0 0xb0 0xb0 0xb0 0x0 0x0 0x0 0x0 0x0 0x0 0x0 0x0 0x0 0x0 0x0 0x0 0x0 0x0 0x0 0x0 0x0 0x0 0x0 0x80 0x80 0x80 0x80 0x4d 0x80 0x4f 0x80 0xa6 0x82 0xeb 0x7b 0x0 0x0 0x0 0x0 0x3c 0xf3 0xca 0x26 0x73 0xe7 0x15 0xee 0x0 0x0 0x0 0x0 0x0 0x0 0x0 0x80 0x0 0xa4 0xa4 0x0 0x1 0xed 0x6 0x0 0x0
1787978724369,0x1 0x79 0xd 0xb6 0x61 0xb6 0x60 0xd 0x0 0x0 0xd 0x0 0x0 0x0 0x0 0x0 0x0 0x0 0x73 0x0 0x0 0x0 0xd4 0x3 0x0 0x0 0x0 0x0 0x0 0x58 0x0 0x57 0x0 0x58 0x0 0x58 0x0 0xb0 0xb0 0xb0 0xb0 0xb0 0xb0 0x0 0x0 0x0 0x0 0x0 0x0 0x0 0x0 0x0 0x0 0x0 0x0 0x0 0x0 0x0 0x0 0x0 0x0 0x0 0x80 0x80 0x80 0x80 0x4d 0x80 0x4f 0x80 0xa6 0x82 0xeb 0x7b 0x0 0x0 0x0 0x0 0x3c 0xf3 0xca 0x26 0x73 0xe7 0x15 0xee 0x0 0x0 0x0 0x0 0x0 0x0 0x0 0x80 0x0 0xa4 0xa4 0x0 0x1 0xed 0x6 0x0 0x0
1787978724593,0x1 0x79 0xd 0xb6 0x61 0xb6 0x60 0xd 0x0 0x0 0xd 0x0 0x0 0x0 0x0 0x0 0x0 0x0 0x73 0x0 0x0 0x0 0xd4 0x3 0x0 0x0 0x0 0x0 0x0 0x58 0x0 0x57 0x0 0x58 0x0 0x57 0x0 0xb0 0xb0 0xb0 0xb0 0xb0 0xb0 0x0 0x0 0x0 0x0 0x0 0x0 0x0 0x0 0x0 0x0 0x0 0x0 0x0 0x0 0x0 0x0 0x0 0x0 0x0 0x80 0x80 0x80 0x80 0x4d 0x80 0x4f 0x80 0xa6 0x82 0xeb 0x7b 0x0 0x0 0x0 0x0 0x3c 0xf3 0xca 0x26 0x73 0xe7 0x15 0xee 0x0 0x0 0x0 0x0 0x0 0x0 0x0 0x80 0x0 0xa4 0xa4 0x0 0x1 0xed 0x6 0x0 0x0
1787978724817,0x1 0x79 0xd 0xb6 0x61 0xb6 0x60 0xd 0x0 0x0 0xd 0x0 0x0 0x0 0x0 0x0 0x0 0x0 0x73 0x0 0x0 0x0 0xd4 0x3 0x0 0x0 0x0 0x0 0x0 0x58 0x0 0x58 0x0 0x58 0x0 0x58 0x0 0xb0 0xb0 0xb0 0xb0 0xb0 0xb0 0x0 0x0 0x0 0x0 0x0 0x0 0x0 0x0 0x0 0x0 0x0 0x0 0x0 0x0 0x0 0x0 0x0 0x0 0x0 0x80 0x80 0x80 0x80 0x4d 0x80 0x4f 0x80 0xa6 0x82 0xeb 0x7b 0x0 0x0 0x0 0x0 0x3c 0xf3 0x9e 0x25 0x73 0xe7 0x15 0xee 0x0 0x0 0x0 0x0 0x0 0x0 0x0 0x80 0x0 0xa4 0xa4 0x0 0x1 0xed 0x6 0x0 0x0
1787978725041,0x1 0x79 0xd 0xb6 0x61 0xb6 0x60 0xd 0x0 0x0 0xd 0x0 0x0 0x0 0x0 0x0 0x0 0x0 0x73 0x0 0x0 0x0 0xd4 0x3 0x0 0x0 0x0 0x0 0x0 0x57 0x0 0x58 0x0 0x57 0x0 0x58 0x0 0xb0 0xb0 0xb0 0xb0 0xb0 0xb0 0x0 0x0 0x0 0x0 0x0 0x0 0x0 0x0 0x0 0x0 0x0 0x0 0x0 0x0 0x0 0x0 0x0 0x0 0x0 0x80 0x80 0x80 0x80 0x4d 0x80 0x4f 0x80 0xa6 0x82 0xeb 0x7b 0x0 0x0 0x0 0x0 0x3c 0xf3 0xca 0x26 0x73 0xe7 0x15 0xee 0x0 0x0 0x0 0x0 0x0 0x0 0x0 0x80 0x0 0xa4 0xa4 0x0 0x1 0xed 0x6 0x0 0x0
1787978725265,0x1 0x79 0xd 0xb6 0x61 0xb6 0x60 0xd 0x0 0x0 0xd 0x0 0x0 0x0 0x0 0x0 0x0 0x0 0x73 0x0 0x0 0x0 0xd4 0x3 0x0 0x0 0x0 0x0 0x0 0x58 0x0 0x58 0x0 0x58 0x0 0x58 0x0 0xb0 0xb0 0xb0 0xb0 0xb0 0xb0 0x0 0x0 0x0 0x0 0x0 0x0 0x0 0x0 0x0 0x0 0x0 0x0 0x0 0x0 0x0 0x0 0x0 0x0 0x0 0x80 0x80 0x80 0x80 0x4d 0x80 0x4f 0x80 0xa6 0x82 0xeb 0x7b 0x0 0x0 0x0 0x0 0x3c 0xf3 0xca 0x26 0x73 0xe7 0x15 0xee 0x0 0x0 0x0 0x0 0x0 0x0 0x0 0x80 0x0 0xa4 0xa4 0x0 0x1 0xed 0x6 0x0 0x0
1787978725489,0x1 0x79 0xd 0xb6 0x61 0xb6 0x60 0xd 0x0 0x0 0xd 0x0 0x0 0x0 0x0 0x0 0x0 0x0 0x73 0x0 0x0 0x0 0xd4 0x3 0x0 0x0 0x0 0x0 0x0 0x58 0x0 0x57 0x0 0x57 0x0 0x58 0x0 0xb0 0xb0 0xb0 0xb0 0xb0 0xb0 0x0 0x0 0x0 0x0 0x0 0x0 0x0 0x0 0x0 0x0 0x0 0x0 0x0 0x0 0x0 0x0 0x0 0x0 0x0 0x80 0x80 0x80 0x80 0x4d 0x80 0x4f 0x80 0xa6 0x82 0xeb 0x7b 0x0 0x0 0x0 0x0 0x3c 0xf3 0xca 0x26 0x73 0xe7 0x15 0xee 0x0 0x0 0x0 0x0 0x0 0x0 0x0 0x80 0x0 0xa4 0xa4 0x0 0x1 0xed 0x6 0x0 0x0
1787978725713,0x1 0x79 0xd 0xb6 0x61 0xb6 0x60 0xd 0x0 0x0 0xd 0x0 0x0 0x0 0x0 0x0 0x0 0x0 0x73 0x0 0x0 0x0 0xd4 0x3 0x0 0x0 0x0 0x0 0x0 0x58 0x0 0x57 0x0 0x58 0x0 0x58 0x0 0xb0 0xb0 0xb0 0xb0 0xb0 0xb0 0x0 0x0 0x0 0x0 0x0 0x0 0x0 0x0 0x0 0x0 0x0 0x0 0x0 0x0 0x0 0x0 0x0 0x0 0x0 0x80 0x80 0x80 0x80 0x4d 0x80 0x4f 0x80 0xa6 0x82 0xeb 0x7b 0x0 0x0 0x0 0x0 0x3c 0xf3 0xca 0x26 0x73 0xe7 0x15 0xee 0x0 0x0 0x0 0x0 0x0 0x0 0x0 0x80 0x0 0xa4 0xa4 0x0 0x1 0xed 0x6 0x0 0x0
1787978725936,0x1 0x79 0xd 0xb6 0x61 0xb6 0x60 0xd 0x0 0x0 0xd 0x0 0x0 0x0 0x0 0x0 0x0 0x0 0x73 0x0 0x0 0x0 0xd4 0x3 0x0 0x0 0x0 0x0 0x0 0x58 0x0 0x58 0x0 0x57 0x0 0x58 0x0 0xb0 0xb0 0xb0 0xb0 0xb0 0xb0 0x0 0x0 0x0 0x0 0x0 0x0 0x0 0x0 0x0 0x0 0x0 0x0 0x0 0x0 0x0 0x0 0x0 0x0 0x0 0x80 0x80 0x80 0x80 0x4d 0x80 0x4f 0x80 0xa6 0x82 0xeb 0x7b 0x0 0x0 0x0 0x0 0x3c 0xf3 0x9e 0x25 0x73 0xe7 0x15 0xee 0x0 0x0 0x0 0x0 0x0 0x0 0x0 0x80 0x0 0xa4 0xa4 0x0 0x1 0xed 0x6 0x0 0x0
1787978726161,0x1 0x79 0xd 0xb6 0x61 0xb6 0x60 0xd 0x0 0x0 0xd 0x0 0x0 0x0 0x0 0x0 0x0 0x0 0x73 0x0 0x0 0x0 0xd4 0x3 0x0 0x0 0x0 0x0 0x0 0x58 0x0 0x57 0x0 0x58 0x0 0x58 0x0 0xb0 0xb0 0xb0 0xb0 0xb0 0xb0 0x0 0x0 0x0 0x0 0x0 0x0 0x0 0x0 0x0 0x0 0x0 0x0 0x0 0x0 0x0 0x0 0x0 0x0 0x0 0x80 0x80 0x80 0x80 0x4d 0x80 0x4f 0x80 0xa6 0x82 0xeb 0x7b 0x0 0x0 0x0 0x0 0x3c 0xf3 0xca 0x26 0x73 0xe7 0x15 0xee 0x0 0x0 0x0 0x0 0x0 0x0 0x0 0x80 0x0 0xa4 0xa4 0x0 0x1 0xed 0x6 0x0 0x0
1787978726384,0x1 0x79 0xd 0xb6 0x61 0xb6 0x60 0xd 0x0 0x0 0xd 0x0 0x0 0x0 0x0 0x0 0x0 0x0 0x73 0x0 0x0 0x0 0xd4 0x3 0x0 0x0 0x0 0x0 0x0 0x58 0x0 0x57 0x0 0x58 0x0 0x58 0x0 0xb0 0xb0 0xb0 0xb0 0xb0 0xb0 0x0 0x0 0x0 0x0 0x0 0x0 0x0 0x0 0x0 0x0 0x0 0x0 0x0 0x0 0x0 0x0 0x0 0x0 0x0 0x80 0x80 0x80 0x80 0x4d 0x80 0x4f 0x80 0xa6 0x82 0xeb 0x7b 0x0 0x0 0x0 0x0 0x3c 0xf3 0xca 0x26 0x73 0xe7 0x15 0xee 0x0 0x0 0x0 0x0 0x0 0x0 0x0 0x80 0x0 0xa4 0xa4 0x0 0x1 0xed 0x6 0x0 0x0
1787978726608,0x1 0x79 0xd 0xb6 0x61 0xb6 0x60 0xd 0x0 0x0 0xd 0x0 0x0 0x0 0x0 0x0 0x0 0x0 0x73 0x0 0x0 0x0 0xd4 0x3 0x0 0x0 0x0 0x0 0x0 0x58 0x0 0x57 0x0 0x57 0x0 0x58 0x0 0xb0 0xb0 0xb0 0xb0 0xb0 0xb0 0x0 0x0 0x0 0x0 0x0 0x0 0x0 0x0 0x0 0x0 0x0 0x0 0x0 0x0 0x0 0x0 0x0 0x0 0x0 0x80 0x80 0x80 0x80 0x4d 0x80 0x4f 0x80 0xa6 0x82 0xeb 0x7b 0x0 0x0 0x0 0x0 0x3c 0xf3 0xca 0x26 0x73 0xe7 0x15 0xee 0x0 0x0 0x0 0x0 0x0 0x0 0x0 0x80 0x0 0xa4 0xa4 0x0 0x1 0xed 0x6 0x0 0x0
1787978726833,0x1 0x79 0xd 0xb6 0x61 0xb6 0x60 0xd 0x0 0x0 0xd 0x0 0x0 0x0 0x0 0x0 0x0 0x0 0x73 0x0 0x0 0x0 0xd4 0x3 0x0 0x0 0x0 0x0 0x0 0x58 0x0 0x58 0x0 0x58 0x0 0x58 0x0 0xb0 0xb0 0xb0 0xb0 0xb0 0xb0 0x0 0x0 0x0 0x0 0x0 0x0 0x0 0x0 0x0 0x0 0x0 0x0 0x0 0x0 0x0 0x0 0x0 0x0 0x0 0x80 0x80 0x80 0x80 0x4d 0x80 0x4f 0x80 0xa6 0x82 0xeb 0x7b 0x0 0x0 0x0 0x0 0x3c 0xf3 0xca 0x26 0x73 0xe7 0x15 0xee 0x0 0x0 0x0 0x0 0x0 0x0 0x0 0x80 0x0 0xa4 0xa4 0x0 0x1 0xed 0x6 0x0 0x0
1787978727056,0x1 0x79 0xd 0xb6 0x61 0xb6 0x60 0xd 0x0 0x0 0xd 0x0 0x0 0x0 0x0 0x0 0x0 0x0 0x73 0x0 0x0 0x0 0xd4 0x3 0x0 0x0 0x0 0x0 0x0 0x58 0x0 0x57 0x0 0x58 0x0 0x58 0x0 0xb0 0xb0 0xb0 0xb0 0xb0 0xb0 0x0 0x0 0x0 0x0 0x0 0x0 0x0 0x0 0x0 0x0 0x0 0x0 0x0 0x0 0x0 0x0 0x0 0x0 0x0 0x80 0x80 0x80 0x80 0x4d 0x80 0x4f 0x80 0xa6 0x82 0xeb 0x7b 0x0 0x0 0x0 0x0 0x3c 0xf3 0x9e 0x25 0x73 0xe7 0x15 0xee 0x0 0x0 0x0 0x0 0x0 0x0 0x0 0x80 0x0 0xa4 0xa4 0x0 0x1 0xed 0x6 0x0 0x0
1787978727281,0x1 0x79 0xd 0xb6 0x61 0xb6 0x60 0xd 0x0 0x0 0xd 0x0 0x0 0x0 0x0 0x0 0x0 0x0 0x73 0x0 0x0 0x0 0xd4 0x3 0x0 0x0 0x0 0x0 0x0 0x57 0x0 0x58 0x0 0x57 0x0 0x58 0x0 0xb0 0xb0 0xb0 0xb0 0xb0 0xb0 0x0 0x0 0x0 0x0 0x0 0x0 0x0 0x0 0x0 0x0 0x0 0x0 0x0 0x0 0x0 0x0 0x0 0x0 0x0 0x80 0x80 0x80 0x80 0x4d 0x80 0x4f 0x80 0xa6 0x82 0xeb 0x7b 0x0 0x0 0x0 0x0 0x3c 0xf3 0xca 0x26 0x73 0xe7 0x15 0xee 0x0 0x0 0x0 0x0 0x0 0x0 0x0 0x80 0x0 0xa4 0xa4 0x0 0x1 0xed 0x6 0x0 0x0
1787978727505,0x1 0x79 0xd 0xb6 0x61 0xb6 0x60 0xd 0x0 0x0 0xd 0x0 0x0 0x0 0x0 0x0 0x0 0x0 0x73 0x0 0x0 0x0 0xd4 0x3 0x0 0x0 0x0 0x0 0x0 0x58 0x0 0x58 0x0 0x57 0x0 0x58 0x0 0xb0 0xb0 0xb0 0xb0 0xb0 0xb0 0x0 0x0 0x0 0x0 0x0 0x0 0x0 0x0 0x0 0x0 0x0 0x0 0x0 0x0 0x0 0x0 0x0 0x0 0x0 0x80 0x80 0x80 0x80 0x4d 0x80 0x4f 0x80 0xa6 0x82 0xeb 0x7b 0x0 0x0 0x0 0x0 0x3c 0xf3 0xca 0x26 0x73 0xe7 0x15 0xee 0x0 0x0 0x0 0x0 0x0 0x0 0x0 0x80 0x0 0xa4 0xa4 0x0 0x1 0xed 0x6 0x0 0x0
1787978727729,0x1 0x79 0xd 0xb6 0x61 0xb6 0x60 0xd 0x0 0x0 0xd 0x0 0x0 0x0 0x0 0x0 0x0 0x0 0x73 0x0 0x0 0x0 0xd4 0x3 0x0 0x0 0x0 0x0 0x0 0x58 0x0 0x57 0x0 0x57 0x0 0x58 0x0 0xb0 0xb0 0xb0 0xb0 0xb0 0xb0 0x0 0x0 0x0 0x0 0x0 0x0 0x0 0x0 0x0 0x0 0x0 0x0 0x0 0x0 0x0 0x0 0x0 0x0 0x0 0x80 0x80 0x80 0x80 0x4d 0x80 0x4f 0x80 0xa6 0x82 0xeb 0x7b 0x0 0x0 0x0 0x0 0x3c 0xf3 0xca 0x26 0x73 0xe7 0x15 0xee 0x0 0x0 0x0 0x0 0x0 0x0 0x0 0x80 0x0 0xa4 0xa4 0x0 0x1 0xed 0x6 0x0 0x0
1787978727952,0x1 0x79 0xd 0xb6 0x61 0xb6 0x60 0xd 0x0 0x0 0xd 0x0 0x0 0x0 0x0 0x0 0x0 0x0 0x73 0x0 0x0 0x0 0xd4 0x3 0x0 0x0 0x0 0x0 0x0 0x58 0x0 0x57 0x0 0x57 0x0 0x58 0x0 0xb0 0xb0 0xb0 0xb0 0xb0 0xb0 0x0 0x0 0x0 0x0 0x0 0x0 0x0 0x0 0x0 0x0 0x0 0x0 0x0 0x0 0x0 0x0 0x0 0x0 0x0 0x80 0x80 0x80 0x80 0x4d 0x80 0x4f 0x80 0xa6 0x82 0xeb 0x7b 0x0 0x0 0x0 0x0 0x3c 0xf3 0xca 0x26 0x73 0xe7 0x15 0xee 0x0 0x0 0x0 0x0 0x0 0x0 0x0 0x80 0x0 0xa4 0xa4 0x0 0x1 0xed 0x6 0x0 0x0
1787978728176,0x1 0x79 0xd 0xb6 0x61 0xb6 0x60 0xd 0x0 0x0 0xd 0x0 0x0 0x0 0x0 0x0 0x0 0x0 0x73 0x0 0x0 0x0 0xd4 0x3 0x0 0x0 0x0 0x0 0x0 0x58 0x0 0x58 0x0 0x57 0x0 0x58 0x0 0xb0 0xb0 0xb0 0xb0 0xb0 0xb0 0x0 0x0 0x0 0x0 0x0 0x0 0x0 0x0 0x0 0x0 0x0 0x0 0x0 0x0 0x0 0x0 0x0 0x0 0x0 0x80 0x80 0x80 0x80 0x4d 0x80 0x4f 0x80 0xa6 0x82 0xeb 0x7b 0x0 0x0 0x0 0x0 0x3c 0xf3 0x9e 0x25 0x73 0xe7 0x15 0xee 0x0 0x0 0x0 0x0 0x0 0x0 0x0 0x80 0x0 0xa4 0xa4 0x0 0x1 0xed 0x6 0x0 0x0
1787978728401,0x1 0x79 0xd 0xb6 0x61 0xb6 0x60 0xd 0x0 0x0 0xd 0x0 0x0 0x0 0x0 0x0 0x0 0x0 0x73 0x0 0x0 0x0 0xd4 0x3 0x0 0x0 0x0 0x0 0x0 0x58 0x0 0x58 0x0 0x57 0x0 0x58 0x0 0xb0 0xb0 0xb0 0xb0 0xb0 0xb0 0x0 0x0 0x0 0x0 0x0 0x0 0x0 0x0 0x0 0x0 0x0 0x0 0x0 0x0 0x0 0x0 0x0 0x0 0x0 0x80 0x80 0x80 0x80 0x4d 0x80 0x4f 0x80 0xa6 0x82 0xeb 0x7b 0x0 0x0 0x0 0x0 0x3c 0xf3 0xca 0x26 0x73 0xe7 0x15 0xee 0x0 0x0 0x0 0x0 0x0 0x0 0x0 0x80 0x0 0xa4 0xa4 0x0 0x1 0xed 0x6 0x0 0x0
1787978728625,0x1 0x79 0xd 0xb6 0x61 0xb6 0x60 0xd 0x0 0x0 0xd 0x0 0x0 0x0 0x0 0x0 0x0 0x0 0x73 0x0 0x0 0x0 0xd4 0x3 0x0 0x0 0x0 0x0 0x0 0x58 0x0 0x57 0x0 0x58 0x0 0x58 0x0 0xb0 0xb0 0xb0 0xb0 0xb0 0xb0 0x0 0x0 0x0 0x0 0x0 0x0 0x0 0x0 0x0 0x0 0x0 0x0 0x0 0x0 0x0 0x0 0x0 0x0 0x0 0x80 0x80 0x80 0x80 0x4d 0x80 0x4f 0x80 0xa6 0x82 0xeb 0x7b 0x0 0x0 0x0 0x0 0x3c 0xf3 0xca 0x26 0x73 0xe7 0x15 0xee 0x0 0x0 0x0 0x0 0x0 0x0 0x0 0x80 0x0 0xa4 0xa4 0x0 0x1 0xed 0x6 0x0 0x0
1787978728848,0x1 0x79 0xd 0xb6 0x61 0xb6 0x60 0xd 0x0 0x0 0xd 0x0 0x0 0x0 0x0 0x0 0x0 0x0 0x73 0x0 0x0 0x0 0xd4 0x3 0x0 0x0 0x0 0x0 0x0 0x58 0x0 0x58 0x0 0x58 0x0 0x58 0x0 0xb0 0xb0 0xb0 0xb0 0xb0 0xb0 0x0 0x0 0x0 0x0 0x0 0x0 0x0 0x0 0x0 0x0 0x0 0x0 0x0 0x0 0x0 0x0 0x0 0x0 0x0 0x80 0x80 0x80 0x80 0x4d 0x80 0x4f 0x80 0xa6 0x82 0xeb 0x7b 0x0 0x0 0x0 0x0 0x3c 0xf3 0xca 0x26 0x73 0xe7 0x15 0xee 0x0 0x0 0x0 0x0 0x0 0x0 0x0 0x80 0x0 0xa4 0xa4 0x0 0x1 0xed 0x6 0x0 0x0
1787978729073,0x1 0x79 0xd 0xb6 0x61 0xb6 0x60 0xd 0x0 0x0 0xd 0x0 0x0 0x0 0x0 0x0 0x0 0x0 0x73 0x0 0x0 0x0 0xd4 0x3 0x0 0x0 0x0 0x0 0x0 0x57 0x0 0x57 0x0 0x57 0x0 0x58 0x0 0xb0 0xb0 0xb0 0xb0 0xb0 0xb0 0x0 0x0 0x0 0x0 0x0 0x0 0x0 0x0 0x0 0x0 0x0 0x0 0x0 0x0 0x0 0x0 0x0 0x0 0x0 0x80 0x80 0x80 0x80 0x4d 0x80 0x4f 0x80 0xa6 0x82 0xeb 0x7b 0x0 0x0 0x0 0x0 0x3c 0xf3 0xca 0x26 0x73 0xe7 0x15 0xee 0x0 0x0 0x0 0x0 0x0 0x0 0x0 0x80 0x0 0xa4 0xa4 0x0 0x1 0xed 0x6 0x0 0x0
1787978729297,0x1 0x79 0xd 0xb6 0x61 0xb6 0x60 0xd 0x0 0x0 0xd 0x0 0x0 0x0 0x0 0x0 0x0 0x0 0x73 0x0 0x0 0x0 0xd4 0x3 0x0 0x0 0x0 0x0 0x0 0x58 0x0 0x57 0x0 0x58 0x0 0x58 0x0 0xb0 0xb0 0xb0 0xb0 0xb0 0xb0 0x0 0x0 0x0 0x0 0x0 0x0 0x0 0x0 0x0 0x0 0x0 0x0 0x0 0x0 0x0 0x0 0x0 0x0 0x0 0x80 0x80 0x80 0x80 0x4d 0x80 0x4f 0x80 0xa6 0x82 0xeb 0x7b 0x0 0x0 0x0 0x0 0x3c 0xf3 0x9e 0x25 0x73 0xe7 0x15 0xee 0x0 0x0 0x0 0x0 0x0 0x0 0x0 0x80 0x0 0xa4 0xa4 0x0 0x1 0xed 0x6 0x0 0x0
1787978729520,0x1 0x79 0xd 0xb6 0x61 0xb6 0x60 0xd 0x0 0x0 0xd 0x0 0x0 0x0 0x0 0x0 0x0 0x0 0x73 0x0 0x0 0x0 0xd4 0x3 0x0 0x0 0x0 0x0 0x0 0x58 0x0 0x58 0x0 0x58 0x0 0x58 0x0 0xb0 0xb0 0xb0 0xb0 0xb0 0xb0 0x0 0x0 0x0 0x0 0x0 0x0 0x0 0x0 0x0 0x0 0x0 0x0 0x0 0x0 0x0 0x0 0x0 0x0 0x0 0x80 0x80 0x80 0x80 0x4d 0x80 0x4f 0x80 0xa6 0x82 0xeb 0x7b 0x0 0x0 0x0 0x0 0x3c 0xf3 0xca 0x26 0x73 0xe7 0x15 0xee 0x0 0x0 0x0 0x0 0x0 0x0 0x0 0x80 0x0 0xa4 0xa4 0x0 0x1 0xed 0x6 0x0 0x0
1787978729743,0x1 0x79 0xd 0xb6 0x61 0xb6 0x60 0xd 0x0 0x0 0xd 0x0 0x0 0x0 0x0 0x0 0x0 0x0 0x73 0x0 0x0 0x0 0xd4 0x3 0x0 0x0 0x0 0x0 0x0 0x58 0x0 0x58 0x0 0x58 0x0 0x58 0x0 0xb0 0xb0 0xb0 0xb0 0xb0 0xb0 0x0 0x0 0x0 0x0 0x0 0x0 0x0 0x0 0x0 0x0 0x0 0x0 0x0 0x0 0x0 0x0 0x0 0x0 0x0 0x80 0x80 0x80 0x80 0x4d 0x80 0x4f 0x80 0xa6 0x82 0xeb 0x7b 0x0 0x0 0x0 0x0 0x3c 0xf3 0xca 0x26 0x73 0xe7 0x15 0xee 0x0 0x0 0x0 0x0 0x0 0x0 0x0 0x80 0x0 0xa4 0xa4 0x0 0x1 0xed 0x6 0x0 0x0
1787978729967,0x1 0x79 0xd 0xb6 0x61 0xb6 0x60 0xd 0x0 0x0 0xd 0x0 0x0 0x0 0x0 0x0 0x0 0x0 0x73 0x0 0x0 0x0 0xd4 0x3 0x0 0x0 0x0 0x0 0x0 0x58 0x0 0x57 0x0 0x57 0x0 0x58 0x0 0xb0 0xb0 0xb0 0xb0 0xb0 0xb0 0x0 0x0 0x0 0x0 0x0 0x0 0x0 0x0 0x0 0x0 0x0 0x0 0x0 0x0 0x0 0x0 0x0 0x0 0x0 0x80 0x80 0x80 0x80 0x4d 0x80 0x4f 0x80 0xa6 0x82 0xeb 0x7b 0x0 0x0 0x0 0x0 0x3c 0xf3 0xca 0x26 0x73 0xe7 0x15 0xee 0x0 0x0 0x0 0x0 0x0 0x0 0x0 0x80 0x0 0xa4 0xa4 0x0 0x1 0xed 0x6 0x0 0x0
1787978730192,0x1 0x79 0xd 0xb6 0x61 0xb6 0x60 0xd 0x0 0x0 0xd 0x0 0x0 0x0 0x0 0x0 0x0 0x0 0x73 0x0 0x0 0x0 0xd4 0x3 0x0 0x0 0x0 0x0 0x0 0x58 0x0 0x57 0x0 0x58 0x0 0x58 0x0 0xb0 0xb0 0xb0 0xb0 0xb0 0xb0 0x0 0x0 0x0 0x0 0x0 0x0 0x0 0x0 0x0 0x0 0x0 0x0 0x0 0x0 0x0 0x0 0x0 0x0 0x0 0x80 0x80 0x80 0x80 0x4d 0x80 0x4f 0x80 0xa6 0x82 0xeb 0x7b 0x0 0x0 0x0 0x0 0x3c 0xf3 0xca 0x26 0x73 0xe7 0x15 0xee 0x0 0x0 0x0 0x0 0x0 0x0 0x0 0x80 0x0 0xa4 0xa4 0x0 0x1 0xed 0x6 0x0 0x0
1787978730415,0x1 0x79 0xd 0xb6 0x61 0xb6 0x60 0xd 0x0 0x0 0xd 0x0 0x0 0x0 0x0 0x0 0x0 0x0 0x73 0x0 0x0 0x0 0xd4 0x3 0x0 0x0 0x0 0x0 0x0 0x58 0x0 0x58 0x0 0x58 0x0 0x58 0x0 0xb0 0xb0 0xb0 0xb0 0xb0 0xb0 0x0 0x0 0x0 0x0 0x0 0x0 0x0 0x0 0x0 0x0 0x0 0x0 0x0 0x0 0x0 0x0 0x0 0x0 0x0 0x80 0x80 0x80 0x80 0x4d 0x80 0x4f 0x80 0xa6 0x82 0xeb 0x7b 0x0 0x0 0x0 0x0 0x3c 0xf3 0x9e 0x25 0x73 0xe7 0x15 0xee 0x0 0x0 0x0 0x0 0x0 0x0 0x0 0x80 0x0 0xa4 0xa4 0x0 0x1 0xed 0x6 0x0 0x0
1787978730639,0x1 0x79 0xd 0xb6 0x61 0xb6 0x60 0xd 0x0 0x0 0xd 0x0 0x0 0x0 0x0 0x0 0x0 0x0 0x73 0x0 0x0 0x0 0xd4 0x3 0x0 0x0 0x0 0x0 0x0 0x58 0x0 0x58 0x0 0x58 0x0 0x58 0x0 0xb0 0xb0 0xb0 0xb0 0xb0 0xb0 0x0 0x0 0x0 0x0 0x0 0x0 0x0 0x0 0x0 0x0 0x0 0x0 0x0 0x0 0x0 0x0 0x0 0x0 0x0 0x80 0x80 0x80 0x80 0x4d 0x80 0x4f 0x80 0xa6 0x82 0xeb 0x7b 0x0 0x0 0x0 0x0 0x3c 0xf3 0xca 0x26 0x73 0xe7 0x15 0xee 0x0 0x0 0x0 0x0 0x0 0x0 0x0 0x80 0x0 0xa4 0xa4 0x0 0x1 0xed 0x6 0x0 0x0
1787978730863,0x1 0x79 0xd 0xb6 0x61 0xb6 0x60 0xd 0x0 0x0 0xd 0x0 0x0 0x0 0x0 0x0 0x0 0x0 0x73 0x0 0x0 0x0 0xd4 0x3 0x0 0x0 0x0 0x0 0x0 0x58 0x0 0x58 0x0 0x57 0x0 0x58 0x0 0xb0 0xb0 0xb0 0xb0 0xb0 0xb0 0x0 0x0 0x0 0x0 0x0 0x0 0x0 0x0 0x0 0x0 0x0 0x0 0x0 0x0 0x0 0x0 0x0 0x0 0x0 0x80 0x80 0x80 0x80 0x4d 0x80 0x4f 0x80 0xa6 0x82 0xeb 0x7b 0x0 0x0 0x0 0x0 0x3c 0xf3 0xca 0x26 0x73 0xe7 0x15 0xee 0x0 0x0 0x0 0x0 0x0 0x0 0x0 0x80 0x0 0xa4 0xa4 0x0 0x1 0xed 0x6 0x0 0x0
1787978731088,0x1 0x79 0xd 0xb6 0x61 0xb6 0x60 0xd 0x0 0x0 0xd 0x0 0x0 0x0 0x0 0x0 0x0 0x0 0x73 0x0 0x0 0x0 0xd4 0x3 0x0 0x0 0x0 0x0 0x0 0x58 0x0 0x57 0x0 0x58 0x0 0x58 0x0 0xb0 0xb0 0xb0 0xb0 0xb0 0xb0 0x0 0x0 0x0 0x0 0x0 0x0 0x0 0x0 0x0 0x0 0x0 0x0 0x0 0x0 0x0 0x0 0x0 0x0 0x0 0x80 0x80 0x80 0x80 0x4d 0x80 0x4f 0x80 0xa6 0x82 0xeb 0x7b 0x0 0x0 0x0 0x0 0x3c 0xf3 0xca 0x26 0x73 0xe7 0x15 0xee 0x0 0x0 0x0 0x0 0x0 0x0 0x0 0x80 0x0 0xa4 0xa4 0x0 0x1 0xed 0x6 0x0 0x0
1787978731312,0x1 0x79 0xd 0xb6 0x61 0xb6 0x60 0xd 0x0 0x0 0xd 0x0 0x0 0x0 0x0 0x0 0x0 0x0 0x73 0x0 0x0 0x0 0xd4 0x3 0x0 0x0 0x0 0x0 0x0 0x58 0x0 0x57 0x0 0x57 0x0 0x58 0x0 0xb0 0xb0 0xb0 0xb0 0xb0 0xb0 0x0 0x0 0x0 0x0 0x0 0x0 0x0 0x0 0x0 0x0 0x0 0x0 0x0 0x0 0x0 0x0 0x0 0x0 0x0 0x80 0x80 0x80 0x80 0x4d 0x80 0x4f 0x80 0xa6 0x82 0xeb 0x7b 0x0 0x0 0x0 0x0 0x3c 0xf3 0xca 0x26 0x73 0xe7 0x15 0xee 0x0 0x0 0x0 0x0 0x0 0x0 0x0 0x80 0x0 0xa4 0xa4 0x0 0x1 0xed 0x6 0x0 0x0
1787978731536,0x1 0x79 0xd 0xb6 0x61 0xb6 0x60 0xd 0x0 0x0 0xd 0x0 0x0 0x0 0x0 0x0 0x0 0x0 0x73 0x0 0x0 0x0 0xd4 0x3 0x0 0x0 0x0 0x0 0x0 0x58 0x0 0x58 0x0 0x57 0x0 0x58 0x0 0xb0 0xb0 0xb0 0xb0 0xb0 0xb0 0x0 0x0 0x0 0x0 0x0 0x0 0x0 0x0 0x0 0x0 0x0 0x0 0x0 0x0 0x0 0x0 0x0 0x0 0x0 0x80 0x80 0x80 0x80 0x4d 0x80 0x4f 0x80 0xa6 0x82 0xeb 0x7b 0x0 0x0 0x0 0x0 0x3c 0xf3 0x9e 0x25 0x73 0xe7 0x15 0xee 0x0 0x0 0x0 0x0 0x0 0x0 0x0 0x80 0x0 0xa4 0xa4 0x0 0x1 0xed 0x6 0x0 0x0
1787978731760,0x1 0x79 0xd 0xb6 0x61 0xb6 0x60 0xd 0x0 0x0 0xd 0x0 0x0 0x0 0x0 0x0 0x0 0x0 0x73 0x0 0x0 0x0 0xd4 0x3 0x0 0x0 0x0 0x0 0x0 0x57 0x0 0x58 0x0 0x58 0x0 0x58 0x0 0xb0 0xb0 0xb0 0xb0 0xb0 0xb0 0x0 0x0 0x0 0x0 0x0 0x0 0x0 0x0 0x0 0x0 0x0 0x0 0x0 0x0 0x0 0x0 0x0 0x0 0x0 0x80 0x80 0x80 0x80 0x4d 0x80 0x4f 0x80 0xa6 0x82 0xeb 0x7b 0x0 0x0 0x0 0x0 0x3c 0xf3 0xca 0x26 0x73 0xe7 0x15 0xee 0x0 0x0 0x0 0x0 0x0 0x0 0x0 0x80 0x0 0xa4 0xa4 0x0 0x1 0xed 0x6 0x0 0x0
1787978731984,0x1 0x79 0xd 0xb6 0x61 0xb6 0x60 0xd 0x0 0x0 0xd 0x0 0x0 0x0 0x0 0x0 0x0 0x0 0x73 0x0 0x0 0x0 0xd4 0x3 0x0 0x0 0x0 0x0 0x0 0x58 0x0 0x58 0x0 0x57 0x0 0x58 0x0 0xb0 0xb0 0xb0 0xb0 0xb0 0xb0 0x0 0x0 0x0 0x0 0x0 0x0 0x0 0x0 0x0 0x0 0x0 0x0 0x0 0x0 0x0 0x0 0x0 0x0 0x0 0x80 0x80 0x80 0x80 0x4d 0x80 0x4f 0x80 0xa6 0x82 0xeb 0x7b 0x0 0x0 0x0 0x0 0x3c 0xf3 0xca 0x26 0x73 0xe7 0x15 0xee 0x0 0x0 0x0 0x0 0x0 0x0 0x0 0x80 0x0 0xa4 0xa4 0x0 0x1 0xed 0x6 0x0 0x0
1787978732207,0x1 0x79 0xd 0xb6 0x61 0xb6 0x60 0xd 0x0 0x0 0xd 0x0 0x0 0x0 0x0 0x0 0x0 0x0 0x73 0x0 0x0 0x0 0xd4 0x3 0x0 0x0 0x0 0x0 0x0 0x58 0x0 0x58 0x0 0x58 0x0 0x58 0x0 0xb0 0xb0 0xb0 0xb0 0xb0 0xb0 0x0 0x0 0x0 0x0 0x0 0x0 0x0 0x0 0x0 0x0 0x0 0x0 0x0 0x0 0x0 0x0 0x0 0x0 0x0 0x80 0x80 0x80 0x80 0x4d 0x80 0x4f 0x80 0xa6 0x82 0xeb 0x7b 0x0 0x0 0x0 0x0 0x3c 0xf3 0xca 0x26 0x73 0xe7 0x15 0xee 0x0 0x0 0x0 0x0 0x0 0x0 0x0 0x80 0x0 0xa4 0xa4 0x0 0x1 0xed 0x6 0x0 0x0
1787978732431,0x1 0x79 0xd 0xb6 0x61 0xb6 0x60 0xd 0x0 0x0 0xd 0x0 0x0 0x0 0x0 0x0 0x0 0x0 0x73 0x0 0x0 0x0 0xd4 0x3 0x0 0x0 0x0 0x0 0x0 0x58 0x0 0x57 0x0 0x57 0x0 0x58 0x0 0xb0 0xb0 0xb0 0xb0 0xb0 0xb0 0x0 0x0 0x0 0x0 0x0 0x0 0x0 0x0 0x0 0x0 0x0 0x0 0x0 0x0 0x0 0x0 0x0 0x0 0x0 0x80 0x80 0x80 0x80 0x4d 0x80 0x4f 0x80 0xa6 0x82 0xeb 0x7b 0x0 0x0 0x0 0x0 0x3c 0xf3 0xca 0x26 0x73 0xe7 0x15 0xee 0x0 0x0 0x0 0x0 0x0 0x0 0x0 0x80 0x0 0xa4 0xa4 0x0 0x1 0xed 0x6 0x0 0x0
1787978732655,0x1 0x79 0xd 0xb6 0x61 0xb6 0x60 0xd 0x0 0x0 0xd 0x0 0x0 0x0 0x0 0x0 0x0 0x0 0x73 0x0 0x0 0x0 0xd4 0x3 0x0 0x0 0x0 0x0 0x0 0x58 0x0 0x58 0x0 0x58 0x0 0x58 0x0 0xb0 0xb0 0xb0 0xb0 0xb0 0xb0 0x0 0x0 0x0 0x0 0x0 0x0 0x0 0x0 0x0 0x0 0x0 0x0 0x0 0x0 0x0 0x0 0x0 0x0 0x0 0x80 0x80 0x80 0x80 0x4d 0x80 0x4f 0x80 0xa6 0x82 0xeb 0x7b 0x0 0x0 0x0 0x0 0x3c 0xf3 0x9e 0x25 0x73 0xe7 0x15 0xee 0x0 0x0 0x0 0x0 0x0 0x0 0x0 0x80 0x0 0xa4 0xa4 0x0 0x1 0xed 0x6 0x0 0x0
1787978732878,0x1 0x79 0xd 0xb6 0x61 0xb6 0x60 0xd 0x0 0x0 0xd 0x0 0x0 0x0 0x0 0x0 0x0 0x0 0x73 0x0 0x0 0x0 0xd4 0x3 0x0 0x0 0x0 0x0 0x0 0x57 0x0 0x57 0x0 0x58 0x0 0x57 0x0 0xb0 0xb0 0xb0 0xb0 0xb0 0xb0 0x0 0x0 0x0 0x0 0x0 0x0 0x0 0x0 0x0 0x0 0x0 0x0 0x0 0x0 0x0 0x0 0x0 0x0 0x0 0x80 0x80 0x80 0x80 0x4d 0x80 0x4f 0x80 0xa6 0x82 0xeb 0x7b 0x0 0x0 0x0 0x0 0x3c 0xf3 0xca 0x26 0x73 0xe7 0x15 0xee 0x0 0x0 0x0 0x0 0x0 0x0 0x0 0x80 0x0 0xa4 0xa4 0x0 0x1 0xed 0x6 0x0 0x0
1787978733103,0x1 0x79 0xd 0xb6 0x61 0xb6 0x60 0xd 0x0 0x0 0xd 0x0 0x0 0x0 0x0 0x0 0x0 0x0 0x73 0x0 0x0 0x0 0xd4 0x3 0x0 0x0 0x0 0x0 0x0 0x58 0x0 0x58 0x0 0x57 0x0 0x58 0x0 0xb0 0xb0 0xb0 0xb0 0xb0 0xb0 0x0 0x0 0x0 0x0 0x0 0x0 0x0 0x0 0x0 0x0 0x0 0x0 0x0 0x0 0x0 0x0 0x0 0x0 0x0 0x80 0x80 0x80 0x80 0x4d 0x80 0x4f 0x80 0xa6 0x82 0xeb 0x7b 0x0 0x0 0x0 0x0 0x3c 0xf3 0xca 0x26 0x73 0xe7 0x15 0xee 0x0 0x0 0x0 0x0 0x0 0x0 0x0 0x80 0x0 0xa4 0xa4 0x0 0x1 0xed 0x6 0x0 0x0
1787978733327,0x1 0x79 0xd 0xb6 0x61 0xb6 0x60 0xd 0x0 0x0 0xd 0x0 0x0 0x0 0x0 0x0 0x0 0x0 0x73 0x0 0x0 0x0 0xd4 0x3 0x0 0x0 0x0 0x0 0x0 0x58 0x0 0x58 0x0 0x58 0x0 0x58 0x0 0xb0 0xb0 0xb0 0xb0 0xb0 0xb0 0x0 0x0 0x0 0x0 0x0 0x0 0x0 0x0 0x0 0x0 0x0 0x0 0x0 0x0 0x0 0x0 0x0 0x0 0x0 0x80 0x80 0x80 0x80 0x4d 0x80 0x4f 0x80 0xa6 0x82 0xeb 0x7b 0x0 0x0 0x0 0x0 0x3c 0xf3 0xca 0x26 0x73 0xe7 0x15 0xee 0x0 0x0 0x0 0x0 0x0 0x0 0x0 0x80 0x0 0xa4 0xa4 0x0 0x1 0xed 0x6 0x0 0x0
1787978733550,0x1 0x79 0xd 0xb6 0x61 0xb6 0x60 0xd 0x0 0x0 0xd 0x0 0x0 0x0 0x0 0x0 0x0 0x0 0x73 0x0 0x0 0x0 0xd4 0x3 0x0 0x0 0x0 0x0 0x0 0x58 0x0 0x58 0x0 0x57 0x0 0x58 0x0 0xb0 0xb0 0xb0 0xb0 0xb0 0xb0 0x0 0x0 0x0 0x0 0x0 0x0 0x0 0x0 0x0 0x0 0x0 0x0 0x0 0x0 0x0 0x0 0x0 0x0 0x0 0x80 0x80 0x80 0x80 0x4d 0x80 0x4f 0x80 0xa6 0x82 0xeb 0x7b 0x0 0x0 0x0 0x0 0x3c 0xf3 0xca 0x26 0x73 0xe7 0x15 0xee 0x0 0x0 0x0 0x0 0x0 0x0 0x0 0x80 0x0 0xa4 0xa4 0x0 0x1 0xed 0x6 0x0 0x0
1787978733775,0x1 0x79 0xd 0xb6 0x61 0xb6 0x60 0xd 0x0 0x0 0xd 0x0 0x0 0x0 0x0 0x0 0x0 0x0 0x73 0x0 0x0 0x0 0xd4 0x3 0x0 0x0 0x0 0x0 0x0 0x58 0x0 0x58 0x0 0x58 0x0 0x58 0x0 0xb0 0xb0 0xb0 0xb0 0xb0 0xb0 0x0 0x0 0x0 0x0 0x0 0x0 0x0 0x0 0x0 0x0 0x0 0x0 0x0 0x0 0x0 0x0 0x0 0x0 0x0 0x80 0x80 0x80 0x80 0x4d 0x80 0x4f 0x80 0xa6 0x82 0xeb 0x7b 0x0 0x0 0x0 0x0 0x3c 0xf3 0x9e 0x25 0x73 0xe7 0x15 0xee 0x0 0x0 0x0 0x0 0x0 0x0 0x0 0x80 0x0 0xa4 0xa4 0x0 0x1 0xed 0x6 0x0 0x0
1787978733998,0x1 0x79 0xd 0xb6 0x61 0xb6 0x60 0xd 0x0 0x0 0xd 0x0 0x0 0x0 0x0 0x0 0x0 0x0 0x73 0x0 0x0 0x0 0xd4 0x3 0x0 0x0 0x0 0x0 0x0 0x58 0x0 0x58 0x0 0x57 0x0 0x58 0x0 0xb0 0xb0 0xb0 0xb0 0xb0 0xb0 0x0 0x0 0x0 0x0 0x0 0x0 0x0 0x0 0x0 0x0 0x0 0x0 0x0 0x0 0x0 0x0 0x0 0x0 0x0 0x80 0x80 0x80 0x80 0x4d 0x80 0x4f 0x80 0xa6 0x82 0xeb 0x7b 0x0 0x0 0x0 0x0 0x3c 0xf3 0xca 0x26 0x73 0xe7 0x15 0xee 0x0 0x0 0x0 0x0 0x0 0x0 0x0 0x80 0x0 0xa4 0xa4 0x0 0x1 0xed 0x6 0x0 0x0
1787978734222,0x1 0x79 0xd 0xb6 0x61 0xb6 0x60 0xd 0x0 0x0 0xd 0x0 0x0 0x0 0x0 0x0 0x0 0x0 0x73 0x0 0x0 0x0 0xd4 0x3 0x0 0x0 0x0 0x0 0x0 0x58 0x0 0x58 0x0 0x57 0x0 0x58 0x0 0xb0 0xb0 0xb0 0xb0 0xb0 0xb0 0x0 0x0 0x0 0x0 0x0 0x0 0x0 0x0 0x0 0x0 0x0 0x0 0x0 0x0 0x0 0x0 0x0 0x0 0x0 0x80 0x80 0x80 0x80 0x4d 0x80 0x4f 0x80 0xa6 0x82 0xeb 0x7b 0x0 0x0 0x0 0x0 0x3c 0xf3 0xca 0x26 0x73 0xe7 0x15 0xee 0x0 0x0 0x0 0x0 0x0 0x0 0x0 0x80 0x0 0xa4 0xa4 0x0 0x1 0xed 0x6 0x0 0x0
1787978734446,0x1 0x79 0xd 0xb6 0x61 0xb6 0x60 0xd 0x0 0x0 0xd 0x0 0x0 0x0 0x0 0x0 0x0 0x0 0x73 0x0 0x0 0x0 0xd4 0x3 0x0 0x0 0x0 0x0 0x0 0x58 0x0 0x58 0x0 0x58 0x0 0x58 0x0 0xb0 0xb0 0xb0 0xb0 0xb0 0xb0 0x0 0x0 0x0 0x0 0x0 0x0 0x0 0x0 0x0 0x0 0x0 0x0 0x0 0x0 0x0 0x0 0x0 0x0 0x0 0x80 0x80 0x80 0x80 0x4d 0x80 0x4f 0x80 0xa6 0x82 0xeb 0x7b 0x0 0x0 0x0 0x0 0x3c 0xf3 0xca 0x26 0x73 0xe7 0x15 0xee 0x0 0x0 0x0 0x0 0x0 0x0 0x0 0x80 0x0 0xa4 0xa4 0x0 0x1 0xed 0x6 0x0 0x0
1787978734670,0x1 0x79 0xd 0xb6 0x61 0xb6 0x60 0xd 0x0 0x0 0xd 0x0 0x0 0x0 0x0 0x0 0x0 0x0 0x73 0x0 0x0 0x0 0xd4 0x3 0x0 0x0 0x0 0x0 0x0 0x58 0x0 0x57 0x0 0x57 0x0 0x58 0x0 0xb0 0xb0 0xb0 0xb0 0xb0 0xb0 0x0 0x0 0x0 0x0 0x0 0x0 0x0 0x0 0x0 0x0 0x0 0x0 0x0 0x0 0x0 0x0 0x0 0x0 0x0 0x80 0x80 0x80 0x80 0x4d 0x80 0x4f 0x80 0xa6 0x82 0xeb 0x7b 0x0 0x0 0x0 0x0 0x3c 0xf3 0xca 0x26 0x73 0xe7 0x15 0xee 0x0 0x0 0x0 0x0 0x0 0x0 0x0 0x80 0x0 0xa4 0xa4 0x0 0x1 0xed 0x6 0x0 0x0
1787978734894,0x1 0x79 0xd 0xb6 0x61 0xb6 0x60 0xd 0x0 0x0 0xd 0x0 0x0 0x0 0x0 0x0 0x0 0x0 0x73 0x0 0x0 0x0 0xd4 0x3 0x0 0x0 0x0 0x0 0x0 0x58 0x0 0x57 0x0 0x57 0x0 0x58 0x0 0xb0 0xb0 0xb0 0xb0 0xb0 0xb0 0x0 0x0 0x0 0x0 0x0 0x0 0x0 0x0 0x0 0x0 0x0 0x0 0x0 0x0 0x0 0x0 0x0 0x0 0x0 0x80 0x80 0x80 0x80 0x4d 0x80 0x4f 0x80 0xa6 0x82 0xeb 0x7b 0x0 0x0 0x0 0x0 0x3c 0xf3 0x9e 0x25 0x73 0xe7 0x15 0xee 0x0 0x0 0x0 0x0 0x0 0x0 0x0 0x80 0x0 0xa4 0xa4 0x0 0x1 0xed 0x6 0x0 0x0
1787978735118,0x1 0x79 0xd 0xb6 0x61 0xb6 0x60 0xd 0x0 0x0 0xd 0x0 0x0 0x0 0x0 0x0 0x0 0x0 0x73 0x0 0x0 0x0 0xd4 0x3 0x0 0x0 0x0 0x0 0x0 0x58 0x0 0x57 0x0 0x57 0x0 0x58 0x0 0xb0 0xb0 0xb0 0xb0 0xb0 0xb0 0x0 0x0 0x0 0x0 0x0 0x0 0x0 0x0 0x0 0x0 0x0 0x0 0x0 0x0 0x0 0x0 0x0 0x0 0x0 0x80 0x80 0x80 0x80 0x4d 0x80 0x4f 0x80 0xa6 0x82 0xeb 0x7b 0x0 0x0 0x0 0x0 0x3c 0xf3 0xca 0x26 0x73 0xe7 0x15 0xee 0x0 0x0 0x0 0x0 0x0 0x0 0x0 0x80 0x0 0xa4 0xa4 0x0 0x1 0xed 0x6 0x0 0x0
1787978735342,0x1 0x79 0xd 0xb6 0x61 0xb6 0x60 0xd 0x0 0x0 0xd 0x0 0x0 0x0 0x0 0x0 0x0 0x0 0x73 0x0 0x0 0x0 0xd4 0x3 0x0 0x0 0x0 0x0 0x0 0x58 0x0 0x58 0x0 0x58 0x0 0x58 0x0 0xb0 0xb0 0xb0 0xb0 0xb0 0xb0 0x0 0x0 0x0 0x0 0x0 0x0 0x0 0x0 0x0 0x0 0x0 0x0 0x0 0x0 0x0 0x0 0x0 0x0 0x0 0x80 0x80 0x80 0x80 0x4d 0x80 0x4f 0x80 0xa6 0x82 0xeb 0x7b 0x0 0x0 0x0 0x0 0x3c 0xf3 0xca 0x26 0x73 0xe7 0x15 0xee 0x0 0x0 0x0 0x0 0x0 0x0 0x0 0x80 0x0 0xa4 0xa4 0x0 0x1 0xed 0x6 0x0 0x0
1787978735566,0x1 0x79 0xd 0xb6 0x61 0xb6 0x60 0xd 0x0 0x0 0xd 0x0 0x0 0x0 0x0 0x0 0x0 0x0 0x73 0x0 0x0 0x0 0xd4 0x3 0x0 0x0 0x0 0x0 0x0 0x57 0x0 0x58 0x0 0x57 0x0 0x58 0x0 0xb0 0xb0 0xb0 0xb0 0xb0 0xb0 0x0 0x0 0x0 0x0 0x0 0x0 0x0 0x0 0x0 0x0 0x0 0x0 0x0 0x0 0x0 0x0 0x0 0x0 0x0 0x80 0x80 0x80 0x80 0x4d 0x80 0x4f 0x80 0xa6 0x82 0xeb 0x7b 0x0 0x0 0x0 0x0 0x3c 0xf3 0xca 0x26 0x73 0xe7 0x15 0xee 0x0 0x0 0x0 0x0 0x0 0x0 0x0 0x80 0x0 0xa4 0xa4 0x0 0x1 0xed 0x6 0x0 0x0
1787978735790,0x1 0x79 0xd 0xb6 0x61 0xb6 0x60 0xd 0x0 0x0 0xd 0x0 0x0 0x0 0x0 0x0 0x0 0x0 0x73 0x0 0x0 0x0 0xd4 0x3 0x0 0x0 0x0 0x0 0x0 0x58 0x0 0x58 0x0 0x58 0x0 0x58 0x0 0xb0 0xb0 0xb0 0xb0 0xb0 0xb0 0x0 0x0 0x0 0x0 0x0 0x0 0x0 0x0 0x0 0x0 0x0 0x0 0x0 0x0 0x0 0x0 0x0 0x0 0x0 0x80 0x80 0x80 0x80 0x4d 0x80 0x4f 0x80 0xa6 0x82 0xeb 0x7b 0x0 0x0 0x0 0x0 0x3c 0xf3 0xca 0x26 0x73 0xe7 0x15 0xee 0x0 0x0 0x0 0x0 0x0 0x0 0x0 0x80 0x0 0xa4 0xa4 0x0 0x1 0xed 0x6 0x0 0x0
1787978736014,0x1 0x79 0xd 0xb6 0x61 0xb6 0x60 0xd 0x0 0x0 0xd 0x0 0x0 0x0 0x0 0x0 0x0 0x0 0x73 0x0 0x0 0x0 0xd4 0x3 0x0 0x0 0x0 0x0 0x0 0x58 0x0 0x57 0x0 0x58 0x0 0x58 0x0 0xb0 0xb0 0xb0 0xb0 0xb0 0xb0 0x0 0x0 0x0 0x0 0x0 0x0 0x0 0x0 0x0 0x0 0x0 0x0 0x0 0x0 0x0 0x0 0x0 0x0 0x0 0x80 0x80 0x80 0x80 0x4d 0x80 0x4f 0x80 0xa6 0x82 0xeb 0x7b 0x0 0x0 0x0 0x0 0x3c 0xf3 0x9e 0x25 0x73 0xe7 0x15 0xee 0x0 0x0 0x0 0x0 0x0 0x0 0x0 0x80 0x0 0xa4 0xa4 0x0 0x1 0xed 0x6 0x0 0x0
1787978736237,0x1 0x79 0xd 0xb6 0x61 0xb6 0x60 0xd 0x0 0x0 0xd 0x0 0x0 0x0 0x0 0x0 0x0 0x0 0x73 0x0 0x0 0x0 0xd4 0x3 0x0 0x0 0x0 0x0 0x0 0x58 0x0 0x58 0x0 0x58 0x0 0x58 0x0 0xb0 0xb0 0xb0 0xb0 0xb0 0xb0 0x0 0x0 0x0 0x0 0x0 0x0 0x0 0x0 0x0 0x0 0x0 0x0 0x0 0x0 0x0 0x0 0x0 0x0 0x0 0x80 0x80 0x80 0x80 0x4d 0x80 0x4f 0x80 0xa6 0x82 0xeb 0x7b 0x0 0x0 0x0 0x0 0x3c 0xf3 0xca 0x26 0x73 0xe7 0x15 0xee 0x0 0x0 0x0 0x0 0x0 0x0 0x0 0x80 0x0 0xa4 0xa4 0x0 0x1 0xed 0x6 0x0 0x0
1787978736461,0x1 0x79 0xd 0xb6 0x61 0xb6 0x60 0xd 0x0 0x0 0xd 0x0 0x0 0x0 0x0 0x0 0x0 0x0 0x73 0x0 0x0 0x0 0xd4 0x3 0x0 0x0 0x0 0x0 0x0 0x57 0x0 0x57 0x0 0x57 0x0 0x58 0x0 0xb0 0xb0 0xb0 0xb0 0xb0 0xb0 0x0 0x0 0x0 0x0 0x0 0x0 0x0 0x0 0x0 0x0 0x0 0x0 0x0 0x0 0x0 0x0 0x0 0x0 0x0 0x80 0x80 0x80 0x80 0x4d 0x80 0x4f 0x80 0xa6 0x82 0xeb 0x7b 0x0 0x0 0x0 0x0 0x3c 0xf3 0x9e 0x25 0x73 0xe7 0x15 0xee 0x0 0x0 0x0 0x0 0x0 0x0 0x0 0x80 0x0 0xa4 0xa4 0x0 0x1 0xed 0x6 0x0 0x0
1787978736685,0x1 0x79 0xd 0xb6 0x61 0xb6 0x60 0xd 0x0 0x0 0xd 0x0 0x0 0x0 0x0 0x0 0x0 0x0 0x73 0x0 0x0 0x0 0xd4 0x3 0x0 0x0 0x0 0x0 0x0 0x57 0x0 0x58 0x0 0x57 0x0 0x58 0x0 0xb0 0xb0 0xb0 0xb0 0xb0 0xb0 0x0 0x0 0x0 0x0 0x0 0x0 0x0 0x0 0x0 0x0 0x0 0x0 0x0 0x0 0x0 0x0 0x0 0x0 0x0 0x80 0x80 0x80 0x80 0x4d 0x80 0x4f 0x80 0xa6 0x82 0xeb 0x7b 0x0 0x0 0x0 0x0 0x3c 0xf3 0xca 0x26 0x73 0xe7 0x15 0xee 0x0 0x0 0x0 0x0 0x0 0x0 0x0 0x80 0x0 0xa4 0xa4 0x0 0x1 0xed 0x6 0x0 0x0
1787978736910,0x1 0x79 0xd 0xb6 0x61 0xb6 0x60 0xd 0x0 0x0 0xd 0x0 0x0 0x0 0x0 0x0 0x0 0x0 0x73 0x0 0x0 0x0 0xd4 0x3 0x0 0x0 0x0 0x0 0x0 0x58 0x0 0x58 0x0 0x58 0x0 0x58 0x0 0xb0 0xb0 0xb0 0xb0 0xb0 0xb0 0x0 0x0 0x0 0x0 0x0 0x0 0x0 0x0 0x0 0x0 0x0 0x0 0x0 0x0 0x0 0x0 0x0 0x0 0x0 0x80 0x80 0x80 0x80 0x4d 0x80 0x4f 0x80 0xa6 0x82 0xeb 0x7b 0x0 0x0 0x0 0x0 0x3c 0xf3 0xca 0x26 0x73 0xe7 0x15 0xee 0x0 0x0 0x0 0x0 0x0 0x0 0x0 0x80 0x0 0xa4 0xa4 0x0 0x1 0xed 0x6 0x0 0x0
1787978737134,0x1 0x79 0xd 0xb6 0x61 0xb6 0x60 0xd 0x0 0x0 0xd 0x0 0x0 0x0 0x0 0x0 0x0 0x0 0x73 0x0 0x0 0x0 0xd4 0x3 0x0 0x0 0x0 0x0 0x0 0x58 0x0 0x57 0x0 0x58 0x0 0x58 0x0 0xb0 0xb0 0xb0 0xb0 0xb0 0xb0 0x0 0x0 0x0 0x0 0x0 0x0 0x0 0x0 0x0 0x0 0x0 0x0 0x0 0x0 0x0 0x0 0x0 0x0 0x0 0x80 0x80 0x80 0x80 0x4d 0x80 0x4f 0x80 0xa6 0x82 0xeb 0x7b 0x0 0x0 0x0 0x0 0x3c 0xf3 0x9e 0x25 0x73 0xe7 0x15 0xee 0x0 0x0 0x0 0x0 0x0 0x0 0x0 0x80 0x0 0xa4 0xa4 0x0 0x1 0xed 0x6 0x0 0x0
1787978737358,0x1 0x79 0xd 0xb6 0x61 0xb6 0x60 0xd 0x0 0x0 0xd 0x0 0x0 0x0 0x0 0x0 0x0 0x0 0x73 0x0 0x0 0x0 0xd4 0x3 0x0 0x0 0x0 0x0 0x0 0x58 0x0 0x58 0x0 0x58 0x0 0x58 0x0 0xb0 0xb0 0xb0 0xb0 0xb0 0xb0 0x0 0x0 0x0 0x0 0x0 0x0 0x0 0x0 0x0 0x0 0x0 0x0 0x0 0x0 0x0 0x0 0x0 0x0 0x0 0x80 0x80 0x80 0x80 0x4d 0x80 0x4f 0x80 0xa6 0x82 0xeb 0x7b 0x0 0x0 0x0 0x0 0x3c 0xf3 0xca 0x26 0x73 0xe7 0x15 0xee 0x0 0x0 0x0 0x0 0x0 0x0 0x0 0x80 0x0 0xa4 0xa4 0x0 0x1 0xed 0x6 0x0 0x0
1787978737581,0x1 0x79 0xd 0xb6 0x61 0xb6 0x60 0xd 0x0 0x0 0xd 0x0 0x0 0x0 0x0 0x0 0x0 0x0 0x73 0x0 0x0 0x0 0xd4 0x3 0x0 0x0 0x0 0x0 0x0 0x58 0x0 0x57 0x0 0x58 0x0 0x58 0x0 0xb0 0xb0 0xb0 0xb0 0xb0 0xb0 0x0 0x0 0x0 0x0 0x0 0x0 0x0 0x0 0x0 0x0 0x0 0x0 0x0 0x0 0x0 0x0 0x0 0x0 0x0 0x80 0x80 0x80 0x80 0x4d 0x80 0x4f 0x80 0xa6 0x82 0xeb 0x7b 0x0 0x0 0x0 0x0 0x3c 0xf3 0xca 0x26 0x73 0xe7 0x15 0xee 0x0 0x0 0x0 0x0 0x0 0x0 0x0 0x80 0x0 0xa4 0xa4 0x0 0x1 0xed 0x6 0x0 0x0
1787978737805,0x1 0x64 0x1 0xb6 0x61 0xb6 0x60 0xd 0x0 0x0 0xd 0x0 0x0 0x0 0x0 0x0 0x0 0x0 0x73 0x0 0x0 0x0 0xd4 0x3 0x0 0x0 0x0 0x0 0x0 0x58 0x0 0x57 0x0 0x58 0x0 0x57 0x0 0xb0 0xb0 0xb0 0xb0 0xb0 0xb0 0x0 0x0 0x0 0x0 0x0 0x0 0x0 0x0 0x0 0x0 0x0 0x0 0x0 0x0 0x0 0x0 0x0 0x0 0x0 0x80 0x80 0x80 0x80 0x4d 0x80 0x4f 0x80 0xa6 0x82 0xeb 0x7b 0x0 0x0 0x0 0x0 0x3c 0xf3 0xca 0x26 0x73 0xe7 0x15 0xee 0x0 0x0 0x0 0x0 0x0 0x0 0x0 0x80 0x0 0xa4 0xa4 0x0 0x1 0x6a 0x9 0x0 0x0
1787978738029,0x1 0x69 0x5 0xb6 0x61 0xb6 0x60 0xd 0x0 0x0 0xd 0x0 0x0 0x0 0x0 0x0 0x0 0x0 0x73 0x0 0x0 0x0 0xd4 0x3 0x0 0x0 0x0 0x0 0x0 0x58 0x0 0x58 0x0 0x58 0x0 0x58 0x0 0xb0 0xb0 0xb0 0xb0 0xb0 0xb0 0x0 0x0 0x0 0x0 0x0 0x0 0x0 0x0 0x0 0x0 0x0 0x0 0x0 0x0 0x0 0x0 0x0 0x0 0x0 0x80 0x80 0x80 0x80 0x4d 0x80 0x4f 0x80 0xa6 0x82 0xeb 0x7b 0x0 0x0 0x0 0x0 0x3c 0xf3 0xca 0x26 0x73 0xe7 0x15 0xee 0x0 0x0 0x0 0x0 0x0 0x0 0x0 0x80 0x0 0xa4 0xa4 0x0 0x1 0xc8 0x8 0x0 0x0
1787978738253,0x1 0x69 0x5 0xb6 0x61 0xb6 0x60 0xd 0x0 0x0 0xd 0x18 0x23 0x0 0x43 0x10 0x5b 0x10 0x73 0x0 0x27 0x2 0xc 0x4 0x0 0x0 0x0 0x0 0x4 0x58 0x0 0x57 0x0 0x57 0x0 0x58 0x0 0xac 0xac 0xac 0xac 0xac 0xac 0x0 0x0 0xe6 0x28 0x11 0x2b 0x65 0x1c 0x0 0x0 0x0 0x0 0x65 0x1c 0x65 0x1c 0x4a 0x0 0x0 0x80 0x80 0x80 0x80 0x4d 0x80 0x4f 0x80 0xa6 0x82 0xeb 0x7b 0x0 0x0 0x0 0x0 0xbc 0xad 0x9e 0x25 0x73 0xe7 0x15 0xee 0x0 0x0 0x0 0x0 0x0 0x0 0x0 0x80 0x0 0xa4 0xa4 0x0 0x2 0xc8 0x8 0x0 0x0
1787978738476,0x1 0x77 0xd 0xb6 0x61 0xb6 0x60 0xd 0x0 0x0 0xd 0x3c 0x5c 0x0 0x81 0x10 0xf2 0xf 0x73 0x0 0x93 0x5 0xa5 0x5 0x0 0x26 0x62 0x0 0x4 0x58 0x0 0x58 0x0 0x57 0x0 0x58 0x0 0x9f 0x9f 0x9f 0x9f 0x9f 0x9f 0x7 0x11 0x39 0x10 0x6b 0xf 0x9d 0xe 0xcf 0xd 0xd5 0x11 0xcf 0xd 0xcf 0xd 0x42 0x0 0x0 0x80 0x80 0x80 0x80 0x4d 0x80 0x4f 0x80 0xa6 0x82 0xeb 0x7b 0xc7 0xc7 0x0 0x0 0xb6 0xca 0xca 0x26 0x73 0xe7 0x15 0xee 0x0 0x0 0x0 0x0 0x0 0x0 0x0 0x80 0x0 0xa4 0xa4 0x0 0x4 0x11 0x7 0x0 0x0
1787978738702,0x1 0x85 0xd 0xb6 0x61 0xb6 0x60 0xd 0x0 0x0 0xd 0x3f 0x64 0x0 0xa5 0x11 0x67 0x11 0x73 0x0 0xab 0x5 0xa5 0x5 0x0 0x26 0x60 0x0 0x0 0x58 0x0 0x57 0x0 0x57 0x0 0x58 0x0 0xa1 0xa1 0xa1 0xa1 0xa1 0xa1 0x2 0x4 0xed 0x3 0xd4 0x3 0xf5 0x4 0x27 0x4 0xea 0x3 0xd4 0x3 0xbe 0x3 0x26 0x0 0x0 0x80 0x80 0x80 0x80 0x4d 0x80 0x4f 0x80 0xa6 0x82 0xeb 0x7b 0x99 0x99 0x0 0x0 0x34 0xc2 0xc8 0x2c 0x73 0xe7 0x15 0xee 0x0 0x0 0x0 0x0 0x0 0x0 0x0 0x80 0x0 0xa4 0xa4 0x0 0x4 0x13 0x6 0x0 0x0
1787978738925,0x1 0x86 0xd 0xb6 0x61 0xb7 0x60 0xd 0x0 0x0 0xd 0x40 0x66 0x0 0x92 0x12 0x4f 0x12 0x73 0x0 0x7e 0x5 0xa5 0x5 0x0 0x26 0x61 0x0 0x0 0x57 0x0 0x58 0x0 0x58 0x0 0x58 0x0 0x8d 0x8d 0x8d 0x8d 0x8d 0x8d 0x1 0x4 0xd5 0x3 0xee 0x3 0xdb 0x3 0xf5 0x3 0xe7 0x3 0x1 0x4 0xeb 0x3 0x27 0x0 0x0 0x80 0x80 0x80 0x80 0x4d 0x80 0x4f 0x80 0xa6 0x82 0xeb 0x7b 0x9b 0x9b 0x0 0x0 0xc2 0xc3 0x56 0x2f 0x73 0xe7 0x15 0xee 0x0 0x0 0x0 0x0 0x0 0x0 0x0 0x80 0x0 0xa4 0xa4 0x0 0x4 0x1 0x6 0x0 0x0
1787978739149,0x1 0x87 0xd 0xb6 0x61 0xb7 0x60 0xd 0x0 0x0 0xd 0x40 0x66 0x0 0x49 0x13 0x1 0x13 0x73 0x0 0x4a 0x5 0xa5 0x5 0x0 0x26 0x62 0x0 0x0 0x58 0x0 0x57 0x0 0x58 0x0 0x58 0x0 0x87 0x87 0x87 0x87 0x87 0x87 0x1b 0x4 0x4 0x4 0x1b 0x4 0x7 0x4 0x1c 0x4 0x2 0x4 0x1f 0x4 0x7 0x4 0x26 0x0 0x0 0x80 0x80 0x80 0x80 0x4d 0x80 0x4f 0x80 0xa6 0x82 0xeb 0x7b 0x9d 0x9d 0x0 0x0 0x46 0xc4 0xda 0x32 0x73 0xe7 0x15 0xee 0x0 0x0 0x0 0x0 0x0 0x0 0x0 0x80 0x0 0xa4 0xa4 0x0 0x4 0xef 0x5 0x0 0x0
1787978739373,0x1 0x89 0xd 0xb6 0x61 0xb7 0x60 0xd 0x0 0x0 0xd 0x41 0x6b 0x0 0xa0 0x14 0x95 0x13 0x73 0x0 0x30 0x5 0xa5 0x5 0x0 0x27 0x62 0x0 0x0 0x58 0x0 0x58 0x0 0x58 0x0 0x58 0x0 0x86 0x86 0x86 0x86 0x86 0x86 0xde 0x3 0xd5 0x3 0xd0 0x3 0xb6 0x3 0xcd 0x3 0xc0 0x3 0xec 0x3 0xd5 0x3 0x27 0x0 0x0 0x80 0x80 0x80 0x80 0x4d 0x80 0x4f 0x80 0xa6 0x82 0xeb 0x7b 0xee 0xee 0x0 0x0 0x9e 0xc5 0x32 0x35 0x73 0xe7 0x15 0xee 0x0 0x0 0x0 0x0 0x0 0x0 0x0 0x80 0x0 0xa4 0xa4 0x0 0x4 0xcb 0x5 0x0 0x0
1787978739598,0x1 0x87 0xd 0xb6 0x61 0xb7 0x60 0xd 0x0 0x0 0xd 0x40 0x65 0x0 0xf3 0x13 0xe7 0x13 0x73 0x0 0x10 0x5 0xa5 0x5 0x0 0x27 0x62 0x0 0x0 0x57 0x0 0x57 0x0 0x58 0x0 0x58 0x0 0x86 0x86 0x86 0x86 0x86 0x86 0xec 0x3 0xd9 0x3 0xf0 0x3 0xe0 0x3 0xf0 0x3 0xd8 0x3 0xf6 0x3 0xe0 0x3 0x27 0x0 0x0 0x80 0x80 0x80 0x80 0x4d 0x80 0x4f 0x80 0xa6 0x82 0xeb 0x7b 0xf1 0xf1 0x0 0x0 0x9e 0xc3 0x32 0x35 0x73 0xe7 0x15 0xee 0x0 0x0 0x0 0x0 0x0 0x0 0x0 0x80 0x0 0xa4 0xa4 0x0 0x4 0xef 0x5 0x0 0x0
1787978739821,0x1 0x88 0xd 0xb6 0x61 0xb7 0x60 0xd 0x0 0x0 0xd 0x41 0x67 0x0 0xaa 0x14 0x93 0x14 0x73 0x0 0xfc 0x4 0xa5 0x5 0x0 0x28 0x65 0x0 0x0 0x58 0x0 0x57 0x0 0x58 0x0 0x58 0x0 0x86 0x86 0x86 0x86 0x86 0x86 0x18 0x4 0x5 0x4 0x25 0x4 0x15 0x4 0x2c 0x4 0x14 0x4 0x2c 0x4 0x14 0x4 0x27 0x0 0x0 0x80 0x80 0x80 0x80 0x4d 0x80 0x4f 0x80 0xa6 0x82 0xeb 0x7b 0xf5 0xf5 0x0 0x0 0xf6 0xc4 0x8a 0x37 0x73 0xe7 0x15 0xee 0x0 0x0 0x0 0x0 0x0 0x0 0x0 0x80 0x0 0xa4 0xa4 0x0 0x4 0xdd 0x5 0x0 0x0
1787978740046,0x1 0x87 0xd 0xb6 0x61 0xb7 0x60 0xd 0x0 0x0 0xd 0x40 0x66 0x0 0xf5 0x14 0xf1 0x14 0x73 0x0 0xde 0x4 0xa5 0x5 0x0 0x28 0x65 0x0 0x0 0x58 0x0 0x58 0x0 0x58 0x0 0x58 0x0 0x86 0x86 0x86 0x86 0x86 0x86 0x52 0x4 0x40 0x4 0x5a 0x4 0x36 0x4 0x50 0x4 0x33 0x4 0x5a 0x4 0x40 0x4 0x27 0x0 0x0 0x80 0x80 0x80 0x80 0x4d 0x80 0x4f 0x80 0xa6 0x82 0xeb 0x7b 0xf1 0xf1 0x0 0x0 0xd2 0xca 0x66 0x3d 0x73 0xe7 0x15 0xee 0x0 0x0 0x0 0x0 0x0 0x0 0x0 0x80 0x0 0xa4 0xa4 0x0 0x4 0xef 0x5 0x0 0x0
1787978740269,0x1 0x88 0xd 0xb6 0x61 0xb7 0x60 0xd 0x0 0x0 0xd 0x40 0x67 0x0 0x8b 0x15 0x87 0x15 0x73 0x0 0xc8 0x4 0xa5 0x5 0x0 0x28 0x65 0x0 0x0 0x58 0x0 0x57 0x0 0x58 0x0 0x57 0x0 0x86 0x86 0x86 0x86 0x86 0x86 0x8c 0x4 0x70 0x4 0x88 0x4 0x70 0x4 0x7d 0x4 0x5e 0x4 0x8b 0x4 0x70 0x4 0x27 0x0 0x0 0x80 0x80 0x80 0x80 0x4d 0x80 0x4f 0x80 0xa6 0x82 0xeb 0x7b 0xf1 0xf1 0x0 0x0 0xd2 0xc9 0x66 0x3d 0x73 0xe7 0x15 0xee 0x0 0x0 0x0 0x0 0x0 0x0 0x0 0x80 0x0 0xa4 0xa4 0x0 0x4 0xdd 0x5 0x0 0x0
1787978740493,0x1 0x88 0xd 0xb6 0x61 0xb7 0x60 0xd 0x0 0x0 0xd 0x41 0x68 0x0 0x22 0x16 0xe0 0x15 0x73 0x0 0xb3 0x4 0xa5 0x5 0x0 0x28 0x65 0x0 0x0 0x58 0x0 0x57 0x0 0x58 0x0 0x58 0x0 0x86 0x86 0x86 0x86 0x86 0x86 0x87 0x4 0x6b 0x4 0x89 0x4 0x6e 0x4 0x90 0x4 0x77 0x4 0x92 0x4 0x77 0x4 0x28 0x0 0x0 0x80 0x80 0x80 0x80 0x4d 0x80 0x4f 0x80 0xa6 0x82 0xeb 0x7b 0xf1 0xf1 0x0 0x0 0xd2 0xc8 0x66 0x3d 0x73 0xe7 0x15 0xee 0x0 0x0 0x0 0x0 0x0 0x0 0x0 0x80 0x0 0xa4 0xa4 0x0 0x4 0xdd 0x5 0x0 0x0
1787978740717,0x1 0x88 0xd 0xb6 0x61 0xb7 0x60 0xd 0x0 0x0 0xd 0x3f 0x65 0x0 0xa8 0x15 0x7 0x16 0x73 0x0 0xaa 0x4 0xa5 0x5 0x0 0x28 0x65 0x0 0x0 0x58 0x0 0x57 0x0 0x58 0x0 0x58 0x0 0x88 0x88 0x88 0x88 0x88 0x88 0x96 0x4 0x83 0x4 0xa1 0x4 0x88 0x4 0x9c 0x4 0x79 0x4 0x96 0x4 0x7d 0x4 0x28 0x0 0x0 0x80 0x80 0x80 0x80 0x4d 0x80 0x4f 0x80 0xa6 0x82 0xeb 0x7b 0xf1 0xf1 0x0 0x0 0xd2 0xc8 0x66 0x3d 0x73 0xe7 0x15 0xee 0x0 0x0 0x0 0x0 0x0 0x0 0x0 0x80 0x0 0xa4 0xa4 0x0 0x4 0xdd 0x5 0x0 0x0
1787978740940,0x1 0x88 0xd 0xb6 0x61 0xb7 0x60 0xd 0x0 0x0 0xd 0x40 0x65 0x0 0xee 0x15 0x20 0x16 0x73 0x0 0x9b 0x4 0xa5 0x5 0x0 0x28 0x65 0x0 0x0 0x57 0x0 0x58 0x0 0x57 0x0 0x57 0x0 0x88 0x88 0x88 0x88 0x88 0x88 0x91 0x4 0x72 0x4 0xa2 0x4 0x8a 0x4 0x9e 0x4 0x7f 0x4 0x8b 0x4 0x72 0x4 0x29 0x0 0x0 0x80 0x80 0x80 0x80 0x4d 0x80 0x4f 0x80 0xa6 0x82 0xeb 0x7b 0xf1 0xf1 0x0 0x0 0xd2 0xc6 0x66 0x3d 0x73 0xe7 0x15 0xee 0x0 0x0 0x0 0x0 0x0 0x0 0x0 0x80 0x0 0xa4 0xa4 0x0 0x4 0xdd 0x5 0x0 0x0
1787978741164,0x1 0x88 0xd 0xb6 0x61 0xb7 0x60 0xd 0x0 0x0 0xd 0x41 0x68 0x0 0xd0 0x16 0x99 0x16 0x73 0x0 0x8f 0x4 0xa5 0x5 0x0 0x28 0x65 0x0 0x0 0x58 0x0 0x57 0x0 0x57 0x0 0x58 0x0 0x8b 0x8b 0x8b 0x8b 0x8b 0x8b 0x93 0x4 0x7a 0x4 0x98 0x4 0x81 0x4 0x9b 0x4 0x7e 0x4 0x9b 0x4 0x81 0x4 0x29 0x0 0x0 0x80 0x80 0x80 0x80 0x4d 0x80 0x4f 0x80 0xa6 0x82 0xeb 0x7b 0xf1 0xf1 0x0 0x0 0xd2 0xc6 0x66 0x3d 0x73 0xe7 0x15 0xee 0x0 0x0 0x0 0x0 0x0 0x0 0x0 0x80 0x0 0xa4 0xa4 0x0 0x4 0xdd 0x5 0x0 0x0
1787978741389,0x1 0x89 0xd 0xb6 0x61 0xb7 0x60 0xd 0x0 0x0 0xd 0x3f 0x65 0x0 0x37 0x16 0xbf 0x16 0x73 0x0 0x8c 0x4 0xa5 0x5 0x0 0x28 0x65 0x0 0x0 0x57 0x0 0x5a 0x0 0x58 0x0 0x58 0x0 0x8b 0x8b 0x8b 0x8b 0x8b 0x8b 0xa9 0x4 0x8c 0x4 0xa4 0x4 0x88 0x4 0x97 0x4 0x8f 0x4 0x97 0x4 0x7c 0x4 0x29 0x0 0x0 0x80 0x80 0x80 0x80 0x4d 0x80 0x4f 0x80 0xa6 0x82 0xeb 0x7b 0xee 0xee 0x0 0x0 0xd2 0xc6 0x66 0x3d 0x73 0xe7 0x15 0xee 0x0 0x0 0x0 0x0 0x0 0x0 0x0 0x80 0x0 0xa4 0xa4 0x0 0x4 0xcb 0x5 0x0 0x0
1787978741613,0x1 0x88 0xd 0xb6 0x61 0xb6 0x60 0xd 0x0 0x0 0xd 0x41 0x68 0x0 0xd5 0x16 0xb2 0x16 0x73 0x0 0x8e 0x4 0xa5 0x5 0x0 0x28 0x65 0x0 0x0 0x58 0x0 0x57 0x0 0x58 0x0 0x58 0x0 0x8e 0x8e 0x8e 0x8e 0x8e 0x8e 0x91 0x4 0x75 0x4 0x87 0x4 0x6e 0x4 0x8d 0x4 0x74 0x4 0x8e 0x4 0x74 0x4 0x29 0x0 0x0 0x80 0x80 0x80 0x80 0x4d 0x80 0x4f 0x80 0xa6 0x82 0xeb 0x7b 0xee 0xee 0x0 0x0 0xd2 0xc6 0x66 0x3d 0x73 0xe7 0x15 0xee 0x0 0x0 0x0 0x0 0x0 0x0 0x0 0x80 0x0 0xa4 0xa4 0x0 0x4 0xdd 0x5 0x0 0x0
1787978741836,0x1 0x88 0xd 0xb6 0x61 0xb6 0x60 0xd 0x0 0x0 0xd 0x40 0x67 0x0 0xa7 0x16 0xa9 0x16 0x73 0x0 0x8c 0x4 0xa5 0x5 0x0 0x28 0x65 0x0 0x0 0x58 0x0 0x57 0x0 0x58 0x0 0x57 0x0 0x8e 0x8e 0x8e 0x8e 0x8e 0x8e 0x8b 0x4 0x7a 0x4 0x9a 0x4 0x7a 0x4 0x91 0x4 0x73 0x4 0x8b 0x4 0x72 0x4 0x29 0x0 0x0 0x80 0x80 0x80 0x80 0x4d 0x80 0x4f 0x80 0xa6 0x82 0xeb 0x7b 0xee 0xee 0x0 0x0 0xd2 0xc6 0x66 0x3d 0x73 0xe7 0x15 0xee 0x0 0x0 0x0 0x0 0x0 0x0 0x0 0x80 0x0 0xa4 0xa4 0x0 0x4 0xdd 0x5 0x0 0x0
1787978742060,0x1 0x88 0xd 0xb6 0x61 0xb6 0x60 0xd 0x0 0x0 0xd 0x40 0x68 0x0 0x8 0x17 0xf1 0x16 0x73 0x0 0x84 0x4 0xa5 0x5 0x0 0x28 0x65 0x0 0x0 0x58 0x0 0x57 0x0 0x58 0x0 0x57 0x0 0x8f 0x8f 0x8f 0x8f 0x8f 0x8f 0x96 0x4 0x7e 0x4 0x97 0x4 0x78 0x4 0x94 0x4 0x7d 0x4 0x98 0x4 0x7e 0x4 0x29 0x0 0x0 0x80 0x80 0x80 0x80 0x4d 0x80 0x4f 0x80 0xa6 0x82 0xeb 0x7b 0xee 0xee 0x0 0x0 0xd2 0xc6 0x66 0x3d 0x73 0xe7 0x15 0xee 0x0 0x0 0x0 0x0 0x0 0x0 0x0 0x80 0x0 0xa4 0xa4 0x0 0x4 0xdd 0x5 0x0 0x0
1787978742284,0x1 0x8a 0xd 0xb6 0x61 0xb6 0x60 0xd 0x0 0x0 0xd 0x41 0x66 0x0 0xb0 0x16 0xf2 0x16 0x73 0x0 0x7f 0x4 0xa5 0x5 0x0 0x28 0x65 0x0 0x0 0x58 0x0 0x59 0x0 0x58 0x0 0x58 0x0 0x8f 0x8f 0x8f 0x8f 0x8f 0x8f 0x9b 0x4 0x84 0x4 0x95 0x4 0x77 0x4 0x94 0x4 0x82 0x4 0x95 0x4 0x7c 0x4 0x2a 0x0 0x0 0x80 0x80 0x80 0x80 0x4d 0x80 0x4f 0x80 0xa6 0x82 0xeb 0x7b 0xee 0xee 0x0 0x0 0xd2 0xc6 0x66 0x3d 0x73 0xe7 0x15 0xee 0x0 0x0 0x0 0x0 0x0 0x0 0x0 0x80 0x0 0xa4 0xa4 0x0 0x4 0xb9 0x5 0x0 0x0
1787978742508,0x1 0x88 0xd 0xb6 0x61 0xb6 0x60 0xd 0x0 0x0 0xd 0x40 0x67 0x0 0xde 0x16 0xec 0x16 0x73 0x0 0x81 0x4 0xa5 0x5 0x0 0x28 0x65 0x0 0x0 0x58 0x0 0x58 0x0 0x58 0x0 0x58 0x0 0x91 0x91 0x91 0x91 0x91 0x91 0x93 0x4 0x7a 0x4 0x92 0x4 0x7c 0x4 0x8d 0x4 0x78 0x4 0x95 0x4 0x7c 0x4 0x29 0x0 0x0 0x80 0x80 0x80 0x80 0x4d 0x80 0x4f 0x80 0xa6 0x82 0xeb 0x7b 0xea 0xea 0x0 0x0 0xd2 0xc6 0x66 0x3d 0x73 0xe7 0x15 0xee 0x0 0x0 0x0 0x0 0x0 0x0 0x0 0x80 0x0 0xa4 0xa4 0x0 0x4 0xdd 0x5 0x0 0x0
1787978742732,0x1 0x89 0xd 0xb6 0x61 0xb6 0x60 0xd 0x0 0x0 0xd 0x40 0x66 0x0 0xd8 0x16 0x2d 0x17 0x73 0x0 0x77 0x4 0xa5 0x5 0x0 0x28 0x65 0x0 0x0 0x58 0x0 0x58 0x0 0x58 0x0 0x58 0x0 0x91 0x91 0x91 0x91 0x91 0x91 0xa4 0x4 0x83 0x4 0xa1 0x4 0x80 0x4 0xa2 0x4 0x91 0x4 0x9b 0x4 0x80 0x4 0x2a 0x0 0x0 0x80 0x80 0x80 0x80 0x4d 0x80 0x4f 0x80 0xa6 0x82 0xeb 0x7b 0xea 0xea 0x0 0x0 0xd2 0xc5 0x66 0x3d 0x73 0xe7 0x15 0xee 0x0 0x0 0x0 0x0 0x0 0x0 0x0 0x80 0x0 0xa4 0xa4 0x0 0x4 0xcb 0x5 0x0 0x0
1787978742956,0x1 0x88 0xd 0xb6 0x61 0xb6 0x60 0xd 0x0 0x0 0xd 0x40 0x66 0x0 0xd3 0x16 0x11 0x17 0x73 0x0 0x78 0x4 0xa5 0x5 0x0 0x28 0x65 0x0 0x0 0x58 0x0 0x57 0x0 0x58 0x0 0x58 0x0 0x91 0x91 0x91 0x91 0x91 0x91 0x9e 0x4 0x80 0x4 0x99 0x4 0x7b 0x4 0x91 0x4 0x83 0x4 0x91 0x4 0x76 0x4 0x2a 0x0 0x0 0x80 0x80 0x80 0x80 0x4d 0x80 0x4f 0x80 0xa6 0x82 0xeb 0x7b 0xea 0xea 0x0 0x0 0xd2 0xc5 0x66 0x3d 0x73 0xe7 0x15 0xee 0x0 0x0 0x0 0x0 0x0 0x0 0x0 0x80 0x0 0xa4 0xa4 0x0 0x4 0xdd 0x5 0x0 0x0
1787978743180,0x1 0x89 0xd 0xb6 0x61 0xb6 0x60 0xd 0x0 0x0 0xd 0x3f 0x67 0x0 0xfd 0x16 0xf 0x17 0x73 0x0 0x7b 0x4 0xa5 0x5 0x0 0x28 0x65 0x0 0x0 0x58 0x0 0x58 0x0 0x57 0x0 0x58 0x0 0x92 0x92 0x92 0x92 0x92 0x92 0x86 0x4 0x75 0x4 0x8b 0x4 0x75 0x4 0x90 0x4 0x75 0x4 0x8e 0x4 0x75 0x4 0x2a 0x0 0x0 0x80 0x80 0x80 0x80 0x4d 0x80 0x4f 0x80 0xa6 0x82 0xeb 0x7b 0xea 0xea 0x0 0x0 0xd2 0xc5 0x66 0x3d 0x73 0xe7 0x15 0xee 0x0 0x0 0x0 0x0 0x0 0x0 0x0 0x80 0x0 0xa4 0xa4 0x0 0x4 0xcb 0x5 0x0 0x0
1787978743404,0x1 0x89 0xd 0xb6 0x61 0xb6 0x60 0xd 0x0 0x0 0xd 0x40 0x67 0x0 0xf8 0x16 0x4e 0x17 0x73 0x0 0x7c 0x4 0xa5 0x5 0x0 0x28 0x65 0x0 0x0 0x58 0x0 0x58 0x0 0x58 0x0 0x58 0x0 0x92 0x92 0x92 0x92 0x92 0x92 0x99 0x4 0x81 0x4 0x99 0x4 0x80 0x4 0xa1 0x4 0x86 0x4 0x99 0x4 0x80 0x4 0x2a 0x0 0x0 0x80 0x80 0x80 0x80 0x4d 0x80 0x4f 0x80 0xa6 0x82 0xeb 0x7b 0xea 0xea 0x0 0x0 0xd2 0xc5 0x66 0x3d 0x73 0xe7 0x15 0xee 0x0 0x0 0x0 0x0 0x0 0x0 0x0 0x80 0x0 0xa4 0xa4 0x0 0x4 0xcb 0x5 0x0 0x0
1787978743627,0x1 0x89 0xd 0xb6 0x61 0xb6 0x60 0xd 0x0 0x0 0xd 0x3f 0x65 0x0 0x68 0x16 0xf0 0x16 0x73 0x0 0x82 0x4 0xa5 0x5 0x0 0x28 0x65 0x0 0x0 0x58 0x0 0x58 0x0 0x57 0x0 0x58 0x0 0x93 0x93 0x93 0x93 0x93 0x93 0x8a 0x4 0x69 0x4 0x8a 0x4 0x74 0x4 0x8a 0x4 0x77 0x4 0x82 0x4 0x69 0x4 0x29 0x0 0x0 0x80 0x80 0x80 0x80 0x4d 0x80 0x4f 0x80 0xa6 0x82 0xeb 0x7b 0xea 0xea 0x0 0x0 0xd2 0xc6 0x66 0x3d 0x73 0xe7 0x15 0xee 0x0 0x0 0x0 0x0 0x0 0x0 0x0 0x80 0x0 0xa4 0xa4 0x0 0x4 0xcb 0x5 0x0 0x0
1787978743851,0x1 0x88 0xd 0xb6 0x61 0xb6 0x60 0xd 0x0 0x0 0xd 0x41 0x69 0x0 0x46 0x17 0x1c 0x17 0x73 0x0 0x83 0x4 0xa5 0x5 0x0 0x28 0x65 0x0 0x0 0x58 0x0 0x57 0x0 0x57 0x0 0x58 0x0 0x93 0x93 0x93 0x93 0x93 0x93 0x85 0x4 0x6e 0x4 0x89 0x4 0x72 0x4 0x89 0x4 0x6a 0x4 0x89 0x4 0x70 0x4 0x29 0x0 0x0 0x80 0x80 0x80 0x80 0x4d 0x80 0x4f 0x80 0xa6 0x82 0xeb 0x7b 0xea 0xea 0x0 0x0 0xd2 0xc6 0x66 0x3d 0x73 0xe7 0x15 0xee 0x0 0x0 0x0 0x0 0x0 0x0 0x0 0x80 0x0 0xa4 0xa4 0x0 0x4 0xdd 0x5 0x0 0x0
1787978744075,0x1 0x89 0xd 0xb6 0x61 0xb6 0x60 0xd 0x0 0x0 0xd 0x40 0x68 0x0 0x1c 0x17 0x1 0x17 0x73 0x0 0x80 0x4 0xa5 0x5 0x0 0x28 0x65 0x0 0x0 0x58 0x0 0x58 0x0 0x58 0x0 0x58 0x0 0x93 0x93 0x93 0x93 0x93 0x93 0x7e 0x4 0x65 0x4 0x7e 0x4 0x69 0x4 0x7b 0x4 0x61 0x4 0x82 0x4 0x69 0x4 0x29 0x0 0x0 0x80 0x80 0x80 0x80 0x4d 0x80 0x4f 0x80 0xa6 0x82 0xeb 0x7b 0xea 0xea 0x0 0x0 0xd2 0xc6 0x66 0x3d 0x73 0xe7 0x15 0xee 0x0 0x0 0x0 0x0 0x0 0x0 0x0 0x80 0x0 0xa4 0xa4 0x0 0x4 0xcb 0x5 0x0 0x0
1787978744299,0x1 0x88 0xd 0xb6 0x61 0xb6 0x60 0xd 0x0 0x0 0xd 0x41 0x69 0x0 0x31 0x17 0x51 0x17 0x73 0x0 0x87 0x4 0xa5 0x5 0x0 0x28 0x65 0x0 0x0 0x57 0x0 0x58 0x0 0x57 0x0 0x58 0x0 0x93 0x93 0x93 0x93 0x93 0x93 0x8c 0x4 0x76 0x4 0x90 0x4 0x74 0x4 0x8c 0x4 0x76 0x4 0x8c 0x4 0x73 0x4 0x29 0x0 0x0 0x80 0x80 0x80 0x80 0x4d 0x80 0x4f 0x80 0xa6 0x82 0xeb 0x7b 0xe7 0xe7 0x0 0x0 0xd2 0xc6 0x66 0x3d 0x73 0xe7 0x15 0xee 0x0 0x0 0x0 0x0 0x0 0x0 0x0 0x80 0x0 0xa4 0xa4 0x0 0x4 0xdd 0x5 0x0 0x0
1787978744523,0x1 0x89 0xd 0xb6 0x61 0xb6 0x60 0xd 0x0 0x0 0xd 0x41 0x69 0x0 0x2c 0x17 0xc 0x17 0x73 0x0 0x88 0x4 0xa5 0x5 0x0 0x28 0x65 0x0 0x0 0x58 0x0 0x58 0x0 0x58 0x0 0x58 0x0 0x93 0x93 0x93 0x93 0x93 0x93 0x6d 0x4 0x55 0x4 0x71 0x4 0x5b 0x4 0x78 0x4 0x62 0x4 0x7b 0x4 0x62 0x4 0x29 0x0 0x0 0x80 0x80 0x80 0x80 0x4d 0x80 0x4f 0x80 0xa6 0x82 0xeb 0x7b 0xe7 0xe7 0x0 0x0 0xd2 0xc6 0x66 0x3d 0x73 0xe7 0x15 0xee 0x0 0x0 0x0 0x0 0x0 0x0 0x0 0x80 0x0 0xa4 0xa4 0x0 0x4 0xcb 0x5 0x0 0x0
1787978744747,0x1 0x89 0xd 0xb6 0x61 0xb6 0x60 0xd 0x0 0x0 0xd 0x41 0x66 0x0 0x83 0x16 0x95 0x16 0x73 0x0 0x88 0x4 0xa5 0x5 0x0 0x28 0x65 0x0 0x0 0x58 0x0 0x58 0x0 0x58 0x0 0x58 0x0 0x93 0x93 0x93 0x93 0x93 0x93 0x61 0x4 0x4a 0x4 0x60 0x4 0x46 0x4 0x63 0x4 0x4a 0x4 0x61 0x4 0x49 0x4 0x29 0x0 0x0 0x80 0x80 0x80 0x80 0x4d 0x80 0x4f 0x80 0xa6 0x82 0xeb 0x7b 0xe7 0xe7 0x0 0x0 0xd2 0xc6 0x66 0x3d 0x73 0xe7 0x15 0xee 0x0 0x0 0x0 0x0 0x0 0x0 0x0 0x80 0x0 0xa4 0xa4 0x0 0x4 0xcb 0x5 0x0 0x0
1787978744971,0x1 0x88 0xd 0xb6 0x61 0xb6 0x60 0xd 0x0 0x0 0xd 0x41 0x69 0x0 0x18 0x17 0x12 0x17 0x73 0x0 0x8c 0x4 0xa5 0x5 0x0 0x28 0x65 0x0 0x0 0x58 0x0 0x57 0x0 0x57 0x0 0x58 0x0 0x93 0x93 0x93 0x93 0x93 0x93 0x72 0x4 0x57 0x4 0x6e 0x4 0x53 0x4 0x6d 0x4 0x57 0x4 0x70 0x4 0x57 0x4 0x29 0x0 0x0 0x80 0x80 0x80 0x80 0x4d 0x80 0x4f 0x80 0xa6 0x82 0xeb 0x7b 0xe7 0xe7 0x0 0x0 0xd2 0xc6 0x66 0x3d 0x73 0xe7 0x15 0xee 0x0 0x0 0x0 0x0 0x0 0x0 0x0 0x80 0x0 0xa4 0xa4 0x0 0x4 0xdd 0x5 0x0 0x0
1787978745195,0x1 0x89 0xd 0xb6 0x61 0xb6 0x60 0xd 0x0 0x0 0xd 0x41 0x6a 0x0 0x5a 0x17 0x55 0x17 0x73 0x0 0x8a 0x4 0xa5 0x5 0x0 0x28 0x65 0x0 0x0 0x58 0x0 0x57 0x0 0x57 0x0 0x58 0x0 0x93 0x93 0x93 0x93 0x93 0x93 0x77 0x4 0x60 0x4 0x7b 0x4 0x58 0x4 0x71 0x4 0x5a 0x4 0x7b 0x4 0x60 0x4 0x29 0x0 0x0 0x80 0x80 0x80 0x80 0x4d 0x80 0x4f 0x80 0xa6 0x82 0xeb 0x7b 0xe7 0xe7 0x0 0x0 0xd2 0xc6 0x66 0x3d 0x73 0xe7 0x15 0xee 0x0 0x0 0x0 0x0 0x0 0x0 0x0 0x80 0x0 0xa4 0xa4 0x0 0x4 0xcb 0x5 0x0 0x0
1787978745420,0x1 0x89 0xd 0xb6 0x61 0xb6 0x60 0xd 0x0 0x0 0xd 0x40 0x66 0x0 0xc4 0x16 0xeb 0x16 0x73 0x0 0x7b 0x4 0xa5 0x5 0x0 0x28 0x65 0x0 0x0 0x58 0x0 0x58 0x0 0x57 0x0 0x58 0x0 0x93 0x93 0x93 0x93 0x93 0x93 0x60 0x4 0x48 0x4 0x66 0x4 0x4a 0x4 0x61 0x4 0x48 0x4 0x62 0x4 0x4a 0x4 0x2a 0x0 0x0 0x80 0x80 0x80 0x80 0x4d 0x80 0x4f 0x80 0xa6 0x82 0xeb 0x7b 0xe7 0xe7 0x0 0x0 0xd2 0xc6 0x66 0x3d 0x73 0xe7 0x15 0xee 0x0 0x0 0x0 0x0 0x0 0x0 0x0 0x80 0x0 0xa4 0xa4 0x0 0x4 0xcb 0x5 0x0 0x0
1787978745643,0x1 0x89 0xd 0xb6 0x61 0xb6 0x60 0xd 0x0 0x0 0xd 0x40 0x67 0x0 0xd4 0x16 0xf6 0x16 0x73 0x0 0x83 0x4 0xa5 0x5 0x0 0x28 0x65 0x0 0x0 0x58 0x0 0x57 0x0 0x58 0x0 0x58 0x0 0x93 0x93 0x93 0x93 0x93 0x93 0x5d 0x4 0x46 0x4 0x63 0x4 0x4a 0x4 0x61 0x4 0x44 0x4 0x61 0x4 0x49 0x4 0x29 0x0 0x0 0x80 0x80 0x80 0x80 0x4d 0x80 0x4f 0x80 0xa6 0x82 0xeb 0x7b 0xe7 0xe7 0x0 0x0 0xd2 0xc6 0x66 0x3d 0x73 0xe7 0x15 0xee 0x0 0x0 0x0 0x0 0x0 0x0 0x0 0x80 0x0 0xa4 0xa4 0x0 0x4 0xcb 0x5 0x0 0x0
1787978745867,0x1 0x88 0xd 0xb6 0x61 0xb6 0x60 0xd 0x0 0x0 0xd 0x41 0x67 0x0 0xb6 0x16 0x9c 0x16 0x73 0x0 0x89 0x4 0xa5 0x5 0x0 0x28 0x65 0x0 0x0 0x58 0x0 0x58 0x0 0x58 0x0 0x57 0x0 0x93 0x93 0x93 0x93 0x93 0x93 0x62 0x4 0x43 0x4 0x57 0x4 0x39 0x4 0x4c 0x4 0x38 0x4 0x4f 0x4 0x38 0x4 0x29 0x0 0x0 0x80 0x80 0x80 0x80 0x4d 0x80 0x4f 0x80 0xa6 0x82 0xeb 0x7b 0xe7 0xe7 0x0 0x0 0xd2 0xc6 0x66 0x3d 0x73 0xe7 0x15 0xee 0x0 0x0 0x0 0x0 0x0 0x0 0x0 0x80 0x0 0xa4 0xa4 0x0 0x4 0xdd 0x5 0x0 0x0
1787978746091,0x1 0x8a 0xd 0xb5 0x62 0xb6 0x60 0xd 0x0 0x0 0xd 0x40 0x66 0x0 0x60 0x16 0xc5 0x16 0x73 0x0 0x8f 0x4 0x9c 0x5 0x0 0x28 0x65 0x0 0x0 0x58 0x0 0x58 0x0 0x57 0x0 0x57 0x0 0x93 0x93 0x93 0x93 0x93 0x93 0x4c 0x4 0x41 0x4 0x5c 0x4 0x40 0x4 0x55 0x4 0x35 0x4 0x4c 0x4 0x32 0x4 0x29 0x0 0x0 0x80 0x80 0x80 0x80 0x4d 0x80 0x4f 0x80 0xa6 0x82 0xeb 0x7b 0xe7 0xe7 0x0 0x0 0xd2 0xc5 0x66 0x3d 0x73 0xe7 0x15 0xee 0x0 0x0 0x0 0x0 0x0 0x0 0x0 0x80 0x0 0xa4 0xa4 0x0 0x4 0xb9 0x5 0x0 0x0
1787978746315,0x1 0x89 0xd 0xb5 0x62 0xb6 0x60 0xd 0x0 0x0 0xd 0x41 0x69 0x0 0xe 0x17 0x1f 0x17 0x73 0x0 0x8e 0x4 0x98 0x5 0x0 0x28 0x65 0x0 0x0 0x58 0x0 0x58 0x0 0x58 0x0 0x58 0x0 0x93 0x93 0x93 0x93 0x93 0x93 0x53 0x4 0x38 0x4 0x4c 0x4 0x3b 0x4 0x50 0x4 0x3a 0x4 0x50 0x4 0x38 0x4 0x29 0x0 0x0 0x80 0x80 0x80 0x80 0x4d 0x80 0x4f 0x80 0xa6 0x82 0xeb 0x7b 0xe7 0xe7 0x0 0x0 0xf8 0xc4 0x66 0x3d 0x73 0xe7 0x15 0xee 0x0 0x0 0x0 0x0 0x0 0x0 0x0 0x80 0x0 0xa4 0xa4 0x0 0x4 0xcb 0x5 0x0 0x0
1787978746538,0x1 0x89 0xd 0xb5 0x62 0xb6 0x60 0xd 0x0 0x0 0xd 0x41 0x69 0x0 0xef 0x16 0xf5 0x16 0x73 0x0 0x94 0x4 0x98 0x5 0x0 0x28 0x65 0x0 0x0 0x58 0x0 0x58 0x0 0x58 0x0 0x58 0x0 0x93 0x93 0x93 0x93 0x93 0x93 0x46 0x4 0x2a 0x4 0x44 0x4 0x2c 0x4 0x46 0x4 0x33 0x4 0x44 0x4 0x2c 0x4 0x29 0x0 0x0 0x80 0x80 0x80 0x80 0x4d 0x80 0x4f 0x80 0xa6 0x82 0xeb 0x7b 0xe7 0xe7 0x0 0x0 0xf8 0xc4 0x66 0x3d 0x73 0xe7 0x15 0xee 0x0 0x0 0x0 0x0 0x0 0x0 0x0 0x80 0x0 0xa4 0xa4 0x0 0x4 0xcb 0x5 0x0 0x0
1787978746763,0x1 0x89 0xd 0xb5 0x62 0xb6 0x60 0xd 0x0 0x0 0xd 0x41 0x6b 0x0 0x98 0x17 0xf5 0x16 0x73 0x0 0x89 0x4 0x98 0x5 0x0 0x28 0x65 0x0 0x0 0x58 0x0 0x58 0x0 0x58 0x0 0x58 0x0 0x93 0x93 0x93 0x93 0x93 0x93 0x41 0x4 0x23 0x4 0x3f 0x4 0x2d 0x4 0x3a 0x4 0x27 0x4 0x46 0x4 0x2d 0x4 0x29 0x0 0x0 0x80 0x80 0x80 0x80 0x4d 0x80 0x4f 0x80 0xa6 0x82 0xeb 0x7b 0xe7 0xe7 0x0 0x0 0xf8 0xc4 0x66 0x3d 0x73 0xe7 0x15 0xee 0x0 0x0 0x0 0x0 0x0 0x0 0x0 0x80 0x0 0xa4 0xa4 0x0 0x4 0xcb 0x5 0x0 0x0
1787978746987,0x1 0x8b 0xd 0xb5 0x62 0xb6 0x60 0xd 0x0 0x0 0xd 0x3f 0x66 0x0 0x56 0x16 0x92 0x16 0x73 0x0 0x91 0x4 0x98 0x5 0x0 0x28 0x65 0x0 0x0 0x58 0x0 0x58 0x0 0x58 0x0 0x57 0x0 0x93 0x93 0x93 0x93 0x93 0x93 0x3b 0x4 0x1f 0x4 0x34 0x4 0x1b 0x4 0x30 0x4 0x23 0x4 0x30 0x4 0x18 0x4 0x29 0x0 0x0 0x80 0x80 0x80 0x80 0x4d 0x80 0x4f 0x80 0xa6 0x82 0xeb 0x7b 0xe7 0xe7 0x0 0x0 0xf8 0xc4 0x66 0x3d 0x73 0xe7 0x15 0xee 0x0 0x0 0x0 0x0 0x0 0x0 0x0 0x80 0x0 0xa4 0xa4 0x0 0x4 0xac 0x5 0x0 0x0
1787978747210,0x1 0x89 0xd 0xb5 0x62 0xb6 0x60 0xd 0x0 0x0 0xd 0x41 0x68 0x0 0xae 0x16 0xc2 0x16 0x73 0x0 0x96 0x4 0x98 0x5 0x0 0x28 0x65 0x0 0x0 0x58 0x0 0x58 0x0 0x57 0x0 0x58 0x0 0x93 0x93 0x93 0x93 0x93 0x93 0x3b 0x4 0x20 0x4 0x38 0x4 0x1f 0x4 0x38 0x4 0x1e 0x4 0x37 0x4 0x1e 0x4 0x29 0x0 0x0 0x80 0x80 0x80 0x80 0x4d 0x80 0x4f 0x80 0xa6 0x82 0xeb 0x7b 0xe7 0xe7 0x0 0x0 0xf8 0xc4 0x66 0x3d 0x73 0xe7 0x15 0xee 0x0 0x0 0x0 0x0 0x0 0x0 0x0 0x80 0x0 0xa4 0xa4 0x0 0x4 0xcb 0x5 0x0 0x0
1787978747434,0x1 0x89 0xd 0xb5 0x62 0xb6 0x60 0xd 0x0 0x0 0xd 0x41 0x67 0x0 0x6c 0x16 0x93 0x16 0x73 0x0 0x98 0x4 0x98 0x5 0x0 0x28 0x65 0x0 0x0 0x58 0x0 0x58 0x0 0x57 0x0 0x58 0x0 0x93 0x93 0x93 0x93 0x93 0x93 0x2d 0x4 0x13 0x4 0x38 0x4 0x1e 0x4 0x36 0x4 0x18 0x4 0x2b 0x4 0x13 0x4 0x29 0x0 0x0 0x80 0x80 0x80 0x80 0x4d 0x80 0x4f 0x80 0xa6 0x82 0xeb 0x7b 0xea 0xea 0x0 0x0 0xf8 0xc4 0x66 0x3d 0x73 0xe7 0x15 0xee 0x0 0x0 0x0 0x0 0x0 0x0 0x0 0x80 0x0 0xa4 0xa4 0x0 0x4 0xcb 0x5 0x0 0x0
1787978747658,0x1 0x8a 0xd 0xb5 0x62 0xb6 0x60 0xd 0x0 0x0 0xd 0x3f 0x68 0x0 0xa4 0x16 0xbf 0x16 0x73 0x0 0x98 0x4 0x98 0x5 0x0 0x28 0x65 0x0 0x0 0x58 0x0 0x58 0x0 0x57 0x0 0x58 0x0 0x93 0x93 0x93 0x93 0x93 0x93 0x34 0x4 0x1b 0x4 0x32 0x4 0x1a 0x4 0x30 0x4 0x1b 0x4 0x32 0x4 0x1b 0x4 0x29 0x0 0x0 0x80 0x80 0x80 0x80 0x4d 0x80 0x4f 0x80 0xa6 0x82 0xeb 0x7b 0xea 0xea 0x0 0x0 0xf8 0xc4 0x66 0x3d 0x73 0xe7 0x15 0xee 0x0 0x0 0x0 0x0 0x0 0x0 0x0 0x80 0x0 0xa4 0xa4 0x0 0x4 0xb9 0x5 0x0 0x0
1787978747883,0x1 0x8a 0xd 0xb5 0x62 0xb6 0x60 0xd 0x0 0x0 0xd 0x40 0x68 0x0 0xb3 0x16 0x91 0x16 0x73 0x0 0x95 0x4 0x98 0x5 0x0 0x28 0x65 0x0 0x0 0x59 0x0 0x59 0x0 0x58 0x0 0x58 0x0 0x93 0x93 0x93 0x93 0x93 0x93 0x26 0x4 0x11 0x4 0x2d 0x4 0x5 0x4 0x1e 0x4 0x9 0x4 0x2d 0x4 0x15 0x4 0x29 0x0 0x0 0x80 0x80 0x80 0x80 0x4d 0x80 0x4f 0x80 0xa6 0x82 0xeb 0x7b 0xea 0xea 0x0 0x0 0xf8 0xc4 0x66 0x3d 0x73 0xe7 0x15 0xee 0x0 0x0 0x0 0x0 0x0 0x0 0x0 0x80 0x0 0xa4 0xa4 0x0 0x4 0xb9 0x5 0x0 0x0
1787978748106,0x1 0x89 0xd 0xb5 0x62 0xb6 0x60 0xd 0x0 0x0 0xd 0x42 0x6a 0x0 0x9 0x17 0xeb 0x16 0x73 0x0 0x9a 0x4 0x98 0x5 0x0 0x28 0x65 0x0 0x0 0x58 0x0 0x58 0x0 0x57 0x0 0x57 0x0 0x93 0x93 0x93 0x93 0x93 0x93 0x2c 0x4 0x1a 0x4 0x37 0x4 0x1f 0x4 0x3b 0x4 0x17 0x4 0x3b 0x4 0x23 0x4 0x29 0x0 0x0 0x80 0x80 0x80 0x80 0x4d 0x80 0x4f 0x80 0xa6 0x82 0xeb 0x7b 0xea 0xea 0x0 0x0 0xf8 0xc4 0x66 0x3d 0x73 0xe7 0x15 0xee 0x0 0x0 0x0 0x0 0x0 0x0 0x0 0x80 0x0 0xa4 0xa4 0x0 0x4 0xcb 0x5 0x0 0x0
1787978748330,0x1 0x89 0xd 0xb5 0x62 0xb6 0x60 0xd 0x0 0x0 0xd 0x40 0x68 0x0 0x64 0x16 0xd7 0x16 0x73 0x0 0xa5 0x4 0x98 0x5 0x0 0x28 0x65 0x0 0x0 0x59 0x0 0x58 0x0 0x57 0x0 0x58 0x0 0x93 0x93 0x93 0x93 0x93 0x93 0x42 0x4 0x28 0x4 0x3c 0x4 0x26 0x4 0x39 0x4 0x20 0x4 0x38 0x4 0x20 0x4 0x28 0x0 0x0 0x80 0x80 0x80 0x80 0x4d 0x80 0x4f 0x80 0xa6 0x82 0xeb 0x7b 0xe7 0xe7 0x0 0x0 0xf8 0xc4 0x66 0x3d 0x73 0xe7 0x15 0xee 0x0 0x0 0x0 0x0 0x0 0x0 0x0 0x80 0x0 0xa4 0xa4 0x0 0x4 0xcb 0x5 0x0 0x0
1787978748554,0x1 0x89 0xd 0xb5 0x62 0xb6 0x60 0xd 0x0 0x0 0xd 0x41 0x68 0x0 0x86 0x16 0x7c 0x16 0x73 0x0 0x9e 0x4 0x98 0x5 0x0 0x28 0x65 0x0 0x0 0x59 0x0 0x58 0x0 0x57 0x0 0x58 0x0 0x93 0x93 0x93 0x93 0x93 0x93 0x25 0x4 0x9 0x4 0x27 0x4 0x9 0x4 0x29 0x4 0xe 0x4 0x20 0x4 0x9 0x4 0x2a 0x0 0x0 0x80 0x80 0x80 0x80 0x4d 0x80 0x4f 0x80 0xa6 0x82 0xeb 0x7b 0xe7 0xe7 0x0 0x0 0xf8 0xc4 0x66 0x3d 0x73 0xe7 0x15 0xee 0x0 0x0 0x0 0x0 0x0 0x0 0x0 0x80 0x0 0xa4 0xa4 0x0 0x4 0xcb 0x5 0x0 0x0
1787978748778,0x1 0x89 0xd 0xb5 0x62 0xb6 0x60 0xd 0x0 0x0 0xd 0x40 0x68 0x0 0x9f 0x16 0x82 0x16 0x73 0x0 0x99 0x4 0x98 0x5 0x0 0x28 0x65 0x0 0x0 0x59 0x0 0x59 0x0 0x57 0x0 0x58 0x0 0x93 0x93 0x93 0x93 0x93 0x93 0x22 0x4 0xd 0x4 0x24 0x4 0x12 0x4 0x26 0x4 0x8 0x4 0x24 0x4 0xd 0x4 0x29 0x0 0x0 0x80 0x80 0x80 0x80 0x4d 0x80 0x4f 0x80 0xa6 0x82 0xeb 0x7b 0xe7 0xe7 0x0 0x0 0xf8 0xc6 0x66 0x3d 0x73 0xe7 0x15 0xee 0x0 0x0 0x0 0x0 0x0 0x0 0x0 0x80 0x0 0xa4 0xa4 0x0 0x4 0xcb 0x5 0x0 0x0
1787978749003,0x1 0x89 0xd 0xb5 0x62 0xb6 0x60 0xd 0x0 0x0 0xd 0x42 0x6a 0x0 0xe 0x17 0xe7 0x16 0x73 0x0 0x99 0x4 0x98 0x5 0x0 0x28 0x65 0x0 0x0 0x59 0x0 0x59 0x0 0x57 0x0 0x57 0x0 0x93 0x93 0x93 0x93 0x93 0x93 0x3a 0x4 0x1d 0x4 0x34 0x4 0x1d 0x4 0x36 0x4 0x22 0x4 0x36 0x4 0x1d 0x4 0x29 0x0 0x0 0x80 0x80 0x80 0x80 0x4d 0x80 0x4f 0x80 0xa6 0x82 0xeb 0x7b 0xe7 0xe7 0x0 0x0 0xf8 0xc4 0x66 0x3d 0x73 0xe7 0x15 0xee 0x0 0x0 0x0 0x0 0x0 0x0 0x0 0x80 0x0 0xa4 0xa4 0x0 0x4 0xcb 0x5 0x0 0x0
1787978749226,0x1 0x8a 0xd 0xb5 0x62 0xb6 0x60 0xd 0x0 0x0 0xd 0x41 0x68 0x0 0xb3 0x16 0xd4 0x16 0x73 0x0 0x95 0x4 0x98 0x5 0x0 0x28 0x65 0x0 0x0 0x59 0x0 0x59 0x0 0x58 0x0 0x58 0x0 0x93 0x93 0x93 0x93 0x93 0x93 0x34 0x4 0x21 0x4 0x34 0x4 0x1c 0x4 0x34 0x4 0x19 0x4 0x34 0x4 0x1c 0x4 0x29 0x0 0x0 0x80 0x80 0x80 0x80 0x4d 0x80 0x4f 0x80 0xa6 0x82 0xeb 0x7b 0xe7 0xe7 0x0 0x0 0xf8 0xc4 0x66 0x3d 0x73 0xe7 0x15 0xee 0x0 0x0 0x0 0x0 0x0 0x0 0x0 0x80 0x0 0xa4 0xa4 0x0 0x4 0xb9 0x5 0x0 0x0
1787978749451,0x1 0x8a 0xd 0xb5 0x62 0xb6 0x60 0xd 0x0 0x0 0xd 0x41 0x69 0x0 0xc8 0x16 0xe0 0x16 0x73 0x0 0x9c 0x4 0x98 0x5 0x0 0x28 0x65 0x0 0x0 0x5a 0x0 0x59 0x0 0x58 0x0 0x58 0x0 0x93 0x93 0x93 0x93 0x93 0x93 0x2f 0x4 0x1a 0x4 0x33 0x4 0x1c 0x4 0x34 0x4 0x1c 0x4 0x33 0x4 0x1c 0x4 0x29 0x0 0x0 0x80 0x80 0x80 0x80 0x4d 0x80 0x4f 0x80 0xa6 0x82 0xeb 0x7b 0xe7 0xe7 0x0 0x0 0xf8 0xc4 0x66 0x3d 0x73 0xe7 0x15 0xee 0x0 0x0 0x0 0x0 0x0 0x0 0x0 0x80 0x0 0xa4 0xa4 0x0 0x4 0xb9 0x5 0x0 0x0
1787978749674,0x1 0x89 0xd 0xb5 0x62 0xb6 0x60 0xd 0x0 0x0 0xd 0x40 0x6a 0x0 0xc4 0x16 0x9e 0x16 0x73 0x0 0xa8 0x4 0x98 0x5 0x0 0x28 0x65 0x0 0x0 0x5a 0x0 0x5a 0x0 0x58 0x0 0x58 0x0 0x93 0x93 0x93 0x93 0x93 0x93 0x26 0x4 0xe 0x4 0x26 0x4 0x11 0x4 0x2c 0x4 0x12 0x4 0x25 0x4 0xe 0x4 0x28 0x0 0x0 0x80 0x80 0x80 0x80 0x4d 0x80 0x4f 0x80 0xa6 0x82 0xeb 0x7b 0xe7 0xe7 0x0 0x0 0xf8 0xc6 0x66 0x3d 0x73 0xe7 0x15 0xee 0x0 0x0 0x0 0x0 0x0 0x0 0x0 0x80 0x0 0xa4 0xa4 0x0 0x4 0xcb 0x5 0x0 0x0
1787978749897,0x1 0x89 0xd 0xb4 0x62 0xb6 0x60 0xd 0x0 0x0 0xd 0x41 0x6a 0x0 0xbf 0x16 0x5d 0x16 0x73 0x0 0xa9 0x4 0x98 0x5 0x0 0x28 0x65 0x0 0x0 0x5a 0x0 0x59 0x0 0x57 0x0 0x57 0x0 0x93 0x93 0x93 0x93 0x93 0x93 0x14 0x4 0xfe 0x3 0x18 0x4 0xd 0x4 0x1e 0x4 0x0 0x4 0x18 0x4 0x2 0x4 0x29 0x0 0x0 0x80 0x80 0x80 0x80 0x4d 0x80 0x4f 0x80 0xa6 0x82 0xeb 0x7b 0xe7 0xe7 0x0 0x0 0xf8 0xc6 0x66 0x3d 0x73 0xe7 0x15 0xee 0x0 0x0 0x0 0x0 0x0 0x0 0x0 0x80 0x0 0xa4 0xa4 0x0 0x4 0xcb 0x5 0x0 0x0
1787978750121,0x1 0x8a 0xd 0xb4 0x62 0xb6 0x60 0xd 0x0 0x0 0xd 0x41 0x68 0x0 0x86 0x16 0x64 0x16 0x73 0x0 0x9e 0x4 0x98 0x5 0x0 0x28 0x65 0x0 0x0 0x5a 0x0 0x59 0x0 0x57 0x0 0x57 0x0 0x93 0x93 0x93 0x93 0x93 0x93 0x19 0x4 0xff 0x3 0x1a 0x4 0xfe 0x3 0x1c 0x4 0x4 0x4 0x15 0x4 0xfe 0x3 0x2a 0x0 0x0 0x80 0x80 0x80 0x80 0x4d 0x80 0x4f 0x80 0xa6 0x82 0xeb 0x7b 0xe7 0xe7 0x0 0x0 0xf8 0xc4 0x66 0x3d 0x73 0xe7 0x15 0xee 0x0 0x0 0x0 0x0 0x0 0x0 0x0 0x80 0x0 0xa4 0xa4 0x0 0x4 0xb9 0x5 0x0 0x0
1787978750345,0x1 0x89 0xd 0xb4 0x62 0xb6 0x60 0xd 0x0 0x0 0xd 0x41 0x67 0x0 0x32 0x16 0x98 0x16 0x73 0x0 0xa4 0x4 0x98 0x5 0x0 0x28 0x65 0x0 0x0 0x5b 0x0 0x5a 0x0 0x58 0x0 0x58 0x0 0x93 0x93 0x93 0x93 0x93 0x93 0x28 0x4 0x12 0x4 0x29 0x4 0x14 0x4 0x28 0x4 0xd 0x4 0x24 0x4 0xd 0x4 0x28 0x0 0x0 0x80 0x80 0x80 0x80 0x4d 0x80 0x4f 0x80 0xa6 0x82 0xeb 0x7b 0xe7 0xe7 0x0 0x0 0xf8 0xc6 0x66 0x3d 0x73 0xe7 0x15 0xee 0x0 0x0 0x0 0x0 0x0 0x0 0x0 0x80 0x0 0xa4 0xa4 0x0 0x4 0xcb 0x5 0x0 0x0
1787978750570,0x1 0x89 0xd 0xb4 0x62 0xb6 0x60 0xd 0x0 0x0 0xd 0x42 0x6b 0x0 0xf 0x17 0xcd 0x16 0x73 0x0 0xa4 0x4 0x98 0x5 0x0 0x28 0x65 0x0 0x0 0x5b 0x0 0x5a 0x0 0x57 0x0 0x58 0x0 0x93 0x93 0x93 0x93 0x93 0x93 0x2c 0x4 0xe 0x4 0x25 0x4 0x11 0x4 0x29 0x4 0xe 0x4 0x2c 0x4 0x13 0x4 0x28 0x0 0x0 0x80 0x80 0x80 0x80 0x4d 0x80 0x4f 0x80 0xa6 0x82 0xeb 0x7b 0xe7 0xe7 0x0 0x0 0xf8 0xc6 0x66 0x3d 0x73 0xe7 0x15 0xee 0x0 0x0 0x0 0x0 0x0 0x0 0x0 0x80 0x0 0xa4 0xa4 0x0 0x4 0xcb 0x5 0x0 0x0
1787978750794,0x1 0x8a 0xd 0xb4 0x62 0xb6 0x60 0xd 0x0 0x0 0xd 0x41 0x68 0x0 0x51 0x16 0x62 0x16 0x73 0x0 0xa9 0x4 0x98 0x5 0x0 0x28 0x65 0x0 0x0 0x5b 0x0 0x5b 0x0 0x57 0x0 0x58 0x0 0x93 0x93 0x93 0x93 0x93 0x93 0x15 0x4 0xff 0x3 0x19 0x4 0x5 0x4 0x1f 0x4 0x4 0x4 0x15 0x4 0xff 0x3 0x29 0x0 0x0 0x80 0x80 0x80 0x80 0x4d 0x80 0x4f 0x80 0xa6 0x82 0xeb 0x7b 0xe7 0xe7 0x0 0x0 0xf8 0xc6 0x66 0x3d 0x73 0xe7 0x15 0xee 0x0 0x0 0x0 0x0 0x0 0x0 0x0 0x80 0x0 0xa4 0xa4 0x0 0x4 0xb9 0x5 0x0 0x0
1787978751017,0x1 0x89 0xd 0xb4 0x62 0xb6 0x60 0xd 0x0 0x0 0xd 0x3f 0x67 0x0 0x11 0x16 0x27 0x16 0x73 0x0 0xab 0x4 0x98 0x5 0x0 0x28 0x65 0x0 0x0 0x5c 0x0 0x5b 0x0 0x58 0x0 0x58 0x0 0x93 0x93 0x93 0x93 0x93 0x93 0x11 0x4 0xf6 0x3 0xa 0x4 0xf4 0x3 0x16 0x4 0xfe 0x3 0xa 0x4 0xf4 0x3 0x29 0x0 0x0 0x80 0x80 0x80 0x80 0x4d 0x80 0x4f 0x80 0xa6 0x82 0xeb 0x7b 0xe7 0xe7 0x0 0x0 0xf8 0xc6 0x66 0x3d 0x73 0xe7 0x15 0xee 0x0 0x0 0x0 0x0 0x0 0x0 0x0 0x80 0x0 0xa4 0xa4 0x0 0x4 0xcb 0x5 0x0 0x0
1787978751241,0x1 0x89 0xd 0xb4 0x62 0xb6 0x60 0xd 0x0 0x0 0xd 0x42 0x6b 0x0 0xe2 0x16 0x12 0x17 0x73 0x0 0xad 0x4 0x98 0x5 0x0 0x28 0x65 0x0 0x0 0x5c 0x0 0x5b 0x0 0x57 0x0 0x58 0x0 0x93 0x93 0x93 0x93 0x93 0x93 0x31 0x4 0x1d 0x4 0x35 0x4 0x20 0x4 0x34 0x4 0x15 0x4 0x34 0x4 0x1d 0x4 0x28 0x0 0x0 0x80 0x80 0x80 0x80 0x4d 0x80 0x4f 0x80 0xa6 0x82 0xeb 0x7b 0xe7 0xe7 0x0 0x0 0xf8 0xc6 0x66 0x3d 0x73 0xe7 0x15 0xee 0x0 0x0 0x0 0x0 0x0 0x0 0x0 0x80 0x0 0xa4 0xa4 0x0 0x4 0xcb 0x5 0x0 0x0
1787978751466,0x1 0x8a 0xd 0xb4 0x62 0xb6 0x60 0xd 0x0 0x0 0xd 0x3f 0x67 0x0 0x1f 0x16 0x72 0x16 0x73 0x0 0xa8 0x4 0x98 0x5 0x0 0x28 0x65 0x0 0x0 0x5d 0x0 0x5c 0x0 0x58 0x0 0x58 0x0 0x93 0x93 0x93 0x93 0x93 0x93 0x1e 0x4 0x6 0x4 0x1e 0x4 0x9 0x4 0x1c 0x4 0xff 0x3 0x17 0x4 0xff 0x3 0x29 0x0 0x0 0x80 0x80 0x80 0x80 0x4d 0x80 0x4f 0x80 0xa6 0x82 0xeb 0x7b 0xea 0xea 0x0 0x0 0xf8 0xc6 0x66 0x3d 0x73 0xe7 0x15 0xee 0x0 0x0 0x0 0x0 0x0 0x0 0x0 0x80 0x0 0xa4 0xa4 0x0 0x4 0xb9 0x5 0x0 0x0
1787978751689,0x1 0x8b 0xd 0xb4 0x62 0xb6 0x60 0xd 0x0 0x0 0xd 0x41 0x64 0x0 0x88 0x15 0x1f 0x16 0x73 0x0 0xa5 0x4 0x98 0x5 0x0 0x28 0x65 0x0 0x0 0x5d 0x0 0x5d 0x0 0x58 0x0 0x58 0x0 0x93 0x93 0x93 0x93 0x93 0x93 0x8 0x4 0xf9 0x3 0x12 0x4 0xf6 0x3 0x12 0x4 0xf8 0x3 0x8 0x4 0xf0 0x3 0x29 0x0 0x0 0x80 0x80 0x80 0x80 0x4d 0x80 0x4f 0x80 0xa6 0x82 0xeb 0x7b 0xea 0xea 0x0 0x0 0xf8 0xc6 0x66 0x3d 0x73 0xe7 0x15 0xee 0x0 0x0 0x0 0x0 0x0 0x0 0x0 0x80 0x0 0xa4 0xa4 0x0 0x4 0xac 0x5 0x0 0x0
1787978751913,0x1 0x89 0xd 0xb4 0x62 0xb6 0x60 0xd 0x0 0x0 0xd 0x41 0x6a 0x0 0x8f 0x16 0x53 0x16 0x73 0x0 0xb3 0x4 0x98 0x5 0x0 0x28 0x65 0x0 0x0 0x5f 0x0 0x5d 0x0 0x58 0x0 0x58 0x0 0x93 0x93 0x93 0x93 0x93 0x93 0x1 0x4 0xef 0x3 0xc 0x4 0xf2 0x3 0x6 0x4 0xeb 0x3 0xc 0x4 0xf5 0x3 0x29 0x0 0x0 0x80 0x80 0x80 0x80 0x4d 0x80 0x4f 0x80 0xa6 0x82 0xeb 0x7b 0xea 0xea 0x0 0x0 0xf8 0xc6 0x66 0x3d 0x73 0xe7 0x15 0xee 0x0 0x0 0x0 0x0 0x0 0x0 0x0 0x80 0x0 0xa4 0xa4 0x0 0x4 0xcb 0x5 0x0 0x0
1787978752137,0x1 0x8a 0xd 0xb4 0x62 0xb6 0x60 0xd 0x0 0x0 0xd 0x41 0x69 0x0 0x6b 0x16 0x70 0x16 0x73 0x0 0xaf 0x4 0x98 0x5 0x0 0x28 0x65 0x0 0x0 0x5f 0x0 0x5d 0x0 0x58 0x0 0x58 0x0 0x93 0x93 0x93 0x93 0x93 0x93 0xe 0x4 0xf7 0x3 0xf 0x4 0xfa 0x3 0x18 0x4 0xfd 0x3 0xf 0x4 0xfa 0x3 0x29 0x0 0x0 0x80 0x80 0x80 0x80 0x4d 0x80 0x4f 0x80 0xa6 0x82 0xeb 0x7b 0xea 0xea 0x0 0x0 0xf8 0xc6 0x66 0x3d 0x73 0xe7 0x15 0xee 0x0 0x0 0x0 0x0 0x0 0x0 0x0 0x80 0x0 0xa4 0xa4 0x0 0x4 0xb9 0x5 0x0 0x0
1787978752361,0x1 0x89 0xd 0xb4 0x62 0xb6 0x60 0xd 0x0 0x0 0xd 0x41 0x68 0x0 0xf 0x16 0x1 0x16 0x73 0x0 0xb7 0x4 0x98 0x5 0x0 0x28 0x65 0x0 0x0 0x5f 0x0 0x5d 0x0 0x58 0x0 0x57 0x0 0x93 0x93 0x93 0x93 0x93 0x93 0x4 0x4 0xf1 0x3 0x8 0x4 0xeb 0x3 0xf9 0x3 0xdf 0x3 0xf6 0x3 0xdf 0x3 0x29 0x0 0x0 0x80 0x80 0x80 0x80 0x4d 0x80 0x4f 0x80 0xa6 0x82 0xeb 0x7b 0xe7 0xe7 0x0 0x0 0xf8 0xc6 0x66 0x3d 0x73 0xe7 0x15 0xee 0x0 0x0 0x0 0x0 0x0 0x0 0x0 0x80 0x0 0xa4 0xa4 0x0 0x4 0xcb 0x5 0x0 0x0
1787978752585,0x1 0x8b 0xd 0xb3 0x63 0xb6 0x60 0xd 0x0 0x0 0xd 0x40 0x6a 0x0 0xc9 0x16 0x6e 0x16 0x73 0x0 0xa7 0x4 0x8e 0x5 0x0 0x28 0x65 0x0 0x0 0x60 0x0 0x5f 0x0 0x57 0x0 0x58 0x0 0x93 0x93 0x93 0x93 0x93 0x93 0xb 0x4 0xe7 0x3 0xff 0x3 0xea 0x3 0x1 0x4 0xf2 0x3 0xb 0x4 0xf5 0x3 0x29 0x0 0x0 0x80 0x80 0x80 0x80 0x4d 0x80 0x4f 0x80 0xa6 0x82 0xeb 0x7b 0xe7 0xe7 0x0 0x0 0xf8 0xc4 0x66 0x3d 0x73 0xe7 0x15 0xee 0x0 0x0 0x0 0x0 0x0 0x0 0x0 0x80 0x0 0xa4 0xa4 0x0 0x4 0xac 0x5 0x0 0x0
1787978752808,0x1 0x89 0xd 0xb3 0x63 0xb6 0x60 0xd 0x0 0x0 0xd 0x42 0x6c 0x0 0x23 0x17 0xb0 0x16 0x73 0x0 0xab 0x4 0x89 0x5 0x0 0x28 0x65 0x0 0x0 0x61 0x0 0x5f 0x0 0x58 0x0 0x58 0x0 0x93 0x93 0x93 0x93 0x93 0x93 0xb 0x4 0xf4 0x3 0x10 0x4 0xf4 0x3 0xd 0x4 0xf9 0x3 0x10 0x4 0xfa 0x3 0x29 0x0 0x0 0x80 0x80 0x80 0x80 0x4d 0x80 0x4f 0x80 0xa6 0x82 0xeb 0x7b 0xe7 0xe7 0x0 0x0 0xb5 0xc3 0xfe 0x3c 0x73 0xe7 0x15 0xee 0x0 0x0 0x0 0x0 0x0 0x0 0x0 0x80 0x0 0xa4 0xa4 0x0 0x4 0xcb 0x5 0x0 0x0
1787978753032,0x1 0x8a 0xd 0xb3 0x63 0xb6 0x60 0xd 0x0 0x0 0xd 0x41 0x69 0x0 0x7a 0x16 0x62 0x16 0x73 0x0 0xac 0x4 0x89 0x5 0x0 0x28 0x65 0x0 0x0 0x62 0x0 0x5f 0x0 0x57 0x0 0x58 0x0 0x93 0x93 0x93 0x93 0x93 0x93 0x7 0x4 0xef 0x3 0x0 0x4 0xeb 0x3 0x7 0x4 0xed 0x3 0x1 0x4 0xeb 0x3 0x29 0x0 0x0 0x80 0x80 0x80 0x80 0x4d 0x80 0x4f 0x80 0xa6 0x82 0xeb 0x7b 0xe7 0xe7 0x0 0x0 0xb5 0xc3 0xfe 0x3c 0x73 0xe7 0x15 0xee 0x0 0x0 0x0 0x0 0x0 0x0 0x0 0x80 0x0 0xa4 0xa4 0x0 0x4 0xb9 0x5 0x0 0x0
1787978753256,0x1 0x8a 0xd 0xb3 0x63 0xb6 0x60 0xd 0x0 0x0 0xd 0x41 0x68 0x0 0x14 0x16 0x10 0x16 0x73 0x0 0xb6 0x4 0x89 0x5 0x0 0x28 0x65 0x0 0x0 0x62 0x0 0x60 0x0 0x57 0x0 0x58 0x0 0x93 0x93 0x93 0x93 0x93 0x93 0xed 0x3 0xdb 0x3 0xed 0x3 0xd8 0x3 0xef 0x3 0xd8 0x3 0xef 0x3 0xd8 0x3 0x29 0x0 0x0 0x80 0x80 0x80 0x80 0x4d 0x80 0x4f 0x80 0xa6 0x82 0xeb 0x7b 0xe7 0xe7 0x0 0x0 0xb5 0xc3 0xfe 0x3c 0x73 0xe7 0x15 0xee 0x0 0x0 0x0 0x0 0x0 0x0 0x0 0x80 0x0 0xa4 0xa4 0x0 0x4 0xb9 0x5 0x0 0x0
1787978753480,0x1 0x89 0xd 0xb3 0x63 0xb6 0x60 0xd 0x0 0x0 0xd 0x41 0x66 0x0 0xd1 0x15 0xf4 0x15 0x73 0x0 0xad 0x4 0x89 0x5 0x0 0x28 0x65 0x0 0x0 0x64 0x0 0x61 0x0 0x58 0x0 0x58 0x0 0x93 0x93 0x93 0x93 0x93 0x93 0xeb 0x3 0xe0 0x3 0xf7 0x3 0xdf 0x3 0xef 0x3 0xd8 0x3 0xeb 0x3 0xd6 0x3 0x29 0x0 0x0 0x80 0x80 0x80 0x80 0x4d 0x80 0x4f 0x80 0xa6 0x82 0xeb 0x7b 0xe7 0xe7 0x0 0x0 0xb5 0xc3 0xfe 0x3c 0x73 0xe7 0x15 0xee 0x0 0x0 0x0 0x0 0x0 0x0 0x0 0x80 0x0 0xa4 0xa4 0x0 0x4 0xcb 0x5 0x0 0x0
1787978753704,0x1 0x8a 0xd 0xb3 0x63 0xb6 0x60 0xd 0x0 0x0 0xd 0x41 0x67 0x0 0xd9 0x15 0x18 0x16 0x73 0x0 0xb7 0x4 0x89 0x5 0x0 0x28 0x65 0x0 0x0 0x65 0x0 0x61 0x0 0x58 0x0 0x58 0x0 0x93 0x93 0x93 0x93 0x93 0x93 0xf3 0x3 0xdb 0x3 0xed 0x3 0xe0 0x3 0xf6 0x3 0xdb 0x3 0xed 0x3 0xd7 0x3 0x29 0x0 0x0 0x80 0x80 0x80 0x80 0x4d 0x80 0x4f 0x80 0xa6 0x82 0xeb 0x7b 0xe7 0xe7 0x0 0x0 0xb5 0xc3 0xfe 0x3c 0x73 0xe7 0x15 0xee 0x0 0x0 0x0 0x0 0x0 0x0 0x0 0x80 0x0 0xa4 0xa4 0x0 0x4 0xb9 0x5 0x0 0x0
1787978753928,0x1 0x89 0xd 0xb3 0x63 0xb6 0x60 0xd 0x0 0x0 0xd 0x40 0x65 0x0 0x87 0x15 0xeb 0x15 0x73 0x0 0xb1 0x4 0x89 0x5 0x0 0x28 0x65 0x0 0x0 0x65 0x0 0x63 0x0 0x57 0x0 0x58 0x0 0x93 0x93 0x93 0x93 0x93 0x93 0xe4 0x3 0xd0 0x3 0xec 0x3 0xcf 0x3 0xe9 0x3 0xd0 0x3 0xe4 0x3 0xcf 0x3 0x29 0x0 0x0 0x80 0x80 0x80 0x80 0x4d 0x80 0x4f 0x80 0xa6 0x82 0xeb 0x7b 0xe7 0xe7 0x0 0x0 0xb5 0xc3 0xfe 0x3c 0x73 0xe7 0x15 0xee 0x0 0x0 0x0 0x0 0x0 0x0 0x0 0x80 0x0 0xa4 0xa4 0x0 0x4 0xcb 0x5 0x0 0x0
1787978754152,0x1 0x8a 0xd 0xb3 0x63 0xb6 0x60 0xd 0x0 0x0 0xd 0x41 0x69 0x0 0x45 0x16 0x46 0x16 0x73 0x0 0xb7 0x4 0x89 0x5 0x0 0x28 0x65 0x0 0x0 0x66 0x0 0x63 0x0 0x57 0x0 0x58 0x0 0x93 0x93 0x93 0x93 0x93 0x93 0xeb 0x3 0xd6 0x3 0xf0 0x3 0xdd 0x3 0xf2 0x3 0xd6 0x3 0xf2 0x3 0xdb 0x3 0x29 0x0 0x0 0x80 0x80 0x80 0x80 0x4d 0x80 0x4f 0x80 0xa6 0x82 0xeb 0x7b 0xe7 0xe7 0x0 0x0 0xb5 0xc3 0xfe 0x3c 0x73 0xe7 0x15 0xee 0x0 0x0 0x0 0x0 0x0 0x0 0x0 0x80 0x0 0xa4 0xa4 0x0 0x4 0xb9 0x5 0x0 0x0
1787978754376,0x1 0x8a 0xd 0xb3 0x63 0xb6 0x60 0xd 0x0 0x0 0xd 0x42 0x6a 0x0 0x64 0x16 0x2c 0x16 0x73 0x0 0xbc 0x4 0x89 0x5 0x0 0x28 0x65 0x0 0x0 0x67 0x0 0x64 0x0 0x57 0x0 0x58 0x0 0x93 0x93 0x93 0x93 0x93 0x93 0xe7 0x3 0xca 0x3 0xe3 0x3 0xd1 0x3 0xe6 0x3 0xcf 0x3 0xe7 0x3 0xd2 0x3 0x29 0x0 0x0 0x80 0x80 0x80 0x80 0x4d 0x80 0x4f 0x80 0xa6 0x82 0xeb 0x7b 0xe7 0xe7 0x0 0x0 0xb5 0xc3 0xfe 0x3c 0x73 0xe7 0x15 0xee 0x0 0x0 0x0 0x0 0x0 0x0 0x0 0x80 0x0 0xa4 0xa4 0x0 0x4 0xb9 0x5 0x0 0x0
1787978754600,0x1 0x8a 0xd 0xb3 0x63 0xb6 0x60 0xd 0x0 0x0 0xd 0x42 0x6c 0x0 0xfc 0x16 0x43 0x16 0x73 0x0 0xb3 0x4 0x89 0x5 0x0 0x28 0x65 0x0 0x0 0x68 0x0 0x65 0x0 0x57 0x0 0x58 0x0 0x93 0x93 0x93 0x93 0x93 0x93 0xe2 0x3 0xd8 0x3 0xe6 0x3 0xca 0x3 0xdb 0x3 0xc9 0x3 0xed 0x3 0xd8 0x3 0x29 0x0 0x0 0x80 0x80 0x80 0x80 0x4d 0x80 0x4f 0x80 0xa6 0x82 0xeb 0x7b 0xe7 0xe7 0x0 0x0 0xb5 0xc3 0xfe 0x3c 0x73 0xe7 0x15 0xee 0x0 0x0 0x0 0x0 0x0 0x0 0x0 0x80 0x0 0xa4 0xa4 0x0 0x4 0xb9 0x5 0x0 0x0
1787978754824,0x1 0x8a 0xd 0xb3 0x63 0xb6 0x60 0xd 0x0 0x0 0xd 0x40 0x68 0x0 0xf 0x16 0x4a 0x16 0x73 0x0 0xb7 0x4 0x89 0x5 0x0 0x28 0x65 0x0 0x0 0x69 0x0 0x65 0x0 0x57 0x0 0x58 0x0 0x93 0x93 0x93 0x93 0x93 0x93 0xee 0x3 0xd9 0x3 0xee 0x3 0xd8 0x3 0xf6 0x3 0xd8 0x3 0xed 0x3 0xd8 0x3 0x29 0x0 0x0 0x80 0x80 0x80 0x80 0x4d 0x80 0x4f 0x80 0xa6 0x82 0xeb 0x7b 0xe7 0xe7 0x0 0x0 0xb5 0xc3 0xfe 0x3c 0x73 0xe7 0x15 0xee 0x0 0x0 0x0 0x0 0x0 0x0 0x0 0x80 0x0 0xa4 0xa4 0x0 0x4 0xb9 0x5 0x0 0x0
1787978755048,0x1 0x8a 0xd 0xb3 0x63 0xb6 0x60 0xd 0x0 0x0 0xd 0x41 0x6b 0x0 0x7d 0x16 0x63 0x16 0x73 0x0 0xc2 0x4 0x89 0x5 0x0 0x28 0x65 0x0 0x0 0x6a 0x0 0x65 0x0 0x57 0x0 0x58 0x0 0x93 0x93 0x93 0x93 0x93 0x93 0xdf 0x3 0xd1 0x3 0xe9 0x3 0xd6 0x3 0xeb 0x3 0xdb 0x3 0xf0 0x3 0xdb 0x3 0x28 0x0 0x0 0x80 0x80 0x80 0x80 0x4d 0x80 0x4f 0x80 0xa6 0x82 0xeb 0x7b 0xe7 0xe7 0x0 0x0 0xb5 0xc3 0xfe 0x3c 0x73 0xe7 0x15 0xee 0x0 0x0 0x0 0x0 0x0 0x0 0x0 0x80 0x0 0xa4 0xa4 0x0 0x4 0xb9 0x5 0x0 0x0
1787978755272,0x1 0x89 0xd 0xb3 0x63 0xb6 0x60 0xd 0x0 0x0 0xd 0x40 0x68 0x0 0x1 0x16 0x49 0x16 0x73 0x0 0xba 0x4 0x89 0x5 0x0 0x28 0x65 0x0 0x0 0x6b 0x0 0x66 0x0 0x57 0x0 0x57 0x0 0x93 0x93 0x93 0x93 0x93 0x93 0xe9 0x3 0xcf 0x3 0xe7 0x3 0xd7 0x3 0xee 0x3 0xd6 0x3 0xe9 0x3 0xd3 0x3 0x29 0x0 0x0 0x80 0x80 0x80 0x80 0x4d 0x80 0x4f 0x80 0xa6 0x82 0xeb 0x7b 0xe7 0xe7 0x0 0x0 0xb5 0xc3 0xfe 0x3c 0x73 0xe7 0x15 0xee 0x0 0x0 0x0 0x0 0x0 0x0 0x0 0x80 0x0 0xa4 0xa4 0x0 0x4 0xcb 0x5 0x0 0x0
1787978755497,0x1 0x89 0xd 0xb2 0x63 0xb6 0x60 0xd 0x0 0x0 0xd 0x41 0x69 0x0 0x20 0x16 0x2d 0x16 0x73 0x0 0xbf 0x4 0x89 0x5 0x0 0x28 0x65 0x0 0x0 0x6c 0x0 0x67 0x0 0x57 0x0 0x57 0x0 0x93 0x93 0x93 0x93 0x93 0x93 0x77 0x3 0x61 0x3 0x76 0x3 0x64 0x3 0x76 0x3 0x60 0x3 0x76 0x3 0x63 0x3 0x2a 0x0 0x3 0x77 0x77 0x7c 0x7c 0x4d 0x80 0x4f 0x80 0xa6 0x82 0xeb 0x7b 0xdc 0xdc 0x0 0x0 0xb5 0xc4 0xfe 0x3c 0x73 0xe7 0x15 0xee 0x0 0x0 0x0 0x0 0x0 0x0 0x0 0x80 0x0 0xa4 0xa4 0x0 0x4 0xcb 0x5 0x0 0x0
1787978755720,0x1 0x8a 0xd 0xb2 0x63 0xb6 0x60 0xd 0x0 0x0 0xd 0x41 0x6a 0x0 0x35 0x16 0xbe 0x15 0x73 0x0 0xc6 0x4 0x89 0x5 0x0 0x28 0x65 0x0 0x0 0x6e 0x0 0x68 0x0 0x58 0x0 0x58 0x0 0x93 0x93 0x93 0x93 0x93 0x93 0x5b 0x3 0x42 0x3 0x53 0x3 0x47 0x3 0x67 0x3 0x49 0x3 0x5c 0x3 0x47 0x3 0x29 0x0 0x3 0x75 0x75 0x7c 0x7c 0x4d 0x80 0x4f 0x80 0xa6 0x82 0xeb 0x7b 0xdc 0xdc 0x0 0x0 0xb5 0xc4 0xfe 0x3c 0x73 0xe7 0x15 0xee 0x0 0x0 0x0 0x0 0x0 0x0 0x0 0x80 0x0 0xa4 0xa4 0x0 0x4 0xb9 0x5 0x0 0x0
1787978755943,0x1 0x8a 0xd 0xb2 0x63 0xb6 0x60 0xd 0x0 0x0 0xd 0x41 0x6b 0x0 0x20 0x16 0x11 0x16 0x73 0x0 0xd6 0x4 0x89 0x5 0x0 0x28 0x65 0x0 0x0 0x6f 0x0 0x68 0x0 0x58 0x0 0x57 0x0 0x93 0x93 0x93 0x93 0x93 0x93 0x4d 0x3 0x3b 0x3 0x54 0x3 0x43 0x3 0x50 0x3 0x39 0x3 0x4c 0x3 0x39 0x3 0x29 0x0 0x3 0x74 0x74 0x7c 0x7c 0x4d 0x80 0x4f 0x80 0xa6 0x82 0xeb 0x7b 0xdc 0xdc 0x0 0x0 0x37 0xc1 0x80 0x39 0x73 0xe7 0x15 0xee 0x0 0x0 0x0 0x0 0x0 0x0 0x0 0x80 0x0 0xa4 0xa4 0x0 0x4 0xb9 0x5 0x0 0x0
1787978756168,0x1 0x8a 0xd 0xb2 0x63 0xb6 0x60 0xd 0x0 0x0 0xd 0x3f 0x65 0x0 0xd1 0x14 0x78 0x15 0x73 0x0 0xda 0x4 0x89 0x5 0x0 0x28 0x65 0x0 0x0 0x70 0x0 0x69 0x0 0x57 0x0 0x57 0x0 0x93 0x93 0x93 0x93 0x93 0x93 0x31 0x3 0x17 0x3 0x47 0x3 0x2f 0x3 0x3d 0x3 0x24 0x3 0x2b 0x3 0x17 0x3 0x29 0x0 0x3 0x73 0x73 0x7c 0x7c 0x4d 0x80 0x4f 0x80 0xa6 0x82 0xeb 0x7b 0xdc 0xdc 0x0 0x0 0xd 0xc0 0x56 0x38 0x73 0xe7 0x15 0xee 0x0 0x0 0x0 0x0 0x0 0x0 0x0 0x80 0x0 0xa4 0xa4 0x0 0x4 0xb9 0x5 0x0 0x0
1787978756392,0x1 0x8b 0xd 0xb2 0x63 0xb6 0x60 0xd 0x0 0x0 0xd 0x41 0x68 0x0 0x67 0x15 0xa9 0x15 0x73 0x0 0xdc 0x4 0x89 0x5 0x0 0x28 0x65 0x0 0x0 0x71 0x0 0x6a 0x0 0x57 0x0 0x57 0x0 0x93 0x93 0x93 0x93 0x93 0x93 0x28 0x3 0x16 0x3 0x2e 0x3 0x17 0x3 0x2c 0x3 0x10 0x3 0x2b 0x3 0x17 0x3 0x29 0x0 0x3 0x71 0x71 0x7c 0x7c 0x4d 0x80 0x4f 0x80 0xa6 0x82 0xeb 0x7b 0xd2 0xd2 0x0 0x0 0xd 0xc0 0x56 0x38 0x73 0xe7 0x15 0xee 0x0 0x0 0x0 0x0 0x0 0x0 0x0 0x80 0x0 0xa4 0xa4 0x0 0x4 0xac 0x5 0x0 0x0
1787978756615,0x1 0x8a 0xd 0xb2 0x64 0xb6 0x60 0xd 0x0 0x0 0xd 0x40 0x68 0x0 0x62 0x15 0xa2 0x15 0x73 0x0 0xdd 0x4 0x7c 0x5 0x0 0x28 0x65 0x0 0x0 0x72 0x0 0x6a 0x0 0x57 0x0 0x58 0x0 0x93 0x93 0x93 0x93 0x93 0x93 0x15 0x3 0x7 0x3 0x19 0x3 0xc 0x3 0x18 0x3 0xff 0x2 0x11 0x3 0xff 0x2 0x29 0x0 0x3 0x70 0x70 0x7c 0x7c 0x4d 0x80 0x4f 0x80 0xa6 0x82 0xeb 0x7b 0xd2 0xd2 0x0 0x0 0xdf 0xba 0x2 0x36 0x73 0xe7 0x15 0xee 0x0 0x0 0x0 0x0 0x0 0x0 0x0 0x80 0x0 0xa4 0xa4 0x0 0x4 0xb9 0x5 0x0 0x0
1787978756839,0x1 0x8a 0xd 0xb2 0x64 0xb6 0x60 0xd 0x0 0x0 0xd 0x41 0x66 0x0 0x29 0x15 0xbc 0x15 0x73 0x0 0xd2 0x4 0x7c 0x5 0x0 0x28 0x65 0x0 0x0 0x72 0x0 0x6b 0x0 0x57 0x0 0x58 0x0 0x93 0x93 0x93 0x93 0x93 0x93 0x2c 0x3 0xe 0x3 0x20 0x3 0x11 0x3 0x2d 0x3 0x15 0x3 0x22 0x3 0xe 0x3 0x29 0x0 0x3 0x6f 0x6f 0x7c 0x7c 0x4d 0x80 0x4f 0x80 0xa6 0x82 0xeb 0x7b 0xd2 0xd2 0x0 0x0 0x9 0xbc 0x2c 0x37 0x73 0xe7 0x15 0xee 0x0 0x0 0x0 0x0 0x0 0x0 0x0 0x80 0x0 0xa4 0xa4 0x0 0x4 0xb9 0x5 0x0 0x0
1787978757064,0x1 0x8a 0xd 0xb2 0x64 0xb6 0x60 0xd 0x0 0x0 0xd 0x40 0x67 0x0 0x82 0x15 0xd9 0x15 0x73 0x0 0xca 0x4 0x7c 0x5 0x0 0x28 0x65 0x0 0x0 0x73 0x0 0x6b 0x0 0x58 0x0 0x58 0x0 0x93 0x93 0x93 0x93 0x93 0x93 0x30 0x3 0x1e 0x3 0x30 0x3 0x1a 0x3 0x31 0x3 0x1c 0x3 0x30 0x3 0x1b 0x3 0x29 0x0 0x3 0x6d 0x6d 0x7c 0x7c 0x4d 0x80 0x4f 0x80 0xa6 0x82 0xeb 0x7b 0xd2 0xd2 0x0 0x0 0x5d 0xbe 0x80 0x39 0x73 0xe7 0x15 0xee 0x0 0x0 0x0 0x0 0x0 0x0 0x0 0x80 0x0 0xa4 0xa4 0x0 0x4 0xb9 0x5 0x0 0x0
1787978757288,0x1 0x8b 0xd 0xb2 0x64 0xb6 0x60 0xd 0x0 0x0 0xd 0x40 0x69 0x0 0x8 0x16 0xf3 0x15 0x73 0x0 0xc4 0x4 0x7c 0x5 0x0 0x28 0x65 0x0 0x0 0x74 0x0 0x6c 0x0 0x57 0x0 0x57 0x0 0x93 0x93 0x93 0x93 0x93 0x93 0x2a 0x3 0x16 0x3 0x33 0x3 0x29 0x3 0x39 0x3 0x17 0x3 0x39 0x3 0x26 0x3 0x29 0x0 0x3 0x6c 0x6c 0x7c 0x7c 0x4d 0x80 0x4f 0x80 0xa6 0x82 0xeb 0x7b 0xd2 0xd2 0x0 0x0 0x87 0xbf 0xaa 0x3a 0x73 0xe7 0x15 0xee 0x0 0x0 0x0 0x0 0x0 0x0 0x0 0x80 0x0 0xa4 0xa4 0x0 0x4 0xac 0x5 0x0 0x0
1787978757512,0x1 0x8a 0xd 0xb2 0x64 0xb6 0x60 0xd 0x0 0x0 0xd 0x42 0x6b 0x0 0x45 0x16 0xf0 0x15 0x73 0x0 0xce 0x4 0x7c 0x5 0x0 0x28 0x65 0x0 0x0 0x76 0x0 0x6c 0x0 0x57 0x0 0x58 0x0 0x93 0x93 0x93 0x93 0x93 0x93 0x26 0x3 0x17 0x3 0x2c 0x3 0x19 0x3 0x23 0x3 0xf 0x3 0x26 0x3 0x12 0x3 0x29 0x0 0x3 0x6b 0x6b 0x7c 0x7c 0x4d 0x80 0x4f 0x80 0xa6 0x82 0xeb 0x7b 0xc8 0xc8 0x0 0x0 0x33 0xbd 0x56 0x38 0x73 0xe7 0x15 0xee 0x0 0x0 0x0 0x0 0x0 0x0 0x0 0x80 0x0 0xa4 0xa4 0x0 0x4 0xb9 0x5 0x0 0x0
1787978757736,0x1 0x89 0xd 0xb2 0x64 0xb6 0x60 0xd 0x0 0x0 0xd 0x42 0x68 0x0 0x7d 0x15 0xba 0x15 0x73 0x0 0xd7 0x4 0x7c 0x5 0x0 0x28 0x65 0x0 0x0 0x76 0x0 0x6d 0x0 0x57 0x0 0x58 0x0 0x93 0x93 0x93 0x93 0x93 0x93 0x10 0x3 0xf8 0x2 0xb 0x3 0x5 0x3 0x11 0x3 0xfb 0x2 0xb 0x3 0xf9 0x2 0x29 0x0 0x3 0x6a 0x69 0x7c 0x7c 0x4d 0x80 0x4f 0x80 0xa6 0x82 0xeb 0x7b 0xc8 0xc8 0x0 0x0 0x9 0xbc 0x2c 0x37 0x73 0xe7 0x15 0xee 0x0 0x0 0x0 0x0 0x0 0x0 0x0 0x80 0x0 0xa4 0xa4 0x0 0x4 0xcb 0x5 0x0 0x0
1787978757960,0x1 0x8a 0xd 0xb2 0x64 0xb6 0x60 0xd 0x0 0x0 0xd 0x41 0x6a 0x0 0x1e 0x16 0xce 0x15 0x73 0x0 0xcb 0x4 0x7c 0x5 0x0 0x28 0x65 0x0 0x0 0x77 0x0 0x6e 0x0 0x58 0x0 0x58 0x0 0x93 0x93 0x93 0x93 0x93 0x93 0x4 0x3 0xf5 0x2 0x10 0x3 0x8 0x3 0xc 0x3 0xf5 0x2 0x1b 0x3 0x8 0x3 0x29 0x0 0x3 0x68 0x68 0x7c 0x7c 0x4d 0x80 0x4f 0x80 0xa6 0x82 0xeb 0x7b 0xc8 0xc8 0x0 0x0 0x5d 0xbe 0x80 0x39 0x73 0xe7 0x15 0xee 0x0 0x0 0x0 0x0 0x0 0x0 0x0 0x80 0x0 0xa4 0xa4 0x0 0x4 0xb9 0x5 0x0 0x0
1787978758199,0x1 0x8a 0xd 0xb2 0x64 0xb6 0x60 0xd 0x0 0x0 0xd 0x42 0x68 0x0 0xe0 0x15 0x12 0x16 0x73 0x0 0xc1 0x4 0x5b 0x5 0x0 0x28 0x65 0x0 0x0 0x77 0x0 0x6e 0x0 0x57 0x0 0x57 0x0 0x93 0x93 0x93 0x93 0x93 0x93 0xfe 0x2 0x14 0x3 0x20 0x3 0xe 0x3 0x1f 0x3 0xf9 0x2 0xfe 0x2 0xec 0x2 0x29 0x0 0x3 0x67 0x67 0x7c 0x7c 0x4d 0x80 0x4f 0x80 0xa6 0x82 0xeb 0x7b 0xc8 0xc8 0x0 0x0 0x5f 0xb8 0x2 0x36 0x73 0xe7 0x15 0xee 0x0 0x0 0x0 0x0 0x0 0x0 0x0 0x80 0x0 0xa4 0xa4 0x0 0x4 0xb9 0x5 0x0 0x0
1787978758424,0x1 0x89 0xd 0xb1 0x64 0xb6 0x60 0xd 0x0 0x0 0xd 0x41 0x68 0x0 0xbc 0x15 0x3 0x16 0x73 0x0 0xc9 0x4 0x10 0x5 0x0 0x28 0x65 0x0 0x0 0x79 0x0 0x6f 0x0 0x58 0x0 0x57 0x0 0x8e 0x8e 0x8e 0x8e 0x8e 0x8e 0xf2 0x2 0xdd 0x2 0xec 0x2 0xdd 0x2 0xf1 0x2 0xdf 0x2 0xec 0x2 0xda 0x2 0x29 0x0 0x3 0x66 0x65 0x7c 0x7c 0x4d 0x80 0x4f 0x80 0xa6 0x82 0xeb 0x7b 0xc2 0xc2 0x0 0x0 0x37 0xb0 0x5a 0x31 0x73 0xe7 0x15 0xee 0x0 0x0 0x0 0x0 0x0 0x0 0x0 0x80 0x0 0xa4 0xa4 0x0 0x4 0xcb 0x5 0x0 0x0
1787978758648,0x1 0x8a 0xd 0xb1 0x64 0xb6 0x60 0xd 0x0 0x0 0xd 0x40 0x68 0x0 0xf8 0x15 0xca 0x15 0x73 0x0 0xbc 0x4 0xc6 0x4 0x0 0x28 0x65 0x0 0x0 0x79 0x0 0x6e 0x0 0x57 0x0 0x58 0x0 0x94 0x94 0x94 0x94 0x94 0x94 0xdf 0x2 0xcc 0x2 0xdf 0x2 0xce 0x2 0xe0 0x2 0xcb 0x2 0xe0 0x2 0xce 0x2 0x2b 0x0 0x3 0x64 0x64 0x7c 0x7c 0x4d 0x80 0x4f 0x80 0xa6 0x82 0xeb 0x7b 0xc2 0xc2 0x0 0x0 0xf 0xa7 0xb2 0x2c 0x73 0xe7 0x15 0xee 0x0 0x0 0x0 0x0 0x0 0x0 0x0 0x80 0x0 0xa4 0xa4 0x0 0x4 0xb9 0x5 0x0 0x0
1787978758871,0x1 0x8a 0xd 0xb1 0x64 0xb6 0x60 0xd 0x0 0x0 0xd 0x41 0x68 0x0 0xd0 0x16 0x7a 0x16 0x73 0x0 0x8f 0x4 0x7e 0x4 0x0 0x28 0x65 0x0 0x0 0x79 0x0 0x6e 0x0 0x57 0x0 0x57 0x0 0xa3 0xa3 0xa3 0xa3 0xa3 0xa3 0xeb 0x2 0xdb 0x2 0xf0 0x2 0xde 0x2 0xf2 0x2 0xe2 0x2 0xf5 0x2 0xe2 0x2 0x2b 0x0 0x3 0x63 0x63 0x7c 0x7c 0x4d 0x80 0x4f 0x80 0xa6 0x82 0xeb 0x7b 0xc2 0xc2 0x0 0x0 0x4b 0xa0 0xae 0x2c 0x73 0xe7 0x15 0xee 0x0 0x0 0x0 0x0 0x0 0x0 0x0 0x80 0x0 0xa4 0xa4 0x0 0x4 0xb9 0x5 0x0 0x0
1787978759096,0x1 0x8a 0xd 0xb1 0x64 0xb6 0x60 0xd 0x0 0x0 0xd 0x40 0x67 0x0 0x96 0x17 0x60 0x17 0x73 0x0 0x5e 0x4 0x33 0x4 0x0 0x28 0x65 0x0 0x0 0x79 0x0 0x6f 0x0 0x57 0x0 0x58 0x0 0xaa 0xaa 0xaa 0xaa 0xaa 0xaa 0xf 0x3 0xec 0x2 0x6 0x3 0xf5 0x2 0xd 0x3 0xfb 0x2 0xf 0x3 0xfc 0x2 0x2d 0x0 0x3 0x62 0x61 0x7c 0x7c 0x4d 0x80 0x4f 0x80 0xa6 0x82 0xeb 0x7b 0xc2 0xc2 0x0 0x0 0xb3 0x99 0x96 0x2c 0x73 0xe7 0x15 0xee 0x0 0x0 0x0 0x0 0x0 0x0 0x0 0x80 0x0 0xa4 0xa4 0x0 0x4 0xb9 0x5 0x0 0x0
1787978759319,0x1 0x8a 0xd 0xb1 0x64 0xb6 0x60 0xd 0x0 0x0 0xd 0x40 0x68 0x0 0x3c 0x19 0xc0 0x18 0x73 0x0 0x1f 0x4 0xec 0x3 0x0 0x28 0x65 0x0 0x0 0x7a 0x0 0x6e 0x0 0x58 0x0 0x57 0x0 0xac 0xac 0xac 0xac 0xac 0xac 0x3a 0x3 0x11 0x3 0x2b 0x3 0x1a 0x3 0x32 0x3 0x21 0x3 0x3a 0x3 0x24 0x3 0x2e 0x0 0x3 0x60 0x60 0x7c 0x7c 0x4d 0x80 0x4f 0x80 0xa6 0x82 0xeb 0x7b 0xb5 0xb5 0x0 0x0 0x1b 0x92 0x7e 0x2c 0x73 0xe7 0x15 0xee 0x0 0x0 0x0 0x0 0x0 0x0 0x0 0x80 0x0 0xa4 0xa4 0x0 0x4 0xb9 0x5 0x0 0x0
1787978759543,0x1 0x8a 0xd 0xb1 0x64 0xb6 0x60 0xd 0x0 0x0 0xd 0x3e 0x65 0x0 0x59 0x19 0x1a 0x19 0x73 0x0 0xfc 0x3 0xc7 0x3 0x0 0x28 0x65 0x0 0x0 0x7a 0x0 0x6d 0x0 0x58 0x0 0x57 0x0 0xad 0xad 0xad 0xad 0xad 0xad 0x42 0x3 0x26 0x3 0x3e 0x3 0x2d 0x3 0x42 0x3 0x2d 0x3 0x42 0x3 0x2d 0x3 0x2f 0x0 0x3 0x5f 0x5f 0x7c 0x7c 0x4d 0x80 0x4f 0x80 0xa6 0x82 0xeb 0x7b 0xb5 0xb5 0x0 0x0 0x21 0x8e 0x44 0x2c 0x73 0xe7 0x15 0xee 0x0 0x0 0x0 0x0 0x0 0x0 0x0 0x80 0x0 0xa4 0xa4 0x0 0x4 0xb9 0x5 0x0 0x0
1787978759766,0x1 0x8a 0xd 0xb1 0x64 0xb6 0x60 0xd 0x0 0x0 0xd 0x40 0x66 0x0 0xc0 0x19 0x8f 0x19 0x73 0x0 0xf6 0x3 0xc7 0x3 0x0 0x28 0x65 0x0 0x0 0x79 0x0 0x68 0x0 0x58 0x0 0x58 0x0 0xac 0xac 0xac 0xac 0xac 0xac 0x4a 0x3 0x34 0x3 0x49 0x3 0x35 0x3 0x4d 0x3 0x38 0x3 0x4e 0x3 0x38 0x3 0x2f 0x0 0x3 0x5e 0x5e 0x7c 0x7c 0x4d 0x80 0x4f 0x80 0xa6 0x82 0xeb 0x7b 0xb5 0xb5 0x0 0x0 0x7f 0x88 0x22 0x2c 0x73 0xe7 0x15 0xee 0x0 0x0 0x0 0x0 0x0 0x0 0x0 0x80 0x0 0xa4 0xa4 0x0 0x4 0xb9 0x5 0x0 0x0
1787978759991,0x1 0x8b 0xd 0xb1 0x64 0xb6 0x60 0xd 0x0 0x0 0xd 0x3f 0x64 0x0 0x26 0x19 0x78 0x19 0x73 0x0 0xfa 0x3 0xc7 0x3 0x0 0x28 0x65 0x0 0x0 0x76 0x0 0x5f 0x0 0x57 0x0 0x58 0x0 0xad 0xad 0xad 0xad 0xad 0xad 0x56 0x3 0x3b 0x3 0x4d 0x3 0x33 0x3 0x45 0x3 0x40 0x3 0x45 0x3 0x30 0x3 0x2f 0x0 0x3 0x5c 0x5c 0x7c 0x7c 0x4d 0x80 0x4f 0x80 0xa6 0x82 0xeb 0x7b 0xb5 0xb5 0x0 0x0 0x97 0x84 0xfa 0x2b 0x73 0xe7 0x15 0xee 0x0 0x0 0x0 0x0 0x0 0x0 0x0 0x80 0x0 0xa4 0xa4 0x0 0x4 0xac 0x5 0x0 0x0
1787978760214,0x1 0x89 0xd 0xb1 0x64 0xb6 0x60 0xd 0x0 0x0 0xd 0x40 0x63 0x0 0x11 0x19 0xef 0x18 0x73 0x0 0xf3 0x3 0xc7 0x3 0x0 0x28 0x65 0x0 0x0 0x72 0x0 0x50 0x0 0x57 0x0 0x57 0x0 0xaa 0xaa 0xaa 0xaa 0xaa 0xaa 0x32 0x3 0x1f 0x3 0x31 0x3 0x1a 0x3 0x30 0x3 0x1f 0x3 0x30 0x3 0x34 0x3 0x2f 0x0 0x3 0x5b 0x63 0x7c 0x6d 0x4d 0x80 0x4f 0x80 0xa6 0x82 0xeb 0x7b 0xb5 0xb5 0x0 0x0 0xf3 0x7f 0xd6 0x2b 0x73 0xe7 0x15 0xee 0x0 0x0 0x0 0x0 0x0 0x0 0x0 0x80 0x0 0xa4 0xa4 0x0 0x4 0xcb 0x5 0x0 0x0
1787978760439,0x1 0x8a 0xd 0xb1 0x64 0xb6 0x60 0xd 0x0 0x0 0xd 0x3f 0x64 0x0 0xa0 0x19 0x74 0x19 0x73 0x0 0xe7 0x3 0xc7 0x3 0x0 0x28 0x65 0x0 0x0 0x6c 0x0 0x40 0x0 0x58 0x0 0x57 0x0 0xa7 0xa7 0xa7 0xa7 0xa7 0xa7 0x3c 0x3 0x4a 0x3 0x3b 0x3 0x4b 0x3 0x35 0x3 0x45 0x3 0x3c 0x3 0x4b 0x3 0x2f 0x0 0x3 0x5a 0x64 0x7c 0x6d 0x4d 0x80 0x4f 0x80 0xa6 0x82 0xeb 0x7b 0xac 0xac 0x0 0x0 0x57 0x7b 0xba 0x2b 0x73 0xe7 0x15 0xee 0x0 0x0 0x0 0x0 0x0 0x0 0x0 0x80 0x0 0xa4 0xa4 0x0 0x4 0xb9 0x5 0x0 0x0
1787978760663,0x1 0x8a 0xd 0xb1 0x64 0xb6 0x60 0xd 0x0 0x0 0xd 0x3d 0x61 0x0 0xa9 0x18 0xc 0x19 0x73 0x0 0xef 0x3 0xc7 0x3 0x0 0x28 0x65 0x0 0x0 0x62 0x0 0x36 0x0 0x58 0x0 0x58 0x0 0xa9 0xa9 0xa9 0xa9 0xa9 0xa9 0x30 0x3 0x44 0x3 0x2b 0x3 0x4b 0x3 0x34 0x3 0x49 0x3 0x2b 0x3 0x41 0x3 0x2f 0x0 0x3 0x58 0x65 0x7c 0x6d 0x4d 0x80 0x4f 0x80 0xa6 0x82 0xeb 0x7b 0xac 0xac 0x0 0x0 0x77 0x77 0x9a 0x2b 0x73 0xe7 0x15 0xee 0x0 0x0 0x0 0x0 0x0 0x0 0x0 0x80 0x0 0xa4 0xa4 0x0 0x4 0xb9 0x5 0x0 0x0
1787978760886,0x1 0x8b 0xd 0xb1 0x64 0xb6 0x60 0xd 0x0 0x0 0xd 0x3c 0x61 0x0 0x9c 0x18 0xfd 0x18 0x73 0x0 0xf1 0x3 0xc7 0x3 0x0 0x28 0x65 0x0 0x0 0x54 0x0 0x33 0x0 0x57 0x0 0x58 0x0 0xaa 0xaa 0xaa 0xaa 0xaa 0xaa 0x28 0x3 0x45 0x3 0x21 0x3 0x43 0x3 0x29 0x3 0x48 0x3 0x25 0x3 0x45 0x3 0x2f 0x0 0x3 0x57 0x67 0x7c 0x6d 0x4d 0x80 0x4f 0x80 0xa6 0x82 0xeb 0x7b 0xac 0xac 0x0 0x0 0xdb 0x72 0x7e 0x2b 0x73 0xe7 0x15 0xee 0x0 0x0 0x0 0x0 0x0 0x0 0x0 0x80 0x0 0xa4 0xa4 0x0 0x4 0xac 0x5 0x0 0x0
1787978761110,0x1 0x8a 0xd 0xb0 0x65 0xb6 0x60 0xd 0x0 0x0 0xd 0x3e 0x64 0x0 0x1f 0x19 0xe9 0x18 0x73 0x0 0xfb 0x3 0xc3 0x3 0x0 0x28 0x65 0x0 0x0 0x43 0x0 0x32 0x0 0x57 0x0 0x57 0x0 0xae 0xae 0xae 0xae 0xae 0xae 0x3d 0x3 0x46 0x3 0x3f 0x3 0x49 0x3 0x3d 0x3 0x42 0x3 0x3f 0x3 0x46 0x3 0x2f 0x0 0x3 0x60 0x68 0x6b 0x6d 0x4d 0x80 0x4f 0x80 0xa6 0x82 0xeb 0x7b 0xac 0xac 0x0 0x0 0xd6 0x6d 0x14 0x2b 0x73 0xe7 0x15 0xee 0x0 0x0 0x0 0x0 0x0 0x0 0x0 0x80 0x0 0xa4 0xa4 0x0 0x4 0xb9 0x5 0x0 0x0
1787978761334,0x1 0x8a 0xd 0xb0 0x65 0xb6 0x60 0xd 0x0 0x0 0xd 0x3d 0x60 0x0 0x4f 0x18 0x83 0x18 0x73 0x0 0xf3 0x3 0xc3 0x3 0x0 0x28 0x65 0x0 0x0 0x37 0x0 0x33 0x0 0x57 0x0 0x57 0x0 0xad 0xad 0xad 0xad 0xad 0xad 0x34 0x3 0x36 0x3 0x2e 0x3 0x34 0x3 0x31 0x3 0x3d 0x3 0x34 0x3 0x3c 0x3 0x2f 0x0 0x3 0x61 0x69 0x6b 0x6d 0x4d 0x80 0x4f 0x80 0xa6 0x82 0xeb 0x7b 0xa3 0xa3 0x0 0x0 0xf2 0x6b 0xf0 0x2a 0x73 0xe7 0x15 0xee 0x0 0x0 0x0 0x0 0x0 0x0 0x0 0x80 0x0 0xa4 0xa4 0x0 0x4 0xb9 0x5 0x0 0x0
1787978761558,0x1 0x8b 0xd 0xb0 0x65 0xb6 0x60 0xd 0x0 0x0 0xd 0x3c 0x60 0x0 0x36 0x18 0x8d 0x18 0x73 0x0 0xf7 0x3 0xc3 0x3 0x0 0x28 0x65 0x0 0x0 0x34 0x0 0x33 0x0 0x57 0x0 0x57 0x0 0xae 0xae 0xae 0xae 0xae 0xae 0x34 0x3 0x3e 0x3 0x37 0x3 0x41 0x3 0x3c 0x3 0x41 0x3 0x39 0x3 0x41 0x3 0x2f 0x0 0x3 0x62 0x6b 0x6b 0x6d 0x4d 0x80 0x4f 0x80 0xa6 0x82 0xeb 0x7b 0xa3 0xa3 0x0 0x0 0xce 0x6b 0xcc 0x2a 0x73 0xe7 0x15 0xee 0x0 0x0 0x0 0x0 0x0 0x0 0x0 0x80 0x0 0xa4 0xa4 0x0 0x4 0xac 0x5 0x0 0x0
1787978761782,0x1 0x8b 0xd 0xb0 0x65 0xb6 0x60 0xd 0x0 0x0 0xd 0x3c 0x5e 0x0 0x4f 0x18 0x76 0x18 0x73 0x0 0xde 0x3 0xc3 0x3 0x0 0x28 0x65 0x0 0x0 0x31 0x0 0x34 0x0 0x58 0x0 0x58 0x0 0xa7 0xa7 0xa7 0xa7 0xa7 0xa7 0x39 0x3 0x42 0x3 0x3b 0x3 0x42 0x3 0x3b 0x3 0x3f 0x3 0x3b 0x3 0x41 0x3 0x30 0x0 0x3 0x64 0x6c 0x6b 0x6d 0x4d 0x80 0x4f 0x80 0xa6 0x82 0xeb 0x7b 0xa3 0xa3 0x0 0x0 0xb0 0x6b 0xae 0x2a 0x73 0xe7 0x15 0xee 0x0 0x0 0x0 0x0 0x0 0x0 0x0 0x80 0x0 0xa4 0xa4 0x0 0x4 0xac 0x5 0x0 0x0
1787978762006,0x1 0x8a 0xd 0xb0 0x65 0xb6 0x60 0xd 0x0 0x0 0xd 0x3d 0x62 0x0 0x4a 0x19 0xde 0x18 0x73 0x0 0xe0 0x3 0xc3 0x3 0x0 0x28 0x65 0x0 0x0 0x30 0x0 0x34 0x0 0x58 0x0 0x57 0x0 0xa8 0xa8 0xa8 0xa8 0xa8 0xa8 0x47 0x3 0x4e 0x3 0x47 0x3 0x51 0x3 0x4e 0x3 0x4f 0x3 0x4e 0x3 0x56 0x3 0x2f 0x0 0x3 0x65 0x6d 0x6b 0x6d 0x4d 0x80 0x4f 0x80 0xa6 0x82 0xeb 0x7b 0xa3 0xa3 0x0 0x0 0x98 0x6a 0x96 0x2a 0x73 0xe7 0x15 0xee 0x0 0x0 0x0 0x0 0x0 0x0 0x0 0x80 0x0 0xa4 0xa4 0x0 0x4 0xb9 0x5 0x0 0x0
1787978762229,0x1 0x8a 0xd 0xb0 0x65 0xb6 0x60 0xd 0x0 0x0 0xd 0x3d 0x5f 0x0 0x33 0x18 0x62 0x18 0x73 0x0 0xed 0x3 0xc3 0x3 0x0 0x28 0x65 0x0 0x0 0x2f 0x0 0x34 0x0 0x57 0x0 0x57 0x0 0xab 0xab 0xab 0xab 0xab 0xab 0x4a 0x3 0x4e 0x3 0x42 0x3 0x48 0x3 0x4c 0x3 0x52 0x3 0x40 0x3 0x48 0x3 0x2f 0x0 0x3 0x66 0x6f 0x6b 0x6d 0x4d 0x80 0x4f 0x80 0xa6 0x82 0xeb 0x7b 0xa3 0xa3 0x0 0x0 0x7a 0x6b 0x78 0x2a 0x73 0xe7 0x15 0xee 0x0 0x0 0x0 0x0 0x0 0x0 0x0 0x80 0x0 0xa4 0xa4 0x0 0x4 0xb9 0x5 0x0 0x0
1787978762454,0x1 0x8a 0xd 0xb0 0x65 0xb6 0x60 0xd 0x0 0x0 0xd 0x3d 0x5f 0x0 0x33 0x18 0x81 0x18 0x73 0x0 0xed 0x3 0xc3 0x3 0x0 0x28 0x65 0x0 0x0 0x31 0x0 0x35 0x0 0x58 0x0 0x58 0x0 0xab 0xab 0xab 0xab 0xab 0xab 0x49 0x3 0x52 0x3 0x49 0x3 0x4a 0x3 0x41 0x3 0x4e 0x3 0x49 0x3 0x51 0x3 0x2f 0x0 0x3 0x67 0x70 0x6b 0x6d 0x4d 0x80 0x4f 0x80 0xa6 0x82 0xeb 0x7b 0x9d 0x9d 0x0 0x0 0x60 0x6b 0x5e 0x2a 0x73 0xe7 0x15 0xee 0x0 0x0 0x0 0x0 0x0 0x0 0x0 0x80 0x0 0xa4 0xa4 0x0 0x4 0xb9 0x5 0x0 0x0
1787978762678,0x1 0x8b 0xd 0xb0 0x65 0xb6 0x60 0xd 0x0 0x0 0xd 0x3d 0x5e 0x0 0xec 0x17 0x6 0x18 0x73 0x0 0xee 0x3 0xc3 0x3 0x0 0x28 0x65 0x0 0x0 0x31 0x0 0x35 0x0 0x57 0x0 0x58 0x0 0xac 0xac 0xac 0xac 0xac 0xac 0x3c 0x3 0x43 0x3 0x43 0x3 0x4a 0x3 0x40 0x3 0x47 0x3 0x3c 0x3 0x43 0x3 0x2f 0x0 0x3 0x69 0x71 0x6b 0x6d 0x4d 0x80 0x4f 0x80 0xa6 0x82 0xeb 0x7b 0x9d 0x9d 0x0 0x0 0x3e 0x6b 0x3c 0x2a 0x73 0xe7 0x15 0xee 0x0 0x0 0x0 0x0 0x0 0x0 0x0 0x80 0x0 0xa4 0xa4 0x0 0x4 0xac 0x5 0x0 0x0
1787978762901,0x1 0x8a 0xd 0xb0 0x65 0xb6 0x60 0xd 0x0 0x0 0xd 0x3d 0x62 0x0 0xfd 0x18 0x94 0x18 0x73 0x0 0xec 0x3 0xc3 0x3 0x0 0x28 0x65 0x0 0x0 0x32 0x0 0x35 0x0 0x57 0x0 0x58 0x0 0xaa 0xaa 0xaa 0xaa 0xaa 0xaa 0x53 0x3 0x55 0x3 0x4c 0x3 0x54 0x3 0x4f 0x3 0x58 0x3 0x53 0x3 0x5b 0x3 0x2f 0x0 0x3 0x6a 0x73 0x6b 0x6d 0x4d 0x80 0x4f 0x80 0xa6 0x82 0xeb 0x7b 0x9d 0x9d 0x0 0x0 0x1c 0x6b 0x1a 0x2a 0x73 0xe7 0x15 0xee 0x0 0x0 0x0 0x0 0x0 0x0 0x0 0x80 0x0 0xa4 0xa4 0x0 0x4 0xb9 0x5 0x0 0x0
1787978763125,0x1 0x8a 0xd 0xb0 0x65 0xb6 0x60 0xd 0x0 0x0 0xd 0x3d 0x60 0x0 0x12 0x18 0x1c 0x18 0x73 0x0 0xfd 0x3 0xc3 0x3 0x0 0x28 0x65 0x0 0x0 0x33 0x0 0x36 0x0 0x58 0x0 0x57 0x0 0xaf 0xaf 0xaf 0xaf 0xaf 0xaf 0x48 0x3 0x5d 0x3 0x52 0x3 0x58 0x3 0x4d 0x3 0x50 0x3 0x48 0x3 0x50 0x3 0x2f 0x0 0x3 0x6b 0x74 0x6b 0x6d 0x4d 0x80 0x4f 0x80 0xa6 0x82 0xeb 0x7b 0x9d 0x9d 0x0 0x0 0xfc 0x6a 0xfa 0x29 0x73 0xe7 0x15 0xee 0x0 0x0 0x0 0x0 0x0 0x0 0x0 0x80 0x0 0xa4 0xa4 0x0 0x4 0xb9 0x5 0x0 0x0
1787978763350,0x1 0x8a 0xd 0xb0 0x65 0xb6 0x60 0xd 0x0 0x0 0xd 0x3d 0x60 0x0 0x62 0x18 0x44 0x18 0x73 0x0 0xf0 0x3 0xc3 0x3 0x0 0x28 0x65 0x0 0x0 0x3f 0x0 0x3a 0x0 0x58 0x0 0x57 0x0 0xac 0xac 0xac 0xac 0xac 0xac 0x51 0x3 0x58 0x3 0x53 0x3 0x5a 0x3 0x51 0x3 0x5a 0x3 0x52 0x3 0x5a 0x3 0x2f 0x0 0x3 0x6d 0x75 0x6b 0x6d 0x4d 0x80 0x4f 0x80 0xa6 0x82 0xeb 0x7b 0x92 0x92 0x0 0x0 0xd2 0x6a 0xd0 0x29 0x73 0xe7 0x15 0xee 0x0 0x0 0x0 0x0 0x0 0x0 0x0 0x80 0x0 0xa4 0xa4 0x0 0x4 0xb9 0x5 0x0 0x0
1787978763573,0x1 0x8b 0xd 0xaf 0x65 0xb6 0x60 0xd 0x0 0x0 0xd 0x3c 0x5e 0x0 0xdf 0x17 0x1e 0x18 0x73 0x0 0xf0 0x3 0xc3 0x3 0x0 0x28 0x65 0x0 0x0 0x6d 0x0 0x61 0x0 0x57 0x0 0x57 0x0 0xac 0xac 0xac 0xac 0xac 0xac 0x57 0x3 0x5e 0x3 0x52 0x3 0x59 0x3 0x52 0x3 0x62 0x3 0x52 0x3 0x59 0x3 0x2f 0x0 0x3 0x6e 0x77 0x6b 0x6d 0x4d 0x80 0x4f 0x80 0xa6 0x82 0xeb 0x7b 0x92 0x92 0x0 0x0 0xac 0x6a 0xaa 0x29 0x73 0xe7 0x15 0xee 0x0 0x0 0x0 0x0 0x0 0x0 0x0 0x80 0x0 0xa4 0xa4 0x0 0x4 0xac 0x5 0x0 0x0
1787978763797,0x1 0x8a 0xd 0xaf 0x65 0xb6 0x60 0xd 0x0 0x0 0xd 0x3c 0x5e 0x0 0xf2 0x17 0xc 0x18 0x73 0x0 0xed 0x3 0xc3 0x3 0x0 0x28 0x65 0x0 0x0 0x85 0x0 0x82 0x0 0x57 0x0 0x58 0x0 0xac 0xac 0xac 0xac 0xac 0xac 0x3d 0x3 0x5c 0x3 0x36 0x3 0x58 0x3 0x33 0x3 0x62 0x3 0x33 0x3 0x58 0x3 0x2f 0x0 0x3 0x65 0x77 0x63 0x6d 0x4d 0x80 0x4f 0x80 0xa6 0x82 0xeb 0x7b 0x92 0x92 0x0 0x0 0x86 0x6a 0x84 0x29 0x73 0xe7 0x15 0xee 0x0 0x0 0x0 0x0 0x0 0x0 0x0 0x80 0x0 0xa4 0xa4 0x0 0x4 0xb9 0x5 0x0 0x0
1787978764021,0x1 0x8a 0xd 0xaf 0x65 0xb6 0x60 0xd 0x0 0x0 0xd 0x3c 0x5e 0x0 0x4 0x18 0xf6 0x17 0x73 0x0 0xea 0x3 0xc3 0x3 0x0 0x28 0x65 0x0 0x0 0x8b 0x0 0x87 0x0 0x57 0x0 0x57 0x0 0xaa 0xaa 0xaa 0xaa 0xaa 0xaa 0x30 0x3 0x3c 0x3 0x2c 0x3 0x38 0x3 0x32 0x3 0x3f 0x3 0x2b 0x3 0x38 0x3 0x2f 0x0 0x3 0x64 0x6e 0x63 0x69 0x4d 0x80 0x4f 0x80 0xa6 0x82 0xeb 0x7b 0x92 0x92 0x0 0x0 0x62 0x6a 0x60 0x29 0x73 0xe7 0x15 0xee 0x0 0x0 0x0 0x0 0x0 0x0 0x0 0x80 0x0 0xa4 0xa4 0x0 0x4 0xb9 0x5 0x0 0x0
1787978764245,0x1 0x8a 0xd 0xaf 0x65 0xb6 0x60 0xd 0x0 0x0 0xd 0x3e 0x60 0x0 0x87 0x18 0x43 0x18 0x73 0x0 0xea 0x3 0xc3 0x3 0x0 0x28 0x65 0x0 0x0 0x82 0x0 0x86 0x0 0x58 0x0 0x57 0x0 0xaa 0xaa 0xaa 0xaa 0xaa 0xaa 0x34 0x3 0x3f 0x3 0x2f 0x3 0x3f 0x3 0x35 0x3 0x42 0x3 0x32 0x3 0x3f 0x3 0x2f 0x0 0x3 0x63 0x6d 0x63 0x69 0x4d 0x80 0x4f 0x80 0xa6 0x82 0xeb 0x7b 0x92 0x92 0x0 0x0 0x48 0x6a 0x46 0x29 0x73 0xe7 0x15 0xee 0x0 0x0 0x0 0x0 0x0 0x0 0x0 0x80 0x0 0xa4 0xa4 0x0 0x4 0xb9 0x5 0x0 0x0
1787978764469,0x1 0x8b 0xd 0xaf 0x65 0xb6 0x60 0xd 0x0 0x0 0xd 0x3d 0x60 0x0 0x36 0x18 0x39 0x18 0x73 0x0 0xf7 0x3 0xc3 0x3 0x0 0x28 0x65 0x0 0x0 0x79 0x0 0x7e 0x0 0x57 0x0 0x57 0x0 0xae 0xae 0xae 0xae 0xae 0xae 0x30 0x3 0x3b 0x3 0x2c 0x3 0x40 0x3 0x34 0x3 0x41 0x3 0x2c 0x3 0x39 0x3 0x2f 0x0 0x3 0x61 0x6c 0x63 0x69 0x4d 0x80 0x4f 0x80 0xa6 0x82 0xeb 0x7b 0x8a 0x8a 0x0 0x0 0x24 0x6a 0x22 0x29 0x73 0xe7 0x15 0xee 0x0 0x0 0x0 0x0 0x0 0x0 0x0 0x80 0x0 0xa4 0xa4 0x0 0x4 0xac 0x5 0x0 0x0
1787978764693,0x1 0x8b 0xd 0xaf 0x65 0xb6 0x60 0xd 0x0 0x0 0xd 0x3c 0x60 0x0 0x6e 0x18 0x50 0x18 0x73 0x0 0xee 0x3 0xc3 0x3 0x0 0x28 0x65 0x0 0x0 0x71 0x0 0x77 0x0 0x57 0x0 0x58 0x0 0xab 0xab 0xab 0xab 0xab 0xab 0x2c 0x3 0x39 0x3 0x30 0x3 0x3a 0x3 0x2d 0x3 0x3a 0x3 0x2b 0x3 0x39 0x3 0x2f 0x0 0x3 0x60 0x6b 0x63 0x69 0x4d 0x80 0x4f 0x80 0xa6 0x82 0xeb 0x7b 0x8a 0x8a 0x0 0x0 0x8 0x6a 0x6 0x29 0x73 0xe7 0x15 0xee 0x0 0x0 0x0 0x0 0x0 0x0 0x0 0x80 0x0 0xa4 0xa4 0x0 0x4 0xac 0x5 0x0 0x0
1787978764917,0x1 0x8a 0xd 0xaf 0x65 0xb6 0x60 0xd 0x0 0x0 0xd 0x3d 0x60 0x0 0x81 0x18 0x4b 0x18 0x73 0x0 0xeb 0x3 0xc3 0x3 0x0 0x28 0x65 0x0 0x0 0x5c 0x0 0x6e 0x0 0x57 0x0 0x58 0x0 0xaa 0xaa 0xaa 0xaa 0xaa 0xaa 0x25 0x3 0x32 0x3 0x22 0x3 0x30 0x3 0x24 0x3 0x33 0x3 0x25 0x3 0x34 0x3 0x2f 0x0 0x3 0x5f 0x69 0x63 0x69 0x4d 0x80 0x4f 0x80 0xa6 0x82 0xeb 0x7b 0x8a 0x8a 0x0 0x0 0xe6 0x69 0xe4 0x28 0x73 0xe7 0x15 0xee 0x0 0x0 0x0 0x0 0x0 0x0 0x0 0x80 0x0 0xa4 0xa4 0x0 0x4 0xb9 0x5 0x0 0x0
1787978765141,0x1 0x8a 0xd 0xaf 0x65 0xb6 0x60 0xd 0x0 0x0 0xd 0x3d 0x60 0x0 0xa6 0x18 0x72 0x18 0x73 0x0 0xe5 0x3 0xc3 0x3 0x0 0x28 0x65 0x0 0x0 0x3d 0x0 0x62 0x0 0x57 0x0 0x58 0x0 0xa9 0xa9 0xa9 0xa9 0xa9 0xa9 0x41 0x3 0x36 0x3 0x43 0x3 0x33 0x3 0x43 0x3 0x34 0x3 0x46 0x3 0x34 0x3 0x2f 0x0 0x3 0x67 0x68 0x66 0x69 0x4d 0x80 0x4f 0x80 0xa6 0x82 0xeb 0x7b 0x8a 0x8a 0x0 0x0 0xc8 0x69 0xc6 0x28 0x73 0xe7 0x15 0xee 0x0 0x0 0x0 0x0 0x0 0x0 0x0 0x80 0x0 0xa4 0xa4 0x0 0x4 0xb9 0x5 0x0 0x0
1787978765365,0x1 0x8b 0xd 0xaf 0x65 0xb6 0x60 0xd 0x0 0x0 0xd 0x3d 0x5f 0x0 0x33 0x18 0x12 0x18 0x73 0x0 0xed 0x3 0xc3 0x3 0x0 0x28 0x65 0x0 0x0 0x2c 0x0 0x4c 0x0 0x57 0x0 0x57 0x0 0xab 0xab 0xab 0xab 0xab 0xab 0x43 0x3 0x2e 0x3 0x41 0x3 0x26 0x3 0x3b 0x3 0x3e 0x3 0x3c 0x3 0x3e 0x3 0x2f 0x0 0x3 0x68 0x6f 0x66 0x6f 0x4d 0x80 0x4f 0x80 0xa6 0x82 0xeb 0x7b 0x82 0x82 0x0 0x0 0xaa 0x69 0xa8 0x28 0x73 0xe7 0x15 0xee 0x0 0x0 0x0 0x0 0x0 0x0 0x0 0x80 0x0 0xa4 0xa4 0x0 0x4 0xac 0x5 0x0 0x0
1787978765590,0x1 0x8b 0xd 0xaf 0x66 0xb6 0x60 0xd 0x0 0x0 0xd 0x3c 0x60 0x0 0x62 0x18 0xaf 0x18 0x73 0x0 0xf0 0x3 0xc3 0x3 0x0 0x28 0x65 0x0 0x0 0x2a 0x0 0x36 0x0 0x57 0x0 0x58 0x0 0xac 0xac 0xac 0xac 0xac 0xac 0x51 0x3 0x54 0x3 0x56 0x3 0x5a 0x3 0x57 0x3 0x50 0x3 0x57 0x3 0x58 0x3 0x2f 0x0 0x3 0x6a 0x70 0x66 0x6f 0x4d 0x80 0x4f 0x80 0xa6 0x82 0xeb 0x7b 0x82 0x82 0x0 0x0 0x8a 0x69 0x88 0x28 0x73 0xe7 0x15 0xee 0x0 0x0 0x0 0x0 0x0 0x0 0x0 0x80 0x0 0xa4 0xa4 0x0 0x4 0xac 0x5 0x0 0x0
1787978765814,0x1 0x8a 0xd 0xaf 0x66 0xb6 0x60 0xd 0x0 0x0 0xd 0x3b 0x5f 0x0 0x2d 0x18 0x41 0x18 0x73 0x0 0xee 0x3 0xbf 0x3 0x0 0x28 0x65 0x0 0x0 0x2a 0x0 0x2f 0x0 0x58 0x0 0x58 0x0 0xac 0xac 0xac 0xac 0xac 0xac 0x50 0x3 0x4e 0x3 0x4d 0x3 0x4e 0x3 0x4e 0x3 0x51 0x3 0x4c 0x3 0x4e 0x3 0x2f 0x0 0x3 0x6b 0x71 0x66 0x6f 0x4d 0x80 0x4f 0x80 0xa6 0x82 0xeb 0x7b 0x82 0x82 0x0 0x0 0x8e 0x68 0x66 0x28 0x73 0xe7 0x15 0xee 0x0 0x0 0x0 0x0 0x0 0x0 0x0 0x80 0x0 0xa4 0xa4 0x0 0x4 0xb9 0x5 0x0 0x0
1787978766037,0x1 0x8a 0xd 0xae 0x66 0xb6 0x60 0xd 0x0 0x0 0xd 0x3c 0x5d 0x0 0x6f 0x17 0xe6 0x17 0x73 0x0 0xf8 0x3 0xbf 0x3 0x0 0x28 0x65 0x0 0x0 0x2b 0x0 0x30 0x0 0x57 0x0 0x58 0x0 0xae 0xae 0xae 0xae 0xae 0xae 0x4f 0x3 0x4c 0x3 0x47 0x3 0x44 0x3 0x4e 0x3 0x52 0x3 0x43 0x3 0x44 0x3 0x2f 0x0 0x3 0x6c 0x73 0x66 0x6f 0x4d 0x80 0x4f 0x80 0xa6 0x82 0xeb 0x7b 0x82 0x82 0x0 0x0 0x62 0x68 0x3a 0x28 0x73 0xe7 0x15 0xee 0x0 0x0 0x0 0x0 0x0 0x0 0x0 0x80 0x0 0xa4 0xa4 0x0 0x4 0xb9 0x5 0x0 0x0
1787978766261,0x1 0x8b 0xd 0xae 0x66 0xb6 0x60 0xd 0x0 0x0 0xd 0x3d 0x61 0x0 0x8a 0x18 0x2c 0x18 0x73 0x0 0xf4 0x3 0xbf 0x3 0x0 0x28 0x65 0x0 0x0 0x2c 0x0 0x30 0x0 0x58 0x0 0x58 0x0 0xae 0xae 0xae 0xae 0xae 0xae 0x4f 0x3 0x4f 0x3 0x52 0x3 0x3f 0x3 0x46 0x3 0x4d 0x3 0x52 0x3 0x53 0x3 0x2f 0x0 0x3 0x6e 0x74 0x66 0x6f 0x4d 0x80 0x4f 0x80 0xa6 0x82 0xeb 0x7b 0x82 0x82 0x0 0x0 0x2e 0x68 0x6 0x28 0x73 0xe7 0x15 0xee 0x0 0x0 0x0 0x0 0x0 0x0 0x0 0x80 0x0 0xa4 0xa4 0x0 0x4 0xac 0x5 0x0 0x0
1787978766485,0x1 0x8b 0xd 0xae 0x66 0xb6 0x60 0xd 0x0 0x0 0xd 0x3c 0x5d 0x0 0x7b 0x17 0x1e 0x18 0x73 0x0 0xf6 0x3 0xbf 0x3 0x0 0x28 0x65 0x0 0x0 0x33 0x0 0x31 0x0 0x57 0x0 0x58 0x0 0xae 0xae 0xae 0xae 0xae 0xae 0x58 0x3 0x56 0x3 0x5f 0x3 0x60 0x3 0x5f 0x3 0x5f 0x3 0x55 0x3 0x56 0x3 0x2f 0x0 0x3 0x6f 0x75 0x66 0x6f 0x4d 0x80 0x4f 0x80 0xa6 0x82 0xeb 0x7b 0x7a 0x7a 0x0 0x0 0xc 0x68 0xe4 0x27 0x73 0xe7 0x15 0xee 0x0 0x0 0x0 0x0 0x0 0x0 0x0 0x80 0x0 0xa4 0xa4 0x0 0x4 0xac 0x5 0x0 0x0
1787978766709,0x1 0x8a 0xd 0xae 0x66 0xb6 0x60 0xd 0x0 0x0 0xd 0x3d 0x62 0x0 0xea 0x18 0x90 0x18 0x73 0x0 0xef 0x3 0xbf 0x3 0x0 0x28 0x65 0x0 0x0 0x5a 0x0 0x39 0x0 0x58 0x0 0x57 0x0 0xac 0xac 0xac 0xac 0xac 0xac 0x66 0x3 0x6a 0x3 0x5d 0x3 0x5d 0x3 0x5e 0x3 0x65 0x3 0x68 0x3 0x6a 0x3 0x2f 0x0 0x3 0x70 0x77 0x66 0x6f 0x4d 0x80 0x4f 0x80 0xa6 0x82 0xeb 0x7b 0x7a 0x7a 0x0 0x0 0xe4 0x67 0xbc 0x27 0x73 0xe7 0x15 0xee 0x0 0x0 0x0 0x0 0x0 0x0 0x0 0x80 0x0 0xa4 0xa4 0x0 0x4 0xb9 0x5 0x0 0x0
1787978766933,0x1 0x8a 0xd 0xae 0x66 0xb6 0x60 0xd 0x0 0x0 0xd 0x3e 0x60 0x0 0x30 0x18 0xfe 0x17 0x73 0x0 0xf8 0x3 0xbf 0x3 0x0 0x28 0x65 0x0 0x0 0x8a 0x0 0x6e 0x0 0x58 0x0 0x57 0x0 0xae 0xae 0xae 0xae 0xae 0xae 0x3a 0x3 0x67 0x3 0x4c 0x3 0x60 0x3 0x3e 0x3 0x56 0x3 0x3a 0x3 0x59 0x3 0x2f 0x0 0x3 0x68 0x78 0x68 0x6f 0x4d 0x80 0x4f 0x80 0xa6 0x82 0xeb 0x7b 0x7a 0x7a 0x0 0x0 0xbe 0x67 0x96 0x27 0x73 0xe7 0x15 0xee 0x0 0x0 0x0 0x0 0x0 0x0 0x0 0x80 0x0 0xa4 0xa4 0x0 0x4 0xb9 0x5 0x0 0x0
1787978767157,0x1 0x8b 0xd 0xae 0x66 0xb6 0x60 0xd 0x0 0x0 0xd 0x3d 0x61 0x0 0x5e 0x18 0x2e 0x18 0x73 0x0 0xfb 0x3 0xbf 0x3 0x0 0x28 0x65 0x0 0x0 0x96 0x0 0x8b 0x0 0x57 0x0 0x58 0x0 0xaf 0xaf 0xaf 0xaf 0xaf 0xaf 0x35 0x3 0x59 0x3 0x38 0x3 0x5e 0x3 0x3b 0x3 0x5f 0x3 0x3c 0x3 0x5f 0x3 0x2f 0x0 0x3 0x67 0x78 0x68 0x6f 0x4d 0x80 0x4f 0x80 0xa6 0x82 0xeb 0x7b 0x7a 0x7a 0x0 0x0 0x8c 0x67 0x64 0x27 0x73 0xe7 0x15 0xee 0x0 0x0 0x0 0x0 0x0 0x0 0x0 0x80 0x0 0xa4 0xa4 0x0 0x4 0xac 0x5 0x0 0x0
1787978767381,0x1 0x8b 0xd 0xae 0x66 0xb6 0x60 0xd 0x0 0x0 0xd 0x3d 0x60 0x0 0x68 0x18 0x2a 0x18 0x73 0x0 0xef 0x3 0xbf 0x3 0x0 0x28 0x65 0x0 0x0 0x91 0x0 0x8e 0x0 0x58 0x0 0x58 0x0 0xac 0xac 0xac 0xac 0xac 0xac 0x37 0x3 0x42 0x3 0x36 0x3 0x40 0x3 0x37 0x3 0x42 0x3 0x37 0x3 0x42 0x3 0x2f 0x0 0x3 0x66 0x6f 0x68 0x6f 0x4d 0x80 0x4f 0x80 0xa6 0x82 0xeb 0x7b 0x73 0x7d 0x0 0x0 0x62 0x67 0x3a 0x27 0x73 0xe7 0x15 0xee 0x0 0x0 0x0 0x0 0x0 0x0 0x0 0x80 0x0 0xa4 0xa4 0x0 0x4 0xac 0x5 0x0 0x0
1787978767605,0x1 0x8a 0xd 0xae 0x66 0xb6 0x60 0xd 0x0 0x0 0xd 0x3c 0x5f 0x0 0x2d 0x18 0x62 0x18 0x73 0x0 0xee 0x3 0xbf 0x3 0x0 0x28 0x65 0x0 0x0 0x8b 0x0 0x8c 0x0 0x57 0x0 0x58 0x0 0xad 0xad 0xad 0xad 0xad 0xad 0x41 0x3 0x48 0x3 0x3c 0x3 0x48 0x3 0x3a 0x3 0x4f 0x3 0x3a 0x3 0x46 0x3 0x2f 0x0 0x3 0x64 0x6e 0x68 0x6f 0x4d 0x80 0x4f 0x80 0xa6 0x82 0xeb 0x7b 0x73 0x7d 0x0 0x0 0x42 0x67 0x1a 0x27 0x73 0xe7 0x15 0xee 0x0 0x0 0x0 0x0 0x0 0x0 0x0 0x80 0x0 0xa4 0xa4 0x0 0x4 0xb9 0x5 0x0 0x0
1787978767829,0x1 0x8a 0xd 0xae 0x66 0xb6 0x60 0xd 0x0 0x0 0xd 0x3c 0x5f 0x0 0x7e 0x18 0x30 0x18 0x73 0x0 0xe1 0x3 0xbf 0x3 0x0 0x28 0x65 0x0 0x0 0x81 0x0 0x87 0x0 0x57 0x0 0x58 0x0 0xa9 0xa9 0xa9 0xa9 0xa9 0xa9 0x27 0x3 0x35 0x3 0x2e 0x3 0x3a 0x3 0x26 0x3 0x30 0x3 0x31 0x3 0x3a 0x3 0x2f 0x0 0x3 0x63 0x6c 0x68 0x6f 0x4d 0x80 0x4f 0x80 0xa6 0x82 0xeb 0x7b 0x73 0x7d 0x0 0x0 0x1c 0x67 0xf4 0x26 0x73 0xe7 0x15 0xee 0x0 0x0 0x0 0x0 0x0 0x0 0x0 0x80 0x0 0xa4 0xa4 0x0 0x4 0xb9 0x5 0x0 0x0
1787978768053,0x1 0x8b 0xd 0xad 0x66 0xb6 0x60 0xd 0x0 0x0 0xd 0x3b 0x5b 0x0 0x4c 0x17 0xe1 0x17 0x73 0x0 0xe8 0x3 0xbf 0x3 0x0 0x28 0x65 0x0 0x0 0x7b 0x0 0x7e 0x0 0x57 0x0 0x57 0x0 0xaa 0xaa 0xaa 0xaa 0xaa 0xaa 0x2f 0x3 0x31 0x3 0x21 0x3 0x36 0x3 0x2f 0x3 0x38 0x3 0x21 0x3 0x2b 0x3 0x2f 0x0 0x3 0x62 0x6b 0x68 0x6f 0x4d 0x80 0x4f 0x80 0xa6 0x82 0xeb 0x7b 0x73 0x7d 0x0 0x0 0x2 0x67 0xda 0x26 0x73 0xe7 0x15 0xee 0x0 0x0 0x0 0x0 0x0 0x0 0x0 0x80 0x0 0xa4 0xa4 0x0 0x4 0xac 0x5 0x0 0x0
1787978768277,0x1 0x8b 0xd 0xad 0x66 0xb6 0x60 0xd 0x0 0x0 0xd 0x3d 0x60 0x0 0x68 0x18 0x16 0x18 0x73 0x0 0xef 0x3 0xbf 0x3 0x0 0x28 0x65 0x0 0x0 0x70 0x0 0x73 0x0 0x57 0x0 0x58 0x0 0xac 0xac 0xac 0xac 0xac 0xac 0x21 0x3 0x2e 0x3 0x24 0x3 0x2b 0x3 0x1f 0x3 0x2a 0x3 0x24 0x3 0x2f 0x3 0x2f 0x0 0x3 0x60 0x6a 0x68 0x6f 0x4d 0x80 0x4f 0x80 0xa6 0x82 0xeb 0x7b 0x73 0x7d 0x0 0x0 0xde 0x66 0xb6 0x26 0x73 0xe7 0x15 0xee 0x0 0x0 0x0 0x0 0x0 0x0 0x0 0x80 0x0 0xa4 0xa4 0x0 0x4 0xac 0x5 0x0 0x0
1787978768501,0x1 0x8a 0xd 0xad 0x66 0xb6 0x60 0xd 0x0 0x0 0xd 0x3c 0x60 0x0 0x55 0x18 0x73 0x18 0x73 0x0 0xf2 0x3 0xbf 0x3 0x0 0x28 0x65 0x0 0x0 0x50 0x0 0x68 0x0 0x57 0x0 0x57 0x0 0xae 0xae 0xae 0xae 0xae 0xae 0x2e 0x3 0x38 0x3 0x25 0x3 0x30 0x3 0x27 0x3 0x36 0x3 0x2d 0x3 0x38 0x3 0x2f 0x0 0x3 0x67 0x69 0x68 0x6f 0x4d 0x80 0x4f 0x80 0xa6 0x82 0xeb 0x7b 0x73 0x7d 0x0 0x0 0xba 0x66 0x92 0x26 0x73 0xe7 0x15 0xee 0x0 0x0 0x0 0x0 0x0 0x0 0x0 0x80 0x0 0xa4 0xa4 0x0 0x4 0xb9 0x5 0x0 0x0
1787978768724,0x1 0x8a 0xd 0xad 0x66 0xb6 0x60 0xd 0x0 0x0 0xd 0x3e 0x60 0x0 0xb9 0x18 0x78 0x18 0x73 0x0 0xe2 0x3 0xbf 0x3 0x0 0x28 0x65 0x0 0x0 0x2e 0x0 0x55 0x0 0x58 0x0 0x58 0x0 0xaa 0xaa 0xaa 0xaa 0xaa 0xaa 0x4b 0x3 0x2f 0x3 0x42 0x3 0x30 0x3 0x48 0x3 0x31 0x3 0x4b 0x3 0x34 0x3 0x2f 0x0 0x3 0x68 0x67 0x68 0x6f 0x4d 0x80 0x4f 0x80 0xa6 0x82 0xeb 0x7b 0x73 0x7d 0x0 0x0 0x9e 0x66 0x76 0x26 0x73 0xe7 0x15 0xee 0x0 0x0 0x0 0x0 0x0 0x0 0x0 0x80 0x0 0xa4 0xa4 0x0 0x4 0xb9 0x5 0x0 0x0
1787978768948,0x1 0x8b 0xd 0xad 0x67 0xb6 0x60 0xd 0x0 0x0 0xd 0x3c 0x5f 0x0 0x45 0x18 0x7f 0x18 0x73 0x0 0xea 0x3 0xbf 0x3 0x0 0x28 0x65 0x0 0x0 0x25 0x0 0x3a 0x0 0x57 0x0 0x58 0x0 0xac 0xac 0xac 0xac 0xac 0xac 0x4f 0x3 0x4c 0x3 0x4c 0x3 0x51 0x3 0x52 0x3 0x4f 0x3 0x4f 0x3 0x4f 0x3 0x2f 0x0 0x3 0x6a 0x70 0x68 0x70 0x4d 0x80 0x4f 0x80 0xa6 0x82 0xeb 0x7b 0x73 0x7d 0x0 0x0 0x80 0x66 0x58 0x26 0x73 0xe7 0x15 0xee 0x0 0x0 0x0 0x0 0x0 0x0 0x0 0x80 0x0 0xa4 0xa4 0x0 0x4 0xac 0x5 0x0 0x0
1787978769173,0x1 0x8b 0xd 0xad 0x67 0xb6 0x60 0xd 0x0 0x0 0xd 0x3d 0x5e 0x0 0xc7 0x17 0xfb 0x17 0x73 0x0 0xf4 0x3 0xba 0x3 0x0 0x28 0x65 0x0 0x0 0x25 0x0 0x2e 0x0 0x57 0x0 0x58 0x0 0xae 0xae 0xae 0xae 0xae 0xae 0x46 0x3 0x44 0x3 0x43 0x3 0x43 0x3 0x43 0x3 0x48 0x3 0x43 0x3 0x42 0x3 0x2f 0x0 0x3 0x6b 0x71 0x68 0x70 0x4d 0x80 0x4f 0x80 0xa6 0x82 0xeb 0x7b 0x73 0x7d 0x0 0x0 0x3e 0x65 0xf0 0x25 0x73 0xe7 0x15 0xee 0x0 0x0 0x0 0x0 0x0 0x0 0x0 0x80 0x0 0xa4 0xa4 0x0 0x4 0xac 0x5 0x0 0x0
1787978769395,0x1 0x8a 0xd 0xad 0x67 0xb6 0x60 0xd 0x0 0x0 0xd 0x3b 0x5c 0x0 0x69 0x17 0x1 0x18 0x73 0x0 0xee 0x3 0xba 0x3 0x0 0x28 0x65 0x0 0x0 0x27 0x0 0x2e 0x0 0x57 0x0 0x58 0x0 0xae 0xae 0xae 0xae 0xae 0xae 0x46 0x3 0x48 0x3 0x4a 0x3 0x4b 0x3 0x47 0x3 0x47 0x3 0x47 0x3 0x46 0x3 0x2f 0x0 0x3 0x6c 0x72 0x68 0x70 0x4d 0x80 0x4f 0x80 0xa6 0x82 0xeb 0x7b 0x73 0x7d 0x0 0x0 0xc 0x65 0xbe 0x25 0x73 0xe7 0x15 0xee 0x0 0x0 0x0 0x0 0x0 0x0 0x0 0x80 0x0 0xa4 0xa4 0x0 0x4 0xb9 0x5 0x0 0x0
1787978769620,0x1 0x8a 0xd 0xad 0x67 0xb6 0x60 0xd 0x0 0x0 0xd 0x3d 0x5f 0x0 0x58 0x18 0xe6 0x17 0x73 0x0 0xe7 0x3 0xba 0x3 0x0 0x28 0x65 0x0 0x0 0x29 0x0 0x2f 0x0 0x58 0x0 0x58 0x0 0xac 0xac 0xac 0xac 0xac 0xac 0x3b 0x3 0x3f 0x3 0x41 0x3 0x46 0x3 0x3b 0x3 0x3a 0x3 0x46 0x3 0x46 0x3 0x2f 0x0 0x3 0x6e 0x74 0x68 0x70 0x4d 0x80 0x4f 0x80 0xa6 0x82 0xeb 0x7b 0x73 0x7d 0x0 0x0 0xe0 0x64 0x92 0x25 0x73 0xe7 0x15 0xee 0x0 0x0 0x0 0x0 0x0 0x0 0x0 0x80 0x0 0xa4 0xa4 0x0 0x4 0xb9 0x5 0x0 0x0
1787978769843,0x1 0x8a 0xd 0xad 0x67 0xb6 0x60 0xd 0x0 0x0 0xd 0x3c 0x5c 0x0 0x69 0x17 0xf5 0x17 0x73 0x0 0xee 0x3 0xba 0x3 0x0 0x28 0x65 0x0 0x0 0x29 0x0 0x33 0x0 0x58 0x0 0x58 0x0 0xad 0xad 0xad 0xad 0xad 0xad 0x53 0x3 0x53 0x3 0x4c 0x3 0x54 0x3 0x55 0x3 0x56 0x3 0x4c 0x3 0x4b 0x3 0x2f 0x0 0x3 0x6f 0x75 0x68 0x70 0x4d 0x80 0x4f 0x80 0xa6 0x82 0xeb 0x7b 0x73 0x7d 0x0 0x0 0xc0 0x64 0x72 0x25 0x73 0xe7 0x15 0xee 0x0 0x0 0x0 0x0 0x0 0x0 0x0 0x80 0x0 0xa4 0xa4 0x0 0x4 0xb9 0x5 0x0 0x0
1787978770067,0x1 0x8b 0xd 0xad 0x67 0xb6 0x60 0xd 0x0 0x0 0xd 0x3b 0x5d 0x0 0x75 0x17 0xef 0x17 0x73 0x0 0xf7 0x3 0xba 0x3 0x0 0x28 0x65 0x0 0x0 0x2d 0x0 0x43 0x0 0x57 0x0 0x57 0x0 0xaf 0xaf 0xaf 0xaf 0xaf 0xaf 0x57 0x3 0x54 0x3 0x50 0x3 0x57 0x3 0x56 0x3 0x55 0x3 0x50 0x3 0x50 0x3 0x2f 0x0 0x3 0x70 0x76 0x68 0x70 0x4d 0x80 0x4f 0x80 0xa6 0x82 0xeb 0x7b 0x73 0x7d 0x0 0x0 0x8c 0x64 0x3e 0x25 0x73 0xe7 0x15 0xee 0x0 0x0 0x0 0x0 0x0 0x0 0x0 0x80 0x0 0xa4 0xa4 0x0 0x4 0xac 0x5 0x0 0x0
1787978770291,0x1 0x8b 0xd 0xad 0x67 0xb6 0x60 0xd 0x0 0x0 0xd 0x3e 0x5f 0x0 0x8 0x18 0xf0 0x17 0x73 0x0 0xf4 0x3 0xba 0x3 0x0 0x28 0x65 0x0 0x0 0x4d 0x0 0x68 0x0 0x57 0x0 0x57 0x0 0xaf 0xaf 0xaf 0xaf 0xaf 0xaf 0x53 0x3 0x55 0x3 0x50 0x3 0x52 0x3 0x56 0x3 0x54 0x3 0x54 0x3 0x55 0x3 0x2f 0x0 0x3 0x72 0x78 0x68 0x70 0x4d 0x80 0x4f 0x80 0xa6 0x82 0xeb 0x7b 0x73 0x7d 0x0 0x0 0x68 0x64 0x1a 0x25 0x73 0xe7 0x15 0xee 0x0 0x0 0x0 0x0 0x0 0x0 0x0 0x80 0x0 0xa4 0xa4 0x0 0x4 0xac 0x5 0x0 0x0
1787978770515,0x1 0x8a 0xd 0xac 0x67 0xb6 0x60 0xd 0x0 0x0 0xd 0x3b 0x5e 0x0 0xd3 0x17 0x39 0x18 0x73 0x0 0xf2 0x3 0xba 0x3 0x0 0x28 0x65 0x0 0x0 0x83 0x0 0x81 0x0 0x57 0x0 0x58 0x0 0xae 0xae 0xae 0xae 0xae 0xae 0x47 0x3 0x66 0x3 0x65 0x3 0x6a 0x3 0x52 0x3 0x63 0x3 0x47 0x3 0x60 0x3 0x2f 0x0 0x3 0x6a 0x78 0x69 0x70 0x4d 0x80 0x4f 0x80 0xa6 0x82 0xeb 0x7b 0x73 0x7d 0x0 0x0 0x3e 0x64 0xf0 0x24 0x73 0xe7 0x15 0xee 0x0 0x0 0x0 0x0 0x0 0x0 0x0 0x80 0x0 0xa4 0xa4 0x0 0x4 0xb9 0x5 0x0 0x0
1787978770739,0x1 0x8a 0xd 0xac 0x67 0xb6 0x60 0xd 0x0 0x0 0xd 0x3b 0x5f 0x0 0xea 0x17 0xbf 0x17 0x73 0x0 0xf9 0x3 0xba 0x3 0x0 0x28 0x65 0x0 0x0 0x97 0x0 0x91 0x0 0x58 0x0 0x58 0x0 0xaf 0xaf 0xaf 0xaf 0xaf 0xaf 0x35 0x3 0x36 0x3 0x30 0x3 0x32 0x3 0x32 0x3 0x33 0x3 0x32 0x3 0x33 0x3 0x2f 0x0 0x3 0x69 0x6f 0x69 0x70 0x4d 0x80 0x4f 0x80 0xa6 0x82 0xeb 0x7b 0x73 0x7d 0x0 0x0 0x8 0x64 0xba 0x24 0x73 0xe7 0x15 0xee 0x0 0x0 0x0 0x0 0x0 0x0 0x0 0x80 0x0 0xa4 0xa4 0x0 0x4 0xb9 0x5 0x0 0x0
1787978770963,0x1 0x8b 0xd 0xac 0x67 0xb6 0x60 0xd 0x0 0x0 0xd 0x3d 0x5f 0x0 0x4c 0x18 0xa1 0x17 0x73 0x0 0xe9 0x3 0xba 0x3 0x0 0x28 0x65 0x0 0x0 0x97 0x0 0x90 0x0 0x57 0x0 0x57 0x0 0xac 0xac 0xac 0xac 0xac 0xac 0x24 0x3 0x1f 0x3 0x1f 0x3 0x26 0x3 0x2a 0x3 0x28 0x3 0x2a 0x3 0x2b 0x3 0x2f 0x0 0x3 0x68 0x6e 0x69 0x70 0x4d 0x80 0x4f 0x80 0xa6 0x82 0xeb 0x7b 0x73 0x7d 0x0 0x0 0xe0 0x63 0x92 0x24 0x73 0xe7 0x15 0xee 0x0 0x0 0x0 0x0 0x0 0x0 0x0 0x80 0x0 0xa4 0xa4 0x0 0x4 0xac 0x5 0x0 0x0
1787978771187,0x1 0x8c 0xd 0xac 0x67 0xb6 0x60 0xd 0x0 0x0 0xd 0x3d 0x5f 0x0 0x33 0x18 0xd7 0x17 0x73 0x0 0xed 0x3 0xba 0x3 0x0 0x28 0x65 0x0 0x0 0x8d 0x0 0x84 0x0 0x57 0x0 0x58 0x0 0xae 0xae 0xae 0xae 0xae 0xae 0x2f 0x3 0x30 0x3 0x2a 0x3 0x2b 0x3 0x2d 0x3 0x35 0x3 0x2d 0x3 0x2e 0x3 0x2f 0x0 0x3 0x66 0x6d 0x69 0x70 0x4d 0x80 0x4f 0x80 0xa6 0x82 0xeb 0x7b 0x73 0x7d 0x0 0x0 0xb4 0x63 0x66 0x24 0x73 0xe7 0x15 0xee 0x0 0x0 0x0 0x0 0x0 0x0 0x0 0x80 0x0 0xa4 0xa4 0x0 0x4 0x9f 0x5 0x0 0x0
1787978771411,0x1 0x8a 0xd 0xac 0x67 0xb6 0x60 0xd 0x0 0x0 0xd 0x3c 0x5e 0x0 0x4 0x18 0xf4 0x17 0x73 0x0 0xea 0x3 0xba 0x3 0x0 0x28 0x65 0x0 0x0 0x7f 0x0 0x7a 0x0 0x58 0x0 0x58 0x0 0xac 0xac 0xac 0xac 0xac 0xac 0x2f 0x3 0x2e 0x3 0x2c 0x3 0x2e 0x3 0x34 0x3 0x32 0x3 0x2c 0x3 0x2e 0x3 0x2f 0x0 0x3 0x65 0x6b 0x69 0x70 0x4d 0x80 0x4f 0x80 0xa6 0x82 0xeb 0x7b 0x71 0x7b 0x0 0x0 0x92 0x63 0x44 0x24 0x73 0xe7 0x15 0xee 0x0 0x0 0x0 0x0 0x0 0x0 0x0 0x80 0x0 0xa4 0xa4 0x0 0x4 0xb9 0x5 0x0 0x0
1787978771651,0x1 0x8a 0xd 0xac 0x67 0xb6 0x60 0xd 0x0 0x0 0xd 0x3d 0x5f 0x0 0x1a 0x18 0xcc 0x17 0x73 0x0 0xf1 0x3 0xba 0x3 0x0 0x28 0x65 0x0 0x0 0x74 0x0 0x74 0x0 0x58 0x0 0x57 0x0 0xae 0xae 0xae 0xae 0xae 0xae 0x20 0x3 0x22 0x3 0x24 0x3 0x29 0x3 0x25 0x3 0x22 0x3 0x24 0x3 0x25 0x3 0x2f 0x0 0x3 0x64 0x6a 0x69 0x70 0x4d 0x80 0x4f 0x80 0xa6 0x82 0xeb 0x7b 0x71 0x7b 0x0 0x0 0x68 0x63 0x1a 0x24 0x73 0xe7 0x15 0xee 0x0 0x0 0x0 0x0 0x0 0x0 0x0 0x80 0x0 0xa4 0xa4 0x0 0x4 0xb9 0x5 0x0 0x0
1787978771875,0x1 0x8b 0xd 0xac 0x67 0xb6 0x60 0xd 0x0 0x0 0xd 0x3c 0x5e 0x0 0x36 0x18 0x44 0x18 0x73 0x0 0xe2 0x3 0xba 0x3 0x0 0x28 0x65 0x0 0x0 0x5f 0x0 0x65 0x0 0x58 0x0 0x57 0x0 0xaa 0xaa 0xaa 0xaa 0xaa 0xaa 0x32 0x3 0x32 0x3 0x2f 0x3 0x35 0x3 0x31 0x3 0x33 0x3 0x2f 0x3 0x2f 0x3 0x2f 0x0 0x3 0x62 0x69 0x69 0x70 0x4d 0x80 0x4f 0x80 0xa6 0x82 0xeb 0x7b 0x71 0x7b 0x0 0x0 0x44 0x62 0xf6 0x23 0x73 0xe7 0x15 0xee 0x0 0x0 0x0 0x0 0x0 0x0 0x0 0x80 0x0 0xa4 0xa4 0x0 0x4 0xac 0x5 0x0 0x0
1787978772099,0x1 0x8a 0xd 0xac 0x67 0xb6 0x60 0xd 0x0 0x0 0xd 0x3c 0x5d 0x0 0xf4 0x17 0x1d 0x18 0x73 0x0 0xe2 0x3 0xba 0x3 0x0 0x28 0x65 0x0 0x0 0x3c 0x0 0x3b 0x0 0x57 0x0 0x58 0x0 0xab 0xab 0xab 0xab 0xab 0xab 0x44 0x3 0x43 0x3 0x37 0x3 0x21 0x3 0x3e 0x3 0x42 0x3 0x42 0x3 0x43 0x3 0x2f 0x0 0x3 0x6a 0x70 0x6a 0x70 0x4d 0x80 0x4f 0x80 0xa6 0x82 0xeb 0x7b 0x71 0x7b 0x0 0x0 0x22 0x62 0xd4 0x23 0x73 0xe7 0x15 0xee 0x0 0x0 0x0 0x0 0x0 0x0 0x0 0x80 0x0 0xa4 0xa4 0x0 0x4 0xb9 0x5 0x0 0x0
1787978772322,0x1 0x8a 0xd 0xac 0x67 0xb6 0x60 0xd 0x0 0x0 0xd 0x3c 0x5e 0x0 0xe6 0x17 0xdd 0x17 0x73 0x0 0xef 0x3 0xba 0x3 0x0 0x28 0x65 0x0 0x0 0x29 0x0 0x2c 0x0 0x58 0x0 0x57 0x0 0xae 0xae 0xae 0xae 0xae 0xae 0x3c 0x3 0x45 0x3 0x3f 0x3 0x3d 0x3 0x3d 0x3 0x3d 0x3 0x3c 0x3 0x3d 0x3 0x2f 0x0 0x3 0x6b 0x72 0x6a 0x70 0x4d 0x80 0x4f 0x80 0xa6 0x82 0xeb 0x7b 0x73 0x7d 0x0 0x0 0x4 0x63 0xb6 0x23 0x73 0xe7 0x15 0xee 0x0 0x0 0x0 0x0 0x0 0x0 0x0 0x80 0x0 0xa4 0xa4 0x0 0x4 0xb9 0x5 0x0 0x0
1787978772547,0x1 0x8b 0xd 0xac 0x67 0xb6 0x60 0xd 0x0 0x0 0xd 0x3c 0x5e 0x0 0x4 0x18 0xd2 0x17 0x73 0x0 0xea 0x3 0xba 0x3 0x0 0x28 0x65 0x0 0x0 0x25 0x0 0x2b 0x0 0x57 0x0 0x57 0x0 0xac 0xac 0xac 0xac 0xac 0xac 0x40 0x3 0x3f 0x3 0x3c 0x3 0x3c 0x3 0x3d 0x3 0x3d 0x3 0x40 0x3 0x40 0x3 0x2f 0x0 0x3 0x6d 0x73 0x6a 0x70 0x4d 0x80 0x4f 0x80 0xa6 0x82 0xeb 0x7b 0x73 0x7d 0x0 0x0 0xd6 0x62 0x88 0x23 0x73 0xe7 0x15 0xee 0x0 0x0 0x0 0x0 0x0 0x0 0x0 0x80 0x0 0xa4 0xa4 0x0 0x4 0xac 0x5 0x0 0x0
1787978772770,0x1 0x8b 0xd 0xac 0x67 0xb6 0x60 0xd 0x0 0x0 0xd 0x3b 0x5d 0x0 0xdb 0x17 0xf9 0x17 0x73 0x0 0xe6 0x3 0xba 0x3 0x0 0x28 0x65 0x0 0x0 0x25 0x0 0x29 0x0 0x58 0x0 0x58 0x0 0xac 0xac 0xac 0xac 0xac 0xac 0x48 0x3 0x49 0x3 0x47 0x3 0x49 0x3 0x4b 0x3 0x4a 0x3 0x4a 0x3 0x4a 0x3 0x2f 0x0 0x3 0x6e 0x74 0x6a 0x70 0x4d 0x80 0x4f 0x80 0xa6 0x82 0xeb 0x7b 0x73 0x7d 0x0 0x0 0xb8 0x62 0x6a 0x23 0x73 0xe7 0x15 0xee 0x0 0x0 0x0 0x0 0x0 0x0 0x0 0x80 0x0 0xa4 0xa4 0x0 0x4 0xac 0x5 0x0 0x0
1787978772995,0x1 0x8b 0xd 0xab 0x68 0xb6 0x60 0xd 0x0 0x0 0xd 0x3d 0x60 0x0 0x7a 0x18 0x12 0x18 0x73 0x0 0xec 0x3 0xba 0x3 0x0 0x28 0x65 0x0 0x0 0x25 0x0 0x29 0x0 0x57 0x0 0x57 0x0 0xae 0xae 0xae 0xae 0xae 0xae 0x48 0x3 0x46 0x3 0x48 0x3 0x4e 0x3 0x52 0x3 0x46 0x3 0x52 0x3 0x53 0x3 0x2f 0x0 0x3 0x6f 0x76 0x6a 0x70 0x4d 0x80 0x4f 0x80 0xa6 0x82 0xeb 0x7b 0x73 0x7d 0x0 0x0 0x92 0x62 0x44 0x23 0x73 0xe7 0x15 0xee 0x0 0x0 0x0 0x0 0x0 0x0 0x0 0x80 0x0 0xa4 0xa4 0x0 0x4 0xac 0x5 0x0 0x0
1787978773219,0x1 0x8a 0xd 0xab 0x68 0xb6 0x60 0xd 0x0 0x0 0xd 0x3a 0x5b 0x0 0x88 0x17 0xb1 0x17 0x73 0x0 0xde 0x3 0xb6 0x3 0x0 0x28 0x65 0x1 0x0 0x27 0x0 0x2a 0x0 0x57 0x0 0x58 0x0 0xab 0xab 0xab 0xab 0xab 0xab 0x4e 0x3 0x4d 0x3 0x4d 0x3 0x4b 0x3 0x49 0x3 0x51 0x3 0x49 0x3 0x4a 0x3 0x30 0x0 0x3 0x71 0x77 0x6a 0x70 0x4d 0x80 0x4f 0x80 0xa6 0x82 0xeb 0x7b 0x73 0x7d 0x0 0x0 0x91 0x60 0x1e 0x23 0x73 0xe7 0x15 0xee 0x0 0x0 0x0 0x0 0x0 0x0 0x0 0x80 0x0 0xa4 0xa4 0x0 0x4 0xb9 0x5 0x0 0x0
1787978773442,0x1 0x8a 0xd 0xab 0x68 0xb6 0x60 0xd 0x0 0x0 0xd 0x3c 0x5b 0x0 0xf8 0x17 0xfc 0x17 0x73 0x0 0xcc 0x3 0xb6 0x3 0x0 0x28 0x65 0x1 0x0 0x29 0x0 0x2b 0x0 0x58 0x0 0x58 0x0 0xa6 0xa6 0xa6 0xa6 0xa6 0xa6 0x56 0x3 0x57 0x3 0x57 0x3 0x4e 0x3 0x50 0x3 0x53 0x3 0x57 0x3 0x58 0x3 0x30 0x0 0x3 0x72 0x78 0x6a 0x70 0x4d 0x80 0x4f 0x80 0xa6 0x82 0xeb 0x7b 0x73 0x7d 0x0 0x0 0x7b 0x60 0x8 0x23 0x73 0xe7 0x15 0xee 0x0 0x0 0x0 0x0 0x0 0x0 0x0 0x80 0x0 0xa4 0xa4 0x0 0x4 0xb9 0x5 0x0 0x0
1787978773666,0x1 0x8b 0xd 0xab 0x68 0xb6 0x60 0xd 0x0 0x0 0xd 0x40 0x66 0x0 0xc 0x1d 0xf 0x1b 0x73 0x0 0x83 0x3 0x71 0x3 0x0 0x28 0x65 0x1 0x0 0x39 0x0 0x2d 0x0 0x58 0x0 0x57 0x0 0xa4 0xa4 0xa4 0xa4 0xa4 0xa4 0x72 0x4 0xa3 0x4 0xb9 0x3 0xb 0x4 0x49 0x4 0x3b 0x4 0xa2 0x4 0xa3 0x4 0x31 0x0 0x3 0x73 0x7a 0x6a 0x70 0x4d 0x80 0x4f 0x80 0xa6 0x82 0xeb 0x7b 0x73 0x7d 0x0 0x0 0xf1 0x86 0xfa 0x22 0x73 0xe7 0x15 0xee 0x0 0x0 0x0 0x0 0xe0 0x0 0x0 0x80 0x0 0xa4 0xa4 0x0 0x4 0xac 0x5 0x0 0x0
1787978773890,0x1 0x8b 0xd 0xab 0x68 0xb6 0x60 0xd 0x0 0x0 0xd 0x3e 0x62 0x0 0x41 0x1c 0x78 0x1c 0x73 0x0 0x78 0x3 0x52 0x3 0x0 0x28 0x65 0x1 0x0 0x7f 0x0 0x4d 0x0 0x58 0x0 0x58 0x0 0xaa 0xaa 0xaa 0xaa 0xaa 0xaa 0xb8 0x4 0xc7 0x4 0xc0 0x4 0xc0 0x4 0xb2 0x4 0xa6 0x4 0x82 0x4 0xa6 0x4 0x31 0x0 0x3 0x6d 0x7b 0x6b 0x70 0x4d 0x80 0x4f 0x80 0xa6 0x82 0xeb 0x7b 0x73 0x7d 0x0 0x0 0x5d 0x76 0xe6 0x22 0x73 0xe7 0x15 0xee 0x0 0x0 0x0 0x0 0xc8 0x0 0x0 0x80 0x0 0xa4 0xa4 0x0 0x4 0xac 0x5 0x0 0x0
1787978774114,0x1 0x89 0xd 0xab 0x68 0xb6 0x60 0xd 0x0 0x0 0xd 0x3d 0x5e 0x0 0x94 0x1c 0xe1 0x1c 0x73 0x0 0x4a 0x3 0x52 0x3 0x0 0x28 0x65 0x1 0x0 0xa7 0x0 0xa1 0x0 0x57 0x0 0x58 0x0 0x99 0x99 0x99 0x99 0x99 0x99 0x94 0x4 0xc3 0x4 0x82 0x4 0xe0 0x4 0xa2 0x4 0xc5 0x4 0x82 0x4 0xad 0x4 0x31 0x0 0x3 0x6b 0x7b 0x6b 0x70 0x4d 0x80 0x4f 0x80 0xa6 0x82 0xeb 0x7b 0x73 0x7d 0x0 0x0 0x1b 0x70 0xe4 0x22 0x73 0xe7 0x15 0xee 0x0 0x0 0x0 0x0 0x67 0x0 0x0 0x80 0x0 0xa4 0xa4 0x0 0x4 0xcb 0x5 0x0 0x0
1787978774338,0x1 0x8a 0xd 0xab 0x68 0xb6 0x60 0xd 0x0 0x0 0xd 0x3e 0x61 0x0 0xeb 0x1d 0x64 0x1d 0x73 0x0 0x3e 0x3 0x52 0x3 0x0 0x28 0x65 0x1 0x0 0xa8 0x0 0xa2 0x0 0x57 0x0 0x58 0x0 0x92 0x92 0x92 0x92 0x92 0x92 0xa8 0x4 0xab 0x4 0xa6 0x4 0xb5 0x4 0x95 0x4 0x9a 0x4 0xa8 0x4 0xb3 0x4 0x31 0x0 0x3 0x6a 0x72 0x6b 0x72 0x4d 0x80 0x4f 0x80 0xa6 0x82 0xeb 0x7b 0x73 0x7d 0x0 0x0 0x67 0x70 0x30 0x23 0x73 0xe7 0x15 0xee 0x0 0x0 0x0 0x0 0x18 0x0 0x0 0x80 0x0 0xa4 0xa4 0x0 0x4 0xb9 0x5 0x0 0x0
1787978774562,0x1 0x8b 0xd 0xab 0x68 0xb6 0x60 0xd 0x0 0x0 0xd 0x3c 0x60 0x0 0x4b 0x1d 0x8a 0x1d 0x73 0x0 0x47 0x3 0x52 0x3 0x0 0x28 0x65 0x1 0x0 0xa6 0x0 0xa1 0x0 0x58 0x0 0x58 0x0 0x97 0x97 0x97 0x97 0x97 0x97 0x92 0x4 0xa8 0x4 0x93 0x4 0x91 0x4 0x8e 0x4 0x92 0x4 0x88 0x4 0x91 0x4 0x31 0x0 0x3 0x69 0x71 0x6b 0x72 0x4d 0x80 0x4f 0x80 0xa6 0x82 0xeb 0x7b 0x73 0x7d 0x0 0x0 0x9f 0x70 0x68 0x23 0x73 0xe7 0x15 0xee 0x0 0x0 0x0 0x0 0x0 0x0 0x0 0x80 0x0 0xa4 0xa4 0x0 0x4 0xac 0x5 0x0 0x0
1787978774786,0x1 0x8b 0xd 0xab 0x68 0xb6 0x60 0xd 0x0 0x0 0xd 0x3c 0x5f 0x0 0xa5 0x1c 0xe3 0x1c 0x73 0x0 0x51 0x3 0x52 0x3 0x0 0x28 0x65 0x1 0x0 0xa4 0x0 0x9f 0x0 0x58 0x0 0x57 0x0 0x9e 0x9e 0x9e 0x9e 0x9e 0x9e 0x4b 0x4 0x68 0x4 0x55 0x4 0x60 0x4 0x5a 0x4 0x5e 0x4 0x4b 0x4 0x54 0x4 0x31 0x0 0x3 0x67 0x70 0x6b 0x72 0x4d 0x80 0x4f 0x80 0xa6 0x82 0xeb 0x7b 0x73 0x7d 0x0 0x0 0xb5 0x70 0x7e 0x23 0x73 0xe7 0x15 0xee 0x0 0x0 0x0 0x0 0xa 0x0 0x0 0x80 0x0 0xa4 0xa4 0x0 0x4 0xac 0x5 0x0 0x0
1787978775011,0x1 0x8a 0xd 0xaa 0x68 0xb6 0x60 0xd 0x0 0x0 0xd 0x3c 0x5f 0x0 0xeb 0x1c 0x13 0x1d 0x73 0x0 0x49 0x3 0x52 0x3 0x0 0x28 0x65 0x1 0x0 0xa0 0x0 0x9b 0x0 0x57 0x0 0x58 0x0 0x98 0x98 0x98 0x98 0x98 0x98 0x2f 0x4 0x45 0x4 0x4f 0x4 0x5f 0x4 0x42 0x4 0x42 0x4 0x42 0x4 0x4d 0x4 0x31 0x0 0x3 0x66 0x6e 0x6b 0x72 0x4d 0x80 0x4f 0x80 0xa6 0x82 0xeb 0x7b 0x73 0x7d 0x0 0x0 0xcd 0x70 0x96 0x23 0x73 0xe7 0x15 0xee 0x0 0x0 0x0 0x0 0x18 0x0 0x0 0x80 0x0 0xa4 0xa4 0x0 0x4 0xb9 0x5 0x0 0x0
1787978775235,0x1 0x8a 0xd 0xaa 0x68 0xb6 0x60 0xd 0x0 0x0 0xd 0x3d 0x61 0x0 0x5a 0x1d 0x40 0x1d 0x73 0x0 0x4e 0x3 0x52 0x3 0x0 0x28 0x65 0x1 0x0 0x98 0x0 0x96 0x0 0x57 0x0 0x57 0x0 0x9c 0x9c 0x9c 0x9c 0x9c 0x9c 0x3c 0x4 0x44 0x4 0x3d 0x4 0x46 0x4 0x3b 0x4 0x48 0x4 0x3b 0x4 0x44 0x4 0x31 0x0 0x3 0x65 0x6d 0x6b 0x72 0x4d 0x80 0x4f 0x80 0xa6 0x82 0xeb 0x7b 0x73 0x7d 0x0 0x0 0xed 0x70 0xb6 0x23 0x73 0xe7 0x15 0xee 0x0 0x0 0x0 0x0 0x23 0x0 0x0 0x80 0x0 0xa4 0xa4 0x0 0x4 0xb9 0x5 0x0 0x0
1787978775459,0x1 0x8b 0xd 0xaa 0x68 0xb6 0x60 0xd 0x0 0x0 0xd 0x3d 0x62 0x0 0x3a 0x1e 0xb8 0x1d 0x73 0x0 0x3e 0x3 0x52 0x3 0x0 0x28 0x65 0x1 0x0 0x90 0x0 0x92 0x0 0x58 0x0 0x58 0x0 0x92 0x92 0x92 0x92 0x92 0x92 0x36 0x4 0x42 0x4 0x46 0x4 0x44 0x4 0x42 0x4 0x52 0x4 0x48 0x4 0x52 0x4 0x31 0x0 0x3 0x63 0x6c 0x6b 0x72 0x4d 0x80 0x4f 0x80 0xa6 0x82 0xeb 0x7b 0x73 0x7d 0x0 0x0 0x23 0x76 0xec 0x23 0x73 0xe7 0x15 0xee 0x0 0x0 0x0 0x0 0x28 0x0 0x0 0x80 0x0 0xa4 0xa4 0x0 0x4 0xac 0x5 0x0 0x0
1787978775683,0x1 0x8b 0xd 0xaa 0x68 0xb6 0x60 0xd 0x0 0x0 0xd 0x3e 0x61 0x0 0x5b 0x1e 0x31 0x1e 0x73 0x0 0x32 0x3 0x52 0x3 0x0 0x28 0x65 0x1 0x0 0x86 0x0 0x8a 0x0 0x58 0x0 0x58 0x0 0x8f 0x8f 0x8f 0x8f 0x8f 0x8f 0x4f 0x4 0x56 0x4 0x4b 0x4 0x4a 0x4 0x49 0x4 0x51 0x4 0x4b 0x4 0x55 0x4 0x31 0x0 0x3 0x62 0x6a 0x6b 0x72 0x4d 0x80 0x4f 0x80 0xa6 0x82 0xeb 0x7b 0x73 0x7d 0x0 0x0 0xa3 0x77 0x6c 0x25 0x73 0xe7 0x15 0xee 0x0 0x0 0x0 0x0 0x24 0x0 0x0 0x80 0x0 0xa4 0xa4 0x0 0x4 0xac 0x5 0x0 0x0
1787978775907,0x1 0x8a 0xd 0xaa 0x68 0xb6 0x60 0xd 0x0 0x0 0xd 0x3e 0x60 0x0 0x44 0x1e 0x2d 0x1e 0x73 0x0 0x2c 0x3 0x52 0x3 0x0 0x28 0x65 0x1 0x0 0x68 0x0 0x80 0x0 0x57 0x0 0x58 0x0 0x8d 0x8d 0x8d 0x8d 0x8d 0x8d 0x48 0x4 0x48 0x4 0x33 0x4 0x43 0x4 0x3b 0x4 0x44 0x4 0x39 0x4 0x44 0x4 0x31 0x0 0x3 0x61 0x69 0x6b 0x72 0x4d 0x80 0x4f 0x80 0xa6 0x82 0xeb 0x7b 0x73 0x7d 0x0 0x0 0x2d 0x78 0xf6 0x25 0x73 0xe7 0x15 0xee 0x0 0x0 0x0 0x0 0x1d 0x0 0x0 0x80 0x0 0xa4 0xa4 0x0 0x4 0xb9 0x5 0x0 0x0
1787978776130,0x1 0x89 0xd 0xaa 0x68 0xb6 0x60 0xd 0x0 0x0 0xd 0x3d 0x5f 0x0 0x97 0x1e 0xad 0x1e 0x73 0x0 0x1b 0x3 0x52 0x3 0x0 0x28 0x65 0x1 0x0 0x41 0x0 0x6e 0x0 0x58 0x0 0x58 0x0 0x8b 0x8b 0x8b 0x8b 0x8b 0x8b 0x6a 0x4 0x49 0x4 0x62 0x4 0x4b 0x4 0x44 0x4 0x50 0x4 0x62 0x4 0x47 0x4 0x31 0x0 0x3 0x68 0x68 0x6a 0x72 0x4d 0x80 0x4f 0x80 0xa6 0x82 0xeb 0x7b 0x73 0x7d 0x0 0x0 0x41 0x7b 0xa 0x29 0x73 0xe7 0x15 0xee 0x0 0x0 0x0 0x0 0x1d 0x0 0x0 0x80 0x0 0xa4 0xa4 0x0 0x4 0xcb 0x5 0x0 0x0
1787978776353,0x1 0x8b 0xd 0xaa 0x68 0xb6 0x60 0xd 0x0 0x0 0xd 0x3e 0x62 0x0 0x3e 0x1f 0x1a 0x1f 0x73 0x0 0x23 0x3 0x52 0x3 0x0 0x28 0x65 0x1 0x0 0x26 0x0 0x4d 0x0 0x57 0x0 0x58 0x0 0x8c 0x8c 0x8c 0x8c 0x8c 0x8c 0x71 0x4 0x4b 0x4 0x6b 0x4 0x48 0x4 0x71 0x4 0x6e 0x4 0x72 0x4 0x6e 0x4 0x31 0x0 0x3 0x69 0x6f 0x6a 0x71 0x4d 0x80 0x4f 0x80 0xa6 0x82 0xeb 0x7b 0x73 0x7d 0x0 0x0 0x13 0x7b 0xdc 0x28 0x73 0xe7 0x15 0xee 0x0 0x0 0x0 0x0 0x22 0x0 0x0 0x80 0x0 0xa4 0xa4 0x0 0x4 0xac 0x5 0x0 0x0
1787978776577,0x1 0x8a 0xd 0xaa 0x68 0xb6 0x60 0xd 0x0 0x0 0xd 0x3d 0x60 0x0 0x4e 0x1e 0xb9 0x1e 0x73 0x0 0x2b 0x3 0x52 0x3 0x0 0x28 0x65 0x1 0x0 0x1e 0x0 0x2a 0x0 0x57 0x0 0x58 0x0 0x8e 0x8e 0x8e 0x8e 0x8e 0x8e 0x66 0x4 0x60 0x4 0x5e 0x4 0x69 0x4 0x6e 0x4 0x67 0x4 0x5e 0x4 0x5b 0x4 0x31 0x0 0x3 0x6b 0x70 0x6a 0x71 0x4d 0x80 0x4f 0x80 0xa6 0x82 0xeb 0x7b 0x73 0x7d 0x0 0x0 0x87 0x7a 0x50 0x28 0x73 0xe7 0x15 0xee 0x0 0x0 0x0 0x0 0x29 0x0 0x0 0x80 0x0 0xa4 0xa4 0x0 0x4 0xb9 0x5 0x0 0x0
1787978776801,0x1 0x8a 0xd 0xaa 0x68 0xb6 0x60 0xd 0x0 0x0 0xd 0x3e 0x60 0x0 0x6f 0x1d 0xe9 0x1d 0x73 0x0 0x43 0x3 0x52 0x3 0x0 0x28 0x65 0x1 0x0 0x1e 0x0 0x23 0x0 0x57 0x0 0x57 0x0 0x94 0x94 0x94 0x94 0x94 0x94 0x52 0x4 0x4d 0x4 0x50 0x4 0x49 0x4 0x41 0x4 0x39 0x4 0x3d 0x4 0x39 0x4 0x31 0x0 0x3 0x6c 0x71 0x6a 0x71 0x4d 0x80 0x4f 0x80 0xa6 0x82 0xeb 0x7b 0x73 0x7d 0x0 0x0 0xa5 0x79 0x6e 0x27 0x73 0xe7 0x15 0xee 0x0 0x0 0x0 0x0 0x30 0x0 0x0 0x80 0x0 0xa4 0xa4 0x0 0x4 0xb9 0x5 0x0 0x0
1787978777026,0x1 0x8a 0xd 0xaa 0x69 0xb6 0x60 0xd 0x0 0x0 0xd 0x3d 0x62 0x0 0x8d 0x1d 0x7c 0x1d 0x73 0x0 0x51 0x3 0x4e 0x3 0x0 0x28 0x65 0x1 0x0 0x1f 0x0 0x22 0x0 0x57 0x0 0x58 0x0 0xa1 0xa1 0xa1 0xa1 0xa1 0xa1 0x2f 0x4 0x2d 0x4 0x2c 0x4 0x2b 0x4 0x35 0x4 0x31 0x4 0x30 0x4 0x2b 0x4 0x31 0x0 0x3 0x6d 0x73 0x6a 0x71 0x4d 0x80 0x4f 0x80 0xa6 0x82 0xeb 0x7b 0x73 0x7d 0x0 0x0 0xbb 0x74 0x84 0x27 0x73 0xe7 0x15 0xee 0x0 0x0 0x0 0x0 0x39 0x0 0x0 0x80 0x0 0xa4 0xa4 0x0 0x4 0xb9 0x5 0x0 0x0
1787978777249,0x1 0x8b 0xd 0xaa 0x69 0xb6 0x60 0xd 0x0 0x0 0xd 0x3e 0x61 0x0 0x75 0x1d 0x2b 0x1d 0x73 0x0 0x4b 0x3 0x4e 0x3 0x0 0x28 0x65 0x1 0x0 0x1f 0x0 0x22 0x0 0x57 0x0 0x58 0x0 0x9e 0x9e 0x9e 0x9e 0x9e 0x9e 0x26 0x4 0x24 0x4 0x22 0x4 0x20 0x4 0x24 0x4 0x1d 0x4 0x26 0x4 0x23 0x4 0x31 0x0 0x3 0x6f 0x74 0x6a 0x71 0x4d 0x80 0x4f 0x80 0xa6 0x82 0xeb 0x7b 0x73 0x7d 0x0 0x0 0x6 0x74 0x8c 0x27 0x73 0xe7 0x15 0xee 0x0 0x0 0x0 0x0 0x3b 0x0 0x0 0x80 0x0 0xa4 0xa4 0x0 0x4 0xac 0x5 0x0 0x0
1787978777474,0x1 0x8b 0xd 0xaa 0x69 0xb6 0x60 0xd 0x0 0x0 0xd 0x3d 0x61 0x0 0xcf 0x1d 0xcf 0x1d 0x73 0x0 0x41 0x3 0x4e 0x3 0x0 0x28 0x65 0x1 0x0 0x1f 0x0 0x22 0x0 0x58 0x0 0x58 0x0 0x97 0x97 0x97 0x97 0x97 0x97 0x34 0x4 0x33 0x4 0x3d 0x4 0x3f 0x4 0x42 0x4 0x29 0x4 0x42 0x4 0x3f 0x4 0x31 0x0 0x3 0x70 0x75 0x6a 0x71 0x4d 0x80 0x4f 0x80 0xa6 0x82 0xeb 0x7b 0x73 0x7d 0x0 0x0 0x28 0x79 0xae 0x27 0x73 0xe7 0x15 0xee 0x0 0x0 0x0 0x0 0x3c 0x0 0x0 0x80 0x0 0xa4 0xa4 0x0 0x4 0xac 0x5 0x0 0x0
1787978777698,0x1 0x8a 0xd 0xaa 0x69 0xb6 0x60 0xd 0x0 0x0 0xd 0x3d 0x60 0x0 0x8a 0x1d 0xc1 0x1d 0x73 0x0 0x40 0x3 0x4e 0x3 0x0 0x28 0x65 0x1 0x0 0x1f 0x0 0x22 0x0 0x57 0x0 0x57 0x0 0x96 0x96 0x96 0x96 0x96 0x96 0x42 0x4 0x3d 0x4 0x3a 0x4 0x41 0x4 0x48 0x4 0x42 0x4 0x40 0x4 0x3d 0x4 0x31 0x0 0x3 0x71 0x77 0x6a 0x71 0x4d 0x80 0x4f 0x80 0xa6 0x82 0xeb 0x7b 0x73 0x7d 0x0 0x0 0x54 0x79 0xda 0x27 0x73 0xe7 0x15 0xee 0x0 0x0 0x0 0x0 0x3b 0x0 0x0 0x80 0x0 0xa4 0xa4 0x0 0x4 0xb9 0x5 0x0 0x0
1787978777922,0x1 0x8a 0xd 0xa9 0x69 0xb6 0x60 0xd 0x0 0x0 0xd 0x3d 0x60 0x0 0x28 0x1e 0xe 0x1e 0x73 0x0 0x2f 0x3 0x4e 0x3 0x0 0x28 0x65 0x1 0x0 0x20 0x0 0x24 0x0 0x58 0x0 0x58 0x0 0x90 0x90 0x90 0x90 0x90 0x90 0x4f 0x4 0x4c 0x4 0x4f 0x4 0x4d 0x4 0x52 0x4 0x4c 0x4 0x52 0x4 0x4e 0x4 0x31 0x0 0x3 0x73 0x78 0x6a 0x71 0x4d 0x80 0x4f 0x80 0xa6 0x82 0xeb 0x7b 0x73 0x7d 0x0 0x0 0xbe 0x7a 0x44 0x29 0x73 0xe7 0x15 0xee 0x0 0x0 0x0 0x0 0x33 0x0 0x0 0x80 0x0 0xa4 0xa4 0x0 0x4 0xb9 0x5 0x0 0x0
1787978778146,0x1 0x8a 0xd 0xa9 0x69 0xb6 0x60 0xd 0x0 0x0 0xd 0x3d 0x5f 0x0 0x84 0x1d 0xe 0x1e 0x73 0x0 0x38 0x3 0x4e 0x3 0x0 0x28 0x65 0x1 0x0 0x21 0x0 0x25 0x0 0x58 0x0 0x58 0x0 0x92 0x92 0x92 0x92 0x92 0x92 0x57 0x4 0x4e 0x4 0x5f 0x4 0x5b 0x4 0x62 0x4 0x58 0x4 0x51 0x4 0x4e 0x4 0x31 0x0 0x3 0x74 0x79 0x6a 0x71 0x4d 0x80 0x4f 0x80 0xa6 0x82 0xeb 0x7b 0x73 0x7d 0x0 0x0 0xc2 0x6f 0x88 0x28 0x73 0xe7 0x15 0xee 0x0 0x0 0x0 0x0 0x2c 0x0 0x0 0x80 0x0 0xa4 0xa4 0x0 0x4 0xb9 0x5 0x0 0x0
1787978778370,0x1 0x8b 0xd 0xa9 0x69 0xb6 0x60 0xd 0x0 0x0 0xd 0x3c 0x60 0x0 0x8a 0x1d 0x5a 0x1d 0x73 0x0 0x40 0x3 0x4e 0x3 0x0 0x28 0x65 0x1 0x0 0x22 0x0 0x26 0x0 0x58 0x0 0x58 0x0 0x96 0x96 0x96 0x96 0x96 0x96 0x31 0x4 0x2b 0x4 0x31 0x4 0x30 0x4 0x37 0x4 0x36 0x4 0x38 0x4 0x36 0x4 0x31 0x0 0x3 0x75 0x7b 0x6a 0x71 0x4d 0x80 0x4f 0x80 0xa6 0x82 0xeb 0x7b 0x73 0x7d 0x0 0x0 0x14 0x7a 0x9a 0x28 0x73 0xe7 0x15 0xee 0x0 0x0 0x0 0x0 0x26 0x0 0x0 0x80 0x0 0xa4 0xa4 0x0 0x4 0xac 0x5 0x0 0x0
1787978778593,0x1 0x8b 0xd 0xa9 0x69 0xb6 0x60 0xd 0x0 0x0 0xd 0x3e 0x62 0x0 0xb5 0x1e 0x45 0x1e 0x73 0x0 0x31 0x3 0x4e 0x3 0x0 0x28 0x65 0x1 0x0 0x22 0x0 0x25 0x0 0x57 0x0 0x57 0x0 0x91 0x91 0x91 0x91 0x91 0x91 0x57 0x4 0x58 0x4 0x60 0x4 0x47 0x4 0x4b 0x4 0x49 0x4 0x60 0x4 0x5d 0x4 0x31 0x0 0x3 0x77 0x7c 0x6a 0x71 0x4d 0x80 0x4f 0x80 0xa6 0x82 0xeb 0x7b 0x73 0x7d 0x0 0x0 0x80 0x7b 0x6 0x2a 0x73 0xe7 0x15 0xee 0x0 0x0 0x0 0x0 0x24 0x0 0x0 0x80 0x0 0xa4 0xa4 0x0 0x4 0xac 0x5 0x0 0x0
1787978778817,0x1 0x8a 0xd 0xa9 0x69 0xb6 0x60 0xd 0x0 0x0 0xd 0x3e 0x63 0x0 0xe8 0x1e 0xa6 0x1e 0x73 0x0 0x34 0x3 0x4e 0x3 0x0 0x28 0x65 0x1 0x0 0x21 0x0 0x25 0x0 0x58 0x0 0x58 0x0 0x92 0x92 0x92 0x92 0x92 0x92 0x6f 0x4 0x67 0x4 0x6e 0x4 0x6e 0x4 0x6d 0x4 0x6c 0x4 0x70 0x4 0x6c 0x4 0x31 0x0 0x3 0x78 0x7d 0x6a 0x71 0x4d 0x80 0x4f 0x80 0xa6 0x82 0xeb 0x7b 0x73 0x7d 0x0 0x0 0xac 0x7a 0x32 0x29 0x73 0xe7 0x15 0xee 0x0 0x0 0x0 0x0 0x28 0x0 0x0 0x80 0x0 0xa4 0xa4 0x0 0x4 0xb9 0x5 0x0 0x0
1787978779041,0x1 0x8a 0xd 0xa9 0x69 0xb6 0x60 0xd 0x0 0x0 0xd 0x3d 0x62 0x0 0xef 0x1e 0xd5 0x1e 0x73 0x0 0x2b 0x3 0x4e 0x3 0x0 0x28 0x65 0x1 0x0 0x23 0x0 0x26 0x0 0x58 0x0 0x58 0x0 0x8f 0x8f 0x8f 0x8f 0x8f 0x8f 0x75 0x4 0x75 0x4 0x79 0x4 0x6e 0x4 0x77 0x4 0x74 0x4 0x79 0x4 0x76 0x4 0x31 0x0 0x3 0x79 0x7e 0x6a 0x71 0x4d 0x80 0x4f 0x80 0xa6 0x82 0xeb 0x7b 0x73 0x7d 0x0 0x0 0x40 0x7c 0xc6 0x2a 0x73 0xe7 0x15 0xee 0x0 0x0 0x0 0x0 0x2d 0x0 0x0 0x80 0x0 0xa4 0xa4 0x0 0x4 0xb9 0x5 0x0 0x0
1787978779264,0x1 0x8b 0xd 0xa9 0x69 0xb6 0x60 0xd 0x0 0x0 0xd 0x3d 0x62 0x0 0xcc 0x1d 0x44 0x1e 0x73 0x0 0x4a 0x3 0x4e 0x3 0x0 0x28 0x65 0x1 0x0 0x27 0x0 0x2b 0x0 0x58 0x0 0x57 0x0 0x9e 0x9e 0x9e 0x9e 0x9e 0x9e 0x79 0x4 0x71 0x4 0x74 0x4 0x68 0x4 0x68 0x4 0x62 0x4 0x66 0x4 0x62 0x4 0x31 0x0 0x3 0x7b 0x80 0x6a 0x71 0x4d 0x80 0x4f 0x80 0xa6 0x82 0xeb 0x7b 0x73 0x7d 0x0 0x0 0x54 0x7b 0xda 0x29 0x73 0xe7 0x15 0xee 0x0 0x0 0x0 0x0 0x2f 0x0 0x0 0x80 0x0 0xa4 0xa4 0x0 0x4 0xac 0x5 0x0 0x0
1787978779489,0x1 0x8b 0xd 0xa9 0x69 0xb6 0x60 0xd 0x0 0x0 0xd 0x3e 0x60 0x0 0xa5 0x1d 0xd1 0x1d 0x73 0x0 0x3d 0x3 0x4e 0x3 0x0 0x28 0x65 0x1 0x0 0x2a 0x0 0x5f 0x0 0x57 0x0 0x58 0x0 0x94 0x94 0x94 0x94 0x94 0x94 0x58 0x4 0x55 0x4 0x5a 0x4 0x56 0x4 0x5b 0x4 0x56 0x4 0x59 0x4 0x56 0x4 0x31 0x0 0x3 0x7c 0x81 0x6a 0x71 0x4d 0x80 0x4f 0x80 0xa6 0x82 0xeb 0x7b 0x74 0x7e 0x0 0x0 0x72 0x7b 0xf8 0x29 0x73 0xe7 0x15 0xee 0x0 0x0 0x0 0x0 0x33 0x0 0x0 0x80 0x0 0xa4 0xa4 0x0 0x4 0xac 0x5 0x0 0x0
1787978779713,0x1 0x8a 0xd 0xa9 0x69 0xb6 0x60 0xd 0x0 0x0 0xd 0x3d 0x62 0x0 0x1e 0x1e 0xfa 0x1d 0x73 0x0 0x41 0x3 0x4e 0x3 0x0 0x28 0x65 0x1 0x0 0x2f 0x0 0x71 0x0 0x58 0x0 0x57 0x0 0x97 0x97 0x97 0x97 0x97 0x97 0x64 0x4 0x5e 0x4 0x67 0x4 0x61 0x4 0x63 0x4 0x5f 0x4 0x64 0x4 0x60 0x4 0x31 0x0 0x3 0x7d 0x82 0x6a 0x71 0x4d 0x80 0x4f 0x80 0xa6 0x82 0xeb 0x7b 0x74 0x7e 0x0 0x0 0xa6 0x7b 0x2c 0x2a 0x73 0xe7 0x15 0xee 0x0 0x0 0x0 0x0 0x36 0x0 0x0 0x80 0x0 0xa4 0xa4 0x0 0x4 0xb9 0x5 0x0 0x0
1787978779936,0x1 0x8a 0xd 0xa8 0x69 0xb6 0x60 0xd 0x0 0x0 0xd 0x3e 0x62 0x0 0x15 0x1e 0xff 0x1d 0x73 0x0 0x42 0x3 0x4e 0x3 0x0 0x28 0x65 0x1 0x0 0x2b 0x0 0x7e 0x0 0x58 0x0 0x58 0x0 0x97 0x97 0x97 0x97 0x97 0x97 0x62 0x4 0x5b 0x4 0x68 0x4 0x40 0x4 0x6b 0x4 0x5e 0x4 0x6b 0x4 0x3f 0x4 0x31 0x0 0x3 0x7f 0x7a 0x6a 0x74 0x4d 0x80 0x4f 0x80 0xa6 0x82 0xeb 0x7b 0x74 0x7e 0x0 0x0 0xd8 0x7b 0x5e 0x2a 0x73 0xe7 0x15 0xee 0x0 0x0 0x0 0x0 0x35 0x0 0x0 0x80 0x0 0xa4 0xa4 0x0 0x4 0xb9 0x5 0x0 0x0
1787978780161,0x1 0x8b 0xd 0xa8 0x69 0xb6 0x60 0xd 0x0 0x0 0xd 0x3d 0x61 0x0 0x90 0x1d 0xd5 0x1d 0x73 0x0 0x48 0x3 0x4e 0x3 0x0 0x28 0x65 0x1 0x0 0x34 0x0 0x7a 0x0 0x58 0x0 0x58 0x0 0x9c 0x9c 0x9c 0x9c 0x9c 0x9c 0x6d 0x4 0x34 0x4 0x66 0x4 0x38 0x4 0x67 0x4 0x33 0x4 0x69 0x4 0x34 0x4 0x31 0x0 0x3 0x80 0x79 0x6a 0x74 0x4d 0x80 0x4f 0x80 0xa6 0x82 0xeb 0x7b 0x74 0x7e 0x0 0x0 0xf2 0x7b 0x78 0x2a 0x73 0xe7 0x15 0xee 0x0 0x0 0x0 0x0 0x31 0x0 0x0 0x80 0x0 0xa4 0xa4 0x0 0x4 0xac 0x5 0x0 0x0
1787978780384,0x1 0x8b 0xd 0xa8 0x69 0xb6 0x60 0xd 0x0 0x0 0xd 0x3d 0x5f 0x0 0xe 0x1d 0x92 0x1d 0x73 0x0 0x45 0x3 0x4e 0x3 0x0 0x28 0x65 0x1 0x0 0x5b 0x0 0x75 0x0 0x58 0x0 0x58 0x0 0x99 0x99 0x99 0x99 0x99 0x99 0x61 0x4 0x29 0x4 0x66 0x4 0x2b 0x4 0x65 0x4 0x23 0x4 0x65 0x4 0x27 0x4 0x31 0x0 0x3 0x81 0x77 0x6a 0x74 0x4d 0x80 0x4f 0x80 0xa6 0x82 0xeb 0x7b 0x73 0x7d 0x0 0x0 0x8 0x7c 0x8e 0x2a 0x73 0xe7 0x15 0xee 0x0 0x0 0x0 0x0 0x2c 0x0 0x0 0x80 0x0 0xa4 0xa4 0x0 0x4 0xac 0x5 0x0 0x0
1787978780609,0x1 0x8a 0xd 0xa8 0x69 0xb6 0x60 0xd 0x0 0x0 0xd 0x3d 0x61 0x0 0x90 0x1d 0x95 0x1d 0x73 0x0 0x48 0x3 0x4e 0x3 0x0 0x28 0x65 0x1 0x0 0x85 0x0 0x6a 0x0 0x58 0x0 0x57 0x0 0x9c 0x9c 0x9c 0x9c 0x9c 0x9c 0x43 0x4 0x21 0x4 0x47 0x4 0x24 0x4 0x49 0x4 0x20 0x4 0x47 0x4 0x21 0x4 0x31 0x0 0x3 0x79 0x76 0x71 0x74 0x4d 0x80 0x4f 0x80 0xa6 0x82 0xeb 0x7b 0x73 0x7d 0x0 0x0 0x26 0x7c 0xac 0x2a 0x73 0xe7 0x15 0xee 0x0 0x0 0x0 0x0 0x2c 0x0 0x0 0x80 0x0 0xa4 0xa4 0x0 0x4 0xb9 0x5 0x0 0x0
1787978780832,0x1 0x8a 0xd 0xa8 0x69 0xb6 0x60 0xd 0x0 0x0 0xd 0x3e 0x60 0x0 0x4b 0x1d 0xcb 0x1d 0x73 0x0 0x47 0x3 0x4e 0x3 0x0 0x28 0x65 0x1 0x0 0x96 0x0 0x34 0x0 0x58 0x0 0x58 0x0 0x9b 0x9b 0x9b 0x9b 0x9b 0x9b 0x4b 0x4 0x24 0x4 0x4f 0x4 0x4d 0x4 0x4e 0x4 0x48 0x4 0x4a 0x4 0x48 0x4 0x31 0x0 0x3 0x78 0x7e 0x71 0x7c 0x4d 0x80 0x4f 0x80 0xa6 0x82 0xeb 0x7b 0x73 0x7d 0x0 0x0 0x3c 0x7c 0xc2 0x2a 0x73 0xe7 0x15 0xee 0x0 0x0 0x0 0x0 0x28 0x0 0x0 0x80 0x0 0xa4 0xa4 0x0 0x4 0xb9 0x5 0x0 0x0
1787978781056,0x1 0x8b 0xd 0xa8 0x6a 0xb6 0x60 0xd 0x0 0x0 0xd 0x3e 0x61 0x0 0xc6 0x1d 0xa8 0x1d 0x73 0x0 0x42 0x3 0x4b 0x3 0x0 0x28 0x65 0x1 0x0 0x8e 0x0 0x22 0x0 0x58 0x0 0x58 0x0 0x99 0x99 0x99 0x99 0x99 0x99 0x42 0x4 0x46 0x4 0x3f 0x4 0x43 0x4 0x43 0x4 0x49 0x4 0x3f 0x4 0x48 0x4 0x31 0x0 0x3 0x77 0x7f 0x71 0x7c 0x4d 0x80 0x4f 0x80 0xa6 0x82 0xeb 0x7b 0x73 0x7d 0x0 0x0 0x52 0x7c 0xd8 0x2a 0x73 0xe7 0x15 0xee 0x0 0x0 0x0 0x0 0x26 0x0 0x0 0x80 0x0 0xa4 0xa4 0x0 0x4 0xac 0x5 0x0 0x0
1787978781280,0x1 0x8b 0xd 0xa8 0x6a 0xb6 0x60 0xd 0x0 0x0 0xd 0x3d 0x61 0x0 0xa2 0x1d 0xb8 0x1d 0x73 0x0 0x46 0x3 0x4b 0x3 0x0 0x28 0x65 0x1 0x0 0x82 0x0 0x23 0x0 0x58 0x0 0x57 0x0 0x9c 0x9c 0x9c 0x9c 0x9c 0x9c 0x3a 0x4 0x5f 0x4 0x50 0x4 0x58 0x4 0x42 0x4 0x4e 0x4 0x3a 0x4 0x4e 0x4 0x31 0x0 0x3 0x75 0x80 0x71 0x7c 0x4d 0x80 0x4f 0x80 0xa6 0x82 0xeb 0x7b 0x73 0x7d 0x0 0x0 0xbb 0x7b 0xfe 0x2a 0x73 0xe7 0x15 0xee 0x0 0x0 0x0 0x0 0x1e 0x0 0x0 0x80 0x0 0xa4 0xa4 0x0 0x4 0xac 0x5 0x0 0x0
1787978781504,0x1 0x8a 0xd 0xa8 0x6a 0xb6 0x60 0xd 0x0 0x0 0xd 0x3d 0x5f 0x0 0x32 0x1d 0x72 0x1d 0x73 0x0 0x41 0x3 0x4b 0x3 0x0 0x28 0x65 0x1 0x0 0x54 0x0 0x25 0x0 0x57 0x0 0x58 0x0 0x99 0x99 0x99 0x99 0x99 0x99 0x31 0x4 0x48 0x4 0x2e 0x4 0x48 0x4 0x36 0x4 0x4d 0x4 0x2b 0x4 0x48 0x4 0x31 0x0 0x3 0x74 0x82 0x71 0x7c 0x4d 0x80 0x4f 0x80 0xa6 0x82 0xeb 0x7b 0x74 0x7e 0x0 0x0 0xd3 0x7b 0x16 0x2b 0x73 0xe7 0x15 0xee 0x0 0x0 0x0 0x0 0x1e 0x0 0x0 0x80 0x0 0xa4 0xa4 0x0 0x4 0xb9 0x5 0x0 0x0
1787978781728,0x1 0x8a 0xd 0xa8 0x6a 0xb6 0x60 0xd 0x0 0x0 0xd 0x3d 0x60 0x0 0x4b 0x1d 0x93 0x1d 0x73 0x0 0x47 0x3 0x4b 0x3 0x0 0x28 0x65 0x1 0x0 0x2a 0x0 0x27 0x0 0x58 0x0 0x58 0x0 0x9d 0x9d 0x9d 0x9d 0x9d 0x9d 0x55 0x4 0x52 0x4 0x4c 0x4 0x4c 0x4 0x4f 0x4 0x52 0x4 0x52 0x4 0x52 0x4 0x31 0x0 0x3 0x7d 0x83 0x7b 0x7c 0x4d 0x80 0x4f 0x80 0xa6 0x82 0xeb 0x7b 0x74 0x7e 0x0 0x0 0xe1 0x76 0x24 0x2b 0x73 0xe7 0x15 0xee 0x0 0x0 0x0 0x0 0x22 0x0 0x0 0x80 0x0 0xa4 0xa4 0x0 0x4 0xb9 0x5 0x0 0x0
1787978781952,0x1 0x8b 0xd 0xa7 0x6a 0xb6 0x60 0xd 0x0 0x0 0xd 0x3e 0x62 0x0 0xba 0x1d 0x7d 0x1d 0x73 0x0 0x4c 0x3 0x4b 0x3 0x0 0x28 0x65 0x1 0x0 0x28 0x0 0x28 0x0 0x58 0x0 0x58 0x0 0xa0 0xa0 0xa0 0xa0 0xa0 0xa0 0x51 0x4 0x51 0x4 0x4f 0x4 0x52 0x4 0x55 0x4 0x57 0x4 0x55 0x4 0x54 0x4 0x31 0x0 0x3 0x7e 0x84 0x7b 0x7c 0x4d 0x80 0x4f 0x80 0xa6 0x82 0xeb 0x7b 0x74 0x7e 0x0 0x0 0xe3 0x76 0x26 0x2b 0x73 0xe7 0x15 0xee 0x0 0x0 0x0 0x0 0x24 0x0 0x0 0x80 0x0 0xa4 0xa4 0x0 0x4 0xac 0x5 0x0 0x0
1787978782176,0x1 0x8b 0xd 0xa7 0x6a 0xb6 0x60 0xd 0x0 0x0 0xd 0x3e 0x5f 0x0 0xa5 0x1c 0xf7 0x1c 0x73 0x0 0x51 0x3 0x4b 0x3 0x0 0x28 0x65 0x1 0x0 0x27 0x0 0x3e 0x0 0x58 0x0 0x58 0x0 0xa2 0xa2 0xa2 0xa2 0xa2 0xa2 0x49 0x4 0x45 0x4 0x51 0x4 0x4d 0x4 0x4d 0x4 0x49 0x4 0x45 0x4 0x45 0x4 0x31 0x0 0x3 0x80 0x86 0x7b 0x7c 0x4d 0x80 0x4f 0x80 0xa6 0x82 0xeb 0x7b 0x74 0x7e 0x0 0x0 0xdf 0x76 0x22 0x2b 0x73 0xe7 0x15 0xee 0x0 0x0 0x0 0x0 0x25 0x0 0x0 0x80 0x0 0xa4 0xa4 0x0 0x4 0xac 0x5 0x0 0x0
1787978782399,0x1 0x8b 0xd 0xa7 0x6a 0xb6 0x60 0xd 0x0 0x0 0xd 0x3d 0x5f 0x0 0xc8 0x1c 0x19 0x1d 0x73 0x0 0x4d 0x3 0x4b 0x3 0x0 0x28 0x65 0x1 0x0 0x2b 0x0 0x6a 0x0 0x57 0x0 0x57 0x0 0xa1 0xa1 0xa1 0xa1 0xa1 0xa1 0x53 0x4 0x51 0x4 0x52 0x4 0x53 0x4 0x53 0x4 0x50 0x4 0x51 0x4 0x50 0x4 0x31 0x0 0x3 0x81 0x87 0x7b 0x7c 0x4d 0x80 0x4f 0x80 0xa6 0x82 0xeb 0x7b 0x73 0x7d 0x0 0x0 0xdb 0x76 0x1e 0x2b 0x73 0xe7 0x15 0xee 0x0 0x0 0x0 0x0 0x2a 0x0 0x0 0x80 0x0 0xa4 0xa4 0x0 0x4 0xac 0x5 0x0 0x0
1787978782624,0x1 0x8a 0xd 0xa7 0x6a 0xb6 0x60 0xd 0x0 0x0 0xd 0x3d 0x60 0x0 0xc7 0x1c 0xd6 0x1c 0x73 0x0 0x56 0x3 0x4b 0x3 0x0 0x28 0x65 0x1 0x0 0x56 0x0 0x87 0x0 0x58 0x0 0x58 0x0 0xa4 0xa4 0xa4 0xa4 0xa4 0xa4 0x53 0x4 0x47 0x4 0x4a 0x4 0x59 0x4 0x5f 0x4 0x57 0x4 0x4a 0x4 0x47 0x4 0x31 0x0 0x3 0x82 0x87 0x7b 0x7c 0x4d 0x80 0x4f 0x80 0xa6 0x82 0xeb 0x7b 0x73 0x7d 0x0 0x0 0xd3 0x76 0x16 0x2b 0x73 0xe7 0x15 0xee 0x0 0x0 0x0 0x0 0x32 0x0 0x0 0x80 0x0 0xa4 0xa4 0x0 0x4 0xb9 0x5 0x0 0x0
1787978782848,0x1 0x8a 0xd 0xa7 0x6a 0xb6 0x60 0xd 0x0 0x0 0xd 0x3d 0x60 0x0 0xfb 0x1c 0xdb 0x1c 0x73 0x0 0x50 0x3 0x4b 0x3 0x0 0x28 0x65 0x1 0x0 0x91 0x0 0x9d 0x0 0x58 0x0 0x58 0x0 0xa2 0xa2 0xa2 0xa2 0xa2 0xa2 0x2d 0x4 0x2d 0x4 0x34 0x4 0x2d 0x4 0x2f 0x4 0x27 0x4 0x2d 0x4 0x27 0x4 0x31 0x0 0x3 0x7a 0x7f 0x7b 0x7e 0x4d 0x80 0x4f 0x80 0xa6 0x82 0xeb 0x7b 0x73 0x7d 0x0 0x0 0xcf 0x76 0x12 0x2b 0x73 0xe7 0x15 0xee 0x0 0x0 0x0 0x0 0x37 0x0 0x0 0x80 0x0 0xa4 0xa4 0x0 0x4 0xb9 0x5 0x0 0x0
1787978783071,0x1 0x8b 0xd 0xa7 0x6a 0xb6 0x60 0xd 0x0 0x0 0xd 0x3e 0x63 0x0 0x3e 0x1e 0x6b 0x1d 0x73 0x0 0x46 0x3 0x4b 0x3 0x0 0x28 0x65 0x1 0x0 0x9c 0x0 0x9f 0x0 0x58 0x0 0x58 0x0 0x9c 0x9c 0x9c 0x9c 0x9c 0x9c 0x30 0x4 0x2c 0x4 0x36 0x4 0x37 0x4 0x35 0x4 0x2e 0x4 0x3d 0x4 0x37 0x4 0x31 0x0 0x3 0x79 0x7e 0x7b 0x7e 0x4d 0x80 0x4f 0x80 0xa6 0x82 0xeb 0x7b 0x73 0x7d 0x0 0x0 0xd3 0x76 0x16 0x2b 0x73 0xe7 0x15 0xee 0x0 0x0 0x0 0x0 0x3c 0x0 0x0 0x80 0x0 0xa4 0xa4 0x0 0x4 0xac 0x5 0x0 0x0
1787978783295,0x1 0x8c 0xd 0xa7 0x6a 0xb6 0x60 0xd 0x0 0x0 0xd 0x3e 0x62 0x0 0xba 0x1d 0x97 0x1d 0x73 0x0 0x4c 0x3 0x4b 0x3 0x0 0x28 0x65 0x1 0x0 0x91 0x0 0x99 0x0 0x57 0x0 0x58 0x0 0xa0 0xa0 0xa0 0xa0 0xa0 0xa0 0x3d 0x4 0x38 0x4 0x3c 0x4 0x36 0x4 0x3b 0x4 0x39 0x4 0x3e 0x4 0x38 0x4 0x31 0x0 0x3 0x78 0x7c 0x7b 0x7e 0x4d 0x80 0x4f 0x80 0xa6 0x82 0xeb 0x7b 0x73 0x7d 0x0 0x0 0xdd 0x76 0x20 0x2b 0x73 0xe7 0x15 0xee 0x0 0x0 0x0 0x0 0x3d 0x0 0x0 0x80 0x0 0xa4 0xa4 0x0 0x4 0x9f 0x5 0x0 0x0
1787978783519,0x1 0x8a 0xd 0xa7 0x6a 0xb6 0x60 0xd 0x0 0x0 0xd 0x3e 0x64 0x0 0x5e 0x1e 0xf1 0x1d 0x73 0x0 0x4b 0x3 0x4b 0x3 0x0 0x28 0x65 0x1 0x0 0x8d 0x0 0x91 0x0 0x58 0x0 0x57 0x0 0xa0 0xa0 0xa0 0xa0 0xa0 0xa0 0x39 0x4 0x34 0x4 0x3f 0x4 0x3c 0x4 0x47 0x4 0x34 0x4 0x47 0x4 0x40 0x4 0x31 0x0 0x3 0x76 0x7b 0x7b 0x7e 0x4d 0x80 0x4f 0x80 0xa6 0x82 0xeb 0x7b 0x71 0x7b 0x0 0x0 0xe9 0x76 0x2c 0x2b 0x73 0xe7 0x15 0xee 0x0 0x0 0x0 0x0 0x3b 0x0 0x0 0x80 0x0 0xa4 0xa4 0x0 0x4 0xb9 0x5 0x0 0x0
1787978783743,0x1 0x8a 0xd 0xa7 0x6a 0xb6 0x60 0xd 0x0 0x0 0xd 0x3d 0x61 0x0 0x63 0x1d 0x80 0x1d 0x73 0x0 0x4d 0x3 0x4b 0x3 0x0 0x28 0x65 0x1 0x0 0x88 0x0 0x87 0x0 0x58 0x0 0x58 0x0 0xa1 0xa1 0xa1 0xa1 0xa1 0xa1 0x30 0x4 0x2c 0x4 0x30 0x4 0x2a 0x4 0x2d 0x4 0x26 0x4 0x30 0x4 0x2a 0x4 0x31 0x0 0x3 0x75 0x7a 0x7b 0x7e 0x4d 0x80 0x4f 0x80 0xa6 0x82 0xeb 0x7b 0x71 0x7b 0x0 0x0 0xe9 0x76 0x2c 0x2b 0x73 0xe7 0x15 0xee 0x0 0x0 0x0 0x0 0x3c 0x0 0x0 0x80 0x0 0xa4 0xa4 0x0 0x4 0xb9 0x5 0x0 0x0
1787978783967,0x1 0x8b 0xd 0xa7 0x6a 0xb6 0x60 0xd 0x0 0x0 0xd 0x3d 0x61 0x0 0x87 0x1d 0x5f 0x1d 0x73 0x0 0x49 0x3 0x4b 0x3 0x0 0x28 0x65 0x1 0x0 0x7e 0x0 0x83 0x0 0x58 0x0 0x58 0x0 0x9e 0x9e 0x9e 0x9e 0x9e 0x9e 0x29 0x4 0x24 0x4 0x29 0x4 0x21 0x4 0x26 0x4 0x22 0x4 0x28 0x4 0x22 0x4 0x31 0x0 0x3 0x74 0x78 0x7b 0x7e 0x4d 0x80 0x4f 0x80 0xa6 0x82 0xeb 0x7b 0x71 0x7b 0x0 0x0 0xf1 0x76 0x34 0x2b 0x73 0xe7 0x15 0xee 0x0 0x0 0x0 0x0 0x31 0x0 0x0 0x80 0x0 0xa4 0xa4 0x0 0x4 0xac 0x5 0x0 0x0
1787978784191,0x1 0x8b 0xd 0xa7 0x6a 0xb6 0x60 0xd 0x0 0x0 0xd 0x3d 0x61 0x0 0x90 0x1d 0x74 0x1d 0x73 0x0 0x48 0x3 0x4b 0x3 0x0 0x28 0x65 0x1 0x0 0x4f 0x0 0x77 0x0 0x57 0x0 0x57 0x0 0x9e 0x9e 0x9e 0x9e 0x9e 0x9e 0x25 0x4 0x1e 0x4 0x25 0x4 0x24 0x4 0x28 0x4 0x21 0x4 0x25 0x4 0x1e 0x4 0x31 0x0 0x3 0x72 0x77 0x7b 0x7e 0x4d 0x80 0x4f 0x80 0xa6 0x82 0xeb 0x7b 0x71 0x7b 0x0 0x0 0xf9 0x76 0x3c 0x2b 0x73 0xe7 0x15 0xee 0x0 0x0 0x0 0x0 0x2d 0x0 0x0 0x80 0x0 0xa4 0xa4 0x0 0x4 0xac 0x5 0x0 0x0
1787978784415,0x1 0x8a 0xd 0xa6 0x6a 0xb6 0x60 0xd 0x0 0x0 0xd 0x3f 0x63 0x0 0xf5 0x1d 0x7a 0x1d 0x73 0x0 0x4e 0x3 0x4b 0x3 0x0 0x28 0x65 0x1 0x0 0x28 0x0 0x55 0x0 0x57 0x0 0x58 0x0 0xa2 0xa2 0xa2 0xa2 0xa2 0xa2 0x49 0x4 0x16 0x4 0x40 0x4 0x15 0x4 0x42 0x4 0x17 0x4 0x49 0x4 0x1a 0x4 0x31 0x0 0x3 0x7b 0x76 0x7b 0x7e 0x4d 0x80 0x4f 0x80 0xa6 0x82 0xeb 0x7b 0x73 0x7d 0x0 0x0 0x7 0x77 0x4a 0x2b 0x73 0xe7 0x15 0xee 0x0 0x0 0x0 0x0 0x2c 0x0 0x0 0x80 0x0 0xa4 0xa4 0x0 0x4 0xb9 0x5 0x0 0x0
1787978784639,0x1 0x8a 0xd 0xa6 0x6a 0xb6 0x60 0xd 0x0 0x0 0xd 0x3c 0x5f 0x0 0xd9 0x1c 0xf3 0x1c 0x73 0x0 0x4b 0x3 0x4b 0x3 0x0 0x28 0x65 0x1 0x0 0x1f 0x0 0x2f 0x0 0x57 0x0 0x58 0x0 0xa0 0xa0 0xa0 0xa0 0xa0 0xa0 0x45 0x4 0x2e 0x4 0x3a 0x4 0x29 0x4 0x4b 0x4 0x38 0x4 0x3a 0x4 0x29 0x4 0x31 0x0 0x3 0x7d 0x7f 0x7b 0x7f 0x4d 0x80 0x4f 0x80 0xa6 0x82 0xeb 0x7b 0x73 0x7d 0x0 0x0 0x5 0x77 0x48 0x2b 0x73 0xe7 0x15 0xee 0x0 0x0 0x0 0x0 0x2a 0x0 0x0 0x80 0x0 0xa4 0xa4 0x0 0x4 0xb9 0x5 0x0 0x0
1787978784863,0x1 0x8b 0xd 0xa6 0x6a 0xb6 0x60 0xd 0x0 0x0 0xd 0x3c 0x5f 0x0 0xbf 0x1c 0x29 0x1d 0x73 0x0 0x4e 0x3 0x4b 0x3 0x0 0x28 0x65 0x1 0x0 0x20 0x0 0x24 0x0 0x57 0x0 0x58 0x0 0xa2 0xa2 0xa2 0xa2 0xa2 0xa2 0x4b 0x4 0x36 0x4 0x38 0x4 0x30 0x4 0x45 0x4 0x38 0x4 0x48 0x4 0x36 0x4 0x31 0x0 0x3 0x7e 0x80 0x7b 0x7f 0x4d 0x80 0x4f 0x80 0xa6 0x82 0xeb 0x7b 0x73 0x7d 0x0 0x0 0x1 0x77 0x44 0x2b 0x73 0xe7 0x15 0xee 0x0 0x0 0x0 0x0 0x22 0x0 0x0 0x80 0x0 0xa4 0xa4 0x0 0x4 0xac 0x5 0x0 0x0
1787978785088,0x1 0x8b 0xd 0xa6 0x6b 0xb6 0x60 0xd 0x0 0x0 0xd 0x3e 0x62 0x0 0xde 0x1d 0xa4 0x1d 0x73 0x0 0x48 0x3 0x47 0x3 0x0 0x28 0x65 0x1 0x0 0x1f 0x0 0x22 0x0 0x58 0x0 0x57 0x0 0xa0 0xa0 0xa0 0xa0 0xa0 0xa0 0x51 0x4 0x42 0x4 0x56 0x4 0x4a 0x4 0x5f 0x4 0x3f 0x4 0x5f 0x4 0x4e 0x4 0x31 0x0 0x3 0x7f 0x81 0x7b 0x7f 0x4d 0x80 0x4f 0x80 0xa6 0x82 0xeb 0x7b 0x73 0x7d 0x0 0x0 0x1 0x77 0x44 0x2b 0x73 0xe7 0x15 0xee 0x0 0x0 0x0 0x0 0x21 0x0 0x0 0x80 0x0 0xa4 0xa4 0x0 0x4 0xac 0x5 0x0 0x0
1787978785310,0x1 0x8a 0xd 0xa6 0x6b 0xb6 0x60 0xd 0x0 0x0 0xd 0x3c 0x60 0x0 0x42 0x1d 0x56 0x1d 0x73 0x0 0x48 0x3 0x47 0x3 0x0 0x28 0x65 0x1 0x0 0x20 0x0 0x23 0x0 0x57 0x0 0x57 0x0 0xa0 0xa0 0xa0 0xa0 0xa0 0xa0 0x57 0x4 0x48 0x4 0x58 0x4 0x52 0x4 0x60 0x4 0x47 0x4 0x58 0x4 0x47 0x4 0x31 0x0 0x3 0x81 0x83 0x7b 0x7f 0x4d 0x80 0x4f 0x80 0xa6 0x82 0xeb 0x7b 0x71 0x7b 0x0 0x0 0xf3 0x75 0xf4 0x2a 0x73 0xe7 0x15 0xee 0x0 0x0 0x0 0x0 0x1b 0x0 0x0 0x80 0x0 0xa4 0xa4 0x0 0x4 0xb9 0x5 0x0 0x0
1787978785536,0x1 0x8a 0xd 0xa6 0x6b 0xb6 0x60 0xd 0x0 0x0 0xd 0x3e 0x62 0x0 0xb1 0x1d 0xe 0x1d 0x73 0x0 0x4d 0x3 0x47 0x3 0x0 0x28 0x65 0x1 0x0 0x29 0x0 0x23 0x0 0x58 0x0 0x58 0x0 0xa2 0xa2 0xa2 0xa2 0xa2 0xa2 0x55 0x4 0x3f 0x4 0x4a 0x4 0x3a 0x4 0x4c 0x4 0x42 0x4 0x52 0x4 0x42 0x4 0x31 0x0 0x3 0x82 0x84 0x7b 0x7f 0x4d 0x80 0x4f 0x80 0xa6 0x82 0xeb 0x7b 0x71 0x7b 0x0 0x0 0xf1 0x75 0xf2 0x2a 0x73 0xe7 0x15 0xee 0x0 0x0 0x0 0x0 0x16 0x0 0x0 0x80 0x0 0xa4 0xa4 0x0 0x4 0xb9 0x5 0x0 0x0
1787978785759,0x1 0x8b 0xd 0xa6 0x6b 0xb6 0x60 0xd 0x0 0x0 0xd 0x3d 0x61 0x0 0x90 0x1d 0x2e 0x1d 0x73 0x0 0x48 0x3 0x47 0x3 0x0 0x28 0x65 0x1 0x0 0x59 0x0 0x24 0x0 0x58 0x0 0x57 0x0 0xa0 0xa0 0xa0 0xa0 0xa0 0xa0 0x65 0x4 0x50 0x4 0x58 0x4 0x4b 0x4 0x63 0x4 0x55 0x4 0x5c 0x4 0x4b 0x4 0x31 0x0 0x3 0x83 0x85 0x7b 0x7f 0x4d 0x80 0x4f 0x80 0xa6 0x82 0xeb 0x7b 0x71 0x7b 0x0 0x0 0xeb 0x75 0xec 0x2a 0x73 0xe7 0x15 0xee 0x0 0x0 0x0 0x0 0x17 0x0 0x0 0x80 0x0 0xa4 0xa4 0x0 0x4 0xac 0x5 0x0 0x0
1787978785983,0x1 0x8b 0xd 0xa6 0x6b 0xb6 0x60 0xd 0x0 0x0 0xd 0x3e 0x60 0x0 0x42 0x1d 0x94 0x1d 0x73 0x0 0x48 0x3 0x47 0x3 0x0 0x28 0x65 0x1 0x0 0x8e 0x0 0x2a 0x0 0x57 0x0 0x57 0x0 0xa0 0xa0 0xa0 0xa0 0xa0 0xa0 0x4d 0x4 0x58 0x4 0x4f 0x4 0x63 0x4 0x54 0x4 0x63 0x4 0x4d 0x4 0x62 0x4 0x31 0x0 0x3 0x7b 0x87 0x7b 0x7f 0x4d 0x80 0x4f 0x80 0xa6 0x82 0xeb 0x7b 0x71 0x7b 0x0 0x0 0xef 0x75 0xf0 0x2a 0x73 0xe7 0x15 0xee 0x0 0x0 0x0 0x0 0x18 0x0 0x0 0x80 0x0 0xa4 0xa4 0x0 0x4 0xac 0x5 0x0 0x0
1787978786223,0x1 0x8a 0xd 0xa6 0x6b 0xb6 0x60 0xd 0x0 0x0 0xd 0x3f 0x63 0x0 0x10 0x1e 0xab 0x1d 0x73 0x0 0x4b 0x3 0x47 0x3 0x0 0x28 0x65 0x1 0x0 0xa1 0x0 0x7c 0x0 0x58 0x0 0x57 0x0 0xa2 0xa2 0xa2 0xa2 0xa2 0xa2 0x48 0x4 0x63 0x4 0x46 0x4 0x65 0x4 0x4a 0x4 0x66 0x4 0x4a 0x4 0x68 0x4 0x31 0x0 0x3 0x7a 0x88 0x7b 0x7f 0x4d 0x80 0x4f 0x80 0xa6 0x82 0xeb 0x7b 0x71 0x7b 0x0 0x0 0xf1 0x75 0xf2 0x2a 0x73 0xe7 0x15 0xee 0x0 0x0 0x0 0x0 0x18 0x0 0x0 0x80 0x0 0xa4 0xa4 0x0 0x4 0xb9 0x5 0x0 0x0
1787978786447,0x1 0x8a 0xd 0xa6 0x6b 0xb6 0x60 0xd 0x0 0x0 0xd 0x3e 0x60 0x0 0x30 0x1d 0x42 0x1d 0x73 0x0 0x4a 0x3 0x47 0x3 0x0 0x28 0x65 0x1 0x0 0xa1 0x0 0xa0 0x0 0x57 0x0 0x58 0x0 0xa1 0xa1 0xa1 0xa1 0xa1 0xa1 0x37 0x4 0x3a 0x4 0x43 0x4 0x62 0x4 0x40 0x4 0x5d 0x4 0x37 0x4 0x3a 0x4 0x31 0x0 0x3 0x79 0x80 0x7b 0x7f 0x4d 0x80 0x4f 0x80 0xa6 0x82 0xeb 0x7b 0x73 0x7d 0x0 0x0 0xeb 0x75 0xec 0x2a 0x73 0xe7 0x15 0xee 0x0 0x0 0x0 0x0 0x1b 0x0 0x0 0x80 0x0 0xa4 0xa4 0x0 0x4 0xb9 0x5 0x0 0x0
1787978786671,0x1 0x8b 0xd 0xa6 0x6b 0xb6 0x60 0xd 0x0 0x0 0xd 0x3d 0x62 0x0 0x15 0x1e 0x16 0x1e 0x73 0x0 0x42 0x3 0x47 0x3 0x0 0x28 0x65 0x1 0x0 0x9f 0x0 0xa5 0x0 0x57 0x0 0x57 0x0 0x9c 0x9c 0x9c 0x9c 0x9c 0x9c 0x3e 0x4 0x45 0x4 0x46 0x4 0x4c 0x4 0x4f 0x4 0x53 0x4 0x4f 0x4 0x53 0x4 0x31 0x0 0x3 0x77 0x7e 0x7b 0x7f 0x4d 0x80 0x4f 0x80 0xa6 0x82 0xeb 0x7b 0x73 0x7d 0x0 0x0 0xf3 0x7a 0xf4 0x2a 0x73 0xe7 0x15 0xee 0x0 0x0 0x0 0x0 0x1f 0x0 0x0 0x80 0x0 0xa4 0xa4 0x0 0x4 0xac 0x5 0x0 0x0
1787978786894,0x1 0x8b 0xd 0xa6 0x6b 0xb6 0x60 0xd 0x0 0x0 0xd 0x3d 0x61 0x0 0xef 0x20 0xb6 0x1f 0x73 0x0 0xf2 0x2 0x47 0x3 0x0 0x28 0x65 0x1 0x0 0x9a 0x0 0xa4 0x0 0x57 0x0 0x58 0x0 0x89 0x89 0x89 0x89 0x89 0x89 0x74 0x4 0x81 0x4 0x89 0x4 0x67 0x4 0x6c 0x4 0x72 0x4 0x89 0x4 0x8e 0x4 0x31 0x0 0x3 0x76 0x7d 0x7b 0x7f 0x4d 0x80 0x4f 0x80 0xa6 0x82 0xeb 0x7b 0x73 0x7d 0x0 0x0 0x31 0x80 0x32 0x30 0x73 0xe7 0x15 0xee 0x0 0x0 0x0 0x0 0x20 0x0 0x0 0x80 0x0 0xa4 0xa4 0x0 0x4 0xac 0x5 0x0 0x0
1787978787119,0x1 0x89 0xd 0xa5 0x6b 0xb6 0x60 0xd 0x0 0x0 0xd 0x3f 0x62 0x0 0xd0 0x21 0x50 0x21 0x73 0x0 0xe6 0x2 0x47 0x3 0x0 0x28 0x65 0x1 0x0 0x8b 0x0 0x9d 0x0 0x57 0x0 0x57 0x0 0x88 0x88 0x88 0x88 0x88 0x88 0xae 0x4 0xba 0x4 0xb8 0x4 0xc4 0x4 0xc3 0x4 0xa4 0x4 0xc3 0x4 0xc7 0x4 0x31 0x0 0x3 0x75 0x7c 0x7b 0x7f 0x4d 0x80 0x4f 0x80 0xa6 0x82 0xeb 0x7b 0x73 0x7d 0x0 0x0 0x7f 0x81 0x80 0x31 0x73 0xe7 0x15 0xee 0x0 0x0 0x0 0x0 0x21 0x0 0x0 0x80 0x0 0xa4 0xa4 0x0 0x4 0xcb 0x5 0x0 0x0
1787978787343,0x1 0x8a 0xd 0xa5 0x6b 0xb6 0x60 0xd 0x0 0x0 0xd 0x3f 0x62 0x0 0x4a 0x20 0xce 0x20 0x73 0x0 0x9 0x3 0x47 0x3 0x0 0x28 0x65 0x1 0x0 0x83 0x0 0x91 0x0 0x57 0x0 0x58 0x0 0x8b 0x8b 0x8b 0x8b 0x8b 0x8b 0xa6 0x4 0xc2 0x4 0xbb 0x4 0xbc 0x4 0xb0 0x4 0xaf 0x4 0xa6 0x4 0xaa 0x4 0x31 0x0 0x3 0x73 0x7a 0x7b 0x7f 0x4d 0x80 0x4f 0x80 0xa6 0x82 0xeb 0x7b 0x73 0x7d 0x0 0x0 0x37 0x7f 0x38 0x2f 0x73 0xe7 0x15 0xee 0x0 0x0 0x0 0x0 0x27 0x0 0x0 0x80 0x0 0xa4 0xa4 0x0 0x4 0xb9 0x5 0x0 0x0
1787978787567,0x1 0x8b 0xd 0xa5 0x6b 0xb6 0x60 0xd 0x0 0x0 0xd 0x3d 0x5f 0x0 0xfd 0x1c 0x4b 0x1e 0x73 0x0 0x47 0x3 0x47 0x3 0x0 0x28 0x65 0x1 0x0 0x69 0x0 0x89 0x0 0x58 0x0 0x58 0x0 0xa1 0xa1 0xa1 0xa1 0xa1 0xa1 0x69 0x4 0x61 0x4 0x4e 0x4 0x46 0x4 0x7f 0x4 0x78 0x4 0x42 0x4 0x46 0x4 0x31 0x0 0x3 0x72 0x79 0x7b 0x7f 0x4d 0x80 0x4f 0x80 0xa6 0x82 0xeb 0x7b 0x73 0x7d 0x0 0x0 0xcb 0x7b 0xcc 0x2b 0x73 0xe7 0x15 0xee 0x0 0x0 0x0 0x0 0x2c 0x0 0x0 0x80 0x0 0xa4 0xa4 0x0 0x4 0xac 0x5 0x0 0x0
1787978787790,0x1 0x8a 0xd 0xa5 0x6b 0xb6 0x60 0xd 0x0 0x0 0xd 0x3e 0x60 0x0 0xdd 0x1d 0xaf 0x1d 0x73 0x0 0x37 0x3 0x47 0x3 0x0 0x28 0x65 0x1 0x0 0x4a 0x0 0x8a 0x0 0x57 0x0 0x57 0x0 0x95 0x95 0x95 0x95 0x95 0x95 0x45 0x4 0x2b 0x4 0x2a 0x4 0x2d 0x4 0x29 0x4 0x2a 0x4 0x47 0x4 0x2b 0x4 0x31 0x0 0x3 0x79 0x78 0x7a 0x7f 0x4d 0x80 0x4f 0x80 0xa6 0x82 0xeb 0x7b 0x73 0x7d 0x0 0x0 0xcb 0x7b 0xcc 0x2b 0x73 0xe7 0x15 0xee 0x0 0x0 0x0 0x0 0x33 0x0 0x0 0x80 0x0 0xa4 0xa4 0x0 0x4 0xb9 0x5 0x0 0x0
1787978788014,0x1 0x89 0xd 0xa5 0x6b 0xb6 0x60 0xd 0x0 0x0 0xd 0x3e 0x62 0x0 0xe6 0x1e 0x6e 0x1e 0x73 0x0 0x2c 0x3 0x47 0x3 0x0 0x28 0x65 0x1 0x0 0x27 0x0 0x74 0x0 0x58 0x0 0x57 0x0 0x92 0x92 0x92 0x92 0x92 0x92 0x5a 0x4 0x38 0x4 0x60 0x4 0x3d 0x4 0x69 0x4 0x33 0x4 0x69 0x4 0x42 0x4 0x31 0x0 0x3 0x7a 0x77 0x7a 0x7f 0x4d 0x80 0x4f 0x80 0xa6 0x82 0xeb 0x7b 0x73 0x7d 0x0 0x0 0xef 0x7c 0xf0 0x2c 0x73 0xe7 0x15 0xee 0x0 0x0 0x0 0x0 0x39 0x0 0x0 0x80 0x0 0xa4 0xa4 0x0 0x4 0xcb 0x5 0x0 0x0
1787978788238,0x1 0x8a 0xd 0xa5 0x6b 0xb6 0x60 0xd 0x0 0x0 0xd 0x3e 0x61 0x0 0x48 0x1e 0x99 0x1e 0x73 0x0 0x34 0x3 0x47 0x3 0x0 0x28 0x65 0x1 0x0 0x1a 0x0 0x30 0x0 0x57 0x0 0x58 0x0 0x94 0x94 0x94 0x94 0x94 0x94 0x78 0x4 0x66 0x4 0x76 0x4 0x46 0x4 0x76 0x4 0x67 0x4 0x76 0x4 0x66 0x4 0x31 0x0 0x3 0x7c 0x7e 0x7a 0x7f 0x4d 0x80 0x4f 0x80 0xa6 0x82 0xeb 0x7b 0x73 0x7d 0x0 0x0 0xcb 0x7b 0xcc 0x2b 0x73 0xe7 0x15 0xee 0x0 0x0 0x0 0x0 0x3e 0x0 0x0 0x80 0x0 0xa4 0xa4 0x0 0x4 0xb9 0x5 0x0 0x0
1787978788462,0x1 0x8b 0xd 0xa5 0x6b 0xb6 0x60 0xd 0x0 0x0 0xd 0x3d 0x63 0x0 0xb8 0x1e 0x87 0x1e 0x73 0x0 0x39 0x3 0x47 0x3 0x0 0x28 0x65 0x1 0x0 0x1c 0x0 0x21 0x0 0x58 0x0 0x58 0x0 0x97 0x97 0x97 0x97 0x97 0x97 0x6e 0x4 0x5a 0x4 0x6e 0x4 0x64 0x4 0x76 0x4 0x69 0x4 0x78 0x4 0x69 0x4 0x31 0x0 0x3 0x7d 0x80 0x7a 0x7f 0x4d 0x80 0x4f 0x80 0xa6 0x82 0xeb 0x7b 0x73 0x7d 0x0 0x0 0xcb 0x7b 0xcc 0x2b 0x73 0xe7 0x15 0xee 0x0 0x0 0x0 0x0 0x3e 0x0 0x0 0x80 0x0 0xa4 0xa4 0x0 0x4 0xac 0x5 0x0 0x0
1787978788686,0x1 0x8a 0xd 0xa5 0x6b 0xb6 0x60 0xd 0x0 0x0 0xd 0x3d 0x61 0x0 0x65 0x1e 0x27 0x1e 0x73 0x0 0x31 0x3 0x47 0x3 0x0 0x28 0x65 0x1 0x0 0x1f 0x0 0x20 0x0 0x58 0x0 0x58 0x0 0x92 0x92 0x92 0x92 0x92 0x92 0x71 0x4 0x5e 0x4 0x70 0x4 0x62 0x4 0x71 0x4 0x63 0x4 0x70 0x4 0x61 0x4 0x31 0x0 0x3 0x7e 0x81 0x7a 0x7f 0x4d 0x80 0x4f 0x80 0xa6 0x82 0xeb 0x7b 0x73 0x7d 0x0 0x0 0xcb 0x7b 0xcc 0x2b 0x73 0xe7 0x15 0xee 0x0 0x0 0x0 0x0 0x3c 0x0 0x0 0x80 0x0 0xa4 0xa4 0x0 0x4 0xb9 0x5 0x0 0x0
1787978788911,0x1 0x89 0xd 0xa5 0x6b 0xb6 0x60 0xd 0x0 0x0 0xd 0x3e 0x60 0x0 0x6f 0x1d 0xfe 0x1d 0x73 0x0 0x43 0x3 0x47 0x3 0x0 0x28 0x65 0x1 0x0 0x21 0x0 0x21 0x0 0x57 0x0 0x57 0x0 0x9d 0x9d 0x9d 0x9d 0x9d 0x9d 0x7d 0x4 0x6f 0x4 0x7d 0x4 0x70 0x4 0x74 0x4 0x60 0x4 0x6e 0x4 0x60 0x4 0x31 0x0 0x3 0x80 0x82 0x7a 0x7f 0x4d 0x80 0x4f 0x80 0xa6 0x82 0xeb 0x7b 0x73 0x7d 0x0 0x0 0xcb 0x7b 0xcc 0x2b 0x73 0xe7 0x15 0xee 0x0 0x0 0x0 0x0 0x3c 0x0 0x0 0x80 0x0 0xa4 0xa4 0x0 0x4 0xcb 0x5 0x0 0x0
1787978789134,0x1 0x89 0xd 0xa5 0x6b 0xb6 0x60 0xd 0x0 0x0 0xd 0x3e 0x62 0x0 0x84 0x1d 0xce 0x1d 0x73 0x0 0x52 0x3 0x47 0x3 0x0 0x28 0x65 0x1 0x0 0x29 0x0 0x23 0x0 0x58 0x0 0x57 0x0 0xa4 0xa4 0xa4 0xa4 0xa4 0xa4 0x6d 0x4 0x5f 0x4 0x6a 0x4 0x61 0x4 0x6f 0x4 0x5f 0x4 0x6a 0x4 0x5c 0x4 0x31 0x0 0x3 0x81 0x84 0x7a 0x7f 0x4d 0x80 0x4f 0x80 0xa6 0x82 0xeb 0x7b 0x73 0x7d 0x0 0x0 0xc5 0x7b 0xc6 0x2b 0x73 0xe7 0x15 0xee 0x0 0x0 0x0 0x0 0x45 0x0 0x0 0x80 0x0 0xa4 0xa4 0x0 0x4 0xcb 0x5 0x0 0x0
1787978789359,0x1 0x8b 0xd 0xa5 0x6b 0xb6 0x60 0xd 0x0 0x0 0xd 0x3d 0x62 0x0 0x3d 0x1d 0xf 0x1d 0x73 0x0 0x5a 0x3 0x47 0x3 0x0 0x28 0x65 0x1 0x0 0x6a 0x0 0x24 0x0 0x58 0x0 0x57 0x0 0xa6 0xa6 0xa6 0xa6 0xa6 0xa6 0x54 0x4 0x48 0x4 0x56 0x4 0x48 0x4 0x54 0x4 0x44 0x4 0x54 0x4 0x46 0x4 0x31 0x0 0x3 0x82 0x85 0x7a 0x7f 0x4d 0x80 0x4f 0x80 0xa6 0x82 0xeb 0x7b 0x73 0x7d 0x0 0x0 0xbb 0x76 0xbc 0x2b 0x73 0xe7 0x15 0xee 0x0 0x0 0x0 0x0 0x4e 0x0 0x0 0x80 0x0 0xa4 0xa4 0x0 0x4 0xac 0x5 0x0 0x0
1787978789583,0x1 0x8b 0xd 0xa4 0x6c 0xb6 0x60 0xd 0x0 0x0 0xd 0x3e 0x61 0x0 0x40 0x1d 0x1 0x1d 0x73 0x0 0x51 0x3 0x43 0x3 0x0 0x28 0x65 0x1 0x0 0x82 0x0 0x25 0x0 0x57 0x0 0x58 0x0 0xa4 0xa4 0xa4 0xa4 0xa4 0xa4 0x38 0x4 0x4c 0x4 0x2e 0x4 0x49 0x4 0x37 0x4 0x4c 0x4 0x32 0x4 0x49 0x4 0x31 0x0 0x3 0x7a 0x86 0x7a 0x7f 0x4d 0x80 0x4f 0x80 0xa6 0x82 0xeb 0x7b 0x73 0x7d 0x0 0x0 0xad 0x76 0xae 0x2b 0x73 0xe7 0x15 0xee 0x0 0x0 0x0 0x0 0x59 0x0 0x0 0x80 0x0 0xa4 0xa4 0x0 0x4 0xac 0x5 0x0 0x0
1787978789806,0x1 0x8b 0xd 0xa4 0x6c 0xb6 0x60 0xd 0x0 0x0 0xd 0x3e 0x60 0x0 0xb6 0x1c 0xfd 0x1c 0x73 0x0 0x58 0x3 0x43 0x3 0x0 0x28 0x65 0x1 0x0 0x93 0x0 0x2e 0x0 0x58 0x0 0x57 0x0 0xa6 0xa6 0xa6 0xa6 0xa6 0xa6 0x2d 0x4 0x4a 0x4 0x32 0x4 0x4e 0x4 0x31 0x4 0x4f 0x4 0x28 0x4 0x4a 0x4 0x31 0x0 0x3 0x79 0x87 0x7a 0x7f 0x4d 0x80 0x4f 0x80 0xa6 0x82 0xeb 0x7b 0x73 0x7d 0x0 0x0 0xe3 0x75 0xa0 0x2b 0x73 0xe7 0x15 0xee 0x0 0x0 0x0 0x0 0x62 0x0 0x0 0x80 0x0 0xa4 0xa4 0x0 0x4 0xac 0x5 0x0 0x0
1787978790029,0x1 0x8a 0xd 0xa4 0x6c 0xb6 0x60 0xd 0x0 0x0 0xd 0x3e 0x60 0x0 0x61 0x1c 0xfd 0x1c 0x73 0x3 0x62 0x3 0x43 0x3 0x0 0x28 0x65 0x1 0x0 0x93 0x0 0x8b 0x0 0x57 0x0 0x57 0x0 0xa5 0xa5 0xa5 0xa5 0xa5 0xa5 0x28 0x4 0x4d 0x4 0x24 0x4 0x4f 0x4 0x26 0x4 0x4d 0x4 0x23 0x4 0x4d 0x4 0x31 0x0 0x3 0x77 0x88 0x7a 0x7f 0x4d 0x80 0x4f 0x80 0xa6 0x82 0xeb 0x7b 0x73 0x7d 0x0 0x0 0xcf 0x75 0x8c 0x2b 0x73 0xe7 0x15 0xee 0x0 0x0 0x0 0x0 0x66 0x0 0x0 0x80 0x0 0xa4 0xa4 0x0 0x4 0xb9 0x5 0x0 0x0
1787978790254,0x1 0x8a 0xd 0xa4 0x6c 0xb6 0x60 0xd 0x0 0x0 0xd 0x3e 0x62 0x0 0x46 0x1d 0xe9 0x1c 0x73 0x3 0x59 0x3 0x43 0x3 0x0 0x28 0x65 0x1 0x0 0x90 0x0 0xa3 0x0 0x58 0x0 0x58 0x0 0xa3 0xa3 0xa3 0xa3 0xa3 0xa3 0x1b 0x4 0x2b 0x4 0x1c 0x4 0x49 0x4 0x1e 0x4 0x49 0x4 0x1c 0x4 0x2a 0x4 0x31 0x0 0x3 0x76 0x80 0x7a 0x7f 0x4d 0x80 0x4f 0x80 0xa6 0x82 0xeb 0x7b 0x73 0x7d 0x0 0x0 0xbf 0x75 0x7c 0x2b 0x73 0xe7 0x15 0xee 0x0 0x0 0x0 0x0 0x6a 0x0 0x0 0x80 0x0 0xa4 0xa4 0x0 0x4 0xb9 0x5 0x0 0x0
1787978790478,0x1 0x8b 0xd 0xa4 0x6c 0xb6 0x60 0xd 0x0 0x0 0xd 0x3d 0x61 0x0 0x2e 0x1d 0x7 0x1d 0x73 0x3 0x53 0x3 0x43 0x3 0x0 0x28 0x65 0x1 0x0 0x91 0x0 0xa8 0x0 0x57 0x0 0x58 0x0 0xa3 0xa3 0xa3 0xa3 0xa3 0xa3 0x1b 0x4 0x2a 0x4 0x1c 0x4 0x2b 0x4 0x1c 0x4 0x2c 0x4 0x1b 0x4 0x2b 0x4 0x31 0x0 0x3 0x75 0x7f 0x7a 0x7f 0x4d 0x80 0x4f 0x80 0xa6 0x82 0xeb 0x7b 0x73 0x7d 0x0 0x0 0xb3 0x75 0x70 0x2b 0x73 0xe7 0x15 0xee 0x0 0x0 0x0 0x0 0x6a 0x0 0x0 0x80 0x0 0xa4 0xa4 0x0 0x4 0xac 0x5 0x0 0x0
1787978790702,0x1 0x8a 0xd 0xa4 0x6c 0xb6 0x60 0xd 0x0 0x0 0xd 0x3e 0x61 0x0 0x75 0x1d 0x4d 0x1d 0x73 0x4 0x4b 0x3 0x43 0x3 0x0 0x28 0x65 0x1 0x0 0x8f 0x0 0xa6 0x0 0x57 0x0 0x57 0x0 0xa1 0xa1 0xa1 0xa1 0xa1 0xa1 0x22 0x4 0x31 0x4 0x22 0x4 0x30 0x4 0x1f 0x4 0x31 0x4 0x20 0x4 0x30 0x4 0x31 0x0 0x3 0x73 0x7d 0x7a 0x7f 0x4d 0x80 0x4f 0x80 0xa6 0x82 0xeb 0x7b 0x73 0x7d 0x0 0x0 0xab 0x7a 0x68 0x2b 0x73 0xe7 0x15 0xee 0x0 0x0 0x0 0x0 0x69 0x0 0x0 0x80 0x0 0xa4 0xa4 0x0 0x4 0xb9 0x5 0x0 0x0
1787978790926,0x1 0x8a 0xd 0xa4 0x6c 0xb6 0x60 0xd 0x0 0x0 0xd 0x3e 0x62 0x0 0xc3 0x1d 0x79 0x1d 0x73 0x4 0x4b 0x3 0x43 0x3 0x0 0x28 0x65 0x1 0x0 0x92 0x0 0xa4 0x0 0x57 0x0 0x58 0x0 0xa2 0xa2 0xa2 0xa2 0xa2 0xa2 0x22 0x4 0x31 0x4 0x1d 0x4 0x2e 0x4 0x1e 0x4 0x30 0x4 0x22 0x4 0x31 0x4 0x31 0x0 0x3 0x72 0x7c 0x7a 0x7f 0x4d 0x80 0x4f 0x80 0xa6 0x82 0xeb 0x7b 0x73 0x7d 0x0 0x0 0xa7 0x7a 0x64 0x2b 0x73 0xe7 0x15 0xee 0x0 0x0 0x0 0x0 0x66 0x0 0x0 0x80 0x0 0xa4 0xa4 0x0 0x4 0xb9 0x5 0x0 0x0
1787978791150,0x1 0x8a 0xd 0xa4 0x6c 0xb6 0x60 0xd 0x0 0x0 0xd 0x3c 0x5d 0x0 0x8c 0x1c 0x82 0x1d 0x73 0x4 0x42 0x3 0x43 0x3 0x0 0x28 0x65 0x1 0x0 0x8c 0x0 0xa4 0x0 0x57 0x0 0x58 0x0 0x9e 0x9e 0x9e 0x9e 0x9e 0x9e 0x20 0x4 0x30 0x4 0x20 0x4 0x2f 0x4 0x1e 0x4 0x30 0x4 0x1e 0x4 0x2e 0x4 0x31 0x0 0x3 0x71 0x7b 0x7a 0x7f 0x4d 0x80 0x4f 0x80 0xa6 0x82 0xeb 0x7b 0x73 0x7d 0x0 0x0 0xe5 0x7a 0x62 0x2b 0x73 0xe7 0x15 0xee 0x0 0x0 0x0 0x0 0x64 0x0 0x0 0x80 0x0 0xa4 0xa4 0x0 0x4 0xb9 0x5 0x0 0x0
1787978791373,0x1 0x8b 0xd 0xa4 0x6c 0xb6 0x60 0xd 0x0 0x0 0xd 0x3e 0x62 0x0 0x15 0x1e 0xa8 0x1d 0x73 0x4 0x42 0x3 0x43 0x3 0x0 0x28 0x65 0x1 0x0 0x83 0x0 0xa1 0x0 0x58 0x0 0x57 0x0 0x9f 0x9f 0x9f 0x9f 0x9f 0x9f 0x1e 0x4 0x2e 0x4 0x1e 0x4 0x2d 0x4 0x1d 0x4 0x2d 0x4 0x1e 0x4 0x2e 0x4 0x31 0x0 0x3 0x6f 0x79 0x7a 0x7f 0x4d 0x80 0x4f 0x80 0xa6 0x82 0xeb 0x7b 0x73 0x7d 0x0 0x0 0xa9 0x7a 0x66 0x2b 0x73 0xe7 0x15 0xee 0x0 0x0 0x0 0x0 0x63 0x0 0x0 0x80 0x0 0xa4 0xa4 0x0 0x4 0xac 0x5 0x0 0x0
1787978791597,0x1 0x8b 0xd 0xa3 0x6c 0xb6 0x60 0xd 0x0 0x0 0xd 0x3f 0x62 0x0 0x31 0x1e 0xc1 0x1d 0x73 0x3 0x3f 0x3 0x43 0x3 0x0 0x28 0x65 0x1 0x0 0x66 0x0 0xa0 0x0 0x57 0x0 0x57 0x0 0x9d 0x9d 0x9d 0x9d 0x9d 0x9d 0x1b 0x4 0x2c 0x4 0x1c 0x4 0x2c 0x4 0x1d 0x4 0x2c 0x4 0x1c 0x4 0x2c 0x4 0x31 0x0 0x3 0x6e 0x78 0x7a 0x7f 0x4d 0x80 0x4f 0x80 0xa6 0x82 0xeb 0x7b 0x73 0x7d 0x0 0x0 0xbf 0x7a 0x7c 0x2b 0x73 0xe7 0x15 0xee 0x0 0x0 0x0 0x0 0x61 0x0 0x0 0x80 0x0 0xa4 0xa4 0x0 0x4 0xac 0x5 0x0 0x0
1787978791821,0x1 0x89 0xd 0xa3 0x6c 0xb6 0x60 0xd 0x0 0x0 0xd 0x3e 0x62 0x0 0x84 0x1d 0xc1 0x1d 0x73 0x3 0x52 0x3 0x43 0x3 0x0 0x28 0x65 0x1 0x0 0x3a 0x0 0x9a 0x0 0x57 0x0 0x57 0x0 0xa2 0xa2 0xa2 0xa2 0xa2 0xa2 0x39 0x4 0x28 0x4 0x39 0x4 0x2c 0x4 0x1d 0x4 0x2a 0x4 0x39 0x4 0x25 0x4 0x31 0x0 0x3 0x76 0x77 0x78 0x7f 0x4d 0x80 0x4f 0x80 0xa6 0x82 0xeb 0x7b 0x73 0x7d 0x0 0x0 0xbd 0x75 0x7a 0x2b 0x73 0xe7 0x15 0xee 0x0 0x0 0x0 0x0 0x60 0x0 0x0 0x80 0x0 0xa4 0xa4 0x0 0x4 0xcb 0x5 0x0 0x0
1787978792045,0x1 0x8a 0xd 0xa3 0x6c 0xb6 0x60 0xd 0x0 0x0 0xd 0x3b 0x5f 0x0 0xa5 0x1c 0x58 0x1d 0x73 0x4 0x51 0x3 0x43 0x3 0x0 0x28 0x65 0x1 0x0 0x25 0x0 0x9a 0x0 0x57 0x0 0x58 0x0 0xa2 0xa2 0xa2 0xa2 0xa2 0xa2 0x31 0x4 0x1d 0x4 0x34 0x4 0x19 0x4 0x33 0x4 0x14 0x4 0x31 0x4 0x13 0x4 0x31 0x0 0x3 0x77 0x76 0x78 0x7f 0x4d 0x80 0x4f 0x80 0xa6 0x82 0xeb 0x7b 0x73 0x7d 0x0 0x0 0xb1 0x75 0x6e 0x2b 0x73 0xe7 0x15 0xee 0x0 0x0 0x0 0x0 0x63 0x0 0x0 0x80 0x0 0xa4 0xa4 0x0 0x4 0xb9 0x5 0x0 0x0
1787978792269,0x1 0x8a 0xd 0xa3 0x6c 0xb6 0x60 0xd 0x0 0x0 0xd 0x3d 0x5f 0x0 0xb7 0x1c 0x14 0x1d 0x73 0x4 0x4f 0x3 0x43 0x3 0x0 0x28 0x65 0x1 0x0 0x38 0x0 0x8c 0x0 0x57 0x0 0x57 0x0 0xa2 0xa2 0xa2 0xa2 0xa2 0xa2 0x30 0x4 0x7 0x4 0x2b 0x4 0x3 0x4 0x30 0x4 0xc 0x4 0x2b 0x4 0x3 0x4 0x31 0x0 0x3 0x78 0x74 0x78 0x7f 0x4d 0x80 0x4f 0x80 0xa6 0x82 0xeb 0x7b 0x73 0x7d 0x0 0x0 0xa7 0x75 0x64 0x2b 0x73 0xe7 0x15 0xee 0x0 0x0 0x0 0x0 0x68 0x0 0x0 0x80 0x0 0xa4 0xa4 0x0 0x4 0xb9 0x5 0x0 0x0
1787978792493,0x1 0x8b 0xd 0xa3 0x6c 0xb6 0x60 0xd 0x0 0x0 0xd 0x3e 0x62 0x0 0x58 0x1d 0xb 0x1d 0x73 0x4 0x57 0x3 0x43 0x3 0x0 0x28 0x65 0x1 0x0 0x61 0x0 0x87 0x0 0x57 0x0 0x58 0x0 0xa3 0xa3 0xa3 0xa3 0xa3 0xa3 0x2e 0x4 0xfc 0x3 0x2e 0x4 0x0 0x4 0x2f 0x4 0xfd 0x3 0x2f 0x4 0xfc 0x3 0x31 0x0 0x3 0x7a 0x73 0x78 0x7f 0x4d 0x80 0x4f 0x80 0xa6 0x82 0xeb 0x7b 0x73 0x7d 0x0 0x0 0x9d 0x75 0x5a 0x2b 0x73 0xe7 0x15 0xee 0x0 0x0 0x0 0x0 0x6c 0x0 0x0 0x80 0x0 0xa4 0xa4 0x0 0x4 0xac 0x5 0x0 0x0
1787978792717,0x1 0x8a 0xd 0xa3 0x6c 0xb6 0x60 0xd 0x0 0x0 0xd 0x3d 0x61 0x0 0x2e 0x1d 0x13 0x1d 0x73 0x4 0x53 0x3 0x43 0x3 0x0 0x28 0x65 0x1 0x0 0x75 0x0 0x79 0x0 0x57 0x0 0x58 0x0 0xa2 0xa2 0xa2 0xa2 0xa2 0xa2 0x32 0x4 0xfa 0x3 0x34 0x4 0xf9 0x3 0x16 0x4 0xfa 0x3 0x16 0x4 0xf9 0x3 0x31 0x0 0x3 0x73 0x72 0x74 0x7f 0x4d 0x80 0x4f 0x80 0xa6 0x82 0xeb 0x7b 0x73 0x7d 0x0 0x0 0x8d 0x75 0x4a 0x2b 0x73 0xe7 0x15 0xee 0x0 0x0 0x0 0x0 0x70 0x0 0x0 0x80 0x0 0xa4 0xa4 0x0 0x4 0xb9 0x5 0x0 0x0
1787978792941,0x1 0x8a 0xd 0xa3 0x6c 0xb6 0x60 0xd 0x0 0x0 0xd 0x3e 0x60 0x0 0xea 0x1c 0x25 0x1d 0x73 0x4 0x52 0x3 0x43 0x3 0x0 0x28 0x65 0x1 0x0 0x8c 0x0 0x61 0x0 0x57 0x0 0x57 0x0 0xa3 0xa3 0xa3 0xa3 0xa3 0xa3 0x15 0x4 0xf7 0x3 0x13 0x4 0xf9 0x3 0x16 0x4 0xf9 0x3 0x13 0x4 0xf7 0x3 0x31 0x0 0x3 0x71 0x70 0x74 0x7f 0x4d 0x80 0x4f 0x80 0xa6 0x82 0xeb 0x7b 0x73 0x7d 0x0 0x0 0x45 0x87 0x42 0x2b 0x73 0xe7 0x15 0xee 0x0 0x0 0x0 0x0 0x75 0x0 0x0 0x80 0x0 0xa4 0xa4 0x0 0x4 0xb9 0x5 0x0 0x0
1787978793164,0x1 0x8b 0xd 0xa3 0x6c 0xb6 0x60 0xd 0x0 0x0 0xd 0x3c 0x60 0x0 0x27 0x1d 0x3a 0x1d 0x73 0x4 0x4b 0x3 0x43 0x3 0x0 0x28 0x65 0x1 0x0 0x8d 0x0 0x48 0x0 0x58 0x0 0x57 0x0 0xa2 0xa2 0xa2 0xa2 0xa2 0xa2 0x15 0x4 0xf6 0x3 0x13 0x4 0xf5 0x3 0x14 0x4 0x16 0x4 0x12 0x4 0x16 0x4 0x31 0x0 0x3 0x70 0x77 0x74 0x7c 0x4d 0x80 0x4f 0x80 0xa6 0x82 0xeb 0x7b 0x73 0x7d 0x0 0x0 0x77 0x75 0x3c 0x2b 0x73 0xe7 0x15 0xee 0x0 0x0 0x0 0x0 0x79 0x0 0x0 0x80 0x0 0xa4 0xa4 0x0 0x4 0xac 0x5 0x0 0x0
1787978793388,0x1 0x8b 0xd 0xa3 0x6c 0xb6 0x60 0xd 0x0 0x0 0xd 0x3d 0x5e 0x0 0x83 0x1c 0x47 0x1d 0x73 0x4 0x4c 0x3 0x43 0x3 0x0 0x28 0x65 0x1 0x0 0x7f 0x0 0x2b 0x0 0x57 0x0 0x57 0x0 0xa1 0xa1 0xa1 0xa1 0xa1 0xa1 0x11 0x4 0x1d 0x4 0x10 0x4 0x1c 0x4 0x12 0x4 0x1b 0x4 0xe 0x4 0x1c 0x4 0x31 0x0 0x3 0x6f 0x79 0x74 0x7c 0x4d 0x80 0x4f 0x80 0xa6 0x82 0xeb 0x7b 0x74 0x7e 0x0 0x0 0x71 0x75 0x36 0x2b 0x73 0xe7 0x15 0xee 0x0 0x0 0x0 0x0 0x7b 0x0 0x0 0x80 0x0 0xa4 0xa4 0x0 0x4 0xac 0x5 0x0 0x0
1787978793612,0x1 0x8a 0xd 0xa3 0x6d 0xb6 0x60 0xd 0x0 0x0 0xd 0x3e 0x62 0x0 0x2c 0x1d 0x3f 0x1d 0x73 0x4 0x5c 0x3 0x3f 0x3 0x0 0x28 0x65 0x1 0x0 0x4a 0x0 0x22 0x0 0x57 0x0 0x58 0x0 0xa4 0xa4 0xa4 0xa4 0xa4 0xa4 0x7 0x4 0x1d 0x4 0xa 0x4 0x1f 0x4 0xa 0x4 0x1e 0x4 0x7 0x4 0x1f 0x4 0x31 0x0 0x3 0x76 0x7a 0x74 0x7c 0x4d 0x80 0x4f 0x80 0xa6 0x82 0xeb 0x7b 0x74 0x7e 0x0 0x0 0xac 0x74 0x26 0x2b 0x73 0xe7 0x15 0xee 0x0 0x0 0x0 0x0 0x7c 0x0 0x0 0x80 0x0 0xa4 0xa4 0x0 0x4 0xb9 0x5 0x0 0x0
1787978793837,0x1 0x8a 0xd 0xa3 0x6d 0xb6 0x60 0xd 0x0 0x0 0xd 0x3e 0x61 0x0 0xe0 0x1c 0x29 0x1d 0x73 0x5 0x5c 0x3 0x3f 0x3 0x0 0x28 0x65 0x1 0x0 0x21 0x0 0x21 0x0 0x57 0x0 0x58 0x0 0xa4 0xa4 0xa4 0xa4 0xa4 0xa4 0x29 0x4 0x22 0x4 0x29 0x4 0x22 0x4 0x28 0x4 0x20 0x4 0x28 0x4 0x22 0x4 0x31 0x0 0x3 0x77 0x7b 0x74 0x7c 0x4d 0x80 0x4f 0x80 0xa6 0x82 0xeb 0x7b 0x74 0x7e 0x0 0x0 0x96 0x74 0x10 0x2b 0x73 0xe7 0x15 0xee 0x0 0x0 0x0 0x0 0x7e 0x0 0x0 0x80 0x0 0xa4 0xa4 0x0 0x4 0xb9 0x5 0x0 0x0
1787978794060,0x1 0x8b 0xd 0xa2 0x6d 0xb6 0x60 0xd 0x0 0x0 0xd 0x3e 0x63 0x0 0x4d 0x1d 0x27 0x1d 0x73 0x5 0x61 0x3 0x3f 0x3 0x0 0x28 0x65 0x1 0x0 0x1d 0x0 0x22 0x0 0x57 0x0 0x58 0x0 0xa5 0xa5 0xa5 0xa5 0xa5 0xa5 0x2c 0x4 0x27 0x4 0x2a 0x4 0x24 0x4 0x2b 0x4 0x25 0x4 0x2d 0x4 0x27 0x4 0x31 0x0 0x3 0x78 0x7d 0x74 0x7c 0x4d 0x80 0x4f 0x80 0xa6 0x82 0xeb 0x7b 0x74 0x7e 0x0 0x0 0x7c 0x74 0xf6 0x2a 0x73 0xe7 0x15 0xee 0x0 0x0 0x0 0x0 0x87 0x0 0x0 0x80 0x0 0xa4 0xa4 0x0 0x4 0xac 0x5 0x0 0x0
1787978794285,0x1 0x8b 0xd 0xa2 0x6d 0xb6 0x60 0xd 0x0 0x0 0xd 0x3d 0x61 0x0 0xe0 0x1c 0xfc 0x1c 0x73 0x5 0x5c 0x3 0x3f 0x3 0x0 0x28 0x65 0x1 0x0 0x1f 0x0 0x2b 0x0 0x58 0x0 0x58 0x0 0xa4 0xa4 0xa4 0xa4 0xa4 0xa4 0x2b 0x4 0x23 0x4 0x2b 0x4 0x24 0x4 0x2b 0x4 0x25 0x4 0x2b 0x4 0x25 0x4 0x31 0x0 0x3 0x79 0x7e 0x74 0x7c 0x4d 0x80 0x4f 0x80 0xa6 0x82 0xeb 0x7b 0x74 0x7e 0x0 0x0 0x68 0x74 0xe2 0x2a 0x73 0xe7 0x15 0xee 0x0 0x0 0x0 0x0 0x8e 0x0 0x0 0x80 0x0 0xa4 0xa4 0x0 0x4 0xac 0x5 0x0 0x0
1787978794508,0x1 0x8a 0xd 0xa2 0x6d 0xb6 0x60 0xd 0x0 0x0 0xd 0x3e 0x61 0x0 0xbe 0x1c 0xbe 0x1c 0x73 0x5 0x60 0x3 0x3f 0x3 0x0 0x28 0x65 0x1 0x0 0x76 0x0 0x76 0x0 0x57 0x0 0x58 0x0 0xa4 0xa4 0xa4 0xa4 0xa4 0xa4 0x29 0x4 0x21 0x4 0x27 0x4 0x21 0x4 0x29 0x4 0x22 0x4 0x28 0x4 0x21 0x4 0x31 0x0 0x3 0x7b 0x7f 0x74 0x7c 0x4d 0x80 0x4f 0x80 0xa6 0x82 0xeb 0x7b 0x74 0x7e 0x0 0x0 0x4e 0x74 0xc8 0x2a 0x73 0xe7 0x15 0xee 0x0 0x0 0x0 0x0 0x94 0x0 0x0 0x80 0x0 0xa4 0xa4 0x0 0x4 0xb9 0x5 0x0 0x0
1787978794732,0x1 0x8a 0xd 0xa2 0x6d 0xb6 0x60 0xd 0x0 0x0 0xd 0x3c 0x60 0x0 0x83 0x1c 0xb2 0x1c 0x73 0x6 0x5e 0x3 0x3f 0x3 0x0 0x28 0x65 0x1 0x0 0x9b 0x0 0xa3 0x0 0x58 0x0 0x58 0x0 0xa5 0xa5 0xa5 0xa5 0xa5 0xa5 0x3 0x4 0x1f 0x4 0x5 0x4 0x1e 0x4 0x5 0x4 0x20 0x4 0x3 0x4 0x20 0x4 0x31 0x0 0x3 0x72 0x77 0x74 0x7c 0x4d 0x80 0x4f 0x80 0xa6 0x82 0xeb 0x7b 0x74 0x7e 0x0 0x0 0x3a 0x74 0xb4 0x2a 0x73 0xe7 0x15 0xee 0x0 0x0 0x0 0x0 0x99 0x0 0x0 0x80 0x0 0xa4 0xa4 0x0 0x4 0xb9 0x5 0x0 0x0
1787978794956,0x1 0x8b 0xd 0xa2 0x6d 0xb6 0x60 0xd 0x0 0x0 0xd 0x3d 0x60 0x0 0x50 0x1c 0x8b 0x1c 0x73 0x6 0x64 0x3 0x3f 0x3 0x0 0x28 0x65 0x1 0x0 0x9e 0x0 0xa6 0x0 0x57 0x0 0x58 0x0 0xa5 0xa5 0xa5 0xa5 0xa5 0xa5 0xfc 0x3 0xfa 0x3 0xfc 0x3 0xf8 0x3 0xf8 0x3 0xfb 0x3 0xf8 0x3 0xf7 0x3 0x31 0x0 0x3 0x70 0x76 0x74 0x77 0x4d 0x80 0x4f 0x80 0xa6 0x82 0xeb 0x7b 0x74 0x7e 0x0 0x0 0x20 0x74 0x9a 0x2a 0x73 0xe7 0x15 0xee 0x0 0x0 0x0 0x0 0x98 0x0 0x0 0x80 0x0 0xa4 0xa4 0x0 0x4 0xac 0x5 0x0 0x0
1787978795180,0x1 0x8b 0xd 0xa2 0x6d 0xb6 0x60 0xd 0x0 0x0 0xd 0x3c 0x60 0x0 0xa5 0x1c 0x8f 0x1c 0x73 0x6 0x5a 0x3 0x3f 0x3 0x0 0x28 0x65 0x1 0x0 0x93 0x0 0x9f 0x0 0x57 0x0 0x58 0x0 0xa4 0xa4 0xa4 0xa4 0xa4 0xa4 0xf4 0x3 0xf3 0x3 0xf3 0x3 0xf2 0x3 0xf5 0x3 0xf2 0x3 0xf3 0x3 0xf2 0x3 0x31 0x0 0x3 0x6f 0x75 0x74 0x77 0x4d 0x80 0x4f 0x80 0xa6 0x82 0xeb 0x7b 0x74 0x7e 0x0 0x0 0x8 0x74 0x82 0x2a 0x73 0xe7 0x15 0xee 0x0 0x0 0x0 0x0 0x92 0x0 0x0 0x80 0x0 0xa4 0xa4 0x0 0x4 0xac 0x5 0x0 0x0
1787978795405,0x1 0x8b 0xd 0xa2 0x6d 0xb6 0x60 0xd 0x0 0x0 0xd 0x3e 0x62 0x0 0x8d 0x1d 0xb5 0x1c 0x73 0x5 0x51 0x3 0x3f 0x3 0x0 0x28 0x65 0x1 0x0 0x84 0x0 0x95 0x0 0x57 0x0 0x57 0x0 0xa3 0xa3 0xa3 0xa3 0xa3 0xa3 0xf2 0x3 0xf2 0x3 0xf3 0x3 0xf2 0x3 0xf3 0x3 0xf3 0x3 0xf5 0x3 0xf3 0x3 0x31 0x0 0x3 0x6e 0x74 0x74 0x77 0x4d 0x80 0x4f 0x80 0xa6 0x82 0xeb 0x7b 0x73 0x7d 0x0 0x0 0xf6 0x73 0x70 0x2a 0x73 0xe7 0x15 0xee 0x0 0x0 0x0 0x0 0x91 0x0 0x0 0x80 0x0 0xa4 0xa4 0x0 0x4 0xac 0x5 0x0 0x0
1787978795628,0x1 0x8a 0xd 0xa2 0x6d 0xb6 0x60 0xd 0x0 0x0 0xd 0x3d 0x5f 0x0 0xc8 0x1c 0x9 0x1d 0x73 0x5 0x4d 0x3 0x3f 0x3 0x0 0x28 0x65 0x1 0x0 0x40 0x0 0x88 0x0 0x58 0x0 0x58 0x0 0xa2 0xa2 0xa2 0xa2 0xa2 0xa2 0xfd 0x3 0xfc 0x3 0x1c 0x4 0xfb 0x3 0xfc 0x3 0xfa 0x3 0x1d 0x4 0xfb 0x3 0x31 0x0 0x3 0x75 0x72 0x74 0x77 0x4d 0x80 0x4f 0x80 0xa6 0x82 0xeb 0x7b 0x73 0x7d 0x0 0x0 0xec 0x73 0x66 0x2a 0x73 0xe7 0x15 0xee 0x0 0x0 0x0 0x0 0x92 0x0 0x0 0x80 0x0 0xa4 0xa4 0x0 0x4 0xb9 0x5 0x0 0x0
1787978795853,0x1 0x8b 0xd 0xa2 0x6d 0xb6 0x60 0xd 0x0 0x0 0xd 0x3d 0x60 0x0 0x8b 0x1c 0xe9 0x1c 0x73 0x5 0x5d 0x3 0x3f 0x3 0x0 0x28 0x65 0x1 0x0 0x1c 0x0 0x75 0x0 0x57 0x0 0x58 0x0 0xa4 0xa4 0xa4 0xa4 0xa4 0xa4 0x1c 0x4 0xf4 0x3 0x1c 0x4 0xf2 0x3 0x1c 0x4 0xf1 0x3 0x1c 0x4 0xf0 0x3 0x31 0x0 0x3 0x76 0x71 0x74 0x77 0x4d 0x80 0x4f 0x80 0xa6 0x82 0xeb 0x7b 0x73 0x7d 0x0 0x0 0xdc 0x73 0x56 0x2a 0x73 0xe7 0x15 0xee 0x0 0x0 0x0 0x0 0x89 0x0 0x0 0x80 0x0 0xa4 0xa4 0x0 0x4 0xac 0x5 0x0 0x0
1787978796075,0x1 0x8b 0xd 0xa2 0x6d 0xb6 0x60 0xd 0x0 0x0 0xd 0x3d 0x62 0x0 0x46 0x1d 0xf4 0x1c 0x73 0x5 0x59 0x3 0x3f 0x3 0x0 0x28 0x65 0x1 0x0 0x1a 0x0 0x31 0x0 0x58 0x0 0x58 0x0 0xa4 0xa4 0xa4 0xa4 0xa4 0xa4 0x20 0x4 0xd 0x4 0x21 0x4 0xd 0x4 0x23 0x4 0xec 0x3 0x23 0x4 0x10 0x4 0x31 0x0 0x3 0x78 0x79 0x74 0x78 0x4d 0x80 0x4f 0x80 0xa6 0x82 0xeb 0x7b 0x73 0x7d 0x0 0x0 0xc2 0x73 0x3c 0x2a 0x73 0xe7 0x15 0xee 0x0 0x0 0x0 0x0 0x81 0x0 0x0 0x80 0x0 0xa4 0xa4 0x0 0x4 0xac 0x5 0x0 0x0
1787978796299,0x1 0x8a 0xd 0xa2 0x6d 0xb6 0x60 0xd 0x0 0x0 0xd 0x3c 0x61 0x0 0xfa 0x1c 0xf0 0x1c 0x73 0x5 0x59 0x3 0x3f 0x3 0x0 0x28 0x65 0x1 0x0 0x1a 0x0 0x20 0x0 0x57 0x0 0x57 0x0 0xa4 0xa4 0xa4 0xa4 0xa4 0xa4 0x27 0x4 0x13 0x4 0x27 0x4 0x12 0x4 0x26 0x4 0x12 0x4 0x27 0x4 0x14 0x4 0x31 0x0 0x3 0x79 0x7a 0x74 0x78 0x4d 0x80 0x4f 0x80 0xa6 0x82 0xeb 0x7b 0x73 0x7d 0x0 0x0 0xb0 0x73 0x2a 0x2a 0x73 0xe7 0x15 0xee 0x0 0x0 0x0 0x0 0x80 0x0 0x0 0x80 0x0 0xa4 0xa4 0x0 0x4 0xb9 0x5 0x0 0x0
1787978796523,0x1 0x8a 0xd 0xa1 0x6d 0xb6 0x60 0xd 0x0 0x0 0xd 0x3d 0x61 0x0 0xf1 0x1c 0xf9 0x1c 0x73 0x5 0x5a 0x3 0x3f 0x3 0x0 0x28 0x65 0x1 0x0 0x1c 0x0 0x1f 0x0 0x58 0x0 0x57 0x0 0xa4 0xa4 0xa4 0xa4 0xa4 0xa4 0x2a 0x4 0x17 0x4 0x2b 0x4 0x1b 0x4 0x2d 0x4 0x1b 0x4 0x2d 0x4 0x1b 0x4 0x31 0x0 0x3 0x7a 0x7c 0x74 0x78 0x4d 0x80 0x4f 0x80 0xa6 0x82 0xeb 0x7b 0x73 0x7d 0x0 0x0 0x9e 0x73 0x18 0x2a 0x73 0xe7 0x15 0xee 0x0 0x0 0x0 0x0 0x85 0x0 0x0 0x80 0x0 0xa4 0xa4 0x0 0x4 0xb9 0x5 0x0 0x0
1787978796748,0x1 0x8a 0xd 0xa1 0x6d 0xb6 0x60 0xd 0x0 0x0 0xd 0x3a 0x5e 0x0 0x3e 0x1c 0xdd 0x1c 0x73 0x4 0x54 0x3 0x3f 0x3 0x0 0x28 0x65 0x1 0x0 0x1f 0x0 0x1d 0x0 0x57 0x0 0x57 0x0 0xa3 0xa3 0xa3 0xa3 0xa3 0xa3 0x2e 0x4 0x1d 0x4 0x2f 0x4 0x1d 0x4 0x2d 0x4 0x1c 0x4 0x2f 0x4 0x1d 0x4 0x31 0x0 0x3 0x7b 0x7d 0x74 0x78 0x4d 0x80 0x4f 0x80 0xa6 0x82 0xeb 0x7b 0x73 0x7d 0x0 0x0 0x86 0x73 0x0 0x2a 0x73 0xe7 0x15 0xee 0x0 0x0 0x0 0x0 0x68 0x0 0x0 0x80 0x0 0xa4 0xa4 0x0 0x4 0xb9 0x5 0x0 0x0
1787978796971,0x1 0x8b 0xd 0xa1 0x6e 0xb6 0x60 0xd 0x0 0x0 0xd 0x3e 0x61 0x0 0x2 0x1d 0xd3 0x1c 0x73 0x4 0x58 0x3 0x3c 0x3 0x0 0x28 0x65 0x1 0x0 0x1c 0x0 0x1d 0x0 0x58 0x0 0x58 0x0 0xa4 0xa4 0xa4 0xa4 0xa4 0xa4 0x32 0x4 0x1c 0x4 0x2d 0x4 0x1d 0x4 0x31 0x4 0x1f 0x4 0x32 0x4 0x20 0x4 0x31 0x0 0x3 0x7d 0x7e 0x74 0x78 0x4d 0x80 0x4f 0x80 0xa6 0x82 0xeb 0x7b 0x73 0x7d 0x0 0x0 0x38 0x80 0xf2 0x29 0x73 0xe7 0x15 0xee 0x0 0x0 0x0 0x0 0x64 0x0 0x0 0x80 0x0 0xa4 0xa4 0x0 0x4 0xac 0x5 0x0 0x0
1787978797196,0x1 0x8b 0xd 0xa1 0x6e 0xb6 0x60 0x15 0x8 0x0 0xd 0x43 0x67 0x0 0x3e 0x1f 0x86 0x1d 0x73 0x4 0x4c 0x3 0x3c 0x3 0x0 0x28 0x65 0x1 0x0 0x1b 0x0 0x1b 0x0 0x57 0x0 0x58 0x0 0xa0 0xa0 0xa0 0xa0 0xa0 0xa0 0x40 0x4 0x2f 0x4 0x44 0x4 0x34 0x4 0x9b 0x5 0x2c 0x4 0x9b 0x5 0x81 0x5 0x30 0x0 0x3 0x7e 0x7f 0x74 0x78 0x4d 0x80 0x4f 0x80 0xa6 0x82 0xeb 0x7b 0x73 0x7d 0x0 0x0 0xad 0x77 0xe4 0x29 0x73 0xe7 0x15 0xee 0x0 0x0 0x0 0x0 0x65 0x0 0x0 0x80 0x0 0xa4 0xa4 0x0 0x8 0xac 0x5 0x0 0x0
1787978797420,0x1 0x89 0xd 0xa1 0x6e 0xb6 0x60 0x18 0xb 0x0 0xd 0x53 0x99 0x0 0xb7 0x2a 0xe4 0x27 0x73 0x4 0x95 0x3 0x3c 0x3 0x0 0x28 0x65 0x1 0x0 0x8a 0x0 0x9e 0x0 0x57 0x0 0x57 0x0 0x93 0x93 0x93 0x93 0x93 0x93 0xf6 0x7 0xe4 0x7 0x34 0x8 0x64 0x9 0x24 0x9 0x86 0x8 0x34 0x8 0xc 0x8 0x2f 0x0 0x3 0x79 0x82 0x74 0x78 0x4d 0x80 0x4f 0x80 0xa6 0x82 0xeb 0x7b 0x73 0x7d 0x0 0x0 0xd5 0x6b 0xc 0x23 0x73 0xe7 0x15 0xee 0x0 0x0 0x0 0x0 0x60 0x0 0x0 0x80 0x0 0xa4 0xa4 0x0 0x8 0xcb 0x5 0x0 0x0
1787978797643,0x1 0x8a 0xd 0xa1 0x6e 0xb6 0x60 0x18 0xb 0x0 0xd 0x54 0x98 0x0 0x44 0x24 0xfa 0x25 0x73 0x4 0x31 0x4 0x3c 0x3 0x0 0x28 0x65 0x1 0x0 0xbc 0x0 0xba 0x0 0x57 0x0 0x58 0x0 0x81 0x81 0x81 0x81 0x81 0x81 0x74 0x6 0x72 0x6 0xfe 0x6 0xe0 0x6 0xb0 0x6 0xaa 0x6 0x55 0x6 0x72 0x6 0x2a 0x0 0x3 0x76 0x82 0x77 0x78 0x4d 0x80 0x4f 0x80 0xa6 0x82 0xeb 0x7b 0x73 0x7d 0x0 0x0 0x21 0x71 0x58 0x1d 0x73 0xe7 0x15 0xee 0x0 0x0 0x0 0x0 0x58 0x0 0x0 0x80 0x0 0xa4 0xa4 0x0 0x8 0xb9 0x5 0x0 0x0
1787978797867,0x1 0x8b 0xd 0xa1 0x6e 0xb6 0x60 0x13 0x6 0x0 0xd 0x51 0x95 0x0 0x67 0x21 0x7d 0x22 0x73 0x4 0x76 0x4 0x3c 0x3 0x0 0x28 0x65 0x1 0x0 0xb8 0x0 0xb5 0x0 0x57 0x0 0x58 0x0 0x7d 0x7d 0x7d 0x7d 0x7d 0x7d 0x57 0x5 0x39 0x5 0x74 0x5 0x76 0x5 0x78 0x5 0x66 0x5 0x3f 0x5 0x39 0x5 0x29 0x0 0x3 0x74 0x79 0x77 0x79 0x4d 0x80 0x4f 0x80 0xa6 0x82 0xeb 0x7b 0x73 0x7d 0x0 0x0 0x49 0x6c 0x80 0x16 0x73 0xe7 0x15 0xee 0x0 0x0 0x0 0x0 0x5c 0x0 0x0 0x80 0x0 0xa4 0xa4 0x0 0x8 0xac 0x5 0x0 0x0
1787978798092,0x1 0x8b 0xd 0xa1 0x6e 0xb6 0x60 0xd 0x0 0x0 0xd 0x3c 0x5d 0x0 0xdb 0x17 0xcc 0x1a 0x73 0x4 0xe6 0x3 0x3c 0x3 0x0 0x28 0x65 0x1 0x0 0xb4 0x0 0xb2 0x0 0x57 0x0 0x57 0x0 0x80 0x80 0x80 0x80 0x80 0x80 0x6c 0x3 0x4d 0x3 0x3a 0x3 0x57 0x3 0x6e 0x3 0x65 0x3 0x3a 0x3 0x38 0x3 0x2f 0x0 0x3 0x72 0x77 0x77 0x79 0x4d 0x80 0x4f 0x80 0xa6 0x82 0xeb 0x7b 0x73 0x7d 0x0 0x0 0x1f 0x6d 0x56 0x1c 0x73 0xe7 0x15 0xee 0x0 0x0 0x0 0x0 0x6f 0x0 0x0 0x80 0x0 0xa4 0xa4 0x0 0x4 0xac 0x5 0x0 0x0
1787978798316,0x1 0x8a 0xd 0xa1 0x6e 0xb6 0x60 0xd 0x0 0x0 0xd 0x3b 0x5e 0x0 0xdb 0x1c 0x58 0x1b 0x73 0x4 0x42 0x3 0x3c 0x3 0x0 0x28 0x65 0x1 0x0 0xb3 0x0 0xb0 0x0 0x58 0x0 0x58 0x0 0x82 0x82 0x82 0x82 0x82 0x82 0x83 0x3 0x8c 0x3 0x9b 0x3 0xa5 0x3 0xb4 0x3 0xb6 0x3 0xb9 0x3 0xb6 0x3 0x32 0x0 0x3 0x71 0x76 0x77 0x79 0x4d 0x80 0x4f 0x80 0xa6 0x82 0xeb 0x7b 0x73 0x7d 0x0 0x0 0xc9 0x70 0x0 0x23 0x73 0xe7 0x15 0xee 0x0 0x0 0x0 0x0 0x8c 0x0 0x0 0x80 0x0 0xa4 0xa4 0x0 0x4 0xb9 0x5 0x0 0x0
1787978798540,0x1 0x8a 0xd 0xa1 0x6e 0xb6 0x60 0xd 0x0 0x0 0xd 0x3d 0x60 0x0 0x82 0x20 0xea 0x1d 0x73 0x4 0xf4 0x2 0x3c 0x3 0x0 0x28 0x65 0x1 0x0 0xb0 0x0 0xad 0x0 0x58 0x0 0x57 0x0 0x84 0x84 0x84 0x84 0x84 0x84 0xb3 0x4 0xba 0x4 0xbd 0x4 0xec 0x3 0x1 0x4 0x15 0x4 0xbd 0x4 0xba 0x4 0x31 0x0 0x3 0x6f 0x75 0x77 0x79 0x4d 0x80 0x4f 0x80 0xa6 0x82 0xeb 0x7b 0x73 0x7d 0x0 0x0 0xd3 0x78 0xa 0x2b 0x73 0xe7 0x15 0xee 0x0 0x0 0x0 0x0 0x97 0x0 0x0 0x80 0x0 0xa4 0xa4 0x0 0x4 0xb9 0x5 0x0 0x0
1787978798763,0x1 0x8b 0xd 0xa1 0x6e 0xb6 0x60 0xd 0x0 0x0 0xd 0x3d 0x60 0x0 0x0 0x20 0xd2 0x1e 0x73 0x4 0x0 0x3 0x3c 0x3 0x0 0x28 0x65 0x1 0x0 0xae 0x0 0xad 0x0 0x58 0x0 0x58 0x0 0x87 0x87 0x87 0x87 0x87 0x87 0xc1 0x4 0xcc 0x4 0xb4 0x4 0xac 0x4 0xc1 0x4 0xa4 0x4 0xa7 0x4 0xa4 0x4 0x31 0x0 0x3 0x6e 0x74 0x77 0x79 0x4d 0x80 0x4f 0x80 0xa6 0x82 0xeb 0x7b 0x73 0x7d 0x0 0x0 0x4f 0x79 0x86 0x2b 0x73 0xe7 0x15 0xee 0x0 0x0 0x0 0x0 0x93 0x0 0x0 0x80 0x0 0xa4 0xa4 0x0 0x4 0xac 0x5 0x0 0x0
1787978798986,0x1 0x8b 0xd 0xa0 0x6e 0xb6 0x60 0xd 0x0 0x0 0xd 0x3e 0x60 0x0 0xe0 0x1e 0xf 0x1f 0x73 0x4 0x1c 0x3 0x3c 0x3 0x0 0x28 0x65 0x1 0x0 0xae 0x0 0xab 0x0 0x58 0x0 0x58 0x0 0x87 0x87 0x87 0x87 0x87 0x87 0x79 0x4 0x55 0x4 0x68 0x4 0x72 0x4 0x85 0x4 0x77 0x4 0x58 0x4 0x55 0x4 0x31 0x0 0x3 0x6d 0x72 0x77 0x79 0x4d 0x80 0x4f 0x80 0xa6 0x82 0xeb 0x7b 0x73 0x7d 0x0 0x0 0xef 0x7b 0x26 0x2e 0x73 0xe7 0x15 0xee 0x0 0x0 0x0 0x0 0x8a 0x0 0x0 0x80 0x0 0xa4 0xa4 0x0 0x4 0xac 0x5 0x0 0x0
1787978799210,0x1 0x8a 0xd 0xa0 0x6e 0xb6 0x60 0xd 0x0 0x0 0xd 0x3e 0x63 0x0 0x89 0x1e 0xc1 0x1e 0x73 0x4 0x3e 0x3 0x3c 0x3 0x0 0x28 0x65 0x1 0x0 0xac 0x0 0xaa 0x0 0x58 0x0 0x58 0x0 0xa2 0xa2 0xa2 0xa2 0xa2 0xa2 0x3c 0x4 0x2f 0x4 0x31 0x4 0x2c 0x4 0x34 0x4 0x34 0x4 0x37 0x4 0x34 0x4 0x31 0x0 0x3 0x6c 0x71 0x77 0x79 0x4d 0x80 0x4f 0x80 0xa6 0x82 0xeb 0x7b 0x73 0x7d 0x0 0x0 0x1 0x76 0x38 0x28 0x73 0xe7 0x15 0xee 0x0 0x0 0x0 0x0 0x82 0x0 0x0 0x80 0x0 0xa4 0xa4 0x0 0x4 0xb9 0x5 0x0 0x0
1787978799434,0x1 0x89 0xd 0xa0 0x6e 0xb6 0x60 0xd 0x0 0x0 0xd 0x3d 0x5f 0x0 0xe1 0x1d 0x77 0x1e 0x73 0x4 0x2e 0x3 0x3c 0x3 0x0 0x28 0x65 0x1 0x0 0xa2 0x0 0xa3 0x0 0x58 0x0 0x57 0x0 0x97 0x97 0x97 0x97 0x97 0x97 0x21 0x4 0x1e 0x4 0x1f 0x4 0x25 0x4 0x27 0x4 0x23 0x4 0x1f 0x4 0x1c 0x4 0x31 0x0 0x3 0x6a 0x70 0x77 0x79 0x4d 0x80 0x4f 0x80 0xa6 0x82 0xeb 0x7b 0x73 0x7d 0x0 0x0 0x1f 0x76 0x56 0x28 0x73 0xe7 0x15 0xee 0x0 0x0 0x0 0x0 0x7e 0x0 0x0 0x80 0x0 0xa4 0xa4 0x0 0x4 0xcb 0x5 0x0 0x0
1787978799659,0x1 0x8b 0xd 0xa0 0x6e 0xb6 0x60 0xd 0x0 0x0 0xd 0x3d 0x5f 0x0 0x36 0x1e 0x80 0x1e 0x73 0x4 0x25 0x3 0x3c 0x3 0x0 0x28 0x65 0x1 0x0 0x8b 0x0 0x95 0x0 0x57 0x0 0x58 0x0 0x93 0x93 0x93 0x93 0x93 0x93 0x31 0x4 0x29 0x4 0x41 0x4 0x2e 0x4 0x1e 0x4 0x1b 0x4 0x1e 0x4 0x1b 0x4 0x31 0x0 0x3 0x69 0x6e 0x77 0x79 0x4d 0x80 0x4f 0x80 0xa6 0x82 0xeb 0x7b 0x73 0x7d 0x0 0x0 0x57 0x76 0x8e 0x28 0x73 0xe7 0x15 0xee 0x0 0x0 0x0 0x0 0x77 0x0 0x0 0x80 0x0 0xa4 0xa4 0x0 0x4 0xac 0x5 0x0 0x0
1787978799883,0x1 0x8b 0xd 0xa0 0x6e 0xb6 0x60 0xd 0x0 0x0 0xd 0x3e 0x62 0x0 0xad 0x1f 0xaa 0x1e 0x73 0x4 0x18 0x3 0x3c 0x3 0x0 0x28 0x65 0x1 0x0 0x60 0x0 0x7e 0x0 0x57 0x0 0x58 0x0 0x8f 0x8f 0x8f 0x8f 0x8f 0x8f 0x31 0x4 0x37 0x4 0x3d 0x4 0x1b 0x4 0x2d 0x4 0x2e 0x4 0x3d 0x4 0x3a 0x4 0x31 0x0 0x3 0x68 0x6d 0x77 0x79 0x4d 0x80 0x4f 0x80 0xa6 0x82 0xeb 0x7b 0x73 0x7d 0x0 0x0 0xdd 0x77 0x14 0x2a 0x73 0xe7 0x15 0xee 0x0 0x0 0x0 0x0 0x6f 0x0 0x0 0x80 0x0 0xa4 0xa4 0x0 0x4 0xac 0x5 0x0 0x0
1787978800106,0x1 0x8a 0xd 0xa0 0x6e 0xb6 0x60 0xd 0x0 0x0 0xd 0x3f 0x63 0x0 0x49 0x20 0x2 0x1f 0x73 0x4 0x11 0x3 0x3c 0x3 0x0 0x28 0x65 0x1 0x0 0x36 0x0 0x66 0x0 0x57 0x0 0x58 0x0 0x8d 0x8d 0x8d 0x8d 0x8d 0x8d 0x62 0x4 0x33 0x4 0x66 0x4 0x43 0x4 0x75 0x4 0x44 0x4 0x75 0x4 0x4a 0x4 0x31 0x0 0x3 0x70 0x6c 0x74 0x79 0x4d 0x80 0x4f 0x80 0xa6 0x82 0xeb 0x7b 0x73 0x7d 0x0 0x0 0x99 0x79 0xd0 0x2b 0x73 0xe7 0x15 0xee 0x0 0x0 0x0 0x0 0x65 0x0 0x0 0x80 0x0 0xa4 0xa4 0x0 0x4 0xb9 0x5 0x0 0x0
1787978800331,0x1 0x89 0xd 0xa0 0x6e 0xb6 0x60 0xd 0x0 0x0 0xd 0x3d 0x60 0x0 0x4f 0x1f 0x1f 0x1f 0x73 0x3 0x11 0x3 0x3c 0x3 0x0 0x28 0x65 0x1 0x0 0x22 0x0 0x4d 0x0 0x58 0x0 0x58 0x0 0x8d 0x8d 0x8d 0x8d 0x8d 0x8d 0x67 0x4 0x33 0x4 0x6e 0x4 0x39 0x4 0x61 0x4 0x2e 0x4 0x69 0x4 0x33 0x4 0x31 0x0 0x3 0x71 0x72 0x74 0x76 0x4d 0x80 0x4f 0x80 0xa6 0x82 0xeb 0x7b 0x73 0x7d 0x0 0x0 0x19 0x7a 0x50 0x2c 0x73 0xe7 0x15 0xee 0x0 0x0 0x0 0x0 0x64 0x0 0x0 0x80 0x0 0xa4 0xa4 0x0 0x4 0xcb 0x5 0x0 0x0
1787978800555,0x1 0x8a 0xd 0xa0 0x6e 0xb6 0x60 0xd 0x0 0x0 0xd 0x3e 0x60 0x0 0xd6 0x1e 0x8 0x1f 0x73 0x0 0x1d 0x3 0x3c 0x3 0x0 0x28 0x65 0x1 0x0 0x1e 0x0 0x32 0x0 0x58 0x0 0x58 0x0 0x91 0x91 0x91 0x91 0x91 0x91 0x67 0x4 0x55 0x4 0x71 0x4 0x4c 0x4 0x63 0x4 0x5c 0x4 0x63 0x4 0x4e 0x4 0x31 0x0 0x3 0x73 0x74 0x74 0x76 0x4d 0x80 0x4f 0x80 0xa6 0x82 0xeb 0x7b 0x73 0x7d 0x0 0x0 0x7d 0x79 0xb4 0x2b 0x73 0xe7 0x15 0xee 0x0 0x0 0x0 0x0 0x5b 0x0 0x0 0x80 0x0 0xa4 0xa4 0x0 0x4 0xb9 0x5 0x0 0x0
1787978800779,0x1 0x8b 0xd 0xa0 0x6e 0xb6 0x60 0xd 0x0 0x0 0xd 0x3d 0x5f 0x0 0x84 0x1e 0x74 0x1e 0x73 0x0 0x1d 0x3 0x3c 0x3 0x0 0x28 0x65 0x1 0x0 0x1a 0x0 0x25 0x0 0x58 0x0 0x57 0x0 0x91 0x91 0x91 0x91 0x91 0x91 0x49 0x4 0x39 0x4 0x68 0x4 0x4e 0x4 0x55 0x4 0x39 0x4 0x4f 0x4 0x39 0x4 0x31 0x0 0x3 0x74 0x75 0x74 0x76 0x4d 0x80 0x4f 0x80 0xa6 0x82 0xeb 0x7b 0x73 0x7d 0x0 0x0 0xc7 0x79 0xfe 0x2b 0x73 0xe7 0x15 0xee 0x0 0x0 0x0 0x0 0x56 0x0 0x0 0x80 0x0 0xa4 0xa4 0x0 0x4 0xac 0x5 0x0 0x0
1787978801002,0x1 0x8a 0xd 0xa0 0x6e 0xb6 0x60 0xd 0x0 0x0 0xd 0x3d 0x60 0x0 0x12 0x1f 0xec 0x1e 0x73 0x0 0x17 0x3 0x3c 0x3 0x0 0x28 0x65 0x1 0x0 0x18 0x0 0x21 0x0 0x58 0x0 0x58 0x0 0x8f 0x8f 0x8f 0x8f 0x8f 0x8f 0x64 0x4 0x4d 0x4 0x65 0x4 0x55 0x4 0x6d 0x4 0x42 0x4 0x6d 0x4 0x58 0x4 0x31 0x0 0x3 0x75 0x76 0x74 0x76 0x4d 0x80 0x4f 0x80 0xa6 0x82 0xeb 0x7b 0x73 0x7d 0x0 0x0 0x3d 0x7a 0x74 0x2c 0x73 0xe7 0x15 0xee 0x0 0x0 0x0 0x0 0x4b 0x0 0x0 0x80 0x0 0xa4 0xa4 0x0 0x4 0xb9 0x5 0x0 0x0
1787978801226,0x1 0x89 0xd 0xa0 0x6e 0xb6 0x60 0xd 0x0 0x0 0xd 0x3d 0x60 0x0 0x1c 0x1f 0x43 0x1f 0x73 0x0 0x16 0x3 0x3c 0x3 0x0 0x28 0x65 0x1 0x0 0x17 0x0 0x1d 0x0 0x57 0x0 0x58 0x0 0x8f 0x8f 0x8f 0x8f 0x8f 0x8f 0x7d 0x4 0x67 0x4 0x74 0x4 0x63 0x4 0x80 0x4 0x6e 0x4 0x7e 0x4 0x67 0x4 0x31 0x0 0x3 0x77 0x78 0x74 0x76 0x4d 0x80 0x4f 0x80 0xa6 0x82 0xeb 0x7b 0x73 0x7d 0x0 0x0 0xb9 0x7a 0xf0 0x2c 0x73 0xe7 0x15 0xee 0x0 0x0 0x0 0x0 0x35 0x0 0x0 0x80 0x0 0xa4 0xa4 0x0 0x4 0xcb 0x5 0x0 0x0
1787978801450,0x1 0x8b 0xd 0x9f 0x6f 0xb6 0x60 0xd 0x0 0x0 0xd 0x3e 0x60 0x0 0x30 0x1f 0x7e 0x1f 0x73 0x0 0x14 0x3 0x38 0x3 0x0 0x28 0x65 0x1 0x0 0x17 0x0 0x19 0x0 0x57 0x0 0x58 0x0 0x8f 0x8f 0x8f 0x8f 0x8f 0x8f 0x7f 0x4 0x72 0x4 0x8e 0x4 0x7b 0x4 0x8a 0x4 0x68 0x4 0x8a 0x4 0x74 0x4 0x31 0x0 0x3 0x78 0x79 0x74 0x76 0x4d 0x80 0x4f 0x80 0xa6 0x82 0xeb 0x7b 0x73 0x7d 0x0 0x0 0xb9 0x7a 0xf0 0x2c 0x73 0xe7 0x15 0xee 0x0 0x0 0x0 0x0 0x1c 0x0 0x0 0x80 0x0 0xa4 0xa4 0x0 0x4 0xac 0x5 0x0 0x0
1787978801674,0x1 0x8b 0xd 0x9f 0x6f 0xb6 0x60 0xd 0x0 0x0 0xd 0x3d 0x5f 0x0 0xb5 0x1e 0x1b 0x1f 0x73 0x0 0x18 0x3 0x38 0x3 0x0 0x28 0x65 0x1 0x0 0x18 0x0 0x18 0x0 0x58 0x0 0x57 0x0 0x90 0x90 0x90 0x90 0x90 0x90 0x7c 0x4 0x68 0x4 0x88 0x4 0x6f 0x4 0x8a 0x4 0x6a 0x4 0x7c 0x4 0x67 0x4 0x31 0x0 0x3 0x79 0x7a 0x74 0x76 0x4d 0x80 0x4f 0x80 0xa6 0x82 0xeb 0x7b 0x73 0x7d 0x0 0x0 0xab 0x79 0xa0 0x2c 0x73 0xe7 0x15 0xee 0x0 0x0 0x0 0x0 0x0 0x0 0x0 0x80 0x0 0xa4 0xa4 0x0 0x4 0xac 0x5 0x0 0x0
1787978801898,0x1 0x8b 0xd 0x9f 0x6f 0xb6 0x60 0xd 0x0 0x0 0xd 0x3c 0x5f 0x0 0x72 0x1c 0xc1 0x1d 0x73 0x0 0x57 0x3 0x38 0x3 0x0 0x28 0x65 0x1 0x0 0x1a 0x0 0x18 0x0 0x57 0x0 0x58 0x0 0xa9 0xa9 0xa9 0xa9 0xa9 0xa9 0x74 0x4 0x4f 0x4 0x60 0x4 0x40 0x4 0x48 0x4 0x68 0x4 0x48 0x4 0x34 0x4 0x31 0x0 0x3 0x7b 0x7c 0x74 0x76 0x4d 0x80 0x4f 0x80 0xa6 0x82 0xeb 0x7b 0x73 0x7d 0x0 0x0 0x87 0x73 0x7c 0x2b 0x73 0xe7 0x15 0xee 0x0 0x0 0x0 0x0 0x0 0x0 0x0 0x80 0x0 0xa4 0xa4 0x0 0x4 0xac 0x5 0x0 0x0
1787978802122,0x1 0x8a 0xd 0x9f 0x6f 0xb6 0x60 0xd 0x0 0x0 0xd 0x3c 0x5f 0x0 0xf4 0x1b 0x42 0x1c 0x73 0x0 0x66 0x3 0x38 0x3 0x0 0x28 0x65 0x1 0x0 0x1f 0x0 0x18 0x0 0x58 0x0 0x58 0x0 0xac 0xac 0xac 0xac 0xac 0xac 0x1d 0x4 0x5 0x4 0x16 0x4 0xf 0x4 0x20 0x4 0xa 0x4 0x16 0x4 0x2 0x4 0x31 0x0 0x3 0x7c 0x7d 0x74 0x76 0x4d 0x80 0x4f 0x80 0xa6 0x82 0xeb 0x7b 0x73 0x7d 0x0 0x0 0x65 0x73 0x5a 0x2b 0x73 0xe7 0x15 0xee 0x0 0x0 0x0 0x0 0x7c 0x0 0x0 0x80 0x0 0xa4 0xa4 0x0 0x4 0xb9 0x5 0x0 0x0
1787978802345,0x1 0x8a 0xd 0x9f 0x6f 0xb6 0x60 0xd 0x0 0x0 0xd 0x3d 0x60 0x0 0x28 0x1b 0x83 0x1b 0x73 0x0 0x89 0x3 0x38 0x3 0x0 0x28 0x65 0x1 0x0 0x19 0x0 0x18 0x0 0x58 0x0 0x58 0x0 0xb1 0xb1 0xb1 0xb1 0xb1 0xb1 0xd 0x4 0xf4 0x3 0x6 0x4 0xf5 0x3 0x0 0x4 0xeb 0x3 0xfd 0x3 0xeb 0x3 0x31 0x0 0x3 0x7d 0x7e 0x74 0x76 0x4d 0x80 0x4f 0x80 0xa6 0x82 0xeb 0x7b 0x73 0x7d 0x0 0x0 0x25 0x78 0x1a 0x2b 0x73 0xe7 0x15 0xee 0x0 0x0 0x0 0x0 0xe7 0x0 0x0 0x80 0x0 0xa4 0xa4 0x0 0x4 0xb9 0x5 0x0 0x0
1787978802570,0x1 0x8c 0xd 0x9f 0x6f 0xb6 0x60 0xd 0x0 0x0 0xd 0x3e 0x60 0x0 0x61 0x1c 0xde 0x1b 0x73 0x0 0x62 0x3 0x38 0x3 0x0 0x28 0x65 0x1 0x0 0x15 0x0 0x16 0x0 0x57 0x0 0x58 0x0 0xab 0xab 0xab 0xab 0xab 0xab 0x0 0x4 0xf5 0x3 0xa 0x4 0xfe 0x3 0xf2 0x3 0xe5 0x3 0x12 0x4 0xfe 0x3 0x31 0x0 0x3 0x7e 0x80 0x74 0x76 0x4d 0x80 0x4f 0x80 0xa6 0x82 0xeb 0x7b 0x73 0x7d 0x0 0x0 0xf1 0x77 0xe6 0x2a 0x73 0xe7 0x15 0xee 0x0 0x0 0x0 0x0 0xb1 0x0 0x0 0x80 0x0 0xa4 0xa4 0x0 0x4 0x9f 0x5 0x0 0x0
1787978802794,0x1 0x8b 0xd 0x9f 0x6f 0xb6 0x60 0xd 0x0 0x0 0xd 0x3d 0x5d 0x0 0xb8 0x1c 0xac 0x1c 0x73 0x0 0x3d 0x3 0x38 0x3 0x0 0x28 0x65 0x1 0x0 0x15 0x0 0x17 0x0 0x57 0x0 0x57 0x0 0xa2 0xa2 0xa2 0xa2 0xa2 0xa2 0x37 0x4 0x25 0x4 0x2d 0x4 0x1c 0x4 0x32 0x4 0x21 0x4 0x39 0x4 0x25 0x4 0x31 0x0 0x3 0x80 0x81 0x74 0x76 0x4d 0x80 0x4f 0x80 0xa6 0x82 0xeb 0x7b 0x73 0x7d 0x0 0x0 0xe5 0x77 0xda 0x2a 0x73 0xe7 0x15 0xee 0x0 0x0 0x0 0x0 0x2b 0x0 0x0 0x80 0x0 0xa4 0xa4 0x0 0x4 0xac 0x5 0x0 0x0
1787978803017,0x1 0x8a 0xd 0x9f 0x6f 0xb6 0x60 0x14 0x7 0x0 0xd 0x48 0x7a 0x0 0x3a 0x25 0x33 0x20 0x73 0x0 0x47 0x3 0x38 0x3 0x0 0x28 0x65 0x1 0x0 0x15 0x0 0x17 0x0 0x58 0x0 0x57 0x0 0x97 0x97 0x97 0x97 0x97 0x97 0xea 0x5 0x23 0x6 0x76 0x6 0x77 0x6 0xaf 0x6 0x36 0x4 0xaf 0x6 0x8f 0x6 0x2f 0x0 0x3 0x82 0x83 0x74 0x76 0x4d 0x80 0x4f 0x80 0xa6 0x82 0xeb 0x7b 0x73 0x7d 0x0 0x0 0xa1 0x70 0x96 0x28 0x73 0xe7 0x15 0xee 0x0 0x0 0x0 0x0 0x2d 0x0 0x0 0x80 0x0 0xa4 0xa4 0x0 0x8 0xb9 0x5 0x0 0x0
1787978803241,0x1 0x8a 0xd 0x9f 0x6f 0xb6 0x60 0x17 0xa 0x0 0xd 0x50 0x8f 0x0 0xaa 0x25 0xec 0x24 0x73 0x0 0xcc 0x3 0x38 0x3 0x0 0x28 0x65 0x1 0x0 0x77 0x0 0x67 0x0 0x58 0x0 0x58 0x0 0x85 0x85 0x85 0x85 0x85 0x85 0xca 0x6 0xa2 0x6 0xc0 0x6 0xbd 0x6 0xc6 0x6 0x9c 0x6 0xc0 0x6 0x9f 0x6 0x2d 0x0 0x3 0x7d 0x85 0x74 0x76 0x4d 0x80 0x4f 0x80 0xa6 0x82 0xeb 0x7b 0x73 0x7d 0x0 0x0 0xd5 0x6e 0xca 0x21 0x73 0xe7 0x15 0xee 0x0 0x0 0x0 0x0 0x3a 0x0 0x0 0x80 0x0 0xa4 0xa4 0x0 0x8 0xb9 0x5 0x0 0x0
1787978803465,0x1 0x8b 0xd 0x9f 0x6f 0xb6 0x60 0x18 0xa 0x0 0xd 0x4f 0x8d 0x0 0xe7 0x20 0x1f 0x22 0x73 0x0 0x49 0x4 0x38 0x3 0x0 0x28 0x65 0x1 0x0 0xb4 0x0 0xb1 0x0 0x58 0x0 0x58 0x0 0x7e 0x7e 0x7e 0x7e 0x7e 0x7e 0x86 0x5 0x5e 0x5 0x4c 0x5 0xd1 0x5 0x9a 0x5 0xad 0x5 0x4c 0x5 0x65 0x5 0x2a 0x0 0x3 0x7a 0x85 0x76 0x76 0x4d 0x80 0x4f 0x80 0xa6 0x82 0xeb 0x7b 0x71 0x7b 0x0 0x0 0x9 0x6e 0xfe 0x1a 0x73 0xe7 0x15 0xee 0x0 0x0 0x0 0x0 0x47 0x0 0x0 0x80 0x0 0xa4 0xa4 0x0 0x8 0xac 0x5 0x0 0x0
1787978803689,0x1 0x8c 0xd 0x9f 0x6f 0xb6 0x60 0x18 0xb 0x0 0xd 0x51 0x8e 0x0 0xc7 0x20 0xbf 0x20 0x73 0x3 0x55 0x4 0x38 0x3 0x0 0x28 0x65 0x1 0x0 0xad 0x0 0xac 0x0 0x58 0x0 0x58 0x0 0x7d 0x7d 0x7d 0x7d 0x7d 0x7d 0xf4 0x4 0xf8 0x4 0xf1 0x4 0xf3 0x4 0xff 0x4 0x1e 0x5 0xf6 0x4 0xf3 0x4 0x2a 0x0 0x3 0x77 0x7d 0x76 0x78 0x4d 0x80 0x4f 0x80 0xa6 0x82 0xeb 0x7b 0x71 0x7b 0x0 0x0 0x5f 0x69 0x54 0x15 0x73 0xe7 0x15 0xee 0x0 0x0 0x0 0x0 0x5a 0x0 0x0 0x80 0x0 0xa4 0xa4 0x0 0x8 0x9f 0x5 0x0 0x0
1787978803914,0x1 0x8a 0xd 0x9e 0x6f 0xb6 0x60 0x18 0xb 0x0 0xd 0x51 0x8e 0x0 0xfd 0x20 0xd3 0x20 0x73 0x4 0x4e 0x4 0x38 0x3 0x0 0x28 0x65 0x1 0x0 0x96 0x0 0x9d 0x0 0x58 0x0 0x57 0x0 0x7d 0x7d 0x7d 0x7d 0x7d 0x7d 0xd6 0x4 0xe2 0x4 0xe2 0x4 0xe4 0x4 0xf3 0x4 0xeb 0x4 0xe6 0x4 0xe4 0x4 0x2a 0x0 0x3 0x75 0x7b 0x76 0x78 0x4d 0x80 0x4f 0x80 0xa6 0x82 0xeb 0x7b 0x71 0x7b 0x0 0x0 0x93 0x62 0x88 0xe 0x73 0xe7 0x15 0xee 0x0 0x0 0x0 0x0 0x6c 0x0 0x0 0x80 0x0 0xa4 0xa4 0x0 0x8 0xb9 0x5 0x0 0x0
1787978804137,0x1 0x8b 0xd 0x9e 0x6f 0xb6 0x60 0x18 0xb 0x0 0xd 0x4d 0x8b 0x0 0x4a 0x20 0x6a 0x20 0x73 0x5 0x4e 0x4 0x38 0x3 0x0 0x28 0x65 0x1 0x0 0x7d 0x0 0x8d 0x0 0x57 0x0 0x58 0x0 0x7c 0x7c 0x7c 0x7c 0x7c 0x7c 0xb6 0x4 0xaf 0x4 0xaf 0x4 0xae 0x4 0xc8 0x4 0xc2 0x4 0xb0 0x4 0xae 0x4 0x2b 0x0 0x3 0x72 0x78 0x76 0x78 0x4d 0x80 0x4f 0x80 0xa6 0x82 0xeb 0x7b 0x71 0x7b 0x0 0x0 0xe9 0x5c 0xde 0x8 0x73 0xe7 0x15 0xee 0x0 0x0 0x0 0x0 0x7f 0x0 0x0 0x80 0x0 0xa4 0xa4 0x0 0x8 0xac 0x5 0x0 0x0
1787978804361,0x1 0x8b 0xd 0x9e 0x6f 0xb6 0x60 0x18 0xb 0x0 0xd 0x4e 0x8d 0x0 0xd1 0x20 0x6b 0x20 0x73 0x6 0x4c 0x4 0x38 0x3 0x0 0x28 0x65 0x1 0x0 0x3c 0x0 0x84 0x0 0x57 0x0 0x57 0x0 0x7c 0x7c 0x7c 0x7c 0x7c 0x7c 0xc1 0x4 0x91 0x4 0xb3 0x4 0x9e 0x4 0xca 0x4 0xa1 0x4 0xca 0x4 0x9e 0x4 0x2b 0x0 0x3 0x79 0x75 0x7a 0x78 0x4d 0x80 0x4f 0x80 0xa6 0x82 0xeb 0x7b 0x71 0x7b 0x0 0x0 0x1d 0x56 0x12 0x2 0x73 0xe7 0x15 0xee 0x0 0x0 0x0 0x0 0x8f 0x0 0x0 0x80 0x0 0xa4 0xa4 0x0 0x8 0xac 0x5 0x0 0x0
1787978804586,0x1 0x8c 0xd 0x9e 0x6f 0xb6 0x60 0x18 0xb 0x0 0xd 0x4c 0x89 0x0 0x99 0x1f 0xc0 0x1f 0x73 0x7 0x56 0x4 0x38 0x3 0x0 0x28 0x65 0x1 0x0 0x1d 0x0 0x5a 0x0 0x58 0x0 0x58 0x0 0x7c 0x7c 0x7c 0x7c 0x7c 0x7c 0xaa 0x4 0x66 0x4 0xa8 0x4 0x6c 0x4 0xa6 0x4 0x6e 0x4 0xa6 0x4 0x66 0x4 0x2b 0x0 0x3 0x7b 0x73 0x7a 0x78 0x4d 0x80 0x4f 0x80 0xa6 0x82 0xeb 0x7b 0x71 0x7b 0x0 0x0 0xb 0x54 0x0 0x0 0x73 0xe7 0x15 0xee 0x0 0x0 0x0 0x0 0x9c 0x0 0x0 0x80 0x0 0xa4 0xa4 0x0 0x8 0x9f 0x5 0x0 0x0
1787978804809,0x1 0x8b 0xd 0x9e 0x6f 0xb6 0x60 0xe 0x1 0x0 0xd 0x40 0x68 0x0 0xdb 0x17 0x91 0x1c 0x73 0x8 0x5c 0x4 0x38 0x3 0x0 0x28 0x65 0x1 0x0 0x19 0x0 0x2f 0x0 0x58 0x0 0x58 0x0 0x78 0x78 0x78 0x78 0x78 0x78 0x56 0x4 0x18 0x4 0x16 0x4 0xde 0x3 0xe2 0x3 0x42 0x4 0xe2 0x3 0xc5 0x3 0x2c 0x0 0x3 0x7e 0x7c 0x7a 0x7c 0x4d 0x80 0x4f 0x80 0xa6 0x82 0xeb 0x7b 0x71 0x7b 0x0 0x0 0x4b 0x4b 0x0 0x0 0x73 0xe7 0x15 0xee 0x0 0x0 0x0 0x0 0xa9 0x0 0x0 0x80 0x0 0xa4 0xa4 0x0 0x8 0xac 0x5 0x0 0x0
1787978805033,0x1 0x8a 0xd 0x9e 0x6f 0xb6 0x60 0xd 0x0 0x0 0xd 0x37 0x55 0x0 0xec 0x14 0x47 0x16 0x73 0x8 0x10 0x4 0x38 0x3 0x0 0x28 0x65 0x1 0x0 0x40 0x0 0x4a 0x0 0x58 0x0 0x58 0x0 0x7c 0x7c 0x7c 0x7c 0x7c 0x7c 0x9a 0x2 0x94 0x2 0x95 0x2 0x7b 0x2 0xa0 0x2 0xa0 0x2 0xb2 0x2 0xa0 0x2 0x2f 0x0 0x3 0x7f 0x7d 0x7a 0x7c 0x4d 0x80 0x4f 0x80 0xa6 0x82 0xeb 0x7b 0x71 0x7b 0x0 0x0 0xd7 0x51 0xcc 0x5 0x73 0xe7 0x15 0xee 0x0 0x0 0x0 0x0 0xbe 0x0 0x0 0x80 0x0 0xa4 0xa4 0x0 0x4 0xb9 0x5 0x0 0x0
1787978805258,0x1 0x8b 0xd 0x9e 0x6f 0xb6 0x60 0xd 0x0 0x0 0xd 0x37 0x52 0x0 0xd2 0x15 0xdc 0x15 0x73 0x9 0xc2 0x3 0x38 0x3 0x0 0x28 0x65 0x1 0x0 0x71 0x0 0x88 0x0 0x57 0x0 0x58 0x0 0x7f 0x7f 0x7f 0x7f 0x7f 0x7f 0xd5 0x2 0xce 0x2 0xce 0x2 0xc6 0x2 0xd1 0x2 0xae 0x2 0xc7 0x2 0xc6 0x2 0x31 0x0 0x3 0x78 0x7d 0x78 0x7c 0x4d 0x80 0x4f 0x80 0xa6 0x82 0xeb 0x7b 0x71 0x7b 0x0 0x0 0xd7 0x4f 0xcc 0x5 0x73 0xe7 0x15 0xee 0x0 0x0 0x0 0x0 0xd2 0x0 0x0 0x80 0x0 0xa4 0xa4 0x0 0x4 0xac 0x5 0x0 0x0
1787978805481,0x1 0x8b 0xd 0x9e 0x6f 0xb6 0x60 0xd 0x0 0x0 0xd 0x36 0x54 0x0 0xda 0x16 0x85 0x16 0x73 0x9 0xad 0x3 0x38 0x3 0x0 0x28 0x65 0x1 0x0 0x22 0x0 0x25 0x0 0x58 0x0 0x58 0x0 0x82 0x82 0x82 0x82 0x82 0x82 0x14 0x3 0x3 0x3 0x19 0x3 0xeb 0x2 0xf3 0x2 0xf8 0x2 0x19 0x3 0x5 0x3 0x31 0x0 0x3 0x7f 0x7e 0x7b 0x79 0x4d 0x80 0x4f 0x80 0xa6 0x82 0xeb 0x7b 0x71 0x7b 0x0 0x0 0x83 0x4d 0x78 0x4 0x73 0xe7 0x15 0xee 0x0 0x0 0x0 0x0 0xd9 0x0 0x0 0x80 0x0 0xa4 0xa4 0x0 0x4 0xac 0x5 0x0 0x0
1787978805704,0x1 0x8b 0xd 0x9e 0x6f 0xb6 0x60 0xd 0x0 0x0 0xd 0x35 0x52 0x0 0x7a 0x16 0x71 0x16 0x73 0x9 0xa6 0x3 0x38 0x3 0x0 0x28 0x65 0x1 0x0 0x1c 0x0 0x22 0x0 0x57 0x0 0x58 0x0 0x84 0x84 0x84 0x84 0x84 0x84 0x27 0x3 0xb 0x3 0xc 0x3 0x1 0x3 0x18 0x3 0x5 0x3 0x1f 0x3 0xb 0x3 0x31 0x0 0x3 0x81 0x7f 0x7b 0x79 0x4d 0x80 0x4f 0x80 0xa6 0x82 0xeb 0x7b 0x71 0x7b 0x0 0x0 0xeb 0x4c 0xe0 0x3 0x73 0xe7 0x15 0xee 0x0 0x0 0x0 0x0 0xd9 0x0 0x0 0x80 0x0 0xa4 0xa4 0x0 0x4 0xac 0x5 0x0 0x0
1787978805929,0x1 0x8a 0xd 0x9d 0x70 0xb6 0x60 0xd 0x0 0x0 0xd 0x36 0x53 0x0 0xba 0x16 0x66 0x16 0x73 0x8 0xa7 0x3 0x34 0x3 0x0 0x28 0x65 0x1 0x0 0x83 0x0 0x86 0x0 0x58 0x0 0x58 0x0 0x87 0x87 0x87 0x87 0x87 0x87 0x2e 0x3 0x10 0x3 0x1b 0x3 0xf 0x3 0x2a 0x3 0x1c 0x3 0x1b 0x3 0x1c 0x3 0x31 0x0 0x3 0x7a 0x80 0x7c 0x79 0x4d 0x80 0x4f 0x80 0xa6 0x82 0xeb 0x7b 0x71 0x7b 0x0 0x0 0x75 0x4c 0x6a 0x3 0x73 0xe7 0x15 0xee 0x0 0x0 0x0 0x0 0xd9 0x0 0x0 0x80 0x0 0xa4 0xa4 0x0 0x4 0xb9 0x5 0x0 0x0
1787978806153,0x1 0x8b 0xd 0x9d 0x70 0xb6 0x60 0xd 0x0 0x0 0xd 0x37 0x54 0x0 0x26 0x17 0xba 0x16 0x73 0x8 0xa1 0x3 0x34 0x3 0x0 0x28 0x65 0x1 0x0 0xab 0x0 0xa7 0x0 0x58 0x0 0x58 0x0 0x8a 0x8a 0x8a 0x8a 0x8a 0x8a 0x25 0x3 0x2a 0x3 0x2a 0x3 0x17 0x3 0x2c 0x3 0x2a 0x3 0x2c 0x3 0x19 0x3 0x31 0x0 0x3 0x78 0x78 0x7c 0x7b 0x4d 0x80 0x4f 0x80 0xa6 0x82 0xeb 0x7b 0x71 0x7b 0x0 0x0 0x2c 0x4b 0xde 0x2 0x73 0xe7 0x15 0xee 0x0 0x0 0x0 0x0 0xdb 0x0 0x0 0x80 0x0 0xa4 0xa4 0x0 0x4 0xac 0x5 0x0 0x0
1787978806376,0x1 0x8b 0xd 0x9d 0x70 0xb6 0x60 0xd 0x0 0x0 0xd 0x34 0x50 0x0 0x55 0x16 0xbe 0x16 0x73 0x8 0x95 0x3 0x34 0x3 0x0 0x28 0x65 0x1 0x0 0xad 0x0 0xaa 0x0 0x58 0x0 0x58 0x0 0x8d 0x8d 0x8d 0x8d 0x8d 0x8d 0x28 0x3 0x12 0x3 0x21 0x3 0x16 0x3 0x2a 0x3 0x19 0x3 0x21 0x3 0xf 0x3 0x32 0x0 0x3 0x77 0x77 0x7c 0x7b 0x4d 0x80 0x4f 0x80 0xa6 0x82 0xeb 0x7b 0x73 0x7d 0x0 0x0 0xe4 0x4a 0x96 0x3 0x73 0xe7 0x15 0xee 0x0 0x0 0x0 0x0 0xdd 0x0 0x0 0x80 0x0 0xa4 0xa4 0x0 0x4 0xac 0x5 0x0 0x0
1787978806600,0x1 0x8b 0xd 0x9d 0x70 0xb6 0x60 0xd 0x0 0x0 0xd 0x34 0x50 0x0 0xbb 0x16 0xb8 0x16 0x73 0x8 0x85 0x3 0x34 0x3 0x0 0x28 0x65 0x1 0x0 0xad 0x0 0xab 0x0 0x57 0x0 0x58 0x0 0x8f 0x8f 0x8f 0x8f 0x8f 0x8f 0x24 0x3 0xd 0x3 0x1e 0x3 0x12 0x3 0x24 0x3 0x18 0x3 0x24 0x3 0x12 0x3 0x32 0x0 0x3 0x76 0x76 0x7c 0x7b 0x4d 0x80 0x4f 0x80 0xa6 0x82 0xeb 0x7b 0x73 0x7d 0x0 0x0 0x82 0x4a 0x34 0x3 0x73 0xe7 0x15 0xee 0x0 0x0 0x0 0x0 0xde 0x0 0x0 0x80 0x0 0xa4 0xa4 0x0 0x4 0xac 0x5 0x0 0x0
1787978806825,0x1 0x8a 0xd 0x9d 0x70 0xb6 0x60 0xd 0x0 0x0 0xd 0x36 0x51 0x0 0xfd 0x16 0xe3 0x16 0x73 0x8 0x86 0x3 0x34 0x3 0x0 0x28 0x65 0x1 0x0 0xad 0x0 0xa9 0x0 0x57 0x0 0x57 0x0 0x92 0x92 0x92 0x92 0x92 0x92 0x2b 0x3 0x1b 0x3 0x2a 0x3 0x13 0x3 0x2a 0x3 0x20 0x3 0x2a 0x3 0x18 0x3 0x32 0x0 0x3 0x74 0x74 0x7c 0x7b 0x4d 0x80 0x4f 0x80 0xa6 0x82 0xeb 0x7b 0x73 0x7d 0x0 0x0 0x2c 0x4a 0xde 0x2 0x73 0xe7 0x15 0xee 0x0 0x0 0x0 0x0 0xdc 0x0 0x0 0x80 0x0 0xa4 0xa4 0x0 0x4 0xb9 0x5 0x0 0x0
1787978807049,0x1 0x8a 0xd 0x9d 0x70 0xb6 0x60 0xd 0x0 0x0 0xd 0x36 0x52 0x0 0xbf 0x17 0xe 0x17 0x73 0x8 0x74 0x3 0x34 0x3 0x0 0x28 0x65 0x1 0x0 0xaa 0x0 0xa5 0x0 0x58 0x0 0x58 0x0 0x95 0x95 0x95 0x95 0x95 0x95 0x2b 0x3 0x1b 0x3 0x33 0x3 0x1a 0x3 0x26 0x3 0x15 0x3 0x33 0x3 0x20 0x3 0x32 0x0 0x3 0x73 0x73 0x7c 0x7b 0x4d 0x80 0x4f 0x80 0xa6 0x82 0xeb 0x7b 0x73 0x7d 0x0 0x0 0xec 0x49 0x9e 0x2 0x73 0xe7 0x15 0xee 0x0 0x0 0x0 0x0 0xdc 0x0 0x0 0x80 0x0 0xa4 0xa4 0x0 0x4 0xb9 0x5 0x0 0x0
1787978807272,0x1 0x8c 0xd 0x9d 0x70 0xb6 0x60 0xd 0x0 0x0 0xd 0x36 0x51 0x0 0xac 0x17 0x69 0x17 0x73 0x8 0x6c 0x3 0x34 0x3 0x0 0x28 0x65 0x1 0x0 0xa8 0x0 0xa3 0x0 0x58 0x0 0x58 0x0 0x97 0x97 0x97 0x97 0x97 0x97 0x3d 0x3 0x23 0x3 0x36 0x3 0x27 0x3 0x3d 0x3 0x27 0x3 0x3d 0x3 0x2a 0x3 0x32 0x0 0x3 0x72 0x72 0x7c 0x7b 0x4d 0x80 0x4f 0x80 0xa6 0x82 0xeb 0x7b 0x73 0x7d 0x0 0x0 0xba 0x49 0x6c 0x2 0x73 0xe7 0x15 0xee 0x0 0x0 0x0 0x0 0xd7 0x0 0x0 0x80 0x0 0xa4 0xa4 0x0 0x4 0x9f 0x5 0x0 0x0
1787978807496,0x1 0x8b 0xd 0x9d 0x70 0xb6 0x60 0xd 0x0 0x0 0xd 0x36 0x50 0x0 0xbb 0x17 0x70 0x17 0x73 0x7 0x5f 0x3 0x34 0x3 0x0 0x28 0x65 0x1 0x0 0xa6 0x0 0x9d 0x0 0x58 0x0 0x58 0x0 0x9a 0x9a 0x9a 0x9a 0x9a 0x9a 0x35 0x3 0x24 0x3 0x39 0x3 0x25 0x3 0x3b 0x3 0x23 0x3 0x3b 0x3 0x29 0x3 0x32 0x0 0x3 0x71 0x70 0x7c 0x7b 0x4d 0x80 0x4f 0x80 0xa6 0x82 0xeb 0x7b 0x71 0x7b 0x0 0x0 0x96 0x49 0x48 0x2 0x73 0xe7 0x15 0xee 0x0 0x0 0x0 0x0 0xd3 0x0 0x0 0x80 0x0 0xa4 0xa4 0x0 0x4 0xac 0x5 0x0 0x0
1787978807721,0x1 0x8a 0xd 0x9d 0x70 0xb6 0x60 0xd 0x0 0x0 0xd 0x35 0x50 0x0 0x18 0x18 0xdc 0x17 0x73 0x7 0x52 0x3 0x34 0x3 0x0 0x28 0x65 0x1 0x0 0xa3 0x0 0x96 0x0 0x58 0x0 0x58 0x0 0x9c 0x9c 0x9c 0x9c 0x9c 0x9c 0x46 0x3 0x33 0x3 0x40 0x3 0x30 0x3 0x45 0x3 0x32 0x3 0x47 0x3 0x33 0x3 0x32 0x0 0x3 0x6f 0x6f 0x7c 0x7b 0x4d 0x80 0x4f 0x80 0xa6 0x82 0xeb 0x7b 0x71 0x7b 0x0 0x0 0x7c 0x49 0x2e 0x2 0x73 0xe7 0x15 0xee 0x0 0x0 0x0 0x0 0xd2 0x0 0x0 0x80 0x0 0xa4 0xa4 0x0 0x4 0xb9 0x5 0x0 0x0
1787978807945,0x1 0x8a 0xd 0x9d 0x70 0xb6 0x60 0xd 0x0 0x0 0xd 0x34 0x4d 0x0 0x7f 0x17 0xfc 0x17 0x73 0x7 0x47 0x3 0x34 0x3 0x0 0x28 0x65 0x1 0x0 0x9d 0x0 0x8c 0x0 0x58 0x0 0x58 0x0 0x9f 0x9f 0x9f 0x9f 0x9f 0x9f 0x49 0x3 0x36 0x3 0x4b 0x3 0x39 0x3 0x4c 0x3 0x34 0x3 0x47 0x3 0x34 0x3 0x32 0x0 0x3 0x6e 0x6e 0x7c 0x7b 0x4d 0x80 0x4f 0x80 0xa6 0x82 0xeb 0x7b 0x71 0x7b 0x0 0x0 0x68 0x49 0x1a 0x2 0x73 0xe7 0x15 0xee 0x0 0x0 0x0 0x0 0xd0 0x0 0x0 0x80 0x0 0xa4 0xa4 0x0 0x4 0xb9 0x5 0x0 0x0
1787978808169,0x1 0x8c 0xd 0x9d 0x70 0xb6 0x60 0xd 0x0 0x0 0xd 0x34 0x51 0x0 0x3 0x19 0x57 0x18 0x73 0x7 0x3d 0x3 0x34 0x3 0x0 0x28 0x65 0x1 0x0 0x99 0x0 0x84 0x0 0x58 0x0 0x58 0x0 0xa1 0xa1 0xa1 0xa1 0xa1 0xa1 0x4e 0x3 0x3c 0x3 0x53 0x3 0x35 0x3 0x4b 0x3 0x3a 0x3 0x53 0x3 0x3e 0x3 0x32 0x0 0x3 0x6d 0x6c 0x7c 0x7b 0x4d 0x80 0x4f 0x80 0xa6 0x82 0xeb 0x7b 0x71 0x7b 0x0 0x0 0x5e 0x49 0x10 0x2 0x73 0xe7 0x15 0xee 0x0 0x0 0x0 0x0 0xce 0x0 0x0 0x80 0x0 0xa4 0xa4 0x0 0x4 0x9f 0x5 0x0 0x0
1787978808393,0x1 0x8b 0xd 0x9d 0x70 0xb6 0x60 0xd 0x0 0x0 0xd 0x35 0x50 0x0 0x19 0x19 0xc9 0x18 0x73 0x7 0x30 0x3 0x34 0x3 0x0 0x28 0x65 0x1 0x0 0x91 0x0 0x83 0x0 0x57 0x0 0x58 0x0 0x9d 0x9d 0x9d 0x9d 0x9d 0x9d 0x59 0x3 0x45 0x3 0x5a 0x3 0x47 0x3 0x5f 0x3 0x4b 0x3 0x5f 0x3 0x4b 0x3 0x32 0x0 0x3 0x6b 0x6b 0x7c 0x7b 0x4d 0x80 0x4f 0x80 0xa6 0x82 0xeb 0x7b 0x74 0x7e 0x0 0x0 0x64 0x49 0x16 0x2 0x73 0xe7 0x15 0xee 0x0 0x0 0x0 0x0 0xca 0x0 0x0 0x80 0x0 0xa4 0xa4 0x0 0x4 0xac 0x5 0x0 0x0
1787978808617,0x1 0x89 0xd 0x9d 0x70 0xb6 0x60 0xd 0x0 0x0 0xd 0x34 0x50 0x0 0x51 0x19 0xfd 0x18 0x73 0x6 0x29 0x3 0x34 0x3 0x0 0x28 0x65 0x1 0x0 0x8b 0x0 0x6d 0x0 0x58 0x0 0x57 0x0 0x98 0x98 0x98 0x98 0x98 0x98 0x61 0x3 0x4d 0x3 0x63 0x3 0x4b 0x3 0x61 0x3 0x4d 0x3 0x63 0x3 0x4e 0x3 0x32 0x0 0x3 0x6a 0x6a 0x7c 0x7b 0x4d 0x80 0x4f 0x80 0xa6 0x82 0xeb 0x7b 0x74 0x7e 0x0 0x0 0x7a 0x49 0x2c 0x2 0x73 0xe7 0x15 0xee 0x0 0x0 0x0 0x0 0xc4 0x0 0x0 0x80 0x0 0xa4 0xa4 0x0 0x4 0xcb 0x5 0x0 0x0
1787978808840,0x1 0x8a 0xd 0x9d 0x70 0xb6 0x60 0xd 0x0 0x0 0xd 0x36 0x51 0x0 0x81 0x19 0x1d 0x19 0x73 0x6 0x2d 0x3 0x34 0x3 0x0 0x28 0x65 0x1 0x0 0x8c 0x0 0x38 0x0 0x58 0x0 0x57 0x0 0x9b 0x9b 0x9b 0x9b 0x9b 0x9b 0x64 0x3 0x4b 0x3 0x61 0x3 0x69 0x3 0x63 0x3 0x6a 0x3 0x64 0x3 0x6c 0x3 0x32 0x0 0x3 0x69 0x71 0x7c 0x75 0x4d 0x80 0x4f 0x80 0xa6 0x82 0xeb 0x7b 0x74 0x7e 0x0 0x0 0x90 0x49 0x42 0x2 0x73 0xe7 0x15 0xee 0x0 0x0 0x0 0x0 0xb4 0x0 0x0 0x80 0x0 0xa4 0xa4 0x0 0x4 0xb9 0x5 0x0 0x0
1787978809064,0x1 0x8b 0xd 0x9c 0x70 0xb6 0x60 0xd 0x0 0x0 0xd 0x35 0x50 0x0 0x79 0x19 0x54 0x19 0x73 0x6 0x24 0x3 0x34 0x3 0x0 0x28 0x65 0x1 0x0 0x84 0x0 0x23 0x0 0x57 0x0 0x58 0x0 0x95 0x95 0x95 0x95 0x95 0x95 0x65 0x3 0x76 0x3 0x67 0x3 0x79 0x3 0x68 0x3 0x75 0x3 0x67 0x3 0x79 0x3 0x32 0x0 0x3 0x67 0x73 0x7c 0x75 0x4d 0x80 0x4f 0x80 0xa6 0x82 0xeb 0x7b 0x74 0x7e 0x0 0x0 0xb8 0x49 0x6a 0x2 0x73 0xe7 0x15 0xee 0x0 0x0 0x0 0x0 0x9d 0x0 0x0 0x80 0x0 0xa4 0xa4 0x0 0x4 0xac 0x5 0x0 0x0
1787978809288,0x1 0x8b 0xd 0x9c 0x70 0xb6 0x60 0xd 0x0 0x0 0xd 0x36 0x51 0x0 0xf4 0x19 0x91 0x19 0x73 0x5 0x1f 0x3 0x34 0x3 0x0 0x28 0x65 0x1 0x0 0x6a 0x0 0x1d 0x0 0x57 0x0 0x58 0x0 0x92 0x92 0x92 0x92 0x92 0x92 0x69 0x3 0x7f 0x3 0x6b 0x3 0x84 0x3 0x6d 0x3 0x87 0x3 0x6d 0x3 0x87 0x3 0x32 0x0 0x3 0x66 0x74 0x7c 0x75 0x4d 0x80 0x4f 0x80 0xa6 0x82 0xeb 0x7b 0x74 0x7e 0x0 0x0 0xec 0x49 0x9e 0x2 0x73 0xe7 0x15 0xee 0x0 0x0 0x0 0x0 0x7e 0x0 0x0 0x80 0x0 0xa4 0xa4 0x0 0x4 0xac 0x5 0x0 0x0
1787978809512,0x1 0x8a 0xd 0x9c 0x70 0xb6 0x60 0xd 0x0 0x0 0xd 0x35 0x50 0x0 0x6 0x1a 0xaa 0x19 0x73 0x4 0x13 0x3 0x34 0x3 0x0 0x28 0x65 0x1 0x0 0x30 0x0 0x19 0x0 0x57 0x0 0x57 0x0 0x8f 0x8f 0x8f 0x8f 0x8f 0x8f 0x88 0x3 0x8d 0x3 0x8b 0x3 0x89 0x3 0x86 0x3 0x8c 0x3 0x8b 0x3 0x8f 0x3 0x32 0x0 0x3 0x6e 0x75 0x74 0x75 0x4d 0x80 0x4f 0x80 0xa6 0x82 0xeb 0x7b 0x73 0x7d 0x0 0x0 0x70 0x4b 0x22 0x4 0x73 0xe7 0x15 0xee 0x0 0x0 0x0 0x0 0x53 0x0 0x0 0x80 0x0 0xa4 0xa4 0x0 0x4 0xb9 0x5 0x0 0x0
1787978809736,0x1 0x89 0xd 0x9c 0x70 0xb6 0x60 0xd 0x0 0x0 0xd 0x34 0x50 0x0 0xe 0x1a 0xdb 0x19 0x73 0x0 0x12 0x3 0x34 0x3 0x0 0x28 0x65 0x1 0x0 0x1d 0x0 0x19 0x0 0x58 0x0 0x58 0x0 0x8f 0x8f 0x8f 0x8f 0x8f 0x8f 0x8f 0x3 0x92 0x3 0x8d 0x3 0x92 0x3 0x94 0x3 0x9a 0x3 0x96 0x3 0x9a 0x3 0x32 0x0 0x3 0x6f 0x77 0x74 0x75 0x4d 0x80 0x4f 0x80 0xa6 0x82 0xeb 0x7b 0x73 0x7d 0x0 0x0 0xc6 0x4b 0x78 0x4 0x73 0xe7 0x15 0xee 0x0 0x0 0x0 0x0 0x26 0x0 0x0 0x80 0x0 0xa4 0xa4 0x0 0x4 0xcb 0x5 0x0 0x0
1787978809960,0x1 0x8a 0xd 0x9c 0x71 0xb6 0x60 0xd 0x0 0x0 0xd 0x33 0x4e 0x0 0xa2 0x19 0xc4 0x19 0x73 0x0 0xb 0x3 0x30 0x3 0x0 0x28 0x65 0x1 0x0 0x18 0x0 0x17 0x0 0x57 0x0 0x58 0x0 0x8e 0x8e 0x8e 0x8e 0x8e 0x8e 0x9a 0x3 0x9d 0x3 0x98 0x3 0x9f 0x3 0x9b 0x3 0x9d 0x3 0x98 0x3 0x9c 0x3 0x32 0x0 0x3 0x71 0x78 0x74 0x75 0x4d 0x80 0x4f 0x80 0xa6 0x82 0xeb 0x7b 0x73 0x7d 0x0 0x0 0x42 0x4c 0xf4 0x4 0x73 0xe7 0x15 0xee 0x0 0x0 0x0 0x0 0x0 0x0 0x0 0x80 0x0 0xa4 0xa4 0x0 0x4 0xb9 0x5 0x0 0x0
1787978810184,0x1 0x8c 0xd 0x9c 0x71 0xb6 0x60 0xd 0x0 0x0 0xd 0x33 0x4d 0x0 0x14 0x19 0x5b 0x19 0x73 0x0 0x12 0x3 0x30 0x3 0x0 0x28 0x65 0x1 0x0 0x15 0x0 0x18 0x0 0x58 0x0 0x57 0x0 0x90 0x90 0x90 0x90 0x90 0x90 0x97 0x3 0x96 0x3 0x91 0x3 0x96 0x3 0x90 0x3 0x92 0x3 0x8e 0x3 0x92 0x3 0x32 0x0 0x3 0x72 0x79 0x74 0x75 0x4d 0x80 0x4f 0x80 0xa6 0x82 0xeb 0x7b 0x73 0x7d 0x0 0x0 0xfb 0x4b 0x6a 0x5 0x73 0xe7 0x15 0xee 0x0 0x0 0x0 0x0 0x0 0x0 0x0 0x80 0x0 0xa4 0xa4 0x0 0x4 0x9f 0x5 0x0 0x0
1787978810408,0x1 0x8a 0xd 0x9c 0x71 0xb6 0x60 0xd 0x0 0x0 0xd 0x33 0x4c 0x0 0x89 0x18 0xee 0x18 0x73 0x0 0x19 0x3 0x30 0x3 0x0 0x28 0x65 0x1 0x0 0x14 0x0 0x17 0x0 0x58 0x0 0x58 0x0 0x92 0x92 0x92 0x92 0x92 0x92 0x86 0x3 0x86 0x3 0x8c 0x3 0x90 0x3 0x89 0x3 0x8b 0x3 0x82 0x3 0x86 0x3 0x32 0x0 0x3 0x73 0x7b 0x74 0x75 0x4d 0x80 0x4f 0x80 0xa6 0x82 0xeb 0x7b 0x73 0x7d 0x0 0x0 0x1b 0x4b 0x8a 0x4 0x73 0xe7 0x15 0xee 0x0 0x0 0x0 0x0 0x0 0x0 0x0 0x80 0x0 0xa4 0xa4 0x0 0x4 0xb9 0x5 0x0 0x0
1787978810632,0x1 0x8a 0xd 0x9c 0x71 0xb6 0x60 0xd 0x0 0x0 0xd 0x34 0x4e 0x0 0x80 0x19 0x38 0x19 0x73 0x0 0xf 0x3 0x30 0x3 0x0 0x28 0x65 0x1 0x0 0x14 0x0 0x17 0x0 0x58 0x0 0x57 0x0 0x8f 0x8f 0x8f 0x8f 0x8f 0x8f 0x88 0x3 0x8d 0x3 0x8b 0x3 0x94 0x3 0x92 0x3 0x89 0x3 0x92 0x3 0x96 0x3 0x32 0x0 0x3 0x75 0x7c 0x74 0x75 0x4d 0x80 0x4f 0x80 0xa6 0x82 0xeb 0x7b 0x73 0x7d 0x0 0x0 0x9f 0x4c 0xe 0x6 0x73 0xe7 0x15 0xee 0x0 0x0 0x0 0x0 0x0 0x0 0x0 0x80 0x0 0xa4 0xa4 0x0 0x4 0xb9 0x5 0x0 0x0
1787978810856,0x1 0x8b 0xd 0x9c 0x71 0xb6 0x60 0xd 0x0 0x0 0xd 0x34 0x4e 0x0 0x78 0x19 0x33 0x19 0x73 0x0 0x10 0x3 0x30 0x3 0x0 0x28 0x65 0x1 0x0 0x14 0x0 0x16 0x0 0x58 0x0 0x57 0x0 0x8f 0x8f 0x8f 0x8f 0x8f 0x8f 0x92 0x3 0x98 0x3 0x96 0x3 0x9a 0x3 0x95 0x3 0x96 0x3 0x95 0x3 0x98 0x3 0x32 0x0 0x3 0x76 0x7d 0x74 0x75 0x4d 0x80 0x4f 0x80 0xa6 0x82 0xeb 0x7b 0x73 0x7d 0x0 0x0 0x1 0x4d 0x70 0x6 0x73 0xe7 0x15 0xee 0x0 0x0 0x0 0x0 0x0 0x0 0x0 0x80 0x0 0xa4 0xa4 0x0 0x4 0xac 0x5 0x0 0x0
1787978811079,0x1 0x8c 0xd 0x9c 0x71 0xb6 0x60 0xd 0x0 0x0 0xd 0x33 0x4d 0x0 0xdc 0x18 0x1e 0x19 0x73 0x0 0x19 0x3 0x30 0x3 0x0 0x28 0x65 0x1 0x0 0x14 0x0 0x16 0x0 0x57 0x0 0x57 0x0 0x92 0x92 0x92 0x92 0x92 0x92 0x9d 0x3 0x9e 0x3 0x9b 0x3 0x9d 0x3 0x96 0x3 0xa1 0x3 0x96 0x3 0x9a 0x3 0x32 0x0 0x3 0x77 0x7e 0x74 0x75 0x4d 0x80 0x4f 0x80 0xa6 0x82 0xeb 0x7b 0x73 0x7d 0x0 0x0 0x33 0x4c 0xa2 0x5 0x73 0xe7 0x15 0xee 0x0 0x0 0x0 0x0 0x0 0x0 0x0 0x80 0x0 0xa4 0xa4 0x0 0x4 0x9f 0x5 0x0 0x0
1787978811303,0x1 0x8b 0xd 0x9c 0x71 0xb6 0x60 0xd 0x0 0x0 0xd 0x33 0x4e 0x0 0x57 0x19 0x26 0x19 0x73 0x0 0x14 0x3 0x30 0x3 0x0 0x28 0x65 0x1 0x0 0x14 0x0 0x17 0x0 0x58 0x0 0x58 0x0 0x90 0x90 0x90 0x90 0x90 0x90 0x9b 0x3 0xa0 0x3 0x95 0x3 0x99 0x3 0x96 0x3 0x9c 0x3 0x9c 0x3 0xa0 0x3 0x32 0x0 0x3 0x79 0x80 0x74 0x75 0x4d 0x80 0x4f 0x80 0xa6 0x82 0xeb 0x7b 0x73 0x7d 0x0 0x0 0xb1 0x4d 0x20 0x7 0x73 0xe7 0x15 0xee 0x0 0x0 0x0 0x0 0x0 0x0 0x0 0x80 0x0 0xa4 0xa4 0x0 0x4 0xac 0x5 0x0 0x0
1787978811527,0x1 0x8a 0xd 0x9b 0x71 0xb6 0x60 0xd 0x0 0x0 0xd 0x33 0x4e 0x0 0x16 0x19 0x4f 0x19 0x73 0x0 0x1c 0x3 0x30 0x3 0x0 0x28 0x65 0x1 0x0 0x14 0x0 0x17 0x0 0x58 0x0 0x57 0x0 0x92 0x92 0x92 0x92 0x92 0x92 0xb0 0x3 0xb2 0x3 0xa9 0x3 0xad 0x3 0xa6 0x3 0xaf 0x3 0xa6 0x3 0xaa 0x3 0x32 0x0 0x3 0x7a 0x81 0x74 0x75 0x4d 0x80 0x4f 0x80 0xa6 0x82 0xeb 0x7b 0x73 0x7d 0x0 0x0 0xd5 0x4c 0x44 0x6 0x73 0xe7 0x15 0xee 0x0 0x0 0x0 0x0 0x0 0x0 0x0 0x80 0x0 0xa4 0xa4 0x0 0x4 0xb9 0x5 0x0 0x0
1787978811751,0x1 0x8b 0xd 0x9b 0x71 0xb6 0x60 0xd 0x0 0x0 0xd 0x34 0x4e 0x0 0xde 0x18 0xe0 0x18 0x73 0x0 0x23 0x3 0x30 0x3 0x0 0x28 0x65 0x1 0x0 0x15 0x0 0x18 0x0 0x57 0x0 0x58 0x0 0x97 0x97 0x97 0x97 0x97 0x97 0x9a 0x3 0x9e 0x3 0xa4 0x3 0xa4 0x3 0x9c 0x3 0x9d 0x3 0x9a 0x3 0x9e 0x3 0x32 0x0 0x3 0x7b 0x82 0x74 0x75 0x4d 0x80 0x4f 0x80 0xa6 0x82 0xeb 0x7b 0x73 0x7d 0x0 0x0 0x5 0x4d 0x74 0x6 0x73 0xe7 0x15 0xee 0x0 0x0 0x0 0x0 0x0 0x0 0x0 0x80 0x0 0xa4 0xa4 0x0 0x4 0xac 0x5 0x0 0x0
1787978811975,0x1 0x8b 0xd 0x9b 0x71 0xb6 0x60 0xd 0x0 0x0 0xd 0x35 0x4f 0x0 0x91 0x19 0x2c 0x19 0x73 0x0 0x17 0x3 0x30 0x3 0x0 0x28 0x65 0x1 0x0 0x15 0x0 0x18 0x0 0x58 0x0 0x58 0x0 0x91 0x91 0x91 0x91 0x91 0x91 0xa0 0x3 0xa7 0x3 0xa5 0x3 0xad 0x3 0x9d 0x3 0xa2 0x3 0xa9 0x3 0xad 0x3 0x32 0x0 0x3 0x7d 0x84 0x74 0x75 0x4d 0x80 0x4f 0x80 0xa6 0x82 0xeb 0x7b 0x73 0x7d 0x0 0x0 0x45 0x4d 0xb4 0x6 0x73 0xe7 0x15 0xee 0x0 0x0 0x0 0x0 0x0 0x0 0x0 0x80 0x0 0xa4 0xa4 0x0 0x4 0xac 0x5 0x0 0x0
1787978812198,0x1 0x8c 0xd 0x9b 0x71 0xb6 0x60 0xd 0x0 0x0 0xd 0x34 0x4e 0x0 0x1e 0x19 0x49 0x19 0x73 0x0 0x1b 0x3 0x30 0x3 0x0 0x28 0x65 0x1 0x0 0x15 0x0 0x19 0x0 0x58 0x0 0x57 0x0 0x92 0x92 0x92 0x92 0x92 0x92 0xb2 0x3 0xb5 0x3 0xb0 0x3 0xb6 0x3 0xb4 0x3 0xb8 0x3 0xb2 0x3 0xb7 0x3 0x32 0x0 0x3 0x7e 0x85 0x74 0x75 0x4d 0x80 0x4f 0x80 0xa6 0x82 0xeb 0x7b 0x73 0x7d 0x0 0x0 0x95 0x4d 0x4 0x7 0x73 0xe7 0x15 0xee 0x0 0x0 0x0 0x0 0x0 0x0 0x0 0x80 0x0 0xa4 0xa4 0x0 0x4 0x9f 0x5 0x0 0x0
1787978812423,0x1 0x8a 0xd 0x9b 0x71 0xb6 0x60 0xd 0x0 0x0 0xd 0x35 0x50 0x0 0x9a 0x19 0x56 0x19 0x73 0x0 0x20 0x3 0x30 0x3 0x0 0x28 0x65 0x1 0x0 0x17 0x0 0x1a 0x0 0x57 0x0 0x58 0x0 0x95 0x95 0x95 0x95 0x95 0x95 0xb6 0x3 0xb8 0x3 0xb6 0x3 0xbc 0x3 0xb5 0x3 0xb6 0x3 0xb8 0x3 0xbc 0x3 0x32 0x0 0x3 0x7f 0x86 0x74 0x75 0x4d 0x80 0x4f 0x80 0xa6 0x82 0xeb 0x7b 0x71 0x7b 0x0 0x0 0xcf 0x4d 0x3e 0x7 0x73 0xe7 0x15 0xee 0x0 0x0 0x0 0x0 0x0 0x0 0x0 0x80 0x0 0xa4 0xa4 0x0 0x4 0xb9 0x5 0x0 0x0
1787978812647,0x1 0x8a 0xd 0x9b 0x71 0xb6 0x60 0xd 0x0 0x0 0xd 0x34 0x50 0x0 0x91 0x19 0x4f 0x19 0x73 0x0 0x21 0x3 0x30 0x3 0x0 0x28 0x65 0x1 0x0 0x1a 0x0 0x22 0x0 0x57 0x0 0x58 0x0 0x95 0x95 0x95 0x95 0x95 0x95 0xbb 0x3 0xba 0x3 0xb9 0x3 0xbb 0x3 0xb6 0x3 0xbd 0x3 0xbb 0x3 0xbf 0x3 0x32 0x0 0x3 0x80 0x88 0x74 0x75 0x4d 0x80 0x4f 0x80 0xa6 0x82 0xeb 0x7b 0x71 0x7b 0x0 0x0 0xf9 0x4d 0x68 0x7 0x73 0xe7 0x15 0xee 0x0 0x0 0x0 0x0 0x0 0x0 0x0 0x80 0x0 0xa4 0xa4 0x0 0x4 0xb9 0x5 0x0 0x0
1787978812870,0x1 0x8b 0xd 0x9b 0x71 0xb6 0x60 0xd 0x0 0x0 0xd 0x34 0x4e 0x0 0x1e 0x19 0x31 0x19 0x73 0x0 0x1b 0x3 0x30 0x3 0x0 0x28 0x65 0x1 0x0 0x22 0x0 0x45 0x0 0x58 0x0 0x58 0x0 0x92 0x92 0x92 0x92 0x92 0x92 0xba 0x3 0xbd 0x3 0xbc 0x3 0xc0 0x3 0xc6 0x3 0xc2 0x3 0xbc 0x3 0xc0 0x3 0x32 0x0 0x3 0x82 0x89 0x74 0x75 0x4d 0x80 0x4f 0x80 0xa6 0x82 0xeb 0x7b 0x71 0x7b 0x0 0x0 0x3f 0x4e 0xae 0x7 0x73 0xe7 0x15 0xee 0x0 0x0 0x0 0x0 0x0 0x0 0x0 0x80 0x0 0xa4 0xa4 0x0 0x4 0xac 0x5 0x0 0x0
1787978813094,0x1 0x8b 0xd 0x9b 0x71 0xb6 0x60 0xd 0x0 0x0 0xd 0x33 0x4f 0x0 0x30 0x19 0x11 0x19 0x73 0x0 0x23 0x3 0x30 0x3 0x0 0x28 0x65 0x1 0x0 0x3e 0x0 0x6f 0x0 0x57 0x0 0x58 0x0 0x97 0x97 0x97 0x97 0x97 0x97 0xbb 0x3 0xbd 0x3 0xb9 0x3 0xb9 0x3 0xb6 0x3 0xbc 0x3 0xbb 0x3 0xbf 0x3 0x32 0x0 0x3 0x83 0x8a 0x74 0x75 0x4d 0x80 0x4f 0x80 0xa6 0x82 0xeb 0x7b 0x71 0x7b 0x0 0x0 0x65 0x4e 0xd4 0x7 0x73 0xe7 0x15 0xee 0x0 0x0 0x0 0x0 0x0 0x0 0x0 0x80 0x0 0xa4 0xa4 0x0 0x4 0xac 0x5 0x0 0x0
1787978813318,0x1 0x8a 0xd 0x9b 0x71 0xb6 0x60 0xd 0x0 0x0 0xd 0x35 0x4f 0x0 0x81 0x19 0x33 0x19 0x73 0x0 0x19 0x3 0x30 0x3 0x0 0x28 0x65 0x1 0x0 0x82 0x0 0x89 0x0 0x58 0x0 0x57 0x0 0x92 0x92 0x92 0x92 0x92 0x92 0xbc 0x3 0xbf 0x3 0xa6 0x3 0xc5 0x3 0xb8 0x3 0xb7 0x3 0xa8 0x3 0xc5 0x3 0x32 0x0 0x3 0x7c 0x8a 0x75 0x75 0x4d 0x80 0x4f 0x80 0xa6 0x82 0xeb 0x7b 0x73 0x7d 0x0 0x0 0x9d 0x4e 0xc 0x8 0x73 0xe7 0x15 0xee 0x0 0x0 0x0 0x0 0x0 0x0 0x0 0x80 0x0 0xa4 0xa4 0x0 0x4 0xb9 0x5 0x0 0x0
1787978813542,0x1 0x8a 0xd 0x9a 0x71 0xb6 0x60 0xd 0x0 0x0 0xd 0x35 0x4f 0x0 0x68 0x19 0x62 0x19 0x73 0x0 0x1c 0x3 0x30 0x3 0x0 0x28 0x65 0x1 0x0 0x93 0x0 0x98 0x0 0x58 0x0 0x58 0x0 0x92 0x92 0x92 0x92 0x92 0x92 0xac 0x3 0xb2 0x3 0xaf 0x3 0xb0 0x3 0xac 0x3 0xaf 0x3 0xac 0x3 0xaf 0x3 0x32 0x0 0x3 0x7b 0x82 0x75 0x7a 0x4d 0x80 0x4f 0x80 0xa6 0x82 0xeb 0x7b 0x73 0x7d 0x0 0x0 0xe9 0x4e 0x58 0x8 0x73 0xe7 0x15 0xee 0x0 0x0 0x0 0x0 0x0 0x0 0x0 0x80 0x0 0xa4 0xa4 0x0 0x4 0xb9 0x5 0x0 0x0
1787978813766,0x1 0x8b 0xd 0x9a 0x71 0xb6 0x60 0xd 0x0 0x0 0xd 0x35 0x50 0x0 0xbb 0x19 0x8b 0x19 0x73 0x0 0x1c 0x3 0x30 0x3 0x0 0x28 0x65 0x1 0x0 0x91 0x0 0x9a 0x0 0x57 0x0 0x58 0x0 0x92 0x92 0x92 0x92 0x92 0x92 0xb0 0x3 0xb1 0x3 0xac 0x3 0xb0 0x3 0xb3 0x3 0xb4 0x3 0xad 0x3 0xb0 0x3 0x32 0x0 0x3 0x79 0x80 0x75 0x7a 0x4d 0x80 0x4f 0x80 0xa6 0x82 0xeb 0x7b 0x73 0x7d 0x0 0x0 0x1d 0x4f 0x8c 0x8 0x73 0xe7 0x15 0xee 0x0 0x0 0x0 0x0 0x0 0x0 0x0 0x80 0x0 0xa4 0xa4 0x0 0x4 0xac 0x5 0x0 0x0
1787978813990,0x1 0x8b 0xd 0x9a 0x72 0xb6 0x60 0xd 0x0 0x0 0xd 0x33 0x4e 0x0 0xf6 0x18 0x4a 0x19 0x73 0x0 0x20 0x3 0x2c 0x3 0x0 0x28 0x65 0x1 0x0 0x8d 0x0 0x9d 0x0 0x58 0x0 0x58 0x0 0x97 0x97 0x97 0x97 0x97 0x97 0xa0 0x3 0xae 0x3 0xa6 0x3 0xa7 0x3 0xa3 0x3 0xa5 0x3 0xa0 0x3 0xa3 0x3 0x32 0x0 0x3 0x78 0x7f 0x75 0x7a 0x4d 0x80 0x4f 0x80 0xa6 0x82 0xeb 0x7b 0x73 0x7d 0x0 0x0 0x47 0x4f 0xb6 0x8 0x73 0xe7 0x15 0xee 0x0 0x0 0x0 0x0 0x0 0x0 0x0 0x80 0x0 0xa4 0xa4 0x0 0x4 0xac 0x5 0x0 0x0
1787978814215,0x1 0x8a 0xd 0x9a 0x72 0xb6 0x60 0xd 0x0 0x0 0xd 0x35 0x4f 0x0 0xaa 0x19 0x60 0x19 0x73 0x0 0x14 0x3 0x2c 0x3 0x0 0x28 0x65 0x1 0x0 0x89 0x0 0x97 0x0 0x57 0x0 0x57 0x0 0x91 0x91 0x91 0x91 0x91 0x91 0x9e 0x3 0x9f 0x3 0x9c 0x3 0xa0 0x3 0x9d 0x3 0xa2 0x3 0x9d 0x3 0xa0 0x3 0x32 0x0 0x3 0x77 0x7e 0x75 0x7a 0x4d 0x80 0x4f 0x80 0xa6 0x82 0xeb 0x7b 0x73 0x7d 0x0 0x0 0xc1 0x4e 0xee 0x8 0x73 0xe7 0x15 0xee 0x0 0x0 0x0 0x0 0x0 0x0 0x0 0x80 0x0 0xa4 0xa4 0x0 0x4 0xb9 0x5 0x0 0x0
1787978814438,0x1 0x8a 0xd 0x9a 0x72 0xb6 0x60 0xd 0x0 0x0 0xd 0x35 0x4f 0x0 0x91 0x19 0xdb 0x19 0x73 0x0 0x17 0x3 0x2c 0x3 0x0 0x28 0x65 0x1 0x0 0x55 0x0 0x8d 0x0 0x58 0x0 0x58 0x0 0x92 0x92 0x92 0x92 0x92 0x92 0xa7 0x3 0xab 0x3 0xab 0x3 0xb2 0x3 0xad 0x3 0xae 0x3 0xaa 0x3 0xae 0x3 0x32 0x0 0x3 0x75 0x7c 0x75 0x7a 0x4d 0x80 0x4f 0x80 0xa6 0x82 0xeb 0x7b 0x73 0x7d 0x0 0x0 0x13 0x4f 0x40 0x9 0x73 0xe7 0x15 0xee 0x0 0x0 0x0 0x0 0x0 0x0 0x0 0x80 0x0 0xa4 0xa4 0x0 0x4 0xb9 0x5 0x0 0x0
1787978814663,0x1 0x8c 0xd 0x9a 0x72 0xb6 0x60 0xd 0x0 0x0 0xd 0x35 0x4f 0x0 0x81 0x19 0x6e 0x19 0x73 0x0 0x19 0x3 0x2c 0x3 0x0 0x28 0x65 0x1 0x0 0x1f 0x0 0x84 0x0 0x58 0x0 0x57 0x0 0x93 0x93 0x93 0x93 0x93 0x93 0xbb 0x3 0x9b 0x3 0xb6 0x3 0x97 0x3 0xbc 0x3 0xa2 0x3 0xb7 0x3 0x97 0x3 0x32 0x0 0x3 0x7e 0x7b 0x7d 0x7a 0x4d 0x80 0x4f 0x80 0xa6 0x82 0xeb 0x7b 0x73 0x7d 0x0 0x0 0x4d 0x4f 0x7a 0x9 0x73 0xe7 0x15 0xee 0x0 0x0 0x0 0x0 0x0 0x0 0x0 0x80 0x0 0xa4 0xa4 0x0 0x4 0x9f 0x5 0x0 0x0
1787978814887,0x1 0x8c 0xd 0x9a 0x72 0xb6 0x60 0xd 0x0 0x0 0xd 0x33 0x4e 0x0 0x3e 0x19 0x88 0x19 0x73 0x0 0x17 0x3 0x2c 0x3 0x0 0x28 0x65 0x1 0x0 0x1b 0x0 0x77 0x0 0x57 0x0 0x57 0x0 0x92 0x92 0x92 0x92 0x92 0x92 0xb6 0x3 0x95 0x3 0xb9 0x3 0x99 0x3 0xc2 0x3 0x97 0x3 0xbf 0x3 0x97 0x3 0x32 0x0 0x3 0x80 0x7a 0x7d 0x7a 0x4d 0x80 0x4f 0x80 0xa6 0x82 0xeb 0x7b 0x73 0x7d 0x0 0x0 0x7f 0x4f 0xac 0x9 0x73 0xe7 0x15 0xee 0x0 0x0 0x0 0x0 0x0 0x0 0x0 0x80 0x0 0xa4 0xa4 0x0 0x4 0x9f 0x5 0x0 0x0
1787978815111,0x1 0x8b 0xd 0x9a 0x72 0xb6 0x60 0xd 0x0 0x0 0xd 0x34 0x4f 0x0 0x60 0x19 0x77 0x19 0x73 0x0 0x1d 0x3 0x2c 0x3 0x0 0x28 0x65 0x1 0x0 0x19 0x0 0x2f 0x0 0x57 0x0 0x58 0x0 0x95 0x95 0x95 0x95 0x95 0x95 0xbf 0x3 0xaf 0x3 0xc2 0x3 0x8f 0x3 0xba 0x3 0xaa 0x3 0xc2 0x3 0xaf 0x3 0x32 0x0 0x3 0x81 0x81 0x7d 0x82 0x4d 0x80 0x4f 0x80 0xa6 0x82 0xeb 0x7b 0x73 0x7d 0x0 0x0 0xae 0x4f 0xe2 0x9 0x73 0xe7 0x15 0xee 0x0 0x0 0x0 0x0 0x0 0x0 0x0 0x80 0x0 0xa4 0xa4 0x0 0x4 0xac 0x5 0x0 0x0
1787978815335,0x1 0x8a 0xd 0x9a 0x72 0xb6 0x60 0xd 0x0 0x0 0xd 0x35 0x4f 0x0 0x60 0x19 0x5e 0x19 0x73 0x0 0x1d 0x3 0x2c 0x3 0x0 0x28 0x65 0x1 0x0 0x19 0x0 0x1c 0x0 0x58 0x0 0x58 0x0 0x95 0x95 0x95 0x95 0x95 0x95 0xc3 0x3 0xaf 0x3 0xc1 0x3 0xae 0x3 0xc2 0x3 0xaf 0x3 0xc2 0x3 0xaf 0x3 0x32 0x0 0x3 0x82 0x83 0x7d 0x82 0x4d 0x80 0x4f 0x80 0xa6 0x82 0xeb 0x7b 0x73 0x7d 0x0 0x0 0xd0 0x4f 0x4 0xa 0x73 0xe7 0x15 0xee 0x0 0x0 0x0 0x0 0x0 0x0 0x0 0x80 0x0 0xa4 0xa4 0x0 0x4 0xb9 0x5 0x0 0x0
1787978815558,0x1 0x8a 0xd 0x9a 0x72 0xb6 0x60 0xd 0x0 0x0 0xd 0x34 0x50 0x0 0xe4 0x19 0xa1 0x19 0x73 0x0 0x17 0x3 0x2c 0x3 0x0 0x28 0x65 0x1 0x0 0x19 0x0 0x19 0x0 0x58 0x0 0x58 0x0 0x92 0x92 0x92 0x92 0x92 0x92 0xcb 0x3 0xbb 0x3 0xd1 0x3 0xb5 0x3 0xcb 0x3 0xb6 0x3 0xd1 0x3 0xbe 0x3 0x32 0x0 0x3 0x83 0x84 0x7d 0x82 0x4d 0x80 0x4f 0x80 0xa6 0x82 0xeb 0x7b 0x73 0x7d 0x0 0x0 0x18 0x50 0x4c 0xa 0x73 0xe7 0x15 0xee 0x0 0x0 0x0 0x0 0x0 0x0 0x0 0x80 0x0 0xa4 0xa4 0x0 0x4 0xb9 0x5 0x0 0x0
1787978815782,0x1 0x8c 0xd 0x9a 0x72 0xb6 0x60 0xd 0x0 0x0 0xd 0x33 0x4d 0x0 0x9c 0x18 0x85 0x19 0x73 0x0 0x21 0x3 0x2c 0x3 0x0 0x28 0x65 0x1 0x0 0x1c 0x0 0x18 0x0 0x58 0x0 0x58 0x0 0x98 0x98 0x98 0x98 0x98 0x98 0xda 0x3 0xc6 0x3 0xda 0x3 0xca 0x3 0xd9 0x3 0xbe 0x3 0xd1 0x3 0xbe 0x3 0x32 0x0 0x3 0x85 0x85 0x7d 0x82 0x4d 0x80 0x4f 0x80 0xa6 0x82 0xeb 0x7b 0x73 0x7d 0x0 0x0 0x59 0x50 0x86 0xa 0x73 0xe7 0x15 0xee 0x0 0x0 0x0 0x0 0x0 0x0 0x0 0x80 0x0 0xa4 0xa4 0x0 0x4 0x9f 0x5 0x0 0x0
1787978816006,0x1 0x8b 0xd 0x99 0x72 0xb6 0x60 0xd 0x0 0x0 0xd 0x36 0x4f 0x0 0x38 0x19 0x3f 0x19 0x73 0x0 0x22 0x3 0x2c 0x3 0x0 0x28 0x65 0x1 0x0 0x2d 0x0 0x19 0x0 0x57 0x0 0x57 0x0 0x99 0x99 0x99 0x99 0x99 0x99 0xcb 0x3 0xb6 0x3 0xca 0x3 0xb5 0x3 0xc9 0x3 0xb7 0x3 0xca 0x3 0xb7 0x3 0x32 0x0 0x3 0x86 0x87 0x7d 0x82 0x4d 0x80 0x4f 0x80 0xa6 0x82 0xeb 0x7b 0x73 0x7d 0x0 0x0 0x6b 0x50 0x98 0xa 0x73 0xe7 0x15 0xee 0x0 0x0 0x0 0x0 0x0 0x0 0x0 0x80 0x0 0xa4 0xa4 0x0 0x4 0xac 0x5 0x0 0x0
1787978816229,0x1 0x8a 0xd 0x99 0x72 0xb6 0x60 0xd 0x0 0x0 0xd 0x34 0x50 0x0 0xaa 0x19 0xaa 0x19 0x73 0x0 0x1e 0x3 0x2c 0x3 0x0 0x28 0x65 0x1 0x0 0x79 0x0 0x1d 0x0 0x57 0x0 0x57 0x0 0x96 0x96 0x96 0x96 0x96 0x96 0xd0 0x3 0xbf 0x3 0xd8 0x3 0xc8 0x3 0xde 0x3 0xcd 0x3 0xc4 0x3 0xcd 0x3 0x32 0x0 0x3 0x7f 0x88 0x7e 0x82 0x4d 0x80 0x4f 0x80 0xa6 0x82 0xeb 0x7b 0x73 0x7d 0x0 0x0 0x9b 0x50 0xc8 0xa 0x73 0xe7 0x15 0xee 0x0 0x0 0x0 0x0 0x0 0x0 0x0 0x80 0x0 0xa4 0xa4 0x0 0x4 0xb9 0x5 0x0 0x0
1787978816454,0x1 0x8b 0xd 0x99 0x72 0xb6 0x60 0xd 0x0 0x0 0xd 0x35 0x52 0x0 0x3d 0x1a 0x7e 0x19 0x73 0x0 0x20 0x3 0x2c 0x3 0x0 0x28 0x65 0x1 0x0 0x92 0x0 0x22 0x0 0x57 0x0 0x58 0x0 0x97 0x97 0x97 0x97 0x97 0x97 0xb0 0x3 0xc3 0x3 0xb9 0x3 0xc3 0x3 0xb6 0x3 0xc1 0x3 0xb9 0x3 0xcb 0x3 0x32 0x0 0x3 0x7e 0x89 0x7e 0x82 0x4d 0x80 0x4f 0x80 0xa6 0x82 0xeb 0x7b 0x73 0x7d 0x0 0x0 0xc1 0x50 0xee 0xa 0x73 0xe7 0x15 0xee 0x0 0x0 0x0 0x0 0x0 0x0 0x0 0x80 0x0 0xa4 0xa4 0x0 0x4 0xac 0x5 0x0 0x0
1787978816678,0x1 0x8b 0xd 0x99 0x72 0xb6 0x60 0xd 0x0 0x0 0xd 0x35 0x51 0x0 0xba 0x19 0xbf 0x19 0x73 0x0 0x26 0x3 0x2c 0x3 0x0 0x28 0x65 0x1 0x0 0x94 0x0 0x30 0x0 0x57 0x0 0x57 0x0 0x9c 0x9c 0x9c 0x9c 0x9c 0x9c 0xb7 0x3 0xcd 0x3 0xb9 0x3 0xd4 0x3 0xbd 0x3 0xd7 0x3 0xbd 0x3 0xd7 0x3 0x32 0x0 0x3 0x7d 0x8b 0x7e 0x82 0x4d 0x80 0x4f 0x80 0xa6 0x82 0xeb 0x7b 0x73 0x7d 0x0 0x0 0xdf 0x50 0xc 0xb 0x73 0xe7 0x15 0xee 0x0 0x0 0x0 0x0 0x0 0x0 0x0 0x80 0x0 0xa4 0xa4 0x0 0x4 0xac 0x5 0x0 0x0
1787978816902,0x1 0x8b 0xd 0x99 0x72 0xb6 0x60 0xd 0x0 0x0 0xd 0x34 0x4f 0x0 0x58 0x19 0x72 0x19 0x73 0x0 0x1e 0x3 0x2c 0x3 0x0 0x28 0x65 0x1 0x0 0x91 0x0 0x64 0x0 0x58 0x0 0x58 0x0 0x96 0x96 0x96 0x96 0x96 0x96 0xb2 0x3 0xd2 0x3 0xaf 0x3 0xd9 0x3 0xb7 0x3 0xd2 0x3 0xaf 0x3 0xd1 0x3 0x32 0x0 0x3 0x7b 0x8c 0x7e 0x82 0x4d 0x80 0x4f 0x80 0xa6 0x82 0xeb 0x7b 0x73 0x7d 0x0 0x0 0x3 0x51 0x30 0xb 0x73 0xe7 0x15 0xee 0x0 0x0 0x0 0x0 0x0 0x0 0x0 0x80 0x0 0xa4 0xa4 0x0 0x4 0xac 0x5 0x0 0x0
1787978817125,0x1 0x8a 0xd 0x99 0x72 0xb6 0x60 0xd 0x0 0x0 0xd 0x35 0x50 0x0 0x71 0x19 0x79 0x19 0x73 0x0 0x25 0x3 0x2c 0x3 0x0 0x28 0x65 0x1 0x0 0x86 0x0 0x88 0x0 0x57 0x0 0x57 0x0 0x9b 0x9b 0x9b 0x9b 0x9b 0x9b 0xb7 0x3 0xde 0x3 0xb3 0x3 0xd5 0x3 0xac 0x3 0xd3 0x3 0xaa 0x3 0xd3 0x3 0x32 0x0 0x3 0x7a 0x8c 0x7e 0x82 0x4d 0x80 0x4f 0x80 0xa6 0x82 0xeb 0x7b 0x73 0x7d 0x0 0x0 0x35 0x51 0x62 0xb 0x73 0xe7 0x15 0xee 0x0 0x0 0x0 0x0 0x0 0x0 0x0 0x80 0x0 0xa4 0xa4 0x0 0x4 0xb9 0x5 0x0 0x0
1787978817350,0x1 0x8a 0xd 0x99 0x72 0xb6 0x60 0xd 0x0 0x0 0xd 0x35 0x50 0x0 0x9a 0x19 0xda 0x19 0x73 0x0 0x20 0x3 0x2c 0x3 0x0 0x28 0x65 0x1 0x0 0x3e 0x0 0x99 0x0 0x58 0x0 0x57 0x0 0x97 0x97 0x97 0x97 0x97 0x97 0xb7 0x3 0xc7 0x3 0xd0 0x3 0xbd 0x3 0xb0 0x3 0xc5 0x3 0xd0 0x3 0xc5 0x3 0x32 0x0 0x3 0x81 0x83 0x80 0x83 0x4d 0x80 0x4f 0x80 0xa6 0x82 0xeb 0x7b 0x71 0x7b 0x0 0x0 0x55 0x51 0x82 0xb 0x73 0xe7 0x15 0xee 0x0 0x0 0x0 0x0 0x0 0x0 0x0 0x80 0x0 0xa4 0xa4 0x0 0x4 0xb9 0x5 0x0 0x0
1787978817574,0x1 0x8b 0xd 0x99 0x72 0xb6 0x60 0xd 0x0 0x0 0xd 0x35 0x4f 0x0 0x68 0x19 0xa4 0x19 0x73 0x0 0x1c 0x3 0x2c 0x3 0x0 0x28 0x65 0x1 0x0 0x1b 0x0 0xa2 0x0 0x58 0x0 0x58 0x0 0x95 0x95 0x95 0x95 0x95 0x95 0xc9 0x3 0xb4 0x3 0xc6 0x3 0xb7 0x3 0xcf 0x3 0xb7 0x3 0xcd 0x3 0xb7 0x3 0x32 0x0 0x3 0x82 0x82 0x80 0x83 0x4d 0x80 0x4f 0x80 0xa6 0x82 0xeb 0x7b 0x71 0x7b 0x0 0x0 0x7f 0x51 0xac 0xb 0x73 0xe7 0x15 0xee 0x0 0x0 0x0 0x0 0x0 0x0 0x0 0x80 0x0 0xa4 0xa4 0x0 0x4 0xac 0x5 0x0 0x0
1787978817798,0x1 0x8c 0xd 0x99 0x72 0xb6 0x60 0xd 0x0 0x0 0xd 0x35 0x51 0x0 0xe3 0x19 0xf1 0x19 0x73 0x0 0x21 0x3 0x2c 0x3 0x0 0x28 0x65 0x1 0x0 0x1a 0x0 0x9b 0x0 0x58 0x0 0x57 0x0 0x98 0x98 0x98 0x98 0x98 0x98 0xdc 0x3 0xbe 0x3 0xdd 0x3 0xc3 0x3 0xe0 0x3 0xc4 0x3 0xdd 0x3 0xbe 0x3 0x32 0x0 0x3 0x84 0x81 0x80 0x83 0x4d 0x80 0x4f 0x80 0xa6 0x82 0xeb 0x7b 0x71 0x7b 0x0 0x0 0xaf 0x51 0xdc 0xb 0x73 0xe7 0x15 0xee 0x0 0x0 0x0 0x0 0x0 0x0 0x0 0x80 0x0 0xa4 0xa4 0x0 0x4 0x9f 0x5 0x0 0x0
1787978818022,0x1 0x8a 0xd 0x99 0x72 0xb6 0x60 0xd 0x0 0x0 0xd 0x35 0x52 0x0 0xf3 0x19 0xda 0x19 0x73 0x0 0x29 0x3 0x2c 0x3 0x0 0x28 0x65 0x1 0x0 0x1b 0x0 0x91 0x0 0x57 0x0 0x58 0x0 0x9e 0x9e 0x9e 0x9e 0x9e 0x9e 0xd6 0x3 0xb0 0x3 0xd2 0x3 0xb1 0x3 0xdc 0x3 0xb5 0x3 0xdd 0x3 0xb5 0x3 0x32 0x0 0x3 0x85 0x7f 0x80 0x83 0x4d 0x80 0x4f 0x80 0xa6 0x82 0xeb 0x7b 0x71 0x7b 0x0 0x0 0xc7 0x51 0xf4 0xb 0x73 0xe7 0x15 0xee 0x0 0x0 0x0 0x0 0xb 0x0 0x0 0x80 0x0 0xa4 0xa4 0x0 0x4 0xb9 0x5 0x0 0x0
1787978818245,0x1 0x8a 0xd 0x99 0x72 0xb6 0x60 0xd 0x0 0x0 0xd 0x35 0x50 0x0 0xc3 0x19 0x9c 0x19 0x73 0x0 0x1b 0x3 0x2c 0x3 0x0 0x28 0x65 0x1 0x0 0x19 0x0 0x66 0x0 0x57 0x0 0x57 0x0 0x94 0x94 0x94 0x94 0x94 0x94 0xd5 0x3 0xa8 0x3 0xd9 0x3 0xb2 0x3 0xdf 0x3 0xad 0x3 0xd9 0x3 0xa9 0x3 0x32 0x0 0x3 0x86 0x7e 0x80 0x83 0x4d 0x80 0x4f 0x80 0xa6 0x82 0xeb 0x7b 0x71 0x7b 0x0 0x0 0xe3 0x51 0x10 0xc 0x73 0xe7 0x15 0xee 0x0 0x0 0x0 0x0 0x1d 0x0 0x0 0x80 0x0 0xa4 0xa4 0x0 0x4 0xb9 0x5 0x0 0x0
1787978818469,0x1 0x8b 0xd 0x98 0x73 0xb6 0x60 0xd 0x0 0x0 0xd 0x37 0x54 0x0 0x1e 0x1b 0xfd 0x1a 0x73 0x0 0x19 0x3 0x29 0x3 0x0 0x28 0x65 0x1 0x0 0x15 0x0 0x1f 0x0 0x58 0x0 0x58 0x0 0x95 0x95 0x95 0x95 0x95 0x95 0xee 0x3 0x1f 0x4 0x29 0x4 0xc 0x4 0x13 0x4 0xc7 0x3 0x13 0x4 0xf9 0x3 0x31 0x0 0x3 0x88 0x87 0x80 0x85 0x4d 0x80 0x4f 0x80 0xa6 0x82 0xeb 0x7b 0x73 0x7d 0x0 0x0 0x21 0x57 0x4e 0xc 0x73 0xe7 0x15 0xee 0x0 0x0 0x0 0x0 0x2e 0x0 0x0 0x80 0x0 0xa4 0xa4 0x0 0x4 0xac 0x5 0x0 0x0
1787978818693,0x1 0x8c 0xd 0x98 0x73 0xb6 0x60 0x14 0x7 0x0 0xd 0x46 0x71 0x0 0xfb 0x23 0x73 0x1e 0x73 0x0 0x24 0x3 0x29 0x3 0x0 0x28 0x65 0x1 0x0 0x16 0x0 0x15 0x0 0x58 0x0 0x57 0x0 0x9a 0x9a 0x9a 0x9a 0x9a 0x9a 0x97 0x7 0x48 0x7 0x7a 0x7 0x1e 0x4 0x95 0x5 0x33 0x7 0x7a 0x7 0x4a 0x7 0x2f 0x0 0x3 0x89 0x88 0x80 0x85 0x4d 0x80 0x4f 0x80 0xa6 0x82 0xeb 0x7b 0x73 0x7d 0x0 0x0 0x9b 0x50 0x84 0xb 0x73 0xe7 0x15 0xee 0x0 0x0 0x0 0x0 0x3c 0x0 0x0 0x80 0x0 0xa4 0xa4 0x0 0x8 0x9f 0x5 0x0 0x0
1787978818917,0x1 0x8a 0xd 0x98 0x73 0xb6 0x60 0x1d 0x10 0x0 0xd 0x57 0x9e 0x0 0x9a 0x2d 0x99 0x26 0x73 0x0 0x77 0x3 0x29 0x3 0x0 0x28 0x65 0x1 0x0 0xb5 0x0 0xa2 0x0 0x58 0x0 0x58 0x0 0x8f 0x8f 0x8f 0x8f 0x8f 0x8f 0xcc 0x6 0xbc 0x6 0x57 0x7 0x78 0x7 0xbd 0x7 0xd 0x8 0x6 0x8 0xd 0x8 0x2f 0x0 0x3 0x82 0x8a 0x82 0x85 0x4d 0x80 0x4f 0x80 0xa6 0x82 0xeb 0x7b 0x73 0x7d 0x0 0x0 0x9b 0x50 0x84 0xb 0x73 0xe7 0x15 0xee 0x0 0x0 0x0 0x0 0x46 0x0 0x0 0x80 0x0 0xa4 0xa4 0x0 0x8 0xb9 0x5 0x0 0x0
1787978819140,0x1 0x8a 0xd 0x98 0x73 0xb6 0x60 0x1f 0x11 0x0 0xd 0x5d 0xbf 0x0 0x68 0x2a 0x95 0x2b 0x73 0x0 0x81 0x4 0x29 0x3 0x0 0x28 0x65 0x1 0x0 0xbb 0x0 0xba 0x0 0x58 0x0 0x57 0x0 0x82 0x82 0x82 0x82 0x82 0x82 0x6 0x9 0x12 0x9 0xc5 0x8 0xdd 0x8 0x9b 0x8 0x1c 0x9 0x9b 0x8 0xb9 0x8 0x2d 0x0 0x3 0x80 0x8a 0x82 0x85 0x4d 0x80 0x4f 0x80 0xa6 0x82 0xeb 0x7b 0x73 0x7d 0x0 0x0 0x9b 0x61 0x84 0xb 0x73 0xe7 0x15 0xee 0x0 0x0 0x0 0x0 0x4a 0x0 0x0 0x80 0x0 0xa4 0xa4 0x0 0x8 0xb9 0x5 0x0 0x0
1787978819364,0x1 0x8b 0xd 0x98 0x73 0xb6 0x60 0x1f 0x12 0x0 0xd 0x5c 0xba 0x0 0x3d 0x24 0x91 0x25 0x73 0x4 0x22 0x5 0x29 0x3 0x0 0x28 0x65 0x1 0x0 0xb8 0x0 0xb7 0x0 0x57 0x0 0x58 0x0 0x79 0x79 0x79 0x79 0x79 0x79 0x84 0x6 0x5e 0x6 0xe5 0x6 0xab 0x6 0xa9 0x6 0x92 0x6 0x6b 0x6 0x5e 0x6 0x23 0x0 0x3 0x7c 0x80 0x82 0x84 0x4d 0x80 0x4f 0x80 0xa6 0x82 0xeb 0x7b 0x71 0x7b 0x0 0x0 0x9b 0x66 0x84 0xb 0x73 0xe7 0x15 0xee 0x0 0x0 0x0 0x0 0x59 0x0 0x0 0x80 0x0 0xa4 0xa4 0x0 0x8 0xac 0x5 0x0 0x0
1787978819588,0x1 0x8b 0xd 0x98 0x73 0xb6 0x60 0x1f 0x12 0x0 0xd 0x5f 0xc2 0x0 0x49 0x25 0xcd 0x24 0x73 0x4 0x34 0x5 0x29 0x3 0x0 0x28 0x65 0x1 0x0 0xb2 0x0 0xb1 0x0 0x58 0x0 0x57 0x0 0x79 0x79 0x79 0x79 0x79 0x79 0x17 0x6 0x8 0x6 0x21 0x6 0x15 0x6 0x1a 0x6 0xe 0x6 0x21 0x6 0x15 0x6 0x24 0x0 0x3 0x79 0x7d 0x82 0x84 0x4d 0x80 0x4f 0x80 0xa6 0x82 0xeb 0x7b 0x71 0x7b 0x0 0x0 0x9b 0x66 0x84 0xb 0x73 0xe7 0x15 0xee 0x0 0x0 0x0 0x0 0x73 0x0 0x0 0x80 0x0 0xa4 0xa4 0x0 0x8 0xac 0x5 0x0 0x0
1787978819813,0x1 0x8a 0xd 0x98 0x73 0xb6 0x60 0x1f 0x12 0x0 0xd 0x5e 0xc8 0x0 0x27 0x26 0xad 0x25 0x73 0x6 0x3e 0x5 0x29 0x3 0x0 0x28 0x65 0x1 0x0 0xa8 0x0 0xa9 0x0 0x58 0x0 0x57 0x0 0x78 0x78 0x78 0x78 0x78 0x78 0xfd 0x5 0xfb 0x5 0x1b 0x6 0xe 0x6 0xb 0x6 0xf9 0x5 0x8 0x6 0xfb 0x5 0x24 0x0 0x3 0x75 0x7a 0x82 0x84 0x4d 0x80 0x4f 0x80 0xa6 0x82 0xeb 0x7b 0x71 0x7b 0x0 0x0 0x9b 0x66 0x84 0xb 0x73 0xe7 0x15 0xee 0x0 0x0 0x0 0x0 0x8c 0x0 0x0 0x80 0x0 0xa4 0xa4 0x0 0x8 0xb9 0x5 0x0 0x0
1787978820037,0x1 0x8a 0xd 0x98 0x73 0xb6 0x60 0x1f 0x12 0x0 0xd 0x60 0xc8 0x0 0x6d 0x25 0x66 0x25 0x73 0x7 0x58 0x5 0x29 0x3 0x0 0x28 0x65 0x1 0x0 0xa2 0x0 0xa9 0x0 0x58 0x0 0x58 0x0 0x77 0x77 0x77 0x77 0x77 0x77 0xd6 0x5 0xc0 0x5 0xc0 0x5 0xb1 0x5 0xc0 0x5 0xd7 0x5 0xc0 0x5 0xb4 0x5 0x24 0x0 0x3 0x72 0x76 0x82 0x84 0x4d 0x80 0x4f 0x80 0xa6 0x82 0xeb 0x7b 0x71 0x7b 0x0 0x0 0x9b 0x67 0x84 0xb 0x73 0xe7 0x15 0xee 0x0 0x0 0x0 0x0 0x9c 0x0 0x0 0x80 0x0 0xa4 0xa4 0x0 0x8 0xb9 0x5 0x0 0x0
1787978820277,0x1 0x8a 0xd 0x98 0x73 0xb6 0x60 0x1f 0x12 0x0 0xd 0x61 0xca 0x0 0x3b 0x25 0x7d 0x25 0x73 0x8 0x6d 0x5 0x29 0x3 0x0 0x28 0x65 0x1 0x0 0xa0 0x0 0x9b 0x0 0x58 0x0 0x58 0x0 0x77 0x77 0x77 0x77 0x77 0x77 0x99 0x5 0x85 0x5 0xab 0x5 0x98 0x5 0xa5 0x5 0x93 0x5 0x90 0x5 0x85 0x5 0x24 0x0 0x3 0x6f 0x73 0x82 0x84 0x4d 0x80 0x4f 0x80 0xa6 0x82 0xeb 0x7b 0x71 0x7b 0x0 0x0 0x9b 0x67 0x84 0xb 0x73 0xe7 0x15 0xee 0x0 0x0 0x0 0x0 0xad 0x0 0x0 0x80 0x0 0xa4 0xa4 0x0 0x8 0xb9 0x5 0x0 0x0
1787978820501,0x1 0x8b 0xd 0x98 0x73 0xb6 0x60 0x1f 0x12 0x0 0xd 0x61 0xcc 0x0 0x40 0x25 0x40 0x25 0x73 0x9 0x7a 0x5 0x29 0x3 0x0 0x28 0x65 0x1 0x0 0x89 0x0 0x90 0x0 0x57 0x0 0x57 0x0 0x76 0x76 0x76 0x76 0x76 0x76 0x56 0x5 0x5e 0x5 0x69 0x5 0x57 0x5 0x59 0x5 0x4d 0x5 0x56 0x5 0x4a 0x5 0x24 0x0 0x3 0x6b 0x6f 0x82 0x84 0x4d 0x80 0x4f 0x80 0xa6 0x82 0xeb 0x7b 0x73 0x7d 0x0 0x0 0x9b 0x67 0x84 0xb 0x73 0xe7 0x15 0xee 0x0 0x0 0x0 0x0 0xb8 0x0 0x0 0x80 0x0 0xa4 0xa4 0x0 0x8 0xac 0x5 0x0 0x0
1787978820725,0x1 0x8a 0xd 0x98 0x73 0xb6 0x60 0x1f 0x12 0x0 0xd 0x61 0xcf 0x0 0x37 0x25 0xf1 0x24 0x73 0x9 0x90 0x5 0x29 0x3 0x0 0x28 0x65 0x1 0x0 0x63 0x0 0x6f 0x0 0x58 0x0 0x57 0x0 0x76 0x76 0x76 0x76 0x76 0x76 0x20 0x5 0x15 0x5 0x24 0x5 0x18 0x5 0x25 0x5 0x11 0x5 0x25 0x5 0x19 0x5 0x24 0x0 0x3 0x68 0x6c 0x82 0x84 0x4d 0x80 0x4f 0x80 0xa6 0x82 0xeb 0x7b 0x73 0x7d 0x0 0x0 0x93 0x68 0x84 0xb 0x73 0xe7 0x15 0xee 0x0 0x0 0x0 0x0 0xc3 0x0 0x0 0x80 0x0 0xa4 0xa4 0x0 0x8 0xb9 0x5 0x0 0x0
1787978820949,0x1 0x89 0xd 0x97 0x73 0xb6 0x60 0x1f 0x12 0x0 0xd 0x61 0xd1 0x0 0x1b 0x25 0x2 0x25 0x73 0xa 0xa2 0x5 0x29 0x3 0x0 0x28 0x65 0x1 0x0 0x1c 0x0 0x21 0x0 0x58 0x0 0x58 0x0 0x75 0x75 0x75 0x75 0x75 0x75 0x4f 0x5 0x3e 0x5 0x53 0x5 0x48 0x5 0x59 0x5 0x3c 0x5 0x53 0x5 0x42 0x5 0x24 0x0 0x3 0x71 0x75 0x79 0x7b 0x4d 0x80 0x4f 0x80 0xa6 0x82 0xeb 0x7b 0x73 0x7d 0x0 0x0 0x93 0x68 0x84 0xb 0x73 0xe7 0x15 0xee 0x0 0x0 0x0 0x0 0xcc 0x0 0x0 0x80 0x0 0xa4 0xa4 0x0 0x8 0xcb 0x5 0x0 0x0
1787978821172,0x1 0x8b 0xd 0x97 0x73 0xb6 0x60 0x1f 0x12 0x0 0xd 0x62 0xcd 0x0 0xa1 0x23 0x1 0x24 0x73 0xb 0xc1 0x5 0x29 0x3 0x0 0x28 0x65 0x1 0x0 0x13 0x0 0x17 0x0 0x58 0x0 0x57 0x0 0x74 0x74 0x74 0x74 0x74 0x74 0x2f 0x5 0x28 0x5 0x3f 0x5 0x27 0x5 0x33 0x5 0x26 0x5 0x2f 0x5 0x20 0x5 0x23 0x0 0x3 0x75 0x78 0x79 0x7b 0x4d 0x80 0x4f 0x80 0xa6 0x82 0xeb 0x7b 0x73 0x7d 0x0 0x0 0xdb 0x79 0x84 0xb 0x73 0xe7 0x15 0xee 0x0 0x0 0x0 0x0 0xd2 0x0 0x0 0x80 0x0 0xa4 0xa4 0x0 0x8 0xac 0x5 0x0 0x0
1787978821396,0x1 0x8b 0xd 0x97 0x73 0xb6 0x60 0x1f 0x12 0x0 0xd 0x61 0xd2 0x0 0x7c 0x23 0x74 0x23 0x73 0xb 0xeb 0x5 0x29 0x3 0x0 0x28 0x65 0x1 0x0 0x14 0x0 0x15 0x0 0x58 0x0 0x57 0x0 0x72 0x72 0x72 0x72 0x72 0x72 0x25 0x5 0x1b 0x5 0x25 0x5 0x18 0x5 0x22 0x5 0x15 0x5 0x23 0x5 0x15 0x5 0x23 0x0 0x3 0x78 0x7c 0x79 0x7b 0x4d 0x80 0x4f 0x80 0xa6 0x82 0xeb 0x7b 0x73 0x7d 0x0 0x0 0x9b 0x65 0x84 0xb 0x73 0xe7 0x15 0xee 0x0 0x0 0x0 0x0 0xd6 0x0 0x0 0x80 0x0 0xa4 0xa4 0x0 0x8 0xac 0x5 0x0 0x0
1787978821620,0x1 0x8a 0xd 0x97 0x73 0xb6 0x60 0x1f 0x12 0x0 0xd 0x63 0xd3 0x0 0x1f 0x23 0x2 0x23 0x73 0xc 0x2 0x6 0x29 0x3 0x0 0x28 0x65 0x1 0x0 0x13 0x0 0x15 0x0 0x57 0x0 0x57 0x0 0x71 0x71 0x71 0x71 0x71 0x71 0x16 0x5 0xd 0x5 0x1c 0x5 0xb 0x5 0x1c 0x5 0xa 0x5 0x1c 0x5 0xd 0x5 0x23 0x0 0x3 0x7c 0x7f 0x79 0x7b 0x4d 0x80 0x4f 0x80 0xa6 0x82 0xeb 0x7b 0x73 0x7d 0x0 0x0 0x93 0x65 0x84 0xb 0x73 0xe7 0x15 0xee 0x0 0x0 0x0 0x0 0xdb 0x0 0x0 0x80 0x0 0xa4 0xa4 0x0 0x8 0xb9 0x5 0x0 0x0
1787978821843,0x1 0x89 0xd 0x97 0x73 0xb6 0x60 0x1f 0x12 0x0 0xd 0x62 0xd1 0x0 0xed 0x21 0x28 0x22 0x73 0xc 0x29 0x6 0x29 0x3 0x0 0x28 0x65 0x1 0x0 0x15 0x0 0x18 0x0 0x57 0x0 0x57 0x0 0x71 0x71 0x71 0x71 0x71 0x71 0xb 0x5 0xfc 0x4 0x9 0x5 0xf7 0x4 0x4 0x5 0x0 0x5 0x4 0x5 0xf5 0x4 0x23 0x0 0x3 0x7f 0x83 0x79 0x7b 0x4d 0x80 0x4f 0x80 0xa6 0x82 0xeb 0x7b 0x73 0x7d 0x0 0x0 0x93 0x67 0x84 0xb 0x73 0xe7 0x15 0xee 0x0 0x0 0x0 0x0 0xdd 0x0 0x0 0x80 0x0 0xa4 0xa4 0x0 0x8 0xcb 0x5 0x0 0x0
1787978822068,0x1 0x8c 0xd 0x97 0x73 0xb6 0x60 0x20 0x12 0x0 0xd 0x62 0xd5 0x0 0xd4 0x21 0xa 0x22 0x73 0xd 0x4c 0x6 0x29 0x3 0x0 0x28 0x65 0x1 0x0 0x1b 0x0 0x30 0x0 0x57 0x0 0x57 0x0 0x70 0x70 0x70 0x70 0x70 0x70 0xe 0x5 0xfc 0x4 0x7 0x5 0xf7 0x4 0xa 0x5 0xfe 0x4 0x5 0x5 0xf7 0x4 0x23 0x0 0x3 0x83 0x86 0x79 0x7b 0x4d 0x80 0x4f 0x80 0xa6 0x82 0xeb 0x7b 0x73 0x7d 0x0 0x0 0x93 0x68 0x84 0xb 0x73 0xe7 0x15 0xee 0x0 0x0 0x0 0x0 0xe0 0x0 0x0 0x80 0x0 0xa4 0xa4 0x0 0x8 0x9f 0x5 0x0 0x0
1787978822292,0x1 0x8b 0xd 0x97 0x73 0xb6 0x60 0x20 0x13 0x0 0xd 0x63 0xd7 0x0 0x80 0x21 0xd 0x22 0x73 0xd 0x6b 0x6 0x29 0x3 0x0 0x28 0x65 0x1 0x0 0x69 0x0 0x8a 0x0 0x57 0x0 0x58 0x0 0x70 0x70 0x70 0x70 0x70 0x70 0x13 0x5 0x5 0x5 0x12 0x5 0xfc 0x4 0x15 0x5 0x9 0x5 0xe 0x5 0xfc 0x4 0x22 0x0 0x3 0x86 0x89 0x79 0x7b 0x4d 0x80 0x4f 0x80 0xa6 0x82 0xeb 0x7b 0x73 0x7d 0x0 0x0 0x93 0x69 0x84 0xb 0x73 0xe7 0x15 0xee 0x0 0x0 0x0 0x0 0xe1 0x0 0x0 0x80 0x0 0xa4 0xa4 0x0 0x8 0xac 0x5 0x0 0x0
1787978822516,0x1 0x8a 0xd 0x97 0x73 0xb6 0x60 0x20 0x13 0x0 0xd 0x64 0xe0 0x0 0x8 0x22 0x2 0x22 0x73 0xe 0x95 0x6 0x29 0x3 0x0 0x28 0x65 0x1 0x0 0xa2 0x0 0xaa 0x0 0x58 0x0 0x58 0x0 0x6f 0x6f 0x6f 0x6f 0x6f 0x6f 0xe6 0x4 0xf5 0x4 0xe1 0x4 0xf2 0x4 0xdd 0x4 0xf7 0x4 0xdd 0x4 0xf0 0x4 0x22 0x0 0x3 0x7e 0x89 0x77 0x7b 0x4d 0x80 0x4f 0x80 0xa6 0x82 0xeb 0x7b 0x74 0x7e 0x0 0x0 0x93 0x69 0x84 0xb 0x73 0xe7 0x15 0xee 0x0 0x0 0x0 0x0 0xe3 0x0 0x0 0x80 0x0 0xa4 0xa4 0x0 0x8 0xb9 0x5 0x0 0x0
1787978822740,0x1 0x8a 0xd 0x97 0x73 0xb6 0x60 0x20 0x13 0x0 0xd 0x65 0xe0 0x0 0x43 0x21 0x8e 0x21 0x73 0xe 0xbc 0x6 0x29 0x3 0x0 0x28 0x65 0x1 0x0 0xa3 0x0 0xab 0x0 0x57 0x0 0x58 0x0 0x6e 0x6e 0x6e 0x6e 0x6e 0x6e 0xcb 0x4 0xbd 0x4 0xbe 0x4 0xb4 0x4 0xb8 0x4 0xad 0x4 0xb4 0x4 0xad 0x4 0x22 0x0 0x3 0x7a 0x7f 0x77 0x7a 0x4d 0x80 0x4f 0x80 0xa6 0x82 0xeb 0x7b 0x74 0x7e 0x0 0x0 0x93 0x6a 0x84 0xb 0x73 0xe7 0x15 0xee 0x0 0x0 0x0 0x0 0xe5 0x0 0x0 0x80 0x0 0xa4 0xa4 0x0 0x8 0xb9 0x5 0x0 0x0
1787978822964,0x1 0x8b 0xd 0x97 0x74 0xb6 0x60 0x21 0x14 0x0 0xd 0x65 0xe5 0x0 0x7b 0x21 0x56 0x21 0x73 0xf 0xd7 0x6 0x25 0x3 0x0 0x28 0x65 0x1 0x0 0x9b 0x0 0xa2 0x0 0x58 0x0 0x57 0x0 0x6e 0x6e 0x6e 0x6e 0x6e 0x6e 0x99 0x4 0x92 0x4 0xa6 0x4 0x9d 0x4 0xa0 0x4 0x94 0x4 0x99 0x4 0x92 0x4 0x23 0x0 0x3 0x76 0x7b 0x77 0x7a 0x4d 0x80 0x4f 0x80 0xa6 0x82 0xeb 0x7b 0x74 0x7e 0x0 0x0 0x93 0x6e 0x84 0xb 0x73 0xe7 0x15 0xee 0x0 0x0 0x0 0x0 0xe9 0x0 0x0 0x80 0x0 0xa4 0xa4 0x0 0x8 0xac 0x5 0x0 0x0
1787978823187,0x1 0x8c 0xd 0x97 0x74 0xb6 0x60 0x21 0x14 0x0 0xd 0x67 0xed 0x0 0xe5 0x21 0xde 0x21 0x73 0x10 0xfe 0x6 0x25 0x3 0x0 0x28 0x65 0x1 0x0 0x8b 0x0 0x8f 0x0 0x58 0x0 0x58 0x0 0x6d 0x6d 0x6d 0x6d 0x6d 0x6d 0x94 0x4 0x8d 0x4 0x95 0x4 0x8c 0x4 0x93 0x4 0x8b 0x4 0x93 0x4 0x8c 0x4 0x22 0x0 0x3 0x73 0x78 0x77 0x7a 0x4d 0x80 0x4f 0x80 0xa6 0x82 0xeb 0x7b 0x74 0x7e 0x0 0x0 0xd6 0x71 0x84 0xb 0x73 0xe7 0x15 0xee 0x0 0x0 0x0 0x0 0xe9 0x0 0x0 0x80 0x0 0xa4 0xa4 0x0 0x8 0x9f 0x5 0x0 0x0
1787978823411,0x1 0x8c 0xd 0x97 0x74 0xb6 0x60 0x2a 0x1d 0x0 0xd 0x7b 0x53 0x1 0x88 0x2e 0x89 0x29 0x73 0x10 0x49 0x7 0x25 0x3 0x0 0x28 0x65 0x3 0x0 0x2f 0x0 0x68 0x0 0x57 0x0 0x57 0x0 0x72 0x72 0x72 0x72 0x72 0x72 0xf3 0x7 0xb5 0x7 0x21 0x8 0xf2 0x7 0x51 0x8 0x1b 0x8 0x7c 0x8 0x1b 0x8 0x24 0x0 0x3 0x79 0x74 0x7b 0x7a 0x4d 0x80 0x4f 0x80 0xa6 0x82 0xeb 0x7b 0x73 0x7d 0x0 0x0 0xd6 0x7e 0x84 0xb 0x73 0xe7 0x15 0xee 0x0 0x0 0x0 0x0 0xe8 0x0 0x0 0x80 0x0 0xa4 0xa4 0x0 0x8 0x9f 0x5 0x0 0x0
1787978823636,0x1 0x8a 0xd 0x97 0x74 0xb6 0x60 0x2d 0x20 0x0 0xd 0x81 0x7b 0x1 0x25 0x2f 0x97 0x2f 0x73 0x11 0xa 0x8 0x25 0x3 0x0 0x28 0x65 0x3 0x0 0xb2 0x0 0xad 0x0 0x58 0x0 0x57 0x0 0x74 0x74 0x74 0x74 0x74 0x74 0xad 0x7 0x4c 0x7 0x7e 0x7 0x31 0x7 0xca 0x7 0x7a 0x7 0x7b 0x7 0x31 0x7 0x1b 0x0 0x3 0x71 0x6e 0x75 0x7a 0x4d 0x80 0x4f 0x80 0xa6 0x82 0xeb 0x7b 0x73 0x7d 0x0 0x0 0xde 0x93 0x84 0xb 0x73 0xe7 0x15 0xee 0x0 0x0 0x0 0x0 0xdf 0x0 0x0 0x80 0x0 0xa4 0xa4 0x0 0x8 0xb9 0x5 0x0 0x0
1787978823859,0x1 0x8b 0xd 0x97 0x74 0xb6 0x60 0x2d 0x20 0x0 0xd 0x82 0x81 0x1 0x5c 0x2e 0x7b 0x2e 0x73 0x13 0x4e 0x8 0x25 0x3 0x0 0x28 0x65 0x3 0x0 0xa5 0x0 0x73 0x0 0x57 0x0 0x58 0x0 0x73 0x73 0x73 0x73 0x73 0x73 0xe6 0x6 0x9b 0x6 0xd7 0x6 0x96 0x6 0xe3 0x6 0xa9 0x6 0xd7 0x6 0x92 0x6 0x1b 0x0 0x3 0x6c 0x69 0x75 0x7a 0x4d 0x80 0x4f 0x80 0xa6 0x82 0xeb 0x7b 0x73 0x7d 0x0 0x0 0xde 0xa0 0x84 0xb 0x73 0xe7 0x15 0xee 0x0 0x0 0x0 0x0 0xe0 0x0 0x0 0x80 0x0 0xa4 0xa4 0x0 0x8 0xac 0x5 0x0 0x0
1787978824084,0x1 0x8b 0xd 0x96 0x74 0xb6 0x60 0x2d 0x20 0x0 0xd 0x82 0x87 0x1 0x4c 0x2e 0x37 0x2e 0x73 0x13 0x72 0x8 0x25 0x3 0x0 0x28 0x65 0x3 0x0 0x8a 0x0 0x19 0x0 0x57 0x0 0x57 0x0 0x73 0x73 0x73 0x73 0x73 0x73 0x78 0x6 0x91 0x6 0x66 0x6 0x9b 0x6 0x82 0x6 0xa7 0x6 0x6a 0x6 0x9b 0x6 0x1c 0x0 0x3 0x66 0x74 0x75 0x78 0x4d 0x80 0x4f 0x80 0xa6 0x82 0xeb 0x7b 0x73 0x7d 0x0 0x0 0xde 0xa4 0x84 0xb 0x73 0xe7 0x15 0xee 0x0 0x0 0x0 0x0 0xe2 0x0 0x0 0x80 0x0 0xa4 0xa4 0x0 0x8 0xac 0x5 0x0 0x0
1787978824308,0x1 0x8b 0xd 0x96 0x74 0xb6 0x60 0x2d 0x20 0x0 0xd 0x82 0x82 0x1 0xe0 0x2f 0xab 0x2f 0x73 0x14 0x10 0x8 0x25 0x3 0x0 0x28 0x65 0x3 0x0 0x2e 0x0 0x1e 0x0 0x57 0x0 0x58 0x0 0x74 0x74 0x74 0x74 0x74 0x74 0xa0 0x6 0xdc 0x6 0xa7 0x6 0xce 0x6 0x9e 0x6 0xd1 0x6 0xa7 0x6 0xdb 0x6 0x1c 0x0 0x3 0x6c 0x7a 0x6e 0x78 0x4d 0x80 0x4f 0x80 0xa6 0x82 0xeb 0x7b 0x73 0x7d 0x0 0x0 0x56 0x9b 0x84 0xb 0x73 0xe7 0x15 0xee 0x0 0x0 0x0 0x0 0xd8 0x0 0x0 0x80 0x0 0xa4 0xa4 0x0 0x8 0xac 0x5 0x0 0x0
1787978824532,0x1 0x8a 0xd 0x96 0x74 0xb6 0x60 0x2d 0x20 0x0 0xd 0x81 0x79 0x1 0xf9 0x33 0xfd 0x32 0x73 0x15 0x41 0x7 0x25 0x3 0x0 0x28 0x65 0x3 0x0 0x14 0x0 0x1b 0x0 0x58 0x0 0x57 0x0 0x74 0x74 0x74 0x74 0x74 0x74 0x3b 0x7 0x55 0x7 0x21 0x7 0x62 0x7 0x2a 0x7 0x65 0x7 0x3b 0x7 0x71 0x7 0x1c 0x0 0x3 0x71 0x7f 0x6e 0x78 0x4d 0x80 0x4f 0x80 0xa6 0x82 0xeb 0x7b 0x73 0x7d 0x0 0x0 0xd6 0x8d 0x84 0xb 0x73 0xe7 0x15 0xee 0x0 0x0 0x0 0x0 0xbe 0x0 0x0 0x80 0x0 0xa4 0xa4 0x0 0x8 0xb9 0x5 0x0 0x0
1787978824756,0x1 0x8b 0xd 0x96 0x74 0xb6 0x60 0x2d 0x20 0x0 0xd 0x7e 0x6b 0x1 0x71 0x34 0x1e 0x34 0x73 0x16 0xec 0x6 0x25 0x3 0x0 0x28 0x65 0x3 0x0 0x12 0x0 0x1d 0x0 0x57 0x0 0x58 0x0 0x76 0x76 0x76 0x76 0x76 0x76 0x48 0x7 0x85 0x7 0x56 0x7 0x8f 0x7 0x52 0x7 0x86 0x7 0x59 0x7 0x8f 0x7 0x1d 0x0 0x3 0x76 0x84 0x6e 0x78 0x4d 0x80 0x4f 0x80 0xa6 0x82 0xeb 0x7b 0x73 0x7d 0x0 0x0 0x16 0x85 0x84 0xb 0x73 0xe7 0x15 0xee 0x0 0x0 0x0 0x0 0xad 0x0 0x0 0x80 0x0 0xa4 0xa4 0x0 0x8 0xac 0x5 0x0 0x0
1787978824979,0x1 0x8c 0xd 0x96 0x74 0xb6 0x60 0x2d 0x20 0x0 0xd 0x7e 0x6b 0x1 0xcd 0x33 0xac 0x33 0x73 0x17 0x2 0x7 0x25 0x3 0x0 0x28 0x65 0x1 0x0 0x10 0x0 0x15 0x0 0x57 0x0 0x58 0x0 0x74 0x74 0x74 0x74 0x74 0x74 0x48 0x7 0x72 0x7 0x40 0x7 0x7a 0x7 0x4a 0x7 0x7e 0x7 0x4a 0x7 0x7f 0x7 0x1d 0x0 0x3 0x7b 0x89 0x6e 0x78 0x4d 0x80 0x4f 0x80 0xa6 0x82 0xeb 0x7b 0x73 0x7d 0x0 0x0 0x96 0x7a 0x84 0xb 0x73 0xe7 0x15 0xee 0x0 0x0 0x0 0x0 0xb2 0x0 0x0 0x80 0x0 0xa4 0xa4 0x0 0x8 0x9f 0x5 0x0 0x0
1787978825203,0x1 0x8b 0xd 0x96 0x74 0xb6 0x60 0x2c 0x20 0x0 0xd 0x7d 0x67 0x1 0xaa 0x32 0x92 0x32 0x73 0x18 0x16 0x7 0x25 0x3 0x0 0x28 0x65 0x1 0x0 0x11 0x0 0x16 0x0 0x57 0x0 0x57 0x0 0x74 0x74 0x74 0x74 0x74 0x74 0x31 0x7 0x64 0x7 0x32 0x7 0x6a 0x7 0x33 0x7 0x63 0x7 0x31 0x7 0x64 0x7 0x1c 0x0 0x3 0x81 0x8f 0x6e 0x78 0x4d 0x80 0x4f 0x80 0xa6 0x82 0xeb 0x7b 0x73 0x7d 0x0 0x0 0xd6 0x76 0x84 0xb 0x73 0xe7 0x15 0xee 0x0 0x0 0x0 0x0 0xb7 0x0 0x0 0x80 0x0 0xa4 0xa4 0x0 0x8 0xac 0x5 0x0 0x0
1787978825427,0x1 0x8a 0xd 0x96 0x74 0xb6 0x60 0x2c 0x1f 0x0 0xd 0x7c 0x63 0x1 0xb7 0x31 0xaa 0x31 0x73 0x19 0x24 0x7 0x25 0x3 0x0 0x28 0x65 0x1 0x0 0x12 0x0 0x1f 0x0 0x58 0x0 0x58 0x0 0x75 0x75 0x75 0x75 0x75 0x75 0x20 0x7 0x52 0x7 0x22 0x7 0x57 0x7 0x2a 0x7 0x59 0x7 0x25 0x7 0x57 0x7 0x1c 0x0 0x3 0x86 0x94 0x6e 0x78 0x4d 0x80 0x4f 0x80 0xa6 0x82 0xeb 0x7b 0x73 0x7d 0x0 0x0 0xd6 0x7a 0x84 0xb 0x73 0xe7 0x15 0xee 0x0 0x0 0x0 0x0 0xbc 0x0 0x0 0x80 0x0 0xa4 0xa4 0x0 0x8 0xb9 0x5 0x0 0x0
1787978825651,0x1 0x8a 0xd 0x96 0x74 0xb6 0x60 0x2c 0x1f 0x0 0xd 0x7b 0x5c 0x1 0x50 0x30 0x4 0x31 0x73 0x1a 0x34 0x7 0x25 0x3 0x0 0x28 0x65 0x1 0x0 0x15 0x0 0x87 0x0 0x58 0x0 0x57 0x0 0x75 0x75 0x75 0x75 0x75 0x75 0x23 0x7 0x58 0x7 0x2a 0x7 0x5a 0x7 0x24 0x7 0x4b 0x7 0x1f 0x7 0x4b 0x7 0x1c 0x0 0x3 0x8b 0x98 0x6e 0x78 0x4d 0x80 0x4f 0x80 0xa6 0x82 0xeb 0x7b 0x73 0x7d 0x0 0x0 0xd6 0x7a 0x84 0xb 0x73 0xe7 0x15 0xee 0x0 0x0 0x0 0x0 0xc1 0x0 0x0 0x80 0x0 0xa4 0xa4 0x0 0x8 0xb9 0x5 0x0 0x0
1787978825875,0x1 0x8b 0xd 0x96 0x74 0xb6 0x60 0x26 0x19 0x0 0xd 0x74 0x2d 0x1 0x4b 0x2a 0x5a 0x2b 0x73 0x1b 0x1e 0x7 0x25 0x3 0x0 0x28 0x65 0x1 0x0 0x7b 0x0 0xb0 0x0 0x58 0x0 0x57 0x0 0x73 0x73 0x73 0x73 0x73 0x73 0x47 0x6 0x43 0x6 0x3a 0x6 0x6d 0x6 0x4f 0x6 0x51 0x6 0x3a 0x6 0x45 0x6 0x1e 0x0 0x3 0x90 0x98 0x6e 0x78 0x4d 0x80 0x4f 0x80 0xa6 0x82 0xeb 0x7b 0x73 0x7d 0x0 0x0 0xd6 0x7a 0x84 0xb 0x73 0xe7 0x15 0xee 0x0 0x0 0x0 0x0 0xc9 0x0 0x0 0x80 0x0 0xa4 0xa4 0x0 0x8 0xac 0x5 0x0 0x0
1787978826099,0x1 0x8b 0xd 0x95 0x74 0xb6 0x60 0x25 0x18 0x0 0xd 0x70 0x17 0x1 0x8f 0x28 0x38 0x28 0x73 0x1b 0xe1 0x6 0x25 0x3 0x0 0x28 0x65 0x1 0x0 0xb5 0x0 0xb6 0x0 0x57 0x0 0x57 0x0 0x72 0x72 0x72 0x72 0x72 0x72 0xa6 0x5 0xa9 0x5 0x9d 0x5 0xa5 0x5 0xa4 0x5 0xa7 0x5 0xa4 0x5 0xa9 0x5 0x1f 0x0 0x3 0x87 0x8e 0x79 0x80 0x4d 0x80 0x4f 0x80 0xa6 0x82 0xeb 0x7b 0x73 0x7d 0x0 0x0 0xd6 0x71 0x84 0xb 0x73 0xe7 0x15 0xee 0x0 0x0 0x0 0x0 0xd4 0x0 0x0 0x80 0x0 0xa4 0xa4 0x0 0x8 0xac 0x5 0x0 0x0
1787978826323,0x1 0x8a 0xd 0x95 0x74 0xb6 0x60 0x24 0x17 0x0 0xd 0x6d 0xb 0x1 0xdc 0x26 0x61 0x27 0x73 0x1c 0xdf 0x6 0x25 0x3 0x0 0x28 0x65 0x1 0x0 0xb2 0x0 0xb3 0x0 0x57 0x0 0x57 0x0 0x71 0x71 0x71 0x71 0x71 0x71 0x77 0x5 0x90 0x5 0x83 0x5 0x86 0x5 0x7f 0x5 0x7c 0x5 0x77 0x5 0x7c 0x5 0x21 0x0 0x3 0x83 0x8a 0x79 0x80 0x4d 0x80 0x4f 0x80 0xa6 0x82 0xeb 0x7b 0x6f 0x78 0x0 0x0 0xde 0x6e 0x84 0xb 0x73 0xe7 0x15 0xee 0x0 0x0 0x0 0x0 0xd9 0x0 0x0 0x80 0x0 0xa4 0xa4 0x0 0x8 0xb9 0x5 0x0 0x0
1787978826546,0x1 0x8b 0xd 0x95 0x74 0xb6 0x60 0x22 0x16 0x0 0xd 0x69 0xfb 0x0 0x92 0x24 0x7 0x25 0x73 0x1c 0xdd 0x6 0x25 0x3 0x0 0x28 0x65 0x1 0x0 0xb1 0x0 0xb2 0x0 0x57 0x0 0x57 0x0 0x70 0x70 0x70 0x70 0x70 0x70 0x1c 0x5 0x20 0x5 0x17 0x5 0x29 0x5 0x21 0x5 0x21 0x5 0x17 0x5 0x1b 0x5 0x22 0x0 0x3 0x7f 0x86 0x79 0x80 0x4d 0x80 0x4f 0x80 0xa6 0x82 0xeb 0x7b 0x6f 0x78 0x0 0x0 0x5e 0x70 0x84 0xb 0x73 0xe7 0x15 0xee 0x0 0x0 0x0 0x0 0xdd 0x0 0x0 0x80 0x0 0xa4 0xa4 0x0 0x8 0xac 0x5 0x0 0x0
1787978826771,0x1 0x8b 0xd 0x95 0x74 0xb6 0x60 0x1f 0x12 0x0 0xd 0x67 0xe7 0x0 0xcb 0x21 0x3a 0x23 0x73 0x1c 0xd6 0x6 0x25 0x3 0x0 0x28 0x65 0x1 0x0 0xb0 0x0 0xb2 0x0 0x57 0x0 0x57 0x0 0x6f 0x6f 0x6f 0x6f 0x6f 0x6f 0xd9 0x4 0xd3 0x4 0xc9 0x4 0xc1 0x4 0xdd 0x4 0xe3 0x4 0xbd 0x4 0xc1 0x4 0x22 0x0 0x3 0x7b 0x82 0x79 0x80 0x4d 0x80 0x4f 0x80 0xa6 0x82 0xeb 0x7b 0x6f 0x78 0x0 0x0 0xde 0x6c 0x84 0xb 0x73 0xe7 0x15 0xee 0x0 0x0 0x0 0x0 0xe1 0x0 0x0 0x80 0x0 0xa4 0xa4 0x0 0x8 0xac 0x5 0x0 0x0
1787978826995,0x1 0x8c 0xd 0x95 0x75 0xb6 0x60 0x16 0x9 0x0 0xd 0x50 0x8f 0x0 0xce 0x15 0x18 0x19 0x73 0x1d 0x8f 0x6 0x21 0x3 0x0 0x28 0x65 0x1 0x0 0xb4 0x0 0xb5 0x0 0x57 0x0 0x57 0x0 0x68 0x68 0x68 0x68 0x68 0x68 0x83 0x3 0x75 0x3 0x64 0x3 0x58 0x3 0x4a 0x3 0x3e 0x3 0x3b 0x3 0x3e 0x3 0x25 0x0 0x3 0x77 0x7f 0x79 0x80 0x4d 0x80 0x4f 0x80 0xa6 0x82 0xeb 0x7b 0x6f 0x78 0x0 0x0 0xde 0x68 0x84 0xb 0x73 0xe7 0x15 0xee 0x0 0x0 0x0 0x0 0xeb 0x0 0x0 0x80 0x0 0xa4 0xa4 0x0 0x8 0x9f 0x5 0x0 0x0
1787978827219,0x1 0x8a 0xd 0x95 0x75 0xb6 0x60 0xd 0x1 0x0 0xd 0x3d 0x62 0x0 0x9d 0xf 0x2c 0x12 0x73 0x1d 0x47 0x6 0x21 0x3 0x0 0x28 0x65 0x1 0x0 0xb7 0x0 0xb7 0x0 0x58 0x0 0x58 0x0 0x73 0x73 0x73 0x73 0x73 0x73 0x83 0x2 0x7b 0x2 0x6b 0x2 0x65 0x2 0x59 0x2 0x52 0x2 0x4f 0x2 0x52 0x2 0x27 0x0 0x3 0x75 0x7c 0x79 0x80 0x4d 0x80 0x4f 0x80 0xa6 0x82 0xeb 0x7b 0x6f 0x78 0x0 0x0 0x21 0x66 0x84 0xb 0x73 0xe7 0x15 0xee 0x0 0x0 0x0 0x0 0xf6 0x0 0x0 0x80 0x0 0xa4 0xa4 0x0 0x0 0xb9 0x5 0x0 0x0
1787978827459,0x1 0x8b 0xd 0x95 0x75 0xb7 0x60 0xd 0x0 0x0 0xd 0x3d 0x60 0x0 0x23 0x10 0x46 0x10 0x73 0x1d 0xf3 0x5 0x21 0x3 0x0 0x28 0x65 0x1 0x0 0xb9 0x0 0xb8 0x0 0x57 0x0 0x58 0x0 0x8c 0x8c 0x8c 0x8c 0x8c 0x8c 0x1e 0x2 0x21 0x2 0x1d 0x2 0x1f 0x2 0x1e 0x2 0x20 0x2 0x1d 0x2 0x20 0x2 0x28 0x0 0x3 0x73 0x7a 0x79 0x80 0x4d 0x80 0x4f 0x80 0xa6 0x82 0xeb 0x7b 0x70 0x7a 0x0 0x0 0xe3 0x68 0x46 0x11 0x73 0xe7 0x15 0xee 0x0 0x0 0x0 0x0 0xff 0x0 0x0 0x80 0x0 0xa4 0xa4 0x0 0x0 0xac 0x5 0x0 0x0
1787978827683,0x1 0x8b 0xd 0x95 0x75 0xb7 0x60 0xd 0x0 0x0 0xd 0x3c 0x61 0x0 0xcd 0x10 0xa0 0x10 0x73 0x1c 0xc6 0x5 0x21 0x3 0x0 0x28 0x65 0x1 0x0 0xb8 0x0 0xb8 0x0 0x57 0x0 0x57 0x0 0x9c 0x9c 0x9c 0x9c 0x9c 0x9c 0x2e 0x2 0x32 0x2 0x30 0x2 0x34 0x2 0x32 0x2 0x2f 0x2 0x32 0x2 0x36 0x2 0x29 0x0 0x3 0x71 0x78 0x79 0x80 0x4d 0x80 0x4f 0x80 0xa6 0x82 0xeb 0x7b 0x70 0x7a 0x0 0x0 0xdb 0x67 0x46 0x11 0x73 0xe7 0x15 0xee 0x0 0x0 0x0 0x0 0xff 0x0 0x0 0x80 0x0 0xa4 0xa4 0x0 0x0 0xac 0x5 0x0 0x0
1787978827907,0x1 0x8c 0xd 0x94 0x75 0xb7 0x60 0xd 0x0 0x0 0xd 0x3c 0x60 0x0 0xf6 0x10 0xe4 0x10 0x73 0x1c 0xa9 0x5 0x21 0x3 0x0 0x28 0x65 0x1 0x0 0xb7 0x0 0xb5 0x0 0x57 0x0 0x58 0x0 0xa0 0xa0 0xa0 0xa0 0xa0 0xa0 0x3d 0x2 0x41 0x2 0x3e 0x2 0x3d 0x2 0x3b 0x2 0x40 0x2 0x3e 0x2 0x41 0x2 0x29 0x0 0x3 0x6e 0x76 0x79 0x80 0x4d 0x80 0x4f 0x80 0xa6 0x82 0xeb 0x7b 0x70 0x7a 0x0 0x0 0xdb 0x66 0x46 0x11 0x73 0xe7 0x15 0xee 0x0 0x0 0x0 0x0 0xff 0x0 0x0 0x80 0x0 0xa4 0xa4 0x0 0x0 0x9f 0x5 0x0 0x0
1787978828130,0x1 0x8a 0xd 0x94 0x75 0xb7 0x60 0xd 0x0 0x0 0xd 0x3d 0x5f 0x0 0xf6 0x10 0x15 0x11 0x73 0x1c 0x9a 0x5 0x21 0x3 0x0 0x28 0x65 0x1 0x0 0xb6 0x0 0xb4 0x0 0x58 0x0 0x58 0x0 0x9f 0x9f 0x9f 0x9f 0x9f 0x9f 0x41 0x2 0x42 0x2 0x40 0x2 0x43 0x2 0x41 0x2 0x44 0x2 0x41 0x2 0x43 0x2 0x29 0x0 0x3 0x6c 0x74 0x79 0x80 0x4d 0x80 0x4f 0x80 0xa6 0x82 0xeb 0x7b 0x70 0x7a 0x0 0x0 0xe3 0x65 0x46 0x11 0x73 0xe7 0x15 0xee 0x0 0x0 0x0 0x0 0xff 0x0 0x0 0x80 0x0 0xa4 0xa4 0x0 0x0 0xb9 0x5 0x0 0x0
1787978828355,0x1 0x8b 0xd 0x94 0x75 0xb7 0x60 0xd 0x0 0x0 0xd 0x3c 0x5e 0x0 0xe 0x11 0x31 0x11 0x73 0x1b 0x83 0x5 0x21 0x3 0x0 0x28 0x65 0x1 0x0 0xb5 0x0 0xb3 0x0 0x58 0x0 0x58 0x0 0x9e 0x9e 0x9e 0x9e 0x9e 0x9e 0x3f 0x2 0x41 0x2 0x3f 0x2 0x41 0x2 0x41 0x2 0x42 0x2 0x3f 0x2 0x42 0x2 0x29 0x0 0x3 0x6a 0x72 0x79 0x80 0x4d 0x80 0x4f 0x80 0xa6 0x82 0xeb 0x7b 0x6f 0x78 0x0 0x0 0xe3 0x65 0x46 0x11 0x73 0xe7 0x15 0xee 0x0 0x0 0x0 0x0 0xff 0x0 0x0 0x80 0x0 0xa4 0xa4 0x0 0x0 0xac 0x5 0x0 0x0
1787978828579,0x1 0x8b 0xd 0x94 0x75 0xb7 0x60 0xd 0x0 0x0 0xd 0x3d 0x60 0x0 0xb8 0x11 0x91 0x11 0x73 0x1b 0x6b 0x5 0x21 0x3 0x0 0x28 0x65 0x1 0x0 0xb5 0x0 0xb2 0x0 0x57 0x0 0x58 0x0 0x9f 0x9f 0x9f 0x9f 0x9f 0x9f 0x4a 0x2 0x4c 0x2 0x4a 0x2 0x4c 0x2 0x4a 0x2 0x4d 0x2 0x4a 0x2 0x4d 0x2 0x29 0x0 0x3 0x68 0x70 0x79 0x80 0x4d 0x80 0x4f 0x80 0xa6 0x82 0xeb 0x7b 0x6f 0x78 0x0 0x0 0xe3 0x64 0x46 0x11 0x73 0xe7 0x15 0xee 0x0 0x0 0x0 0x0 0xff 0x0 0x0 0x80 0x0 0xa4 0xa4 0x0 0x0 0xac 0x5 0x0 0x0
1787978828803,0x1 0x8b 0xd 0x94 0x75 0xb7 0x60 0xd 0x0 0x0 0xd 0x3e 0x62 0x0 0x42 0x12 0xd9 0x11 0x73 0x1b 0x5e 0x5 0x21 0x3 0x0 0x28 0x65 0x1 0x0 0xb3 0x0 0xb1 0x0 0x57 0x0 0x58 0x0 0x9f 0x9f 0x9f 0x9f 0x9f 0x9f 0x50 0x2 0x50 0x2 0x4e 0x2 0x51 0x2 0x4e 0x2 0x51 0x2 0x50 0x2 0x52 0x2 0x29 0x0 0x3 0x66 0x6e 0x79 0x80 0x4d 0x80 0x4f 0x80 0xa6 0x82 0xeb 0x7b 0x6f 0x78 0x0 0x0 0xe3 0x63 0x46 0x11 0x73 0xe7 0x15 0xee 0x0 0x0 0x0 0x0 0xff 0x0 0x0 0x80 0x0 0xa4 0xa4 0x0 0x0 0xac 0x5 0x0 0x0
1787978829027,0x1 0x8a 0xd 0x94 0x75 0xb7 0x60 0xd 0x0 0x0 0xd 0x3d 0x60 0x0 0x3b 0x12 0x13 0x12 0x73 0x1a 0x44 0x5 0x21 0x3 0x0 0x28 0x65 0x1 0x0 0xb2 0x0 0xb0 0x0 0x58 0x0 0x58 0x0 0x9e 0x9e 0x9e 0x9e 0x9e 0x9e 0x54 0x2 0x57 0x2 0x54 0x2 0x56 0x2 0x54 0x2 0x57 0x2 0x54 0x2 0x56 0x2 0x29 0x0 0x3 0x65 0x6c 0x79 0x80 0x4d 0x80 0x4f 0x80 0xa6 0x82 0xeb 0x7b 0x6f 0x78 0x0 0x0 0xe3 0x63 0x46 0x11 0x73 0xe7 0x15 0xee 0x0 0x0 0x0 0x0 0xff 0x0 0x0 0x80 0x0 0xa4 0xa4 0x0 0x0 0xb9 0x5 0x0 0x0
1787978829249,0x1 0x8a 0xd 0x94 0x75 0xb7 0x60 0xd 0x0 0x0 0xd 0x3c 0x5f 0x0 0x1f 0x12 0x4c 0x12 0x73 0x1a 0x3e 0x5 0x21 0x3 0x0 0x28 0x65 0x1 0x0 0xb1 0x0 0xaf 0x0 0x57 0x0 0x58 0x0 0x9f 0x9f 0x9f 0x9f 0x9f 0x9f 0x56 0x2 0x59 0x2 0x57 0x2 0x5a 0x2 0x57 0x2 0x59 0x2 0x56 0x2 0x59 0x2 0x29 0x0 0x3 0x63 0x6a 0x79 0x80 0x4d 0x80 0x4f 0x80 0xa6 0x82 0xeb 0x7b 0x6f 0x78 0x0 0x0 0xdb 0x61 0x46 0x11 0x73 0xe7 0x15 0xee 0x0 0x0 0x0 0x0 0xff 0x0 0x0 0x80 0x0 0xa4 0xa4 0x0 0x0 0xb9 0x5 0x0 0x0
1787978829474,0x1 0x8b 0xd 0x93 0x76 0xb6 0x60 0xd 0x0 0x0 0xd 0x3d 0x61 0x0 0xaf 0x12 0x6e 0x12 0x73 0x1a 0x31 0x5 0x1e 0x3 0x0 0x28 0x65 0x1 0x0 0xaf 0x0 0xad 0x0 0x58 0x0 0x58 0x0 0x9f 0x9f 0x9f 0x9f 0x9f 0x9f 0x56 0x2 0x5a 0x2 0x56 0x2 0x5a 0x2 0x55 0x2 0x59 0x2 0x57 0x2 0x5a 0x2 0x29 0x0 0x3 0x61 0x68 0x79 0x80 0x4d 0x80 0x4f 0x80 0xa6 0x82 0xeb 0x7b 0x70 0x7a 0x0 0x0 0xdb 0x61 0x46 0x11 0x73 0xe7 0x15 0xee 0x0 0x0 0x0 0x0 0xff 0x0 0x0 0x80 0x0 0xa4 0xa4 0x0 0x0 0xac 0x5 0x0 0x0
1787978829697,0x1 0x8b 0xd 0x93 0x76 0xb6 0x60 0xd 0x0 0x0 0xd 0x3d 0x5f 0x0 0xaa 0x12 0x83 0x12 0x73 0x19 0x17 0x5 0x1e 0x3 0x0 0x28 0x65 0x1 0x0 0xae 0x0 0xad 0x0 0x58 0x0 0x57 0x0 0xa0 0xa0 0xa0 0xa0 0xa0 0xa0 0x57 0x2 0x59 0x2 0x55 0x2 0x59 0x2 0x5a 0x2 0x5d 0x2 0x5a 0x2 0x5d 0x2 0x2a 0x0 0x3 0x5f 0x67 0x79 0x80 0x4d 0x80 0x4f 0x80 0xa6 0x82 0xeb 0x7b 0x70 0x7a 0x0 0x0 0x1d 0x60 0x46 0x11 0x73 0xe7 0x15 0xee 0x0 0x0 0x0 0x0 0xff 0x0 0x0 0x80 0x0 0xa4 0xa4 0x0 0x4 0xac 0x5 0x0 0x0
1787978829922,0x1 0x8a 0xd 0x93 0x76 0xb6 0x60 0xd 0x0 0x0 0xd 0x3c 0x60 0x0 0x37 0x13 0xc6 0x12 0x73 0x19 0xff 0x4 0x1e 0x3 0x0 0x28 0x65 0x1 0x0 0xab 0x0 0xaa 0x0 0x58 0x0 0x58 0x0 0xb4 0xb4 0xb4 0xb4 0xb4 0xb4 0x5f 0x2 0x63 0x2 0x5e 0x2 0x62 0x2 0x5e 0x2 0x62 0x2 0x5f 0x2 0x63 0x2 0x2a 0x0 0x3 0x5e 0x65 0x79 0x80 0x4d 0x80 0x4f 0x80 0xa6 0x82 0xeb 0x7b 0x70 0x7a 0x0 0x0 0x8f 0x57 0xb8 0x8 0x73 0xe7 0x15 0xee 0x0 0x0 0x0 0x0 0xff 0x0 0x0 0x80 0x0 0xa4 0xa4 0x0 0x4 0xb9 0x5 0x0 0x0
1787978830146,0x1 0x8b 0xd 0x93 0x76 0xb6 0x60 0xd 0x0 0x0 0xd 0x3a 0x5a 0x0 0x8b 0x13 0x2 0x13 0x73 0x18 0x9b 0x4 0x1e 0x3 0x0 0x28 0x65 0x1 0x0 0xa9 0x0 0xa9 0x0 0x58 0x0 0x58 0x0 0xb0 0xb0 0xb0 0xb0 0xb0 0xb0 0x66 0x2 0x67 0x2 0x65 0x2 0x69 0x2 0x66 0x2 0x68 0x2 0x65 0x2 0x69 0x2 0x2c 0x0 0x3 0x5d 0x64 0x79 0x80 0x4d 0x80 0x4f 0x80 0xa6 0x82 0xeb 0x7b 0x70 0x7a 0x0 0x0 0x67 0x56 0x90 0xa 0x73 0xe7 0x15 0xee 0x0 0x0 0x0 0x0 0xff 0x0 0x0 0x80 0x0 0xa4 0xa4 0x0 0x4 0xac 0x5 0x0 0x0
1787978830370,0x1 0x8b 0xd 0x93 0x76 0xb6 0x60 0xd 0x0 0x0 0xd 0x39 0x58 0x0 0x93 0x13 0x47 0x13 0x73 0x18 0x7f 0x4 0x1e 0x3 0x0 0x28 0x65 0x1 0x0 0xa9 0x0 0xa8 0x0 0x57 0x0 0x58 0x0 0xb1 0xb1 0xb1 0xb1 0xb1 0xb1 0x6a 0x2 0x6c 0x2 0x6a 0x2 0x6e 0x2 0x6b 0x2 0x6c 0x2 0x6b 0x2 0x6e 0x2 0x2d 0x0 0x3 0x5b 0x63 0x79 0x80 0x4d 0x80 0x4f 0x80 0xa6 0x82 0xeb 0x7b 0x70 0x7a 0x0 0x0 0xdf 0x50 0x8 0x7 0x73 0xe7 0x15 0xee 0x0 0x0 0x0 0x0 0xff 0x0 0x0 0x80 0x0 0xa4 0xa4 0x0 0x4 0xac 0x5 0x0 0x0
1787978830594,0x1 0x8c 0xd 0x93 0x76 0xb6 0x60 0xd 0x0 0x0 0xd 0x36 0x54 0x0 0x10 0x13 0x51 0x13 0x73 0x17 0x68 0x4 0x1e 0x3 0x0 0x28 0x65 0x1 0x0 0xa5 0x0 0xa5 0x0 0x57 0x0 0x58 0x0 0xb1 0xb1 0xb1 0xb1 0xb1 0xb1 0x6c 0x2 0x6f 0x2 0x6b 0x2 0x6e 0x2 0x6b 0x2 0x6c 0x2 0x6a 0x2 0x6c 0x2 0x2d 0x0 0x3 0x5a 0x61 0x79 0x80 0x4d 0x80 0x4f 0x80 0xa6 0x82 0xeb 0x7b 0x70 0x7a 0x0 0x0 0x27 0x4e 0x50 0x4 0x73 0xe7 0x15 0xee 0x0 0x0 0x0 0x0 0xff 0x0 0x0 0x80 0x0 0xa4 0xa4 0x0 0x4 0x9f 0x5 0x0 0x0
1787978830818,0x1 0x8a 0xd 0x93 0x76 0xb6 0x60 0xd 0x0 0x0 0xd 0x36 0x54 0x0 0x88 0x13 0x70 0x13 0x73 0x17 0x4d 0x4 0x1e 0x3 0x0 0x28 0x65 0x1 0x0 0x9c 0x0 0x9b 0x0 0x58 0x0 0x58 0x0 0xb0 0xb0 0xb0 0xb0 0xb0 0xb0 0x6b 0x2 0x6e 0x2 0x6a 0x2 0x6d 0x2 0x6a 0x2 0x6e 0x2 0x6a 0x2 0x6e 0x2 0x2e 0x0 0x3 0x59 0x60 0x79 0x80 0x4d 0x80 0x4f 0x80 0xa6 0x82 0xeb 0x7b 0x70 0x7a 0x0 0x0 0x61 0x4c 0x8a 0x3 0x73 0xe7 0x15 0xee 0x0 0x0 0x0 0x0 0xff 0x0 0x0 0x80 0x0 0xa4 0xa4 0x0 0x4 0xb9 0x5 0x0 0x0
1787978831042,0x1 0x8b 0xd 0x92 0x76 0xb6 0x60 0xd 0x0 0x0 0xd 0x36 0x54 0x0 0xcd 0x13 0x91 0x13 0x73 0x16 0x3e 0x4 0x1e 0x3 0x0 0x28 0x65 0x1 0x0 0x90 0x0 0x93 0x0 0x58 0x0 0x58 0x0 0xb0 0xb0 0xb0 0xb0 0xb0 0xb0 0x6a 0x2 0x6c 0x2 0x6a 0x2 0x6d 0x2 0x6b 0x2 0x6f 0x2 0x6b 0x2 0x6f 0x2 0x2e 0x0 0x3 0x57 0x5f 0x79 0x80 0x4d 0x80 0x4f 0x80 0xa6 0x82 0xeb 0x7b 0x70 0x7a 0x0 0x0 0x3f 0x49 0x68 0x1 0x73 0xe7 0x15 0xee 0x0 0x0 0x0 0x0 0xff 0x0 0x0 0x80 0x0 0xa4 0xa4 0x0 0x4 0xac 0x5 0x0 0x0
1787978831265,0x1 0x8b 0xd 0x92 0x76 0xb6 0x60 0xd 0x0 0x0 0xd 0x35 0x4f 0x0 0x1e 0x13 0xaa 0x13 0x73 0x16 0x22 0x4 0x1e 0x3 0x0 0x28 0x65 0x1 0x0 0x83 0x0 0x87 0x0 0x58 0x0 0x58 0x0 0xaf 0xaf 0xaf 0xaf 0xaf 0xaf 0x6b 0x2 0x6f 0x2 0x6c 0x2 0x6f 0x2 0x6d 0x2 0x6f 0x2 0x6b 0x2 0x6d 0x2 0x2e 0x0 0x3 0x56 0x5d 0x79 0x80 0x4d 0x80 0x4f 0x80 0xa6 0x82 0xeb 0x7b 0x70 0x7a 0x0 0x0 0x53 0x47 0x7c 0xff 0x73 0xe7 0x15 0xee 0x0 0x0 0x0 0x0 0xff 0x0 0x0 0x80 0x0 0xa4 0xa4 0x0 0x4 0xac 0x5 0x0 0x0
1787978831489,0x1 0x8b 0xd 0x92 0x76 0xb6 0x60 0xd 0x0 0x0 0xd 0x36 0x51 0x0 0xb6 0x13 0xb0 0x13 0x73 0x16 0x1c 0x4 0x1e 0x3 0x0 0x28 0x65 0x1 0x0 0x60 0x0 0x6f 0x0 0x58 0x0 0x58 0x0 0xaf 0xaf 0xaf 0xaf 0xaf 0xaf 0x6a 0x2 0x6c 0x2 0x69 0x2 0x6d 0x2 0x69 0x2 0x6c 0x2 0x68 0x2 0x6c 0x2 0x2f 0x0 0x3 0x55 0x5c 0x79 0x80 0x4d 0x80 0x4f 0x80 0xa6 0x82 0xeb 0x7b 0x6f 0x78 0x0 0x0 0xc7 0x44 0xf0 0xfd 0x73 0xe7 0x15 0xee 0x0 0x0 0x0 0x0 0xff 0x0 0x0 0x80 0x0 0xa4 0xa4 0x0 0x4 0xac 0x5 0x0 0x0
1787978831713,0x1 0x8b 0xd 0x92 0x76 0xb6 0x60 0xd 0x0 0x0 0xd 0x35 0x4c 0x0 0xc3 0x12 0x77 0x13 0x73 0x15 0xd 0x4 0x1e 0x3 0x0 0x28 0x65 0x1 0x0 0x38 0x0 0x47 0x0 0x58 0x0 0x58 0x0 0xaf 0xaf 0xaf 0xaf 0xaf 0xaf 0x7a 0x2 0x67 0x2 0x79 0x2 0x7a 0x2 0x77 0x2 0x78 0x2 0x77 0x2 0x78 0x2 0x2f 0x0 0x3 0x5d 0x63 0x73 0x7a 0x4d 0x80 0x4f 0x80 0xa6 0x82 0xeb 0x7b 0x6f 0x78 0x0 0x0 0x97 0x44 0xc0 0xfd 0x73 0xe7 0x15 0xee 0x0 0x0 0x0 0x0 0xff 0x0 0x0 0x80 0x0 0xa4 0xa4 0x0 0x4 0xac 0x5 0x0 0x0
1787978831937,0x1 0x8a 0xd 0x92 0x77 0xb6 0x60 0xd 0x0 0x0 0xd 0x34 0x4d 0x0 0x36 0x13 0x7b 0x13 0x73 0x15 0x2 0x4 0x1a 0x3 0x0 0x28 0x65 0x1 0x0 0x1e 0x0 0x2c 0x0 0x58 0x0 0x58 0x0 0xae 0xae 0xae 0xae 0xae 0xae 0x7a 0x2 0x7b 0x2 0x7a 0x2 0x7a 0x2 0x7c 0x2 0x7b 0x2 0x7b 0x2 0x7b 0x2 0x2f 0x0 0x3 0x5e 0x65 0x73 0x7a 0x4d 0x80 0x4f 0x80 0xa6 0x82 0xeb 0x7b 0x6f 0x78 0x0 0x0 0x97 0x44 0xc0 0xfd 0x73 0xe7 0x15 0xee 0x0 0x0 0x0 0x0 0xff 0x0 0x0 0x80 0x0 0xa4 0xa4 0x0 0x4 0xb9 0x5 0x0 0x0
1787978832161,0x1 0x8b 0xd 0x92 0x77 0xb6 0x60 0xd 0x0 0x0 0xd 0x33 0x4d 0x0 0x7a 0x13 0x75 0x13 0x73 0x15 0xf4 0x3 0x1a 0x3 0x0 0x28 0x65 0x1 0x0 0x19 0x0 0x1e 0x0 0x58 0x0 0x58 0x0 0xae 0xae 0xae 0xae 0xae 0xae 0x7b 0x2 0x7d 0x2 0x7c 0x2 0x7e 0x2 0x7e 0x2 0x7c 0x2 0x7e 0x2 0x7e 0x2 0x30 0x0 0x3 0x60 0x66 0x73 0x7a 0x4d 0x80 0x4f 0x80 0xa6 0x82 0xeb 0x7b 0x6f 0x78 0x0 0x0 0xde 0x42 0xc4 0xfd 0x73 0xe7 0x15 0xee 0x0 0x0 0x0 0x0 0xff 0x0 0x0 0x80 0x0 0xa4 0xa4 0x0 0x4 0xac 0x5 0x0 0x0
1787978832385,0x1 0x8b 0xd 0x92 0x77 0xb6 0x60 0xd 0x0 0x0 0xd 0x33 0x4e 0x0 0x31 0x14 0xc6 0x13 0x73 0x14 0xdd 0x3 0x1a 0x3 0x0 0x28 0x65 0x1 0x0 0x14 0x0 0x19 0x0 0x57 0x0 0x57 0x0 0xac 0xac 0xac 0xac 0xac 0xac 0x86 0x2 0x88 0x2 0x88 0x2 0x8b 0x2 0x83 0x2 0x86 0x2 0x8b 0x2 0x8b 0x2 0x31 0x0 0x3 0x61 0x67 0x73 0x7a 0x4d 0x80 0x4f 0x80 0xa6 0x82 0xeb 0x7b 0x6f 0x78 0x0 0x0 0xfc 0x43 0xe2 0xfe 0x73 0xe7 0x15 0xee 0x0 0x0 0x0 0x0 0xff 0x0 0x0 0x80 0x0 0xa4 0xa4 0x0 0x4 0xac 0x5 0x0 0x0
1787978832609,0x1 0x8b 0xd 0x92 0x77 0xb6 0x60 0xd 0x0 0x0 0xd 0x34 0x4f 0x0 0x63 0x14 0xf4 0x13 0x73 0x14 0xe0 0x3 0x1a 0x3 0x0 0x28 0x65 0x1 0x0 0x11 0x0 0x15 0x0 0x57 0x0 0x58 0x0 0xad 0xad 0xad 0xad 0xad 0xad 0x93 0x2 0x94 0x2 0x95 0x2 0x8f 0x2 0x8e 0x2 0x91 0x2 0x95 0x2 0x95 0x2 0x30 0x0 0x3 0x62 0x69 0x73 0x7a 0x4d 0x80 0x4f 0x80 0xa6 0x82 0xeb 0x7b 0x6f 0x78 0x0 0x0 0xde 0x42 0xc4 0xfd 0x73 0xe7 0x15 0xee 0x0 0x0 0x0 0x0 0xff 0x0 0x0 0x80 0x0 0xa4 0xa4 0x0 0x4 0xac 0x5 0x0 0x0
1787978832833,0x1 0x8a 0xd 0x92 0x77 0xb6 0x60 0xd 0x0 0x0 0xd 0x33 0x4c 0x0 0xb6 0x13 0xf4 0x13 0x73 0x14 0xdb 0x3 0x1a 0x3 0x0 0x28 0x65 0x1 0x0 0x10 0x0 0x12 0x0 0x57 0x0 0x58 0x0 0xad 0xad 0xad 0xad 0xad 0xad 0x9a 0x2 0x99 0x2 0x97 0x2 0x9a 0x2 0x9a 0x2 0x9b 0x2 0x99 0x2 0x99 0x2 0x31 0x0 0x3 0x64 0x6a 0x73 0x7a 0x4d 0x80 0x4f 0x80 0xa6 0x82 0xeb 0x7b 0x6f 0x78 0x0 0x0 0xde 0x41 0xc4 0xfd 0x73 0xe7 0x15 0xee 0x0 0x0 0x0 0x0 0xff 0x0 0x0 0x80 0x0 0xa4 0xa4 0x0 0x4 0xb9 0x5 0x0 0x0
1787978833056,0x1 0x8b 0xd 0x91 0x77 0xb6 0x60 0xd 0x0 0x0 0xd 0x34 0x4d 0x0 0x3d 0x14 0x21 0x14 0x73 0x13 0xce 0x3 0x1a 0x3 0x0 0x28 0x65 0x1 0x0 0x10 0x0 0x12 0x0 0x58 0x0 0x58 0x0 0xad 0xad 0xad 0xad 0xad 0xad 0xa4 0x2 0xa1 0x2 0xa2 0x2 0xa5 0x2 0xa3 0x2 0xa4 0x2 0xa4 0x2 0xa5 0x2 0x31 0x0 0x3 0x65 0x6b 0x73 0x7a 0x4d 0x80 0x4f 0x80 0xa6 0x82 0xeb 0x7b 0x6f 0x78 0x0 0x0 0xfc 0x42 0xe2 0xfe 0x73 0xe7 0x15 0xee 0x0 0x0 0x0 0x0 0xff 0x0 0x0 0x80 0x0 0xa4 0xa4 0x0 0x4 0xac 0x5 0x0 0x0
1787978833280,0x1 0x8b 0xd 0x91 0x77 0xb6 0x60 0xd 0x0 0x0 0xd 0x34 0x4e 0x0 0xc7 0x14 0x58 0x14 0x73 0x13 0xc1 0x3 0x1a 0x3 0x0 0x28 0x65 0x1 0x0 0x10 0x0 0x11 0x0 0x58 0x0 0x57 0x0 0xab 0xab 0xab 0xab 0xab 0xab 0xa7 0x2 0xa9 0x2 0xac 0x2 0xae 0x2 0xae 0x2 0xb1 0x2 0xb0 0x2 0xb1 0x2 0x31 0x0 0x3 0x66 0x6c 0x73 0x7a 0x4d 0x80 0x4f 0x80 0xa6 0x82 0xeb 0x7b 0x6f 0x78 0x0 0x0 0xfc 0x42 0xe2 0xfe 0x73 0xe7 0x15 0xee 0x0 0x0 0x0 0x0 0xff 0x0 0x0 0x80 0x0 0xa4 0xa4 0x0 0x4 0xac 0x5 0x0 0x0
1787978833504,0x1 0x8b 0xd 0x91 0x77 0xb6 0x60 0xd 0x0 0x0 0xd 0x33 0x4c 0x0 0x5a 0x14 0x91 0x14 0x73 0x13 0xbc 0x3 0x1a 0x3 0x0 0x28 0x65 0x1 0x0 0x10 0x0 0x12 0x0 0x58 0x0 0x58 0x0 0xac 0xac 0xac 0xac 0xac 0xac 0xbc 0x2 0xbc 0x2 0xba 0x2 0xbe 0x2 0xbd 0x2 0xbb 0x2 0xbd 0x2 0xbe 0x2 0x32 0x0 0x3 0x67 0x6e 0x73 0x7a 0x4d 0x80 0x4f 0x80 0xa6 0x82 0xeb 0x7b 0x70 0x7a 0x0 0x0 0xfc 0x41 0xe2 0xfe 0x73 0xe7 0x15 0xee 0x0 0x0 0x0 0x0 0xff 0x0 0x0 0x80 0x0 0xa4 0xa4 0x0 0x4 0xac 0x5 0x0 0x0
1787978833729,0x1 0x8a 0xd 0x91 0x77 0xb6 0x60 0xd 0x0 0x0 0xd 0x33 0x4e 0x0 0x27 0x15 0xb2 0x14 0x73 0x12 0xb0 0x3 0x1a 0x3 0x0 0x28 0x65 0x1 0x0 0x11 0x0 0x12 0x0 0x57 0x0 0x58 0x0 0xab 0xab 0xab 0xab 0xab 0xab 0xc3 0x2 0xc4 0x2 0xc4 0x2 0xc6 0x2 0xc1 0x2 0xc2 0x2 0xc5 0x2 0xc6 0x2 0x32 0x0 0x3 0x69 0x6f 0x73 0x7a 0x4d 0x80 0x4f 0x80 0xa6 0x82 0xeb 0x7b 0x70 0x7a 0x0 0x0 0xfc 0x41 0xe2 0xfe 0x73 0xe7 0x15 0xee 0x0 0x0 0x0 0x0 0xff 0x0 0x0 0x80 0x0 0xa4 0xa4 0x0 0x4 0xb9 0x5 0x0 0x0
1787978833953,0x1 0x8a 0xd 0x91 0x77 0xb6 0x60 0xd 0x0 0x0 0xd 0x33 0x4f 0x0 0xb3 0x15 0xc5 0x14 0x73 0x12 0xa4 0x3 0x1a 0x3 0x0 0x28 0x65 0x1 0x0 0x11 0x0 0x12 0x0 0x58 0x0 0x58 0x0 0xaa 0xaa 0xaa 0xaa 0xaa 0xaa 0xcc 0x2 0xcf 0x2 0xc6 0x2 0xc8 0x2 0xc8 0x2 0xcb 0x2 0xce 0x2 0xcf 0x2 0x32 0x0 0x3 0x6a 0x70 0x73 0x7a 0x4d 0x80 0x4f 0x80 0xa6 0x82 0xeb 0x7b 0x70 0x7a 0x0 0x0 0xfc 0x41 0xe2 0xfe 0x73 0xe7 0x15 0xee 0x0 0x0 0x0 0x0 0xff 0x0 0x0 0x80 0x0 0xa4 0xa4 0x0 0x4 0xb9 0x5 0x0 0x0
1787978834176,0x1 0x8b 0xd 0x91 0x77 0xb6 0x60 0xd 0x0 0x0 0xd 0x34 0x4e 0x0 0xfe 0x15 0xe 0x15 0x73 0x11 0x8c 0x3 0x1a 0x3 0x0 0x28 0x65 0x1 0x0 0x11 0x0 0x12 0x0 0x58 0x0 0x58 0x0 0xaa 0xaa 0xaa 0xaa 0xaa 0xaa 0xd5 0x2 0xd7 0x2 0xd8 0x2 0xdb 0x2 0xdc 0x2 0xdf 0x2 0xde 0x2 0xdf 0x2 0x33 0x0 0x3 0x6b 0x72 0x73 0x7a 0x4d 0x80 0x4f 0x80 0xa6 0x82 0xeb 0x7b 0x70 0x7a 0x0 0x0 0xfc 0x40 0xe2 0xfe 0x73 0xe7 0x15 0xee 0x0 0x0 0x0 0x0 0xfc 0x0 0x0 0x80 0x0 0xa4 0xa4 0x0 0x4 0xac 0x5 0x0 0x0
1787978834401,0x1 0x8c 0xd 0x91 0x77 0xb6 0x60 0xd 0x0 0x0 0xd 0x33 0x4b 0x0 0x80 0x15 0x32 0x15 0x73 0x10 0x7d 0x3 0x1a 0x3 0x0 0x28 0x65 0x1 0x0 0x11 0x0 0x12 0x0 0x58 0x0 0x58 0x0 0xa9 0xa9 0xa9 0xa9 0xa9 0xa9 0xe4 0x2 0xe5 0x2 0xe7 0x2 0xe8 0x2 0xe5 0x2 0xe5 0x2 0xe7 0x2 0xe8 0x2 0x32 0x0 0x3 0x6d 0x73 0x73 0x7a 0x4d 0x80 0x4f 0x80 0xa6 0x82 0xeb 0x7b 0x70 0x7a 0x0 0x0 0x1a 0x42 0x0 0x0 0x73 0xe7 0x15 0xee 0x0 0x0 0x0 0x0 0xfa 0x0 0x0 0x80 0x0 0xa4 0xa4 0x0 0x4 0x9f 0x5 0x0 0x0
1787978834624,0x1 0x8a 0xd 0x90 0x78 0xb6 0x60 0xd 0x0 0x0 0xd 0x34 0x4d 0x0 0xa8 0x16 0xc0 0x15 0x73 0x10 0x66 0x3 0x16 0x3 0x0 0x28 0x65 0x1 0x0 0x10 0x0 0x13 0x0 0x57 0x0 0x58 0x0 0xa8 0xa8 0xa8 0xa8 0xa8 0xa8 0xff 0x2 0x1 0x3 0xf3 0x2 0xf7 0x2 0xf9 0x2 0xfc 0x2 0x1 0x3 0x1 0x3 0x32 0x0 0x3 0x6e 0x74 0x73 0x7a 0x4d 0x80 0x4f 0x80 0xa6 0x82 0xeb 0x7b 0x70 0x7a 0x0 0x0 0x5d 0x41 0x0 0x0 0x73 0xe7 0x15 0xee 0x0 0x0 0x0 0x0 0xf2 0x0 0x0 0x80 0x0 0xa4 0xa4 0x0 0x4 0xb9 0x5 0x0 0x0
1787978834848,0x1 0x8a 0xd 0x90 0x78 0xb6 0x60 0xd 0x0 0x0 0xd 0x31 0x4a 0x0 0x49 0x16 0x22 0x16 0x73 0xf 0x52 0x3 0x16 0x3 0x0 0x28 0x65 0x1 0x0 0x10 0x0 0x13 0x0 0x58 0x0 0x58 0x0 0xa7 0xa7 0xa7 0xa7 0xa7 0xa7 0xa 0x3 0xc 0x3 0xe 0x3 0x12 0x3 0x11 0x3 0x14 0x3 0x12 0x3 0x14 0x3 0x32 0x0 0x3 0x6f 0x76 0x73 0x7a 0x4d 0x80 0x4f 0x80 0xa6 0x82 0xeb 0x7b 0x70 0x7a 0x0 0x0 0x5d 0x41 0x0 0x0 0x73 0xe7 0x15 0xee 0x0 0x0 0x0 0x0 0xe9 0x0 0x0 0x80 0x0 0xa4 0xa4 0x0 0x4 0xb9 0x5 0x0 0x0
1787978835073,0x1 0x8c 0xd 0x90 0x78 0xb6 0x60 0xd 0x0 0x0 0xd 0x33 0x4d 0x0 0xa 0x18 0xaf 0x16 0x73 0xe 0x34 0x3 0x16 0x3 0x0 0x28 0x65 0x1 0x0 0x10 0x0 0x13 0x0 0x58 0x0 0x57 0x0 0xa4 0xa4 0xa4 0xa4 0xa4 0xa4 0x26 0x3 0x28 0x3 0x2b 0x3 0x20 0x3 0x22 0x3 0x25 0x3 0x2b 0x3 0x2b 0x3 0x32 0x0 0x3 0x71 0x77 0x73 0x7a 0x4d 0x80 0x4f 0x80 0xa6 0x82 0xeb 0x7b 0x70 0x7a 0x0 0x0 0x5d 0x41 0x0 0x0 0x73 0xe7 0x15 0xee 0x0 0x0 0x0 0x0 0xe2 0x0 0x0 0x80 0x0 0xa4 0xa4 0x0 0x4 0x9f 0x5 0x0 0x0
1787978835295,0x1 0x8a 0xd 0x90 0x78 0xb6 0x60 0xd 0x0 0x0 0xd 0x33 0x4c 0x0 0xc9 0x17 0x10 0x17 0x73 0xd 0x32 0x3 0x16 0x3 0x0 0x28 0x65 0x1 0x0 0x10 0x0 0x13 0x0 0x58 0x0 0x58 0x0 0xa4 0xa4 0xa4 0xa4 0xa4 0xa4 0x33 0x3 0x35 0x3 0x35 0x3 0x39 0x3 0x3a 0x3 0x3c 0x3 0x3b 0x3 0x3c 0x3 0x32 0x0 0x3 0x72 0x78 0x73 0x7a 0x4d 0x80 0x4f 0x80 0xa6 0x82 0xeb 0x7b 0x70 0x7a 0x0 0x0 0x5d 0x41 0x0 0x0 0x73 0xe7 0x15 0xee 0x0 0x0 0x0 0x0 0xd8 0x0 0x0 0x80 0x0 0xa4 0xa4 0x0 0x4 0xb9 0x5 0x0 0x0
1787978835521,0x1 0x8a 0xd 0x90 0x78 0xb6 0x60 0xd 0x0 0x0 0xd 0x32 0x4c 0x0 0x79 0x18 0x84 0x17 0x73 0xd 0x1b 0x3 0x16 0x3 0x0 0x28 0x65 0x3 0x0 0x10 0x0 0x13 0x0 0x58 0x0 0x58 0x0 0xa1 0xa1 0xa1 0xa1 0xa1 0xa1 0x49 0x3 0x4c 0x3 0x4d 0x3 0x44 0x3 0x45 0x3 0x48 0x3 0x4d 0x3 0x4e 0x3 0x32 0x0 0x3 0x73 0x7a 0x73 0x7a 0x4d 0x80 0x4f 0x80 0xa6 0x82 0xeb 0x7b 0x72 0x7c 0x0 0x0 0x5d 0x41 0x0 0x0 0x73 0xe7 0x15 0xee 0x0 0x0 0x0 0x0 0xcf 0x0 0x0 0x80 0x0 0xa4 0xa4 0x0 0x4 0xb9 0x5 0x0 0x0
1787978835745,0x1 0x89 0xd 0x90 0x78 0xb6 0x60 0xd 0x0 0x0 0xd 0x32 0x4c 0x0 0xb9 0x18 0xeb 0x17 0x73 0xc 0x13 0x3 0x16 0x3 0x0 0x28 0x65 0x3 0x0 0x10 0x0 0x13 0x0 0x57 0x0 0x58 0x0 0x9e 0x9e 0x9e 0x9e 0x9e 0x9e 0x55 0x3 0x58 0x3 0x59 0x3 0x5d 0x3 0x5d 0x3 0x5f 0x3 0x5e 0x3 0x5f 0x3 0x32 0x0 0x3 0x75 0x7b 0x73 0x7a 0x4d 0x80 0x4f 0x80 0xa6 0x82 0xeb 0x7b 0x72 0x7c 0x0 0x0 0x69 0x41 0xc 0x0 0x73 0xe7 0x15 0xee 0x0 0x0 0x0 0x0 0xc3 0x0 0x0 0x80 0x0 0xa4 0xa4 0x0 0x4 0xcb 0x5 0x0 0x0
1787978835969,0x1 0x8c 0xd 0x90 0x78 0xb6 0x60 0xd 0x0 0x0 0xd 0x33 0x4c 0x0 0x3b 0x18 0x1f 0x18 0x73 0xb 0x23 0x3 0x16 0x3 0x0 0x28 0x65 0x3 0x0 0x11 0x0 0x13 0x0 0x58 0x0 0x58 0x0 0xa2 0xa2 0xa2 0xa2 0xa2 0xa2 0x68 0x3 0x69 0x3 0x6a 0x3 0x64 0x3 0x65 0x3 0x68 0x3 0x6a 0x3 0x6a 0x3 0x32 0x0 0x3 0x76 0x7c 0x73 0x7a 0x4d 0x80 0x4f 0x80 0xa6 0x82 0xeb 0x7b 0x72 0x7c 0x0 0x0 0x73 0x41 0x16 0x0 0x73 0xe7 0x15 0xee 0x0 0x0 0x0 0x0 0xd9 0x0 0x0 0x80 0x0 0xa4 0xa4 0x0 0x4 0x9f 0x5 0x0 0x0
1787978836191,0x1 0x8b 0xd 0x90 0x78 0xb6 0x60 0xd 0x0 0x0 0xd 0x31 0x4a 0x0 0xa2 0x16 0xd2 0x17 0x73 0xa 0x45 0x3 0x16 0x3 0x0 0x28 0x65 0x3 0x0 0x11 0x0 0x14 0x0 0x58 0x0 0x57 0x0 0xa7 0xa7 0xa7 0xa7 0xa7 0xa7 0x68 0x3 0x67 0x3 0x64 0x3 0x65 0x3 0x63 0x3 0x62 0x3 0x60 0x3 0x62 0x3 0x32 0x0 0x3 0x77 0x7e 0x73 0x7a 0x4d 0x80 0x4f 0x80 0xa6 0x82 0xeb 0x7b 0x72 0x7c 0x0 0x0 0x5d 0x41 0x0 0x0 0x73 0xe7 0x15 0xee 0x0 0x0 0x0 0x0 0xdf 0x0 0x0 0x80 0x0 0xa4 0xa4 0x0 0x4 0xac 0x5 0x0 0x0
1787978836415,0x1 0x8b 0xd 0x8f 0x78 0xb6 0x60 0xd 0x0 0x0 0xd 0x31 0x4b 0x0 0xa4 0x16 0x4c 0x17 0x73 0x9 0x50 0x3 0x16 0x3 0x0 0x28 0x65 0x3 0x0 0x12 0x0 0x16 0x0 0x58 0x0 0x57 0x0 0xa7 0xa7 0xa7 0xa7 0xa7 0xa7 0x55 0x3 0x55 0x3 0x53 0x3 0x53 0x3 0x57 0x3 0x57 0x3 0x52 0x3 0x53 0x3 0x32 0x0 0x3 0x79 0x7f 0x73 0x7a 0x4d 0x80 0x4f 0x80 0xa6 0x82 0xeb 0x7b 0x70 0x7a 0x0 0x0 0x5d 0x41 0x0 0x0 0x73 0xe7 0x15 0xee 0x0 0x0 0x0 0x0 0xe5 0x0 0x0 0x80 0x0 0xa4 0xa4 0x0 0x4 0xac 0x5 0x0 0x0
1787978836639,0x1 0x8b 0xd 0x8f 0x78 0xb6 0x60 0xd 0x0 0x0 0xd 0x33 0x4b 0x0 0x18 0x16 0xe6 0x16 0x73 0x9 0x65 0x3 0x16 0x3 0x0 0x28 0x65 0x3 0x0 0x13 0x0 0x16 0x0 0x58 0x0 0x57 0x0 0xa9 0xa9 0xa9 0xa9 0xa9 0xa9 0x49 0x3 0x4e 0x3 0x4b 0x3 0x4c 0x3 0x4b 0x3 0x4c 0x3 0x49 0x3 0x4a 0x3 0x32 0x0 0x3 0x7a 0x80 0x73 0x7a 0x4d 0x80 0x4f 0x80 0xa6 0x82 0xeb 0x7b 0x70 0x7a 0x0 0x0 0x5d 0x41 0x0 0x0 0x73 0xe7 0x15 0xee 0x0 0x0 0x0 0x0 0xe1 0x0 0x0 0x80 0x0 0xa4 0xa4 0x0 0x4 0xac 0x5 0x0 0x0
1787978836864,0x1 0x8a 0xd 0x8f 0x78 0xb6 0x60 0xd 0x0 0x0 0xd 0x33 0x4c 0x0 0xba 0x17 0xf6 0x16 0x73 0x8 0x34 0x3 0x16 0x3 0x0 0x28 0x65 0x1 0x0 0x13 0x0 0x18 0x0 0x58 0x0 0x58 0x0 0xa4 0xa4 0xa4 0xa4 0xa4 0xa4 0x4b 0x3 0x4d 0x3 0x4e 0x3 0x52 0x3 0x53 0x3 0x4b 0x3 0x53 0x3 0x54 0x3 0x32 0x0 0x3 0x7b 0x81 0x73 0x7a 0x4d 0x80 0x4f 0x80 0xa6 0x82 0xeb 0x7b 0x70 0x7a 0x0 0x0 0x5d 0x41 0x0 0x0 0x73 0xe7 0x15 0xee 0x0 0x0 0x0 0x0 0xcd 0x0 0x0 0x80 0x0 0xa4 0xa4 0x0 0x4 0xb9 0x5 0x0 0x0
1787978837088,0x1 0x8c 0xd 0x8f 0x78 0xb6 0x60 0xd 0x0 0x0 0xd 0x32 0x4c 0x0 0x2 0x19 0x9f 0x17 0x73 0x7 0xa 0x3 0x16 0x3 0x0 0x28 0x65 0x1 0x0 0x14 0x0 0x23 0x0 0x58 0x0 0x58 0x0 0x97 0x97 0x97 0x97 0x97 0x97 0x6c 0x3 0x70 0x3 0x5c 0x3 0x63 0x3 0x66 0x3 0x6a 0x3 0x6e 0x3 0x70 0x3 0x32 0x0 0x3 0x7d 0x83 0x73 0x7a 0x4d 0x80 0x4f 0x80 0xa6 0x82 0xeb 0x7b 0x70 0x7a 0x0 0x0 0x67 0x41 0xa 0x0 0x73 0xe7 0x15 0xee 0x0 0x0 0x0 0x0 0xbc 0x0 0x0 0x80 0x0 0xa4 0xa4 0x0 0x4 0x9f 0x5 0x0 0x0
1787978837311,0x1 0x8c 0xd 0x8f 0x78 0xb6 0x60 0xd 0x0 0x0 0xd 0x32 0x4b 0x0 0x7d 0x18 0xf0 0x17 0x73 0x6 0x10 0x3 0x16 0x3 0x0 0x28 0x65 0x1 0x0 0x14 0x0 0x32 0x0 0x58 0x0 0x58 0x0 0x9c 0x9c 0x9c 0x9c 0x9c 0x9c 0x78 0x3 0x7b 0x3 0x79 0x3 0x7c 0x3 0x76 0x3 0x78 0x3 0x7b 0x3 0x7c 0x3 0x32 0x0 0x3 0x7e 0x84 0x73 0x7a 0x4d 0x80 0x4f 0x80 0xa6 0x82 0xeb 0x7b 0x6f 0x78 0x0 0x0 0x8d 0x41 0x30 0x0 0x73 0xe7 0x15 0xee 0x0 0x0 0x0 0x0 0xb1 0x0 0x0 0x80 0x0 0xa4 0xa4 0x0 0x4 0x9f 0x5 0x0 0x0
1787978837535,0x1 0x8a 0xd 0x8f 0x78 0xb6 0x60 0x1a 0xd 0x0 0xd 0x4e 0x87 0x0 0xb1 0x2b 0x5c 0x1e 0x73 0x6 0x17 0x3 0x16 0x3 0x0 0x28 0x65 0x1 0x0 0x13 0x0 0x23 0x0 0x58 0x0 0x58 0x0 0x9b 0x9b 0x9b 0x9b 0x9b 0x9b 0xc3 0x8 0x82 0x3 0x83 0x3 0xc3 0x6 0xdf 0x7 0x9e 0x8 0xc3 0x8 0xc6 0x8 0x2e 0x0 0x3 0x7f 0x86 0x73 0x7a 0x4d 0x80 0x4f 0x80 0xa6 0x82 0xeb 0x7b 0x6f 0x78 0x0 0x0 0x1d 0x4e 0x0 0x0 0x73 0xe7 0x15 0xee 0x0 0x0 0x0 0x0 0xb1 0x0 0x0 0x80 0x0 0xa4 0xa4 0x0 0x8 0xb9 0x5 0x0 0x0
1787978837759,0x1 0x8b 0xd 0x8f 0x78 0xb6 0x60 0x1a 0xd 0x0 0xd 0x52 0x94 0x0 0xb7 0x27 0xd7 0x27 0x73 0x6 0xba 0x3 0x16 0x3 0x0 0x28 0x65 0x1 0x0 0xbb 0x0 0xbc 0x0 0x58 0x0 0x58 0x0 0x90 0x90 0x90 0x90 0x90 0x90 0x76 0x8 0x7e 0x8 0x49 0x8 0x86 0x8 0x1e 0x8 0x62 0x8 0x1e 0x8 0x58 0x8 0x2f 0x0 0x3 0x79 0x87 0x6b 0x7a 0x4d 0x80 0x4f 0x80 0xa6 0x82 0xeb 0x7b 0x6f 0x78 0x0 0x0 0x9d 0x39 0x0 0x0 0x73 0xe7 0x15 0xee 0x0 0x0 0x0 0x0 0x9e 0x0 0x0 0x80 0x0 0xa4 0xa4 0x0 0x8 0xac 0x5 0x0 0x0
1787978837984,0x1 0x8c 0xd 0x8f 0x79 0xb6 0x60 0x22 0x15 0x0 0xd 0x60 0xc1 0x0 0xa9 0x29 0xa1 0x24 0x73 0x6 0xa2 0x4 0x12 0x3 0x0 0x28 0x65 0x1 0x0 0xc2 0x0 0xc1 0x0 0x58 0x0 0x57 0x0 0x86 0x86 0x86 0x86 0x86 0x86 0x23 0x6 0x4e 0x6 0x2d 0x6 0xdd 0x6 0x12 0x7 0x77 0x6 0x12 0x7 0x59 0x7 0x24 0x0 0x3 0x76 0x87 0x6b 0x7a 0x4d 0x80 0x4f 0x80 0xa6 0x82 0xeb 0x7b 0x6f 0x78 0x0 0x0 0x5d 0x54 0x0 0x0 0x73 0xe7 0x15 0xee 0x0 0x0 0x0 0x0 0x8d 0x0 0x0 0x80 0x0 0xa4 0xa4 0x0 0x8 0x9f 0x5 0x0 0x0
1787978838208,0x1 0x8c 0xd 0x8f 0x79 0xb6 0x60 0x28 0x1a 0x0 0xd 0x6e 0xf 0x1 0x3 0x30 0x91 0x31 0x73 0x7 0xa5 0x5 0x12 0x3 0x0 0x28 0x65 0x1 0x0 0xbb 0x0 0xbd 0x0 0x57 0x0 0x58 0x0 0x7e 0x7e 0x7e 0x7e 0x7e 0x7e 0xed 0x8 0xf7 0x8 0x1e 0x9 0x3a 0x9 0x12 0x9 0x21 0x9 0xd6 0x8 0xf7 0x8 0x2c 0x0 0x3 0x72 0x7c 0x6b 0x71 0x4d 0x80 0x4f 0x80 0xa6 0x82 0xeb 0x7b 0x6f 0x78 0x0 0x0 0xa1 0x5a 0x0 0x0 0x73 0xe7 0x15 0xee 0x0 0x0 0x0 0x0 0x8d 0x0 0x0 0x80 0x0 0xa4 0xa4 0x0 0x8 0x9f 0x5 0x0 0x0
1787978838432,0x1 0x8a 0xd 0x8e 0x79 0xb5 0x61 0x28 0x1a 0x0 0xd 0x6f 0x12 0x1 0xde 0x2b 0x76 0x2c 0x73 0x9 0x3f 0x6 0x12 0x3 0x0 0x28 0x65 0x1 0x0 0xb4 0x0 0xb5 0x0 0x58 0x0 0x57 0x0 0x77 0x77 0x77 0x77 0x77 0x77 0x64 0x7 0xd2 0x7 0xa3 0x7 0xb2 0x7 0x87 0x7 0x8f 0x7 0x64 0x7 0x7e 0x7 0x20 0x0 0x3 0x6e 0x78 0x6b 0x71 0x4d 0x80 0x4f 0x80 0xa6 0x82 0xeb 0x7b 0x6e 0x78 0x0 0x0 0xa1 0x5c 0x0 0x0 0x73 0xe7 0x15 0xee 0x0 0x0 0x0 0x0 0x93 0x0 0x0 0x80 0x0 0xa4 0xa4 0x0 0x8 0xb9 0x5 0x0 0x0
1787978838655,0x1 0x8b 0xd 0x8e 0x79 0xb5 0x61 0x28 0x1a 0x0 0xd 0x70 0x18 0x1 0xca 0x2b 0xb0 0x2b 0x73 0xb 0x65 0x6 0x12 0x3 0x0 0x28 0x65 0x1 0x0 0xa7 0x0 0xae 0x0 0x58 0x0 0x58 0x0 0x75 0x75 0x75 0x75 0x75 0x75 0xce 0x6 0xe1 0x6 0xeb 0x6 0xfb 0x6 0xdd 0x6 0xef 0x6 0xc9 0x6 0xe1 0x6 0x1f 0x0 0x3 0x6a 0x74 0x6b 0x71 0x4d 0x80 0x4f 0x80 0xa6 0x82 0xeb 0x7b 0x6e 0x78 0x0 0x0 0xa1 0x5e 0x0 0x0 0x73 0xe7 0x15 0xee 0x0 0x0 0x0 0x0 0xaa 0x0 0x0 0x80 0x0 0xa4 0xa4 0x0 0x8 0xac 0x5 0x0 0x0
1787978838880,0x1 0x8b 0xd 0x8e 0x79 0xb5 0x61 0x28 0x1a 0x0 0xd 0x72 0x1c 0x1 0x9d 0x2b 0xcc 0x2b 0x73 0xc 0x83 0x6 0x12 0x3 0x0 0x28 0x65 0x1 0x0 0x8f 0x0 0xa4 0x0 0x58 0x0 0x58 0x0 0x75 0x75 0x75 0x75 0x75 0x75 0x6e 0x6 0x83 0x6 0x81 0x6 0x9b 0x6 0x7e 0x6 0x93 0x6 0x6b 0x6 0x83 0x6 0x1f 0x0 0x3 0x66 0x70 0x6b 0x71 0x4d 0x80 0x4f 0x80 0xa6 0x82 0xeb 0x7b 0x6e 0x78 0x0 0x0 0xa1 0x5e 0x0 0x0 0x73 0xe7 0x15 0xee 0x0 0x0 0x0 0x0 0xbc 0x0 0x0 0x80 0x0 0xa4 0xa4 0x0 0x8 0xac 0x5 0x0 0x0
1787978839104,0x1 0x8b 0xd 0x8e 0x79 0xb6 0x60 0x28 0x1a 0x0 0xd 0x72 0x23 0x1 0xb8 0x2b 0x7d 0x2b 0x73 0xe 0xa8 0x6 0x12 0x3 0x0 0x28 0x65 0x1 0x0 0x23 0x0 0x99 0x0 0x57 0x0 0x58 0x0 0x74 0x74 0x74 0x74 0x74 0x74 0x55 0x6 0x26 0x6 0x56 0x6 0x2f 0x6 0x51 0x6 0x2b 0x6 0x56 0x6 0x24 0x6 0x1f 0x0 0x3 0x6c 0x6b 0x72 0x71 0x4d 0x80 0x4f 0x80 0xa6 0x82 0xeb 0x7b 0x6e 0x78 0x0 0x0 0xa1 0x5f 0x0 0x0 0x73 0xe7 0x15 0xee 0x0 0x0 0x0 0x0 0xc8 0x0 0x0 0x80 0x0 0xa4 0xa4 0x0 0x8 0xac 0x5 0x0 0x0
1787978839327,0x1 0x8b 0xd 0x8e 0x79 0xb6 0x60 0x28 0x1a 0x0 0xd 0x73 0x24 0x1 0x8c 0x2a 0x0 0x2b 0x73 0xf 0xdd 0x6 0x12 0x3 0x0 0x28 0x65 0x1 0x0 0x11 0x0 0x64 0x0 0x58 0x0 0x58 0x0 0x74 0x74 0x74 0x74 0x74 0x74 0x31 0x6 0xcd 0x5 0x27 0x6 0xbd 0x5 0x37 0x6 0xd8 0x5 0x23 0x6 0xbd 0x5 0x20 0x0 0x3 0x71 0x67 0x72 0x71 0x4d 0x80 0x4f 0x80 0xa6 0x82 0xeb 0x7b 0x6e 0x78 0x0 0x0 0xa1 0x5e 0x0 0x0 0x73 0xe7 0x15 0xee 0x0 0x0 0x0 0x0 0xd4 0x0 0x0 0x80 0x0 0xa4 0xa4 0x0 0x8 0xac 0x5 0x0 0x0
1787978839552,0x1 0x8a 0xd 0x8e 0x79 0xb6 0x60 0x28 0x1a 0x0 0xd 0x75 0x2f 0x1 0xcf 0x2a 0x68 0x2a 0x73 0x10 0x14 0x7 0x12 0x3 0x0 0x28 0x65 0x1 0x0 0x11 0x0 0x15 0x0 0x58 0x0 0x58 0x0 0x73 0x73 0x73 0x73 0x73 0x73 0xf8 0x5 0xb4 0x5 0xf3 0x5 0xb8 0x5 0xf5 0x5 0xbb 0x5 0xf8 0x5 0xbb 0x5 0x1f 0x0 0x3 0x75 0x72 0x72 0x77 0x4d 0x80 0x4f 0x80 0xa6 0x82 0xeb 0x7b 0x6e 0x78 0x0 0x0 0xa1 0x67 0x0 0x0 0x73 0xe7 0x15 0xee 0x0 0x0 0x0 0x0 0xd9 0x0 0x0 0x80 0x0 0xa4 0xa4 0x0 0x8 0xb9 0x5 0x0 0x0
1787978839775,0x1 0x8c 0xd 0x8e 0x79 0xb6 0x60 0x28 0x1a 0x0 0xd 0x75 0x2f 0x1 0x16 0x29 0x9c 0x29 0x73 0x11 0x60 0x7 0x12 0x3 0x0 0x28 0x65 0x1 0x0 0x10 0x0 0x11 0x0 0x58 0x0 0x58 0x0 0x72 0x72 0x72 0x72 0x72 0x72 0xef 0x5 0xb3 0x5 0xed 0x5 0xb2 0x5 0xef 0x5 0xb2 0x5 0xed 0x5 0xb0 0x5 0x1f 0x0 0x3 0x7a 0x76 0x72 0x77 0x4d 0x80 0x4f 0x80 0xa6 0x82 0xeb 0x7b 0x6e 0x78 0x0 0x0 0xa1 0x6f 0x0 0x0 0x73 0xe7 0x15 0xee 0x0 0x0 0x0 0x0 0xde 0x0 0x0 0x80 0x0 0xa4 0xa4 0x0 0x8 0x9f 0x5 0x0 0x0
1787978839999,0x1 0x8c 0xd 0x8e 0x79 0xb6 0x60 0x28 0x1a 0x0 0xd 0x74 0x30 0x1 0xf3 0x27 0x7a 0x28 0x73 0x12 0x9c 0x7 0x12 0x3 0x0 0x28 0x65 0x3 0x0 0x11 0x0 0x10 0x0 0x57 0x0 0x58 0x0 0x71 0x71 0x71 0x71 0x71 0x71 0xd2 0x5 0xac 0x5 0xdf 0x5 0xa6 0x5 0xdb 0x5 0x9a 0x5 0xd2 0x5 0x97 0x5 0x1e 0x0 0x3 0x7f 0x7b 0x72 0x77 0x4d 0x80 0x4f 0x80 0xa6 0x82 0xeb 0x7b 0x6e 0x78 0x0 0x0 0xa1 0x78 0x0 0x0 0x73 0xe7 0x15 0xee 0x0 0x0 0x0 0x0 0xe0 0x0 0x0 0x80 0x0 0xa4 0xa4 0x0 0x8 0x9f 0x5 0x0 0x0
1787978840222,0x1 0x8a 0xd 0x8e 0x79 0xb6 0x60 0x28 0x1a 0x0 0xd 0x76 0x36 0x1 0xcd 0x27 0x17 0x28 0x73 0x13 0xca 0x7 0x12 0x3 0x0 0x28 0x65 0x3 0x0 0x13 0x0 0x11 0x0 0x58 0x0 0x58 0x0 0x71 0x71 0x71 0x71 0x71 0x71 0xd5 0x5 0x9c 0x5 0xd4 0x5 0x96 0x5 0xd2 0x5 0x97 0x5 0xd0 0x5 0x96 0x5 0x1e 0x0 0x3 0x84 0x80 0x72 0x77 0x4d 0x80 0x4f 0x80 0xa6 0x82 0xeb 0x7b 0x6e 0x78 0x0 0x0 0xa1 0x80 0x0 0x0 0x73 0xe7 0x15 0xee 0x0 0x0 0x0 0x0 0xe6 0x0 0x0 0x80 0x0 0xa4 0xa4 0x0 0x8 0xb9 0x5 0x0 0x0
1787978840447,0x1 0x8a 0xd 0x8d 0x79 0xb6 0x60 0x28 0x1a 0x0 0xd 0x78 0x44 0x1 0xeb 0x28 0x82 0x28 0x73 0x13 0xeb 0x7 0x12 0x3 0x0 0x28 0x65 0x3 0x0 0x19 0x0 0x13 0x0 0x57 0x0 0x58 0x0 0x71 0x71 0x71 0x71 0x71 0x71 0xe9 0x5 0xb3 0x5 0xec 0x5 0xb6 0x5 0xe2 0x5 0xad 0x5 0xef 0x5 0xb6 0x5 0x1e 0x0 0x3 0x89 0x85 0x72 0x77 0x4d 0x80 0x4f 0x80 0xa6 0x82 0xeb 0x7b 0x6b 0x75 0x0 0x0 0xa1 0x84 0x0 0x0 0x73 0xe7 0x15 0xee 0x0 0x0 0x0 0x0 0xe6 0x0 0x0 0x80 0x0 0xa4 0xa4 0x0 0x8 0xb9 0x5 0x0 0x0
1787978840671,0x1 0x8c 0xd 0x8d 0x79 0xb6 0x60 0x28 0x1b 0x0 0xd 0x77 0x3c 0x1 0x92 0x29 0x66 0x29 0x73 0x14 0x9a 0x7 0x12 0x3 0x0 0x28 0x65 0x3 0x0 0x8c 0x0 0x18 0x0 0x57 0x0 0x58 0x0 0x71 0x71 0x71 0x71 0x71 0x71 0x11 0x6 0xdc 0x5 0xb 0x6 0xd1 0x5 0x8 0x6 0xd8 0x5 0x10 0x6 0xdc 0x5 0x1e 0x0 0x3 0x8d 0x8a 0x72 0x77 0x4d 0x80 0x4f 0x80 0xa6 0x82 0xeb 0x7b 0x6b 0x75 0x0 0x0 0x61 0x7e 0x0 0x0 0x73 0xe7 0x15 0xee 0x0 0x0 0x0 0x0 0xdd 0x0 0x0 0x80 0x0 0xa4 0xa4 0x0 0x8 0x9f 0x5 0x0 0x0
1787978840895,0x1 0x8b 0xd 0x8d 0x79 0xb6 0x60 0x28 0x1b 0x0 0xd 0x77 0x40 0x1 0x30 0x2f 0x77 0x2d 0x73 0x15 0xc8 0x6 0x12 0x3 0x0 0x28 0x65 0x3 0x0 0x99 0x0 0x1e 0x0 0x57 0x0 0x58 0x0 0x75 0x75 0x75 0x75 0x75 0x75 0x4c 0x6 0x6f 0x6 0x63 0x6 0x97 0x6 0x3f 0x6 0x56 0x6 0x74 0x6 0x97 0x6 0x1f 0x0 0x3 0x82 0x8f 0x78 0x77 0x4d 0x80 0x4f 0x80 0xa6 0x82 0xeb 0x7b 0x6b 0x75 0x0 0x0 0x21 0x73 0x0 0x0 0x73 0xe7 0x15 0xee 0x0 0x0 0x0 0x0 0xbe 0x0 0x0 0x80 0x0 0xa4 0xa4 0x0 0x8 0xac 0x5 0x0 0x0
1787978841119,0x1 0x8a 0xd 0x8d 0x7a 0xb6 0x60 0x29 0x1b 0x0 0xd 0x77 0x38 0x1 0x52 0x30 0xd4 0x2f 0x73 0x15 0x75 0x6 0xf 0x3 0x0 0x28 0x65 0x3 0x0 0x50 0x0 0x1b 0x0 0x58 0x0 0x58 0x0 0x78 0x78 0x78 0x78 0x78 0x78 0xa9 0x6 0xa 0x7 0xab 0x6 0xf 0x7 0xb0 0x6 0xf8 0x6 0xb0 0x6 0x14 0x7 0x1f 0x0 0x3 0x7d 0x93 0x78 0x77 0x4d 0x80 0x4f 0x80 0xa6 0x82 0xeb 0x7b 0x6b 0x75 0x0 0x0 0xe3 0x6a 0x0 0x0 0x73 0xe7 0x15 0xee 0x0 0x0 0x0 0x0 0xad 0x0 0x0 0x80 0x0 0xa4 0xa4 0x0 0x8 0xb9 0x5 0x0 0x0
1787978841342,0x1 0x8b 0xd 0x8d 0x7a 0xb6 0x60 0x29 0x1c 0x0 0xd 0x77 0x34 0x1 0xbd 0x2e 0xec 0x2e 0x73 0x16 0x97 0x6 0xf 0x3 0x0 0x28 0x65 0x1 0x0 0xf 0x0 0x15 0x0 0x57 0x0 0x57 0x0 0x76 0x76 0x76 0x76 0x76 0x76 0xc9 0x6 0xfd 0x6 0xbb 0x6 0xf3 0x6 0xbd 0x6 0xfe 0x6 0xbd 0x6 0xf3 0x6 0x1f 0x0 0x3 0x89 0x98 0x85 0x77 0x4d 0x80 0x4f 0x80 0xa6 0x82 0xeb 0x7b 0x6a 0x73 0x0 0x0 0x63 0x63 0x0 0x0 0x73 0xe7 0x15 0xee 0x0 0x0 0x0 0x0 0xb1 0x0 0x0 0x80 0x0 0xa4 0xa4 0x0 0x8 0xac 0x5 0x0 0x0
1787978841566,0x1 0x8c 0xd 0x8d 0x7a 0xb6 0x60 0x29 0x1c 0x0 0xd 0x77 0x33 0x1 0xe8 0x2d 0x58 0x2e 0x73 0x17 0xb0 0x6 0xf 0x3 0x0 0x28 0x65 0x1 0x0 0x10 0x0 0x1e 0x0 0x57 0x0 0x58 0x0 0x76 0x76 0x76 0x76 0x76 0x76 0xbb 0x6 0xf5 0x6 0xc0 0x6 0xf5 0x6 0xc2 0x6 0xf1 0x6 0xbb 0x6 0xef 0x6 0x1e 0x0 0x3 0x8e 0x9d 0x85 0x77 0x4d 0x80 0x4f 0x80 0xa6 0x82 0xeb 0x7b 0x6a 0x73 0x0 0x0 0xa3 0x5b 0x0 0x0 0x73 0xe7 0x15 0xee 0x0 0x0 0x0 0x0 0xb4 0x0 0x0 0x80 0x0 0xa4 0xa4 0x0 0x8 0x9f 0x5 0x0 0x0
1787978841790,0x1 0x8b 0xd 0x8d 0x7a 0xb6 0x60 0x29 0x1c 0x0 0xd 0x75 0x38 0x1 0x5b 0x2e 0xd 0x2e 0x73 0x17 0xbb 0x6 0xf 0x3 0x0 0x28 0x65 0x1 0x0 0x15 0x0 0x93 0x0 0x58 0x0 0x57 0x0 0x76 0x76 0x76 0x76 0x76 0x76 0xc6 0x6 0xf5 0x6 0xbe 0x6 0xf4 0x6 0xbf 0x6 0xf1 0x6 0xca 0x6 0xf5 0x6 0x1e 0x0 0x3 0x92 0xa0 0x85 0x77 0x4d 0x80 0x4f 0x80 0xa6 0x82 0xeb 0x7b 0x6a 0x73 0x0 0x0 0xe3 0x59 0x0 0x0 0x73 0xe7 0x15 0xee 0x0 0x0 0x0 0x0 0xb9 0x0 0x0 0x80 0x0 0xa4 0xa4 0x0 0x8 0xac 0x5 0x0 0x0
1787978842014,0x1 0x8b 0xd 0x8d 0x7a 0xb6 0x60 0x29 0x1c 0x0 0xd 0x77 0x38 0x1 0xe1 0x2d 0xde 0x2d 0x73 0x18 0xcd 0x6 0xf 0x3 0x0 0x28 0x65 0x1 0x0 0x2e 0x0 0xae 0x0 0x57 0x0 0x58 0x0 0x75 0x75 0x75 0x75 0x75 0x75 0xd7 0x6 0xe8 0x6 0xd8 0x6 0xeb 0x6 0xd0 0x6 0xe7 0x6 0xd8 0x6 0xe6 0x6 0x1e 0x0 0x3 0x97 0xa0 0x85 0x77 0x4d 0x80 0x4f 0x80 0xa6 0x82 0xeb 0x7b 0x6a 0x73 0x0 0x0 0xe3 0x5d 0x0 0x0 0x73 0xe7 0x15 0xee 0x0 0x0 0x0 0x0 0xbd 0x0 0x0 0x80 0x0 0xa4 0xa4 0x0 0x8 0xac 0x5 0x0 0x0
1787978842238,0x1 0x8a 0xd 0x8d 0x7a 0xb6 0x60 0x29 0x1c 0x0 0xd 0x76 0x36 0x1 0x45 0x2d 0x56 0x2d 0x73 0x18 0xd9 0x6 0xf 0x3 0x0 0x28 0x65 0x1 0x0 0x9c 0x0 0xb0 0x0 0x58 0x0 0x58 0x0 0x75 0x75 0x75 0x75 0x75 0x75 0xcf 0x6 0x9b 0x6 0xce 0x6 0x90 0x6 0x9d 0x6 0x9e 0x6 0x9d 0x6 0x8e 0x6 0x1e 0x0 0x3 0x91 0x95 0x8b 0x83 0x4d 0x80 0x4f 0x80 0xa6 0x82 0xeb 0x7b 0x6a 0x73 0x0 0x0 0xe3 0x5d 0x0 0x0 0x73 0xe7 0x15 0xee 0x0 0x0 0x0 0x0 0xc1 0x0 0x0 0x80 0x0 0xa4 0xa4 0x0 0x8 0xb9 0x5 0x0 0x0
1787978842462,0x1 0x8b 0xd 0x8d 0x7a 0xb6 0x60 0xd 0x0 0x0 0xd 0x40 0x68 0x0 0xd4 0xf 0x43 0x1d 0x73 0x19 0x92 0x6 0xf 0x3 0x0 0x28 0x65 0x1 0x0 0xb1 0x0 0xb3 0x0 0x58 0x0 0x58 0x0 0x73 0x73 0x73 0x73 0x73 0x73 0x73 0x3 0x1b 0x3 0xc5 0x2 0x7b 0x2 0x44 0x2 0x2b 0x2 0x31 0x2 0x2b 0x2 0x27 0x0 0x3 0x8d 0x91 0x8b 0x83 0x4d 0x80 0x4f 0x80 0xa6 0x82 0xeb 0x7b 0x6a 0x73 0x0 0x0 0xe3 0x58 0x0 0x0 0x73 0xe7 0x15 0xee 0x0 0x0 0x0 0x0 0xcd 0x0 0x0 0x80 0x0 0xa4 0xa4 0x0 0x0 0xac 0x5 0x0 0x0
1787978842686,0x1 0x8c 0xd 0x8d 0x7a 0xb6 0x60 0xd 0x0 0x0 0xd 0x3e 0x60 0x0 0x48 0x11 0x55 0x12 0x73 0x19 0x8e 0x5 0xf 0x3 0x0 0x28 0x65 0x1 0x0 0xb8 0x0 0xba 0x0 0x57 0x0 0x58 0x0 0x89 0x89 0x89 0x89 0x89 0x89 0xc4 0x1 0xc6 0x1 0xd0 0x1 0xca 0x1 0xd0 0x1 0xcd 0x1 0xd2 0x1 0xcd 0x1 0x2a 0x0 0x3 0x8a 0x8e 0x8b 0x83 0x4d 0x80 0x4f 0x80 0xa6 0x82 0xeb 0x7b 0x6a 0x73 0x0 0x0 0x9d 0x62 0xba 0x11 0x73 0xe7 0x15 0xee 0x0 0x0 0x0 0x0 0xf4 0x0 0x0 0x80 0x0 0xa4 0xa4 0x0 0x0 0x9f 0x5 0x0 0x0
1787978842910,0x1 0x8b 0xd 0x8c 0x7a 0xb6 0x60 0xd 0x0 0x0 0xd 0x3b 0x5b 0x0 0x21 0x11 0x72 0x11 0x73 0x19 0x50 0x5 0xf 0x3 0x0 0x28 0x65 0x1 0x0 0xb6 0x0 0xb8 0x0 0x57 0x0 0x58 0x0 0x9f 0x9f 0x9f 0x9f 0x9f 0x9f 0xf6 0x1 0xf6 0x1 0xfc 0x1 0xec 0x1 0xf5 0x1 0xef 0x1 0xfc 0x1 0xf9 0x1 0x2a 0x0 0x3 0x88 0x8c 0x8b 0x83 0x4d 0x80 0x4f 0x80 0xa6 0x82 0xeb 0x7b 0x6a 0x73 0x0 0x0 0x31 0x5a 0x4e 0xb 0x73 0xe7 0x15 0xee 0x0 0x0 0x0 0x0 0xfd 0x0 0x0 0x80 0x0 0xa4 0xa4 0x0 0x0 0xac 0x5 0x0 0x0
1787978843134,0x1 0x8b 0xd 0x8c 0x7a 0xb6 0x60 0xd 0x0 0x0 0xd 0x3a 0x5a 0x0 0xab 0x11 0xb0 0x11 0x73 0x19 0x18 0x5 0xf 0x3 0x0 0x28 0x65 0x1 0x0 0xb2 0x0 0xb3 0x0 0x58 0x0 0x58 0x0 0x9f 0x9f 0x9f 0x9f 0x9f 0x9f 0x2e 0x2 0x2b 0x2 0x30 0x2 0x30 0x2 0x33 0x2 0x2a 0x2 0x33 0x2 0x2e 0x2 0x2a 0x0 0x3 0x87 0x8b 0x8b 0x83 0x4d 0x80 0x4f 0x80 0xa6 0x82 0xeb 0x7b 0x6a 0x73 0x0 0x0 0x9b 0x51 0xb8 0x5 0x73 0xe7 0x15 0xee 0x0 0x0 0x0 0x0 0xff 0x0 0x0 0x80 0x0 0xa4 0xa4 0x0 0x0 0xac 0x5 0x0 0x0
1787978843358,0x1 0x8c 0xd 0x8c 0x7a 0xb6 0x60 0xd 0x0 0x0 0xd 0x39 0x58 0x0 0x5b 0x11 0x57 0x11 0x73 0x19 0x12 0x5 0xf 0x3 0x0 0x28 0x65 0x1 0x0 0xb2 0x0 0xb4 0x0 0x58 0x0 0x58 0x0 0x9e 0x9e 0x9e 0x9e 0x9e 0x9e 0x2f 0x2 0x2c 0x2 0x29 0x2 0x28 0x2 0x2d 0x2 0x29 0x2 0x2f 0x2 0x2c 0x2 0x2a 0x0 0x3 0x85 0x89 0x8b 0x83 0x4d 0x80 0x4f 0x80 0xa6 0x82 0xeb 0x7b 0x6a 0x73 0x0 0x0 0x9b 0x51 0xb8 0x5 0x73 0xe7 0x15 0xee 0x0 0x0 0x0 0x0 0xff 0x0 0x0 0x80 0x0 0xa4 0xa4 0x0 0x0 0x9f 0x5 0x0 0x0
1787978843582,0x1 0x8c 0xd 0x8c 0x7a 0xb7 0x60 0xd 0x0 0x0 0xd 0x38 0x58 0x0 0x9d 0x11 0x62 0x11 0x73 0x18 0xff 0x4 0xf 0x3 0x0 0x28 0x65 0x1 0x0 0xb3 0x0 0xb4 0x0 0x58 0x0 0x57 0x0 0xa0 0xa0 0xa0 0xa0 0xa0 0xa0 0x34 0x2 0x33 0x2 0x3b 0x2 0x38 0x2 0x3f 0x2 0x2e 0x2 0x3f 0x2 0x3a 0x2 0x2b 0x0 0x3 0x83 0x87 0x8b 0x83 0x4d 0x80 0x4f 0x80 0xa6 0x82 0xeb 0x7b 0x6a 0x73 0x0 0x0 0xb9 0x51 0xd6 0x6 0x73 0xe7 0x15 0xee 0x0 0x0 0x0 0x0 0xff 0x0 0x0 0x80 0x0 0xa4 0xa4 0x0 0x4 0x9f 0x5 0x0 0x0
1787978843806,0x1 0x8c 0xd 0x8c 0x7a 0xb7 0x60 0xd 0x0 0x0 0xd 0x38 0x56 0x0 0xa4 0x11 0xb0 0x11 0x73 0x18 0xe0 0x4 0xf 0x3 0x0 0x28 0x65 0x1 0x0 0xb3 0x0 0xb4 0x0 0x58 0x0 0x58 0x0 0xb4 0xb4 0xb4 0xb4 0xb4 0xb4 0x52 0x2 0x49 0x2 0x4e 0x2 0x4c 0x2 0x52 0x2 0x4c 0x2 0x52 0x2 0x4e 0x2 0x2a 0x0 0x3 0x82 0x86 0x8b 0x83 0x4d 0x80 0x4f 0x80 0xa6 0x82 0xeb 0x7b 0x6a 0x73 0x0 0x0 0xdd 0x4b 0xfa 0x0 0x73 0xe7 0x15 0xee 0x0 0x0 0x0 0x0 0xff 0x0 0x0 0x80 0x0 0xa4 0xa4 0x0 0x4 0x9f 0x5 0x0 0x0
1787978844030,0x1 0x8b 0xd 0x8c 0x7a 0xb7 0x60 0xd 0x0 0x0 0xd 0x38 0x56 0x0 0x98 0x12 0xfd 0x11 0x73 0x18 0xa0 0x4 0xf 0x3 0x0 0x28 0x65 0x1 0x0 0xb4 0x0 0xb3 0x0 0x58 0x0 0x57 0x0 0xb1 0xb1 0xb1 0xb1 0xb1 0xb1 0x63 0x2 0x63 0x2 0x63 0x2 0x5f 0x2 0x61 0x2 0x5e 0x2 0x67 0x2 0x63 0x2 0x2b 0x0 0x3 0x80 0x84 0x8b 0x83 0x4d 0x80 0x4f 0x80 0xa6 0x82 0xeb 0x7b 0x6a 0x73 0x0 0x0 0x5 0x48 0x22 0xff 0x73 0xe7 0x15 0xee 0x0 0x0 0x0 0x0 0xff 0x0 0x0 0x80 0x0 0xa4 0xa4 0x0 0x4 0xac 0x5 0x0 0x0
1787978844254,0x1 0x8b 0xd 0x8c 0x7a 0xb7 0x60 0xd 0x0 0x0 0xd 0x36 0x52 0x0 0xd 0x12 0xe8 0x11 0x73 0x18 0x8b 0x4 0xf 0x3 0x0 0x28 0x65 0x1 0x0 0xb4 0x0 0xb3 0x0 0x58 0x0 0x58 0x0 0xb3 0xb3 0xb3 0xb3 0xb3 0xb3 0x68 0x2 0x66 0x2 0x6c 0x2 0x62 0x2 0x67 0x2 0x62 0x2 0x6c 0x2 0x66 0x2 0x2c 0x0 0x3 0x7f 0x83 0x8b 0x83 0x4d 0x80 0x4f 0x80 0xa6 0x82 0xeb 0x7b 0x6a 0x73 0x0 0x0 0x6b 0x43 0x88 0xfb 0x73 0xe7 0x15 0xee 0x0 0x0 0x0 0x0 0xff 0x0 0x0 0x80 0x0 0xa4 0xa4 0x0 0x4 0xac 0x5 0x0 0x0
1787978844478,0x1 0x8c 0xd 0x8c 0x7b 0xb7 0x60 0xd 0x0 0x0 0xd 0x33 0x4d 0x0 0x4e 0x11 0xbc 0x11 0x73 0x17 0x73 0x4 0xb 0x3 0x0 0x28 0x65 0x1 0x0 0xb5 0x0 0xb3 0x0 0x57 0x0 0x57 0x0 0xb2 0xb2 0xb2 0xb2 0xb2 0xb2 0x71 0x2 0x6b 0x2 0x6e 0x2 0x68 0x2 0x70 0x2 0x6a 0x2 0x6e 0x2 0x68 0x2 0x2d 0x0 0x3 0x7e 0x82 0x8b 0x83 0x4d 0x80 0x4f 0x80 0xa6 0x82 0xeb 0x7b 0x6a 0x73 0x0 0x0 0xc5 0x45 0xe2 0xfe 0x73 0xe7 0x15 0xee 0x0 0x0 0x0 0x0 0xff 0x0 0x0 0x80 0x0 0xa4 0xa4 0x0 0x4 0x9f 0x5 0x0 0x0
1787978844701,0x1 0x8b 0xd 0x8c 0x7b 0xb7 0x60 0xd 0x0 0x0 0xd 0x34 0x4f 0x0 0xfe 0x11 0xd4 0x11 0x73 0x17 0x64 0x4 0xb 0x3 0x0 0x28 0x65 0x1 0x0 0xb4 0x0 0xb3 0x0 0x58 0x0 0x57 0x0 0xb1 0xb1 0xb1 0xb1 0xb1 0xb1 0x71 0x2 0x70 0x2 0x75 0x2 0x72 0x2 0x79 0x2 0x6c 0x2 0x79 0x2 0x73 0x2 0x2d 0x0 0x3 0x7c 0x80 0x8b 0x83 0x4d 0x80 0x4f 0x80 0xa6 0x82 0xeb 0x7b 0x6a 0x73 0x0 0x0 0xa 0x45 0xe4 0xfe 0x73 0xe7 0x15 0xee 0x0 0x0 0x0 0x0 0xff 0x0 0x0 0x80 0x0 0xa4 0xa4 0x0 0x4 0xac 0x5 0x0 0x0
1787978844925,0x1 0x8a 0xd 0x8b 0x7b 0xb6 0x60 0xd 0x0 0x0 0xd 0x34 0x4d 0x0 0xba 0x11 0xda 0x11 0x73 0x16 0x58 0x4 0xb 0x3 0x0 0x28 0x65 0x1 0x0 0xb4 0x0 0xb2 0x0 0x58 0x0 0x57 0x0 0xb2 0xb2 0xb2 0xb2 0xb2 0xb2 0x7d 0x2 0x79 0x2 0x7e 0x2 0x7a 0x2 0x80 0x2 0x7c 0x2 0x81 0x2 0x7c 0x2 0x2e 0x0 0x3 0x7b 0x7f 0x8b 0x83 0x4d 0x80 0x4f 0x80 0xa6 0x82 0xeb 0x7b 0x6a 0x73 0x0 0x0 0xb6 0x40 0x90 0xfb 0x73 0xe7 0x15 0xee 0x0 0x0 0x0 0x0 0xff 0x0 0x0 0x80 0x0 0xa4 0xa4 0x0 0x4 0xb9 0x5 0x0 0x0
1787978845149,0x1 0x8a 0xd 0x8b 0x7b 0xb6 0x60 0xd 0x0 0x0 0xd 0x34 0x4f 0x0 0x56 0x12 0x6 0x12 0x73 0x16 0x4f 0x4 0xb 0x3 0x0 0x28 0x65 0x1 0x0 0xb2 0x0 0xb1 0x0 0x57 0x0 0x57 0x0 0xb1 0xb1 0xb1 0xb1 0xb1 0xb1 0x86 0x2 0x80 0x2 0x85 0x2 0x82 0x2 0x87 0x2 0x82 0x2 0x87 0x2 0x82 0x2 0x2e 0x0 0x3 0x7a 0x7e 0x8b 0x83 0x4d 0x80 0x4f 0x80 0xa6 0x82 0xeb 0x7b 0x6a 0x73 0x0 0x0 0xd2 0x41 0xac 0xfc 0x73 0xe7 0x15 0xee 0x0 0x0 0x0 0x0 0xff 0x0 0x0 0x80 0x0 0xa4 0xa4 0x0 0x4 0xb9 0x5 0x0 0x0
1787978845373,0x1 0x8b 0xd 0x8b 0x7b 0xb6 0x60 0xd 0x0 0x0 0xd 0x32 0x4e 0x0 0x67 0x12 0x18 0x12 0x73 0x16 0x3d 0x4 0xb 0x3 0x0 0x28 0x65 0x1 0x0 0xb1 0x0 0xb0 0x0 0x58 0x0 0x57 0x0 0xb0 0xb0 0xb0 0xb0 0xb0 0xb0 0x83 0x2 0x7f 0x2 0x84 0x2 0x81 0x2 0x86 0x2 0x82 0x2 0x87 0x2 0x82 0x2 0x2e 0x0 0x3 0x79 0x7c 0x8b 0x83 0x4d 0x80 0x4f 0x80 0xa6 0x82 0xeb 0x7b 0x6a 0x73 0x0 0x0 0x26 0x44 0x0 0x0 0x73 0xe7 0x15 0xee 0x0 0x0 0x0 0x0 0xff 0x0 0x0 0x80 0x0 0xa4 0xa4 0x0 0x4 0xac 0x5 0x0 0x0
1787978845597,0x1 0x8c 0xd 0x8b 0x7b 0xb6 0x60 0xd 0x0 0x0 0xd 0x32 0x4b 0x0 0xf2 0x11 0x45 0x12 0x73 0x15 0x2e 0x4 0xb 0x3 0x0 0x28 0x65 0x1 0x0 0xb0 0x0 0xaf 0x0 0x57 0x0 0x57 0x0 0xb0 0xb0 0xb0 0xb0 0xb0 0xb0 0x8a 0x2 0x86 0x2 0x8a 0x2 0x85 0x2 0x8b 0x2 0x85 0x2 0x8a 0x2 0x85 0x2 0x2e 0x0 0x3 0x77 0x7b 0x8b 0x83 0x4d 0x80 0x4f 0x80 0xa6 0x82 0xeb 0x7b 0x6a 0x73 0x0 0x0 0xd2 0x40 0xac 0xfc 0x73 0xe7 0x15 0xee 0x0 0x0 0x0 0x0 0xff 0x0 0x0 0x80 0x0 0xa4 0xa4 0x0 0x4 0x9f 0x5 0x0 0x0
1787978845822,0x1 0x8a 0xd 0x8b 0x7b 0xb6 0x60 0xd 0x0 0x0 0xd 0x34 0x4f 0x0 0x1e 0x13 0x5e 0x12 0x73 0x15 0x22 0x4 0xb 0x3 0x0 0x28 0x65 0x1 0x0 0xb0 0x0 0xae 0x0 0x58 0x0 0x57 0x0 0xaf 0xaf 0xaf 0xaf 0xaf 0xaf 0x8a 0x2 0x85 0x2 0x89 0x2 0x83 0x2 0x8a 0x2 0x85 0x2 0x8a 0x2 0x85 0x2 0x2e 0x0 0x3 0x76 0x7a 0x8b 0x83 0x4d 0x80 0x4f 0x80 0xa6 0x82 0xeb 0x7b 0x6a 0x73 0x0 0x0 0xd2 0x40 0xac 0xfc 0x73 0xe7 0x15 0xee 0x0 0x0 0x0 0x0 0xff 0x0 0x0 0x80 0x0 0xa4 0xa4 0x0 0x4 0xb9 0x5 0x0 0x0
1787978846046,0x1 0x8b 0xd 0x8b 0x7b 0xb6 0x60 0xd 0x0 0x0 0xd 0x32 0x4d 0x0 0xcb 0x12 0x7c 0x12 0x73 0x15 0x19 0x4 0xb 0x3 0x0 0x28 0x65 0x1 0x0 0xaf 0x0 0xad 0x0 0x57 0x0 0x57 0x0 0xb0 0xb0 0xb0 0xb0 0xb0 0xb0 0x8b 0x2 0x87 0x2 0x8b 0x2 0x86 0x2 0x8c 0x2 0x87 0x2 0x8b 0x2 0x87 0x2 0x2f 0x0 0x3 0x75 0x78 0x8b 0x83 0x4d 0x80 0x4f 0x80 0xa6 0x82 0xeb 0x7b 0x6a 0x73 0x0 0x0 0xd2 0x3f 0xac 0xfc 0x73 0xe7 0x15 0xee 0x0 0x0 0x0 0x0 0xff 0x0 0x0 0x80 0x0 0xa4 0xa4 0x0 0x4 0xac 0x5 0x0 0x0
1787978846270,0x1 0x8b 0xd 0x8b 0x7b 0xb6 0x60 0xd 0x0 0x0 0xd 0x34 0x4d 0x0 0x7 0x13 0x80 0x12 0x73 0x14 0xc 0x4 0xb 0x3 0x0 0x28 0x65 0x1 0x0 0xad 0x0 0xab 0x0 0x57 0x0 0x57 0x0 0xaf 0xaf 0xaf 0xaf 0xaf 0xaf 0x87 0x2 0x84 0x2 0x88 0x2 0x82 0x2 0x88 0x2 0x84 0x2 0x89 0x2 0x84 0x2 0x2f 0x0 0x3 0x73 0x77 0x8b 0x83 0x4d 0x80 0x4f 0x80 0xa6 0x82 0xeb 0x7b 0x6a 0x73 0x0 0x0 0xd2 0x3f 0xac 0xfc 0x73 0xe7 0x15 0xee 0x0 0x0 0x0 0x0 0xff 0x0 0x0 0x80 0x0 0xa4 0xa4 0x0 0x4 0xac 0x5 0x0 0x0
1787978846493,0x1 0x8b 0xd 0x8a 0x7b 0xb6 0x60 0xd 0x0 0x0 0xd 0x34 0x4f 0x0 0xd9 0x13 0xb7 0x12 0x73 0x14 0xfb 0x3 0xb 0x3 0x0 0x28 0x65 0x1 0x0 0xab 0x0 0xa9 0x0 0x57 0x0 0x58 0x0 0xae 0xae 0xae 0xae 0xae 0xae 0x8a 0x2 0x85 0x2 0x8b 0x2 0x87 0x2 0x8e 0x2 0x86 0x2 0x8e 0x2 0x89 0x2 0x30 0x0 0x3 0x72 0x76 0x8b 0x83 0x4d 0x80 0x4f 0x80 0xa6 0x82 0xeb 0x7b 0x6a 0x73 0x0 0x0 0xee 0x3f 0xc8 0xfd 0x73 0xe7 0x15 0xee 0x0 0x0 0x0 0x0 0xff 0x0 0x0 0x80 0x0 0xa4 0xa4 0x0 0x4 0xac 0x5 0x0 0x0
1787978846717,0x1 0x8a 0xd 0x8a 0x7b 0xb6 0x60 0xd 0x0 0x0 0xd 0x33 0x4d 0x0 0x8e 0x13 0x5 0x13 0x73 0x14 0xf0 0x3 0xb 0x3 0x0 0x28 0x65 0x1 0x0 0xa9 0x0 0xa6 0x0 0x57 0x0 0x57 0x0 0xae 0xae 0xae 0xae 0xae 0xae 0x93 0x2 0x8e 0x2 0x95 0x2 0x90 0x2 0x93 0x2 0x8e 0x2 0x95 0x2 0x90 0x2 0x30 0x0 0x3 0x71 0x74 0x8b 0x83 0x4d 0x80 0x4f 0x80 0xa6 0x82 0xeb 0x7b 0x6a 0x73 0x0 0x0 0xee 0x3f 0xc8 0xfd 0x73 0xe7 0x15 0xee 0x0 0x0 0x0 0x0 0xff 0x0 0x0 0x80 0x0 0xa4 0xa4 0x0 0x4 0xb9 0x5 0x0 0x0
1787978846940,0x1 0x8a 0xd 0x8a 0x7c 0xb6 0x60 0xd 0x0 0x0 0xd 0x33 0x4c 0x0 0x98 0x13 0x35 0x13 0x73 0x13 0xe1 0x3 0x7 0x3 0x0 0x28 0x65 0x1 0x0 0xa6 0x0 0xa2 0x0 0x58 0x0 0x57 0x0 0xae 0xae 0xae 0xae 0xae 0xae 0x98 0x2 0x94 0x2 0x9b 0x2 0x93 0x2 0x98 0x2 0x92 0x2 0x9b 0x2 0x95 0x2 0x30 0x0 0x3 0x6f 0x73 0x8b 0x83 0x4d 0x80 0x4f 0x80 0xa6 0x82 0xeb 0x7b 0x6a 0x73 0x0 0x0 0xee 0x3f 0xc8 0xfd 0x73 0xe7 0x15 0xee 0x0 0x0 0x0 0x0 0xff 0x0 0x0 0x80 0x0 0xa4 0xa4 0x0 0x4 0xb9 0x5 0x0 0x0
1787978847165,0x1 0x8b 0xd 0x8a 0x7c 0xb6 0x60 0xd 0x0 0x0 0xd 0x32 0x4c 0x0 0xfa 0x13 0x90 0x13 0x73 0x13 0xce 0x3 0x7 0x3 0x0 0x28 0x65 0x1 0x0 0xa5 0x0 0x9b 0x0 0x57 0x0 0x58 0x0 0xad 0xad 0xad 0xad 0xad 0xad 0xa4 0x2 0x9f 0x2 0xa7 0x2 0x9d 0x2 0xa3 0x2 0x9f 0x2 0xa7 0x2 0xa1 0x2 0x31 0x0 0x3 0x6e 0x72 0x8b 0x83 0x4d 0x80 0x4f 0x80 0xa6 0x82 0xeb 0x7b 0x6a 0x73 0x0 0x0 0x4d 0x3f 0xe4 0xfe 0x73 0xe7 0x15 0xee 0x0 0x0 0x0 0x0 0xff 0x0 0x0 0x80 0x0 0xa4 0xa4 0x0 0x4 0xac 0x5 0x0 0x0
1787978847389,0x1 0x8b 0xd 0x8a 0x7c 0xb6 0x60 0xd 0x0 0x0 0xd 0x33 0x4c 0x0 0x5a 0x14 0xc3 0x13 0x73 0x13 0xbc 0x3 0x7 0x3 0x0 0x28 0x65 0x1 0x0 0xa0 0x0 0x96 0x0 0x57 0x0 0x57 0x0 0xad 0xad 0xad 0xad 0xad 0xad 0xaf 0x2 0xa3 0x2 0xaa 0x2 0xa6 0x2 0xae 0x2 0xa7 0x2 0xaf 0x2 0xa8 0x2 0x32 0x0 0x3 0x6d 0x71 0x8b 0x83 0x4d 0x80 0x4f 0x80 0xa6 0x82 0xeb 0x7b 0x6a 0x73 0x0 0x0 0x4d 0x3e 0xe4 0xfe 0x73 0xe7 0x15 0xee 0x0 0x0 0x0 0x0 0xff 0x0 0x0 0x80 0x0 0xa4 0xa4 0x0 0x4 0xac 0x5 0x0 0x0
1787978847612,0x1 0x8b 0xd 0x8a 0x7c 0xb6 0x60 0xd 0x0 0x0 0xd 0x32 0x4c 0x0 0x8b 0x14 0xdd 0x13 0x73 0x12 0xb3 0x3 0x7 0x3 0x0 0x28 0x65 0x1 0x0 0x9d 0x0 0x94 0x0 0x57 0x0 0x58 0x0 0xac 0xac 0xac 0xac 0xac 0xac 0xac 0x2 0xa6 0x2 0xac 0x2 0xa8 0x2 0xae 0x2 0xa9 0x2 0xaf 0x2 0xa9 0x2 0x32 0x0 0x3 0x6b 0x6f 0x8b 0x83 0x4d 0x80 0x4f 0x80 0xa6 0x82 0xeb 0x7b 0x6a 0x73 0x0 0x0 0x4d 0x3e 0xe4 0xfe 0x73 0xe7 0x15 0xee 0x0 0x0 0x0 0x0 0xff 0x0 0x0 0x80 0x0 0xa4 0xa4 0x0 0x4 0xac 0x5 0x0 0x0
1787978847836,0x1 0x8a 0xd 0x8a 0x7c 0xb6 0x60 0xd 0x0 0x0 0xd 0x31 0x4b 0x0 0x30 0x14 0x27 0x14 0x73 0x12 0xb7 0x3 0x7 0x3 0x0 0x28 0x65 0x1 0x0 0x98 0x0 0x8d 0x0 0x57 0x0 0x57 0x0 0xad 0xad 0xad 0xad 0xad 0xad 0xb6 0x2 0xb0 0x2 0xb5 0x2 0xb0 0x2 0xb6 0x2 0xb0 0x2 0xb6 0x2 0xb0 0x2 0x32 0x0 0x3 0x6a 0x6e 0x8b 0x83 0x4d 0x80 0x4f 0x80 0xa6 0x82 0xeb 0x7b 0x6a 0x73 0x0 0x0 0x4d 0x3e 0xe4 0xfe 0x73 0xe7 0x15 0xee 0x0 0x0 0x0 0x0 0xff 0x0 0x0 0x80 0x0 0xa4 0xa4 0x0 0x4 0xb9 0x5 0x0 0x0
1787978848061,0x1 0x8b 0xd 0x89 0x7c 0xb6 0x60 0xd 0x0 0x0 0xd 0x32 0x4a 0x0 0x1c 0x14 0xc 0x14 0x73 0x12 0xae 0x3 0x7 0x3 0x0 0x28 0x65 0x1 0x0 0x91 0x0 0x85 0x0 0x58 0x0 0x57 0x0 0xad 0xad 0xad 0xad 0xad 0xad 0xb1 0x2 0xaa 0x2 0xaf 0x2 0xab 0x2 0xb0 0x2 0xac 0x2 0xaf 0x2 0xaa 0x2 0x32 0x0 0x3 0x69 0x6d 0x8b 0x83 0x4d 0x80 0x4f 0x80 0xa6 0x82 0xeb 0x7b 0x6a 0x73 0x0 0x0 0x4d 0x3e 0xe4 0xfe 0x73 0xe7 0x15 0xee 0x0 0x0 0x0 0x0 0xff 0x0 0x0 0x80 0x0 0xa4 0xa4 0x0 0x4 0xac 0x5 0x0 0x0
1787978848285,0x1 0x8c 0xd 0x89 0x7c 0xb6 0x60 0xe 0x0 0x0 0xd 0x33 0x4e 0x0 0x96 0x15 0x62 0x14 0x73 0x12 0x9d 0x3 0x7 0x3 0x0 0x28 0x65 0x1 0x0 0x84 0x0 0x73 0x0 0x57 0x0 0x58 0x0 0xab 0xab 0xab 0xab 0xab 0xab 0xb9 0x2 0xae 0x2 0xb4 0x2 0xaf 0x2 0xb6 0x2 0xb1 0x2 0xb9 0x2 0xb3 0x2 0x33 0x0 0x3 0x67 0x6b 0x8b 0x83 0x4d 0x80 0x4f 0x80 0xa6 0x82 0xeb 0x7b 0x6a 0x73 0x0 0x0 0x4d 0x3e 0xe4 0xfe 0x73 0xe7 0x15 0xee 0x0 0x0 0x0 0x0 0xff 0x0 0x0 0x80 0x0 0xa4 0xa4 0x0 0x4 0x9f 0x5 0x0 0x0
1787978848509,0x1 0x8b 0xd 0x89 0x7c 0xb6 0x60 0x15 0x7 0x0 0xd 0x3e 0x5b 0x0 0x7d 0x19 0xda 0x15 0x73 0x12 0x92 0x3 0x7 0x3 0x0 0x28 0x65 0x1 0x0 0x65 0x0 0x3f 0x0 0x58 0x0 0x57 0x0 0xa7 0xa7 0xa7 0xa7 0xa7 0xa7 0xc3 0x2 0xbe 0x2 0xc5 0x2 0xd7 0x2 0x71 0x3 0xc5 0x4 0xa7 0x4 0xc5 0x4 0x31 0x0 0x3 0x66 0x73 0x8b 0x85 0x4d 0x80 0x4f 0x80 0xa6 0x82 0xeb 0x7b 0x6a 0x73 0x0 0x0 0x69 0x39 0x0 0x0 0x73 0xe7 0x15 0xee 0x0 0x0 0x0 0x0 0xff 0x0 0x0 0x80 0x0 0xa4 0xa4 0x0 0x8 0xac 0x5 0x0 0x0
1787978848732,0x1 0x8b 0xd 0x89 0x7c 0xb6 0x60 0x15 0x7 0x0 0xd 0x43 0x6f 0x0 0x56 0x1a 0xaf 0x1a 0x73 0x11 0x37 0x4 0x7 0x3 0x0 0x28 0x65 0x1 0x0 0x9a 0x0 0xa4 0x0 0x58 0x0 0x57 0x0 0x90 0x90 0x90 0x90 0x90 0x90 0x50 0x4 0x5b 0x4 0x50 0x4 0x54 0x4 0x16 0x4 0x90 0x4 0x16 0x4 0x38 0x4 0x2c 0x0 0x3 0x66 0x75 0x69 0x85 0x4d 0x80 0x4f 0x80 0xa6 0x82 0xeb 0x7b 0x6a 0x73 0x0 0x0 0x69 0x43 0x0 0x0 0x73 0xe7 0x15 0xee 0x0 0x0 0x0 0x0 0xe8 0x0 0x0 0x80 0x0 0xa4 0xa4 0x0 0x8 0xac 0x5 0x0 0x0
1787978848956,0x1 0x8b 0xd 0x89 0x7c 0xb6 0x60 0x15 0x8 0x0 0xd 0x47 0x77 0x0 0xe3 0x1a 0x2b 0x1a 0x73 0x11 0x6d 0x4 0x7 0x3 0x0 0x28 0x65 0x1 0x0 0xb6 0x0 0xb6 0x0 0x57 0x0 0x57 0x0 0x76 0x76 0x76 0x76 0x76 0x76 0xd6 0x3 0xfe 0x3 0xcc 0x3 0xf4 0x3 0xd1 0x3 0xd 0x4 0xe2 0x3 0xd 0x4 0x2b 0x0 0x3 0x64 0x75 0x69 0x85 0x4d 0x80 0x4f 0x80 0xa6 0x82 0xeb 0x7b 0x6a 0x73 0x0 0x0 0x69 0x45 0x0 0x0 0x73 0xe7 0x15 0xee 0x0 0x0 0x0 0x0 0xd1 0x0 0x0 0x80 0x0 0xa4 0xa4 0x0 0x8 0xac 0x5 0x0 0x0
1787978849181,0x1 0x8c 0xd 0x89 0x7c 0xb6 0x60 0x15 0x8 0x0 0xd 0x45 0x75 0x0 0x88 0x1a 0x6d 0x1a 0x73 0x11 0x69 0x4 0x7 0x3 0x0 0x28 0x65 0x1 0x0 0xb1 0x0 0xb3 0x0 0x57 0x0 0x57 0x0 0x76 0x76 0x76 0x76 0x76 0x76 0xd7 0x3 0x7 0x4 0xd9 0x3 0xd8 0x3 0xca 0x3 0xdf 0x3 0xcb 0x3 0xdf 0x3 0x2b 0x0 0x3 0x61 0x6d 0x69 0x70 0x4d 0x80 0x4f 0x80 0xa6 0x82 0xeb 0x7b 0x6a 0x73 0x0 0x0 0x69 0x45 0x0 0x0 0x73 0xe7 0x15 0xee 0x0 0x0 0x0 0x0 0xd4 0x0 0x0 0x80 0x0 0xa4 0xa4 0x0 0x8 0x9f 0x5 0x0 0x0
1787978849405,0x1 0x8c 0xd 0x89 0x7c 0xb6 0x60 0x15 0x8 0x0 0xd 0x45 0x74 0x0 0x36 0x1a 0x53 0x1a 0x73 0x11 0x6d 0x4 0x7 0x3 0x0 0x28 0x65 0x1 0x0 0xad 0x0 0xb0 0x0 0x57 0x0 0x57 0x0 0x76 0x76 0x76 0x76 0x76 0x76 0xa7 0x3 0xb9 0x3 0xa1 0x3 0xbd 0x3 0xaf 0x3 0xc7 0x3 0xa7 0x3 0xbb 0x3 0x2b 0x0 0x3 0x5f 0x6a 0x69 0x70 0x4d 0x80 0x4f 0x80 0xa6 0x82 0xeb 0x7b 0x6a 0x73 0x0 0x0 0x69 0x45 0x0 0x0 0x73 0xe7 0x15 0xee 0x0 0x0 0x0 0x0 0xd4 0x0 0x0 0x80 0x0 0xa4 0xa4 0x0 0x8 0x9f 0x5 0x0 0x0
1787978849629,0x1 0x8a 0xd 0x89 0x7c 0xb6 0x60 0x15 0x8 0x0 0xd 0x45 0x74 0x0 0x30 0x1a 0x25 0x1a 0x73 0x12 0x6e 0x4 0x7 0x3 0x0 0x28 0x65 0x1 0x0 0xa5 0x0 0xab 0x0 0x58 0x0 0x58 0x0 0x76 0x76 0x76 0x76 0x76 0x76 0x82 0x3 0x9a 0x3 0x94 0x3 0xae 0x3 0x91 0x3 0x9d 0x3 0x87 0x3 0x9a 0x3 0x2b 0x0 0x3 0x5d 0x68 0x69 0x70 0x4d 0x80 0x4f 0x80 0xa6 0x82 0xeb 0x7b 0x6a 0x73 0x0 0x0 0x69 0x45 0x0 0x0 0x73 0xe7 0x15 0xee 0x0 0x0 0x0 0x0 0xd5 0x0 0x0 0x80 0x0 0xa4 0xa4 0x0 0x8 0xb9 0x5 0x0 0x0
1787978849852,0x1 0x8b 0xd 0x89 0x7c 0xb6 0x60 0x15 0x8 0x0 0xd 0x46 0x74 0x0 0x3c 0x1a 0x5d 0x1a 0x73 0x12 0x6c 0x4 0x7 0x3 0x0 0x28 0x65 0x1 0x0 0x97 0x0 0xa2 0x0 0x57 0x0 0x57 0x0 0x76 0x76 0x76 0x76 0x76 0x76 0x7d 0x3 0x8f 0x3 0x88 0x3 0x99 0x3 0x84 0x3 0x95 0x3 0x7b 0x3 0x8f 0x3 0x2b 0x0 0x3 0x5a 0x65 0x69 0x70 0x4d 0x80 0x4f 0x80 0xa6 0x82 0xeb 0x7b 0x6a 0x73 0x0 0x0 0x69 0x45 0x0 0x0 0x73 0xe7 0x15 0xee 0x0 0x0 0x0 0x0 0xd6 0x0 0x0 0x80 0x0 0xa4 0xa4 0x0 0x8 0xac 0x5 0x0 0x0
1787978850076,0x1 0x8c 0xd 0x89 0x7d 0xb6 0x60 0x15 0x8 0x0 0xd 0x45 0x75 0x0 0x70 0x1a 0x80 0x1a 0x73 0x12 0x6d 0x4 0x3 0x3 0x0 0x28 0x65 0x1 0x0 0x5a 0x0 0x97 0x0 0x58 0x0 0x57 0x0 0x76 0x76 0x76 0x76 0x76 0x76 0x73 0x3 0x83 0x3 0x6d 0x3 0x8a 0x3 0x76 0x3 0x80 0x3 0x6d 0x3 0x81 0x3 0x2c 0x0 0x3 0x58 0x63 0x69 0x70 0x4d 0x80 0x4f 0x80 0xa6 0x82 0xeb 0x7b 0x6a 0x73 0x0 0x0 0x69 0x45 0x0 0x0 0x73 0xe7 0x15 0xee 0x0 0x0 0x0 0x0 0xd7 0x0 0x0 0x80 0x0 0xa4 0xa4 0x0 0x8 0x9f 0x5 0x0 0x0
1787978850300,0x1 0x8b 0xd 0x89 0x7d 0xb6 0x60 0x11 0x4 0x0 0xd 0x40 0x6e 0x0 0xdb 0x18 0xd9 0x19 0x73 0x12 0x6d 0x4 0x3 0x3 0x0 0x28 0x65 0x1 0x0 0x26 0x0 0x6a 0x0 0x57 0x0 0x57 0x0 0x76 0x76 0x76 0x76 0x76 0x76 0x73 0x3 0x5e 0x3 0x73 0x3 0x4f 0x3 0x71 0x3 0x5c 0x3 0x64 0x3 0x4f 0x3 0x2c 0x0 0x3 0x61 0x61 0x63 0x70 0x4d 0x80 0x4f 0x80 0xa6 0x82 0xeb 0x7b 0x6a 0x73 0x0 0x0 0xae 0x44 0x0 0x0 0x73 0xe7 0x15 0xee 0x0 0x0 0x0 0x0 0xd7 0x0 0x0 0x80 0x0 0xa4 0xa4 0x0 0x8 0xac 0x5 0x0 0x0
1787978850523,0x1 0x8b 0xd 0x88 0x7d 0xb6 0x60 0xd 0x0 0x0 0xd 0x34 0x4e 0x0 0x45 0x12 0xe1 0x14 0x73 0x12 0x45 0x4 0x3 0x3 0x0 0x28 0x65 0x1 0x0 0x18 0x0 0x28 0x0 0x57 0x0 0x58 0x0 0x78 0x78 0x78 0x78 0x78 0x78 0x73 0x2 0x75 0x2 0x72 0x2 0x68 0x2 0x93 0x2 0x70 0x2 0x67 0x2 0x68 0x2 0x2e 0x0 0x3 0x62 0x69 0x63 0x6b 0x4d 0x80 0x4f 0x80 0xa6 0x82 0xeb 0x7b 0x6b 0x75 0x0 0x0 0x5c 0x49 0xae 0x5 0x73 0xe7 0x15 0xee 0x0 0x0 0x0 0x0 0xe0 0x0 0x0 0x80 0x0 0xa4 0xa4 0x0 0x4 0xac 0x5 0x0 0x0
1787978850748,0x1 0x8b 0xd 0x88 0x7d 0xb6 0x60 0xd 0x0 0x0 0xd 0x33 0x4d 0x0 0x1a 0x13 0xba 0x13 0x73 0x12 0x8 0x4 0x3 0x3 0x0 0x28 0x65 0x1 0x0 0x12 0x0 0x1d 0x0 0x57 0x0 0x57 0x0 0x7c 0x7c 0x7c 0x7c 0x7c 0x7c 0x74 0x2 0x79 0x2 0x77 0x2 0x6f 0x2 0x72 0x2 0x75 0x2 0x6d 0x2 0x6f 0x2 0x2f 0x0 0x3 0x64 0x6a 0x63 0x6b 0x4d 0x80 0x4f 0x80 0xa6 0x82 0xeb 0x7b 0x6b 0x75 0x0 0x0 0xf6 0x44 0x48 0x3 0x73 0xe7 0x15 0xee 0x0 0x0 0x0 0x0 0xed 0x0 0x0 0x80 0x0 0xa4 0xa4 0x0 0x4 0xac 0x5 0x0 0x0
1787978850972,0x1 0x8c 0xd 0x88 0x7d 0xb6 0x60 0xd 0x0 0x0 0xd 0x34 0x4e 0x0 0x98 0x13 0xbb 0x13 0x73 0x12 0xfb 0x3 0x3 0x3 0x0 0x28 0x65 0x1 0x0 0xd 0x0 0x15 0x0 0x57 0x0 0x57 0x0 0x7f 0x7f 0x7f 0x7f 0x7f 0x7f 0x7d 0x2 0x7f 0x2 0x7e 0x2 0x7c 0x2 0x7b 0x2 0x7d 0x2 0x7e 0x2 0x7f 0x2 0x30 0x0 0x3 0x65 0x6c 0x63 0x6b 0x4d 0x80 0x4f 0x80 0xa6 0x82 0xeb 0x7b 0x6b 0x75 0x0 0x0 0xa6 0x40 0xf8 0xff 0x73 0xe7 0x15 0xee 0x0 0x0 0x0 0x0 0xef 0x0 0x0 0x80 0x0 0xa4 0xa4 0x0 0x4 0x9f 0x5 0x0 0x0
1787978851196,0x1 0x8c 0xd 0x88 0x7d 0xb6 0x60 0xd 0x0 0x0 0xd 0x33 0x4d 0x0 0x9d 0x13 0x74 0x13 0x73 0x12 0xed 0x3 0x3 0x3 0x0 0x28 0x65 0x1 0x0 0xc 0x0 0x10 0x0 0x57 0x0 0x57 0x0 0x82 0x82 0x82 0x82 0x82 0x82 0x79 0x2 0x7c 0x2 0x7e 0x2 0x77 0x2 0x7a 0x2 0x7a 0x2 0x7e 0x2 0x80 0x2 0x30 0x0 0x3 0x66 0x6d 0x63 0x6b 0x4d 0x80 0x4f 0x80 0xa6 0x82 0xeb 0x7b 0x6b 0x75 0x0 0x0 0x26 0x40 0x78 0xff 0x73 0xe7 0x15 0xee 0x0 0x0 0x0 0x0 0xf1 0x0 0x0 0x80 0x0 0xa4 0xa4 0x0 0x4 0x9f 0x5 0x0 0x0
1787978851419,0x1 0x8a 0xd 0x88 0x7d 0xb6 0x60 0xd 0x0 0x0 0xd 0x32 0x4a 0x0 0x0 0x13 0x2c 0x13 0x73 0x12 0xe5 0x3 0x3 0x3 0x0 0x28 0x65 0x1 0x0 0xc 0x0 0xe 0x0 0x58 0x0 0x57 0x0 0x85 0x85 0x85 0x85 0x85 0x85 0x78 0x2 0x78 0x2 0x7d 0x2 0x79 0x2 0x75 0x2 0x75 0x2 0x76 0x2 0x78 0x2 0x30 0x0 0x3 0x68 0x6e 0x63 0x6b 0x4d 0x80 0x4f 0x80 0xa6 0x82 0xeb 0x7b 0x6a 0x73 0x0 0x0 0xe0 0x3e 0x32 0xfe 0x73 0xe7 0x15 0xee 0x0 0x0 0x0 0x0 0xf2 0x0 0x0 0x80 0x0 0xa4 0xa4 0x0 0x4 0xb9 0x5 0x0 0x0
1787978851643,0x1 0x8a 0xd 0x88 0x7d 0xb6 0x60 0xd 0x0 0x0 0xd 0x30 0x4a 0x0 0x64 0x13 0x46 0x13 0x73 0x11 0xd1 0x3 0x3 0x3 0x0 0x28 0x65 0x1 0x0 0xc 0x0 0xc 0x0 0x57 0x0 0x58 0x0 0x88 0x88 0x88 0x88 0x88 0x88 0x86 0x2 0x79 0x2 0x7b 0x2 0x81 0x2 0x83 0x2 0x88 0x2 0x86 0x2 0x87 0x2 0x31 0x0 0x3 0x69 0x70 0x63 0x6b 0x4d 0x80 0x4f 0x80 0xa6 0x82 0xeb 0x7b 0x6a 0x73 0x0 0x0 0x92 0x3e 0xe4 0xfe 0x73 0xe7 0x15 0xee 0x0 0x0 0x0 0x0 0xf4 0x0 0x0 0x80 0x0 0xa4 0xa4 0x0 0x4 0xb9 0x5 0x0 0x0
1787978851867,0x1 0x8c 0xd 0x88 0x7d 0xb6 0x60 0xd 0x0 0x0 0xd 0x31 0x4a 0x0 0x73 0x13 0x93 0x13 0x73 0x11 0xce 0x3 0x3 0x3 0x0 0x28 0x65 0x1 0x0 0xb 0x0 0xc 0x0 0x58 0x0 0x57 0x0 0x8a 0x8a 0x8a 0x8a 0x8a 0x8a 0x8f 0x2 0x93 0x2 0x93 0x2 0x96 0x2 0x96 0x2 0x97 0x2 0x95 0x2 0x97 0x2 0x31 0x0 0x3 0x6a 0x71 0x63 0x6b 0x4d 0x80 0x4f 0x80 0xa6 0x82 0xeb 0x7b 0x6a 0x73 0x0 0x0 0x76 0x3d 0xc8 0xfd 0x73 0xe7 0x15 0xee 0x0 0x0 0x0 0x0 0xf3 0x0 0x0 0x80 0x0 0xa4 0xa4 0x0 0x4 0x9f 0x5 0x0 0x0
1787978852091,0x1 0x8b 0xd 0x87 0x7d 0xb6 0x60 0xd 0x0 0x0 0xd 0x30 0x47 0x0 0x3 0x13 0x80 0x13 0x73 0x11 0xbc 0x3 0x3 0x3 0x0 0x28 0x65 0x1 0x0 0xb 0x0 0xc 0x0 0x57 0x0 0x58 0x0 0x8d 0x8d 0x8d 0x8d 0x8d 0x8d 0x9b 0x2 0x9b 0x2 0x9a 0x2 0x9c 0x2 0x97 0x2 0x9a 0x2 0x97 0x2 0x99 0x2 0x32 0x0 0x3 0x6c 0x72 0x63 0x6b 0x4d 0x80 0x4f 0x80 0xa6 0x82 0xeb 0x7b 0x6a 0x73 0x0 0x0 0x92 0x3d 0xe4 0xfe 0x73 0xe7 0x15 0xee 0x0 0x0 0x0 0x0 0xf4 0x0 0x0 0x80 0x0 0xa4 0xa4 0x0 0x4 0xac 0x5 0x0 0x0
1787978852315,0x1 0x8b 0xd 0x87 0x7d 0xb6 0x60 0xd 0x0 0x0 0xd 0x30 0x47 0x0 0x5b 0x13 0x98 0x13 0x73 0x11 0xab 0x3 0x3 0x3 0x0 0x28 0x65 0x1 0x0 0xc 0x0 0xc 0x0 0x58 0x0 0x57 0x0 0x90 0x90 0x90 0x90 0x90 0x90 0xa6 0x2 0xa3 0x2 0xa4 0x2 0xa6 0x2 0xa6 0x2 0xa7 0x2 0xa4 0x2 0xa6 0x2 0x32 0x0 0x3 0x6d 0x73 0x63 0x6b 0x4d 0x80 0x4f 0x80 0xa6 0x82 0xeb 0x7b 0x6b 0x75 0x0 0x0 0x92 0x3d 0xe4 0xfe 0x73 0xe7 0x15 0xee 0x0 0x0 0x0 0x0 0xf5 0x0 0x0 0x80 0x0 0xa4 0xa4 0x0 0x4 0xac 0x5 0x0 0x0
1787978852539,0x1 0x8b 0xd 0x87 0x7e 0xb6 0x60 0xd 0x0 0x0 0xd 0x31 0x4a 0x0 0x32 0x14 0xcf 0x13 0x73 0x11 0xaa 0x3 0x0 0x3 0x0 0x28 0x65 0x1 0x0 0xd 0x0 0xd 0x0 0x58 0x0 0x57 0x0 0x93 0x93 0x93 0x93 0x93 0x93 0xaf 0x2 0xb3 0x2 0xa8 0x2 0xac 0x2 0xab 0x2 0xaf 0x2 0xb1 0x2 0xb3 0x2 0x32 0x0 0x3 0x6e 0x75 0x63 0x6b 0x4d 0x80 0x4f 0x80 0xa6 0x82 0xeb 0x7b 0x6b 0x75 0x0 0x0 0x92 0x3d 0xe4 0xfe 0x73 0xe7 0x15 0xee 0x0 0x0 0x0 0x0 0xf1 0x0 0x0 0x80 0x0 0xa4 0xa4 0x0 0x4 0xac 0x5 0x0 0x0
1787978852763,0x1 0x8b 0xd 0x87 0x7e 0xb6 0x60 0xd 0x0 0x0 0xd 0x30 0x48 0x0 0x3c 0x14 0x9 0x14 0x73 0x10 0x8f 0x3 0x0 0x3 0x0 0x28 0x65 0x1 0x0 0xd 0x0 0xe 0x0 0x57 0x0 0x58 0x0 0x96 0x96 0x96 0x96 0x96 0x96 0xb8 0x2 0xbb 0x2 0xbb 0x2 0xbe 0x2 0xbf 0x2 0xc4 0x2 0xc1 0x2 0xc4 0x2 0x33 0x0 0x3 0x6f 0x76 0x63 0x6b 0x4d 0x80 0x4f 0x80 0xa6 0x82 0xeb 0x7b 0x6b 0x75 0x0 0x0 0xf0 0x3c 0x0 0x0 0x73 0xe7 0x15 0xee 0x0 0x0 0x0 0x0 0xf3 0x0 0x0 0x80 0x0 0xa4 0xa4 0x0 0x4 0xac 0x5 0x0 0x0
1787978852987,0x1 0x8b 0xd 0x87 0x7e 0xb6 0x60 0xd 0x0 0x0 0xd 0x31 0x4a 0x0 0x3d 0x15 0x6e 0x14 0x73 0x10 0x7c 0x3 0x0 0x3 0x0 0x28 0x65 0x1 0x0 0xd 0x0 0xe 0x0 0x57 0x0 0x57 0x0 0x98 0x98 0x98 0x98 0x98 0x98 0xcd 0x2 0xcf 0x2 0xd1 0x2 0xd6 0x2 0xca 0x2 0xce 0x2 0xd4 0x2 0xd6 0x2 0x33 0x0 0x3 0x71 0x77 0x63 0x6b 0x4d 0x80 0x4f 0x80 0xa6 0x82 0xeb 0x7b 0x6b 0x75 0x0 0x0 0xd4 0x3b 0xe4 0xfe 0x73 0xe7 0x15 0xee 0x0 0x0 0x0 0x0 0xf4 0x0 0x0 0x80 0x0 0xa4 0xa4 0x0 0x4 0xac 0x5 0x0 0x0
1787978853211,0x1 0x8c 0xd 0x87 0x7e 0xb6 0x60 0xd 0x0 0x0 0xd 0x30 0x48 0x0 0x9e 0x14 0xae 0x14 0x73 0xf 0x7e 0x3 0x0 0x3 0x0 0x28 0x65 0x1 0x0 0xd 0x0 0xf 0x0 0x57 0x0 0x57 0x0 0x9b 0x9b 0x9b 0x9b 0x9b 0x9b 0xe2 0x2 0xe1 0x2 0xdb 0x2 0xdf 0x2 0xdf 0x2 0xe2 0x2 0xe0 0x2 0xe1 0x2 0x32 0x0 0x3 0x72 0x79 0x63 0x6b 0x4d 0x80 0x4f 0x80 0xa6 0x82 0xeb 0x7b 0x6b 0x75 0x0 0x0 0xd4 0x3b 0xe4 0xfe 0x73 0xe7 0x15 0xee 0x0 0x0 0x0 0x0 0xe9 0x0 0x0 0x80 0x0 0xa4 0xa4 0x0 0x4 0x9f 0x5 0x0 0x0
1787978853435,0x1 0x8a 0xd 0x87 0x7e 0xb6 0x60 0xd 0x0 0x0 0xd 0x30 0x48 0x0 0x62 0x15 0x15 0x15 0x73 0xf 0x5e 0x3 0x0 0x3 0x0 0x28 0x65 0x1 0x0 0xd 0x0 0xf 0x0 0x58 0x0 0x57 0x0 0x9e 0x9e 0x9e 0x9e 0x9e 0x9e 0xe9 0x2 0xec 0x2 0xef 0x2 0xf4 0x2 0xf5 0x2 0xf8 0x2 0xf7 0x2 0xf8 0x2 0x32 0x0 0x3 0x73 0x7a 0x63 0x6b 0x4d 0x80 0x4f 0x80 0xa6 0x82 0xeb 0x7b 0x6b 0x75 0x0 0x0 0xf0 0x3c 0x0 0x0 0x73 0xe7 0x15 0xee 0x0 0x0 0x0 0x0 0xe6 0x0 0x0 0x80 0x0 0xa4 0xa4 0x0 0x4 0xb9 0x5 0x0 0x0
1787978853658,0x1 0x8a 0xd 0x87 0x7e 0xb6 0x60 0xd 0x0 0x0 0xd 0x30 0x48 0x0 0xff 0x15 0x91 0x15 0x73 0xe 0x46 0x3 0x0 0x3 0x0 0x28 0x65 0x1 0x0 0xe 0x0 0xf 0x0 0x57 0x0 0x58 0x0 0xa0 0xa0 0xa0 0xa0 0xa0 0xa0 0x6 0x3 0xa 0x3 0xa 0x3 0x10 0x3 0x1 0x3 0x5 0x3 0xe 0x3 0x10 0x3 0x32 0x0 0x3 0x75 0x7b 0x63 0x6b 0x4d 0x80 0x4f 0x80 0xa6 0x82 0xeb 0x7b 0x6b 0x75 0x0 0x0 0xf0 0x3c 0x0 0x0 0x73 0xe7 0x15 0xee 0x0 0x0 0x0 0x0 0xea 0x0 0x0 0x80 0x0 0xa4 0xa4 0x0 0x4 0xb9 0x5 0x0 0x0
1787978853883,0x1 0x8b 0xd 0x87 0x7e 0xb6 0x60 0xd 0x0 0x0 0xd 0x33 0x4a 0x0 0x50 0x16 0x5 0x16 0x73 0xe 0x51 0x3 0x0 0x3 0x0 0x28 0x65 0x1 0x0 0xd 0x0 0xf 0x0 0x58 0x0 0x57 0x0 0xa3 0xa3 0xa3 0xa3 0xa3 0xa3 0x20 0x3 0x1b 0x3 0x17 0x3 0x1d 0x3 0x1d 0x3 0x20 0x3 0x20 0x3 0x22 0x3 0x32 0x0 0x3 0x76 0x7d 0x63 0x6b 0x4d 0x80 0x4f 0x80 0xa6 0x82 0xeb 0x7b 0x6b 0x75 0x0 0x0 0xf0 0x3c 0x0 0x0 0x73 0xe7 0x15 0xee 0x0 0x0 0x0 0x0 0xe4 0x0 0x0 0x80 0x0 0xa4 0xa4 0x0 0x4 0xac 0x5 0x0 0x0
1787978854106,0x1 0x8b 0xd 0x87 0x7e 0xb6 0x60 0xd 0x0 0x0 0xd 0x31 0x4a 0x0 0x87 0x16 0x22 0x16 0x73 0xe 0x49 0x3 0x0 0x3 0x0 0x28 0x65 0x1 0x0 0xd 0x0 0xf 0x0 0x57 0x0 0x57 0x0 0xa5 0xa5 0xa5 0xa5 0xa5 0xa5 0x24 0x3 0x26 0x3 0x24 0x3 0x28 0x3 0x27 0x3 0x25 0x3 0x27 0x3 0x28 0x3 0x32 0x0 0x3 0x77 0x7e 0x63 0x6b 0x4d 0x80 0x4f 0x80 0xa6 0x82 0xeb 0x7b 0x6b 0x75 0x0 0x0 0xf0 0x3c 0x0 0x0 0x73 0xe7 0x15 0xee 0x0 0x0 0x0 0x0 0xdd 0x0 0x0 0x80 0x0 0xa4 0xa4 0x0 0x4 0xac 0x5 0x0 0x0
1787978854331,0x1 0x8a 0xd 0x87 0x7e 0xb6 0x60 0xd 0x0 0x0 0xd 0x30 0x49 0x0 0xfd 0x16 0x56 0x16 0x73 0xd 0x2d 0x3 0x0 0x3 0x0 0x28 0x65 0x1 0x0 0xd 0x0 0xf 0x0 0x58 0x0 0x57 0x0 0xa6 0xa6 0xa6 0xa6 0xa6 0xa6 0x33 0x3 0x36 0x3 0x2c 0x3 0x2f 0x3 0x30 0x3 0x32 0x3 0x34 0x3 0x36 0x3 0x32 0x0 0x3 0x79 0x7f 0x63 0x6b 0x4d 0x80 0x4f 0x80 0xa6 0x82 0xeb 0x7b 0x6b 0x75 0x0 0x0 0xf0 0x3c 0x0 0x0 0x73 0xe7 0x15 0xee 0x0 0x0 0x0 0x0 0xdb 0x0 0x0 0x80 0x0 0xa4 0xa4 0x0 0x4 0xb9 0x5 0x0 0x0
1787978854555,0x1 0x8a 0xd 0x86 0x7e 0xb6 0x60 0xd 0x0 0x0 0xd 0x31 0x49 0x0 0x64 0x17 0x9f 0x16 0x73 0xc 0x1f 0x3 0x0 0x3 0x0 0x28 0x65 0x3 0x0 0xd 0x0 0x10 0x0 0x57 0x0 0x57 0x0 0xa5 0xa5 0xa5 0xa5 0xa5 0xa5 0x3d 0x3 0x40 0x3 0x3f 0x3 0x43 0x3 0x43 0x3 0x3e 0x3 0x43 0x3 0x45 0x3 0x32 0x0 0x3 0x7a 0x81 0x63 0x6b 0x4d 0x80 0x4f 0x80 0xa6 0x82 0xeb 0x7b 0x6b 0x75 0x0 0x0 0xf0 0x3c 0x0 0x0 0x73 0xe7 0x15 0xee 0x0 0x0 0x0 0x0 0xd0 0x0 0x0 0x80 0x0 0xa4 0xa4 0x0 0x4 0xb9 0x5 0x0 0x0
1787978854779,0x1 0x8a 0xd 0x86 0x7e 0xb6 0x60 0xd 0x0 0x0 0xd 0x30 0x48 0x0 0xd0 0x17 0x1 0x17 0x73 0xb 0x6 0x3 0x0 0x3 0x0 0x28 0x65 0x3 0x0 0xe 0x0 0x10 0x0 0x57 0x0 0x57 0x0 0xa1 0xa1 0xa1 0xa1 0xa1 0xa1 0x53 0x3 0x57 0x3 0x4b 0x3 0x50 0x3 0x4f 0x3 0x53 0x3 0x55 0x3 0x57 0x3 0x32 0x0 0x3 0x7b 0x82 0x63 0x6b 0x4d 0x80 0x4f 0x80 0xa6 0x82 0xeb 0x7b 0x6b 0x75 0x0 0x0 0xf0 0x3c 0x0 0x0 0x73 0xe7 0x15 0xee 0x0 0x0 0x0 0x0 0xc4 0x0 0x0 0x80 0x0 0xa4 0xa4 0x0 0x4 0xb9 0x5 0x0 0x0
1787978855003,0x1 0x8b 0xd 0x86 0x7e 0xb6 0x60 0xd 0x0 0x0 0xd 0x31 0x49 0x0 0x5 0x18 0x48 0x17 0x73 0xb 0xa 0x3 0x0 0x3 0x0 0x28 0x65 0x3 0x0 0xe 0x0 0x10 0x0 0x58 0x0 0x58 0x0 0xa2 0xa2 0xa2 0xa2 0xa2 0xa2 0x5d 0x3 0x60 0x3 0x60 0x3 0x63 0x3 0x5a 0x3 0x5e 0x3 0x61 0x3 0x63 0x3 0x32 0x0 0x3 0x7d 0x83 0x63 0x6b 0x4d 0x80 0x4f 0x80 0xa6 0x82 0xeb 0x7b 0x6b 0x75 0x0 0x0 0xf0 0x3c 0x0 0x0 0x73 0xe7 0x15 0xee 0x0 0x0 0x0 0x0 0xd7 0x0 0x0 0x80 0x0 0xa4 0xa4 0x0 0x4 0xac 0x5 0x0 0x0
1787978855226,0x1 0x8a 0xd 0x86 0x7e 0xb6 0x60 0xd 0x0 0x0 0xd 0x31 0x49 0x0 0xae 0x16 0x1d 0x17 0x73 0xa 0x38 0x3 0x0 0x3 0x0 0x28 0x65 0x3 0x0 0xf 0x0 0x11 0x0 0x57 0x0 0x58 0x0 0xa7 0xa7 0xa7 0xa7 0xa7 0xa7 0x5c 0x3 0x63 0x3 0x61 0x3 0x62 0x3 0x5e 0x3 0x5f 0x3 0x5c 0x3 0x5e 0x3 0x32 0x0 0x3 0x7e 0x85 0x63 0x6b 0x4d 0x80 0x4f 0x80 0xa6 0x82 0xeb 0x7b 0x6b 0x75 0x0 0x0 0xf0 0x3c 0x0 0x0 0x73 0xe7 0x15 0xee 0x0 0x0 0x0 0x0 0xd9 0x0 0x0 0x80 0x0 0xa4 0xa4 0x0 0x4 0xb9 0x5 0x0 0x0
1787978855451,0x1 0x8a 0xd 0x86 0x7e 0xb6 0x60 0xd 0x0 0x0 0xd 0x30 0x46 0x0 0xe3 0x14 0x92 0x16 0x73 0x8 0x5a 0x3 0x0 0x3 0x0 0x28 0x65 0x3 0x0 0x10 0x0 0x13 0x0 0x58 0x0 0x58 0x0 0xa9 0xa9 0xa9 0xa9 0xa9 0xa9 0x52 0x3 0x53 0x3 0x50 0x3 0x51 0x3 0x4b 0x3 0x56 0x3 0x4b 0x3 0x4e 0x3 0x32 0x0 0x3 0x7f 0x86 0x63 0x6b 0x4d 0x80 0x4f 0x80 0xa6 0x82 0xeb 0x7b 0x6b 0x75 0x0 0x0 0xf0 0x3c 0x0 0x0 0x73 0xe7 0x15 0xee 0x0 0x0 0x0 0x0 0xdf 0x0 0x0 0x80 0x0 0xa4 0xa4 0x0 0x4 0xb9 0x5 0x0 0x0
1787978855675,0x1 0x8b 0xd 0x86 0x7e 0xb6 0x60 0xd 0x0 0x0 0xd 0x32 0x48 0x0 0x6 0x16 0x5a 0x16 0x73 0x7 0x45 0x3 0x0 0x3 0x0 0x28 0x65 0x1 0x0 0x10 0x0 0x12 0x0 0x58 0x0 0x57 0x0 0xa8 0xa8 0xa8 0xa8 0xa8 0xa8 0x48 0x3 0x4a 0x3 0x47 0x3 0x49 0x3 0x49 0x3 0x4a 0x3 0x49 0x3 0x4a 0x3 0x32 0x0 0x3 0x81 0x87 0x63 0x6b 0x4d 0x80 0x4f 0x80 0xa6 0x82 0xeb 0x7b 0x6b 0x75 0x0 0x0 0xf0 0x3c 0x0 0x0 0x73 0xe7 0x15 0xee 0x0 0x0 0x0 0x0 0xd2 0x0 0x0 0x80 0x0 0xa4 0xa4 0x0 0x4 0xac 0x5 0x0 0x0
1787978855898,0x1 0x8b 0xd 0x86 0x7e 0xb6 0x60 0xd 0x0 0x0 0xd 0x31 0x49 0x0 0x82 0x17 0x88 0x16 0x73 0x7 0x1b 0x3 0x0 0x3 0x0 0x28 0x65 0x1 0x0 0x10 0x0 0x12 0x0 0x58 0x0 0x57 0x0 0xa4 0xa4 0xa4 0xa4 0xa4 0xa4 0x4f 0x3 0x52 0x3 0x52 0x3 0x58 0x3 0x59 0x3 0x4f 0x3 0x59 0x3 0x5a 0x3 0x32 0x0 0x3 0x82 0x89 0x63 0x6b 0x4d 0x80 0x4f 0x80 0xa6 0x82 0xeb 0x7b 0x6b 0x75 0x0 0x0 0xf0 0x3c 0x0 0x0 0x73 0xe7 0x15 0xee 0x0 0x0 0x0 0x0 0xc9 0x0 0x0 0x80 0x0 0xa4 0xa4 0x0 0x4 0xac 0x5 0x0 0x0
1787978856123,0x1 0x8a 0xd 0x86 0x7f 0xb6 0x60 0xd 0x0 0x0 0xd 0x31 0x49 0x0 0xee 0x17 0xf4 0x16 0x73 0x6 0xd 0x3 0xfc 0x2 0x0 0x28 0x65 0x1 0x0 0xf 0x0 0x11 0x0 0x58 0x0 0x57 0x0 0xa2 0xa2 0xa2 0xa2 0xa2 0xa2 0x67 0x3 0x6d 0x3 0x5f 0x3 0x64 0x3 0x63 0x3 0x68 0x3 0x6a 0x3 0x6d 0x3 0x32 0x0 0x3 0x83 0x8a 0x63 0x6b 0x4d 0x80 0x4f 0x80 0xa6 0x82 0xeb 0x7b 0x6b 0x75 0x0 0x0 0x33 0x3c 0x0 0x0 0x73 0xe7 0x15 0xee 0x0 0x0 0x0 0x0 0xb7 0x0 0x0 0x80 0x0 0xa4 0xa4 0x0 0x4 0xb9 0x5 0x0 0x0
1787978856347,0x1 0x8a 0xd 0x86 0x7f 0xb6 0x60 0xd 0x0 0x0 0xd 0x31 0x49 0x0 0x76 0x18 0x4f 0x17 0x73 0x6 0xfc 0x2 0xfc 0x2 0x0 0x28 0x65 0x1 0x0 0x10 0x0 0x13 0x0 0x57 0x0 0x57 0x0 0xa0 0xa0 0xa0 0xa0 0xa0 0xa0 0x71 0x3 0x76 0x3 0x75 0x3 0x79 0x3 0x7a 0x3 0x72 0x3 0x7a 0x3 0x7c 0x3 0x32 0x0 0x3 0x85 0x8b 0x63 0x6b 0x4d 0x80 0x4f 0x80 0xa6 0x82 0xeb 0x7b 0x6e 0x78 0x0 0x0 0x33 0x3c 0x0 0x0 0x73 0xe7 0x15 0xee 0x0 0x0 0x0 0x0 0xa1 0x0 0x0 0x80 0x0 0xa4 0xa4 0x0 0x4 0xb9 0x5 0x0 0x0
1787978856570,0x1 0x8b 0xd 0x86 0x7f 0xb6 0x60 0xd 0x0 0x0 0xd 0x31 0x48 0x0 0x49 0x18 0x95 0x17 0x73 0x5 0xf7 0x2 0xfc 0x2 0x0 0x28 0x65 0x1 0x0 0x11 0x0 0x15 0x0 0x58 0x0 0x57 0x0 0x9c 0x9c 0x9c 0x9c 0x9c 0x9c 0x85 0x3 0x82 0x3 0x80 0x3 0x83 0x3 0x83 0x3 0x85 0x3 0x85 0x3 0x88 0x3 0x32 0x0 0x3 0x86 0x8c 0x63 0x6b 0x4d 0x80 0x4f 0x80 0xa6 0x82 0xeb 0x7b 0x6e 0x78 0x0 0x0 0x41 0x3c 0xe 0x0 0x73 0xe7 0x15 0xee 0x0 0x0 0x0 0x0 0x83 0x0 0x0 0x80 0x0 0xa4 0xa4 0x0 0x4 0xac 0x5 0x0 0x0
1787978856793,0x1 0x8b 0xd 0x86 0x7f 0xb6 0x60 0xd 0x0 0x0 0xd 0x30 0x47 0x0 0xea 0x17 0xc8 0x17 0x73 0x4 0xf8 0x2 0xfc 0x2 0x0 0x28 0x65 0x1 0x0 0x12 0x0 0x1a 0x0 0x57 0x0 0x58 0x0 0x9d 0x9d 0x9d 0x9d 0x9d 0x9d 0x8d 0x3 0x90 0x3 0x8f 0x3 0x91 0x3 0x8b 0x3 0x8d 0x3 0x90 0x3 0x91 0x3 0x32 0x0 0x3 0x87 0x8e 0x63 0x6b 0x4d 0x80 0x4f 0x80 0xa6 0x82 0xeb 0x7b 0x6e 0x78 0x0 0x0 0x4f 0x3c 0x1c 0x0 0x73 0xe7 0x15 0xee 0x0 0x0 0x0 0x0 0x69 0x0 0x0 0x80 0x0 0xa4 0xa4 0x0 0x4 0xac 0x5 0x0 0x0
1787978857018,0x1 0x8a 0xd 0x85 0x7f 0xb6 0x60 0xd 0x0 0x0 0xd 0x2f 0x46 0x0 0xd4 0x17 0xd4 0x17 0x73 0x0 0xf0 0x2 0xfc 0x2 0x0 0x28 0x65 0x1 0x0 0x12 0x0 0x30 0x0 0x57 0x0 0x57 0x0 0x97 0x97 0x97 0x97 0x97 0x97 0x90 0x3 0x93 0x3 0x93 0x3 0x96 0x3 0x95 0x3 0x97 0x3 0x95 0x3 0x97 0x3 0x32 0x0 0x3 0x88 0x8f 0x63 0x6b 0x4d 0x80 0x4f 0x80 0xa6 0x82 0xeb 0x7b 0x6e 0x78 0x0 0x0 0x69 0x3c 0x36 0x0 0x73 0xe7 0x15 0xee 0x0 0x0 0x0 0x0 0x54 0x0 0x0 0x80 0x0 0xa4 0xa4 0x0 0x4 0xb9 0x5 0x0 0x0
1787978857242,0x1 0x8a 0xd 0x85 0x7f 0xb6 0x60 0xd 0x0 0x0 0xd 0x2f 0x46 0x0 0xc4 0x17 0xa6 0x17 0x73 0x0 0xf2 0x2 0xfc 0x2 0x0 0x28 0x65 0x1 0x0 0x14 0x0 0x65 0x0 0x57 0x0 0x57 0x0 0x99 0x99 0x99 0x99 0x99 0x99 0x92 0x3 0x95 0x3 0x94 0x3 0x98 0x3 0x96 0x3 0x98 0x3 0x94 0x3 0x96 0x3 0x32 0x0 0x3 0x8a 0x90 0x63 0x6b 0x4d 0x80 0x4f 0x80 0xa6 0x82 0xeb 0x7b 0x6e 0x78 0x0 0x0 0x8b 0x3c 0x58 0x0 0x73 0xe7 0x15 0xee 0x0 0x0 0x0 0x0 0x45 0x0 0x0 0x80 0x0 0xa4 0xa4 0x0 0x4 0xb9 0x5 0x0 0x0
1787978857466,0x1 0x8b 0xd 0x85 0x7f 0xb6 0x60 0xd 0x0 0x0 0xd 0x30 0x48 0x0 0x49 0x18 0xe1 0x17 0x73 0x0 0xf7 0x2 0xfc 0x2 0x0 0x28 0x65 0x1 0x0 0x19 0x0 0x7e 0x0 0x57 0x0 0x57 0x0 0x9c 0x9c 0x9c 0x9c 0x9c 0x9c 0x99 0x3 0x9a 0x3 0x98 0x3 0x9c 0x3 0x9e 0x3 0x9d 0x3 0x9e 0x3 0x9f 0x3 0x32 0x0 0x3 0x8b 0x91 0x63 0x6b 0x4d 0x80 0x4f 0x80 0xa6 0x82 0xeb 0x7b 0x6e 0x78 0x0 0x0 0xa3 0x3c 0x70 0x0 0x73 0xe7 0x15 0xee 0x0 0x0 0x0 0x0 0x3d 0x0 0x0 0x80 0x0 0xa4 0xa4 0x0 0x4 0xac 0x5 0x0 0x0
1787978857690,0x1 0x8b 0xd 0x85 0x7f 0xb6 0x60 0xd 0x0 0x0 0xd 0x2f 0x47 0x0 0x13 0x18 0xa4 0x17 0x73 0x0 0xf3 0x2 0xfc 0x2 0x0 0x28 0x65 0x1 0x0 0x16 0x0 0x80 0x0 0x57 0x0 0x57 0x0 0x99 0x99 0x99 0x99 0x99 0x99 0x98 0x3 0x7e 0x3 0x96 0x3 0x7c 0x3 0x98 0x3 0x7b 0x3 0x9b 0x3 0x7e 0x3 0x32 0x0 0x3 0x8c 0x88 0x63 0x79 0x4d 0x80 0x4f 0x80 0xa6 0x82 0xeb 0x7b 0x6e 0x78 0x0 0x0 0xb9 0x3c 0x86 0x0 0x73 0xe7 0x15 0xee 0x0 0x0 0x0 0x0 0x34 0x0 0x0 0x80 0x0 0xa4 0xa4 0x0 0x4 0xac 0x5 0x0 0x0
1787978857913,0x1 0x8a 0xd 0x85 0x7f 0xb6 0x60 0xd 0x0 0x0 0xd 0x2e 0x44 0x0 0x46 0x17 0x41 0x17 0x73 0x0 0xec 0x2 0xfc 0x2 0x0 0x28 0x65 0x1 0x0 0x15 0x0 0x73 0x0 0x58 0x0 0x57 0x0 0x95 0x95 0x95 0x95 0x95 0x95 0x96 0x3 0x70 0x3 0x94 0x3 0x70 0x3 0x96 0x3 0x75 0x3 0x94 0x3 0x70 0x3 0x32 0x0 0x3 0x8e 0x87 0x63 0x79 0x4d 0x80 0x4f 0x80 0xa6 0x82 0xeb 0x7b 0x6e 0x78 0x0 0x0 0xe3 0x3c 0xb0 0x0 0x73 0xe7 0x15 0xee 0x0 0x0 0x0 0x0 0x27 0x0 0x0 0x80 0x0 0xa4 0xa4 0x0 0x4 0xb9 0x5 0x0 0x0
1787978858137,0x1 0x8a 0xd 0x85 0x7f 0xb6 0x60 0xd 0x0 0x0 0xd 0x2e 0x45 0x0 0x7d 0x17 0x8e 0x17 0x73 0x0 0xf0 0x2 0xfc 0x2 0x0 0x28 0x65 0x1 0x0 0x15 0x0 0x24 0x0 0x58 0x0 0x57 0x0 0x97 0x97 0x97 0x97 0x97 0x97 0x98 0x3 0x72 0x3 0x9e 0x3 0x8c 0x3 0xa1 0x3 0x8f 0x3 0xa2 0x3 0x8f 0x3 0x32 0x0 0x3 0x8f 0x8f 0x63 0x8c 0x4d 0x80 0x4f 0x80 0xa6 0x82 0xeb 0x7b 0x6e 0x78 0x0 0x0 0x1 0x3d 0xce 0x0 0x73 0xe7 0x15 0xee 0x0 0x0 0x0 0x0 0x1f 0x0 0x0 0x80 0x0 0xa4 0xa4 0x0 0x4 0xb9 0x5 0x0 0x0
1787978858362,0x1 0x8a 0xd 0x85 0x7f 0xb6 0x60 0xd 0x0 0x0 0xd 0x2e 0x45 0x0 0x85 0x17 0x97 0x17 0x73 0x0 0xef 0x2 0xfc 0x2 0x0 0x28 0x65 0x1 0x0 0x13 0x0 0x12 0x0 0x58 0x0 0x58 0x0 0x97 0x97 0x97 0x97 0x97 0x97 0xa6 0x3 0x93 0x3 0xa7 0x3 0x90 0x3 0xa5 0x3 0x91 0x3 0xa7 0x3 0x94 0x3 0x32 0x0 0x3 0x90 0x90 0x63 0x8c 0x4d 0x80 0x4f 0x80 0xa6 0x82 0xeb 0x7b 0x6e 0x78 0x0 0x0 0x1f 0x3d 0xec 0x0 0x73 0xe7 0x15 0xee 0x0 0x0 0x0 0x0 0x1d 0x0 0x0 0x80 0x0 0xa4 0xa4 0x0 0x4 0xb9 0x5 0x0 0x0
1787978858586,0x1 0x8a 0xd 0x85 0x7f 0xb6 0x60 0xd 0x0 0x0 0xd 0x2f 0x47 0x0 0x23 0x18 0xd1 0x17 0x73 0x0 0xf1 0x2 0xfc 0x2 0x0 0x28 0x65 0x1 0x0 0x14 0x0 0x12 0x0 0x58 0x0 0x58 0x0 0x98 0x98 0x98 0x98 0x98 0x98 0xaa 0x3 0x95 0x3 0xac 0x3 0x9b 0x3 0xb2 0x3 0x94 0x3 0xb2 0x3 0x9e 0x3 0x32 0x0 0x3 0x92 0x91 0x63 0x8c 0x4d 0x80 0x4f 0x80 0xa6 0x82 0xeb 0x7b 0x6e 0x78 0x0 0x0 0x49 0x3d 0x16 0x1 0x73 0xe7 0x15 0xee 0x0 0x0 0x0 0x0 0x19 0x0 0x0 0x80 0x0 0xa4 0xa4 0x0 0x4 0xb9 0x5 0x0 0x0
1787978858810,0x1 0x8b 0xd 0x85 0x7f 0xb6 0x60 0xd 0x0 0x0 0xd 0x30 0x47 0x0 0xea 0x17 0xad 0x17 0x73 0x0 0xf8 0x2 0xfc 0x2 0x0 0x28 0x65 0x1 0x0 0x17 0x0 0x13 0x0 0x58 0x0 0x58 0x0 0x9d 0x9d 0x9d 0x9d 0x9d 0x9d 0xae 0x3 0x9d 0x3 0xb1 0x3 0x9d 0x3 0xaf 0x3 0x98 0x3 0xb1 0x3 0x9d 0x3 0x32 0x0 0x3 0x93 0x93 0x63 0x8c 0x4d 0x80 0x4f 0x80 0xa6 0x82 0xeb 0x7b 0x6e 0x78 0x0 0x0 0x5f 0x3d 0x2c 0x1 0x73 0xe7 0x15 0xee 0x0 0x0 0x0 0x0 0x21 0x0 0x0 0x80 0x0 0xa4 0xa4 0x0 0x4 0xac 0x5 0x0 0x0
1787978859034,0x1 0x8a 0xd 0x85 0x7f 0xb6 0x60 0xd 0x0 0x0 0xd 0x2f 0x46 0x0 0xa4 0x17 0xa4 0x17 0x73 0x0 0xf6 0x2 0xfc 0x2 0x0 0x28 0x65 0x1 0x0 0x1f 0x0 0x13 0x0 0x58 0x0 0x58 0x0 0x9c 0x9c 0x9c 0x9c 0x9c 0x9c 0xb3 0x3 0x9f 0x3 0xb3 0x3 0xa1 0x3 0xb5 0x3 0xa0 0x3 0xb4 0x3 0xa1 0x3 0x32 0x0 0x3 0x94 0x94 0x63 0x8c 0x4d 0x80 0x4f 0x80 0xa6 0x82 0xeb 0x7b 0x6e 0x78 0x0 0x0 0x71 0x3d 0x3e 0x1 0x73 0xe7 0x15 0xee 0x0 0x0 0x0 0x0 0x2d 0x0 0x0 0x80 0x0 0xa4 0xa4 0x0 0x4 0xb9 0x5 0x0 0x0
1787978859258,0x1 0x8a 0xd 0x85 0x7f 0xb6 0x60 0xd 0x0 0x0 0xd 0x30 0x47 0x0 0x3 0x18 0xc5 0x17 0x73 0x0 0xf5 0x2 0xfc 0x2 0x0 0x28 0x65 0x1 0x0 0x3c 0x0 0x15 0x0 0x58 0x0 0x58 0x0 0x9b 0x9b 0x9b 0x9b 0x9b 0x9b 0xbc 0x3 0x9d 0x3 0xb2 0x3 0xa2 0x3 0xb7 0x3 0xa7 0x3 0xbc 0x3 0xaa 0x3 0x32 0x0 0x3 0x96 0x95 0x63 0x8c 0x4d 0x80 0x4f 0x80 0xa6 0x82 0xeb 0x7b 0x6e 0x78 0x0 0x0 0x89 0x3d 0x56 0x1 0x73 0xe7 0x15 0xee 0x0 0x0 0x0 0x0 0x38 0x0 0x0 0x80 0x0 0xa4 0xa4 0x0 0x4 0xb9 0x5 0x0 0x0
1787978859482,0x1 0x8b 0xd 0x84 0x7f 0xb6 0x60 0xd 0x0 0x0 0xd 0x2e 0x43 0x0 0x73 0x16 0x23 0x17 0x73 0x0 0xfc 0x2 0xfc 0x2 0x0 0x28 0x65 0x1 0x0 0x6e 0x0 0x17 0x0 0x58 0x0 0x58 0x0 0xa0 0xa0 0xa0 0xa0 0xa0 0xa0 0xb8 0x3 0x9d 0x3 0xac 0x3 0xad 0x3 0xbd 0x3 0xa8 0x3 0xac 0x3 0x99 0x3 0x32 0x0 0x3 0x97 0x97 0x63 0x8c 0x4d 0x80 0x4f 0x80 0xa6 0x82 0xeb 0x7b 0x6e 0x78 0x0 0x0 0x9d 0x3d 0x6a 0x1 0x73 0xe7 0x15 0xee 0x0 0x0 0x0 0x0 0x41 0x0 0x0 0x80 0x0 0xa4 0xa4 0x0 0x4 0xac 0x5 0x0 0x0
1787978859706,0x1 0x8b 0xd 0x84 0x7f 0xb6 0x60 0x18 0xa 0x0 0xd 0x44 0x6a 0x0 0x3e 0x23 0x35 0x1a 0x73 0x0 0x2 0x3 0xfc 0x2 0x0 0x28 0x65 0x1 0x0 0x7e 0x0 0x19 0x0 0x58 0x0 0x58 0x0 0x9b 0x9b 0x9b 0x9b 0x9b 0x9b 0x99 0x3 0xa2 0x3 0x35 0x4 0x1 0x5 0xd0 0x5 0xad 0x6 0x99 0x6 0xad 0x6 0x2f 0x0 0x3 0x8e 0x98 0x77 0x8c 0x4d 0x80 0x4f 0x80 0xa6 0x82 0xeb 0x7b 0x6e 0x78 0x0 0x0 0xbb 0x37 0x88 0x0 0x73 0xe7 0x15 0xee 0x0 0x0 0x0 0x0 0x49 0x0 0x0 0x80 0x0 0xa4 0xa4 0x0 0x8 0xac 0x5 0x0 0x0
1787978859929,0x1 0x8a 0xd 0x84 0x7f 0xb6 0x60 0x18 0xb 0x0 0xd 0x47 0x78 0x0 0x7a 0x22 0x92 0x22 0x73 0x0 0x7b 0x3 0xfc 0x2 0x0 0x28 0x65 0x1 0x0 0xa2 0x0 0x87 0x0 0x58 0x0 0x58 0x0 0x8a 0x8a 0x8a 0x8a 0x8a 0x8a 0x26 0x7 0x39 0x7 0xbf 0x6 0x8d 0x7 0x5f 0x7 0x4a 0x7 0xbf 0x6 0xed 0x6 0x2f 0x0 0x3 0x8c 0x9a 0x77 0x8c 0x4d 0x80 0x4f 0x80 0xa6 0x82 0xeb 0x7b 0x6e 0x78 0x0 0x0 0xbb 0x37 0x88 0x0 0x73 0xe7 0x15 0xee 0x0 0x0 0x0 0x0 0x50 0x0 0x0 0x80 0x0 0xa4 0xa4 0x0 0x8 0xb9 0x5 0x0 0x0
1787978860153,0x1 0x8b 0xd 0x84 0x7f 0xb6 0x60 0x18 0xb 0x0 0xd 0x4a 0x7c 0x0 0x4a 0x1e 0xb2 0x1f 0x73 0x0 0x18 0x4 0xfc 0x2 0x0 0x28 0x65 0x1 0x0 0xbf 0x0 0xc0 0x0 0x58 0x0 0x58 0x0 0x7d 0x7d 0x7d 0x7d 0x7d 0x7d 0x86 0x5 0xa1 0x5 0x5 0x6 0x6 0x6 0xa4 0x5 0xbe 0x5 0x6f 0x5 0xa1 0x5 0x2c 0x0 0x3 0x8a 0x9a 0x77 0x8c 0x4d 0x80 0x4f 0x80 0xa6 0x82 0xeb 0x7b 0x6e 0x78 0x0 0x0 0xbb 0x41 0x88 0x0 0x73 0xe7 0x15 0xee 0x0 0x0 0x0 0x0 0x55 0x0 0x0 0x80 0x0 0xa4 0xa4 0x0 0x8 0xac 0x5 0x0 0x0
1787978860377,0x1 0x8b 0xd 0x84 0x7f 0xb6 0x60 0x32 0x25 0x0 0xd 0x81 0x7a 0x1 0x22 0x53 0xc4 0x34 0x73 0x4 0x8c 0x4 0xfc 0x2 0x0 0x28 0x65 0x1 0x0 0xbf 0x0 0xc0 0x0 0x58 0x0 0x58 0x0 0x96 0x96 0x96 0x96 0x96 0x96 0xe4 0xb 0xc6 0xc 0xe9 0xc 0x4 0x9 0xf0 0x8 0x56 0xb 0xe9 0xc 0x1d 0xd 0x3b 0x0 0x3 0x87 0x92 0x77 0x91 0x4d 0x80 0x4f 0x80 0xa6 0x82 0xeb 0x7b 0x6e 0x78 0x0 0x0 0xbb 0x4a 0x88 0x0 0x73 0xe7 0x15 0xee 0x0 0x0 0x0 0x0 0x61 0x0 0x0 0x80 0x0 0xa4 0xa4 0x0 0x8 0xac 0x5 0x0 0x0
1787978860601,0x1 0x8b 0xd 0x84 0x7f 0xb6 0x60 0x42 0x35 0x0 0xd 0x8c 0xd7 0x1 0x5 0x46 0x3a 0x47 0x73 0x4 0xba 0x6 0xfc 0x2 0x0 0x28 0x65 0x1 0x0 0xb4 0x0 0xb7 0x0 0x58 0x0 0x58 0x0 0x91 0x91 0x91 0x91 0x91 0x91 0xbd 0xc 0xc1 0xc 0xc3 0xc 0x13 0xd 0xe6 0xc 0x15 0xd 0xbd 0xc 0xf0 0xc 0x46 0x0 0x3 0x82 0x8c 0x77 0x91 0x4d 0x80 0x4f 0x80 0xa6 0x82 0xeb 0x7b 0x6e 0x78 0x0 0x0 0xbb 0x59 0x88 0x0 0x73 0xe7 0x15 0xee 0x0 0x0 0x0 0x0 0x63 0x0 0x0 0x80 0x0 0xa4 0xa4 0x0 0x8 0xac 0x5 0x0 0x0
1787978860825,0x1 0x8a 0xd 0x84 0x7f 0xb6 0x60 0x43 0x36 0x0 0xd 0x91 0xfe 0x1 0x8a 0x40 0x28 0x40 0x73 0x7 0xe7 0x7 0xfc 0x2 0x0 0x28 0x65 0x1 0x0 0x43 0x0 0x9a 0x0 0x57 0x0 0x57 0x0 0x7c 0x7c 0x7c 0x7c 0x7c 0x7c 0xad 0xa 0xd0 0xa 0x99 0xa 0xc5 0xa 0xc1 0xa 0xde 0xa 0x9a 0xa 0xc5 0xa 0x36 0x0 0x3 0x7b 0x86 0x77 0x91 0x4d 0x80 0x4f 0x80 0xa6 0x82 0xeb 0x7b 0x6e 0x78 0x0 0x0 0xbb 0x85 0x88 0x0 0x73 0xe7 0x15 0xee 0x0 0x0 0x0 0x0 0x76 0x0 0x0 0x80 0x0 0xa4 0xa4 0x0 0x8 0xb9 0x5 0x0 0x0
1787978861049,0x1 0x8a 0xd 0x84 0x80 0xb5 0x61 0x43 0x36 0x0 0xd 0x94 0x16 0x2 0x91 0x41 0x6b 0x41 0x73 0xb 0x25 0x8 0xf8 0x2 0x0 0x28 0x65 0x1 0x0 0xc 0x0 0xe 0x0 0x58 0x0 0x58 0x0 0x7c 0x7c 0x7c 0x7c 0x7c 0x7c 0xbb 0xa 0xbd 0xa 0xb3 0xa 0xb4 0xa 0xb9 0xa 0xb2 0xa 0xb5 0xa 0xb4 0xa 0x35 0x0 0x3 0x89 0x90 0x89 0x8f 0x4d 0x80 0x4f 0x80 0xa6 0x82 0xeb 0x7b 0x6e 0x78 0x0 0x0 0xbb 0x8e 0x88 0x0 0x73 0xe7 0x15 0xee 0x0 0x0 0x0 0x0 0x9a 0x0 0x0 0x80 0x0 0xa4 0xa4 0x0 0x8 0xb9 0x5 0x0 0x0
1787978861273,0x1 0x8b 0xd 0x84 0x80 0xb5 0x61 0x46 0x39 0x0 0xd 0x98 0x36 0x2 0x60 0x42 0xaa 0x41 0x73 0xe 0x87 0x8 0xf8 0x2 0x0 0x28 0x65 0x1 0x0 0xe 0x0 0x10 0x0 0x58 0x0 0x58 0x0 0x7b 0x7b 0x7b 0x7b 0x7b 0x7b 0x9e 0xa 0x9b 0xa 0xa0 0xa 0x99 0xa 0x98 0xa 0x94 0xa 0xa0 0xa 0x9e 0xa 0x33 0x0 0x3 0x90 0x97 0x89 0x8f 0x4d 0x80 0x4f 0x80 0xa6 0x82 0xeb 0x7b 0x6e 0x78 0x0 0x0 0xff 0x95 0x88 0x0 0x73 0xe7 0x15 0xee 0x0 0x0 0x0 0x0 0xb2 0x0 0x0 0x80 0x0 0xa4 0xa4 0x0 0x8 0xac 0x5 0x0 0x0
1787978861496,0x1 0x8b 0xd 0x84 0x80 0xb5 0x61 0x6b 0x5e 0x0 0xd 0xa7 0xe2 0x2 0x5e 0x4c 0xb1 0x4d 0x73 0x10 0xaa 0x9 0xf8 0x2 0x0 0x28 0x65 0x1 0x0 0xbb 0x0 0xbd 0x0 0x58 0x0 0x58 0x0 0x83 0x83 0x83 0x83 0x83 0x83 0x30 0xe 0xbc 0xd 0xdd 0xc 0x8e 0xc 0xe2 0xb 0xab 0xe 0xe2 0xb 0x29 0xc 0x37 0x0 0x3 0x8e 0x9c 0x89 0x8f 0x4d 0x80 0x4f 0x80 0xa6 0x82 0xeb 0x7b 0x69 0x73 0x0 0x0 0xff 0xac 0x88 0x0 0x73 0xe7 0x15 0xee 0x0 0x0 0x0 0x0 0xbc 0x0 0x0 0x80 0x0 0xa4 0xa4 0x0 0x8 0xac 0x5 0x0 0x0
1787978861720,0x1 0x8a 0xd 0x84 0x80 0xb5 0x61 0x59 0x4c 0x0 0xd 0xa7 0xdf 0x2 0xfb 0x47 0x71 0x48 0x73 0x14 0x36 0xa 0xf8 0x2 0x0 0x28 0x65 0x1 0x0 0x13 0x0 0x3c 0x0 0x58 0x0 0x57 0x0 0x75 0x75 0x75 0x75 0x75 0x75 0xea 0xa 0x28 0xb 0xd9 0xa 0x12 0xb 0xbc 0xa 0x37 0xb 0xd2 0xa 0x12 0xb 0x2d 0x0 0x3 0x8f 0x9c 0x8f 0x8f 0x4d 0x80 0x4f 0x80 0xa6 0x82 0xeb 0x7b 0x69 0x73 0x0 0x0 0xbf 0xad 0x88 0x0 0x73 0xe7 0x15 0xee 0x0 0x0 0x0 0x0 0xd1 0x0 0x0 0x80 0x0 0xa4 0xa4 0x0 0x8 0xb9 0x5 0x0 0x0
1787978861944,0x1 0x8a 0xd 0x83 0x80 0xb5 0x61 0x4e 0x41 0x0 0xd 0xa7 0xc2 0x2 0x57 0x43 0xa8 0x43 0x73 0x15 0x7c 0xa 0xf8 0x2 0x0 0x28 0x65 0x1 0x0 0xd 0x0 0x11 0x0 0x58 0x0 0x58 0x0 0x6f 0x6f 0x6f 0x6f 0x6f 0x6f 0x3d 0xa 0x6c 0xa 0x31 0xa 0x50 0xa 0x2f 0xa 0x63 0xa 0x31 0xa 0x63 0xa 0x29 0x0 0x3 0x98 0xa4 0x8f 0x8f 0x4d 0x80 0x4f 0x80 0xa6 0x82 0xeb 0x7b 0x69 0x73 0x0 0x0 0xff 0xb0 0x88 0x0 0x73 0xe7 0x15 0xee 0x0 0x0 0x0 0x0 0xdb 0x0 0x0 0x80 0x0 0xa4 0xa4 0x0 0x8 0xb9 0x5 0x0 0x0
1787978862168,0x1 0x8b 0xd 0x83 0x80 0xb5 0x61 0x4f 0x41 0x0 0xd 0xab 0xf9 0x2 0xf3 0x43 0x7d 0x43 0x73 0x18 0x33 0xb 0xf8 0x2 0x0 0x28 0x65 0x1 0x0 0xe 0x0 0x12 0x0 0x57 0x0 0x58 0x0 0x6b 0x6b 0x6b 0x6b 0x6b 0x6b 0x29 0xa 0x61 0xa 0x32 0xa 0x68 0xa 0x3a 0xa 0x52 0xa 0x3a 0xa 0x6b 0xa 0x27 0x0 0x3 0xa1 0xad 0x8f 0x8f 0x4d 0x80 0x4f 0x80 0xa6 0x82 0xeb 0x7b 0x69 0x73 0x0 0x0 0xff 0xb8 0x88 0x0 0x73 0xe7 0x15 0xee 0x0 0x0 0x0 0x0 0xe2 0x0 0x0 0x80 0x0 0xa4 0xa4 0x0 0x8 0xac 0x5 0x0 0x0
1787978862392,0x1 0x8b 0xd 0x83 0x80 0xb5 0x61 0x53 0x46 0x0 0xd 0xad 0x3e 0x3 0x30 0x45 0xde 0x44 0x73 0x1a 0xff 0xb 0xf8 0x2 0x0 0x28 0x65 0x1 0x0 0x13 0x0 0x68 0x0 0x58 0x0 0x58 0x0 0x69 0x69 0x69 0x69 0x69 0x69 0x86 0xa 0xb5 0xa 0x80 0xa 0xb6 0xa 0x83 0xa 0xb1 0xa 0x83 0xa 0xb5 0xa 0x26 0x0 0x3 0xaa 0xb6 0x8f 0x8f 0x4d 0x80 0x4f 0x80 0xa6 0x82 0xeb 0x7b 0x62 0x6b 0x0 0x0 0xff 0xc1 0x88 0x0 0x73 0xe7 0x15 0xee 0x0 0x0 0x0 0x0 0xe4 0x0 0x0 0x80 0x0 0xa4 0xa4 0x0 0x8 0xac 0x5 0x0 0x0
1787978862616,0x1 0x8b 0xd 0x83 0x80 0xb6 0x60 0x4f 0x42 0x0 0xd 0xaf 0x43 0x3 0xc1 0x41 0x95 0x42 0x73 0x1c 0xb3 0xc 0xf8 0x2 0x0 0x28 0x65 0x3 0x0 0x13 0x0 0x87 0x0 0x58 0x0 0x58 0x0 0x6e 0x6e 0x6e 0x6e 0x6e 0x6e 0x52 0xa 0x8b 0xa 0x65 0xa 0x79 0xa 0x5d 0xa 0x67 0xa 0x52 0xa 0x5f 0xa 0x24 0x0 0x3 0xb4 0xbc 0x8f 0x8f 0x4d 0x80 0x4f 0x80 0xa6 0x82 0xeb 0x7b 0x62 0x6b 0x0 0x0 0xff 0xca 0x88 0x0 0x73 0xe7 0x15 0xee 0x0 0x0 0x0 0x0 0xe9 0x0 0x0 0x80 0x0 0xa4 0xa4 0x0 0x8 0xac 0x5 0x0 0x0
1787978862840,0x1 0x8a 0xd 0x83 0x80 0xb6 0x60 0x43 0x37 0x0 0xd 0xa8 0xe7 0x2 0xd4 0x38 0x18 0x39 0x73 0x1e 0x13 0xd 0xf8 0x2 0x0 0x28 0x65 0x3 0x0 0x8f 0x0 0xaa 0x0 0x58 0x0 0x58 0x0 0x6b 0x6b 0x6b 0x6b 0x6b 0x6b 0xf9 0x8 0x95 0x8 0xfa 0x8 0xbe 0x8 0xf5 0x8 0x92 0x8 0xfa 0x8 0x90 0x8 0x1c 0x0 0x3 0xbc 0xb3 0x8f 0xa0 0x4d 0x80 0x4f 0x80 0xa6 0x82 0xeb 0x7b 0x62 0x6b 0x0 0x0 0xff 0xce 0x88 0x0 0x73 0xe7 0x15 0xee 0x0 0x0 0x0 0x0 0xee 0x0 0x0 0x80 0x0 0xa4 0xa4 0x0 0x8 0xb9 0x5 0x0 0x0
1787978863064,0x1 0x8b 0xd 0x83 0x80 0xb6 0x60 0x43 0x36 0x0 0xd 0xaa 0xa 0x3 0x8e 0x3c 0xff 0x3b 0x73 0x1f 0xd9 0xc 0xf8 0x2 0x0 0x28 0x65 0x3 0x0 0xb2 0x0 0xa9 0x0 0x58 0x0 0x58 0x0 0x6b 0x6b 0x6b 0x6b 0x6b 0x6b 0xb 0x9 0xc1 0x8 0x5 0x9 0xc5 0x8 0xc 0x9 0xc6 0x8 0xb 0x9 0xc5 0x8 0x1d 0x0 0x3 0xac 0xaa 0xa1 0xa0 0x4d 0x80 0x4f 0x80 0xa6 0x82 0xeb 0x7b 0x62 0x6b 0x0 0x0 0xff 0xce 0x88 0x0 0x73 0xe7 0x15 0xee 0x0 0x0 0x0 0x0 0xed 0x0 0x0 0x80 0x0 0xa4 0xa4 0x0 0x8 0xac 0x5 0x0 0x0
1787978863288,0x1 0x8b 0xd 0x83 0x80 0xb6 0x60 0x44 0x37 0x0 0xd 0xa6 0xd1 0x2 0x8f 0x3f 0xa 0x3f 0x73 0x21 0x58 0xb 0xf8 0x2 0x0 0x28 0x65 0x3 0x0 0xb3 0x0 0xb0 0x0 0x57 0x0 0x57 0x0 0x68 0x68 0x68 0x68 0x68 0x68 0x49 0x9 0x4 0x9 0x51 0x9 0xf6 0x8 0x42 0x9 0xf6 0x8 0x51 0x9 0x6 0x9 0x21 0x0 0x3 0xa3 0xa0 0xa1 0xa0 0x4d 0x80 0x4f 0x80 0xa6 0x82 0xeb 0x7b 0x62 0x6b 0x0 0x0 0xff 0xba 0x88 0x0 0x73 0xe7 0x15 0xee 0x0 0x0 0x0 0x0 0xe3 0x0 0x0 0x80 0x0 0xa4 0xa4 0x0 0x8 0xac 0x5 0x0 0x0
1787978863512,0x1 0x8b 0xd 0x83 0x80 0xb7 0x60 0x46 0x39 0x0 0xd 0xa3 0xad 0x2 0xd6 0x45 0x26 0x45 0x73 0x23 0xcf 0x9 0xf8 0x2 0x0 0x28 0x65 0x3 0x0 0x94 0x0 0x28 0x0 0x57 0x0 0x57 0x0 0x74 0x74 0x74 0x74 0x74 0x74 0x1b 0xa 0x1f 0xa 0x23 0xa 0xbb 0x9 0x13 0xa 0xa 0xa 0x23 0xa 0x23 0xa 0x2a 0x0 0x3 0x9a 0xa2 0xa1 0xaa 0x4d 0x80 0x4f 0x80 0xa6 0x82 0xeb 0x7b 0x5d 0x64 0x0 0x0 0x3f 0xa3 0x88 0x0 0x73 0xe7 0x15 0xee 0x0 0x0 0x0 0x0 0xd2 0x0 0x0 0x80 0x0 0xa4 0xa4 0x0 0x8 0xac 0x5 0x0 0x0
1787978863736,0x1 0x8a 0xd 0x83 0x80 0xb7 0x60 0x46 0x39 0x0 0xd 0xa1 0x9b 0x2 0x29 0x45 0x74 0x45 0x73 0x24 0xa5 0x9 0xf8 0x2 0x0 0x28 0x65 0x3 0x0 0x24 0x0 0x1a 0x0 0x58 0x0 0x57 0x0 0x76 0x76 0x76 0x76 0x76 0x76 0x60 0xa 0x74 0xa 0x63 0xa 0x79 0xa 0x6c 0xa 0x7a 0xa 0x69 0xa 0x7a 0xa 0x2c 0x0 0x3 0xa1 0xaa 0xa9 0xaa 0x4d 0x80 0x4f 0x80 0xa6 0x82 0xeb 0x7b 0x5d 0x64 0x0 0x0 0xff 0xac 0x88 0x0 0x73 0xe7 0x15 0xee 0x0 0x0 0x0 0x0 0xcf 0x0 0x0 0x80 0x0 0xa4 0xa4 0x0 0x8 0xb9 0x5 0x0 0x0
1787978863960,0x1 0x8b 0xd 0x83 0x80 0xb7 0x60 0x4e 0x41 0x0 0xd 0xa7 0xe3 0x2 0x83 0x4a 0x9a 0x49 0x73 0x26 0xeb 0x9 0xf8 0x2 0x0 0x28 0x65 0x1 0x0 0xb5 0x0 0xb6 0x0 0x58 0x0 0x58 0x0 0x78 0x78 0x78 0x78 0x78 0x78 0xa6 0xc 0xab 0xc 0x92 0xc 0x66 0xc 0xed 0xb 0xaf 0xc 0xed 0xb 0x31 0xc 0x35 0x0 0x3 0xa1 0xae 0x9f 0xaa 0x4d 0x80 0x4f 0x80 0xa6 0x82 0xeb 0x7b 0x5d 0x64 0x0 0x0 0xff 0xaf 0x88 0x0 0x73 0xe7 0x15 0xee 0x0 0x0 0x0 0x0 0xd2 0x0 0x0 0x80 0x0 0xa4 0xa4 0x0 0x8 0xac 0x5 0x0 0x0
1787978864184,0x1 0x8b 0xd 0x83 0x80 0xb7 0x60 0x47 0x3a 0x0 0xd 0xa2 0xa6 0x2 0xf7 0x42 0xf 0x45 0x73 0x27 0x20 0xa 0xf8 0x2 0x0 0x28 0x65 0x1 0x0 0xaa 0x0 0xb5 0x0 0x58 0x0 0x58 0x0 0x71 0x71 0x71 0x71 0x71 0x71 0x26 0xa 0x9b 0xa 0xa 0xa 0xd7 0xa 0x4c 0xa 0xb4 0xa 0xa 0xa 0x8d 0xa 0x2a 0x0 0x3 0x99 0xae 0x9f 0xaa 0x4d 0x80 0x4f 0x80 0xa6 0x82 0xeb 0x7b 0x5d 0x64 0x0 0x0 0xbf 0xad 0x88 0x0 0x73 0xe7 0x15 0xee 0x0 0x0 0x0 0x0 0xd3 0x0 0x0 0x80 0x0 0xa4 0xa4 0x0 0x8 0xac 0x5 0x0 0x0
1787978864408,0x1 0x8b 0xd 0x83 0x80 0xb7 0x60 0x42 0x35 0x0 0xd 0xa0 0x84 0x2 0x95 0x3f 0xc9 0x3f 0x73 0x28 0x21 0xa 0xf8 0x2 0x0 0x28 0x65 0x1 0x0 0xa4 0x0 0xb0 0x0 0x58 0x0 0x57 0x0 0x6e 0x6e 0x6e 0x6e 0x6e 0x6e 0x7 0x9 0x44 0x9 0x0 0x9 0x53 0x9 0xf 0x9 0x4d 0x9 0x0 0x9 0x43 0x9 0x23 0x0 0x3 0x90 0x9f 0x9f 0xa4 0x4d 0x80 0x4f 0x80 0xa6 0x82 0xeb 0x7b 0x5c 0x63 0x0 0x0 0xff 0xab 0x88 0x0 0x73 0xe7 0x15 0xee 0x0 0x0 0x0 0x0 0xda 0x0 0x0 0x80 0x0 0xa4 0xa4 0x0 0x8 0xac 0x5 0x0 0x0
1787978864631,0x1 0x8a 0xd 0x83 0x80 0xb7 0x60 0x42 0x35 0x0 0xd 0xa1 0x96 0x2 0xa9 0x40 0x19 0x40 0x73 0x29 0x3d 0xa 0xf8 0x2 0x0 0x28 0x65 0x1 0x0 0x91 0x0 0xa6 0x0 0x57 0x0 0x58 0x0 0x6e 0x6e 0x6e 0x6e 0x6e 0x6e 0xc6 0x8 0x1c 0x9 0xd2 0x8 0x10 0x9 0xcb 0x8 0x9 0x9 0xc6 0x8 0x9 0x9 0x21 0x0 0x3 0x88 0x97 0x9f 0xa4 0x4d 0x80 0x4f 0x80 0xa6 0x82 0xeb 0x7b 0x5c 0x63 0x0 0x0 0xff 0xad 0x88 0x0 0x73 0xe7 0x15 0xee 0x0 0x0 0x0 0x0 0xdd 0x0 0x0 0x80 0x0 0xa4 0xa4 0x0 0x8 0xb9 0x5 0x0 0x0
1787978864856,0x1 0x8b 0xd 0x83 0x80 0xb7 0x60 0x42 0x35 0x0 0xd 0xa1 0x93 0x2 0x2f 0x3f 0xe1 0x3f 0x73 0x2b 0x6e 0xa 0xf8 0x2 0x0 0x28 0x65 0x1 0x0 0x16 0x0 0x93 0x0 0x57 0x0 0x58 0x0 0x6d 0x6d 0x6d 0x6d 0x6d 0x6d 0xf8 0x8 0xc3 0x8 0xf2 0x8 0xbf 0x8 0xf5 0x8 0xb8 0x8 0xf8 0x8 0xb1 0x8 0x21 0x0 0x3 0x90 0x8e 0x97 0xa4 0x4d 0x80 0x4f 0x80 0xa6 0x82 0xeb 0x7b 0x5c 0x63 0x0 0x0 0xff 0xb0 0x88 0x0 0x73 0xe7 0x15 0xee 0x0 0x0 0x0 0x0 0xdf 0x0 0x0 0x80 0x0 0xa4 0xa4 0x0 0x8 0xac 0x5 0x0 0x0
1787978865080,0x1 0x8b 0xd 0x82 0x81 0xb7 0x60 0x41 0x34 0x0 0xd 0xa0 0x8b 0x2 0x85 0x3d 0x94 0x3e 0x73 0x2c 0x95 0xa 0xf8 0x2 0x0 0x28 0x65 0x1 0x0 0x16 0x0 0x34 0x0 0x58 0x0 0x58 0x0 0x6b 0x6b 0x6b 0x6b 0x6b 0x6b 0xe 0x9 0x92 0x8 0x18 0x9 0x9f 0x8 0x15 0x9 0x95 0x8 0xb 0x9 0x92 0x8 0x20 0x0 0x3 0x99 0x90 0x97 0x9b 0x4d 0x80 0x4f 0x80 0xa6 0x82 0xeb 0x7b 0x5c 0x63 0x0 0x0 0xff 0xb1 0x88 0x0 0x73 0xe7 0x15 0xee 0x0 0x0 0x0 0x0 0xe1 0x0 0x0 0x80 0x0 0xa4 0xa4 0x0 0x8 0xac 0x5 0x0 0x0
1787978865304,0x1 0x8b 0xd 0x82 0x81 0xb7 0x60 0x3f 0x32 0x0 0xd 0x9f 0x81 0x2 0xef 0x3b 0x21 0x3c 0x73 0x2e 0xb2 0xa 0xf8 0x2 0x0 0x28 0x65 0x1 0x0 0x9d 0x0 0x16 0x0 0x58 0x0 0x58 0x0 0x69 0x69 0x69 0x69 0x69 0x69 0x97 0x8 0x73 0x8 0xa4 0x8 0x77 0x8 0xa2 0x8 0x75 0x8 0x97 0x8 0x77 0x8 0x1e 0x0 0x3 0x95 0x99 0x91 0x9b 0x4d 0x80 0x4f 0x80 0xa6 0x82 0xeb 0x7b 0x5c 0x63 0x0 0x0 0x42 0xb3 0x88 0x0 0x73 0xe7 0x15 0xee 0x0 0x0 0x0 0x0 0xe4 0x0 0x0 0x80 0x0 0xa4 0xa4 0x0 0x8 0xac 0x5 0x0 0x0
1787978865527,0x1 0x8b 0xd 0x82 0x81 0xb7 0x60 0x31 0x24 0x0 0xd 0x8a 0xc5 0x1 0x7f 0x2a 0xcb 0x2e 0x73 0x2e 0xa9 0xa 0xf8 0x2 0x0 0x28 0x65 0x3 0x0 0xb3 0x0 0xab 0x0 0x57 0x0 0x57 0x0 0x64 0x64 0x64 0x64 0x64 0x64 0x47 0x6 0x56 0x6 0xd7 0x6 0xec 0x6 0x91 0x6 0xaf 0x6 0x1a 0x6 0x56 0x6 0x1a 0x0 0x3 0x8d 0x9f 0x91 0x9b 0x4d 0x80 0x4f 0x80 0xa6 0x82 0xeb 0x7b 0x59 0x60 0x0 0x0 0x42 0xac 0x88 0x0 0x73 0xe7 0x15 0xee 0x0 0x0 0x0 0x0 0xe9 0x0 0x0 0x80 0x0 0xa4 0xa4 0x0 0x8 0xac 0x5 0x0 0x0
1787978865752,0x1 0x8a 0xd 0x82 0x81 0xb7 0x60 0x2d 0x20 0x0 0xd 0x84 0x93 0x1 0xa4 0x26 0x29 0x27 0x73 0x2f 0x6e 0xa 0xf8 0x2 0x0 0x28 0x65 0x3 0x0 0xb9 0x0 0xbb 0x0 0x58 0x0 0x58 0x0 0x62 0x62 0x62 0x62 0x62 0x62 0x27 0x5 0x77 0x5 0x1f 0x5 0x7f 0x5 0x2a 0x5 0x7e 0x5 0x1f 0x5 0x76 0x5 0x1c 0x0 0x3 0x86 0x9f 0x91 0x9b 0x4d 0x80 0x4f 0x80 0xa6 0x82 0xeb 0x7b 0x59 0x60 0x0 0x0 0x42 0xa7 0x88 0x0 0x73 0xe7 0x15 0xee 0x0 0x0 0x0 0x0 0xf0 0x0 0x0 0x80 0x0 0xa4 0xa4 0x0 0x8 0xb9 0x5 0x0 0x0
1787978865976,0x1 0x8b 0xd 0x82 0x81 0xb8 0x5f 0x2d 0x20 0x0 0xd 0x85 0x9e 0x1 0xc9 0x27 0x45 0x27 0x73 0x2f 0x68 0xa 0xf8 0x2 0x0 0x28 0x65 0x3 0x0 0xb5 0x0 0xb9 0x0 0x58 0x0 0x58 0x0 0x63 0x63 0x63 0x63 0x63 0x63 0x25 0x5 0x6d 0x5 0x19 0x5 0x62 0x5 0x24 0x5 0x65 0x5 0x2a 0x5 0x6d 0x5 0x1c 0x0 0x3 0x7f 0x93 0x91 0x93 0x4d 0x80 0x4f 0x80 0xa6 0x82 0xeb 0x7b 0x59 0x60 0x0 0x0 0x42 0xa7 0x88 0x0 0x73 0xe7 0x15 0xee 0x0 0x0 0x0 0x0 0xf1 0x0 0x0 0x80 0x0 0xa4 0xa4 0x0 0x8 0xac 0x5 0x0 0x0
1787978866199,0x1 0x8b 0xd 0x82 0x81 0xb8 0x5f 0x2d 0x20 0x0 0xd 0x84 0x9a 0x1 0xd 0x2a 0x17 0x29 0x73 0x2f 0xc0 0x9 0xf4 0x2 0x0 0x28 0x65 0x3 0x0 0xb1 0x0 0xb8 0x0 0x58 0x0 0x58 0x0 0x67 0x67 0x67 0x67 0x67 0x67 0x5c 0x5 0xaa 0x5 0x45 0x5 0x91 0x5 0x4f 0x5 0x9a 0x5 0x62 0x5 0xaa 0x5 0x1c 0x0 0x3 0x78 0x8c 0x91 0x93 0x4d 0x80 0x4f 0x80 0xa6 0x82 0xeb 0x7b 0x59 0x60 0x0 0x0 0x42 0xa4 0x88 0x0 0x73 0xe7 0x15 0xee 0x0 0x0 0x0 0x0 0xed 0x0 0x0 0x80 0x0 0xa4 0xa4 0x0 0x8 0xac 0x5 0x0 0x0
1787978866424,0x1 0x8b 0xd 0x81 0x81 0xb8 0x5f 0x2d 0x20 0x0 0xd 0x84 0x92 0x1 0x71 0x2e 0xd0 0x2c 0x73 0x30 0xa8 0x8 0xf4 0x2 0x0 0x28 0x65 0x3 0x0 0xa5 0x0 0xb3 0x0 0x58 0x0 0x57 0x0 0x72 0x72 0x72 0x72 0x72 0x72 0xa1 0x5 0xf7 0x5 0xae 0x5 0x5 0x6 0x9a 0x5 0xea 0x5 0xb7 0x5 0x5 0x6 0x1d 0x0 0x3 0x72 0x86 0x91 0x93 0x4d 0x80 0x4f 0x80 0xa6 0x82 0xeb 0x7b 0x5b 0x67 0x0 0x0 0xc2 0x9b 0x88 0x0 0x73 0xe7 0x15 0xee 0x0 0x0 0x0 0x0 0xe0 0x0 0x0 0x80 0x0 0xa4 0xa4 0x0 0x8 0xac 0x5 0x0 0x0
1787978866647,0x1 0x8a 0xd 0x81 0x81 0xb8 0x5f 0x2d 0x1f 0x0 0xd 0x81 0x85 0x1 0x98 0x31 0x46 0x31 0x73 0x30 0xd8 0x7 0xf4 0x2 0x0 0x28 0x65 0x3 0x0 0x5e 0x0 0xa7 0x0 0x58 0x0 0x58 0x0 0x72 0x72 0x72 0x72 0x72 0x72 0x25 0x6 0x7a 0x6 0x24 0x6 0x71 0x6 0x1e 0x6 0x79 0x6 0x24 0x6 0x7a 0x6 0x1d 0x0 0x3 0x6d 0x80 0x91 0x93 0x4d 0x80 0x4f 0x80 0xa6 0x82 0xeb 0x7b 0x5b 0x67 0x0 0x0 0xc2 0x8d 0x88 0x0 0x73 0xe7 0x15 0xee 0x0 0x0 0x0 0x0 0xd8 0x0 0x0 0x80 0x0 0xa4 0xa4 0x0 0x8 0xb9 0x5 0x0 0x0
1787978866871,0x1 0x8b 0xd 0x81 0x81 0xb8 0x5f 0x2d 0x20 0x0 0xd 0x82 0x86 0x1 0x60 0x31 0x28 0x31 0x73 0x30 0xe6 0x7 0xf4 0x2 0x0 0x28 0x65 0x1 0x0 0x12 0x0 0x90 0x0 0x57 0x0 0x58 0x0 0x72 0x72 0x72 0x72 0x72 0x72 0x67 0x6 0x52 0x6 0x63 0x6 0x5a 0x6 0x64 0x6 0x54 0x6 0x69 0x6 0x52 0x6 0x1d 0x0 0x3 0x78 0x7b 0x85 0x93 0x4d 0x80 0x4f 0x80 0xa6 0x82 0xeb 0x7b 0x5b 0x67 0x0 0x0 0x42 0x7f 0x88 0x0 0x73 0xe7 0x15 0xee 0x0 0x0 0x0 0x0 0xd8 0x0 0x0 0x80 0x0 0xa4 0xa4 0x0 0x8 0xac 0x5 0x0 0x0
1787978867095,0x1 0x8b 0xd 0x81 0x82 0xb7 0x60 0x2f 0x22 0x0 0xd 0x85 0x99 0x1 0x4d 0x33 0x60 0x33 0x73 0x31 0xf9 0x7 0xf1 0x2 0x0 0x28 0x65 0x1 0x0 0xf 0x0 0x23 0x0 0x58 0x0 0x58 0x0 0x73 0x73 0x73 0x73 0x73 0x73 0xc3 0x6 0xac 0x6 0xcd 0x6 0xb6 0x6 0xd6 0x6 0xbb 0x6 0xd7 0x6 0xbb 0x6 0x1c 0x0 0x3 0x7e 0x80 0x85 0x8b 0x4d 0x80 0x4f 0x80 0xa6 0x82 0xeb 0x7b 0x5b 0x67 0x0 0x0 0x42 0x7f 0x88 0x0 0x73 0xe7 0x15 0xee 0x0 0x0 0x0 0x0 0xd8 0x0 0x0 0x80 0x0 0xa4 0xa4 0x0 0x8 0xac 0x5 0x0 0x0
1787978867319,0x1 0x8a 0xd 0x81 0x82 0xb7 0x60 0x2f 0x22 0x0 0xd 0x86 0xa0 0x1 0x6c 0x33 0x93 0x33 0x73 0x31 0x17 0x8 0xf1 0x2 0x0 0x28 0x65 0x1 0x0 0x10 0x0 0x11 0x0 0x58 0x0 0x57 0x0 0x73 0x73 0x73 0x73 0x73 0x73 0xf5 0x6 0xdc 0x6 0xfb 0x6 0xe2 0x6 0x1 0x7 0xe5 0x6 0x1 0x7 0xe5 0x6 0x1c 0x0 0x3 0x84 0x86 0x85 0x8b 0x4d 0x80 0x4f 0x80 0xa6 0x82 0xeb 0x7b 0x60 0x6b 0x0 0x0 0x84 0x83 0x88 0x0 0x73 0xe7 0x15 0xee 0x0 0x0 0x0 0x0 0xd7 0x0 0x0 0x80 0x0 0xa4 0xa4 0x0 0x8 0xb9 0x5 0x0 0x0
1787978867543,0x1 0x8b 0xd 0x81 0x82 0xb7 0x60 0x2f 0x22 0x0 0xd 0x85 0x9e 0x1 0xee 0x32 0x1b 0x33 0x73 0x32 0x21 0x8 0xf1 0x2 0x0 0x28 0x65 0x1 0x0 0x18 0x0 0x13 0x0 0x58 0x0 0x58 0x0 0x73 0x73 0x73 0x73 0x73 0x73 0x14 0x7 0xfa 0x6 0x16 0x7 0xfc 0x6 0x19 0x7 0xf1 0x6 0x19 0x7 0xfc 0x6 0x1c 0x0 0x3 0x8a 0x8c 0x85 0x8b 0x4d 0x80 0x4f 0x80 0xa6 0x82 0xeb 0x7b 0x60 0x6b 0x0 0x0 0x84 0x83 0x88 0x0 0x73 0xe7 0x15 0xee 0x0 0x0 0x0 0x0 0xd7 0x0 0x0 0x80 0x0 0xa4 0xa4 0x0 0x8 0xac 0x5 0x0 0x0
1787978867767,0x1 0x8b 0xd 0x81 0x82 0xb7 0x60 0x2d 0x20 0x0 0xd 0x83 0x8e 0x1 0xba 0x30 0x5f 0x31 0x73 0x32 0x2b 0x8 0xf1 0x2 0x0 0x28 0x65 0x1 0x0 0x7c 0x0 0x42 0x0 0x57 0x0 0x58 0x0 0x72 0x72 0x72 0x72 0x72 0x72 0xc 0x7 0xf1 0x6 0x6 0x7 0xe7 0x6 0x13 0x7 0xf4 0x6 0x3 0x7 0xe7 0x6 0x1c 0x0 0x3 0x90 0x92 0x85 0x8b 0x4d 0x80 0x4f 0x80 0xa6 0x82 0xeb 0x7b 0x60 0x6b 0x0 0x0 0x84 0x87 0x88 0x0 0x73 0xe7 0x15 0xee 0x0 0x0 0x0 0x0 0xd8 0x0 0x0 0x80 0x0 0xa4 0xa4 0x0 0x8 0xac 0x5 0x0 0x0
1787978867991,0x1 0x8c 0xd 0x80 0x82 0xb7 0x60 0x2a 0x1d 0x0 0xd 0x7e 0x63 0x1 0xe2 0x2b 0x81 0x2c 0x73 0x32 0x17 0x8 0xf1 0x2 0x0 0x28 0x65 0x3 0x0 0xb1 0x0 0xaf 0x0 0x57 0x0 0x57 0x0 0x73 0x73 0x73 0x73 0x73 0x73 0x2f 0x6 0x52 0x6 0x1e 0x6 0x45 0x6 0x45 0x6 0x65 0x6 0x17 0x6 0x45 0x6 0x1d 0x0 0x3 0x84 0x93 0x7e 0x8b 0x4d 0x80 0x4f 0x80 0xa6 0x82 0xeb 0x7b 0x60 0x6b 0x0 0x0 0xc4 0x84 0x88 0x0 0x73 0xe7 0x15 0xee 0x0 0x0 0x0 0x0 0xdc 0x0 0x0 0x80 0x0 0xa4 0xa4 0x0 0x8 0x9f 0x5 0x0 0x0
1787978868215,0x1 0x8c 0xd 0x80 0x82 0xb7 0x60 0x28 0x1c 0x0 0xd 0x7a 0x53 0x1 0x5b 0x2a 0xd1 0x2a 0x73 0x33 0x1 0x8 0xf1 0x2 0x0 0x28 0x65 0x3 0x0 0xb1 0x0 0xb4 0x0 0x57 0x0 0x58 0x0 0x72 0x72 0x72 0x72 0x72 0x72 0xc6 0x5 0xde 0x5 0xd4 0x5 0x16 0x6 0xce 0x5 0xe7 0x5 0xc1 0x5 0xde 0x5 0x1e 0x0 0x3 0x7f 0x8b 0x7e 0x85 0x4d 0x80 0x4f 0x80 0xa6 0x82 0xeb 0x7b 0x60 0x6b 0x0 0x0 0x84 0x83 0x88 0x0 0x73 0xe7 0x15 0xee 0x0 0x0 0x0 0x0 0xe0 0x0 0x0 0x80 0x0 0xa4 0xa4 0x0 0x8 0x9f 0x5 0x0 0x0
1787978868439,0x1 0x8b 0xd 0x80 0x82 0xb7 0x60 0x25 0x18 0x0 0xd 0x72 0x29 0x1 0xbc 0x25 0x11 0x26 0x73 0x33 0xdf 0x7 0xf1 0x2 0x0 0x28 0x65 0x3 0x0 0xaf 0x0 0xb3 0x0 0x58 0x0 0x58 0x0 0x6f 0x6f 0x6f 0x6f 0x6f 0x6f 0x16 0x5 0x4f 0x5 0x2e 0x5 0x3f 0x5 0x1d 0x5 0x33 0x5 0x16 0x5 0x30 0x5 0x1f 0x0 0x3 0x7a 0x86 0x7e 0x85 0x4d 0x80 0x4f 0x80 0xa6 0x82 0xeb 0x7b 0x5e 0x6a 0x0 0x0 0x84 0x7e 0x88 0x0 0x73 0xe7 0x15 0xee 0x0 0x0 0x0 0x0 0xe3 0x0 0x0 0x80 0x0 0xa4 0xa4 0x0 0x8 0xac 0x5 0x0 0x0
1787978868663,0x1 0x8b 0xd 0x80 0x82 0xb7 0x60 0x25 0x18 0x0 0xd 0x70 0x1d 0x1 0x7d 0x28 0x2c 0x27 0x73 0x33 0xa 0x7 0xf1 0x2 0x0 0x28 0x65 0x3 0x0 0xab 0x0 0xb4 0x0 0x57 0x0 0x57 0x0 0x71 0x71 0x71 0x71 0x71 0x71 0xe 0x5 0x2e 0x5 0x1b 0x5 0x3c 0x5 0x28 0x5 0x25 0x5 0x28 0x5 0x44 0x5 0x20 0x0 0x3 0x76 0x81 0x7e 0x85 0x4d 0x80 0x4f 0x80 0xa6 0x82 0xeb 0x7b 0x5e 0x6a 0x0 0x0 0x84 0x72 0x88 0x0 0x73 0xe7 0x15 0xee 0x0 0x0 0x0 0x0 0xd8 0x0 0x0 0x80 0x0 0xa4 0xa4 0x0 0x8 0xac 0x5 0x0 0x0
1787978868887,0x1 0x8c 0xd 0x80 0x82 0xb7 0x60 0x24 0x18 0x0 0xd 0x6e 0xe 0x1 0xeb 0x29 0x23 0x2a 0x73 0x33 0x71 0x6 0xf1 0x2 0x0 0x28 0x65 0x3 0x0 0xac 0x0 0xb3 0x0 0x57 0x0 0x58 0x0 0x75 0x75 0x75 0x75 0x75 0x75 0x85 0x5 0xa6 0x5 0x8b 0x5 0xa7 0x5 0x8b 0x5 0xa4 0x5 0x87 0x5 0xa4 0x5 0x21 0x0 0x3 0x72 0x7d 0x7e 0x85 0x4d 0x80 0x4f 0x80 0xa6 0x82 0xeb 0x7b 0x5e 0x6a 0x0 0x0 0x44 0x6a 0x88 0x0 0x73 0xe7 0x15 0xee 0x0 0x0 0x0 0x0 0xc8 0x0 0x0 0x80 0x0 0xa4 0xa4 0x0 0x8 0x9f 0x5 0x0 0x0
1787978869111,0x1 0x8c 0xd 0x80 0x82 0xb7 0x60 0x25 0x18 0x0 0xd 0x6e 0xf 0x1 0x12 0x2a 0x60 0x2a 0x73 0x34 0x71 0x6 0xf1 0x2 0x0 0x28 0x65 0x1 0x0 0x99 0x0 0xaa 0x0 0x57 0x0 0x57 0x0 0x75 0x75 0x75 0x75 0x75 0x75 0x74 0x5 0x9c 0x5 0x7c 0x5 0x9a 0x5 0x7b 0x5 0x96 0x5 0x74 0x5 0x91 0x5 0x21 0x0 0x3 0x6d 0x79 0x7e 0x85 0x4d 0x80 0x4f 0x80 0xa6 0x82 0xeb 0x7b 0x5e 0x6a 0x0 0x0 0xc4 0x62 0x88 0x0 0x73 0xe7 0x15 0xee 0x0 0x0 0x0 0x0 0xc8 0x0 0x0 0x80 0x0 0xa4 0xa4 0x0 0x8 0x9f 0x5 0x0 0x0
1787978869335,0x1 0x8b 0xd 0x80 0x82 0xb7 0x60 0x1b 0xe 0x0 0xd 0x5f 0xcf 0x0 0x2d 0x20 0x40 0x26 0x73 0x34 0x6f 0x6 0xf1 0x2 0x0 0x28 0x65 0x1 0x0 0x7c 0x0 0x9e 0x0 0x58 0x0 0x57 0x0 0x72 0x72 0x72 0x72 0x72 0x72 0xac 0x4 0x50 0x5 0x2b 0x5 0x37 0x5 0xfd 0x4 0xf6 0x4 0xac 0x4 0xc6 0x4 0x23 0x0 0x3 0x69 0x75 0x7e 0x85 0x4d 0x80 0x4f 0x80 0xa6 0x82 0xeb 0x7b 0x5e 0x6a 0x0 0x0 0x44 0x5a 0x88 0x0 0x73 0xe7 0x15 0xee 0x0 0x0 0x0 0x0 0xc9 0x0 0x0 0x80 0x0 0xa4 0xa4 0x0 0x8 0xac 0x5 0x0 0x0
1787978869558,0x1 0x8c 0xd 0x7f 0x83 0xb7 0x60 0xd 0x0 0x0 0xd 0x3d 0x60 0x0 0xd2 0x10 0x25 0x15 0x73 0x34 0xb5 0x5 0xed 0x2 0x0 0x28 0x65 0x1 0x0 0xa2 0x0 0xb0 0x0 0x58 0x0 0x58 0x0 0x7a 0x7a 0x7a 0x7a 0x7a 0x7a 0xfc 0x1 0x35 0x2 0x30 0x2 0x18 0x2 0x7 0x2 0x4 0x2 0xfc 0x1 0x2 0x2 0x29 0x0 0x3 0x69 0x72 0x6d 0x85 0x4d 0x80 0x4f 0x80 0xa6 0x82 0xeb 0x7b 0x5e 0x6a 0x0 0x0 0x94 0x65 0x98 0x15 0x73 0xe7 0x15 0xee 0x0 0x0 0x0 0x0 0xe3 0x0 0x0 0x80 0x0 0xa4 0xa4 0x0 0x0 0x9f 0x5 0x0 0x0
1787978869782,0x1 0x8c 0xd 0x7f 0x83 0xb7 0x60 0xd 0x0 0x0 0xd 0x39 0x5a 0x0 0xe 0x11 0x5 0x12 0x73 0x34 0x47 0x5 0xed 0x2 0x0 0x28 0x65 0x1 0x0 0xab 0x0 0xb1 0x0 0x57 0x0 0x58 0x0 0x8e 0x8e 0x8e 0x8e 0x8e 0x8e 0xe4 0x1 0xea 0x1 0xe6 0x1 0xed 0x1 0xe9 0x1 0xee 0x1 0xe7 0x1 0xed 0x1 0x2a 0x0 0x3 0x67 0x70 0x6d 0x85 0x4d 0x80 0x4f 0x80 0xa6 0x82 0xeb 0x7b 0x5e 0x6a 0x0 0x0 0x7 0x55 0xc8 0xc 0x73 0xe7 0x15 0xee 0x0 0x0 0x0 0x0 0xf4 0x0 0x0 0x80 0x0 0xa4 0xa4 0x0 0x0 0x9f 0x5 0x0 0x0
1787978870006,0x1 0x8c 0xd 0x7f 0x83 0xb7 0x60 0xd 0x0 0x0 0xd 0x39 0x5b 0x0 0x5f 0x12 0xe5 0x11 0x73 0x33 0xf4 0x4 0xed 0x2 0x0 0x28 0x65 0x1 0x0 0x78 0x0 0x9e 0x0 0x57 0x0 0x58 0x0 0x9e 0x9e 0x9e 0x9e 0x9e 0x9e 0xfd 0x1 0x8 0x2 0x4 0x2 0xb 0x2 0xa 0x2 0x11 0x2 0xc 0x2 0x11 0x2 0x2b 0x0 0x3 0x65 0x6e 0x6d 0x85 0x4d 0x80 0x4f 0x80 0xa6 0x82 0xeb 0x7b 0x5e 0x6a 0x0 0x0 0xed 0x4f 0xae 0xb 0x73 0xe7 0x15 0xee 0x0 0x0 0x0 0x0 0xff 0x0 0x0 0x80 0x0 0xa4 0xa4 0x0 0x0 0x9f 0x5 0x0 0x0
1787978870231,0x1 0x8b 0xd 0x7f 0x83 0xb7 0x60 0xe 0x0 0x0 0xd 0x37 0x58 0x0 0xcb 0x11 0xab 0x11 0x73 0x33 0xf2 0x4 0xed 0x2 0x0 0x28 0x65 0x1 0x0 0x28 0x0 0x7f 0x0 0x57 0x0 0x58 0x0 0x9e 0x9e 0x9e 0x9e 0x9e 0x9e 0x19 0x2 0xf 0x2 0x1d 0x2 0xa 0x2 0x17 0x2 0xb 0x2 0x1d 0x2 0xe 0x2 0x2b 0x0 0x3 0x6d 0x6c 0x6b 0x85 0x4d 0x80 0x4f 0x80 0xa6 0x82 0xeb 0x7b 0x5e 0x6a 0x0 0x0 0x6b 0x4a 0x2c 0x6 0x73 0xe7 0x15 0xee 0x0 0x0 0x0 0x0 0xff 0x0 0x0 0x80 0x0 0xa4 0xa4 0x0 0x0 0xac 0x5 0x0 0x0
1787978870454,0x1 0x8b 0xd 0x7e 0x83 0xb7 0x60 0x14 0x7 0x0 0xd 0x44 0x70 0x0 0xc1 0x15 0x56 0x15 0x73 0x33 0x26 0x5 0xed 0x2 0x0 0x28 0x65 0x1 0x0 0x27 0x0 0xa3 0x0 0x57 0x0 0x57 0x0 0x83 0x83 0x83 0x83 0x83 0x83 0x34 0x3 0x10 0x3 0x39 0x3 0x2b 0x3 0x45 0x3 0x13 0x3 0x45 0x3 0x21 0x3 0x28 0x0 0x3 0x6f 0x6a 0x6b 0x85 0x4d 0x80 0x4f 0x80 0xa6 0x82 0xeb 0x7b 0x5c 0x67 0x0 0x0 0xe9 0x46 0xaa 0x0 0x73 0xe7 0x15 0xee 0x0 0x0 0x0 0x0 0xf9 0x0 0x0 0x80 0x0 0xa4 0xa4 0x0 0x8 0xac 0x5 0x0 0x0
1787978870677,0x1 0x8c 0xd 0x7e 0x83 0xb7 0x60 0x14 0x7 0x0 0xd 0x46 0x74 0x0 0xa9 0x15 0x91 0x15 0x73 0x33 0x5b 0x5 0xed 0x2 0x0 0x28 0x65 0x1 0x0 0xb6 0x0 0xb5 0x0 0x58 0x0 0x57 0x0 0x6c 0x6c 0x6c 0x6c 0x6c 0x6c 0x20 0x3 0x4 0x3 0x19 0x3 0xfa 0x2 0x10 0x3 0xf 0x3 0x19 0x3 0x7 0x3 0x28 0x0 0x3 0x67 0x68 0x6a 0x85 0x4d 0x80 0x4f 0x80 0xa6 0x82 0xeb 0x7b 0x5c 0x67 0x0 0x0 0xc7 0x48 0x88 0x0 0x73 0xe7 0x15 0xee 0x0 0x0 0x0 0x0 0xed 0x0 0x0 0x80 0x0 0xa4 0xa4 0x0 0x8 0x9f 0x5 0x0 0x0
1787978870902,0x1 0x8c 0xd 0x7e 0x83 0xb7 0x60 0x14 0x7 0x0 0xd 0x46 0x71 0x0 0x55 0x15 0x77 0x15 0x73 0x32 0x4c 0x5 0xed 0x2 0x0 0x28 0x65 0x1 0x0 0xb7 0x0 0xb5 0x0 0x57 0x0 0x57 0x0 0x6c 0x6c 0x6c 0x6c 0x6c 0x6c 0x5 0x3 0xfc 0x2 0x1 0x3 0xf0 0x2 0xfd 0x2 0xf8 0x2 0xfd 0x2 0xed 0x2 0x28 0x0 0x3 0x65 0x66 0x6a 0x85 0x4d 0x80 0x4f 0x80 0xa6 0x82 0xeb 0x7b 0x5c 0x67 0x0 0x0 0xc7 0x48 0x88 0x0 0x73 0xe7 0x15 0xee 0x0 0x0 0x0 0x0 0xef 0x0 0x0 0x80 0x0 0xa4 0xa4 0x0 0x8 0x9f 0x5 0x0 0x0
1787978871125,0x1 0x8c 0xd 0x7e 0x84 0xb7 0x60 0x14 0x7 0x0 0xd 0x45 0x72 0x0 0x96 0x15 0xa1 0x15 0x73 0x32 0x48 0x5 0xe9 0x2 0x0 0x28 0x65 0x1 0x0 0xb5 0x0 0xb3 0x0 0x57 0x0 0x58 0x0 0x6c 0x6c 0x6c 0x6c 0x6c 0x6c 0xf4 0x2 0xe2 0x2 0xfa 0x2 0xe7 0x2 0xf9 0x2 0xe7 0x2 0xf3 0x2 0xe2 0x2 0x28 0x0 0x3 0x63 0x64 0x6a 0x85 0x4d 0x80 0x4f 0x80 0xa6 0x82 0xeb 0x7b 0x5c 0x67 0x0 0x0 0x8 0x48 0x86 0x0 0x73 0xe7 0x15 0xee 0x0 0x0 0x0 0x0 0xef 0x0 0x0 0x80 0x0 0xa4 0xa4 0x0 0x8 0x9f 0x5 0x0 0x0
1787978871349,0x1 0x8b 0xd 0x7e 0x84 0xb7 0x60 0x14 0x7 0x0 0xd 0x44 0x71 0x0 0x65 0x15 0xe0 0x15 0x73 0x32 0x48 0x5 0xe9 0x2 0x0 0x28 0x65 0x1 0x0 0xb3 0x0 0xb0 0x0 0x57 0x0 0x57 0x0 0x6c 0x6c 0x6c 0x6c 0x6c 0x6c 0xee 0x2 0xde 0x2 0xf3 0x2 0xe2 0x2 0xf3 0x2 0xd5 0x2 0xe7 0x2 0xd5 0x2 0x29 0x0 0x3 0x61 0x62 0x6a 0x85 0x4d 0x80 0x4f 0x80 0xa6 0x82 0xeb 0x7b 0x5e 0x6a 0x0 0x0 0x8 0x48 0x86 0x0 0x73 0xe7 0x15 0xee 0x0 0x0 0x0 0x0 0xee 0x0 0x0 0x80 0x0 0xa4 0xa4 0x0 0x8 0xac 0x5 0x0 0x0
1787978871573,0x1 0x8c 0xd 0x7e 0x84 0xb7 0x60 0x14 0x7 0x0 0xd 0x43 0x6f 0x0 0x15 0x15 0xab 0x15 0x73 0x32 0x44 0x5 0xe9 0x2 0x0 0x28 0x65 0x1 0x0 0xb0 0x0 0xac 0x0 0x58 0x0 0x57 0x0 0x6d 0x6d 0x6d 0x6d 0x6d 0x6d 0xdd 0x2 0xc8 0x2 0xd1 0x2 0xda 0x2 0xea 0x2 0xd2 0x2 0xd1 0x2 0xc0 0x2 0x29 0x0 0x3 0x5f 0x60 0x6a 0x85 0x4d 0x80 0x4f 0x80 0xa6 0x82 0xeb 0x7b 0x5e 0x6a 0x0 0x0 0x8 0x48 0x86 0x0 0x73 0xe7 0x15 0xee 0x0 0x0 0x0 0x0 0xee 0x0 0x0 0x80 0x0 0xa4 0xa4 0x0 0x8 0x9f 0x5 0x0 0x0
1787978871797,0x1 0x8c 0xd 0x7e 0x84 0xb7 0x60 0x14 0x7 0x0 0xd 0x45 0x71 0x0 0x97 0x15 0xa7 0x15 0x73 0x32 0x3c 0x5 0xe9 0x2 0x0 0x28 0x65 0x1 0x0 0xac 0x0 0xa6 0x0 0x58 0x0 0x58 0x0 0x6d 0x6d 0x6d 0x6d 0x6d 0x6d 0xd0 0x2 0xbd 0x2 0xcf 0x2 0xb8 0x2 0xc6 0x2 0xb5 0x2 0xc6 0x2 0xb5 0x2 0x29 0x0 0x3 0x5d 0x5d 0x6a 0x85 0x4d 0x80 0x4f 0x80 0xa6 0x82 0xeb 0x7b 0x5e 0x6a 0x0 0x0 0x8 0x46 0x86 0x0 0x73 0xe7 0x15 0xee 0x0 0x0 0x0 0x0 0xef 0x0 0x0 0x80 0x0 0xa4 0xa4 0x0 0x8 0x9f 0x5 0x0 0x0
1787978872021,0x1 0x8c 0xd 0x7d 0x84 0xb7 0x60 0xd 0x0 0x0 0xd 0x34 0x4f 0x0 0x73 0xf 0xf6 0x11 0x73 0x32 0x1d 0x5 0xe9 0x2 0x0 0x28 0x65 0x1 0x0 0xa9 0x0 0x9a 0x0 0x58 0x0 0x57 0x0 0x74 0x74 0x74 0x74 0x74 0x74 0xf 0x2 0xf9 0x1 0x2 0x2 0x34 0x2 0x31 0x2 0x17 0x2 0x2 0x2 0xf7 0x1 0x2b 0x0 0x3 0x5b 0x5b 0x6a 0x85 0x4d 0x80 0x4f 0x80 0xa6 0x82 0xeb 0x7b 0x5e 0x6a 0x0 0x0 0xa2 0x4b 0x20 0x6 0x73 0xe7 0x15 0xee 0x0 0x0 0x0 0x0 0xf3 0x0 0x0 0x80 0x0 0xa4 0xa4 0x0 0x0 0x9f 0x5 0x0 0x0
1787978872245,0x1 0x8b 0xd 0x7d 0x84 0xb7 0x60 0xd 0x0 0x0 0xd 0x38 0x54 0x0 0xbe 0x11 0x45 0x11 0x73 0x32 0xbc 0x4 0xe9 0x2 0x0 0x28 0x65 0x1 0x0 0xa4 0x0 0x8f 0x0 0x58 0x0 0x58 0x0 0xa0 0xa0 0xa0 0xa0 0xa0 0xa0 0xd 0x2 0x1 0x2 0xd 0x2 0x6 0x2 0x12 0x2 0x0 0x2 0x12 0x2 0x7 0x2 0x2c 0x0 0x3 0x59 0x5a 0x6a 0x85 0x4d 0x80 0x4f 0x80 0xa6 0x82 0xeb 0x7b 0x5e 0x6a 0x0 0x0 0xa2 0x48 0x20 0x6 0x73 0xe7 0x15 0xee 0x0 0x0 0x0 0x0 0xff 0x0 0x0 0x80 0x0 0xa4 0xa4 0x0 0x4 0xac 0x5 0x0 0x0
1787978872469,0x1 0x8c 0xd 0x7d 0x84 0xb7 0x60 0xf 0x2 0x0 0xd 0x36 0x54 0x0 0x96 0x12 0xe4 0x11 0x73 0x31 0x85 0x4 0xe9 0x2 0x0 0x28 0x65 0x1 0x0 0x81 0x0 0x32 0x0 0x57 0x0 0x58 0x0 0xa0 0xa0 0xa0 0xa0 0xa0 0xa0 0x1f 0x2 0x26 0x2 0x23 0x2 0x2b 0x2 0x28 0x2 0x34 0x2 0x2b 0x2 0x34 0x2 0x2d 0x0 0x3 0x58 0x61 0x6a 0x76 0x4d 0x80 0x4f 0x80 0xa6 0x82 0xeb 0x7b 0x5e 0x6a 0x0 0x0 0xa2 0x46 0x20 0x6 0x73 0xe7 0x15 0xee 0x0 0x0 0x0 0x0 0xff 0x0 0x0 0x80 0x0 0xa4 0xa4 0x0 0x4 0x9f 0x5 0x0 0x0
1787978872693,0x1 0x8c 0xd 0x7d 0x84 0xb7 0x60 0x14 0x7 0x0 0xd 0x45 0x73 0x0 0x2a 0x17 0x15 0x17 0x73 0x31 0xf7 0x4 0xe9 0x2 0x0 0x28 0x65 0x1 0x0 0x31 0x0 0x1d 0x0 0x58 0x0 0x58 0x0 0x87 0x87 0x87 0x87 0x87 0x87 0x63 0x3 0x67 0x3 0x5d 0x3 0x69 0x3 0x71 0x3 0x69 0x3 0x63 0x3 0x59 0x3 0x29 0x0 0x3 0x5f 0x63 0x64 0x76 0x4d 0x80 0x4f 0x80 0xa6 0x82 0xeb 0x7b 0x5e 0x6a 0x0 0x0 0x2a 0x44 0xa8 0x0 0x73 0xe7 0x15 0xee 0x0 0x0 0x0 0x0 0xf8 0x0 0x0 0x80 0x0 0xa4 0xa4 0x0 0x8 0x9f 0x5 0x0 0x0
1787978872917,0x1 0x8c 0xd 0x7c 0x84 0xb7 0x60 0x15 0x7 0x0 0xd 0x45 0x76 0x0 0xa1 0x16 0x17 0x16 0x73 0x31 0x37 0x5 0xe9 0x2 0x0 0x28 0x65 0x1 0x0 0xb0 0x0 0xb3 0x0 0x57 0x0 0x57 0x0 0x6d 0x6d 0x6d 0x6d 0x6d 0x6d 0xe7 0x2 0x3 0x3 0xf4 0x2 0x11 0x3 0xf1 0x2 0xf7 0x2 0xff 0x2 0x11 0x3 0x28 0x0 0x3 0x58 0x64 0x5c 0x76 0x4d 0x80 0x4f 0x80 0xa6 0x82 0xeb 0x7b 0x5e 0x6a 0x0 0x0 0x82 0x45 0x0 0x0 0x73 0xe7 0x15 0xee 0x0 0x0 0x0 0x0 0xeb 0x0 0x0 0x80 0x0 0xa4 0xa4 0x0 0x8 0x9f 0x5 0x0 0x0
1787978873141,0x1 0x8b 0xd 0x7c 0x84 0xb7 0x60 0x18 0xb 0x0 0xd 0x48 0x76 0x0 0xe7 0x16 0x7c 0x16 0x73 0x31 0x27 0x5 0xe9 0x2 0x0 0x28 0x65 0x1 0x0 0xad 0x0 0xaf 0x0 0x58 0x0 0x58 0x0 0x6e 0x6e 0x6e 0x6e 0x6e 0x6e 0x5e 0x3 0xe 0x3 0xfc 0x2 0x12 0x3 0xf8 0x2 0x7 0x3 0x5e 0x3 0x7a 0x3 0x28 0x0 0x3 0x56 0x64 0x5c 0x76 0x4d 0x80 0x4f 0x80 0xa6 0x82 0xeb 0x7b 0x5e 0x6a 0x0 0x0 0x82 0x45 0x0 0x0 0x73 0xe7 0x15 0xee 0x0 0x0 0x0 0x0 0xed 0x0 0x0 0x80 0x0 0xa4 0xa4 0x0 0x8 0xac 0x5 0x0 0x0
1787978873365,0x1 0x8b 0xd 0x7c 0x84 0xb7 0x60 0x19 0xc 0x0 0xd 0x51 0x90 0x0 0x25 0x1b 0xe8 0x1a 0x73 0x31 0x4e 0x5 0xe9 0x2 0x0 0x28 0x65 0x1 0x0 0xa7 0x0 0xac 0x0 0x57 0x0 0x58 0x0 0x71 0x71 0x71 0x71 0x71 0x71 0xc5 0x3 0xb9 0x3 0xb0 0x3 0xb9 0x3 0xbf 0x3 0xcc 0x3 0xb6 0x3 0xb9 0x3 0x27 0x0 0x3 0x53 0x5b 0x5c 0x5f 0x4d 0x80 0x4f 0x80 0xa6 0x82 0xeb 0x7b 0x5e 0x6a 0x0 0x0 0x82 0x47 0x0 0x0 0x73 0xe7 0x15 0xee 0x0 0x0 0x0 0x0 0xe5 0x0 0x0 0x80 0x0 0xa4 0xa4 0x0 0x8 0xac 0x5 0x0 0x0
1787978873589,0x1 0x8c 0xd 0x7c 0x85 0xb7 0x60 0x19 0xc 0x0 0xd 0x51 0x92 0x0 0x2a 0x1b 0x48 0x1b 0x73 0x30 0x60 0x5 0xe5 0x2 0x0 0x28 0x65 0x1 0x0 0xa6 0x0 0xac 0x0 0x58 0x0 0x58 0x0 0x71 0x71 0x71 0x71 0x71 0x71 0x99 0x3 0x9c 0x3 0xa5 0x3 0xad 0x3 0xa5 0x3 0xa5 0x3 0x9a 0x3 0x9c 0x3 0x27 0x0 0x3 0x51 0x58 0x5c 0x5f 0x4d 0x80 0x4f 0x80 0xa6 0x82 0xeb 0x7b 0x5e 0x6a 0x0 0x0 0x82 0x48 0x0 0x0 0x73 0xe7 0x15 0xee 0x0 0x0 0x0 0x0 0xe2 0x0 0x0 0x80 0x0 0xa4 0xa4 0x0 0x8 0x9f 0x5 0x0 0x0
1787978873813,0x1 0x8c 0xd 0x7c 0x85 0xb7 0x60 0x19 0xc 0x0 0xd 0x50 0x90 0x0 0xe3 0x1a 0x13 0x1b 0x73 0x30 0x5b 0x5 0xe5 0x2 0x0 0x28 0x65 0x1 0x0 0x87 0x0 0x99 0x0 0x58 0x0 0x58 0x0 0x71 0x71 0x71 0x71 0x71 0x71 0x79 0x3 0x80 0x3 0x75 0x3 0x7e 0x3 0x74 0x3 0x7f 0x3 0x74 0x3 0x77 0x3 0x28 0x0 0x3 0x4e 0x56 0x5c 0x5f 0x4d 0x80 0x4f 0x80 0xa6 0x82 0xeb 0x7b 0x5e 0x6a 0x0 0x0 0xc5 0x46 0x0 0x0 0x73 0xe7 0x15 0xee 0x0 0x0 0x0 0x0 0xe2 0x0 0x0 0x80 0x0 0xa4 0xa4 0x0 0x8 0x9f 0x5 0x0 0x0
1787978874036,0x1 0x8a 0xd 0x7b 0x85 0xb6 0x60 0x19 0xc 0x0 0xd 0x50 0x92 0x0 0x86 0x1b 0x4a 0x1b 0x73 0x30 0x4e 0x5 0xe5 0x2 0x0 0x28 0x65 0x1 0x0 0x26 0x0 0x36 0x0 0x57 0x0 0x57 0x0 0x71 0x71 0x71 0x71 0x71 0x71 0x86 0x3 0x88 0x3 0x86 0x3 0x69 0x3 0x89 0x3 0x86 0x3 0x8a 0x3 0x88 0x3 0x27 0x0 0x3 0x56 0x5c 0x57 0x5c 0x4d 0x80 0x4f 0x80 0xa6 0x82 0xeb 0x7b 0x5e 0x6a 0x0 0x0 0xc5 0x46 0x0 0x0 0x73 0xe7 0x15 0xee 0x0 0x0 0x0 0x0 0xe4 0x0 0x0 0x80 0x0 0xa4 0xa4 0x0 0x8 0xb9 0x5 0x0 0x0
1787978874261,0x1 0x8c 0xd 0x7b 0x85 0xb6 0x60 0x19 0xc 0x0 0xd 0x51 0x94 0x0 0xc2 0x1b 0x6c 0x1b 0x73 0x30 0x55 0x5 0xe5 0x2 0x0 0x28 0x65 0x1 0x0 0x11 0x0 0x13 0x0 0x58 0x0 0x58 0x0 0x71 0x71 0x71 0x71 0x71 0x71 0x84 0x3 0x7d 0x3 0x7f 0x3 0x82 0x3 0x89 0x3 0x82 0x3 0x89 0x3 0x85 0x3 0x27 0x0 0x3 0x59 0x5e 0x57 0x5c 0x4d 0x80 0x4f 0x80 0xa6 0x82 0xeb 0x7b 0x5e 0x6a 0x0 0x0 0xc5 0x46 0x0 0x0 0x73 0xe7 0x15 0xee 0x0 0x0 0x0 0x0 0xe2 0x0 0x0 0x80 0x0 0xa4 0xa4 0x0 0x8 0x9f 0x5 0x0 0x0
1787978874484,0x1 0x8c 0xd 0x7b 0x85 0xb6 0x60 0x19 0xc 0x0 0xd 0x51 0x91 0x0 0x3c 0x1b 0x54 0x1b 0x73 0x30 0x53 0x5 0xe5 0x2 0x0 0x28 0x65 0x1 0x0 0xb 0x0 0xc 0x0 0x58 0x0 0x57 0x0 0x71 0x71 0x71 0x71 0x71 0x71 0x89 0x3 0x84 0x3 0x86 0x3 0x84 0x3 0x8c 0x3 0x84 0x3 0x87 0x3 0x84 0x3 0x27 0x0 0x3 0x5b 0x61 0x57 0x5c 0x4d 0x80 0x4f 0x80 0xa6 0x82 0xeb 0x7b 0x5e 0x6a 0x0 0x0 0xc5 0x46 0x0 0x0 0x73 0xe7 0x15 0xee 0x0 0x0 0x0 0x0 0xe3 0x0 0x0 0x80 0x0 0xa4 0xa4 0x0 0x8 0x9f 0x5 0x0 0x0
1787978874709,0x1 0x8c 0xd 0x7b 0x85 0xb6 0x60 0x19 0xc 0x0 0xd 0x4f 0x8e 0x0 0xac 0x1a 0x2e 0x1b 0x73 0x30 0x53 0x5 0xe5 0x2 0x0 0x28 0x65 0x1 0x0 0x9 0x0 0xa 0x0 0x57 0x0 0x57 0x0 0x71 0x71 0x71 0x71 0x71 0x71 0x7d 0x3 0x7f 0x3 0x86 0x3 0x8a 0x3 0x8b 0x3 0x84 0x3 0x85 0x3 0x84 0x3 0x27 0x0 0x3 0x5e 0x64 0x57 0x5c 0x4d 0x80 0x4f 0x80 0xa6 0x82 0xeb 0x7b 0x5e 0x6a 0x0 0x0 0xc5 0x46 0x0 0x0 0x73 0xe7 0x15 0xee 0x0 0x0 0x0 0x0 0xe3 0x0 0x0 0x80 0x0 0xa4 0xa4 0x0 0x8 0x9f 0x5 0x0 0x0
1787978874933,0x1 0x8b 0xd 0x7b 0x85 0xb6 0x60 0x19 0xc 0x0 0xd 0x51 0x8f 0x0 0xd7 0x1a 0x1b 0x1b 0x73 0x30 0x54 0x5 0xe5 0x2 0x0 0x28 0x65 0x1 0x0 0x9 0x0 0x9 0x0 0x58 0x0 0x57 0x0 0x71 0x71 0x71 0x71 0x71 0x71 0x91 0x3 0x86 0x3 0x88 0x3 0x92 0x3 0x94 0x3 0x90 0x3 0x88 0x3 0x85 0x3 0x27 0x0 0x3 0x61 0x66 0x57 0x5c 0x4d 0x80 0x4f 0x80 0xa6 0x82 0xeb 0x7b 0x5e 0x6a 0x0 0x0 0xc5 0x46 0x0 0x0 0x73 0xe7 0x15 0xee 0x0 0x0 0x0 0x0 0xe2 0x0 0x0 0x80 0x0 0xa4 0xa4 0x0 0x8 0xac 0x5 0x0 0x0
1787978875157,0x1 0x8b 0xd 0x7b 0x85 0xb6 0x60 0x19 0xc 0x0 0xd 0x51 0x90 0x0 0x2 0x1b 0x5e 0x1b 0x73 0x30 0x55 0x5 0xe5 0x2 0x0 0x28 0x65 0x1 0x0 0xa 0x0 0x9 0x0 0x58 0x0 0x57 0x0 0x71 0x71 0x71 0x71 0x71 0x71 0xa1 0x3 0x9b 0x3 0x9e 0x3 0x99 0x3 0x99 0x3 0x93 0x3 0x95 0x3 0x93 0x3 0x27 0x0 0x3 0x63 0x69 0x57 0x5c 0x4d 0x80 0x4f 0x80 0xa6 0x82 0xeb 0x7b 0x5e 0x6a 0x0 0x0 0xc5 0x46 0x0 0x0 0x73 0xe7 0x15 0xee 0x0 0x0 0x0 0x0 0xe1 0x0 0x0 0x80 0x0 0xa4 0xa4 0x0 0x8 0xac 0x5 0x0 0x0
1787978875381,0x1 0x8c 0xd 0x7b 0x85 0xb6 0x60 0x19 0xc 0x0 0xd 0x50 0x94 0x0 0xcc 0x1b 0x85 0x1b 0x73 0x30 0x53 0x5 0xe5 0x2 0x0 0x28 0x65 0x1 0x0 0xa 0x0 0xa 0x0 0x58 0x0 0x57 0x0 0x71 0x71 0x71 0x71 0x71 0x71 0x9d 0x3 0x99 0x3 0x9e 0x3 0x9e 0x3 0x9f 0x3 0x9a 0x3 0xa1 0x3 0x9e 0x3 0x27 0x0 0x3 0x66 0x6b 0x57 0x5c 0x4d 0x80 0x4f 0x80 0xa6 0x82 0xeb 0x7b 0x5d 0x68 0x0 0x0 0xc5 0x46 0x0 0x0 0x73 0xe7 0x15 0xee 0x0 0x0 0x0 0x0 0xe1 0x0 0x0 0x80 0x0 0xa4 0xa4 0x0 0x8 0x9f 0x5 0x0 0x0
1787978875604,0x1 0x8c 0xd 0x7b 0x86 0xb6 0x60 0x19 0xc 0x0 0xd 0x51 0x91 0x0 0x41 0x1b 0x8f 0x1b 0x73 0x30 0x52 0x5 0xe1 0x2 0x0 0x28 0x65 0x1 0x0 0xa 0x0 0xa 0x0 0x57 0x0 0x57 0x0 0x71 0x71 0x71 0x71 0x71 0x71 0xa3 0x3 0x9f 0x3 0xa2 0x3 0xa0 0x3 0xa4 0x3 0xa6 0x3 0xa3 0x3 0xa0 0x3 0x27 0x0 0x3 0x68 0x6e 0x57 0x5c 0x4d 0x80 0x4f 0x80 0xa6 0x82 0xeb 0x7b 0x5d 0x68 0x0 0x0 0xc5 0x46 0x0 0x0 0x73 0xe7 0x15 0xee 0x0 0x0 0x0 0x0 0xe0 0x0 0x0 0x80 0x0 0xa4 0xa4 0x0 0x8 0x9f 0x5 0x0 0x0
1787978875829,0x1 0x8b 0xd 0x7b 0x86 0xb6 0x60 0x19 0xc 0x0 0xd 0x50 0x93 0x0 0xa1 0x1b 0x96 0x1b 0x73 0x30 0x52 0x5 0xe1 0x2 0x0 0x28 0x65 0x1 0x0 0xb 0x0 0xb 0x0 0x58 0x0 0x58 0x0 0x71 0x71 0x71 0x71 0x71 0x71 0xa9 0x3 0xa7 0x3 0xa9 0x3 0xa6 0x3 0xaa 0x3 0xa5 0x3 0xa9 0x3 0xa6 0x3 0x27 0x0 0x3 0x6b 0x71 0x57 0x5c 0x4d 0x80 0x4f 0x80 0xa6 0x82 0xeb 0x7b 0x5d 0x68 0x0 0x0 0x7 0x46 0x0 0x0 0x73 0xe7 0x15 0xee 0x0 0x0 0x0 0x0 0xdf 0x0 0x0 0x80 0x0 0xa4 0xa4 0x0 0x8 0xac 0x5 0x0 0x0
1787978876052,0x1 0x8b 0xd 0x7a 0x86 0xb6 0x60 0x19 0xc 0x0 0xd 0x52 0x93 0x0 0xa6 0x1b 0x86 0x1b 0x73 0x2f 0x51 0x5 0xe1 0x2 0x0 0x28 0x65 0x1 0x0 0xb 0x0 0xb 0x0 0x57 0x0 0x58 0x0 0x71 0x71 0x71 0x71 0x71 0x71 0xaf 0x3 0xb0 0x3 0xb0 0x3 0xab 0x3 0xae 0x3 0xac 0x3 0xaf 0x3 0xac 0x3 0x27 0x0 0x3 0x6e 0x73 0x57 0x5c 0x4d 0x80 0x4f 0x80 0xa6 0x82 0xeb 0x7b 0x5d 0x68 0x0 0x0 0x7 0x46 0x0 0x0 0x73 0xe7 0x15 0xee 0x0 0x0 0x0 0x0 0xe0 0x0 0x0 0x80 0x0 0xa4 0xa4 0x0 0x8 0xac 0x5 0x0 0x0
1787978876277,0x1 0x8c 0xd 0x7a 0x86 0xb6 0x60 0x19 0xc 0x0 0xd 0x4f 0x92 0x0 0x76 0x1b 0x67 0x1b 0x73 0x2f 0x51 0x5 0xe1 0x2 0x0 0x28 0x65 0x1 0x0 0xb 0x0 0xc 0x0 0x58 0x0 0x58 0x0 0x71 0x71 0x71 0x71 0x71 0x71 0xb6 0x3 0xb3 0x3 0xb4 0x3 0xb2 0x3 0xb6 0x3 0xb4 0x3 0xb4 0x3 0xb2 0x3 0x27 0x0 0x3 0x70 0x76 0x57 0x5c 0x4d 0x80 0x4f 0x80 0xa6 0x82 0xeb 0x7b 0x5d 0x68 0x0 0x0 0x7 0x46 0x0 0x0 0x73 0xe7 0x15 0xee 0x0 0x0 0x0 0x0 0xe0 0x0 0x0 0x80 0x0 0xa4 0xa4 0x0 0x8 0x9f 0x5 0x0 0x0
1787978876501,0x1 0x8c 0xd 0x7a 0x86 0xb6 0x60 0x19 0xc 0x0 0xd 0x51 0x92 0x0 0x67 0x1b 0x98 0x1b 0x73 0x2f 0x54 0x5 0xe1 0x2 0x0 0x28 0x65 0x1 0x0 0xc 0x0 0xc 0x0 0x58 0x0 0x57 0x0 0x71 0x71 0x71 0x71 0x71 0x71 0xc6 0x3 0xc2 0x3 0xca 0x3 0xc5 0x3 0xc9 0x3 0xc7 0x3 0xc5 0x3 0xc2 0x3 0x27 0x0 0x3 0x73 0x79 0x57 0x5c 0x4d 0x80 0x4f 0x80 0xa6 0x82 0xeb 0x7b 0x5e 0x6a 0x0 0x0 0x7 0x46 0x0 0x0 0x73 0xe7 0x15 0xee 0x0 0x0 0x0 0x0 0xdf 0x0 0x0 0x80 0x0 0xa4 0xa4 0x0 0x8 0x9f 0x5 0x0 0x0
1787978876724,0x1 0x8c 0xd 0x7a 0x86 0xb6 0x60 0x19 0xc 0x0 0xd 0x4f 0x91 0x0 0x28 0x1b 0x58 0x1b 0x73 0x2f 0x57 0x5 0xe1 0x2 0x0 0x28 0x65 0x1 0x0 0xd 0x0 0xd 0x0 0x58 0x0 0x57 0x0 0x71 0x71 0x71 0x71 0x71 0x71 0xc7 0x3 0xc5 0x3 0xc5 0x3 0xc4 0x3 0xc6 0x3 0xc3 0x3 0xc6 0x3 0xc3 0x3 0x27 0x0 0x3 0x76 0x7b 0x57 0x5c 0x4d 0x80 0x4f 0x80 0xa6 0x82 0xeb 0x7b 0x5e 0x6a 0x0 0x0 0x7 0x46 0x0 0x0 0x73 0xe7 0x15 0xee 0x0 0x0 0x0 0x0 0xdf 0x0 0x0 0x80 0x0 0xa4 0xa4 0x0 0x8 0x9f 0x5 0x0 0x0
1787978876948,0x1 0x8b 0xd 0x7a 0x86 0xb6 0x60 0x19 0xc 0x0 0xd 0x50 0x91 0x0 0x37 0x1b 0x8e 0x1b 0x73 0x2f 0x54 0x5 0xe1 0x2 0x0 0x28 0x65 0x1 0x0 0xd 0x0 0xf 0x0 0x57 0x0 0x57 0x0 0x71 0x71 0x71 0x71 0x71 0x71 0xd9 0x3 0xd4 0x3 0xd7 0x3 0xd5 0x3 0xd8 0x3 0xd8 0x3 0xd7 0x3 0xd4 0x3 0x27 0x0 0x3 0x78 0x7e 0x57 0x5c 0x4d 0x80 0x4f 0x80 0xa6 0x82 0xeb 0x7b 0x5e 0x6a 0x0 0x0 0x7 0x46 0x0 0x0 0x73 0xe7 0x15 0xee 0x0 0x0 0x0 0x0 0xdf 0x0 0x0 0x80 0x0 0xa4 0xa4 0x0 0x8 0xac 0x5 0x0 0x0
1787978877173,0x1 0x8c 0xd 0x7a 0x86 0xb6 0x60 0x19 0xc 0x0 0xd 0x52 0x91 0x0 0x22 0x1b 0x7b 0x1b 0x73 0x2f 0x58 0x5 0xe1 0x2 0x0 0x28 0x65 0x1 0x0 0xf 0x0 0x11 0x0 0x57 0x0 0x57 0x0 0x71 0x71 0x71 0x71 0x71 0x71 0xde 0x3 0xdb 0x3 0xe1 0x3 0xdf 0x3 0xe1 0x3 0xdb 0x3 0xde 0x3 0xdb 0x3 0x27 0x0 0x3 0x7b 0x80 0x57 0x5c 0x4d 0x80 0x4f 0x80 0xa6 0x82 0xeb 0x7b 0x5e 0x6a 0x0 0x0 0x7 0x46 0x0 0x0 0x73 0xe7 0x15 0xee 0x0 0x0 0x0 0x0 0xde 0x0 0x0 0x80 0x0 0xa4 0xa4 0x0 0x8 0x9f 0x5 0x0 0x0
1787978877396,0x1 0x8b 0xd 0x7a 0x86 0xb6 0x60 0xd 0x0 0x0 0xd 0x37 0x56 0x0 0x55 0x10 0xe5 0x16 0x73 0x2f 0x44 0x5 0xe1 0x2 0x0 0x28 0x65 0x1 0x0 0x12 0x0 0x14 0x0 0x58 0x0 0x57 0x0 0x73 0x73 0x73 0x73 0x73 0x73 0xd1 0x2 0x90 0x2 0x7d 0x2 0x8b 0x3 0x54 0x3 0x23 0x3 0x7d 0x2 0x7b 0x2 0x29 0x0 0x3 0x7d 0x83 0x57 0x5c 0x4d 0x80 0x4f 0x80 0xa6 0x82 0xeb 0x7b 0x5e 0x6a 0x0 0x0 0x7 0x46 0x0 0x0 0x73 0xe7 0x15 0xee 0x0 0x0 0x0 0x0 0xe0 0x0 0x0 0x80 0x0 0xa4 0xa4 0x0 0x0 0xac 0x5 0x0 0x0
1787978877619,0x1 0x8b 0xd 0x79 0x86 0xb6 0x60 0xd 0x0 0x0 0xd 0x35 0x52 0x0 0x61 0x11 0x42 0x12 0x73 0x2f 0xb8 0x4 0xe1 0x2 0x0 0x28 0x65 0x1 0x0 0x87 0x0 0x86 0x0 0x58 0x0 0x57 0x0 0xa0 0xa0 0xa0 0xa0 0xa0 0xa0 0x3e 0x2 0x34 0x2 0x29 0x2 0x3c 0x2 0x2e 0x2 0x40 0x2 0x2e 0x2 0x3c 0x2 0x2c 0x0 0x3 0x77 0x84 0x66 0x5c 0x4d 0x80 0x4f 0x80 0xa6 0x82 0xeb 0x7b 0x5e 0x6a 0x0 0x0 0x9f 0x45 0x98 0x5 0x73 0xe7 0x15 0xee 0x0 0x0 0x0 0x0 0xf9 0x0 0x0 0x80 0x0 0xa4 0xa4 0x0 0x4 0xac 0x5 0x0 0x0
1787978877844,0x1 0x8a 0xd 0x79 0x86 0xb6 0x60 0xd 0x0 0x0 0xd 0x34 0x4e 0x0 0x90 0x11 0x10 0x12 0x73 0x2f 0x71 0x4 0xe1 0x2 0x0 0x28 0x65 0x1 0x0 0x25 0x0 0x19 0x0 0x58 0x0 0x58 0x0 0xa0 0xa0 0xa0 0xa0 0xa0 0xa0 0x46 0x2 0x54 0x2 0x42 0x2 0x57 0x2 0x55 0x2 0x53 0x2 0x52 0x2 0x53 0x2 0x2d 0x0 0x3 0x7e 0x84 0x7b 0x5c 0x4d 0x80 0x4f 0x80 0xa6 0x82 0xeb 0x7b 0x5e 0x6a 0x0 0x0 0x9f 0x43 0x98 0x5 0x73 0xe7 0x15 0xee 0x0 0x0 0x0 0x0 0xff 0x0 0x0 0x80 0x0 0xa4 0xa4 0x0 0x4 0xb9 0x5 0x0 0x0
1787978878068,0x1 0x8c 0xd 0x79 0x87 0xb6 0x60 0xd 0x0 0x0 0xd 0x34 0x50 0x0 0x8d 0x12 0x2c 0x12 0x73 0x2e 0x50 0x4 0xde 0x2 0x0 0x28 0x65 0x1 0x0 0xe 0x0 0xe 0x0 0x57 0x0 0x58 0x0 0xb1 0xb1 0xb1 0xb1 0xb1 0xb1 0x79 0x2 0x67 0x2 0x6d 0x2 0x73 0x2 0x72 0x2 0x75 0x2 0x79 0x2 0x7a 0x2 0x2e 0x0 0x3 0x7f 0x86 0x7b 0x5c 0x4d 0x80 0x4f 0x80 0xa6 0x82 0xeb 0x7b 0x5e 0x6a 0x0 0x0 0xc5 0x3c 0xbe 0xff 0x73 0xe7 0x15 0xee 0x0 0x0 0x0 0x0 0xff 0x0 0x0 0x80 0x0 0xa4 0xa4 0x0 0x4 0x9f 0x5 0x0 0x0
1787978878291,0x1 0x8c 0xd 0x79 0x87 0xb6 0x60 0xd 0x0 0x0 0xd 0x32 0x4b 0x0 0xa1 0x11 0xfd 0x11 0x73 0x2e 0x41 0x4 0xde 0x2 0x0 0x28 0x65 0x1 0x0 0x10 0x0 0xf 0x0 0x57 0x0 0x58 0x0 0xb2 0xb2 0xb2 0xb2 0xb2 0xb2 0x71 0x2 0x7a 0x2 0x74 0x2 0x72 0x2 0x73 0x2 0x73 0x2 0x71 0x2 0x72 0x2 0x2e 0x0 0x3 0x81 0x87 0x7b 0x5c 0x4d 0x80 0x4f 0x80 0xa6 0x82 0xeb 0x7b 0x5e 0x6a 0x0 0x0 0xd1 0x39 0x86 0xfd 0x73 0xe7 0x15 0xee 0x0 0x0 0x0 0x0 0xff 0x0 0x0 0x80 0x0 0xa4 0xa4 0x0 0x4 0x9f 0x5 0x0 0x0
1787978878516,0x1 0x8c 0xd 0x79 0x87 0xb6 0x60 0x16 0x9 0x0 0xd 0x47 0x73 0x0 0xe 0x1a 0x10 0x17 0x73 0x2e 0x6a 0x4 0xde 0x2 0x0 0x28 0x65 0x1 0x0 0x19 0x0 0x1f 0x0 0x57 0x0 0x58 0x0 0xa0 0xa0 0xa0 0xa0 0xa0 0xa0 0x30 0x4 0xd3 0x3 0xe4 0x3 0x6 0x4 0x39 0x4 0x43 0x4 0x30 0x4 0x30 0x4 0x2a 0x0 0x3 0x82 0x88 0x7b 0x5c 0x4d 0x80 0x4f 0x80 0xa6 0x82 0xeb 0x7b 0x5e 0x65 0x0 0x0 0x4b 0x3c 0x0 0x0 0x73 0xe7 0x15 0xee 0x0 0x0 0x0 0x0 0xff 0x0 0x0 0x80 0x0 0xa4 0xa4 0x0 0x8 0x9f 0x5 0x0 0x0
1787978878740,0x1 0x8b 0xd 0x79 0x87 0xb6 0x60 0x17 0xa 0x0 0xd 0x4a 0x7e 0x0 0x5c 0x19 0x19 0x19 0x73 0x2e 0xf8 0x4 0xde 0x2 0x0 0x28 0x65 0x1 0x0 0xb4 0x0 0xb6 0x0 0x58 0x0 0x58 0x0 0x83 0x83 0x83 0x83 0x83 0x83 0x2e 0x4 0x44 0x4 0x2e 0x4 0x67 0x4 0x35 0x4 0x4d 0x4 0x2e 0x4 0x4e 0x4 0x27 0x0 0x3 0x7b 0x89 0x7d 0x5c 0x4d 0x80 0x4f 0x80 0xa6 0x82 0xeb 0x7b 0x5e 0x65 0x0 0x0 0x4b 0x41 0x0 0x0 0x73 0xe7 0x15 0xee 0x0 0x0 0x0 0x0 0xec 0x0 0x0 0x80 0x0 0xa4 0xa4 0x0 0x8 0xac 0x5 0x0 0x0
1787978878964,0x1 0x8c 0xd 0x79 0x87 0xb6 0x60 0x17 0xa 0x0 0xd 0x4a 0x7e 0x0 0xb 0x19 0x34 0x19 0x73 0x2d 0x8 0x5 0xde 0x2 0x0 0x28 0x65 0x3 0x0 0xbd 0x0 0xbd 0x0 0x58 0x0 0x58 0x0 0x72 0x72 0x72 0x72 0x72 0x72 0xf 0x4 0x3f 0x4 0x17 0x4 0x3c 0x4 0x7 0x4 0x26 0x4 0x7 0x4 0x2e 0x4 0x27 0x0 0x3 0x79 0x89 0x7d 0x5c 0x4d 0x80 0x4f 0x80 0xa6 0x82 0xeb 0x7b 0x5e 0x65 0x0 0x0 0x4b 0x42 0x0 0x0 0x73 0xe7 0x15 0xee 0x0 0x0 0x0 0x0 0xe4 0x0 0x0 0x80 0x0 0xa4 0xa4 0x0 0x8 0x9f 0x5 0x0 0x0
1787978879187,0x1 0x8b 0xd 0x79 0x87 0xb6 0x60 0x17 0xa 0x0 0xd 0x4b 0x7f 0x0 0x2 0x19 0xde 0x18 0x73 0x2e 0x14 0x5 0xde 0x2 0x0 0x28 0x65 0x3 0x0 0xbc 0x0 0xbd 0x0 0x58 0x0 0x57 0x0 0x71 0x71 0x71 0x71 0x71 0x71 0xd9 0x3 0xf5 0x3 0xda 0x3 0xdc 0x3 0xd9 0x3 0xe5 0x3 0xd9 0x3 0xe4 0x3 0x27 0x0 0x3 0x76 0x80 0x7d 0x6e 0x4d 0x80 0x4f 0x80 0xa6 0x82 0xeb 0x7b 0x5e 0x65 0x0 0x0 0x4b 0x42 0x0 0x0 0x73 0xe7 0x15 0xee 0x0 0x0 0x0 0x0 0xe9 0x0 0x0 0x80 0x0 0xa4 0xa4 0x0 0x8 0xac 0x5 0x0 0x0
1787978879411,0x1 0x8c 0xd 0x78 0x87 0xb6 0x60 0x17 0xa 0x0 0xd 0x4b 0x7e 0x0 0x3b 0x16 0xed 0x16 0x73 0x2d 0xab 0x5 0xde 0x2 0x0 0x28 0x65 0x3 0x0 0xb9 0x0 0xbb 0x0 0x57 0x0 0x57 0x0 0x6b 0x6b 0x6b 0x6b 0x6b 0x6b 0x6f 0x3 0x73 0x3 0x64 0x3 0x68 0x3 0x51 0x3 0x84 0x3 0x51 0x3 0x5b 0x3 0x27 0x0 0x3 0x74 0x7e 0x7d 0x6e 0x4d 0x80 0x4f 0x80 0xa6 0x82 0xeb 0x7b 0x60 0x67 0x0 0x0 0x4b 0x48 0x0 0x0 0x73 0xe7 0x15 0xee 0x0 0x0 0x0 0x0 0xf2 0x0 0x0 0x80 0x0 0xa4 0xa4 0x0 0x8 0x9f 0x5 0x0 0x0
1787978879635,0x1 0x8a 0xd 0x78 0x87 0xb6 0x60 0x17 0xa 0x0 0xd 0x4b 0x84 0x0 0x48 0x15 0x51 0x15 0x73 0x2d 0x34 0x6 0xde 0x2 0x0 0x28 0x65 0x3 0x0 0xb4 0x0 0xb5 0x0 0x57 0x0 0x57 0x0 0x67 0x67 0x67 0x67 0x67 0x67 0x1 0x3 0x6 0x3 0xf7 0x2 0x0 0x3 0xa 0x3 0xf 0x3 0xf7 0x2 0x0 0x3 0x27 0x0 0x3 0x72 0x7b 0x7d 0x6e 0x4d 0x80 0x4f 0x80 0xa6 0x82 0xeb 0x7b 0x60 0x67 0x0 0x0 0x4b 0x4c 0x0 0x0 0x73 0xe7 0x15 0xee 0x0 0x0 0x0 0x0 0xfc 0x0 0x0 0x80 0x0 0xa4 0xa4 0x0 0x8 0xb9 0x5 0x0 0x0
1787978879860,0x1 0x8b 0xd 0x78 0x87 0xb6 0x60 0x17 0xa 0x0 0xd 0x4c 0x86 0x0 0xda 0x14 0xcc 0x14 0x73 0x2d 0x6d 0x6 0xde 0x2 0x0 0x28 0x65 0x3 0x0 0xa1 0x0 0xab 0x0 0x57 0x0 0x57 0x0 0x66 0x66 0x66 0x66 0x66 0x66 0xcf 0x2 0xda 0x2 0xd4 0x2 0xdd 0x2 0xd1 0x2 0xdd 0x2 0xd1 0x2 0xdc 0x2 0x26 0x0 0x3 0x6f 0x78 0x7d 0x6e 0x4d 0x80 0x4f 0x80 0xa6 0x82 0xeb 0x7b 0x60 0x67 0x0 0x0 0x4b 0x4e 0x0 0x0 0x73 0xe7 0x15 0xee 0x0 0x0 0x0 0x0 0xf6 0x0 0x0 0x80 0x0 0xa4 0xa4 0x0 0x8 0xac 0x5 0x0 0x0
1787978880083,0x1 0x8b 0xd 0x78 0x87 0xb6 0x60 0x17 0xa 0x0 0xd 0x4b 0x82 0x0 0x64 0x14 0xa6 0x14 0x73 0x2c 0x60 0x6 0xde 0x2 0x0 0x28 0x65 0x1 0x0 0x80 0x0 0xa6 0x0 0x58 0x0 0x58 0x0 0x66 0x66 0x66 0x66 0x66 0x66 0xcc 0x2 0xd0 0x2 0xc3 0x2 0xcc 0x2 0xbe 0x2 0xd8 0x2 0xbe 0x2 0xc7 0x2 0x26 0x0 0x3 0x6c 0x76 0x7d 0x6e 0x4d 0x80 0x4f 0x80 0xa6 0x82 0xeb 0x7b 0x60 0x67 0x0 0x0 0x4b 0x4e 0x0 0x0 0x73 0xe7 0x15 0xee 0x0 0x0 0x0 0x0 0xf6 0x0 0x0 0x80 0x0 0xa4 0xa4 0x0 0x8 0xac 0x5 0x0 0x0
1787978880308,0x1 0x8c 0xd 0x78 0x87 0xb6 0x60 0x17 0xa 0x0 0xd 0x4d 0x86 0x0 0x34 0x15 0xd8 0x14 0x73 0x2c 0x52 0x6 0xde 0x2 0x0 0x28 0x65 0x1 0x0 0x51 0x0 0x9d 0x0 0x57 0x0 0x57 0x0 0x66 0x66 0x66 0x66 0x66 0x66 0xb8 0x2 0xbf 0x2 0xb8 0x2 0xc3 0x2 0xbe 0x2 0xc4 0x2 0xbe 0x2 0xc7 0x2 0x27 0x0 0x3 0x6a 0x73 0x7d 0x6e 0x4d 0x80 0x4f 0x80 0xa6 0x82 0xeb 0x7b 0x60 0x67 0x0 0x0 0x45 0x4d 0x0 0x0 0x73 0xe7 0x15 0xee 0x0 0x0 0x0 0x0 0xf6 0x0 0x0 0x80 0x0 0xa4 0xa4 0x0 0x8 0x9f 0x5 0x0 0x0
1787978880532,0x1 0x8b 0xd 0x78 0x87 0xb6 0x60 0x11 0x4 0x0 0xd 0x4c 0x83 0x0 0xcb 0x14 0x2d 0x15 0x73 0x2c 0x4d 0x6 0xde 0x2 0x0 0x28 0x65 0x1 0x0 0x24 0x0 0x6d 0x0 0x57 0x0 0x57 0x0 0x67 0x67 0x67 0x67 0x67 0x67 0xe2 0x2 0xcb 0x2 0xe5 0x2 0xcf 0x2 0xe2 0x2 0xd3 0x2 0xe2 0x2 0xc9 0x2 0x27 0x0 0x3 0x74 0x71 0x77 0x6e 0x4d 0x80 0x4f 0x80 0xa6 0x82 0xeb 0x7b 0x5e 0x65 0x0 0x0 0x45 0x4d 0x0 0x0 0x73 0xe7 0x15 0xee 0x0 0x0 0x0 0x0 0xf6 0x0 0x0 0x80 0x0 0xa4 0xa4 0x0 0x8 0xac 0x5 0x0 0x0
1787978880755,0x1 0x8a 0xd 0x78 0x87 0xb6 0x60 0xd 0x0 0x0 0xd 0x36 0x53 0x0 0xd1 0xd 0x3e 0xf 0x73 0x2c 0x2 0x6 0xde 0x2 0x0 0x28 0x65 0x1 0x0 0x1b 0x0 0x4a 0x0 0x58 0x0 0x57 0x0 0x73 0x73 0x73 0x73 0x73 0x73 0xe5 0x1 0xdc 0x1 0xd7 0x1 0xcf 0x1 0xd9 0x1 0xe3 0x1 0xd9 0x1 0xd2 0x1 0x29 0x0 0x3 0x76 0x78 0x77 0x7c 0x4d 0x80 0x4f 0x80 0xa6 0x82 0xeb 0x7b 0x5e 0x65 0x0 0x0 0x45 0x4b 0x0 0x0 0x73 0xe7 0x15 0xee 0x0 0x0 0x0 0x0 0xff 0x0 0x0 0x80 0x0 0xa4 0xa4 0x0 0x0 0xb9 0x5 0x0 0x0
1787978880979,0x1 0x8b 0xd 0x78 0x87 0xb6 0x60 0xd 0x0 0x0 0xd 0x39 0x57 0x0 0x3c 0xf 0xf7 0xe 0x73 0x2b 0xb6 0x5 0xde 0x2 0x0 0x28 0x65 0x1 0x0 0x71 0x0 0x41 0x0 0x58 0x0 0x57 0x0 0x82 0x82 0x82 0x82 0x82 0x82 0xf3 0x1 0xf3 0x1 0x1 0x2 0xfb 0x1 0xf5 0x1 0xf3 0x1 0x2 0x2 0xfb 0x1 0x29 0x0 0x3 0x78 0x7a 0x77 0x7c 0x4d 0x80 0x4f 0x80 0xa6 0x82 0xeb 0x7b 0x5e 0x65 0x0 0x0 0xdd 0x4d 0x98 0x5 0x73 0xe7 0x15 0xee 0x0 0x0 0x0 0x0 0xff 0x0 0x0 0x80 0x0 0xa4 0xa4 0x0 0x0 0xac 0x5 0x0 0x0
1787978881203,0x1 0x8b 0xd 0x78 0x87 0xb6 0x60 0xd 0x0 0x0 0xd 0x38 0x56 0x0 0x32 0xf 0x13 0xf 0x73 0x2b 0xa9 0x5 0xde 0x2 0x0 0x28 0x65 0x1 0x0 0x33 0x0 0x1e 0x0 0x58 0x0 0x57 0x0 0x90 0x90 0x90 0x90 0x90 0x90 0x8 0x2 0x7 0x2 0xf9 0x1 0x6 0x2 0xf8 0x1 0x5 0x2 0xa 0x2 0x7 0x2 0x29 0x0 0x3 0x77 0x7c 0x74 0x7c 0x4d 0x80 0x4f 0x80 0xa6 0x82 0xeb 0x7b 0x5e 0x65 0x0 0x0 0xdd 0x4d 0x98 0x5 0x73 0xe7 0x15 0xee 0x0 0x0 0x0 0x0 0xff 0x0 0x0 0x80 0x0 0xa4 0xa4 0x0 0x0 0xac 0x5 0x0 0x0
1787978881427,0x1 0x8b 0xd 0x77 0x88 0xb6 0x60 0xd 0x0 0x0 0xd 0x37 0x54 0x0 0x5f 0xf 0x50 0xf 0x73 0x2b 0x77 0x5 0xda 0x2 0x0 0x28 0x65 0x1 0x0 0x15 0x0 0x13 0x0 0x57 0x0 0x58 0x0 0x9d 0x9d 0x9d 0x9d 0x9d 0x9d 0x13 0x2 0x11 0x2 0x13 0x2 0x17 0x2 0x1a 0x2 0x16 0x2 0x18 0x2 0x16 0x2 0x2a 0x0 0x3 0x79 0x7e 0x74 0x7c 0x4d 0x80 0x4f 0x80 0xa6 0x82 0xeb 0x7b 0x60 0x67 0x0 0x0 0xdd 0x4b 0x98 0x5 0x73 0xe7 0x15 0xee 0x0 0x0 0x0 0x0 0xff 0x0 0x0 0x80 0x0 0xa4 0xa4 0x0 0x0 0xac 0x5 0x0 0x0
1787978881650,0x1 0x8b 0xd 0x77 0x88 0xb6 0x60 0xd 0x0 0x0 0xd 0x38 0x53 0x0 0x80 0xf 0x4d 0xf 0x73 0x2a 0x5b 0x5 0xda 0x2 0x0 0x28 0x65 0x1 0x0 0x10 0x0 0x10 0x0 0x57 0x0 0x57 0x0 0x9e 0x9e 0x9e 0x9e 0x9e 0x9e 0x1b 0x2 0x1b 0x2 0x1d 0x2 0x1d 0x2 0x1a 0x2 0x19 0x2 0x1f 0x2 0x1d 0x2 0x2a 0x0 0x3 0x7b 0x80 0x74 0x7c 0x4d 0x80 0x4f 0x80 0xa6 0x82 0xeb 0x7b 0x60 0x67 0x0 0x0 0x16 0x4a 0x8e 0x5 0x73 0xe7 0x15 0xee 0x0 0x0 0x0 0x0 0xff 0x0 0x0 0x80 0x0 0xa4 0xa4 0x0 0x0 0xac 0x5 0x0 0x0
1787978881874,0x1 0x8c 0xd 0x77 0x88 0xb6 0x60 0xd 0x0 0x0 0xd 0x37 0x55 0x0 0x1e 0x10 0x98 0xf 0x73 0x29 0x46 0x5 0xda 0x2 0x0 0x28 0x65 0x1 0x0 0xe 0x0 0x10 0x0 0x58 0x0 0x57 0x0 0x9d 0x9d 0x9d 0x9d 0x9d 0x9d 0x2f 0x2 0x26 0x2 0x29 0x2 0x28 0x2 0x2b 0x2 0x2a 0x2 0x2f 0x2 0x2d 0x2 0x2a 0x0 0x3 0x7c 0x82 0x74 0x7c 0x4d 0x80 0x4f 0x80 0xa6 0x82 0xeb 0x7b 0x60 0x67 0x0 0x0 0x16 0x4a 0x8e 0x5 0x73 0xe7 0x15 0xee 0x0 0x0 0x0 0x0 0xff 0x0 0x0 0x80 0x0 0xa4 0xa4 0x0 0x0 0x9f 0x5 0x0 0x0
1787978882098,0x1 0x8b 0xd 0x77 0x88 0xb6 0x60 0xd 0x0 0x0 0xd 0x36 0x50 0x0 0x51 0xf 0x9c 0xf 0x73 0x29 0x39 0x5 0xda 0x2 0x0 0x28 0x65 0x1 0x0 0x10 0x0 0x12 0x0 0x57 0x0 0x58 0x0 0x9e 0x9e 0x9e 0x9e 0x9e 0x9e 0x34 0x2 0x30 0x2 0x32 0x2 0x34 0x2 0x35 0x2 0x33 0x2 0x32 0x2 0x31 0x2 0x2a 0x0 0x3 0x7e 0x83 0x74 0x7c 0x4d 0x80 0x4f 0x80 0xa6 0x82 0xeb 0x7b 0x60 0x67 0x0 0x0 0x16 0x48 0x8e 0x5 0x73 0xe7 0x15 0xee 0x0 0x0 0x0 0x0 0xff 0x0 0x0 0x80 0x0 0xa4 0xa4 0x0 0x0 0xac 0x5 0x0 0x0
1787978882322,0x1 0x8b 0xd 0x77 0x88 0xb6 0x60 0xd 0x0 0x0 0xd 0x36 0x52 0x0 0xed 0xf 0xd2 0xf 0x73 0x28 0x26 0x5 0xda 0x2 0x0 0x28 0x65 0x1 0x0 0x1f 0x0 0x41 0x0 0x58 0x0 0x58 0x0 0x9d 0x9d 0x9d 0x9d 0x9d 0x9d 0x3d 0x2 0x3b 0x2 0x3e 0x2 0x3c 0x2 0x3e 0x2 0x3d 0x2 0x3e 0x2 0x3d 0x2 0x2a 0x0 0x3 0x80 0x85 0x74 0x7c 0x4d 0x80 0x4f 0x80 0xa6 0x82 0xeb 0x7b 0x60 0x67 0x0 0x0 0x16 0x47 0x8e 0x5 0x73 0xe7 0x15 0xee 0x0 0x0 0x0 0x0 0xff 0x0 0x0 0x80 0x0 0xa4 0xa4 0x0 0x0 0xac 0x5 0x0 0x0
1787978882546,0x1 0x8a 0xd 0x77 0x88 0xb6 0x60 0xd 0x0 0x0 0xd 0x35 0x50 0x0 0xbe 0xf 0xa6 0xf 0x73 0x27 0x15 0x5 0xda 0x2 0x0 0x28 0x65 0x1 0x0 0x78 0x0 0x8c 0x0 0x58 0x0 0x58 0x0 0x9d 0x9d 0x9d 0x9d 0x9d 0x9d 0x3f 0x2 0x3b 0x2 0x3f 0x2 0x3d 0x2 0x3e 0x2 0x3c 0x2 0x3f 0x2 0x3c 0x2 0x2a 0x0 0x3 0x82 0x86 0x74 0x7c 0x4d 0x80 0x4f 0x80 0xa6 0x82 0xeb 0x7b 0x60 0x67 0x0 0x0 0x16 0x47 0x8e 0x5 0x73 0xe7 0x15 0xee 0x0 0x0 0x0 0x0 0xff 0x0 0x0 0x80 0x0 0xa4 0xa4 0x0 0x0 0xb9 0x5 0x0 0x0
1787978882770,0x1 0x8c 0xd 0x77 0x88 0xb6 0x60 0xd 0x0 0x0 0xd 0x36 0x53 0x0 0xb1 0x10 0xc6 0xf 0x73 0x26 0xf9 0x4 0xda 0x2 0x0 0x28 0x65 0x1 0x0 0xa1 0x0 0xa8 0x0 0x58 0x0 0x57 0x0 0x9c 0x9c 0x9c 0x9c 0x9c 0x9c 0x2f 0x2 0x3c 0x2 0x2d 0x2 0x2e 0x2 0x30 0x2 0x2f 0x2 0x30 0x2 0x2f 0x2 0x2b 0x0 0x3 0x79 0x7e 0x79 0x7b 0x4d 0x80 0x4f 0x80 0xa6 0x82 0xeb 0x7b 0x60 0x67 0x0 0x0 0x16 0x46 0x8e 0x5 0x73 0xe7 0x15 0xee 0x0 0x0 0x0 0x0 0xff 0x0 0x0 0x80 0x0 0xa4 0xa4 0x0 0x0 0x9f 0x5 0x0 0x0
1787978882994,0x1 0x8b 0xd 0x77 0x88 0xb6 0x60 0xd 0x0 0x0 0xd 0x35 0x4f 0x0 0x59 0x10 0x9 0x10 0x73 0x25 0xd5 0x4 0xda 0x2 0x0 0x28 0x65 0x1 0x0 0xa4 0x0 0xa9 0x0 0x57 0x0 0x57 0x0 0x9c 0x9c 0x9c 0x9c 0x9c 0x9c 0x35 0x2 0x33 0x2 0x34 0x2 0x35 0x2 0x35 0x2 0x35 0x2 0x35 0x2 0x35 0x2 0x2b 0x0 0x3 0x77 0x7d 0x79 0x7b 0x4d 0x80 0x4f 0x80 0xa6 0x82 0xeb 0x7b 0x60 0x67 0x0 0x0 0x16 0x45 0x8e 0x5 0x73 0xe7 0x15 0xee 0x0 0x0 0x0 0x0 0xff 0x0 0x0 0x80 0x0 0xa4 0xa4 0x0 0x0 0xac 0x5 0x0 0x0
1787978883218,0x1 0x8c 0xd 0x77 0x88 0xb6 0x60 0xd 0x0 0x0 0xd 0x34 0x4f 0x0 0xe5 0x10 0x76 0x10 0x73 0x24 0xad 0x4 0xda 0x2 0x0 0x28 0x65 0x1 0x0 0x9a 0x0 0xa4 0x0 0x58 0x0 0x57 0x0 0xa0 0xa0 0xa0 0xa0 0xa0 0xa0 0x3e 0x2 0x3e 0x2 0x3f 0x2 0x3a 0x2 0x3c 0x2 0x3d 0x2 0x3f 0x2 0x3e 0x2 0x2c 0x0 0x3 0x76 0x7b 0x79 0x7b 0x4d 0x80 0x4f 0x80 0xa6 0x82 0xeb 0x7b 0x60 0x67 0x0 0x0 0x16 0x44 0x8e 0x5 0x73 0xe7 0x15 0xee 0x0 0x0 0x0 0x0 0xff 0x0 0x0 0x80 0x0 0xa4 0xa4 0x0 0x4 0x9f 0x5 0x0 0x0
1787978883442,0x1 0x8a 0xd 0x77 0x88 0xb6 0x60 0xd 0x0 0x0 0xd 0x32 0x4b 0x0 0x28 0x11 0xd6 0x10 0x73 0x23 0x5f 0x4 0xda 0x2 0x0 0x28 0x65 0x1 0x0 0x82 0x0 0x9e 0x0 0x57 0x0 0x57 0x0 0xb0 0xb0 0xb0 0xb0 0xb0 0xb0 0x47 0x2 0x47 0x2 0x49 0x2 0x48 0x2 0x45 0x2 0x46 0x2 0x49 0x2 0x48 0x2 0x2e 0x0 0x3 0x74 0x7a 0x79 0x7b 0x4d 0x80 0x4f 0x80 0xa6 0x82 0xeb 0x7b 0x5e 0x65 0x0 0x0 0xe 0x3d 0x86 0x0 0x73 0xe7 0x15 0xee 0x0 0x0 0x0 0x0 0xff 0x0 0x0 0x80 0x0 0xa4 0xa4 0x0 0x4 0xb9 0x5 0x0 0x0
1787978883666,0x1 0x8b 0xd 0x77 0x88 0xb6 0x60 0xd 0x0 0x0 0xd 0x30 0x48 0x0 0x32 0x11 0x2 0x11 0x73 0x22 0x30 0x4 0xda 0x2 0x0 0x28 0x65 0x1 0x0 0x36 0x0 0x8a 0x0 0x57 0x0 0x57 0x0 0xaf 0xaf 0xaf 0xaf 0xaf 0xaf 0x5d 0x2 0x4b 0x2 0x5e 0x2 0x4b 0x2 0x4b 0x2 0x4b 0x2 0x5e 0x2 0x4b 0x2 0x2e 0x0 0x3 0x7c 0x79 0x7b 0x7b 0x4d 0x80 0x4f 0x80 0xa6 0x82 0xeb 0x7b 0x5e 0x65 0x0 0x0 0x4c 0x39 0xc4 0xfe 0x73 0xe7 0x15 0xee 0x0 0x0 0x0 0x0 0xff 0x0 0x0 0x80 0x0 0xa4 0xa4 0x0 0x4 0xac 0x5 0x0 0x0
1787978883890,0x1 0x8c 0xd 0x77 0x88 0xb6 0x60 0xd 0x0 0x0 0xd 0x2f 0x47 0x0 0x65 0x11 0x32 0x11 0x73 0x21 0x15 0x4 0xda 0x2 0x0 0x28 0x65 0x1 0x0 0x1b 0x0 0x38 0x0 0x57 0x0 0x58 0x0 0xb0 0xb0 0xb0 0xb0 0xb0 0xb0 0x66 0x2 0x62 0x2 0x69 0x2 0x61 0x2 0x66 0x2 0x4f 0x2 0x68 0x2 0x61 0x2 0x2f 0x0 0x3 0x7d 0x80 0x7b 0x7f 0x4d 0x80 0x4f 0x80 0xa6 0x82 0xeb 0x7b 0x5e 0x65 0x0 0x0 0x46 0x36 0xbe 0xfc 0x73 0xe7 0x15 0xee 0x0 0x0 0x0 0x0 0xff 0x0 0x0 0x80 0x0 0xa4 0xa4 0x0 0x4 0x9f 0x5 0x0 0x0
1787978884114,0x1 0x8b 0xd 0x76 0x88 0xb6 0x60 0xd 0x0 0x0 0xd 0x2f 0x45 0x0 0x49 0x11 0x1e 0x11 0x73 0x20 0xfe 0x3 0xda 0x2 0x0 0x28 0x65 0x1 0x0 0x15 0x0 0x1b 0x0 0x58 0x0 0x57 0x0 0xaf 0xaf 0xaf 0xaf 0xaf 0xaf 0x69 0x2 0x62 0x2 0x69 0x2 0x61 0x2 0x6a 0x2 0x62 0x2 0x68 0x2 0x61 0x2 0x30 0x0 0x3 0x7e 0x81 0x7b 0x7f 0x4d 0x80 0x4f 0x80 0xa6 0x82 0xeb 0x7b 0x5e 0x65 0x0 0x0 0x46 0x36 0xbe 0xfc 0x73 0xe7 0x15 0xee 0x0 0x0 0x0 0x0 0xff 0x0 0x0 0x80 0x0 0xa4 0xa4 0x0 0x4 0xac 0x5 0x0 0x0
1787978884338,0x1 0x8a 0xd 0x76 0x88 0xb6 0x60 0xd 0x0 0x0 0xd 0x2f 0x45 0x0 0x86 0x11 0x46 0x11 0x73 0x1f 0xf0 0x3 0xda 0x2 0x0 0x28 0x65 0x1 0x0 0x14 0x0 0x16 0x0 0x58 0x0 0x57 0x0 0xb0 0xb0 0xb0 0xb0 0xb0 0xb0 0x71 0x2 0x6c 0x2 0x72 0x2 0x67 0x2 0x6e 0x2 0x6a 0x2 0x72 0x2 0x6a 0x2 0x30 0x0 0x3 0x80 0x82 0x7b 0x7f 0x4d 0x80 0x4f 0x80 0xa6 0x82 0xeb 0x7b 0x5e 0x65 0x0 0x0 0x46 0x35 0xbe 0xfc 0x73 0xe7 0x15 0xee 0x0 0x0 0x0 0x0 0xff 0x0 0x0 0x80 0x0 0xa4 0xa4 0x0 0x4 0xb9 0x5 0x0 0x0
1787978884562,0x1 0x8b 0xd 0x76 0x88 0xb6 0x60 0xd 0x0 0x0 0xd 0x2e 0x45 0x0 0xe1 0x11 0x80 0x11 0x73 0x1e 0xdc 0x3 0xda 0x2 0x0 0x28 0x65 0x1 0x0 0x17 0x0 0x13 0x0 0x58 0x0 0x58 0x0 0xaf 0xaf 0xaf 0xaf 0xaf 0xaf 0x80 0x2 0x79 0x2 0x79 0x2 0x75 0x2 0x7f 0x2 0x77 0x2 0x81 0x2 0x79 0x2 0x31 0x0 0x3 0x81 0x84 0x7b 0x7f 0x4d 0x80 0x4f 0x80 0xa6 0x82 0xeb 0x7b 0x5e 0x65 0x0 0x0 0x46 0x34 0xbe 0xfc 0x73 0xe7 0x15 0xee 0x0 0x0 0x0 0x0 0xff 0x0 0x0 0x80 0x0 0xa4 0xa4 0x0 0x4 0xac 0x5 0x0 0x0
1787978884786,0x1 0x8c 0xd 0x76 0x88 0xb6 0x60 0xd 0x0 0x0 0xd 0x2f 0x44 0x0 0x22 0x12 0xc1 0x11 0x73 0x1d 0xc0 0x3 0xda 0x2 0x0 0x28 0x65 0x1 0x0 0x1e 0x0 0x13 0x0 0x57 0x0 0x57 0x0 0xad 0xad 0xad 0xad 0xad 0xad 0x95 0x2 0x87 0x2 0x8f 0x2 0x8b 0x2 0x91 0x2 0x8c 0x2 0x95 0x2 0x8e 0x2 0x31 0x0 0x3 0x82 0x85 0x7b 0x7f 0x4d 0x80 0x4f 0x80 0xa6 0x82 0xeb 0x7b 0x5e 0x65 0x0 0x0 0x5c 0x35 0xd4 0xfd 0x73 0xe7 0x15 0xee 0x0 0x0 0x0 0x0 0xff 0x0 0x0 0x80 0x0 0xa4 0xa4 0x0 0x4 0x9f 0x5 0x0 0x0
1787978885010,0x1 0x8b 0xd 0x76 0x89 0xb6 0x60 0xd 0x0 0x0 0xd 0x2d 0x44 0x0 0x8a 0x12 0x3 0x12 0x73 0x1c 0xab 0x3 0xd6 0x2 0x0 0x28 0x65 0x1 0x0 0x50 0x0 0x16 0x0 0x57 0x0 0x57 0x0 0xae 0xae 0xae 0xae 0xae 0xae 0xa1 0x2 0x99 0x2 0xa1 0x2 0x9c 0x2 0xa5 0x2 0x9f 0x2 0xa6 0x2 0x9f 0x2 0x32 0x0 0x3 0x84 0x86 0x7b 0x7f 0x4d 0x80 0x4f 0x80 0xa6 0x82 0xeb 0x7b 0x5e 0x65 0x0 0x0 0x5c 0x34 0xd4 0xfd 0x73 0xe7 0x15 0xee 0x0 0x0 0x0 0x0 0xff 0x0 0x0 0x80 0x0 0xa4 0xa4 0x0 0x4 0xac 0x5 0x0 0x0
1787978885233,0x1 0x8a 0xd 0x76 0x89 0xb6 0x60 0xd 0x0 0x0 0xd 0x2e 0x44 0x0 0xc 0x13 0x43 0x12 0x73 0x1b 0x92 0x3 0xd6 0x2 0x0 0x28 0x65 0x3 0x0 0x97 0x0 0x53 0x0 0x57 0x0 0x57 0x0 0xac 0xac 0xac 0xac 0xac 0xac 0x9e 0x2 0xab 0x2 0x9f 0x2 0xaf 0x2 0x9a 0x2 0xa8 0x2 0xa0 0x2 0xaf 0x2 0x33 0x0 0x3 0x7c 0x88 0x7c 0x7f 0x4d 0x80 0x4f 0x80 0xa6 0x82 0xeb 0x7b 0x5e 0x65 0x0 0x0 0xb5 0x33 0xea 0xfe 0x73 0xe7 0x15 0xee 0x0 0x0 0x0 0x0 0xff 0x0 0x0 0x80 0x0 0xa4 0xa4 0x0 0x4 0xb9 0x5 0x0 0x0
1787978885458,0x1 0x8a 0xd 0x76 0x89 0xb6 0x60 0xd 0x0 0x0 0xd 0x2c 0x42 0x0 0xc6 0x12 0x85 0x12 0x73 0x1a 0x84 0x3 0xd6 0x2 0x0 0x28 0x65 0x3 0x0 0xa6 0x0 0x86 0x0 0x58 0x0 0x57 0x0 0xad 0xad 0xad 0xad 0xad 0xad 0xa9 0x2 0xbe 0x2 0xa6 0x2 0xba 0x2 0xa9 0x2 0xbb 0x2 0xaa 0x2 0xbe 0x2 0x33 0x0 0x3 0x7a 0x88 0x7c 0x7f 0x4d 0x80 0x4f 0x80 0xa6 0x82 0xeb 0x7b 0x60 0x67 0x0 0x0 0xb5 0x33 0xea 0xfe 0x73 0xe7 0x15 0xee 0x0 0x0 0x0 0x0 0xff 0x0 0x0 0x80 0x0 0xa4 0xa4 0x0 0x4 0xb9 0x5 0x0 0x0
1787978885682,0x1 0x8b 0xd 0x76 0x89 0xb6 0x60 0xd 0x0 0x0 0xd 0x2e 0x44 0x0 0xc 0x13 0xb8 0x12 0x73 0x19 0x92 0x3 0xd6 0x2 0x0 0x28 0x65 0x3 0x0 0xa2 0x0 0x9c 0x0 0x57 0x0 0x58 0x0 0xad 0xad 0xad 0xad 0xad 0xad 0xae 0x2 0xc3 0x2 0xac 0x2 0xaf 0x2 0xac 0x2 0xad 0x2 0xaa 0x2 0xad 0x2 0x33 0x0 0x3 0x79 0x80 0x7c 0x80 0x4d 0x80 0x4f 0x80 0xa6 0x82 0xeb 0x7b 0x60 0x67 0x0 0x0 0x9f 0x32 0xd4 0xfd 0x73 0xe7 0x15 0xee 0x0 0x0 0x0 0x0 0xff 0x0 0x0 0x80 0x0 0xa4 0xa4 0x0 0x4 0xac 0x5 0x0 0x0
1787978885906,0x1 0x8c 0xd 0x76 0x89 0xb6 0x60 0xd 0x0 0x0 0xd 0x2d 0x43 0x0 0xb3 0x11 0x71 0x12 0x73 0x18 0xc9 0x3 0xd6 0x2 0x0 0x28 0x65 0x3 0x0 0x96 0x0 0xa0 0x0 0x58 0x0 0x57 0x0 0xaf 0xaf 0xaf 0xaf 0xaf 0xaf 0x9e 0x2 0x9d 0x2 0x97 0x2 0x98 0x2 0x92 0x2 0xa4 0x2 0x92 0x2 0x95 0x2 0x31 0x0 0x3 0x78 0x7f 0x7c 0x80 0x4d 0x80 0x4f 0x80 0xa6 0x82 0xeb 0x7b 0x60 0x67 0x0 0x0 0x89 0x33 0xbe 0xfc 0x73 0xe7 0x15 0xee 0x0 0x0 0x0 0x0 0xff 0x0 0x0 0x80 0x0 0xa4 0xa4 0x0 0x4 0x9f 0x5 0x0 0x0
1787978886129,0x1 0x8a 0xd 0x76 0x89 0xb6 0x60 0xd 0x0 0x0 0xd 0x2d 0x43 0x0 0x8 0x11 0x7 0x12 0x73 0x17 0xef 0x3 0xd6 0x2 0x0 0x28 0x65 0x3 0x0 0x5f 0x0 0x95 0x0 0x57 0x0 0x57 0x0 0xb0 0xb0 0xb0 0xb0 0xb0 0xb0 0x7d 0x2 0x7e 0x2 0x7a 0x2 0x7b 0x2 0x84 0x2 0x84 0x2 0x78 0x2 0x7b 0x2 0x30 0x0 0x3 0x76 0x7d 0x7c 0x80 0x4d 0x80 0x4f 0x80 0xa6 0x82 0xeb 0x7b 0x60 0x67 0x0 0x0 0x89 0x34 0xbe 0xfc 0x73 0xe7 0x15 0xee 0x0 0x0 0x0 0x0 0xff 0x0 0x0 0x80 0x0 0xa4 0xa4 0x0 0x4 0xb9 0x5 0x0 0x0
1787978886354,0x1 0x8a 0xd 0x76 0x89 0xb6 0x60 0xd 0x0 0x0 0xd 0x2c 0x41 0x0 0xe5 0xf 0x51 0x11 0x73 0x16 0x17 0x4 0xd6 0x2 0x0 0x28 0x65 0x3 0x0 0x22 0x0 0x36 0x0 0x58 0x0 0x57 0x0 0xb1 0xb1 0xb1 0xb1 0xb1 0xb1 0x78 0x2 0x75 0x2 0x73 0x2 0x70 0x2 0x7c 0x2 0x69 0x2 0x71 0x2 0x70 0x2 0x2f 0x0 0x3 0x7f 0x85 0x7d 0x82 0x4d 0x80 0x4f 0x80 0xa6 0x82 0xeb 0x7b 0x60 0x67 0x0 0x0 0x73 0x34 0xa8 0xfb 0x73 0xe7 0x15 0xee 0x0 0x0 0x0 0x0 0xff 0x0 0x0 0x80 0x0 0xa4 0xa4 0x0 0x4 0xb9 0x5 0x0 0x0
1787978886578,0x1 0x8b 0xd 0x75 0x89 0xb6 0x60 0xd 0x0 0x0 0xd 0x2e 0x44 0x0 0xd 0x11 0x2e 0x11 0x73 0x15 0xfd 0x3 0xd6 0x2 0x0 0x28 0x65 0x1 0x0 0x15 0x0 0x1b 0x0 0x58 0x0 0x57 0x0 0xb0 0xb0 0xb0 0xb0 0xb0 0xb0 0x6e 0x2 0x6e 0x2 0x6f 0x2 0x6c 0x2 0x6e 0x2 0x6c 0x2 0x6f 0x2 0x6e 0x2 0x30 0x0 0x3 0x80 0x86 0x7d 0x82 0x4d 0x80 0x4f 0x80 0xa6 0x82 0xeb 0x7b 0x60 0x67 0x0 0x0 0x73 0x33 0xa8 0xfb 0x73 0xe7 0x15 0xee 0x0 0x0 0x0 0x0 0xff 0x0 0x0 0x80 0x0 0xa4 0xa4 0x0 0x4 0xac 0x5 0x0 0x0
1787978886802,0x1 0x8b 0xd 0x75 0x89 0xb6 0x60 0xd 0x0 0x0 0xd 0x2e 0x43 0x0 0x8a 0x11 0x36 0x11 0x73 0x14 0xd2 0x3 0xd6 0x2 0x0 0x28 0x65 0x1 0x0 0x13 0x0 0x14 0x0 0x58 0x0 0x57 0x0 0xae 0xae 0xae 0xae 0xae 0xae 0x77 0x2 0x78 0x2 0x6e 0x2 0x71 0x2 0x73 0x2 0x73 0x2 0x78 0x2 0x78 0x2 0x31 0x0 0x3 0x82 0x87 0x7d 0x82 0x4d 0x80 0x4f 0x80 0xa6 0x82 0xeb 0x7b 0x60 0x67 0x0 0x0 0x9f 0x34 0xd4 0xfd 0x73 0xe7 0x15 0xee 0x0 0x0 0x0 0x0 0xff 0x0 0x0 0x80 0x0 0xa4 0xa4 0x0 0x4 0xac 0x5 0x0 0x0
1787978887025,0x1 0x8b 0xd 0x75 0x89 0xb6 0x60 0xd 0x0 0x0 0xd 0x2e 0x44 0x0 0x7b 0x12 0xb7 0x11 0x73 0x13 0xae 0x3 0xd6 0x2 0x0 0x28 0x65 0x1 0x0 0x18 0x0 0x13 0x0 0x57 0x0 0x57 0x0 0xac 0xac 0xac 0xac 0xac 0xac 0x97 0x2 0x8a 0x2 0x8d 0x2 0x90 0x2 0x93 0x2 0x95 0x2 0x97 0x2 0x96 0x2 0x32 0x0 0x3 0x83 0x88 0x7d 0x82 0x4d 0x80 0x4f 0x80 0xa6 0x82 0xeb 0x7b 0x60 0x67 0x0 0x0 0xb5 0x34 0xea 0xfe 0x73 0xe7 0x15 0xee 0x0 0x0 0x0 0x0 0xff 0x0 0x0 0x80 0x0 0xa4 0xa4 0x0 0x4 0xac 0x5 0x0 0x0
1787978887249,0x1 0x8b 0xd 0x75 0x89 0xb6 0x60 0xd 0x0 0x0 0xd 0x2d 0x42 0x0 0x91 0x12 0xb 0x12 0x73 0x11 0x8e 0x3 0xd6 0x2 0x0 0x28 0x65 0x1 0x0 0x32 0x0 0x1b 0x0 0x58 0x0 0x57 0x0 0xab 0xab 0xab 0xab 0xab 0xab 0xaa 0x2 0xaa 0x2 0xaa 0x2 0xac 0x2 0xae 0x2 0xa7 0x2 0xae 0x2 0xae 0x2 0x33 0x0 0x3 0x84 0x8a 0x7d 0x82 0x4d 0x80 0x4f 0x80 0xa6 0x82 0xeb 0x7b 0x60 0x67 0x0 0x0 0xb5 0x33 0xea 0xfe 0x73 0xe7 0x15 0xee 0x0 0x0 0x0 0x0 0xff 0x0 0x0 0x80 0x0 0xa4 0xa4 0x0 0x4 0xac 0x5 0x0 0x0
1787978887473,0x1 0x8c 0xd 0x75 0x89 0xb6 0x60 0xd 0x0 0x0 0xd 0x2c 0x42 0x0 0x55 0x13 0x77 0x12 0x73 0x10 0x6a 0x3 0xd6 0x2 0x0 0x28 0x65 0x1 0x0 0x88 0x0 0x84 0x0 0x58 0x0 0x58 0x0 0xa8 0xa8 0xa8 0xa8 0xa8 0xa8 0xaf 0x2 0xc4 0x2 0xb2 0x2 0xba 0x2 0xbc 0x2 0xbe 0x2 0xb2 0x2 0xc6 0x2 0x33 0x0 0x3 0x7d 0x8b 0x7e 0x82 0x4d 0x80 0x4f 0x80 0xa6 0x82 0xeb 0x7b 0x60 0x67 0x0 0x0 0xcb 0x34 0x0 0x0 0x73 0xe7 0x15 0xee 0x0 0x0 0x0 0x0 0xff 0x0 0x0 0x80 0x0 0xa4 0xa4 0x0 0x4 0x9f 0x5 0x0 0x0
1787978887697,0x1 0x8b 0xd 0x75 0x89 0xb6 0x60 0xd 0x0 0x0 0xd 0x2d 0x44 0x0 0x68 0x14 0x12 0x13 0x73 0xf 0x55 0x3 0xd6 0x2 0x0 0x28 0x65 0x1 0x0 0xa3 0x0 0xa0 0x0 0x57 0x0 0x57 0x0 0xab 0xab 0xab 0xab 0xab 0xab 0xc9 0x2 0xd2 0x2 0xbf 0x2 0xd9 0x2 0xc4 0x2 0xca 0x2 0xc9 0x2 0xcc 0x2 0x33 0x0 0x3 0x7b 0x83 0x7e 0x84 0x4d 0x80 0x4f 0x80 0xa6 0x82 0xeb 0x7b 0x60 0x67 0x0 0x0 0xb5 0x33 0xea 0xfe 0x73 0xe7 0x15 0xee 0x0 0x0 0x0 0x0 0xf9 0x0 0x0 0x80 0x0 0xa4 0xa4 0x0 0x4 0xac 0x5 0x0 0x0
1787978887920,0x1 0x8b 0xd 0x75 0x89 0xb6 0x60 0xd 0x0 0x0 0xd 0x2c 0x42 0x0 0xe9 0x14 0x88 0x13 0x73 0xe 0x28 0x3 0xd6 0x2 0x0 0x28 0x65 0x1 0x0 0xa1 0x0 0xa3 0x0 0x57 0x0 0x57 0x0 0xa9 0xa9 0xa9 0xa9 0xa9 0xa9 0xd5 0x2 0xdb 0x2 0xd9 0x2 0xe1 0x2 0xd3 0x2 0xd7 0x2 0xde 0x2 0xe1 0x2 0x32 0x0 0x3 0x7a 0x81 0x7e 0x84 0x4d 0x80 0x4f 0x80 0xa6 0x82 0xeb 0x7b 0x60 0x67 0x0 0x0 0xcb 0x34 0x0 0x0 0x73 0xe7 0x15 0xee 0x0 0x0 0x0 0x0 0xe9 0x0 0x0 0x80 0x0 0xa4 0xa4 0x0 0x4 0xac 0x5 0x0 0x0
1787978888145,0x1 0x8a 0xd 0x75 0x89 0xb6 0x60 0xd 0x0 0x0 0xd 0x2d 0x42 0x0 0x9b 0x15 0x38 0x14 0x73 0xd 0xe 0x3 0xd6 0x2 0x0 0x28 0x65 0x1 0x0 0x61 0x0 0x9a 0x0 0x58 0x0 0x58 0x0 0xa7 0xa7 0xa7 0xa7 0xa7 0xa7 0xf3 0x2 0xeb 0x2 0xeb 0x2 0xf0 0x2 0xef 0x2 0xf5 0x2 0xf3 0x2 0xf7 0x2 0x32 0x0 0x3 0x79 0x80 0x7e 0x84 0x4d 0x80 0x4f 0x80 0xa6 0x82 0xeb 0x7b 0x60 0x67 0x0 0x0 0xcb 0x34 0x0 0x0 0x73 0xe7 0x15 0xee 0x0 0x0 0x0 0x0 0xdf 0x0 0x0 0x80 0x0 0xa4 0xa4 0x0 0x4 0xb9 0x5 0x0 0x0
1787978888369,0x1 0x8a 0xd 0x75 0x89 0xb6 0x60 0xd 0x0 0x0 0xd 0x2d 0x42 0x0 0x69 0x16 0xb3 0x14 0x73 0xc 0xf2 0x2 0xd6 0x2 0x0 0x28 0x65 0x3 0x0 0x19 0x0 0x3e 0x0 0x58 0x0 0x58 0x0 0xa4 0xa4 0xa4 0xa4 0xa4 0xa4 0x17 0x3 0x5 0x3 0x1d 0x3 0xfe 0x2 0x13 0x3 0x0 0x3 0x1d 0x3 0x7 0x3 0x32 0x0 0x3 0x82 0x87 0x7f 0x85 0x4d 0x80 0x4f 0x80 0xa6 0x82 0xeb 0x7b 0x62 0x6b 0x0 0x0 0xcb 0x34 0x0 0x0 0x73 0xe7 0x15 0xee 0x0 0x0 0x0 0x0 0xd5 0x0 0x0 0x80 0x0 0xa4 0xa4 0x0 0x4 0xb9 0x5 0x0 0x0
1787978888593,0x1 0x8b 0xd 0x75 0x89 0xb6 0x60 0xd 0x0 0x0 0xd 0x2c 0x41 0x0 0x5e 0x16 0x54 0x15 0x73 0xb 0xe8 0x2 0xd6 0x2 0x0 0x28 0x65 0x3 0x0 0x10 0x0 0x19 0x0 0x58 0x0 0x57 0x0 0xa3 0xa3 0xa3 0xa3 0xa3 0xa3 0x2b 0x3 0x2a 0x3 0x2d 0x3 0x30 0x3 0x36 0x3 0x36 0x3 0x37 0x3 0x36 0x3 0x32 0x0 0x3 0x83 0x88 0x7f 0x85 0x4d 0x80 0x4f 0x80 0xa6 0x82 0xeb 0x7b 0x62 0x6b 0x0 0x0 0xcb 0x34 0x0 0x0 0x73 0xe7 0x15 0xee 0x0 0x0 0x0 0x0 0xc9 0x0 0x0 0x80 0x0 0xa4 0xa4 0x0 0x4 0xac 0x5 0x0 0x0
1787978888817,0x1 0x8c 0xd 0x75 0x89 0xb6 0x60 0xd 0x0 0x0 0xd 0x2c 0x41 0x0 0xd6 0x15 0xad 0x15 0x73 0xa 0xfa 0x2 0xd6 0x2 0x0 0x28 0x65 0x3 0x0 0xf 0x0 0x13 0x0 0x58 0x0 0x58 0x0 0xa5 0xa5 0xa5 0xa5 0xa5 0xa5 0x42 0x3 0x40 0x3 0x3c 0x3 0x3c 0x3 0x3f 0x3 0x3e 0x3 0x42 0x3 0x40 0x3 0x32 0x0 0x3 0x84 0x89 0x7f 0x85 0x4d 0x80 0x4f 0x80 0xa6 0x82 0xeb 0x7b 0x62 0x6b 0x0 0x0 0xcb 0x34 0x0 0x0 0x73 0xe7 0x15 0xee 0x0 0x0 0x0 0x0 0xdd 0x0 0x0 0x80 0x0 0xa4 0xa4 0x0 0x4 0x9f 0x5 0x0 0x0
1787978889041,0x1 0x8a 0xd 0x74 0x8a 0xb6 0x60 0xd 0x0 0x0 0xd 0x2c 0x41 0x0 0x85 0x14 0x9a 0x15 0x73 0x9 0x2b 0x3 0xd3 0x2 0x0 0x28 0x65 0x3 0x0 0xe 0x0 0x10 0x0 0x57 0x0 0x58 0x0 0xa9 0xa9 0xa9 0xa9 0xa9 0xa9 0x41 0x3 0x3d 0x3 0x3f 0x3 0x3c 0x3 0x3c 0x3 0x40 0x3 0x3c 0x3 0x3b 0x3 0x32 0x0 0x3 0x86 0x8b 0x7f 0x85 0x4d 0x80 0x4f 0x80 0xa6 0x82 0xeb 0x7b 0x62 0x6b 0x0 0x0 0xcb 0x34 0x0 0x0 0x73 0xe7 0x15 0xee 0x0 0x0 0x0 0x0 0xe0 0x0 0x0 0x80 0x0 0xa4 0xa4 0x0 0x4 0xb9 0x5 0x0 0x0
1787978889265,0x1 0x8a 0xd 0x74 0x8a 0xb6 0x60 0xd 0x0 0x0 0xd 0x2c 0x40 0x0 0x7b 0x13 0x25 0x15 0x73 0x9 0x49 0x3 0xd3 0x2 0x0 0x28 0x65 0x3 0x0 0xf 0x0 0x10 0x0 0x58 0x0 0x58 0x0 0xaa 0xaa 0xaa 0xaa 0xaa 0xaa 0x2f 0x3 0x2a 0x3 0x35 0x3 0x32 0x3 0x32 0x3 0x2f 0x3 0x2b 0x3 0x2a 0x3 0x32 0x0 0x3 0x87 0x8c 0x7f 0x85 0x4d 0x80 0x4f 0x80 0xa6 0x82 0xeb 0x7b 0x62 0x6b 0x0 0x0 0xf7 0x32 0xea 0xfe 0x73 0xe7 0x15 0xee 0x0 0x0 0x0 0x0 0xe6 0x0 0x0 0x80 0x0 0xa4 0xa4 0x0 0x4 0xb9 0x5 0x0 0x0
1787978889489,0x1 0x8b 0xd 0x74 0x8a 0xb6 0x60 0xd 0x0 0x0 0xd 0x2b 0x3f 0x0 0x10 0x13 0x7c 0x14 0x73 0x8 0x4e 0x3 0xd3 0x2 0x0 0x28 0x65 0x3 0x0 0x12 0x0 0x15 0x0 0x58 0x0 0x58 0x0 0xab 0xab 0xab 0xab 0xab 0xab 0x21 0x3 0x1d 0x3 0x1d 0x3 0x1a 0x3 0x1a 0x3 0x16 0x3 0x18 0x3 0x16 0x3 0x32 0x0 0x3 0x88 0x8d 0x7f 0x85 0x4d 0x80 0x4f 0x80 0xa6 0x82 0xeb 0x7b 0x62 0x6b 0x0 0x0 0xf7 0x32 0xea 0xfe 0x73 0xe7 0x15 0xee 0x0 0x0 0x0 0x0 0xea 0x0 0x0 0x80 0x0 0xa4 0xa4 0x0 0x4 0xac 0x5 0x0 0x0
1787978889713,0x1 0x8c 0xd 0x74 0x8a 0xb6 0x60 0xd 0x0 0x0 0xd 0x2b 0x40 0x0 0xe 0x14 0x51 0x14 0x73 0x8 0x31 0x3 0xd3 0x2 0x0 0x28 0x65 0x1 0x0 0x38 0x0 0x5b 0x0 0x58 0x0 0x58 0x0 0xa9 0xa9 0xa9 0xa9 0xa9 0xa9 0x18 0x3 0x17 0x3 0x1b 0x3 0x14 0x3 0x15 0x3 0x13 0x3 0x1b 0x3 0x19 0x3 0x32 0x0 0x3 0x8a 0x8f 0x7f 0x85 0x4d 0x80 0x4f 0x80 0xa6 0x82 0xeb 0x7b 0x62 0x6b 0x0 0x0 0xd 0x34 0x0 0x0 0x73 0xe7 0x15 0xee 0x0 0x0 0x0 0x0 0xdd 0x0 0x0 0x80 0x0 0xa4 0xa4 0x0 0x4 0x9f 0x5 0x0 0x0
1787978889937,0x1 0x8a 0xd 0x74 0x8a 0xb6 0x60 0xd 0x0 0x0 0xd 0x2d 0x42 0x0 0xbf 0x15 0xb0 0x14 0x73 0x7 0x9 0x3 0xd3 0x2 0x0 0x28 0x65 0x1 0x0 0x80 0x0 0x94 0x0 0x57 0x0 0x58 0x0 0xa7 0xa7 0xa7 0xa7 0xa7 0xa7 0x22 0x3 0x22 0x3 0x28 0x3 0x28 0x3 0x18 0x3 0x2d 0x3 0x1a 0x3 0x2d 0x3 0x32 0x0 0x3 0x82 0x8f 0x82 0x85 0x4d 0x80 0x4f 0x80 0xa6 0x82 0xeb 0x7b 0x62 0x6b 0x0 0x0 0xd 0x34 0x0 0x0 0x73 0xe7 0x15 0xee 0x0 0x0 0x0 0x0 0xd3 0x0 0x0 0x80 0x0 0xa4 0xa4 0x0 0x4 0xb9 0x5 0x0 0x0
1787978890161,0x1 0x8a 0xd 0x74 0x8a 0xb6 0x60 0xd 0x0 0x0 0xd 0x2c 0x43 0x0 0xe 0x17 0x5f 0x15 0x73 0x6 0xe8 0x2 0xd3 0x2 0x0 0x28 0x65 0x1 0x0 0x97 0x0 0xa6 0x0 0x58 0x0 0x58 0x0 0xa3 0xa3 0xa3 0xa3 0xa3 0xa3 0x2c 0x3 0x2e 0x3 0x32 0x3 0x22 0x3 0x28 0x3 0x29 0x3 0x32 0x3 0x31 0x3 0x32 0x0 0x3 0x81 0x86 0x82 0x87 0x4d 0x80 0x4f 0x80 0xa6 0x82 0xeb 0x7b 0x62 0x6b 0x0 0x0 0xd 0x34 0x0 0x0 0x73 0xe7 0x15 0xee 0x0 0x0 0x0 0x0 0xc8 0x0 0x0 0x80 0x0 0xa4 0xa4 0x0 0x4 0xb9 0x5 0x0 0x0
1787978890385,0x1 0x8c 0xd 0x74 0x8a 0xb6 0x60 0xd 0x0 0x0 0xd 0x2c 0x41 0x0 0x84 0x16 0xa8 0x15 0x73 0x6 0xe3 0x2 0xd3 0x2 0x0 0x28 0x65 0x1 0x0 0xa0 0x0 0xaa 0x0 0x58 0x0 0x57 0x0 0xa3 0xa3 0xa3 0xa3 0xa3 0xa3 0x36 0x3 0x35 0x3 0x36 0x3 0x36 0x3 0x38 0x3 0x33 0x3 0x38 0x3 0x37 0x3 0x32 0x0 0x3 0x80 0x85 0x82 0x87 0x4d 0x80 0x4f 0x80 0xa6 0x82 0xeb 0x7b 0x64 0x6e 0x0 0x0 0xd 0x34 0x0 0x0 0x73 0xe7 0x15 0xee 0x0 0x0 0x0 0x0 0xb8 0x0 0x0 0x80 0x0 0xa4 0xa4 0x0 0x4 0x9f 0x5 0x0 0x0
1787978890608,0x1 0x8b 0xd 0x74 0x8a 0xb6 0x60 0xd 0x0 0x0 0xd 0x2c 0x41 0x0 0xb4 0x16 0xf7 0x15 0x73 0x5 0xdd 0x2 0xd3 0x2 0x0 0x28 0x65 0x1 0x0 0x9c 0x0 0xa8 0x0 0x58 0x0 0x58 0x0 0xa2 0xa2 0xa2 0xa2 0xa2 0xa2 0x3f 0x3 0x3a 0x3 0x3c 0x3 0x3c 0x3 0x3e 0x3 0x3d 0x3 0x3f 0x3 0x3e 0x3 0x32 0x0 0x3 0x7e 0x84 0x82 0x87 0x4d 0x80 0x4f 0x80 0xa6 0x82 0xeb 0x7b 0x64 0x6e 0x0 0x0 0xd 0x34 0x0 0x0 0x73 0xe7 0x15 0xee 0x0 0x0 0x0 0x0 0xa9 0x0 0x0 0x80 0x0 0xa4 0xa4 0x0 0x4 0xac 0x5 0x0 0x0
1787978890833,0x1 0x8a 0xd 0x74 0x8a 0xb6 0x60 0xd 0x0 0x0 0xd 0x2c 0x40 0x0 0x89 0x16 0x3f 0x16 0x73 0x5 0xd7 0x2 0xd3 0x2 0x0 0x28 0x65 0x1 0x0 0x7e 0x0 0x9c 0x0 0x57 0x0 0x58 0x0 0xa1 0xa1 0xa1 0xa1 0xa1 0xa1 0x43 0x3 0x42 0x3 0x43 0x3 0x41 0x3 0x43 0x3 0x42 0x3 0x43 0x3 0x43 0x3 0x32 0x0 0x3 0x7d 0x82 0x82 0x87 0x4d 0x80 0x4f 0x80 0xa6 0x82 0xeb 0x7b 0x64 0x6e 0x0 0x0 0xd 0x34 0x0 0x0 0x73 0xe7 0x15 0xee 0x0 0x0 0x0 0x0 0x97 0x0 0x0 0x80 0x0 0xa4 0xa4 0x0 0x4 0xb9 0x5 0x0 0x0
1787978891057,0x1 0x8a 0xd 0x74 0x8a 0xb6 0x60 0xd 0x0 0x0 0xd 0x2c 0x41 0x0 0xfc 0x16 0x6e 0x16 0x73 0x4 0xd4 0x2 0xd3 0x2 0x0 0x28 0x65 0x1 0x0 0x20 0x0 0x61 0x0 0x58 0x0 0x58 0x0 0xa0 0xa0 0xa0 0xa0 0xa0 0xa0 0x5c 0x3 0x44 0x3 0x5e 0x3 0x46 0x3 0x61 0x3 0x44 0x3 0x61 0x3 0x46 0x3 0x32 0x0 0x3 0x85 0x81 0x83 0x87 0x4d 0x80 0x4f 0x80 0xa6 0x82 0xeb 0x7b 0x64 0x6e 0x0 0x0 0xf 0x34 0x2 0x0 0x73 0xe7 0x15 0xee 0x0 0x0 0x0 0x0 0x86 0x0 0x0 0x80 0x0 0xa4 0xa4 0x0 0x4 0xb9 0x5 0x0 0x0
1787978891280,0x1 0x8c 0xd 0x74 0x8a 0xb6 0x60 0xd 0x0 0x0 0xd 0x2b 0x3f 0x0 0x57 0x16 0x6b 0x16 0x73 0x4 0xd2 0x2 0xd3 0x2 0x0 0x28 0x65 0x1 0x0 0x11 0x0 0x20 0x0 0x57 0x0 0x57 0x0 0x9f 0x9f 0x9f 0x9f 0x9f 0x9f 0x64 0x3 0x5d 0x3 0x63 0x3 0x5c 0x3 0x65 0x3 0x5c 0x3 0x65 0x3 0x5d 0x3 0x32 0x0 0x3 0x87 0x8a 0x83 0x88 0x4d 0x80 0x4f 0x80 0xa6 0x82 0xeb 0x7b 0x64 0x6e 0x0 0x0 0x13 0x34 0x6 0x0 0x73 0xe7 0x15 0xee 0x0 0x0 0x0 0x0 0x71 0x0 0x0 0x80 0x0 0xa4 0xa4 0x0 0x4 0x9f 0x5 0x0 0x0
1787978891504,0x1 0x8b 0xd 0x74 0x8a 0xb6 0x60 0xd 0x0 0x0 0xd 0x2c 0x41 0x0 0xec 0x16 0x82 0x16 0x73 0x0 0xd6 0x2 0xd3 0x2 0x0 0x28 0x65 0x1 0x0 0x10 0x0 0x13 0x0 0x58 0x0 0x58 0x0 0xa1 0xa1 0xa1 0xa1 0xa1 0xa1 0x67 0x3 0x5d 0x3 0x67 0x3 0x63 0x3 0x67 0x3 0x5f 0x3 0x6a 0x3 0x63 0x3 0x32 0x0 0x3 0x88 0x8b 0x83 0x88 0x4d 0x80 0x4f 0x80 0xa6 0x82 0xeb 0x7b 0x64 0x6e 0x0 0x0 0x11 0x34 0x4 0x0 0x73 0xe7 0x15 0xee 0x0 0x0 0x0 0x0 0x5b 0x0 0x0 0x80 0x0 0xa4 0xa4 0x0 0x4 0xac 0x5 0x0 0x0
1787978891728,0x1 0x8b 0xd 0x74 0x8a 0xb6 0x60 0xd 0x0 0x0 0xd 0x2b 0x40 0x0 0x81 0x16 0xa8 0x16 0x73 0x0 0xd8 0x2 0xd3 0x2 0x0 0x28 0x65 0x1 0x0 0x10 0x0 0x11 0x0 0x58 0x0 0x58 0x0 0xa2 0xa2 0xa2 0xa2 0xa2 0xa2 0x68 0x3 0x65 0x3 0x6f 0x3 0x6b 0x3 0x74 0x3 0x6b 0x3 0x72 0x3 0x6b 0x3 0x32 0x0 0x3 0x89 0x8c 0x83 0x88 0x4d 0x80 0x4f 0x80 0xa6 0x82 0xeb 0x7b 0x64 0x6e 0x0 0x0 0x13 0x34 0x6 0x0 0x73 0xe7 0x15 0xee 0x0 0x0 0x0 0x0 0x48 0x0 0x0 0x80 0x0 0xa4 0xa4 0x0 0x4 0xac 0x5 0x0 0x0
1787978891951,0x1 0x8a 0xd 0x73 0x8a 0xb6 0x60 0xd 0x0 0x0 0xd 0x2b 0x3f 0x0 0x86 0x16 0x6b 0x16 0x73 0x0 0xcc 0x2 0xd3 0x2 0x0 0x28 0x65 0x1 0x0 0x10 0x0 0x10 0x0 0x57 0x0 0x58 0x0 0x9b 0x9b 0x9b 0x9b 0x9b 0x9b 0x6f 0x3 0x6b 0x3 0x73 0x3 0x6e 0x3 0x73 0x3 0x6a 0x3 0x72 0x3 0x6b 0x3 0x32 0x0 0x3 0x8a 0x8e 0x83 0x88 0x4d 0x80 0x4f 0x80 0xa6 0x82 0xeb 0x7b 0x64 0x6e 0x0 0x0 0x1f 0x34 0x12 0x0 0x73 0xe7 0x15 0xee 0x0 0x0 0x0 0x0 0x35 0x0 0x0 0x80 0x0 0xa4 0xa4 0x0 0x4 0xb9 0x5 0x0 0x0
1787978892176,0x1 0x8c 0xd 0x73 0x8a 0xb6 0x60 0xd 0x0 0x0 0xd 0x2a 0x3e 0x0 0x33 0x16 0xbf 0x16 0x73 0x0 0xcb 0x2 0xd3 0x2 0x0 0x28 0x65 0x1 0x0 0x11 0x0 0x10 0x0 0x57 0x0 0x58 0x0 0x9a 0x9a 0x9a 0x9a 0x9a 0x9a 0x7f 0x3 0x7b 0x3 0x83 0x3 0x78 0x3 0x79 0x3 0x72 0x3 0x80 0x3 0x78 0x3 0x32 0x0 0x3 0x8c 0x8f 0x83 0x88 0x4d 0x80 0x4f 0x80 0xa6 0x82 0xeb 0x7b 0x64 0x6e 0x0 0x0 0x33 0x34 0x26 0x0 0x73 0xe7 0x15 0xee 0x0 0x0 0x0 0x0 0x21 0x0 0x0 0x80 0x0 0xa4 0xa4 0x0 0x4 0x9f 0x5 0x0 0x0
1787978892399,0x1 0x8c 0xd 0x73 0x8a 0xb6 0x60 0xd 0x0 0x0 0xd 0x2b 0x3f 0x0 0x57 0x16 0x61 0x16 0x73 0x0 0xd2 0x2 0xd3 0x2 0x0 0x28 0x65 0x1 0x0 0x14 0x0 0x10 0x0 0x57 0x0 0x58 0x0 0x9f 0x9f 0x9f 0x9f 0x9f 0x9f 0x72 0x3 0x6a 0x3 0x75 0x3 0x70 0x3 0x77 0x3 0x6f 0x3 0x77 0x3 0x6f 0x3 0x32 0x0 0x3 0x8d 0x90 0x83 0x88 0x4d 0x80 0x4f 0x80 0xa6 0x82 0xeb 0x7b 0x63 0x6c 0x0 0x0 0x41 0x34 0x34 0x0 0x73 0xe7 0x15 0xee 0x0 0x0 0x0 0x0 0x10 0x0 0x0 0x80 0x0 0xa4 0xa4 0x0 0x4 0x9f 0x5 0x0 0x0
1787978892623,0x1 0x8b 0xd 0x73 0x8a 0xb6 0x60 0xd 0x0 0x0 0xd 0x2b 0x40 0x0 0x81 0x16 0x86 0x16 0x73 0x0 0xd8 0x2 0xd3 0x2 0x0 0x28 0x65 0x1 0x0 0x16 0x0 0x11 0x0 0x58 0x0 0x58 0x0 0xa2 0xa2 0xa2 0xa2 0xa2 0xa2 0x7e 0x3 0x77 0x3 0x7e 0x3 0x77 0x3 0x7d 0x3 0x75 0x3 0x7e 0x3 0x77 0x3 0x32 0x0 0x3 0x8e 0x92 0x83 0x88 0x4d 0x80 0x4f 0x80 0xa6 0x82 0xeb 0x7b 0x63 0x6c 0x0 0x0 0x49 0x34 0x3c 0x0 0x73 0xe7 0x15 0xee 0x0 0x0 0x0 0x0 0x0 0x0 0x0 0x80 0x0 0xa4 0xa4 0x0 0x4 0xac 0x5 0x0 0x0
1787978892847,0x1 0x8a 0xd 0x73 0x8a 0xb6 0x60 0xd 0x0 0x0 0xd 0x2b 0x40 0x0 0x91 0x16 0x8b 0x16 0x73 0x0 0xd6 0x2 0xd3 0x2 0x0 0x28 0x65 0x1 0x0 0x19 0x0 0x11 0x0 0x58 0x0 0x57 0x0 0xa2 0xa2 0xa2 0xa2 0xa2 0xa2 0x7e 0x3 0x78 0x3 0x80 0x3 0x7b 0x3 0x79 0x3 0x74 0x3 0x82 0x3 0x7b 0x3 0x32 0x0 0x3 0x90 0x93 0x83 0x88 0x4d 0x80 0x4f 0x80 0xa6 0x82 0xeb 0x7b 0x63 0x6c 0x0 0x0 0x43 0x34 0x36 0x0 0x73 0xe7 0x15 0xee 0x0 0x0 0x0 0x0 0x0 0x0 0x0 0x80 0x0 0xa4 0xa4 0x0 0x4 0xb9 0x5 0x0 0x0
1787978893071,0x1 0x8c 0xd 0x73 0x8a 0xb6 0x60 0xd 0x0 0x0 0xd 0x2b 0x3f 0x0 0x47 0x16 0x87 0x16 0x73 0x0 0xd4 0x2 0xd3 0x2 0x0 0x28 0x65 0x1 0x0 0x22 0x0 0x12 0x0 0x58 0x0 0x58 0x0 0xa0 0xa0 0xa0 0xa0 0xa0 0xa0 0x83 0x3 0x7f 0x3 0x89 0x3 0x80 0x3 0x88 0x3 0x7f 0x3 0x87 0x3 0x7f 0x3 0x32 0x0 0x3 0x91 0x94 0x83 0x88 0x4d 0x80 0x4f 0x80 0xa6 0x82 0xeb 0x7b 0x63 0x6c 0x0 0x0 0x47 0x34 0x3a 0x0 0x73 0xe7 0x15 0xee 0x0 0x0 0x0 0x0 0x0 0x0 0x0 0x80 0x0 0xa4 0xa4 0x0 0x4 0x9f 0x5 0x0 0x0
1787978893295,0x1 0x8b 0xd 0x73 0x8a 0xb6 0x60 0xd 0x0 0x0 0xd 0x2c 0x40 0x0 0xa9 0x16 0x9b 0x16 0x73 0x0 0xd3 0x2 0xd3 0x2 0x0 0x28 0x65 0x1 0x0 0x55 0x0 0x16 0x0 0x58 0x0 0x57 0x0 0xa0 0xa0 0xa0 0xa0 0xa0 0xa0 0x8b 0x3 0x85 0x3 0x8a 0x3 0x86 0x3 0x8b 0x3 0x84 0x3 0x8c 0x3 0x85 0x3 0x32 0x0 0x3 0x92 0x96 0x83 0x88 0x4d 0x80 0x4f 0x80 0xa6 0x82 0xeb 0x7b 0x63 0x6c 0x0 0x0 0x49 0x34 0x3c 0x0 0x73 0xe7 0x15 0xee 0x0 0x0 0x0 0x0 0x0 0x0 0x0 0x80 0x0 0xa4 0xa4 0x0 0x4 0xac 0x5 0x0 0x0
1787978893519,0x1 0x8b 0xd 0x73 0x8a 0xb6 0x60 0xd 0x0 0x0 0xd 0x2a 0x3f 0x0 0x3f 0x16 0x54 0x16 0x73 0x0 0xd5 0x2 0xd3 0x2 0x0 0x28 0x65 0x1 0x0 0x80 0x0 0x33 0x0 0x57 0x0 0x58 0x0 0xa1 0xa1 0xa1 0xa1 0xa1 0xa1 0x8a 0x3 0x80 0x3 0x70 0x3 0x7f 0x3 0x8c 0x3 0x84 0x3 0x6e 0x3 0x7f 0x3 0x32 0x0 0x3 0x8b 0x97 0x88 0x88 0x4d 0x80 0x4f 0x80 0xa6 0x82 0xeb 0x7b 0x63 0x6c 0x0 0x0 0x49 0x34 0x3c 0x0 0x73 0xe7 0x15 0xee 0x0 0x0 0x0 0x0 0x0 0x0 0x0 0x80 0x0 0xa4 0xa4 0x0 0x4 0xac 0x5 0x0 0x0
1787978893743,0x1 0x8b 0xd 0x73 0x8a 0xb6 0x60 0xd 0x0 0x0 0xd 0x2c 0x41 0x0 0xf4 0x16 0x8e 0x16 0x73 0x0 0xd5 0x2 0xd3 0x2 0x0 0x28 0x65 0x1 0x0 0x9a 0x0 0x64 0x0 0x57 0x0 0x58 0x0 0xa1 0xa1 0xa1 0xa1 0xa1 0xa1 0x71 0x3 0x7d 0x3 0x6d 0x3 0x85 0x3 0x6e 0x3 0x88 0x3 0x71 0x3 0x8a 0x3 0x32 0x0 0x3 0x89 0x98 0x88 0x88 0x4d 0x80 0x4f 0x80 0xa6 0x82 0xeb 0x7b 0x63 0x6c 0x0 0x0 0x47 0x34 0x3a 0x0 0x73 0xe7 0x15 0xee 0x0 0x0 0x0 0x0 0x0 0x0 0x0 0x80 0x0 0xa4 0xa4 0x0 0x4 0xac 0x5 0x0 0x0
1787978893967,0x1 0x8b 0xd 0x73 0x8a 0xb6 0x60 0x1c 0xf 0x0 0xd 0x52 0x8e 0x0 0xcc 0x31 0x42 0x1e 0x73 0x0 0xda 0x2 0xd3 0x2 0x0 0x28 0x65 0x1 0x0 0xa2 0x0 0x80 0x0 0x57 0x0 0x58 0x0 0xa1 0xa1 0xa1 0xa1 0xa1 0xa1 0xff 0x6 0xca 0x7 0xf2 0x7 0x8c 0x3 0x6e 0x3 0x71 0x5 0xf2 0x7 0x3b 0x8 0x2f 0x0 0x3 0x88 0x99 0x88 0x88 0x4d 0x80 0x4f 0x80 0xa6 0x82 0xeb 0x7b 0x63 0x6c 0x0 0x0 0xd 0x2f 0x0 0x0 0x73 0xe7 0x15 0xee 0x0 0x0 0x0 0x0 0x14 0x0 0x0 0x80 0x0 0xa4 0xa4 0x0 0x8 0xac 0x5 0x0 0x0
1787978894191,0x1 0x8c 0xd 0x73 0x8a 0xb6 0x60 0x1c 0xf 0x0 0xd 0x52 0x92 0x0 0x7e 0x28 0xc8 0x28 0x73 0x0 0x9b 0x3 0xd3 0x2 0x0 0x28 0x65 0x1 0x0 0xbb 0x0 0xb7 0x0 0x58 0x0 0x58 0x0 0x95 0x95 0x95 0x95 0x95 0x95 0x1 0x8 0xd3 0x7 0xd3 0x7 0xfa 0x7 0xde 0x7 0xf4 0x7 0xd5 0x7 0xf4 0x7 0x2f 0x0 0x3 0x85 0x90 0x88 0x8d 0x4d 0x80 0x4f 0x80 0xa6 0x82 0xeb 0x7b 0x63 0x6c 0x0 0x0 0xd 0x2f 0x0 0x0 0x73 0xe7 0x15 0xee 0x0 0x0 0x0 0x0 0x24 0x0 0x0 0x80 0x0 0xa4 0xa4 0x0 0x8 0x9f 0x5 0x0 0x0
1787978894415,0x1 0x8d 0xd 0x73 0x8b 0xb5 0x61 0x1e 0x11 0x0 0xd 0x53 0x95 0x0 0xde 0x1f 0x51 0x22 0x73 0x0 0xad 0x4 0xcf 0x2 0x0 0x28 0x65 0x1 0x0 0xc1 0x0 0xc0 0x0 0x57 0x0 0x58 0x0 0x7b 0x7b 0x7b 0x7b 0x7b 0x7b 0x8e 0x6 0x7f 0x6 0x3d 0x6 0x30 0x6 0xea 0x5 0xe5 0x5 0xcf 0x5 0xe5 0x5 0x26 0x0 0x3 0x83 0x8d 0x88 0x8d 0x4d 0x80 0x4f 0x80 0xa6 0x82 0xeb 0x7b 0x62 0x6b 0x0 0x0 0xd 0x41 0x0 0x0 0x73 0xe7 0x15 0xee 0x0 0x0 0x0 0x0 0x34 0x0 0x0 0x80 0x0 0xa4 0xa4 0x0 0x8 0x93 0x5 0x0 0x0
1787978894639,0x1 0x8a 0xd 0x73 0x8b 0xb5 0x61 0x2c 0x1f 0x0 0xd 0x75 0x2b 0x1 0x7 0x37 0x11 0x34 0x73 0x0 0x6f 0x5 0xcf 0x2 0x0 0x28 0x65 0x1 0x0 0xbc 0x0 0xbb 0x0 0x58 0x0 0x58 0x0 0x82 0x82 0x82 0x82 0x82 0x82 0xbe 0x8 0xe6 0x8 0x4e 0x8 0x71 0x8 0x87 0x8 0xc2 0x8 0xc4 0x8 0xe6 0x8 0x2d 0x0 0x3 0x7f 0x8a 0x88 0x8d 0x4d 0x80 0x4f 0x80 0xa6 0x82 0xeb 0x7b 0x62 0x6b 0x0 0x0 0x50 0x46 0x0 0x0 0x73 0xe7 0x15 0xee 0x0 0x0 0x0 0x0 0x4e 0x0 0x0 0x80 0x0 0xa4 0xa4 0x0 0x8 0xb9 0x5 0x0 0x0
1787978894863,0x1 0x8b 0xd 0x73 0x8b 0xb5 0x61 0x2d 0x20 0x0 0xd 0x75 0x2a 0x1 0x52 0x2e 0xaa 0x2f 0x73 0x4 0x6f 0x6 0xcf 0x2 0x0 0x28 0x65 0x1 0x0 0xa8 0x0 0xa5 0x0 0x58 0x0 0x57 0x0 0x78 0x78 0x78 0x78 0x78 0x78 0x88 0x7 0x93 0x7 0xcc 0x7 0xd8 0x7 0xa3 0x7 0xb6 0x7 0x75 0x7 0x93 0x7 0x20 0x0 0x3 0x7a 0x85 0x88 0x8d 0x4d 0x80 0x4f 0x80 0xa6 0x82 0xeb 0x7b 0x62 0x6b 0x0 0x0 0x50 0x4c 0x0 0x0 0x73 0xe7 0x15 0xee 0x0 0x0 0x0 0x0 0x62 0x0 0x0 0x80 0x0 0xa4 0xa4 0x0 0x8 0xac 0x5 0x0 0x0
1787978895087,0x1 0x8b 0xd 0x73 0x8b 0xb5 0x61 0x2d 0x20 0x0 0xd 0x76 0x35 0x1 0xeb 0x2e 0xdc 0x2e 0x73 0x6 0x96 0x6 0xcf 0x2 0x0 0x28 0x65 0x1 0x0 0x21 0x0 0x2c 0x0 0x58 0x0 0x57 0x0 0x76 0x76 0x76 0x76 0x76 0x76 0x29 0x7 0x47 0x7 0x26 0x7 0x19 0x7 0x2c 0x7 0x48 0x7 0x26 0x7 0x47 0x7 0x1e 0x0 0x3 0x80 0x8b 0x85 0x8e 0x4d 0x80 0x4f 0x80 0xa6 0x82 0xeb 0x7b 0x62 0x6b 0x0 0x0 0x50 0x4c 0x0 0x0 0x73 0xe7 0x15 0xee 0x0 0x0 0x0 0x0 0x81 0x0 0x0 0x80 0x0 0xa4 0xa4 0x0 0x8 0xac 0x5 0x0 0x0
1787978895310,0x1 0x8c 0xd 0x73 0x8b 0xb5 0x61 0x2d 0x20 0x0 0xd 0x77 0x3d 0x1 0xf7 0x2e 0x3d 0x2f 0x73 0xa 0xc0 0x6 0xcf 0x2 0x0 0x28 0x65 0x1 0x0 0xd 0x0 0x10 0x0 0x58 0x0 0x58 0x0 0x76 0x76 0x76 0x76 0x76 0x76 0x26 0x7 0x46 0x7 0x24 0x7 0x42 0x7 0x2c 0x7 0x48 0x7 0x23 0x7 0x42 0x7 0x1d 0x0 0x3 0x84 0x8f 0x85 0x8e 0x4d 0x80 0x4f 0x80 0xa6 0x82 0xeb 0x7b 0x62 0x6b 0x0 0x0 0x50 0x51 0x0 0x0 0x73 0xe7 0x15 0xee 0x0 0x0 0x0 0x0 0x9d 0x0 0x0 0x80 0x0 0xa4 0xa4 0x0 0x8 0x9f 0x5 0x0 0x0
1787978895535,0x1 0x8a 0xd 0x72 0x8b 0xb5 0x61 0x2d 0x20 0x0 0xd 0x78 0x46 0x1 0x99 0x2e 0x61 0x2f 0x73 0xc 0xff 0x6 0xcf 0x2 0x0 0x28 0x65 0x1 0x0 0xd 0x0 0x12 0x0 0x57 0x0 0x57 0x0 0x75 0x75 0x75 0x75 0x75 0x75 0x15 0x7 0x35 0x7 0x12 0x7 0x35 0x7 0x11 0x7 0x27 0x7 0x9 0x7 0x27 0x7 0x1c 0x0 0x3 0x89 0x94 0x85 0x8e 0x4d 0x80 0x4f 0x80 0xa6 0x82 0xeb 0x7b 0x61 0x6a 0x0 0x0 0x50 0x55 0x0 0x0 0x73 0xe7 0x15 0xee 0x0 0x0 0x0 0x0 0xb3 0x0 0x0 0x80 0x0 0xa4 0xa4 0x0 0x8 0xb9 0x5 0x0 0x0
1787978895759,0x1 0x8a 0xd 0x72 0x8b 0xb5 0x61 0x2d 0x20 0x0 0xd 0x7b 0x57 0x1 0x8a 0x2f 0x56 0x2f 0x73 0xe 0x37 0x7 0xcf 0x2 0x0 0x28 0x65 0x1 0x0 0xe 0x0 0x11 0x0 0x58 0x0 0x57 0x0 0x75 0x75 0x75 0x75 0x75 0x75 0xfc 0x6 0x1e 0x7 0xfa 0x6 0x16 0x7 0xf8 0x6 0x1c 0x7 0x1 0x7 0x1e 0x7 0x1d 0x0 0x3 0x8e 0x99 0x85 0x8e 0x4d 0x80 0x4f 0x80 0xa6 0x82 0xeb 0x7b 0x61 0x6a 0x0 0x0 0x50 0x5e 0x0 0x0 0x73 0xe7 0x15 0xee 0x0 0x0 0x0 0x0 0xc3 0x0 0x0 0x80 0x0 0xa4 0xa4 0x0 0x8 0xb9 0x5 0x0 0x0
1787978895983,0x1 0x8c 0xd 0x72 0x8b 0xb6 0x60 0x2d 0x20 0x0 0xd 0x7c 0x63 0x1 0x36 0x2f 0x59 0x2f 0x73 0xf 0x85 0x7 0xcf 0x2 0x0 0x28 0x65 0x1 0x0 0xe 0x0 0x13 0x0 0x58 0x0 0x57 0x0 0x74 0x74 0x74 0x74 0x74 0x74 0x14 0x7 0x31 0x7 0x10 0x7 0x31 0x7 0x15 0x7 0x34 0x7 0x17 0x7 0x34 0x7 0x1b 0x0 0x3 0x93 0x9e 0x85 0x8e 0x4d 0x80 0x4f 0x80 0xa6 0x82 0xeb 0x7b 0x61 0x6a 0x0 0x0 0x50 0x66 0x0 0x0 0x73 0xe7 0x15 0xee 0x0 0x0 0x0 0x0 0xd0 0x0 0x0 0x80 0x0 0xa4 0xa4 0x0 0x8 0x9f 0x5 0x0 0x0
1787978896206,0x1 0x8b 0xd 0x72 0x8b 0xb6 0x60 0x2e 0x20 0x0 0xd 0x7f 0x76 0x1 0xc 0x2f 0x6 0x2f 0x73 0x11 0xf3 0x7 0xcf 0x2 0x0 0x28 0x65 0x1 0x0 0x15 0x0 0x6f 0x0 0x58 0x0 0x58 0x0 0x74 0x74 0x74 0x74 0x74 0x74 0x1e 0x7 0x3b 0x7 0x20 0x7 0x37 0x7 0x1e 0x7 0x39 0x7 0x20 0x7 0x3c 0x7 0x1b 0x0 0x3 0x98 0xa4 0x85 0x8e 0x4d 0x80 0x4f 0x80 0xa6 0x82 0xeb 0x7b 0x61 0x6a 0x0 0x0 0x50 0x77 0x0 0x0 0x73 0xe7 0x15 0xee 0x0 0x0 0x0 0x0 0xd7 0x0 0x0 0x80 0x0 0xa4 0xa4 0x0 0x8 0xac 0x5 0x0 0x0
1787978896431,0x1 0x8b 0xd 0x72 0x8b 0xb6 0x60 0x2e 0x21 0x0 0xd 0x82 0x89 0x1 0x4d 0x2f 0x30 0x2f 0x73 0x12 0x4f 0x8 0xcf 0x2 0x0 0x28 0x65 0x1 0x0 0x66 0x0 0xad 0x0 0x58 0x0 0x57 0x0 0x73 0x73 0x73 0x73 0x73 0x73 0x36 0x7 0x36 0x7 0x35 0x7 0x38 0x7 0x36 0x7 0x32 0x7 0x39 0x7 0x36 0x7 0x1a 0x0 0x3 0x9e 0xa4 0x85 0x8e 0x4d 0x80 0x4f 0x80 0xa6 0x82 0xeb 0x7b 0x62 0x6b 0x0 0x0 0x50 0x84 0x0 0x0 0x73 0xe7 0x15 0xee 0x0 0x0 0x0 0x0 0xdd 0x0 0x0 0x80 0x0 0xa4 0xa4 0x0 0x8 0xac 0x5 0x0 0x0
1787978896655,0x1 0x8a 0xd 0x72 0x8b 0xb6 0x60 0x2f 0x22 0x0 0xd 0x85 0x98 0x1 0x9c 0x2e 0x67 0x2e 0x73 0x13 0xc1 0x8 0xcf 0x2 0x0 0x28 0x65 0x3 0x0 0xa7 0x0 0xaf 0x0 0x58 0x0 0x58 0x0 0x72 0x72 0x72 0x72 0x72 0x72 0xd0 0x6 0xce 0x6 0xcd 0x6 0xe0 0x6 0xd9 0x6 0xda 0x6 0xcd 0x6 0xce 0x6 0x1b 0x0 0x3 0x93 0x9a 0x8b 0x93 0x4d 0x80 0x4f 0x80 0xa6 0x82 0xeb 0x7b 0x62 0x6b 0x0 0x0 0x50 0x95 0x0 0x0 0x73 0xe7 0x15 0xee 0x0 0x0 0x0 0x0 0xe1 0x0 0x0 0x80 0x0 0xa4 0xa4 0x0 0x8 0xb9 0x5 0x0 0x0
1787978896878,0x1 0x8b 0xd 0x72 0x8b 0xb6 0x60 0x2f 0x22 0x0 0xd 0x86 0xa5 0x1 0xd2 0x2e 0x4c 0x2e 0x73 0x15 0xfe 0x8 0xcf 0x2 0x0 0x28 0x65 0x3 0x0 0x9b 0x0 0xa4 0x0 0x58 0x0 0x58 0x0 0x70 0x70 0x70 0x70 0x70 0x70 0x8c 0x6 0x90 0x6 0x8e 0x6 0x91 0x6 0x90 0x6 0x8b 0x6 0x90 0x6 0x93 0x6 0x1c 0x0 0x3 0x8d 0x94 0x8b 0x93 0x4d 0x80 0x4f 0x80 0xa6 0x82 0xeb 0x7b 0x62 0x6b 0x0 0x0 0x50 0x96 0x0 0x0 0x73 0xe7 0x15 0xee 0x0 0x0 0x0 0x0 0xe5 0x0 0x0 0x80 0x0 0xa4 0xa4 0x0 0x8 0xac 0x5 0x0 0x0
1787978897103,0x1 0x8c 0xd 0x72 0x8b 0xb6 0x60 0x31 0x24 0x0 0xd 0x8b 0xc2 0x1 0x51 0x31 0x5c 0x30 0x73 0x15 0x20 0x9 0xcf 0x2 0x0 0x28 0x65 0x3 0x0 0x2b 0x0 0x93 0x0 0x58 0x0 0x58 0x0 0x70 0x70 0x70 0x70 0x70 0x70 0xde 0x6 0x95 0x6 0x93 0x6 0x97 0x6 0xc9 0x6 0xa2 0x6 0xde 0x6 0xa9 0x6 0x1a 0x0 0x3 0x90 0x8e 0x93 0x93 0x4d 0x80 0x4f 0x80 0xa6 0x82 0xeb 0x7b 0x62 0x6b 0x0 0x0 0x50 0x98 0x0 0x0 0x73 0xe7 0x15 0xee 0x0 0x0 0x0 0x0 0xe4 0x0 0x0 0x80 0x0 0xa4 0xa4 0x0 0x8 0x9f 0x5 0x0 0x0
1787978897327,0x1 0x8c 0xd 0x72 0x8b 0xb6 0x60 0x32 0x25 0x0 0xd 0x8c 0xce 0x1 0xbc 0x35 0xfe 0x34 0x73 0x16 0x99 0x8 0xcf 0x2 0x0 0x28 0x65 0x3 0x0 0x15 0x0 0x17 0x0 0x58 0x0 0x58 0x0 0x74 0x74 0x74 0x74 0x74 0x74 0xba 0x7 0x91 0x7 0x8e 0x7 0x6e 0x7 0xad 0x7 0x84 0x7 0xc1 0x7 0x91 0x7 0x1d 0x0 0x3 0x96 0x96 0x93 0x98 0x4d 0x80 0x4f 0x80 0xa6 0x82 0xeb 0x7b 0x5c 0x63 0x0 0x0 0xd0 0x91 0x0 0x0 0x73 0xe7 0x15 0xee 0x0 0x0 0x0 0x0 0xd4 0x0 0x0 0x80 0x0 0xa4 0xa4 0x0 0x8 0x9f 0x5 0x0 0x0
1787978897551,0x1 0x8b 0xd 0x72 0x8b 0xb6 0x60 0x34 0x26 0x0 0xd 0x8a 0xc7 0x1 0xc0 0x39 0x9d 0x38 0x73 0x18 0xe1 0x7 0xcf 0x2 0x0 0x28 0x65 0x3 0x0 0x40 0x0 0x18 0x0 0x58 0x0 0x58 0x0 0x77 0x77 0x77 0x77 0x77 0x77 0x72 0x8 0x47 0x8 0x55 0x8 0x21 0x8 0x5e 0x8 0x31 0x8 0x7b 0x8 0x47 0x8 0x24 0x0 0x3 0x9d 0x9c 0x93 0x98 0x4d 0x80 0x4f 0x80 0xa6 0x82 0xeb 0x7b 0x5c 0x63 0x0 0x0 0x50 0x80 0x0 0x0 0x73 0xe7 0x15 0xee 0x0 0x0 0x0 0x0 0xb3 0x0 0x0 0x80 0x0 0xa4 0xa4 0x0 0x8 0xac 0x5 0x0 0x0
1787978897775,0x1 0x8b 0xd 0x72 0x8b 0xb6 0x60 0x35 0x28 0x0 0xd 0x8b 0xcb 0x1 0xd7 0x3a 0x6f 0x3a 0x73 0x19 0xcd 0x7 0xcf 0x2 0x0 0x28 0x65 0x3 0x0 0x1d 0x0 0x13 0x0 0x58 0x0 0x58 0x0 0x77 0x77 0x77 0x77 0x77 0x77 0xc4 0x8 0x9f 0x8 0xc9 0x8 0xa6 0x8 0xd0 0x8 0xb1 0x8 0xd7 0x8 0xb1 0x8 0x27 0x0 0x3 0xa1 0xa2 0x93 0x98 0x4d 0x80 0x4f 0x80 0xa6 0x82 0xeb 0x7b 0x5c 0x63 0x0 0x0 0x50 0x73 0x0 0x0 0x73 0xe7 0x15 0xee 0x0 0x0 0x0 0x0 0xae 0x0 0x0 0x80 0x0 0xa4 0xa4 0x0 0x8 0xac 0x5 0x0 0x0
1787978897998,0x1 0x8b 0xd 0x72 0x8b 0xb6 0x60 0x36 0x29 0x0 0xd 0x8d 0xd8 0x1 0x16 0x3b 0x1 0x3b 0x73 0x1a 0xfd 0x7 0xcf 0x2 0x0 0x28 0x65 0x1 0x0 0x3e 0x0 0x66 0x0 0x58 0x0 0x58 0x0 0x77 0x77 0x77 0x77 0x77 0x77 0x12 0x9 0xea 0x8 0x13 0x9 0xf0 0x8 0x17 0x9 0xe8 0x8 0x17 0x9 0xf3 0x8 0x28 0x0 0x3 0xa7 0xa9 0x93 0x98 0x4d 0x80 0x4f 0x80 0xa6 0x82 0xeb 0x7b 0x5c 0x63 0x0 0x0 0x50 0x77 0x0 0x0 0x73 0xe7 0x15 0xee 0x0 0x0 0x0 0x0 0xb2 0x0 0x0 0x80 0x0 0xa4 0xa4 0x0 0x8 0xac 0x5 0x0 0x0
1787978898223,0x1 0x8b 0xd 0x72 0x8b 0xb6 0x60 0x38 0x2a 0x0 0xd 0x8f 0xe5 0x1 0x77 0x3b 0xac 0x3b 0x73 0x1b 0x28 0x8 0xcf 0x2 0x0 0x28 0x65 0x1 0x0 0x9e 0x0 0x97 0x0 0x58 0x0 0x58 0x0 0x77 0x77 0x77 0x77 0x77 0x77 0x2 0x9 0x17 0x9 0xff 0x8 0x14 0x9 0x6 0x9 0x12 0x9 0xfc 0x8 0x14 0x9 0x28 0x0 0x3 0xa0 0xaa 0x99 0x98 0x4d 0x80 0x4f 0x80 0xa6 0x82 0xeb 0x7b 0x5c 0x63 0x0 0x0 0x50 0x80 0x0 0x0 0x73 0xe7 0x15 0xee 0x0 0x0 0x0 0x0 0xb7 0x0 0x0 0x80 0x0 0xa4 0xa4 0x0 0x8 0xac 0x5 0x0 0x0
1787978898445,0x1 0x8a 0xd 0x71 0x8b 0xb6 0x60 0x39 0x2c 0x0 0xd 0x91 0xfd 0x1 0xeb 0x3c 0x97 0x3c 0x73 0x1d 0x5b 0x8 0xcf 0x2 0x0 0x28 0x65 0x1 0x0 0x9f 0x0 0xaa 0x0 0x58 0x0 0x58 0x0 0x77 0x77 0x77 0x77 0x77 0x77 0xe4 0x8 0xf1 0x8 0xe2 0x8 0xef 0x8 0xe8 0x8 0x26 0x9 0xe2 0x8 0xef 0x8 0x26 0x0 0x3 0x9a 0xa2 0x99 0x9b 0x4d 0x80 0x4f 0x80 0xa6 0x82 0xeb 0x7b 0x5e 0x65 0x0 0x0 0x50 0x84 0x0 0x0 0x73 0xe7 0x15 0xee 0x0 0x0 0x0 0x0 0xbb 0x0 0x0 0x80 0x0 0xa4 0xa4 0x0 0x8 0xb9 0x5 0x0 0x0
1787978898686,0x1 0x8b 0xd 0x71 0x8b 0xb6 0x60 0x3a 0x2c 0x0 0xd 0x94 0xb 0x2 0x63 0x3d 0x68 0x3d 0x73 0x1e 0x85 0x8 0xcf 0x2 0x0 0x28 0x65 0x1 0x0 0x90 0x0 0xa4 0x0 0x58 0x0 0x58 0x0 0x77 0x77 0x77 0x77 0x77 0x77 0xce 0x8 0xd5 0x8 0xc6 0x8 0xe0 0x8 0xd0 0x8 0xdb 0x8 0xc6 0x8 0xd3 0x8 0x25 0x0 0x3 0x93 0x9b 0x99 0x9b 0x4d 0x80 0x4f 0x80 0xa6 0x82 0xeb 0x7b 0x5e 0x65 0x0 0x0 0x50 0x8d 0x0 0x0 0x73 0xe7 0x15 0xee 0x0 0x0 0x0 0x0 0xbf 0x0 0x0 0x80 0x0 0xa4 0xa4 0x0 0x8 0xac 0x5 0x0 0x0
1787978898910,0x1 0x8c 0xd 0x71 0x8b 0xb6 0x60 0x3a 0x2d 0x0 0xd 0x95 0x1e 0x2 0x63 0x3e 0x15 0x3e 0x73 0x20 0xb0 0x8 0xcf 0x2 0x0 0x28 0x65 0x1 0x0 0x19 0x0 0x87 0x0 0x57 0x0 0x58 0x0 0x77 0x77 0x77 0x77 0x77 0x77 0xe 0x9 0xac 0x8 0x16 0x9 0xa7 0x8 0x1a 0x9 0xa7 0x8 0x1d 0x9 0xa7 0x8 0x25 0x0 0x3 0x9c 0x94 0x9d 0x9b 0x4d 0x80 0x4f 0x80 0xa6 0x82 0xeb 0x7b 0x5e 0x65 0x0 0x0 0x50 0x91 0x0 0x0 0x73 0xe7 0x15 0xee 0x0 0x0 0x0 0x0 0xc4 0x0 0x0 0x80 0x0 0xa4 0xa4 0x0 0x8 0x9f 0x5 0x0 0x0
1787978899134,0x1 0x8a 0xd 0x71 0x8c 0xb6 0x60 0x3b 0x2d 0x0 0xd 0x95 0x21 0x2 0x9 0x3e 0x7c 0x3e 0x73 0x21 0xc9 0x8 0xcb 0x2 0x0 0x28 0x65 0x1 0x0 0x1f 0x0 0x12 0x0 0x57 0x0 0x57 0x0 0x77 0x77 0x77 0x77 0x77 0x77 0x66 0x9 0xfd 0x8 0x5f 0x9 0xf8 0x8 0x64 0x9 0xf9 0x8 0x65 0x9 0xfd 0x8 0x27 0x0 0x3 0xa4 0x9d 0x9d 0x9e 0x4d 0x80 0x4f 0x80 0xa6 0x82 0xeb 0x7b 0x5e 0x65 0x0 0x0 0x95 0x94 0x0 0x0 0x73 0xe7 0x15 0xee 0x0 0x0 0x0 0x0 0xcb 0x0 0x0 0x80 0x0 0xa4 0xa4 0x0 0x8 0xb9 0x5 0x0 0x0
1787978899358,0x1 0x8b 0xd 0x71 0x8c 0xb6 0x60 0x3b 0x2d 0x0 0xd 0x96 0x28 0x2 0xbc 0x3d 0xe 0x3e 0x73 0x22 0xf1 0x8 0xcb 0x2 0x0 0x28 0x65 0x1 0x0 0xad 0x0 0x2e 0x0 0x58 0x0 0x58 0x0 0x75 0x75 0x75 0x75 0x75 0x75 0x1d 0x9 0x1f 0x9 0x15 0x9 0xf 0x9 0x1e 0x9 0x19 0x9 0x15 0x9 0x1f 0x9 0x27 0x0 0x3 0x9d 0xa5 0x9c 0x9e 0x4d 0x80 0x4f 0x80 0xa6 0x82 0xeb 0x7b 0x59 0x60 0x0 0x0 0x95 0x95 0x0 0x0 0x73 0xe7 0x15 0xee 0x0 0x0 0x0 0x0 0xcf 0x0 0x0 0x80 0x0 0xa4 0xa4 0x0 0x8 0xac 0x5 0x0 0x0
1787978899582,0x1 0x8c 0xd 0x71 0x8c 0xb6 0x60 0x3a 0x2e 0x0 0xd 0x97 0x24 0x2 0x64 0x3c 0xd4 0x3c 0x73 0x23 0x13 0x9 0xcb 0x2 0x0 0x28 0x65 0x1 0x0 0xa5 0x0 0xaa 0x0 0x58 0x0 0x58 0x0 0x74 0x74 0x74 0x74 0x74 0x74 0xc1 0x8 0x14 0x9 0xb9 0x8 0xc 0x9 0xab 0x8 0x17 0x9 0xab 0x8 0x8 0x9 0x24 0x0 0x3 0x95 0xa8 0x9c 0x9e 0x4d 0x80 0x4f 0x80 0xa6 0x82 0xeb 0x7b 0x59 0x60 0x0 0x0 0x95 0x97 0x0 0x0 0x73 0xe7 0x15 0xee 0x0 0x0 0x0 0x0 0xd3 0x0 0x0 0x80 0x0 0xa4 0xa4 0x0 0x8 0x9f 0x5 0x0 0x0
1787978899806,0x1 0x8c 0xd 0x71 0x8c 0xb6 0x60 0x3a 0x2d 0x0 0xd 0x95 0x1e 0x2 0xcb 0x3a 0x21 0x3b 0x73 0x25 0x38 0x9 0xcb 0x2 0x0 0x28 0x65 0x1 0x0 0x9e 0x0 0xb2 0x0 0x57 0x0 0x58 0x0 0x72 0x72 0x72 0x72 0x72 0x72 0x3b 0x8 0xda 0x8 0x50 0x8 0xd2 0x8 0x40 0x8 0xcc 0x8 0x3b 0x8 0xca 0x8 0x22 0x0 0x3 0x8e 0xa1 0x9c 0x9e 0x4d 0x80 0x4f 0x80 0xa6 0x82 0xeb 0x7b 0x59 0x60 0x0 0x0 0x95 0x98 0x0 0x0 0x73 0xe7 0x15 0xee 0x0 0x0 0x0 0x0 0xd7 0x0 0x0 0x80 0x0 0xa4 0xa4 0x0 0x8 0x9f 0x5 0x0 0x0
1787978900029,0x1 0x8c 0xd 0x71 0x8c 0xb6 0x60 0x39 0x2c 0x0 0xd 0x95 0x1a 0x2 0x57 0x39 0x12 0x3a 0x73 0x26 0x62 0x9 0xcb 0x2 0x0 0x28 0x65 0x1 0x0 0x94 0x0 0xae 0x0 0x57 0x0 0x58 0x0 0x70 0x70 0x70 0x70 0x70 0x70 0xe8 0x7 0x40 0x8 0xe0 0x7 0x4a 0x8 0xec 0x7 0x43 0x8 0xe0 0x7 0x38 0x8 0x1e 0x0 0x3 0x87 0x99 0x9c 0x9d 0x4d 0x80 0x4f 0x80 0xa6 0x82 0xeb 0x7b 0x59 0x60 0x0 0x0 0x95 0x9a 0x0 0x0 0x73 0xe7 0x15 0xee 0x0 0x0 0x0 0x0 0xd9 0x0 0x0 0x80 0x0 0xa4 0xa4 0x0 0x8 0x9f 0x5 0x0 0x0
1787978900253,0x1 0x8a 0xd 0x71 0x8c 0xb6 0x60 0x38 0x2c 0x0 0xd 0x94 0x1c 0x2 0xcc 0x38 0x5 0x39 0x73 0x27 0x82 0x9 0xcb 0x2 0x0 0x28 0x65 0x1 0x0 0x25 0x0 0xaa 0x0 0x57 0x0 0x58 0x0 0x6f 0x6f 0x6f 0x6f 0x6f 0x6f 0xe8 0x7 0xf5 0x7 0xee 0x7 0xee 0x7 0xec 0x7 0xe0 0x7 0xe8 0x7 0xde 0x7 0x1c 0x0 0x3 0x8e 0x92 0x95 0x9d 0x4d 0x80 0x4f 0x80 0xa6 0x82 0xeb 0x7b 0x59 0x60 0x0 0x0 0x95 0x9d 0x0 0x0 0x73 0xe7 0x15 0xee 0x0 0x0 0x0 0x0 0xdd 0x0 0x0 0x80 0x0 0xa4 0xa4 0x0 0x8 0xb9 0x5 0x0 0x0
1787978900478,0x1 0x8c 0xd 0x71 0x8c 0xb7 0x60 0x37 0x2a 0x0 0xd 0x94 0xf 0x2 0xd2 0x36 0xf0 0x36 0x73 0x28 0x9d 0x9 0xcb 0x2 0x0 0x28 0x65 0x1 0x0 0x58 0x0 0xa6 0x0 0x57 0x0 0x58 0x0 0x6f 0x6f 0x6f 0x6f 0x6f 0x6f 0xd1 0x7 0x6a 0x7 0xd6 0x7 0x68 0x7 0xcf 0x7 0x6f 0x7 0xd6 0x7 0x68 0x7 0x1b 0x0 0x3 0x95 0x8b 0x95 0x9d 0x4d 0x80 0x4f 0x80 0xa6 0x82 0xeb 0x7b 0x52 0x58 0x0 0x0 0x95 0x9c 0x0 0x0 0x73 0xe7 0x15 0xee 0x0 0x0 0x0 0x0 0xe0 0x0 0x0 0x80 0x0 0xa4 0xa4 0x0 0x8 0x9f 0x5 0x0 0x0
1787978900702,0x1 0x8c 0xd 0x71 0x8c 0xb7 0x60 0x36 0x29 0x0 0xd 0x93 0x8 0x2 0x76 0x35 0xd1 0x35 0x73 0x29 0xba 0x9 0xcb 0x2 0x0 0x28 0x65 0x3 0x0 0xa3 0x0 0x92 0x0 0x57 0x0 0x58 0x0 0x6d 0x6d 0x6d 0x6d 0x6d 0x6d 0x5c 0x7 0xf 0x7 0x65 0x7 0x17 0x7 0x5c 0x7 0x15 0x7 0x58 0x7 0xf 0x7 0x19 0x0 0x3 0x88 0x84 0x8c 0x9d 0x4d 0x80 0x4f 0x80 0xa6 0x82 0xeb 0x7b 0x52 0x58 0x0 0x0 0x95 0x9d 0x0 0x0 0x73 0xe7 0x15 0xee 0x0 0x0 0x0 0x0 0xe3 0x0 0x0 0x80 0x0 0xa4 0xa4 0x0 0x8 0x9f 0x5 0x0 0x0
1787978900926,0x1 0x8c 0xd 0x70 0x8c 0xb7 0x60 0x35 0x29 0x0 0xd 0x92 0xfe 0x1 0xd5 0x33 0x8c 0x34 0x73 0x2a 0xd7 0x9 0xcb 0x2 0x0 0x28 0x65 0x3 0x0 0x99 0x0 0x37 0x0 0x57 0x0 0x58 0x0 0x6c 0x6c 0x6c 0x6c 0x6c 0x6c 0x11 0x7 0xc8 0x6 0xc 0x7 0xf5 0x6 0x3 0x7 0xf0 0x6 0xff 0x6 0xf0 0x6 0x19 0x0 0x3 0x81 0x86 0x8c 0x93 0x4d 0x80 0x4f 0x80 0xa6 0x82 0xeb 0x7b 0x52 0x58 0x0 0x0 0x95 0x9e 0x0 0x0 0x73 0xe7 0x15 0xee 0x0 0x0 0x0 0x0 0xe4 0x0 0x0 0x80 0x0 0xa4 0xa4 0x0 0x8 0x9f 0x5 0x0 0x0
1787978901150,0x1 0x8b 0xd 0x70 0x8c 0xb7 0x60 0x35 0x28 0x0 0xd 0x92 0x9 0x2 0xe8 0x34 0xb8 0x34 0x73 0x2a 0xd9 0x9 0xcb 0x2 0x0 0x28 0x65 0x3 0x0 0x24 0x0 0x17 0x0 0x57 0x0 0x58 0x0 0x6c 0x6c 0x6c 0x6c 0x6c 0x6c 0x11 0x7 0x22 0x7 0x19 0x7 0x28 0x7 0xc 0x7 0x19 0x7 0x1c 0x7 0x28 0x7 0x18 0x0 0x3 0x85 0x8d 0x88 0x93 0x4d 0x80 0x4f 0x80 0xa6 0x82 0xeb 0x7b 0x52 0x58 0x0 0x0 0x95 0x9e 0x0 0x0 0x73 0xe7 0x15 0xee 0x0 0x0 0x0 0x0 0xe6 0x0 0x0 0x80 0x0 0xa4 0xa4 0x0 0x8 0xac 0x5 0x0 0x0
1787978901374,0x1 0x8b 0xd 0x70 0x8c 0xb7 0x60 0x35 0x28 0x0 0xd 0x91 0xfb 0x1 0xb 0x38 0x34 0x37 0x73 0x2b 0xc 0x9 0xcb 0x2 0x0 0x28 0x65 0x3 0x0 0x1f 0x0 0x59 0x0 0x58 0x0 0x57 0x0 0x72 0x72 0x72 0x72 0x72 0x72 0x9b 0x7 0xad 0x7 0x7f 0x7 0x91 0x7 0x8c 0x7 0x9e 0x7 0xa1 0x7 0xad 0x7 0x1c 0x0 0x3 0x8c 0x94 0x88 0x93 0x4d 0x80 0x4f 0x80 0xa6 0x82 0xeb 0x7b 0x51 0x57 0x0 0x0 0x95 0x97 0x0 0x0 0x73 0xe7 0x15 0xee 0x0 0x0 0x0 0x0 0xd7 0x0 0x0 0x80 0x0 0xa4 0xa4 0x0 0x8 0xac 0x5 0x0 0x0
1787978901597,0x1 0x8c 0xd 0x70 0x8c 0xb7 0x60 0x35 0x28 0x0 0xd 0x8f 0xed 0x1 0x32 0x3b 0xcb 0x3a 0x73 0x2c 0x54 0x8 0xcb 0x2 0x0 0x28 0x65 0x3 0x0 0x1a 0x0 0x62 0x0 0x57 0x0 0x58 0x0 0x76 0x76 0x76 0x76 0x76 0x76 0x57 0x8 0x46 0x8 0x46 0x8 0x3d 0x8 0x4d 0x8 0x3e 0x8 0x5b 0x8 0x46 0x8 0x22 0x0 0x3 0x92 0x96 0x88 0x93 0x4d 0x80 0x4f 0x80 0xa6 0x82 0xeb 0x7b 0x51 0x57 0x0 0x0 0x55 0x88 0x0 0x0 0x73 0xe7 0x15 0xee 0x0 0x0 0x0 0x0 0xc3 0x0 0x0 0x80 0x0 0xa4 0xa4 0x0 0x8 0x9f 0x5 0x0 0x0
1787978901821,0x1 0x8c 0xd 0x70 0x8c 0xb7 0x60 0x35 0x28 0x0 0xd 0x8d 0xdb 0x1 0x4b 0x3a 0xc2 0x3a 0x73 0x2c 0x26 0x8 0xcb 0x2 0x0 0x28 0x65 0x1 0x0 0xa3 0x0 0xa5 0x0 0x57 0x0 0x58 0x0 0x76 0x76 0x76 0x76 0x76 0x76 0x3d 0x8 0x43 0x8 0x76 0x8 0x45 0x8 0x78 0x8 0xe 0x8 0x3d 0x8 0x6 0x8 0x21 0x0 0x3 0x8e 0x8e 0x89 0x8a 0x4d 0x80 0x4f 0x80 0xa6 0x82 0xeb 0x7b 0x51 0x57 0x0 0x0 0x95 0x7f 0x0 0x0 0x73 0xe7 0x15 0xee 0x0 0x0 0x0 0x0 0xc0 0x0 0x0 0x80 0x0 0xa4 0xa4 0x0 0x8 0x9f 0x5 0x0 0x0
1787978902045,0x1 0x8b 0xd 0x70 0x8c 0xb7 0x60 0x35 0x28 0x0 0xd 0x8e 0xd9 0x1 0xb0 0x39 0xec 0x39 0x73 0x2d 0x33 0x8 0xcb 0x2 0x0 0x28 0x65 0x1 0x0 0x9e 0x0 0x90 0x0 0x57 0x0 0x58 0x0 0x75 0x75 0x75 0x75 0x75 0x75 0xec 0x7 0xcb 0x7 0xff 0x7 0xc2 0x7 0xf6 0x7 0xb7 0x7 0xec 0x7 0xb5 0x7 0x1e 0x0 0x3 0x88 0x87 0x89 0x8a 0x4d 0x80 0x4f 0x80 0xa6 0x82 0xeb 0x7b 0x51 0x57 0x0 0x0 0x95 0x7f 0x0 0x0 0x73 0xe7 0x15 0xee 0x0 0x0 0x0 0x0 0xc3 0x0 0x0 0x80 0x0 0xa4 0xa4 0x0 0x8 0xac 0x5 0x0 0x0
1787978902269,0x1 0x8c 0xd 0x70 0x8c 0xb7 0x60 0x35 0x28 0x0 0xd 0x8e 0xd8 0x1 0x60 0x39 0xd5 0x39 0x73 0x2e 0x3a 0x8 0xcb 0x2 0x0 0x28 0x65 0x1 0x0 0x46 0x0 0x19 0x0 0x57 0x0 0x58 0x0 0x77 0x77 0x77 0x77 0x77 0x77 0xc4 0x7 0xe1 0x7 0xc2 0x7 0xe8 0x7 0xbe 0x7 0xe8 0x7 0xb8 0x7 0xe8 0x7 0x1e 0x0 0x3 0x82 0x8f 0x89 0x8d 0x4d 0x80 0x4f 0x80 0xa6 0x82 0xeb 0x7b 0x51 0x57 0x0 0x0 0x95 0x7f 0x0 0x0 0x73 0xe7 0x15 0xee 0x0 0x0 0x0 0x0 0xc5 0x0 0x0 0x80 0x0 0xa4 0xa4 0x0 0x8 0x9f 0x5 0x0 0x0
1787978902492,0x1 0x8c 0xd 0x70 0x8d 0xb7 0x60 0x35 0x28 0x0 0xd 0x8d 0xe0 0x1 0x27 0x3a 0xd1 0x39 0x73 0x2f 0x41 0x8 0xc7 0x2 0x0 0x28 0x65 0x1 0x0 0x17 0x0 0x17 0x0 0x57 0x0 0x58 0x0 0x77 0x77 0x77 0x77 0x77 0x77 0x1b 0x8 0x16 0x8 0x12 0x8 0x13 0x8 0x16 0x8 0x16 0x8 0x1b 0x8 0x1c 0x8 0x21 0x0 0x3 0x8f 0x96 0x8c 0x8d 0x4d 0x80 0x4f 0x80 0xa6 0x82 0xeb 0x7b 0x54 0x5a 0x0 0x0 0x95 0x83 0x0 0x0 0x73 0xe7 0x15 0xee 0x0 0x0 0x0 0x0 0xc6 0x0 0x0 0x80 0x0 0xa4 0xa4 0x0 0x8 0x9f 0x5 0x0 0x0
1787978902716,0x1 0x8c 0xd 0x70 0x8d 0xb7 0x60 0x35 0x28 0x0 0xd 0x8f 0xe5 0x1 0x2f 0x3a 0x8 0x3a 0x73 0x2f 0x56 0x8 0xc7 0x2 0x0 0x28 0x65 0x1 0x0 0x1a 0x0 0x54 0x0 0x57 0x0 0x57 0x0 0x75 0x75 0x75 0x75 0x75 0x75 0x43 0x8 0x46 0x8 0x45 0x8 0x47 0x8 0x4a 0x8 0x4e 0x8 0x4e 0x8 0x4e 0x8 0x22 0x0 0x3 0x95 0x9c 0x8c 0x8d 0x4d 0x80 0x4f 0x80 0xa6 0x82 0xeb 0x7b 0x54 0x5a 0x0 0x0 0xd9 0x82 0x0 0x0 0x73 0xe7 0x15 0xee 0x0 0x0 0x0 0x0 0xc9 0x0 0x0 0x80 0x0 0xa4 0xa4 0x0 0x8 0x9f 0x5 0x0 0x0
1787978902940,0x1 0x8a 0xd 0x6f 0x8d 0xb7 0x60 0x35 0x28 0x0 0xd 0x8e 0xe5 0x1 0xdb 0x39 0xc8 0x39 0x73 0x30 0x62 0x8 0xc7 0x2 0x0 0x28 0x65 0x1 0x0 0x9e 0x0 0xa7 0x0 0x57 0x0 0x58 0x0 0x75 0x75 0x75 0x75 0x75 0x75 0x62 0x8 0x4b 0x8 0x63 0x8 0x4f 0x8 0x67 0x8 0x4b 0x8 0x67 0x8 0x50 0x8 0x22 0x0 0x3 0x92 0x9d 0x8c 0x8d 0x4d 0x80 0x4f 0x80 0xa6 0x82 0xeb 0x7b 0x54 0x5a 0x0 0x0 0xd9 0x86 0x0 0x0 0x73 0xe7 0x15 0xee 0x0 0x0 0x0 0x0 0xc9 0x0 0x0 0x80 0x0 0xa4 0xa4 0x0 0x8 0xb9 0x5 0x0 0x0
1787978903164,0x1 0x8c 0xd 0x6f 0x8d 0xb7 0x60 0x35 0x28 0x0 0xd 0x8f 0xe6 0x1 0x93 0x39 0xbb 0x39 0x73 0x31 0x71 0x8 0xc7 0x2 0x0 0x28 0x65 0x1 0x0 0xa0 0x0 0xad 0x0 0x57 0x0 0x58 0x0 0x74 0x74 0x74 0x74 0x74 0x74 0x8 0x8 0x16 0x8 0x1 0x8 0xf 0x8 0x1 0x8 0xd 0x8 0xfd 0x7 0xd 0x8 0x1f 0x0 0x3 0x8c 0x94 0x8e 0x91 0x4d 0x80 0x4f 0x80 0xa6 0x82 0xeb 0x7b 0x54 0x5a 0x0 0x0 0xd9 0x86 0x0 0x0 0x73 0xe7 0x15 0xee 0x0 0x0 0x0 0x0 0xcb 0x0 0x0 0x80 0x0 0xa4 0xa4 0x0 0x8 0x9f 0x5 0x0 0x0
1787978903388,0x1 0x8c 0xd 0x6f 0x8d 0xb7 0x60 0x34 0x28 0x0 0xd 0x8f 0xe5 0x1 0x59 0x39 0x92 0x39 0x73 0x31 0x75 0x8 0xc7 0x2 0x0 0x28 0x65 0x1 0x0 0x97 0x0 0xab 0x0 0x58 0x0 0x58 0x0 0x74 0x74 0x74 0x74 0x74 0x74 0xcd 0x7 0xd9 0x7 0xca 0x7 0xdb 0x7 0xcc 0x7 0xd7 0x7 0xc7 0x7 0xd7 0x7 0x1e 0x0 0x3 0x85 0x8e 0x8e 0x91 0x4d 0x80 0x4f 0x80 0xa6 0x82 0xeb 0x7b 0x52 0x5a 0x0 0x0 0xd9 0x86 0x0 0x0 0x73 0xe7 0x15 0xee 0x0 0x0 0x0 0x0 0xce 0x0 0x0 0x80 0x0 0xa4 0xa4 0x0 0x8 0x9f 0x5 0x0 0x0
1787978903612,0x1 0x8c 0xd 0x6f 0x8d 0xb7 0x60 0x34 0x26 0x0 0xd 0x8e 0xdb 0x1 0x31 0x38 0x95 0x38 0x73 0x32 0x74 0x8 0xc7 0x2 0x0 0x28 0x65 0x1 0x0 0x38 0x0 0x9e 0x0 0x57 0x0 0x57 0x0 0x74 0x74 0x74 0x74 0x74 0x74 0x84 0x7 0x92 0x7 0x7f 0x7 0x8a 0x7 0xb2 0x7 0x87 0x7 0xaf 0x7 0x87 0x7 0x1d 0x0 0x3 0x87 0x88 0x8d 0x91 0x4d 0x80 0x4f 0x80 0xa6 0x82 0xeb 0x7b 0x52 0x5a 0x0 0x0 0xd9 0x86 0x0 0x0 0x73 0xe7 0x15 0xee 0x0 0x0 0x0 0x0 0xd0 0x0 0x0 0x80 0x0 0xa4 0xa4 0x0 0x8 0x9f 0x5 0x0 0x0
1787978903836,0x1 0x8b 0xd 0x6f 0x8d 0xb7 0x60 0x2e 0x21 0x0 0xd 0x84 0x98 0x1 0xc9 0x30 0x71 0x32 0x73 0x32 0x5d 0x8 0xc7 0x2 0x0 0x28 0x65 0x1 0x0 0x57 0x0 0x9a 0x0 0x58 0x0 0x58 0x0 0x72 0x72 0x72 0x72 0x72 0x72 0x1 0x7 0xcc 0x6 0x24 0x7 0xae 0x6 0x19 0x7 0x90 0x6 0x1 0x7 0x87 0x6 0x1b 0x0 0x3 0x8e 0x81 0x8d 0x91 0x4d 0x80 0x4f 0x80 0xa6 0x82 0xeb 0x7b 0x52 0x5a 0x0 0x0 0xd9 0x86 0x0 0x0 0x73 0xe7 0x15 0xee 0x0 0x0 0x0 0x0 0xd4 0x0 0x0 0x80 0x0 0xa4 0xa4 0x0 0x8 0xac 0x5 0x0 0x0
1787978904060,0x1 0x8b 0xd 0x6f 0x8d 0xb7 0x60 0x2d 0x20 0x0 0xd 0x83 0x8a 0x1 0xd9 0x2f 0x7 0x30 0x73 0x33 0x3c 0x8 0xc7 0x2 0x0 0x28 0x65 0x3 0x0 0xb1 0x0 0xa3 0x0 0x57 0x0 0x58 0x0 0x73 0x73 0x73 0x73 0x73 0x73 0x78 0x6 0x1e 0x6 0x71 0x6 0x1d 0x6 0x73 0x6 0x1a 0x6 0x72 0x6 0x1a 0x6 0x1d 0x0 0x3 0x83 0x7b 0x87 0x91 0x4d 0x80 0x4f 0x80 0xa6 0x82 0xeb 0x7b 0x52 0x5a 0x0 0x0 0xd9 0x7e 0x0 0x0 0x73 0xe7 0x15 0xee 0x0 0x0 0x0 0x0 0xda 0x0 0x0 0x80 0x0 0xa4 0xa4 0x0 0x8 0xac 0x5 0x0 0x0
1787978904284,0x1 0x8b 0xd 0x6f 0x8d 0xb7 0x60 0x2d 0x20 0x0 0xd 0x82 0x86 0x1 0x63 0x2f 0xd1 0x2f 0x73 0x33 0x3b 0x8 0xc7 0x2 0x0 0x28 0x65 0x3 0x0 0xa8 0x0 0x70 0x0 0x58 0x0 0x57 0x0 0x73 0x73 0x73 0x73 0x73 0x73 0x57 0x6 0xff 0x5 0x55 0x6 0xfa 0x5 0x4b 0x6 0xef 0x5 0x47 0x6 0xef 0x5 0x1d 0x0 0x3 0x7d 0x75 0x87 0x91 0x4d 0x80 0x4f 0x80 0xa6 0x82 0xeb 0x7b 0x52 0x5a 0x0 0x0 0xd9 0x7e 0x0 0x0 0x73 0xe7 0x15 0xee 0x0 0x0 0x0 0x0 0xdc 0x0 0x0 0x80 0x0 0xa4 0xa4 0x0 0x8 0xac 0x5 0x0 0x0
1787978904508,0x1 0x8c 0xd 0x6e 0x8d 0xb7 0x60 0x2d 0x20 0x0 0xd 0x84 0x8b 0x1 0x1b 0x30 0x3c 0x30 0x73 0x34 0x36 0x8 0xc7 0x2 0x0 0x28 0x65 0x3 0x0 0x92 0x0 0x11 0x0 0x58 0x0 0x57 0x0 0x74 0x74 0x74 0x74 0x74 0x74 0x3f 0x6 0x44 0x6 0x3c 0x6 0x41 0x6 0x34 0x6 0x3d 0x6 0x34 0x6 0x42 0x6 0x1d 0x0 0x3 0x77 0x81 0x87 0x89 0x4d 0x80 0x4f 0x80 0xa6 0x82 0xeb 0x7b 0x52 0x5a 0x0 0x0 0xd9 0x7e 0x0 0x0 0x73 0xe7 0x15 0xee 0x0 0x0 0x0 0x0 0xdc 0x0 0x0 0x80 0x0 0xa4 0xa4 0x0 0x8 0x9f 0x5 0x0 0x0
1787978904732,0x1 0x8b 0xd 0x6e 0x8d 0xb7 0x60 0x2d 0x20 0x0 0xd 0x83 0x8c 0x1 0x4f 0x34 0x1 0x33 0x73 0x34 0x92 0x7 0xc7 0x2 0x0 0x28 0x65 0x3 0x0 0x1a 0x0 0xf 0x0 0x58 0x0 0x57 0x0 0x74 0x74 0x74 0x74 0x74 0x74 0xb1 0x6 0xba 0x6 0xc2 0x6 0xd3 0x6 0x9c 0x6 0xaa 0x6 0xcf 0x6 0xd3 0x6 0x1c 0x0 0x3 0x7f 0x86 0x81 0x89 0x4d 0x80 0x4f 0x80 0xa6 0x82 0xeb 0x7b 0x52 0x5a 0x0 0x0 0x59 0x75 0x0 0x0 0x73 0xe7 0x15 0xee 0x0 0x0 0x0 0x0 0xc5 0x0 0x0 0x80 0x0 0xa4 0xa4 0x0 0x8 0xac 0x5 0x0 0x0
1787978904956,0x1 0x8a 0xd 0x6e 0x8d 0xb7 0x60 0x2d 0x20 0x0 0xd 0x81 0x7b 0x1 0x64 0x34 0x5b 0x34 0x73 0x35 0x3c 0x7 0xc7 0x2 0x0 0x28 0x65 0x3 0x0 0x14 0x0 0x19 0x0 0x58 0x0 0x57 0x0 0x75 0x75 0x75 0x75 0x75 0x75 0x1c 0x7 0x12 0x7 0x12 0x7 0x1c 0x7 0x1d 0x7 0x1e 0x7 0x1c 0x7 0x21 0x7 0x1c 0x0 0x3 0x84 0x8c 0x81 0x89 0x4d 0x80 0x4f 0x80 0xa6 0x82 0xeb 0x7b 0x52 0x5a 0x0 0x0 0x59 0x6b 0x0 0x0 0x73 0xe7 0x15 0xee 0x0 0x0 0x0 0x0 0xb6 0x0 0x0 0x80 0x0 0xa4 0xa4 0x0 0x8 0xb9 0x5 0x0 0x0
1787978905180,0x1 0x8c 0xd 0x6e 0x8d 0xb7 0x60 0x2e 0x20 0x0 0xd 0x80 0x7a 0x1 0xce 0x33 0xf4 0x33 0x73 0x35 0x4c 0x7 0xc7 0x2 0x0 0x28 0x65 0x1 0x0 0x1f 0x0 0x60 0x0 0x57 0x0 0x58 0x0 0x74 0x74 0x74 0x74 0x74 0x74 0x2c 0x7 0x2e 0x7 0x2e 0x7 0x33 0x7 0x2b 0x7 0x2d 0x7 0x2e 0x7 0x33 0x7 0x1c 0x0 0x3 0x8a 0x91 0x81 0x89 0x4d 0x80 0x4f 0x80 0xa6 0x82 0xeb 0x7b 0x52 0x5a 0x0 0x0 0xd9 0x60 0x0 0x0 0x73 0xe7 0x15 0xee 0x0 0x0 0x0 0x0 0xb5 0x0 0x0 0x80 0x0 0xa4 0xa4 0x0 0x8 0x9f 0x5 0x0 0x0
1787978905404,0x1 0x8c 0xd 0x6e 0x8d 0xb7 0x60 0x2e 0x21 0x0 0xd 0x81 0x82 0x1 0x90 0x34 0x47 0x34 0x73 0x35 0x58 0x7 0xc7 0x2 0x0 0x28 0x65 0x1 0x0 0x2d 0x0 0x8a 0x0 0x58 0x0 0x57 0x0 0x75 0x75 0x75 0x75 0x75 0x75 0x5c 0x7 0x4e 0x7 0x57 0x7 0x47 0x7 0x56 0x7 0x47 0x7 0x5c 0x7 0x4a 0x7 0x1c 0x0 0x3 0x8f 0x93 0x81 0x89 0x4d 0x80 0x4f 0x80 0xa6 0x82 0xeb 0x7b 0x4f 0x58 0x0 0x0 0xd9 0x60 0x0 0x0 0x73 0xe7 0x15 0xee 0x0 0x0 0x0 0x0 0xb6 0x0 0x0 0x80 0x0 0xa4 0xa4 0x0 0x8 0x9f 0x5 0x0 0x0
1787978905628,0x1 0x8b 0xd 0x6e 0x8e 0xb7 0x60 0x2f 0x21 0x0 0xd 0x82 0x88 0x1 0x3 0x35 0xf1 0x34 0x73 0x36 0x65 0x7 0xc4 0x2 0x0 0x28 0x65 0x1 0x0 0x9b 0x0 0x9f 0x0 0x57 0x0 0x57 0x0 0x75 0x75 0x75 0x75 0x75 0x75 0x91 0x7 0x64 0x7 0x88 0x7 0x30 0x7 0x94 0x7 0x6a 0x7 0x8a 0x7 0x30 0x7 0x1c 0x0 0x3 0x92 0x8b 0x81 0x84 0x4d 0x80 0x4f 0x80 0xa6 0x82 0xeb 0x7b 0x4f 0x58 0x0 0x0 0x1b 0x64 0x0 0x0 0x73 0xe7 0x15 0xee 0x0 0x0 0x0 0x0 0xb6 0x0 0x0 0x80 0x0 0xa4 0xa4 0x0 0x8 0xac 0x5 0x0 0x0
1787978905852,0x1 0x8b 0xd 0x6e 0x8e 0xb7 0x60 0x2f 0x22 0x0 0xd 0x82 0x89 0x1 0xde 0x34 0x14 0x35 0x73 0x36 0x6f 0x7 0xc4 0x2 0x0 0x28 0x65 0x1 0x0 0x9c 0x0 0x99 0x0 0x57 0x0 0x57 0x0 0x75 0x75 0x75 0x75 0x75 0x75 0x3a 0x7 0x17 0x7 0x44 0x7 0x18 0x7 0x3f 0x7 0x12 0x7 0x3a 0x7 0xf 0x7 0x1c 0x0 0x3 0x86 0x86 0x83 0x84 0x4d 0x80 0x4f 0x80 0xa6 0x82 0xeb 0x7b 0x4f 0x58 0x0 0x0 0x1b 0x64 0x0 0x0 0x73 0xe7 0x15 0xee 0x0 0x0 0x0 0x0 0xb6 0x0 0x0 0x80 0x0 0xa4 0xa4 0x0 0x8 0xac 0x5 0x0 0x0
1787978906076,0x1 0x8c 0xd 0x6d 0x8e 0xb7 0x60 0x2f 0x22 0x0 0xd 0x84 0x95 0x1 0x41 0x36 0x14 0x36 0x73 0x36 0x77 0x7 0xc4 0x2 0x0 0x28 0x65 0x1 0x0 0x65 0x0 0x23 0x0 0x58 0x0 0x57 0x0 0x76 0x76 0x76 0x76 0x76 0x76 0x3c 0x7 0x5d 0x7 0x36 0x7 0x5d 0x7 0x35 0x7 0x57 0x7 0x35 0x7 0x60 0x7 0x1c 0x0 0x3 0x80 0x8d 0x83 0x8b 0x4d 0x80 0x4f 0x80 0xa6 0x82 0xeb 0x7b 0x4f 0x58 0x0 0x0 0x1b 0x64 0x0 0x0 0x73 0xe7 0x15 0xee 0x0 0x0 0x0 0x0 0xb7 0x0 0x0 0x80 0x0 0xa4 0xa4 0x0 0x8 0x9f 0x5 0x0 0x0
1787978906299,0x1 0x8c 0xd 0x6d 0x8e 0xb7 0x60 0x30 0x23 0x0 0xd 0x85 0x95 0x1 0x7 0x36 0x2a 0x36 0x73 0x37 0x7f 0x7 0xc4 0x2 0x0 0x28 0x65 0x1 0x0 0x18 0x0 0x68 0x0 0x57 0x0 0x58 0x0 0x76 0x76 0x76 0x76 0x76 0x76 0x72 0x7 0x87 0x7 0x60 0x7 0x76 0x7 0x67 0x7 0x83 0x7 0x72 0x7 0x87 0x7 0x1d 0x0 0x3 0x89 0x93 0x88 0x8b 0x4d 0x80 0x4f 0x80 0xa6 0x82 0xeb 0x7b 0x4f 0x58 0x0 0x0 0x1b 0x65 0x0 0x0 0x73 0xe7 0x15 0xee 0x0 0x0 0x0 0x0 0xb7 0x0 0x0 0x80 0x0 0xa4 0xa4 0x0 0x8 0x9f 0x5 0x0 0x0
1787978906524,0x1 0x8c 0xd 0x6d 0x8e 0xb7 0x60 0x30 0x23 0x0 0xd 0x86 0x9c 0x1 0x57 0x36 0x72 0x36 0x73 0x37 0x95 0x7 0xc4 0x2 0x0 0x28 0x65 0x1 0x0 0x1a 0x0 0xa3 0x0 0x58 0x0 0x58 0x0 0x76 0x76 0x76 0x76 0x76 0x76 0x9c 0x7 0x97 0x7 0x9e 0x7 0x97 0x7 0xa3 0x7 0x96 0x7 0xa4 0x7 0x96 0x7 0x1e 0x0 0x3 0x8f 0x93 0x88 0x8b 0x4d 0x80 0x4f 0x80 0xa6 0x82 0xeb 0x7b 0x4f 0x58 0x0 0x0 0x1b 0x69 0x0 0x0 0x73 0xe7 0x15 0xee 0x0 0x0 0x0 0x0 0xb6 0x0 0x0 0x80 0x0 0xa4 0xa4 0x0 0x8 0x9f 0x5 0x0 0x0
1787978906748,0x1 0x8b 0xd 0x6d 0x8e 0xb7 0x60 0x30 0x23 0x0 0xd 0x86 0x9b 0x1 0xf5 0x35 0x51 0x36 0x73 0x38 0x9e 0x7 0xc4 0x2 0x0 0x28 0x65 0x1 0x0 0x70 0x0 0xa8 0x0 0x58 0x0 0x57 0x0 0x76 0x76 0x76 0x76 0x76 0x76 0xc2 0x7 0x56 0x7 0xc5 0x7 0x5c 0x7 0xba 0x7 0x54 0x7 0xc5 0x7 0x52 0x7 0x1d 0x0 0x3 0x95 0x8a 0x88 0x8b 0x4d 0x80 0x4f 0x80 0xa6 0x82 0xeb 0x7b 0x4f 0x58 0x0 0x0 0x1b 0x69 0x0 0x0 0x73 0xe7 0x15 0xee 0x0 0x0 0x0 0x0 0xb6 0x0 0x0 0x80 0x0 0xa4 0xa4 0x0 0x8 0xac 0x5 0x0 0x0
1787978906972,0x1 0x8c 0xd 0x6d 0x8e 0xb7 0x60 0x30 0x23 0x0 0xd 0x86 0x9e 0x1 0x68 0x36 0xa1 0x36 0x73 0x38 0x9c 0x7 0xc4 0x2 0x0 0x28 0x65 0x1 0x0 0xa7 0x0 0x95 0x0 0x57 0x0 0x58 0x0 0x76 0x76 0x76 0x76 0x76 0x76 0x92 0x7 0x3e 0x7 0x97 0x7 0x39 0x7 0x96 0x7 0x38 0x7 0x92 0x7 0x34 0x7 0x1c 0x0 0x3 0x8b 0x85 0x8a 0x8b 0x4d 0x80 0x4f 0x80 0xa6 0x82 0xeb 0x7b 0x4f 0x58 0x0 0x0 0xdb 0x6a 0x0 0x0 0x73 0xe7 0x15 0xee 0x0 0x0 0x0 0x0 0xb8 0x0 0x0 0x80 0x0 0xa4 0xa4 0x0 0x8 0x9f 0x5 0x0 0x0
1787978907196,0x1 0x8c 0xd 0x6d 0x8e 0xb7 0x60 0x30 0x23 0x0 0xd 0x86 0xa0 0x1 0xab 0x36 0xe3 0x36 0x73 0x38 0x9c 0x7 0xc4 0x2 0x0 0x28 0x65 0x1 0x0 0x9b 0x0 0x20 0x0 0x57 0x0 0x57 0x0 0x77 0x77 0x77 0x77 0x77 0x77 0x7e 0x7 0x64 0x7 0x77 0x7 0x65 0x7 0x72 0x7 0x61 0x7 0x72 0x7 0x66 0x7 0x1c 0x0 0x3 0x85 0x8b 0x8a 0x8a 0x4d 0x80 0x4f 0x80 0xa6 0x82 0xeb 0x7b 0x4f 0x58 0x0 0x0 0x1b 0x69 0x0 0x0 0x73 0xe7 0x15 0xee 0x0 0x0 0x0 0x0 0xb9 0x0 0x0 0x80 0x0 0xa4 0xa4 0x0 0x8 0x9f 0x5 0x0 0x0
1787978907420,0x1 0x8b 0xd 0x6c 0x8f 0xb7 0x60 0x2b 0x1e 0x0 0xd 0x7f 0x6b 0x1 0xae 0x2f 0xd9 0x32 0x73 0x38 0x9d 0x7 0xc0 0x2 0x0 0x28 0x65 0x1 0x0 0x35 0x0 0x30 0x0 0x57 0x0 0x57 0x0 0x74 0x74 0x74 0x74 0x74 0x74 0x19 0x7 0xf 0x7 0xf1 0x6 0x48 0x7 0x7 0x7 0x2d 0x7 0xf1 0x6 0xf5 0x6 0x1c 0x0 0x3 0x89 0x91 0x8b 0x8a 0x4d 0x80 0x4f 0x80 0xa6 0x82 0xeb 0x7b 0x4f 0x57 0x0 0x0 0x1b 0x69 0x0 0x0 0x73 0xe7 0x15 0xee 0x0 0x0 0x0 0x0 0xba 0x0 0x0 0x80 0x0 0xa4 0xa4 0x0 0x8 0xac 0x5 0x0 0x0
1787978907644,0x1 0x8b 0xd 0x6c 0x8f 0xb7 0x60 0x2a 0x1d 0x0 0xd 0x7c 0x5e 0x1 0xb 0x30 0x63 0x2f 0x73 0x39 0x49 0x7 0xc0 0x2 0x0 0x28 0x65 0x1 0x0 0xa8 0x0 0xaf 0x0 0x57 0x0 0x58 0x0 0x75 0x75 0x75 0x75 0x75 0x75 0x69 0x6 0x8d 0x6 0x93 0x6 0x8f 0x6 0x8d 0x6 0x8c 0x6 0x69 0x6 0x95 0x6 0x1e 0x0 0x3 0x84 0x92 0x87 0x8a 0x4d 0x80 0x4f 0x80 0xa6 0x82 0xeb 0x7b 0x4f 0x57 0x0 0x0 0x5e 0x62 0x0 0x0 0x73 0xe7 0x15 0xee 0x0 0x0 0x0 0x0 0xc4 0x0 0x0 0x80 0x0 0xa4 0xa4 0x0 0x8 0xac 0x5 0x0 0x0
1787978907868,0x1 0x8b 0xd 0x6c 0x8f 0xb7 0x60 0x2a 0x1d 0x0 0xd 0x7b 0x54 0x1 0x27 0x2f 0x43 0x2f 0x73 0x39 0x36 0x7 0xc0 0x2 0x0 0x28 0x65 0x1 0x0 0xa9 0x0 0xb1 0x0 0x58 0x0 0x58 0x0 0x75 0x75 0x75 0x75 0x75 0x75 0x4a 0x6 0x5e 0x6 0x43 0x6 0x8c 0x6 0x4a 0x6 0x8e 0x6 0x43 0x6 0x5c 0x6 0x1e 0x0 0x3 0x7f 0x8a 0x87 0x8a 0x4d 0x80 0x4f 0x80 0xa6 0x82 0xeb 0x7b 0x4f 0x57 0x0 0x0 0x5e 0x5b 0x0 0x0 0x73 0xe7 0x15 0xee 0x0 0x0 0x0 0x0 0xc7 0x0 0x0 0x80 0x0 0xa4 0xa4 0x0 0x8 0xac 0x5 0x0 0x0
1787978908092,0x1 0x8b 0xd 0x6c 0x8f 0xb7 0x60 0x2a 0x1d 0x0 0xd 0x7b 0x53 0x1 0x31 0x2f 0x31 0x2f 0x73 0x39 0x2f 0x7 0xc0 0x2 0x0 0x28 0x65 0x1 0x0 0x90 0x0 0xa6 0x0 0x58 0x0 0x58 0x0 0x75 0x75 0x75 0x75 0x75 0x75 0x25 0x6 0x3f 0x6 0x25 0x6 0x3f 0x6 0x25 0x6 0x40 0x6 0x25 0x6 0x3e 0x6 0x1e 0x0 0x3 0x7a 0x85 0x87 0x8a 0x4d 0x80 0x4f 0x80 0xa6 0x82 0xeb 0x7b 0x4f 0x57 0x0 0x0 0x5e 0x5b 0x0 0x0 0x73 0xe7 0x15 0xee 0x0 0x0 0x0 0x0 0xc8 0x0 0x0 0x80 0x0 0xa4 0xa4 0x0 0x8 0xac 0x5 0x0 0x0
1787978908315,0x1 0x8c 0xd 0x6c 0x8f 0xb7 0x60 0x2a 0x1d 0x0 0xd 0x7a 0x55 0x1 0x99 0x2f 0x28 0x2f 0x73 0x3a 0x2a 0x7 0xc0 0x2 0x0 0x28 0x65 0x1 0x0 0x1b 0x0 0x84 0x0 0x57 0x0 0x58 0x0 0x75 0x75 0x75 0x75 0x75 0x75 0x4c 0x6 0x1e 0x6 0x4a 0x6 0x26 0x6 0x4d 0x6 0x22 0x6 0x51 0x6 0x1e 0x6 0x1e 0x0 0x3 0x82 0x80 0x82 0x8a 0x4d 0x80 0x4f 0x80 0xa6 0x82 0xeb 0x7b 0x4f 0x57 0x0 0x0 0x5e 0x5b 0x0 0x0 0x73 0xe7 0x15 0xee 0x0 0x0 0x0 0x0 0xc9 0x0 0x0 0x80 0x0 0xa4 0xa4 0x0 0x8 0x9f 0x5 0x0 0x0
1787978908539,0x1 0x8b 0xd 0x6c 0x8f 0xb7 0x60 0x2a 0x1d 0x0 0xd 0x7b 0x51 0x1 0xf0 0x2e 0x10 0x2f 0x73 0x3a 0x2e 0x7 0xc0 0x2 0x0 0x28 0x65 0x1 0x0 0x15 0x0 0x22 0x0 0x58 0x0 0x57 0x0 0x75 0x75 0x75 0x75 0x75 0x75 0x69 0x6 0x45 0x6 0x6c 0x6 0x46 0x6 0x6e 0x6 0x3f 0x6 0x6e 0x6 0x49 0x6 0x1e 0x0 0x3 0x87 0x87 0x82 0x88 0x4d 0x80 0x4f 0x80 0xa6 0x82 0xeb 0x7b 0x4f 0x57 0x0 0x0 0x5e 0x5b 0x0 0x0 0x73 0xe7 0x15 0xee 0x0 0x0 0x0 0x0 0xc9 0x0 0x0 0x80 0x0 0xa4 0xa4 0x0 0x8 0xac 0x5 0x0 0x0
1787978908763,0x1 0x8c 0xd 0x6c 0x8f 0xb7 0x60 0x2a 0x1d 0x0 0xd 0x7a 0x4f 0x1 0x88 0x2e 0x18 0x2f 0x73 0x3a 0x33 0x7 0xc0 0x2 0x0 0x28 0x65 0x1 0x0 0x2b 0x0 0x19 0x0 0x58 0x0 0x58 0x0 0x75 0x75 0x75 0x75 0x75 0x75 0x8f 0x6 0x68 0x6 0x89 0x6 0x66 0x6 0x8d 0x6 0x67 0x6 0x8d 0x6 0x68 0x6 0x1e 0x0 0x3 0x8c 0x8d 0x82 0x88 0x4d 0x80 0x4f 0x80 0xa6 0x82 0xeb 0x7b 0x4f 0x57 0x0 0x0 0x5e 0x5b 0x0 0x0 0x73 0xe7 0x15 0xee 0x0 0x0 0x0 0x0 0xca 0x0 0x0 0x80 0x0 0xa4 0xa4 0x0 0x8 0x9f 0x5 0x0 0x0
1787978908986,0x1 0x8b 0xd 0x6b 0x8f 0xb7 0x60 0x2a 0x1d 0x0 0xd 0x7a 0x58 0x1 0xa7 0x2f 0x74 0x2f 0x73 0x3a 0x38 0x7 0xc0 0x2 0x0 0x28 0x65 0x1 0x0 0x99 0x0 0x25 0x0 0x58 0x0 0x57 0x0 0x75 0x75 0x75 0x75 0x75 0x75 0xa4 0x6 0x8d 0x6 0xa8 0x6 0x91 0x6 0xa9 0x6 0x8c 0x6 0x7b 0x6 0x91 0x6 0x1e 0x0 0x3 0x87 0x92 0x83 0x88 0x4d 0x80 0x4f 0x80 0xa6 0x82 0xeb 0x7b 0x4f 0x57 0x0 0x0 0x5e 0x5b 0x0 0x0 0x73 0xe7 0x15 0xee 0x0 0x0 0x0 0x0 0xca 0x0 0x0 0x80 0x0 0xa4 0xa4 0x0 0x8 0xac 0x5 0x0 0x0
1787978909211,0x1 0x8b 0xd 0x6b 0x8f 0xb7 0x60 0x2b 0x1d 0x0 0xd 0x7c 0x5a 0x1 0xa6 0x2f 0x51 0x2f 0x73 0x3a 0x43 0x7 0xc0 0x2 0x0 0x28 0x65 0x1 0x0 0x9d 0x0 0x9f 0x0 0x58 0x0 0x57 0x0 0x75 0x75 0x75 0x75 0x75 0x75 0x5c 0x6 0x94 0x6 0x56 0x6 0x94 0x6 0x58 0x6 0x9b 0x6 0x5a 0x6 0x9b 0x6 0x1e 0x0 0x3 0x82 0x94 0x83 0x88 0x4d 0x80 0x4f 0x80 0xa6 0x82 0xeb 0x7b 0x4f 0x57 0x0 0x0 0x9e 0x5d 0x0 0x0 0x73 0xe7 0x15 0xee 0x0 0x0 0x0 0x0 0xc9 0x0 0x0 0x80 0x0 0xa4 0xa4 0x0 0x8 0xac 0x5 0x0 0x0
1787978909435,0x1 0x8a 0xd 0x6b 0x8f 0xb7 0x60 0x2b 0x1e 0x0 0xd 0x7c 0x5d 0x1 0xf 0x30 0x5 0x30 0x73 0x3b 0x43 0x7 0xc0 0x2 0x0 0x28 0x65 0x1 0x0 0x40 0x0 0xa8 0x0 0x57 0x0 0x57 0x0 0x75 0x75 0x75 0x75 0x75 0x75 0x54 0x6 0xb0 0x6 0x81 0x6 0xb3 0x6 0x56 0x6 0xb1 0x6 0x82 0x6 0xb3 0x6 0x1d 0x0 0x3 0x85 0x8c 0x86 0x89 0x4d 0x80 0x4f 0x80 0xa6 0x82 0xeb 0x7b 0x4d 0x55 0x0 0x0 0x5e 0x5f 0x0 0x0 0x73 0xe7 0x15 0xee 0x0 0x0 0x0 0x0 0xca 0x0 0x0 0x80 0x0 0xa4 0xa4 0x0 0x8 0xb9 0x5 0x0 0x0
1787978909658,0x1 0x8a 0xd 0x6b 0x8f 0xb7 0x60 0x2c 0x1e 0x0 0xd 0x7e 0x69 0x1 0x51 0x31 0xf7 0x30 0x73 0x3b 0x52 0x7 0xc0 0x2 0x0 0x28 0x65 0x1 0x0 0x15 0x0 0x9b 0x0 0x58 0x0 0x57 0x0 0x75 0x75 0x75 0x75 0x75 0x75 0xaa 0x6 0x83 0x6 0xb4 0x6 0x85 0x6 0xbb 0x6 0x87 0x6 0xc0 0x6 0x87 0x6 0x1d 0x0 0x3 0x8a 0x87 0x86 0x89 0x4d 0x80 0x4f 0x80 0xa6 0x82 0xeb 0x7b 0x4d 0x55 0x0 0x0 0x5e 0x5f 0x0 0x0 0x73 0xe7 0x15 0xee 0x0 0x0 0x0 0x0 0xc9 0x0 0x0 0x80 0x0 0xa4 0xa4 0x0 0x8 0xb9 0x5 0x0 0x0
1787978909882,0x1 0x8b 0xd 0x6b 0x8f 0xb7 0x60 0x2c 0x1f 0x0 0xd 0x7e 0x68 0x1 0xf8 0x30 0x3e 0x31 0x73 0x3b 0x5a 0x7 0xc0 0x2 0x0 0x28 0x65 0x1 0x0 0x42 0x0 0x39 0x0 0x57 0x0 0x57 0x0 0x75 0x75 0x75 0x75 0x75 0x75 0xe7 0x6 0xa4 0x6 0xea 0x6 0xa5 0x6 0xe2 0x6 0x74 0x6 0xe9 0x6 0xa5 0x6 0x1d 0x0 0x3 0x90 0x8b 0x86 0x8b 0x4d 0x80 0x4f 0x80 0xa6 0x82 0xeb 0x7b 0x4d 0x55 0x0 0x0 0x5e 0x5f 0x0 0x0 0x73 0xe7 0x15 0xee 0x0 0x0 0x0 0x0 0xc9 0x0 0x0 0x80 0x0 0xa4 0xa4 0x0 0x8 0xac 0x5 0x0 0x0
1787978910107,0x1 0x8c 0xd 0x6a 0x90 0xb7 0x60 0x2d 0x20 0x0 0xd 0x7e 0x73 0x1 0x4 0x32 0xfc 0x31 0x73 0x3b 0x6b 0x7 0xbc 0x2 0x0 0x28 0x65 0x1 0x0 0x9c 0x0 0x16 0x0 0x57 0x0 0x57 0x0 0x75 0x75 0x75 0x75 0x75 0x75 0xd9 0x6 0xde 0x6 0xe0 0x6 0xda 0x6 0xd9 0x6 0xdf 0x6 0xd9 0x6 0xe0 0x6 0x1d 0x0 0x3 0x89 0x91 0x87 0x8b 0x4d 0x80 0x4f 0x80 0xa6 0x82 0xeb 0x7b 0x4d 0x55 0x0 0x0 0x5e 0x63 0x0 0x0 0x73 0xe7 0x15 0xee 0x0 0x0 0x0 0x0 0xc9 0x0 0x0 0x80 0x0 0xa4 0xa4 0x0 0x8 0x9f 0x5 0x0 0x0
1787978910331,0x1 0x8b 0xd 0x6a 0x90 0xb7 0x60 0x2d 0x20 0x0 0xd 0x81 0x7e 0x1 0x2c 0x33 0x5c 0x32 0x73 0x3c 0x77 0x7 0xbc 0x2 0x0 0x28 0x65 0x1 0x0 0x97 0x0 0x45 0x0 0x57 0x0 0x57 0x0 0x75 0x75 0x75 0x75 0x75 0x75 0xc2 0x6 0x7 0x7 0xc0 0x6 0x10 0x7 0xc5 0x6 0x1 0x7 0xc3 0x6 0x10 0x7 0x1d 0x0 0x3 0x83 0x96 0x87 0x8b 0x4d 0x80 0x4f 0x80 0xa6 0x82 0xeb 0x7b 0x4d 0x55 0x0 0x0 0xa1 0x62 0x0 0x0 0x73 0xe7 0x15 0xee 0x0 0x0 0x0 0x0 0xc8 0x0 0x0 0x80 0x0 0xa4 0xa4 0x0 0x8 0xac 0x5 0x0 0x0
1787978910555,0x1 0x8a 0xd 0x6a 0x90 0xb7 0x60 0x2d 0x20 0x0 0xd 0x81 0x7d 0x1 0xe1 0x32 0x85 0x32 0x73 0x3c 0x7d 0x7 0xbc 0x2 0x0 0x28 0x65 0x1 0x0 0x22 0x0 0xa5 0x0 0x57 0x0 0x58 0x0 0x76 0x76 0x76 0x76 0x76 0x76 0xe7 0x6 0x22 0x7 0xdc 0x6 0x1a 0x7 0xe0 0x6 0x1c 0x7 0xeb 0x6 0x22 0x7 0x1d 0x0 0x3 0x89 0x98 0x88 0x8b 0x4d 0x80 0x4f 0x80 0xa6 0x82 0xeb 0x7b 0x4d 0x55 0x0 0x0 0xa1 0x67 0x0 0x0 0x73 0xe7 0x15 0xee 0x0 0x0 0x0 0x0 0xc8 0x0 0x0 0x80 0x0 0xa4 0xa4 0x0 0x8 0xb9 0x5 0x0 0x0
1787978910778,0x1 0x8c 0xd 0x6a 0x90 0xb7 0x60 0x2d 0x20 0x0 0xd 0x80 0x78 0x1 0xf4 0x31 0xe7 0x31 0x73 0x3c 0x87 0x7 0xbc 0x2 0x0 0x28 0x65 0x1 0x0 0x21 0x0 0xae 0x0 0x58 0x0 0x57 0x0 0x75 0x75 0x75 0x75 0x75 0x75 0xf6 0x6 0xd 0x7 0xf6 0x6 0xdd 0x6 0xfa 0x6 0x12 0x7 0xfa 0x6 0xdc 0x6 0x1c 0x0 0x3 0x8e 0x90 0x88 0x8e 0x4d 0x80 0x4f 0x80 0xa6 0x82 0xeb 0x7b 0x4d 0x55 0x0 0x0 0xa1 0x67 0x0 0x0 0x73 0xe7 0x15 0xee 0x0 0x0 0x0 0x0 0xc8 0x0 0x0 0x80 0x0 0xa4 0xa4 0x0 0x8 0x9f 0x5 0x0 0x0
1787978911003,0x1 0x8b 0xd 0x6a 0x90 0xb7 0x60 0x2d 0x20 0x0 0xd 0x80 0x7a 0x1 0x38 0x32 0x78 0x32 0x73 0x3c 0x87 0x7 0xbc 0x2 0x0 0x28 0x65 0x1 0x0 0x95 0x0 0xa7 0x0 0x57 0x0 0x57 0x0 0x76 0x76 0x76 0x76 0x76 0x76 0x25 0x7 0xcc 0x6 0x29 0x7 0xd7 0x6 0x27 0x7 0xd2 0x6 0x22 0x7 0xcc 0x6 0x1c 0x0 0x3 0x92 0x8a 0x88 0x8e 0x4d 0x80 0x4f 0x80 0xa6 0x82 0xeb 0x7b 0x4d 0x55 0x0 0x0 0xa1 0x67 0x0 0x0 0x73 0xe7 0x15 0xee 0x0 0x0 0x0 0x0 0xc9 0x0 0x0 0x80 0x0 0xa4 0xa4 0x0 0x8 0xac 0x5 0x0 0x0
1787978911226,0x1 0x8b 0xd 0x6a 0x90 0xb7 0x60 0x29 0x1c 0x0 0xd 0x7f 0x6e 0x1 0x86 0x30 0xeb 0x31 0x73 0x3d 0x8b 0x7 0xbc 0x2 0x0 0x28 0x65 0x1 0x0 0x9d 0x0 0x9c 0x0 0x57 0x0 0x58 0x0 0x75 0x75 0x75 0x75 0x75 0x75 0xd7 0x6 0xa9 0x6 0xd0 0x6 0xa2 0x6 0xc9 0x6 0x96 0x6 0xc0 0x6 0x96 0x6 0x1c 0x0 0x3 0x85 0x85 0x89 0x8e 0x4d 0x80 0x4f 0x80 0xa6 0x82 0xeb 0x7b 0x4d 0x55 0x0 0x0 0xa1 0x67 0x0 0x0 0x73 0xe7 0x15 0xee 0x0 0x0 0x0 0x0 0xc9 0x0 0x0 0x80 0x0 0xa4 0xa4 0x0 0x8 0xac 0x5 0x0 0x0
1787978911451,0x1 0x8a 0xd 0x6a 0x90 0xb7 0x60 0x25 0x19 0x0 0xd 0x72 0x16 0x1 0x8d 0x26 0x26 0x28 0x73 0x3d 0x36 0x7 0xbc 0x2 0x0 0x28 0x65 0x1 0x0 0xaa 0x0 0xa9 0x0 0x58 0x0 0x58 0x0 0x72 0x72 0x72 0x72 0x72 0x72 0x54 0x5 0x30 0x5 0x47 0x5 0x41 0x5 0x5c 0x5 0x35 0x5 0x47 0x5 0x26 0x5 0x20 0x0 0x3 0x80 0x80 0x89 0x8e 0x4d 0x80 0x4f 0x80 0xa6 0x82 0xeb 0x7b 0x4d 0x57 0x0 0x0 0xa1 0x5f 0x0 0x0 0x73 0xe7 0x15 0xee 0x0 0x0 0x0 0x0 0xd3 0x0 0x0 0x80 0x0 0xa4 0xa4 0x0 0x8 0xb9 0x5 0x0 0x0
1787978911675,0x1 0x8b 0xd 0x6a 0x90 0xb7 0x60 0x25 0x19 0x0 0xd 0x71 0x17 0x1 0x98 0x27 0xdd 0x27 0x73 0x3d 0xc 0x7 0xbc 0x2 0x0 0x28 0x65 0x1 0x0 0xa3 0x0 0x9d 0x0 0x57 0x0 0x58 0x0 0x71 0x71 0x71 0x71 0x71 0x71 0x4a 0x5 0x24 0x5 0x43 0x5 0x1f 0x5 0x43 0x5 0x1e 0x5 0x40 0x5 0x1e 0x5 0x20 0x0 0x3 0x7b 0x7b 0x89 0x8e 0x4d 0x80 0x4f 0x80 0xa6 0x82 0xeb 0x7b 0x4d 0x57 0x0 0x0 0xa1 0x56 0x0 0x0 0x73 0xe7 0x15 0xee 0x0 0x0 0x0 0x0 0xd9 0x0 0x0 0x80 0x0 0xa4 0xa4 0x0 0x8 0xac 0x5 0x0 0x0
1787978911899,0x1 0x8b 0xd 0x6a 0x90 0xb7 0x60 0x25 0x19 0x0 0xd 0x71 0x17 0x1 0xc5 0x27 0xbd 0x27 0x73 0x3d 0x4 0x7 0xbc 0x2 0x0 0x28 0x65 0x1 0x0 0x98 0x0 0x63 0x0 0x57 0x0 0x57 0x0 0x71 0x71 0x71 0x71 0x71 0x71 0x2b 0x5 0xa 0x5 0x30 0x5 0x10 0x5 0x2f 0x5 0xc 0x5 0x2b 0x5 0xa 0x5 0x21 0x0 0x3 0x77 0x77 0x89 0x8e 0x4d 0x80 0x4f 0x80 0xa6 0x82 0xeb 0x7b 0x4d 0x57 0x0 0x0 0xa1 0x56 0x0 0x0 0x73 0xe7 0x15 0xee 0x0 0x0 0x0 0x0 0xda 0x0 0x0 0x80 0x0 0xa4 0xa4 0x0 0x8 0xac 0x5 0x0 0x0
1787978912122,0x1 0x8b 0xd 0x69 0x91 0xb7 0x60 0x25 0x19 0x0 0xd 0x71 0x16 0x1 0xb1 0x27 0xb1 0x27 0x73 0x3d 0x1 0x7 0xbb 0x2 0x0 0x28 0x65 0x1 0x0 0x37 0x0 0x19 0x0 0x57 0x0 0x58 0x0 0x71 0x71 0x71 0x71 0x71 0x71 0x40 0x5 0x41 0x5 0x46 0x5 0x43 0x5 0x1b 0x5 0x3a 0x5 0x47 0x5 0x43 0x5 0x20 0x0 0x3 0x7c 0x82 0x83 0x87 0x4d 0x80 0x4f 0x80 0xa6 0x82 0xeb 0x7b 0x4d 0x57 0x0 0x0 0x2c 0x56 0x0 0x0 0x73 0xe7 0x15 0xee 0x0 0x0 0x0 0x0 0xda 0x0 0x0 0x80 0x0 0xa4 0xa4 0x0 0x8 0xac 0x5 0x0 0x0
1787978912345,0x1 0x8a 0xd 0x69 0x91 0xb7 0x60 0x25 0x19 0x0 0xd 0x70 0x16 0x1 0x6e 0x27 0xa5 0x27 0x73 0x3d 0xd 0x7 0xbb 0x2 0x0 0x28 0x65 0x1 0x0 0x15 0x0 0x18 0x0 0x57 0x0 0x57 0x0 0x71 0x71 0x71 0x71 0x71 0x71 0x5b 0x5 0x59 0x5 0x5e 0x5 0x5d 0x5 0x60 0x5 0x5d 0x5 0x60 0x5 0x5d 0x5 0x20 0x0 0x3 0x80 0x86 0x83 0x87 0x4d 0x80 0x4f 0x80 0xa6 0x82 0xeb 0x7b 0x4b 0x56 0x0 0x0 0x2c 0x56 0x0 0x0 0x73 0xe7 0x15 0xee 0x0 0x0 0x0 0x0 0xd9 0x0 0x0 0x80 0x0 0xa4 0xa4 0x0 0x8 0xb9 0x5 0x0 0x0
1787978912569,0x1 0x8b 0xd 0x69 0x91 0xb7 0x60 0x25 0x19 0x0 0xd 0x6f 0x18 0x1 0xd8 0x27 0x9e 0x27 0x73 0x3d 0x7 0x7 0xbb 0x2 0x0 0x28 0x65 0x1 0x0 0x1b 0x0 0x3c 0x0 0x57 0x0 0x58 0x0 0x71 0x71 0x71 0x71 0x71 0x71 0x73 0x5 0x73 0x5 0x68 0x5 0x6a 0x5 0x6f 0x5 0x70 0x5 0x76 0x5 0x73 0x5 0x20 0x0 0x3 0x85 0x8b 0x83 0x87 0x4d 0x80 0x4f 0x80 0xa6 0x82 0xeb 0x7b 0x4b 0x56 0x0 0x0 0x2c 0x56 0x0 0x0 0x73 0xe7 0x15 0xee 0x0 0x0 0x0 0x0 0xda 0x0 0x0 0x80 0x0 0xa4 0xa4 0x0 0x8 0xac 0x5 0x0 0x0
1787978912793,0x1 0x8c 0xd 0x69 0x91 0xb7 0x60 0x25 0x19 0x0 0xd 0x70 0x19 0x1 0xd5 0x27 0x86 0x27 0x73 0x3d 0xe 0x7 0xbb 0x2 0x0 0x28 0x65 0x1 0x0 0x7e 0x0 0x91 0x0 0x57 0x0 0x58 0x0 0x71 0x71 0x71 0x71 0x71 0x71 0x80 0x5 0x7a 0x5 0x81 0x5 0x7c 0x5 0x86 0x5 0x77 0x5 0x86 0x5 0x7e 0x5 0x20 0x0 0x3 0x88 0x8d 0x83 0x87 0x4d 0x80 0x4f 0x80 0xa6 0x82 0xeb 0x7b 0x4b 0x56 0x0 0x0 0x2c 0x56 0x0 0x0 0x73 0xe7 0x15 0xee 0x0 0x0 0x0 0x0 0xda 0x0 0x0 0x80 0x0 0xa4 0xa4 0x0 0x8 0x9f 0x5 0x0 0x0
1787978913017,0x1 0x8b 0xd 0x69 0x91 0xb7 0x60 0x25 0x19 0x0 0xd 0x6f 0x16 0x1 0x68 0x27 0xa0 0x27 0x73 0x3d 0xe 0x7 0xbb 0x2 0x0 0x28 0x65 0x1 0x0 0xa2 0x0 0xa2 0x0 0x58 0x0 0x57 0x0 0x71 0x71 0x71 0x71 0x71 0x71 0x55 0x5 0x8c 0x5 0x62 0x5 0x87 0x5 0x5b 0x5 0x83 0x5 0x55 0x5 0x81 0x5 0x20 0x0 0x3 0x7e 0x8d 0x7e 0x87 0x4d 0x80 0x4f 0x80 0xa6 0x82 0xeb 0x7b 0x4b 0x56 0x0 0x0 0x2c 0x56 0x0 0x0 0x73 0xe7 0x15 0xee 0x0 0x0 0x0 0x0 0xda 0x0 0x0 0x80 0x0 0xa4 0xa4 0x0 0x8 0xac 0x5 0x0 0x0
1787978913241,0x1 0x8a 0xd 0x69 0x91 0xb7 0x60 0x25 0x19 0x0 0xd 0x70 0x14 0x1 0x14 0x27 0x4e 0x27 0x73 0x3d 0x10 0x7 0xbb 0x2 0x0 0x28 0x65 0x1 0x0 0x82 0x0 0xa6 0x0 0x57 0x0 0x57 0x0 0x71 0x71 0x71 0x71 0x71 0x71 0x3b 0x5 0x43 0x5 0x35 0x5 0x4a 0x5 0x3b 0x5 0x46 0x5 0x35 0x5 0x41 0x5 0x20 0x0 0x3 0x7a 0x83 0x7e 0x82 0x4d 0x80 0x4f 0x80 0xa6 0x82 0xeb 0x7b 0x4b 0x56 0x0 0x0 0x2c 0x56 0x0 0x0 0x73 0xe7 0x15 0xee 0x0 0x0 0x0 0x0 0xdb 0x0 0x0 0x80 0x0 0xa4 0xa4 0x0 0x8 0xb9 0x5 0x0 0x0
1787978913465,0x1 0x8b 0xd 0x68 0x91 0xb7 0x60 0x25 0x19 0x0 0xd 0x6f 0x14 0x1 0x3b 0x27 0x3b 0x27 0x73 0x3d 0x9 0x7 0xbb 0x2 0x0 0x28 0x65 0x1 0x0 0x1c 0x0 0x7e 0x0 0x57 0x0 0x58 0x0 0x71 0x71 0x71 0x71 0x71 0x71 0x5b 0x5 0x2a 0x5 0x5d 0x5 0x2a 0x5 0x63 0x5 0x2f 0x5 0x63 0x5 0x29 0x5 0x20 0x0 0x3 0x83 0x7e 0x81 0x82 0x4d 0x80 0x4f 0x80 0xa6 0x82 0xeb 0x7b 0x4d 0x57 0x0 0x0 0x2c 0x56 0x0 0x0 0x73 0xe7 0x15 0xee 0x0 0x0 0x0 0x0 0xdb 0x0 0x0 0x80 0x0 0xa4 0xa4 0x0 0x8 0xac 0x5 0x0 0x0
1787978913689,0x1 0x8b 0xd 0x68 0x91 0xb7 0x60 0x25 0x19 0x0 0xd 0x6e 0xe 0x1 0x56 0x26 0xdb 0x26 0x73 0x3d 0xb 0x7 0xbb 0x2 0x0 0x28 0x65 0x1 0x0 0x2d 0x0 0x21 0x0 0x58 0x0 0x58 0x0 0x71 0x71 0x71 0x71 0x71 0x71 0x6e 0x5 0x48 0x5 0x71 0x5 0x4a 0x5 0x72 0x5 0x4b 0x5 0x6e 0x5 0x48 0x5 0x20 0x0 0x3 0x88 0x87 0x81 0x85 0x4d 0x80 0x4f 0x80 0xa6 0x82 0xeb 0x7b 0x4d 0x57 0x0 0x0 0x2c 0x56 0x0 0x0 0x73 0xe7 0x15 0xee 0x0 0x0 0x0 0x0 0xdb 0x0 0x0 0x80 0x0 0xa4 0xa4 0x0 0x8 0xac 0x5 0x0 0x0
1787978913913,0x1 0x8b 0xd 0x68 0x92 0xb7 0x60 0x25 0x19 0x0 0xd 0x6f 0x1a 0x1 0xd7 0x27 0x46 0x27 0x73 0x3e 0x14 0x7 0xb9 0x2 0x0 0x28 0x65 0x1 0x0 0x9b 0x0 0x16 0x0 0x57 0x0 0x57 0x0 0x71 0x71 0x71 0x71 0x71 0x71 0x81 0x5 0x66 0x5 0x5c 0x5 0x6b 0x5 0x7e 0x5 0x60 0x5 0x5f 0x5 0x6b 0x5 0x20 0x0 0x3 0x82 0x8b 0x81 0x85 0x4d 0x80 0x4f 0x80 0xa6 0x82 0xeb 0x7b 0x4d 0x57 0x0 0x0 0x2c 0x56 0x0 0x0 0x73 0xe7 0x15 0xee 0x0 0x0 0x0 0x0 0xdb 0x0 0x0 0x80 0x0 0xa4 0xa4 0x0 0x8 0xac 0x5 0x0 0x0
1787978914137,0x1 0x8a 0xd 0x68 0x92 0xb7 0x60 0x26 0x19 0x0 0xd 0x70 0x18 0x1 0x6e 0x27 0x7b 0x27 0x73 0x3e 0x1a 0x7 0xb9 0x2 0x0 0x28 0x65 0x1 0x0 0x98 0x0 0x38 0x0 0x57 0x0 0x57 0x0 0x71 0x71 0x71 0x71 0x71 0x71 0x50 0x5 0x7f 0x5 0x51 0x5 0x85 0x5 0x50 0x5 0x88 0x5 0x4e 0x5 0x88 0x5 0x20 0x0 0x3 0x7d 0x8f 0x81 0x85 0x4d 0x80 0x4f 0x80 0xa6 0x82 0xeb 0x7b 0x4d 0x57 0x0 0x0 0xba 0x55 0x0 0x0 0x73 0xe7 0x15 0xee 0x0 0x0 0x0 0x0 0xda 0x0 0x0 0x80 0x0 0xa4 0xa4 0x0 0x8 0xb9 0x5 0x0 0x0
1787978914361,0x1 0x8a 0xd 0x68 0x92 0xb7 0x60 0x26 0x19 0x0 0xd 0x71 0x20 0x1 0x8e 0x28 0xd1 0x27 0x73 0x3e 0x1a 0x7 0xb9 0x2 0x0 0x28 0x65 0x1 0x0 0x32 0x0 0x9c 0x0 0x58 0x0 0x58 0x0 0x71 0x71 0x71 0x71 0x71 0x71 0x69 0x5 0x9d 0x5 0x43 0x5 0x99 0x5 0x67 0x5 0x97 0x5 0x6f 0x5 0x9d 0x5 0x20 0x0 0x3 0x82 0x91 0x82 0x85 0x4d 0x80 0x4f 0x80 0xa6 0x82 0xeb 0x7b 0x49 0x54 0x0 0x0 0xba 0x55 0x0 0x0 0x73 0xe7 0x15 0xee 0x0 0x0 0x0 0x0 0xdb 0x0 0x0 0x80 0x0 0xa4 0xa4 0x0 0x8 0xb9 0x5 0x0 0x0
1787978914585,0x1 0x8c 0xd 0x68 0x92 0xb7 0x60 0x26 0x19 0x0 0xd 0x72 0x20 0x1 0x6c 0x28 0x39 0x28 0x73 0x3e 0x20 0x7 0xb9 0x2 0x0 0x28 0x65 0x1 0x0 0x18 0x0 0xa6 0x0 0x58 0x0 0x57 0x0 0x72 0x72 0x72 0x72 0x72 0x72 0x87 0x5 0xa1 0x5 0x8a 0x5 0xa7 0x5 0x91 0x5 0x9e 0x5 0x91 0x5 0xa9 0x5 0x1f 0x0 0x3 0x87 0x91 0x82 0x85 0x4d 0x80 0x4f 0x80 0xa6 0x82 0xeb 0x7b 0x49 0x54 0x0 0x0 0xfa 0x57 0x0 0x0 0x73 0xe7 0x15 0xee 0x0 0x0 0x0 0x0 0xda 0x0 0x0 0x80 0x0 0xa4 0xa4 0x0 0x8 0x9f 0x5 0x0 0x0
1787978914809,0x1 0x8b 0xd 0x68 0x92 0xb7 0x60 0x26 0x19 0x0 0xd 0x72 0x23 0x1 0xb5 0x28 0xc0 0x28 0x73 0x3e 0x26 0x7 0xb9 0x2 0x0 0x28 0x65 0x1 0x0 0x23 0x0 0xa0 0x0 0x57 0x0 0x57 0x0 0x72 0x72 0x72 0x72 0x72 0x72 0xb7 0x5 0x85 0x5 0xb6 0x5 0x82 0x5 0xb6 0x5 0x7e 0x5 0xb7 0x5 0x7c 0x5 0x20 0x0 0x3 0x8b 0x86 0x82 0x87 0x4d 0x80 0x4f 0x80 0xa6 0x82 0xeb 0x7b 0x49 0x54 0x0 0x0 0xba 0x59 0x0 0x0 0x73 0xe7 0x15 0xee 0x0 0x0 0x0 0x0 0xda 0x0 0x0 0x80 0x0 0xa4 0xa4 0x0 0x8 0xac 0x5 0x0 0x0
1787978915033,0x1 0x8b 0xd 0x67 0x92 0xb7 0x60 0x27 0x19 0x0 0xd 0x73 0x27 0x1 0x0 0x29 0x29 0x29 0x73 0x3e 0x32 0x7 0xb9 0x2 0x0 0x28 0x65 0x1 0x0 0x9c 0x0 0x81 0x0 0x57 0x0 0x58 0x0 0x72 0x72 0x72 0x72 0x72 0x72 0xce 0x5 0x73 0x5 0xcf 0x5 0x6c 0x5 0xc8 0x5 0x70 0x5 0xcf 0x5 0x71 0x5 0x1f 0x0 0x3 0x86 0x82 0x84 0x87 0x4d 0x80 0x4f 0x80 0xa6 0x82 0xeb 0x7b 0x49 0x54 0x0 0x0 0xba 0x59 0x0 0x0 0x73 0xe7 0x15 0xee 0x0 0x0 0x0 0x0 0xd9 0x0 0x0 0x80 0x0 0xa4 0xa4 0x0 0x8 0xac 0x5 0x0 0x0
1787978915257,0x1 0x8a 0xd 0x67 0x92 0xb7 0x60 0x20 0x13 0x0 0xd 0x66 0xe6 0x0 0x12 0x20 0x8a 0x24 0x73 0x3e 0x2c 0x7 0xb9 0x2 0x0 0x28 0x65 0x1 0x0 0xa2 0x0 0x1b 0x0 0x57 0x0 0x58 0x0 0x6f 0x6f 0x6f 0x6f 0x6f 0x6f 0x56 0x5 0x47 0x5 0x1e 0x5 0x1a 0x5 0xf1 0x4 0xeb 0x4 0xdc 0x4 0xeb 0x4 0x21 0x0 0x3 0x81 0x8b 0x84 0x89 0x4d 0x80 0x4f 0x80 0xa6 0x82 0xeb 0x7b 0x49 0x54 0x0 0x0 0xba 0x57 0x0 0x0 0x73 0xe7 0x15 0xee 0x0 0x0 0x0 0x0 0xda 0x0 0x0 0x80 0x0 0xa4 0xa4 0x0 0x8 0xb9 0x5 0x0 0x0
1787978915481,0x1 0x8b 0xd 0x67 0x92 0xb7 0x60 0x15 0x8 0x0 0xd 0x4a 0x7f 0x0 0x12 0x13 0xa1 0x17 0x73 0x3e 0xa9 0x6 0xb9 0x2 0x0 0x28 0x65 0x1 0x0 0xae 0x0 0xaf 0x0 0x57 0x0 0x58 0x0 0x67 0x67 0x67 0x67 0x67 0x67 0xf3 0x2 0xfa 0x2 0x2c 0x3 0x35 0x3 0x13 0x3 0x17 0x3 0xe3 0x2 0xfa 0x2 0x26 0x0 0x3 0x7e 0x8d 0x84 0x89 0x4d 0x80 0x4f 0x80 0xa6 0x82 0xeb 0x7b 0x4b 0x55 0x0 0x0 0x7a 0x4f 0x0 0x0 0x73 0xe7 0x15 0xee 0x0 0x0 0x0 0x0 0xea 0x0 0x0 0x80 0x0 0xa4 0xa4 0x0 0x8 0xac 0x5 0x0 0x0
1787978915705,0x1 0x8c 0xd 0x67 0x92 0xb7 0x60 0xe 0x1 0x0 0xd 0x38 0x55 0x0 0x84 0xd 0xd9 0xf 0x73 0x3e 0x4a 0x6 0xb9 0x2 0x0 0x28 0x65 0x1 0x0 0xa5 0x0 0xaf 0x0 0x58 0x0 0x58 0x0 0x76 0x76 0x76 0x76 0x76 0x76 0x9 0x2 0x16 0x2 0xfa 0x1 0x3f 0x2 0x1d 0x2 0x26 0x2 0xfa 0x1 0x11 0x2 0x28 0x0 0x3 0x7b 0x8d 0x84 0x89 0x4d 0x80 0x4f 0x80 0xa6 0x82 0xeb 0x7b 0x4b 0x55 0x0 0x0 0xba 0x45 0x0 0x0 0x73 0xe7 0x15 0xee 0x0 0x0 0x0 0x0 0xf7 0x0 0x0 0x80 0x0 0xa4 0xa4 0x0 0x0 0x9f 0x5 0x0 0x0
1787978915929,0x1 0x8c 0xd 0x67 0x92 0xb7 0x60 0xd 0x1 0x0 0xd 0x36 0x52 0x0 0xdb 0xd 0xfb 0xd 0x73 0x3e 0xeb 0x5 0xb9 0x2 0x0 0x28 0x65 0x1 0x0 0xa6 0x0 0xaf 0x0 0x57 0x0 0x58 0x0 0x8c 0x8c 0x8c 0x8c 0x8c 0x8c 0xd5 0x1 0xdd 0x1 0xd7 0x1 0xde 0x1 0xd6 0x1 0xdd 0x1 0xd5 0x1 0xdd 0x1 0x29 0x0 0x3 0x79 0x84 0x84 0x87 0x4d 0x80 0x4f 0x80 0xa6 0x82 0xeb 0x7b 0x4b 0x55 0x0 0x0 0x34 0x48 0x7a 0x5 0x73 0xe7 0x15 0xee 0x0 0x0 0x0 0x0 0xff 0x0 0x0 0x80 0x0 0xa4 0xa4 0x0 0x0 0x9f 0x5 0x0 0x0
1787978916153,0x1 0x8a 0xd 0x67 0x92 0xb7 0x60 0xd 0x1 0x0 0xd 0x37 0x54 0x0 0xab 0xe 0x42 0xe 0x73 0x3e 0xba 0x5 0xb9 0x2 0x0 0x28 0x65 0x1 0x0 0x9f 0x0 0xa8 0x0 0x58 0x0 0x58 0x0 0x9c 0x9c 0x9c 0x9c 0x9c 0x9c 0xe8 0x1 0xe8 0x1 0xe1 0x1 0xeb 0x1 0xe3 0x1 0xef 0x1 0xe8 0x1 0xf0 0x1 0x29 0x0 0x3 0x78 0x82 0x84 0x87 0x4d 0x80 0x4f 0x80 0xa6 0x82 0xeb 0x7b 0x4b 0x55 0x0 0x0 0x34 0x46 0x7a 0x5 0x73 0xe7 0x15 0xee 0x0 0x0 0x0 0x0 0xff 0x0 0x0 0x80 0x0 0xa4 0xa4 0x0 0x0 0xb9 0x5 0x0 0x0
1787978916376,0x1 0x8b 0xd 0x67 0x92 0xb7 0x60 0xe 0x1 0x0 0xd 0x36 0x53 0x0 0x1a 0xf 0x99 0xe 0x73 0x3d 0x7f 0x5 0xb9 0x2 0x0 0x28 0x65 0x1 0x0 0x72 0x0 0x9f 0x0 0x58 0x0 0x57 0x0 0xa1 0xa1 0xa1 0xa1 0xa1 0xa1 0x12 0x2 0xcf 0x1 0x14 0x2 0xa 0x2 0xde 0x1 0x8 0x2 0x17 0x2 0xb 0x2 0x2a 0x4 0x0 0x80 0x80 0x80 0x80 0x4d 0x80 0x4f 0x80 0xa6 0x82 0xeb 0x7b 0x4b 0x56 0x0 0x0 0x34 0x44 0x7a 0x5 0x73 0xe7 0x15 0xee 0x0 0x0 0x0 0x0 0xff 0x0 0x0 0x80 0x0 0xa4 0xa4 0x0 0x10 0xac 0x5 0x0 0x0
1787978916601,0x1 0x8c 0xd 0x66 0x93 0xb7 0x60 0x15 0x8 0x0 0xd 0x45 0x72 0x0 0xd5 0x14 0xcf 0x13 0x73 0x3d 0x79 0x5 0xb8 0x2 0x0 0x28 0x65 0x1 0x0 0x1b 0x0 0x27 0x0 0x58 0x0 0x58 0x0 0x6a 0x6a 0x6a 0x6a 0x6a 0x6a 0x2f 0x3 0x8d 0x3 0xb8 0x2 0xfa 0x2 0x8d 0x3 0x1d 0x3 0x2e 0x3 0x1d 0x3 0x28 0x0 0x0 0x80 0x80 0x80 0x80 0x4d 0x80 0x4f 0x80 0xa6 0x82 0xeb 0x7b 0x4b 0x56 0x0 0x0 0xec 0x3e 0x32 0x1 0x73 0xe7 0x15 0xee 0x0 0x0 0x0 0x0 0xff 0x0 0x0 0x80 0x0 0xa4 0xa4 0x0 0x8 0x9f 0x5 0x0 0x0
1787978916825,0x1 0x8c 0xd 0x66 0x93 0xb7 0x60 0x15 0x8 0x0 0xd 0x46 0x76 0x0 0x18 0x13 0xe 0x13 0x73 0x3d 0x2e 0x6 0xb8 0x2 0x0 0x28 0x65 0x1 0x0 0x3d 0x0 0x45 0x0 0x57 0x0 0x57 0x0 0x66 0x66 0x66 0x66 0x66 0x66 0xd0 0x2 0xd9 0x2 0xe7 0x2 0xd1 0x2 0xd2 0x2 0xb7 0x2 0xd0 0x2 0xbf 0x2 0x27 0x0 0x0 0x80 0x80 0x80 0x80 0x4d 0x80 0x4f 0x80 0xa6 0x82 0xeb 0x7b 0x4b 0x56 0x0 0x0 0x44 0x44 0x0 0x0 0x73 0xe7 0x15 0xee 0x0 0x0 0x0 0x0 0xf8 0x0 0x0 0x80 0x0 0xa4 0xa4 0x0 0x8 0x9f 0x5 0x0 0x0
1787978917049,0x1 0x8a 0xd 0x66 0x93 0xb7 0x60 0x17 0xa 0x0 0xd 0x47 0x77 0x0 0x5b 0x13 0x26 0x13 0x73 0x3d 0x26 0x6 0xb8 0x2 0x0 0x28 0x65 0x1 0x0 0xaf 0x0 0xaa 0x0 0x57 0x0 0x57 0x0 0x66 0x66 0x66 0x66 0x66 0x66 0xcd 0x2 0xb3 0x2 0xbe 0x2 0xae 0x2 0xc9 0x2 0xbc 0x2 0xcd 0x2 0xbc 0x2 0x27 0x0 0x0 0x80 0x80 0x80 0x80 0x4d 0x80 0x4f 0x80 0xa6 0x82 0xeb 0x7b 0x4b 0x56 0x0 0x0 0x44 0x44 0x0 0x0 0x73 0xe7 0x15 0xee 0x0 0x0 0x0 0x0 0xf7 0x0 0x0 0x80 0x0 0xa4 0xa4 0x0 0x8 0xb9 0x5 0x0 0x0
1787978917273,0x1 0x8c 0xd 0x66 0x93 0xb7 0x60 0x1b 0xe 0x0 0xd 0x56 0xa1 0x0 0x75 0x19 0x43 0x19 0x73 0x3c 0x53 0x6 0xb8 0x2 0x0 0x28 0x65 0x1 0x0 0xb4 0x0 0xb0 0x0 0x58 0x0 0x58 0x0 0x6a 0x6a 0x6a 0x6a 0x6a 0x6a 0xe7 0x3 0xda 0x3 0xf2 0x3 0xd5 0x3 0xde 0x3 0xcd 0x3 0xe3 0x3 0xcd 0x3 0x25 0x0 0x0 0x80 0x80 0x80 0x80 0x4d 0x80 0x4f 0x80 0xa6 0x82 0xeb 0x7b 0x4b 0x56 0x0 0x0 0x44 0x45 0x0 0x0 0x73 0xe7 0x15 0xee 0x0 0x0 0x0 0x0 0xf0 0x0 0x0 0x80 0x0 0xa4 0xa4 0x0 0x8 0x9f 0x5 0x0 0x0
1787978917497,0x1 0x8b 0xd 0x66 0x93 0xb7 0x60 0x1b 0xe 0x0 0xd 0x58 0xa5 0x0 0xd6 0x19 0x7a 0x19 0x73 0x3c 0x63 0x6 0xb8 0x2 0x0 0x28 0x65 0x1 0x0 0xb7 0x0 0xb4 0x0 0x58 0x0 0x58 0x0 0x69 0x69 0x69 0x69 0x69 0x69 0xce 0x3 0xb0 0x3 0xc7 0x3 0xb4 0x3 0xc7 0x3 0xb1 0x3 0xce 0x3 0xb7 0x3 0x24 0x0 0x3 0x7f 0x7f 0x80 0x80 0x4d 0x80 0x4f 0x80 0xa6 0x82 0xeb 0x7b 0x4b 0x56 0x0 0x0 0x44 0x46 0x0 0x0 0x73 0xe7 0x15 0xee 0x0 0x0 0x0 0x0 0xed 0x0 0x0 0x80 0x0 0xa4 0xa4 0x0 0x8 0xac 0x5 0x0 0x0
1787978917720,0x1 0x8c 0xd 0x66 0x93 0xb7 0x60 0x1d 0x10 0x0 0xd 0x57 0xa8 0x0 0x4e 0x1a 0xe1 0x19 0x73 0x3c 0x63 0x6 0xb8 0x2 0x0 0x28 0x65 0x1 0x0 0xb4 0x0 0xb0 0x0 0x58 0x0 0x58 0x0 0x6a 0x6a 0x6a 0x6a 0x6a 0x6a 0xcb 0x3 0xa3 0x3 0xba 0x3 0xaa 0x3 0xc4 0x3 0xaf 0x3 0xcb 0x3 0xb3 0x3 0x24 0x0 0x3 0x7c 0x7c 0x80 0x80 0x4d 0x80 0x4f 0x80 0xa6 0x82 0xeb 0x7b 0x4b 0x56 0x0 0x0 0x44 0x46 0x0 0x0 0x73 0xe7 0x15 0xee 0x0 0x0 0x0 0x0 0xec 0x0 0x0 0x80 0x0 0xa4 0xa4 0x0 0x8 0x9f 0x5 0x0 0x0
1787978917945,0x1 0x8a 0xd 0x65 0x93 0xb7 0x60 0x22 0x15 0x0 0xd 0x67 0xe3 0x0 0x63 0x22 0xcc 0x21 0x73 0x3c 0x9a 0x6 0xb8 0x2 0x0 0x28 0x65 0x1 0x0 0xb3 0x0 0xad 0x0 0x58 0x0 0x58 0x0 0x6e 0x6e 0x6e 0x6e 0x6e 0x6e 0xf3 0x4 0xd6 0x4 0xf2 0x4 0xd5 0x4 0xf4 0x4 0xd1 0x4 0xf6 0x4 0xd6 0x4 0x22 0x0 0x3 0x79 0x79 0x80 0x80 0x4d 0x80 0x4f 0x80 0xa6 0x82 0xeb 0x7b 0x4b 0x56 0x0 0x0 0x44 0x47 0x0 0x0 0x73 0xe7 0x15 0xee 0x0 0x0 0x0 0x0 0xe4 0x0 0x0 0x80 0x0 0xa4 0xa4 0x0 0x8 0xb9 0x5 0x0 0x0
1787978918168,0x1 0x8c 0xd 0x65 0x93 0xb7 0x60 0x22 0x15 0x0 0xd 0x66 0xe4 0x0 0xf4 0x21 0x1b 0x22 0x73 0x3c 0xb7 0x6 0xb8 0x2 0x0 0x28 0x65 0x1 0x0 0xb3 0x0 0xae 0x0 0x58 0x0 0x58 0x0 0x6f 0x6f 0x6f 0x6f 0x6f 0x6f 0xe2 0x4 0xc1 0x4 0xdd 0x4 0xc1 0x4 0xe0 0x4 0xc0 0x4 0xdd 0x4 0xbd 0x4 0x22 0x0 0x3 0x75 0x75 0x80 0x80 0x4d 0x80 0x4f 0x80 0xa6 0x82 0xeb 0x7b 0x4b 0x56 0x0 0x0 0x44 0x48 0x0 0x0 0x73 0xe7 0x15 0xee 0x0 0x0 0x0 0x0 0xe0 0x0 0x0 0x80 0x0 0xa4 0xa4 0x0 0x8 0x9f 0x5 0x0 0x0
1787978918393,0x1 0x8b 0xd 0x65 0x93 0xb7 0x60 0x22 0x15 0x0 0xd 0x65 0xe1 0x0 0x8c 0x21 0xf7 0x21 0x73 0x3c 0xb5 0x6 0xb8 0x2 0x0 0x28 0x65 0x1 0x0 0xac 0x0 0xa4 0x0 0x58 0x0 0x58 0x0 0x6f 0x6f 0x6f 0x6f 0x6f 0x6f 0xbf 0x4 0xa1 0x4 0xbf 0x4 0x9b 0x4 0xbf 0x4 0x9e 0x4 0xba 0x4 0x9b 0x4 0x22 0x0 0x3 0x72 0x72 0x80 0x80 0x4d 0x80 0x4f 0x80 0xa6 0x82 0xeb 0x7b 0x4b 0x56 0x0 0x0 0x44 0x48 0x0 0x0 0x73 0xe7 0x15 0xee 0x0 0x0 0x0 0x0 0xe1 0x0 0x0 0x80 0x0 0xa4 0xa4 0x0 0x8 0xac 0x5 0x0 0x0
1787978918616,0x1 0x8b 0xd 0x65 0x94 0xb7 0x60 0x22 0x15 0x0 0xd 0x67 0xe9 0x0 0xa9 0x22 0x9b 0x22 0x73 0x3c 0xb9 0x6 0xb6 0x2 0x0 0x28 0x65 0x1 0x0 0x9b 0x0 0x91 0x0 0x57 0x0 0x58 0x0 0x6f 0x6f 0x6f 0x6f 0x6f 0x6f 0xb7 0x4 0x97 0x4 0xb2 0x4 0x92 0x4 0xb0 0x4 0x8f 0x4 0xaf 0x4 0x8f 0x4 0x23 0x0 0x3 0x7b 0x7b 0x8c 0x8c 0x4d 0x80 0x4f 0x80 0xa6 0x82 0xeb 0x7b 0x4b 0x56 0x0 0x0 0xd2 0x47 0x0 0x0 0x73 0xe7 0x15 0xee 0x0 0x0 0x0 0x0 0xe0 0x3 0x33 0x73 0x0 0xa4 0xa4 0x0 0x8 0xac 0x5 0x0 0x0
1787978918840,0x1 0x8b 0xd 0x65 0x94 0xb7 0x60 0x22 0x15 0x0 0xd 0x67 0xeb 0x0 0xf 0x23 0xa9 0x22 0x73 0x3c 0xb4 0x6 0xb6 0x2 0x0 0x28 0x65 0x1 0x0 0x83 0x0 0x37 0x0 0x57 0x0 0x58 0x0 0x6f 0x6f 0x6f 0x6f 0x6f 0x6f 0x98 0x4 0xa9 0x4 0xa1 0x4 0xa7 0x4 0x9a 0x4 0xa2 0x4 0x98 0x4 0xa6 0x4 0x23 0x0 0x3 0x77 0x81 0x8c 0x86 0x4d 0x80 0x4f 0x80 0xa6 0x82 0xeb 0x7b 0x4b 0x56 0x0 0x0 0xd2 0x47 0x0 0x0 0x73 0xe7 0x15 0xee 0x0 0x0 0x0 0x0 0xe1 0x7 0x33 0x73 0x0 0xa4 0xa4 0x0 0x8 0xac 0x5 0x0 0x0
1787978919064,0x1 0x8b 0xd 0x65 0x94 0xb7 0x60 0x22 0x15 0x0 0xd 0x67 0xe7 0x0 0x62 0x22 0x85 0x22 0x73 0x3c 0xb8 0x6 0xb6 0x2 0x0 0x28 0x65 0x1 0x0 0x2a 0x0 0x17 0x0 0x57 0x0 0x58 0x0 0x6f 0x6f 0x6f 0x6f 0x6f 0x6f 0xae 0x4 0xab 0x4 0xad 0x4 0xae 0x4 0xb1 0x4 0xac 0x4 0xac 0x4 0xab 0x4 0x22 0x0 0x3 0x7e 0x84 0x85 0x86 0x4d 0x80 0x4f 0x80 0xa6 0x82 0xeb 0x7b 0x4b 0x56 0x0 0x0 0xd2 0x47 0x0 0x0 0x73 0xe7 0x15 0xee 0x0 0x0 0x0 0x0 0xe1 0xb 0x33 0x73 0x0 0xa4 0xa4 0x0 0x8 0xac 0x5 0x0 0x0
1787978919288,0x1 0x8c 0xd 0x65 0x94 0xb7 0x60 0x22 0x15 0x0 0xd 0x68 0xec 0x0 0xec 0x22 0xe1 0x22 0x73 0x3c 0xc2 0x6 0xb6 0x2 0x0 0x28 0x65 0x1 0x0 0x12 0x0 0xf 0x0 0x58 0x0 0x57 0x0 0x6f 0x6f 0x6f 0x6f 0x6f 0x6f 0xbe 0x4 0xbe 0x4 0xc1 0x4 0xbf 0x4 0xbf 0x4 0xba 0x4 0xc1 0x4 0xbf 0x4 0x22 0x0 0x3 0x82 0x88 0x85 0x86 0x4d 0x80 0x4f 0x80 0xa6 0x82 0xeb 0x7b 0x4b 0x56 0x0 0x0 0x52 0x4a 0x0 0x0 0x73 0xe7 0x15 0xee 0x0 0x0 0x0 0x0 0xdf 0x10 0x33 0x73 0x0 0xa4 0xa4 0x0 0x8 0x9f 0x5 0x0 0x0
1787978919512,0x1 0x8c 0xd 0x64 0x94 0xb7 0x60 0x22 0x15 0x0 0xd 0x67 0xf0 0x0 0x84 0x23 0x45 0x23 0x73 0x3c 0xc2 0x6 0xb6 0x2 0x0 0x28 0x65 0x1 0x0 0x10 0x0 0xf 0x0 0x57 0x0 0x57 0x0 0x6f 0x6f 0x6f 0x6f 0x6f 0x6f 0xd3 0x4 0xd2 0x4 0xd3 0x4 0xd5 0x4 0xcf 0x4 0xce 0x4 0xd6 0x4 0xd5 0x4 0x22 0x0 0x3 0x86 0x8c 0x85 0x86 0x4d 0x80 0x4f 0x80 0xa6 0x82 0xeb 0x7b 0x4b 0x56 0x0 0x0 0xd2 0x4b 0x0 0x0 0x73 0xe7 0x15 0xee 0x0 0x0 0x0 0x0 0xdf 0x14 0x33 0x73 0x0 0xa4 0xa4 0x0 0x8 0x9f 0x5 0x0 0x0
1787978919736,0x1 0x8b 0xd 0x64 0x94 0xb7 0x60 0x23 0x15 0x0 0xd 0x6a 0xf1 0x0 0x75 0x23 0x7b 0x23 0x73 0x3c 0xcc 0x6 0xb6 0x2 0x0 0x28 0x65 0x1 0x0 0x11 0x0 0x17 0x0 0x57 0x0 0x57 0x0 0x70 0x70 0x70 0x70 0x70 0x70 0xe2 0x4 0xe1 0x4 0xe5 0x4 0xe4 0x4 0xe5 0x4 0xe5 0x4 0xe7 0x4 0xe5 0x4 0x22 0x0 0x3 0x8a 0x90 0x85 0x86 0x4d 0x80 0x4f 0x80 0xa6 0x82 0xeb 0x7b 0x4b 0x56 0x0 0x0 0xd2 0x4b 0x0 0x0 0x73 0xe7 0x15 0xee 0x0 0x0 0x0 0x0 0xde 0x1b 0x33 0x73 0x0 0xa4 0xa4 0x0 0x8 0xac 0x5 0x0 0x0
1787978919960,0x1 0x8b 0xd 0x64 0x94 0xb7 0x60 0x23 0x15 0x0 0xd 0x69 0xf1 0x0 0x7a 0x23 0xa6 0x23 0x73 0x3c 0xcb 0x6 0xb6 0x2 0x0 0x28 0x65 0x1 0x0 0x15 0x0 0x1d 0x0 0x57 0x0 0x57 0x0 0x70 0x70 0x70 0x70 0x70 0x70 0xf9 0x4 0xf7 0x4 0xf5 0x4 0xf4 0x4 0xf6 0x4 0xf3 0x4 0xf9 0x4 0xf7 0x4 0x22 0x0 0x3 0x8e 0x94 0x85 0x86 0x4d 0x80 0x4f 0x80 0xa6 0x82 0xeb 0x7b 0x4b 0x56 0x0 0x0 0xd2 0x4b 0x0 0x0 0x73 0xe7 0x15 0xee 0x0 0x0 0x0 0x0 0xde 0x1f 0x33 0x73 0x0 0xa4 0xa4 0x0 0x8 0xac 0x5 0x0 0x0
1787978920184,0x1 0x8c 0xd 0x64 0x94 0xb7 0x60 0x23 0x15 0x0 0xd 0x69 0xf3 0x0 0xb6 0x23 0x96 0x23 0x73 0x3c 0xce 0x6 0xb6 0x2 0x0 0x28 0x65 0x1 0x0 0x3b 0x0 0x7e 0x0 0x57 0x0 0x57 0x0 0x70 0x70 0x70 0x70 0x70 0x70 0x4 0x5 0x2 0x5 0x7 0x5 0xfe 0x4 0x3 0x5 0x1 0x5 0x7 0x5 0x2 0x5 0x22 0x0 0x3 0x92 0x97 0x85 0x86 0x4d 0x80 0x4f 0x80 0xa6 0x82 0xeb 0x7b 0x4b 0x56 0x0 0x0 0xd2 0x4b 0x0 0x0 0x73 0xe7 0x15 0xee 0x0 0x0 0x0 0x0 0xde 0x23 0x33 0x73 0x0 0xa4 0xa4 0x0 0x8 0x9f 0x5 0x0 0x0
1787978920408,0x1 0x8c 0xd 0x64 0x94 0xb7 0x60 0x23 0x15 0x0 0xd 0x68 0xee 0x0 0xf5 0x22 0x4e 0x23 0x73 0x3c 0xcf 0x6 0xb6 0x2 0x0 0x28 0x65 0x1 0x0 0x93 0x0 0x9b 0x0 0x57 0x0 0x57 0x0 0x6f 0x6f 0x6f 0x6f 0x6f 0x6f 0x12 0x5 0xff 0x4 0xf 0x5 0xfc 0x4 0xb 0x5 0x0 0x5 0xb 0x5 0xf9 0x4 0x22 0x0 0x3 0x94 0x97 0x85 0x86 0x4d 0x80 0x4f 0x80 0xa6 0x82 0xeb 0x7b 0x4b 0x56 0x0 0x0 0xd2 0x4b 0x0 0x0 0x73 0xe7 0x15 0xee 0x0 0x0 0x0 0x0 0xde 0x28 0x33 0x73 0x0 0xa4 0xa4 0x0 0x8 0x9f 0x5 0x0 0x0
1787978920632,0x1 0x8c 0xd 0x64 0x95 0xb6 0x60 0x23 0x15 0x0 0xd 0x69 0xf5 0x0 0xec 0x23 0xa2 0x23 0x73 0x3c 0xd2 0x6 0xb5 0x2 0x0 0x28 0x65 0x1 0x0 0x9c 0x0 0xa0 0x0 0x57 0x0 0x57 0x0 0x70 0x70 0x70 0x70 0x70 0x70 0xe3 0x4 0xd7 0x4 0xe1 0x4 0xd5 0x4 0xe0 0x4 0xd5 0x4 0xe1 0x4 0xd5 0x4 0x22 0x0 0x3 0x89 0x8d 0x85 0x87 0x4d 0x80 0x4f 0x80 0xa6 0x82 0xeb 0x7b 0x4b 0x56 0x0 0x0 0x5d 0x4b 0x0 0x0 0x73 0xe7 0x15 0xee 0x0 0x0 0x0 0x0 0xde 0x2e 0x33 0x73 0x0 0xa4 0xa4 0x0 0x8 0x9f 0x5 0x0 0x0
1787978920855,0x1 0x8b 0xd 0x64 0x95 0xb6 0x60 0x23 0x15 0x0 0xd 0x68 0xee 0x0 0x14 0x23 0x7b 0x23 0x73 0x3d 0xc9 0x6 0xb5 0x2 0x0 0x28 0x65 0x1 0x0 0x5c 0x0 0x91 0x0 0x57 0x0 0x58 0x0 0x70 0x70 0x70 0x70 0x70 0x70 0xcf 0x4 0xc1 0x4 0xd4 0x4 0xc9 0x4 0xd6 0x4 0xc6 0x4 0xcc 0x4 0xc1 0x4 0x22 0x0 0x3 0x85 0x89 0x85 0x87 0x4d 0x80 0x4f 0x80 0xa6 0x82 0xeb 0x7b 0x4b 0x56 0x0 0x0 0x5d 0x4b 0x0 0x0 0x73 0xe7 0x15 0xee 0x0 0x0 0x0 0x0 0xdf 0x3b 0x33 0x73 0x0 0xa4 0xa4 0x0 0x8 0xac 0x5 0x0 0x0
1787978921079,0x1 0x8c 0xd 0x63 0x95 0xb7 0x60 0x23 0x15 0x0 0xd 0x69 0xee 0x0 0xf5 0x22 0x3d 0x23 0x73 0x3d 0xcf 0x6 0xb5 0x2 0x0 0x28 0x65 0x1 0x0 0x1a 0x0 0x28 0x0 0x57 0x0 0x57 0x0 0x6f 0x6f 0x6f 0x6f 0x6f 0x6f 0xf5 0x4 0xdb 0x4 0xf0 0x4 0xdc 0x4 0xf2 0x4 0xdb 0x4 0xf0 0x4 0xd9 0x4 0x22 0x0 0x3 0x8f 0x90 0x8c 0x8f 0x4d 0x80 0x4f 0x80 0xa6 0x82 0xeb 0x7b 0x4b 0x56 0x0 0x0 0x5d 0x4b 0x0 0x0 0x73 0xe7 0x15 0xee 0x0 0x0 0x0 0x0 0xdf 0x37 0x33 0x73 0x0 0xa4 0xa4 0x0 0x8 0x9f 0x5 0x0 0x0
1787978921304,0x1 0x8c 0xd 0x63 0x95 0xb7 0x60 0x22 0x15 0x0 0xd 0x68 0xec 0x0 0xaf 0x22 0xfb 0x22 0x73 0x3d 0xce 0x6 0xb5 0x2 0x0 0x28 0x65 0x1 0x0 0x2a 0x0 0x1f 0x0 0x57 0x0 0x57 0x0 0x6f 0x6f 0x6f 0x6f 0x6f 0x6f 0x0 0x5 0xe7 0x4 0xfc 0x4 0xe4 0x4 0xfc 0x4 0xe6 0x4 0xfb 0x4 0xe4 0x4 0x22 0x0 0x3 0x93 0x94 0x8c 0x8f 0x4d 0x80 0x4f 0x80 0xa6 0x82 0xeb 0x7b 0x4b 0x56 0x0 0x0 0x5d 0x4b 0x0 0x0 0x73 0xe7 0x15 0xee 0x0 0x0 0x0 0x0 0xdf 0x3b 0x33 0x73 0x0 0xa4 0xa4 0x0 0x8 0x9f 0x5 0x0 0x0
1787978921528,0x1 0x8c 0xd 0x63 0x95 0xb6 0x60 0x22 0x15 0x0 0xd 0x67 0xee 0x0 0xdb 0x22 0xf6 0x22 0x73 0x3d 0xd4 0x6 0xb5 0x2 0x0 0x28 0x65 0x1 0x0 0xa2 0x0 0x92 0x0 0x57 0x0 0x58 0x0 0x6f 0x6f 0x6f 0x6f 0x6f 0x6f 0x7 0x5 0xf2 0x4 0x5 0x5 0xf1 0x4 0xe0 0x4 0xee 0x4 0xdd 0x4 0xee 0x4 0x22 0x0 0x3 0x8c 0x97 0x8c 0x8f 0x4d 0x80 0x4f 0x80 0xa6 0x82 0xeb 0x7b 0x4b 0x56 0x0 0x0 0x5d 0x4b 0x0 0x0 0x73 0xe7 0x15 0xee 0x0 0x0 0x0 0x0 0xde 0x3f 0x33 0x73 0x0 0xa4 0xa4 0x0 0x8 0x9f 0x5 0x0 0x0
1787978921751,0x1 0x8b 0xd 0x63 0x95 0xb6 0x60 0x22 0x15 0x0 0xd 0x68 0xf2 0x0 0xab 0x23 0x27 0x23 0x73 0x3d 0xc9 0x6 0xb5 0x2 0x0 0x28 0x65 0x1 0x0 0x9b 0x0 0xa7 0x0 0x58 0x0 0x58 0x0 0x6f 0x6f 0x6f 0x6f 0x6f 0x6f 0xd2 0x4 0xee 0x4 0xd2 0x4 0xf1 0x4 0xd1 0x4 0xf1 0x4 0xd2 0x4 0xf5 0x4 0x22 0x0 0x3 0x89 0x97 0x8c 0x8f 0x4d 0x80 0x4f 0x80 0xa6 0x82 0xeb 0x7b 0x4b 0x56 0x0 0x0 0x5d 0x4b 0x0 0x0 0x73 0xe7 0x15 0xee 0x0 0x0 0x0 0x0 0xe0 0x46 0x33 0x73 0x0 0xa4 0xa4 0x0 0x8 0xac 0x5 0x0 0x0
1787978921975,0x1 0x8c 0xd 0x63 0x95 0xb7 0x60 0x22 0x15 0x0 0xd 0x67 0xec 0x0 0xaf 0x22 0xd6 0x22 0x73 0x3c 0xce 0x6 0xb5 0x2 0x0 0x28 0x65 0x1 0x0 0x8a 0x0 0xa7 0x0 0x58 0x0 0x58 0x0 0x6f 0x6f 0x6f 0x6f 0x6f 0x6f 0xba 0x4 0xbf 0x4 0xb6 0x4 0xc7 0x4 0xc0 0x4 0xc3 0x4 0xb6 0x4 0xbc 0x4 0x22 0x0 0x3 0x85 0x8d 0x8c 0x8f 0x4d 0x80 0x4f 0x80 0xa6 0x82 0xeb 0x7b 0x4b 0x56 0x0 0x0 0x5d 0x4b 0x0 0x0 0x73 0xe7 0x15 0xee 0x0 0x0 0x0 0x0 0xdf 0x4a 0x33 0x73 0x0 0xa4 0xa4 0x0 0x8 0x9f 0x5 0x0 0x0
1787978922200,0x1 0x8c 0xd 0x63 0x95 0xb7 0x60 0x23 0x15 0x0 0xd 0x67 0xef 0x0 0x2f 0x23 0xfb 0x22 0x73 0x3d 0xcb 0x6 0xb5 0x2 0x0 0x28 0x65 0x1 0x0 0x27 0x0 0x90 0x0 0x58 0x0 0x58 0x0 0x6f 0x6f 0x6f 0x6f 0x6f 0x6f 0xd7 0x4 0xb4 0x4 0xd6 0x4 0xae 0x4 0xd9 0x4 0xb6 0x4 0xd9 0x4 0xaf 0x4 0x22 0x0 0x3 0x8b 0x89 0x8b 0x8f 0x4d 0x80 0x4f 0x80 0xa6 0x82 0xeb 0x7b 0x4b 0x56 0x0 0x0 0x5d 0x4b 0x0 0x0 0x73 0xe7 0x15 0xee 0x0 0x0 0x0 0x0 0xe0 0x4c 0x33 0x73 0x0 0xa4 0xa4 0x0 0x8 0x9f 0x5 0x0 0x0
1787978922422,0x1 0x8c 0xd 0x63 0x95 0xb7 0x60 0x23 0x15 0x0 0xd 0x66 0xec 0x0 0x9a 0x22 0xcc 0x22 0x73 0x3d 0xd2 0x6 0xb5 0x2 0x0 0x28 0x65 0x1 0x0 0x14 0x0 0x2a 0x0 0x57 0x0 0x58 0x0 0x6f 0x6f 0x6f 0x6f 0x6f 0x6f 0xe8 0x4 0xcb 0x4 0xe3 0x4 0xc7 0x4 0xe4 0x4 0xc8 0x4 0xe3 0x4 0xc8 0x4 0x22 0x0 0x3 0x8f 0x90 0x8b 0x8f 0x4d 0x80 0x4f 0x80 0xa6 0x82 0xeb 0x7b 0x4d 0x57 0x0 0x0 0x5d 0x4b 0x0 0x0 0x73 0xe7 0x15 0xee 0x0 0x0 0x0 0x0 0xdf 0x52 0x33 0x73 0x0 0xa4 0xa4 0x0 0x8 0x9f 0x5 0x0 0x0
1787978922647,0x1 0x8a 0xd 0x63 0x95 0xb7 0x60 0x22 0x15 0x0 0xd 0x68 0xef 0x0 0x2a 0x23 0xd9 0x22 0x73 0x3d 0xcc 0x6 0xb5 0x2 0x0 0x28 0x65 0x1 0x0 0x2a 0x0 0x19 0x0 0x57 0x0 0x58 0x0 0x6f 0x6f 0x6f 0x6f 0x6f 0x6f 0xf4 0x4 0xdc 0x4 0xf0 0x4 0xd5 0x4 0xf2 0x4 0xd7 0x4 0xf7 0x4 0xdc 0x4 0x22 0x0 0x3 0x93 0x93 0x8b 0x8f 0x4d 0x80 0x4f 0x80 0xa6 0x82 0xeb 0x7b 0x4d 0x57 0x0 0x0 0x5d 0x4b 0x0 0x0 0x73 0xe7 0x15 0xee 0x0 0x0 0x0 0x0 0xdf 0x56 0x33 0x73 0x0 0xa4 0xa4 0x0 0x8 0xb9 0x5 0x0 0x0
1787978922870,0x1 0x8c 0xd 0x63 0x95 0xb7 0x60 0x10 0x4 0x0 0xd 0x3b 0x5c 0x0 0x63 0xe 0xca 0x13 0x73 0x3d 0x65 0x6 0xb5 0x2 0x0 0x28 0x65 0x1 0x0 0xab 0x0 0xa2 0x0 0x58 0x0 0x58 0x0 0x65 0x65 0x65 0x65 0x65 0x65 0x62 0x2 0x5b 0x2 0x46 0x2 0xa0 0x2 0x95 0x2 0x7c 0x2 0x46 0x2 0x4b 0x2 0x27 0x0 0x3 0x8d 0x96 0x8c 0x8f 0x4d 0x80 0x4f 0x80 0xa6 0x82 0xeb 0x7b 0x4d 0x57 0x0 0x0 0x5d 0x45 0x0 0x0 0x73 0xe7 0x15 0xee 0x0 0x0 0x0 0x0 0xed 0x39 0x33 0x73 0x0 0xa4 0xa4 0x0 0x8 0x9f 0x5 0x0 0x0
1787978923094,0x1 0x8c 0xd 0x62 0x95 0xb7 0x60 0x10 0x4 0x0 0xd 0x3a 0x5e 0x0 0xa3 0xf 0x4 0x10 0x73 0x3c 0x3 0x6 0xb5 0x2 0x0 0x28 0x65 0x1 0x0 0xac 0x0 0xa4 0x0 0x58 0x0 0x58 0x0 0x64 0x64 0x64 0x64 0x64 0x64 0x11 0x2 0x18 0x2 0xe 0x2 0x18 0x2 0x10 0x2 0x1a 0x2 0xe 0x2 0x18 0x2 0x29 0x0 0x3 0x8b 0x96 0x8c 0x8f 0x4d 0x80 0x4f 0x80 0xa6 0x82 0xeb 0x7b 0x4d 0x57 0x0 0x0 0x5d 0x42 0x0 0x0 0x73 0xe7 0x15 0xee 0x0 0x0 0x0 0x0 0xfb 0x1f 0x33 0x73 0x0 0xa4 0xa4 0x0 0x8 0x9f 0x5 0x0 0x0
1787978923318,0x1 0x8c 0xd 0x62 0x95 0xb7 0x60 0x16 0x9 0x0 0xd 0x49 0x7c 0x0 0xab 0x14 0xe7 0x13 0x73 0x3c 0x0 0x6 0xb5 0x2 0x0 0x28 0x65 0x1 0x0 0xa3 0x0 0xa1 0x0 0x58 0x0 0x58 0x0 0x67 0x67 0x67 0x67 0x67 0x67 0xc 0x3 0xc 0x3 0xa 0x3 0xff 0x2 0xfc 0x2 0xfa 0x2 0xc 0x3 0x6 0x3 0x27 0x0 0x3 0x89 0x8d 0x8c 0x8e 0x4d 0x80 0x4f 0x80 0xa6 0x82 0xeb 0x7b 0x4b 0x56 0x0 0x0 0x5d 0x41 0x0 0x0 0x73 0xe7 0x15 0xee 0x0 0x0 0x0 0x0 0xfc 0x2b 0x33 0x73 0x0 0xa4 0xa4 0x0 0x8 0x9f 0x5 0x0 0x0
1787978923542,0x1 0x8b 0xd 0x62 0x96 0xb7 0x60 0x16 0x9 0x0 0xd 0x49 0x7e 0x0 0x74 0x14 0x1e 0x14 0x73 0x3c 0x29 0x6 0xb4 0x2 0x0 0x28 0x65 0x1 0x0 0xb4 0x0 0xb2 0x0 0x57 0x0 0x58 0x0 0x66 0x66 0x66 0x66 0x66 0x66 0xe9 0x2 0xdc 0x2 0xe4 0x2 0xde 0x2 0xe1 0x2 0xe0 0x2 0xe9 0x2 0xe4 0x2 0x27 0x0 0x3 0x86 0x8a 0x8c 0x8e 0x4d 0x80 0x4f 0x80 0xa6 0x82 0xeb 0x7b 0x4b 0x56 0x0 0x0 0x5d 0x43 0x0 0x0 0x73 0xe7 0x15 0xee 0x0 0x0 0x0 0x0 0xf4 0x2c 0x33 0x73 0x0 0xa4 0xa4 0x0 0x8 0xac 0x5 0x0 0x0
1787978923766,0x1 0x8c 0xd 0x62 0x96 0xb7 0x60 0x1b 0xe 0x0 0xd 0x50 0x87 0x0 0x7 0x16 0xcb 0x14 0x73 0x3c 0x21 0x6 0xb4 0x2 0x0 0x28 0x65 0x1 0x0 0xb4 0x0 0xb3 0x0 0x58 0x0 0x58 0x0 0x67 0x67 0x67 0x67 0x67 0x67 0x7b 0x3 0xe2 0x2 0xe4 0x2 0xe2 0x2 0xe6 0x2 0xe4 0x2 0x7b 0x3 0x75 0x3 0x26 0x0 0x3 0x83 0x88 0x8c 0x8e 0x4d 0x80 0x4f 0x80 0xa6 0x82 0xeb 0x7b 0x4b 0x56 0x0 0x0 0xe5 0x41 0x0 0x0 0x73 0xe7 0x15 0xee 0x0 0x0 0x0 0x0 0xf5 0x2f 0x33 0x73 0x0 0xa4 0xa4 0x0 0x8 0x9f 0x5 0x0 0x0
1787978923990,0x1 0x8c 0xd 0x62 0x96 0xb7 0x60 0x1c 0xe 0x0 0xd 0x57 0xa7 0x0 0x70 0x1a 0x5f 0x1a 0x73 0x3b 0x51 0x6 0xb4 0x2 0x0 0x28 0x65 0x1 0x0 0xb3 0x0 0xb2 0x0 0x58 0x0 0x58 0x0 0x6b 0x6b 0x6b 0x6b 0x6b 0x6b 0xec 0x3 0xde 0x3 0xe6 0x3 0xd8 0x3 0xd5 0x3 0xce 0x3 0xd6 0x3 0xce 0x3 0x25 0x0 0x3 0x81 0x85 0x8c 0x8e 0x4d 0x80 0x4f 0x80 0xa6 0x82 0xeb 0x7b 0x4b 0x56 0x0 0x0 0xe5 0x43 0x0 0x0 0x73 0xe7 0x15 0xee 0x0 0x0 0x0 0x0 0xed 0x3e 0x33 0x73 0x0 0xa4 0xa4 0x0 0x8 0x9f 0x5 0x0 0x0
1787978924214,0x1 0x8c 0xd 0x62 0x96 0xb7 0x60 0x1c 0xf 0x0 0xd 0x58 0xaa 0x0 0xd1 0x1a 0x82 0x1a 0x73 0x3b 0x57 0x6 0xb4 0x2 0x0 0x28 0x65 0x1 0x0 0xb3 0x0 0xb1 0x0 0x57 0x0 0x58 0x0 0x6b 0x6b 0x6b 0x6b 0x6b 0x6b 0xbb 0x3 0xaa 0x3 0xb4 0x3 0xb4 0x3 0xbb 0x3 0xad 0x3 0xbb 0x3 0xb2 0x3 0x25 0x0 0x3 0x7e 0x82 0x8c 0x8e 0x4d 0x80 0x4f 0x80 0xa6 0x82 0xeb 0x7b 0x4b 0x56 0x0 0x0 0xea 0x43 0x0 0x0 0x73 0xe7 0x15 0xee 0x0 0x0 0x0 0x0 0xeb 0x3e 0x33 0x73 0x0 0xa4 0xa4 0x0 0x8 0x9f 0x5 0x0 0x0
1787978924438,0x1 0x8b 0xd 0x62 0x96 0xb7 0x60 0x1c 0xf 0x0 0xd 0x57 0xa7 0x0 0x53 0x1a 0x9e 0x1a 0x73 0x3b 0x58 0x6 0xb4 0x2 0x0 0x28 0x65 0x1 0x0 0xa9 0x0 0xaa 0x0 0x58 0x0 0x58 0x0 0x6b 0x6b 0x6b 0x6b 0x6b 0x6b 0xa5 0x3 0xa8 0x3 0xb0 0x3 0xa8 0x3 0xb3 0x3 0xa1 0x3 0xa5 0x3 0x9d 0x3 0x25 0x0 0x3 0x7b 0x7f 0x8c 0x8e 0x4d 0x80 0x4f 0x80 0xa6 0x82 0xeb 0x7b 0x4d 0x56 0x0 0x0 0xea 0x43 0x0 0x0 0x73 0xe7 0x15 0xee 0x0 0x0 0x0 0x0 0xeb 0x3e 0x33 0x73 0x0 0xa4 0xa4 0x0 0x8 0xac 0x5 0x0 0x0
1787978924662,0x1 0x8b 0xd 0x62 0x96 0xb7 0x60 0x1d 0xf 0x0 0xd 0x58 0xab 0x0 0xf5 0x1a 0xed 0x1a 0x73 0x3b 0x58 0x6 0xb4 0x2 0x0 0x28 0x65 0x1 0x0 0x9c 0x0 0x9b 0x0 0x58 0x0 0x58 0x0 0x6b 0x6b 0x6b 0x6b 0x6b 0x6b 0x9e 0x3 0x9c 0x3 0xa5 0x3 0x9b 0x3 0x9f 0x3 0x99 0x3 0x9e 0x3 0x97 0x3 0x25 0x0 0x3 0x78 0x7c 0x8c 0x8e 0x4d 0x80 0x4f 0x80 0xa6 0x82 0xeb 0x7b 0x4d 0x56 0x0 0x0 0xea 0x43 0x0 0x0 0x73 0xe7 0x15 0xee 0x0 0x0 0x0 0x0 0xea 0x3e 0x33 0x73 0x0 0xa4 0xa4 0x0 0x8 0xac 0x5 0x0 0x0
1787978924886,0x1 0x8c 0xd 0x62 0x96 0xb7 0x60 0x1d 0x10 0x0 0xd 0x5a 0xb0 0x0 0xc3 0x1b 0x98 0x1b 0x73 0x3b 0x57 0x6 0xb4 0x2 0x0 0x28 0x65 0x1 0x0 0x4a 0x0 0x45 0x0 0x58 0x0 0x58 0x0 0x6b 0x6b 0x6b 0x6b 0x6b 0x6b 0xc5 0x3 0xa5 0x3 0xa7 0x3 0xa4 0x3 0xaa 0x3 0xbb 0x3 0xc5 0x3 0xbe 0x3 0x25 0x0 0x3 0x7d 0x81 0x85 0x88 0x4d 0x80 0x4f 0x80 0xa6 0x82 0xeb 0x7b 0x4d 0x56 0x0 0x0 0xea 0x43 0x0 0x0 0x73 0xe7 0x15 0xee 0x0 0x0 0x0 0x0 0xea 0x40 0x33 0x73 0x0 0xa4 0xa4 0x0 0x8 0x9f 0x5 0x0 0x0
1787978925110,0x1 0x8c 0xd 0x61 0x96 0xb7 0x60 0x1e 0x11 0x0 0xd 0x5c 0xba 0x0 0x29 0x1d 0x9f 0x1c 0x73 0x3b 0x61 0x6 0xb4 0x2 0x0 0x28 0x65 0x1 0x0 0x1b 0x0 0x1b 0x0 0x58 0x0 0x58 0x0 0x6c 0x6c 0x6c 0x6c 0x6c 0x6c 0xf6 0x3 0xd6 0x3 0xdf 0x3 0xe0 0x3 0xec 0x3 0xe7 0x3 0xf6 0x3 0xee 0x3 0x24 0x0 0x3 0x80 0x84 0x85 0x88 0x4d 0x80 0x4f 0x80 0xa6 0x82 0xeb 0x7b 0x4d 0x56 0x0 0x0 0xea 0x44 0x0 0x0 0x73 0xe7 0x15 0xee 0x0 0x0 0x0 0x0 0xe9 0x43 0x33 0x73 0x0 0xa4 0xa4 0x0 0x8 0x9f 0x5 0x0 0x0
1787978925334,0x1 0x8c 0xd 0x61 0x96 0xb7 0x60 0x24 0x16 0x0 0xd 0x66 0xe7 0x0 0xed 0x23 0xb1 0x1f 0x73 0x3b 0x6e 0x6 0xb4 0x2 0x0 0x28 0x65 0x1 0x0 0x12 0x0 0x11 0x0 0x57 0x0 0x57 0x0 0x6e 0x6e 0x6e 0x6e 0x6e 0x6e 0x4e 0x5 0x0 0x4 0xb 0x4 0xb 0x4 0xaf 0x4 0x22 0x5 0x4e 0x5 0x45 0x5 0x22 0x0 0x3 0x83 0x87 0x85 0x88 0x4d 0x80 0x4f 0x80 0xa6 0x82 0xeb 0x7b 0x4d 0x56 0x0 0x0 0xea 0x45 0x0 0x0 0x73 0xe7 0x15 0xee 0x0 0x0 0x0 0x0 0xe7 0x4f 0x33 0x73 0x0 0xa4 0xa4 0x0 0x8 0x9f 0x5 0x0 0x0
1787978925558,0x1 0x8b 0xd 0x61 0x96 0xb6 0x60 0x24 0x17 0x0 0xd 0x6a 0xfd 0x0 0x60 0x25 0xf1 0x25 0x73 0x3b 0xc5 0x6 0xb4 0x2 0x0 0x28 0x65 0x1 0x0 0x84 0x0 0x82 0x0 0x57 0x0 0x57 0x0 0x71 0x71 0x71 0x71 0x71 0x71 0x7a 0x5 0x6b 0x5 0x67 0x5 0x82 0x5 0x82 0x5 0x78 0x5 0x67 0x5 0x5e 0x5 0x21 0x0 0x3 0x87 0x8b 0x85 0x88 0x4d 0x80 0x4f 0x80 0xa6 0x82 0xeb 0x7b 0x4d 0x56 0x0 0x0 0xea 0x46 0x0 0x0 0x73 0xe7 0x15 0xee 0x0 0x0 0x0 0x0 0xdb 0x80 0x33 0x73 0x0 0xa4 0xa4 0x0 0x8 0xac 0x5 0x0 0x0
1787978925782,0x1 0x8c 0xd 0x61 0x96 0xb6 0x60 0x25 0x17 0x0 0xd 0x6c 0x0 0x1 0x8e 0x25 0xe2 0x25 0x73 0x3b 0xd1 0x6 0xb4 0x2 0x0 0x28 0x65 0x1 0x0 0xaa 0x0 0xa9 0x0 0x58 0x0 0x58 0x0 0x71 0x71 0x71 0x71 0x71 0x71 0x31 0x5 0x58 0x5 0x26 0x5 0x4a 0x5 0x39 0x5 0x5b 0x5 0x24 0x5 0x4a 0x5 0x21 0x0 0x3 0x7d 0x8b 0x7e 0x88 0x4d 0x80 0x4f 0x80 0xa6 0x82 0xeb 0x7b 0x4d 0x56 0x0 0x0 0xea 0x4a 0x0 0x0 0x73 0xe7 0x15 0xee 0x0 0x0 0x0 0x0 0xda 0x86 0x33 0x73 0x0 0xa4 0xa4 0x0 0x8 0x9f 0x5 0x0 0x0
1787978926006,0x1 0x8c 0xd 0x61 0x96 0xb6 0x60 0x25 0x17 0x0 0xd 0x6d 0x9 0x1 0xad 0x26 0x28 0x26 0x73 0x3b 0xda 0x6 0xb4 0x2 0x0 0x28 0x65 0x1 0x0 0x5d 0x0 0xa1 0x0 0x58 0x0 0x58 0x0 0x71 0x71 0x71 0x71 0x71 0x71 0x16 0x5 0x1f 0x5 0xb 0x5 0x19 0x5 0x8 0x5 0x1c 0x5 0xd 0x5 0x1c 0x5 0x22 0x0 0x3 0x79 0x83 0x7e 0x83 0x4d 0x80 0x4f 0x80 0xa6 0x82 0xeb 0x7b 0x4d 0x56 0x0 0x0 0xea 0x4a 0x0 0x0 0x73 0xe7 0x15 0xee 0x0 0x0 0x0 0x0 0xd9 0x8c 0x33 0x73 0x0 0xa4 0xa4 0x0 0x8 0x9f 0x5 0x0 0x0
1787978926230,0x1 0x8c 0xd 0x61 0x96 0xb6 0x60 0x25 0x18 0x0 0xd 0x6d 0x5 0x1 0x39 0x26 0x5d 0x26 0x73 0x3b 0xd4 0x6 0xb4 0x2 0x0 0x28 0x65 0x1 0x0 0x12 0x0 0x4b 0x0 0x57 0x0 0x58 0x0 0x71 0x71 0x71 0x71 0x71 0x71 0x3a 0x5 0xe 0x5 0x3c 0x5 0xd 0x5 0x3d 0x5 0x2 0x5 0x3a 0x5 0x2 0x5 0x21 0x0 0x3 0x84 0x86 0x80 0x83 0x4d 0x80 0x4f 0x80 0xa6 0x82 0xeb 0x7b 0x4d 0x56 0x0 0x0 0xea 0x4a 0x0 0x0 0x73 0xe7 0x15 0xee 0x0 0x0 0x0 0x0 0xda 0x8e 0x33 0x73 0x0 0xa4 0xa4 0x0 0x8 0x9f 0x5 0x0 0x0
1787978926453,0x1 0x8b 0xd 0x61 0x97 0xb6 0x60 0x25 0x18 0x0 0xd 0x6e 0x7 0x1 0x52 0x26 0x90 0x26 0x73 0x3b 0xdd 0x6 0xb2 0x2 0x0 0x28 0x65 0x1 0x0 0xf 0x0 0x11 0x0 0x57 0x0 0x57 0x0 0x71 0x71 0x71 0x71 0x71 0x71 0x51 0x5 0x3c 0x5 0x4d 0x5 0x3b 0x5 0x4f 0x5 0x3c 0x5 0x4d 0x5 0x39 0x5 0x21 0x0 0x3 0x87 0x8a 0x80 0x85 0x4d 0x80 0x4f 0x80 0xa6 0x82 0xeb 0x7b 0x4d 0x56 0x0 0x0 0xea 0x4a 0x0 0x0 0x73 0xe7 0x15 0xee 0x0 0x0 0x0 0x0 0xda 0x93 0x33 0x73 0x0 0xa4 0xa4 0x0 0x8 0xac 0x5 0x0 0x0
1787978926678,0x1 0x8c 0xd 0x61 0x97 0xb6 0x60 0x25 0x18 0x0 0xd 0x6e 0xc 0x1 0xc 0x27 0xda 0x26 0x73 0x3b 0xdd 0x6 0xb2 0x2 0x0 0x28 0x65 0x1 0x0 0x12 0x0 0xf 0x0 0x57 0x0 0x58 0x0 0x71 0x71 0x71 0x71 0x71 0x71 0x55 0x5 0x43 0x5 0x5d 0x5 0x51 0x5 0x64 0x5 0x3a 0x5 0x64 0x5 0x51 0x5 0x21 0x0 0x3 0x8c 0x8e 0x80 0x85 0x4d 0x80 0x4f 0x80 0xa6 0x82 0xeb 0x7b 0x4d 0x56 0x0 0x0 0x75 0x4e 0x0 0x0 0x73 0xe7 0x15 0xee 0x0 0x0 0x0 0x0 0xda 0x8e 0x33 0x73 0x0 0xa4 0xa4 0x0 0x8 0x9f 0x5 0x0 0x0
1787978926902,0x1 0x8c 0xd 0x61 0x97 0xb6 0x60 0x25 0x18 0x0 0xd 0x6f 0xf 0x1 0x3d 0x27 0x38 0x27 0x73 0x3c 0xe8 0x6 0xb2 0x2 0x0 0x28 0x65 0x1 0x0 0x18 0x0 0x13 0x0 0x57 0x0 0x57 0x0 0x71 0x71 0x71 0x71 0x71 0x71 0x79 0x5 0x6a 0x5 0x7c 0x5 0x6d 0x5 0x7f 0x5 0x6c 0x5 0x80 0x5 0x6c 0x5 0x20 0x0 0x3 0x90 0x92 0x80 0x85 0x4d 0x80 0x4f 0x80 0xa6 0x82 0xeb 0x7b 0x4d 0x56 0x0 0x0 0x75 0x4e 0x0 0x0 0x73 0xe7 0x15 0xee 0x0 0x0 0x0 0x0 0xd8 0x93 0x33 0x73 0x0 0xa4 0xa4 0x0 0x8 0x9f 0x5 0x0 0x0
1787978927126,0x1 0x8c 0xd 0x60 0x97 0xb6 0x60 0x25 0x18 0x0 0xd 0x6e 0xc 0x1 0xb8 0x26 0x52 0x27 0x73 0x3b 0xec 0x6 0xb2 0x2 0x0 0x28 0x65 0x1 0x0 0x82 0x0 0x47 0x0 0x57 0x0 0x57 0x0 0x71 0x71 0x71 0x71 0x71 0x71 0x97 0x5 0x80 0x5 0x91 0x5 0x81 0x5 0x93 0x5 0x81 0x5 0x93 0x5 0x80 0x5 0x20 0x0 0x3 0x94 0x97 0x80 0x85 0x4d 0x80 0x4f 0x80 0xa6 0x82 0xeb 0x7b 0x4d 0x56 0x0 0x0 0x71 0x4e 0x0 0x0 0x73 0xe7 0x15 0xee 0x0 0x0 0x0 0x0 0xd8 0x98 0x33 0x73 0x0 0xa4 0xa4 0x0 0x8 0x9f 0x5 0x0 0x0
1787978927350,0x1 0x8b 0xd 0x60 0x97 0xb6 0x60 0x25 0x18 0x0 0xd 0x6d 0xe 0x1 0xe6 0x26 0x3a 0x27 0x73 0x3c 0xf1 0x6 0xb2 0x2 0x0 0x28 0x65 0x1 0x0 0x9f 0x0 0x99 0x0 0x57 0x0 0x57 0x0 0x71 0x71 0x71 0x71 0x71 0x71 0x64 0x5 0x87 0x5 0x5d 0x5 0x80 0x5 0x63 0x5 0x87 0x5 0x5b 0x5 0x80 0x5 0x20 0x0 0x3 0x8a 0x98 0x86 0x85 0x4d 0x80 0x4f 0x80 0xa6 0x82 0xeb 0x7b 0x4d 0x5a 0x0 0x0 0x71 0x4e 0x0 0x0 0x73 0xe7 0x15 0xee 0x0 0x0 0x0 0x0 0xd8 0x98 0x33 0x73 0x0 0xa4 0xa4 0x0 0x8 0xac 0x5 0x0 0x0
1787978927574,0x1 0x8c 0xd 0x60 0x97 0xb6 0x60 0x26 0x19 0x0 0xd 0x70 0x18 0x1 0x22 0x28 0xca 0x27 0x73 0x3c 0xfa 0x6 0xb2 0x2 0x0 0x28 0x65 0x1 0x0 0x5d 0x0 0xa0 0x0 0x57 0x0 0x58 0x0 0x71 0x71 0x71 0x71 0x71 0x71 0x50 0x5 0x87 0x5 0x4f 0x5 0x87 0x5 0x50 0x5 0x65 0x5 0x4f 0x5 0x65 0x5 0x20 0x0 0x3 0x86 0x91 0x86 0x85 0x4d 0x80 0x4f 0x80 0xa6 0x82 0xeb 0x7b 0x4d 0x5a 0x0 0x0 0x71 0x4e 0x0 0x0 0x73 0xe7 0x15 0xee 0x0 0x0 0x0 0x0 0xd7 0x9e 0x33 0x73 0x0 0xa4 0xa4 0x0 0x8 0x9f 0x5 0x0 0x0
1787978927798,0x1 0x8c 0xd 0x60 0x97 0xb6 0x60 0x26 0x19 0x0 0xd 0x6e 0x15 0x1 0xe8 0x27 0xf 0x28 0x73 0x3c 0xf1 0x6 0xb2 0x2 0x0 0x28 0x65 0x1 0x0 0x17 0x0 0x97 0x0 0x57 0x0 0x58 0x0 0x71 0x71 0x71 0x71 0x71 0x71 0x8b 0x5 0x54 0x5 0x81 0x5 0x56 0x5 0x84 0x5 0x56 0x5 0x8a 0x5 0x54 0x5 0x20 0x0 0x3 0x91 0x8c 0x8d 0x8b 0x4d 0x80 0x4f 0x80 0xa6 0x82 0xeb 0x7b 0x4d 0x5a 0x0 0x0 0x71 0x4e 0x0 0x0 0x73 0xe7 0x15 0xee 0x0 0x0 0x0 0x0 0xd8 0xa5 0x33 0x73 0x0 0xa4 0xa4 0x0 0x8 0x9f 0x5 0x0 0x0
1787978928021,0x1 0x8c 0xd 0x60 0x97 0xb6 0x60 0x26 0x19 0x0 0xd 0x70 0x19 0x1 0x41 0x28 0x2a 0x28 0x73 0x3c 0xfb 0x6 0xb2 0x2 0x0 0x28 0x65 0x1 0x0 0x2a 0x0 0x28 0x0 0x57 0x0 0x57 0x0 0x72 0x72 0x72 0x72 0x72 0x72 0x9e 0x5 0x70 0x5 0x9c 0x5 0x6e 0x5 0x99 0x5 0x6d 0x5 0x9d 0x5 0x6e 0x5 0x20 0x0 0x3 0x95 0x92 0x8d 0x91 0x4d 0x80 0x4f 0x80 0xa6 0x82 0xeb 0x7b 0x4d 0x5a 0x0 0x0 0x71 0x4e 0x0 0x0 0x73 0xe7 0x15 0xee 0x0 0x0 0x0 0x0 0xd8 0xae 0x33 0x73 0x0 0xa4 0xa4 0x0 0x8 0x9f 0x5 0x0 0x0
1787978928245,0x1 0x8b 0xd 0x60 0x97 0xb6 0x60 0x26 0x19 0x0 0xd 0x71 0x1b 0x1 0x5c 0x28 0x5c 0x28 0x73 0x3c 0x3 0x7 0xb2 0x2 0x0 0x28 0x65 0x1 0x0 0x90 0x0 0x17 0x0 0x57 0x0 0x57 0x0 0x72 0x72 0x72 0x72 0x72 0x72 0xa6 0x5 0x7e 0x5 0xaa 0x5 0x89 0x5 0xb1 0x5 0x8b 0x5 0xb0 0x5 0x8b 0x5 0x1f 0x0 0x3 0x97 0x97 0x8d 0x91 0x4d 0x80 0x4f 0x80 0xa6 0x82 0xeb 0x7b 0x4d 0x5a 0x0 0x0 0xb1 0x51 0x0 0x0 0x73 0xe7 0x15 0xee 0x0 0x0 0x0 0x0 0xd7 0xb4 0x33 0x73 0x0 0xa4 0xa4 0x0 0x8 0xac 0x5 0x0 0x0
1787978928470,0x1 0x8b 0xd 0x60 0x97 0xb6 0x60 0x26 0x19 0x0 0xd 0x70 0x19 0x1 0x13 0x28 0x55 0x28 0x73 0x3c 0x3 0x7 0xb2 0x2 0x0 0x28 0x65 0x1 0x0 0xa1 0x0 0x39 0x0 0x58 0x0 0x58 0x0 0x72 0x72 0x72 0x72 0x72 0x72 0x79 0x5 0xa1 0x5 0x82 0x5 0x9e 0x5 0x7a 0x5 0x9f 0x5 0x76 0x5 0xa1 0x5 0x20 0x0 0x3 0x8c 0x9b 0x8e 0x91 0x4d 0x80 0x4f 0x80 0xa6 0x82 0xeb 0x7b 0x4f 0x5b 0x0 0x1a 0x71 0x53 0x0 0x0 0x73 0xe7 0x15 0xee 0x0 0x0 0x0 0x0 0xd8 0xc1 0x33 0x73 0x0 0xa4 0xa4 0x0 0x8 0xac 0x5 0x0 0x0
1787978928694,0x1 0x8c 0xd 0x60 0x97 0xb6 0x60 0x23 0x16 0x0 0xd 0x6a 0xf8 0x0 0xe4 0x23 0x6d 0x24 0x73 0x3d 0xe9 0x6 0xb2 0x2 0x0 0x28 0x65 0x1 0x0 0x9b 0x0 0xa8 0x0 0x58 0x0 0x57 0x0 0x6f 0x6f 0x6f 0x6f 0x6f 0x6f 0xf6 0x4 0x36 0x5 0xee 0x4 0x31 0x5 0xfd 0x4 0x35 0x5 0xee 0x4 0x31 0x5 0x21 0x0 0x3 0x88 0x9c 0x8e 0x91 0x4d 0x80 0x4f 0x80 0xa6 0x82 0xeb 0x7b 0x4f 0x5b 0x0 0x1a 0xf1 0x4f 0x0 0x0 0x73 0xe7 0x15 0xee 0x0 0x0 0x0 0x0 0xdb 0xb0 0x33 0x73 0x0 0xa4 0xa4 0x0 0x8 0x9f 0x5 0x0 0x0
1787978928918,0x1 0x8c 0xd 0x60 0x97 0xb7 0x60 0x23 0x16 0x0 0xd 0x69 0xf3 0x0 0x77 0x23 0xc1 0x23 0x73 0x3c 0xda 0x6 0xb2 0x2 0x0 0x28 0x65 0x1 0x0 0x8e 0x0 0xaf 0x0 0x58 0x0 0x58 0x0 0x6f 0x6f 0x6f 0x6f 0x6f 0x6f 0xd3 0x4 0x23 0x5 0xce 0x4 0x21 0x5 0xce 0x4 0xfc 0x4 0xc9 0x4 0xfc 0x4 0x22 0x0 0x3 0x84 0x95 0x8e 0x93 0x4d 0x80 0x4f 0x80 0xa6 0x82 0xeb 0x7b 0x4f 0x5b 0x1a 0x1a 0x71 0x4a 0x0 0x0 0x73 0xe7 0x15 0xee 0x0 0x0 0x0 0x0 0xdd 0xb1 0x33 0x73 0x0 0xa4 0xa4 0x0 0x8 0x9f 0x5 0x0 0x0
1787978929140,0x1 0x8a 0xd 0x60 0x97 0xb7 0x60 0x1e 0x12 0x0 0xd 0x62 0xde 0x0 0x9b 0x20 0x9 0x23 0x73 0x3c 0xcf 0x6 0xb2 0x2 0x0 0x28 0x65 0x1 0x0 0x1f 0x0 0xac 0x0 0x56 0x0 0x58 0x0 0x6f 0x6f 0x6f 0x6f 0x6f 0x6f 0xd8 0x4 0xec 0x4 0xea 0x4 0xeb 0x4 0xea 0x4 0xdd 0x4 0xd8 0x4 0xd2 0x4 0x22 0x0 0x3 0x8c 0x91 0x8d 0x93 0x4d 0x80 0x4f 0x80 0xa6 0x82 0xeb 0x7b 0x4f 0x5b 0x1a 0x1a 0x71 0x49 0x0 0x0 0x73 0xe7 0x15 0xee 0x0 0x0 0x0 0x0 0xde 0x9d 0x33 0x73 0x0 0xa4 0xa4 0x0 0x8 0xb9 0x5 0x0 0x0
1787978929366,0x1 0x8a 0xd 0x60 0x97 0xb7 0x60 0x1e 0x11 0x0 0xd 0x5d 0xbd 0x0 0x94 0x1c 0x3b 0x1d 0x73 0x3c 0x9d 0x6 0xb2 0x2 0x0 0x28 0x65 0x1 0x0 0x77 0x0 0xaf 0x0 0x58 0x0 0x58 0x0 0x6b 0x6b 0x6b 0x6b 0x6b 0x6b 0x24 0x4 0x0 0x4 0x2e 0x4 0x11 0x4 0x28 0x4 0x5 0x4 0x20 0x4 0x0 0x4 0x24 0x0 0x3 0x90 0x8e 0x8d 0x93 0x4d 0x80 0x4f 0x80 0xa6 0x82 0xeb 0x7b 0x4d 0x57 0x1a 0x1a 0x71 0x46 0x0 0x0 0x73 0xe7 0x15 0xee 0x0 0x0 0x0 0x0 0xe5 0x80 0x33 0x73 0x0 0xa4 0xa4 0x0 0x8 0xb9 0x5 0x0 0x0
1787978929588,0x1 0x8c 0xd 0x5f 0x98 0xb7 0x60 0x1e 0x11 0x0 0xd 0x5c 0xbc 0x0 0xb7 0x1c 0xb5 0x1c 0x73 0x3c 0x8c 0x6 0xb1 0x2 0x0 0x28 0x65 0x1 0x0 0x9d 0x0 0xa6 0x0 0x58 0x0 0x58 0x0 0x6b 0x6b 0x6b 0x6b 0x6b 0x6b 0xf5 0x3 0xec 0x3 0xf3 0x3 0xee 0x3 0xf8 0x3 0xec 0x3 0xf3 0x3 0xeb 0x3 0x24 0x0 0x3 0x86 0x8a 0x89 0x93 0x4d 0x80 0x4f 0x80 0xa6 0x82 0xeb 0x7b 0x4d 0x57 0x1a 0x1a 0x71 0x45 0x0 0x0 0x73 0xe7 0x15 0xee 0x0 0x0 0x0 0x0 0xe7 0x7c 0x33 0x73 0x0 0xa4 0xa4 0x0 0x8 0x9f 0x5 0x0 0x0
1787978929813,0x1 0x8b 0xd 0x5f 0x98 0xb7 0x60 0x1f 0x11 0x0 0xd 0x5f 0xbf 0x0 0x50 0x1d 0x56 0x1d 0x73 0x3c 0x84 0x6 0xb1 0x2 0x0 0x28 0x65 0x1 0x0 0x80 0x0 0x91 0x0 0x57 0x0 0x58 0x0 0x6c 0x6c 0x6c 0x6c 0x6c 0x6c 0x2 0x4 0xf9 0x3 0xfe 0x3 0xf6 0x3 0xfe 0x3 0xf5 0x3 0xff 0x3 0xf6 0x3 0x24 0x0 0x3 0x83 0x87 0x89 0x93 0x4d 0x80 0x4f 0x80 0xa6 0x82 0xeb 0x7b 0x4d 0x57 0x1a 0x1a 0xfc 0x44 0x0 0x0 0x73 0xe7 0x15 0xee 0x0 0x0 0x0 0x0 0xe8 0x82 0x33 0x73 0x0 0xa4 0xa4 0x0 0x8 0xac 0x5 0x0 0x0
1787978930038,0x1 0x8a 0xd 0x5f 0x98 0xb7 0x60 0x1f 0x12 0x0 0xd 0x5f 0xc5 0x0 0x20 0x1e 0xce 0x1d 0x73 0x3c 0x8a 0x6 0xb1 0x2 0x0 0x28 0x65 0x1 0x0 0x1f 0x0 0x44 0x0 0x55 0x0 0x58 0x0 0x6c 0x6c 0x6c 0x6c 0x6c 0x6c 0x2c 0x4 0xf9 0x3 0x29 0x4 0x15 0x4 0x2e 0x4 0xfb 0x3 0x2e 0x4 0x19 0x4 0x23 0x0 0x3 0x8b 0x8c 0x89 0x91 0x4d 0x80 0x4f 0x80 0xa6 0x82 0xeb 0x7b 0x4d 0x57 0x1a 0x1a 0xfc 0x44 0x0 0x0 0x73 0xe7 0x15 0xee 0x0 0x0 0x0 0x0 0xe7 0x86 0x33 0x73 0x0 0xa4 0xa4 0x0 0x8 0xb9 0x5 0x0 0x0
1787978930260,0x1 0x8b 0xd 0x5f 0x98 0xb7 0x60 0x24 0x16 0x0 0xd 0x6a 0xfa 0x0 0x3b 0x25 0x58 0x24 0x73 0x3c 0xb7 0x6 0xb1 0x2 0x0 0x28 0x65 0x1 0x0 0x1b 0x0 0x20 0x0 0x57 0x0 0x58 0x0 0x70 0x70 0x70 0x70 0x70 0x70 0x7c 0x5 0x59 0x5 0x5b 0x5 0x40 0x5 0x6b 0x5 0x52 0x5 0x6e 0x5 0x52 0x5 0x21 0x0 0x3 0x8f 0x90 0x89 0x91 0x4d 0x80 0x4f 0x80 0xa6 0x82 0xeb 0x7b 0x4d 0x57 0x1a 0x1a 0xfc 0x45 0x0 0x0 0x73 0xe7 0x15 0xee 0x0 0x0 0x0 0x0 0xe2 0xaa 0x33 0x73 0x0 0xa4 0xa4 0x0 0x8 0xac 0x5 0x0 0x0
1787978930485,0x1 0x8c 0xd 0x5f 0x98 0xb7 0x60 0x24 0x16 0x0 0xd 0x6b 0xfd 0x0 0xf2 0x24 0xfc 0x24 0x73 0x3c 0xd9 0x6 0xb1 0x2 0x0 0x28 0x65 0x1 0x0 0xb1 0x0 0xac 0x0 0x58 0x0 0x58 0x0 0x70 0x70 0x70 0x70 0x70 0x70 0x38 0x5 0x4e 0x5 0x64 0x5 0x49 0x5 0x3e 0x5 0x43 0x5 0x38 0x5 0x46 0x5 0x21 0x0 0x3 0x88 0x91 0x89 0x91 0x4d 0x80 0x4f 0x80 0xa6 0x82 0xeb 0x7b 0x4d 0x57 0x1a 0x1a 0xfc 0x49 0x0 0x0 0x73 0xe7 0x15 0xee 0x0 0x0 0x0 0x0 0xdd 0xcf 0x33 0x73 0x0 0xa4 0xa4 0x0 0x8 0x9f 0x5 0x0 0x0
1787978930709,0x1 0x8b 0xd 0x5f 0x98 0xb7 0x60 0x24 0x16 0x0 0xd 0x6b 0xf8 0x0 0xd 0x24 0xde 0x24 0x73 0x3c 0xe1 0x6 0xb1 0x2 0x0 0x28 0x65 0x1 0x0 0xab 0x0 0xaa 0x0 0x58 0x0 0x58 0x0 0x70 0x70 0x70 0x70 0x70 0x70 0x20 0x5 0x3a 0x5 0xd 0x5 0x44 0x5 0x24 0x5 0x3f 0x5 0xd 0x5 0x2e 0x5 0x21 0x0 0x3 0x84 0x8a 0x89 0x91 0x4d 0x80 0x4f 0x80 0xa6 0x82 0xeb 0x7b 0x4d 0x57 0x1a 0x1a 0xfc 0x49 0x0 0x0 0x73 0xe7 0x15 0xee 0x0 0x0 0x0 0x0 0xdc 0xd0 0x33 0x73 0x0 0xa4 0xa4 0x0 0x8 0xac 0x5 0x0 0x0
1787978930933,0x1 0x8c 0xd 0x5f 0x98 0xb6 0x60 0x24 0x16 0x0 0xd 0x6b 0x1 0x1 0x7d 0x25 0x4e 0x25 0x73 0x3c 0xdb 0x6 0xb1 0x2 0x0 0x28 0x65 0x1 0x0 0x9a 0x0 0x9c 0x0 0x55 0x0 0x58 0x0 0x70 0x70 0x70 0x70 0x70 0x70 0x6 0x5 0x3 0x5 0x3 0x5 0x1 0x5 0xa 0x5 0x4 0x5 0x4 0x5 0x1 0x5 0x22 0x0 0x3 0x80 0x86 0x89 0x8b 0x4d 0x80 0x4f 0x80 0xa6 0x82 0xeb 0x7b 0x4d 0x57 0x1a 0x1a 0xfc 0x49 0x0 0x0 0x73 0xe7 0x15 0xee 0x0 0x0 0x0 0x0 0xdc 0xcf 0x33 0x73 0x0 0xa4 0xa4 0x0 0x8 0x9f 0x5 0x0 0x0
1787978931157,0x1 0x8b 0xd 0x5f 0x98 0xb6 0x60 0x24 0x16 0x0 0xd 0x6a 0xff 0x0 0x12 0x25 0x41 0x25 0x73 0x3c 0xe1 0x6 0xb1 0x2 0x0 0x28 0x65 0x1 0x0 0x30 0x0 0x6e 0x0 0x57 0x0 0x58 0x0 0x70 0x70 0x70 0x70 0x70 0x70 0xf1 0x4 0xeb 0x4 0x11 0x5 0xe8 0x4 0x19 0x5 0xe4 0x4 0x15 0x5 0xe4 0x4 0x21 0x0 0x3 0x86 0x82 0x87 0x8b 0x4d 0x80 0x4f 0x80 0xa6 0x82 0xeb 0x7b 0x4d 0x57 0x1a 0x1a 0xfc 0x49 0x0 0x0 0x73 0xe7 0x15 0xee 0x0 0x0 0x0 0x0 0xdc 0xcf 0x33 0x73 0x0 0xa4 0xa4 0x0 0x8 0xac 0x5 0x0 0x0
1787978931380,0x1 0x8c 0xd 0x5f 0x98 0xb6 0x60 0x24 0x16 0x0 0xd 0x6b 0xfe 0x0 0x2 0x25 0x3c 0x25 0x73 0x3c 0xdd 0x6 0xb1 0x2 0x0 0x28 0x65 0x1 0x0 0x16 0x0 0x1b 0x0 0x57 0x0 0x58 0x0 0x70 0x70 0x70 0x70 0x70 0x70 0x26 0x5 0xe 0x5 0x26 0x5 0x10 0x5 0x26 0x5 0xf 0x5 0x25 0x5 0xe 0x5 0x22 0x0 0x3 0x8a 0x8c 0x87 0x89 0x4d 0x80 0x4f 0x80 0xa6 0x82 0xeb 0x7b 0x4b 0x56 0x1a 0x1a 0xfc 0x49 0x0 0x0 0x73 0xe7 0x15 0xee 0x0 0x0 0x0 0x0 0xdd 0xcf 0x33 0x73 0x0 0xa4 0xa4 0x0 0x8 0x9f 0x5 0x0 0x0
1787978931605,0x1 0x8b 0xd 0x5e 0x98 0xb7 0x60 0x24 0x16 0x0 0xd 0x6c 0x2 0x1 0x6c 0x25 0x33 0x25 0x73 0x3c 0xe5 0x6 0xb1 0x2 0x0 0x28 0x65 0x1 0x0 0x20 0x0 0x1c 0x0 0x57 0x0 0x58 0x0 0x70 0x70 0x70 0x70 0x70 0x70 0x2e 0x5 0x1a 0x5 0x34 0x5 0x18 0x5 0x2e 0x5 0x16 0x5 0x34 0x5 0x1d 0x5 0x20 0x0 0x3 0x8d 0x90 0x87 0x89 0x4d 0x80 0x4f 0x80 0xa6 0x82 0xeb 0x7b 0x4b 0x56 0x1a 0x1a 0xfc 0x4d 0x0 0x0 0x73 0xe7 0x15 0xee 0x0 0x0 0x0 0x0 0xdc 0xd0 0x33 0x73 0x0 0xa4 0xa4 0x0 0x8 0xac 0x5 0x0 0x0
1787978931829,0x1 0x8c 0xd 0x5e 0x98 0xb7 0x60 0x24 0x17 0x0 0xd 0x6b 0x2 0x1 0x77 0x25 0x74 0x25 0x73 0x3c 0xe3 0x6 0xb1 0x2 0x0 0x28 0x65 0x1 0x0 0x65 0x0 0x3f 0x0 0x55 0x0 0x57 0x0 0x70 0x70 0x70 0x70 0x70 0x70 0x4a 0x5 0x34 0x5 0x4b 0x5 0x35 0x5 0x4c 0x5 0x31 0x5 0x4c 0x5 0x36 0x5 0x20 0x0 0x3 0x92 0x94 0x87 0x89 0x4d 0x80 0x4f 0x80 0xa6 0x82 0xeb 0x7b 0x4b 0x56 0x1a 0x1a 0xfc 0x4d 0x0 0x0 0x73 0xe7 0x15 0xee 0x0 0x0 0x0 0x0 0xdc 0xd0 0x33 0x73 0x0 0xa4 0xa4 0x0 0x8 0x9f 0x5 0x0 0x0
1787978932053,0x1 0x89 0xd 0x5e 0x98 0xb7 0x60 0x24 0x17 0x0 0xd 0x6c 0x2 0x1 0x61 0x25 0x7b 0x25 0x73 0x3c 0xe7 0x6 0xb1 0x2 0x0 0x28 0x65 0x1 0x0 0xa2 0x0 0x9b 0x0 0x58 0x0 0x58 0x0 0x70 0x70 0x70 0x70 0x70 0x70 0x26 0x5 0x3f 0x5 0x2c 0x5 0x3d 0x5 0x2a 0x5 0x3c 0x5 0x26 0x5 0x3c 0x5 0x20 0x0 0x3 0x8a 0x95 0x88 0x89 0x4d 0x80 0x4f 0x80 0xa6 0x82 0xeb 0x7b 0x4b 0x56 0x1a 0x1a 0xfc 0x4d 0x0 0x0 0x73 0xe7 0x15 0xee 0x0 0x0 0x0 0x0 0xdc 0xd7 0x33 0x73 0x0 0xa4 0xa4 0x0 0x8 0xcb 0x5 0x0 0x0
1787978932277,0x1 0x8c 0xd 0x5e 0x98 0xb7 0x60 0x24 0x17 0x0 0xd 0x6c 0x2 0x1 0x51 0x25 0x3e 0x25 0x73 0x3c 0xea 0x6 0xb1 0x2 0x0 0x28 0x65 0x1 0x0 0x9a 0x0 0xa4 0x0 0x58 0x0 0x58 0x0 0x70 0x70 0x70 0x70 0x70 0x70 0xa 0x5 0x31 0x5 0x7 0x5 0x32 0x5 0xc 0x5 0x2f 0x5 0x7 0x5 0xc 0x5 0x21 0x0 0x3 0x86 0x8d 0x88 0x8b 0x4d 0x80 0x4f 0x80 0xa6 0x82 0xeb 0x7b 0x4b 0x56 0x1a 0x1a 0xfc 0x4d 0x0 0x0 0x73 0xe7 0x15 0xee 0x0 0x0 0x0 0x0 0xdc 0xd0 0x33 0x73 0x0 0xa4 0xa4 0x0 0x8 0x9f 0x5 0x0 0x0
1787978932500,0x1 0x8c 0xd 0x5e 0x99 0xb7 0x60 0x24 0x17 0x0 0xd 0x6c 0x2 0x1 0x66 0x25 0x81 0x25 0x73 0x3c 0xe6 0x6 0xaf 0x2 0x0 0x28 0x65 0x1 0x0 0x4e 0x0 0x9c 0x0 0x58 0x0 0x58 0x0 0x70 0x70 0x70 0x70 0x70 0x70 0xfc 0x4 0x1 0x5 0xfb 0x4 0x0 0x5 0xf9 0x4 0xff 0x4 0xf9 0x4 0xfe 0x4 0x21 0x0 0x3 0x89 0x89 0x88 0x8b 0x4d 0x80 0x4f 0x80 0xa6 0x82 0xeb 0x7b 0x4b 0x56 0x1a 0x1a 0xfc 0x4d 0x0 0x0 0x73 0xe7 0x15 0xee 0x0 0x0 0x0 0x0 0xdc 0xd0 0x33 0x73 0x0 0xa4 0xa4 0x0 0x8 0x9f 0x5 0x0 0x0
1787978932725,0x1 0x8c 0xd 0x5e 0x99 0xb7 0x60 0x24 0x17 0x0 0xd 0x6a 0x1 0x1 0x2c 0x25 0xc 0x25 0x73 0x3d 0xea 0x6 0xaf 0x2 0x0 0x28 0x65 0x1 0x0 0x18 0x0 0x7d 0x0 0x58 0x0 0x58 0x0 0x70 0x70 0x70 0x70 0x70 0x70 0x1a 0x5 0xdf 0x4 0x1a 0x5 0xda 0x4 0x1d 0x5 0xdb 0x4 0x1e 0x5 0xdb 0x4 0x21 0x0 0x3 0x83 0x7b 0x80 0x80 0x4d 0x80 0x4f 0x80 0xa6 0x82 0xeb 0x7b 0x4b 0x56 0x1a 0x1a 0x88 0x4d 0x0 0x0 0x73 0xe7 0x15 0xee 0x0 0x0 0x0 0x0 0xdc 0xd0 0x94 0x7e 0x0 0xa4 0xa4 0x0 0x8 0x9f 0x5 0x0 0x0
1787978932948,0x1 0x8a 0xd 0x5e 0x99 0xb7 0x60 0x24 0x17 0x0 0xd 0x6b 0x3 0x1 0xa1 0x25 0x4c 0x25 0x73 0x3d 0xe2 0x6 0xaf 0x2 0x0 0x28 0x65 0x1 0x0 0x1c 0x0 0x16 0x0 0x57 0x0 0x58 0x0 0x70 0x70 0x70 0x70 0x70 0x70 0x36 0x5 0xd 0x5 0x30 0x5 0x8 0x5 0x34 0x5 0x8 0x5 0x3a 0x5 0xd 0x5 0x20 0x0 0x3 0x87 0x84 0x80 0x82 0x4d 0x80 0x4f 0x80 0xa6 0x82 0xeb 0x7b 0x4b 0x56 0x1a 0x1a 0x88 0x4d 0x0 0x0 0x73 0xe7 0x15 0xee 0x0 0x0 0x0 0x0 0xdd 0xd0 0x94 0x7e 0x0 0xa4 0xa4 0x0 0x8 0xb9 0x5 0x0 0x0
1787978933171,0x1 0x8b 0xd 0x5e 0x99 0xb7 0x60 0x24 0x17 0x0 0xd 0x6c 0x0 0x1 0xc 0x25 0x45 0x25 0x73 0x3d 0xe9 0x6 0xaf 0x2 0x0 0x28 0x65 0x1 0x0 0x81 0x0 0x11 0x0 0x57 0x0 0x57 0x0 0x70 0x70 0x70 0x70 0x70 0x70 0x49 0x5 0x20 0x5 0x4b 0x5 0x1e 0x5 0x46 0x5 0x19 0x5 0x4a 0x5 0x1e 0x5 0x20 0x0 0x3 0x8a 0x88 0x80 0x82 0x4d 0x80 0x4f 0x80 0xa6 0x82 0xeb 0x7b 0x4b 0x56 0x1a 0x1a 0x88 0x4d 0x0 0x0 0x73 0xe7 0x15 0xee 0x0 0x0 0x0 0x0 0xdc 0xd0 0x94 0x7e 0x0 0xa4 0xa4 0x0 0x8 0xac 0x5 0x0 0x0
1787978933395,0x1 0x8b 0xd 0x5e 0x99 0xb7 0x60 0x24 0x17 0x0 0xd 0x6b 0xff 0x0 0xc7 0x24 0xeb 0x24 0x73 0x3d 0xef 0x6 0xaf 0x2 0x0 0x28 0x65 0x1 0x0 0xa7 0x0 0x37 0x0 0x57 0x0 0x57 0x0 0x6f 0x6f 0x6f 0x6f 0x6f 0x6f 0x10 0x5 0x1d 0x5 0xf 0x5 0x24 0x5 0x14 0x5 0x27 0x5 0x11 0x5 0x27 0x5 0x21 0x0 0x3 0x81 0x8c 0x81 0x82 0x4d 0x80 0x4f 0x80 0xa6 0x82 0xeb 0x7b 0x4b 0x56 0x1a 0x1a 0x88 0x4d 0x0 0x0 0x73 0xe7 0x15 0xee 0x0 0x0 0x0 0x0 0xdc 0xd0 0x94 0x7e 0x0 0xa4 0xa4 0x0 0x8 0xac 0x5 0x0 0x0
1787978933619,0x1 0x8c 0xd 0x5e 0x99 0xb7 0x60 0x24 0x17 0x0 0xd 0x6c 0x4 0x1 0x9b 0x25 0x12 0x25 0x73 0x3d 0xea 0x6 0xaf 0x2 0x0 0x28 0x65 0x1 0x0 0x9a 0x0 0x8f 0x0 0x58 0x0 0x57 0x0 0x70 0x70 0x70 0x70 0x70 0x70 0x0 0x5 0x37 0x5 0x3 0x5 0x32 0x5 0x1 0x5 0x30 0x5 0x3 0x5 0x37 0x5 0x21 0x0 0x3 0x7d 0x8e 0x81 0x82 0x4d 0x80 0x4f 0x80 0xa6 0x82 0xeb 0x7b 0x4b 0x56 0x1a 0x1a 0x88 0x4d 0x0 0x0 0x73 0xe7 0x15 0xee 0x0 0x0 0x0 0x0 0xdd 0xd0 0x94 0x7e 0x0 0xa4 0xa4 0x0 0x8 0x9f 0x5 0x0 0x0
1787978933844,0x1 0x8a 0xd 0x5e 0x99 0xb7 0x60 0x24 0x17 0x0 0xd 0x6b 0xff 0x0 0xd2 0x24 0xd9 0x24 0x73 0x3d 0xed 0x6 0xaf 0x2 0x0 0x28 0x65 0x1 0x0 0x4f 0x0 0xa5 0x0 0x55 0x0 0x58 0x0 0x6f 0x6f 0x6f 0x6f 0x6f 0x6f 0xec 0x4 0x31 0x5 0xea 0x4 0x32 0x5 0xef 0x4 0x30 0x5 0xea 0x4 0x31 0x5 0x21 0x0 0x3 0x80 0x8e 0x81 0x82 0x4d 0x80 0x4f 0x80 0xa6 0x82 0xeb 0x7b 0x4b 0x56 0x1a 0x1a 0x88 0x4d 0x0 0x0 0x73 0xe7 0x15 0xee 0x0 0x0 0x0 0x0 0xdc 0xd0 0x94 0x7e 0x0 0xa4 0xa4 0x0 0x8 0xb9 0x5 0x0 0x0
1787978934068,0x1 0x8b 0xd 0x5d 0x99 0xb7 0x60 0x24 0x17 0x0 0xd 0x6a 0xfd 0x0 0x82 0x24 0xd5 0x24 0x73 0x3d 0xee 0x6 0xaf 0x2 0x0 0x28 0x65 0x1 0x0 0x16 0x0 0xa6 0x0 0x57 0x0 0x58 0x0 0x6f 0x6f 0x6f 0x6f 0x6f 0x6f 0x25 0x5 0xa 0x5 0x24 0x5 0x6 0x5 0x23 0x5 0xfc 0x4 0x20 0x5 0xfc 0x4 0x21 0x0 0x3 0x84 0x83 0x82 0x84 0x4d 0x80 0x4f 0x80 0xa6 0x82 0xeb 0x7b 0x4b 0x56 0x1a 0x1a 0x88 0x4d 0x0 0x0 0x73 0xe7 0x15 0xee 0x0 0x0 0x0 0x0 0xdd 0xd0 0x94 0x7e 0x0 0xa4 0xa4 0x0 0x8 0xac 0x5 0x0 0x0
1787978934291,0x1 0x8c 0xd 0x5d 0x99 0xb7 0x60 0x24 0x17 0x0 0xd 0x6b 0xfd 0x0 0x9d 0x24 0xf8 0x24 0x73 0x3d 0xe9 0x6 0xaf 0x2 0x0 0x28 0x65 0x1 0x0 0x4b 0x0 0x97 0x0 0x57 0x0 0x58 0x0 0x6f 0x6f 0x6f 0x6f 0x6f 0x6f 0x37 0x5 0xfa 0x4 0x36 0x5 0xf4 0x4 0x3b 0x5 0xf1 0x4 0x37 0x5 0xef 0x4 0x21 0x0 0x3 0x88 0x80 0x82 0x84 0x4d 0x80 0x4f 0x80 0xa6 0x82 0xeb 0x7b 0x4b 0x56 0x1a 0x1a 0x88 0x4d 0x0 0x0 0x73 0xe7 0x15 0xee 0x0 0x0 0x0 0x0 0xdd 0xd0 0x94 0x7e 0x0 0xa4 0xa4 0x0 0x8 0x9f 0x5 0x0 0x0
1787978934515,0x1 0x8c 0xd 0x5d 0x99 0xb7 0x60 0x24 0x17 0x0 0xd 0x6c 0x1 0x1 0x1c 0x25 0xe0 0x24 0x73 0x3d 0xed 0x6 0xaf 0x2 0x0 0x28 0x65 0x1 0x0 0x9f 0x0 0x3b 0x0 0x58 0x0 0x58 0x0 0x6f 0x6f 0x6f 0x6f 0x6f 0x6f 0x12 0x5 0xd8 0x4 0x12 0x5 0xe1 0x4 0x19 0x5 0xdd 0x4 0x12 0x5 0xfd 0x4 0x21 0x0 0x3 0x81 0x83 0x81 0x85 0x4d 0x80 0x4f 0x80 0xa6 0x82 0xeb 0x7b 0x4d 0x57 0x1a 0x1a 0x88 0x4d 0x0 0x0 0x73 0xe7 0x15 0xee 0x0 0x0 0x0 0x0 0xdc 0xd0 0x94 0x7e 0x0 0xa4 0xa4 0x0 0x8 0x9f 0x5 0x0 0x0
1787978934739,0x1 0x8a 0xd 0x5d 0x99 0xb7 0x60 0x24 0x17 0x0 0xd 0x6a 0x2 0x1 0x46 0x25 0x9 0x25 0x73 0x3d 0xec 0x6 0xaf 0x2 0x0 0x28 0x65 0x1 0x0 0x9a 0x0 0x15 0x0 0x55 0x0 0x57 0x0 0x70 0x70 0x70 0x70 0x70 0x70 0x5 0x5 0xe 0x5 0x0 0x5 0x13 0x5 0x4 0x5 0xd 0x5 0x4 0x5 0x15 0x5 0x21 0x0 0x3 0x7d 0x87 0x81 0x85 0x4d 0x80 0x4f 0x80 0xa6 0x82 0xeb 0x7b 0x4d 0x57 0x1a 0x1a 0x88 0x4d 0x0 0x0 0x73 0xe7 0x15 0xee 0x0 0x0 0x0 0x0 0xdd 0xd0 0x94 0x7e 0x0 0xa4 0xa4 0x0 0x8 0xb9 0x5 0x0 0x0
1787978934963,0x1 0x8b 0xd 0x5d 0x99 0xb7 0x60 0x24 0x17 0x0 0xd 0x6d 0xff 0x0 0xbc 0x24 0xa4 0x24 0x73 0x3d 0xf1 0x6 0xaf 0x2 0x0 0x28 0x65 0x1 0x0 0x39 0x0 0x22 0x0 0x58 0x0 0x57 0x0 0x6f 0x6f 0x6f 0x6f 0x6f 0x6f 0xf7 0x4 0x1f 0x5 0xe7 0x4 0x15 0x5 0xd 0x5 0x1b 0x5 0xe 0x5 0x1b 0x5 0x21 0x0 0x3 0x82 0x8b 0x82 0x85 0x4d 0x80 0x4f 0x80 0xa6 0x82 0xeb 0x7b 0x4d 0x57 0x1a 0x1a 0x88 0x4d 0x0 0x0 0x73 0xe7 0x15 0xee 0x0 0x0 0x0 0x0 0xdc 0xd0 0x94 0x7e 0x0 0xa4 0xa4 0x0 0x8 0xac 0x5 0x0 0x0
1787978935187,0x1 0x8c 0xd 0x5d 0x99 0xb7 0x60 0x24 0x17 0x0 0xd 0x6b 0xfd 0x0 0x68 0x24 0xb1 0x24 0x73 0x3d 0xf3 0x6 0xaf 0x2 0x0 0x28 0x65 0x1 0x0 0x1c 0x0 0x81 0x0 0x57 0x0 0x57 0x0 0x6f 0x6f 0x6f 0x6f 0x6f 0x6f 0x23 0x5 0x2d 0x5 0x23 0x5 0x33 0x5 0x25 0x5 0x2d 0x5 0x23 0x5 0x2c 0x5 0x20 0x0 0x3 0x86 0x8e 0x82 0x85 0x4d 0x80 0x4f 0x80 0xa6 0x82 0xeb 0x7b 0x4d 0x57 0x1a 0x1a 0x88 0x4d 0x0 0x0 0x73 0xe7 0x15 0xee 0x0 0x0 0x0 0x0 0xdc 0xd0 0x94 0x7e 0x0 0xa4 0xa4 0x0 0x8 0x9f 0x5 0x0 0x0
1787978935411,0x1 0x8b 0xd 0x5d 0x99 0xb7 0x60 0x24 0x17 0x0 0xd 0x6c 0x1 0x1 0xc 0x25 0xff 0x24 0x73 0x3d 0xf0 0x6 0xaf 0x2 0x0 0x28 0x65 0x1 0x0 0x41 0x0 0xa4 0x0 0x57 0x0 0x58 0x0 0x6f 0x6f 0x6f 0x6f 0x6f 0x6f 0x36 0x5 0x32 0x5 0x3d 0x5 0x35 0x5 0x35 0x5 0x2e 0x5 0x3f 0x5 0x35 0x5 0x20 0x0 0x3 0x8a 0x8e 0x82 0x85 0x4d 0x80 0x4f 0x80 0xa6 0x82 0xeb 0x7b 0x4d 0x57 0x1a 0x1a 0x88 0x4d 0x0 0x0 0x73 0xe7 0x15 0xee 0x0 0x0 0x0 0x0 0xdc 0xd0 0x94 0x7e 0x0 0xa4 0xa4 0x0 0x8 0xac 0x5 0x0 0x0
1787978935635,0x1 0x8b 0xd 0x5d 0x99 0xb7 0x60 0x24 0x17 0x0 0xd 0x6c 0x1 0x1 0xe1 0x24 0xc9 0x24 0x73 0x3d 0xf8 0x6 0xaf 0x2 0x0 0x28 0x65 0x1 0x0 0xa1 0x0 0xa9 0x0 0x55 0x0 0x58 0x0 0x6f 0x6f 0x6f 0x6f 0x6f 0x6f 0x43 0x5 0x9 0x5 0x42 0x5 0x4 0x5 0x1a 0x5 0x1 0x5 0x19 0x5 0x1 0x5 0x21 0x0 0x3 0x83 0x85 0x83 0x85 0x4d 0x80 0x4f 0x80 0xa6 0x82 0xeb 0x7b 0x4d 0x57 0x1a 0x1a 0x88 0x4d 0x0 0x0 0x73 0xe7 0x15 0xee 0x0 0x0 0x0 0x0 0xdc 0xd0 0x94 0x7e 0x0 0xa4 0xa4 0x0 0x8 0xac 0x5 0x0 0x0
1787978935859,0x1 0x8b 0xd 0x5d 0x99 0xb7 0x60 0x24 0x17 0x0 0xd 0x6d 0x5 0x1 0x9f 0x25 0x5a 0x25 0x73 0x3d 0xf0 0x6 0xaf 0x2 0x0 0x28 0x65 0x1 0x0 0xa0 0x0 0x95 0x0 0x58 0x0 0x58 0x0 0x70 0x70 0x70 0x70 0x70 0x70 0x16 0x5 0xff 0x4 0x15 0x5 0xfa 0x4 0x15 0x5 0xfb 0x4 0x17 0x5 0xff 0x4 0x21 0x0 0x3 0x7f 0x81 0x83 0x85 0x4d 0x80 0x4f 0x80 0xa6 0x82 0xeb 0x7b 0x4d 0x57 0x1a 0x1a 0x88 0x4d 0x0 0x0 0x73 0xe7 0x15 0xee 0x0 0x0 0x0 0x0 0xdd 0xd0 0x94 0x7e 0x0 0xa4 0xa4 0x0 0x8 0xac 0x5 0x0 0x0
1787978936083,0x1 0x8b 0xd 0x5c 0x9a 0xb7 0x60 0x24 0x17 0x0 0xd 0x6c 0x9 0x1 0x17 0x26 0x79 0x25 0x73 0x3d 0xf5 0x6 0xae 0x2 0x0 0x28 0x65 0x1 0x0 0x8e 0x0 0x42 0x0 0x58 0x0 0x58 0x0 0x70 0x70 0x70 0x70 0x70 0x70 0xc 0x5 0xf0 0x4 0x4 0x5 0x13 0x5 0xf 0x5 0xf4 0x4 0x8 0x5 0x13 0x5 0x21 0x0 0x3 0x7c 0x85 0x83 0x86 0x4d 0x80 0x4f 0x80 0xa6 0x82 0xeb 0x7b 0x4d 0x57 0x1a 0x1a 0x88 0x4d 0x0 0x0 0x73 0xe7 0x15 0xee 0x0 0x0 0x0 0x0 0xdc 0xd7 0x94 0x7e 0x0 0xa4 0xa4 0x0 0x8 0xac 0x5 0x0 0x0
1787978936307,0x1 0x8b 0xd 0x5c 0x9a 0xb7 0x60 0x24 0x17 0x0 0xd 0x6c 0x2 0x1 0xf1 0x24 0x92 0x25 0x73 0x3d 0xfc 0x6 0xae 0x2 0x0 0x28 0x65 0x1 0x0 0x25 0x0 0x1c 0x0 0x57 0x0 0x58 0x0 0x70 0x70 0x70 0x70 0x70 0x70 0x26 0x5 0x29 0x5 0x25 0x5 0x2c 0x5 0x28 0x5 0x28 0x5 0x24 0x5 0x28 0x5 0x20 0x0 0x3 0x81 0x89 0x82 0x86 0x4d 0x80 0x4f 0x80 0xa6 0x82 0xeb 0x7b 0x4d 0x57 0x1a 0x1a 0x15 0x4d 0x0 0x0 0x73 0xe7 0x15 0xee 0x0 0x0 0x0 0x0 0xdc 0xd7 0x94 0x7e 0x0 0xa4 0xa4 0x0 0x8 0xac 0x5 0x0 0x0
1787978936530,0x1 0x8c 0xd 0x5c 0x9a 0xb7 0x60 0x25 0x17 0x0 0xd 0x6e 0xc 0x1 0x65 0x26 0x1a 0x26 0x73 0x3d 0xfb 0x6 0xae 0x2 0x0 0x28 0x65 0x1 0x0 0x19 0x0 0x22 0x0 0x57 0x0 0x58 0x0 0x70 0x70 0x70 0x70 0x70 0x70 0x45 0x5 0x4c 0x5 0x3b 0x5 0x43 0x5 0x42 0x5 0x45 0x5 0x48 0x5 0x4c 0x5 0x20 0x0 0x3 0x85 0x8d 0x82 0x86 0x4d 0x80 0x4f 0x80 0xa6 0x82 0xeb 0x7b 0x4d 0x57 0x1a 0x1a 0x15 0x4d 0x0 0x0 0x73 0xe7 0x15 0xee 0x0 0x0 0x0 0x0 0xdc 0xd7 0x94 0x7e 0x0 0xa4 0xa4 0x0 0x8 0x9f 0x5 0x0 0x0
1787978936755,0x1 0x89 0xd 0x5c 0x9a 0xb7 0x60 0x25 0x18 0x0 0xd 0x6d 0x10 0x1 0xc0 0x26 0x94 0x26 0x73 0x3d 0x5 0x7 0xae 0x2 0x0 0x28 0x65 0x1 0x0 0x25 0x0 0x99 0x0 0x57 0x0 0x58 0x0 0x71 0x71 0x71 0x71 0x71 0x71 0x67 0x5 0x65 0x5 0x66 0x5 0x63 0x5 0x63 0x5 0x60 0x5 0x68 0x5 0x63 0x5 0x20 0x0 0x3 0x89 0x8f 0x82 0x86 0x4d 0x80 0x4f 0x80 0xa6 0x82 0xeb 0x7b 0x4d 0x57 0x1a 0x1a 0x15 0x52 0x0 0x0 0x73 0xe7 0x15 0xee 0x0 0x0 0x0 0x0 0xdb 0xde 0x94 0x7e 0x0 0xa4 0xa4 0x0 0x8 0xcb 0x5 0x0 0x0
1787978936979,0x1 0x8b 0xd 0x5c 0x9a 0xb7 0x60 0x25 0x18 0x0 0xd 0x70 0x18 0x1 0xa5 0x27 0x46 0x27 0x73 0x3e 0x10 0x7 0xae 0x2 0x0 0x28 0x65 0x1 0x0 0x89 0x0 0x9e 0x0 0x57 0x0 0x58 0x0 0x71 0x71 0x71 0x71 0x71 0x71 0x82 0x5 0x6e 0x5 0x88 0x5 0x74 0x5 0x8b 0x5 0x77 0x5 0x8d 0x5 0x77 0x5 0x20 0x0 0x3 0x8c 0x8f 0x82 0x86 0x4d 0x80 0x4f 0x80 0xa6 0x82 0xeb 0x7b 0x4d 0x57 0x1a 0x1a 0x15 0x52 0x0 0x0 0x73 0xe7 0x15 0xee 0x0 0x0 0x0 0x0 0xda 0xde 0x94 0x7e 0x0 0xa4 0xa4 0x0 0x8 0xac 0x5 0x0 0x0
1787978937203,0x1 0x8c 0xd 0x5c 0x9a 0xb7 0x60 0x26 0x19 0x0 0xd 0x70 0x17 0x1 0x8c 0x27 0x44 0x27 0x73 0x3e 0xe 0x7 0xae 0x2 0x0 0x28 0x65 0x1 0x0 0xa2 0x0 0x9d 0x0 0x58 0x0 0x59 0x0 0x71 0x71 0x71 0x71 0x71 0x71 0x56 0x5 0x3f 0x5 0x64 0x5 0x49 0x5 0x5d 0x5 0x42 0x5 0x57 0x5 0x3f 0x5 0x20 0x0 0x3 0x82 0x84 0x83 0x86 0x4d 0x80 0x4f 0x80 0xa6 0x82 0xeb 0x7b 0x4d 0x57 0x1a 0x1a 0x15 0x52 0x0 0x0 0x73 0xe7 0x15 0xee 0x0 0x0 0x0 0x0 0xdb 0xe4 0x94 0x7e 0x0 0xa4 0xa4 0x0 0x8 0x9f 0x5 0x0 0x0
1787978937427,0x1 0x8b 0xd 0x5c 0x9a 0xb7 0x60 0x26 0x19 0x0 0xd 0x71 0x16 0x1 0x47 0x27 0xc5 0x27 0x73 0x3e 0x14 0x7 0xae 0x2 0x0 0x28 0x65 0x1 0x0 0x80 0x0 0x3c 0x0 0x57 0x0 0x58 0x0 0x71 0x71 0x71 0x71 0x71 0x71 0x54 0x5 0x3c 0x5 0x51 0x5 0x61 0x5 0x4e 0x5 0x39 0x5 0x4e 0x5 0x5f 0x5 0x20 0x0 0x3 0x7d 0x87 0x83 0x87 0x4d 0x80 0x4f 0x80 0xa6 0x82 0xeb 0x7b 0x4d 0x57 0x1a 0x1a 0x15 0x52 0x0 0x0 0x73 0xe7 0x15 0xee 0x0 0x0 0x0 0x0 0xda 0xe4 0x94 0x7e 0x0 0xa4 0xa4 0x0 0x8 0xac 0x5 0x0 0x0
1787978937651,0x1 0x89 0xd 0x5c 0x9a 0xb7 0x60 0x26 0x19 0x0 0xd 0x71 0x1c 0x1 0x14 0x28 0x11 0x28 0x73 0x3e 0x16 0x7 0xae 0x2 0x0 0x28 0x65 0x1 0x0 0x1a 0x0 0x13 0x0 0x57 0x0 0x57 0x0 0x71 0x71 0x71 0x71 0x71 0x71 0x80 0x5 0x73 0x5 0x79 0x5 0x78 0x5 0x7c 0x5 0x7e 0x5 0x80 0x5 0x7f 0x5 0x20 0x0 0x3 0x85 0x8c 0x84 0x87 0x4d 0x80 0x4f 0x80 0xa6 0x82 0xeb 0x7b 0x4d 0x57 0x1a 0x1a 0x15 0x52 0x0 0x0 0x73 0xe7 0x15 0xee 0x0 0x0 0x0 0x0 0xda 0xe4 0x94 0x7e 0x0 0xa4 0xa4 0x0 0x8 0xcb 0x5 0x0 0x0
1787978937875,0x1 0x8b 0xd 0x5c 0x9a 0xb7 0x60 0x26 0x19 0x0 0xd 0x71 0x22 0x1 0x97 0x28 0x35 0x28 0x73 0x3e 0x25 0x7 0xae 0x2 0x0 0x28 0x65 0x1 0x0 0x16 0x0 0x1e 0x0 0x56 0x0 0x57 0x0 0x72 0x72 0x72 0x72 0x72 0x72 0x94 0x5 0x94 0x5 0x99 0x5 0x8e 0x5 0x8e 0x5 0x8d 0x5 0x99 0x5 0x98 0x5 0x20 0x0 0x3 0x8a 0x90 0x84 0x87 0x4d 0x80 0x4f 0x80 0xa6 0x82 0xeb 0x7b 0x4d 0x57 0x1a 0x1a 0x15 0x56 0x0 0x0 0x73 0xe7 0x15 0xee 0x0 0x0 0x0 0x0 0xd9 0xe4 0x94 0x7e 0x0 0xa4 0xa4 0x0 0x8 0xac 0x5 0x0 0x0
1787978938099,0x1 0x8b 0xd 0x5c 0x9a 0xb7 0x60 0x26 0x19 0x0 0xd 0x72 0x20 0x1 0x28 0x28 0x6c 0x28 0x73 0x3e 0x2c 0x7 0xae 0x2 0x0 0x28 0x65 0x1 0x0 0x54 0x0 0x8e 0x0 0x56 0x0 0x57 0x0 0x72 0x72 0x72 0x72 0x72 0x72 0xb2 0x5 0xb1 0x5 0xb6 0x5 0xaf 0x5 0xb8 0x5 0xaf 0x5 0xb7 0x5 0xaf 0x5 0x1f 0x0 0x3 0x8e 0x93 0x84 0x87 0x4d 0x80 0x4f 0x80 0xa6 0x82 0xeb 0x7b 0x4d 0x57 0x1a 0x1a 0x15 0x56 0x0 0x0 0x73 0xe7 0x15 0xee 0x0 0x0 0x0 0x0 0xd8 0xeb 0x94 0x7e 0x0 0xa4 0xa4 0x0 0x8 0xac 0x5 0x0 0x0
1787978938323,0x1 0x8c 0xd 0x5c 0x9a 0xb7 0x60 0x26 0x19 0x0 0xd 0x72 0x20 0x1 0x28 0x28 0x21 0x28 0x73 0x3e 0x2c 0x7 0xae 0x2 0x0 0x28 0x65 0x1 0x0 0x9e 0x0 0xa2 0x0 0x57 0x0 0x58 0x0 0x72 0x72 0x72 0x72 0x72 0x72 0x8a 0x5 0xa5 0x5 0xb1 0x5 0xa2 0x5 0x8b 0x5 0xa2 0x5 0x89 0x5 0xa5 0x5 0x20 0x0 0x3 0x87 0x93 0x86 0x87 0x4d 0x80 0x4f 0x80 0xa6 0x82 0xeb 0x7b 0x4b 0x56 0x1a 0x1a 0x15 0x56 0x0 0x0 0x73 0xe7 0x15 0xee 0x0 0x0 0x0 0x0 0xd9 0xe5 0x94 0x7e 0x0 0xa4 0xa4 0x0 0x8 0x9f 0x5 0x0 0x0
1787978938547,0x1 0x8b 0xd 0x5b 0x9a 0xb7 0x60 0x26 0x19 0x0 0xd 0x74 0x26 0x1 0xfe 0x28 0xad 0x28 0x73 0x3e 0x2c 0x7 0xae 0x2 0x0 0x28 0x65 0x1 0x0 0x9b 0x0 0x9f 0x0 0x57 0x0 0x58 0x0 0x72 0x72 0x72 0x72 0x72 0x72 0x7d 0x5 0x7c 0x5 0x80 0x5 0x7f 0x5 0x82 0x5 0x7a 0x5 0x82 0x5 0x80 0x5 0x20 0x0 0x3 0x83 0x89 0x86 0x89 0x4d 0x80 0x4f 0x80 0xa6 0x82 0xeb 0x7b 0x4b 0x56 0x1a 0x1a 0x15 0x56 0x0 0x0 0x73 0xe7 0x15 0xee 0x0 0x0 0x0 0x0 0xd9 0xeb 0x94 0x7e 0x0 0xa4 0xa4 0x0 0x8 0xac 0x5 0x0 0x0
1787978938771,0x1 0x8b 0xd 0x5b 0x9a 0xb7 0x60 0x26 0x19 0x0 0xd 0x72 0x26 0x1 0xa 0x29 0xca 0x28 0x73 0x3e 0x2a 0x7 0xae 0x2 0x0 0x28 0x65 0x1 0x0 0x4f 0x0 0x92 0x0 0x57 0x0 0x59 0x0 0x72 0x72 0x72 0x72 0x72 0x72 0x6d 0x5 0x6b 0x5 0x6c 0x5 0x69 0x5 0x6a 0x5 0x6a 0x5 0x6d 0x5 0x6b 0x5 0x20 0x0 0x3 0x7e 0x84 0x86 0x89 0x4d 0x80 0x4f 0x80 0xa6 0x82 0xeb 0x7b 0x4b 0x56 0x1a 0x1a 0x15 0x56 0x0 0x0 0x73 0xe7 0x15 0xee 0x0 0x0 0x0 0x0 0xda 0xeb 0x94 0x7e 0x0 0xa4 0xa4 0x0 0x8 0xac 0x5 0x0 0x0
1787978938995,0x1 0x8c 0xd 0x5b 0x9a 0xb7 0x60 0x26 0x19 0x0 0xd 0x72 0x22 0x1 0x64 0x28 0x66 0x28 0x73 0x3e 0x2e 0x7 0xae 0x2 0x0 0x28 0x65 0x1 0x0 0x1b 0x0 0x25 0x0 0x57 0x0 0x58 0x0 0x72 0x72 0x72 0x72 0x72 0x72 0x98 0x5 0x81 0x5 0x9b 0x5 0x83 0x5 0x94 0x5 0x7c 0x5 0x9c 0x5 0x83 0x5 0x20 0x0 0x3 0x89 0x8b 0x87 0x8b 0x4d 0x80 0x4f 0x80 0xa6 0x82 0xeb 0x7b 0x4b 0x56 0x1a 0x1a 0x15 0x56 0x0 0x0 0x73 0xe7 0x15 0xee 0x0 0x0 0x0 0x0 0xd9 0xeb 0x94 0x7e 0x0 0xa4 0xa4 0x0 0x8 0x9f 0x5 0x0 0x0
1787978939218,0x1 0x8b 0xd 0x5b 0x9a 0xb7 0x60 0x26 0x19 0x0 0xd 0x71 0x25 0x1 0xb3 0x28 0xa7 0x28 0x73 0x3e 0x33 0x7 0xae 0x2 0x0 0x28 0x65 0x1 0x0 0x81 0x0 0x19 0x0 0x57 0x0 0x57 0x0 0x72 0x72 0x72 0x72 0x72 0x72 0xba 0x5 0xa0 0x5 0xb9 0x5 0xa1 0x5 0xbc 0x5 0xa1 0x5 0xba 0x5 0xa2 0x5 0x1f 0x0 0x3 0x8d 0x90 0x87 0x8b 0x4d 0x80 0x4f 0x80 0xa6 0x82 0xeb 0x7b 0x4b 0x56 0x1a 0x1a 0x15 0x56 0x0 0x0 0x73 0xe7 0x15 0xee 0x0 0x0 0x0 0x0 0xd9 0xeb 0x94 0x7e 0x0 0xa4 0xa4 0x0 0x8 0xac 0x5 0x0 0x0
1787978939443,0x1 0x8b 0xd 0x5b 0x9b 0xb7 0x60 0x26 0x19 0x0 0xd 0x71 0x1f 0x1 0xd2 0x27 0x4f 0x28 0x73 0x3e 0x35 0x7 0xad 0x2 0x0 0x28 0x65 0x1 0x0 0xa6 0x0 0x82 0x0 0x57 0x0 0x57 0x0 0x72 0x72 0x72 0x72 0x72 0x72 0x83 0x5 0xb0 0x5 0x7c 0x5 0xa9 0x5 0x82 0x5 0xae 0x5 0x7c 0x5 0xad 0x5 0x20 0x0 0x3 0x83 0x93 0x86 0x8b 0x4d 0x80 0x4f 0x80 0xa6 0x82 0xeb 0x7b 0x4b 0x56 0x1a 0x1a 0x15 0x56 0x0 0x0 0x73 0xe7 0x15 0xee 0x0 0x0 0x0 0x0 0xd9 0xeb 0x94 0x7e 0x0 0xa4 0xa4 0x0 0x8 0xac 0x5 0x0 0x0
1787978939667,0x1 0x8b 0xd 0x5b 0x9b 0xb7 0x60 0x26 0x19 0x0 0xd 0x71 0x1f 0x1 0xc2 0x27 0x2c 0x28 0x73 0x3e 0x38 0x7 0xad 0x2 0x0 0x28 0x65 0x1 0x0 0x90 0x0 0xa6 0x0 0x58 0x0 0x58 0x0 0x72 0x72 0x72 0x72 0x72 0x72 0x6c 0x5 0xb0 0x5 0x6b 0x5 0xae 0x5 0x64 0x5 0xa9 0x5 0x61 0x5 0xa9 0x5 0x20 0x0 0x3 0x7f 0x93 0x86 0x8b 0x4d 0x80 0x4f 0x80 0xa6 0x82 0xeb 0x7b 0x4b 0x56 0x1a 0x1a 0xa3 0x55 0x0 0x0 0x73 0xe7 0x15 0xee 0x0 0x0 0x0 0x0 0xd9 0xeb 0x94 0x7e 0x0 0xa4 0xa4 0x0 0x8 0xac 0x5 0x0 0x0
1787978939889,0x1 0x8b 0xd 0x5b 0x9b 0xb7 0x60 0x26 0x19 0x0 0xd 0x73 0x2a 0x1 0x42 0x29 0xc7 0x28 0x73 0x3f 0x39 0x7 0xad 0x2 0x0 0x28 0x65 0x1 0x0 0x18 0x0 0xa3 0x0 0x57 0x0 0x59 0x0 0x72 0x72 0x72 0x72 0x72 0x72 0x95 0x5 0x85 0x5 0x9b 0x5 0x85 0x5 0x91 0x5 0x83 0x5 0x9b 0x5 0x87 0x5 0x20 0x0 0x3 0x87 0x89 0x85 0x8b 0x4d 0x80 0x4f 0x80 0xa6 0x82 0xeb 0x7b 0x4b 0x56 0x1a 0x1a 0xa3 0x55 0x0 0x0 0x73 0xe7 0x15 0xee 0x0 0x0 0x0 0x0 0xd9 0xeb 0x94 0x7e 0x0 0xa4 0xa4 0x0 0x8 0xac 0x5 0x0 0x0
1787978940113,0x1 0x8c 0xd 0x5b 0x9b 0xb7 0x60 0x26 0x19 0x0 0xd 0x72 0x21 0x1 0x9 0x28 0x45 0x28 0x73 0x3f 0x38 0x7 0xad 0x2 0x0 0x28 0x65 0x1 0x0 0x2c 0x0 0x98 0x0 0x56 0x0 0x59 0x0 0x72 0x72 0x72 0x72 0x72 0x72 0xa1 0x5 0x66 0x5 0xa2 0x5 0x64 0x5 0xa2 0x5 0x6c 0x5 0xa2 0x5 0x61 0x5 0x20 0x0 0x3 0x8b 0x85 0x85 0x8b 0x4d 0x80 0x4f 0x80 0xa6 0x82 0xeb 0x7b 0x4b 0x56 0x1a 0x1a 0xa3 0x55 0x0 0x0 0x73 0xe7 0x15 0xee 0x0 0x0 0x0 0x0 0xda 0xeb 0x94 0x7e 0x0 0xa4 0xa4 0x0 0x8 0x9f 0x5 0x0 0x0
1787978940338,0x1 0x8c 0xd 0x5b 0x9b 0xb7 0x60 0x26 0x19 0x0 0xd 0x72 0x22 0x1 0x2c 0x28 0x68 0x28 0x73 0x3f 0x38 0x7 0xad 0x2 0x0 0x28 0x65 0x1 0x0 0x94 0x0 0x36 0x0 0x57 0x0 0x58 0x0 0x72 0x72 0x72 0x72 0x72 0x72 0xb9 0x5 0x7d 0x5 0xaa 0x5 0x4b 0x5 0xb2 0x5 0x77 0x5 0xb6 0x5 0x7d 0x5 0x20 0x0 0x3 0x8e 0x8a 0x85 0x8b 0x4d 0x80 0x4f 0x80 0xa6 0x82 0xeb 0x7b 0x4d 0x57 0x1a 0x1a 0xa3 0x55 0x0 0x0 0x73 0xe7 0x15 0xee 0x0 0x0 0x0 0x0 0xda 0xeb 0x94 0x7e 0x0 0xa4 0xa4 0x0 0x8 0x9f 0x5 0x0 0x0
1787978940562,0x1 0x8b 0xd 0x5b 0x9b 0xb7 0x60 0x26 0x19 0x0 0xd 0x72 0x23 0x1 0x3a 0x28 0x3c 0x28 0x73 0x3f 0x3c 0x7 0xad 0x2 0x0 0x28 0x65 0x1 0x0 0x9f 0x0 0x16 0x0 0x58 0x0 0x57 0x0 0x72 0x72 0x72 0x72 0x72 0x72 0x82 0x5 0x8e 0x5 0x7a 0x5 0x8e 0x5 0x77 0x5 0x8f 0x5 0x77 0x5 0x8e 0x5 0x20 0x0 0x3 0x83 0x8e 0x86 0x8b 0x4d 0x80 0x4f 0x80 0xa6 0x82 0xeb 0x7b 0x4d 0x57 0x1a 0x1a 0xa3 0x55 0x0 0x0 0x73 0xe7 0x15 0xee 0x0 0x0 0x0 0x0 0xda 0xeb 0x94 0x7e 0x0 0xa4 0xa4 0x0 0x8 0xac 0x5 0x0 0x0
1787978940786,0x1 0x8c 0xd 0x5b 0x9b 0xb7 0x60 0x26 0x19 0x0 0xd 0x71 0x23 0x1 0x3f 0x28 0x89 0x28 0x73 0x3f 0x3b 0x7 0xad 0x2 0x0 0x28 0x65 0x1 0x0 0x67 0x0 0x55 0x0 0x57 0x0 0x57 0x0 0x72 0x72 0x72 0x72 0x72 0x72 0x6b 0x5 0xb0 0x5 0x71 0x5 0xb0 0x5 0x6f 0x5 0xb1 0x5 0x68 0x5 0xb0 0x5 0x20 0x0 0x3 0x7d 0x92 0x84 0x89 0x4d 0x80 0x4f 0x80 0xa6 0x82 0xeb 0x7b 0x4d 0x57 0x1a 0x1a 0xe3 0x57 0x0 0x0 0x73 0xe7 0x15 0xee 0x0 0x0 0x0 0x0 0xda 0xeb 0x0 0x80 0x0 0xa4 0xa4 0x0 0x8 0x9f 0x5 0x0 0x0
1787978941010,0x1 0x8c 0xd 0x5a 0x9b 0xb7 0x60 0x26 0x19 0x0 0xd 0x73 0x22 0x1 0x11 0x28 0x88 0x28 0x73 0x3f 0x3d 0x7 0xad 0x2 0x0 0x28 0x65 0x1 0x0 0x1f 0x0 0xa6 0x0 0x57 0x0 0x58 0x0 0x72 0x72 0x72 0x72 0x72 0x72 0x97 0x5 0xb7 0x5 0x9b 0x5 0xb9 0x5 0x9b 0x5 0xb5 0x5 0x9b 0x5 0xb6 0x5 0x1f 0x0 0x3 0x87 0x93 0x85 0x89 0x4d 0x80 0x4f 0x80 0xa6 0x82 0xeb 0x7b 0x4d 0x57 0x1a 0x1a 0x23 0x56 0x0 0x0 0x73 0xe7 0x15 0xee 0x0 0x0 0x0 0x0 0xda 0xeb 0x0 0x80 0x0 0xa4 0xa4 0x0 0x8 0x9f 0x5 0x0 0x0
1787978941233,0x1 0x8c 0xd 0x5a 0x9b 0xb7 0x60 0x26 0x19 0x0 0xd 0x72 0x28 0x1 0xce 0x28 0xad 0x28 0x73 0x3f 0x41 0x7 0xad 0x2 0x0 0x28 0x65 0x1 0x0 0x35 0x0 0xaa 0x0 0x56 0x0 0x59 0x0 0x72 0x72 0x72 0x72 0x72 0x72 0xb5 0x5 0xb8 0x5 0xae 0x5 0xb8 0x5 0xb2 0x5 0x92 0x5 0xb5 0x5 0x92 0x5 0x1f 0x0 0x3 0x8b 0x8b 0x85 0x89 0x4d 0x80 0x4f 0x80 0xa6 0x82 0xeb 0x7b 0x4d 0x57 0x1a 0x1a 0xa3 0x59 0x0 0x0 0x73 0xe7 0x15 0xee 0x0 0x0 0x0 0x0 0xdb 0xec 0x0 0x80 0x0 0xa4 0xa4 0x0 0x8 0x9f 0x5 0x0 0x0
1787978941458,0x1 0x8b 0xd 0x5a 0x9b 0xb7 0x60 0x26 0x19 0x0 0xd 0x73 0x26 0x1 0x88 0x28 0x63 0x28 0x73 0x3f 0x41 0x7 0xad 0x2 0x0 0x28 0x65 0x1 0x0 0xa1 0x0 0x9e 0x0 0x57 0x0 0x5a 0x0 0x72 0x72 0x72 0x72 0x72 0x72 0xb9 0x5 0x74 0x5 0x91 0x5 0x71 0x5 0xb4 0x5 0x75 0x5 0x91 0x5 0x71 0x5 0x20 0x0 0x3 0x86 0x86 0x85 0x89 0x4d 0x80 0x4f 0x80 0xa6 0x82 0xeb 0x7b 0x4b 0x56 0x1a 0x1a 0xa3 0x59 0x0 0x0 0x73 0xe7 0x15 0xee 0x0 0x0 0x0 0x0 0xdb 0xec 0x0 0x80 0x0 0xa4 0xa4 0x0 0x8 0xac 0x5 0x0 0x0
1787978941681,0x1 0x8c 0xd 0x5a 0x9b 0xb7 0x60 0x26 0x19 0x0 0xd 0x72 0x25 0x1 0x70 0x28 0x89 0x28 0x73 0x3f 0x3f 0x7 0xad 0x2 0x0 0x28 0x65 0x1 0x0 0x9f 0x0 0x6f 0x0 0x58 0x0 0x59 0x0 0x72 0x72 0x72 0x72 0x72 0x72 0x7e 0x5 0x5f 0x5 0x7e 0x5 0x60 0x5 0x80 0x5 0x60 0x5 0x7e 0x5 0x5e 0x5 0x20 0x0 0x3 0x81 0x82 0x85 0x89 0x4d 0x80 0x4f 0x80 0xa6 0x82 0xeb 0x7b 0x4b 0x56 0x1a 0x1a 0xa3 0x59 0x0 0x0 0x73 0xe7 0x15 0xee 0x0 0x0 0x0 0x0 0xdb 0xec 0x0 0x80 0x0 0xa4 0xa4 0x0 0x8 0x9f 0x5 0x0 0x0
1787978941906,0x1 0x8c 0xd 0x5a 0x9b 0xb7 0x60 0x26 0x19 0x0 0xd 0x73 0x29 0x1 0xc5 0x28 0x8e 0x28 0x73 0x3f 0x49 0x7 0xad 0x2 0x0 0x28 0x65 0x1 0x0 0x84 0x0 0x1f 0x0 0x58 0x0 0x58 0x0 0x72 0x72 0x72 0x72 0x72 0x72 0x67 0x5 0x8e 0x5 0x68 0x5 0x85 0x5 0x67 0x5 0x89 0x5 0x68 0x5 0x91 0x5 0x20 0x0 0x3 0x7d 0x8c 0x85 0x8a 0x4d 0x80 0x4f 0x80 0xa6 0x82 0xeb 0x7b 0x4b 0x56 0x1a 0x1a 0xa3 0x59 0x0 0x0 0x73 0xe7 0x15 0xee 0x0 0x0 0x0 0x0 0xdb 0xec 0x0 0x80 0x0 0xa4 0xa4 0x0 0x8 0x9f 0x5 0x0 0x0
1787978942130,0x1 0x8b 0xd 0x5a 0x9c 0xb7 0x60 0x26 0x19 0x0 0xd 0x72 0x26 0x1 0x71 0x28 0x50 0x28 0x73 0x40 0x45 0x7 0xab 0x2 0x0 0x28 0x65 0x1 0x0 0x19 0x0 0x4f 0x0 0x56 0x0 0x58 0x0 0x72 0x72 0x72 0x72 0x72 0x72 0x8e 0x5 0x9e 0x5 0x8b 0x5 0x9f 0x5 0x8c 0x5 0xa0 0x5 0x8e 0x5 0xa2 0x5 0x20 0x0 0x3 0x86 0x90 0x84 0x8a 0x4d 0x80 0x4f 0x80 0xa6 0x82 0xeb 0x7b 0x4b 0x56 0x1a 0x1a 0x2d 0x59 0x0 0x0 0x73 0xe7 0x15 0xee 0x0 0x0 0x0 0x0 0xdb 0xec 0x0 0x80 0x0 0xa4 0xa4 0x0 0x8 0xac 0x5 0x0 0x0
1787978942354,0x1 0x89 0xd 0x5a 0x9c 0xb7 0x60 0x26 0x19 0x0 0xd 0x72 0x25 0x1 0x17 0x28 0x33 0x28 0x73 0x40 0x4f 0x7 0xab 0x2 0x0 0x28 0x65 0x1 0x0 0x1e 0x0 0xa2 0x0 0x56 0x0 0x59 0x0 0x72 0x72 0x72 0x72 0x72 0x72 0xa0 0x5 0xa3 0x5 0xa0 0x5 0xa0 0x5 0x9c 0x5 0xa5 0x5 0xa0 0x5 0xa2 0x5 0x1f 0x0 0x3 0x8a 0x91 0x84 0x8a 0x4d 0x80 0x4f 0x80 0xa6 0x82 0xeb 0x7b 0x4b 0x55 0x1a 0x1a 0x2d 0x59 0x0 0x0 0x73 0xe7 0x15 0xee 0x0 0x0 0x0 0x0 0xdc 0xec 0x0 0x80 0x0 0xa4 0xa4 0x0 0x8 0xcb 0x5 0x0 0x0
1787978942577,0x1 0x8c 0xd 0x5a 0x9c 0xb7 0x60 0x27 0x19 0x0 0xd 0x75 0x2c 0x1 0xc 0x29 0x85 0x28 0x73 0x40 0x4f 0x7 0xab 0x2 0x0 0x28 0x65 0x1 0x0 0x93 0x0 0xa1 0x0 0x57 0x0 0x59 0x0 0x72 0x72 0x72 0x72 0x72 0x72 0xba 0x5 0x7e 0x5 0xb5 0x5 0x7e 0x5 0xb6 0x5 0x7c 0x5 0xba 0x5 0x80 0x5 0x1f 0x0 0x3 0x8d 0x88 0x84 0x89 0x4d 0x80 0x4f 0x80 0xa6 0x82 0xeb 0x7b 0x4b 0x55 0x1a 0x1a 0x2d 0x59 0x0 0x0 0x73 0xe7 0x15 0xee 0x0 0x0 0x0 0x0 0xdb 0xe6 0x0 0x80 0x0 0xa4 0xa4 0x0 0x8 0x9f 0x5 0x0 0x0
1787978942801,0x1 0x8b 0xd 0x5a 0x9c 0xb7 0x60 0x27 0x19 0x0 0xd 0x74 0x2b 0x1 0x32 0x2b 0x27 0x2a 0x73 0x40 0xec 0x6 0xab 0x2 0x0 0x28 0x65 0x1 0x0 0x9e 0x0 0x8f 0x0 0x58 0x0 0x59 0x0 0x73 0x73 0x73 0x73 0x73 0x73 0xa5 0x5 0x97 0x5 0xb7 0x5 0x84 0x5 0x9f 0x5 0x89 0x5 0xb7 0x5 0x9f 0x5 0x1f 0x0 0x3 0x82 0x84 0x84 0x89 0x4d 0x80 0x4f 0x80 0xa6 0x82 0xeb 0x7b 0x4b 0x55 0x1a 0x1a 0xad 0x55 0x0 0x0 0x73 0xe7 0x15 0xee 0x0 0x0 0x0 0x0 0xe8 0xec 0x0 0x80 0x0 0xa4 0xa4 0x0 0x8 0xac 0x5 0x0 0x0
1787978943025,0x1 0x8c 0xd 0x59 0x9c 0xb7 0x60 0x27 0x19 0x0 0xd 0x72 0x1f 0x1 0x3e 0x2d 0x3a 0x2d 0x73 0x40 0x58 0x6 0xab 0x2 0x0 0x28 0x65 0x1 0x0 0x97 0x0 0x68 0x0 0x58 0x0 0x59 0x0 0x77 0x77 0x77 0x77 0x77 0x77 0x23 0x6 0x8 0x6 0x20 0x6 0x0 0x6 0x1e 0x6 0x5 0x6 0x20 0x6 0x6 0x6 0x21 0x0 0x3 0x7d 0x7f 0x84 0x89 0x4d 0x80 0x4f 0x80 0xa6 0x82 0xeb 0x7b 0x4b 0x55 0x1a 0x1a 0x2d 0x4c 0x0 0x0 0x73 0xe7 0x15 0xee 0x0 0x0 0x0 0x0 0xfd 0xfe 0x0 0x80 0x0 0xa4 0xa4 0x0 0x8 0x9f 0x5 0x0 0x0
1787978943248,0x1 0x89 0xd 0x59 0x9c 0xb7 0x60 0x1f 0x12 0x0 0xd 0x67 0xf1 0x0 0x3a 0x26 0xc8 0x2b 0x73 0x40 0x4e 0x6 0xab 0x2 0x0 0x28 0x65 0x1 0x0 0x95 0x0 0x36 0x0 0x58 0x0 0x59 0x0 0x75 0x75 0x75 0x75 0x75 0x75 0xc 0x6 0x3a 0x6 0xe9 0x5 0xf8 0x5 0x13 0x6 0x3d 0x6 0xc1 0x5 0xf8 0x5 0x21 0x0 0x3 0x79 0x89 0x84 0x88 0x4d 0x80 0x4f 0x80 0xa6 0x82 0xeb 0x7b 0x4b 0x55 0x1a 0x1a 0x2d 0x47 0x0 0x0 0x73 0xe7 0x15 0xee 0x0 0x0 0x0 0x0 0xff 0xfe 0x0 0x80 0x0 0xa4 0xa4 0x0 0x8 0xcb 0x5 0x0 0x0
1787978943473,0x1 0x8b 0xd 0x59 0x9c 0xb7 0x60 0xd 0x0 0x0 0xd 0x34 0x50 0x0 0xa4 0xc 0x5 0x14 0x73 0x40 0x54 0x6 0xab 0x2 0x0 0x28 0x65 0x1 0x0 0xaa 0x0 0xb2 0x0 0x58 0x0 0x59 0x0 0x76 0x76 0x76 0x76 0x76 0x76 0x7a 0x2 0x86 0x2 0x50 0x2 0x5d 0x2 0xb8 0x2 0xba 0x2 0x3f 0x2 0x5d 0x2 0x27 0x0 0x3 0x76 0x8b 0x84 0x88 0x4d 0x80 0x4f 0x80 0xa6 0x82 0xeb 0x7b 0x4b 0x55 0x1a 0x1a 0x2d 0x41 0x0 0x0 0x73 0xe7 0x15 0xee 0x0 0x0 0x0 0x0 0xfe 0x70 0x0 0x80 0x0 0xa4 0xa4 0x0 0x0 0xac 0x5 0x0 0x0
1787978943697,0x1 0x8c 0xd 0x59 0x9c 0xb7 0x60 0xd 0x0 0x0 0xd 0x34 0x4f 0x0 0x9a 0xc 0x5e 0xd 0x73 0x40 0x45 0x6 0xab 0x2 0x0 0x28 0x65 0x1 0x0 0xa4 0x0 0xb0 0x0 0x58 0x0 0x5b 0x0 0x8f 0x8f 0x8f 0x8f 0x8f 0x8f 0xbb 0x1 0xd3 0x1 0xb5 0x1 0xcf 0x1 0xb2 0x1 0xda 0x1 0xb2 0x1 0xc2 0x1 0x28 0x0 0x3 0x73 0x83 0x84 0x85 0x4d 0x80 0x4f 0x80 0xa6 0x82 0xeb 0x7b 0x4b 0x55 0x1a 0x1a 0x2d 0x41 0x0 0x0 0x73 0xe7 0x15 0xee 0x0 0x0 0x0 0x0 0xfc 0x36 0x0 0x80 0x0 0xa4 0xa4 0x0 0x0 0x9f 0x5 0x0 0x0
1787978943920,0x1 0x8c 0xd 0x59 0x9c 0xb7 0x60 0xd 0x0 0x0 0xd 0x37 0x56 0x0 0xcc 0xe 0xcf 0xd 0x73 0x40 0xd0 0x5 0xab 0x2 0x0 0x28 0x65 0x1 0x0 0x6d 0x0 0xab 0x0 0x58 0x0 0x5b 0x0 0xa2 0xa2 0xa2 0xa2 0xa2 0xa2 0xc5 0x1 0xd9 0x1 0xcb 0x1 0xcc 0x1 0xbe 0x1 0xd2 0x1 0xcb 0x1 0xdc 0x1 0x29 0x0 0x3 0x71 0x81 0x84 0x85 0x4d 0x80 0x4f 0x80 0xa6 0x82 0xeb 0x7b 0x4b 0x55 0x1a 0x1a 0xcb 0x46 0x9e 0x9 0x73 0xe7 0x15 0xee 0x0 0x0 0x0 0x0 0xff 0x30 0x0 0x80 0x0 0xa4 0xa4 0x0 0x0 0x9f 0x5 0x0 0x0
1787978944145,0x1 0x8b 0xd 0x59 0x9c 0xb7 0x60 0xd 0x0 0x0 0xd 0x36 0x52 0x0 0x63 0xe 0x63 0xe 0x73 0x3f 0xb3 0x5 0xab 0x2 0x0 0x28 0x65 0x1 0x0 0x32 0x0 0xaa 0x0 0x58 0x0 0x5a 0x0 0xa2 0xa2 0xa2 0xa2 0xa2 0xa2 0xf2 0x1 0xef 0x1 0xed 0x1 0xf0 0x1 0xf0 0x1 0xf3 0x1 0xf2 0x1 0xf4 0x1 0x29 0x0 0x3 0x79 0x80 0x7f 0x85 0x4d 0x80 0x4f 0x80 0xa6 0x82 0xeb 0x7b 0x4b 0x55 0x1a 0x1a 0x93 0x41 0x66 0x5 0x73 0xe7 0x15 0xee 0x0 0x0 0x0 0x0 0xff 0x2f 0x0 0x80 0x0 0xa4 0xa4 0x0 0x0 0xac 0x5 0x0 0x0
1787978944369,0x1 0x8b 0xd 0x59 0x9c 0xb7 0x60 0xd 0x0 0x0 0xd 0x35 0x50 0x0 0x16 0xe 0x25 0xe 0x73 0x3f 0xae 0x5 0xab 0x2 0x0 0x28 0x65 0x1 0x0 0x1b 0x0 0xab 0x0 0x58 0x0 0x5a 0x0 0xa1 0xa1 0xa1 0xa1 0xa1 0xa1 0xf8 0x1 0xf5 0x1 0xf8 0x1 0xf5 0x1 0xf8 0x1 0xf5 0x1 0xfb 0x1 0xf5 0x1 0x29 0x0 0x3 0x7b 0x7e 0x7f 0x85 0x4d 0x80 0x4f 0x80 0xa6 0x82 0xeb 0x7b 0x4b 0x56 0x1a 0x1a 0x93 0x41 0x66 0x5 0x73 0xe7 0x15 0xee 0x0 0x0 0x0 0x0 0xff 0x2f 0x0 0x80 0x0 0xa4 0xa4 0x0 0x0 0xac 0x5 0x0 0x0
1787978944592,0x1 0x8c 0xd 0x59 0x9c 0xb7 0x60 0xd 0x0 0x0 0xd 0x34 0x4f 0x0 0x6 0xe 0x2e 0xe 0x73 0x3e 0xa2 0x5 0xab 0x2 0x0 0x28 0x65 0x1 0x0 0x95 0x0 0xac 0x0 0x58 0x0 0x5a 0x0 0xa2 0xa2 0xa2 0xa2 0xa2 0xa2 0x3 0x2 0xf9 0x1 0xf6 0x1 0xf8 0x1 0x3 0x2 0xfa 0x1 0xf6 0x1 0xf8 0x1 0x29 0x0 0x3 0x75 0x7c 0x77 0x85 0x4d 0x80 0x4f 0x80 0xa6 0x82 0xeb 0x7b 0x4b 0x56 0x1a 0x1a 0x93 0x41 0x66 0x5 0x73 0xe7 0x15 0xee 0x0 0x0 0x0 0x0 0xff 0x2f 0x0 0x80 0x0 0xa4 0xa4 0x0 0x0 0x9f 0x5 0x0 0x0
1787978944816,0x1 0x8b 0xd 0x59 0x9c 0xb7 0x60 0x12 0x5 0x0 0xd 0x3a 0x55 0x0 0x1a 0xf 0x7c 0xe 0x73 0x3e 0xa1 0x5 0xab 0x2 0x0 0x28 0x65 0x1 0x0 0xad 0x0 0xae 0x0 0x58 0x0 0x5b 0x0 0x9d 0x9d 0x9d 0x9d 0x9d 0x9d 0x16 0x2 0x3e 0x2 0xf8 0x1 0xfa 0x1 0xf7 0x1 0xf9 0x1 0x3b 0x2 0x3e 0x2 0x29 0x0 0x3 0x73 0x7a 0x77 0x85 0x4d 0x80 0x4f 0x80 0xa6 0x82 0xeb 0x7b 0x4b 0x56 0x1a 0x1a 0x85 0x40 0x58 0x4 0x73 0xe7 0x15 0xee 0x0 0x0 0x0 0x0 0xff 0x2d 0x0 0x80 0x0 0xa4 0xa4 0x0 0x8 0xac 0x5 0x0 0x0
1787978945040,0x1 0x8b 0xd 0x58 0x9c 0xb7 0x60 0x15 0x8 0x0 0xd 0x46 0x75 0x0 0x43 0x13 0x66 0x13 0x73 0x3e 0x13 0x6 0xab 0x2 0x0 0x28 0x65 0x1 0x0 0xad 0x0 0xad 0x0 0x57 0x0 0x5a 0x0 0x79 0x79 0x79 0x79 0x79 0x79 0xc8 0x2 0xd1 0x2 0xca 0x2 0xd4 0x2 0xd5 0x2 0xd5 0x2 0xc8 0x2 0xcc 0x2 0x27 0x0 0x3 0x71 0x78 0x77 0x85 0x4d 0x80 0x4f 0x80 0xa6 0x82 0xeb 0x7b 0x4b 0x56 0x1a 0x1a 0x2d 0x3f 0x0 0x0 0x73 0xe7 0x15 0xee 0x0 0x0 0x0 0x0 0xff 0x51 0x0 0x80 0x0 0xa4 0xa4 0x0 0x8 0xac 0x5 0x0 0x0
1787978945264,0x1 0x8b 0xd 0x58 0x9c 0xb7 0x60 0x16 0x9 0x0 0xd 0x48 0x7a 0x0 0x5d 0x13 0x1a 0x13 0x73 0x3e 0x4d 0x6 0xab 0x2 0x0 0x28 0x65 0x1 0x0 0xaf 0x0 0xb0 0x0 0x59 0x0 0x5b 0x0 0x65 0x65 0x65 0x65 0x65 0x65 0xa5 0x2 0xa7 0x2 0xa3 0x2 0xa4 0x2 0xa1 0x2 0xa6 0x2 0xa5 0x2 0xa8 0x2 0x27 0x0 0x3 0x6f 0x76 0x77 0x85 0x4d 0x80 0x4f 0x80 0xa6 0x82 0xeb 0x7b 0x4b 0x56 0x1a 0x1a 0x2d 0x41 0x0 0x0 0x73 0xe7 0x15 0xee 0x0 0x0 0x0 0x0 0xf9 0x4c 0x0 0x80 0x0 0xa4 0xa4 0x0 0x8 0xac 0x5 0x0 0x0
1787978945488,0x1 0x8c 0xd 0x58 0x9d 0xb7 0x60 0x16 0x9 0x0 0xd 0x48 0x7c 0x0 0xd4 0x13 0x7a 0x13 0x73 0x3e 0x41 0x6 0xaa 0x2 0x0 0x28 0x65 0x1 0x0 0xab 0x0 0xad 0x0 0x58 0x0 0x5b 0x0 0x65 0x65 0x65 0x65 0x65 0x65 0xa7 0x2 0xa4 0x2 0x9f 0x2 0xa4 0x2 0xa4 0x2 0xa4 0x2 0xa7 0x2 0xaa 0x2 0x27 0x0 0x3 0x6c 0x73 0x77 0x85 0x4d 0x80 0x4f 0x80 0xa6 0x82 0xeb 0x7b 0x4b 0x56 0x1a 0x1a 0x2d 0x41 0x0 0x0 0x73 0xe7 0x15 0xee 0x0 0x0 0x0 0x0 0xf7 0x53 0x0 0x80 0x0 0xa4 0xa4 0x0 0x8 0x9f 0x5 0x0 0x0
1787978945712,0x1 0x8c 0xd 0x58 0x9d 0xb7 0x60 0x16 0x9 0x0 0xd 0x4a 0x7c 0x0 0xe1 0x13 0xc6 0x13 0x73 0x3d 0x3d 0x6 0xaa 0x2 0x0 0x28 0x65 0x1 0x0 0xa2 0x0 0xa8 0x0 0x58 0x0 0x5a 0x0 0x66 0x66 0x66 0x66 0x66 0x66 0xa3 0x2 0xa1 0x2 0x9f 0x2 0xa8 0x2 0xa3 0x2 0xa4 0x2 0xa3 0x2 0xa6 0x2 0x27 0x0 0x3 0x6a 0x71 0x77 0x85 0x4d 0x80 0x4f 0x80 0xa6 0x82 0xeb 0x7b 0x4b 0x56 0x1a 0x1a 0xbb 0x40 0x0 0x0 0x73 0xe7 0x15 0xee 0x0 0x0 0x0 0x0 0xf7 0x52 0x0 0x80 0x0 0xa4 0xa4 0x0 0x8 0x9f 0x5 0x0 0x0
1787978945936,0x1 0x8c 0xd 0x58 0x9d 0xb7 0x60 0x16 0x9 0x0 0xd 0x49 0x7a 0x0 0x79 0x13 0xc8 0x13 0x73 0x3d 0x44 0x6 0xaa 0x2 0x0 0x28 0x65 0x1 0x0 0x81 0x0 0x9b 0x0 0x58 0x0 0x5a 0x0 0x66 0x66 0x66 0x66 0x66 0x66 0xa4 0x2 0xa4 0x2 0x9c 0x2 0x9f 0x2 0x9e 0x2 0x9b 0x2 0x99 0x2 0x9b 0x2 0x27 0x0 0x3 0x6d 0x74 0x7c 0x8a 0x4d 0x80 0x4f 0x80 0xa6 0x82 0xeb 0x7b 0x4b 0x56 0x1a 0x1a 0xbb 0x40 0x0 0x0 0x73 0xe7 0x15 0xee 0x0 0x0 0x0 0x0 0xf5 0x52 0xd7 0x7a 0x0 0xa4 0xa4 0x0 0x8 0x9f 0x5 0x0 0x0
1787978946160,0x1 0x8b 0xd 0x58 0x9d 0xb7 0x60 0x17 0xa 0x0 0xd 0x4b 0x7e 0x0 0x46 0x14 0x2 0x14 0x73 0x3d 0x37 0x6 0xaa 0x2 0x0 0x28 0x65 0x1 0x0 0x29 0x0 0x77 0x0 0x58 0x0 0x5a 0x0 0x66 0x66 0x66 0x66 0x66 0x66 0xb2 0x2 0x95 0x2 0xab 0x2 0x96 0x2 0xab 0x2 0x97 0x2 0xb2 0x2 0x9a 0x2 0x27 0x0 0x3 0x74 0x71 0x77 0x8a 0x4d 0x80 0x4f 0x80 0xa6 0x82 0xeb 0x7b 0x4b 0x56 0x1a 0x1a 0xbb 0x3f 0x0 0x0 0x73 0xe7 0x15 0xee 0x0 0x0 0x0 0x0 0xf6 0x52 0xd7 0x7a 0x0 0xa4 0xa4 0x0 0x8 0xac 0x5 0x0 0x0
1787978946384,0x1 0x8c 0xd 0x58 0x9d 0xb7 0x60 0x1c 0xf 0x0 0xd 0x58 0xa8 0x0 0xbf 0x1a 0x40 0x19 0x73 0x3d 0x48 0x6 0xaa 0x2 0x0 0x28 0x65 0x1 0x0 0x11 0x0 0x2f 0x0 0x57 0x0 0x5a 0x0 0x6a 0x6a 0x6a 0x6a 0x6a 0x6a 0x9b 0x3 0x9c 0x3 0xbb 0x3 0xb7 0x3 0xd3 0x3 0xc1 0x3 0xd2 0x3 0xc1 0x3 0x25 0x0 0x3 0x77 0x79 0x77 0x80 0x4d 0x80 0x4f 0x80 0xa6 0x82 0xeb 0x7b 0x4b 0x56 0x1a 0x1a 0xbb 0x40 0x0 0x0 0x73 0xe7 0x15 0xee 0x0 0x0 0x0 0x0 0xf3 0x61 0xd7 0x7a 0x0 0xa4 0xa4 0x0 0x8 0x9f 0x5 0x0 0x0
1787978946608,0x1 0x8c 0xd 0x58 0x9d 0xb7 0x60 0x1d 0xf 0x0 0xd 0x59 0xab 0x0 0x7c 0x1a 0x70 0x1a 0x73 0x3d 0x75 0x6 0xaa 0x2 0x0 0x28 0x65 0x1 0x0 0x49 0x0 0x43 0x0 0x58 0x0 0x5a 0x0 0x6a 0x6a 0x6a 0x6a 0x6a 0x6a 0xc0 0x3 0xad 0x3 0xb7 0x3 0xae 0x3 0xc2 0x3 0xaf 0x3 0xc0 0x3 0xb0 0x3 0x24 0x0 0x3 0x7a 0x7c 0x77 0x80 0x4d 0x80 0x4f 0x80 0xa6 0x82 0xeb 0x7b 0x4b 0x56 0x1a 0x1a 0xbb 0x41 0x0 0x0 0x73 0xe7 0x15 0xee 0x0 0x0 0x0 0x0 0xec 0x76 0xd7 0x7a 0x0 0xa4 0xa4 0x0 0x8 0x9f 0x5 0x0 0x0
1787978946832,0x1 0x8c 0xd 0x58 0x9d 0xb7 0x60 0x1d 0xf 0x0 0xd 0x59 0xaf 0x0 0x9 0x1b 0xce 0x1a 0x73 0x3d 0x79 0x6 0xaa 0x2 0x0 0x28 0x65 0x1 0x0 0x99 0x0 0x97 0x0 0x57 0x0 0x5a 0x0 0x6a 0x6a 0x6a 0x6a 0x6a 0x6a 0xad 0x3 0xb6 0x3 0xaa 0x3 0xb9 0x3 0xae 0x3 0xb5 0x3 0xad 0x3 0xb9 0x3 0x24 0x0 0x3 0x73 0x7c 0x73 0x80 0x4d 0x80 0x4f 0x80 0xa6 0x82 0xeb 0x7b 0x4b 0x56 0x1a 0x1a 0xbb 0x41 0x0 0x0 0x73 0xe7 0x15 0xee 0x0 0x0 0x0 0x0 0xeb 0x76 0xd7 0x7a 0x0 0xa4 0xa4 0x0 0x8 0x9f 0x5 0x0 0x0
1787978947056,0x1 0x8a 0xd 0x57 0x9d 0xb7 0x60 0x1d 0xf 0x0 0xd 0x5a 0xaf 0x0 0x1e 0x1b 0xd3 0x1a 0x73 0x3c 0x74 0x6 0xaa 0x2 0x0 0x28 0x65 0x1 0x0 0x88 0x0 0x8e 0x0 0x58 0x0 0x5a 0x0 0x6a 0x6a 0x6a 0x6a 0x6a 0x6a 0x97 0x3 0x95 0x3 0x8f 0x3 0xa7 0x3 0x96 0x3 0xa9 0x3 0x99 0x3 0x95 0x3 0x25 0x0 0x3 0x70 0x75 0x73 0x76 0x4d 0x80 0x4f 0x80 0xa6 0x82 0xeb 0x7b 0x4b 0x56 0x1a 0x1a 0xbb 0x41 0x0 0x0 0x73 0xe7 0x15 0xee 0x0 0x0 0x0 0x0 0xeb 0x76 0xd7 0x7a 0x0 0xa4 0xa4 0x0 0x8 0xb9 0x5 0x0 0x0
1787978947279,0x1 0x8c 0xd 0x57 0x9d 0xb7 0x60 0x1d 0xf 0x0 0xd 0x57 0xaa 0x0 0x68 0x1a 0x8c 0x1a 0x73 0x3c 0x70 0x6 0xaa 0x2 0x0 0x28 0x65 0x1 0x0 0x15 0x0 0x23 0x0 0x57 0x0 0x59 0x0 0x6a 0x6a 0x6a 0x6a 0x6a 0x6a 0xa5 0x3 0x9d 0x3 0xa5 0x3 0xa7 0x3 0xa8 0x3 0xa1 0x3 0xa3 0x3 0x9d 0x3 0x25 0x0 0x3 0x78 0x7c 0x75 0x78 0x4d 0x80 0x4f 0x80 0xa6 0x82 0xeb 0x7b 0x4b 0x56 0x1a 0x1a 0xbb 0x41 0x0 0x0 0x73 0xe7 0x15 0xee 0x0 0x0 0x0 0x0 0xeb 0x76 0xd7 0x7a 0x0 0xa4 0xa4 0x0 0x8 0x9f 0x5 0x0 0x0
1787978947503,0x1 0x8b 0xd 0x57 0x9d 0xb7 0x60 0x1d 0xf 0x0 0xd 0x5a 0xad 0x0 0xba 0x1a 0xba 0x1a 0x73 0x3c 0x79 0x6 0xaa 0x2 0x0 0x28 0x65 0x1 0x0 0xd 0x0 0x10 0x0 0x54 0x0 0x57 0x0 0x6a 0x6a 0x6a 0x6a 0x6a 0x6a 0xb1 0x3 0xa9 0x3 0xb1 0x3 0xa6 0x3 0xad 0x3 0xa4 0x3 0xb1 0x3 0xaa 0x3 0x24 0x0 0x3 0x7b 0x7f 0x75 0x78 0x4d 0x80 0x4f 0x80 0xa6 0x82 0xeb 0x7b 0x4b 0x56 0x1a 0x1a 0xbb 0x41 0x0 0x0 0x73 0xe7 0x15 0xee 0x0 0x0 0x0 0x0 0xea 0x76 0xd7 0x7a 0x0 0xa4 0xa4 0x0 0x8 0xac 0x5 0x0 0x0
1787978947728,0x1 0x8c 0xd 0x57 0x9d 0xb7 0x60 0x16 0x9 0x0 0xd 0x4d 0x8d 0x0 0xe4 0x15 0x72 0x19 0x73 0x3c 0x71 0x6 0xaa 0x2 0x0 0x28 0x65 0x1 0x0 0xd 0x0 0xc 0x0 0x51 0x0 0x54 0x0 0x69 0x69 0x69 0x69 0x69 0x69 0xb2 0x3 0x97 0x3 0x8a 0x3 0x69 0x3 0xac 0x3 0xaa 0x3 0x6f 0x3 0x69 0x3 0x25 0x0 0x3 0x7e 0x82 0x75 0x78 0x4d 0x80 0x4f 0x80 0xa6 0x82 0xeb 0x7b 0x4b 0x56 0x1a 0x1a 0xbb 0x41 0x0 0x0 0x73 0xe7 0x15 0xee 0x0 0x0 0x0 0x0 0xeb 0x76 0xd7 0x7a 0x0 0xa4 0xa4 0x0 0x8 0x9f 0x5 0x0 0x0
1787978947951,0x1 0x8a 0xd 0x57 0x9d 0xb7 0x60 0x15 0x8 0x0 0xd 0x45 0x71 0x0 0x35 0x12 0x5f 0x13 0x73 0x3c 0x35 0x6 0xaa 0x2 0x0 0x28 0x65 0x1 0x0 0x18 0x0 0x24 0x0 0x4f 0x0 0x51 0x0 0x66 0x66 0x66 0x66 0x66 0x66 0x91 0x2 0x88 0x2 0x8d 0x2 0x9f 0x2 0x9c 0x2 0x94 0x2 0x8d 0x2 0x89 0x2 0x28 0x0 0x3 0x85 0x8a 0x7a 0x7d 0x4d 0x80 0x4f 0x80 0xa6 0x82 0xeb 0x7b 0x4b 0x56 0x1a 0x1a 0xbb 0x3f 0x0 0x0 0x73 0xe7 0x15 0xee 0x0 0x0 0x0 0x0 0xf2 0x52 0x91 0x75 0x0 0xa4 0xa4 0x0 0x8 0xb9 0x5 0x0 0x0
1787978948175,0x1 0x8b 0xd 0x57 0x9d 0xb7 0x60 0x15 0x8 0x0 0xd 0x44 0x72 0x0 0xaf 0x12 0xcd 0x12 0x73 0x3c 0x1a 0x6 0xaa 0x2 0x0 0x28 0x65 0x1 0x0 0x17 0x0 0x1a 0x0 0x4f 0x0 0x51 0x0 0x66 0x66 0x66 0x66 0x66 0x66 0x91 0x2 0x8d 0x2 0x90 0x2 0x8b 0x2 0x91 0x2 0x8a 0x2 0x90 0x2 0x8c 0x2 0x28 0x0 0x3 0x88 0x8c 0x7a 0x7d 0x4d 0x80 0x4f 0x80 0xa6 0x82 0xeb 0x7b 0x4b 0x56 0x1a 0x1a 0xbb 0x3e 0x0 0x0 0x73 0xe7 0x15 0xee 0x0 0x0 0x0 0x0 0xf6 0x4a 0x91 0x75 0x0 0xa4 0xa4 0x0 0x8 0xac 0x5 0x0 0x0
1787978948400,0x1 0x8c 0xd 0x57 0x9d 0xb7 0x60 0x13 0x6 0x0 0xd 0x41 0x6a 0x0 0x71 0x11 0x71 0x12 0x73 0x3c 0x14 0x6 0xaa 0x2 0x0 0x28 0x65 0x1 0x0 0x10 0x0 0x10 0x0 0x4e 0x0 0x50 0x0 0x66 0x66 0x66 0x66 0x66 0x66 0x91 0x2 0x87 0x2 0x88 0x2 0x93 0x2 0x9b 0x2 0x92 0x2 0x88 0x2 0x84 0x2 0x28 0x0 0x3 0x8a 0x8e 0x7a 0x7d 0x4d 0x80 0x4f 0x80 0xa6 0x82 0xeb 0x7b 0x4b 0x56 0x1a 0x1a 0xbb 0x3e 0x0 0x0 0x73 0xe7 0x15 0xee 0x0 0x0 0x0 0x0 0xf6 0x4a 0x91 0x75 0x0 0xa4 0xa4 0x0 0x8 0x9f 0x5 0x0 0x0
1787978948624,0x1 0x8c 0xd 0x57 0x9e 0xb7 0x60 0x13 0x6 0x0 0xd 0x40 0x66 0x0 0xe 0x11 0x30 0x11 0x73 0x3c 0xfb 0x5 0xa9 0x2 0x0 0x28 0x65 0x1 0x0 0x28 0x0 0x2d 0x0 0x4e 0x0 0x4f 0x0 0x64 0x64 0x64 0x64 0x64 0x64 0x63 0x2 0x60 0x2 0x67 0x2 0x5f 0x2 0x65 0x2 0x60 0x2 0x63 0x2 0x60 0x2 0x28 0x0 0x3 0x8c 0x90 0x7a 0x7d 0x4d 0x80 0x4f 0x80 0xa6 0x82 0xeb 0x7b 0x4b 0x56 0x1a 0x1a 0x46 0x3d 0x0 0x0 0x73 0xe7 0x15 0xee 0x0 0x0 0x0 0x0 0xf9 0x40 0x91 0x75 0x0 0xa4 0xa4 0x0 0x8 0x9f 0x5 0x0 0x0
1787978948848,0x1 0x8a 0xd 0x57 0x9e 0xb7 0x60 0x13 0x6 0x0 0xd 0x3f 0x67 0x0 0x62 0x11 0x30 0x11 0x73 0x3b 0xed 0x5 0xa9 0x2 0x0 0x28 0x65 0x1 0x0 0x9a 0x0 0x89 0x0 0x4e 0x0 0x4f 0x0 0x65 0x65 0x65 0x65 0x65 0x65 0x58 0x2 0x63 0x2 0x55 0x2 0x64 0x2 0x57 0x2 0x66 0x2 0x58 0x2 0x67 0x2 0x28 0x0 0x3 0x84 0x91 0x80 0x7d 0x4d 0x80 0x4f 0x80 0xa6 0x82 0xeb 0x7b 0x4b 0x56 0x1a 0x1a 0x46 0x3d 0x0 0x0 0x73 0xe7 0x15 0xee 0x0 0x0 0x0 0x0 0xfa 0x40 0x91 0x75 0x0 0xa4 0xa4 0x0 0x8 0xb9 0x5 0x0 0x0
1787978949072,0x1 0x8b 0xd 0x57 0x9e 0xb7 0x60 0x13 0x6 0x0 0xd 0x40 0x65 0x0 0x1a 0x11 0x24 0x11 0x73 0x3b 0xe8 0x5 0xa9 0x2 0x0 0x28 0x65 0x1 0x0 0xa5 0x0 0xa2 0x0 0x4e 0x0 0x4f 0x0 0x65 0x65 0x65 0x65 0x65 0x65 0x5b 0x2 0x6a 0x2 0x55 0x2 0x67 0x2 0x54 0x2 0x68 0x2 0x54 0x2 0x68 0x2 0x28 0x0 0x3 0x82 0x8a 0x80 0x7d 0x4d 0x80 0x4f 0x80 0xa6 0x82 0xeb 0x7b 0x4b 0x56 0x1a 0x1a 0x46 0x3d 0x0 0x0 0x73 0xe7 0x15 0xee 0x0 0x0 0x0 0x0 0xfb 0x40 0x91 0x75 0x0 0xa4 0xa4 0x0 0x8 0xac 0x5 0x0 0x0
1787978949296,0x1 0x8c 0xd 0x57 0x9e 0xb7 0x60 0x13 0x6 0x0 0xd 0x3f 0x64 0x0 0xfd 0x10 0x31 0x11 0x73 0x3b 0xe3 0x5 0xa9 0x2 0x0 0x28 0x65 0x1 0x0 0xa1 0x0 0xa7 0x0 0x4e 0x0 0x50 0x0 0x65 0x65 0x65 0x65 0x65 0x65 0x57 0x2 0x5b 0x2 0x54 0x2 0x55 0x2 0x57 0x2 0x5b 0x2 0x50 0x2 0x55 0x2 0x28 0x0 0x3 0x80 0x88 0x80 0x85 0x4d 0x80 0x4f 0x80 0xa6 0x82 0xeb 0x7b 0x4b 0x56 0x1a 0x1a 0x46 0x3d 0x0 0x0 0x73 0xe7 0x15 0xee 0x0 0x0 0x0 0x0 0xfb 0x40 0x91 0x75 0x0 0xa4 0xa4 0x0 0x8 0x9f 0x5 0x0 0x0
1787978949519,0x1 0x8c 0xd 0x57 0x9e 0xb7 0x60 0x18 0xa 0x0 0xd 0x4a 0x82 0x0 0xc4 0x15 0x6c 0x15 0x73 0x3b 0xf9 0x5 0xa9 0x2 0x0 0x28 0x65 0x1 0x0 0x9c 0x0 0xa5 0x0 0x4f 0x0 0x50 0x0 0x68 0x68 0x68 0x68 0x68 0x68 0x14 0x3 0x23 0x3 0x17 0x3 0x21 0x3 0xb 0x3 0xa 0x3 0x1c 0x3 0x21 0x3 0x27 0x0 0x3 0x7e 0x86 0x80 0x85 0x4d 0x80 0x4f 0x80 0xa6 0x82 0xeb 0x7b 0x4b 0x54 0x1a 0x1a 0x46 0x3d 0x0 0x0 0x73 0xe7 0x15 0xee 0x0 0x0 0x0 0x0 0xf7 0x5b 0x91 0x75 0x0 0xa4 0xa4 0x0 0x8 0x9f 0x5 0x0 0x0
1787978949744,0x1 0x8a 0xd 0x57 0x9e 0xb7 0x60 0x18 0xa 0x0 0xd 0x4e 0x87 0x0 0x3d 0x16 0xca 0x15 0x73 0x3a 0x12 0x6 0xa9 0x2 0x0 0x28 0x65 0x1 0x0 0xa5 0x0 0xad 0x0 0x4f 0x0 0x50 0x0 0x68 0x68 0x68 0x68 0x68 0x68 0x0 0x3 0xc 0x3 0xc 0x3 0x6 0x3 0x0 0x3 0x5 0x3 0xc 0x3 0x10 0x3 0x27 0x0 0x3 0x7b 0x83 0x80 0x85 0x4d 0x80 0x4f 0x80 0xa6 0x82 0xeb 0x7b 0x4b 0x54 0x1a 0x1a 0x46 0x3e 0x0 0x0 0x73 0xe7 0x15 0xee 0x0 0x0 0x0 0x0 0xf2 0x5c 0x91 0x75 0x0 0xa4 0xa4 0x0 0x8 0xb9 0x5 0x0 0x0
1787978949967,0x1 0x8b 0xd 0x56 0x9e 0xb7 0x60 0x1f 0x12 0x0 0xd 0x5f 0xc1 0x0 0x2c 0x1f 0xb 0x1d 0x73 0x3a 0x31 0x6 0xa9 0x2 0x0 0x28 0x65 0x1 0x0 0xa3 0x0 0xaa 0x0 0x52 0x0 0x55 0x0 0x6d 0x6d 0x6d 0x6d 0x6d 0x6d 0x16 0x4 0x22 0x4 0x2e 0x4 0xdf 0x3 0xfa 0x3 0x10 0x4 0x2e 0x4 0x34 0x4 0x24 0x0 0x3 0x79 0x80 0x80 0x85 0x4d 0x80 0x4f 0x80 0xa6 0x82 0xeb 0x7b 0x4b 0x54 0x1a 0x1a 0x46 0x40 0x0 0x0 0x73 0xe7 0x15 0xee 0x0 0x0 0x0 0x0 0xed 0x6b 0x91 0x75 0x0 0xa4 0xa4 0x0 0x8 0xac 0x5 0x0 0x0
1787978950192,0x1 0x8c 0xd 0x56 0x9e 0xb7 0x60 0x20 0x13 0x0 0xd 0x60 0xc6 0x0 0xed 0x1e 0x8 0x1f 0x73 0x3a 0x67 0x6 0xa9 0x2 0x0 0x28 0x65 0x1 0x0 0xa1 0x0 0xa8 0x0 0x58 0x0 0x5c 0x0 0x6e 0x6e 0x6e 0x6e 0x6e 0x6e 0x56 0x4 0x58 0x4 0x4c 0x4 0x5c 0x4 0x54 0x4 0x5a 0x4 0x4c 0x4 0x52 0x4 0x23 0x0 0x3 0x76 0x7d 0x80 0x85 0x4d 0x80 0x4f 0x80 0xa6 0x82 0xeb 0x7b 0x4b 0x54 0x1a 0x1a 0x46 0x42 0x0 0x0 0x73 0xe7 0x15 0xee 0x0 0x0 0x0 0x0 0xe5 0x87 0x91 0x75 0x0 0xa4 0xa4 0x0 0x8 0x9f 0x5 0x0 0x0
1787978950415,0x1 0x8c 0xd 0x56 0x9e 0xb7 0x60 0x20 0x13 0x0 0xd 0x60 0xcf 0x0 0x14 0x20 0x7b 0x1f 0x73 0x3a 0x74 0x6 0xa9 0x2 0x0 0x28 0x65 0x1 0x0 0x94 0x0 0xa3 0x0 0x59 0x0 0x5d 0x0 0x6e 0x6e 0x6e 0x6e 0x6e 0x6e 0x41 0x4 0x45 0x4 0x44 0x4 0x44 0x4 0x42 0x4 0x47 0x4 0x44 0x4 0x4a 0x4 0x23 0x0 0x3 0x73 0x7a 0x80 0x85 0x4d 0x80 0x4f 0x80 0xa6 0x82 0xeb 0x7b 0x4d 0x56 0x1a 0x1a 0x46 0x42 0x0 0x0 0x73 0xe7 0x15 0xee 0x0 0x0 0x0 0x0 0xe2 0x89 0x91 0x75 0x0 0xa4 0xa4 0x0 0x8 0x9f 0x5 0x0 0x0
1787978950639,0x1 0x8b 0xd 0x56 0x9e 0xb6 0x60 0x20 0x13 0x0 0xd 0x61 0xce 0x0 0xf6 0x1f 0xc3 0x1f 0x73 0x3a 0x72 0x6 0xa9 0x2 0x0 0x28 0x65 0x1 0x0 0x26 0x0 0x73 0x0 0x58 0x0 0x5c 0x0 0x6e 0x6e 0x6e 0x6e 0x6e 0x6e 0x60 0x4 0x39 0x4 0x5f 0x4 0x3a 0x4 0x5c 0x4 0x3c 0x4 0x61 0x4 0x3a 0x4 0x23 0x0 0x3 0x7a 0x77 0x7f 0x85 0x4d 0x80 0x4f 0x80 0xa6 0x82 0xeb 0x7b 0x4d 0x56 0x1a 0x1a 0x46 0x42 0x0 0x0 0x73 0xe7 0x15 0xee 0x0 0x0 0x0 0x0 0xe2 0x8f 0x91 0x75 0x0 0xa4 0xa4 0x0 0x8 0xac 0x5 0x0 0x0
1787978950863,0x1 0x8a 0xd 0x56 0x9e 0xb6 0x60 0x20 0x13 0x0 0xd 0x61 0xce 0x0 0xd8 0x1f 0xc6 0x1f 0x73 0x3a 0x78 0x6 0xa9 0x2 0x0 0x28 0x65 0x1 0x0 0x10 0x0 0x21 0x0 0x55 0x0 0x5b 0x0 0x6e 0x6e 0x6e 0x6e 0x6e 0x6e 0x68 0x4 0x57 0x4 0x66 0x4 0x57 0x4 0x68 0x4 0x57 0x4 0x67 0x4 0x57 0x4 0x23 0x0 0x3 0x7d 0x80 0x7f 0x84 0x4d 0x80 0x4f 0x80 0xa6 0x82 0xeb 0x7b 0x4d 0x56 0x1a 0x1a 0x46 0x42 0x0 0x0 0x73 0xe7 0x15 0xee 0x0 0x0 0x0 0x0 0xe1 0x8f 0x91 0x75 0x0 0xa4 0xa4 0x0 0x8 0xb9 0x5 0x0 0x0
1787978951087,0x1 0x8c 0xd 0x56 0x9e 0xb6 0x60 0x20 0x13 0x0 0xd 0x62 0xd0 0x0 0xa 0x20 0x3 0x20 0x73 0x3a 0x7e 0x6 0xa9 0x2 0x0 0x28 0x65 0x1 0x0 0x11 0x0 0x13 0x0 0x51 0x0 0x59 0x0 0x6e 0x6e 0x6e 0x6e 0x6e 0x6e 0x76 0x4 0x66 0x4 0x74 0x4 0x68 0x4 0x77 0x4 0x67 0x4 0x77 0x4 0x68 0x4 0x23 0x0 0x3 0x80 0x83 0x7f 0x84 0x4d 0x80 0x4f 0x80 0xa6 0x82 0xeb 0x7b 0x4d 0x56 0x1a 0x1a 0x46 0x42 0x0 0x0 0x73 0xe7 0x15 0xee 0x0 0x0 0x0 0x0 0xe0 0x95 0x91 0x75 0x0 0xa4 0xa4 0x0 0x8 0x9f 0x5 0x0 0x0
1787978951311,0x1 0x8b 0xd 0x56 0x9e 0xb6 0x60 0x20 0x13 0x0 0xd 0x61 0xd1 0x0 0x27 0x20 0x27 0x20 0x73 0x3a 0x80 0x6 0xa9 0x2 0x0 0x28 0x65 0x1 0x0 0x17 0x0 0x14 0x0 0x4d 0x0 0x57 0x0 0x6e 0x6e 0x6e 0x6e 0x6e 0x6e 0x85 0x4 0x75 0x4 0x86 0x4 0x75 0x4 0x86 0x4 0x79 0x4 0x86 0x4 0x76 0x4 0x23 0x0 0x3 0x83 0x86 0x7f 0x84 0x4d 0x80 0x4f 0x80 0xa6 0x82 0xeb 0x7b 0x4d 0x56 0x1a 0x1a 0x46 0x42 0x0 0x0 0x73 0xe7 0x15 0xee 0x0 0x0 0x0 0x0 0xe0 0x97 0x91 0x75 0x0 0xa4 0xa4 0x0 0x8 0xac 0x5 0x0 0x0
1787978951535,0x1 0x8c 0xd 0x56 0x9e 0xb6 0x60 0x20 0x13 0x0 0xd 0x62 0xd2 0x0 0x3b 0x20 0x2f 0x20 0x73 0x3a 0x84 0x6 0xa9 0x2 0x0 0x28 0x65 0x1 0x0 0x2a 0x0 0x1d 0x0 0x4c 0x0 0x56 0x0 0x6e 0x6e 0x6e 0x6e 0x6e 0x6e 0x85 0x4 0x77 0x4 0x87 0x4 0x7a 0x4 0x8d 0x4 0x7e 0x4 0x8e 0x4 0x7e 0x4 0x23 0x0 0x3 0x87 0x8a 0x7f 0x84 0x4d 0x80 0x4f 0x80 0xa6 0x82 0xeb 0x7b 0x4f 0x57 0x1a 0x1a 0x46 0x42 0x0 0x0 0x73 0xe7 0x15 0xee 0x0 0x0 0x0 0x0 0xe0 0x95 0x91 0x75 0x0 0xa4 0xa4 0x0 0x8 0x9f 0x5 0x0 0x0
1787978951759,0x1 0x8b 0xd 0x56 0x9e 0xb6 0x60 0x20 0x13 0x0 0xd 0x62 0xd5 0x0 0xc5 0x20 0xfe 0x1f 0x73 0x3a 0x80 0x6 0xa9 0x2 0x0 0x28 0x65 0x1 0x0 0x72 0x0 0x5d 0x0 0x4d 0x0 0x55 0x0 0x6e 0x6e 0x6e 0x6e 0x6e 0x6e 0x8f 0x4 0x7f 0x4 0x8b 0x4 0x7b 0x4 0x87 0x4 0x77 0x4 0x8f 0x4 0x80 0x4 0x23 0x0 0x3 0x8a 0x8d 0x7f 0x84 0x4d 0x80 0x4f 0x80 0xa6 0x82 0xeb 0x7b 0x4f 0x57 0x1a 0x1a 0x46 0x42 0x0 0x0 0x73 0xe7 0x15 0xee 0x0 0x0 0x0 0x0 0xe0 0x91 0x91 0x75 0x0 0xa4 0xa4 0x0 0x8 0xac 0x5 0x0 0x0
1787978951983,0x1 0x8c 0xd 0x56 0x9f 0xb6 0x60 0x20 0x13 0x0 0xd 0x62 0xcf 0x0 0xde 0x1f 0xe4 0x1f 0x73 0x3a 0x7f 0x6 0xa7 0x2 0x0 0x28 0x65 0x1 0x0 0x92 0x0 0x8c 0x0 0x4d 0x0 0x55 0x0 0x6e 0x6e 0x6e 0x6e 0x6e 0x6e 0x5c 0x4 0x7c 0x4 0x61 0x4 0x7a 0x4 0x60 0x4 0x79 0x4 0x5c 0x4 0x7a 0x4 0x23 0x0 0x3 0x81 0x8e 0x7d 0x84 0x4d 0x80 0x4f 0x80 0xa6 0x82 0xeb 0x7b 0x4f 0x57 0x1a 0x1a 0x46 0x42 0x0 0x0 0x73 0xe7 0x15 0xee 0x0 0x0 0x0 0x0 0xe0 0x91 0x91 0x75 0x0 0xa4 0xa4 0x0 0x8 0x9f 0x5 0x0 0x0
1787978952207,0x1 0x8c 0xd 0x56 0x9f 0xb6 0x60 0x20 0x13 0x0 0xd 0x60 0xce 0x0 0xc0 0x1f 0xd8 0x1f 0x73 0x3a 0x7d 0x6 0xa7 0x2 0x0 0x28 0x65 0x1 0x0 0x2a 0x0 0x99 0x0 0x4d 0x0 0x56 0x0 0x6e 0x6e 0x6e 0x6e 0x6e 0x6e 0x70 0x4 0x55 0x4 0x41 0x4 0x6c 0x4 0x67 0x4 0x71 0x4 0x6f 0x4 0x55 0x4 0x23 0x0 0x3 0x86 0x86 0x84 0x82 0x4d 0x80 0x4f 0x80 0xa6 0x82 0xeb 0x7b 0x4f 0x57 0x1a 0x1a 0xd0 0x41 0x0 0x0 0x73 0xe7 0x15 0xee 0x0 0x0 0x0 0x0 0xe1 0x91 0x91 0x75 0x0 0xa4 0xa4 0x0 0x8 0x9f 0x5 0x0 0x0
1787978952431,0x1 0x8c 0xd 0x56 0x9f 0xb6 0x60 0x20 0x13 0x0 0xd 0x61 0xcc 0x0 0x67 0x1f 0x4 0x20 0x73 0x3a 0x7f 0x6 0xa7 0x2 0x0 0x28 0x65 0x1 0x0 0x12 0x0 0x58 0x0 0x4b 0x0 0x56 0x0 0x6e 0x6e 0x6e 0x6e 0x6e 0x6e 0x87 0x4 0x4d 0x4 0x8c 0x4 0x5c 0x4 0x8d 0x4 0x57 0x4 0x83 0x4 0x4d 0x4 0x23 0x0 0x3 0x89 0x83 0x84 0x82 0x4d 0x80 0x4f 0x80 0xa6 0x82 0xeb 0x7b 0x4d 0x56 0x1a 0x1a 0xd0 0x41 0x0 0x0 0x73 0xe7 0x15 0xee 0x0 0x0 0x0 0x0 0xe0 0x95 0x91 0x75 0x0 0xa4 0xa4 0x0 0x8 0x9f 0x5 0x0 0x0
1787978952654,0x1 0x89 0xd 0x56 0x9f 0xb6 0x60 0x20 0x13 0x0 0xd 0x63 0xd1 0x0 0x14 0x20 0x9 0x20 0x73 0x3a 0x84 0x6 0xa7 0x2 0x0 0x28 0x65 0x1 0x0 0x1e 0x0 0x1b 0x0 0x4a 0x0 0x56 0x0 0x6e 0x6e 0x6e 0x6e 0x6e 0x6e 0x8f 0x4 0x77 0x4 0x92 0x4 0x78 0x4 0x95 0x4 0x79 0x4 0x92 0x4 0x77 0x4 0x23 0x0 0x3 0x8d 0x8d 0x84 0x88 0x4d 0x80 0x4f 0x80 0xa6 0x82 0xeb 0x7b 0x4d 0x56 0x1a 0x1a 0xd4 0x41 0x0 0x0 0x73 0xe7 0x15 0xee 0x0 0x0 0x0 0x0 0xdf 0x97 0x91 0x75 0x0 0xa4 0xa4 0x0 0x8 0xcb 0x5 0x0 0x0
1787978952877,0x1 0x8c 0xd 0x56 0x9f 0xb6 0x60 0x20 0x13 0x0 0xd 0x62 0xd2 0x0 0x4f 0x20 0x61 0x20 0x73 0x3a 0x80 0x6 0xa7 0x2 0x0 0x28 0x65 0x1 0x0 0x72 0x0 0x1f 0x0 0x4a 0x0 0x54 0x0 0x6e 0x6e 0x6e 0x6e 0x6e 0x6e 0xa6 0x4 0x90 0x4 0xad 0x4 0x94 0x4 0xa4 0x4 0x8b 0x4 0xae 0x4 0x94 0x4 0x22 0x0 0x3 0x90 0x91 0x84 0x88 0x4d 0x80 0x4f 0x80 0xa6 0x82 0xeb 0x7b 0x4d 0x56 0x1a 0x1a 0xd4 0x41 0x0 0x0 0x73 0xe7 0x15 0xee 0x0 0x0 0x0 0x0 0xe0 0x97 0x91 0x75 0x0 0xa4 0xa4 0x0 0x8 0x9f 0x5 0x0 0x0
1787978953103,0x1 0x8b 0xd 0x55 0x9f 0xb6 0x60 0x20 0x13 0x0 0xd 0x61 0xd3 0x0 0x67 0x20 0x73 0x20 0x73 0x3a 0x83 0x6 0xa7 0x2 0x0 0x28 0x65 0x1 0x0 0xa2 0x0 0x8b 0x0 0x4b 0x0 0x55 0x0 0x6e 0x6e 0x6e 0x6e 0x6e 0x6e 0x8e 0x4 0xa6 0x4 0x8a 0x4 0xa1 0x4 0x8f 0x4 0xa4 0x4 0x88 0x4 0xa1 0x4 0x23 0x0 0x3 0x87 0x93 0x87 0x88 0x4d 0x80 0x4f 0x80 0xa6 0x82 0xeb 0x7b 0x4d 0x56 0x1a 0x1a 0xd4 0x41 0x0 0x0 0x73 0xe7 0x15 0xee 0x0 0x0 0x0 0x0 0xe0 0x97 0x91 0x75 0x0 0xa4 0xa4 0x0 0x8 0xac 0x5 0x0 0x0
1787978953326,0x1 0x8c 0xd 0x55 0x9f 0xb6 0x60 0x1d 0x10 0x0 0xd 0x58 0xac 0x0 0xe2 0x1a 0xd1 0x1b 0x73 0x3a 0x66 0x6 0xa7 0x2 0x0 0x28 0x65 0x1 0x0 0xa9 0x0 0xad 0x0 0x51 0x0 0x57 0x0 0x6b 0x6b 0x6b 0x6b 0x6b 0x6b 0xd8 0x3 0xf5 0x3 0xd0 0x3 0xed 0x3 0xea 0x3 0xfd 0x3 0xcc 0x3 0xed 0x3 0x24 0x0 0x3 0x84 0x93 0x87 0x88 0x4d 0x80 0x4f 0x80 0xa6 0x82 0xeb 0x7b 0x4d 0x56 0x1a 0x1a 0xd0 0x40 0x0 0x0 0x73 0xe7 0x15 0xee 0x0 0x0 0x0 0x0 0xe3 0x7b 0x91 0x75 0x0 0xa4 0xa4 0x0 0x8 0x9f 0x5 0x0 0x0
1787978953550,0x1 0x89 0xd 0x55 0x9f 0xb6 0x60 0x1d 0x10 0x0 0xd 0x57 0xac 0x0 0x66 0x1b 0xf1 0x1a 0x73 0x3a 0x47 0x6 0xa7 0x2 0x0 0x28 0x65 0x1 0x0 0x9a 0x0 0xab 0x0 0x5a 0x0 0x5d 0x0 0x6b 0x6b 0x6b 0x6b 0x6b 0x6b 0xa5 0x3 0xb0 0x3 0xa7 0x3 0xb3 0x3 0xa9 0x3 0xb0 0x3 0xa9 0x3 0xb5 0x3 0x25 0x0 0x3 0x81 0x8a 0x87 0x8b 0x4d 0x80 0x4f 0x80 0xa6 0x82 0xeb 0x7b 0x4d 0x56 0x1a 0x1a 0xd0 0x3f 0x0 0x0 0x73 0xe7 0x15 0xee 0x0 0x0 0x0 0x0 0xe8 0x74 0x91 0x75 0x0 0xa4 0xa4 0x0 0x8 0xcb 0x5 0x0 0x0
1787978953774,0x1 0x8b 0xd 0x55 0x9f 0xb6 0x60 0x1d 0x10 0x0 0xd 0x57 0xa9 0x0 0x2 0x1b 0x3 0x1b 0x73 0x3a 0x42 0x6 0xa7 0x2 0x0 0x28 0x65 0x1 0x0 0x2e 0x0 0x9f 0x0 0x5a 0x0 0x5d 0x0 0x6b 0x6b 0x6b 0x6b 0x6b 0x6b 0xc2 0x3 0xb0 0x3 0xc5 0x3 0xaf 0x3 0xc4 0x3 0xb1 0x3 0xc4 0x3 0xae 0x3 0x25 0x0 0x3 0x87 0x87 0x87 0x8b 0x4d 0x80 0x4f 0x80 0xa6 0x82 0xeb 0x7b 0x4d 0x56 0x1a 0x1a 0xd0 0x3f 0x0 0x0 0x73 0xe7 0x15 0xee 0x0 0x0 0x0 0x0 0xe9 0x78 0x91 0x75 0x0 0xa4 0xa4 0x0 0x8 0xac 0x5 0x0 0x0
1787978953997,0x1 0x8b 0xd 0x55 0x9f 0xb6 0x60 0x1d 0x10 0x0 0xd 0x57 0xaa 0x0 0x2b 0x1b 0x37 0x1b 0x73 0x3a 0x42 0x6 0xa7 0x2 0x0 0x28 0x65 0x1 0x0 0x13 0x0 0x50 0x0 0x57 0x0 0x5d 0x0 0x6b 0x6b 0x6b 0x6b 0x6b 0x6b 0xd9 0x3 0xaf 0x3 0xda 0x3 0xab 0x3 0xd9 0x3 0xb0 0x3 0xd9 0x3 0xab 0x3 0x25 0x0 0x3 0x8a 0x84 0x87 0x8b 0x4d 0x80 0x4f 0x80 0xa6 0x82 0xeb 0x7b 0x4d 0x56 0x1a 0x1a 0xd0 0x3f 0x0 0x0 0x73 0xe7 0x15 0xee 0x0 0x0 0x0 0x0 0xe8 0x78 0x91 0x75 0x0 0xa4 0xa4 0x0 0x8 0xac 0x5 0x0 0x0
1787978954222,0x1 0x8c 0xd 0x55 0x9f 0xb6 0x60 0x1d 0x10 0x0 0xd 0x58 0xaa 0x0 0x22 0x1b 0xa 0x1b 0x73 0x3a 0x44 0x6 0xa7 0x2 0x0 0x28 0x65 0x1 0x0 0x17 0x0 0x26 0x0 0x56 0x0 0x5b 0x0 0x6b 0x6b 0x6b 0x6b 0x6b 0x6b 0xd8 0x3 0xc5 0x3 0xdb 0x3 0xc9 0x3 0xdf 0x3 0xc3 0x3 0xdf 0x3 0xca 0x3 0x25 0x0 0x3 0x8d 0x8e 0x87 0x8b 0x4d 0x80 0x4f 0x80 0xa6 0x82 0xeb 0x7b 0x4d 0x56 0x1a 0x1a 0xd0 0x3f 0x0 0x0 0x73 0xe7 0x15 0xee 0x0 0x0 0x0 0x0 0xe8 0x78 0x91 0x75 0x0 0xa4 0xa4 0x0 0x8 0x9f 0x5 0x0 0x0
1787978954446,0x1 0x8b 0xd 0x55 0x9f 0xb6 0x60 0x1d 0x10 0x0 0xd 0x58 0xac 0x0 0x7c 0x1b 0xe6 0x1a 0x73 0x3a 0x42 0x6 0xa7 0x2 0x0 0x28 0x65 0x1 0x0 0x1b 0x0 0x19 0x0 0x55 0x0 0x5a 0x0 0x6b 0x6b 0x6b 0x6b 0x6b 0x6b 0xdd 0x3 0xc6 0x3 0xdc 0x3 0xcf 0x3 0xdb 0x3 0xc7 0x3 0xe4 0x3 0xcf 0x3 0x25 0x0 0x3 0x90 0x91 0x87 0x8b 0x4d 0x80 0x4f 0x80 0xa6 0x82 0xeb 0x7b 0x4d 0x56 0x1a 0x1a 0xd0 0x3f 0x0 0x0 0x73 0xe7 0x15 0xee 0x0 0x0 0x0 0x0 0xe7 0x74 0x91 0x75 0x0 0xa4 0xa4 0x0 0x8 0xac 0x5 0x0 0x0
1787978954670,0x1 0x8b 0xd 0x55 0x9f 0xb6 0x60 0x1d 0x10 0x0 0xd 0x57 0xa6 0x0 0x8b 0x1a 0xee 0x1a 0x73 0x3a 0x41 0x6 0xa7 0x2 0x0 0x28 0x65 0x1 0x0 0x31 0x0 0x1b 0x0 0x55 0x0 0x59 0x0 0x6b 0x6b 0x6b 0x6b 0x6b 0x6b 0xef 0x3 0xd9 0x3 0xf0 0x3 0xde 0x3 0xf0 0x3 0xdc 0x3 0xf0 0x3 0xdb 0x3 0x25 0x0 0x3 0x93 0x94 0x87 0x8b 0x4d 0x80 0x4f 0x80 0xa6 0x82 0xeb 0x7b 0x4d 0x56 0x1a 0x1a 0xd0 0x3f 0x0 0x0 0x73 0xe7 0x15 0xee 0x0 0x0 0x0 0x0 0xe7 0x78 0x91 0x75 0x0 0xa4 0xa4 0x0 0x8 0xac 0x5 0x0 0x0
1787978954894,0x1 0x8c 0xd 0x55 0x9f 0xb6 0x60 0x1d 0x10 0x0 0xd 0x59 0xac 0x0 0x81 0x1b 0x2c 0x1b 0x73 0x3a 0x41 0x6 0xa7 0x2 0x0 0x28 0x65 0x1 0x0 0x8e 0x0 0x63 0x0 0x56 0x0 0x59 0x0 0x6b 0x6b 0x6b 0x6b 0x6b 0x6b 0xfa 0x3 0xe8 0x3 0xe3 0x3 0xef 0x3 0xfa 0x3 0xe6 0x3 0xe5 0x3 0xef 0x3 0x25 0x0 0x3 0x8d 0x97 0x8a 0x8b 0x4d 0x80 0x4f 0x80 0xa6 0x82 0xeb 0x7b 0x4d 0x56 0x1a 0x1a 0xd0 0x3f 0x0 0x0 0x73 0xe7 0x15 0xee 0x0 0x0 0x0 0x0 0xe7 0x71 0x91 0x75 0x0 0xa4 0xa4 0x0 0x8 0x9f 0x5 0x0 0x0
1787978955117,0x1 0x8c 0xd 0x55 0x9f 0xb7 0x60 0x1c 0xf 0x0 0xd 0x58 0xaa 0x0 0x38 0x1b 0x5d 0x1b 0x73 0x3a 0x3f 0x6 0xa7 0x2 0x0 0x28 0x65 0x1 0x0 0xa6 0x0 0xa3 0x0 0x57 0x0 0x59 0x0 0x6b 0x6b 0x6b 0x6b 0x6b 0x6b 0xe6 0x3 0xfe 0x3 0xe4 0x3 0xf9 0x3 0xe0 0x3 0xf5 0x3 0xe0 0x3 0xf8 0x3 0x25 0x0 0x3 0x8a 0x97 0x8a 0x8b 0x4d 0x80 0x4f 0x80 0xa6 0x82 0xeb 0x7b 0x4d 0x56 0x1a 0x1a 0xd0 0x3f 0x0 0x0 0x73 0xe7 0x15 0xee 0x0 0x0 0x0 0x0 0xe7 0x78 0x91 0x75 0x0 0xa4 0xa4 0x0 0x8 0x9f 0x5 0x0 0x0
1787978955341,0x1 0x8b 0xd 0x55 0x9f 0xb7 0x60 0x1a 0xe 0x0 0xd 0x51 0x94 0x0 0xef 0x17 0x32 0x18 0x73 0x3a 0x2f 0x6 0xa7 0x2 0x0 0x28 0x65 0x1 0x0 0xa5 0x0 0xae 0x0 0x59 0x0 0x5a 0x0 0x69 0x69 0x69 0x69 0x69 0x69 0x6e 0x3 0x6d 0x3 0x64 0x3 0x67 0x3 0x82 0x3 0x94 0x3 0x61 0x3 0x67 0x3 0x26 0x0 0x3 0x87 0x8f 0x8a 0x8d 0x4d 0x80 0x4f 0x80 0xa6 0x82 0xeb 0x7b 0x4d 0x56 0x1a 0x1a 0xd0 0x3e 0x0 0x0 0x73 0xe7 0x15 0xee 0x0 0x0 0x0 0x0 0xe9 0x6a 0x91 0x75 0x0 0xa4 0xa4 0x0 0x8 0xac 0x5 0x0 0x0
1787978955565,0x1 0x8b 0xd 0x55 0x9f 0xb6 0x60 0x1a 0xe 0x0 0xd 0x52 0x92 0x0 0xf9 0x17 0xfd 0x17 0x73 0x39 0x17 0x6 0xa7 0x2 0x0 0x28 0x65 0x1 0x0 0x9c 0x0 0xab 0x0 0x5a 0x0 0x5d 0x0 0x6a 0x6a 0x6a 0x6a 0x6a 0x6a 0x55 0x3 0x5a 0x3 0x52 0x3 0x58 0x3 0x57 0x3 0x5c 0x3 0x52 0x3 0x58 0x3 0x26 0x0 0x3 0x7f 0x87 0x84 0x88 0x4d 0x80 0x4f 0x80 0xa6 0x82 0xeb 0x7b 0x4d 0x56 0x1a 0x1a 0xd0 0x3d 0x0 0x0 0x73 0xe7 0x15 0xee 0x0 0x0 0x0 0x0 0xed 0x6a 0x9 0x7b 0x0 0xa4 0xa4 0x0 0x8 0xac 0x5 0x0 0x0
1787978955789,0x1 0x8c 0xd 0x55 0x9f 0xb6 0x60 0x1a 0xd 0x0 0xd 0x52 0x96 0x0 0xae 0x18 0x4e 0x18 0x73 0x39 0x14 0x6 0xa7 0x2 0x0 0x28 0x65 0x1 0x0 0x3d 0x0 0x9c 0x0 0x5a 0x0 0x5d 0x0 0x6a 0x6a 0x6a 0x6a 0x6a 0x6a 0x55 0x3 0x57 0x3 0x6a 0x3 0x5b 0x3 0x53 0x3 0x5a 0x3 0x6f 0x3 0x5b 0x3 0x26 0x0 0x3 0x85 0x85 0x86 0x88 0x4d 0x80 0x4f 0x80 0xa6 0x82 0xeb 0x7b 0x4d 0x56 0x1a 0x1a 0xd0 0x3d 0x0 0x0 0x73 0xe7 0x15 0xee 0x0 0x0 0x0 0x0 0xec 0x68 0x9 0x7b 0x0 0xa4 0xa4 0x0 0x8 0x9f 0x5 0x0 0x0
1787978956013,0x1 0x8c 0xd 0x55 0xa0 0xb7 0x60 0x1a 0xd 0x0 0xd 0x51 0x93 0x0 0x20 0x18 0x5f 0x18 0x73 0x39 0x18 0x6 0xa6 0x2 0x0 0x28 0x65 0x1 0x0 0x19 0x0 0x90 0x0 0x59 0x0 0x5d 0x0 0x6a 0x6a 0x6a 0x6a 0x6a 0x6a 0x7c 0x3 0x58 0x3 0x79 0x3 0x5c 0x3 0x7c 0x3 0x5b 0x3 0x79 0x3 0x55 0x3 0x26 0x0 0x3 0x87 0x82 0x86 0x88 0x4d 0x80 0x4f 0x80 0xa6 0x82 0xeb 0x7b 0x4d 0x56 0x1a 0x1a 0xd0 0x3d 0x0 0x0 0x73 0xe7 0x15 0xee 0x0 0x0 0x0 0x0 0xeb 0x68 0x9 0x7b 0x0 0xa4 0xa4 0x0 0x8 0x9f 0x5 0x0 0x0
1787978956237,0x1 0x8c 0xd 0x55 0xa0 0xb7 0x60 0x16 0x9 0x0 0xd 0x45 0x71 0x0 0xeb 0x12 0xa3 0x14 0x73 0x39 0xf9 0x5 0xa6 0x2 0x0 0x28 0x65 0x1 0x0 0x59 0x0 0x91 0x0 0x58 0x0 0x5d 0x0 0x68 0x68 0x68 0x68 0x68 0x68 0xef 0x2 0xbd 0x2 0x9 0x3 0xd9 0x2 0xfd 0x2 0xce 0x2 0xe7 0x2 0xbd 0x2 0x27 0x0 0x3 0x8a 0x7f 0x86 0x88 0x4d 0x80 0x4f 0x80 0xa6 0x82 0xeb 0x7b 0x4d 0x56 0x1a 0x1a 0x5a 0x3c 0x0 0x0 0x73 0xe7 0x15 0xee 0x0 0x0 0x0 0x0 0xef 0x5c 0x9 0x7b 0x0 0xa4 0xa4 0x0 0x8 0x9f 0x5 0x0 0x0
1787978956461,0x1 0x8b 0xd 0x54 0xa0 0xb6 0x60 0x16 0x9 0x0 0xd 0x45 0x74 0x0 0xc5 0x13 0xbb 0x13 0x73 0x39 0xde 0x5 0xa6 0x2 0x0 0x28 0x65 0x1 0x0 0xaf 0x0 0x9a 0x0 0x5a 0x0 0x5d 0x0 0x68 0x68 0x68 0x68 0x68 0x68 0xb9 0x2 0x9e 0x2 0xb9 0x2 0x9e 0x2 0xb8 0x2 0xa1 0x2 0xb9 0x2 0x9f 0x2 0x28 0x0 0x3 0x81 0x7d 0x84 0x88 0x4d 0x80 0x4f 0x80 0xa6 0x82 0xeb 0x7b 0x4d 0x56 0x1a 0x1a 0x5a 0x3b 0x0 0x0 0x73 0xe7 0x15 0xee 0x0 0x0 0x0 0x0 0xf2 0x4f 0x9 0x7b 0x0 0xa4 0xa4 0x0 0x8 0xac 0x5 0x0 0x0
1787978956685,0x1 0x8c 0xd 0x54 0xa0 0xb6 0x60 0x16 0x9 0x0 0xd 0x45 0x75 0x0 0x5 0x14 0x95 0x13 0x73 0x39 0xd8 0x5 0xa6 0x2 0x0 0x28 0x65 0x1 0x0 0xa9 0x0 0x47 0x0 0x5b 0x0 0x5c 0x0 0x67 0x67 0x67 0x67 0x67 0x67 0xb3 0x2 0x98 0x2 0xae 0x2 0x94 0x2 0xae 0x2 0xa9 0x2 0xb0 0x2 0xa9 0x2 0x28 0x0 0x3 0x7f 0x83 0x84 0x87 0x4d 0x80 0x4f 0x80 0xa6 0x82 0xeb 0x7b 0x4d 0x56 0x1a 0x1a 0x5a 0x3b 0x0 0x0 0x73 0xe7 0x15 0xee 0x0 0x0 0x0 0x0 0xf3 0x4e 0x9 0x7b 0x0 0xa4 0xa4 0x0 0x8 0x9f 0x5 0x0 0x0
1787978956909,0x1 0x8c 0xd 0x54 0xa0 0xb6 0x60 0x15 0x9 0x0 0xd 0x46 0x74 0x0 0xf5 0x13 0xdb 0x13 0x73 0x39 0xd0 0x5 0xa6 0x2 0x0 0x28 0x65 0x1 0x0 0x9e 0x0 0x1c 0x0 0x5a 0x0 0x5b 0x0 0x68 0x68 0x68 0x68 0x68 0x68 0xb3 0x2 0xb6 0x2 0xb5 0x2 0xb8 0x2 0xb5 0x2 0xb3 0x2 0xb5 0x2 0xb9 0x2 0x28 0x0 0x3 0x7d 0x85 0x84 0x87 0x4d 0x80 0x4f 0x80 0xa6 0x82 0xeb 0x7b 0x4d 0x56 0x1a 0x1a 0x5a 0x3b 0x0 0x0 0x73 0xe7 0x15 0xee 0x0 0x0 0x0 0x0 0xf4 0x4e 0x9 0x7b 0x0 0xa4 0xa4 0x0 0x8 0x9f 0x5 0x0 0x0
1787978957133,0x1 0x8c 0xd 0x54 0xa0 0xb7 0x60 0x15 0x9 0x0 0xd 0x45 0x74 0x0 0xf8 0x13 0xf6 0x13 0x73 0x38 0xcf 0x5 0xa6 0x2 0x0 0x28 0x65 0x1 0x0 0x9c 0x0 0x14 0x0 0x5a 0x0 0x5a 0x0 0x68 0x68 0x68 0x68 0x68 0x68 0xb4 0x2 0xc2 0x2 0xb5 0x2 0xbd 0x2 0xb3 0x2 0xc0 0x2 0xb5 0x2 0xc3 0x2 0x28 0x0 0x3 0x7b 0x87 0x84 0x87 0x4d 0x80 0x4f 0x80 0xa6 0x82 0xeb 0x7b 0x4d 0x56 0x1a 0x1a 0x5a 0x3b 0x0 0x0 0x73 0xe7 0x15 0xee 0x0 0x0 0x0 0x0 0xf3 0x4e 0x9 0x7b 0x0 0xa4 0xa4 0x0 0x8 0x9f 0x5 0x0 0x0
1787978957357,0x1 0x89 0xd 0x54 0xa0 0xb7 0x60 0x16 0x9 0x0 0xd 0x46 0x73 0x0 0xe1 0x13 0xc4 0x13 0x73 0x38 0xc9 0x5 0xa6 0x2 0x0 0x28 0x65 0x1 0x0 0x97 0x0 0x48 0x0 0x5a 0x0 0x5a 0x0 0x68 0x68 0x68 0x68 0x68 0x68 0xaa 0x2 0xbf 0x2 0xa9 0x2 0xbd 0x2 0xa6 0x2 0xc1 0x2 0xaa 0x2 0xc2 0x2 0x28 0x0 0x3 0x79 0x89 0x84 0x87 0x4d 0x80 0x4f 0x80 0xa6 0x82 0xeb 0x7b 0x4d 0x56 0x1a 0x1a 0x5a 0x3b 0x0 0x0 0x73 0xe7 0x15 0xee 0x0 0x0 0x0 0x0 0xf3 0x4e 0x9 0x7b 0x0 0xa4 0xa4 0x0 0x8 0xcb 0x5 0x0 0x0
1787978957581,0x1 0x8c 0xd 0x54 0xa0 0xb6 0x60 0x16 0x9 0x0 0xd 0x45 0x75 0x0 0x39 0x14 0x39 0x14 0x73 0x38 0xc9 0x5 0xa6 0x2 0x0 0x28 0x65 0x1 0x0 0x6e 0x0 0x9c 0x0 0x5a 0x0 0x5b 0x0 0x68 0x68 0x68 0x68 0x68 0x68 0xad 0x2 0xcf 0x2 0xb1 0x2 0xd5 0x2 0xb4 0x2 0xd6 0x2 0xb4 0x2 0xd6 0x2 0x28 0x0 0x3 0x77 0x8a 0x84 0x87 0x4d 0x80 0x4f 0x80 0xa6 0x82 0xeb 0x7b 0x4d 0x56 0x1a 0x1a 0x5a 0x3b 0x0 0x0 0x73 0xe7 0x15 0xee 0x0 0x0 0x0 0x0 0xf2 0x56 0x9 0x7b 0x0 0xa4 0xa4 0x0 0x8 0x9f 0x5 0x0 0x0
1787978957805,0x1 0x8c 0xd 0x54 0xa0 0xb6 0x60 0x16 0x9 0x0 0xd 0x45 0x70 0x0 0x6d 0x13 0xc2 0x13 0x73 0x38 0xc4 0x5 0xa6 0x2 0x0 0x28 0x65 0x1 0x0 0x28 0x0 0xa9 0x0 0x59 0x0 0x5b 0x0 0x68 0x68 0x68 0x68 0x68 0x68 0xc2 0x2 0xcd 0x2 0xbe 0x2 0xc7 0x2 0xb8 0x2 0xd3 0x2 0xb8 0x2 0xb1 0x2 0x28 0x0 0x3 0x7f 0x82 0x80 0x83 0x4d 0x80 0x4f 0x80 0xa6 0x82 0xeb 0x7b 0x4d 0x56 0x1a 0x1a 0x5a 0x3b 0x0 0x0 0x73 0xe7 0x15 0xee 0x0 0x0 0x0 0x0 0xf2 0x56 0x9 0x7b 0x0 0xa4 0xa4 0x0 0x8 0x9f 0x5 0x0 0x0
1787978958029,0x1 0x8c 0xd 0x54 0xa0 0xb6 0x60 0x16 0x9 0x0 0xd 0x46 0x75 0x0 0x64 0x14 0x58 0x14 0x73 0x38 0xbd 0x5 0xa6 0x2 0x0 0x28 0x65 0x1 0x0 0x22 0x0 0xa8 0x0 0x59 0x0 0x5b 0x0 0x69 0x69 0x69 0x69 0x69 0x69 0xd0 0x2 0xc0 0x2 0xd3 0x2 0xc1 0x2 0xd2 0x2 0xc3 0x2 0xd4 0x2 0xc1 0x2 0x28 0x0 0x3 0x81 0x80 0x80 0x83 0x4d 0x80 0x4f 0x80 0xa6 0x82 0xeb 0x7b 0x4d 0x56 0x1a 0x1a 0x5a 0x3b 0x0 0x0 0x73 0xe7 0x15 0xee 0x0 0x0 0x0 0x0 0xf3 0x56 0x9 0x7b 0x0 0xa4 0xa4 0x0 0x8 0x9f 0x5 0x0 0x0
1787978958253,0x1 0x89 0xd 0x54 0xa0 0xb6 0x60 0x16 0x9 0x0 0xd 0x46 0x75 0x0 0x64 0x14 0x50 0x14 0x73 0x37 0xbd 0x5 0xa6 0x2 0x0 0x28 0x65 0x1 0x0 0x5e 0x0 0xa2 0x0 0x59 0x0 0x5c 0x0 0x69 0x69 0x69 0x69 0x69 0x69 0xd8 0x2 0xb9 0x2 0xd4 0x2 0xbb 0x2 0xd5 0x2 0xb9 0x2 0xd8 0x2 0xb9 0x2 0x28 0x0 0x3 0x84 0x7e 0x80 0x83 0x4d 0x80 0x4f 0x80 0xa6 0x82 0xeb 0x7b 0x4d 0x56 0x1a 0x1a 0x5a 0x3b 0x0 0x0 0x73 0xe7 0x15 0xee 0x0 0x0 0x0 0x0 0xf3 0x55 0x9 0x7b 0x0 0xa4 0xa4 0x0 0x8 0xcb 0x5 0x0 0x0
1787978958477,0x1 0x8c 0xd 0x54 0xa0 0xb7 0x60 0x16 0x9 0x0 0xd 0x47 0x75 0x0 0x64 0x14 0x26 0x14 0x73 0x37 0xbd 0x5 0xa6 0x2 0x0 0x28 0x65 0x1 0x0 0xa7 0x0 0x9c 0x0 0x59 0x0 0x5c 0x0 0x69 0x69 0x69 0x69 0x69 0x69 0xc6 0x2 0xb6 0x2 0xc3 0x2 0xae 0x2 0xbb 0x2 0xad 0x2 0xbd 0x2 0xad 0x2 0x28 0x0 0x3 0x76 0x76 0x78 0x7e 0x4d 0x80 0x4f 0x80 0xa6 0x82 0xeb 0x7b 0x4f 0x58 0x1a 0x1a 0x5a 0x3a 0x0 0x0 0x73 0xe7 0x15 0xee 0x0 0x0 0x0 0x0 0xf2 0x51 0x9 0x7b 0x0 0xa4 0xa4 0x0 0x8 0x9f 0x5 0x0 0x0
1787978958701,0x1 0x8c 0xd 0x54 0xa0 0xb7 0x60 0x16 0x9 0x0 0xd 0x47 0x75 0x0 0x87 0x14 0x89 0x14 0x73 0x37 0xb3 0x5 0xa6 0x2 0x0 0x28 0x65 0x1 0x0 0xa1 0x0 0x8c 0x0 0x59 0x0 0x5c 0x0 0x69 0x69 0x69 0x69 0x69 0x69 0xbf 0x2 0xb1 0x2 0xc2 0x2 0xb5 0x2 0xc5 0x2 0xaf 0x2 0xc5 0x2 0xb5 0x2 0x28 0x0 0x3 0x74 0x74 0x78 0x7e 0x4d 0x80 0x4f 0x80 0xa6 0x82 0xeb 0x7b 0x4f 0x58 0x1a 0x1a 0x5a 0x3a 0x0 0x0 0x73 0xe7 0x15 0xee 0x0 0x0 0x0 0x0 0xf2 0x4d 0x9 0x7b 0x0 0xa4 0xa4 0x0 0x8 0x9f 0x5 0x0 0x0
1787978958924,0x1 0x8c 0xd 0x54 0xa0 0xb6 0x60 0x16 0x9 0x0 0xd 0x47 0x76 0x0 0xad 0x14 0xad 0x14 0x73 0x37 0xb5 0x5 0xa6 0x2 0x0 0x28 0x65 0x1 0x0 0x94 0x0 0x36 0x0 0x59 0x0 0x5c 0x0 0x69 0x69 0x69 0x69 0x69 0x69 0xc7 0x2 0xcb 0x2 0xc4 0x2 0xbb 0x2 0xcb 0x2 0xcf 0x2 0xc4 0x2 0xcb 0x2 0x28 0x0 0x3 0x71 0x7b 0x78 0x7c 0x4d 0x80 0x4f 0x80 0xa6 0x82 0xeb 0x7b 0x4f 0x58 0x1a 0x1a 0x5a 0x3a 0x0 0x0 0x73 0xe7 0x15 0xee 0x0 0x0 0x0 0x0 0xf1 0x47 0x9 0x7b 0x0 0xa4 0xa4 0x0 0x8 0x9f 0x5 0x0 0x0
1787978959149,0x1 0x89 0xd 0x54 0xa0 0xb6 0x60 0x16 0x9 0x0 0xd 0x46 0x75 0x0 0x92 0x14 0xc8 0x14 0x73 0x37 0xb0 0x5 0xa6 0x2 0x0 0x28 0x65 0x1 0x0 0x6d 0x0 0x1c 0x0 0x59 0x0 0x5b 0x0 0x69 0x69 0x69 0x69 0x69 0x69 0xc3 0x2 0xd6 0x2 0xc0 0x2 0xd4 0x2 0xc5 0x2 0xd9 0x2 0xc1 0x2 0xd6 0x2 0x28 0x0 0x3 0x6f 0x7d 0x78 0x7c 0x4d 0x80 0x4f 0x80 0xa6 0x82 0xeb 0x7b 0x4f 0x58 0x1a 0x1a 0x5a 0x3a 0x0 0x0 0x73 0xe7 0x15 0xee 0x0 0x0 0x0 0x0 0xf1 0x43 0x9 0x7b 0x0 0xa4 0xa4 0x0 0x8 0xcb 0x5 0x0 0x0
1787978959372,0x1 0x8b 0xd 0x54 0xa0 0xb6 0x60 0x1d 0xf 0x0 0xd 0x58 0xa8 0x0 0x61 0x1d 0xb9 0x19 0x73 0x37 0xb8 0x5 0xa6 0x2 0x0 0x28 0x65 0x1 0x0 0x1f 0x0 0x17 0x0 0x59 0x0 0x5c 0x0 0x77 0x77 0x77 0x77 0x77 0x77 0x76 0x3 0xb6 0x3 0xce 0x3 0xfc 0x3 0x12 0x4 0x35 0x4 0x2e 0x4 0x35 0x4 0x25 0x0 0x3 0x77 0x7f 0x77 0x7c 0x4d 0x80 0x4f 0x80 0xa6 0x82 0xeb 0x7b 0x4e 0x57 0x1a 0x40 0x5a 0x3b 0x0 0x0 0x73 0xe7 0x15 0xee 0x0 0x0 0x0 0x0 0xef 0x40 0x9 0x7b 0x0 0xa4 0xa4 0x0 0x8 0xac 0x5 0x0 0x0
1787978959597,0x1 0x8d 0xd 0x54 0xa0 0xb6 0x60 0x1d 0x10 0x0 0xd 0x5a 0xaf 0x0 0x57 0x1d 0x19 0x1d 0x73 0x36 0xf7 0x5 0xa6 0x2 0x0 0x28 0x65 0x1 0x0 0x81 0x0 0x91 0x0 0x59 0x0 0x5b 0x0 0x6e 0x6e 0x6e 0x6e 0x6e 0x6e 0x5c 0x4 0x5f 0x4 0x57 0x4 0x5f 0x4 0x60 0x4 0x62 0x4 0x58 0x4 0x5f 0x4 0x24 0x0 0x3 0x7a 0x82 0x77 0x7c 0x4d 0x80 0x4f 0x80 0xa6 0x82 0xeb 0x7b 0x4e 0x57 0x1a 0x40 0x5a 0x3d 0x0 0x0 0x73 0xe7 0x15 0xee 0x0 0x0 0x0 0x0 0xe5 0x4d 0x9 0x7b 0x0 0xa4 0xa4 0x0 0x8 0x93 0x5 0x0 0x0
1787978959821,0x1 0x8c 0xd 0x54 0xa0 0xb6 0x60 0xd 0x0 0x0 0xd 0x36 0x50 0x0 0x77 0xd 0x25 0x16 0x73 0x36 0xf1 0x5 0xa6 0x2 0x0 0x28 0x65 0x1 0x0 0xb0 0x0 0xb2 0x0 0x5b 0x0 0x5f 0x0 0x70 0x70 0x70 0x70 0x70 0x70 0xd0 0x2 0xca 0x2 0x8f 0x2 0x8f 0x2 0x5d 0x3 0x1c 0x3 0x75 0x2 0x8f 0x2 0x28 0x0 0x3 0x71 0x82 0x74 0x7c 0x4d 0x80 0x4f 0x80 0xa6 0x82 0xeb 0x7b 0x4e 0x57 0x40 0x40 0xb6 0x41 0x5c 0x5 0x73 0xe7 0x15 0xee 0x0 0x0 0x0 0x0 0xe5 0x38 0x9 0x7b 0x0 0xa4 0xa4 0x0 0x0 0x9f 0x5 0x0 0x0
1787978960045,0x1 0x89 0xd 0x54 0xa0 0xb6 0x60 0xd 0x0 0x0 0xd 0x33 0x4c 0x0 0xe6 0xd 0x9 0xf 0x73 0x36 0x78 0x5 0xa6 0x2 0x0 0x28 0x65 0x1 0x0 0xb0 0x0 0xb4 0x0 0x5b 0x0 0x60 0x0 0x78 0x78 0x78 0x78 0x78 0x78 0xd9 0x1 0xe0 0x1 0xdc 0x1 0xe4 0x1 0xdb 0x1 0xe3 0x1 0xd8 0x1 0xe0 0x1 0x2a 0x0 0x3 0x6f 0x7a 0x74 0x7a 0x4d 0x80 0x4f 0x80 0xa6 0x82 0xeb 0x7b 0x4e 0x57 0x40 0x40 0xb6 0x3e 0x5c 0x5 0x73 0xe7 0x15 0xee 0x0 0x0 0x0 0x0 0xf8 0x18 0x9 0x7b 0x0 0xa4 0xa4 0x0 0x0 0xcb 0x5 0x0 0x0
1787978960268,0x1 0x8a 0xd 0x54 0xa0 0xb6 0x60 0xd 0x0 0x0 0xd 0x32 0x4c 0x0 0xfd 0xe 0xa4 0xe 0x73 0x36 0x12 0x5 0xa6 0x2 0x0 0x28 0x65 0x1 0x0 0xa2 0x0 0xa7 0x0 0x5b 0x0 0x61 0x0 0x83 0x83 0x83 0x83 0x83 0x83 0xdd 0x1 0xe9 0x1 0xe0 0x1 0xeb 0x1 0xda 0x1 0xe5 0x1 0xe1 0x1 0xeb 0x1 0x2b 0x0 0x3 0x6d 0x78 0x74 0x7a 0x4d 0x80 0x4f 0x80 0xa6 0x82 0xeb 0x7b 0x4e 0x57 0x40 0x40 0xb6 0x39 0x5c 0x5 0x73 0xe7 0x15 0xee 0x0 0x0 0x0 0x0 0xff 0x13 0x9 0x7b 0x0 0xa4 0xa4 0x0 0x0 0xb9 0x5 0x0 0x0
1787978960493,0x1 0x8c 0xd 0x54 0xa0 0xb6 0x60 0xd 0x0 0x0 0xd 0x31 0x48 0x0 0x89 0xe 0x97 0xe 0x73 0x35 0xf4 0x4 0xa6 0x2 0x0 0x28 0x65 0x1 0x0 0x2a 0x0 0x4d 0x0 0x5a 0x0 0x5f 0x0 0x8b 0x8b 0x8b 0x8b 0x8b 0x8b 0xf2 0x1 0xeb 0x1 0xe2 0x1 0xec 0x1 0xf0 0x1 0xed 0x1 0xf2 0x1 0xed 0x1 0x2b 0x0 0x3 0x74 0x7e 0x73 0x7a 0x4d 0x80 0x4f 0x80 0xa6 0x82 0xeb 0x7b 0x51 0x59 0x40 0x40 0xb6 0x38 0x5c 0x5 0x73 0xe7 0x15 0xee 0x0 0x0 0x0 0x0 0xff 0x11 0x9 0x7b 0x0 0xa4 0xa4 0x0 0x0 0x9f 0x5 0x0 0x0
1787978960717,0x1 0x8c 0xd 0x54 0xa0 0xb6 0x60 0xd 0x0 0x0 0xd 0x31 0x48 0x0 0xb9 0xe 0xac 0xe 0x73 0x33 0xe4 0x4 0xa6 0x2 0x0 0x28 0x65 0x1 0x0 0xb 0x0 0x1e 0x0 0x58 0x0 0x5f 0x0 0x93 0x93 0x93 0x93 0x93 0x93 0xfd 0x1 0x4 0x2 0xfe 0x1 0xff 0x1 0xfa 0x1 0x3 0x2 0xfe 0x1 0x5 0x2 0x2b 0x0 0x3 0x75 0x7f 0x73 0x7c 0x4d 0x80 0x4f 0x80 0xa6 0x82 0xeb 0x7b 0x51 0x59 0x40 0x40 0xb6 0x38 0x5c 0x5 0x73 0xe7 0x15 0xee 0x0 0x0 0x0 0x0 0xff 0xf 0x9 0x7b 0x0 0xa4 0xa4 0x0 0x0 0x9f 0x5 0x0 0x0
1787978960940,0x1 0x8b 0xd 0x54 0xa0 0xb6 0x60 0xd 0x0 0x0 0xd 0x31 0x47 0x0 0x9 0xf 0xf9 0xe 0x73 0x32 0xb9 0x4 0xa6 0x2 0x0 0x28 0x65 0x1 0x0 0x9 0x0 0xf 0x0 0x50 0x0 0x5d 0x0 0x9c 0x9c 0x9c 0x9c 0x9c 0x9c 0xa 0x2 0x14 0x2 0xb 0x2 0x16 0x2 0xe 0x2 0x11 0x2 0xe 0x2 0x16 0x2 0x2c 0x0 0x3 0x77 0x81 0x73 0x7c 0x4d 0x80 0x4f 0x80 0xa6 0x82 0xeb 0x7b 0x51 0x59 0x40 0x40 0xb6 0x36 0x5c 0x5 0x73 0xe7 0x15 0xee 0x0 0x0 0x0 0x0 0xff 0xc 0x9 0x7b 0x0 0xa4 0xa4 0x0 0x0 0xac 0x5 0x0 0x0
1787978961164,0x1 0x89 0xd 0x54 0xa0 0xb6 0x60 0xd 0x0 0x0 0xd 0x31 0x47 0x0 0x67 0xf 0x3f 0xf 0x73 0x31 0x9c 0x4 0xa6 0x2 0x0 0x28 0x65 0x1 0x0 0xb 0x0 0xf 0x0 0x49 0x0 0x5f 0x0 0x9d 0x9d 0x9d 0x9d 0x9d 0x9d 0x19 0x2 0x22 0x2 0x1b 0x2 0x24 0x2 0x1e 0x2 0x27 0x2 0x1f 0x2 0x27 0x2 0x2d 0x0 0x3 0x79 0x83 0x73 0x7c 0x4d 0x80 0x4f 0x80 0xa6 0x82 0xeb 0x7b 0x51 0x59 0x40 0x40 0xb6 0x36 0x5c 0x5 0x73 0xe7 0x15 0xee 0x0 0x0 0x0 0x0 0xff 0xb 0x9 0x7b 0x0 0xa4 0xa4 0x0 0x0 0xcb 0x5 0x0 0x0
1787978961388,0x1 0x8b 0xd 0x54 0xa0 0xb6 0x60 0xd 0x0 0x0 0xd 0x30 0x47 0x0 0x9a 0xf 0x26 0xf 0x73 0x30 0x8d 0x4 0xa6 0x2 0x0 0x28 0x65 0x1 0x0 0xd 0x0 0x21 0x0 0x45 0x0 0x5e 0x0 0xb4 0xb4 0xb4 0xb4 0xb4 0xb4 0x22 0x2 0x2a 0x2 0x21 0x2 0x2a 0x2 0x22 0x2 0x2a 0x2 0x23 0x2 0x2a 0x2 0x2d 0x0 0x3 0x7b 0x85 0x73 0x7c 0x4d 0x80 0x4f 0x80 0xa6 0x82 0xeb 0x7b 0x52 0x5a 0x40 0x40 0x58 0x2d 0xfe 0xfc 0x73 0xe7 0x15 0xee 0x0 0x0 0x0 0x0 0xff 0x9 0x9 0x7b 0x0 0xa4 0xa4 0x0 0x4 0xac 0x5 0x0 0x0
1787978961612,0x1 0x8c 0xd 0x53 0xa1 0xb6 0x60 0xd 0x0 0x0 0xd 0x2c 0x42 0x0 0xd2 0xf 0x54 0xf 0x73 0x2f 0x2c 0x4 0xa4 0x2 0x0 0x28 0x65 0x1 0x0 0x10 0x0 0x6d 0x0 0x44 0x0 0x5d 0x0 0xb0 0xb0 0xb0 0xb0 0xb0 0xb0 0x2a 0x2 0x33 0x2 0x26 0x2 0x30 0x2 0x29 0x2 0x32 0x2 0x2b 0x2 0x33 0x2 0x2f 0x0 0x3 0x7c 0x86 0x73 0x7c 0x4d 0x80 0x4f 0x80 0xa6 0x82 0xeb 0x7b 0x52 0x5a 0x40 0x40 0xc4 0x2b 0x6a 0xfe 0x73 0xe7 0x15 0xee 0x0 0x0 0x0 0x0 0xff 0x7 0x9 0x7b 0x0 0xa4 0xa4 0x0 0x4 0x9f 0x5 0x0 0x0
1787978961836,0x1 0x8c 0xd 0x53 0xa1 0xb6 0x60 0xd 0x0 0x0 0xd 0x29 0x3c 0x0 0xd4 0xe 0x50 0xf 0x73 0x2e 0xc 0x4 0xa4 0x2 0x0 0x28 0x65 0x1 0x0 0x13 0x0 0x9b 0x0 0x44 0x0 0x5d 0x0 0xb2 0xb2 0xb2 0xb2 0xb2 0xb2 0x2f 0x2 0x37 0x2 0x2f 0x2 0x36 0x2 0x30 0x2 0x36 0x2 0x2f 0x2 0x35 0x2 0x30 0x0 0x3 0x7e 0x86 0x73 0x7c 0x4d 0x80 0x4f 0x80 0xa6 0x82 0xeb 0x7b 0x52 0x5a 0x40 0x40 0x44 0x28 0x5c 0xfc 0x73 0xe7 0x15 0xee 0x0 0x0 0x0 0x0 0xff 0x5 0x9 0x7b 0x0 0xa4 0xa4 0x0 0x4 0x9f 0x5 0x0 0x0
1787978962060,0x1 0x8a 0xd 0x53 0xa1 0xb6 0x60 0xd 0x0 0x0 0xd 0x28 0x3b 0x0 0x4 0xf 0x2f 0xf 0x73 0x2c 0xee 0x3 0xa4 0x2 0x0 0x28 0x65 0x3 0x0 0x12 0x0 0xa6 0x0 0x44 0x0 0x5f 0x0 0xb1 0xb1 0xb1 0xb1 0xb1 0xb1 0x2f 0x2 0x23 0x2 0x2e 0x2 0x22 0x2 0x2d 0x2 0x22 0x2 0x2f 0x2 0x21 0x2 0x31 0x0 0x3 0x7f 0x7e 0x73 0x7e 0x4d 0x80 0x4f 0x80 0xa6 0x82 0xeb 0x7b 0x52 0x5a 0x40 0x40 0xc0 0x26 0xd8 0xfb 0x73 0xe7 0x15 0xee 0x0 0x0 0x0 0x0 0xff 0x4 0x9 0x7b 0x0 0xa4 0xa4 0x0 0x4 0xb9 0x5 0x0 0x0
1787978962284,0x1 0x8c 0xd 0x53 0xa1 0xb6 0x60 0xd 0x0 0x0 0xd 0x27 0x3a 0x0 0x57 0xf 0x28 0xf 0x73 0x2b 0xc8 0x3 0xa4 0x2 0x0 0x28 0x65 0x3 0x0 0x16 0x0 0xa8 0x0 0x44 0x0 0x5d 0x0 0xaf 0xaf 0xaf 0xaf 0xaf 0xaf 0x32 0x2 0x22 0x2 0x35 0x2 0x25 0x2 0x38 0x2 0x26 0x2 0x39 0x2 0x26 0x2 0x31 0x0 0x3 0x81 0x7c 0x73 0x7e 0x4d 0x80 0x4f 0x80 0xa6 0x82 0xeb 0x7b 0x52 0x5a 0x40 0x40 0xd4 0x27 0xec 0xfd 0x73 0xe7 0x15 0xee 0x0 0x0 0x0 0x0 0xff 0x0 0x9 0x7b 0x0 0xa4 0xa4 0x0 0x4 0x9f 0x5 0x0 0x0
1787978962507,0x1 0x8c 0xd 0x53 0xa1 0xb6 0x60 0xd 0x0 0x0 0xd 0x26 0x38 0x0 0xdf 0xe 0x34 0xf 0x73 0x2a 0xc4 0x3 0xa4 0x2 0x0 0x28 0x65 0x3 0x0 0x56 0x0 0xa4 0x0 0x44 0x0 0x5d 0x0 0xb0 0xb0 0xb0 0xb0 0xb0 0xb0 0x40 0x2 0x26 0x2 0x3d 0x2 0x25 0x2 0x3d 0x2 0x29 0x2 0x3d 0x2 0x25 0x2 0x31 0x0 0x3 0x82 0x7b 0x73 0x7e 0x4d 0x80 0x4f 0x80 0xa6 0x82 0xeb 0x7b 0x52 0x58 0x40 0x40 0xca 0x26 0xe2 0xfc 0x73 0xe7 0x15 0xee 0x0 0x0 0x0 0x0 0xff 0x0 0x9 0x7b 0x0 0xa4 0xa4 0x0 0x4 0x9f 0x5 0x0 0x0
1787978962732,0x1 0x8c 0xd 0x53 0xa1 0xb6 0x60 0xd 0x0 0x0 0xd 0x28 0x39 0x0 0xb4 0xd 0xd3 0xe 0x73 0x28 0x29 0x4 0xa4 0x2 0x0 0x28 0x65 0x3 0x0 0x9c 0x0 0x9f 0x0 0x45 0x0 0x5d 0x0 0xb3 0xb3 0xb3 0xb3 0xb3 0xb3 0x20 0x2 0x15 0x2 0x1c 0x2 0xf 0x2 0x23 0x2 0x16 0x2 0x1a 0x2 0xf 0x2 0x2f 0x0 0x3 0x7a 0x7a 0x77 0x7e 0x4d 0x80 0x4f 0x80 0xa6 0x82 0xeb 0x7b 0x52 0x58 0x40 0x40 0xb6 0x27 0xce 0xfa 0x73 0xe7 0x15 0xee 0x0 0x0 0x0 0x0 0xff 0x0 0x9 0x7b 0x0 0xa4 0xa4 0x0 0x4 0x9f 0x5 0x0 0x0
1787978962956,0x1 0x8a 0xd 0x53 0xa1 0xb6 0x60 0xd 0x0 0x0 0xd 0x27 0x39 0x0 0xd 0xd 0x1c 0xe 0x73 0x26 0x5e 0x4 0xa4 0x2 0x0 0x28 0x65 0x3 0x0 0xa6 0x0 0x6b 0x0 0x45 0x0 0x5c 0x0 0xb4 0xb4 0xb4 0xb4 0xb4 0xb4 0x9 0x2 0xfc 0x1 0x5 0x2 0xf9 0x1 0xd 0x2 0x0 0x2 0x3 0x2 0xf9 0x1 0x2e 0x0 0x3 0x79 0x79 0x77 0x7e 0x4d 0x80 0x4f 0x80 0xa6 0x82 0xeb 0x7b 0x52 0x58 0x40 0x40 0xa2 0x26 0xba 0xf8 0x73 0xe7 0x15 0xee 0x0 0x0 0x0 0x0 0xff 0x0 0x9 0x7b 0x0 0xa4 0xa4 0x0 0x4 0xb9 0x5 0x0 0x0
1787978963180,0x1 0x8a 0xd 0x53 0xa1 0xb6 0x60 0xd 0x0 0x0 0xd 0x27 0x3a 0x0 0x80 0xd 0xc1 0xd 0x73 0x25 0x4c 0x4 0xa4 0x2 0x0 0x28 0x65 0x1 0x0 0x9e 0x0 0x28 0x0 0x45 0x0 0x5e 0x0 0xb4 0xb4 0xb4 0xb4 0xb4 0xb4 0xf9 0x1 0xff 0x1 0xf8 0x1 0xfe 0x1 0xf7 0x1 0x0 0x2 0xf7 0x1 0xff 0x1 0x2e 0x0 0x3 0x77 0x81 0x77 0x80 0x4d 0x80 0x4f 0x80 0xa6 0x82 0xeb 0x7b 0x52 0x58 0x40 0x40 0xb6 0x28 0xce 0xfa 0x73 0xe7 0x15 0xee 0x0 0x0 0x0 0x0 0xff 0x0 0x9 0x7b 0x0 0xa4 0xa4 0x0 0x4 0xb9 0x5 0x0 0x0
1787978963404,0x1 0x8c 0xd 0x53 0xa1 0xb6 0x60 0xd 0x0 0x0 0xd 0x28 0x3b 0x0 0x55 0xe 0xda 0xd 0x73 0x23 0x1e 0x4 0xa4 0x2 0x0 0x28 0x65 0x1 0x0 0x9f 0x0 0x29 0x0 0x45 0x0 0x5c 0x0 0xb1 0xb1 0xb1 0xb1 0xb1 0xb1 0xf5 0x1 0x1 0x2 0xf7 0x1 0x4 0x2 0xf9 0x1 0x0 0x2 0xf9 0x1 0x5 0x2 0x30 0x0 0x3 0x76 0x83 0x77 0x80 0x4d 0x80 0x4f 0x80 0xa6 0x82 0xeb 0x7b 0x52 0x58 0x40 0x40 0xc0 0x28 0xd8 0xfb 0x73 0xe7 0x15 0xee 0x0 0x0 0x0 0x0 0xff 0x0 0x9 0x7b 0x0 0xa4 0xa4 0x0 0x4 0x9f 0x5 0x0 0x0
1787978963627,0x1 0x8c 0xd 0x53 0xa1 0xb6 0x60 0xd 0x0 0x0 0xd 0x28 0x3c 0x0 0x31 0xf 0x35 0xe 0x73 0x22 0xf3 0x3 0xa4 0x2 0x0 0x28 0x65 0x1 0x0 0x9d 0x0 0x9f 0x0 0x45 0x0 0x5c 0x0 0xaf 0xaf 0xaf 0xaf 0xaf 0xaf 0xfd 0x1 0xe 0x2 0xff 0x1 0x10 0x2 0xfc 0x1 0xc 0x2 0x0 0x2 0x10 0x2 0x31 0x0 0x3 0x75 0x83 0x77 0x80 0x4d 0x80 0x4f 0x80 0xa6 0x82 0xeb 0x7b 0x52 0x58 0x40 0x40 0xca 0x27 0xe2 0xfc 0x73 0xe7 0x15 0xee 0x0 0x0 0x0 0x0 0xff 0x0 0x9 0x7b 0x0 0xa4 0xa4 0x0 0x4 0x9f 0x5 0x0 0x0
1787978963851,0x1 0x89 0xd 0x53 0xa1 0xb6 0x60 0xd 0x0 0x0 0xd 0x28 0x3b 0x0 0x8a 0xf 0xad 0xe 0x73 0x20 0xcc 0x3 0xa4 0x2 0x0 0x28 0x65 0x1 0x0 0x6f 0x0 0xa6 0x0 0x45 0x0 0x5c 0x0 0xae 0xae 0xae 0xae 0xae 0xae 0xc 0x2 0x11 0x2 0xe 0x2 0x15 0x2 0x8 0x2 0x1c 0x2 0x11 0x2 0x15 0x2 0x31 0x0 0x3 0x73 0x7b 0x77 0x7e 0x4d 0x80 0x4f 0x80 0xa6 0x82 0xeb 0x7b 0x52 0x58 0x40 0x40 0xd4 0x27 0xec 0xfd 0x73 0xe7 0x15 0xee 0x0 0x0 0x0 0x0 0xff 0x0 0x9 0x7b 0x0 0xa4 0xa4 0x0 0x4 0xcb 0x5 0x0 0x0
1787978964075,0x1 0x8a 0xd 0x53 0xa1 0xb6 0x60 0xd 0x0 0x0 0xd 0x27 0x3a 0x0 0xd9 0xf 0x1f 0xf 0x73 0x1e 0xa9 0x3 0xa4 0x2 0x0 0x28 0x65 0x1 0x0 0x28 0x0 0xa5 0x0 0x45 0x0 0x5e 0x0 0xae 0xae 0xae 0xae 0xae 0xae 0x33 0x2 0x28 0x2 0x29 0x2 0x21 0x2 0x30 0x2 0x24 0x2 0x36 0x2 0x28 0x2 0x32 0x0 0x3 0x7c 0x7a 0x7b 0x7e 0x4d 0x80 0x4f 0x80 0xa6 0x82 0xeb 0x7b 0x52 0x58 0x40 0x40 0xd4 0x26 0xec 0xfd 0x73 0xe7 0x15 0xee 0x0 0x0 0x0 0x0 0xff 0x0 0x9 0x7b 0x0 0xa4 0xa4 0x0 0x4 0xb9 0x5 0x0 0x0
1787978964299,0x1 0x8c 0xd 0x53 0xa1 0xb6 0x60 0xd 0x0 0x0 0xd 0x26 0x38 0x0 0x12 0x10 0x85 0xf 0x73 0x1c 0x7c 0x3 0xa4 0x2 0x0 0x28 0x65 0x1 0x0 0x19 0x0 0xa2 0x0 0x45 0x0 0x5c 0x0 0xad 0xad 0xad 0xad 0xad 0xad 0x50 0x2 0x31 0x2 0x42 0x2 0x34 0x2 0x49 0x2 0x3a 0x2 0x50 0x2 0x3b 0x2 0x33 0x0 0x3 0x7d 0x79 0x7b 0x7e 0x4d 0x80 0x4f 0x80 0xa6 0x82 0xeb 0x7b 0x52 0x58 0x40 0x40 0xde 0x26 0xf6 0xfe 0x73 0xe7 0x15 0xee 0x0 0x0 0x0 0x0 0xff 0x0 0x9 0x7b 0x0 0xa4 0xa4 0x0 0x4 0x9f 0x5 0x0 0x0
1787978964523,0x1 0x8c 0xd 0x53 0xa1 0xb6 0x60 0xd 0x0 0x0 0xd 0x28 0x3a 0x0 0xe9 0x10 0xdc 0xf 0x73 0x1b 0x6e 0x3 0xa4 0x2 0x0 0x28 0x65 0x1 0x0 0x2f 0x0 0x9f 0x0 0x45 0x0 0x5c 0x0 0xad 0xad 0xad 0xad 0xad 0xad 0x57 0x2 0x40 0x2 0x5c 0x2 0x45 0x2 0x57 0x2 0x41 0x2 0x5f 0x2 0x45 0x2 0x33 0x0 0x3 0x7e 0x77 0x7b 0x7e 0x4d 0x80 0x4f 0x80 0xa6 0x82 0xeb 0x7b 0x53 0x59 0x40 0x40 0xde 0x26 0xf6 0xfe 0x73 0xe7 0x15 0xee 0x0 0x0 0x0 0x0 0xff 0x0 0x9 0x7b 0x0 0xa4 0xa4 0x0 0x4 0x9f 0x5 0x0 0x0
1787978964747,0x1 0x8b 0xd 0x53 0xa1 0xb6 0x60 0xd 0x0 0x0 0xd 0x27 0x39 0x0 0xc 0x11 0x43 0x10 0x73 0x19 0x58 0x3 0xa4 0x2 0x0 0x28 0x65 0x3 0x0 0x93 0x0 0x96 0x0 0x45 0x0 0x5c 0x0 0xab 0xab 0xab 0xab 0xab 0xab 0x63 0x2 0x56 0x2 0x68 0x2 0x4d 0x2 0x6c 0x2 0x51 0x2 0x64 0x2 0x56 0x2 0x33 0x0 0x3 0x77 0x76 0x79 0x7e 0x4d 0x80 0x4f 0x80 0xa6 0x82 0xeb 0x7b 0x53 0x59 0x40 0x40 0xde 0x26 0xf6 0xfe 0x73 0xe7 0x15 0xee 0x0 0x0 0x0 0x0 0xff 0x0 0x9 0x7b 0x0 0xa4 0xa4 0x0 0x4 0xac 0x5 0x0 0x0
1787978964971,0x1 0x8a 0xd 0x53 0xa1 0xb6 0x60 0xd 0x0 0x0 0xd 0x26 0x38 0x0 0x30 0x11 0xb0 0x10 0x73 0x18 0x42 0x3 0xa4 0x2 0x0 0x28 0x65 0x3 0x0 0xa0 0x0 0x3a 0x0 0x45 0x0 0x5f 0x0 0xac 0xac 0xac 0xac 0xac 0xac 0x6d 0x2 0x60 0x2 0x72 0x2 0x66 0x2 0x74 0x2 0x77 0x2 0x73 0x2 0x77 0x2 0x33 0x0 0x3 0x75 0x7d 0x79 0x7c 0x4d 0x80 0x4f 0x80 0xa6 0x82 0xeb 0x7b 0x53 0x59 0x40 0x40 0xde 0x26 0xf6 0xfe 0x73 0xe7 0x15 0xee 0x0 0x0 0x0 0x0 0xff 0x0 0x9 0x7b 0x0 0xa4 0xa4 0x0 0x4 0xb9 0x5 0x0 0x0
1787978965195,0x1 0x8c 0xd 0x53 0xa1 0xb6 0x60 0xd 0x0 0x0 0xd 0x26 0x38 0x0 0x6c 0x10 0xcb 0x10 0x73 0x16 0x69 0x3 0xa4 0x2 0x0 0x28 0x65 0x3 0x0 0x95 0x0 0x18 0x0 0x45 0x0 0x5c 0x0 0xae 0xae 0xae 0xae 0xae 0xae 0x70 0x2 0x74 0x2 0x69 0x2 0x7c 0x2 0x74 0x2 0x7a 0x2 0x69 0x2 0x73 0x2 0x33 0x0 0x3 0x74 0x7e 0x79 0x7c 0x4d 0x80 0x4f 0x80 0xa6 0x82 0xeb 0x7b 0x53 0x59 0x40 0x40 0xd4 0x25 0xec 0xfd 0x73 0xe7 0x15 0xee 0x0 0x0 0x0 0x0 0xff 0x0 0x9 0x7b 0x0 0xa4 0xa4 0x0 0x4 0x9f 0x5 0x0 0x0
1787978965419,0x1 0x8b 0xd 0x53 0xa1 0xb6 0x60 0xd 0x0 0x0 0xd 0x26 0x38 0x0 0xaf 0xf 0x61 0x10 0x73 0x15 0x92 0x3 0xa4 0x2 0x0 0x28 0x65 0x3 0x0 0x3b 0x0 0x12 0x0 0x45 0x0 0x5c 0x0 0xaf 0xaf 0xaf 0xaf 0xaf 0xaf 0x5e 0x2 0x62 0x2 0x54 0x2 0x60 0x2 0x50 0x2 0x5c 0x2 0x5e 0x2 0x5c 0x2 0x33 0x0 0x3 0x7b 0x80 0x79 0x7c 0x4d 0x80 0x4f 0x80 0xa6 0x82 0xeb 0x7b 0x55 0x5b 0x40 0x40 0xd4 0x25 0xec 0xfd 0x73 0xe7 0x15 0xee 0x0 0x0 0x0 0x0 0xff 0x0 0x9 0x7b 0x0 0xa4 0xa4 0x0 0x4 0xac 0x5 0x0 0x0
1787978965642,0x1 0x8b 0xd 0x53 0xa1 0xb6 0x60 0xd 0x0 0x0 0xd 0x26 0x38 0x0 0x80 0xf 0x6 0x10 0x73 0x13 0x9d 0x3 0xa4 0x2 0x0 0x28 0x65 0x3 0x0 0x1e 0x0 0x18 0x0 0x46 0x0 0x5c 0x0 0xaf 0xaf 0xaf 0xaf 0xaf 0xaf 0x59 0x2 0x53 0x2 0x55 0x2 0x52 0x2 0x54 0x2 0x52 0x2 0x54 0x2 0x52 0x2 0x33 0x0 0x3 0x7c 0x81 0x79 0x7c 0x4d 0x80 0x4f 0x80 0xa6 0x82 0xeb 0x7b 0x55 0x5b 0x40 0x40 0xca 0x24 0xe2 0xfc 0x73 0xe7 0x15 0xee 0x0 0x0 0x0 0x0 0xff 0x0 0x9 0x7b 0x0 0xa4 0xa4 0x0 0x4 0xac 0x5 0x0 0x0
1787978965866,0x1 0x89 0xd 0x53 0xa1 0xb6 0x60 0xd 0x0 0x0 0xd 0x25 0x38 0x0 0xb4 0xf 0xbe 0xf 0x73 0x12 0x91 0x3 0xa4 0x2 0x0 0x28 0x65 0x1 0x0 0x19 0x0 0x46 0x0 0x46 0x0 0x5e 0x0 0xae 0xae 0xae 0xae 0xae 0xae 0x4d 0x2 0x4b 0x2 0x50 0x2 0x4e 0x2 0x51 0x2 0x4c 0x2 0x51 0x2 0x4e 0x2 0x33 0x0 0x3 0x7e 0x82 0x79 0x7c 0x4d 0x80 0x4f 0x80 0xa6 0x82 0xeb 0x7b 0x55 0x5b 0x40 0x40 0xd4 0x25 0xec 0xfd 0x73 0xe7 0x15 0xee 0x0 0x0 0x0 0x0 0xff 0x0 0x9 0x7b 0x0 0xa4 0xa4 0x0 0x4 0xcb 0x5 0x0 0x0
1787978966090,0x1 0x8c 0xd 0x53 0xa1 0xb6 0x60 0xd 0x0 0x0 0xd 0x25 0x38 0x0 0x54 0x10 0xe6 0xf 0x73 0x11 0x6e 0x3 0xa4 0x2 0x0 0x28 0x65 0x1 0x0 0x27 0x0 0x80 0x0 0x46 0x0 0x5c 0x0 0xac 0xac 0xac 0xac 0xac 0xac 0x60 0x2 0x60 0x2 0x59 0x2 0x5a 0x2 0x5e 0x2 0x5b 0x2 0x64 0x2 0x60 0x2 0x33 0x0 0x3 0x7f 0x83 0x79 0x7c 0x4d 0x80 0x4f 0x80 0xa6 0x82 0xeb 0x7b 0x55 0x5b 0x40 0x40 0xde 0x26 0xf6 0xfe 0x73 0xe7 0x15 0xee 0x0 0x0 0x0 0x0 0xff 0x0 0x9 0x7b 0x0 0xa4 0xa4 0x0 0x4 0x9f 0x5 0x0 0x0
1787978966314,0x1 0x8c 0xd 0x53 0xa1 0xb6 0x60 0xd 0x0 0x0 0xd 0x27 0x39 0x0 0x40 0x11 0x24 0x10 0x73 0x10 0x4e 0x3 0xa4 0x2 0x0 0x28 0x65 0x1 0x0 0x75 0x0 0x9d 0x0 0x46 0x0 0x5c 0x0 0xaa 0xaa 0xaa 0xaa 0xaa 0xaa 0x6d 0x2 0x69 0x2 0x70 0x2 0x5c 0x2 0x76 0x2 0x67 0x2 0x76 0x2 0x5f 0x2 0x33 0x0 0x3 0x80 0x7b 0x79 0x7c 0x4d 0x80 0x4f 0x80 0xa6 0x82 0xeb 0x7b 0x55 0x5b 0x40 0x40 0xe8 0x27 0x0 0x0 0x73 0xe7 0x15 0xee 0x0 0x0 0x0 0x0 0xfd 0x0 0x9 0x7b 0x0 0xa4 0xa4 0x0 0x4 0x9f 0x5 0x0 0x0
1787978966538,0x1 0x8b 0xd 0x53 0xa1 0xb6 0x60 0xd 0x0 0x0 0xd 0x26 0x38 0x0 0xad 0x11 0xa8 0x10 0x73 0xf 0x2b 0x3 0xa4 0x2 0x0 0x28 0x65 0x1 0x0 0x99 0x0 0x9e 0x0 0x46 0x0 0x5d 0x0 0xa9 0xa9 0xa9 0xa9 0xa9 0xa9 0x7c 0x2 0x77 0x2 0x6e 0x2 0x6d 0x2 0x77 0x2 0x73 0x2 0x7d 0x2 0x77 0x2 0x33 0x0 0x3 0x77 0x7a 0x7a 0x7c 0x4d 0x80 0x4f 0x80 0xa6 0x82 0xeb 0x7b 0x54 0x5a 0x40 0x40 0xe8 0x27 0x0 0x0 0x73 0xe7 0x15 0xee 0x0 0x0 0x0 0x0 0xf3 0x0 0x9 0x7b 0x0 0xa4 0xa4 0x0 0x4 0xac 0x5 0x0 0x0
1787978966762,0x1 0x89 0xd 0x53 0xa1 0xb6 0x60 0xd 0x0 0x0 0xd 0x26 0x38 0x0 0xd7 0x12 0x77 0x11 0x73 0xd 0xf9 0x2 0xa4 0x2 0x0 0x28 0x65 0x1 0x0 0x93 0x0 0x82 0x0 0x47 0x0 0x5f 0x0 0xa1 0xa1 0xa1 0xa1 0xa1 0xa1 0x91 0x2 0x8d 0x2 0x98 0x2 0x97 0x2 0xa1 0x2 0x85 0x2 0xa1 0x2 0x99 0x2 0x33 0x0 0x3 0x76 0x78 0x7a 0x7c 0x4d 0x80 0x4f 0x80 0xa6 0x82 0xeb 0x7b 0x54 0x5a 0x40 0x40 0xe8 0x27 0x0 0x0 0x73 0xe7 0x15 0xee 0x0 0x0 0x0 0x0 0xeb 0x0 0x9 0x7b 0x0 0xa4 0xa4 0x0 0x4 0xcb 0x5 0x0 0x0
1787978966986,0x1 0x8b 0xd 0x53 0xa1 0xb6 0x60 0xd 0x0 0x0 0xd 0x26 0x39 0x0 0xaa 0x13 0x43 0x12 0x73 0xc 0xe6 0x2 0xa4 0x2 0x0 0x28 0x65 0x3 0x0 0x3a 0x0 0x27 0x0 0x47 0x0 0x5c 0x0 0xa0 0xa0 0xa0 0xa0 0xa0 0xa0 0xca 0x2 0xc6 0x2 0xaa 0x2 0xb9 0x2 0xb0 0x2 0xbf 0x2 0xcd 0x2 0xc6 0x2 0x33 0x0 0x3 0x7d 0x80 0x7b 0x7d 0x4d 0x80 0x4f 0x80 0xa6 0x82 0xeb 0x7b 0x54 0x5a 0x40 0x40 0xe8 0x27 0x0 0x0 0x73 0xe7 0x15 0xee 0x0 0x0 0x0 0x0 0xd9 0x0 0x9 0x7b 0x0 0xa4 0xa4 0x0 0x4 0xac 0x5 0x0 0x0
1787978967209,0x1 0x8b 0xd 0x53 0xa1 0xb6 0x60 0xd 0x0 0x0 0xd 0x27 0x39 0x0 0xb3 0x14 0xdb 0x12 0x73 0xb 0xc1 0x2 0xa4 0x2 0x0 0x28 0x65 0x3 0x0 0x1d 0x0 0x16 0x0 0x47 0x0 0x5c 0x0 0xa4 0xa4 0xa4 0xa4 0xa4 0xa4 0xdc 0x2 0xd7 0x2 0xe1 0x2 0xe2 0x2 0xd7 0x2 0xd2 0x2 0xe8 0x2 0xe2 0x2 0x32 0x0 0x3 0x7e 0x81 0x7b 0x7d 0x4d 0x80 0x4f 0x80 0xa6 0x82 0xeb 0x7b 0x54 0x5a 0x40 0x40 0xe8 0x27 0x0 0x0 0x73 0xe7 0x15 0xee 0x0 0x0 0x0 0x0 0xcf 0x0 0x9 0x7b 0x0 0xa4 0xa4 0x0 0x4 0xac 0x5 0x0 0x0
1787978967434,0x1 0x8b 0xd 0x53 0xa1 0xb6 0x60 0xd 0x0 0x0 0xd 0x27 0x38 0x0 0xd 0x14 0x5d 0x13 0x73 0xa 0xcb 0x2 0xa4 0x2 0x0 0x28 0x65 0x3 0x0 0x17 0x0 0x13 0x0 0x47 0x0 0x5b 0x0 0xa6 0xa6 0xa6 0xa6 0xa6 0xa6 0xf1 0x2 0xee 0x2 0xf6 0x2 0xf2 0x2 0xf9 0x2 0xf2 0x2 0xf8 0x2 0xf2 0x2 0x32 0x0 0x3 0x80 0x83 0x7b 0x7d 0x4d 0x80 0x4f 0x80 0xa6 0x82 0xeb 0x7b 0x57 0x5d 0x40 0x40 0xe8 0x27 0x0 0x0 0x73 0xe7 0x15 0xee 0x0 0x0 0x0 0x0 0xd8 0x0 0x9 0x7b 0x0 0xa4 0xa4 0x0 0x4 0xac 0x5 0x0 0x0
1787978967657,0x1 0x89 0xd 0x53 0xa1 0xb6 0x60 0xd 0x0 0x0 0xd 0x26 0x38 0x0 0x59 0x13 0x6d 0x13 0x73 0x9 0xe5 0x2 0xa4 0x2 0x0 0x28 0x65 0x3 0x0 0x14 0x0 0x11 0x0 0x48 0x0 0x5a 0x0 0xa8 0xa8 0xa8 0xa8 0xa8 0xa8 0xf8 0x2 0xf2 0x2 0xf8 0x2 0xf4 0x2 0xfb 0x2 0xf4 0x2 0xf7 0x2 0xf2 0x2 0x32 0x0 0x3 0x81 0x84 0x7b 0x7d 0x4d 0x80 0x4f 0x80 0xa6 0x82 0xeb 0x7b 0x57 0x5d 0x40 0x40 0xe8 0x27 0x0 0x0 0x73 0xe7 0x15 0xee 0x0 0x0 0x0 0x0 0xdc 0x0 0x9 0x7b 0x0 0xa4 0xa4 0x0 0x4 0xcb 0x5 0x0 0x0
1787978967881,0x1 0x8c 0xd 0x53 0xa1 0xb6 0x60 0xd 0x0 0x0 0xd 0x27 0x38 0x0 0xf7 0x12 0x42 0x13 0x73 0x8 0xf4 0x2 0xa4 0x2 0x0 0x28 0x65 0x3 0x0 0x11 0x0 0xf 0x0 0x48 0x0 0x59 0x0 0xa8 0xa8 0xa8 0xa8 0xa8 0xa8 0xf2 0x2 0xea 0x2 0xf1 0x2 0xec 0x2 0xf7 0x2 0xee 0x2 0xf2 0x2 0xec 0x2 0x32 0x0 0x3 0x82 0x85 0x7b 0x7d 0x4d 0x80 0x4f 0x80 0xa6 0x82 0xeb 0x7b 0x57 0x5d 0x40 0x40 0xe8 0x27 0x0 0x0 0x73 0xe7 0x15 0xee 0x0 0x0 0x0 0x0 0xe2 0x0 0x9 0x7b 0x0 0xa4 0xa4 0x0 0x4 0x9f 0x5 0x0 0x0
1787978968106,0x1 0x8b 0xd 0x53 0xa1 0xb6 0x60 0xd 0x0 0x0 0xd 0x25 0x37 0x0 0xb9 0x12 0xee 0x12 0x73 0x7 0xf0 0x2 0xa4 0x2 0x0 0x28 0x65 0x1 0x0 0x10 0x0 0x10 0x0 0x48 0x0 0x57 0x0 0xa8 0xa8 0xa8 0xa8 0xa8 0xa8 0xed 0x2 0xe4 0x2 0xea 0x2 0xe5 0x2 0xec 0x2 0xe5 0x2 0xed 0x2 0xe7 0x2 0x32 0x0 0x3 0x84 0x87 0x7b 0x7d 0x4d 0x80 0x4f 0x80 0xa6 0x82 0xeb 0x7b 0x57 0x5d 0x40 0x40 0xe8 0x27 0x0 0x0 0x73 0xe7 0x15 0xee 0x0 0x0 0x0 0x0 0xc2 0x0 0x9 0x7b 0x0 0xa4 0xa4 0x0 0x4 0xac 0x5 0x0 0x0
1787978968330,0x1 0x8b 0xd 0x53 0xa1 0xb6 0x60 0xd 0x0 0x0 0xd 0x25 0x38 0x0 0x31 0x14 0x17 0x13 0x73 0x6 0xc6 0x2 0xa4 0x2 0x0 0x28 0x65 0x1 0x0 0x12 0x0 0x11 0x0 0x48 0x0 0x56 0x0 0xa5 0xa5 0xa5 0xa5 0xa5 0xa5 0xf8 0x2 0xf5 0x2 0xfe 0x2 0xec 0x2 0xf5 0x2 0xf0 0x2 0xfe 0x2 0xf8 0x2 0x32 0x0 0x3 0x85 0x88 0x7b 0x7d 0x4d 0x80 0x4f 0x80 0xa6 0x82 0xeb 0x7b 0x57 0x5d 0x40 0x40 0xe8 0x27 0x0 0x0 0x73 0xe7 0x15 0xee 0x0 0x0 0x0 0x0 0xb1 0x0 0x9 0x7b 0x0 0xa4 0xa4 0x0 0x4 0xac 0x5 0x0 0x0
1787978968554,0x1 0x88 0xd 0x53 0xa1 0xb6 0x60 0xd 0x0 0x0 0xd 0x26 0x39 0x0 0x36 0x15 0x9d 0x13 0x73 0x5 0xb0 0x2 0xa4 0x2 0x0 0x28 0x65 0x1 0x0 0x25 0x0 0x25 0x0 0x48 0x0 0x57 0x0 0xa2 0xa2 0xa2 0xa2 0xa2 0xa2 0x7 0x3 0x4 0x3 0xe 0x3 0xd 0x3 0x16 0x3 0xff 0x2 0x16 0x3 0x10 0x3 0x32 0x0 0x3 0x86 0x89 0x7b 0x7d 0x4d 0x80 0x4f 0x80 0xa6 0x82 0xeb 0x7b 0x57 0x5d 0x40 0x40 0xe8 0x27 0x0 0x0 0x73 0xe7 0x15 0xee 0x0 0x0 0x0 0x0 0x99 0x0 0x9 0x7b 0x0 0xa4 0xa4 0x0 0x4 0xdd 0x5 0x0 0x0
1787978968777,0x1 0x89 0xd 0x53 0xa1 0xb6 0x60 0xd 0x0 0x0 0xd 0x26 0x38 0x0 0x1d 0x15 0x7 0x14 0x73 0x4 0xa7 0x2 0xa4 0x2 0x0 0x28 0x65 0x1 0x0 0x70 0x0 0x6c 0x0 0x49 0x0 0x5a 0x0 0xa1 0xa1 0xa1 0xa1 0xa1 0xa1 0x1a 0x3 0x18 0x3 0x21 0x3 0x1d 0x3 0x25 0x3 0x21 0x3 0x27 0x3 0x21 0x3 0x32 0x0 0x3 0x87 0x8b 0x7b 0x7d 0x4d 0x80 0x4f 0x80 0xa6 0x82 0xeb 0x7b 0x57 0x5d 0x40 0x40 0xe8 0x27 0x0 0x0 0x73 0xe7 0x15 0xee 0x0 0x0 0x0 0x0 0x85 0x0 0x9 0x7b 0x0 0xa4 0xa4 0x0 0x4 0xcb 0x5 0x0 0x0
1787978969002,0x1 0x8b 0xd 0x53 0xa1 0xb6 0x60 0xd 0x0 0x0 0xd 0x26 0x39 0x0 0x4d 0x15 0x62 0x14 0x73 0x4 0xad 0x2 0xa4 0x2 0x0 0x28 0x65 0x1 0x0 0x94 0x0 0x88 0x0 0x49 0x0 0x59 0x0 0xa2 0xa2 0xa2 0xa2 0xa2 0xa2 0x19 0x3 0x2b 0x3 0x17 0x3 0x28 0x3 0x19 0x3 0x29 0x3 0x1a 0x3 0x2b 0x3 0x32 0x0 0x3 0x7f 0x8b 0x7e 0x7d 0x4d 0x80 0x4f 0x80 0xa6 0x82 0xeb 0x7b 0x57 0x5d 0x40 0x40 0xe8 0x27 0x0 0x0 0x73 0xe7 0x15 0xee 0x0 0x0 0x0 0x0 0x78 0x0 0x9 0x7b 0x0 0xa4 0xa4 0x0 0x4 0xac 0x5 0x0 0x0
1787978969226,0x1 0x8c 0xd 0x53 0xa1 0xb6 0x60 0xd 0x0 0x0 0xd 0x25 0x37 0x0 0x9d 0x14 0x78 0x14 0x73 0x4 0xab 0x2 0xa4 0x2 0x0 0x28 0x65 0x1 0x0 0x9b 0x0 0x95 0x0 0x49 0x0 0x59 0x0 0xa1 0xa1 0xa1 0xa1 0xa1 0xa1 0x19 0x3 0x17 0x3 0x19 0x3 0x16 0x3 0x1a 0x3 0x16 0x3 0x19 0x3 0x16 0x3 0x32 0x0 0x3 0x7d 0x82 0x7e 0x81 0x4d 0x80 0x4f 0x80 0xa6 0x82 0xeb 0x7b 0x57 0x5d 0x40 0x40 0xe8 0x27 0x0 0x0 0x73 0xe7 0x15 0xee 0x0 0x0 0x0 0x0 0x69 0x0 0x9 0x7b 0x0 0xa4 0xa4 0x0 0x4 0x9f 0x5 0x0 0x0
1787978969449,0x1 0x89 0xd 0x52 0xa2 0xb6 0x60 0xd 0x0 0x0 0xd 0x25 0x38 0x0 0x15 0x15 0xbe 0x14 0x73 0x0 0xa8 0x2 0xa3 0x2 0x0 0x28 0x65 0x1 0x0 0x95 0x0 0x9a 0x0 0x4a 0x0 0x59 0x0 0xa2 0xa2 0xa2 0xa2 0xa2 0xa2 0x17 0x3 0x14 0x3 0x18 0x3 0x18 0x3 0x1e 0x3 0x14 0x3 0x1e 0x3 0x1b 0x3 0x32 0x0 0x3 0x7c 0x81 0x7e 0x81 0x4d 0x80 0x4f 0x80 0xa6 0x82 0xeb 0x7b 0x59 0x60 0x40 0x40 0xe4 0x27 0xfc 0xff 0x73 0xe7 0x15 0xee 0x0 0x0 0x0 0x0 0x5a 0x0 0x9 0x7b 0x0 0xa4 0xa4 0x0 0x4 0xcb 0x5 0x0 0x0
1787978969674,0x1 0x89 0xd 0x52 0xa2 0xb6 0x60 0xd 0x0 0x0 0xd 0x25 0x37 0x0 0xb5 0x14 0xe2 0x14 0x73 0x0 0xa8 0x2 0xa3 0x2 0x0 0x28 0x65 0x1 0x0 0x7f 0x0 0x95 0x0 0x4a 0x0 0x5a 0x0 0xa2 0xa2 0xa2 0xa2 0xa2 0xa2 0x1e 0x3 0x1c 0x3 0x1f 0x3 0x1d 0x3 0x22 0x3 0x1d 0x3 0x1e 0x3 0x1c 0x3 0x32 0x0 0x3 0x7b 0x7f 0x7e 0x81 0x4d 0x80 0x4f 0x80 0xa6 0x82 0xeb 0x7b 0x59 0x60 0x40 0x40 0x6b 0x27 0xf8 0xff 0x73 0xe7 0x15 0xee 0x0 0x0 0x0 0x0 0x4a 0x0 0x9 0x7b 0x0 0xa4 0xa4 0x0 0x4 0xcb 0x5 0x0 0x0
1787978969898,0x1 0x8b 0xd 0x52 0xa2 0xb6 0x60 0xd 0x0 0x0 0xd 0x24 0x35 0x0 0x21 0x14 0x7b 0x14 0x73 0x0 0xa2 0x2 0xa3 0x2 0x0 0x28 0x65 0x1 0x0 0x27 0x0 0x41 0x0 0x4a 0x0 0x5a 0x0 0x9f 0x9f 0x9f 0x9f 0x9f 0x9f 0x2b 0x3 0x23 0x3 0x1e 0x3 0x16 0x3 0x16 0x3 0x13 0x3 0x28 0x3 0x23 0x3 0x32 0x0 0x3 0x83 0x86 0x81 0x85 0x4d 0x80 0x4f 0x80 0xa6 0x82 0xeb 0x7b 0x59 0x60 0x40 0x40 0x6b 0x27 0xf8 0xff 0x73 0xe7 0x15 0xee 0x0 0x0 0x0 0x0 0x37 0x0 0x9 0x7b 0x0 0xa4 0xa4 0x0 0x4 0xac 0x5 0x0 0x0
1787978970121,0x1 0x8b 0xd 0x52 0xa2 0xb6 0x60 0xd 0x0 0x0 0xd 0x25 0x36 0x0 0x83 0x14 0x8c 0x14 0x73 0x0 0xa2 0x2 0xa3 0x2 0x0 0x28 0x65 0x1 0x0 0x15 0x0 0x1a 0x0 0x4b 0x0 0x5b 0x0 0x9f 0x9f 0x9f 0x9f 0x9f 0x9f 0x29 0x3 0x27 0x3 0x2e 0x3 0x29 0x3 0x2b 0x3 0x24 0x3 0x2e 0x3 0x29 0x3 0x32 0x0 0x3 0x84 0x88 0x81 0x85 0x4d 0x80 0x4f 0x80 0xa6 0x82 0xeb 0x7b 0x59 0x60 0x40 0x40 0x79 0x27 0x6 0x0 0x73 0xe7 0x15 0xee 0x0 0x0 0x0 0x0 0x24 0x0 0x9 0x7b 0x0 0xa4 0xa4 0x0 0x4 0xac 0x5 0x0 0x0
1787978970346,0x1 0x8b 0xd 0x52 0xa2 0xb6 0x60 0xd 0x0 0x0 0xd 0x26 0x37 0x0 0xd4 0x14 0x9f 0x14 0x73 0x0 0xa4 0x2 0xa3 0x2 0x0 0x28 0x65 0x1 0x0 0x12 0x0 0x15 0x0 0x4b 0x0 0x5a 0x0 0xa0 0xa0 0xa0 0xa0 0xa0 0xa0 0x32 0x3 0x2e 0x3 0x32 0x3 0x2e 0x3 0x33 0x3 0x2f 0x3 0x34 0x3 0x2f 0x3 0x32 0x0 0x3 0x85 0x89 0x81 0x85 0x4d 0x80 0x4f 0x80 0xa6 0x82 0xeb 0x7b 0x58 0x5e 0x40 0x40 0x7d 0x27 0xa 0x0 0x73 0xe7 0x15 0xee 0x0 0x0 0x0 0x0 0x13 0x0 0x9 0x7b 0x0 0xa4 0xa4 0x0 0x4 0xac 0x5 0x0 0x0
1787978970569,0x1 0x8a 0xd 0x52 0xa2 0xb6 0x60 0xd 0x0 0x0 0xd 0x24 0x36 0x0 0x4d 0x14 0x94 0x14 0x73 0x0 0xa9 0x2 0xa3 0x2 0x0 0x28 0x65 0x1 0x0 0x11 0x0 0x12 0x0 0x4b 0x0 0x58 0x0 0xa2 0xa2 0xa2 0xa2 0xa2 0xa2 0x35 0x3 0x32 0x3 0x39 0x3 0x36 0x3 0x39 0x3 0x33 0x3 0x35 0x3 0x30 0x3 0x32 0x0 0x3 0x86 0x8a 0x81 0x85 0x4d 0x80 0x4f 0x80 0xa6 0x82 0xeb 0x7b 0x58 0x5e 0x40 0x40 0x7f 0x27 0xc 0x0 0x73 0xe7 0x15 0xee 0x0 0x0 0x0 0x0 0x0 0x0 0x9 0x7b 0x0 0xa4 0xa4 0x0 0x4 0xb9 0x5 0x0 0x0
1787978970794,0x1 0x8b 0xd 0x52 0xa2 0xb6 0x60 0xd 0x0 0x0 0xd 0x25 0x36 0x0 0x1f 0x14 0x1e 0x14 0x73 0x0 0xaf 0x2 0xa3 0x2 0x0 0x28 0x65 0x1 0x0 0x12 0x0 0x12 0x0 0x4b 0x0 0x55 0x0 0xa3 0xa3 0xa3 0xa3 0xa3 0xa3 0x28 0x3 0x22 0x3 0x29 0x3 0x27 0x3 0x2d 0x3 0x25 0x3 0x29 0x3 0x24 0x3 0x32 0x0 0x3 0x88 0x8c 0x81 0x85 0x4d 0x80 0x4f 0x80 0xa6 0x82 0xeb 0x7b 0x58 0x5e 0x40 0x40 0x77 0x27 0x4 0x0 0x73 0xe7 0x15 0xee 0x0 0x0 0x0 0x0 0x0 0x0 0x9 0x7b 0x0 0xa4 0xa4 0x0 0x4 0xac 0x5 0x0 0x0
1787978971018,0x1 0x8c 0xd 0x52 0xa2 0xb6 0x60 0xd 0x0 0x0 0xd 0x23 0x35 0x0 0xde 0x13 0x29 0x14 0x73 0x0 0xab 0x2 0xa3 0x2 0x0 0x28 0x65 0x1 0x0 0x15 0x0 0x13 0x0 0x4c 0x0 0x54 0x0 0xa2 0xa2 0xa2 0xa2 0xa2 0xa2 0x2d 0x3 0x28 0x3 0x2f 0x3 0x29 0x3 0x28 0x3 0x26 0x3 0x2e 0x3 0x29 0x3 0x32 0x0 0x3 0x89 0x8d 0x81 0x85 0x4d 0x80 0x4f 0x80 0xa6 0x82 0xeb 0x7b 0x58 0x5e 0x40 0x40 0x6f 0x27 0xfc 0xff 0x73 0xe7 0x15 0xee 0x0 0x0 0x0 0x0 0x0 0x0 0x9 0x7b 0x0 0xa4 0xa4 0x0 0x4 0x9f 0x5 0x0 0x0
1787978971240,0x1 0x8b 0xd 0x52 0xa2 0xb6 0x60 0xd 0x0 0x0 0xd 0x23 0x34 0x0 0x9b 0x13 0xf9 0x13 0x73 0x0 0xa7 0x2 0xa3 0x2 0x0 0x28 0x65 0x1 0x0 0x17 0x0 0x13 0x0 0x4c 0x0 0x53 0x0 0xa2 0xa2 0xa2 0xa2 0xa2 0xa2 0x30 0x3 0x2d 0x3 0x34 0x3 0x2f 0x3 0x31 0x3 0x28 0x3 0x2e 0x3 0x28 0x3 0x32 0x0 0x3 0x8a 0x8e 0x81 0x85 0x4d 0x80 0x4f 0x80 0xa6 0x82 0xeb 0x7b 0x58 0x5e 0x40 0x40 0x69 0x27 0xf6 0xff 0x73 0xe7 0x15 0xee 0x0 0x0 0x0 0x0 0x0 0x0 0x9 0x7b 0x0 0xa4 0xa4 0x0 0x4 0xac 0x5 0x0 0x0
1787978971465,0x1 0x89 0xd 0x52 0xa2 0xb6 0x60 0xd 0x0 0x0 0xd 0x25 0x36 0x0 0x64 0x14 0x28 0x14 0x73 0x0 0xa6 0x2 0xa3 0x2 0x0 0x28 0x65 0x1 0x0 0x19 0x0 0x14 0x0 0x4d 0x0 0x51 0x0 0xa1 0xa1 0xa1 0xa1 0xa1 0xa1 0x35 0x3 0x31 0x3 0x2b 0x3 0x28 0x3 0x2f 0x3 0x2d 0x3 0x37 0x3 0x31 0x3 0x32 0x0 0x3 0x8c 0x90 0x81 0x85 0x4d 0x80 0x4f 0x80 0xa6 0x82 0xeb 0x7b 0x59 0x60 0x40 0x40 0x67 0x27 0xf4 0xff 0x73 0xe7 0x15 0xee 0x0 0x0 0x0 0x0 0x0 0x0 0x9 0x7b 0x0 0xa4 0xa4 0x0 0x4 0xcb 0x5 0x0 0x0
1787978971689,0x1 0x8a 0xd 0x52 0xa2 0xb6 0x60 0xd 0x0 0x0 0xd 0x24 0x35 0x0 0x3 0x14 0x11 0x14 0x73 0x0 0xa6 0x2 0xa3 0x2 0x0 0x28 0x65 0x1 0x0 0x1d 0x0 0x15 0x0 0x4d 0x0 0x51 0x0 0xa2 0xa2 0xa2 0xa2 0xa2 0xa2 0x38 0x3 0x34 0x3 0x38 0x3 0x36 0x3 0x3c 0x3 0x36 0x3 0x38 0x3 0x33 0x3 0x32 0x0 0x3 0x8d 0x91 0x81 0x85 0x4d 0x80 0x4f 0x80 0xa6 0x82 0xeb 0x7b 0x59 0x60 0x40 0x40 0x6b 0x27 0xf8 0xff 0x73 0xe7 0x15 0xee 0x0 0x0 0x0 0x0 0x0 0x0 0x9 0x7b 0x0 0xa4 0xa4 0x0 0x4 0xb9 0x5 0x0 0x0
1787978971913,0x1 0x8a 0xd 0x52 0xa2 0xb6 0x60 0xd 0x0 0x0 0xd 0x23 0x35 0x0 0xde 0x13 0x28 0x14 0x73 0x0 0xab 0x2 0xa3 0x2 0x0 0x28 0x65 0x1 0x0 0x2d 0x0 0x17 0x0 0x4d 0x0 0x52 0x0 0xa2 0xa2 0xa2 0xa2 0xa2 0xa2 0x3d 0x3 0x39 0x3 0x3e 0x3 0x3a 0x3 0x3d 0x3 0x35 0x3 0x3d 0x3 0x38 0x3 0x32 0x0 0x3 0x8e 0x92 0x81 0x85 0x4d 0x80 0x4f 0x80 0xa6 0x82 0xeb 0x7b 0x59 0x60 0x40 0x40 0x67 0x27 0xf4 0xff 0x73 0xe7 0x15 0xee 0x0 0x0 0x0 0x0 0x0 0x0 0x9 0x7b 0x0 0xa4 0xa4 0x0 0x4 0xb9 0x5 0x0 0x0
1787978972136,0x1 0x8c 0xd 0x52 0xa2 0xb6 0x60 0xd 0x0 0x0 0xd 0x24 0x35 0x0 0xcf 0x13 0xd 0x14 0x73 0x0 0xad 0x2 0xa3 0x2 0x0 0x28 0x65 0x1 0x0 0x5e 0x0 0x1b 0x0 0x4d 0x0 0x53 0x0 0xa4 0xa4 0xa4 0xa4 0xa4 0xa4 0x3d 0x3 0x34 0x3 0x39 0x3 0x37 0x3 0x3d 0x3 0x3a 0x3 0x3d 0x3 0x39 0x3 0x32 0x0 0x3 0x90 0x93 0x81 0x85 0x4d 0x80 0x4f 0x80 0xa6 0x82 0xeb 0x7b 0x59 0x60 0x40 0x40 0x61 0x27 0xee 0xff 0x73 0xe7 0x15 0xee 0x0 0x0 0x0 0x0 0x0 0x0 0x9 0x7b 0x0 0xa4 0xa4 0x0 0x4 0x9f 0x5 0x0 0x0
1787978972361,0x1 0x89 0xd 0x52 0xa2 0xb6 0x60 0xd 0x0 0x0 0xd 0x23 0x35 0x0 0xcf 0x13 0xd0 0x13 0x73 0x0 0xad 0x2 0xa3 0x2 0x0 0x28 0x65 0x1 0x0 0x89 0x0 0x39 0x0 0x4d 0x0 0x54 0x0 0xa3 0xa3 0xa3 0xa3 0xa3 0xa3 0x23 0x3 0x34 0x3 0x3c 0x3 0x38 0x3 0x27 0x3 0x33 0x3 0x22 0x3 0x34 0x3 0x32 0x0 0x3 0x88 0x95 0x85 0x85 0x4d 0x80 0x4f 0x80 0xa6 0x82 0xeb 0x7b 0x5b 0x62 0x40 0x40 0x5b 0x27 0xe8 0xff 0x73 0xe7 0x15 0xee 0x0 0x0 0x0 0x0 0x0 0x0 0x9 0x7b 0x0 0xa4 0xa4 0x0 0x4 0xcb 0x5 0x0 0x0
1787978972585,0x1 0x8a 0xd 0x52 0xa2 0xb6 0x60 0xd 0x0 0x0 0xd 0x25 0x36 0x0 0x64 0x14 0x34 0x14 0x73 0x0 0xa6 0x2 0xa3 0x2 0x0 0x28 0x65 0x1 0x0 0xa0 0x0 0x76 0x0 0x4e 0x0 0x54 0x0 0xa1 0xa1 0xa1 0xa1 0xa1 0xa1 0x26 0x3 0x41 0x3 0x29 0x3 0x46 0x3 0x23 0x3 0x3b 0x3 0x2b 0x3 0x46 0x3 0x32 0x0 0x3 0x86 0x96 0x85 0x85 0x4d 0x80 0x4f 0x80 0xa6 0x82 0xeb 0x7b 0x5b 0x62 0x40 0x40 0x55 0x27 0xe2 0xff 0x73 0xe7 0x15 0xee 0x0 0x0 0x0 0x0 0x0 0x0 0x9 0x7b 0x0 0xa4 0xa4 0x0 0x4 0xb9 0x5 0x0 0x0
1787978972809,0x1 0x8c 0xd 0x52 0xa2 0xb6 0x60 0xd 0x0 0x0 0xd 0x24 0x36 0x0 0x54 0x14 0x43 0x14 0x73 0x0 0xa8 0x2 0xa3 0x2 0x0 0x28 0x65 0x1 0x0 0xa4 0x0 0x91 0x0 0x4f 0x0 0x55 0x0 0xa2 0xa2 0xa2 0xa2 0xa2 0xa2 0x2a 0x3 0x44 0x3 0x29 0x3 0x46 0x3 0x29 0x3 0x46 0x3 0x29 0x3 0x46 0x3 0x32 0x0 0x3 0x85 0x8e 0x85 0x8a 0x4d 0x80 0x4f 0x80 0xa6 0x82 0xeb 0x7b 0x5b 0x62 0x40 0x40 0x51 0x27 0xde 0xff 0x73 0xe7 0x15 0xee 0x0 0x0 0x0 0x0 0x0 0x0 0x9 0x7b 0x0 0xa4 0xa4 0x0 0x4 0x9f 0x5 0x0 0x0
1787978973033,0x1 0x8b 0xd 0x52 0xa2 0xb6 0x60 0xd 0x0 0x0 0xd 0x25 0x36 0x0 0x73 0x14 0x6d 0x14 0x73 0x0 0xa4 0x2 0xa3 0x2 0x0 0x28 0x65 0x1 0x0 0x9f 0x0 0xa2 0x0 0x50 0x0 0x55 0x0 0xa0 0xa0 0xa0 0xa0 0xa0 0xa0 0x2b 0x3 0x33 0x3 0x2b 0x3 0x35 0x3 0x2c 0x3 0x35 0x3 0x2b 0x3 0x35 0x3 0x32 0x0 0x3 0x84 0x8d 0x85 0x8a 0x4d 0x80 0x4f 0x80 0xa6 0x82 0xeb 0x7b 0x5b 0x62 0x40 0x40 0x53 0x27 0xe0 0xff 0x73 0xe7 0x15 0xee 0x0 0x0 0x0 0x0 0x0 0x0 0x9 0x7b 0x0 0xa4 0xa4 0x0 0x4 0xac 0x5 0x0 0x0
1787978973256,0x1 0x89 0xd 0x52 0xa2 0xb6 0x60 0xd 0x0 0x0 0xd 0x24 0x35 0x0 0x1a 0x14 0x75 0x14 0x73 0x0 0xa3 0x2 0xa3 0x2 0x0 0x28 0x65 0x1 0x0 0x9c 0x0 0xa8 0x0 0x50 0x0 0x56 0x0 0x9f 0x9f 0x9f 0x9f 0x9f 0x9f 0x29 0x3 0x32 0x3 0x29 0x3 0x34 0x3 0x2c 0x3 0x33 0x3 0x29 0x3 0x32 0x3 0x32 0x0 0x3 0x82 0x8b 0x85 0x8a 0x4d 0x80 0x4f 0x80 0xa6 0x82 0xeb 0x7b 0x5b 0x62 0x40 0x40 0x53 0x27 0xe0 0xff 0x73 0xe7 0x15 0xee 0x0 0x0 0x0 0x0 0x0 0x0 0x9 0x7b 0x0 0xa4 0xa4 0x0 0x4 0xcb 0x5 0x0 0x0
1787978973480,0x1 0x8b 0xd 0x52 0xa2 0xb6 0x60 0xd 0x0 0x0 0xd 0x24 0x36 0x0 0x6b 0x14 0x3d 0x14 0x73 0x0 0xa5 0x2 0xa3 0x2 0x0 0x28 0x65 0x1 0x0 0x98 0x0 0xa8 0x0 0x51 0x0 0x57 0x0 0xa1 0xa1 0xa1 0xa1 0xa1 0xa1 0x1c 0x3 0x23 0x3 0x1e 0x3 0x28 0x3 0x22 0x3 0x27 0x3 0x1f 0x3 0x28 0x3 0x32 0x0 0x3 0x81 0x8a 0x85 0x8a 0x4d 0x80 0x4f 0x80 0xa6 0x82 0xeb 0x7b 0x5a 0x61 0x40 0x40 0x51 0x27 0xde 0xff 0x73 0xe7 0x15 0xee 0x0 0x0 0x0 0x0 0x0 0x0 0x9 0x7b 0x0 0xa4 0xa4 0x0 0x4 0xac 0x5 0x0 0x0
1787978973704,0x1 0x8b 0xd 0x52 0xa2 0xb6 0x60 0xd 0x0 0x0 0xd 0x25 0x36 0x0 0x7b 0x14 0x3f 0x14 0x73 0x0 0xa3 0x2 0xa3 0x2 0x0 0x28 0x65 0x1 0x0 0x95 0x0 0xa6 0x0 0x52 0x0 0x57 0x0 0xa0 0xa0 0xa0 0xa0 0xa0 0xa0 0x1b 0x3 0x22 0x3 0x1a 0x3 0x22 0x3 0x1a 0x3 0x25 0x3 0x1c 0x3 0x25 0x3 0x32 0x0 0x3 0x80 0x89 0x85 0x8a 0x4d 0x80 0x4f 0x80 0xa6 0x82 0xeb 0x7b 0x5a 0x61 0x40 0x40 0x4f 0x27 0xdc 0xff 0x73 0xe7 0x15 0xee 0x0 0x0 0x0 0x0 0x0 0x0 0x9 0x7b 0x0 0xa4 0xa4 0x0 0x4 0xac 0x5 0x0 0x0
1787978973928,0x1 0x8c 0xd 0x52 0xa2 0xb6 0x60 0xd 0x0 0x0 0xd 0x24 0x34 0x0 0x9b 0x13 0x9 0x14 0x73 0x0 0xa7 0x2 0xa3 0x2 0x0 0x28 0x65 0x1 0x0 0x61 0x0 0xa0 0x0 0x52 0x0 0x57 0x0 0xa2 0xa2 0xa2 0xa2 0xa2 0xa2 0x11 0x3 0x24 0x3 0x1c 0x3 0x24 0x3 0x1a 0x3 0x1e 0x3 0x11 0x3 0x1a 0x3 0x32 0x0 0x3 0x7f 0x88 0x85 0x8a 0x4d 0x80 0x4f 0x80 0xa6 0x82 0xeb 0x7b 0x5a 0x61 0x40 0x40 0x4d 0x27 0xda 0xff 0x73 0xe7 0x15 0xee 0x0 0x0 0x0 0x0 0x0 0x0 0x9 0x7b 0x0 0xa4 0xa4 0x0 0x4 0x9f 0x5 0x0 0x0
1787978974152,0x1 0x88 0xd 0x52 0xa2 0xb6 0x60 0xd 0x0 0x0 0xd 0x24 0x35 0x0 0x48 0x14 0x3a 0x14 0x73 0x0 0x9d 0x2 0xa3 0x2 0x0 0x28 0x65 0x1 0x0 0x21 0x0 0x94 0x0 0x53 0x0 0x58 0x0 0x9c 0x9c 0x9c 0x9c 0x9c 0x9c 0x2b 0x3 0x1b 0x3 0x2e 0x3 0x1c 0x3 0x29 0x3 0x1b 0x3 0x2e 0x3 0x1c 0x3 0x32 0x0 0x3 0x87 0x86 0x87 0x8a 0x4d 0x80 0x4f 0x80 0xa6 0x82 0xeb 0x7b 0x5a 0x61 0x40 0x40 0x4f 0x27 0xdc 0xff 0x73 0xe7 0x15 0xee 0x0 0x0 0x0 0x0 0x0 0x0 0x9 0x7b 0x0 0xa4 0xa4 0x0 0x4 0xdd 0x5 0x0 0x0
1787978974376,0x1 0x89 0xd 0x52 0xa2 0xb6 0x60 0xd 0x0 0x0 0xd 0x23 0x34 0x0 0xcf 0x13 0x1 0x14 0x73 0x0 0xa0 0x2 0xa3 0x2 0x0 0x28 0x65 0x1 0x0 0x14 0x0 0x4d 0x0 0x53 0x0 0x58 0x0 0x9e 0x9e 0x9e 0x9e 0x9e 0x9e 0x2d 0x3 0x15 0x3 0x2c 0x3 0x13 0x3 0x2d 0x3 0x18 0x3 0x2b 0x3 0x13 0x3 0x32 0x0 0x3 0x89 0x8d 0x87 0x8a 0x4d 0x80 0x4f 0x80 0xa6 0x82 0xeb 0x7b 0x5b 0x62 0x40 0x40 0x57 0x27 0xe4 0xff 0x73 0xe7 0x15 0xee 0x0 0x0 0x0 0x0 0x0 0x0 0x9 0x7b 0x0 0xa4 0xa4 0x0 0x4 0xcb 0x5 0x0 0x0
1787978974600,0x1 0x8b 0xd 0x52 0xa2 0xb6 0x60 0xd 0x0 0x0 0xd 0x24 0x36 0x0 0x7b 0x14 0x4f 0x14 0x73 0x0 0xa3 0x2 0xa3 0x2 0x0 0x28 0x65 0x1 0x0 0x12 0x0 0x25 0x0 0x53 0x0 0x59 0x0 0x9f 0x9f 0x9f 0x9f 0x9f 0x9f 0x29 0x3 0x26 0x3 0x2f 0x3 0x30 0x3 0x38 0x3 0x33 0x3 0x37 0x3 0x33 0x3 0x32 0x0 0x3 0x8a 0x8e 0x87 0x8d 0x4d 0x80 0x4f 0x80 0xa6 0x82 0xeb 0x7b 0x5b 0x62 0x40 0x40 0x5b 0x27 0xe8 0xff 0x73 0xe7 0x15 0xee 0x0 0x0 0x0 0x0 0x0 0x0 0x9 0x7b 0x0 0xa4 0xa4 0x0 0x4 0xac 0x5 0x0 0x0
1787978974824,0x1 0x8b 0xd 0x52 0xa2 0xb6 0x60 0xd 0x0 0x0 0xd 0x23 0x35 0x0 0xec 0x13 0x38 0x14 0x73 0x0 0xa9 0x2 0xa3 0x2 0x0 0x28 0x65 0x1 0x0 0x12 0x0 0x18 0x0 0x54 0x0 0x59 0x0 0xa2 0xa2 0xa2 0xa2 0xa2 0xa2 0x39 0x3 0x33 0x3 0x3d 0x3 0x39 0x3 0x3c 0x3 0x36 0x3 0x38 0x3 0x33 0x3 0x32 0x0 0x3 0x8b 0x8f 0x87 0x8d 0x4d 0x80 0x4f 0x80 0xa6 0x82 0xeb 0x7b 0x5b 0x62 0x40 0x40 0x59 0x27 0xe6 0xff 0x73 0xe7 0x15 0xee 0x0 0x0 0x0 0x0 0x0 0x0 0x9 0x7b 0x0 0xa4 0xa4 0x0 0x4 0xac 0x5 0x0 0x0
1787978975048,0x1 0x8a 0xd 0x52 0xa2 0xb6 0x60 0xd 0x0 0x0 0xd 0x24 0x35 0x0 0xec 0x13 0x18 0x14 0x73 0x0 0xa9 0x2 0xa3 0x2 0x0 0x28 0x65 0x1 0x0 0x13 0x0 0x15 0x0 0x54 0x0 0x59 0x0 0xa2 0xa2 0xa2 0xa2 0xa2 0xa2 0x36 0x3 0x34 0x3 0x37 0x3 0x2d 0x3 0x34 0x3 0x31 0x3 0x37 0x3 0x33 0x3 0x32 0x0 0x3 0x8d 0x91 0x87 0x8d 0x4d 0x80 0x4f 0x80 0xa6 0x82 0xeb 0x7b 0x5b 0x62 0x40 0x40 0x53 0x27 0xe0 0xff 0x73 0xe7 0x15 0xee 0x0 0x0 0x0 0x0 0x0 0x0 0x9 0x7b 0x0 0xa4 0xa4 0x0 0x4 0xb9 0x5 0x0 0x0
1787978975271,0x1 0x88 0xd 0x52 0xa2 0xb6 0x60 0xd 0x0 0x0 0xd 0x24 0x35 0x0 0xde 0x13 0xd0 0x13 0x73 0x0 0xab 0x2 0xa3 0x2 0x0 0x28 0x65 0x1 0x0 0x17 0x0 0x16 0x0 0x54 0x0 0x5a 0x0 0xa3 0xa3 0xa3 0xa3 0xa3 0xa3 0x30 0x3 0x29 0x3 0x2f 0x3 0x2d 0x3 0x32 0x3 0x2e 0x3 0x32 0x3 0x2e 0x3 0x32 0x0 0x3 0x8e 0x92 0x87 0x8d 0x4d 0x80 0x4f 0x80 0xa6 0x82 0xeb 0x7b 0x5b 0x62 0x40 0x40 0x4d 0x27 0xda 0xff 0x73 0xe7 0x15 0xee 0x0 0x0 0x0 0x0 0x0 0x0 0x9 0x7b 0x0 0xa4 0xa4 0x0 0x4 0xdd 0x5 0x0 0x0
1787978975495,0x1 0x8c 0xd 0x52 0xa2 0xb6 0x60 0xd 0x0 0x0 0xd 0x24 0x35 0x0 0xec 0x13 0xf5 0x13 0x73 0x0 0xa9 0x2 0xa3 0x2 0x0 0x28 0x65 0x1 0x0 0x1a 0x0 0x27 0x0 0x55 0x0 0x5b 0x0 0xa2 0xa2 0xa2 0xa2 0xa2 0xa2 0x3b 0x3 0x31 0x3 0x35 0x3 0x35 0x3 0x3a 0x3 0x36 0x3 0x3b 0x3 0x36 0x3 0x32 0x0 0x3 0x8f 0x93 0x87 0x8d 0x4d 0x80 0x4f 0x80 0xa6 0x82 0xeb 0x7b 0x5c 0x63 0x40 0x40 0x49 0x27 0xd6 0xff 0x73 0xe7 0x15 0xee 0x0 0x0 0x0 0x0 0x0 0x0 0x9 0x7b 0x0 0xa4 0xa4 0x0 0x4 0x9f 0x5 0x0 0x0
1787978975719,0x1 0x8a 0xd 0x52 0xa2 0xb6 0x60 0xd 0x0 0x0 0xd 0x24 0x36 0x0 0x2e 0x14 0xec 0x13 0x73 0x0 0xad 0x2 0xa3 0x2 0x0 0x28 0x65 0x1 0x0 0x1d 0x0 0x41 0x0 0x55 0x0 0x5b 0x0 0xa3 0xa3 0xa3 0xa3 0xa3 0xa3 0x39 0x3 0x37 0x3 0x35 0x3 0x33 0x3 0x39 0x3 0x33 0x3 0x3c 0x3 0x37 0x3 0x32 0x0 0x3 0x90 0x95 0x87 0x8d 0x4d 0x80 0x4f 0x80 0xa6 0x82 0xeb 0x7b 0x5c 0x63 0x40 0x40 0x45 0x27 0xd2 0xff 0x73 0xe7 0x15 0xee 0x0 0x0 0x0 0x0 0x0 0x0 0x9 0x7b 0x0 0xa4 0xa4 0x0 0x4 0xb9 0x5 0x0 0x0
1787978975943,0x1 0x8a 0xd 0x52 0xa2 0xb6 0x60 0xd 0x0 0x0 0xd 0x23 0x35 0x0 0xfb 0x13 0x0 0x14 0x73 0x0 0xa7 0x2 0xa3 0x2 0x0 0x28 0x65 0x1 0x0 0x46 0x0 0x6d 0x0 0x55 0x0 0x5b 0x0 0xa1 0xa1 0xa1 0xa1 0xa1 0xa1 0x3f 0x3 0x3b 0x3 0x41 0x3 0x3e 0x3 0x3f 0x3 0x3c 0x3 0x42 0x3 0x3e 0x3 0x32 0x0 0x3 0x92 0x96 0x87 0x8d 0x4d 0x80 0x4f 0x80 0xa6 0x82 0xeb 0x7b 0x5c 0x63 0x40 0x40 0x3d 0x27 0xca 0xff 0x73 0xe7 0x15 0xee 0x0 0x0 0x0 0x0 0x0 0x0 0x9 0x7b 0x0 0xa4 0xa4 0x0 0x4 0xb9 0x5 0x0 0x0
1787978976167,0x1 0x89 0xd 0x52 0xa2 0xb6 0x60 0xd 0x0 0x0 0xd 0x23 0x35 0x0 0xcf 0x13 0xd0 0x13 0x73 0x0 0xad 0x2 0xa3 0x2 0x0 0x28 0x65 0x1 0x0 0x8a 0x0 0x8a 0x0 0x56 0x0 0x5b 0x0 0xa4 0xa4 0xa4 0xa4 0xa4 0xa4 0x41 0x3 0x39 0x3 0x28 0x3 0x39 0x3 0x29 0x3 0x40 0x3 0x29 0x3 0x39 0x3 0x32 0x0 0x3 0x8a 0x96 0x88 0x8d 0x4d 0x80 0x4f 0x80 0xa6 0x82 0xeb 0x7b 0x5c 0x63 0x40 0x40 0x37 0x27 0xc4 0xff 0x73 0xe7 0x15 0xee 0x0 0x0 0x0 0x0 0x0 0x0 0x9 0x7b 0x0 0xa4 0xa4 0x0 0x4 0xcb 0x5 0x0 0x0
1787978976391,0x1 0x8b 0xd 0x52 0xa2 0xb6 0x60 0xd 0x0 0x0 0xd 0x24 0x36 0x0 0x83 0x14 0x58 0x14 0x73 0x0 0xa2 0x2 0xa3 0x2 0x0 0x28 0x65 0x1 0x0 0xa4 0x0 0xa3 0x0 0x57 0x0 0x5b 0x0 0x9f 0x9f 0x9f 0x9f 0x9f 0x9f 0x35 0x3 0x29 0x3 0x2d 0x3 0x2d 0x3 0x32 0x3 0x32 0x3 0x35 0x3 0x33 0x3 0x32 0x0 0x3 0x89 0x8d 0x88 0x8e 0x4d 0x80 0x4f 0x80 0xa6 0x82 0xeb 0x7b 0x5c 0x63 0x40 0x40 0x35 0x27 0xc2 0xff 0x73 0xe7 0x15 0xee 0x0 0x0 0x0 0x0 0x0 0x0 0x9 0x7b 0x0 0xa4 0xa4 0x0 0x4 0xac 0x5 0x0 0x0
1787978976615,0x1 0x8b 0xd 0x52 0xa2 0xb6 0x60 0xd 0x0 0x0 0xd 0x23 0x34 0x0 0x9b 0x13 0xf9 0x13 0x73 0x0 0xa7 0x2 0xa3 0x2 0x0 0x28 0x65 0x1 0x0 0xa7 0x0 0xa9 0x0 0x5a 0x0 0x5c 0x0 0xa2 0xa2 0xa2 0xa2 0xa2 0xa2 0x2b 0x3 0x27 0x3 0x26 0x3 0x30 0x3 0x2f 0x3 0x29 0x3 0x26 0x3 0x23 0x3 0x32 0x0 0x3 0x87 0x8c 0x88 0x8e 0x4d 0x80 0x4f 0x80 0xa6 0x82 0xeb 0x7b 0x5c 0x63 0x40 0x40 0x37 0x27 0xc4 0xff 0x73 0xe7 0x15 0xee 0x0 0x0 0x0 0x0 0x0 0x0 0x9 0x7b 0x0 0xa4 0xa4 0x0 0x4 0xac 0x5 0x0 0x0
1787978976839,0x1 0x8b 0xd 0x52 0xa2 0xb6 0x60 0xd 0x0 0x0 0xd 0x24 0x36 0x0 0x7b 0x14 0xf9 0x13 0x73 0x0 0xa3 0x2 0xa3 0x2 0x0 0x28 0x65 0x1 0x0 0xa4 0x0 0xa8 0x0 0x5d 0x0 0x5d 0x0 0x9e 0x9e 0x9e 0x9e 0x9e 0x9e 0x1e 0x3 0x1c 0x3 0x21 0x3 0x22 0x3 0x22 0x3 0x1c 0x3 0x24 0x3 0x22 0x3 0x32 0x0 0x3 0x86 0x8b 0x88 0x8e 0x4d 0x80 0x4f 0x80 0xa6 0x82 0xeb 0x7b 0x5c 0x63 0x40 0x40 0x35 0x27 0xc2 0xff 0x73 0xe7 0x15 0xee 0x0 0x0 0x0 0x0 0x0 0x0 0x9 0x7b 0x0 0xa4 0xa4 0x0 0x4 0xac 0x5 0x0 0x0
1787978977064,0x1 0x88 0xd 0x52 0xa2 0xb6 0x60 0xd 0x0 0x0 0xd 0x23 0x34 0x0 0xb9 0x13 0x13 0x14 0x73 0x0 0xa3 0x2 0xa3 0x2 0x0 0x28 0x65 0x1 0x0 0xa2 0x0 0xa4 0x0 0x60 0x0 0x5e 0x0 0xa0 0xa0 0xa0 0xa0 0xa0 0xa0 0x25 0x3 0x25 0x3 0x2a 0x3 0x28 0x3 0x27 0x3 0x21 0x3 0x25 0x3 0x21 0x3 0x32 0x0 0x3 0x85 0x89 0x88 0x8e 0x4d 0x80 0x4f 0x80 0xa6 0x82 0xeb 0x7b 0x5c 0x63 0x40 0x40 0x39 0x27 0xc6 0xff 0x73 0xe7 0x15 0xee 0x0 0x0 0x0 0x0 0x0 0x0 0x9 0x7b 0x0 0xa4 0xa4 0x0 0x4 0xdd 0x5 0x0 0x0
1787978977287,0x1 0x8b 0xd 0x52 0xa2 0xb6 0x60 0xd 0x0 0x0 0xd 0x24 0x36 0x0 0x5c 0x14 0xc 0x14 0x73 0x0 0xa7 0x2 0xa3 0x2 0x0 0x28 0x65 0x1 0x0 0x99 0x0 0x9a 0x0 0x63 0x0 0x5e 0x0 0xa2 0xa2 0xa2 0xa2 0xa2 0xa2 0x1e 0x3 0x1d 0x3 0x1d 0x3 0x1a 0x3 0x1d 0x3 0x1b 0x3 0x1e 0x3 0x1c 0x3 0x32 0x0 0x3 0x83 0x88 0x88 0x8e 0x4d 0x80 0x4f 0x80 0xa6 0x82 0xeb 0x7b 0x5c 0x63 0x40 0x40 0x37 0x27 0xc4 0xff 0x73 0xe7 0x15 0xee 0x0 0x0 0x0 0x0 0x0 0x0 0x9 0x7b 0x0 0xa4 0xa4 0x0 0x4 0xac 0x5 0x0 0x0
1787978977511,0x1 0x8a 0xd 0x52 0xa2 0xb6 0x60 0xd 0x0 0x0 0xd 0x22 0x33 0x0 0x84 0x13 0xf7 0x13 0x73 0x0 0x9d 0x2 0xa3 0x2 0x0 0x28 0x65 0x1 0x0 0x8e 0x0 0x89 0x0 0x65 0x0 0x5e 0x0 0x9d 0x9d 0x9d 0x9d 0x9d 0x9d 0x20 0x3 0x1b 0x3 0x1a 0x3 0x1c 0x3 0x1f 0x3 0x1c 0x3 0x1a 0x3 0x17 0x3 0x32 0x0 0x3 0x82 0x87 0x88 0x8e 0x4d 0x80 0x4f 0x80 0xa6 0x82 0xeb 0x7b 0x5d 0x64 0x40 0x40 0x3b 0x27 0xc8 0xff 0x73 0xe7 0x15 0xee 0x0 0x0 0x0 0x0 0x0 0x0 0x9 0x7b 0x0 0xa4 0xa4 0x0 0x4 0xb9 0x5 0x0 0x0
1787978977734,0x1 0x8c 0xd 0x52 0xa2 0xb6 0x60 0xd 0x0 0x0 0xd 0x23 0x34 0x0 0xe6 0x13 0xba 0x13 0x73 0x0 0x9d 0x2 0xa3 0x2 0x0 0x28 0x65 0x1 0x0 0x42 0x0 0x45 0x0 0x65 0x0 0x5e 0x0 0x9d 0x9d 0x9d 0x9d 0x9d 0x9d 0x11 0x3 0xc 0x3 0xf 0x3 0x22 0x3 0x17 0x3 0x12 0x3 0x24 0x3 0x22 0x3 0x32 0x0 0x3 0x89 0x8e 0x8a 0x8e 0x4d 0x80 0x4f 0x80 0xa6 0x82 0xeb 0x7b 0x5d 0x64 0x40 0x40 0x47 0x27 0xd4 0xff 0x73 0xe7 0x15 0xee 0x0 0x0 0x0 0x0 0x0 0x0 0x9 0x7b 0x0 0xa4 0xa4 0x0 0x4 0x9f 0x5 0x0 0x0
1787978977960,0x1 0x88 0xd 0x52 0xa2 0xb6 0x60 0xd 0x0 0x0 0xd 0x24 0x35 0x0 0xb 0x14 0x13 0x14 0x73 0x0 0xa5 0x2 0xa3 0x2 0x0 0x28 0x65 0x1 0x0 0x1f 0x0 0x25 0x0 0x65 0x0 0x5f 0x0 0xa1 0xa1 0xa1 0xa1 0xa1 0xa1 0x28 0x3 0x2b 0x3 0x30 0x3 0x30 0x3 0x33 0x3 0x30 0x3 0x33 0x3 0x30 0x3 0x32 0x0 0x3 0x8a 0x8f 0x8a 0x8e 0x4d 0x80 0x4f 0x80 0xa6 0x82 0xeb 0x7b 0x5d 0x64 0x40 0x40 0x51 0x27 0xde 0xff 0x73 0xe7 0x15 0xee 0x0 0x0 0x0 0x0 0x0 0x0 0x9 0x7b 0x0 0xa4 0xa4 0x0 0x4 0xdd 0x5 0x0 0x0
1787978978182,0x1 0x8b 0xd 0x52 0xa2 0xb6 0x60 0xd 0x0 0x0 0xd 0x24 0x36 0x0 0x45 0x14 0x35 0x14 0x73 0x0 0xaa 0x2 0xa3 0x2 0x0 0x28 0x65 0x1 0x0 0x15 0x0 0x17 0x0 0x65 0x0 0x5f 0x0 0xa2 0xa2 0xa2 0xa2 0xa2 0xa2 0x36 0x3 0x36 0x3 0x31 0x3 0x33 0x3 0x35 0x3 0x34 0x3 0x38 0x3 0x36 0x3 0x32 0x0 0x3 0x8c 0x90 0x8a 0x8e 0x4d 0x80 0x4f 0x80 0xa6 0x82 0xeb 0x7b 0x5d 0x64 0x40 0x40 0x4f 0x27 0xdc 0xff 0x73 0xe7 0x15 0xee 0x0 0x0 0x0 0x0 0x0 0x0 0x9 0x7b 0x0 0xa4 0xa4 0x0 0x4 0xac 0x5 0x0 0x0
1787978978406,0x1 0x8b 0xd 0x52 0xa2 0xb6 0x60 0xd 0x0 0x0 0xd 0x24 0x35 0x0 0x3 0x14 0x6 0x14 0x73 0x0 0xa6 0x2 0xa3 0x2 0x0 0x28 0x65 0x1 0x0 0x13 0x0 0x15 0x0 0x64 0x0 0x5f 0x0 0xa1 0xa1 0xa1 0xa1 0xa1 0xa1 0x35 0x3 0x33 0x3 0x37 0x3 0x36 0x3 0x38 0x3 0x33 0x3 0x37 0x3 0x34 0x3 0x32 0x0 0x3 0x8d 0x92 0x8a 0x8e 0x4d 0x80 0x4f 0x80 0xa6 0x82 0xeb 0x7b 0x60 0x67 0x40 0x40 0x4b 0x27 0xd8 0xff 0x73 0xe7 0x15 0xee 0x0 0x0 0x0 0x0 0x0 0x0 0x9 0x7b 0x0 0xa4 0xa4 0x0 0x4 0xac 0x5 0x0 0x0
1787978978631,0x1 0x8c 0xd 0x52 0xa2 0xb6 0x60 0xd 0x0 0x0 0xd 0x24 0x34 0x0 0x8c 0x13 0xe5 0x13 0x73 0x0 0xa9 0x2 0xa3 0x2 0x0 0x28 0x65 0x1 0x0 0x14 0x0 0x15 0x0 0x64 0x0 0x5f 0x0 0xa2 0xa2 0xa2 0xa2 0xa2 0xa2 0x37 0x3 0x35 0x3 0x36 0x3 0x35 0x3 0x36 0x3 0x35 0x3 0x36 0x3 0x33 0x3 0x32 0x0 0x3 0x8e 0x93 0x8a 0x8e 0x4d 0x80 0x4f 0x80 0xa6 0x82 0xeb 0x7b 0x60 0x67 0x40 0x40 0x47 0x27 0xd4 0xff 0x73 0xe7 0x15 0xee 0x0 0x0 0x0 0x0 0x0 0x0 0x9 0x7b 0x0 0xa4 0xa4 0x0 0x4 0x9f 0x5 0x0 0x0
1787978978854,0x1 0x89 0xd 0x52 0xa2 0xb6 0x60 0xd 0x0 0x0 0xd 0x24 0x35 0x0 0xf4 0x13 0x28 0x14 0x73 0x0 0xa8 0x2 0xa3 0x2 0x0 0x28 0x65 0x1 0x0 0x18 0x0 0x1b 0x0 0x64 0x0 0x5f 0x0 0xa2 0xa2 0xa2 0xa2 0xa2 0xa2 0x38 0x3 0x39 0x3 0x3e 0x3 0x3e 0x3 0x44 0x3 0x3f 0x3 0x41 0x3 0x3f 0x3 0x32 0x0 0x3 0x90 0x94 0x8a 0x8e 0x4d 0x80 0x4f 0x80 0xa6 0x82 0xeb 0x7b 0x60 0x67 0x40 0x40 0x43 0x27 0xd0 0xff 0x73 0xe7 0x15 0xee 0x0 0x0 0x0 0x0 0x0 0x0 0x9 0x7b 0x0 0xa4 0xa4 0x0 0x4 0xcb 0x5 0x0 0x0
1787978979079,0x1 0x89 0xd 0x52 0xa2 0xb6 0x60 0xd 0x0 0x0 0xd 0x24 0x35 0x0 0x3 0x14 0xe8 0x13 0x73 0x0 0xa6 0x2 0xa3 0x2 0x0 0x28 0x65 0x1 0x0 0x39 0x0 0x3d 0x0 0x63 0x0 0x60 0x0 0xa1 0xa1 0xa1 0xa1 0xa1 0xa1 0x3d 0x3 0x3a 0x3 0x3e 0x3 0x3e 0x3 0x40 0x3 0x3c 0x3 0x3d 0x3 0x3a 0x3 0x32 0x0 0x3 0x91 0x96 0x8a 0x8e 0x4d 0x80 0x4f 0x80 0xa6 0x82 0xeb 0x7b 0x60 0x67 0x40 0x40 0x3d 0x27 0xca 0xff 0x73 0xe7 0x15 0xee 0x0 0x0 0x0 0x0 0x0 0x0 0x9 0x7b 0x0 0xa4 0xa4 0x0 0x4 0xcb 0x5 0x0 0x0
1787978979303,0x1 0x8c 0xd 0x52 0xa2 0xb6 0x60 0xd 0x0 0x0 0xd 0x23 0x34 0x0 0x85 0x13 0xd5 0x13 0x73 0x0 0xaa 0x2 0xa3 0x2 0x0 0x28 0x65 0x1 0x0 0x7d 0x0 0x7b 0x0 0x63 0x0 0x60 0x0 0xa3 0xa3 0xa3 0xa3 0xa3 0xa3 0x46 0x3 0x41 0x3 0x2b 0x3 0x3b 0x3 0x44 0x3 0x43 0x3 0x28 0x3 0x3b 0x3 0x32 0x0 0x3 0x8a 0x97 0x8a 0x8e 0x4d 0x80 0x4f 0x80 0xa6 0x82 0xeb 0x7b 0x60 0x67 0x40 0x40 0x3b 0x27 0xc8 0xff 0x73 0xe7 0x15 0xee 0x0 0x0 0x0 0x0 0x0 0x0 0x9 0x7b 0x0 0xa4 0xa4 0x0 0x4 0x9f 0x5 0x0 0x0
1787978979527,0x1 0x8b 0xd 0x52 0xa2 0xb6 0x60 0xd 0x0 0x0 0xd 0x25 0x35 0x0 0xfb 0x13 0x8 0x14 0x73 0x0 0xa7 0x2 0xa3 0x2 0x0 0x28 0x65 0x1 0x0 0x9e 0x0 0x9d 0x0 0x63 0x0 0x60 0x0 0xa1 0xa1 0xa1 0xa1 0xa1 0xa1 0x2a 0x3 0x40 0x3 0x2d 0x3 0x42 0x3 0x2c 0x3 0x3c 0x3 0x2c 0x3 0x42 0x3 0x32 0x0 0x3 0x89 0x8f 0x8a 0x8e 0x4d 0x80 0x4f 0x80 0xa6 0x82 0xeb 0x7b 0x60 0x67 0x40 0x5a 0x37 0x27 0xc4 0xff 0x73 0xe7 0x15 0xee 0x0 0x0 0x0 0x0 0x0 0x0 0x9 0x7b 0x0 0xa4 0xa4 0x0 0x4 0xac 0x5 0x0 0x0
1787978979751,0x1 0x88 0xd 0x52 0xa2 0xb6 0x60 0xd 0x0 0x0 0xd 0x23 0x35 0x0 0xd6 0x13 0xdd 0x13 0x73 0x0 0xac 0x2 0xa3 0x2 0x0 0x28 0x65 0x1 0x0 0xa5 0x0 0xa8 0x0 0x64 0x0 0x61 0x0 0xa3 0xa3 0xa3 0xa3 0xa3 0xa3 0x22 0x3 0x2f 0x3 0x2c 0x3 0x2c 0x3 0x26 0x3 0x25 0x3 0x22 0x3 0x24 0x3 0x32 0x0 0x3 0x87 0x8e 0x8a 0x8e 0x4d 0x80 0x4f 0x80 0xa6 0x82 0xeb 0x7b 0x60 0x67 0x40 0x5a 0x31 0x27 0xbe 0xff 0x73 0xe7 0x15 0xee 0x0 0x0 0x0 0x0 0x0 0x0 0x9 0x7b 0x0 0xa4 0xa4 0x0 0x4 0xdd 0x5 0x0 0x0
1787978979975,0x1 0x8a 0xd 0x52 0xa2 0xb6 0x60 0xd 0x0 0x0 0xd 0x24 0x36 0x0 0x7b 0x14 0x49 0x14 0x73 0x0 0xa3 0x2 0xa3 0x2 0x0 0x28 0x65 0x1 0x0 0xa3 0x0 0xa9 0x0 0x64 0x0 0x61 0x0 0xa0 0xa0 0xa0 0xa0 0xa0 0xa0 0x2c 0x3 0x30 0x3 0x23 0x3 0x27 0x3 0x29 0x3 0x2c 0x3 0x2d 0x3 0x30 0x3 0x32 0x0 0x3 0x86 0x8c 0x8a 0x8e 0x4d 0x80 0x4f 0x80 0xa6 0x82 0xeb 0x7b 0x60 0x67 0x5a 0x5a 0x31 0x27 0xbe 0xff 0x73 0xe7 0x15 0xee 0x0 0x0 0x0 0x0 0x0 0x0 0x9 0x7b 0x0 0xa4 0xa4 0x0 0x4 0xb9 0x5 0x0 0x0
1787978980198,0x1 0x8b 0xd 0x52 0xa2 0xb6 0x60 0xd 0x0 0x0 0xd 0x25 0x36 0x0 0x4d 0x14 0x64 0x14 0x73 0x0 0xa9 0x2 0xa3 0x2 0x0 0x28 0x65 0x1 0x0 0x9b 0x0 0xa7 0x0 0x65 0x0 0x62 0x0 0xa2 0xa2 0xa2 0xa2 0xa2 0xa2 0x2f 0x3 0x30 0x3 0x2c 0x3 0x2d 0x3 0x32 0x3 0x33 0x3 0x2c 0x3 0x2d 0x3 0x32 0x0 0x3 0x85 0x8b 0x8a 0x8e 0x4d 0x80 0x4f 0x80 0xa6 0x82 0xeb 0x7b 0x60 0x67 0x5a 0x5a 0x33 0x27 0xc0 0xff 0x73 0xe7 0x15 0xee 0x0 0x0 0x0 0x0 0x0 0x0 0x9 0x7b 0x0 0xa4 0xa4 0x0 0x4 0xac 0x5 0x0 0x0
1787978980422,0x1 0x8b 0xd 0x52 0xa2 0xb6 0x60 0xd 0x0 0x0 0xd 0x24 0x36 0x0 0x3d 0x14 0x3 0x14 0x73 0x0 0xab 0x2 0xa3 0x2 0x0 0x28 0x65 0x1 0x0 0x93 0x0 0xa6 0x0 0x65 0x0 0x62 0x0 0xa2 0xa2 0xa2 0xa2 0xa2 0xa2 0x22 0x3 0x21 0x3 0x1e 0x3 0x1f 0x3 0x1b 0x3 0x1d 0x3 0x1c 0x3 0x1d 0x3 0x32 0x0 0x3 0x83 0x8a 0x8a 0x8e 0x4d 0x80 0x4f 0x80 0xa6 0x82 0xeb 0x7b 0x60 0x67 0x5a 0x5a 0x2b 0x27 0xb8 0xff 0x73 0xe7 0x15 0xee 0x0 0x0 0x0 0x0 0x0 0x0 0x9 0x7b 0x0 0xa4 0xa4 0x0 0x4 0xac 0x5 0x0 0x0
1787978980646,0x1 0x8c 0xd 0x52 0xa2 0xb6 0x60 0xd 0x0 0x0 0xd 0x24 0x34 0x0 0xa2 0x13 0xdd 0x13 0x73 0x0 0xa6 0x2 0xa3 0x2 0x0 0x28 0x65 0x1 0x0 0x91 0x0 0xa3 0x0 0x65 0x0 0x62 0x0 0xa2 0xa2 0xa2 0xa2 0xa2 0xa2 0x16 0x3 0x1c 0x3 0x19 0x3 0x1c 0x3 0x1c 0x3 0x1a 0x3 0x16 0x3 0x18 0x3 0x32 0x0 0x3 0x82 0x88 0x8a 0x8e 0x4d 0x80 0x4f 0x80 0xa6 0x82 0xeb 0x7b 0x60 0x67 0x5a 0x5a 0x25 0x27 0xb2 0xff 0x73 0xe7 0x15 0xee 0x0 0x0 0x0 0x0 0x0 0x0 0x9 0x7b 0x0 0xa4 0xa4 0x0 0x4 0x9f 0x5 0x0 0x0
1787978980871,0x1 0x89 0xd 0x52 0xa2 0xb6 0x60 0xd 0x0 0x0 0xd 0x24 0x35 0x0 0x1a 0x14 0x8 0x14 0x73 0x0 0xa3 0x2 0xa3 0x2 0x0 0x28 0x65 0x1 0x0 0x77 0x0 0x9b 0x0 0x64 0x0 0x64 0x0 0xa0 0xa0 0xa0 0xa0 0xa0 0xa0 0x17 0x3 0x1a 0x3 0x18 0x3 0x1f 0x3 0x1b 0x3 0x18 0x3 0x18 0x3 0x1a 0x3 0x32 0x0 0x3 0x81 0x87 0x8a 0x8e 0x4d 0x80 0x4f 0x80 0xa6 0x82 0xeb 0x7b 0x60 0x67 0x5a 0x5a 0x2d 0x27 0xba 0xff 0x73 0xe7 0x15 0xee 0x0 0x0 0x0 0x0 0x0 0x0 0x9 0x7b 0x0 0xa4 0xa4 0x0 0x4 0xcb 0x5 0x0 0x0
1787978981094,0x1 0x8c 0xd 0x52 0xa2 0xb6 0x60 0xd 0x0 0x0 0xd 0x24 0x36 0x0 0x83 0x14 0x3c 0x14 0x73 0x0 0xa2 0x2 0xa3 0x2 0x0 0x28 0x65 0x1 0x0 0x2b 0x0 0x93 0x0 0x64 0x0 0x64 0x0 0x9f 0x9f 0x9f 0x9f 0x9f 0x9f 0x2c 0x3 0x19 0x3 0x2f 0x3 0x1c 0x3 0x17 0x3 0x19 0x3 0x33 0x3 0x1c 0x3 0x32 0x0 0x3 0x89 0x86 0x89 0x8e 0x4d 0x80 0x4f 0x80 0xa6 0x82 0xeb 0x7b 0x60 0x67 0x5a 0x5a 0x2f 0x27 0xbc 0xff 0x73 0xe7 0x15 0xee 0x0 0x0 0x0 0x0 0x0 0x0 0x9 0x7b 0x0 0xa4 0xa4 0x0 0x4 0x9f 0x5 0x0 0x0
1787978981318,0x1 0x8b 0xd 0x52 0xa2 0xb6 0x60 0xd 0x0 0x0 0xd 0x25 0x36 0x0 0x83 0x14 0x4d 0x14 0x73 0x0 0xa2 0x2 0xa3 0x2 0x0 0x28 0x65 0x1 0x0 0x19 0x0 0x60 0x0 0x65 0x0 0x65 0x0 0x9f 0x9f 0x9f 0x9f 0x9f 0x9f 0x35 0x3 0x1d 0x3 0x37 0x3 0x1b 0x3 0x37 0x3 0x1a 0x3 0x38 0x3 0x1a 0x3 0x32 0x0 0x3 0x8a 0x85 0x89 0x8e 0x4d 0x80 0x4f 0x80 0xa6 0x82 0xeb 0x7b 0x60 0x67 0x5a 0x5a 0x31 0x27 0xbe 0xff 0x73 0xe7 0x15 0xee 0x0 0x0 0x0 0x0 0x0 0x0 0x9 0x7b 0x0 0xa4 0xa4 0x0 0x4 0xac 0x5 0x0 0x0
1787978981542,0x1 0x8c 0xd 0x52 0xa2 0xb6 0x60 0xd 0x0 0x0 0xd 0x23 0x35 0x0 0xe5 0x13 0x1b 0x14 0x73 0x0 0xaa 0x2 0xa3 0x2 0x0 0x28 0x65 0x1 0x0 0x15 0x0 0x2c 0x0 0x64 0x0 0x65 0x0 0xa3 0xa3 0xa3 0xa3 0xa3 0xa3 0x36 0x3 0x29 0x3 0x38 0x3 0x2d 0x3 0x39 0x3 0x2c 0x3 0x34 0x3 0x29 0x3 0x32 0x0 0x3 0x8b 0x8d 0x89 0x8e 0x4d 0x80 0x4f 0x80 0xa6 0x82 0xeb 0x7b 0x62 0x6b 0x5a 0x5a 0x2f 0x27 0xbc 0xff 0x73 0xe7 0x15 0xee 0x0 0x0 0x0 0x0 0x0 0x0 0x9 0x7b 0x0 0xa4 0xa4 0x0 0x4 0x9f 0x5 0x0 0x0
1787978981766,0x1 0x89 0xd 0x52 0xa2 0xb6 0x60 0xd 0x0 0x0 0xd 0x24 0x35 0x0 0xfb 0x13 0xfb 0x13 0x73 0x0 0xa7 0x2 0xa3 0x2 0x0 0x28 0x65 0x1 0x0 0x16 0x0 0x1f 0x0 0x64 0x0 0x66 0x0 0xa1 0xa1 0xa1 0xa1 0xa1 0xa1 0x32 0x3 0x28 0x3 0x34 0x3 0x2d 0x3 0x37 0x3 0x28 0x3 0x34 0x3 0x29 0x3 0x32 0x0 0x3 0x8d 0x8e 0x89 0x8e 0x4d 0x80 0x4f 0x80 0xa6 0x82 0xeb 0x7b 0x62 0x6b 0x5a 0x5a 0x2d 0x27 0xba 0xff 0x73 0xe7 0x15 0xee 0x0 0x0 0x0 0x0 0x0 0x0 0x9 0x7b 0x0 0xa4 0xa4 0x0 0x4 0xcb 0x5 0x0 0x0
1787978981990,0x1 0x8a 0xd 0x52 0xa2 0xb6 0x60 0xd 0x0 0x0 0xd 0x24 0x35 0x0 0x1a 0x14 0xff 0x13 0x73 0x0 0xa3 0x2 0xa3 0x2 0x0 0x28 0x65 0x1 0x0 0x1b 0x0 0x1c 0x0 0x63 0x0 0x66 0x0 0xa0 0xa0 0xa0 0xa0 0xa0 0xa0 0x3c 0x3 0x2d 0x3 0x37 0x3 0x2e 0x3 0x3b 0x3 0x30 0x3 0x3b 0x3 0x2f 0x3 0x32 0x0 0x3 0x8e 0x90 0x89 0x8e 0x4d 0x80 0x4f 0x80 0xa6 0x82 0xeb 0x7b 0x62 0x6b 0x5a 0x5a 0x33 0x27 0xc0 0xff 0x73 0xe7 0x15 0xee 0x0 0x0 0x0 0x0 0x0 0x0 0x9 0x7b 0x0 0xa4 0xa4 0x0 0x4 0xb9 0x5 0x0 0x0
1787978982214,0x1 0x8b 0xd 0x52 0xa2 0xb6 0x60 0xd 0x0 0x0 0xd 0x24 0x35 0x0 0x12 0x14 0x17 0x14 0x73 0x0 0xa4 0x2 0xa3 0x2 0x0 0x28 0x65 0x1 0x0 0x40 0x0 0x1b 0x0 0x63 0x0 0x67 0x0 0xa0 0xa0 0xa0 0xa0 0xa0 0xa0 0x3e 0x3 0x33 0x3 0x3f 0x3 0x35 0x3 0x3f 0x3 0x35 0x3 0x3f 0x3 0x35 0x3 0x32 0x0 0x3 0x8f 0x91 0x89 0x8e 0x4d 0x80 0x4f 0x80 0xa6 0x82 0xeb 0x7b 0x62 0x6b 0x5a 0x5a 0x31 0x27 0xbe 0xff 0x73 0xe7 0x15 0xee 0x0 0x0 0x0 0x0 0x0 0x0 0x9 0x7b 0x0 0xa4 0xa4 0x0 0x4 0xac 0x5 0x0 0x0
1787978982438,0x1 0x8b 0xd 0x52 0xa2 0xb6 0x60 0xd 0x0 0x0 0xd 0x24 0x35 0x0 0xec 0x13 0xa 0x14 0x73 0x0 0xa9 0x2 0xa3 0x2 0x0 0x28 0x65 0x1 0x0 0x80 0x0 0x1d 0x0 0x63 0x0 0x67 0x0 0xa2 0xa2 0xa2 0xa2 0xa2 0xa2 0x2b 0x3 0x35 0x3 0x45 0x3 0x3c 0x3 0x45 0x3 0x3a 0x3 0x2a 0x3 0x35 0x3 0x32 0x0 0x3 0x88 0x92 0x88 0x8e 0x4d 0x80 0x4f 0x80 0xa6 0x82 0xeb 0x7b 0x61 0x6a 0x5a 0x5a 0x2f 0x27 0xbc 0xff 0x73 0xe7 0x15 0xee 0x0 0x0 0x0 0x0 0x0 0x0 0x9 0x7b 0x0 0xa4 0xa4 0x0 0x4 0xac 0x5 0x0 0x0
1787978982662,0x1 0x89 0xd 0x52 0xa2 0xb6 0x60 0xd 0x0 0x0 0xd 0x23 0x35 0x0 0x12 0x14 0x1f 0x14 0x73 0x0 0xa4 0x2 0xa3 0x2 0x0 0x28 0x65 0x1 0x0 0x9e 0x0 0x37 0x0 0x62 0x0 0x67 0x0 0xa0 0xa0 0xa0 0xa0 0xa0 0xa0 0x2d 0x3 0x3a 0x3 0x2b 0x3 0x3d 0x3 0x2e 0x3 0x3c 0x3 0x2a 0x3 0x3d 0x3 0x32 0x0 0x3 0x87 0x94 0x88 0x8e 0x4d 0x80 0x4f 0x80 0xa6 0x82 0xeb 0x7b 0x61 0x6a 0x5a 0x5a 0x2b 0x27 0xb8 0xff 0x73 0xe7 0x15 0xee 0x0 0x0 0x0 0x0 0x0 0x0 0x9 0x7b 0x0 0xa4 0xa4 0x0 0x4 0xcb 0x5 0x0 0x0
1787978982885,0x1 0x89 0xd 0x52 0xa2 0xb6 0x60 0xd 0x0 0x0 0xd 0x23 0x35 0x0 0x3 0x14 0xf5 0x13 0x73 0x0 0xa6 0x2 0xa3 0x2 0x0 0x28 0x65 0x1 0x0 0xa5 0x0 0x7c 0x0 0x63 0x0 0x68 0x0 0xa2 0xa2 0xa2 0xa2 0xa2 0xa2 0x25 0x3 0x3c 0x3 0x25 0x3 0x3b 0x3 0x22 0x3 0x3a 0x3 0x22 0x3 0x3b 0x3 0x32 0x0 0x3 0x86 0x95 0x88 0x8e 0x4d 0x80 0x4f 0x80 0xa6 0x82 0xeb 0x7b 0x61 0x6a 0x5a 0x5a 0x27 0x27 0xb4 0xff 0x73 0xe7 0x15 0xee 0x0 0x0 0x0 0x0 0x0 0x0 0x9 0x7b 0x0 0xa4 0xa4 0x0 0x4 0xcb 0x5 0x0 0x0
1787978983109,0x1 0x8b 0xd 0x52 0xa2 0xb6 0x60 0xd 0x0 0x0 0xd 0x23 0x34 0x0 0x9b 0x13 0x5 0x14 0x73 0x0 0xa7 0x2 0xa3 0x2 0x0 0x28 0x65 0x1 0x0 0xa1 0x0 0x9e 0x0 0x64 0x0 0x68 0x0 0xa1 0xa1 0xa1 0xa1 0xa1 0xa1 0x1e 0x3 0x3c 0x3 0x27 0x3 0x46 0x3 0x27 0x3 0x3f 0x3 0x1e 0x3 0x26 0x3 0x32 0x0 0x3 0x84 0x8d 0x88 0x8c 0x4d 0x80 0x4f 0x80 0xa6 0x82 0xeb 0x7b 0x61 0x6a 0x5a 0x5a 0x27 0x27 0xb4 0xff 0x73 0xe7 0x15 0xee 0x0 0x0 0x0 0x0 0x0 0x0 0x9 0x7b 0x0 0xa4 0xa4 0x0 0x4 0xac 0x5 0x0 0x0
1787978983333,0x1 0x8b 0xd 0x52 0xa2 0xb6 0x60 0xd 0x0 0x0 0xd 0x23 0x35 0x0 0x3 0x14 0x20 0x14 0x73 0x0 0xa6 0x2 0xa3 0x2 0x0 0x28 0x65 0x1 0x0 0x97 0x0 0xa5 0x0 0x64 0x0 0x68 0x0 0xa1 0xa1 0xa1 0xa1 0xa1 0xa1 0x21 0x3 0x25 0x3 0x1e 0x3 0x25 0x3 0x1f 0x3 0x26 0x3 0x1e 0x3 0x25 0x3 0x32 0x0 0x3 0x83 0x8b 0x88 0x8c 0x4d 0x80 0x4f 0x80 0xa6 0x82 0xeb 0x7b 0x61 0x6a 0x5a 0x5a 0x23 0x27 0xb0 0xff 0x73 0xe7 0x15 0xee 0x0 0x0 0x0 0x0 0x0 0x0 0x9 0x7b 0x0 0xa4 0xa4 0x0 0x4 0xac 0x5 0x0 0x0
1787978983557,0x1 0x89 0xd 0x52 0xa2 0xb6 0x60 0xd 0x0 0x0 0xd 0x22 0x33 0x0 0x75 0x13 0x20 0x14 0x73 0x0 0x9f 0x2 0xa3 0x2 0x0 0x28 0x65 0x1 0x0 0x6f 0x0 0xa4 0x0 0x65 0x0 0x69 0x0 0x9d 0x9d 0x9d 0x9d 0x9d 0x9d 0x24 0x3 0x2b 0x3 0x23 0x3 0x25 0x3 0x1f 0x3 0x29 0x3 0x1e 0x3 0x25 0x3 0x32 0x0 0x3 0x82 0x8a 0x88 0x8c 0x4d 0x80 0x4f 0x80 0xa6 0x82 0xeb 0x7b 0x61 0x6a 0x5a 0x5a 0x31 0x27 0xbe 0xff 0x73 0xe7 0x15 0xee 0x0 0x0 0x0 0x0 0x0 0x0 0x9 0x7b 0x0 0xa4 0xa4 0x0 0x4 0xcb 0x5 0x0 0x0
1787978983781,0x1 0x8a 0xd 0x52 0xa2 0xb6 0x60 0xd 0x0 0x0 0xd 0x25 0x36 0x0 0x7b 0x14 0x74 0x14 0x73 0x0 0xa3 0x2 0xa3 0x2 0x0 0x28 0x65 0x1 0x0 0x2e 0x0 0xa2 0x0 0x64 0x0 0x6a 0x0 0xa0 0xa0 0xa0 0xa0 0xa0 0xa0 0x1a 0x3 0x23 0x3 0x36 0x3 0x2a 0x3 0x3c 0x3 0x29 0x3 0x3b 0x3 0x29 0x3 0x32 0x0 0x3 0x8a 0x89 0x89 0x8c 0x4d 0x80 0x4f 0x80 0xa6 0x82 0xeb 0x7b 0x61 0x6a 0x5a 0x5a 0x37 0x27 0xc4 0xff 0x73 0xe7 0x15 0xee 0x0 0x0 0x0 0x0 0x0 0x0 0x9 0x7b 0x0 0xa4 0xa4 0x0 0x4 0xb9 0x5 0x0 0x0
1787978984004,0x1 0x8b 0xd 0x52 0xa2 0xb6 0x60 0xd 0x0 0x0 0xd 0x24 0x36 0x0 0x5c 0x14 0x40 0x14 0x73 0x0 0xa7 0x2 0xa3 0x2 0x0 0x28 0x65 0x1 0x0 0x1b 0x0 0x9b 0x0 0x64 0x0 0x6a 0x0 0xa2 0xa2 0xa2 0xa2 0xa2 0xa2 0x38 0x3 0x27 0x3 0x37 0x3 0x1f 0x3 0x35 0x3 0x1f 0x3 0x38 0x3 0x1f 0x3 0x32 0x0 0x3 0x8b 0x87 0x89 0x8c 0x4d 0x80 0x4f 0x80 0xa6 0x82 0xeb 0x7b 0x61 0x6a 0x5a 0x5a 0x35 0x27 0xc2 0xff 0x73 0xe7 0x15 0xee 0x0 0x0 0x0 0x0 0x0 0x0 0x9 0x7b 0x0 0xa4 0xa4 0x0 0x4 0xac 0x5 0x0 0x0
1787978984228,0x1 0x8c 0xd 0x52 0xa2 0xb6 0x60 0xd 0x0 0x0 0xd 0x24 0x35 0x0 0x3 0x14 0x29 0x14 0x73 0x0 0xa6 0x2 0xa3 0x2 0x0 0x28 0x65 0x1 0x0 0x17 0x0 0x96 0x0 0x64 0x0 0x6b 0x0 0xa2 0xa2 0xa2 0xa2 0xa2 0xa2 0x3a 0x3 0x1a 0x3 0x3a 0x3 0x1f 0x3 0x39 0x3 0x1f 0x3 0x38 0x3 0x1a 0x3 0x32 0x0 0x3 0x8c 0x86 0x89 0x8c 0x4d 0x80 0x4f 0x80 0xa6 0x82 0xeb 0x7b 0x61 0x6a 0x5a 0x5a 0x33 0x27 0xc0 0xff 0x73 0xe7 0x15 0xee 0x0 0x0 0x0 0x0 0x0 0x0 0x9 0x7b 0x0 0xa4 0xa4 0x0 0x4 0x9f 0x5 0x0 0x0
1787978984453,0x1 0x89 0xd 0x52 0xa2 0xb6 0x60 0xd 0x0 0x0 0xd 0x24 0x34 0x0 0xc8 0x13 0xa 0x14 0x73 0x0 0xa1 0x2 0xa3 0x2 0x0 0x28 0x65 0x1 0x0 0x1c 0x0 0x88 0x0 0x63 0x0 0x6c 0x0 0x9e 0x9e 0x9e 0x9e 0x9e 0x9e 0x3d 0x3 0x18 0x3 0x3c 0x3 0x14 0x3 0x3a 0x3 0x1a 0x3 0x3b 0x3 0x14 0x3 0x32 0x0 0x3 0x8e 0x85 0x89 0x8c 0x4d 0x80 0x4f 0x80 0xa6 0x82 0xeb 0x7b 0x61 0x6a 0x5a 0x5a 0x35 0x27 0xc2 0xff 0x73 0xe7 0x15 0xee 0x0 0x0 0x0 0x0 0x0 0x0 0x9 0x7b 0x0 0xa4 0xa4 0x0 0x4 0xcb 0x5 0x0 0x0
1787978984676,0x1 0x8a 0xd 0x52 0xa2 0xb6 0x60 0xd 0x0 0x0 0xd 0x23 0x34 0x0 0x9b 0x13 0xd2 0x13 0x73 0x0 0xa7 0x2 0xa3 0x2 0x0 0x28 0x65 0x1 0x0 0x4c 0x0 0x48 0x0 0x63 0x0 0x6d 0x0 0xa2 0xa2 0xa2 0xa2 0xa2 0xa2 0x3b 0x3 0x12 0x3 0x3a 0x3 0xe 0x3 0x37 0x3 0x1e 0x3 0x36 0x3 0x1e 0x3 0x32 0x0 0x3 0x8f 0x8c 0x89 0x8c 0x4d 0x80 0x4f 0x80 0xa6 0x82 0xeb 0x7b 0x61 0x6a 0x5a 0x5a 0x33 0x27 0xc0 0xff 0x73 0xe7 0x15 0xee 0x0 0x0 0x0 0x0 0x0 0x0 0x9 0x7b 0x0 0xa4 0xa4 0x0 0x4 0xb9 0x5 0x0 0x0
1787978984900,0x1 0x8b 0xd 0x52 0xa2 0xb6 0x60 0xd 0x0 0x0 0xd 0x25 0x36 0x0 0x6b 0x14 0x25 0x14 0x73 0x0 0xa5 0x2 0xa3 0x2 0x0 0x28 0x65 0x1 0x0 0x86 0x0 0x24 0x0 0x62 0x0 0x6d 0x0 0xa1 0xa1 0xa1 0xa1 0xa1 0xa1 0x2e 0x3 0x1f 0x3 0x3a 0x3 0x24 0x3 0x3f 0x3 0x29 0x3 0x2e 0x3 0x2c 0x3 0x32 0x0 0x3 0x88 0x8d 0x89 0x8c 0x4d 0x80 0x4f 0x80 0xa6 0x82 0xeb 0x7b 0x61 0x6a 0x5a 0x5a 0x35 0x27 0xc2 0xff 0x73 0xe7 0x15 0xee 0x0 0x0 0x0 0x0 0x0 0x0 0x9 0x7b 0x0 0xa4 0xa4 0x0 0x4 0xac 0x5 0x0 0x0
1787978985125,0x1 0x8b 0xd 0x52 0xa2 0xb6 0x60 0xd 0x0 0x0 0xd 0x24 0x35 0x0 0xb 0x14 0x11 0x14 0x73 0x0 0xa5 0x2 0xa3 0x2 0x0 0x28 0x65 0x1 0x0 0x9d 0x0 0x16 0x0 0x63 0x0 0x6d 0x0 0xa1 0xa1 0xa1 0xa1 0xa1 0xa1 0x2b 0x3 0x2b 0x3 0x28 0x3 0x2e 0x3 0x2e 0x3 0x30 0x3 0x28 0x3 0x2d 0x3 0x32 0x0 0x3 0x86 0x8e 0x89 0x8c 0x4d 0x80 0x4f 0x80 0xa6 0x82 0xeb 0x7b 0x61 0x6a 0x5a 0x5a 0x31 0x27 0xbe 0xff 0x73 0xe7 0x15 0xee 0x0 0x0 0x0 0x0 0x0 0x0 0x9 0x7b 0x0 0xa4 0xa4 0x0 0x4 0xac 0x5 0x0 0x0
1787978985348,0x1 0x8b 0xd 0x52 0xa2 0xb6 0x60 0xd 0x0 0x0 0xd 0x25 0x37 0x0 0xcc 0x14 0x47 0x14 0x73 0x0 0xa5 0x2 0xa3 0x2 0x0 0x28 0x65 0x1 0x0 0xa0 0x0 0x14 0x0 0x63 0x0 0x6d 0x0 0xa1 0xa1 0xa1 0xa1 0xa1 0xa1 0x24 0x3 0x2e 0x3 0x26 0x3 0x37 0x3 0x27 0x3 0x2d 0x3 0x2b 0x3 0x37 0x3 0x32 0x0 0x3 0x85 0x90 0x89 0x8c 0x4d 0x80 0x4f 0x80 0xa6 0x82 0xeb 0x7b 0x62 0x6b 0x5a 0x5a 0x2f 0x27 0xbc 0xff 0x73 0xe7 0x15 0xee 0x0 0x0 0x0 0x0 0x0 0x0 0x9 0x7b 0x0 0xa4 0xa4 0x0 0x4 0xac 0x5 0x0 0x0
1787978985572,0x1 0x89 0xd 0x52 0xa2 0xb6 0x60 0xd 0x0 0x0 0xd 0x24 0x35 0x0 0x12 0x14 0x34 0x14 0x73 0x0 0xa4 0x2 0xa3 0x2 0x0 0x28 0x65 0x1 0x0 0x99 0x0 0x14 0x0 0x63 0x0 0x6d 0x0 0xa0 0xa0 0xa0 0xa0 0xa0 0xa0 0x25 0x3 0x35 0x3 0x26 0x3 0x39 0x3 0x26 0x3 0x39 0x3 0x25 0x3 0x39 0x3 0x32 0x0 0x3 0x84 0x91 0x89 0x8c 0x4d 0x80 0x4f 0x80 0xa6 0x82 0xeb 0x7b 0x62 0x6b 0x5a 0x5a 0x2b 0x27 0xb8 0xff 0x73 0xe7 0x15 0xee 0x0 0x0 0x0 0x0 0x0 0x0 0x9 0x7b 0x0 0xa4 0xa4 0x0 0x4 0xcb 0x5 0x0 0x0
1787978985796,0x1 0x8c 0xd 0x52 0xa2 0xb6 0x60 0xd 0x0 0x0 0xd 0x24 0x35 0x0 0xfb 0x13 0x38 0x14 0x73 0x0 0xa7 0x2 0xa3 0x2 0x0 0x28 0x65 0x1 0x0 0x90 0x0 0x17 0x0 0x64 0x0 0x6d 0x0 0xa2 0xa2 0xa2 0xa2 0xa2 0xa2 0x23 0x3 0x3a 0x3 0x20 0x3 0x3a 0x3 0x20 0x3 0x3c 0x3 0x20 0x3 0x3a 0x3 0x32 0x0 0x3 0x82 0x92 0x89 0x8c 0x4d 0x80 0x4f 0x80 0xa6 0x82 0xeb 0x7b 0x62 0x6b 0x5a 0x5a 0x23 0x27 0xb4 0xff 0x73 0xe7 0x15 0xee 0x0 0x0 0x0 0x0 0x0 0x0 0x9 0x7b 0x0 0xa4 0xa4 0x0 0x4 0x9f 0x5 0x0 0x0
1787978986020,0x1 0x8b 0xd 0x52 0xa2 0xb6 0x60 0xd 0x0 0x0 0xd 0x24 0x36 0x0 0x64 0x14 0x56 0x14 0x73 0x0 0xa6 0x2 0xa3 0x2 0x0 0x28 0x65 0x1 0x0 0x69 0x0 0x2e 0x0 0x63 0x0 0x6e 0x0 0xa1 0xa1 0xa1 0xa1 0xa1 0xa1 0x21 0x3 0x41 0x3 0x1f 0x3 0x3e 0x3 0x22 0x3 0x41 0x3 0x1f 0x3 0x41 0x3 0x32 0x0 0x3 0x81 0x93 0x89 0x8c 0x4d 0x80 0x4f 0x80 0xa6 0x82 0xeb 0x7b 0x62 0x6b 0x5a 0x5a 0x23 0x27 0xb4 0xff 0x73 0xe7 0x15 0xee 0x0 0x0 0x0 0x0 0x0 0x0 0x9 0x7b 0x0 0xa4 0xa4 0x0 0x4 0xac 0x5 0x0 0x0
1787978986244,0x1 0x8b 0xd 0x52 0xa2 0xb6 0x60 0xd 0x0 0x0 0xd 0x23 0x35 0x0 0x1a 0x14 0x6b 0x14 0x73 0x0 0xa3 0x2 0xa3 0x2 0x0 0x28 0x65 0x1 0x0 0x2d 0x0 0x79 0x0 0x64 0x0 0x6d 0x0 0x9e 0x9e 0x9e 0x9e 0x9e 0x9e 0x37 0x3 0x46 0x3 0x39 0x3 0x4b 0x3 0x3b 0x3 0x4a 0x3 0x3b 0x3 0x4b 0x3 0x32 0x0 0x3 0x89 0x95 0x88 0x8c 0x4d 0x80 0x4f 0x80 0xa6 0x82 0xeb 0x7b 0x62 0x6b 0x5a 0x5a 0x27 0x27 0xb8 0xff 0x73 0xe7 0x15 0xee 0x0 0x0 0x0 0x0 0x0 0x0 0x9 0x7b 0x0 0xa4 0xa4 0x0 0x4 0xac 0x5 0x0 0x0
1787978986468,0x1 0x89 0xd 0x52 0xa2 0xb6 0x60 0xd 0x0 0x0 0xd 0x24 0x36 0x0 0x45 0x14 0x5f 0x14 0x73 0x0 0xaa 0x2 0xa3 0x2 0x0 0x28 0x65 0x1 0x0 0x1b 0x0 0x9a 0x0 0x63 0x0 0x6d 0x0 0xa3 0xa3 0xa3 0xa3 0xa3 0xa3 0x36 0x3 0x45 0x3 0x3b 0x3 0x49 0x3 0x3a 0x3 0x46 0x3 0x3a 0x3 0x46 0x3 0x32 0x0 0x3 0x8b 0x8d 0x88 0x8c 0x4d 0x80 0x4f 0x80 0xa6 0x82 0xeb 0x7b 0x62 0x6b 0x5a 0x5a 0x27 0x27 0xb8 0xff 0x73 0xe7 0x15 0xee 0x0 0x0 0x0 0x0 0x0 0x0 0x9 0x7b 0x0 0xa4 0xa4 0x0 0x4 0xcb 0x5 0x0 0x0
1787978986692,0x1 0x8b 0xd 0x52 0xa2 0xb6 0x60 0xd 0x0 0x0 0xd 0x22 0x33 0x0 0x1e 0x13 0xae 0x13 0x73 0x0 0xab 0x2 0xa3 0x2 0x0 0x28 0x65 0x1 0x0 0x16 0x0 0xa6 0x0 0x63 0x0 0x6e 0x0 0xa2 0xa2 0xa2 0xa2 0xa2 0xa2 0x2c 0x3 0x19 0x3 0x36 0x3 0x2a 0x3 0x32 0x3 0x20 0x3 0x28 0x3 0x19 0x3 0x32 0x0 0x3 0x8c 0x8b 0x88 0x8c 0x4d 0x80 0x4f 0x80 0xa6 0x82 0xeb 0x7b 0x62 0x6b 0x5a 0x5a 0x21 0x27 0xb2 0xff 0x73 0xe7 0x15 0xee 0x0 0x0 0x0 0x0 0x0 0x0 0x9 0x7b 0x0 0xa4 0xa4 0x0 0x4 0xac 0x5 0x0 0x0
1787978986917,0x1 0x8c 0xd 0x52 0xa2 0xb6 0x60 0xd 0x0 0x0 0xd 0x24 0x35 0x0 0x50 0x14 0x26 0x14 0x73 0x0 0x9c 0x2 0xa3 0x2 0x0 0x28 0x65 0x1 0x0 0x21 0x0 0xa9 0x0 0x63 0x0 0x6f 0x0 0x9a 0x9a 0x9a 0x9a 0x9a 0x9a 0x31 0x3 0x1f 0x3 0x3a 0x3 0x26 0x3 0x2f 0x3 0x1d 0x3 0x3d 0x3 0x26 0x3 0x32 0x0 0x3 0x8d 0x8a 0x88 0x8c 0x4d 0x80 0x4f 0x80 0xa6 0x82 0xeb 0x7b 0x62 0x6b 0x5a 0x5a 0x23 0x27 0xb4 0xff 0x73 0xe7 0x15 0xee 0x0 0x0 0x0 0x0 0x0 0x0 0x9 0x7b 0x0 0xa4 0xa4 0x0 0x4 0x9f 0x5 0x0 0x0
1787978987140,0x1 0x8b 0xd 0x52 0xa2 0xb6 0x60 0xd 0x0 0x0 0xd 0x23 0x35 0x0 0x12 0x14 0x3b 0x14 0x73 0x0 0xa4 0x2 0xa3 0x2 0x0 0x28 0x65 0x1 0x0 0x68 0x0 0xa6 0x0 0x63 0x0 0x70 0x0 0xa0 0xa0 0xa0 0xa0 0xa0 0xa0 0x3b 0x3 0x21 0x3 0x3f 0x3 0x25 0x3 0x42 0x3 0x22 0x3 0x42 0x3 0x25 0x3 0x32 0x0 0x3 0x8e 0x89 0x88 0x8c 0x4d 0x80 0x4f 0x80 0xa6 0x82 0xeb 0x7b 0x62 0x6b 0x5a 0x5a 0x2f 0x27 0xc0 0xff 0x73 0xe7 0x15 0xee 0x0 0x0 0x0 0x0 0x0 0x0 0x9 0x7b 0x0 0xa4 0xa4 0x0 0x4 0xac 0x5 0x0 0x0
1787978987364,0x1 0x89 0xd 0x52 0xa2 0xb6 0x60 0xd 0x0 0x0 0xd 0x23 0x35 0x0 0xd6 0x13 0x16 0x14 0x73 0x0 0xac 0x2 0xa3 0x2 0x0 0x28 0x65 0x1 0x0 0x91 0x0 0x9e 0x0 0x63 0x0 0x70 0x0 0xa3 0xa3 0xa3 0xa3 0xa3 0xa3 0x24 0x3 0x27 0x3 0x2f 0x3 0x23 0x3 0x2a 0x3 0x1e 0x3 0x24 0x3 0x1a 0x3 0x32 0x0 0x3 0x86 0x88 0x88 0x8c 0x4d 0x80 0x4f 0x80 0xa6 0x82 0xeb 0x7b 0x64 0x6e 0x5a 0x5a 0x2d 0x27 0xbe 0xff 0x73 0xe7 0x15 0xee 0x0 0x0 0x0 0x0 0x0 0x0 0x9 0x7b 0x0 0xa4 0xa4 0x0 0x4 0xcb 0x5 0x0 0x0
1787978987589,0x1 0x8a 0xd 0x52 0xa2 0xb6 0x60 0xd 0x0 0x0 0xd 0x24 0x36 0x0 0x54 0x14 0x1f 0x14 0x73 0x0 0xa8 0x2 0xa3 0x2 0x0 0x28 0x65 0x1 0x0 0xa0 0x0 0x98 0x0 0x63 0x0 0x71 0x0 0xa2 0xa2 0xa2 0xa2 0xa2 0xa2 0x22 0x3 0x18 0x3 0x20 0x3 0x1b 0x3 0x22 0x3 0x16 0x3 0x22 0x3 0x18 0x3 0x32 0x0 0x3 0x85 0x86 0x88 0x8c 0x4d 0x80 0x4f 0x80 0xa6 0x82 0xeb 0x7b 0x64 0x6e 0x5a 0x5a 0x29 0x27 0xba 0xff 0x73 0xe7 0x15 0xee 0x0 0x0 0x0 0x0 0x0 0x0 0x9 0x7b 0x0 0xa4 0xa4 0x0 0x4 0xb9 0x5 0x0 0x0
1787978987812,0x1 0x8a 0xd 0x52 0xa2 0xb6 0x60 0xd 0x0 0x0 0xd 0x25 0x36 0x0 0xba 0x14 0x7c 0x14 0x73 0x0 0x9b 0x2 0xa3 0x2 0x0 0x28 0x65 0x1 0x0 0x9e 0x0 0x89 0x0 0x64 0x0 0x72 0x0 0x9b 0x9b 0x9b 0x9b 0x9b 0x9b 0x29 0x3 0x1f 0x3 0x2a 0x3 0x20 0x3 0x26 0x3 0x1c 0x3 0x2c 0x3 0x20 0x3 0x32 0x0 0x3 0x83 0x85 0x88 0x8c 0x4d 0x80 0x4f 0x80 0xa6 0x82 0xeb 0x7b 0x64 0x6e 0x5a 0x5a 0x2f 0x27 0xc0 0xff 0x73 0xe7 0x15 0xee 0x0 0x0 0x0 0x0 0x0 0x0 0x9 0x7b 0x0 0xa4 0xa4 0x0 0x4 0xb9 0x5 0x0 0x0
1787978988035,0x1 0x8b 0xd 0x52 0xa2 0xb6 0x60 0xd 0x0 0x0 0xd 0x24 0x36 0x0 0x92 0x14 0x98 0x14 0x73 0x0 0xa0 0x2 0xa3 0x2 0x0 0x28 0x65 0x1 0x0 0x97 0x0 0x37 0x0 0x64 0x0 0x72 0x0 0x9f 0x9f 0x9f 0x9f 0x9f 0x9f 0x30 0x3 0x23 0x3 0x2b 0x3 0x38 0x3 0x2c 0x3 0x25 0x3 0x2c 0x3 0x38 0x3 0x32 0x0 0x3 0x82 0x8c 0x88 0x8c 0x4d 0x80 0x4f 0x80 0xa6 0x82 0xeb 0x7b 0x64 0x6e 0x5a 0x5a 0x3b 0x27 0xcc 0xff 0x73 0xe7 0x15 0xee 0x0 0x0 0x0 0x0 0x0 0x0 0x9 0x7b 0x0 0xa4 0xa4 0x0 0x4 0xac 0x5 0x0 0x0
1787978988260,0x1 0x89 0xd 0x52 0xa2 0xb6 0x60 0xd 0x0 0x0 0xd 0x24 0x35 0x0 0xf4 0x13 0x3b 0x14 0x73 0x0 0xa8 0x2 0xa3 0x2 0x0 0x28 0x65 0x1 0x0 0x84 0x0 0x1d 0x0 0x64 0x0 0x73 0x0 0xa2 0xa2 0xa2 0xa2 0xa2 0xa2 0x1c 0x3 0x33 0x3 0x24 0x3 0x35 0x3 0x22 0x3 0x31 0x3 0x1c 0x3 0x2f 0x3 0x32 0x0 0x3 0x81 0x8e 0x88 0x8c 0x4d 0x80 0x4f 0x80 0xa6 0x82 0xeb 0x7b 0x64 0x6e 0x5a 0x5a 0x3b 0x27 0xcc 0xff 0x73 0xe7 0x15 0xee 0x0 0x0 0x0 0x0 0x0 0x0 0x9 0x7b 0x0 0xa4 0xa4 0x0 0x4 0xcb 0x5 0x0 0x0
1787978988484,0x1 0x8a 0xd 0x52 0xa2 0xb6 0x60 0xd 0x0 0x0 0xd 0x25 0x37 0x0 0xdc 0x14 0x64 0x14 0x73 0x0 0xa3 0x2 0xa3 0x2 0x0 0x28 0x65 0x1 0x0 0x46 0x0 0x18 0x0 0x64 0x0 0x73 0x0 0x9e 0x9e 0x9e 0x9e 0x9e 0x9e 0x1a 0x3 0x34 0x3 0x34 0x3 0x33 0x3 0x1b 0x3 0x33 0x3 0x34 0x3 0x38 0x3 0x32 0x0 0x3 0x87 0x8f 0x87 0x8c 0x4d 0x80 0x4f 0x80 0xa6 0x82 0xeb 0x7b 0x64 0x6e 0x5a 0x5a 0x39 0x27 0xca 0xff 0x73 0xe7 0x15 0xee 0x0 0x0 0x0 0x0 0x0 0x0 0x9 0x7b 0x0 0xa4 0xa4 0x0 0x4 0xb9 0x5 0x0 0x0
1787978988708,0x1 0x8b 0xd 0x52 0xa2 0xb6 0x60 0xd 0x0 0x0 0xd 0x23 0x35 0x0 0x29 0x14 0xa 0x14 0x73 0x0 0xa1 0x2 0xa3 0x2 0x0 0x28 0x65 0x1 0x0 0x21 0x0 0x17 0x0 0x64 0x0 0x73 0x0 0x9e 0x9e 0x9e 0x9e 0x9e 0x9e 0x2c 0x3 0x2f 0x3 0x2b 0x3 0x32 0x3 0x31 0x3 0x33 0x3 0x2c 0x3 0x32 0x3 0x32 0x0 0x3 0x89 0x90 0x87 0x8c 0x4d 0x80 0x4f 0x80 0xa6 0x82 0xeb 0x7b 0x64 0x6e 0x5a 0x5a 0x37 0x27 0xc8 0xff 0x73 0xe7 0x15 0xee 0x0 0x0 0x0 0x0 0x0 0x0 0x9 0x7b 0x0 0xa4 0xa4 0x0 0x4 0xac 0x5 0x0 0x0
1787978988932,0x1 0x8c 0xd 0x52 0xa2 0xb6 0x60 0xd 0x0 0x0 0xd 0x24 0x35 0x0 0xfb 0x13 0x9 0x14 0x73 0x0 0xa7 0x2 0xa3 0x2 0x0 0x28 0x65 0x1 0x0 0x15 0x0 0x1c 0x0 0x63 0x0 0x73 0x0 0xa2 0xa2 0xa2 0xa2 0xa2 0xa2 0x2d 0x3 0x32 0x3 0x2e 0x3 0x35 0x3 0x31 0x3 0x35 0x3 0x2f 0x3 0x35 0x3 0x32 0x0 0x3 0x8a 0x92 0x87 0x8c 0x4d 0x80 0x4f 0x80 0xa6 0x82 0xeb 0x7b 0x64 0x6e 0x5a 0x5a 0x39 0x27 0xca 0xff 0x73 0xe7 0x15 0xee 0x0 0x0 0x0 0x0 0x0 0x0 0x9 0x7b 0x0 0xa4 0xa4 0x0 0x4 0x9f 0x5 0x0 0x0
1787978989156,0x1 0x8a 0xd 0x52 0xa2 0xb6 0x60 0xd 0x0 0x0 0xd 0x24 0x36 0x0 0x45 0x14 0x26 0x14 0x73 0x0 0xaa 0x2 0xa3 0x2 0x0 0x28 0x65 0x1 0x0 0x13 0x0 0x3a 0x0 0x63 0x0 0x73 0x0 0xa3 0xa3 0xa3 0xa3 0xa3 0xa3 0x34 0x3 0x36 0x3 0x34 0x3 0x39 0x3 0x32 0x3 0x38 0x3 0x34 0x3 0x3a 0x3 0x32 0x0 0x3 0x8b 0x93 0x87 0x8c 0x4d 0x80 0x4f 0x80 0xa6 0x82 0xeb 0x7b 0x64 0x6e 0x5a 0x5a 0x35 0x27 0xc6 0xff 0x73 0xe7 0x15 0xee 0x0 0x0 0x0 0x0 0x0 0x0 0x9 0x7b 0x0 0xa4 0xa4 0x0 0x4 0xb9 0x5 0x0 0x0
1787978989380,0x1 0x89 0xd 0x52 0xa2 0xb6 0x60 0xd 0x0 0x0 0xd 0x24 0x35 0x0 0x3 0x14 0x29 0x14 0x73 0x0 0xa6 0x2 0xa3 0x2 0x0 0x28 0x65 0x1 0x0 0x13 0x0 0x5d 0x0 0x63 0x0 0x73 0x0 0xa1 0xa1 0xa1 0xa1 0xa1 0xa1 0x3a 0x3 0x3e 0x3 0x39 0x3 0x3f 0x3 0x39 0x3 0x3e 0x3 0x39 0x3 0x3e 0x3 0x32 0x0 0x3 0x8d 0x94 0x87 0x8c 0x4d 0x80 0x4f 0x80 0xa6 0x82 0xeb 0x7b 0x64 0x6e 0x5a 0x5a 0x31 0x27 0xc2 0xff 0x73 0xe7 0x15 0xee 0x0 0x0 0x0 0x0 0x0 0x0 0x9 0x7b 0x0 0xa4 0xa4 0x0 0x4 0xcb 0x5 0x0 0x0
1787978989603,0x1 0x8c 0xd 0x51 0xa2 0xb6 0x60 0xd 0x0 0x0 0xd 0x25 0x37 0x0 0xa5 0x14 0x5f 0x14 0x73 0x0 0xaa 0x2 0xa3 0x2 0x0 0x28 0x65 0x1 0x0 0x17 0x0 0x83 0x0 0x62 0x0 0x73 0x0 0xa3 0xa3 0xa3 0xa3 0xa3 0xa3 0x3b 0x3 0x41 0x3 0x3c 0x3 0x44 0x3 0x43 0x3 0x3f 0x3 0x43 0x3 0x46 0x3 0x32 0x0 0x3 0x8e 0x95 0x87 0x8c 0x4d 0x80 0x4f 0x80 0xa6 0x82 0xeb 0x7b 0x64 0x6e 0x5a 0x5a 0x2b 0x27 0xbc 0xff 0x73 0xe7 0x15 0xee 0x0 0x0 0x0 0x0 0x0 0x0 0x9 0x7b 0x0 0xa4 0xa4 0x0 0x4 0x9f 0x5 0x0 0x0
1787978989828,0x1 0x8b 0xd 0x51 0xa2 0xb6 0x60 0xd 0x0 0x0 0xd 0x24 0x36 0x0 0x27 0x14 0x60 0x14 0x73 0x0 0xae 0x2 0xa3 0x2 0x0 0x28 0x65 0x1 0x0 0x31 0x0 0x9f 0x0 0x61 0x0 0x73 0x0 0xa4 0xa4 0xa4 0xa4 0xa4 0xa4 0x43 0x3 0x46 0x3 0x46 0x3 0x32 0x3 0x47 0x3 0x2f 0x3 0x45 0x3 0x2f 0x3 0x32 0x0 0x3 0x8f 0x8d 0x87 0x8d 0x4d 0x80 0x4f 0x80 0xa6 0x82 0xeb 0x7b 0x64 0x6e 0x5a 0x5a 0x25 0x27 0xb6 0xff 0x73 0xe7 0x15 0xee 0x0 0x0 0x0 0x0 0x0 0x0 0x9 0x7b 0x0 0xa4 0xa4 0x0 0x4 0xac 0x5 0x0 0x0
1787978990052,0x1 0x89 0xd 0x52 0xa2 0xb6 0x60 0xd 0x0 0x0 0xd 0x24 0x37 0x0 0x96 0x14 0x4c 0x14 0x73 0x0 0xac 0x2 0xa3 0x2 0x0 0x28 0x65 0x1 0x0 0x7b 0x0 0xa8 0x0 0x62 0x0 0x74 0x0 0xa2 0xa2 0xa2 0xa2 0xa2 0xa2 0x44 0x3 0x29 0x3 0x45 0x3 0x2c 0x3 0x45 0x3 0x2a 0x3 0x47 0x3 0x29 0x3 0x32 0x0 0x3 0x89 0x8b 0x88 0x8d 0x4d 0x80 0x4f 0x80 0xa6 0x82 0xeb 0x7b 0x64 0x6e 0x5a 0x5a 0x1d 0x27 0xae 0xff 0x73 0xe7 0x15 0xee 0x0 0x0 0x0 0x0 0x0 0x0 0x9 0x7b 0x0 0xa4 0xa4 0x0 0x4 0xcb 0x5 0x0 0x0
1787978990276,0x1 0x8a 0xd 0x52 0xa2 0xb6 0x60 0xd 0x0 0x0 0xd 0x24 0x35 0x0 0xf4 0x13 0x29 0x14 0x73 0x0 0xa8 0x2 0xa3 0x2 0x0 0x28 0x65 0x1 0x0 0xa1 0x0 0xa8 0x0 0x62 0x0 0x75 0x0 0xa2 0xa2 0xa2 0xa2 0xa2 0xa2 0x2d 0x3 0x25 0x3 0x2d 0x3 0x23 0x3 0x30 0x3 0x25 0x3 0x2a 0x3 0x23 0x3 0x32 0x0 0x3 0x87 0x8a 0x88 0x8d 0x4d 0x80 0x4f 0x80 0xa6 0x82 0xeb 0x7b 0x64 0x6e 0x5a 0x5a 0x17 0x27 0xa8 0xff 0x73 0xe7 0x15 0xee 0x0 0x0 0x0 0x0 0x0 0x0 0x9 0x7b 0x0 0xa4 0xa4 0x0 0x4 0xb9 0x5 0x0 0x0
1787978990500,0x1 0x8b 0xd 0x52 0xa2 0xb6 0x60 0xd 0x0 0x0 0xd 0x24 0x36 0x0 0x7b 0x14 0x56 0x14 0x73 0x0 0xa3 0x2 0xa3 0x2 0x0 0x28 0x65 0x1 0x0 0xaa 0x0 0xa7 0x0 0x64 0x0 0x76 0x0 0x9e 0x9e 0x9e 0x9e 0x9e 0x9e 0x2a 0x3 0x22 0x3 0x2d 0x3 0x26 0x3 0x2e 0x3 0x21 0x3 0x2e 0x3 0x27 0x3 0x32 0x0 0x3 0x86 0x89 0x88 0x8d 0x4d 0x80 0x4f 0x80 0xa6 0x82 0xeb 0x7b 0x66 0x6f 0x5a 0x5a 0x19 0x27 0xaa 0xff 0x73 0xe7 0x15 0xee 0x0 0x0 0x0 0x0 0x0 0x0 0x9 0x7b 0x0 0xa4 0xa4 0x0 0x4 0xac 0x5 0x0 0x0
1787978990724,0x1 0x8b 0xd 0x52 0xa2 0xb6 0x60 0xd 0x0 0x0 0xd 0x24 0x35 0x0 0xb 0x14 0x2d 0x14 0x73 0x0 0xa5 0x2 0xa3 0x2 0x0 0x28 0x65 0x1 0x0 0xa8 0x0 0xa6 0x0 0x65 0x0 0x77 0x0 0xa1 0xa1 0xa1 0xa1 0xa1 0xa1 0x26 0x3 0x22 0x3 0x28 0x3 0x20 0x3 0x2a 0x3 0x20 0x3 0x26 0x3 0x1f 0x3 0x32 0x0 0x3 0x85 0x87 0x88 0x8d 0x4d 0x80 0x4f 0x80 0xa6 0x82 0xeb 0x7b 0x66 0x6f 0x5a 0x5a 0x1f 0x27 0xb0 0xff 0x73 0xe7 0x15 0xee 0x0 0x0 0x0 0x0 0x0 0x0 0x9 0x7b 0x0 0xa4 0xa4 0x0 0x4 0xac 0x5 0x0 0x0
1787978990948,0x1 0x8b 0xd 0x52 0xa2 0xb6 0x60 0xd 0x0 0x0 0xd 0x24 0x34 0x0 0xa2 0x13 0xcf 0x13 0x73 0x0 0xa6 0x2 0xa3 0x2 0x0 0x28 0x65 0x1 0x0 0xa5 0x0 0xa0 0x0 0x66 0x0 0x78 0x0 0xa1 0xa1 0xa1 0xa1 0xa1 0xa1 0x19 0x3 0x10 0x3 0x22 0x3 0x16 0x3 0x1d 0x3 0x11 0x3 0x18 0x3 0x10 0x3 0x32 0x0 0x3 0x83 0x86 0x88 0x8d 0x4d 0x80 0x4f 0x80 0xa6 0x82 0xeb 0x7b 0x66 0x6f 0x5a 0x5a 0x1d 0x27 0xae 0xff 0x73 0xe7 0x15 0xee 0x0 0x0 0x0 0x0 0x0 0x0 0x9 0x7b 0x0 0xa4 0xa4 0x0 0x4 0xac 0x5 0x0 0x0
1787978991171,0x1 0x89 0xd 0x52 0xa2 0xb6 0x60 0xd 0x0 0x0 0xd 0x25 0x36 0x0 0x92 0x14 0x4e 0x14 0x73 0x0 0xa0 0x2 0xa3 0x2 0x0 0x28 0x65 0x1 0x0 0xa1 0x0 0x99 0x0 0x66 0x0 0x79 0x0 0x9f 0x9f 0x9f 0x9f 0x9f 0x9f 0x20 0x3 0x18 0x3 0x22 0x3 0x1b 0x3 0x1e 0x3 0x18 0x3 0x24 0x3 0x1b 0x3 0x32 0x0 0x3 0x82 0x85 0x88 0x8d 0x4d 0x80 0x4f 0x80 0xa6 0x82 0xeb 0x7b 0x66 0x6f 0x5a 0x5a 0x1d 0x27 0xae 0xff 0x73 0xe7 0x15 0xee 0x0 0x0 0x0 0x0 0x0 0x0 0x9 0x7b 0x0 0xa4 0xa4 0x0 0x4 0xcb 0x5 0x0 0x0
1787978991396,0x1 0x8c 0xd 0x52 0xa2 0xb6 0x60 0xd 0x0 0x0 0xd 0x24 0x36 0x0 0x8a 0x14 0x55 0x14 0x73 0x0 0xa1 0x2 0xa3 0x2 0x0 0x28 0x65 0x1 0x0 0x96 0x0 0x8a 0x0 0x66 0x0 0x7a 0x0 0x9e 0x9e 0x9e 0x9e 0x9e 0x9e 0x23 0x3 0x19 0x3 0x21 0x3 0x19 0x3 0x21 0x3 0x1d 0x3 0x21 0x3 0x1a 0x3 0x32 0x0 0x3 0x81 0x83 0x88 0x8d 0x4d 0x80 0x4f 0x80 0xa6 0x82 0xeb 0x7b 0x63 0x6c 0x5a 0x5a 0x2f 0x27 0xc0 0xff 0x73 0xe7 0x15 0xee 0x0 0x0 0x0 0x0 0x0 0x0 0x9 0x7b 0x0 0xa4 0xa4 0x0 0x4 0x9f 0x5 0x0 0x0
1787978991619,0x1 0x8b 0xd 0x52 0xa2 0xb6 0x60 0xd 0x0 0x0 0xd 0x24 0x35 0x0 0x29 0x14 0x4a 0x14 0x73 0x0 0xa1 0x2 0xa3 0x2 0x0 0x28 0x65 0x1 0x0 0x61 0x0 0x3d 0x0 0x66 0x0 0x7a 0x0 0x9e 0x9e 0x9e 0x9e 0x9e 0x9e 0x1b 0x3 0x19 0x3 0x23 0x3 0x1b 0x3 0x20 0x3 0x2c 0x3 0x1b 0x3 0x2b 0x3 0x32 0x0 0x3 0x7f 0x8b 0x88 0x8c 0x4d 0x80 0x4f 0x80 0xa6 0x82 0xeb 0x7b 0x63 0x6c 0x5a 0x5a 0x33 0x27 0xc4 0xff 0x73 0xe7 0x15 0xee 0x0 0x0 0x0 0x0 0x0 0x0 0x9 0x7b 0x0 0xa4 0xa4 0x0 0x4 0xac 0x5 0x0 0x0
1787978991843,0x1 0x8c 0xd 0x52 0xa2 0xb6 0x60 0xd 0x0 0x0 0xd 0x24 0x35 0x0 0x1a 0x14 0x40 0x14 0x73 0x0 0xa3 0x2 0xa3 0x2 0x0 0x28 0x65 0x1 0x0 0x2b 0x0 0x23 0x0 0x65 0x0 0x7a 0x0 0x9e 0x9e 0x9e 0x9e 0x9e 0x9e 0x32 0x3 0x2c 0x3 0x31 0x3 0x2c 0x3 0x31 0x3 0x2d 0x3 0x31 0x3 0x2d 0x3 0x32 0x0 0x3 0x88 0x8c 0x88 0x8c 0x4d 0x80 0x4f 0x80 0xa6 0x82 0xeb 0x7b 0x63 0x6c 0x5a 0x5a 0x31 0x27 0xc2 0xff 0x73 0xe7 0x15 0xee 0x0 0x0 0x0 0x0 0x0 0x0 0x9 0x7b 0x0 0xa4 0xa4 0x0 0x4 0x9f 0x5 0x0 0x0
1787978992067,0x1 0x89 0xd 0x51 0xa2 0xb6 0x60 0xd 0x0 0x0 0xd 0x24 0x36 0x0 0x45 0x14 0xfb 0x13 0x73 0x0 0xaa 0x2 0xa3 0x2 0x0 0x28 0x65 0x1 0x0 0x1b 0x0 0x1a 0x0 0x65 0x0 0x7a 0x0 0xa2 0xa2 0xa2 0xa2 0xa2 0xa2 0x2b 0x3 0x25 0x3 0x28 0x3 0x27 0x3 0x31 0x3 0x2b 0x3 0x2a 0x3 0x27 0x3 0x32 0x0 0x3 0x89 0x8e 0x88 0x8c 0x4d 0x80 0x4f 0x80 0xa6 0x82 0xeb 0x7b 0x63 0x6c 0x5a 0x5a 0x2d 0x27 0xbe 0xff 0x73 0xe7 0x15 0xee 0x0 0x0 0x0 0x0 0x0 0x0 0x9 0x7b 0x0 0xa4 0xa4 0x0 0x4 0xcb 0x5 0x0 0x0
1787978992291,0x1 0x8a 0xd 0x51 0xa2 0xb6 0x60 0xd 0x0 0x0 0xd 0x24 0x35 0x0 0xec 0x13 0x26 0x14 0x73 0x0 0xa9 0x2 0xa3 0x2 0x0 0x28 0x65 0x1 0x0 0x18 0x0 0x19 0x0 0x64 0x0 0x7a 0x0 0xa2 0xa2 0xa2 0xa2 0xa2 0xa2 0x30 0x3 0x2c 0x3 0x31 0x3 0x30 0x3 0x36 0x3 0x30 0x3 0x34 0x3 0x30 0x3 0x32 0x0 0x3 0x8b 0x8f 0x88 0x8c 0x4d 0x80 0x4f 0x80 0xa6 0x82 0xeb 0x7b 0x63 0x6c 0x5a 0x5a 0x29 0x27 0xba 0xff 0x73 0xe7 0x15 0xee 0x0 0x0 0x0 0x0 0x0 0x0 0x9 0x7b 0x0 0xa4 0xa4 0x0 0x4 0xb9 0x5 0x0 0x0
1787978992515,0x1 0x8b 0xd 0x52 0xa2 0xb6 0x60 0xd 0x0 0x0 0xd 0x24 0x36 0x0 0x64 0x14 0x32 0x14 0x73 0x0 0xa6 0x2 0xa3 0x2 0x0 0x28 0x65 0x1 0x0 0x16 0x0 0x1f 0x0 0x64 0x0 0x79 0x0 0xa2 0xa2 0xa2 0xa2 0xa2 0xa2 0x38 0x3 0x34 0x3 0x39 0x3 0x34 0x3 0x38 0x3 0x34 0x3 0x38 0x3 0x35 0x3 0x32 0x0 0x3 0x8c 0x90 0x88 0x8c 0x4d 0x80 0x4f 0x80 0xa6 0x82 0xeb 0x7b 0x63 0x6c 0x5a 0x5a 0x29 0x27 0xba 0xff 0x73 0xe7 0x15 0xee 0x0 0x0 0x0 0x0 0x0 0x0 0x9 0x7b 0x0 0xa4 0xa4 0x0 0x4 0xac 0x5 0x0 0x0
1787978992739,0x1 0x8b 0xd 0x52 0xa2 0xb6 0x60 0xd 0x0 0x0 0xd 0x23 0x35 0x0 0x1a 0x14 0x48 0x14 0x73 0x0 0xa3 0x2 0xa3 0x2 0x0 0x28 0x65 0x1 0x0 0x17 0x0 0x27 0x0 0x63 0x0 0x79 0x0 0xa0 0xa0 0xa0 0xa0 0xa0 0xa0 0x42 0x3 0x3e 0x3 0x40 0x3 0x3f 0x3 0x3e 0x3 0x3e 0x3 0x40 0x3 0x3d 0x3 0x32 0x0 0x3 0x8d 0x92 0x88 0x8c 0x4d 0x80 0x4f 0x80 0xa6 0x82 0xeb 0x7b 0x63 0x6c 0x5a 0x5a 0x27 0x27 0xb8 0xff 0x73 0xe7 0x15 0xee 0x0 0x0 0x0 0x0 0x0 0x0 0x9 0x7b 0x0 0xa4 0xa4 0x0 0x4 0xac 0x5 0x0 0x0
1787978992963,0x1 0x8a 0xd 0x52 0xa2 0xb6 0x60 0xd 0x0 0x0 0xd 0x24 0x35 0x0 0xde 0x13 0x12 0x14 0x73 0x0 0xab 0x2 0xa3 0x2 0x0 0x28 0x65 0x1 0x0 0x21 0x0 0x5e 0x0 0x63 0x0 0x79 0x0 0xa3 0xa3 0xa3 0xa3 0xa3 0xa3 0x3d 0x3 0x39 0x3 0x3e 0x3 0x3a 0x3 0x3d 0x3 0x3b 0x3 0x3d 0x3 0x38 0x3 0x32 0x0 0x3 0x8f 0x93 0x88 0x8c 0x4d 0x80 0x4f 0x80 0xa6 0x82 0xeb 0x7b 0x63 0x6c 0x5a 0x5a 0x25 0x27 0xb6 0xff 0x73 0xe7 0x15 0xee 0x0 0x0 0x0 0x0 0x0 0x0 0x9 0x7b 0x0 0xa4 0xa4 0x0 0x4 0xb9 0x5 0x0 0x0
1787978993187,0x1 0x89 0xd 0x52 0xa2 0xb6 0x60 0xd 0x0 0x0 0xd 0x24 0x35 0x0 0xf4 0x13 0xe2 0x13 0x73 0x0 0xa8 0x2 0xa3 0x2 0x0 0x28 0x65 0x1 0x0 0x70 0x0 0x9e 0x0 0x63 0x0 0x79 0x0 0xa2 0xa2 0xa2 0xa2 0xa2 0xa2 0x3a 0x3 0x35 0x3 0x38 0x3 0x35 0x3 0x39 0x3 0x34 0x3 0x39 0x3 0x34 0x3 0x32 0x0 0x3 0x90 0x93 0x88 0x8c 0x4d 0x80 0x4f 0x80 0xa6 0x82 0xeb 0x7b 0x63 0x6c 0x5a 0x5a 0x21 0x27 0xb2 0xff 0x73 0xe7 0x15 0xee 0x0 0x0 0x0 0x0 0x0 0x0 0x9 0x7b 0x0 0xa4 0xa4 0x0 0x4 0xcb 0x5 0x0 0x0
1787978993411,0x1 0x8c 0xd 0x52 0xa2 0xb6 0x60 0xd 0x0 0x0 0xd 0x24 0x35 0x0 0xec 0x13 0xf8 0x13 0x73 0x0 0xa9 0x2 0xa3 0x2 0x0 0x28 0x65 0x1 0x0 0x9b 0x0 0xa7 0x0 0x63 0x0 0x79 0x0 0xa2 0xa2 0xa2 0xa2 0xa2 0xa2 0x25 0x3 0x1f 0x3 0x22 0x3 0x1c 0x3 0x23 0x3 0x1f 0x3 0x24 0x3 0x1f 0x3 0x32 0x0 0x3 0x87 0x8b 0x88 0x8b 0x4d 0x80 0x4f 0x80 0xa6 0x82 0xeb 0x7b 0x63 0x6c 0x5a 0x5a 0x1b 0x27 0xac 0xff 0x73 0xe7 0x15 0xee 0x0 0x0 0x0 0x0 0x0 0x0 0x9 0x7b 0x0 0xa4 0xa4 0x0 0x4 0x9f 0x5 0x0 0x0
1787978993634,0x1 0x8b 0xd 0x52 0xa2 0xb6 0x60 0xd 0x0 0x0 0xd 0x23 0x35 0x0 0x21 0x14 0x2a 0x14 0x73 0x0 0xa2 0x2 0xa3 0x2 0x0 0x28 0x65 0x1 0x0 0xa4 0x0 0xa7 0x0 0x64 0x0 0x7a 0x0 0x9e 0x9e 0x9e 0x9e 0x9e 0x9e 0x28 0x3 0x23 0x3 0x28 0x3 0x25 0x3 0x28 0x3 0x23 0x3 0x28 0x3 0x22 0x3 0x32 0x0 0x3 0x86 0x89 0x88 0x8b 0x4d 0x80 0x4f 0x80 0xa6 0x82 0xeb 0x7b 0x63 0x6c 0x5a 0x5a 0x17 0x27 0xa8 0xff 0x73 0xe7 0x15 0xee 0x0 0x0 0x0 0x0 0x0 0x0 0x9 0x7b 0x0 0xa4 0xa4 0x0 0x4 0xac 0x5 0x0 0x0
1787978993858,0x1 0x89 0xd 0x52 0xa2 0xb6 0x60 0xd 0x0 0x0 0xd 0x24 0x35 0x0 0x1a 0x14 0x48 0x14 0x73 0x0 0xa3 0x2 0xa3 0x2 0x0 0x28 0x65 0x1 0x0 0xa0 0x0 0xa4 0x0 0x65 0x0 0x7b 0x0 0xa0 0xa0 0xa0 0xa0 0xa0 0xa0 0x29 0x3 0x25 0x3 0x2c 0x3 0x25 0x3 0x2a 0x3 0x24 0x3 0x2a 0x3 0x23 0x3 0x32 0x0 0x3 0x84 0x88 0x88 0x8b 0x4d 0x80 0x4f 0x80 0xa6 0x82 0xeb 0x7b 0x63 0x6c 0x5a 0x5a 0x21 0x27 0xb2 0xff 0x73 0xe7 0x15 0xee 0x0 0x0 0x0 0x0 0x0 0x0 0x9 0x7b 0x0 0xa4 0xa4 0x0 0x4 0xcb 0x5 0x0 0x0
1787978994082,0x1 0x8a 0xd 0x52 0xa2 0xb6 0x60 0xd 0x0 0x0 0xd 0x24 0x35 0x0 0x3 0x14 0x6a 0x14 0x73 0x0 0xa6 0x2 0xa3 0x2 0x0 0x28 0x65 0x1 0x0 0x97 0x0 0x9f 0x0 0x65 0x0 0x7c 0x0 0xa2 0xa2 0xa2 0xa2 0xa2 0xa2 0x27 0x3 0x25 0x3 0x2f 0x3 0x29 0x3 0x2e 0x3 0x26 0x3 0x27 0x3 0x22 0x3 0x32 0x0 0x3 0x83 0x87 0x88 0x8b 0x4d 0x80 0x4f 0x80 0xa6 0x82 0xeb 0x7b 0x63 0x6c 0x5a 0x5a 0x27 0x27 0xb8 0xff 0x73 0xe7 0x15 0xee 0x0 0x0 0x0 0x0 0x0 0x0 0x9 0x7b 0x0 0xa4 0xa4 0x0 0x4 0xb9 0x5 0x0 0x0
1787978994306,0x1 0x8a 0xd 0x52 0xa2 0xb6 0x60 0xd 0x0 0x0 0xd 0x24 0x36 0x0 0x6b 0x14 0x3a 0x14 0x73 0x0 0xa5 0x2 0xa3 0x2 0x0 0x28 0x65 0x1 0x0 0x88 0x0 0x97 0x0 0x65 0x0 0x7c 0x0 0xa1 0xa1 0xa1 0xa1 0xa1 0xa1 0x1e 0x3 0x19 0x3 0x26 0x3 0x20 0x3 0x23 0x3 0x1a 0x3 0x1f 0x3 0x19 0x3 0x32 0x0 0x3 0x82 0x85 0x88 0x8b 0x4d 0x80 0x4f 0x80 0xa6 0x82 0xeb 0x7b 0x63 0x6c 0x5a 0x5a 0x21 0x27 0xb2 0xff 0x73 0xe7 0x15 0xee 0x0 0x0 0x0 0x0 0x0 0x0 0x9 0x7b 0x0 0xa4 0xa4 0x0 0x4 0xb9 0x5 0x0 0x0
1787978994530,0x1 0x8b 0xd 0x51 0xa2 0xb6 0x60 0xd 0x0 0x0 0xd 0x24 0x35 0x0 0x29 0x14 0x1f 0x14 0x73 0x0 0xa1 0x2 0xa3 0x2 0x0 0x28 0x65 0x1 0x0 0x5e 0x0 0x8b 0x0 0x65 0x0 0x7c 0x0 0x9e 0x9e 0x9e 0x9e 0x9e 0x9e 0x17 0x3 0x12 0x3 0x18 0x3 0x14 0x3 0x19 0x3 0x11 0x3 0x19 0x3 0x14 0x3 0x32 0x0 0x3 0x80 0x84 0x88 0x8b 0x4d 0x80 0x4f 0x80 0xa6 0x82 0xeb 0x7b 0x64 0x6e 0x5a 0x5a 0x1d 0x27 0xae 0xff 0x73 0xe7 0x15 0xee 0x0 0x0 0x0 0x0 0x0 0x0 0x9 0x7b 0x0 0xa4 0xa4 0x0 0x4 0xac 0x5 0x0 0x0
1787978994753,0x1 0x89 0xd 0x51 0xa2 0xb6 0x60 0xd 0x0 0x0 0xd 0x23 0x35 0x0 0x48 0x14 0x46 0x14 0x73 0x0 0x9d 0x2 0xa3 0x2 0x0 0x28 0x65 0x1 0x0 0x33 0x0 0x47 0x0 0x65 0x0 0x7d 0x0 0x9d 0x9d 0x9d 0x9d 0x9d 0x9d 0x31 0x3 0x15 0x3 0x33 0x3 0x16 0x3 0x36 0x3 0x14 0x3 0x36 0x3 0x16 0x3 0x32 0x0 0x3 0x89 0x8b 0x88 0x8b 0x4d 0x80 0x4f 0x80 0xa6 0x82 0xeb 0x7b 0x64 0x6e 0x5a 0x5a 0x2f 0x27 0xc0 0xff 0x73 0xe7 0x15 0xee 0x0 0x0 0x0 0x0 0x0 0x0 0x9 0x7b 0x0 0xa4 0xa4 0x0 0x4 0xcb 0x5 0x0 0x0
1787978994977,0x1 0x8a 0xd 0x52 0xa2 0xb6 0x60 0xd 0x0 0x0 0xd 0x23 0x34 0x0 0xb9 0x13 0x28 0x14 0x73 0x0 0xa3 0x2 0xa3 0x2 0x0 0x28 0x65 0x1 0x0 0x1d 0x0 0x26 0x0 0x64 0x0 0x7d 0x0 0xa0 0xa0 0xa0 0xa0 0xa0 0xa0 0x33 0x3 0x2e 0x3 0x3b 0x3 0x33 0x3 0x3b 0x3 0x2d 0x3 0x33 0x3 0x2a 0x3 0x32 0x0 0x3 0x8a 0x8c 0x88 0x8b 0x4d 0x80 0x4f 0x80 0xa6 0x82 0xeb 0x7b 0x64 0x6e 0x5a 0x5a 0x39 0x27 0xca 0xff 0x73 0xe7 0x15 0xee 0x0 0x0 0x0 0x0 0x0 0x0 0x9 0x7b 0x0 0xa4 0xa4 0x0 0x4 0xb9 0x5 0x0 0x0
1787978995202,0x1 0x8b 0xd 0x52 0xa2 0xb6 0x60 0xd 0x0 0x0 0xd 0x22 0x34 0x0 0x7e 0x13 0xb3 0x13 0x73 0x0 0xab 0x2 0xa3 0x2 0x0 0x28 0x65 0x1 0x0 0x15 0x0 0x19 0x0 0x64 0x0 0x7d 0x0 0xa3 0xa3 0xa3 0xa3 0xa3 0xa3 0x2a 0x3 0x1f 0x3 0x30 0x3 0x25 0x3 0x2c 0x3 0x21 0x3 0x28 0x3 0x1f 0x3 0x32 0x0 0x3 0x8b 0x8d 0x88 0x8b 0x4d 0x80 0x4f 0x80 0xa6 0x82 0xeb 0x7b 0x64 0x6e 0x5a 0x5a 0x37 0x27 0xc8 0xff 0x73 0xe7 0x15 0xee 0x0 0x0 0x0 0x0 0x0 0x0 0x9 0x7b 0x0 0xa4 0xa4 0x0 0x4 0xac 0x5 0x0 0x0
1787978995426,0x1 0x8a 0xd 0x52 0xa2 0xb6 0x60 0xd 0x0 0x0 0xd 0x23 0x33 0x0 0x50 0x13 0x9c 0x13 0x73 0x0 0xa4 0x2 0xa3 0x2 0x0 0x28 0x65 0x1 0x0 0x14 0x0 0x17 0x0 0x64 0x0 0x7d 0x0 0xa0 0xa0 0xa0 0xa0 0xa0 0xa0 0x2c 0x3 0x22 0x3 0x2a 0x3 0x20 0x3 0x28 0x3 0x21 0x3 0x2a 0x3 0x20 0x3 0x32 0x0 0x3 0x8d 0x8f 0x88 0x8b 0x4d 0x80 0x4f 0x80 0xa6 0x82 0xeb 0x7b 0x64 0x6e 0x5a 0x5a 0x33 0x27 0xc4 0xff 0x73 0xe7 0x15 0xee 0x0 0x0 0x0 0x0 0x0 0x0 0x9 0x7b 0x0 0xa4 0xa4 0x0 0x4 0xb9 0x5 0x0 0x0
1787978995649,0x1 0x8b 0xd 0x52 0xa2 0xb6 0x60 0xd 0x0 0x0 0xd 0x23 0x34 0x0 0x94 0x13 0xba 0x13 0x73 0x0 0xa8 0x2 0xa3 0x2 0x0 0x28 0x65 0x1 0x0 0x14 0x0 0x16 0x0 0x63 0x0 0x7c 0x0 0xa2 0xa2 0xa2 0xa2 0xa2 0xa2 0x2a 0x3 0x22 0x3 0x2e 0x3 0x26 0x3 0x30 0x3 0x20 0x3 0x30 0x3 0x25 0x3 0x32 0x0 0x3 0x8e 0x90 0x88 0x8b 0x4d 0x80 0x4f 0x80 0xa6 0x82 0xeb 0x7b 0x64 0x6e 0x5a 0x5a 0x2d 0x27 0xbe 0xff 0x73 0xe7 0x15 0xee 0x0 0x0 0x0 0x0 0x0 0x0 0x9 0x7b 0x0 0xa4 0xa4 0x0 0x4 0xac 0x5 0x0 0x0
1787978995873,0x1 0x89 0xd 0x52 0xa2 0xb6 0x60 0xd 0x0 0x0 0xd 0x25 0x37 0x0 0xd4 0x14 0x57 0x14 0x73 0x0 0xa4 0x2 0xa3 0x2 0x0 0x28 0x65 0x1 0x0 0x15 0x0 0x15 0x0 0x63 0x0 0x7c 0x0 0xa0 0xa0 0xa0 0xa0 0xa0 0xa0 0x47 0x3 0x2d 0x3 0x39 0x3 0x31 0x3 0x3e 0x3 0x38 0x3 0x47 0x3 0x3d 0x3 0x32 0x0 0x3 0x8f 0x91 0x88 0x8b 0x4d 0x80 0x4f 0x80 0xa6 0x82 0xeb 0x7b 0x64 0x6e 0x5a 0x5a 0x2b 0x27 0xbc 0xff 0x73 0xe7 0x15 0xee 0x0 0x0 0x0 0x0 0x0 0x0 0x9 0x7b 0x0 0xa4 0xa4 0x0 0x4 0xcb 0x5 0x0 0x0
1787978996097,0x1 0x8b 0xd 0x52 0xa2 0xb6 0x60 0xd 0x0 0x0 0xd 0x24 0x36 0x0 0x5c 0x14 0x49 0x14 0x73 0x0 0xa7 0x2 0xa3 0x2 0x0 0x28 0x65 0x1 0x0 0x16 0x0 0x14 0x0 0x63 0x0 0x7c 0x0 0xa1 0xa1 0xa1 0xa1 0xa1 0xa1 0x46 0x3 0x3c 0x3 0x47 0x3 0x40 0x3 0x49 0x3 0x3c 0x3 0x47 0x3 0x3e 0x3 0x32 0x0 0x3 0x91 0x93 0x88 0x8b 0x4d 0x80 0x4f 0x80 0xa6 0x82 0xeb 0x7b 0x64 0x6e 0x5a 0x5a 0x27 0x27 0xb8 0xff 0x73 0xe7 0x15 0xee 0x0 0x0 0x0 0x0 0x0 0x0 0x9 0x7b 0x0 0xa4 0xa4 0x0 0x4 0xac 0x5 0x0 0x0
1787978996321,0x1 0x8a 0xd 0x52 0xa2 0xb6 0x60 0xd 0x0 0x0 0xd 0x24 0x35 0x0 0xe5 0x13 0xf5 0x13 0x73 0x0 0xaa 0x2 0xa3 0x2 0x0 0x28 0x65 0x1 0x0 0x1e 0x0 0x1a 0x0 0x63 0x0 0x7c 0x0 0xa2 0xa2 0xa2 0xa2 0xa2 0xa2 0x41 0x3 0x36 0x3 0x40 0x3 0x37 0x3 0x46 0x3 0x3a 0x3 0x41 0x3 0x37 0x3 0x32 0x0 0x3 0x92 0x94 0x88 0x8b 0x4d 0x80 0x4f 0x80 0xa6 0x82 0xeb 0x7b 0x64 0x6e 0x5a 0x5a 0x23 0x27 0xb4 0xff 0x73 0xe7 0x15 0xee 0x0 0x0 0x0 0x0 0x0 0x0 0x9 0x7b 0x0 0xa4 0xa4 0x0 0x4 0xb9 0x5 0x0 0x0
1787978996545,0x1 0x8b 0xd 0x51 0xa2 0xb6 0x60 0xd 0x0 0x0 0xd 0x23 0x34 0x0 0x61 0x13 0x97 0x13 0x73 0x0 0xaf 0x2 0xa3 0x2 0x0 0x28 0x65 0x1 0x0 0x76 0x0 0x71 0x0 0x63 0x0 0x7b 0x0 0xa4 0xa4 0xa4 0xa4 0xa4 0xa4 0x36 0x3 0x2c 0x3 0x39 0x3 0x31 0x3 0x3a 0x3 0x2f 0x3 0x38 0x3 0x2f 0x3 0x32 0x0 0x3 0x8b 0x95 0x88 0x8b 0x4d 0x80 0x4f 0x80 0xa6 0x82 0xeb 0x7b 0x66 0x6f 0x5a 0x5a 0x1b 0x27 0xac 0xff 0x73 0xe7 0x15 0xee 0x0 0x0 0x0 0x0 0x0 0x0 0x9 0x7b 0x0 0xa4 0xa4 0x0 0x4 0xac 0x5 0x0 0x0
1787978996769,0x1 0x89 0xd 0x51 0xa2 0xb6 0x60 0xd 0x0 0x0 0xd 0x25 0x37 0x0 0xa5 0x14 0x4e 0x14 0x73 0x0 0xaa 0x2 0xa3 0x2 0x0 0x28 0x65 0x1 0x0 0xa3 0x0 0x96 0x0 0x64 0x0 0x7b 0x0 0xa2 0xa2 0xa2 0xa2 0xa2 0xa2 0x34 0x3 0x45 0x3 0x2c 0x3 0x3a 0x3 0x2f 0x3 0x3f 0x3 0x36 0x3 0x45 0x3 0x32 0x0 0x3 0x8a 0x95 0x8a 0x8b 0x4d 0x80 0x4f 0x80 0xa6 0x82 0xeb 0x7b 0x66 0x6f 0x5a 0x5a 0x15 0x27 0xa6 0xff 0x73 0xe7 0x15 0xee 0x0 0x0 0x0 0x0 0x0 0x0 0x9 0x7b 0x0 0xa4 0xa4 0x0 0x4 0xcb 0x5 0x0 0x0
1787978996993,0x1 0x8c 0xd 0x52 0xa2 0xb6 0x60 0xd 0x0 0x0 0xd 0x24 0x35 0x0 0x3 0x14 0x42 0x14 0x73 0x0 0xa6 0x2 0xa3 0x2 0x0 0x28 0x65 0x1 0x0 0xa8 0x0 0xa2 0x0 0x66 0x0 0x7b 0x0 0xa1 0xa1 0xa1 0xa1 0xa1 0xa1 0x35 0x3 0x2f 0x3 0x31 0x3 0x34 0x3 0x38 0x3 0x30 0x3 0x31 0x3 0x2c 0x3 0x32 0x0 0x3 0x89 0x8c 0x8a 0x8c 0x4d 0x80 0x4f 0x80 0xa6 0x82 0xeb 0x7b 0x66 0x6f 0x5a 0x5a 0x15 0x27 0xa6 0xff 0x73 0xe7 0x15 0xee 0x0 0x0 0x0 0x0 0x0 0x0 0x9 0x7b 0x0 0xa4 0xa4 0x0 0x4 0x9f 0x5 0x0 0x0
1787978997217,0x1 0x8a 0xd 0x52 0xa2 0xb6 0x60 0xd 0x0 0x0 0xd 0x24 0x36 0x0 0x5c 0x14 0x36 0x14 0x73 0x0 0xa7 0x2 0xa3 0x2 0x0 0x28 0x65 0x1 0x0 0xa7 0x0 0xa7 0x0 0x67 0x0 0x7b 0x0 0xa2 0xa2 0xa2 0xa2 0xa2 0xa2 0x2f 0x3 0x28 0x3 0x2b 0x3 0x28 0x3 0x2e 0x3 0x2b 0x3 0x2e 0x3 0x29 0x3 0x32 0x0 0x3 0x87 0x8b 0x8a 0x8c 0x4d 0x80 0x4f 0x80 0xa6 0x82 0xeb 0x7b 0x66 0x6f 0x5a 0x5a 0x13 0x27 0xa4 0xff 0x73 0xe7 0x15 0xee 0x0 0x0 0x0 0x0 0x0 0x0 0x9 0x7b 0x0 0xa4 0xa4 0x0 0x4 0xb9 0x5 0x0 0x0
1787978997442,0x1 0x8b 0xd 0x51 0xa2 0xb6 0x60 0xd 0x0 0x0 0xd 0x24 0x35 0x0 0x1a 0x14 0x29 0x14 0x73 0x0 0xa3 0x2 0xa3 0x2 0x0 0x28 0x65 0x1 0x0 0xa6 0x0 0xa8 0x0 0x68 0x0 0x7c 0x0 0xa0 0xa0 0xa0 0xa0 0xa0 0xa0 0x2c 0x3 0x24 0x3 0x2a 0x3 0x28 0x3 0x2b 0x3 0x25 0x3 0x2a 0x3 0x25 0x3 0x32 0x0 0x3 0x86 0x8a 0x8a 0x8c 0x4d 0x80 0x4f 0x80 0xa6 0x82 0xeb 0x7b 0x64 0x6e 0x5a 0x5a 0x13 0x27 0xa4 0xff 0x73 0xe7 0x15 0xee 0x0 0x0 0x0 0x0 0x0 0x0 0x9 0x7b 0x0 0xa4 0xa4 0x0 0x4 0xac 0x5 0x0 0x0
1787978997665,0x1 0x89 0xd 0x51 0xa2 0xb6 0x60 0xd 0x0 0x0 0xd 0x24 0x36 0x0 0x5c 0x14 0xea 0x13 0x73 0x0 0xa7 0x2 0xa3 0x2 0x0 0x28 0x65 0x1 0x0 0xa5 0x0 0xa6 0x0 0x68 0x0 0x7d 0x0 0xa2 0xa2 0xa2 0xa2 0xa2 0xa2 0x1b 0x3 0x19 0x3 0x25 0x3 0x21 0x3 0x24 0x3 0x19 0x3 0x1f 0x3 0x19 0x3 0x32 0x0 0x3 0x85 0x88 0x8a 0x8c 0x4d 0x80 0x4f 0x80 0xa6 0x82 0xeb 0x7b 0x64 0x6e 0x5a 0x5a 0x11 0x27 0xa2 0xff 0x73 0xe7 0x15 0xee 0x0 0x0 0x0 0x0 0x0 0x0 0x9 0x7b 0x0 0xa4 0xa4 0x0 0x4 0xcb 0x5 0x0 0x0
1787978997890,0x1 0x89 0xd 0x51 0xa2 0xb6 0x60 0xd 0x0 0x0 0xd 0x23 0x34 0x0 0xcf 0x13 0x1c 0x14 0x73 0x0 0xa0 0x2 0xa3 0x2 0x0 0x28 0x65 0x1 0x0 0xa0 0x0 0xa3 0x0 0x68 0x0 0x7e 0x0 0x9e 0x9e 0x9e 0x9e 0x9e 0x9e 0x1f 0x3 0x1c 0x3 0x24 0x3 0x1c 0x3 0x23 0x3 0x1c 0x3 0x21 0x3 0x1c 0x3 0x32 0x0 0x3 0x83 0x87 0x8a 0x8c 0x4d 0x80 0x4f 0x80 0xa6 0x82 0xeb 0x7b 0x64 0x6e 0x5a 0x5a 0x17 0x27 0xa8 0xff 0x73 0xe7 0x15 0xee 0x0 0x0 0x0 0x0 0x0 0x0 0x9 0x7b 0x0 0xa4 0xa4 0x0 0x4 0xcb 0x5 0x0 0x0
1787978998113,0x1 0x8b 0xd 0x51 0xa2 0xb6 0x60 0xd 0x0 0x0 0xd 0x24 0x35 0x0 0x29 0x14 0x2f 0x14 0x73 0x0 0xa1 0x2 0xa3 0x2 0x0 0x28 0x65 0x1 0x0 0x9b 0x0 0x9e 0x0 0x68 0x0 0x7f 0x0 0x9e 0x9e 0x9e 0x9e 0x9e 0x9e 0x1e 0x3 0x18 0x3 0x1e 0x3 0x1b 0x3 0x21 0x3 0x19 0x3 0x21 0x3 0x1c 0x3 0x32 0x0 0x3 0x82 0x86 0x8a 0x8c 0x4d 0x80 0x4f 0x80 0xa6 0x82 0xeb 0x7b 0x64 0x6e 0x5a 0x5a 0x1f 0x27 0xb0 0xff 0x73 0xe7 0x15 0xee 0x0 0x0 0x0 0x0 0x0 0x0 0x9 0x7b 0x0 0xa4 0xa4 0x0 0x4 0xac 0x5 0x0 0x0
1787978998337,0x1 0x8b 0xd 0x51 0xa2 0xb6 0x60 0xd 0x0 0x0 0xd 0x23 0x35 0x0 0xfb 0x13 0x27 0x14 0x73 0x0 0xa7 0x2 0xa3 0x2 0x0 0x28 0x65 0x1 0x0 0x94 0x0 0x98 0x0 0x68 0x0 0x7f 0x0 0xa2 0xa2 0xa2 0xa2 0xa2 0xa2 0x1a 0x3 0x1a 0x3 0x21 0x3 0x1d 0x3 0x1e 0x3 0x16 0x3 0x1a 0x3 0x14 0x3 0x32 0x0 0x3 0x81 0x85 0x8a 0x8c 0x4d 0x80 0x4f 0x80 0xa6 0x82 0xeb 0x7b 0x67 0x70 0x5a 0x5b 0x1b 0x27 0xac 0xff 0x73 0xe7 0x15 0xee 0x0 0x0 0x0 0x0 0x0 0x0 0x9 0x7b 0x0 0xa4 0xa4 0x0 0x4 0xac 0x5 0x0 0x0
1787978998560,0x1 0x89 0xd 0x52 0xa2 0xb6 0x60 0xd 0x0 0x0 0xd 0x24 0x36 0x0 0x5c 0x14 0x1c 0x14 0x73 0x0 0xa7 0x2 0xa3 0x2 0x0 0x28 0x65 0x1 0x0 0x7e 0x0 0x84 0x0 0x67 0x0 0x80 0x0 0xa2 0xa2 0xa2 0xa2 0xa2 0xa2 0x14 0x3 0x10 0x3 0x16 0x3 0x12 0x3 0x18 0x3 0x12 0x3 0x16 0x3 0x10 0x3 0x32 0x0 0x3 0x80 0x83 0x8a 0x8c 0x4d 0x80 0x4f 0x80 0xa6 0x82 0xeb 0x7b 0x67 0x70 0x5a 0x5b 0x1d 0x27 0xae 0xff 0x73 0xe7 0x15 0xee 0x0 0x0 0x0 0x0 0x0 0x0 0x9 0x7b 0x0 0xa4 0xa4 0x0 0x4 0xcb 0x5 0x0 0x0
1787978998785,0x1 0x88 0xd 0x52 0xa2 0xb6 0x60 0xd 0x0 0x0 0xd 0x24 0x35 0x0 0x38 0x14 0x1e 0x14 0x73 0x0 0x9f 0x2 0xa3 0x2 0x0 0x28 0x65 0x1 0x0 0x35 0x0 0x39 0x0 0x67 0x0 0x80 0x0 0x9e 0x9e 0x9e 0x9e 0x9e 0x9e 0x2b 0x3 0x26 0x3 0x29 0x3 0x27 0x3 0x16 0x3 0xf 0x3 0x2c 0x3 0x27 0x3 0x32 0x0 0x3 0x87 0x8b 0x89 0x8c 0x4d 0x80 0x4f 0x80 0xa6 0x82 0xeb 0x7b 0x67 0x70 0x5a 0x5b 0x23 0x27 0xb4 0xff 0x73 0xe7 0x15 0xee 0x0 0x0 0x0 0x0 0x0 0x0 0x9 0x7b 0x0 0xa4 0xa4 0x0 0x4 0xdd 0x5 0x0 0x0
1787978999009,0x1 0x8b 0xd 0x51 0xa2 0xb6 0x60 0xd 0x0 0x0 0xd 0x24 0x36 0x0 0x8a 0x14 0x69 0x14 0x73 0x0 0xa1 0x2 0xa3 0x2 0x0 0x28 0x65 0x1 0x0 0x1d 0x0 0x21 0x0 0x67 0x0 0x80 0x0 0x9e 0x9e 0x9e 0x9e 0x9e 0x9e 0x30 0x3 0x2c 0x3 0x33 0x3 0x30 0x3 0x37 0x3 0x27 0x3 0x37 0x3 0x31 0x3 0x32 0x0 0x3 0x89 0x8c 0x89 0x8c 0x4d 0x80 0x4f 0x80 0xa6 0x82 0xeb 0x7b 0x67 0x70 0x5b 0x5b 0x2f 0x27 0xc0 0xff 0x73 0xe7 0x15 0xee 0x0 0x0 0x0 0x0 0x0 0x0 0x9 0x7b 0x0 0xa4 0xa4 0x0 0x4 0xac 0x5 0x0 0x0
1787978999233,0x1 0x8b 0xd 0x51 0xa2 0xb6 0x60 0xd 0x0 0x0 0xd 0x23 0x35 0x0 0xec 0x13 0x13 0x14 0x73 0x0 0xa9 0x2 0xa3 0x2 0x0 0x28 0x65 0x1 0x0 0x14 0x0 0x17 0x0 0x66 0x0 0x80 0x0 0xa2 0xa2 0xa2 0xa2 0xa2 0xa2 0x2f 0x3 0x30 0x3 0x35 0x3 0x2d 0x3 0x31 0x3 0x2a 0x3 0x2f 0x3 0x29 0x3 0x32 0x0 0x3 0x8a 0x8d 0x89 0x8c 0x4d 0x80 0x4f 0x80 0xa6 0x82 0xeb 0x7b 0x67 0x70 0x5b 0x5b 0x29 0x27 0xba 0xff 0x73 0xe7 0x15 0xee 0x0 0x0 0x0 0x0 0x0 0x0 0x9 0x7b 0x0 0xa4 0xa4 0x0 0x4 0xac 0x5 0x0 0x0
1787978999457,0x1 0x8a 0xd 0x52 0xa2 0xb6 0x60 0xd 0x0 0x0 0xd 0x24 0x35 0x0 0xfb 0x13 0xf1 0x13 0x73 0x0 0xa7 0x2 0xa3 0x2 0x0 0x28 0x65 0x1 0x0 0x15 0x0 0x17 0x0 0x66 0x0 0x80 0x0 0xa1 0xa1 0xa1 0xa1 0xa1 0xa1 0x2f 0x3 0x28 0x3 0x2e 0x3 0x28 0x3 0x2e 0x3 0x28 0x3 0x2e 0x3 0x29 0x3 0x32 0x0 0x3 0x8b 0x8f 0x89 0x8c 0x4d 0x80 0x4f 0x80 0xa6 0x82 0xeb 0x7b 0x65 0x6f 0x5b 0x5c 0x25 0x27 0xb6 0xff 0x73 0xe7 0x15 0xee 0x0 0x0 0x0 0x0 0x0 0x0 0x9 0x7b 0x0 0xa4 0xa4 0x0 0x4 0xb9 0x5 0x0 0x0
1787978999680,0x1 0x89 0xd 0x52 0xa2 0xb6 0x60 0xd 0x0 0x0 0xd 0x23 0x35 0x0 0x12 0x14 0xe 0x14 0x73 0x0 0xa4 0x2 0xa3 0x2 0x0 0x28 0x65 0x1 0x0 0x17 0x0 0x1d 0x0 0x65 0x0 0x80 0x0 0xa0 0xa0 0xa0 0xa0 0xa0 0xa0 0x37 0x3 0x32 0x3 0x36 0x3 0x31 0x3 0x38 0x3 0x30 0x3 0x37 0x3 0x31 0x3 0x32 0x0 0x3 0x8c 0x90 0x89 0x8c 0x4d 0x80 0x4f 0x80 0xa6 0x82 0xeb 0x7b 0x65 0x6f 0x5b 0x5c 0x29 0x27 0xba 0xff 0x73 0xe7 0x15 0xee 0x0 0x0 0x0 0x0 0x0 0x0 0x9 0x7b 0x0 0xa4 0xa4 0x0 0x4 0xcb 0x5 0x0 0x0
1787978999905,0x1 0x8b 0xd 0x52 0xa2 0xb6 0x60 0xd 0x0 0x0 0xd 0x25 0x36 0x0 0x54 0x14 0x54 0x14 0x73 0x0 0xa8 0x2 0xa3 0x2 0x0 0x28 0x65 0x1 0x0 0x1b 0x0 0x3a 0x0 0x65 0x0 0x80 0x0 0xa2 0xa2 0xa2 0xa2 0xa2 0xa2 0x39 0x3 0x34 0x3 0x3e 0x3 0x3c 0x3 0x41 0x3 0x3c 0x3 0x42 0x3 0x3c 0x3 0x32 0x0 0x3 0x8e 0x91 0x89 0x8c 0x4d 0x80 0x4f 0x80 0xa6 0x82 0xeb 0x7b 0x65 0x6f 0x5c 0x5c 0x25 0x27 0xb6 0xff 0x73 0xe7 0x15 0xee 0x0 0x0 0x0 0x0 0x0 0x0 0x9 0x7b 0x0 0xa4 0xa4 0x0 0x4 0xac 0x5 0x0 0x0
1787979000129,0x1 0x8b 0xd 0x51 0xa2 0xb6 0x60 0xd 0x0 0x0 0xd 0x23 0x34 0x0 0x6f 0x13 0xf1 0x13 0x73 0x0 0xad 0x2 0xa3 0x2 0x0 0x28 0x65 0x1 0x0 0x40 0x0 0x7d 0x0 0x65 0x0 0x80 0x0 0xa4 0xa4 0xa4 0xa4 0xa4 0xa4 0x38 0x3 0x3d 0x3 0x41 0x3 0x3a 0x3 0x3e 0x3 0x37 0x3 0x38 0x3 0x32 0x3 0x32 0x0 0x3 0x8f 0x92 0x89 0x8c 0x4d 0x80 0x4f 0x80 0xa6 0x82 0xeb 0x7b 0x65 0x6f 0x5c 0x5c 0x1f 0x27 0xb0 0xff 0x73 0xe7 0x15 0xee 0x0 0x0 0x0 0x0 0x0 0x0 0x9 0x7b 0x0 0xa4 0xa4 0x0 0x4 0xac 0x5 0x0 0x0
1787979000353,0x1 0x89 0xd 0x51 0xa2 0xb6 0x60 0xd 0x0 0x0 0xd 0x25 0x35 0x0 0xde 0x13 0xd4 0x13 0x73 0x0 0xab 0x2 0xa3 0x2 0x0 0x28 0x65 0x1 0x0 0x85 0x0 0xa2 0x0 0x65 0x0 0x7f 0x0 0xa2 0xa2 0xa2 0xa2 0xa2 0xa2 0x38 0x3 0x2e 0x3 0x22 0x3 0x35 0x3 0x3c 0x3 0x34 0x3 0x22 0x3 0x1a 0x3 0x32 0x0 0x3 0x88 0x8a 0x87 0x8a 0x4d 0x80 0x4f 0x80 0xa6 0x82 0xeb 0x7b 0x67 0x70 0x5c 0x5d 0x19 0x27 0xaa 0xff 0x73 0xe7 0x15 0xee 0x0 0x0 0x0 0x0 0x0 0x0 0x9 0x7b 0x0 0xa4 0xa4 0x0 0x4 0xcb 0x5 0x0 0x0
1787979000576,0x1 0x89 0xd 0x51 0xa2 0xb6 0x60 0xd 0x0 0x0 0xd 0x24 0x35 0x0 0x12 0x14 0xf1 0x13 0x73 0x0 0xa4 0x2 0xa3 0x2 0x0 0x28 0x65 0x1 0x0 0xa3 0x0 0xa7 0x0 0x66 0x0 0x80 0x0 0xa0 0xa0 0xa0 0xa0 0xa0 0xa0 0x1e 0x3 0x14 0x3 0x1f 0x3 0x1b 0x3 0x24 0x3 0x18 0x3 0x24 0x3 0x1c 0x3 0x32 0x0 0x3 0x86 0x89 0x87 0x8a 0x4d 0x80 0x4f 0x80 0xa6 0x82 0xeb 0x7b 0x67 0x70 0x5c 0x5d 0x15 0x27 0xa6 0xff 0x73 0xe7 0x15 0xee 0x0 0x0 0x0 0x0 0x0 0x0 0x9 0x7b 0x0 0xa4 0xa4 0x0 0x4 0xcb 0x5 0x0 0x0
1787979000801,0x1 0x8a 0xd 0x51 0xa2 0xb6 0x60 0xd 0x0 0x0 0xd 0x24 0x36 0x0 0x7b 0x14 0x51 0x14 0x73 0x0 0xa3 0x2 0xa3 0x2 0x0 0x28 0x65 0x1 0x0 0xa4 0x0 0xa7 0x0 0x67 0x0 0x80 0x0 0xa0 0xa0 0xa0 0xa0 0xa0 0xa0 0x25 0x3 0x1f 0x3 0x2a 0x3 0x24 0x3 0x2d 0x3 0x24 0x3 0x2d 0x3 0x24 0x3 0x32 0x0 0x3 0x85 0x88 0x87 0x8a 0x4d 0x80 0x4f 0x80 0xa6 0x82 0xeb 0x7b 0x67 0x70 0x5c 0x5d 0x19 0x27 0xaa 0xff 0x73 0xe7 0x15 0xee 0x0 0x0 0x0 0x0 0x0 0x0 0x9 0x7b 0x0 0xa4 0xa4 0x0 0x4 0xb9 0x5 0x0 0x0
1787979001025,0x1 0x8a 0xd 0x52 0xa2 0xb6 0x60 0xd 0x0 0x0 0xd 0x24 0x35 0x0 0xfb 0x13 0x41 0x14 0x73 0x0 0xa7 0x2 0xa3 0x2 0x0 0x28 0x65 0x1 0x0 0x9d 0x0 0xa1 0x0 0x68 0x0 0x81 0x0 0xa2 0xa2 0xa2 0xa2 0xa2 0xa2 0x28 0x3 0x1e 0x3 0x29 0x3 0x21 0x3 0x28 0x3 0x20 0x3 0x25 0x3 0x1e 0x3 0x32 0x0 0x3 0x84 0x86 0x87 0x8a 0x4d 0x80 0x4f 0x80 0xa6 0x82 0xeb 0x7b 0x67 0x70 0x5d 0x5d 0x1d 0x27 0xae 0xff 0x73 0xe7 0x15 0xee 0x0 0x0 0x0 0x0 0x0 0x0 0x9 0x7b 0x0 0xa4 0xa4 0x0 0x4 0xb9 0x5 0x0 0x0
1787979001249,0x1 0x8b 0xd 0x52 0xa2 0xb6 0x60 0xd 0x0 0x0 0xd 0x24 0x35 0x0 0x38 0x14 0x12 0x14 0x73 0x0 0x9f 0x2 0xa3 0x2 0x0 0x28 0x65 0x1 0x0 0x93 0x0 0x9c 0x0 0x68 0x0 0x81 0x0 0x9e 0x9e 0x9e 0x9e 0x9e 0x9e 0x20 0x3 0x16 0x3 0x1e 0x3 0x1d 0x3 0x22 0x3 0x19 0x3 0x1e 0x3 0x16 0x3 0x32 0x0 0x3 0x83 0x85 0x87 0x8a 0x4d 0x80 0x4f 0x80 0xa6 0x82 0xeb 0x7b 0x67 0x70 0x5d 0x5d 0x25 0x27 0xb6 0xff 0x73 0xe7 0x15 0xee 0x0 0x0 0x0 0x0 0x0 0x0 0x9 0x7b 0x0 0xa4 0xa4 0x0 0x4 0xac 0x5 0x0 0x0
1787979001473,0x1 0x88 0xd 0x51 0xa2 0xb6 0x60 0xd 0x0 0x0 0xd 0x23 0x35 0x0 0xb 0x14 0x2b 0x14 0x73 0x0 0xa5 0x2 0xa3 0x2 0x0 0x28 0x65 0x1 0x0 0x85 0x0 0x96 0x0 0x68 0x0 0x81 0x0 0xa1 0xa1 0xa1 0xa1 0xa1 0xa1 0x1f 0x3 0x15 0x3 0x1c 0x3 0x16 0x3 0x1e 0x3 0x15 0x3 0x1e 0x3 0x15 0x3 0x32 0x0 0x3 0x81 0x84 0x87 0x8a 0x4d 0x80 0x4f 0x80 0xa6 0x82 0xeb 0x7b 0x67 0x70 0x5d 0x5e 0x25 0x27 0xb6 0xff 0x73 0xe7 0x15 0xee 0x0 0x0 0x0 0x0 0x0 0x0 0x9 0x7b 0x0 0xa4 0xa4 0x0 0x4 0xdd 0x5 0x0 0x0
1787979001697,0x1 0x8b 0xd 0x51 0xa2 0xb6 0x60 0xd 0x0 0x0 0xd 0x23 0x35 0x0 0x1a 0x14 0x26 0x14 0x73 0x0 0xa3 0x2 0xa3 0x2 0x0 0x28 0x65 0x1 0x0 0x3b 0x0 0x79 0x0 0x68 0x0 0x82 0x0 0xa0 0xa0 0xa0 0xa0 0xa0 0xa0 0x30 0x3 0x12 0x3 0x19 0x3 0x13 0x3 0x31 0x3 0x11 0x3 0x30 0x3 0x11 0x3 0x32 0x0 0x3 0x89 0x83 0x88 0x8a 0x4d 0x80 0x4f 0x80 0xa6 0x82 0xeb 0x7b 0x67 0x70 0x5d 0x5e 0x27 0x27 0xb8 0xff 0x73 0xe7 0x15 0xee 0x0 0x0 0x0 0x0 0x0 0x0 0x9 0x7b 0x0 0xa4 0xa4 0x0 0x4 0xac 0x5 0x0 0x0
1787979001921,0x1 0x8a 0xd 0x51 0xa2 0xb6 0x60 0xd 0x0 0x0 0xd 0x23 0x34 0x0 0xa2 0x13 0x0 0x14 0x73 0x0 0xa6 0x2 0xa3 0x2 0x0 0x28 0x65 0x1 0x0 0x20 0x0 0x2d 0x0 0x68 0x0 0x82 0x0 0xa2 0xa2 0xa2 0xa2 0xa2 0xa2 0x30 0x3 0x21 0x3 0x2e 0x3 0x22 0x3 0x30 0x3 0x24 0x3 0x2e 0x3 0x21 0x3 0x32 0x0 0x3 0x8a 0x8b 0x88 0x8a 0x4d 0x80 0x4f 0x80 0xa6 0x82 0xeb 0x7b 0x67 0x70 0x5e 0x5e 0x2b 0x27 0xbc 0xff 0x73 0xe7 0x15 0xee 0x0 0x0 0x0 0x0 0x0 0x0 0x9 0x7b 0x0 0xa4 0xa4 0x0 0x4 0xb9 0x5 0x0 0x0
1787979002143,0x1 0x8b 0xd 0x51 0xa2 0xb6 0x60 0xd 0x0 0x0 0xd 0x23 0x35 0x0 0x21 0x14 0xb 0x14 0x73 0x0 0xa2 0x2 0xa3 0x2 0x0 0x28 0x65 0x1 0x0 0x17 0x0 0x19 0x0 0x67 0x0 0x82 0x0 0x9e 0x9e 0x9e 0x9e 0x9e 0x9e 0x30 0x3 0x23 0x3 0x33 0x3 0x27 0x3 0x31 0x3 0x23 0x3 0x33 0x3 0x27 0x3 0x32 0x0 0x3 0x8b 0x8c 0x88 0x8a 0x4d 0x80 0x4f 0x80 0xa6 0x82 0xeb 0x7b 0x67 0x70 0x5e 0x5e 0x2b 0x27 0xbc 0xff 0x73 0xe7 0x15 0xee 0x0 0x0 0x0 0x0 0x0 0x0 0x9 0x7b 0x0 0xa4 0xa4 0x0 0x4 0xac 0x5 0x0 0x0
1787979002368,0x1 0x89 0xd 0x51 0xa2 0xb6 0x60 0xd 0x0 0x0 0xd 0x25 0x36 0x0 0x64 0x14 0x13 0x14 0x73 0x0 0xa6 0x2 0xa3 0x2 0x0 0x28 0x65 0x1 0x0 0x16 0x0 0x15 0x0 0x67 0x0 0x81 0x0 0xa2 0xa2 0xa2 0xa2 0xa2 0xa2 0x33 0x3 0x24 0x3 0x33 0x3 0x29 0x3 0x38 0x3 0x28 0x3 0x38 0x3 0x2a 0x3 0x32 0x0 0x3 0x8d 0x8d 0x88 0x8a 0x4d 0x80 0x4f 0x80 0xa6 0x82 0xeb 0x7b 0x65 0x6f 0x5e 0x5f 0x2d 0x27 0xbe 0xff 0x73 0xe7 0x15 0xee 0x0 0x0 0x0 0x0 0x0 0x0 0x9 0x7b 0x0 0xa4 0xa4 0x0 0x4 0xcb 0x5 0x0 0x0
1787979002592,0x1 0x89 0xd 0x51 0xa2 0xb6 0x60 0xd 0x0 0x0 0xd 0x23 0x34 0x0 0x68 0x13 0xf2 0x13 0x73 0x0 0xae 0x2 0xa3 0x2 0x0 0x28 0x65 0x1 0x0 0x17 0x0 0x14 0x0 0x66 0x0 0x81 0x0 0xa4 0xa4 0xa4 0xa4 0xa4 0xa4 0x35 0x3 0x2b 0x3 0x36 0x3 0x2b 0x3 0x37 0x3 0x2c 0x3 0x35 0x3 0x29 0x3 0x32 0x0 0x3 0x8e 0x8f 0x88 0x8a 0x4d 0x80 0x4f 0x80 0xa6 0x82 0xeb 0x7b 0x65 0x6f 0x5e 0x5f 0x27 0x27 0xb8 0xff 0x73 0xe7 0x15 0xee 0x0 0x0 0x0 0x0 0x0 0x0 0x9 0x7b 0x0 0xa4 0xa4 0x0 0x4 0xcb 0x5 0x0 0x0
1787979002816,0x1 0x8c 0xd 0x51 0xa2 0xb6 0x60 0xd 0x0 0x0 0xd 0x24 0x35 0x0 0xe5 0x13 0xd7 0x13 0x73 0x0 0xaa 0x2 0xa3 0x2 0x0 0x28 0x65 0x1 0x0 0x1e 0x0 0x14 0x0 0x66 0x0 0x81 0x0 0xa2 0xa2 0xa2 0xa2 0xa2 0xa2 0x35 0x3 0x29 0x3 0x35 0x3 0x29 0x3 0x33 0x3 0x27 0x3 0x35 0x3 0x29 0x3 0x32 0x0 0x3 0x8f 0x90 0x88 0x8a 0x4d 0x80 0x4f 0x80 0xa6 0x82 0xeb 0x7b 0x65 0x6f 0x5e 0x5f 0x21 0x27 0xb2 0xff 0x73 0xe7 0x15 0xee 0x0 0x0 0x0 0x0 0x0 0x0 0x9 0x7b 0x0 0xa4 0xa4 0x0 0x4 0x9f 0x5 0x0 0x0
1787979003040,0x1 0x8b 0xd 0x52 0xa2 0xb6 0x60 0xd 0x0 0x0 0xd 0x24 0x36 0x0 0x4d 0x14 0x1e 0x14 0x73 0x0 0xa9 0x2 0xa3 0x2 0x0 0x28 0x65 0x1 0x0 0x44 0x0 0x16 0x0 0x66 0x0 0x81 0x0 0xa2 0xa2 0xa2 0xa2 0xa2 0xa2 0x3f 0x3 0x34 0x3 0x40 0x3 0x35 0x3 0x3f 0x3 0x32 0x3 0x41 0x3 0x35 0x3 0x32 0x0 0x3 0x90 0x91 0x88 0x8a 0x4d 0x80 0x4f 0x80 0xa6 0x82 0xeb 0x7b 0x65 0x6f 0x5f 0x5f 0x1b 0x27 0xac 0xff 0x73 0xe7 0x15 0xee 0x0 0x0 0x0 0x0 0x0 0x0 0x9 0x7b 0x0 0xa4 0xa4 0x0 0x4 0xac 0x5 0x0 0x0
1787979003264,0x1 0x89 0xd 0x52 0xa2 0xb6 0x60 0xd 0x0 0x0 0xd 0x24 0x35 0x0 0xde 0x13 0xd3 0x13 0x73 0x0 0xab 0x2 0xa3 0x2 0x0 0x28 0x65 0x1 0x0 0x87 0x0 0x24 0x0 0x66 0x0 0x81 0x0 0xa3 0xa3 0xa3 0xa3 0xa3 0xa3 0x3d 0x3 0x30 0x3 0x3b 0x3 0x2e 0x3 0x28 0x3 0x30 0x3 0x26 0x3 0x30 0x3 0x32 0x0 0x3 0x89 0x93 0x89 0x8a 0x4d 0x80 0x4f 0x80 0xa6 0x82 0xeb 0x7b 0x65 0x6f 0x5f 0x5f 0x17 0x27 0xa8 0xff 0x73 0xe7 0x15 0xee 0x0 0x0 0x0 0x0 0x0 0x0 0x9 0x7b 0x0 0xa4 0xa4 0x0 0x4 0xcb 0x5 0x0 0x0
1787979003488,0x1 0x89 0xd 0x51 0xa2 0xb6 0x60 0xd 0x0 0x0 0xd 0x24 0x35 0x0 0xec 0x13 0xb6 0x13 0x73 0x0 0xa9 0x2 0xa3 0x2 0x0 0x28 0x65 0x1 0x0 0xa5 0x0 0x6e 0x0 0x67 0x0 0x81 0x0 0xa2 0xa2 0xa2 0xa2 0xa2 0xa2 0x20 0x3 0x2e 0x3 0x21 0x3 0x2b 0x3 0x1e 0x3 0x2d 0x3 0x20 0x3 0x30 0x3 0x32 0x0 0x3 0x88 0x94 0x89 0x8a 0x4d 0x80 0x4f 0x80 0xa6 0x82 0xeb 0x7b 0x67 0x70 0x5f 0x60 0x11 0x27 0xa2 0xff 0x73 0xe7 0x15 0xee 0x0 0x0 0x0 0x0 0x0 0x0 0x9 0x7b 0x0 0xa4 0xa4 0x0 0x4 0xcb 0x5 0x0 0x0
1787979003712,0x1 0x8a 0xd 0x51 0xa2 0xb6 0x60 0xd 0x0 0x0 0xd 0x24 0x34 0x0 0xc0 0x13 0x12 0x14 0x73 0x0 0xa2 0x2 0xa3 0x2 0x0 0x28 0x65 0x1 0x0 0xa8 0x0 0x94 0x0 0x69 0x0 0x81 0x0 0x9e 0x9e 0x9e 0x9e 0x9e 0x9e 0x28 0x3 0x3e 0x3 0x29 0x3 0x37 0x3 0x26 0x3 0x3a 0x3 0x29 0x3 0x3d 0x3 0x32 0x0 0x3 0x87 0x94 0x89 0x8a 0x4d 0x80 0x4f 0x80 0xa6 0x82 0xeb 0x7b 0x67 0x70 0x5f 0x60 0xb 0x27 0xa0 0xff 0x73 0xe7 0x15 0xee 0x0 0x0 0x0 0x0 0x0 0x0 0x9 0x7b 0x0 0xa4 0xa4 0x0 0x4 0xb9 0x5 0x0 0x0
1787979003935,0x1 0x8b 0xd 0x51 0xa2 0xb6 0x60 0xd 0x0 0x0 0xd 0x24 0x36 0x0 0x83 0x14 0x37 0x14 0x73 0x0 0xa2 0x2 0xa3 0x2 0x0 0x28 0x65 0x1 0x0 0xa5 0x0 0xa5 0x0 0x6a 0x0 0x81 0x0 0x9f 0x9f 0x9f 0x9f 0x9f 0x9f 0x2a 0x3 0x28 0x3 0x28 0x3 0x28 0x3 0x29 0x3 0x29 0x3 0x29 0x3 0x2a 0x3 0x32 0x0 0x3 0x85 0x8b 0x89 0x8b 0x4d 0x80 0x4f 0x80 0xa6 0x82 0xeb 0x7b 0x67 0x70 0x60 0x60 0xb 0x27 0xa0 0xff 0x73 0xe7 0x15 0xee 0x0 0x0 0x0 0x0 0x0 0x0 0x9 0x7b 0x0 0xa4 0xa4 0x0 0x4 0xac 0x5 0x0 0x0
1787979004159,0x1 0x89 0xd 0x51 0xa2 0xb6 0x60 0xd 0x0 0x0 0xd 0x24 0x35 0x0 0xfb 0x13 0x22 0x14 0x73 0x0 0xa7 0x2 0xa3 0x2 0x0 0x28 0x65 0x1 0x0 0xa1 0x0 0xa9 0x0 0x6a 0x0 0x81 0x0 0xa2 0xa2 0xa2 0xa2 0xa2 0xa2 0x25 0x3 0x25 0x3 0x24 0x3 0x26 0x3 0x25 0x3 0x23 0x3 0x23 0x3 0x23 0x3 0x32 0x0 0x3 0x84 0x8a 0x89 0x8b 0x4d 0x80 0x4f 0x80 0xa6 0x82 0xeb 0x7b 0x67 0x70 0x60 0x60 0x9 0x27 0x9e 0xff 0x73 0xe7 0x15 0xee 0x0 0x0 0x0 0x0 0x0 0x0 0x9 0x7b 0x0 0xa4 0xa4 0x0 0x4 0xcb 0x5 0x0 0x0
1787979004383,0x1 0x89 0xd 0x51 0xa2 0xb6 0x60 0xd 0x0 0x0 0xd 0x24 0x35 0x0 0xec 0x13 0x16 0x14 0x73 0x0 0xa9 0x2 0xa3 0x2 0x0 0x28 0x65 0x1 0x0 0x9b 0x0 0xa8 0x0 0x6a 0x0 0x82 0x0 0xa2 0xa2 0xa2 0xa2 0xa2 0xa2 0x1f 0x3 0x1d 0x3 0x25 0x3 0x25 0x3 0x22 0x3 0x22 0x3 0x1d 0x3 0x1d 0x3 0x32 0x0 0x3 0x83 0x89 0x89 0x8b 0x4d 0x80 0x4f 0x80 0xa6 0x82 0xeb 0x7b 0x65 0x6f 0x60 0x61 0x7 0x27 0x9c 0xff 0x73 0xe7 0x15 0xee 0x0 0x0 0x0 0x0 0x0 0x0 0x9 0x7b 0x0 0xa4 0xa4 0x0 0x4 0xcb 0x5 0x0 0x0
1787979004607,0x1 0x8b 0xd 0x51 0xa2 0xb6 0x60 0xd 0x0 0x0 0xd 0x24 0x36 0x0 0x6b 0x14 0x34 0x14 0x73 0x0 0xa5 0x2 0xa3 0x2 0x0 0x28 0x65 0x1 0x0 0x95 0x0 0xa4 0x0 0x6a 0x0 0x83 0x0 0xa1 0xa1 0xa1 0xa1 0xa1 0xa1 0x1c 0x3 0x1c 0x3 0x1f 0x3 0x20 0x3 0x1e 0x3 0x1d 0x3 0x1f 0x3 0x1f 0x3 0x32 0x0 0x3 0x81 0x87 0x89 0x8b 0x4d 0x80 0x4f 0x80 0xa6 0x82 0xeb 0x7b 0x65 0x6f 0x60 0x61 0x3 0x27 0x98 0xff 0x73 0xe7 0x15 0xee 0x0 0x0 0x0 0x0 0x0 0x0 0x9 0x7b 0x0 0xa4 0xa4 0x0 0x4 0xac 0x5 0x0 0x0
1787979004831,0x1 0x8b 0xd 0x51 0xa2 0xb6 0x60 0xd 0x0 0x0 0xd 0x24 0x36 0x0 0x92 0x14 0x25 0x14 0x73 0x0 0xa0 0x2 0xa3 0x2 0x0 0x28 0x65 0x1 0x0 0x8a 0x0 0x9e 0x0 0x6a 0x0 0x83 0x0 0x9e 0x9e 0x9e 0x9e 0x9e 0x9e 0x1a 0x3 0x18 0x3 0x15 0x3 0x17 0x3 0x1a 0x3 0x1b 0x3 0x1a 0x3 0x1b 0x3 0x32 0x0 0x3 0x80 0x86 0x89 0x8b 0x4d 0x80 0x4f 0x80 0xa6 0x82 0xeb 0x7b 0x65 0x6f 0x61 0x61 0xb 0x27 0x9c 0xff 0x73 0xe7 0x15 0xee 0x0 0x0 0x0 0x0 0x0 0x0 0x9 0x7b 0x0 0xa4 0xa4 0x0 0x4 0xac 0x5 0x0 0x0
1787979005055,0x1 0x8a 0xd 0x51 0xa2 0xb6 0x60 0xd 0x0 0x0 0xd 0x24 0x35 0x0 0xb 0x14 0x23 0x14 0x73 0x0 0xa5 0x2 0xa3 0x2 0x0 0x28 0x65 0x1 0x0 0x46 0x0 0x97 0x0 0x6a 0x0 0x84 0x0 0xa1 0xa1 0xa1 0xa1 0xa1 0xa1 0x2b 0x3 0x1d 0x3 0x1d 0x3 0x1c 0x3 0x1b 0x3 0x16 0x3 0x2b 0x3 0x16 0x3 0x32 0x0 0x3 0x87 0x85 0x88 0x8b 0x4d 0x80 0x4f 0x80 0xa6 0x82 0xeb 0x7b 0x65 0x6f 0x61 0x61 0xf 0x27 0xa0 0xff 0x73 0xe7 0x15 0xee 0x0 0x0 0x0 0x0 0x0 0x0 0x9 0x7b 0x0 0xa4 0xa4 0x0 0x4 0xb9 0x5 0x0 0x0
1787979005278,0x1 0x88 0xd 0x51 0xa2 0xb6 0x60 0xd 0x0 0x0 0xd 0x24 0x36 0x0 0x5c 0x14 0x3e 0x14 0x73 0x0 0xa7 0x2 0xa3 0x2 0x0 0x28 0x65 0x1 0x0 0x26 0x0 0x7f 0x0 0x69 0x0 0x85 0x0 0xa2 0xa2 0xa2 0xa2 0xa2 0xa2 0x2e 0x3 0x15 0x3 0x2d 0x3 0x18 0x3 0x2f 0x3 0x14 0x3 0x30 0x3 0x15 0x3 0x32 0x0 0x3 0x88 0x83 0x88 0x8b 0x4d 0x80 0x4f 0x80 0xa6 0x82 0xeb 0x7b 0x65 0x6f 0x61 0x61 0xb 0x27 0xa0 0xff 0x73 0xe7 0x15 0xee 0x0 0x0 0x0 0x0 0x0 0x0 0x9 0x7b 0x0 0xa4 0xa4 0x0 0x4 0xdd 0x5 0x0 0x0
1787979005503,0x1 0x8b 0xd 0x51 0xa2 0xb6 0x60 0xd 0x0 0x0 0xd 0x24 0x35 0x0 0xfb 0x13 0xe9 0x13 0x73 0x0 0xa7 0x2 0xa3 0x2 0x0 0x28 0x65 0x1 0x0 0x18 0x0 0x3c 0x0 0x69 0x0 0x85 0x0 0xa2 0xa2 0xa2 0xa2 0xa2 0xa2 0x2a 0x3 0x1d 0x3 0x29 0x3 0x11 0x3 0x2c 0x3 0xe 0x3 0x29 0x3 0x1f 0x3 0x32 0x0 0x3 0x89 0x8b 0x88 0x8b 0x4d 0x80 0x4f 0x80 0xa6 0x82 0xeb 0x7b 0x67 0x70 0x61 0x62 0x7 0x27 0x9c 0xff 0x73 0xe7 0x15 0xee 0x0 0x0 0x0 0x0 0x0 0x0 0x9 0x7b 0x0 0xa4 0xa4 0x0 0x4 0xac 0x5 0x0 0x0
1787979005727,0x1 0x8b 0xd 0x51 0xa2 0xb6 0x60 0xd 0x0 0x0 0xd 0x24 0x34 0x0 0xcf 0x13 0xd0 0x13 0x73 0x0 0xa0 0x2 0xa3 0x2 0x0 0x28 0x65 0x1 0x0 0x15 0x0 0x22 0x0 0x68 0x0 0x85 0x0 0x9d 0x9d 0x9d 0x9d 0x9d 0x9d 0x29 0x3 0x1d 0x3 0x29 0x3 0x22 0x3 0x2c 0x3 0x1f 0x3 0x2c 0x3 0x22 0x3 0x32 0x0 0x3 0x8b 0x8c 0x88 0x8b 0x4d 0x80 0x4f 0x80 0xa6 0x82 0xeb 0x7b 0x67 0x70 0x61 0x62 0xd 0x27 0xa2 0xff 0x73 0xe7 0x15 0xee 0x0 0x0 0x0 0x0 0x0 0x0 0x9 0x7b 0x0 0xa4 0xa4 0x0 0x4 0xac 0x5 0x0 0x0
1787979005950,0x1 0x8b 0xd 0x51 0xa2 0xb6 0x60 0xd 0x0 0x0 0xd 0x24 0x35 0x0 0xf4 0x13 0x6 0x14 0x73 0x0 0xa8 0x2 0xa3 0x2 0x0 0x28 0x65 0x1 0x0 0x15 0x0 0x18 0x0 0x68 0x0 0x85 0x0 0xa2 0xa2 0xa2 0xa2 0xa2 0xa2 0x34 0x3 0x26 0x3 0x32 0x3 0x2a 0x3 0x35 0x3 0x2b 0x3 0x34 0x3 0x2a 0x3 0x32 0x0 0x3 0x8c 0x8e 0x88 0x8b 0x4d 0x80 0x4f 0x80 0xa6 0x82 0xeb 0x7b 0x67 0x70 0x62 0x62 0xf 0x27 0xa4 0xff 0x73 0xe7 0x15 0xee 0x0 0x0 0x0 0x0 0x0 0x0 0x9 0x7b 0x0 0xa4 0xa4 0x0 0x4 0xac 0x5 0x0 0x0
1787979006174,0x1 0x89 0xd 0x51 0xa2 0xb6 0x60 0xd 0x0 0x0 0xd 0x23 0x36 0x0 0x54 0x14 0x1c 0x14 0x73 0x0 0xa8 0x2 0xa3 0x2 0x0 0x28 0x65 0x1 0x0 0x17 0x0 0x16 0x0 0x68 0x0 0x85 0x0 0xa2 0xa2 0xa2 0xa2 0xa2 0xa2 0x37 0x3 0x2e 0x3 0x34 0x3 0x2b 0x3 0x35 0x3 0x29 0x3 0x3a 0x3 0x2e 0x3 0x32 0x0 0x3 0x8d 0x8f 0x88 0x8b 0x4d 0x80 0x4f 0x80 0xa6 0x82 0xeb 0x7b 0x67 0x70 0x62 0x62 0xd 0x27 0xa2 0xff 0x73 0xe7 0x15 0xee 0x0 0x0 0x0 0x0 0x0 0x0 0x9 0x7b 0x0 0xa4 0xa4 0x0 0x4 0xcb 0x5 0x0 0x0
1787979006398,0x1 0x8a 0xd 0x51 0xa2 0xb6 0x60 0xd 0x0 0x0 0xd 0x24 0x35 0x0 0xde 0x13 0xec 0x13 0x73 0x0 0xab 0x2 0xa3 0x2 0x0 0x28 0x65 0x1 0x0 0x1c 0x0 0x16 0x0 0x67 0x0 0x85 0x0 0xa3 0xa3 0xa3 0xa3 0xa3 0xa3 0x30 0x3 0x29 0x3 0x36 0x3 0x2d 0x3 0x35 0x3 0x29 0x3 0x37 0x3 0x2d 0x3 0x32 0x0 0x3 0x8f 0x90 0x88 0x8b 0x4d 0x80 0x4f 0x80 0xa6 0x82 0xeb 0x7b 0x67 0x70 0x62 0x63 0x9 0x27 0x9e 0xff 0x73 0xe7 0x15 0xee 0x0 0x0 0x0 0x0 0x0 0x0 0x9 0x7b 0x0 0xa4 0xa4 0x0 0x4 0xb9 0x5 0x0 0x0
1787979006622,0x1 0x8c 0xd 0x51 0xa2 0xb6 0x60 0xd 0x0 0x0 0xd 0x24 0x35 0x0 0x12 0x14 0xce 0x13 0x73 0x0 0xa4 0x2 0xa3 0x2 0x0 0x28 0x65 0x1 0x0 0x5b 0x0 0x18 0x0 0x68 0x0 0x85 0x0 0xa0 0xa0 0xa0 0xa0 0xa0 0xa0 0x37 0x3 0x2b 0x3 0x34 0x3 0x2c 0x3 0x39 0x3 0x2d 0x3 0x39 0x3 0x2e 0x3 0x32 0x0 0x3 0x90 0x92 0x88 0x8b 0x4d 0x80 0x4f 0x80 0xa6 0x82 0xeb 0x7b 0x67 0x70 0x62 0x63 0x7 0x27 0x9c 0xff 0x73 0xe7 0x15 0xee 0x0 0x0 0x0 0x0 0x0 0x0 0x9 0x7b 0x0 0xa4 0xa4 0x0 0x4 0x9f 0x5 0x0 0x0
1787979006846,0x1 0x8b 0xd 0x51 0xa2 0xb6 0x60 0xd 0x0 0x0 0xd 0x24 0x36 0x0 0x54 0x14 0x58 0x14 0x73 0x0 0xa8 0x2 0xa3 0x2 0x0 0x28 0x65 0x1 0x0 0x8e 0x0 0x31 0x0 0x68 0x0 0x85 0x0 0xa2 0xa2 0xa2 0xa2 0xa2 0xa2 0x32 0x3 0x36 0x3 0x2f 0x3 0x3d 0x3 0x35 0x3 0x42 0x3 0x32 0x3 0x40 0x3 0x32 0x0 0x3 0x88 0x93 0x88 0x8b 0x4d 0x80 0x4f 0x80 0xa6 0x82 0xeb 0x7b 0x67 0x70 0x63 0x63 0x5 0x27 0x9a 0xff 0x73 0xe7 0x15 0xee 0x0 0x0 0x0 0x0 0x0 0x0 0x9 0x7b 0x0 0xa4 0xa4 0x0 0x4 0xac 0x5 0x0 0x0
1787979007071,0x1 0x89 0xd 0x51 0xa2 0xb6 0x60 0xd 0x0 0x0 0xd 0x23 0x34 0x0 0xa2 0x13 0xbe 0x13 0x73 0x0 0xa6 0x2 0xa3 0x2 0x0 0x28 0x65 0x1 0x0 0x9d 0x0 0x70 0x0 0x69 0x0 0x85 0x0 0xa1 0xa1 0xa1 0xa1 0xa1 0xa1 0x24 0x3 0x31 0x3 0x1d 0x3 0x41 0x3 0x2f 0x3 0x3c 0x3 0x1d 0x3 0x32 0x3 0x32 0x0 0x3 0x86 0x94 0x88 0x8b 0x4d 0x80 0x4f 0x80 0xa6 0x82 0xeb 0x7b 0x67 0x70 0x63 0x63 0x5 0x27 0x9a 0xff 0x73 0xe7 0x15 0xee 0x0 0x0 0x0 0x0 0x0 0x0 0x9 0x7b 0x0 0xa4 0xa4 0x0 0x4 0xcb 0x5 0x0 0x0
1787979007294,0x1 0x8b 0xd 0x51 0xa2 0xb6 0x60 0xd 0x0 0x0 0xd 0x23 0x35 0x0 0x3 0x14 0xee 0x13 0x73 0x0 0xa6 0x2 0xa3 0x2 0x0 0x28 0x65 0x1 0x0 0xa0 0x0 0x9a 0x0 0x6a 0x0 0x85 0x0 0xa1 0xa1 0xa1 0xa1 0xa1 0xa1 0x22 0x3 0x3a 0x3 0x1e 0x3 0x37 0x3 0x1e 0x3 0x38 0x3 0x1e 0x3 0x38 0x3 0x32 0x0 0x3 0x85 0x94 0x88 0x8b 0x4d 0x80 0x4f 0x80 0xa6 0x82 0xeb 0x7b 0x67 0x70 0x63 0x63 0xff 0x26 0x94 0xff 0x73 0xe7 0x15 0xee 0x0 0x0 0x0 0x0 0x0 0x0 0x9 0x7b 0x0 0xa4 0xa4 0x0 0x4 0xac 0x5 0x0 0x0
1787979007518,0x1 0x8a 0xd 0x51 0xa2 0xb6 0x60 0xd 0x0 0x0 0xd 0x24 0x35 0x0 0xfb 0x13 0xe5 0x13 0x73 0x0 0xa7 0x2 0xa3 0x2 0x0 0x28 0x65 0x1 0x0 0x9d 0x0 0xa6 0x0 0x6b 0x0 0x85 0x0 0xa2 0xa2 0xa2 0xa2 0xa2 0xa2 0x1c 0x3 0x21 0x3 0x1b 0x3 0x1f 0x3 0x1a 0x3 0x1f 0x3 0x1b 0x3 0x1f 0x3 0x32 0x0 0x3 0x84 0x8b 0x88 0x8b 0x4d 0x80 0x4f 0x80 0xa6 0x82 0xeb 0x7b 0x65 0x6f 0x63 0x64 0xfb 0x26 0x90 0xff 0x73 0xe7 0x15 0xee 0x0 0x0 0x0 0x0 0x0 0x0 0x9 0x7b 0x0 0xa4 0xa4 0x0 0x4 0xb9 0x5 0x0 0x0
1787979007743,0x1 0x8b 0xd 0x51 0xa2 0xb6 0x60 0xd 0x0 0x0 0xd 0x24 0x35 0x0 0xb 0x14 0x17 0x14 0x73 0x0 0xa5 0x2 0xa3 0x2 0x0 0x28 0x65 0x1 0x0 0x90 0x0 0xa7 0x0 0x6b 0x0 0x86 0x0 0xa1 0xa1 0xa1 0xa1 0xa1 0xa1 0x1e 0x3 0x1f 0x3 0x1d 0x3 0x22 0x3 0x1f 0x3 0x24 0x3 0x1e 0x3 0x23 0x3 0x32 0x0 0x3 0x82 0x8a 0x88 0x8b 0x4d 0x80 0x4f 0x80 0xa6 0x82 0xeb 0x7b 0x65 0x6f 0x63 0x64 0xff 0x26 0x94 0xff 0x73 0xe7 0x15 0xee 0x0 0x0 0x0 0x0 0x0 0x0 0x9 0x7b 0x0 0xa4 0xa4 0x0 0x4 0xac 0x5 0x0 0x0
1787979007967,0x1 0x89 0xd 0x51 0xa2 0xb6 0x60 0xd 0x0 0x0 0xd 0x24 0x34 0x0 0xcf 0x13 0x1d 0x14 0x73 0x0 0xa0 0x2 0xa3 0x2 0x0 0x28 0x65 0x1 0x0 0x55 0x0 0xa3 0x0 0x6b 0x0 0x87 0x0 0x9e 0x9e 0x9e 0x9e 0x9e 0x9e 0x21 0x3 0x21 0x3 0x1b 0x3 0x2a 0x3 0x26 0x3 0x2a 0x3 0x1b 0x3 0x20 0x3 0x32 0x0 0x3 0x81 0x89 0x88 0x8b 0x4d 0x80 0x4f 0x80 0xa6 0x82 0xeb 0x7b 0x65 0x6f 0x64 0x64 0x5 0x27 0x9a 0xff 0x73 0xe7 0x15 0xee 0x0 0x0 0x0 0x0 0x0 0x0 0x9 0x7b 0x0 0xa4 0xa4 0x0 0x4 0xcb 0x5 0x0 0x0
1787979008190,0x1 0x89 0xd 0x51 0xa2 0xb6 0x60 0xd 0x0 0x0 0xd 0x24 0x35 0x0 0x12 0x14 0x25 0x14 0x73 0x0 0xa4 0x2 0xa3 0x2 0x0 0x28 0x65 0x1 0x0 0x27 0x0 0xa1 0x0 0x6a 0x0 0x88 0x0 0xa0 0xa0 0xa0 0xa0 0xa0 0xa0 0x2e 0x3 0x1c 0x3 0x30 0x3 0x1e 0x3 0x34 0x3 0x1e 0x3 0x34 0x3 0x1e 0x3 0x32 0x0 0x3 0x8a 0x87 0x89 0x8b 0x4d 0x80 0x4f 0x80 0xa6 0x82 0xeb 0x7b 0x65 0x6f 0x64 0x64 0xb 0x27 0xa0 0xff 0x73 0xe7 0x15 0xee 0x0 0x0 0x0 0x0 0x0 0x0 0x9 0x7b 0x0 0xa4 0xa4 0x0 0x4 0xcb 0x5 0x0 0x0
1787979008414,0x1 0x8c 0xd 0x51 0xa2 0xb6 0x60 0xd 0x0 0x0 0xd 0x23 0x35 0x0 0x3 0x14 0x10 0x14 0x73 0x0 0xa6 0x2 0xa3 0x2 0x0 0x28 0x65 0x1 0x0 0x1a 0x0 0x9f 0x0 0x6a 0x0 0x89 0x0 0xa2 0xa2 0xa2 0xa2 0xa2 0xa2 0x32 0x3 0x1b 0x3 0x35 0x3 0x19 0x3 0x35 0x3 0x17 0x3 0x34 0x3 0x17 0x3 0x32 0x0 0x3 0x8b 0x86 0x89 0x8b 0x4d 0x80 0x4f 0x80 0xa6 0x82 0xeb 0x7b 0x67 0x70 0x64 0x65 0x7 0x27 0x9c 0xff 0x73 0xe7 0x15 0xee 0x0 0x0 0x0 0x0 0x0 0x0 0x9 0x7b 0x0 0xa4 0xa4 0x0 0x4 0x9f 0x5 0x0 0x0
1787979008638,0x1 0x8b 0xd 0x51 0xa2 0xb5 0x61 0xd 0x0 0x0 0xd 0x23 0x35 0x0 0xf4 0x13 0x26 0x14 0x73 0x0 0xa8 0x2 0xa3 0x2 0x0 0x28 0x65 0x1 0x0 0x17 0x0 0x96 0x0 0x6a 0x0 0x89 0x0 0xa2 0xa2 0xa2 0xa2 0xa2 0xa2 0x39 0x3 0x15 0x3 0x39 0x3 0x1d 0x3 0x3d 0x3 0x1a 0x3 0x39 0x3 0x15 0x3 0x32 0x0 0x3 0x8d 0x85 0x89 0x8b 0x4d 0x80 0x4f 0x80 0xa6 0x82 0xeb 0x7b 0x67 0x70 0x64 0x65 0x7 0x27 0x9c 0xff 0x73 0xe7 0x15 0xee 0x0 0x0 0x0 0x0 0x0 0x0 0x9 0x7b 0x0 0xa4 0xa4 0x0 0x4 0xac 0x5 0x0 0x0
1787979008861,0x1 0x8a 0xd 0x51 0xa2 0xb5 0x61 0xd 0x0 0x0 0xd 0x24 0x35 0x0 0x1a 0x14 0xe3 0x13 0x73 0x0 0xa3 0x2 0xa3 0x2 0x0 0x28 0x65 0x1 0x0 0x1f 0x0 0x88 0x0 0x6a 0x0 0x89 0x0 0x9e 0x9e 0x9e 0x9e 0x9e 0x9e 0x37 0x3 0x9 0x3 0x35 0x3 0x15 0x3 0x3b 0x3 0x14 0x3 0x35 0x3 0xc 0x3 0x32 0x0 0x3 0x8e 0x83 0x89 0x8b 0x4d 0x80 0x4f 0x80 0xa6 0x82 0xeb 0x7b 0x67 0x70 0x65 0x65 0x7 0x27 0x9c 0xff 0x73 0xe7 0x15 0xee 0x0 0x0 0x0 0x0 0x0 0x0 0x9 0x7b 0x0 0xa4 0xa4 0x0 0x4 0xb9 0x5 0x0 0x0
1787979009087,0x1 0x89 0xd 0x51 0xa2 0xb5 0x61 0xd 0x0 0x0 0xd 0x23 0x33 0x0 0x50 0x13 0xaa 0x13 0x73 0x0 0xa4 0x2 0xa3 0x2 0x0 0x28 0x65 0x1 0x0 0x6d 0x0 0x39 0x0 0x6a 0x0 0x8a 0x0 0xa0 0xa0 0xa0 0xa0 0xa0 0xa0 0x3f 0x3 0xc 0x3 0x39 0x3 0x1b 0x3 0x33 0x3 0x11 0x3 0x33 0x3 0x19 0x3 0x32 0x0 0x3 0x8f 0x8b 0x89 0x8b 0x4d 0x80 0x4f 0x80 0xa6 0x82 0xeb 0x7b 0x67 0x70 0x65 0x65 0xd 0x27 0xa2 0xff 0x73 0xe7 0x15 0xee 0x0 0x0 0x0 0x0 0x0 0x0 0x9 0x7b 0x0 0xa4 0xa4 0x0 0x4 0xcb 0x5 0x0 0x0
1787979009309,0x1 0x8b 0xd 0x51 0xa2 0xb5 0x61 0xd 0x0 0x0 0xd 0x22 0x33 0x0 0x2c 0x13 0xc1 0x13 0x73 0x0 0xa9 0x2 0xa3 0x2 0x0 0x28 0x65 0x1 0x0 0x9e 0x0 0x1f 0x0 0x6a 0x0 0x8a 0x0 0xa2 0xa2 0xa2 0xa2 0xa2 0xa2 0x1d 0x3 0x1a 0x3 0x1f 0x3 0x20 0x3 0x23 0x3 0x21 0x3 0x1d 0x3 0x1d 0x3 0x32 0x0 0x3 0x86 0x8c 0x88 0x8b 0x4d 0x80 0x4f 0x80 0xa6 0x82 0xeb 0x7b 0x67 0x70 0x65 0x65 0x9 0x27 0x9e 0xff 0x73 0xe7 0x15 0xee 0x0 0x0 0x0 0x0 0x0 0x0 0x9 0x7b 0x0 0xa4 0xa4 0x0 0x4 0xac 0x5 0x0 0x0
1787979009534,0x1 0x8a 0xd 0x51 0xa2 0xb5 0x61 0xd 0x0 0x0 0xd 0x24 0x35 0x0 0x1a 0x14 0xe5 0x13 0x73 0x0 0xa3 0x2 0xa3 0x2 0x0 0x28 0x65 0x1 0x0 0xa2 0x0 0x16 0x0 0x6b 0x0 0x8a 0x0 0xa0 0xa0 0xa0 0xa0 0xa0 0xa0 0x1e 0x3 0x26 0x3 0x1d 0x3 0x22 0x3 0x21 0x3 0x24 0x3 0x1f 0x3 0x26 0x3 0x32 0x0 0x3 0x85 0x8d 0x88 0x8b 0x4d 0x80 0x4f 0x80 0xa6 0x82 0xeb 0x7b 0x67 0x70 0x65 0x66 0x9 0x27 0x9e 0xff 0x73 0xe7 0x15 0xee 0x0 0x0 0x0 0x0 0x0 0x0 0x9 0x7b 0x0 0xa4 0xa4 0x0 0x4 0xb9 0x5 0x0 0x0
1787979009758,0x1 0x8a 0xd 0x51 0xa2 0xb5 0x61 0xd 0x0 0x0 0xd 0x24 0x36 0x0 0x92 0x14 0x58 0x14 0x73 0x0 0xa0 0x2 0xa3 0x2 0x0 0x28 0x65 0x1 0x0 0x9c 0x0 0x14 0x0 0x6c 0x0 0x88 0x0 0x9f 0x9f 0x9f 0x9f 0x9f 0x9f 0x22 0x3 0x2f 0x3 0x28 0x3 0x37 0x3 0x22 0x3 0x2d 0x3 0x29 0x3 0x37 0x3 0x32 0x0 0x3 0x84 0x8f 0x88 0x8b 0x4d 0x80 0x4f 0x80 0xa6 0x82 0xeb 0x7b 0x67 0x70 0x65 0x66 0x13 0x27 0xa8 0xff 0x73 0xe7 0x15 0xee 0x0 0x0 0x0 0x0 0x0 0x0 0x9 0x7b 0x0 0xa4 0xa4 0x0 0x4 0xb9 0x5 0x0 0x0
1787979009982,0x1 0x89 0xd 0x52 0xa2 0xb5 0x61 0xd 0x0 0x0 0xd 0x24 0x36 0x0 0x5c 0x14 0x4b 0x14 0x73 0x0 0xa7 0x2 0xa3 0x2 0x0 0x28 0x65 0x1 0x0 0x8e 0x0 0x14 0x0 0x6c 0x0 0x89 0x0 0xa2 0xa2 0xa2 0xa2 0xa2 0xa2 0x24 0x3 0x32 0x3 0x22 0x3 0x38 0x3 0x23 0x3 0x33 0x3 0x23 0x3 0x38 0x3 0x32 0x0 0x3 0x82 0x90 0x88 0x8b 0x4d 0x80 0x4f 0x80 0xa6 0x82 0xeb 0x7b 0x67 0x70 0x66 0x66 0x11 0x27 0xa6 0xff 0x73 0xe7 0x15 0xee 0x0 0x0 0x0 0x0 0x0 0x0 0x9 0x7b 0x0 0xa4 0xa4 0x0 0x4 0xcb 0x5 0x0 0x0
1787979010206,0x1 0x8a 0xd 0x52 0xa2 0xb5 0x61 0xd 0x0 0x0 0xd 0x23 0x35 0x0 0xe5 0x13 0x39 0x14 0x73 0x0 0xaa 0x2 0xa3 0x2 0x0 0x28 0x65 0x1 0x0 0x53 0x0 0x17 0x0 0x6c 0x0 0x89 0x0 0xa3 0xa3 0xa3 0xa3 0xa3 0xa3 0x1d 0x3 0x3c 0x3 0x22 0x3 0x3c 0x3 0x24 0x3 0x3b 0x3 0x1d 0x3 0x38 0x3 0x32 0x0 0x3 0x81 0x91 0x88 0x8b 0x4d 0x80 0x4f 0x80 0xa6 0x82 0xeb 0x7b 0x67 0x70 0x66 0x66 0xd 0x27 0xa2 0xff 0x73 0xe7 0x15 0xee 0x0 0x0 0x0 0x0 0x0 0x0 0x9 0x7b 0x0 0xa4 0xa4 0x0 0x4 0xb9 0x5 0x0 0x0
1787979010429,0x1 0x8b 0xd 0x51 0xa2 0xb5 0x61 0xd 0x0 0x0 0xd 0x24 0x35 0x0 0xe5 0x13 0x7 0x14 0x73 0x0 0xaa 0x2 0xa3 0x2 0x0 0x28 0x65 0x1 0x0 0x29 0x0 0x2f 0x0 0x6b 0x0 0x88 0x0 0xa2 0xa2 0xa2 0xa2 0xa2 0xa2 0x2f 0x3 0x36 0x3 0x2e 0x3 0x35 0x3 0x2f 0x3 0x37 0x3 0x2e 0x3 0x36 0x3 0x32 0x0 0x3 0x8a 0x93 0x88 0x8b 0x4d 0x80 0x4f 0x80 0xa6 0x82 0xeb 0x7b 0x67 0x70 0x66 0x67 0x9 0x27 0x9e 0xff 0x73 0xe7 0x15 0xee 0x0 0x0 0x0 0x0 0x0 0x0 0x9 0x7b 0x0 0xa4 0xa4 0x0 0x4 0xac 0x5 0x0 0x0
1787979010654,0x1 0x8a 0xd 0x51 0xa2 0xb5 0x61 0xd 0x0 0x0 0xd 0x24 0x35 0x0 0xb 0x14 0x28 0x14 0x73 0x0 0xa5 0x2 0xa3 0x2 0x0 0x28 0x65 0x1 0x0 0x1e 0x0 0x73 0x0 0x6b 0x0 0x87 0x0 0xa1 0xa1 0xa1 0xa1 0xa1 0xa1 0x36 0x3 0x3b 0x3 0x36 0x3 0x3f 0x3 0x35 0x3 0x3f 0x3 0x37 0x3 0x3f 0x3 0x32 0x0 0x3 0x8b 0x94 0x88 0x8b 0x4d 0x80 0x4f 0x80 0xa6 0x82 0xeb 0x7b 0x67 0x70 0x66 0x67 0x7 0x27 0x9c 0xff 0x73 0xe7 0x15 0xee 0x0 0x0 0x0 0x0 0x0 0x0 0x9 0x7b 0x0 0xa4 0xa4 0x0 0x4 0xb9 0x5 0x0 0x0
1787979010878,0x1 0x89 0xd 0x51 0xa2 0xb5 0x61 0xd 0x0 0x0 0xd 0x24 0x36 0x0 0x4d 0x14 0x13 0x14 0x73 0x0 0xa9 0x2 0xa3 0x2 0x0 0x28 0x65 0x1 0x0 0x1c 0x0 0x97 0x0 0x6b 0x0 0x88 0x0 0xa2 0xa2 0xa2 0xa2 0xa2 0xa2 0x38 0x3 0x3c 0x3 0x34 0x3 0x3a 0x3 0x35 0x3 0x3b 0x3 0x37 0x3 0x3b 0x3 0x32 0x0 0x3 0x8d 0x8c 0x88 0x8b 0x4d 0x80 0x4f 0x80 0xa6 0x82 0xeb 0x7b 0x67 0x70 0x67 0x67 0x3 0x27 0x98 0xff 0x73 0xe7 0x15 0xee 0x0 0x0 0x0 0x0 0x0 0x0 0x9 0x7b 0x0 0xa4 0xa4 0x0 0x4 0xcb 0x5 0x0 0x0
1787979011102,0x1 0x8a 0xd 0x51 0xa2 0xb5 0x61 0xd 0x0 0x0 0xd 0x24 0x35 0x0 0xe5 0x13 0x12 0x14 0x73 0x0 0xaa 0x2 0xa3 0x2 0x0 0x28 0x65 0x1 0x0 0x25 0x0 0xa4 0x0 0x6b 0x0 0x88 0x0 0xa3 0xa3 0xa3 0xa3 0xa3 0xa3 0x3a 0x3 0x23 0x3 0x39 0x3 0x28 0x3 0x3a 0x3 0x25 0x3 0x3a 0x3 0x23 0x3 0x32 0x0 0x3 0x8e 0x8b 0x88 0x8b 0x4d 0x80 0x4f 0x80 0xa6 0x82 0xeb 0x7b 0x67 0x70 0x67 0x67 0xfd 0x26 0x92 0xff 0x73 0xe7 0x15 0xee 0x0 0x0 0x0 0x0 0x0 0x0 0x9 0x7b 0x0 0xa4 0xa4 0x0 0x4 0xb9 0x5 0x0 0x0
1787979011326,0x1 0x8b 0xd 0x51 0xa2 0xb5 0x61 0xd 0x0 0x0 0xd 0x24 0x35 0x0 0xec 0x13 0xed 0x13 0x73 0x0 0xa9 0x2 0xa3 0x2 0x0 0x28 0x65 0x1 0x0 0x7a 0x0 0xa7 0x0 0x6b 0x0 0x88 0x0 0xa2 0xa2 0xa2 0xa2 0xa2 0xa2 0x36 0x3 0x1c 0x3 0x24 0x3 0x21 0x3 0x38 0x3 0x1b 0x3 0x24 0x3 0x1b 0x3 0x32 0x0 0x3 0x87 0x8a 0x88 0x8b 0x4d 0x80 0x4f 0x80 0xa6 0x82 0xeb 0x7b 0x67 0x70 0x67 0x68 0xf9 0x26 0x8e 0xff 0x73 0xe7 0x15 0xee 0x0 0x0 0x0 0x0 0x0 0x0 0x9 0x7b 0x0 0xa4 0xa4 0x0 0x4 0xac 0x5 0x0 0x0
1787979011550,0x1 0x8c 0xd 0x51 0xa2 0xb6 0x60 0xd 0x0 0x0 0xd 0x24 0x35 0x0 0x12 0x14 0x20 0x14 0x73 0x0 0xa4 0x2 0xa3 0x2 0x0 0x28 0x65 0x1 0x0 0xa0 0x0 0xa4 0x0 0x6c 0x0 0x89 0x0 0xa0 0xa0 0xa0 0xa0 0xa0 0xa0 0x26 0x3 0x1f 0x3 0x29 0x3 0x20 0x3 0x29 0x3 0x1d 0x3 0x29 0x3 0x1f 0x3 0x32 0x0 0x3 0x86 0x88 0x88 0x8b 0x4d 0x80 0x4f 0x80 0xa6 0x82 0xeb 0x7b 0x67 0x70 0x67 0x68 0xfb 0x26 0x90 0xff 0x73 0xe7 0x15 0xee 0x0 0x0 0x0 0x0 0x0 0x0 0x9 0x7b 0x0 0xa4 0xa4 0x0 0x4 0x9f 0x5 0x0 0x0
1787979011774,0x1 0x88 0xd 0x51 0xa2 0xb6 0x60 0xd 0x0 0x0 0xd 0x24 0x35 0x0 0x31 0x14 0x57 0x14 0x73 0x0 0xa0 0x2 0xa3 0x2 0x0 0x28 0x65 0x1 0x0 0xa2 0x0 0x9f 0x0 0x6d 0x0 0x8a 0x0 0x9f 0x9f 0x9f 0x9f 0x9f 0x9f 0x29 0x3 0x21 0x3 0x2a 0x3 0x24 0x3 0x2d 0x3 0x23 0x3 0x2c 0x3 0x23 0x3 0x32 0x0 0x3 0x85 0x87 0x88 0x8b 0x4d 0x80 0x4f 0x80 0xa6 0x82 0xeb 0x7b 0x67 0x70 0x67 0x68 0x5 0x27 0x9a 0xff 0x73 0xe7 0x15 0xee 0x0 0x0 0x0 0x0 0x0 0x0 0x9 0x7b 0x0 0xa4 0xa4 0x0 0x4 0xdd 0x5 0x0 0x0
1787979011997,0x1 0x8b 0xd 0x51 0xa2 0xb5 0x61 0xd 0x0 0x0 0xd 0x24 0x35 0x0 0x3 0x14 0x3b 0x14 0x73 0x0 0xa6 0x2 0xa3 0x2 0x0 0x28 0x65 0x1 0x0 0x9e 0x0 0x9a 0x0 0x6e 0x0 0x89 0x0 0xa2 0xa2 0xa2 0xa2 0xa2 0xa2 0x25 0x3 0x19 0x3 0x29 0x3 0x21 0x3 0x29 0x3 0x1d 0x3 0x23 0x3 0x19 0x3 0x32 0x0 0x3 0x83 0x86 0x88 0x8b 0x4d 0x80 0x4f 0x80 0xa6 0x82 0xeb 0x7b 0x67 0x70 0x68 0x68 0x5 0x27 0x9a 0xff 0x73 0xe7 0x15 0xee 0x0 0x0 0x0 0x0 0x0 0x0 0x9 0x7b 0x0 0xa4 0xa4 0x0 0x4 0xac 0x5 0x0 0x0
1787979012221,0x1 0x8b 0xd 0x51 0xa2 0xb5 0x61 0xd 0x0 0x0 0xd 0x24 0x37 0x0 0xec 0x14 0x79 0x14 0x73 0x0 0xa1 0x2 0xa3 0x2 0x0 0x28 0x65 0x1 0x0 0x98 0x0 0x91 0x0 0x6e 0x0 0x8a 0x0 0x9e 0x9e 0x9e 0x9e 0x9e 0x9e 0x24 0x3 0x1c 0x3 0x28 0x3 0x1a 0x3 0x24 0x3 0x1c 0x3 0x28 0x3 0x1f 0x3 0x32 0x0 0x3 0x82 0x84 0x88 0x8b 0x4d 0x80 0x4f 0x80 0xa6 0x82 0xeb 0x7b 0x67 0x70 0x68 0x68 0x9 0x27 0x9e 0xff 0x73 0xe7 0x15 0xee 0x0 0x0 0x0 0x0 0x0 0x0 0x9 0x7b 0x0 0xa4 0xa4 0x0 0x4 0xac 0x5 0x0 0x0
1787979012445,0x1 0x8b 0xd 0x51 0xa2 0xb5 0x61 0xd 0x0 0x0 0xd 0x23 0x34 0x0 0xaa 0x13 0x3b 0x14 0x73 0x0 0xa5 0x2 0xa3 0x2 0x0 0x28 0x65 0x1 0x0 0x8f 0x0 0x5d 0x0 0x6e 0x0 0x8a 0x0 0xa1 0xa1 0xa1 0xa1 0xa1 0xa1 0x28 0x3 0x1c 0x3 0x24 0x3 0x18 0x3 0x1e 0x3 0x1e 0x3 0x1e 0x3 0x14 0x3 0x32 0x0 0x3 0x81 0x83 0x88 0x8b 0x4d 0x80 0x4f 0x80 0xa6 0x82 0xeb 0x7b 0x67 0x71 0x68 0x69 0x13 0x27 0xa8 0xff 0x73 0xe7 0x15 0xee 0x0 0x0 0x0 0x0 0x0 0x0 0x9 0x7b 0x0 0xa4 0xa4 0x0 0x4 0xac 0x5 0x0 0x0
1787979012669,0x1 0x89 0xd 0x51 0xa2 0xb5 0x61 0xd 0x0 0x0 0xd 0x24 0x36 0x0 0x54 0x14 0x17 0x14 0x73 0x0 0xa8 0x2 0xa3 0x2 0x0 0x28 0x65 0x1 0x0 0x78 0x0 0x31 0x0 0x6d 0x0 0x8a 0x0 0xa2 0xa2 0xa2 0xa2 0xa2 0xa2 0x17 0x3 0x23 0x3 0x15 0x3 0x22 0x3 0x14 0x3 0x23 0x3 0x14 0x3 0x23 0x3 0x32 0x0 0x3 0x7f 0x8b 0x88 0x8b 0x4d 0x80 0x4f 0x80 0xa6 0x82 0xeb 0x7b 0x67 0x71 0x68 0x69 0x11 0x27 0xa6 0xff 0x73 0xe7 0x15 0xee 0x0 0x0 0x0 0x0 0x0 0x0 0x9 0x7b 0x0 0xa4 0xa4 0x0 0x4 0xcb 0x5 0x0 0x0
1787979012893,0x1 0x89 0xd 0x51 0xa2 0xb5 0x61 0xd 0x0 0x0 0xd 0x24 0x35 0x0 0x3 0x14 0xfd 0x13 0x73 0x0 0xa6 0x2 0xa3 0x2 0x0 0x28 0x65 0x1 0x0 0x37 0x0 0x20 0x0 0x6d 0x0 0x8a 0x0 0xa2 0xa2 0xa2 0xa2 0xa2 0xa2 0x25 0x3 0x25 0x3 0x16 0x3 0x2c 0x3 0x2b 0x3 0x27 0x3 0x27 0x3 0x25 0x3 0x32 0x0 0x3 0x87 0x8d 0x87 0x8b 0x4d 0x80 0x4f 0x80 0xa6 0x82 0xeb 0x7b 0x67 0x71 0x69 0x69 0xd 0x27 0xa2 0xff 0x73 0xe7 0x15 0xee 0x0 0x0 0x0 0x0 0x0 0x0 0x9 0x7b 0x0 0xa4 0xa4 0x0 0x4 0xcb 0x5 0x0 0x0
1787979013116,0x1 0x8c 0xd 0x52 0xa2 0xb5 0x61 0xd 0x0 0x0 0xd 0x24 0x35 0x0 0x12 0x14 0x3d 0x14 0x73 0x0 0xa4 0x2 0xa3 0x2 0x0 0x28 0x65 0x1 0x0 0x1c 0x0 0x1b 0x0 0x6d 0x0 0x8a 0x0 0xa0 0xa0 0xa0 0xa0 0xa0 0xa0 0x2f 0x3 0x30 0x3 0x33 0x3 0x32 0x3 0x2d 0x3 0x2c 0x3 0x33 0x3 0x32 0x3 0x32 0x0 0x3 0x88 0x8e 0x87 0x8b 0x4d 0x80 0x4f 0x80 0xa6 0x82 0xeb 0x7b 0x67 0x71 0x69 0x69 0x13 0x27 0xa8 0xff 0x73 0xe7 0x15 0xee 0x0 0x0 0x0 0x0 0x0 0x0 0x9 0x7b 0x0 0xa4 0xa4 0x0 0x4 0x9f 0x5 0x0 0x0
1787979013340,0x1 0x8a 0xd 0x52 0xa2 0xb5 0x61 0xd 0x0 0x0 0xd 0x25 0x37 0x0 0xbd 0x14 0x32 0x14 0x73 0x0 0xa7 0x2 0xa3 0x2 0x0 0x28 0x65 0x1 0x0 0x13 0x0 0x1a 0x0 0x6d 0x0 0x8b 0x0 0xa1 0xa1 0xa1 0xa1 0xa1 0xa1 0x2d 0x3 0x2c 0x3 0x2b 0x3 0x2e 0x3 0x33 0x3 0x2d 0x3 0x33 0x3 0x31 0x3 0x32 0x0 0x3 0x8a 0x8f 0x87 0x8b 0x4d 0x80 0x4f 0x80 0xa6 0x82 0xeb 0x7b 0x67 0x71 0x69 0x6a 0xf 0x27 0xa4 0xff 0x73 0xe7 0x15 0xee 0x0 0x0 0x0 0x0 0x0 0x0 0x9 0x7b 0x0 0xa4 0xa4 0x0 0x4 0xb9 0x5 0x0 0x0
1787979013564,0x1 0x8a 0xd 0x51 0xa2 0xb5 0x61 0xd 0x0 0x0 0xd 0x23 0x34 0x0 0xa2 0x13 0xf7 0x13 0x73 0x0 0xa6 0x2 0xa3 0x2 0x0 0x28 0x65 0x1 0x0 0x14 0x0 0x1e 0x0 0x6c 0x0 0x8a 0x0 0xa1 0xa1 0xa1 0xa1 0xa1 0xa1 0x32 0x3 0x30 0x3 0x33 0x3 0x31 0x3 0x31 0x3 0x2e 0x3 0x30 0x3 0x2e 0x3 0x32 0x0 0x3 0x8b 0x91 0x87 0x8b 0x4d 0x80 0x4f 0x80 0xa6 0x82 0xeb 0x7b 0x67 0x71 0x69 0x6a 0xb 0x27 0xa0 0xff 0x73 0xe7 0x15 0xee 0x0 0x0 0x0 0x0 0x0 0x0 0x9 0x7b 0x0 0xa4 0xa4 0x0 0x4 0xb9 0x5 0x0 0x0
1787979013789,0x1 0x89 0xd 0x51 0xa2 0xb5 0x61 0xd 0x0 0x0 0xd 0x23 0x35 0x0 0xe5 0x13 0x12 0x14 0x73 0x0 0xaa 0x2 0xa3 0x2 0x0 0x28 0x65 0x1 0x0 0x16 0x0 0x37 0x0 0x6c 0x0 0x8a 0x0 0xa3 0xa3 0xa3 0xa3 0xa3 0xa3 0x37 0x3 0x35 0x3 0x34 0x3 0x37 0x3 0x38 0x3 0x38 0x3 0x35 0x3 0x35 0x3 0x32 0x0 0x3 0x8c 0x92 0x87 0x8b 0x4d 0x80 0x4f 0x80 0xa6 0x82 0xeb 0x7b 0x67 0x71 0x69 0x6a 0x7 0x27 0x9c 0xff 0x73 0xe7 0x15 0xee 0x0 0x0 0x0 0x0 0x0 0x0 0x9 0x7b 0x0 0xa4 0xa4 0x0 0x4 0xcb 0x5 0x0 0x0
1787979014012,0x1 0x8b 0xd 0x51 0xa2 0xb5 0x61 0xd 0x0 0x0 0xd 0x24 0x35 0x0 0x12 0x14 0x11 0x14 0x73 0x0 0xa4 0x2 0xa3 0x2 0x0 0x28 0x65 0x1 0x0 0x1b 0x0 0x7b 0x0 0x6c 0x0 0x8b 0x0 0xa0 0xa0 0xa0 0xa0 0xa0 0xa0 0x34 0x3 0x36 0x3 0x3a 0x3 0x3a 0x3 0x33 0x3 0x33 0x3 0x3b 0x3 0x3a 0x3 0x32 0x0 0x3 0x8e 0x93 0x87 0x8b 0x4d 0x80 0x4f 0x80 0xa6 0x82 0xeb 0x7b 0x67 0x71 0x69 0x6a 0x5 0x27 0x9a 0xff 0x73 0xe7 0x15 0xee 0x0 0x0 0x0 0x0 0x0 0x0 0x9 0x7b 0x0 0xa4 0xa4 0x0 0x4 0xac 0x5 0x0 0x0
1787979014236,0x1 0x8c 0xd 0x51 0xa2 0xb5 0x61 0xd 0x0 0x0 0xd 0x23 0x34 0x0 0x7e 0x13 0xbe 0x13 0x73 0x0 0xab 0x2 0xa3 0x2 0x0 0x28 0x65 0x1 0x0 0x4e 0x0 0x9d 0x0 0x6c 0x0 0x8b 0x0 0xa3 0xa3 0xa3 0xa3 0xa3 0xa3 0x38 0x3 0x39 0x3 0x39 0x3 0x33 0x3 0x35 0x3 0x1a 0x3 0x33 0x3 0x1a 0x3 0x32 0x0 0x3 0x8f 0x8b 0x87 0x8b 0x4d 0x80 0x4f 0x80 0xa6 0x82 0xeb 0x7b 0x67 0x71 0x69 0x6a 0x5 0x27 0x9a 0xff 0x73 0xe7 0x15 0xee 0x0 0x0 0x0 0x0 0x0 0x0 0x9 0x7b 0x0 0xa4 0xa4 0x0 0x4 0x9f 0x5 0x0 0x0
1787979014460,0x1 0x89 0xd 0x51 0xa2 0xb5 0x61 0xd 0x0 0x0 0xd 0x22 0x35 0x0 0xec 0x13 0xd3 0x13 0x73 0x0 0xa9 0x2 0xa3 0x2 0x0 0x28 0x65 0x1 0x0 0x88 0x0 0xa4 0x0 0x6c 0x0 0x8b 0x0 0xa2 0xa2 0xa2 0xa2 0xa2 0xa2 0x23 0x3 0x18 0x3 0x34 0x3 0x18 0x3 0x36 0x3 0x19 0x3 0x23 0x3 0x19 0x3 0x32 0x0 0x3 0x88 0x8a 0x87 0x8b 0x4d 0x80 0x4f 0x80 0xa6 0x82 0xeb 0x7b 0x67 0x71 0x69 0x6b 0xfd 0x26 0x92 0xff 0x73 0xe7 0x15 0xee 0x0 0x0 0x0 0x0 0x0 0x0 0x9 0x7b 0x0 0xa4 0xa4 0x0 0x4 0xcb 0x5 0x0 0x0
1787979014684,0x1 0x89 0xd 0x51 0xa2 0xb5 0x61 0xd 0x0 0x0 0xd 0x23 0x34 0x0 0xc0 0x13 0xb4 0x13 0x73 0x0 0xa2 0x2 0xa3 0x2 0x0 0x28 0x65 0x1 0x0 0xa3 0x0 0xa2 0x0 0x6e 0x0 0x8b 0x0 0x9f 0x9f 0x9f 0x9f 0x9f 0x9f 0x1d 0x3 0x15 0x3 0x1c 0x3 0x13 0x3 0x1d 0x3 0x14 0x3 0x1e 0x3 0x15 0x3 0x32 0x0 0x3 0x86 0x89 0x87 0x8b 0x4d 0x80 0x4f 0x80 0xa6 0x82 0xeb 0x7b 0x67 0x71 0x69 0x6b 0xfd 0x26 0x92 0xff 0x73 0xe7 0x15 0xee 0x0 0x0 0x0 0x0 0x0 0x0 0x9 0x7b 0x0 0xa4 0xa4 0x0 0x4 0xcb 0x5 0x0 0x0
1787979014908,0x1 0x8c 0xd 0x51 0xa2 0xb5 0x61 0xd 0x0 0x0 0xd 0x24 0x35 0x0 0x29 0x14 0x3a 0x14 0x73 0x0 0xa1 0x2 0xa3 0x2 0x0 0x28 0x65 0x1 0x0 0xa3 0x0 0x99 0x0 0x6f 0x0 0x8c 0x0 0x9e 0x9e 0x9e 0x9e 0x9e 0x9e 0x2b 0x3 0x22 0x3 0x2b 0x3 0x1f 0x3 0x26 0x3 0x1e 0x3 0x28 0x3 0x1f 0x3 0x32 0x0 0x3 0x85 0x87 0x87 0x8b 0x4d 0x80 0x4f 0x80 0xa6 0x82 0xeb 0x7b 0x67 0x71 0x69 0x6b 0x7 0x27 0x9c 0xff 0x73 0xe7 0x15 0xee 0x0 0x0 0x0 0x0 0x0 0x0 0x9 0x7b 0x0 0xa4 0xa4 0x0 0x4 0x9f 0x5 0x0 0x0
1787979015132,0x1 0x8b 0xd 0x51 0xa2 0xb5 0x61 0xd 0x0 0x0 0xd 0x24 0x36 0x0 0x6b 0x14 0x4b 0x14 0x73 0x0 0xa5 0x2 0xa3 0x2 0x0 0x28 0x65 0x1 0x0 0x9a 0x0 0x80 0x0 0x6f 0x0 0x8c 0x0 0xa1 0xa1 0xa1 0xa1 0xa1 0xa1 0x29 0x3 0x1f 0x3 0x29 0x3 0x20 0x3 0x27 0x3 0x1e 0x3 0x27 0x3 0x1e 0x3 0x32 0x0 0x3 0x84 0x86 0x87 0x8b 0x4d 0x80 0x4f 0x80 0xa6 0x82 0xeb 0x7b 0x67 0x71 0x69 0x6b 0xd 0x27 0xa2 0xff 0x73 0xe7 0x15 0xee 0x0 0x0 0x0 0x0 0x0 0x0 0x9 0x7b 0x0 0xa4 0xa4 0x0 0x4 0xac 0x5 0x0 0x0
1787979015356,0x1 0x8a 0xd 0x51 0xa2 0xb5 0x61 0xd 0x0 0x0 0xd 0x24 0x35 0x0 0x12 0x14 0x22 0x14 0x73 0x0 0xa4 0x2 0xa3 0x2 0x0 0x28 0x65 0x1 0x0 0x8e 0x0 0x3b 0x0 0x6f 0x0 0x8c 0x0 0xa0 0xa0 0xa0 0xa0 0xa0 0xa0 0x20 0x3 0x1d 0x3 0x22 0x3 0x2e 0x3 0x23 0x3 0x2e 0x3 0x20 0x3 0x2e 0x3 0x32 0x0 0x3 0x82 0x8e 0x87 0x8c 0x4d 0x80 0x4f 0x80 0xa6 0x82 0xeb 0x7b 0x69 0x73 0x69 0x6c 0x11 0x27 0xa6 0xff 0x73 0xe7 0x15 0xee 0x0 0x0 0x0 0x0 0x0 0x0 0x9 0x7b 0x0 0xa4 0xa4 0x0 0x4 0xb9 0x5 0x0 0x0
1787979015580,0x1 0x89 0xd 0x51 0xa2 0xb5 0x61 0xd 0x0 0x0 0xd 0x23 0x35 0x0 0x31 0x14 0x64 0x14 0x73 0x0 0xa0 0x2 0xa3 0x2 0x0 0x28 0x65 0x1 0x0 0x4f 0x0 0x2c 0x0 0x6f 0x0 0x8c 0x0 0x9f 0x9f 0x9f 0x9f 0x9f 0x9f 0x25 0x3 0x3a 0x3 0x23 0x3 0x33 0x3 0x24 0x3 0x39 0x3 0x23 0x3 0x39 0x3 0x32 0x0 0x3 0x81 0x8f 0x87 0x8c 0x4d 0x80 0x4f 0x80 0xa6 0x82 0xeb 0x7b 0x69 0x73 0x69 0x6c 0x17 0x27 0xac 0xff 0x73 0xe7 0x15 0xee 0x0 0x0 0x0 0x0 0x0 0x0 0x9 0x7b 0x0 0xa4 0xa4 0x0 0x4 0xcb 0x5 0x0 0x0
1787979015804,0x1 0x8a 0xd 0x51 0xa2 0xb5 0x61 0xd 0x0 0x0 0xd 0x24 0x35 0x0 0x1a 0x14 0x23 0x14 0x73 0x0 0xa3 0x2 0xa3 0x2 0x0 0x28 0x65 0x1 0x0 0x2d 0x0 0x2c 0x0 0x6e 0x0 0x8d 0x0 0xa0 0xa0 0xa0 0xa0 0xa0 0xa0 0x32 0x3 0x33 0x3 0x33 0x3 0x35 0x3 0x36 0x3 0x37 0x3 0x33 0x3 0x35 0x3 0x32 0x0 0x3 0x8a 0x90 0x88 0x8c 0x4d 0x80 0x4f 0x80 0xa6 0x82 0xeb 0x7b 0x69 0x73 0x69 0x6c 0x19 0x27 0xae 0xff 0x73 0xe7 0x15 0xee 0x0 0x0 0x0 0x0 0x0 0x0 0x9 0x7b 0x0 0xa4 0xa4 0x0 0x4 0xb9 0x5 0x0 0x0
1787979016027,0x1 0x8b 0xd 0x51 0xa2 0xb5 0x61 0xd 0x0 0x0 0xd 0x23 0x35 0x0 0xec 0x13 0x15 0x14 0x73 0x0 0xa9 0x2 0xa3 0x2 0x0 0x28 0x65 0x1 0x0 0x1e 0x0 0x83 0x0 0x6e 0x0 0x8d 0x0 0xa2 0xa2 0xa2 0xa2 0xa2 0xa2 0x2f 0x3 0x31 0x3 0x31 0x3 0x35 0x3 0x34 0x3 0x35 0x3 0x33 0x3 0x35 0x3 0x32 0x0 0x3 0x8b 0x92 0x88 0x8c 0x4d 0x80 0x4f 0x80 0xa6 0x82 0xeb 0x7b 0x69 0x73 0x69 0x6c 0x15 0x27 0xaa 0xff 0x73 0xe7 0x15 0xee 0x0 0x0 0x0 0x0 0x0 0x0 0x9 0x7b 0x0 0xa4 0xa4 0x0 0x4 0xac 0x5 0x0 0x0
1787979016251,0x1 0x8b 0xd 0x51 0xa2 0xb5 0x61 0xd 0x0 0x0 0xd 0x25 0x35 0x0 0xc0 0x13 0x21 0x14 0x73 0x0 0xaf 0x2 0xa3 0x2 0x0 0x28 0x65 0x1 0x0 0x1c 0x0 0x9f 0x0 0x6e 0x0 0x8d 0x0 0xa4 0xa4 0xa4 0xa4 0xa4 0xa4 0x3a 0x3 0x20 0x3 0x36 0x3 0x37 0x3 0x37 0x3 0x39 0x3 0x38 0x3 0x20 0x3 0x32 0x0 0x3 0x8d 0x8a 0x88 0x8b 0x4d 0x80 0x4f 0x80 0xa6 0x82 0xeb 0x7b 0x69 0x73 0x69 0x6c 0xf 0x27 0xa4 0xff 0x73 0xe7 0x15 0xee 0x0 0x0 0x0 0x0 0x0 0x0 0x9 0x7b 0x0 0xa4 0xa4 0x0 0x4 0xac 0x5 0x0 0x0
1787979016476,0x1 0x8a 0xd 0x51 0xa2 0xb5 0x61 0xd 0x0 0x0 0xd 0x23 0x35 0x0 0xde 0x13 0xda 0x13 0x73 0x0 0xab 0x2 0xa3 0x2 0x0 0x28 0x65 0x1 0x0 0x29 0x0 0xa1 0x0 0x6e 0x0 0x8d 0x0 0xa2 0xa2 0xa2 0xa2 0xa2 0xa2 0x32 0x3 0x16 0x3 0x33 0x3 0x20 0x3 0x36 0x3 0x17 0x3 0x33 0x3 0x16 0x3 0x32 0x0 0x3 0x8e 0x88 0x88 0x8b 0x4d 0x80 0x4f 0x80 0xa6 0x82 0xeb 0x7b 0x6a 0x74 0x69 0x6d 0x9 0x27 0x9e 0xff 0x73 0xe7 0x15 0xee 0x0 0x0 0x0 0x0 0x0 0x0 0x9 0x7b 0x0 0xa4 0xa4 0x0 0x4 0xb9 0x5 0x0 0x0
1787979016699,0x1 0x8a 0xd 0x51 0xa2 0xb5 0x61 0x17 0xa 0x0 0xd 0x25 0x36 0x0 0x9 0x14 0xe7 0x13 0x73 0x0 0xb2 0x2 0xa3 0x2 0x0 0x28 0x65 0x1 0x0 0x88 0x0 0xa0 0x0 0x6e 0x0 0x8e 0x0 0xa5 0xa5 0xa5 0xa5 0xa5 0xa5 0x36 0x3 0x14 0x3 0x36 0x3 0x13 0x3 0x21 0x3 0x14 0x3 0x21 0x3 0x12 0x3 0x32 0x0 0x3 0x87 0x87 0x88 0x8b 0x4d 0x80 0x4f 0x80 0xa6 0x82 0xeb 0x7b 0x6a 0x74 0x69 0x6d 0xff 0x26 0x94 0xff 0x73 0xe7 0x15 0xee 0x0 0x0 0x0 0x0 0xd 0x0 0x9 0x7b 0x0 0xa4 0xa4 0x0 0x4 0xb9 0x5 0x0 0x0
1787979016924,0x1 0x8c 0xd 0x51 0xa2 0xb5 0x61 0x19 0xc 0x0 0xd 0x47 0x77 0x0 0xa9 0x26 0x67 0x21 0x73 0x0 0x14 0x3 0xa3 0x2 0x0 0x28 0x65 0x1 0x0 0x9c 0x0 0x96 0x0 0x6f 0x0 0x8f 0x0 0x9d 0x9d 0x9d 0x9d 0x9d 0x9d 0xc9 0x5 0x2e 0x5 0xa1 0x5 0xae 0x5 0xe9 0x5 0xbb 0x5 0xc9 0x5 0xa9 0x5 0x30 0x0 0x3 0x85 0x85 0x88 0x8b 0x4d 0x80 0x4f 0x80 0xa6 0x82 0xeb 0x7b 0x6a 0x74 0x69 0x6d 0x6b 0x22 0x0 0x0 0x73 0xe7 0x15 0xee 0x0 0x0 0x0 0x0 0x20 0x0 0x9 0x7b 0x0 0xa4 0xa4 0x0 0x8 0x9f 0x5 0x0 0x0
1787979017147,0x1 0x8c 0xd 0x51 0xa2 0xb5 0x61 0x1a 0xc 0x0 0xd 0x46 0x74 0x0 0x9c 0x1c 0xdc 0x1e 0x73 0x0 0xe 0x4 0xa3 0x2 0x0 0x28 0x65 0x1 0x0 0xb2 0x0 0xb0 0x0 0x73 0x0 0x95 0x0 0x86 0x86 0x86 0x86 0x86 0x86 0x54 0x5 0x15 0x5 0x7 0x5 0xca 0x4 0xd8 0x4 0xa4 0x4 0xbe 0x4 0xa4 0x4 0x2d 0x0 0x3 0x83 0x83 0x88 0x8b 0x4d 0x80 0x4f 0x80 0xa6 0x82 0xeb 0x7b 0x6a 0x74 0x69 0x6d 0x6b 0x2c 0x0 0x0 0x73 0xe7 0x15 0xee 0x0 0x0 0x0 0x0 0x2d 0x0 0x9 0x7b 0x0 0xa4 0xa4 0x0 0x8 0x9f 0x5 0x0 0x0
1787979017371,0x1 0x8a 0xd 0x51 0xa2 0xb5 0x61 0x1a 0xd 0x0 0xd 0x49 0x7b 0x0 0xea 0x1b 0x61 0x1c 0x73 0x0 0x68 0x4 0xa3 0x2 0x0 0x28 0x65 0x1 0x0 0xb3 0x0 0xb0 0x0 0x78 0x0 0x9d 0x0 0x78 0x78 0x78 0x78 0x78 0x78 0x65 0x4 0x3f 0x4 0x54 0x4 0x37 0x4 0x4d 0x4 0x2d 0x4 0x45 0x4 0x2d 0x4 0x2a 0x0 0x3 0x80 0x81 0x88 0x8b 0x4d 0x80 0x4f 0x80 0xa6 0x82 0xeb 0x7b 0x65 0x6f 0x69 0x6e 0x6b 0x30 0x0 0x0 0x73 0xe7 0x15 0xee 0x0 0x0 0x0 0x0 0x3e 0x0 0x9 0x7b 0x0 0xa4 0xa4 0x0 0x8 0xb9 0x5 0x0 0x0
1787979017595,0x1 0x8b 0xd 0x51 0xa2 0xb5 0x61 0x24 0x17 0x0 0xd 0x5b 0xad 0x0 0xaf 0x27 0xc0 0x1f 0x73 0x4 0x5c 0x4 0xa3 0x2 0x0 0x28 0x65 0x1 0x0 0xa0 0x0 0x9c 0x0 0x74 0x0 0x9b 0x0 0x86 0x86 0x86 0x86 0x86 0x86 0xd5 0x5 0x33 0x4 0x4e 0x4 0x38 0x4 0x5f 0x4 0x6b 0x5 0xd5 0x5 0xb4 0x5 0x29 0x0 0x3 0x7e 0x7e 0x88 0x8b 0x4d 0x80 0x4f 0x80 0xa6 0x82 0xeb 0x7b 0x65 0x6f 0x69 0x6e 0x6b 0x34 0x0 0x0 0x73 0xe7 0x15 0xee 0x0 0x0 0x0 0x0 0x5d 0x0 0x9 0x7b 0x0 0xa4 0xa4 0x0 0x8 0xac 0x5 0x0 0x0
1787979017820,0x1 0x8c 0xd 0x51 0xa2 0xb5 0x61 0x2b 0x1d 0x0 0xd 0x71 0x1b 0x1 0x76 0x34 0xed 0x34 0x73 0x4 0x65 0x5 0xa3 0x2 0x0 0x28 0x65 0x1 0x0 0x7f 0x0 0x6a 0x0 0x6e 0x0 0x95 0x0 0x84 0x84 0x84 0x84 0x84 0x84 0x39 0x8 0xf3 0x7 0x4a 0x8 0x22 0x8 0x56 0x8 0x15 0x8 0x25 0x8 0xf3 0x7 0x27 0x0 0x3 0x7b 0x7b 0x88 0x8b 0x4d 0x80 0x4f 0x80 0xa6 0x82 0xeb 0x7b 0x65 0x6f 0x69 0x6e 0x6b 0x39 0x0 0x0 0x73 0xe7 0x15 0xee 0x0 0x0 0x0 0x0 0x6a 0x0 0x9 0x7b 0x0 0xa4 0xa4 0x0 0x8 0x9f 0x5 0x0 0x0
1787979018044,0x1 0x8b 0xd 0x51 0xa2 0xb5 0x61 0x2b 0x1d 0x0 0xd 0x6f 0x10 0x1 0xab 0x2a 0x18 0x2c 0x73 0x6 0x60 0x6 0xa3 0x2 0x0 0x28 0x65 0x1 0x0 0x9c 0x0 0x80 0x0 0x6c 0x0 0x8e 0x0 0x76 0x76 0x76 0x76 0x76 0x7e 0x3b 0x6 0x6 0x6 0x76 0x6 0x42 0x6 0x58 0x6 0x20 0x6 0x2c 0x6 0x6 0x6 0x20 0x0 0x3 0x76 0x77 0x88 0x8b 0x4d 0x80 0x4f 0x80 0xa6 0x82 0xeb 0x7b 0x65 0x6f 0x68 0x6e 0x6b 0x3f 0x0 0x0 0x73 0xe7 0x15 0xee 0x0 0x0 0x0 0x0 0x74 0x0 0x9 0x7b 0x0 0xa4 0xa4 0x0 0x8 0xac 0x5 0x0 0x0
1787979018268,0x1 0x8a 0xd 0x51 0xa2 0xb5 0x61 0x2b 0x1d 0x0 0xd 0x71 0x20 0x1 0xd2 0x2c 0xa9 0x2c 0x73 0x8 0x6d 0x6 0xa3 0x2 0x0 0x28 0x65 0x1 0x0 0xd 0x0 0x6 0x0 0x16 0x0 0x28 0x0 0x76 0x76 0x76 0x76 0x76 0x76 0x63 0x6 0x46 0x6 0x63 0x6 0x3d 0x6 0x5e 0x6 0x46 0x6 0x63 0x6 0x47 0x6 0x20 0x0 0x3 0x7f 0x81 0x82 0x84 0x4d 0x80 0x4f 0x80 0xa6 0x82 0xeb 0x7b 0x65 0x6f 0x68 0x6e 0x6b 0x40 0x0 0x0 0x73 0xe7 0x15 0xee 0x0 0x0 0x0 0x0 0x94 0x0 0x9 0x7b 0x0 0xa4 0xa4 0x0 0x8 0xb9 0x5 0x0 0x0
1787979018492,0x1 0x8a 0xd 0x51 0xa2 0xb4 0x62 0x2b 0x1d 0x0 0xd 0x72 0x23 0x1 0xf3 0x2b 0x39 0x2c 0x73 0xa 0x9f 0x6 0xa3 0x2 0x0 0x28 0x65 0x1 0x0 0x6 0x0 0x5 0x0 0x0 0x0 0x2 0x0 0x75 0x75 0x75 0x75 0x75 0x75 0x4f 0x6 0x31 0x6 0x49 0x6 0x3f 0x6 0x59 0x6 0x36 0x6 0x49 0x6 0x2f 0x6 0x1f 0x0 0x3 0x83 0x85 0x82 0x84 0x4d 0x80 0x4f 0x80 0xa6 0x82 0xeb 0x7b 0x63 0x6c 0x68 0x6d 0x6b 0x40 0x0 0x0 0x73 0xe7 0x15 0xee 0x0 0x0 0x0 0x0 0xa9 0x7 0x9 0x7b 0x0 0xa4 0xa4 0x0 0x8 0xb9 0x5 0x0 0x0
1787979018716,0x1 0x8c 0xd 0x51 0xa2 0xb4 0x62 0x2b 0x1d 0x0 0xd 0x74 0x2e 0x1 0x1a 0x2c 0x79 0x2c 0x73 0xc 0xd9 0x6 0xa3 0x2 0x0 0x28 0x65 0x1 0x0 0x7 0x0 0x6 0x0 0x0 0x0 0x1 0x0 0x75 0x75 0x75 0x75 0x75 0x75 0x57 0x6 0x40 0x6 0x57 0x6 0x41 0x6 0x57 0x6 0x3a 0x6 0x57 0x6 0x3d 0x6 0x1f 0x0 0x3 0x88 0x8a 0x82 0x84 0x4d 0x80 0x4f 0x80 0xa6 0x82 0xeb 0x7b 0x63 0x6c 0x68 0x6d 0x6b 0x45 0x0 0x0 0x73 0xe7 0x15 0xee 0x0 0x0 0x0 0x0 0xbb 0x9 0x9 0x7b 0x0 0xa4 0xa4 0x0 0x8 0x9f 0x5 0x0 0x0
1787979018939,0x1 0x8b 0xd 0x51 0xa2 0xb5 0x61 0x2b 0x1e 0x0 0xd 0x75 0x3a 0x1 0x4a 0x2c 0x6e 0x2c 0x73 0xe 0x17 0x7 0xa3 0x2 0x0 0x28 0x65 0x1 0x0 0x7 0x0 0x7 0x0 0x0 0x0 0x2 0x0 0x74 0x74 0x74 0x74 0x74 0x74 0x5e 0x6 0x40 0x6 0x5a 0x6 0x42 0x6 0x5d 0x6 0x42 0x6 0x5c 0x6 0x42 0x6 0x1e 0x0 0x3 0x8c 0x8e 0x82 0x84 0x4d 0x80 0x4f 0x80 0xa6 0x82 0xeb 0x7b 0x63 0x6c 0x67 0x6d 0x6b 0x4e 0x0 0x0 0x73 0xe7 0x15 0xee 0x0 0x0 0x0 0x0 0xca 0x9 0x9 0x7b 0x0 0xa4 0xa4 0x0 0x8 0xac 0x5 0x0 0x0
1787979019163,0x1 0x8a 0xd 0x51 0xa2 0xb5 0x61 0x2b 0x1e 0x0 0xd 0x78 0x46 0x1 0x3a 0x2c 0x3d 0x2c 0x73 0xf 0x5f 0x7 0xa3 0x2 0x0 0x28 0x65 0x1 0x0 0x9 0x0 0x9 0x0 0x0 0x0 0x3 0x0 0x74 0x74 0x74 0x74 0x74 0x74 0x69 0x6 0x4c 0x6 0x67 0x6 0x52 0x6 0x6a 0x6 0x4e 0x6 0x67 0x6 0x4d 0x6 0x1e 0x0 0x3 0x91 0x93 0x82 0x84 0x4d 0x80 0x4f 0x80 0xa6 0x82 0xeb 0x7b 0x63 0x6c 0x67 0x6d 0x6b 0x56 0x0 0x0 0x73 0xe7 0x15 0xee 0x0 0x0 0x0 0x0 0xd3 0xa 0x9 0x7b 0x0 0xa4 0xa4 0x0 0x8 0xb9 0x5 0x0 0x0
1787979019387,0x1 0x8a 0xd 0x51 0xa2 0xb5 0x61 0x2c 0x1f 0x0 0xd 0x7c 0x59 0x1 0x40 0x2c 0x23 0x2c 0x73 0x10 0xcc 0x7 0xa3 0x2 0x0 0x28 0x65 0x1 0x0 0xa 0x0 0xb 0x0 0x0 0x0 0x5 0x0 0x73 0x73 0x73 0x73 0x73 0x73 0x7b 0x6 0x5c 0x6 0x79 0x6 0x5d 0x6 0x7a 0x6 0x5f 0x6 0x7b 0x6 0x62 0x6 0x1d 0x0 0x3 0x96 0x98 0x82 0x84 0x4d 0x80 0x4f 0x80 0xa6 0x82 0xeb 0x7b 0x63 0x6c 0x67 0x6c 0x6b 0x67 0x0 0x0 0x73 0xe7 0x15 0xee 0x0 0x0 0x0 0x0 0xd9 0xa 0x9 0x7b 0x0 0xa4 0xa4 0x0 0x8 0xb9 0x5 0x0 0x0
1787979019611,0x1 0x8c 0xd 0x51 0xa2 0xb5 0x61 0x2c 0x1f 0x0 0xd 0x7e 0x6d 0x1 0x9f 0x2c 0x6b 0x2c 0x73 0x12 0x2e 0x8 0xa3 0x2 0x0 0x28 0x65 0x3 0x0 0xf 0x0 0x10 0x0 0x0 0x0 0x7 0x0 0x73 0x73 0x73 0x73 0x73 0x73 0x94 0x6 0x7c 0x6 0x95 0x6 0x7f 0x6 0x9c 0x6 0x86 0x6 0x9f 0x6 0x86 0x6 0x1d 0x0 0x3 0x9b 0x9e 0x82 0x84 0x4d 0x80 0x4f 0x80 0xa6 0x82 0xeb 0x7b 0x63 0x6c 0x67 0x6c 0x6b 0x74 0x0 0x0 0x73 0xe7 0x15 0xee 0x0 0x0 0x0 0x0 0xde 0xb 0x9 0x7b 0x0 0xa4 0xa4 0x0 0x8 0x9f 0x5 0x0 0x0
1787979019834,0x1 0x8c 0xd 0x51 0xa2 0xb5 0x61 0x2d 0x20 0x0 0xd 0x81 0x7d 0x1 0x65 0x2c 0xf7 0x2b 0x73 0x13 0x95 0x8 0xa3 0x2 0x0 0x28 0x65 0x3 0x0 0x45 0x0 0x4b 0x0 0x0 0x0 0xa 0x0 0x72 0x72 0x72 0x72 0x72 0x72 0x98 0x6 0x7d 0x6 0x99 0x6 0x81 0x6 0x9f 0x6 0x8a 0x6 0xa4 0x6 0x8a 0x6 0x1b 0x0 0x3 0xa1 0xa3 0x82 0x84 0x4d 0x80 0x4f 0x80 0xa6 0x82 0xeb 0x7b 0x63 0x6c 0x66 0x6c 0x6b 0x81 0x0 0x0 0x73 0xe7 0x15 0xee 0x0 0x0 0x0 0x0 0xe2 0xb 0x9 0x7b 0x0 0xa4 0xa4 0x0 0x8 0x9f 0x5 0x0 0x0
1787979020059,0x1 0x8a 0xd 0x52 0xa2 0xb5 0x61 0x2d 0x20 0x0 0xd 0x81 0x80 0x1 0xac 0x2b 0xef 0x2b 0x73 0x14 0xcb 0x8 0xa3 0x2 0x0 0x28 0x65 0x3 0x0 0xa3 0x0 0xa1 0x0 0x7 0x0 0xe 0x0 0x70 0x70 0x70 0x70 0x70 0x70 0x76 0x6 0x8b 0x6 0x7c 0x6 0x91 0x6 0x7d 0x6 0x90 0x6 0x76 0x6 0x8d 0x6 0x1c 0x0 0x3 0x9a 0xa5 0x8c 0x84 0x4d 0x80 0x4f 0x80 0xa6 0x82 0xeb 0x7b 0x63 0x6c 0x66 0x6c 0x6b 0x89 0x0 0x0 0x73 0xe7 0x15 0xee 0x0 0x0 0x0 0x0 0xe4 0x7 0x9 0x7b 0x0 0xa4 0xa4 0x0 0x8 0xb9 0x5 0x0 0x0
1787979020283,0x1 0x8a 0xd 0x52 0xa2 0xb5 0x61 0x2e 0x20 0x0 0xd 0x83 0x8f 0x1 0x9a 0x2d 0x55 0x2d 0x73 0x15 0xc0 0x8 0xa3 0x2 0x0 0x28 0x65 0x3 0x0 0xa4 0x0 0xaa 0x0 0x51 0x0 0x46 0x0 0x71 0x71 0x71 0x71 0x71 0x71 0x7d 0x6 0x90 0x6 0x78 0x6 0xae 0x6 0x7b 0x6 0xb5 0x6 0x80 0x6 0x90 0x6 0x1c 0x0 0x3 0x94 0x9e 0x8c 0x8e 0x4d 0x80 0x4f 0x80 0xa6 0x82 0xeb 0x7b 0x63 0x6c 0x66 0x6c 0x6b 0x89 0x0 0x0 0x73 0xe7 0x15 0xee 0x0 0x0 0x0 0x0 0xe0 0x0 0x0 0x80 0x0 0xa4 0xa4 0x0 0x8 0xb9 0x5 0x0 0x0
1787979020507,0x1 0x8b 0xd 0x52 0xa2 0xb5 0x61 0x2e 0x21 0x0 0xd 0x82 0x86 0x1 0x60 0x31 0x94 0x30 0x73 0x16 0xe6 0x7 0xa3 0x2 0x0 0x28 0x65 0x3 0x0 0x98 0x0 0xa7 0x0 0x66 0x0 0x7d 0x0 0x74 0x74 0x74 0x74 0x74 0x74 0xd1 0x6 0xe6 0x6 0xc6 0x6 0xd9 0x6 0xc8 0x6 0xdc 0x6 0xd6 0x6 0xe6 0x6 0x1c 0x0 0x3 0x8e 0x98 0x8c 0x8e 0x4d 0x80 0x4f 0x80 0xa6 0x82 0xeb 0x7b 0x61 0x6a 0x66 0x6b 0x2b 0x77 0x0 0x0 0x73 0xe7 0x15 0xee 0x0 0x0 0x0 0x0 0xc9 0x9 0x0 0x80 0x0 0xa4 0xa4 0x0 0x8 0xac 0x5 0x0 0x0
1787979020731,0x1 0x8b 0xd 0x52 0xa2 0xb5 0x61 0x2e 0x21 0x0 0xd 0x81 0x7d 0x1 0x7f 0x33 0x8c 0x33 0x73 0x17 0x66 0x7 0xa3 0x2 0x0 0x28 0x65 0x3 0x0 0x42 0x0 0x99 0x0 0x66 0x0 0x89 0x0 0x76 0x76 0x76 0x76 0x76 0x76 0x16 0x7 0x2b 0x7 0x1c 0x7 0x31 0x7 0x1a 0x7 0x29 0x7 0x48 0x7 0x29 0x7 0x1c 0x0 0x3 0x90 0x92 0x8c 0x8e 0x4d 0x80 0x4f 0x80 0xa6 0x82 0xeb 0x7b 0x61 0x6a 0x66 0x6b 0x2b 0x6c 0x0 0x0 0x73 0xe7 0x15 0xee 0x0 0x0 0x0 0x0 0xb0 0x9 0x0 0x80 0x0 0xa4 0xa4 0x0 0x8 0xac 0x5 0x0 0x0
1787979020955,0x1 0x8c 0xd 0x52 0xa2 0xb5 0x61 0x2f 0x22 0x0 0xd 0x80 0x7b 0x1 0x5d 0x33 0x7d 0x33 0x73 0x18 0x61 0x7 0xa3 0x2 0x0 0x28 0x65 0x3 0x0 0x18 0x0 0x8a 0x0 0x4f 0x0 0x89 0x0 0x76 0x76 0x76 0x76 0x7e 0x76 0x65 0x7 0x4 0x7 0x66 0x7 0x14 0x7 0x68 0x7 0xb 0x7 0x65 0x7 0x4 0x7 0x1c 0x0 0x3 0x96 0x8d 0x96 0x8e 0x4d 0x80 0x4f 0x80 0xa6 0x82 0xeb 0x7b 0x61 0x6a 0x65 0x6b 0x2b 0x60 0x0 0x0 0x73 0xe7 0x15 0xee 0x0 0x0 0x0 0x0 0xb2 0x9 0x0 0x80 0x0 0xa4 0xa4 0x0 0x8 0x9f 0x5 0x0 0x0
1787979021178,0x1 0x8a 0xd 0x52 0xa2 0xb5 0x61 0x2f 0x22 0x0 0xd 0x81 0x84 0x1 0x99 0x33 0x7 0x33 0x73 0x19 0x85 0x7 0xa3 0x2 0x0 0x28 0x65 0x1 0x0 0x1b 0x0 0x14 0x0 0x35 0x0 0x6f 0x0 0x76 0x76 0x76 0x76 0x7e 0x76 0x6d 0x7 0x1b 0x7 0x69 0x7 0x21 0x7 0x75 0x7 0x2c 0x7 0x7b 0x7 0x2c 0x7 0x1b 0x0 0x3 0x9b 0x96 0x96 0x98 0x4d 0x80 0x4f 0x80 0xa6 0x82 0xeb 0x7b 0x61 0x6a 0x65 0x6b 0x6b 0x5f 0x0 0x0 0x73 0xe7 0x15 0xee 0x0 0x0 0x0 0x0 0xb7 0x9 0x0 0x80 0x0 0xa4 0xa4 0x0 0x8 0xb9 0x5 0x0 0x0
1787979021403,0x1 0x8b 0xd 0x52 0xa2 0xb5 0x61 0x30 0x23 0x0 0xd 0x81 0x7d 0x1 0xf8 0x31 0x3 0x33 0x73 0x1a 0xa0 0x7 0xa3 0x2 0x0 0x28 0x65 0x1 0x0 0x23 0x0 0x11 0x0 0x1d 0x0 0x1e 0x0 0x76 0x76 0x76 0x76 0x7d 0x76 0x9e 0x7 0x52 0x7 0xa2 0x7 0x4c 0x7 0x95 0x7 0x4a 0x7 0x9b 0x7 0x4c 0x7 0x1c 0x0 0x3 0xa1 0x9b 0x96 0x98 0x4d 0x80 0x4f 0x80 0xa6 0x82 0xeb 0x7b 0x61 0x6a 0x65 0x6a 0x6b 0x63 0x0 0x0 0x73 0xe7 0x15 0xee 0x0 0x0 0x0 0x0 0xbc 0x9 0x0 0x80 0x0 0xa4 0xa4 0x0 0x8 0xac 0x5 0x0 0x0
1787979021627,0x1 0x8b 0xd 0x52 0xa2 0xb5 0x61 0x30 0x23 0x0 0xd 0x83 0x88 0x1 0x9b 0x32 0x12 0x33 0x73 0x1c 0xbf 0x7 0xa3 0x2 0x0 0x28 0x65 0x1 0x0 0x9a 0x0 0x3a 0x0 0x46 0x0 0xf 0x0 0x76 0x76 0x76 0x76 0x7d 0x76 0xb6 0x7 0x71 0x7 0xc0 0x7 0x75 0x7 0xb9 0x7 0x73 0x7 0xb3 0x7 0x71 0x7 0x1d 0x0 0x3 0x9d 0xa1 0x96 0x98 0x4d 0x80 0x4f 0x80 0xa6 0x82 0xeb 0x7b 0x61 0x6a 0x65 0x6a 0x6b 0x63 0x0 0x0 0x73 0xe7 0x15 0xee 0x0 0x0 0x0 0x0 0xc0 0x9 0x0 0x80 0x0 0xa4 0xa4 0x0 0x8 0xac 0x5 0x0 0x0
1787979021851,0x1 0x8c 0xd 0x52 0xa2 0xb5 0x61 0x30 0x23 0x0 0xd 0x85 0x92 0x1 0x13 0x33 0x51 0x33 0x73 0x1d 0xdf 0x7 0xa3 0x2 0x0 0x28 0x65 0x1 0x0 0xa2 0x0 0xa2 0x0 0x73 0x0 0x15 0x0 0x75 0x75 0x75 0x75 0x7b 0x75 0x72 0x7 0x8b 0x7 0x6e 0x7 0x8a 0x7 0x6a 0x7 0x88 0x7 0x67 0x7 0x88 0x7 0x1c 0x0 0x3 0x97 0xa3 0x97 0x98 0x4d 0x80 0x4f 0x80 0xa6 0x82 0xeb 0x7b 0x61 0x6a 0x64 0x6a 0x6b 0x67 0x0 0x0 0x73 0xe7 0x15 0xee 0x0 0x0 0x0 0x0 0xc5 0x9 0x0 0x80 0x0 0xa4 0xa4 0x0 0x8 0x9f 0x5 0x0 0x0
1787979022075,0x1 0x8a 0xd 0x52 0xa2 0xb5 0x61 0x2f 0x23 0x0 0xd 0x83 0x8a 0x1 0xf5 0x31 0x24 0x32 0x73 0x1e 0xe3 0x7 0xa3 0x2 0x0 0x28 0x65 0x1 0x0 0xa0 0x0 0xad 0x0 0x74 0x0 0x5c 0x0 0x75 0x75 0x75 0x75 0x7b 0x75 0x20 0x7 0x5e 0x7 0x1c 0x7 0x5d 0x7 0x26 0x7 0x62 0x7 0x19 0x7 0x5d 0x7 0x1b 0x0 0x3 0x91 0x9c 0x97 0x97 0x4d 0x80 0x4f 0x80 0xa6 0x82 0xeb 0x7b 0x61 0x6a 0x64 0x6a 0x6b 0x6b 0x0 0x0 0x73 0xe7 0x15 0xee 0x0 0x0 0x0 0x0 0xca 0x9 0x0 0x80 0x0 0xa4 0xa4 0x0 0x8 0xb9 0x5 0x0 0x0
1787979022297,0x1 0x8b 0xd 0x52 0xa2 0xb5 0x61 0x2f 0x22 0x0 0xd 0x83 0x8d 0x1 0x1d 0x32 0x50 0x32 0x73 0x1e 0xec 0x7 0xa3 0x2 0x0 0x28 0x65 0x1 0x0 0x89 0x0 0xa6 0x0 0x6e 0x0 0x8d 0x0 0x75 0x75 0x75 0x75 0x7a 0x75 0x2 0x7 0x19 0x7 0xfc 0x6 0x10 0x7 0x2 0x7 0x1a 0x7 0xf9 0x6 0x10 0x7 0x1c 0x0 0x3 0x8c 0x96 0x97 0x97 0x4d 0x80 0x4f 0x80 0xa6 0x82 0xeb 0x7b 0x61 0x6a 0x64 0x6a 0x6b 0x6b 0x0 0x0 0x73 0xe7 0x15 0xee 0x0 0x0 0x0 0x0 0xd0 0x9 0x0 0x80 0x0 0xa4 0xa4 0x0 0x8 0xac 0x5 0x0 0x0
1787979022522,0x1 0x8b 0xd 0x52 0xa2 0xb5 0x61 0x2f 0x22 0x0 0xd 0x85 0x93 0x1 0x5a 0x32 0x36 0x32 0x73 0x1f 0x1 0x8 0xa3 0x2 0x0 0x28 0x65 0x1 0x0 0x1c 0x0 0x9d 0x0 0x52 0x0 0x93 0x0 0x75 0x75 0x75 0x75 0x75 0x75 0x26 0x7 0xe7 0x6 0x27 0x7 0xf4 0x6 0x27 0x7 0xed 0x6 0x29 0x7 0xe7 0x6 0x1c 0x0 0x3 0x94 0x90 0x97 0x97 0x4d 0x80 0x4f 0x80 0xa6 0x82 0xeb 0x7b 0x61 0x6a 0x64 0x69 0xeb 0x6d 0x0 0x0 0x73 0xe7 0x15 0xee 0x0 0x0 0x0 0x0 0xd4 0x9 0x0 0x80 0x0 0xa4 0xa4 0x0 0x8 0xac 0x5 0x0 0x0
1787979022746,0x1 0x8b 0xd 0x52 0xa2 0xb5 0x61 0x2f 0x22 0x0 0xd 0x84 0x9d 0x1 0x9d 0x32 0xe 0x32 0x73 0x20 0x29 0x8 0xa3 0x2 0x0 0x28 0x65 0x1 0x0 0x83 0x0 0x87 0x0 0x38 0x0 0x8c 0x0 0x74 0x74 0x74 0x74 0x74 0x74 0x45 0x7 0xbd 0x6 0x3e 0x7 0xc0 0x6 0x43 0x7 0xbb 0x6 0x4b 0x7 0xbd 0x6 0x1c 0x0 0x3 0x9a 0x8a 0x97 0x97 0x4d 0x80 0x4f 0x80 0xa6 0x82 0xeb 0x7b 0x61 0x6a 0x64 0x69 0x6b 0x74 0x0 0x0 0x73 0xe7 0x15 0xee 0x0 0x0 0x0 0x0 0xd5 0x9 0x0 0x80 0x0 0xa4 0xa4 0x0 0x8 0xac 0x5 0x0 0x0
1787979022970,0x1 0x8a 0xd 0x52 0xa2 0xb5 0x61 0x2f 0x23 0x0 0xd 0x84 0x99 0x1 0x64 0x31 0x98 0x31 0x73 0x21 0x48 0x8 0xa3 0x2 0x0 0x28 0x65 0x1 0x0 0x9f 0x0 0x18 0x0 0x71 0x0 0x6f 0x0 0x74 0x74 0x74 0x74 0x74 0x74 0xf3 0x6 0xdb 0x6 0xfe 0x6 0xe0 0x6 0xfd 0x6 0xe0 0x6 0xf3 0x6 0xe0 0x6 0x1b 0x0 0x3 0x8f 0x93 0x92 0x96 0x4d 0x80 0x4f 0x80 0xa6 0x82 0xeb 0x7b 0x61 0x6a 0x63 0x69 0x6b 0x78 0x0 0x0 0x73 0xe7 0x15 0xee 0x0 0x0 0x0 0x0 0xd8 0x9 0x0 0x80 0x0 0xa4 0xa4 0x0 0x8 0xb9 0x5 0x0 0x0
1787979023194,0x1 0x89 0xd 0x52 0xa2 0xb5 0x61 0x2f 0x23 0x0 0xd 0x86 0x9e 0x1 0x4b 0x31 0x3e 0x31 0x73 0x22 0x66 0x8 0xa3 0x2 0x0 0x28 0x65 0x1 0x0 0x89 0x0 0x18 0x0 0x71 0x0 0x36 0x0 0x74 0x74 0x74 0x74 0x74 0x74 0xc3 0x6 0xf0 0x6 0xc6 0x6 0xf5 0x6 0xc4 0x6 0xf9 0x6 0xc3 0x6 0xf9 0x6 0x1b 0x0 0x3 0x89 0x98 0x92 0x96 0x4d 0x80 0x4f 0x80 0xa6 0x82 0xeb 0x7b 0x61 0x6a 0x63 0x69 0x6b 0x7c 0x0 0x0 0x73 0xe7 0x15 0xee 0x0 0x0 0x0 0x0 0xda 0x9 0x0 0x80 0x0 0xa4 0xa4 0x0 0x8 0xcb 0x5 0x0 0x0
1787979023418,0x1 0x8c 0xd 0x52 0xa2 0xb5 0x61 0x2f 0x23 0x0 0xd 0x86 0xa3 0x1 0x1d 0x31 0xc9 0x30 0x73 0x23 0x88 0x8 0xa3 0x2 0x0 0x28 0x65 0x1 0x0 0x13 0x0 0x8d 0x0 0x41 0x0 0x29 0x0 0x74 0x74 0x74 0x74 0x74 0x74 0xf0 0x6 0x9 0x7 0xdd 0x6 0xff 0x6 0xe8 0x6 0x2 0x7 0xf2 0x6 0x9 0x7 0x1b 0x0 0x3 0x93 0x9d 0x91 0x96 0x4d 0x80 0x4f 0x80 0xa6 0x82 0xeb 0x7b 0x5e 0x65 0x63 0x68 0x6b 0x81 0x0 0x0 0x73 0xe7 0x15 0xee 0x0 0x0 0x0 0x0 0xdc 0x9 0x0 0x80 0x0 0xa4 0xa4 0x0 0x8 0x9f 0x5 0x0 0x0
1787979023642,0x1 0x8b 0xd 0x52 0xa2 0xb5 0x61 0x2f 0x23 0x0 0xd 0x85 0xa0 0x1 0x4 0x30 0x40 0x30 0x73 0x24 0xaa 0x8 0xa3 0x2 0x0 0x28 0x65 0x1 0x0 0x3b 0x0 0xa7 0x0 0x1b 0x0 0x52 0x0 0x74 0x74 0x74 0x74 0x74 0x74 0x3 0x7 0xf6 0x6 0xfd 0x6 0xf6 0x6 0x1 0x7 0xf6 0x6 0x4 0x7 0xf6 0x6 0x1b 0x0 0x3 0x99 0x9d 0x91 0x96 0x4d 0x80 0x4f 0x80 0xa6 0x82 0xeb 0x7b 0x5e 0x65 0x63 0x68 0x6b 0x85 0x0 0x0 0x73 0xe7 0x15 0xee 0x0 0x0 0x0 0x0 0xde 0x9 0x0 0x80 0x0 0xa4 0xa4 0x0 0x8 0xac 0x5 0x0 0x0
1787979023866,0x1 0x8a 0xd 0x52 0xa2 0xb5 0x61 0x2f 0x23 0x0 0xd 0x86 0xa7 0x1 0x26 0x30 0x4f 0x30 0x73 0x24 0xc9 0x8 0xa3 0x2 0x0 0x28 0x65 0x1 0x0 0xa4 0x0 0xa6 0x0 0x52 0x0 0x95 0x0 0x73 0x73 0x73 0x73 0x73 0x73 0xdd 0x6 0xb8 0x6 0xd5 0x6 0xc2 0x6 0xe0 0x6 0xbe 0x6 0xd5 0x6 0xb5 0x6 0x1b 0x0 0x3 0x91 0x92 0x91 0x93 0x4d 0x80 0x4f 0x80 0xa6 0x82 0xeb 0x7b 0x5e 0x65 0x62 0x68 0x6b 0x85 0x0 0x0 0x73 0xe7 0x15 0xee 0x0 0x0 0x0 0x0 0xe0 0x9 0x0 0x80 0x0 0xa4 0xa4 0x0 0x8 0xb9 0x5 0x0 0x0
1787979024090,0x1 0x8a 0xd 0x52 0xa2 0xb5 0x61 0x2f 0x23 0x0 0xd 0x88 0xab 0x1 0x38 0x30 0xf0 0x2f 0x73 0x25 0xdb 0x8 0xa3 0x2 0x0 0x28 0x65 0x1 0x0 0xa2 0x0 0x9c 0x0 0x77 0x0 0x94 0x0 0x71 0x71 0x71 0x71 0x71 0x71 0xa3 0x6 0x81 0x6 0xa0 0x6 0x82 0x6 0xa6 0x6 0x86 0x6 0xa1 0x6 0x82 0x6 0x1c 0x0 0x3 0x8b 0x8c 0x91 0x93 0x4d 0x80 0x4f 0x80 0xa6 0x82 0xeb 0x7b 0x5e 0x65 0x62 0x68 0x6b 0x89 0x0 0x0 0x73 0xe7 0x15 0xee 0x0 0x0 0x0 0x0 0xe1 0xf 0x0 0x80 0x0 0xa4 0xa4 0x0 0x8 0xb9 0x5 0x0 0x0
1787979024313,0x1 0x8c 0xd 0x52 0xa2 0xb5 0x61 0x2f 0x23 0x0 0xd 0x87 0xa8 0x1 0x2c 0x2f 0x5f 0x2f 0x73 0x26 0xfd 0x8 0xa3 0x2 0x0 0x28 0x65 0x1 0x0 0x96 0x0 0x7d 0x0 0x75 0x0 0x8b 0x0 0x70 0x70 0x70 0x70 0x70 0x70 0x7a 0x6 0x56 0x6 0x71 0x6 0x4f 0x6 0x6a 0x6 0x49 0x6 0x67 0x6 0x49 0x6 0x1c 0x0 0x3 0x84 0x86 0x91 0x93 0x4d 0x80 0x4f 0x80 0xa6 0x82 0xeb 0x7b 0x5e 0x65 0x62 0x68 0x6b 0x8a 0x0 0x0 0x73 0xe7 0x15 0xee 0x0 0x0 0x0 0x0 0xe3 0x19 0x0 0x80 0x0 0xa4 0xa4 0x0 0x8 0x9f 0x5 0x0 0x0
1787979024537,0x1 0x8c 0xd 0x52 0xa2 0xb5 0x61 0x2f 0x23 0x0 0xd 0x87 0xac 0x1 0x4a 0x2f 0xf1 0x2e 0x73 0x27 0xd 0x9 0xa3 0x2 0x0 0x28 0x65 0x3 0x0 0x21 0x0 0x17 0x0 0x67 0x0 0x5a 0x0 0x70 0x70 0x70 0x70 0x70 0x70 0x69 0x6 0x6f 0x6 0x66 0x6 0x67 0x6 0x68 0x6 0x67 0x6 0x6e 0x6 0x6f 0x6 0x1b 0x0 0x3 0x88 0x8f 0x8d 0x91 0x4d 0x80 0x4f 0x80 0xa6 0x82 0xeb 0x7b 0x5a 0x61 0x62 0x67 0x6b 0x8b 0x0 0x0 0x73 0xe7 0x15 0xee 0x0 0x0 0x0 0x0 0xe5 0x24 0x0 0x80 0x0 0xa4 0xa4 0x0 0x8 0x9f 0x5 0x0 0x0
1787979024761,0x1 0x8a 0xd 0x52 0xa2 0xb5 0x61 0x2f 0x23 0x0 0xd 0x87 0xa8 0x1 0xa5 0x2d 0xfc 0x2d 0x73 0x27 0x4a 0x9 0xa3 0x2 0x0 0x28 0x65 0x3 0x0 0x14 0x0 0x19 0x0 0x17 0x0 0x25 0x0 0x6e 0x6e 0x6e 0x6e 0x6e 0x6e 0x7a 0x6 0x77 0x6 0x74 0x6 0x74 0x6 0x7a 0x6 0x79 0x6 0x74 0x6 0x74 0x6 0x1b 0x0 0x3 0x8f 0x95 0x8d 0x91 0x4d 0x80 0x4f 0x80 0xa6 0x82 0xeb 0x7b 0x5a 0x61 0x62 0x67 0x6b 0x8d 0x0 0x0 0x73 0xe7 0x15 0xee 0x0 0x0 0x0 0x0 0xe7 0x24 0x0 0x80 0x0 0xa4 0xa4 0x0 0x8 0xb9 0x5 0x0 0x0
1787979024985,0x1 0x89 0xd 0x53 0xa1 0xb5 0x61 0x2f 0x23 0x0 0xd 0x87 0xa8 0x1 0xce 0x2e 0xcb 0x2e 0x73 0x27 0xf 0x9 0xa4 0x2 0x0 0x28 0x65 0x3 0x0 0x8d 0x0 0x8c 0x0 0x16 0x0 0x1f 0x0 0x70 0x70 0x70 0x70 0x70 0x70 0xa2 0x6 0xa5 0x6 0xab 0x6 0xab 0x6 0xb3 0x6 0xaf 0x6 0xb3 0x6 0xaf 0x6 0x1a 0x0 0x3 0x94 0x9a 0x8d 0x91 0x4d 0x80 0x4f 0x80 0xa6 0x82 0xeb 0x7b 0x5a 0x61 0x61 0x67 0x6b 0x8b 0x0 0x0 0x73 0xe7 0x15 0xee 0x0 0x0 0x0 0x0 0xe0 0x24 0x0 0x80 0x0 0xa4 0xa4 0x0 0x8 0xcb 0x5 0x0 0x0
1787979025209,0x1 0x8b 0xd 0x53 0xa1 0xb5 0x61 0x2f 0x23 0x0 0xd 0x87 0xa5 0x1 0xd6 0x32 0x1a 0x32 0x73 0x28 0x48 0x8 0xa4 0x2 0x0 0x28 0x65 0x3 0x0 0x99 0x0 0xa5 0x0 0x65 0x0 0x48 0x0 0x74 0x74 0x74 0x74 0x74 0x74 0xdd 0x6 0x14 0x7 0xd7 0x6 0x1e 0x7 0xd9 0x6 0x24 0x7 0xdd 0x6 0x29 0x7 0x1b 0x0 0x3 0x88 0x9a 0x8a 0x91 0x4d 0x80 0x4f 0x80 0xa6 0x82 0xeb 0x7b 0x5a 0x61 0x61 0x67 0xde 0x7d 0x0 0x0 0x73 0xe7 0x15 0xee 0x0 0x0 0x0 0x0 0xd4 0x24 0x0 0x80 0x0 0xa4 0xa4 0x0 0x8 0xac 0x5 0x0 0x0
1787979025433,0x1 0x8b 0xd 0x53 0xa1 0xb6 0x60 0x2f 0x23 0x0 0xd 0x85 0x9d 0x1 0x51 0x35 0xb8 0x34 0x73 0x29 0xbf 0x7 0xa4 0x2 0x0 0x28 0x65 0x3 0x0 0x9b 0x0 0xab 0x0 0x78 0x0 0x98 0x0 0x77 0x77 0x77 0x77 0x77 0x77 0xb 0x7 0x3a 0x7 0xc 0x7 0x3e 0x7 0xf 0x7 0x3e 0x7 0x11 0x7 0x3e 0x7 0x1b 0x0 0x3 0x82 0x8f 0x8a 0x8f 0x4d 0x80 0x4f 0x80 0xa6 0x82 0xeb 0x7b 0x5e 0x65 0x61 0x66 0x9e 0x6e 0x0 0x0 0x73 0xe7 0x15 0xee 0x0 0x0 0x0 0x0 0xbc 0x24 0x0 0x80 0x0 0xa4 0xa4 0x0 0x8 0xac 0x5 0x0 0x0
1787979025657,0x1 0x8a 0xd 0x53 0xa1 0xb6 0x60 0x2a 0x1d 0x0 0xd 0x7a 0x4e 0x1 0xac 0x2c 0x11 0x2e 0x73 0x29 0x7a 0x7 0xa4 0x2 0x0 0x28 0x65 0x1 0x0 0x24 0x0 0xab 0x0 0x6b 0x0 0xa1 0x0 0x74 0x74 0x74 0x74 0x74 0x74 0x53 0x6 0x3d 0x6 0x49 0x6 0x2a 0x6 0x5f 0x6 0x49 0x6 0x43 0x6 0x2a 0x6 0x1e 0x0 0x3 0x88 0x8a 0x89 0x8f 0x4d 0x80 0x4f 0x80 0xa6 0x82 0xeb 0x7b 0x5e 0x65 0x61 0x66 0x5e 0x63 0x0 0x0 0x73 0xe7 0x15 0xee 0x0 0x0 0x0 0x0 0xc2 0x24 0x0 0x80 0x0 0xa4 0xa4 0x0 0x8 0xb9 0x5 0x0 0x0
1787979025881,0x1 0x8a 0xd 0x53 0xa1 0xb6 0x60 0x25 0x18 0x0 0xd 0x6f 0x11 0x1 0x41 0x26 0x91 0x27 0x73 0x2a 0x23 0x7 0xa4 0x2 0x0 0x28 0x65 0x1 0x0 0x7d 0x0 0xa7 0x0 0x6c 0x0 0xa1 0x0 0x71 0x71 0x71 0x71 0x71 0x71 0x8b 0x5 0x6e 0x5 0x9e 0x5 0x58 0x5 0x94 0x5 0x49 0x5 0x8b 0x5 0x42 0x5 0x20 0x0 0x3 0x8d 0x85 0x89 0x8f 0x4d 0x80 0x4f 0x80 0xa6 0x82 0xeb 0x7b 0x5e 0x65 0x60 0x66 0xde 0x57 0x0 0x0 0x73 0xe7 0x15 0xee 0x0 0x0 0x0 0x0 0xce 0x29 0x0 0x80 0x0 0xa4 0xa4 0x0 0x8 0xb9 0x5 0x0 0x0
1787979026105,0x1 0x8b 0xd 0x53 0xa1 0xb5 0x61 0x24 0x17 0x0 0xd 0x6c 0x5 0x1 0xe1 0x25 0xa2 0x25 0x73 0x2a 0xe4 0x6 0xa4 0x2 0x0 0x28 0x65 0x1 0x0 0xae 0x0 0xa5 0x0 0x7f 0x0 0xa3 0x0 0x70 0x70 0x70 0x70 0x70 0x70 0x30 0x5 0x7 0x5 0x37 0x5 0xd 0x5 0x34 0x5 0x5 0x5 0x33 0x5 0x7 0x5 0x21 0x0 0x3 0x83 0x81 0x86 0x8f 0x4d 0x80 0x4f 0x80 0xa6 0x82 0xeb 0x7b 0x5e 0x65 0x60 0x66 0x1e 0x4f 0x0 0x0 0x73 0xe7 0x15 0xee 0x0 0x0 0x0 0x0 0xd7 0x28 0x0 0x80 0x0 0xa4 0xa4 0x0 0x8 0xac 0x5 0x0 0x0
1787979026328,0x1 0x8c 0xd 0x53 0xa1 0xb5 0x61 0x24 0x17 0x0 0xd 0x6a 0xf8 0x0 0x37 0x24 0xa9 0x24 0x73 0x2a 0xd9 0x6 0xa4 0x2 0x0 0x28 0x65 0x1 0x0 0xa2 0x0 0x96 0x0 0x82 0x0 0xa1 0x0 0x70 0x70 0x70 0x70 0x70 0x70 0x15 0x5 0xe5 0x4 0xe 0x5 0xe1 0x4 0xb 0x5 0xe9 0x4 0xb 0x5 0xde 0x4 0x22 0x0 0x3 0x7f 0x7d 0x86 0x8f 0x4d 0x80 0x4f 0x80 0xa6 0x82 0xeb 0x7b 0x60 0x67 0x60 0x65 0xde 0x45 0x0 0x0 0x73 0xe7 0x15 0xee 0x0 0x0 0x0 0x0 0xd9 0x26 0x0 0x80 0x0 0xa4 0xa4 0x0 0x8 0x9f 0x5 0x0 0x0
1787979026552,0x1 0x8b 0xd 0x53 0xa1 0xb5 0x61 0x24 0x17 0x0 0xd 0x6a 0xfb 0x0 0xa2 0x24 0x76 0x24 0x73 0x2a 0xda 0x6 0xa4 0x2 0x0 0x28 0x65 0x1 0x0 0x97 0x0 0x84 0x0 0x80 0x0 0x9d 0x0 0x70 0x70 0x70 0x70 0x70 0x70 0xff 0x4 0xd1 0x4 0xf7 0x4 0xca 0x4 0xf6 0x4 0xca 0x4 0xf6 0x4 0xca 0x4 0x22 0x0 0x3 0x7c 0x79 0x86 0x8f 0x4d 0x80 0x4f 0x80 0xa6 0x82 0xeb 0x7b 0x60 0x67 0x60 0x65 0xde 0x45 0x0 0x0 0x73 0xe7 0x15 0xee 0x0 0x0 0x0 0x0 0xda 0x25 0x0 0x80 0x0 0xa4 0xa4 0x0 0x8 0xac 0x5 0x0 0x0
1787979026777,0x1 0x8a 0xd 0x53 0xa1 0xb5 0x61 0x24 0x17 0x0 0xd 0x6a 0xf8 0x0 0x52 0x24 0x47 0x24 0x73 0x2b 0xd4 0x6 0xa4 0x2 0x0 0x28 0x65 0x1 0x0 0x6a 0x0 0x27 0x0 0x7c 0x0 0x92 0x0 0x70 0x70 0x70 0x70 0x70 0x70 0xdd 0x4 0xe8 0x4 0xe9 0x4 0xeb 0x4 0xe4 0x4 0xe6 0x4 0xde 0x4 0xe8 0x4 0x22 0x0 0x3 0x78 0x81 0x86 0x89 0x4d 0x80 0x4f 0x80 0xa6 0x82 0xeb 0x7b 0x60 0x67 0x60 0x65 0xde 0x45 0x0 0x0 0x73 0xe7 0x15 0xee 0x0 0x0 0x0 0x0 0xdc 0x25 0x0 0x80 0x0 0xa4 0xa4 0x0 0x8 0xb9 0x5 0x0 0x0
1787979027000,0x1 0x8b 0xd 0x53 0xa1 0xb6 0x60 0x24 0x17 0x0 0xd 0x69 0xf3 0x0 0x5e 0x23 0xf4 0x23 0x73 0x2b 0xdf 0x6 0xa4 0x2 0x0 0x28 0x65 0x1 0x0 0x1a 0x0 0x17 0x0 0x71 0x0 0x82 0x0 0x70 0x70 0x70 0x70 0x70 0x70 0x4 0x5 0xf3 0x4 0xff 0x4 0xf0 0x4 0xfc 0x4 0xf0 0x4 0xff 0x4 0xf0 0x4 0x22 0x0 0x3 0x81 0x84 0x82 0x89 0x4d 0x80 0x4f 0x80 0xa6 0x82 0xeb 0x7b 0x60 0x67 0x5f 0x65 0xde 0x45 0x0 0x0 0x73 0xe7 0x15 0xee 0x0 0x0 0x0 0x0 0xdb 0x25 0x0 0x80 0x0 0xa4 0xa4 0x0 0x8 0xac 0x5 0x0 0x0
1787979027225,0x1 0x8b 0xd 0x53 0xa1 0xb6 0x60 0x24 0x17 0x0 0xd 0x6c 0xf7 0x0 0xd9 0x23 0xc3 0x23 0x73 0x2b 0xe4 0x6 0xa4 0x2 0x0 0x28 0x65 0x1 0x0 0x18 0x0 0x1b 0x0 0x6a 0x0 0x76 0x0 0x6f 0x6f 0x6f 0x6f 0x6f 0x6f 0x11 0x5 0xfe 0x4 0x9 0x5 0xfa 0x4 0xc 0x5 0x3 0x5 0xc 0x5 0xfd 0x4 0x21 0x0 0x3 0x85 0x88 0x82 0x89 0x4d 0x80 0x4f 0x80 0xa6 0x82 0xeb 0x7b 0x60 0x67 0x5f 0x65 0xde 0x49 0x0 0x0 0x73 0xe7 0x15 0xee 0x0 0x0 0x0 0x0 0xdc 0x2a 0x0 0x80 0x0 0xa4 0xa4 0x0 0x8 0xac 0x5 0x0 0x0
1787979027449,0x1 0x8b 0xd 0x53 0xa1 0xb5 0x61 0x24 0x17 0x0 0xd 0x6a 0xfa 0x0 0x38 0x24 0x44 0x24 0x73 0x2b 0xe7 0x6 0xa4 0x2 0x0 0x28 0x65 0x1 0x0 0x40 0x0 0x3e 0x0 0x6c 0x0 0x75 0x0 0x6f 0x6f 0x6f 0x6f 0x6f 0x6f 0x2d 0x5 0x16 0x5 0x27 0x5 0x1c 0x5 0x2d 0x5 0x1d 0x5 0x2d 0x5 0x1e 0x5 0x20 0x0 0x3 0x89 0x8c 0x82 0x89 0x4d 0x80 0x4f 0x80 0xa6 0x82 0xeb 0x7b 0x5d 0x64 0x5f 0x64 0xde 0x49 0x0 0x0 0x73 0xe7 0x15 0xee 0x0 0x0 0x0 0x0 0xdd 0x32 0x0 0x80 0x0 0xa4 0xa4 0x0 0x8 0xac 0x5 0x0 0x0
1787979027673,0x1 0x8a 0xd 0x53 0xa1 0xb5 0x61 0x24 0x17 0x0 0xd 0x6a 0xf6 0x0 0x9a 0x23 0x94 0x23 0x73 0x2b 0xe9 0x6 0xa4 0x2 0x0 0x28 0x65 0x1 0x0 0x9c 0x0 0x9f 0x0 0x74 0x0 0x88 0x0 0x6f 0x6f 0x6f 0x6f 0x6f 0x6f 0xfe 0x4 0x11 0x5 0x28 0x5 0x18 0x5 0x27 0x5 0x13 0x5 0xfd 0x4 0x11 0x5 0x21 0x0 0x3 0x83 0x8e 0x81 0x89 0x4d 0x80 0x4f 0x80 0xa6 0x82 0xeb 0x7b 0x5d 0x64 0x5f 0x64 0xde 0x49 0x0 0x0 0x73 0xe7 0x15 0xee 0x0 0x0 0x0 0x0 0xdd 0x37 0x0 0x80 0x0 0xa4 0xa4 0x0 0x8 0xb9 0x5 0x0 0x0
1787979027896,0x1 0x8b 0xd 0x53 0xa1 0xb5 0x61 0x24 0x17 0x0 0xd 0x6b 0xfa 0x0 0x19 0x24 0xfd 0x23 0x73 0x2c 0xed 0x6 0xa4 0x2 0x0 0x28 0x65 0x1 0x0 0x9b 0x0 0xa5 0x0 0x7b 0x0 0x98 0x0 0x6f 0x6f 0x6f 0x6f 0x6f 0x6f 0xf5 0x4 0x1b 0x5 0xf4 0x4 0x1b 0x5 0xf4 0x4 0x1a 0x5 0xf4 0x4 0x1c 0x5 0x21 0x0 0x3 0x7f 0x86 0x81 0x89 0x4d 0x80 0x4f 0x80 0xa6 0x82 0xeb 0x7b 0x5d 0x64 0x5e 0x64 0xde 0x49 0x0 0x0 0x73 0xe7 0x15 0xee 0x0 0x0 0x0 0x0 0xdd 0x3c 0x0 0x80 0x0 0xa4 0xa4 0x0 0x8 0xac 0x5 0x0 0x0
1787979028120,0x1 0x8c 0xd 0x53 0xa1 0xb5 0x61 0x24 0x17 0x0 0xd 0x69 0xf4 0x0 0x22 0x23 0xa7 0x23 0x73 0x2c 0xf2 0x6 0xa4 0x2 0x0 0x28 0x65 0x1 0x0 0x6d 0x0 0xa2 0x0 0x79 0x0 0x9d 0x0 0x6f 0x6f 0x6f 0x6f 0x6f 0x6f 0xe4 0x4 0xe9 0x4 0xe5 0x4 0xe7 0x4 0xdd 0x4 0xde 0x4 0xd9 0x4 0xde 0x4 0x21 0x0 0x3 0x7b 0x83 0x81 0x82 0x4d 0x80 0x4f 0x80 0xa6 0x82 0xeb 0x7b 0x5d 0x64 0x5e 0x64 0xde 0x49 0x0 0x0 0x73 0xe7 0x15 0xee 0x0 0x0 0x0 0x0 0xde 0x38 0x0 0x80 0x0 0xa4 0xa4 0x0 0x8 0x9f 0x5 0x0 0x0
1787979028345,0x1 0x8c 0xd 0x53 0xa1 0xb5 0x61 0x24 0x17 0x0 0xd 0x69 0xf5 0x0 0x51 0x23 0xae 0x23 0x73 0x2c 0xf0 0x6 0xa4 0x2 0x0 0x28 0x65 0x1 0x0 0x21 0x0 0x92 0x0 0x71 0x0 0x9c 0x0 0x6f 0x6f 0x6f 0x6f 0x6f 0x6f 0x0 0x5 0xcc 0x4 0x1 0x5 0xd5 0x4 0x1 0x5 0xd3 0x4 0xfe 0x4 0xcc 0x4 0x21 0x0 0x3 0x83 0x7f 0x82 0x82 0x4d 0x80 0x4f 0x80 0xa6 0x82 0xeb 0x7b 0x5d 0x64 0x5e 0x63 0xde 0x49 0x0 0x0 0x73 0xe7 0x15 0xee 0x0 0x0 0x0 0x0 0xdf 0x49 0x0 0x80 0x0 0xa4 0xa4 0x0 0x8 0x9f 0x5 0x0 0x0
1787979028569,0x1 0x8a 0xd 0x53 0xa1 0xb5 0x61 0x23 0x17 0x0 0xd 0x6b 0xf9 0x0 0xda 0x23 0xcd 0x23 0x73 0x2c 0xf2 0x6 0xa4 0x2 0x0 0x28 0x65 0x1 0x0 0x22 0x0 0x35 0x0 0x6c 0x0 0x95 0x0 0x6f 0x6f 0x6f 0x6f 0x6f 0x6f 0x12 0x5 0xe1 0x4 0x13 0x5 0xe3 0x4 0xb 0x5 0xbd 0x4 0x14 0x5 0xe3 0x4 0x21 0x0 0x3 0x87 0x83 0x82 0x85 0x4d 0x80 0x4f 0x80 0xa6 0x82 0xeb 0x7b 0x5d 0x64 0x5e 0x63 0xde 0x49 0x0 0x0 0x73 0xe7 0x15 0xee 0x0 0x0 0x0 0x0 0xdf 0x4e 0x0 0x80 0x0 0xa4 0xa4 0x0 0x8 0xb9 0x5 0x0 0x0
1787979028793,0x1 0x8a 0xd 0x53 0xa1 0xb5 0x61 0x23 0x17 0x0 0xd 0x6a 0xf5 0x0 0x5 0x23 0x72 0x23 0x73 0x2c 0xff 0x6 0xa4 0x2 0x0 0x28 0x65 0x1 0x0 0x8b 0x0 0x18 0x0 0x70 0x0 0x89 0x0 0x6e 0x6e 0x6e 0x6e 0x6e 0x6e 0x1e 0x5 0xee 0x4 0x1f 0x5 0xef 0x4 0x1c 0x5 0xe9 0x4 0x17 0x5 0xe9 0x4 0x21 0x0 0x3 0x8a 0x87 0x82 0x85 0x4d 0x80 0x4f 0x80 0xa6 0x82 0xeb 0x7b 0x5d 0x64 0x5e 0x63 0xde 0x49 0x0 0x0 0x73 0xe7 0x15 0xee 0x0 0x0 0x0 0x0 0xdf 0x48 0x0 0x80 0x0 0xa4 0xa4 0x0 0x8 0xb9 0x5 0x0 0x0
1787979029016,0x1 0x8b 0xd 0x53 0xa1 0xb5 0x61 0x23 0x17 0x0 0xd 0x6a 0xf9 0x0 0xa7 0x23 0x6f 0x23 0x73 0x2c 0xfc 0x6 0xa4 0x2 0x0 0x28 0x65 0x1 0x0 0xa6 0x0 0x20 0x0 0x7a 0x0 0x84 0x0 0x6e 0x6e 0x6e 0x6e 0x6e 0x6e 0xe8 0x4 0xfb 0x4 0xee 0x4 0xf6 0x4 0xe9 0x4 0xf6 0x4 0xe7 0x4 0xfb 0x4 0x21 0x0 0x3 0x80 0x8b 0x82 0x85 0x4d 0x80 0x4f 0x80 0xa6 0x82 0xeb 0x7b 0x5d 0x64 0x5d 0x63 0xde 0x4e 0x0 0x0 0x73 0xe7 0x15 0xee 0x0 0x0 0x0 0x0 0xdf 0x4d 0x0 0x80 0x0 0xa4 0xa4 0x0 0x8 0xac 0x5 0x0 0x0
1787979029240,0x1 0x8b 0xd 0x53 0xa1 0xb5 0x61 0x23 0x17 0x0 0xd 0x69 0xf8 0x0 0x5f 0x23 0x84 0x23 0x73 0x2c 0x3 0x7 0xa4 0x2 0x0 0x28 0x65 0x1 0x0 0x97 0x0 0x8e 0x0 0x7b 0x0 0x8b 0x0 0x6f 0x6f 0x6f 0x6f 0x6f 0x6f 0xd9 0x4 0xf 0x5 0xd8 0x4 0xb 0x5 0xd8 0x4 0x5 0x5 0xd7 0x4 0xb 0x5 0x21 0x0 0x3 0x7c 0x8e 0x82 0x85 0x4d 0x80 0x4f 0x80 0xa6 0x82 0xeb 0x7b 0x5d 0x64 0x5d 0x63 0xda 0x4e 0x0 0x0 0x73 0xe7 0x15 0xee 0x0 0x0 0x0 0x0 0xe0 0x54 0x0 0x80 0x0 0xa4 0xa4 0x0 0x8 0xac 0x5 0x0 0x0
1787979029464,0x1 0x8a 0xd 0x53 0xa1 0xb5 0x61 0x23 0x17 0x0 0xd 0x6b 0xfd 0x0 0xe2 0x23 0xd4 0x23 0x73 0x2d 0xd 0x7 0xa4 0x2 0x0 0x28 0x65 0x1 0x0 0x37 0x0 0xa5 0x0 0x77 0x0 0x95 0x0 0x6f 0x6f 0x6f 0x6f 0x6f 0x6f 0xce 0x4 0x10 0x5 0xcc 0x4 0x12 0x5 0xf1 0x4 0x14 0x5 0xf3 0x4 0x14 0x5 0x21 0x0 0x3 0x81 0x8e 0x82 0x85 0x4d 0x80 0x4f 0x80 0xa6 0x82 0xeb 0x7b 0x5c 0x63 0x5d 0x62 0xda 0x4e 0x0 0x0 0x73 0xe7 0x15 0xee 0x0 0x0 0x0 0x0 0xdf 0x66 0x0 0x80 0x0 0xa4 0xa4 0x0 0x8 0xb9 0x5 0x0 0x0
1787979029688,0x1 0x8a 0xd 0x53 0xa1 0xb5 0x61 0x23 0x17 0x0 0xd 0x6a 0xff 0x0 0x1b 0x24 0x81 0x23 0x73 0x2d 0x10 0x7 0xa4 0x2 0x0 0x28 0x65 0x1 0x0 0x1b 0x0 0xa8 0x0 0x6f 0x0 0x9e 0x0 0x6f 0x6f 0x6f 0x6f 0x6f 0x6f 0xf9 0x4 0xd8 0x4 0xfe 0x4 0xdc 0x4 0xf6 0x4 0xd7 0x4 0xfe 0x4 0xdb 0x4 0x21 0x0 0x3 0x85 0x84 0x82 0x85 0x4d 0x80 0x4f 0x80 0xa6 0x82 0xeb 0x7b 0x5c 0x63 0x5d 0x62 0xda 0x4e 0x0 0x0 0x73 0xe7 0x15 0xee 0x0 0x0 0x0 0x0 0xe0 0x5d 0x0 0x80 0x0 0xa4 0xa4 0x0 0x8 0xb9 0x5 0x0 0x0
1787979029913,0x1 0x8c 0xd 0x53 0xa1 0xb5 0x61 0x23 0x17 0x0 0xd 0x6b 0xfc 0x0 0x9a 0x23 0x6e 0x23 0x73 0x2d 0x14 0x7 0xa4 0x2 0x0 0x28 0x65 0x1 0x0 0x7c 0x0 0x99 0x0 0x71 0x0 0xa0 0x0 0x6e 0x6e 0x6e 0x6e 0x6e 0x6e 0xa 0x5 0xc7 0x4 0xa 0x5 0xc4 0x4 0xe 0x5 0xc7 0x4 0xe 0x5 0xc3 0x4 0x21 0x0 0x3 0x89 0x80 0x82 0x85 0x4d 0x80 0x4f 0x80 0xa6 0x82 0xeb 0x7b 0x5c 0x63 0x5c 0x62 0xda 0x4e 0x0 0x0 0x73 0xe7 0x15 0xee 0x0 0x0 0x0 0x0 0xe0 0x61 0x0 0x80 0x0 0xa4 0xa4 0x0 0x8 0x9f 0x5 0x0 0x0
1787979030136,0x1 0x8b 0xd 0x53 0xa1 0xb5 0x61 0x23 0x17 0x0 0xd 0x6a 0xfe 0x0 0xd3 0x23 0x30 0x23 0x73 0x2d 0x17 0x7 0xa4 0x2 0x0 0x28 0x65 0x1 0x0 0xa5 0x0 0x57 0x0 0x78 0x0 0x9a 0x0 0x6e 0x6e 0x6e 0x6e 0x6e 0x6e 0xda 0x4 0xaa 0x4 0xd9 0x4 0xa6 0x4 0xd7 0x4 0xa8 0x4 0xda 0x4 0xaa 0x4 0x21 0x0 0x3 0x7f 0x7b 0x81 0x85 0x4d 0x80 0x4f 0x80 0xa6 0x82 0xeb 0x7b 0x5c 0x63 0x5c 0x62 0xda 0x4e 0x0 0x0 0x73 0xe7 0x15 0xee 0x0 0x0 0x0 0x0 0xe0 0x68 0x0 0x80 0x0 0xa4 0xa4 0x0 0x8 0xac 0x5 0x0 0x0
1787979030360,0x1 0x8b 0xd 0x53 0xa1 0xb5 0x61 0x23 0x17 0x0 0xd 0x6a 0xf8 0x0 0xd8 0x22 0xfe 0x22 0x73 0x2e 0x1e 0x7 0xa4 0x2 0x0 0x28 0x65 0x1 0x0 0x93 0x0 0x18 0x0 0x7a 0x0 0x8d 0x0 0x6e 0x6e 0x6e 0x6e 0x6e 0x6e 0xc6 0x4 0xd5 0x4 0xc2 0x4 0xd3 0x4 0xc8 0x4 0xd5 0x4 0xc2 0x4 0xd6 0x4 0x21 0x0 0x3 0x7b 0x86 0x81 0x84 0x4d 0x80 0x4f 0x80 0xa6 0x82 0xeb 0x7b 0x5b 0x62 0x5c 0x61 0xda 0x4e 0x0 0x0 0x73 0xe7 0x15 0xee 0x0 0x0 0x0 0x0 0xe2 0x6d 0x0 0x80 0x0 0xa4 0xa4 0x0 0x8 0xac 0x5 0x0 0x0
1787979030584,0x1 0x8a 0xd 0x53 0xa1 0xb5 0x61 0x23 0x17 0x0 0xd 0x6a 0xf6 0x0 0x87 0x22 0xfd 0x22 0x73 0x2d 0x20 0x7 0xa4 0x2 0x0 0x28 0x65 0x1 0x0 0x21 0x0 0x17 0x0 0x72 0x0 0x7d 0x0 0x6e 0x6e 0x6e 0x6e 0x6e 0x6e 0xdf 0x4 0xe8 0x4 0xde 0x4 0xe7 0x4 0xe3 0x4 0xe9 0x4 0xe0 0x4 0xe9 0x4 0x21 0x0 0x3 0x82 0x8a 0x81 0x84 0x4d 0x80 0x4f 0x80 0xa6 0x82 0xeb 0x7b 0x5b 0x62 0x5c 0x61 0xda 0x4e 0x0 0x0 0x73 0xe7 0x15 0xee 0x0 0x0 0x0 0x0 0xe2 0x71 0x0 0x80 0x0 0xa4 0xa4 0x0 0x8 0xb9 0x5 0x0 0x0
1787979030808,0x1 0x8c 0xd 0x53 0xa1 0xb5 0x61 0x23 0x17 0x0 0xd 0x6b 0xf7 0x0 0xa6 0x22 0x2e 0x23 0x73 0x2e 0x21 0x7 0xa4 0x2 0x0 0x28 0x65 0x1 0x0 0x1a 0x0 0x63 0x0 0x6b 0x0 0x7f 0x0 0x6e 0x6e 0x6e 0x6e 0x6e 0x6e 0xfb 0x4 0x2 0x5 0xf3 0x4 0xfd 0x4 0xf7 0x4 0x0 0x5 0xf8 0x4 0x2 0x5 0x21 0x0 0x3 0x86 0x8f 0x81 0x84 0x4d 0x80 0x4f 0x80 0xa6 0x82 0xeb 0x7b 0x5b 0x62 0x5c 0x61 0x1e 0x51 0x0 0x0 0x73 0xe7 0x15 0xee 0x0 0x0 0x0 0x0 0xe2 0x76 0x0 0x80 0x0 0xa4 0xa4 0x0 0x8 0x9f 0x5 0x0 0x0
1787979031032,0x1 0x8c 0xd 0x53 0xa1 0xb5 0x61 0x23 0x17 0x0 0xd 0x6b 0xfc 0x0 0x37 0x23 0x1a 0x23 0x73 0x2e 0x28 0x7 0xa4 0x2 0x0 0x28 0x65 0x1 0x0 0x70 0x0 0xa2 0x0 0x6e 0x0 0x8f 0x0 0x6e 0x6e 0x6e 0x6e 0x6e 0x6e 0xfd 0x4 0xfe 0x4 0xff 0x4 0x1 0x5 0x8 0x5 0xfd 0x4 0x8 0x5 0x2 0x5 0x21 0x0 0x3 0x8a 0x8f 0x81 0x84 0x4d 0x80 0x4f 0x80 0xa6 0x82 0xeb 0x7b 0x5b 0x62 0x5b 0x61 0xde 0x52 0x0 0x0 0x73 0xe7 0x15 0xee 0x0 0x0 0x0 0x0 0xe2 0x7e 0x0 0x80 0x0 0xa4 0xa4 0x0 0x8 0x9f 0x5 0x0 0x0
1787979031255,0x1 0x8c 0xd 0x53 0xa1 0xb5 0x61 0x23 0x17 0x0 0xd 0x6b 0x0 0x1 0xbc 0x23 0x2c 0x23 0x73 0x2e 0x2a 0x7 0xa4 0x2 0x0 0x28 0x65 0x1 0x0 0xa3 0x0 0xa5 0x0 0x76 0x0 0x9a 0x0 0x6e 0x6e 0x6e 0x6e 0x6e 0x6e 0xe1 0x4 0x0 0x5 0xe0 0x4 0xfe 0x4 0xde 0x4 0xdd 0x4 0xe1 0x4 0xe0 0x4 0x21 0x0 0x3 0x81 0x87 0x82 0x85 0x4d 0x80 0x4f 0x80 0xa6 0x82 0xeb 0x7b 0x5b 0x62 0x5b 0x61 0xda 0x52 0x0 0x0 0x73 0xe7 0x15 0xee 0x0 0x0 0x0 0x0 0xe2 0x7f 0x0 0x80 0x0 0xa4 0xa4 0x0 0x8 0x9f 0x5 0x0 0x0
1787979031479,0x1 0x8a 0xd 0x53 0xa1 0xb5 0x61 0x23 0x17 0x0 0xd 0x6b 0x0 0x1 0xc6 0x23 0x49 0x23 0x73 0x2e 0x28 0x7 0xa4 0x2 0x0 0x28 0x65 0x1 0x0 0x9a 0x0 0xa0 0x0 0x7a 0x0 0x9f 0x0 0x6e 0x6e 0x6e 0x6e 0x6e 0x6e 0xcd 0x4 0xcd 0x4 0xce 0x4 0xcf 0x4 0xd1 0x4 0xcd 0x4 0xd0 0x4 0xcf 0x4 0x21 0x0 0x3 0x7d 0x83 0x82 0x85 0x4d 0x80 0x4f 0x80 0xa6 0x82 0xeb 0x7b 0x5a 0x61 0x5b 0x60 0xda 0x52 0x0 0x0 0x73 0xe7 0x15 0xee 0x0 0x0 0x0 0x0 0xe2 0x87 0x0 0x80 0x0 0xa4 0xa4 0x0 0x8 0xb9 0x5 0x0 0x0
1787979031703,0x1 0x8b 0xd 0x53 0xa1 0xb5 0x61 0x23 0x17 0x0 0xd 0x6a 0xf8 0x0 0x81 0x22 0xee 0x22 0x73 0x2e 0x30 0x7 0xa4 0x2 0x0 0x28 0x65 0x1 0x0 0x4d 0x0 0x8a 0x0 0x77 0x0 0x9e 0x0 0x6e 0x6e 0x6e 0x6e 0x6e 0x6e 0xc1 0x4 0xbc 0x4 0xbb 0x4 0xb9 0x4 0xb7 0x4 0xb2 0x4 0xb3 0x4 0xb2 0x4 0x21 0x0 0x3 0x79 0x7f 0x82 0x85 0x4d 0x80 0x4f 0x80 0xa6 0x82 0xeb 0x7b 0x5a 0x61 0x5b 0x60 0xda 0x52 0x0 0x0 0x73 0xe7 0x15 0xee 0x0 0x0 0x0 0x0 0xe2 0x8c 0x0 0x80 0x0 0xa4 0xa4 0x0 0x8 0xac 0x5 0x0 0x0
1787979031928,0x1 0x8c 0xd 0x53 0xa1 0xb5 0x61 0x23 0x17 0x0 0xd 0x6b 0xfb 0x0 0xe2 0x22 0x3b 0x23 0x73 0x2e 0x32 0x7 0xa4 0x2 0x0 0x28 0x65 0x1 0x0 0x15 0x0 0x23 0x0 0x6b 0x0 0x93 0x0 0x6e 0x6e 0x6e 0x6e 0x6e 0x6e 0xee 0x4 0xdd 0x4 0xef 0x4 0xd9 0x4 0xec 0x4 0xd8 0x4 0xef 0x4 0xdc 0x4 0x21 0x0 0x3 0x84 0x86 0x82 0x86 0x4d 0x80 0x4f 0x80 0xa6 0x82 0xeb 0x7b 0x5a 0x61 0x5a 0x60 0xda 0x52 0x0 0x0 0x73 0xe7 0x15 0xee 0x0 0x0 0x0 0x0 0xe2 0x93 0x0 0x80 0x0 0xa4 0xa4 0x0 0x8 0x9f 0x5 0x0 0x0
1787979032152,0x1 0x8c 0xd 0x53 0xa1 0xb5 0x61 0x23 0x17 0x0 0xd 0x6b 0xf7 0x0 0x12 0x22 0xb3 0x22 0x73 0x2f 0x40 0x7 0xa4 0x2 0x0 0x28 0x65 0x1 0x0 0x24 0x0 0x19 0x0 0x68 0x0 0x87 0x0 0x6e 0x6e 0x6e 0x6e 0x6e 0x6e 0xf7 0x4 0xe2 0x4 0xf6 0x4 0xe4 0x4 0xf6 0x4 0xde 0x4 0xf1 0x4 0xde 0x4 0x21 0x0 0x3 0x88 0x8a 0x82 0x86 0x4d 0x80 0x4f 0x80 0xa6 0x82 0xeb 0x7b 0x5a 0x61 0x5a 0x60 0xda 0x52 0x0 0x0 0x73 0xe7 0x15 0xee 0x0 0x0 0x0 0x0 0xe3 0x93 0x0 0x80 0x0 0xa4 0xa4 0x0 0x8 0x9f 0x5 0x0 0x0
1787979032376,0x1 0x89 0xd 0x53 0xa1 0xb5 0x61 0x20 0x13 0x0 0xd 0x67 0xeb 0x0 0x77 0x20 0xd4 0x21 0x73 0x2f 0x3d 0x7 0xa4 0x2 0x0 0x28 0x65 0x1 0x0 0x99 0x0 0x83 0x0 0x71 0x0 0x8c 0x0 0x6d 0x6d 0x6d 0x6d 0x6d 0x6d 0xeb 0x4 0xd3 0x4 0xf4 0x4 0xe2 0x4 0xef 0x4 0xe0 0x4 0xbf 0x4 0xd3 0x4 0x21 0x0 0x3 0x83 0x8e 0x82 0x86 0x4d 0x80 0x4f 0x80 0xa6 0x82 0xeb 0x7b 0x5b 0x67 0x5a 0x5f 0xda 0x56 0x0 0x0 0x73 0xe7 0x15 0xee 0x0 0x0 0x0 0x0 0xe3 0x97 0x0 0x80 0x0 0xa4 0xa4 0x0 0x8 0xcb 0x5 0x0 0x0
1787979032600,0x1 0x8b 0xd 0x53 0xa1 0xb5 0x61 0x1c 0xf 0x0 0xd 0x58 0xae 0x0 0xd8 0x18 0x1e 0x1a 0x73 0x2f 0x1 0x7 0xa4 0x2 0x0 0x28 0x65 0x1 0x0 0xaf 0x0 0xae 0x0 0x7e 0x0 0x99 0x0 0x67 0x67 0x67 0x67 0x67 0x67 0xa7 0x3 0xc0 0x3 0x9f 0x3 0xb6 0x3 0x95 0x3 0xc7 0x3 0x95 0x3 0xb1 0x3 0x23 0x0 0x3 0x7f 0x8e 0x82 0x86 0x4d 0x80 0x4f 0x80 0xa6 0x82 0xeb 0x7b 0x5b 0x67 0x5a 0x5f 0x5a 0x4c 0x0 0x0 0x73 0xe7 0x15 0xee 0x0 0x0 0x0 0x0 0xeb 0x79 0x0 0x80 0x0 0xa4 0xa4 0x0 0x8 0xac 0x5 0x0 0x0
1787979032822,0x1 0x8c 0xd 0x53 0xa1 0xb5 0x61 0x1c 0xf 0x0 0xd 0x57 0xaa 0x0 0x9a 0x18 0xb9 0x18 0x73 0x2f 0xe9 0x6 0xa4 0x2 0x0 0x28 0x65 0x1 0x0 0xa7 0x0 0xad 0x0 0x82 0x0 0xa4 0x0 0x67 0x67 0x67 0x67 0x67 0x67 0x66 0x3 0x6b 0x3 0x66 0x3 0x6c 0x3 0x62 0x3 0x6a 0x3 0x62 0x3 0x6a 0x3 0x24 0x0 0x3 0x7c 0x85 0x82 0x85 0x4d 0x80 0x4f 0x80 0xa6 0x82 0xeb 0x7b 0x5b 0x67 0x5a 0x5f 0xda 0x46 0x0 0x0 0x73 0xe7 0x15 0xee 0x0 0x0 0x0 0x0 0xee 0x70 0x0 0x80 0x0 0xa4 0xa4 0x0 0x8 0x9f 0x5 0x0 0x0
1787979033047,0x1 0x8b 0xd 0x53 0xa1 0xb5 0x61 0x1c 0xf 0x0 0xd 0x58 0xa7 0x0 0x55 0x18 0x5d 0x18 0x73 0x2f 0xdd 0x6 0xa4 0x2 0x0 0x28 0x65 0x1 0x0 0x97 0x0 0xa4 0x0 0x80 0x0 0xa5 0x0 0x66 0x66 0x66 0x66 0x66 0x66 0x50 0x3 0x57 0x3 0x52 0x3 0x5b 0x3 0x50 0x3 0x58 0x3 0x4f 0x3 0x57 0x3 0x25 0x0 0x3 0x79 0x82 0x82 0x85 0x4d 0x80 0x4f 0x80 0xa6 0x82 0xeb 0x7b 0x5b 0x67 0x5b 0x5f 0x5a 0x45 0x0 0x0 0x73 0xe7 0x15 0xee 0x0 0x0 0x0 0x0 0xf0 0x6e 0x0 0x80 0x0 0xa4 0xa4 0x0 0x8 0xac 0x5 0x0 0x0
1787979033270,0x1 0x8a 0xd 0x53 0xa1 0xb5 0x61 0x1c 0xf 0x0 0xd 0x57 0xa4 0x0 0xf7 0x17 0x23 0x18 0x73 0x2f 0xd8 0x6 0xa4 0x2 0x0 0x28 0x65 0x1 0x0 0x45 0x0 0x92 0x0 0x7c 0x0 0xa2 0x0 0x66 0x66 0x66 0x66 0x66 0x66 0x43 0x3 0x4a 0x3 0x5a 0x3 0x4a 0x3 0x46 0x3 0x4d 0x3 0x5b 0x3 0x4a 0x3 0x25 0x0 0x3 0x7d 0x7e 0x80 0x85 0x4d 0x80 0x4f 0x80 0xa6 0x82 0xeb 0x7b 0x5b 0x67 0x5b 0x5f 0xda 0x43 0x0 0x0 0x73 0xe7 0x15 0xee 0x0 0x0 0x0 0x0 0xf0 0x6f 0x0 0x80 0x0 0xa4 0xa4 0x0 0x8 0xb9 0x5 0x0 0x0
1787979033495,0x1 0x8a 0xd 0x53 0xa1 0xb5 0x61 0x1c 0xf 0x0 0xd 0x55 0xa3 0x0 0xd5 0x17 0x1e 0x18 0x73 0x2f 0xd7 0x6 0xa4 0x2 0x0 0x28 0x65 0x1 0x0 0x17 0x0 0x4f 0x0 0x75 0x0 0x9e 0x0 0x66 0x66 0x66 0x66 0x66 0x66 0x62 0x3 0x45 0x3 0x67 0x3 0x42 0x3 0x64 0x3 0x42 0x3 0x64 0x3 0x3f 0x3 0x25 0x0 0x3 0x81 0x7b 0x80 0x85 0x4d 0x80 0x4f 0x80 0xa6 0x82 0xeb 0x7b 0x5a 0x65 0x5b 0x60 0xda 0x43 0x0 0x0 0x73 0xe7 0x15 0xee 0x0 0x0 0x0 0x0 0xf0 0x71 0x0 0x80 0x0 0xa4 0xa4 0x0 0x8 0xb9 0x5 0x0 0x0
1787979033719,0x1 0x8c 0xd 0x53 0xa1 0xb5 0x61 0x1c 0xf 0x0 0xd 0x55 0xa1 0x0 0x9f 0x17 0xe6 0x17 0x73 0x2e 0xd1 0x6 0xa4 0x2 0x0 0x28 0x65 0x1 0x0 0x16 0x0 0x22 0x0 0x73 0x0 0x96 0x0 0x66 0x66 0x66 0x66 0x66 0x66 0x67 0x3 0x59 0x3 0x67 0x3 0x5b 0x3 0x6a 0x3 0x59 0x3 0x67 0x3 0x58 0x3 0x25 0x0 0x3 0x84 0x86 0x80 0x84 0x4d 0x80 0x4f 0x80 0xa6 0x82 0xeb 0x7b 0x5a 0x65 0x5b 0x60 0xda 0x43 0x0 0x0 0x73 0xe7 0x15 0xee 0x0 0x0 0x0 0x0 0xf0 0x6f 0x0 0x80 0x0 0xa4 0xa4 0x0 0x8 0x9f 0x5 0x0 0x0
1787979033943,0x1 0x8c 0xd 0x53 0xa1 0xb5 0x61 0x1b 0xf 0x0 0xd 0x56 0xa4 0x0 0xfa 0x17 0x7 0x18 0x73 0x2f 0xd7 0x6 0xa4 0x2 0x0 0x28 0x65 0x1 0x0 0x1a 0x0 0x1d 0x0 0x71 0x0 0x91 0x0 0x66 0x66 0x66 0x66 0x66 0x66 0x78 0x3 0x67 0x3 0x74 0x3 0x68 0x3 0x76 0x3 0x68 0x3 0x74 0x3 0x65 0x3 0x25 0x0 0x3 0x87 0x89 0x80 0x84 0x4d 0x80 0x4f 0x80 0xa6 0x82 0xeb 0x7b 0x5a 0x65 0x5c 0x60 0xda 0x43 0x0 0x0 0x73 0xe7 0x15 0xee 0x0 0x0 0x0 0x0 0xef 0x73 0x0 0x80 0x0 0xa4 0xa4 0x0 0x8 0x9f 0x5 0x0 0x0
1787979034167,0x1 0x8b 0xd 0x53 0xa1 0xb5 0x61 0xd 0x0 0x0 0xd 0x34 0x4e 0x0 0xd8 0xb 0x2a 0xf 0x73 0x2e 0x96 0x6 0xa4 0x2 0x0 0x28 0x65 0x1 0x0 0x99 0x0 0x9f 0x0 0x72 0x0 0x93 0x0 0x6b 0x6b 0x6b 0x6b 0x6b 0x6b 0x1c 0x2 0x9 0x2 0xfc 0x1 0xfa 0x1 0x38 0x2 0x1f 0x2 0xf4 0x1 0xfa 0x1 0x28 0x0 0x3 0x82 0x8b 0x80 0x84 0x4d 0x80 0x4f 0x80 0xa6 0x82 0xeb 0x7b 0x5a 0x65 0x5c 0x60 0xda 0x40 0x0 0x0 0x73 0xe7 0x15 0xee 0x0 0x0 0x0 0x0 0xf8 0x41 0x0 0x80 0x0 0xa4 0xa4 0x0 0x0 0xac 0x5 0x0 0x0
1787979034390,0x1 0x8a 0xd 0x53 0xa1 0xb5 0x61 0xd 0x0 0x0 0xd 0x33 0x4c 0x0 0x44 0xc 0xaa 0xc 0x73 0x2e 0x32 0x6 0xa4 0x2 0x0 0x28 0x65 0x1 0x0 0xaf 0x0 0xab 0x0 0x7d 0x0 0x98 0x0 0x78 0x78 0x78 0x78 0x78 0x78 0xc9 0x1 0xcf 0x1 0xc7 0x1 0xcf 0x1 0xc9 0x1 0xd1 0x1 0xc6 0x1 0xcf 0x1 0x29 0x0 0x3 0x80 0x8b 0x80 0x84 0x4d 0x80 0x4f 0x80 0xa6 0x82 0xeb 0x7b 0x58 0x5e 0x5c 0x61 0xda 0x3d 0x0 0x0 0x73 0xe7 0x15 0xee 0x0 0x0 0x0 0x0 0xff 0x35 0x0 0x80 0x0 0xa4 0xa4 0x0 0x0 0xb9 0x5 0x0 0x0
1787979034614,0x1 0x8c 0xd 0x53 0xa1 0xb5 0x61 0xd 0x0 0x0 0xd 0x33 0x4d 0x0 0xb3 0xc 0x8c 0xc 0x73 0x2e 0x10 0x6 0xa4 0x2 0x0 0x28 0x65 0x1 0x0 0xa5 0x0 0xa8 0x0 0x80 0x0 0x9b 0x0 0x82 0x82 0x82 0x82 0x82 0x82 0xc8 0x1 0xc5 0x1 0xc7 0x1 0xc6 0x1 0xc7 0x1 0xc6 0x1 0xc8 0x1 0xc6 0x1 0x29 0x0 0x3 0x7e 0x82 0x80 0x83 0x4d 0x80 0x4f 0x80 0xa6 0x82 0xeb 0x7b 0x58 0x5e 0x5c 0x61 0xda 0x3c 0x0 0x0 0x73 0xe7 0x15 0xee 0x0 0x0 0x0 0x0 0xff 0x33 0x0 0x80 0x0 0xa4 0xa4 0x0 0x0 0x9f 0x5 0x0 0x0
1787979034838,0x1 0x8c 0xd 0x53 0xa1 0xb5 0x61 0xd 0x0 0x0 0xd 0x34 0x4e 0x0 0x7 0xd 0xbb 0xc 0x73 0x2e 0xfd 0x5 0xa4 0x2 0x0 0x28 0x65 0x1 0x0 0x96 0x0 0xa6 0x0 0x7e 0x0 0x9e 0x0 0x8c 0x8c 0x8c 0x8c 0x8c 0x8c 0xcf 0x1 0xcf 0x1 0xd2 0x1 0xc8 0x1 0xcc 0x1 0xcc 0x1 0xd2 0x1 0xcf 0x1 0x29 0x0 0x3 0x7c 0x80 0x80 0x83 0x4d 0x80 0x4f 0x80 0xa6 0x82 0xeb 0x7b 0x58 0x5e 0x5d 0x61 0xda 0x3b 0x0 0x0 0x73 0xe7 0x15 0xee 0x0 0x0 0x0 0x0 0xff 0x31 0x0 0x80 0x0 0xa4 0xa4 0x0 0x0 0x9f 0x5 0x0 0x0
1787979035062,0x1 0x8b 0xd 0x53 0xa1 0xb5 0x61 0xd 0x0 0x0 0xd 0x32 0x4b 0x0 0xc6 0xc 0xe0 0xc 0x73 0x2d 0xdf 0x5 0xa4 0x2 0x0 0x28 0x65 0x1 0x0 0xa0 0x0 0xa7 0x0 0x7d 0x0 0xa1 0x0 0x95 0x95 0x95 0x95 0x95 0x95 0xd9 0x1 0xd7 0x1 0xd8 0x1 0xd5 0x1 0xd7 0x1 0xd7 0x1 0xd9 0x1 0xd7 0x1 0x29 0x0 0x3 0x7a 0x7f 0x80 0x83 0x4d 0x80 0x4f 0x80 0xa6 0x82 0xeb 0x7b 0x58 0x5e 0x5d 0x61 0xda 0x3b 0x0 0x0 0x73 0xe7 0x15 0xee 0x0 0x0 0x0 0x0 0xff 0x31 0x0 0x80 0x0 0xa4 0xa4 0x0 0x0 0xac 0x5 0x0 0x0
1787979035286,0x1 0x8a 0xd 0x53 0xa1 0xb5 0x61 0xd 0x0 0x0 0xd 0x31 0x4a 0x0 0xe3 0xc 0xd3 0xc 0x73 0x2d 0xbe 0x5 0xa4 0x2 0x0 0x28 0x65 0x1 0x0 0xaa 0x0 0xac 0x0 0x7c 0x0 0xa4 0x0 0x9e 0x9e 0x9e 0x9e 0x9e 0x9e 0xd7 0x1 0xd4 0x1 0xd7 0x1 0xd3 0x1 0xd5 0x1 0xd3 0x1 0xd5 0x1 0xd3 0x1 0x29 0x0 0x3 0x78 0x7d 0x80 0x83 0x4d 0x80 0x4f 0x80 0xa6 0x82 0xeb 0x7b 0x58 0x5e 0x5d 0x61 0xda 0x39 0x0 0x0 0x73 0xe7 0x15 0xee 0x0 0x0 0x0 0x0 0xff 0x30 0x0 0x80 0x0 0xa4 0xa4 0x0 0x0 0xb9 0x5 0x0 0x0
1787979035510,0x1 0x8b 0xd 0x53 0xa1 0xb5 0x61 0xd 0x0 0x0 0xd 0x33 0x4e 0x0 0x53 0xe 0x5b 0xd 0x73 0x2c 0x72 0x5 0xa4 0x2 0x0 0x28 0x65 0x1 0x0 0xaa 0x0 0xb0 0x0 0x7f 0x0 0xaa 0x0 0xa0 0xa0 0xa0 0xa0 0xa0 0xa0 0xde 0x1 0xa9 0x1 0xe1 0x1 0xe0 0x1 0xe5 0x1 0xdc 0x1 0xe5 0x1 0xe2 0x1 0x2a 0x4 0x3 0x78 0x7c 0x80 0x83 0x4d 0x80 0x4f 0x80 0xa6 0x82 0xeb 0x7b 0x5a 0x61 0x5d 0x62 0x2c 0x3d 0x52 0x5 0x73 0xe7 0x15 0xee 0x0 0x0 0x0 0x0 0xff 0x0 0x0 0x80 0x0 0xa4 0xa4 0x0 0x10 0xac 0x5 0x0 0x0
1787979035734,0x1 0x8b 0xd 0x53 0xa1 0xb5 0x61 0xd 0x0 0x0 0xd 0x32 0x4c 0x0 0xc 0xf 0x16 0xe 0x73 0x2c 0xd 0x5 0xa4 0x2 0x0 0x28 0x65 0x1 0x0 0x28 0x0 0x59 0x0 0x79 0x0 0xa7 0x0 0x9e 0x9e 0x9e 0x9e 0x9e 0x9e 0xfa 0x1 0xf8 0x1 0xbd 0x1 0xf2 0x1 0xf7 0x1 0xf6 0x1 0xfb 0x1 0xf8 0x1 0x2b 0xd 0x3 0x78 0x7c 0x80 0x83 0x4d 0x80 0x4f 0x80 0xa6 0x82 0xeb 0x7b 0x5a 0x61 0x5d 0x62 0x2c 0x3a 0x52 0x5 0x73 0xe7 0x15 0xee 0x0 0x0 0x0 0x0 0xff 0x0 0x0 0x80 0x0 0xa4 0xa4 0x0 0x10 0xac 0x5 0x0 0x0
1787979035958,0x1 0x8c 0xd 0x53 0xa1 0xb5 0x61 0xd 0x0 0x0 0xd 0x2f 0x48 0x0 0x81 0xf 0xc2 0xe 0x73 0x2c 0xa5 0x4 0xa4 0x2 0x0 0x28 0x65 0x1 0x0 0x3 0x0 0x4 0x0 0x0 0x0 0x52 0x0 0x9c 0x9c 0x9c 0x9c 0x9c 0x9c 0x1d 0x2 0x7a 0x2 0x7e 0x2 0x47 0x2 0x19 0x2 0x19 0x2 0x22 0x2 0x20 0x2 0x2c 0x0 0x3 0x80 0x84 0x80 0x84 0x4d 0x80 0x4f 0x80 0xa6 0x82 0xeb 0x7b 0x5a 0x61 0x5e 0x62 0x2c 0x35 0x52 0x5 0x73 0xe7 0x15 0xee 0x0 0x0 0x0 0x0 0xff 0x1f 0x0 0x80 0x0 0xa4 0xa4 0x0 0x0 0x9f 0x5 0x0 0x0
1787979036182,0x1 0x89 0xd 0x53 0xa1 0xb5 0x61 0xd 0x0 0x0 0xd 0x32 0x4a 0x0 0x68 0xd 0x31 0xe 0x73 0x2b 0x85 0x5 0xa4 0x2 0x0 0x28 0x65 0x1 0x0 0x3 0x0 0x3 0x0 0x0 0x0 0x5 0x0 0xa0 0xa0 0xa0 0xa0 0xa0 0xa0 0xe 0x2 0x14 0x2 0x14 0x2 0x11 0x2 0x11 0x2 0xe 0x2 0xe 0x2 0xc 0x2 0x2a 0x0 0x3 0x81 0x86 0x80 0x84 0x4d 0x80 0x4f 0x80 0xa6 0x82 0xeb 0x7b 0x5a 0x61 0x5e 0x62 0x2c 0x3d 0x52 0x5 0x73 0xe7 0x15 0xee 0x0 0x0 0x0 0x0 0xff 0x2b 0x0 0x80 0x0 0xa4 0xa4 0x0 0x0 0xcb 0x5 0x0 0x0
1787979036406,0x1 0x8b 0xd 0x53 0xa1 0xb5 0x61 0xd 0x0 0x0 0xd 0x33 0x4d 0x0 0xa 0xe 0xce 0xd 0x73 0x2b 0x7c 0x5 0xa4 0x2 0x0 0x28 0x65 0x1 0x0 0x6 0x0 0x8 0x0 0x0 0x0 0x4 0x0 0xa1 0xa1 0xa1 0xa1 0xa1 0xa1 0x5 0x2 0x3 0x2 0x5 0x2 0x4 0x2 0x5 0x2 0x3 0x2 0x5 0x2 0x4 0x2 0x2a 0x0 0x3 0x83 0x88 0x80 0x84 0x4d 0x80 0x4f 0x80 0xa6 0x82 0xeb 0x7b 0x5b 0x62 0x5e 0x63 0x2c 0x3e 0x52 0x5 0x73 0xe7 0x15 0xee 0x0 0x0 0x0 0x0 0xff 0x2d 0x0 0x80 0x0 0xa4 0xa4 0x0 0x0 0xac 0x5 0x0 0x0
1787979036629,0x1 0x8c 0xd 0x53 0xa1 0xb4 0x62 0xd 0x0 0x0 0xd 0x34 0x4e 0x0 0x49 0xe 0xe1 0xd 0x73 0x2a 0x76 0x5 0xa4 0x2 0x0 0x28 0x65 0x1 0x0 0xa 0x0 0x30 0x0 0x0 0x0 0x6 0x0 0xa0 0xa0 0xa0 0xa0 0xa0 0xa0 0xa 0x2 0x9 0x2 0x8 0x2 0x7 0x2 0xa 0x2 0x7 0x2 0xb 0x2 0x9 0x2 0x2a 0x0 0x3 0x85 0x89 0x80 0x84 0x4d 0x80 0x4f 0x80 0xa6 0x82 0xeb 0x7b 0x5b 0x62 0x5e 0x63 0x2c 0x3d 0x52 0x5 0x73 0xe7 0x15 0xee 0x0 0x0 0x0 0x0 0xff 0x2b 0x0 0x80 0x0 0xa4 0xa4 0x0 0x0 0x9f 0x5 0x0 0x0
1787979036853,0x1 0x8c 0xd 0x53 0xa1 0xb4 0x62 0xd 0x0 0x0 0xd 0x30 0x49 0x0 0x6a 0xd 0xd8 0xd 0x73 0x2a 0x71 0x5 0xa4 0x2 0x0 0x28 0x65 0x1 0x0 0x1f 0x0 0x64 0x0 0x0 0x0 0x9 0x0 0xa0 0xa0 0xa0 0xa0 0xa0 0xa0 0xd 0x2 0xb 0x2 0xe 0x2 0xb 0x2 0xe 0x2 0xb 0x2 0xd 0x2 0xb 0x2 0x2a 0x0 0x3 0x86 0x8b 0x80 0x84 0x4d 0x80 0x4f 0x80 0xa6 0x82 0xeb 0x7b 0x5b 0x62 0x5f 0x63 0x2c 0x3d 0x52 0x5 0x73 0xe7 0x15 0xee 0x0 0x0 0x0 0x0 0xff 0x2b 0x0 0x80 0x0 0xa4 0xa4 0x0 0x0 0x9f 0x5 0x0 0x0
1787979037078,0x1 0x89 0xd 0x53 0xa1 0xb4 0x62 0xd 0x0 0x0 0xd 0x33 0x4a 0x0 0xb0 0xd 0xd6 0xd 0x73 0x2a 0x68 0x5 0xa4 0x2 0x0 0x28 0x65 0x1 0x0 0x56 0x0 0x9b 0x0 0x0 0x0 0xb 0x0 0x9f 0x9f 0x9f 0x9f 0x9f 0x9f 0xf 0x2 0xc 0x2 0xf 0x2 0xa 0x2 0xe 0x2 0xb 0x2 0xf 0x2 0xb 0x2 0x2a 0x0 0x3 0x88 0x8b 0x80 0x84 0x4d 0x80 0x4f 0x80 0xa6 0x82 0xeb 0x7b 0x5b 0x62 0x5f 0x63 0x2c 0x3d 0x52 0x5 0x73 0xe7 0x15 0xee 0x0 0x0 0x0 0x0 0xff 0x2b 0x0 0x80 0x0 0xa4 0xa4 0x0 0x0 0xcb 0x5 0x0 0x0
1787979037301,0x1 0x8b 0xd 0x53 0xa1 0xb4 0x62 0xd 0x0 0x0 0xd 0x30 0x48 0x0 0x6d 0xd 0xe6 0xd 0x73 0x29 0x5d 0x5 0xa4 0x2 0x0 0x28 0x65 0x1 0x0 0x83 0x0 0xae 0x0 0x0 0x0 0x39 0x0 0x9f 0x9f 0x9f 0x9f 0x9f 0x9f 0x14 0x2 0x1 0x2 0x16 0x2 0x2 0x2 0x15 0x2 0x0 0x2 0x14 0x2 0xff 0x1 0x2a 0x0 0x3 0x89 0x83 0x80 0x84 0x4d 0x80 0x4f 0x80 0xa6 0x82 0xeb 0x7b 0x5b 0x62 0x5f 0x63 0x2c 0x3c 0x52 0x5 0x73 0xe7 0x15 0xee 0x0 0x0 0x0 0x0 0xff 0x29 0x0 0x80 0x0 0xa4 0xa4 0x0 0x0 0xac 0x5 0x0 0x0
1787979037526,0x1 0x8c 0xd 0x53 0xa1 0xb4 0x62 0xd 0x0 0x0 0xd 0x31 0x49 0x0 0xb1 0xd 0xe3 0xd 0x73 0x29 0x55 0x5 0xa4 0x2 0x0 0x28 0x65 0x1 0x0 0xa5 0x0 0xb1 0x0 0x32 0x0 0x99 0x0 0x9f 0x9f 0x9f 0x9f 0x9f 0x9f 0x14 0x2 0xfc 0x1 0x14 0x2 0xfc 0x1 0x14 0x2 0xfe 0x1 0x14 0x2 0xfc 0x1 0x2a 0x0 0x3 0x89 0x82 0x80 0x84 0x4d 0x80 0x4f 0x80 0xa6 0x82 0xeb 0x7b 0x5a 0x61 0x5f 0x64 0x2c 0x3c 0x52 0x5 0x73 0xe7 0x15 0xee 0x0 0x0 0x0 0x0 0xff 0x29 0x0 0x80 0x0 0xa4 0xa4 0x0 0x0 0x9f 0x5 0x0 0x0
1787979037750,0x1 0x8c 0xd 0x53 0xa1 0xb4 0x62 0xd 0x0 0x0 0xd 0x31 0x4a 0x0 0x6 0xe 0xfc 0xd 0x73 0x29 0x47 0x5 0xa4 0x2 0x0 0x28 0x65 0x1 0x0 0xb0 0x0 0xb1 0x0 0x78 0x0 0xaf 0x0 0x9e 0x9e 0x9e 0x9e 0x9e 0x9e 0x18 0x2 0xfc 0x1 0x15 0x2 0xfd 0x1 0x16 0x2 0xfd 0x1 0x18 0x2 0xfd 0x1 0x2a 0x0 0x3 0x89 0x80 0x80 0x84 0x4d 0x80 0x4f 0x80 0xa6 0x82 0xeb 0x7b 0x5a 0x61 0x5f 0x64 0x2c 0x3c 0x52 0x5 0x73 0xe7 0x15 0xee 0x0 0x0 0x0 0x0 0xff 0x29 0x0 0x80 0x0 0xa4 0xa4 0x0 0x0 0x9f 0x5 0x0 0x0
1787979037973,0x1 0x8a 0xd 0x53 0xa1 0xb4 0x62 0xd 0x0 0x0 0xd 0x2f 0x49 0x0 0x1b 0xe 0x16 0xe 0x73 0x29 0x2d 0x5 0xa4 0x2 0x0 0x28 0x65 0x1 0x0 0xb3 0x0 0xb0 0x0 0x8d 0x0 0xaf 0x0 0x9f 0x9f 0x9f 0x9f 0x9f 0x9f 0x18 0x2 0xfd 0x1 0x1a 0x2 0xfe 0x1 0x17 0x2 0xfb 0x1 0x1a 0x2 0xfe 0x1 0x2a 0x0 0x3 0x89 0x7f 0x80 0x84 0x4d 0x80 0x4f 0x80 0xa6 0x82 0xeb 0x7b 0x5a 0x61 0x60 0x64 0x2c 0x3a 0x52 0x5 0x73 0xe7 0x15 0xee 0x0 0x0 0x0 0x0 0xff 0x27 0x0 0x80 0x0 0xa4 0xa4 0x0 0x0 0xb9 0x5 0x0 0x0
1787979038198,0x1 0x8a 0xd 0x53 0xa1 0xb4 0x62 0xd 0x0 0x0 0xd 0x30 0x47 0x0 0xc0 0xd 0x15 0xe 0x73 0x28 0x2a 0x5 0xa4 0x2 0x0 0x28 0x65 0x1 0x0 0xb4 0x0 0xb0 0x0 0x8f 0x0 0xaf 0x0 0x9f 0x9f 0x9f 0x9f 0x9f 0x9f 0x1a 0x2 0xfd 0x1 0x1b 0x2 0xfc 0x1 0x1b 0x2 0xfc 0x1 0x1a 0x2 0xfb 0x1 0x2a 0x0 0x3 0x89 0x7d 0x80 0x84 0x4d 0x80 0x4f 0x80 0xa6 0x82 0xeb 0x7b 0x5a 0x61 0x60 0x64 0x2c 0x3a 0x52 0x5 0x73 0xe7 0x15 0xee 0x0 0x0 0x0 0x0 0xff 0x27 0x0 0x80 0x0 0xa4 0xa4 0x0 0x0 0xb9 0x5 0x0 0x0
1787979038422,0x1 0x8b 0xd 0x53 0xa1 0xb4 0x62 0xd 0x0 0x0 0xd 0x31 0x4a 0x0 0x8a 0xe 0x31 0xe 0x73 0x28 0x17 0x5 0xa4 0x2 0x0 0x28 0x65 0x1 0x0 0xb5 0x0 0xb0 0x0 0x91 0x0 0xae 0x0 0x9e 0x9e 0x9e 0x9e 0x9e 0x9e 0xe 0x2 0xfb 0x1 0xe 0x2 0xfb 0x1 0xf 0x2 0xf9 0x1 0xe 0x2 0xfb 0x1 0x2b 0x0 0x3 0x80 0x7b 0x80 0x84 0x4d 0x80 0x4f 0x80 0xa6 0x82 0xeb 0x7b 0x58 0x5e 0x60 0x65 0x2c 0x39 0x52 0x5 0x73 0xe7 0x15 0xee 0x0 0x0 0x0 0x0 0xff 0x27 0x0 0x80 0x0 0xa4 0xa4 0x0 0x0 0xac 0x5 0x0 0x0
1787979038646,0x1 0x8c 0xd 0x53 0xa1 0xb4 0x62 0xd 0x0 0x0 0xd 0x30 0x49 0x0 0x5d 0xe 0x39 0xe 0x73 0x27 0x15 0x5 0xa4 0x2 0x0 0x28 0x65 0x1 0x0 0xb4 0x0 0xaf 0x0 0x91 0x0 0xae 0x0 0x9e 0x9e 0x9e 0x9e 0x9e 0x9e 0xe 0x2 0xfa 0x1 0xd 0x2 0xf9 0x1 0xd 0x2 0xf9 0x1 0xd 0x2 0xf9 0x1 0x2b 0x0 0x3 0x7f 0x7a 0x80 0x84 0x4d 0x80 0x4f 0x80 0xa6 0x82 0xeb 0x7b 0x58 0x5e 0x60 0x65 0x2c 0x39 0x52 0x5 0x73 0xe7 0x15 0xee 0x0 0x0 0x0 0x0 0xff 0x25 0x0 0x80 0x0 0xa4 0xa4 0x0 0x0 0x9f 0x5 0x0 0x0
1787979038870,0x1 0x8a 0xd 0x53 0xa1 0xb4 0x62 0xd 0x0 0x0 0xd 0x31 0x4c 0x0 0x1e 0xf 0x76 0xe 0x73 0x27 0x7 0x5 0xa4 0x2 0x0 0x28 0x65 0x1 0x0 0xb3 0x0 0xac 0x0 0x90 0x0 0xae 0x0 0x9e 0x9e 0x9e 0x9e 0x9e 0x9e 0x10 0x2 0xfd 0x1 0x11 0x2 0xfa 0x1 0xf 0x2 0xfa 0x1 0x11 0x2 0xfd 0x1 0x2b 0x0 0x3 0x7d 0x78 0x80 0x84 0x4d 0x80 0x4f 0x80 0xa6 0x82 0xeb 0x7b 0x58 0x5e 0x61 0x65 0x2c 0x39 0x52 0x5 0x73 0xe7 0x15 0xee 0x0 0x0 0x0 0x0 0xff 0x25 0x0 0x80 0x0 0xa4 0xa4 0x0 0x0 0xb9 0x5 0x0 0x0
1787979039093,0x1 0x8a 0xd 0x53 0xa1 0xb4 0x62 0xd 0x0 0x0 0xd 0x31 0x4a 0x0 0xe8 0xe 0x94 0xe 0x73 0x27 0xf7 0x4 0xa4 0x2 0x0 0x28 0x65 0x1 0x0 0xb1 0x0 0xab 0x0 0x8f 0x0 0xac 0x0 0x9d 0x9d 0x9d 0x9d 0x9d 0x9d 0x12 0x2 0xfd 0x1 0x11 0x2 0xfe 0x1 0x12 0x2 0xfe 0x1 0x12 0x2 0xfe 0x1 0x2b 0x0 0x3 0x7c 0x77 0x80 0x84 0x4d 0x80 0x4f 0x80 0xa6 0x82 0xeb 0x7b 0x58 0x5e 0x61 0x65 0x2c 0x38 0x52 0x5 0x73 0xe7 0x15 0xee 0x0 0x0 0x0 0x0 0xff 0x23 0x0 0x80 0x0 0xa4 0xa4 0x0 0x0 0xb9 0x5 0x0 0x0
1787979039334,0x1 0x8b 0xd 0x53 0xa1 0xb4 0x62 0xd 0x0 0x0 0xd 0x30 0x48 0x0 0xad 0xe 0xa2 0xe 0x73 0x26 0xe8 0x4 0xa4 0x2 0x0 0x28 0x65 0x1 0x0 0xb0 0x0 0xa8 0x0 0x8e 0x0 0xab 0x0 0x9d 0x9d 0x9d 0x9d 0x9d 0x9d 0x11 0x2 0xff 0x1 0x13 0x2 0xfe 0x1 0x12 0x2 0xfe 0x1 0x11 0x2 0xfd 0x1 0x2b 0x0 0x3 0x7a 0x75 0x80 0x84 0x4d 0x80 0x4f 0x80 0xa6 0x82 0xeb 0x7b 0x58 0x5e 0x61 0x65 0x2c 0x38 0x52 0x5 0x73 0xe7 0x15 0xee 0x0 0x0 0x0 0x0 0xff 0x23 0x0 0x80 0x0 0xa4 0xa4 0x0 0x0 0xac 0x5 0x0 0x0
1787979039574,0x1 0x8b 0xd 0x53 0xa1 0xb4 0x62 0xd 0x0 0x0 0xd 0x31 0x48 0x0 0xbc 0xe 0xb0 0xe 0x73 0x26 0xe3 0x4 0xa4 0x2 0x0 0x28 0x65 0x1 0x0 0xaf 0x0 0xa5 0x0 0x8d 0x0 0xaa 0x0 0x9d 0x9d 0x9d 0x9d 0x9d 0x9d 0x11 0x2 0xfc 0x1 0xf 0x2 0xfb 0x1 0xf 0x2 0xfc 0x1 0xf 0x2 0xfb 0x1 0x2b 0x0 0x3 0x78 0x73 0x80 0x84 0x4d 0x80 0x4f 0x80 0xa6 0x82 0xeb 0x7b 0x58 0x5e 0x61 0x66 0x2c 0x38 0x52 0x5 0x73 0xe7 0x15 0xee 0x0 0x0 0x0 0x0 0xff 0x23 0x0 0x80 0x0 0xa4 0xa4 0x0 0x0 0xac 0x5 0x0 0x0
1787979039798,0x1 0x8a 0xd 0x53 0xa1 0xb4 0x62 0xe 0x0 0x0 0xd 0x31 0x48 0x0 0xb6 0xe 0xb6 0xe 0x73 0x26 0xe5 0x4 0xa4 0x2 0x0 0x28 0x65 0x1 0x0 0xad 0x0 0xa3 0x0 0x8d 0x0 0xa8 0x0 0x9d 0x9d 0x9d 0x9d 0x9d 0x9d 0xd 0x2 0xf9 0x1 0xe 0x2 0xfa 0x1 0xe 0x2 0xf9 0x1 0xd 0x2 0xf9 0x1 0x2b 0x0 0x3 0x77 0x72 0x80 0x84 0x4d 0x80 0x4f 0x80 0xa6 0x82 0xeb 0x7b 0x58 0x5e 0x61 0x66 0x2c 0x38 0x52 0x5 0x73 0xe7 0x15 0xee 0x0 0x0 0x0 0x0 0xff 0x23 0x0 0x80 0x0 0xa4 0xa4 0x0 0x0 0xb9 0x5 0x0 0x0
1787979040021,0x1 0x8c 0xd 0x53 0xa1 0xb4 0x62 0x16 0x9 0x0 0xd 0x3d 0x5a 0x0 0xa8 0x12 0xf0 0xf 0x73 0x25 0xd3 0x4 0xa4 0x2 0x0 0x28 0x65 0x1 0x0 0xac 0x0 0x99 0x0 0x8c 0x0 0xa7 0x0 0x99 0x99 0x99 0x99 0x99 0x99 0x11 0x2 0x7f 0x2 0xd6 0x2 0xfc 0x1 0x11 0x2 0xfc 0x1 0xd6 0x2 0xba 0x2 0x2a 0x0 0x3 0x75 0x70 0x80 0x84 0x4d 0x80 0x4f 0x80 0xa6 0x82 0xeb 0x7b 0x58 0x5e 0x62 0x66 0x22 0x36 0x48 0x4 0x73 0xe7 0x15 0xee 0x0 0x0 0x0 0x0 0xff 0x21 0x0 0x80 0x0 0xa4 0xa4 0x0 0x8 0x9f 0x5 0x0 0x0
1787979040245,0x1 0x8c 0xd 0x53 0xa1 0xb4 0x62 0x19 0xc 0x0 0xd 0x4c 0x86 0x0 0x66 0x18 0x11 0x19 0x73 0x25 0x7e 0x5 0xa4 0x2 0x0 0x28 0x65 0x1 0x0 0xab 0x0 0x80 0x0 0x8a 0x0 0xa5 0x0 0x79 0x79 0x79 0x79 0x79 0x79 0xea 0x3 0xc3 0x3 0xf0 0x3 0xc2 0x3 0xe7 0x3 0xa6 0x3 0xd1 0x3 0xa6 0x3 0x27 0x0 0x3 0x73 0x6e 0x80 0x84 0x4d 0x80 0x4f 0x80 0xa6 0x82 0xeb 0x7b 0x58 0x5e 0x62 0x66 0xda 0x37 0x0 0x0 0x73 0xe7 0x15 0xee 0x0 0x0 0x0 0x0 0xef 0x5b 0x0 0x80 0x0 0xa4 0xa4 0x0 0x8 0x9f 0x5 0x0 0x0
1787979040469,0x1 0x8a 0xd 0x53 0xa1 0xb4 0x62 0x1a 0xc 0x0 0xd 0x51 0x8d 0x0 0x16 0x19 0xe0 0x18 0x73 0x25 0x9f 0x5 0xa4 0x2 0x0 0x28 0x65 0x1 0x0 0xb7 0x0 0xb3 0x0 0x8e 0x0 0xaa 0x0 0x6e 0x6e 0x6e 0x6e 0x6e 0x6e 0xa3 0x3 0x7c 0x3 0xa3 0x3 0x7c 0x3 0xa0 0x3 0x7a 0x3 0xa3 0x3 0x7c 0x3 0x27 0x0 0x3 0x71 0x6c 0x80 0x84 0x4d 0x80 0x4f 0x80 0xa6 0x82 0xeb 0x7b 0x5a 0x61 0x62 0x65 0xda 0x38 0x0 0x0 0x73 0xe7 0x15 0xee 0x0 0x0 0x0 0x0 0xe7 0x62 0x0 0x80 0x0 0xa4 0xa4 0x0 0x8 0xb9 0x5 0x0 0x0
1787979040692,0x1 0x8a 0xd 0x53 0xa1 0xb4 0x62 0x1a 0xc 0x0 0xd 0x51 0x8f 0x0 0x56 0x19 0x1c 0x19 0x73 0x25 0xa5 0x5 0xa4 0x2 0x0 0x28 0x65 0x1 0x0 0xb3 0x0 0xac 0x0 0x8e 0x0 0xad 0x0 0x6d 0x6d 0x6d 0x6d 0x6d 0x6d 0x91 0x3 0x6b 0x3 0x98 0x3 0x6d 0x3 0x95 0x3 0x69 0x3 0x92 0x3 0x6b 0x3 0x26 0x0 0x3 0x6e 0x69 0x80 0x84 0x4d 0x80 0x4f 0x80 0xa6 0x82 0xeb 0x7b 0x5a 0x61 0x62 0x65 0xda 0x39 0x0 0x0 0x73 0xe7 0x15 0xee 0x0 0x0 0x0 0x0 0xe7 0x65 0x0 0x80 0x0 0xa4 0xa4 0x0 0x8 0xb9 0x5 0x0 0x0
1787979040917,0x1 0x8c 0xd 0x53 0xa1 0xb4 0x62 0xd 0x0 0x0 0xd 0x39 0x61 0x0 0x35 0x11 0x80 0x17 0x73 0x25 0xa3 0x5 0xa4 0x2 0x0 0x28 0x65 0x1 0x0 0xae 0x0 0x9e 0x0 0x8c 0x0 0xaa 0x0 0x6e 0x6e 0x6e 0x6e 0x6e 0x6e 0x80 0x3 0x4f 0x3 0x70 0x3 0x3f 0x3 0x1d 0x3 0xbf 0x2 0xdf 0x2 0xbf 0x2 0x28 0x0 0x3 0x6b 0x67 0x80 0x84 0x4d 0x80 0x4f 0x80 0xa6 0x82 0xeb 0x7b 0x5a 0x61 0x61 0x65 0xda 0x39 0x0 0x0 0x73 0xe7 0x15 0xee 0x0 0x0 0x0 0x0 0xe5 0x65 0x0 0x80 0x0 0xa4 0xa4 0x0 0x0 0x9f 0x5 0x0 0x0
1787979041141,0x1 0x8a 0xd 0x53 0xa1 0xb4 0x62 0xd 0x0 0x0 0xd 0x31 0x49 0x0 0x1b 0xe 0xcf 0xf 0x73 0x25 0x2d 0x5 0xa4 0x2 0x0 0x28 0x65 0x1 0x0 0xad 0x0 0x89 0x0 0x8a 0x0 0xa7 0x0 0x74 0x74 0x74 0x74 0x74 0x74 0xee 0x1 0xd7 0x1 0xe4 0x1 0xd0 0x1 0xfb 0x1 0xde 0x1 0xe4 0x1 0xd0 0x1 0x2a 0x0 0x3 0x69 0x64 0x80 0x84 0x4d 0x80 0x4f 0x80 0xa6 0x82 0xeb 0x7b 0x5a 0x61 0x61 0x65 0x2c 0x3c 0x52 0x5 0x73 0xe7 0x15 0xee 0x0 0x0 0x0 0x0 0xf8 0x27 0x0 0x80 0x0 0xa4 0xa4 0x0 0x0 0xb9 0x5 0x0 0x0
1787979041365,0x1 0x8a 0xd 0x53 0xa1 0xb4 0x62 0xd 0x0 0x0 0xd 0x2f 0x47 0x0 0xd3 0xe 0xea 0xe 0x73 0x25 0xca 0x4 0xa4 0x2 0x0 0x28 0x65 0x1 0x0 0x97 0x0 0x29 0x0 0x89 0x0 0xa5 0x0 0x7e 0x7e 0x7e 0x7e 0x7e 0x7e 0xe1 0x1 0xdf 0x1 0xe3 0x1 0xe0 0x1 0xe4 0x1 0xe1 0x1 0xe4 0x1 0xe1 0x1 0x2b 0x0 0x3 0x68 0x6c 0x80 0x77 0x4d 0x80 0x4f 0x80 0xa6 0x82 0xeb 0x7b 0x5b 0x62 0x61 0x66 0x2c 0x37 0x52 0x5 0x73 0xe7 0x15 0xee 0x0 0x0 0x0 0x0 0xff 0x21 0x0 0x80 0x0 0xa4 0xa4 0x0 0x0 0xb9 0x5 0x0 0x0
1787979041589,0x1 0x89 0xd 0x53 0xa1 0xb4 0x62 0xd 0x0 0x0 0xd 0x30 0x47 0x0 0xca 0xe 0xca 0xe 0x73 0x24 0xcd 0x4 0xa4 0x2 0x0 0x28 0x65 0x1 0x0 0x36 0x0 0x9 0x0 0x86 0x0 0x91 0x0 0x86 0x86 0x86 0x86 0x86 0x86 0xf0 0x1 0xe4 0x1 0xe6 0x1 0xe2 0x1 0xf0 0x1 0xe4 0x1 0xf1 0x1 0xe4 0x1 0x2b 0x0 0x3 0x6e 0x6d 0x78 0x77 0x4d 0x80 0x4f 0x80 0xa6 0x82 0xeb 0x7b 0x5b 0x62 0x61 0x66 0x2c 0x37 0x52 0x5 0x73 0xe7 0x15 0xee 0x0 0x0 0x0 0x0 0xff 0x21 0x0 0x80 0x0 0xa4 0xa4 0x0 0x0 0xcb 0x5 0x0 0x0
1787979041813,0x1 0x8b 0xd 0x53 0xa1 0xb4 0x62 0xd 0x0 0x0 0xd 0x30 0x48 0x0 0x38 0xf 0xe9 0xe 0x73 0x23 0xbb 0x4 0xa4 0x2 0x0 0x28 0x65 0x1 0x0 0x10 0x0 0x7 0x0 0x81 0x0 0x36 0x0 0x8d 0x8d 0x8d 0x8d 0x8d 0x8d 0xfa 0x1 0xee 0x1 0xfd 0x1 0xeb 0x1 0xf9 0x1 0xea 0x1 0xfd 0x1 0xf0 0x1 0x2c 0x0 0x3 0x70 0x6f 0x78 0x77 0x4d 0x80 0x4f 0x80 0xa6 0x82 0xeb 0x7b 0x5b 0x62 0x61 0x66 0x2c 0x36 0x52 0x5 0x73 0xe7 0x15 0xee 0x0 0x0 0x0 0x0 0xff 0x1f 0x0 0x80 0x0 0xa4 0xa4 0x0 0x0 0xac 0x5 0x0 0x0
1787979042037,0x1 0x8b 0xd 0x53 0xa1 0xb4 0x62 0xd 0x0 0x0 0xd 0x30 0x46 0x0 0xfc 0xf 0x53 0xf 0x73 0x22 0x61 0x4 0xa4 0x2 0x0 0x28 0x65 0x1 0x0 0x9 0x0 0x7 0x0 0x51 0x0 0x13 0x0 0xa0 0xa0 0xa0 0xa0 0xa0 0xa0 0xa 0x2 0xfe 0x1 0xd 0x2 0x1 0x2 0x9 0x2 0xfd 0x1 0xe 0x2 0x1 0x2 0x2d 0x0 0x3 0x71 0x70 0x78 0x77 0x4d 0x80 0x4f 0x80 0xa6 0x82 0xeb 0x7b 0x5b 0x62 0x62 0x66 0x2c 0x34 0x52 0x5 0x73 0xe7 0x15 0xee 0x0 0x0 0x0 0x0 0xff 0x1b 0x0 0x80 0x0 0xa4 0xa4 0x0 0x4 0xac 0x5 0x0 0x0
1787979042260,0x1 0x8b 0xd 0x53 0xa1 0xb4 0x62 0xd 0x0 0x0 0xd 0x2e 0x45 0x0 0x22 0x10 0xc8 0xf 0x73 0x21 0x47 0x4 0xa4 0x2 0x0 0x28 0x65 0x1 0x0 0x9 0x0 0x8 0x0 0x19 0x0 0x9 0x0 0xa0 0xa0 0xa0 0xa0 0xa0 0xa0 0x20 0x2 0x11 0x2 0x1f 0x2 0x12 0x2 0x21 0x2 0xf 0x2 0x21 0x2 0x14 0x2 0x2e 0x0 0x3 0x73 0x72 0x78 0x77 0x4d 0x80 0x4f 0x80 0xa6 0x82 0xeb 0x7b 0x5b 0x62 0x62 0x66 0x2c 0x33 0x52 0x5 0x73 0xe7 0x15 0xee 0x0 0x0 0x0 0x0 0xff 0x19 0x0 0x80 0x0 0xa4 0xa4 0x0 0x4 0xac 0x5 0x0 0x0
1787979042485,0x1 0x88 0xd 0x53 0xa1 0xb4 0x62 0xd 0x0 0x0 0xd 0x2c 0x41 0x0 0x0 0x10 0xee 0xf 0x73 0x20 0x10 0x4 0xa4 0x2 0x0 0x28 0x65 0x1 0x0 0xa 0x0 0x8 0x0 0x4 0x0 0x8 0x0 0xb0 0xb0 0xb0 0xb0 0xb0 0xb0 0x28 0x2 0x1b 0x2 0x29 0x2 0x1b 0x2 0x2a 0x2 0x1b 0x2 0x2a 0x2 0x1c 0x2 0x30 0x0 0x3 0x74 0x73 0x78 0x77 0x4d 0x80 0x4f 0x80 0xa6 0x82 0xeb 0x7b 0x5a 0x61 0x62 0x67 0xa8 0x2c 0xce 0x0 0x73 0xe7 0x15 0xee 0x0 0x0 0x0 0x0 0xff 0x17 0x0 0x80 0x0 0xa4 0xa4 0x0 0x4 0xdd 0x5 0x0 0x0
1787979042708,0x1 0x8b 0xd 0x53 0xa1 0xb4 0x62 0xd 0x0 0x0 0xd 0x29 0x3f 0x0 0x79 0x10 0x33 0x10 0x73 0x1e 0xd3 0x3 0xa4 0x2 0x0 0x28 0x65 0x1 0x0 0xa 0x0 0x9 0x0 0x0 0x0 0x9 0x0 0xae 0xae 0xae 0xae 0xae 0xae 0x35 0x2 0x28 0x2 0x37 0x2 0x2d 0x2 0x32 0x2 0x26 0x2 0x3b 0x2 0x2d 0x2 0x31 0x0 0x3 0x75 0x74 0x78 0x77 0x4d 0x80 0x4f 0x80 0xa6 0x82 0xeb 0x7b 0x5a 0x61 0x62 0x67 0x8 0x2a 0x2e 0x0 0x73 0xe7 0x15 0xee 0x0 0x0 0x0 0x0 0xff 0x14 0x0 0x80 0x0 0xa4 0xa4 0x0 0x4 0xac 0x5 0x0 0x0
1787979042932,0x1 0x8c 0xd 0x53 0xa1 0xb4 0x62 0xd 0x0 0x0 0xd 0x29 0x3b 0x0 0xd5 0xf 0x4a 0x10 0x73 0x1d 0xba 0x3 0xa4 0x2 0x0 0x28 0x65 0x1 0x0 0xb 0x0 0x9 0x0 0x0 0x0 0x9 0x0 0xae 0xae 0xae 0xae 0xae 0xae 0x47 0x2 0x3b 0x2 0x49 0x2 0x38 0x2 0x49 0x2 0x3a 0x2 0x49 0x2 0x3b 0x2 0x32 0x0 0x3 0x77 0x76 0x78 0x77 0x4d 0x80 0x4f 0x80 0xa6 0x82 0xeb 0x7b 0x5a 0x61 0x63 0x67 0xd4 0x27 0xfa 0xfe 0x73 0xe7 0x15 0xee 0x0 0x0 0x0 0x0 0xff 0x11 0x0 0x80 0x0 0xa4 0xa4 0x0 0x4 0x9f 0x5 0x0 0x0
1787979043156,0x1 0x8b 0xd 0x53 0xa1 0xb4 0x62 0xd 0x0 0x0 0xd 0x2a 0x3d 0x0 0xc 0x11 0x65 0x10 0x73 0x1b 0x94 0x3 0xa4 0x2 0x0 0x28 0x65 0x1 0x0 0xd 0x0 0xb 0x0 0x0 0x0 0x9 0x0 0xad 0xad 0xad 0xad 0xad 0xad 0x58 0x2 0x42 0x2 0x51 0x2 0x45 0x2 0x54 0x2 0x47 0x2 0x58 0x2 0x49 0x2 0x33 0x0 0x3 0x78 0x77 0x78 0x77 0x4d 0x80 0x4f 0x80 0xa6 0x82 0xeb 0x7b 0x5a 0x61 0x63 0x67 0x18 0x27 0x3e 0xff 0x73 0xe7 0x15 0xee 0x0 0x0 0x0 0x0 0xff 0x10 0x0 0x80 0x0 0xa4 0xa4 0x0 0x4 0xac 0x5 0x0 0x0
1787979043381,0x1 0x89 0xd 0x53 0xa1 0xb4 0x62 0xd 0x0 0x0 0xd 0x27 0x38 0x0 0x3c 0x10 0x7f 0x10 0x73 0x19 0x73 0x3 0xa4 0x2 0x0 0x28 0x65 0x1 0x0 0x10 0x0 0xc 0x0 0x0 0x0 0xa 0x0 0xab 0xab 0xab 0xab 0xab 0xab 0x65 0x2 0x56 0x2 0x67 0x2 0x5b 0x2 0x68 0x2 0x54 0x2 0x68 0x2 0x59 0x2 0x33 0x0 0x3 0x79 0x78 0x78 0x77 0x4d 0x80 0x4f 0x80 0xa6 0x82 0xeb 0x7b 0x5b 0x62 0x63 0x68 0xd0 0x26 0xf6 0xfe 0x73 0xe7 0x15 0xee 0x0 0x0 0x0 0x0 0xff 0xe 0x0 0x80 0x0 0xa4 0xa4 0x0 0x4 0xcb 0x5 0x0 0x0
1787979043604,0x1 0x8a 0xd 0x53 0xa1 0xb4 0x62 0xd 0x0 0x0 0xd 0x28 0x3c 0x0 0x1d 0x12 0xe1 0x10 0x73 0x17 0x50 0x3 0xa4 0x2 0x0 0x28 0x65 0x1 0x0 0x15 0x0 0xd 0x0 0x0 0x0 0xc 0x0 0xa9 0xa9 0xa9 0xa9 0xa9 0xa9 0x7b 0x2 0x6d 0x2 0x7f 0x2 0x64 0x2 0x76 0x2 0x6a 0x2 0x7f 0x2 0x70 0x2 0x33 0x0 0x3 0x7b 0x7a 0x78 0x77 0x4d 0x80 0x4f 0x80 0xa6 0x82 0xeb 0x7b 0x5b 0x62 0x63 0x68 0xda 0x27 0x0 0x0 0x73 0xe7 0x15 0xee 0x0 0x0 0x0 0x0 0xf7 0xd 0x0 0x80 0x0 0xa4 0xa4 0x0 0x4 0xb9 0x5 0x0 0x0
1787979043827,0x1 0x8b 0xd 0x53 0xa1 0xb4 0x62 0xd 0x0 0x0 0xd 0x29 0x3b 0x0 0x4f 0x12 0x4d 0x11 0x73 0x16 0x39 0x3 0xa4 0x2 0x0 0x28 0x65 0x1 0x0 0x15 0x0 0xe 0x0 0x0 0x0 0xd 0x0 0xa9 0xa9 0xa9 0xa9 0xa9 0xa9 0x89 0x2 0x7d 0x2 0x90 0x2 0x83 0x2 0x95 0x2 0x87 0x2 0x97 0x2 0x87 0x2 0x33 0x0 0x3 0x7c 0x7b 0x78 0x77 0x4d 0x80 0x4f 0x80 0xa6 0x82 0xeb 0x7b 0x5b 0x62 0x64 0x68 0xda 0x27 0x0 0x0 0x73 0xe7 0x15 0xee 0x0 0x0 0x0 0x0 0xed 0xd 0x0 0x80 0x0 0xa4 0xa4 0x0 0x4 0xac 0x5 0x0 0x0
1787979044052,0x1 0x8a 0xd 0x53 0xa1 0xb3 0x63 0xd 0x0 0x0 0xd 0x27 0x3a 0x0 0x42 0x13 0xde 0x11 0x73 0x14 0x3 0x3 0xa4 0x2 0x0 0x28 0x65 0x1 0x0 0x15 0x0 0xe 0x0 0x0 0x0 0xe 0x0 0xa9 0xa9 0xa9 0xa9 0xa9 0xa9 0xaf 0x2 0xa4 0x2 0xb9 0x2 0x94 0x2 0xa8 0x2 0x9c 0x2 0xb9 0x2 0xa9 0x2 0x33 0x0 0x3 0x7d 0x7c 0x78 0x77 0x4d 0x80 0x4f 0x80 0xa6 0x82 0xeb 0x7b 0x5b 0x62 0x64 0x68 0xda 0x27 0x0 0x0 0x73 0xe7 0x15 0xee 0x0 0x0 0x0 0x0 0xe5 0xd 0x0 0x80 0x0 0xa4 0xa4 0x0 0x4 0xb9 0x5 0x0 0x0
1787979044275,0x1 0x89 0xd 0x53 0xa1 0xb3 0x63 0xd 0x0 0x0 0xd 0x27 0x3a 0x0 0x50 0x14 0x9a 0x12 0x73 0x12 0xdb 0x2 0xa4 0x2 0x0 0x28 0x65 0x1 0x0 0x18 0x0 0xe 0x0 0x0 0x0 0xe 0x0 0xa7 0xa7 0xa7 0xa7 0xa7 0xa7 0xcc 0x2 0xbf 0x2 0xd3 0x2 0xc8 0x2 0xdd 0x2 0xb7 0x2 0xdd 0x2 0xcd 0x2 0x33 0x0 0x3 0x7f 0x7d 0x78 0x77 0x4d 0x80 0x4f 0x80 0xa6 0x82 0xeb 0x7b 0x5b 0x62 0x64 0x68 0xda 0x27 0x0 0x0 0x73 0xe7 0x15 0xee 0x0 0x0 0x0 0x0 0xd7 0xc 0x0 0x80 0x0 0xa4 0xa4 0x0 0x4 0xcb 0x5 0x0 0x0
1787979044500,0x1 0x8a 0xd 0x53 0xa1 0xb3 0x63 0xd 0x0 0x0 0xd 0x28 0x3a 0x0 0xd3 0x14 0x52 0x13 0x73 0x10 0xc9 0x2 0xa4 0x2 0x0 0x28 0x65 0x1 0x0 0x34 0x0 0x10 0x0 0x1 0x0 0xf 0x0 0xa5 0xa5 0xa5 0xa5 0xa5 0xa5 0xf6 0x2 0xe7 0x2 0xe9 0x2 0xdc 0x2 0xf1 0x2 0xe1 0x2 0xf8 0x2 0xe7 0x2 0x32 0x0 0x3 0x80 0x7f 0x78 0x77 0x4d 0x80 0x4f 0x80 0xa6 0x82 0xeb 0x7b 0x5d 0x64 0x64 0x69 0xda 0x27 0x0 0x0 0x73 0xe7 0x15 0xee 0x0 0x0 0x0 0x0 0xc3 0xc 0x0 0x80 0x0 0xa4 0xa4 0x0 0x4 0xb9 0x5 0x0 0x0
1787979044723,0x1 0x8b 0xd 0x53 0xa1 0xb3 0x63 0xd 0x0 0x0 0xd 0x26 0x38 0x0 0x73 0x14 0xcb 0x13 0x73 0xe 0xbd 0x2 0xa4 0x2 0x0 0x28 0x65 0x1 0x0 0x78 0x0 0x10 0x0 0x3 0x0 0xf 0x0 0xa3 0xa3 0xa3 0xa3 0xa3 0xa3 0x6 0x3 0xf7 0x2 0xa 0x3 0xed 0x2 0x0 0x3 0xf3 0x2 0xa 0x3 0xf8 0x2 0x32 0x0 0x3 0x79 0x80 0x74 0x77 0x4d 0x80 0x4f 0x80 0xa6 0x82 0xeb 0x7b 0x5d 0x64 0x64 0x69 0xda 0x27 0x0 0x0 0x73 0xe7 0x15 0xee 0x0 0x0 0x0 0x0 0xaf 0xc 0x0 0x80 0x0 0xa4 0xa4 0x0 0x4 0xac 0x5 0x0 0x0
1787979044947,0x1 0x8a 0xd 0x53 0xa1 0xb3 0x63 0xd 0x0 0x0 0xd 0x26 0x38 0x0 0x6c 0x14 0xa 0x14 0x73 0xd 0xbe 0x2 0xa4 0x2 0x0 0x28 0x65 0x3 0x0 0x92 0x0 0x11 0x0 0x4 0x0 0x11 0x0 0xa4 0xa4 0xa4 0xa4 0xa4 0xa4 0xf8 0x2 0x0 0x3 0xfa 0x2 0x2 0x3 0xfa 0x2 0xfe 0x2 0xfa 0x2 0x3 0x3 0x32 0x0 0x3 0x78 0x81 0x74 0x77 0x4d 0x80 0x4f 0x80 0xa6 0x82 0xeb 0x7b 0x5d 0x64 0x65 0x69 0xda 0x27 0x0 0x0 0x73 0xe7 0x15 0xee 0x0 0x0 0x0 0x0 0x97 0xc 0x0 0x80 0x0 0xa4 0xa4 0x0 0x4 0xb9 0x5 0x0 0x0
1787979045171,0x1 0x89 0xd 0x53 0xa1 0xb3 0x63 0xd 0x0 0x0 0xd 0x26 0x38 0x0 0x65 0x14 0x3c 0x14 0x73 0xb 0xbf 0x2 0xa4 0x2 0x0 0x28 0x65 0x3 0x0 0x9a 0x0 0x11 0x0 0x6 0x0 0x11 0x0 0xa4 0xa4 0xa4 0xa4 0xa4 0xa4 0xfc 0x2 0x8 0x3 0xfd 0x2 0xb 0x3 0xfd 0x2 0xb 0x3 0xfc 0x2 0xc 0x3 0x32 0x0 0x3 0x77 0x83 0x74 0x77 0x4d 0x80 0x4f 0x80 0xa6 0x82 0xeb 0x7b 0x5d 0x64 0x65 0x69 0xda 0x27 0x0 0x0 0x73 0xe7 0x15 0xee 0x0 0x0 0x0 0x0 0xb5 0xc 0x0 0x80 0x0 0xa4 0xa4 0x0 0x4 0xcb 0x5 0x0 0x0
1787979045395,0x1 0x89 0xd 0x53 0xa1 0xb3 0x63 0xd 0x0 0x0 0xd 0x26 0x37 0x0 0xf3 0x12 0xb 0x14 0x73 0x9 0xe7 0x2 0xa4 0x2 0x0 0x28 0x65 0x3 0x0 0x83 0x0 0x11 0x0 0x7 0x0 0x12 0x0 0xa8 0xa8 0xa8 0xa8 0xa8 0xa8 0xf1 0x2 0x5 0x3 0xeb 0x2 0xc 0x3 0xf6 0x2 0x9 0x3 0xeb 0x2 0x1 0x3 0x32 0x0 0x3 0x75 0x84 0x74 0x77 0x4d 0x80 0x4f 0x80 0xa6 0x82 0xeb 0x7b 0x5d 0x64 0x65 0x6a 0xda 0x27 0x0 0x0 0x73 0xe7 0x15 0xee 0x0 0x0 0x0 0x0 0xe6 0xc 0x0 0x80 0x0 0xa4 0xa4 0x0 0x4 0xcb 0x5 0x0 0x0
1787979045619,0x1 0x8b 0xd 0x53 0xa1 0xb3 0x63 0xd 0x0 0x0 0xd 0x28 0x3a 0x0 0x89 0x12 0xa4 0x13 0x73 0x8 0x21 0x3 0xa4 0x2 0x0 0x28 0x65 0x3 0x0 0x18 0x0 0x10 0x0 0x8 0x0 0x11 0x0 0xab 0xab 0xab 0xab 0xab 0xab 0xf3 0x2 0xf7 0x2 0xef 0x2 0xf2 0x2 0xec 0x2 0xed 0x2 0xe8 0x2 0xed 0x2 0x32 0x0 0x3 0x7e 0x85 0x7b 0x77 0x4d 0x80 0x4f 0x80 0xa6 0x82 0xeb 0x7b 0x5d 0x64 0x65 0x6a 0xd0 0x26 0xf6 0xfe 0x73 0xe7 0x15 0xee 0x0 0x0 0x0 0x0 0xe2 0xe 0x0 0x80 0x0 0xa4 0xa4 0x0 0x4 0xac 0x5 0x0 0x0
1787979045843,0x1 0x8b 0xd 0x53 0xa1 0xb3 0x63 0xd 0x0 0x0 0xd 0x26 0x39 0x0 0xd4 0x12 0x3d 0x13 0x73 0x7 0x7 0x3 0xa4 0x2 0x0 0x28 0x65 0x1 0x0 0x10 0x0 0x11 0x0 0x8 0x0 0x10 0x0 0xa9 0xa9 0xa9 0xa9 0xa9 0xa9 0xe3 0x2 0xe8 0x2 0xe4 0x2 0xe7 0x2 0xe3 0x2 0xe7 0x2 0xe4 0x2 0xe9 0x2 0x32 0x0 0x3 0x7f 0x87 0x7b 0x77 0x4d 0x80 0x4f 0x80 0xa6 0x82 0xeb 0x7b 0x5d 0x64 0x66 0x6a 0xda 0x27 0x0 0x0 0x73 0xe7 0x15 0xee 0x0 0x0 0x0 0x0 0xc5 0xe 0x0 0x80 0x0 0xa4 0xa4 0x0 0x4 0xac 0x5 0x0 0x0
1787979046067,0x1 0x8a 0xd 0x53 0xa1 0xb3 0x63 0xd 0x0 0x0 0xd 0x27 0x39 0x0 0x20 0x14 0x6a 0x13 0x73 0x6 0xd5 0x2 0xa4 0x2 0x0 0x28 0x65 0x1 0x0 0x11 0x0 0x18 0x0 0x3 0x0 0x11 0x0 0xa6 0xa6 0xa6 0xa6 0xa6 0xa6 0xed 0x2 0xf4 0x2 0xf1 0x2 0xfa 0x2 0xf8 0x2 0xef 0x2 0xf8 0x2 0xfc 0x2 0x32 0x0 0x3 0x80 0x88 0x7b 0x77 0x4d 0x80 0x4f 0x80 0xa6 0x82 0xeb 0x7b 0x5d 0x64 0x66 0x6a 0xda 0x27 0x0 0x0 0x73 0xe7 0x15 0xee 0x0 0x0 0x0 0x0 0xbb 0xc 0x0 0x80 0x0 0xa4 0xa4 0x0 0x4 0xb9 0x5 0x0 0x0
1787979046291,0x1 0x89 0xd 0x53 0xa1 0xb3 0x63 0xd 0x0 0x0 0xd 0x28 0x3a 0x0 0x0 0x15 0xcc 0x13 0x73 0x5 0xc3 0x2 0xa4 0x2 0x0 0x28 0x65 0x1 0x0 0x21 0x0 0x6c 0x0 0x4 0x0 0x13 0x0 0xa5 0xa5 0xa5 0xa5 0xa5 0xa5 0xb 0x3 0x5 0x3 0x1 0x3 0xa 0x3 0x7 0x3 0x10 0x3 0xb 0x3 0x11 0x3 0x32 0x0 0x3 0x81 0x89 0x7b 0x77 0x4d 0x80 0x4f 0x80 0xa6 0x82 0xeb 0x7b 0x5d 0x64 0x66 0x6a 0xda 0x27 0x0 0x0 0x73 0xe7 0x15 0xee 0x0 0x0 0x0 0x0 0xaa 0xc 0x0 0x80 0x0 0xa4 0xa4 0x0 0x4 0xcb 0x5 0x0 0x0
1787979046515,0x1 0x8b 0xd 0x53 0xa1 0xb3 0x63 0xd 0x0 0x0 0xd 0x27 0x3a 0x0 0x10 0x15 0x1c 0x14 0x73 0x5 0xc1 0x2 0xa4 0x2 0x0 0x28 0x65 0x1 0x0 0x76 0x0 0x9b 0x0 0x6 0x0 0x14 0x0 0xa4 0xa4 0xa4 0xa4 0xa4 0xa4 0x15 0x3 0x18 0x3 0x17 0x3 0x17 0x3 0x12 0x3 0x18 0x3 0x17 0x3 0x1a 0x3 0x32 0x0 0x3 0x7b 0x8a 0x7b 0x77 0x4d 0x80 0x4f 0x80 0xa6 0x82 0xeb 0x7b 0x60 0x67 0x66 0x6b 0xda 0x27 0x0 0x0 0x73 0xe7 0x15 0xee 0x0 0x0 0x0 0x0 0x98 0xc 0x0 0x80 0x0 0xa4 0xa4 0x0 0x4 0xac 0x5 0x0 0x0
1787979046739,0x1 0x8a 0xd 0x53 0xa1 0xb3 0x63 0xd 0x0 0x0 0xd 0x26 0x38 0x0 0x6c 0x14 0x2f 0x14 0x73 0x4 0xbe 0x2 0xa4 0x2 0x0 0x28 0x65 0x1 0x0 0x9c 0x0 0xa9 0x0 0x9 0x0 0x14 0x0 0xa4 0xa4 0xa4 0xa4 0xa4 0xa4 0x4 0x3 0x7 0x3 0x3 0x3 0x7 0x3 0x2 0x3 0x7 0x3 0x2 0x3 0x6 0x3 0x32 0x0 0x3 0x7a 0x81 0x7c 0x76 0x4d 0x80 0x4f 0x80 0xa6 0x82 0xeb 0x7b 0x60 0x67 0x66 0x6b 0xda 0x27 0x0 0x0 0x73 0xe7 0x15 0xee 0x0 0x0 0x0 0x0 0x84 0xc 0x0 0x80 0x0 0xa4 0xa4 0x0 0x4 0xb9 0x5 0x0 0x0
1787979046963,0x1 0x8b 0xd 0x53 0xa1 0xb3 0x63 0xd 0x0 0x0 0xd 0x24 0x36 0x0 0x1f 0x14 0x34 0x14 0x73 0x4 0xaf 0x2 0xa4 0x2 0x0 0x28 0x65 0x1 0x0 0xa1 0x0 0xaa 0x0 0xa 0x0 0x15 0x0 0xa2 0xa2 0xa2 0xa2 0xa2 0xa2 0x3 0x3 0x6 0x3 0x2 0x3 0x6 0x3 0x2 0x3 0x7 0x3 0x3 0x3 0x7 0x3 0x32 0x0 0x3 0x78 0x7f 0x7c 0x76 0x4d 0x80 0x4f 0x80 0xa6 0x82 0xeb 0x7b 0x60 0x67 0x67 0x6b 0xda 0x27 0x0 0x0 0x73 0xe7 0x15 0xee 0x0 0x0 0x0 0x0 0x74 0xc 0x0 0x80 0x0 0xa4 0xa4 0x0 0x4 0xac 0x5 0x0 0x0
1787979047187,0x1 0x89 0xd 0x53 0xa1 0xb3 0x63 0xd 0x0 0x0 0xd 0x24 0x37 0x0 0x6f 0x14 0x5e 0x14 0x73 0x0 0xb1 0x2 0xa4 0x2 0x0 0x28 0x65 0x1 0x0 0x98 0x0 0xa5 0x0 0xb 0x0 0x16 0x0 0xa4 0xa4 0xa4 0xa4 0xa4 0xa4 0x5 0x3 0x7 0x3 0x4 0x3 0x9 0x3 0x4 0x3 0x8 0x3 0x4 0x3 0x7 0x3 0x32 0x0 0x3 0x77 0x7e 0x7c 0x76 0x4d 0x80 0x4f 0x80 0xa6 0x82 0xeb 0x7b 0x60 0x67 0x67 0x6b 0xd4 0x27 0xfe 0xff 0x73 0xe7 0x15 0xee 0x0 0x0 0x0 0x0 0x61 0xc 0x0 0x80 0x0 0xa4 0xa4 0x0 0x4 0xcb 0x5 0x0 0x0
1787979047411,0x1 0x8a 0xd 0x53 0xa1 0xb3 0x63 0xd 0x0 0x0 0xd 0x26 0x39 0x0 0x75 0x15 0xfe 0x14 0x73 0x0 0xa8 0x2 0xa4 0x2 0x0 0x28 0x65 0x1 0x0 0x44 0x0 0x9c 0x0 0xc 0x0 0x17 0x0 0xa1 0xa1 0xa1 0xa1 0xa1 0xa1 0xb 0x3 0x11 0x3 0xf 0x3 0x17 0x3 0x5 0x3 0xd 0x3 0x29 0x3 0x17 0x3 0x32 0x0 0x3 0x7e 0x7d 0x7c 0x76 0x4d 0x80 0x4f 0x80 0xa6 0x82 0xeb 0x7b 0x60 0x67 0x67 0x6c 0xd0 0x27 0xfa 0xff 0x73 0xe7 0x15 0xee 0x0 0x0 0x0 0x0 0x4c 0xc 0x0 0x80 0x0 0xa4 0xa4 0x0 0x4 0xb9 0x5 0x0 0x0
1787979047635,0x1 0x8b 0xd 0x53 0xa1 0xb3 0x63 0xd 0x0 0x0 0xd 0x25 0x37 0x0 0xcc 0x14 0xee 0x14 0x73 0x0 0xa5 0x2 0xa4 0x2 0x0 0x28 0x65 0x1 0x0 0x16 0x0 0x68 0x0 0xd 0x0 0x17 0x0 0xa0 0xa0 0xa0 0xa0 0xa0 0xa0 0x2c 0x3 0x17 0x3 0x2c 0x3 0x15 0x3 0x2c 0x3 0x17 0x3 0x2c 0x3 0x14 0x3 0x32 0x0 0x3 0x82 0x7f 0x80 0x7a 0x4d 0x80 0x4f 0x80 0xa6 0x82 0xeb 0x7b 0x60 0x67 0x67 0x6c 0xd0 0x27 0xfa 0xff 0x73 0xe7 0x15 0xee 0x0 0x0 0x0 0x0 0x38 0xc 0xc3 0x7c 0x0 0xa4 0xa4 0x0 0x4 0xac 0x5 0x0 0x0
1787979047859,0x1 0x8b 0xd 0x53 0xa1 0xb3 0x63 0xd 0x0 0x0 0xd 0x26 0x38 0x0 0x25 0x15 0x12 0x15 0x73 0x0 0xa6 0x2 0xa4 0x2 0x0 0x28 0x65 0x1 0x0 0x10 0x0 0x26 0x0 0xe 0x0 0x18 0x0 0xa1 0xa1 0xa1 0xa1 0xa1 0xa1 0x33 0x3 0x26 0x3 0x31 0x3 0x2d 0x3 0x30 0x3 0x2c 0x3 0x33 0x3 0x2d 0x3 0x32 0x0 0x3 0x84 0x87 0x80 0x86 0x4d 0x80 0x4f 0x80 0xa6 0x82 0xeb 0x7b 0x60 0x67 0x68 0x6c 0xce 0x27 0xf8 0xff 0x73 0xe7 0x15 0xee 0x0 0x0 0x0 0x0 0x24 0xd 0xc3 0x7c 0x0 0xa4 0xa4 0x0 0x4 0xac 0x5 0x0 0x0
1787979048082,0x1 0x89 0xd 0x52 0xa2 0xb3 0x63 0xd 0x0 0x0 0xd 0x25 0x37 0x0 0x60 0x14 0xa2 0x14 0x73 0x0 0xb3 0x2 0xa3 0x2 0x0 0x28 0x65 0x1 0x0 0x10 0x0 0x16 0x0 0xf 0x0 0x18 0x0 0xa4 0xa4 0xa4 0xa4 0xa4 0xa4 0x2b 0x3 0x23 0x3 0x26 0x3 0x2c 0x3 0x2f 0x3 0x27 0x3 0x26 0x3 0x21 0x3 0x32 0x0 0x3 0x85 0x89 0x80 0x86 0x4d 0x80 0x4f 0x80 0xa6 0x82 0xeb 0x7b 0x60 0x67 0x68 0x6c 0xc6 0x27 0xf0 0xff 0x73 0xe7 0x15 0xee 0x0 0x0 0x0 0x0 0x14 0xc 0xc3 0x7c 0x0 0xa4 0xa4 0x0 0x4 0xcb 0x5 0x0 0x0
1787979048306,0x1 0x8a 0xd 0x52 0xa2 0xb3 0x63 0xd 0x0 0x0 0xd 0x25 0x36 0x0 0x45 0x14 0x6f 0x14 0x73 0x0 0xaa 0x2 0xa3 0x2 0x0 0x28 0x65 0x1 0x0 0x12 0x0 0x12 0x0 0x10 0x0 0x19 0x0 0xa2 0xa2 0xa2 0xa2 0xa2 0xa2 0x26 0x3 0x22 0x3 0x26 0x3 0x21 0x3 0x28 0x3 0x22 0x3 0x26 0x3 0x21 0x3 0x32 0x0 0x3 0x86 0x8a 0x80 0x86 0x4d 0x80 0x4f 0x80 0xa6 0x82 0xeb 0x7b 0x60 0x67 0x68 0x6c 0x4b 0x27 0xe8 0xff 0x73 0xe7 0x15 0xee 0x0 0x0 0x0 0x0 0x0 0xc 0xc3 0x7c 0x0 0xa4 0xa4 0x0 0x4 0xb9 0x5 0x0 0x0
1787979048531,0x1 0x8b 0xd 0x52 0xa2 0xb3 0x63 0xd 0x0 0x0 0xd 0x26 0x36 0x0 0xf3 0x13 0x22 0x14 0x73 0x0 0xb5 0x2 0xa3 0x2 0x0 0x28 0x65 0x1 0x0 0x12 0x0 0x10 0x0 0x11 0x0 0x19 0x0 0xa6 0xa6 0xa6 0xa6 0xa6 0xa6 0x22 0x3 0x1b 0x3 0x20 0x3 0x1d 0x3 0x20 0x3 0x1a 0x3 0x20 0x3 0x1a 0x3 0x32 0x0 0x3 0x88 0x8b 0x80 0x86 0x4d 0x80 0x4f 0x80 0xa6 0x82 0xeb 0x7b 0x61 0x68 0x68 0x6d 0x41 0x27 0xde 0xff 0x73 0xe7 0x15 0xee 0x0 0x0 0x0 0x0 0x0 0xc 0xc3 0x7c 0x0 0xa4 0xa4 0x0 0x4 0xac 0x5 0x0 0x0
1787979048755,0x1 0x8b 0xd 0x52 0xa2 0xb3 0x63 0xd 0x0 0x0 0xd 0x24 0x35 0x0 0x94 0x13 0xc8 0x13 0x73 0x0 0xb5 0x2 0xa3 0x2 0x0 0x28 0x65 0x1 0x0 0x12 0x0 0x10 0x0 0x11 0x0 0x18 0x0 0xa6 0xa6 0xa6 0xa6 0xa6 0xa6 0x1a 0x3 0x13 0x3 0x21 0x3 0x1c 0x3 0x1f 0x3 0x16 0x3 0x19 0x3 0x13 0x3 0x32 0x0 0x3 0x89 0x8d 0x80 0x86 0x4d 0x80 0x4f 0x80 0xa6 0x82 0xeb 0x7b 0x61 0x68 0x68 0x6d 0x37 0x27 0xd4 0xff 0x73 0xe7 0x15 0xee 0x0 0x0 0x0 0x0 0x0 0xc 0xc3 0x7c 0x0 0xa4 0xa4 0x0 0x4 0xac 0x5 0x0 0x0
1787979048978,0x1 0x89 0xd 0x52 0xa2 0xb3 0x63 0xd 0x0 0x0 0xd 0x23 0x35 0x0 0x31 0x14 0xdb 0x13 0x73 0x0 0xa0 0x2 0xa3 0x2 0x0 0x28 0x65 0x1 0x0 0x11 0x0 0x10 0x0 0xf 0x0 0x16 0x0 0x9c 0x9c 0x9c 0x9c 0x9c 0x9c 0x1d 0x3 0x18 0x3 0x1e 0x3 0x1f 0x3 0x1b 0x3 0x17 0x3 0x24 0x3 0x1f 0x3 0x32 0x0 0x3 0x8a 0x8e 0x80 0x86 0x4d 0x80 0x4f 0x80 0xa6 0x82 0xeb 0x7b 0x61 0x68 0x68 0x6d 0x33 0x27 0xd0 0xff 0x73 0xe7 0x15 0xee 0x0 0x0 0x0 0x0 0x0 0xc 0xc3 0x7c 0x0 0xa4 0xa4 0x0 0x4 0xcb 0x5 0x0 0x0
1787979049203,0x1 0x89 0xd 0x52 0xa2 0xb3 0x63 0xd 0x0 0x0 0xd 0x25 0x37 0x0 0xad 0x14 0x1b 0x14 0x73 0x0 0xa9 0x2 0xa3 0x2 0x0 0x28 0x65 0x1 0x0 0x11 0x0 0x10 0x0 0xa 0x0 0x15 0x0 0xa2 0xa2 0xa2 0xa2 0xa2 0xa2 0x20 0x3 0x1c 0x3 0x25 0x3 0x23 0x3 0x2c 0x3 0x1b 0x3 0x2c 0x3 0x26 0x3 0x32 0x0 0x3 0x8b 0x8f 0x80 0x86 0x4d 0x80 0x4f 0x80 0xa6 0x82 0xeb 0x7b 0x61 0x68 0x68 0x6d 0x33 0x27 0xd0 0xff 0x73 0xe7 0x15 0xee 0x0 0x0 0x0 0x0 0x0 0xc 0xc3 0x7c 0x0 0xa4 0xa4 0x0 0x4 0xcb 0x5 0x0 0x0
1787979049427,0x1 0x8b 0xd 0x52 0xa2 0xb3 0x63 0xd 0x0 0x0 0xd 0x25 0x36 0x0 0xfa 0x13 0x53 0x14 0x73 0x0 0xb4 0x2 0xa3 0x2 0x0 0x28 0x65 0x1 0x0 0x10 0x0 0x11 0x0 0x7 0x0 0x14 0x0 0xa4 0xa4 0xa4 0xa4 0xa4 0xa4 0x33 0x3 0x30 0x3 0x37 0x3 0x31 0x3 0x36 0x3 0x30 0x3 0x33 0x3 0x2d 0x3 0x32 0x0 0x3 0x8d 0x90 0x80 0x86 0x4d 0x80 0x4f 0x80 0xa6 0x82 0xeb 0x7b 0x61 0x6a 0x68 0x6e 0x2b 0x27 0xc8 0xff 0x73 0xe7 0x15 0xee 0x0 0x0 0x0 0x0 0x0 0xc 0xc3 0x7c 0x0 0xa4 0xa4 0x0 0x4 0xac 0x5 0x0 0x0
1787979049650,0x1 0x8b 0xd 0x52 0xa2 0xb3 0x63 0xd 0x0 0x0 0xd 0x24 0x35 0x0 0x8d 0x13 0xfe 0x13 0x73 0x0 0xb6 0x2 0xa3 0x2 0x0 0x28 0x65 0x1 0x0 0x11 0x0 0x11 0x0 0x5 0x0 0x14 0x0 0xa5 0xa5 0xa5 0xa5 0xa5 0xa5 0x30 0x3 0x2a 0x3 0x2c 0x3 0x2c 0x3 0x32 0x3 0x2d 0x3 0x2c 0x3 0x27 0x3 0x32 0x0 0x3 0x8e 0x92 0x80 0x86 0x4d 0x80 0x4f 0x80 0xa6 0x82 0xeb 0x7b 0x61 0x6a 0x68 0x6e 0x1d 0x27 0xba 0xff 0x73 0xe7 0x15 0xee 0x0 0x0 0x0 0x0 0x0 0xc 0xc3 0x7c 0x0 0xa4 0xa4 0x0 0x4 0xac 0x5 0x0 0x0
1787979049874,0x1 0x8a 0xd 0x52 0xa2 0xb3 0x63 0xd 0x0 0x0 0xd 0x24 0x36 0x0 0x54 0x14 0x1a 0x14 0x73 0x0 0xa8 0x2 0xa3 0x2 0x0 0x28 0x65 0x1 0x0 0x12 0x0 0x14 0x0 0x6 0x0 0x14 0x0 0xa2 0xa2 0xa2 0xa2 0xa2 0xa2 0x2d 0x3 0x29 0x3 0x32 0x3 0x31 0x3 0x2a 0x3 0x26 0x3 0x36 0x3 0x31 0x3 0x32 0x0 0x3 0x8f 0x93 0x80 0x86 0x4d 0x80 0x4f 0x80 0xa6 0x82 0xeb 0x7b 0x61 0x6a 0x69 0x6e 0x13 0x27 0xb0 0xff 0x73 0xe7 0x15 0xee 0x0 0x0 0x0 0x0 0x0 0xc 0xc3 0x7c 0x0 0xa4 0xa4 0x0 0x4 0xb9 0x5 0x0 0x0
1787979050097,0x1 0x89 0xd 0x52 0xa2 0xb3 0x63 0xd 0x0 0x0 0xd 0x24 0x35 0x0 0xc0 0x13 0x12 0x14 0x73 0x0 0xaf 0x2 0xa3 0x2 0x0 0x28 0x65 0x1 0x0 0x16 0x0 0x19 0x0 0x9 0x0 0x15 0x0 0xa4 0xa4 0xa4 0xa4 0xa4 0xa4 0x37 0x3 0x32 0x3 0x38 0x3 0x34 0x3 0x3a 0x3 0x32 0x3 0x38 0x3 0x32 0x3 0x32 0x0 0x3 0x91 0x94 0x80 0x86 0x4d 0x80 0x4f 0x80 0xa6 0x82 0xeb 0x7b 0x61 0x6a 0x69 0x6e 0xd 0x27 0xaa 0xff 0x73 0xe7 0x15 0xee 0x0 0x0 0x0 0x0 0x0 0xc 0xc3 0x7c 0x0 0xa4 0xa4 0x0 0x4 0xcb 0x5 0x0 0x0
1787979050322,0x1 0x8b 0xd 0x52 0xa2 0xb3 0x63 0xd 0x0 0x0 0xd 0x23 0x35 0x0 0xb1 0x13 0xe8 0x13 0x73 0x0 0xb1 0x2 0xa3 0x2 0x0 0x28 0x65 0x1 0x0 0x1b 0x0 0x54 0x0 0xb 0x0 0x16 0x0 0xa4 0xa4 0xa4 0xa4 0xa4 0xa4 0x36 0x3 0x30 0x3 0x37 0x3 0x32 0x3 0x37 0x3 0x33 0x3 0x34 0x3 0x30 0x3 0x32 0x0 0x3 0x92 0x96 0x80 0x86 0x4d 0x80 0x4f 0x80 0xa6 0x82 0xeb 0x7b 0x61 0x6a 0x69 0x6e 0x3 0x27 0xa0 0xff 0x73 0xe7 0x15 0xee 0x0 0x0 0x0 0x0 0x0 0xc 0xc3 0x7c 0x0 0xa4 0xa4 0x0 0x4 0xac 0x5 0x0 0x0
1787979050546,0x1 0x8c 0xd 0x52 0xa2 0xb3 0x63 0xd 0x0 0x0 0xd 0x25 0x36 0x0 0x1f 0x14 0xf1 0x13 0x73 0x0 0xaf 0x2 0xa3 0x2 0x0 0x28 0x65 0x1 0x0 0x3e 0x0 0x75 0x0 0xc 0x0 0x17 0x0 0xa3 0xa3 0xa3 0xa3 0xa3 0xa3 0x38 0x3 0x32 0x3 0x3a 0x3 0x31 0x3 0x38 0x3 0x33 0x3 0x3a 0x3 0x35 0x3 0x32 0x0 0x3 0x93 0x97 0x80 0x86 0x4d 0x80 0x4f 0x80 0xa6 0x82 0xeb 0x7b 0x62 0x6b 0x69 0x6f 0xfb 0x26 0x98 0xff 0x73 0xe7 0x15 0xee 0x0 0x0 0x0 0x0 0x0 0xc 0xc3 0x7c 0x0 0xa4 0xa4 0x0 0x4 0x9f 0x5 0x0 0x0
1787979050770,0x1 0x89 0xd 0x52 0xa2 0xb3 0x63 0xd 0x0 0x0 0xd 0x24 0x35 0x0 0xc0 0x13 0xf6 0x13 0x73 0x0 0xaf 0x2 0xa3 0x2 0x0 0x28 0x65 0x1 0x0 0x6f 0x0 0x8b 0x0 0xe 0x0 0x18 0x0 0xa3 0xa3 0xa3 0xa3 0xa3 0xa3 0x3c 0x3 0x35 0x3 0x3d 0x3 0x22 0x3 0x40 0x3 0x36 0x3 0x40 0x3 0x21 0x3 0x32 0x0 0x3 0x95 0x8f 0x80 0x8b 0x4d 0x80 0x4f 0x80 0xa6 0x82 0xeb 0x7b 0x62 0x6b 0x69 0x6f 0xf1 0x26 0x8e 0xff 0x73 0xe7 0x15 0xee 0x0 0x0 0x0 0x0 0x0 0xc 0xc3 0x7c 0x0 0xa4 0xa4 0x0 0x4 0xcb 0x5 0x0 0x0
1787979050993,0x1 0x89 0xd 0x52 0xa2 0xb3 0x63 0xd 0x0 0x0 0xd 0x24 0x36 0x0 0x1f 0x14 0xe8 0x13 0x73 0x0 0xaf 0x2 0xa3 0x2 0x0 0x28 0x65 0x1 0x0 0x8a 0x0 0x9c 0x0 0xf 0x0 0x19 0x0 0xa4 0xa4 0xa4 0xa4 0xa4 0xa4 0x26 0x3 0x1a 0x3 0x26 0x3 0x1b 0x3 0x24 0x3 0x1a 0x3 0x26 0x3 0x1c 0x3 0x32 0x0 0x3 0x8c 0x8d 0x87 0x8b 0x4d 0x80 0x4f 0x80 0xa6 0x82 0xeb 0x7b 0x62 0x6b 0x69 0x6f 0xeb 0x26 0x88 0xff 0x73 0xe7 0x15 0xee 0x0 0x0 0x0 0x0 0x0 0xc 0xc3 0x7c 0x0 0xa4 0xa4 0x0 0x4 0xcb 0x5 0x0 0x0
1787979051218,0x1 0x8b 0xd 0x52 0xa2 0xb3 0x63 0xd 0x0 0x0 0xd 0x25 0x36 0x0 0x36 0x14 0x54 0x14 0x73 0x0 0xac 0x2 0xa3 0x2 0x0 0x28 0x65 0x1 0x0 0x9f 0x0 0xa2 0x0 0x10 0x0 0x1a 0x0 0xa3 0xa3 0xa3 0xa3 0xa3 0xa3 0x31 0x3 0x25 0x3 0x29 0x3 0x20 0x3 0x2e 0x3 0x25 0x3 0x30 0x3 0x25 0x3 0x32 0x0 0x3 0x8a 0x8c 0x87 0x8b 0x4d 0x80 0x4f 0x80 0xa6 0x82 0xeb 0x7b 0x62 0x6b 0x69 0x6f 0xe3 0x26 0x80 0xff 0x73 0xe7 0x15 0xee 0x0 0x0 0x0 0x0 0x0 0xc 0xc3 0x7c 0x0 0xa4 0xa4 0x0 0x4 0xac 0x5 0x0 0x0
1787979051442,0x1 0x8c 0xd 0x52 0xa2 0xb3 0x63 0xd 0x0 0x0 0xd 0x24 0x36 0x0 0x2e 0x14 0x38 0x14 0x73 0x0 0xad 0x2 0xa3 0x2 0x0 0x28 0x65 0x1 0x0 0xa5 0x0 0xa0 0x0 0x12 0x0 0x1a 0x0 0xa3 0xa3 0xa3 0xa3 0xa3 0xa3 0x28 0x3 0x1e 0x3 0x28 0x3 0x1d 0x3 0x2e 0x3 0x1f 0x3 0x29 0x3 0x1d 0x3 0x32 0x0 0x3 0x89 0x8b 0x87 0x8b 0x4d 0x80 0x4f 0x80 0xa6 0x82 0xeb 0x7b 0x62 0x6b 0x69 0x70 0xdb 0x26 0x78 0xff 0x73 0xe7 0x15 0xee 0x0 0x0 0x0 0x0 0x0 0xc 0xc3 0x7c 0x0 0xa4 0xa4 0x0 0x4 0x9f 0x5 0x0 0x0
1787979051666,0x1 0x8a 0xd 0x52 0xa2 0xb3 0x63 0xd 0x0 0x0 0xd 0x25 0x36 0x0 0x18 0x14 0xfa 0x13 0x73 0x0 0xb0 0x2 0xa3 0x2 0x0 0x28 0x65 0x1 0x0 0xa5 0x0 0x9d 0x0 0x13 0x0 0x1a 0x0 0xa4 0xa4 0xa4 0xa4 0xa4 0xa4 0x20 0x3 0x11 0x3 0x1b 0x3 0x11 0x3 0x1b 0x3 0x12 0x3 0x1d 0x3 0x12 0x3 0x32 0x0 0x3 0x88 0x89 0x87 0x8b 0x4d 0x80 0x4f 0x80 0xa6 0x82 0xeb 0x7b 0x62 0x6b 0x69 0x70 0xcf 0x26 0x6c 0xff 0x73 0xe7 0x15 0xee 0x0 0x0 0x0 0x0 0x0 0xc 0xc3 0x7c 0x0 0xa4 0xa4 0x0 0x4 0xb9 0x5 0x0 0x0
1787979051890,0x1 0x89 0xd 0x52 0xa2 0xb3 0x63 0xd 0x0 0x0 0xd 0x24 0x36 0x0 0x83 0x14 0x5f 0x14 0x73 0x0 0xa2 0x2 0xa3 0x2 0x0 0x28 0x65 0x1 0x0 0xa0 0x0 0x94 0x0 0x14 0x0 0x1b 0x0 0x9f 0x9f 0x9f 0x9f 0x9f 0x9f 0x27 0x3 0x1d 0x3 0x21 0x3 0x1a 0x3 0x26 0x3 0x1c 0x3 0x28 0x3 0x1d 0x3 0x32 0x0 0x3 0x86 0x88 0x87 0x8b 0x4d 0x80 0x4f 0x80 0xa6 0x82 0xeb 0x7b 0x62 0x6b 0x69 0x70 0xd1 0x26 0x6e 0xff 0x73 0xe7 0x15 0xee 0x0 0x0 0x0 0x0 0x0 0xc 0xc3 0x7c 0x0 0xa4 0xa4 0x0 0x4 0xcb 0x5 0x0 0x0
1787979052113,0x1 0x8b 0xd 0x52 0xa2 0xb3 0x63 0xd 0x0 0x0 0xd 0x24 0x35 0x0 0xfb 0x13 0x4 0x14 0x73 0x0 0xa7 0x2 0xa3 0x2 0x0 0x28 0x65 0x1 0x0 0x96 0x0 0x67 0x0 0x15 0x0 0x1b 0x0 0xa1 0xa1 0xa1 0xa1 0xa1 0xa1 0x1b 0x3 0xf 0x3 0x18 0x3 0x1c 0x3 0x25 0x3 0x15 0x3 0x18 0x3 0xe 0x3 0x32 0x0 0x3 0x85 0x87 0x87 0x8b 0x4d 0x80 0x4f 0x80 0xa6 0x82 0xeb 0x7b 0x62 0x6b 0x69 0x70 0xd5 0x26 0x72 0xff 0x73 0xe7 0x15 0xee 0x0 0x0 0x0 0x0 0x0 0xc 0xc3 0x7c 0x0 0xa4 0xa4 0x0 0x4 0xac 0x5 0x0 0x0
1787979052338,0x1 0x8b 0xd 0x52 0xa2 0xb3 0x63 0xd 0x0 0x0 0xd 0x24 0x35 0x0 0xde 0x13 0xec 0x13 0x73 0x0 0xab 0x2 0xa3 0x2 0x0 0x28 0x65 0x1 0x0 0x7f 0x0 0x38 0x0 0x16 0x0 0x1c 0x0 0xa2 0xa2 0xa2 0xa2 0xa2 0xa2 0x17 0x3 0x21 0x3 0x13 0x3 0x1f 0x3 0x13 0x3 0xf 0x3 0x13 0x3 0x21 0x3 0x32 0x0 0x3 0x84 0x8f 0x87 0x8f 0x4d 0x80 0x4f 0x80 0xa6 0x82 0xeb 0x7b 0x62 0x6b 0x69 0x71 0xcf 0x26 0x6c 0xff 0x73 0xe7 0x15 0xee 0x0 0x0 0x0 0x0 0x0 0xc 0xc3 0x7c 0x0 0xa4 0xa4 0x0 0x4 0xac 0x5 0x0 0x0
1787979052562,0x1 0x8b 0xd 0x52 0xa2 0xb3 0x63 0xd 0x0 0x0 0xd 0x24 0x35 0x0 0xb 0x14 0x34 0x14 0x73 0x0 0xa5 0x2 0xa3 0x2 0x0 0x28 0x65 0x1 0x0 0x32 0x0 0x24 0x0 0x17 0x0 0x1c 0x0 0xa1 0xa1 0xa1 0xa1 0xa1 0xa1 0x17 0x3 0x25 0x3 0x17 0x3 0x2c 0x3 0x32 0x3 0x2e 0x3 0x31 0x3 0x2e 0x3 0x32 0x0 0x3 0x8c 0x90 0x8c 0x8f 0x4d 0x80 0x4f 0x80 0xa6 0x82 0xeb 0x7b 0x62 0x6b 0x69 0x71 0xcf 0x26 0x6c 0xff 0x73 0xe7 0x15 0xee 0x0 0x0 0x0 0x0 0x0 0xc 0xc3 0x7c 0x0 0xa4 0xa4 0x0 0x4 0xac 0x5 0x0 0x0
1787979052786,0x1 0x89 0xd 0x52 0xa2 0xb3 0x63 0xd 0x0 0x0 0xd 0x25 0x37 0x0 0x77 0x14 0x2d 0x14 0x73 0x0 0xb0 0x2 0xa3 0x2 0x0 0x28 0x65 0x1 0x0 0x1b 0x0 0x19 0x0 0x17 0x0 0x1d 0x0 0xa4 0xa4 0xa4 0xa4 0xa4 0xa4 0x2f 0x3 0x2f 0x3 0x32 0x3 0x30 0x3 0x33 0x3 0x2e 0x3 0x32 0x3 0x2f 0x3 0x32 0x0 0x3 0x8d 0x92 0x8c 0x8f 0x4d 0x80 0x4f 0x80 0xa6 0x82 0xeb 0x7b 0x62 0x6b 0x69 0x71 0xc9 0x26 0x66 0xff 0x73 0xe7 0x15 0xee 0x0 0x0 0x0 0x0 0x0 0xc 0xc3 0x7c 0x0 0xa4 0xa4 0x0 0x4 0xcb 0x5 0x0 0x0
1787979053010,0x1 0x8a 0xd 0x52 0xa2 0xb3 0x63 0xd 0x0 0x0 0xd 0x23 0x35 0x0 0xaa 0x13 0xf0 0x13 0x73 0x0 0xb2 0x2 0xa3 0x2 0x0 0x28 0x65 0x1 0x0 0x15 0x0 0x1b 0x0 0x18 0x0 0x1d 0x0 0xa4 0xa4 0xa4 0xa4 0xa4 0xa4 0x2e 0x3 0x29 0x3 0x2c 0x3 0x28 0x3 0x32 0x3 0x2d 0x3 0x2c 0x3 0x28 0x3 0x32 0x0 0x3 0x8e 0x93 0x8c 0x8f 0x4d 0x80 0x4f 0x80 0xa6 0x82 0xeb 0x7b 0x62 0x6b 0x68 0x71 0xbd 0x26 0x5a 0xff 0x73 0xe7 0x15 0xee 0x0 0x0 0x0 0x0 0x0 0xc 0xc3 0x7c 0x0 0xa4 0xa4 0x0 0x4 0xb9 0x5 0x0 0x0
1787979053234,0x1 0x8b 0xd 0x52 0xa2 0xb3 0x63 0xd 0x0 0x0 0xd 0x25 0x36 0x0 0x45 0x14 0x2d 0x14 0x73 0x0 0xaa 0x2 0xa3 0x2 0x0 0x28 0x65 0x1 0x0 0x16 0x0 0x31 0x0 0x19 0x0 0x1d 0x0 0xa3 0xa3 0xa3 0xa3 0xa3 0xa3 0x2f 0x3 0x2d 0x3 0x35 0x3 0x34 0x3 0x39 0x3 0x29 0x3 0x39 0x3 0x36 0x3 0x32 0x0 0x3 0x90 0x94 0x8c 0x8f 0x4d 0x80 0x4f 0x80 0xa6 0x82 0xeb 0x7b 0x62 0x6b 0x68 0x71 0xb7 0x26 0x54 0xff 0x73 0xe7 0x15 0xee 0x0 0x0 0x0 0x0 0x0 0xc 0xc3 0x7c 0x0 0xa4 0xa4 0x0 0x4 0xac 0x5 0x0 0x0
1787979053457,0x1 0x8b 0xd 0x52 0xa2 0xb3 0x63 0xd 0x0 0x0 0xd 0x24 0x35 0x0 0xb1 0x13 0x2e 0x14 0x73 0x0 0xb1 0x2 0xa3 0x2 0x0 0x28 0x65 0x1 0x0 0x18 0x0 0x70 0x0 0x19 0x0 0x1d 0x0 0xa4 0xa4 0xa4 0xa4 0xa4 0xa4 0x3b 0x3 0x35 0x3 0x3a 0x3 0x38 0x3 0x3d 0x3 0x3b 0x3 0x3b 0x3 0x37 0x3 0x32 0x0 0x3 0x91 0x95 0x8c 0x8f 0x4d 0x80 0x4f 0x80 0xa6 0x82 0xeb 0x7b 0x62 0x6b 0x68 0x72 0xb1 0x26 0x4e 0xff 0x73 0xe7 0x15 0xee 0x0 0x0 0x0 0x0 0x0 0xc 0xc3 0x7c 0x0 0xa4 0xa4 0x0 0x4 0xac 0x5 0x0 0x0
1787979053682,0x1 0x89 0xd 0x52 0xa2 0xb3 0x63 0xd 0x0 0x0 0xd 0x24 0x36 0x0 0x10 0x14 0xbb 0x13 0x73 0x0 0xb1 0x2 0xa3 0x2 0x0 0x28 0x65 0x1 0x0 0x24 0x0 0x9e 0x0 0x1a 0x0 0x1e 0x0 0xa4 0xa4 0xa4 0xa4 0xa4 0xa4 0x2d 0x3 0x28 0x3 0x30 0x3 0x33 0x3 0x31 0x3 0x28 0x3 0x30 0x3 0x2a 0x3 0x32 0x0 0x3 0x92 0x96 0x8c 0x8f 0x4d 0x80 0x4f 0x80 0xa6 0x82 0xeb 0x7b 0x62 0x6b 0x68 0x72 0xa7 0x26 0x44 0xff 0x73 0xe7 0x15 0xee 0x0 0x0 0x0 0x0 0x0 0xc 0xc3 0x7c 0x0 0xa4 0xa4 0x0 0x4 0xcb 0x5 0x0 0x0
1787979053905,0x1 0x89 0xd 0x52 0xa2 0xb3 0x63 0xd 0x0 0x0 0xd 0x24 0x35 0x0 0xf4 0x13 0xf5 0x13 0x73 0x0 0xa8 0x2 0xa3 0x2 0x0 0x28 0x65 0x1 0x0 0x7b 0x0 0xa7 0x0 0x1a 0x0 0x1e 0x0 0xa2 0xa2 0xa2 0xa2 0xa2 0xa2 0x36 0x3 0x19 0x3 0x3c 0x3 0x1c 0x3 0x32 0x3 0x17 0x3 0x3d 0x3 0x1c 0x3 0x32 0x0 0x3 0x8c 0x8d 0x8b 0x8e 0x4d 0x80 0x4f 0x80 0xa6 0x82 0xeb 0x7b 0x62 0x6b 0x69 0x72 0xa1 0x26 0x3e 0xff 0x73 0xe7 0x15 0xee 0x0 0x0 0x0 0x0 0x0 0xc 0xc3 0x7c 0x0 0xa4 0xa4 0x0 0x4 0xcb 0x5 0x0 0x0
1787979054129,0x1 0x8b 0xd 0x51 0xa2 0xb3 0x63 0xd 0x0 0x0 0xd 0x24 0x35 0x0 0xde 0x13 0xdd 0x13 0x73 0x0 0xab 0x2 0xa3 0x2 0x0 0x28 0x65 0x1 0x0 0x9d 0x0 0xa9 0x0 0x1c 0x0 0x1e 0x0 0xa3 0xa3 0xa3 0xa3 0xa3 0xa3 0x28 0x3 0x1a 0x3 0x24 0x3 0x17 0x3 0x23 0x3 0x15 0x3 0x21 0x3 0x15 0x3 0x32 0x0 0x3 0x8a 0x8b 0x8b 0x8e 0x4d 0x80 0x4f 0x80 0xa6 0x82 0xeb 0x7b 0x62 0x6b 0x69 0x72 0x9b 0x26 0x38 0xff 0x73 0xe7 0x15 0xee 0x0 0x0 0x0 0x0 0x0 0xc 0xc3 0x7c 0x0 0xa4 0xa4 0x0 0x4 0xac 0x5 0x0 0x0
1787979054353,0x1 0x8c 0xd 0x51 0xa2 0xb3 0x63 0xd 0x0 0x0 0xd 0x24 0x34 0x0 0x7e 0x13 0xca 0x13 0x73 0x0 0xab 0x2 0xa3 0x2 0x0 0x28 0x65 0x1 0x0 0xa4 0x0 0xa4 0x0 0x21 0x0 0x1f 0x0 0xa2 0xa2 0xa2 0xa2 0xa2 0xa2 0x1e 0x3 0x10 0x3 0x24 0x3 0x1b 0x3 0x27 0x3 0x18 0x3 0x1c 0x3 0x10 0x3 0x32 0x0 0x3 0x89 0x8a 0x8b 0x8e 0x4d 0x80 0x4f 0x80 0xa6 0x82 0xeb 0x7b 0x61 0x6a 0x69 0x73 0x99 0x26 0x36 0xff 0x73 0xe7 0x15 0xee 0x0 0x0 0x0 0x0 0x0 0xc 0xc3 0x7c 0x0 0xa4 0xa4 0x0 0x4 0x9f 0x5 0x0 0x0
1787979054577,0x1 0x89 0xd 0x51 0xa2 0xb2 0x63 0xd 0x0 0x0 0xd 0x24 0x36 0x0 0x9a 0x14 0x2d 0x14 0x73 0x0 0x9f 0x2 0xa3 0x2 0x0 0x28 0x65 0x1 0x0 0xa1 0x0 0x9b 0x0 0x2d 0x0 0x1f 0x0 0x9d 0x9d 0x9d 0x9d 0x9d 0x9d 0x21 0x3 0x15 0x3 0x26 0x3 0x12 0x3 0x1e 0x3 0x13 0x3 0x26 0x3 0x19 0x3 0x32 0x0 0x3 0x84 0x85 0x88 0x8b 0x4d 0x80 0x4f 0x80 0xa6 0x82 0xeb 0x7b 0x61 0x6a 0x69 0x73 0x95 0x26 0x32 0xff 0x73 0xe7 0x15 0xee 0x0 0x0 0x0 0x0 0x0 0xc 0x0 0x80 0x0 0xa4 0xa4 0x0 0x4 0xcb 0x5 0x0 0x0
1787979054800,0x1 0x89 0xd 0x51 0xa2 0xb2 0x63 0xd 0x0 0x0 0xd 0x24 0x35 0x0 0xcf 0x13 0x3d 0x14 0x73 0x0 0xad 0x2 0xa3 0x2 0x0 0x28 0x65 0x1 0x0 0x96 0x0 0x70 0x0 0x3d 0x0 0x1f 0x0 0xa4 0xa4 0xa4 0xa4 0xa4 0xa4 0x2a 0x3 0x1c 0x3 0x28 0x3 0x19 0x3 0x23 0x3 0x1d 0x3 0x23 0x3 0x16 0x3 0x32 0x0 0x3 0x83 0x84 0x88 0x8b 0x4d 0x80 0x4f 0x80 0xa6 0x82 0xeb 0x7b 0x61 0x6a 0x69 0x73 0x95 0x26 0x32 0xff 0x73 0xe7 0x15 0xee 0x0 0x0 0x0 0x0 0x0 0xc 0x0 0x80 0x0 0xa4 0xa4 0x0 0x4 0xcb 0x5 0x0 0x0
1787979055024,0x1 0x8c 0xd 0x51 0xa3 0xb3 0x63 0xd 0x0 0x0 0xd 0x24 0x36 0x0 0x18 0x14 0x30 0x14 0x73 0x0 0xb0 0x2 0xa2 0x2 0x0 0x28 0x65 0x1 0x0 0x5a 0x0 0x2e 0x0 0x4b 0x0 0x1f 0x0 0xa4 0xa4 0xa4 0xa4 0xa4 0xa4 0x1f 0x3 0x13 0x3 0x1e 0x3 0x28 0x3 0x1e 0x3 0x29 0x3 0x1d 0x3 0x29 0x3 0x32 0x0 0x3 0x82 0x8c 0x88 0x8b 0x4d 0x80 0x4f 0x80 0xa6 0x82 0xeb 0x7b 0x61 0x6a 0x69 0x73 0x8d 0x26 0x2a 0xff 0x73 0xe7 0x15 0xee 0x0 0x0 0x0 0x0 0x0 0xc 0x0 0x80 0x0 0xa4 0xa4 0x0 0x4 0x9f 0x5 0x0 0x0
1787979055248,0x1 0x8a 0xd 0x51 0xa3 0xb3 0x63 0xd 0x0 0x0 0xd 0x24 0x35 0x0 0xcf 0x13 0xf3 0x13 0x73 0x0 0xad 0x2 0xa2 0x2 0x0 0x28 0x65 0x1 0x0 0x2a 0x0 0x1f 0x0 0x56 0x0 0x20 0x0 0xa4 0xa4 0xa4 0xa4 0xa4 0xa4 0x2d 0x3 0x26 0x3 0x2c 0x3 0x26 0x3 0x2d 0x3 0x25 0x3 0x2c 0x3 0x26 0x3 0x32 0x0 0x3 0x8b 0x8e 0x89 0x8b 0x4d 0x80 0x4f 0x80 0xa6 0x82 0xeb 0x7b 0x61 0x6a 0x69 0x73 0x14 0x26 0x24 0xff 0x73 0xe7 0x15 0xee 0x0 0x0 0x0 0x0 0x0 0xc 0x0 0x80 0x0 0xa4 0xa4 0x0 0x4 0xb9 0x5 0x0 0x0
1787979055472,0x1 0x89 0xd 0x51 0xa2 0xb2 0x63 0xd 0x0 0x0 0xd 0x24 0x35 0x0 0xd6 0x13 0xa 0x14 0x73 0x0 0xac 0x2 0xa3 0x2 0x0 0x28 0x65 0x1 0x0 0x20 0x0 0x1c 0x0 0x61 0x0 0x20 0x0 0xa3 0xa3 0xa3 0xa3 0xa3 0xa3 0x30 0x3 0x2b 0x3 0x34 0x3 0x2d 0x3 0x2d 0x3 0x27 0x3 0x33 0x3 0x2d 0x3 0x32 0x0 0x3 0x8c 0x8f 0x89 0x8b 0x4d 0x80 0x4f 0x80 0xa6 0x82 0xeb 0x7b 0x64 0x6e 0x69 0x74 0xe 0x26 0x1e 0xff 0x73 0xe7 0x15 0xee 0x0 0x0 0x0 0x0 0x0 0xc 0x0 0x80 0x0 0xa4 0xa4 0x0 0x4 0xcb 0x5 0x0 0x0
1787979055696,0x1 0x89 0xd 0x51 0xa2 0xb2 0x63 0xd 0x0 0x0 0xd 0x23 0x35 0x0 0xc7 0x13 0xef 0x13 0x73 0x0 0xae 0x2 0xa3 0x2 0x0 0x28 0x65 0x1 0x0 0x22 0x0 0x2e 0x0 0x6a 0x0 0x20 0x0 0xa4 0xa4 0xa4 0xa4 0xa4 0xa4 0x37 0x3 0x2d 0x3 0x34 0x3 0x2d 0x3 0x33 0x3 0x2d 0x3 0x33 0x3 0x2c 0x3 0x32 0x0 0x3 0x8d 0x90 0x89 0x8b 0x4d 0x80 0x4f 0x80 0xa6 0x82 0xeb 0x7b 0x64 0x6e 0x69 0x74 0x7b 0x26 0x18 0xff 0x73 0xe7 0x15 0xee 0x0 0x0 0x0 0x0 0x0 0xc 0x0 0x80 0x0 0xa4 0xa4 0x0 0x4 0xcb 0x5 0x0 0x0
1787979055920,0x1 0x8b 0xd 0x51 0xa2 0xb2 0x63 0xd 0x0 0x0 0xd 0x24 0x35 0x0 0xb1 0x13 0xbf 0x13 0x73 0x0 0xb1 0x2 0xa3 0x2 0x0 0x28 0x65 0x1 0x0 0x54 0x0 0x75 0x0 0x73 0x0 0x20 0x0 0xa4 0xa4 0xa4 0xa4 0xa4 0xa4 0x30 0x3 0x29 0x3 0x32 0x3 0x2c 0x3 0x34 0x3 0x29 0x3 0x30 0x3 0x29 0x3 0x32 0x0 0x3 0x8f 0x92 0x89 0x8b 0x4d 0x80 0x4f 0x80 0xa6 0x82 0xeb 0x7b 0x64 0x6e 0x69 0x74 0x71 0x26 0xe 0xff 0x73 0xe7 0x15 0xee 0x0 0x0 0x0 0x0 0x0 0xc 0x0 0x80 0x0 0xa4 0xa4 0x0 0x4 0xac 0x5 0x0 0x0
1787979056144,0x1 0x8b 0xd 0x51 0xa3 0xb2 0x63 0xd 0x0 0x0 0xd 0x24 0x36 0x0 0x5c 0x14 0xfa 0x13 0x73 0x0 0xa7 0x2 0xa2 0x2 0x0 0x28 0x65 0x1 0x0 0xa0 0x0 0xa2 0x0 0x7c 0x0 0x21 0x0 0xa2 0xa2 0xa2 0xa2 0xa2 0xa2 0x21 0x3 0x2e 0x3 0x22 0x3 0x2e 0x3 0x21 0x3 0x2f 0x3 0x22 0x3 0x31 0x3 0x32 0x0 0x3 0x86 0x8a 0x88 0x8b 0x4d 0x80 0x4f 0x80 0xa6 0x82 0xeb 0x7b 0x64 0x6e 0x69 0x74 0xf8 0x25 0x8 0xff 0x73 0xe7 0x15 0xee 0x0 0x0 0x0 0x0 0x0 0xc 0x0 0x80 0x0 0xa4 0xa4 0x0 0x4 0xac 0x5 0x0 0x0
1787979056368,0x1 0x8b 0xd 0x51 0xa3 0xb2 0x63 0xd 0x0 0x0 0xd 0x22 0x33 0x0 0x16 0x13 0xa5 0x13 0x73 0x0 0xac 0x2 0xa2 0x2 0x0 0x28 0x65 0x1 0x0 0xa4 0x0 0xa5 0x0 0x85 0x0 0x21 0x0 0xa3 0xa3 0xa3 0xa3 0xa3 0xa3 0x21 0x3 0x17 0x3 0x1b 0x3 0x11 0x3 0x25 0x3 0x1d 0x3 0x16 0x3 0x11 0x3 0x32 0x0 0x3 0x85 0x88 0x88 0x8b 0x4d 0x80 0x4f 0x80 0xa6 0x82 0xeb 0x7b 0x64 0x6e 0x69 0x75 0xf0 0x25 0x0 0xff 0x73 0xe7 0x15 0xee 0x0 0x0 0x0 0x0 0x0 0xc 0x0 0x80 0x0 0xa4 0xa4 0x0 0x4 0xac 0x5 0x0 0x0
1787979056592,0x1 0x88 0xd 0x51 0xa3 0xb2 0x63 0xd 0x0 0x0 0xd 0x23 0x35 0x0 0xde 0x13 0xbd 0x13 0x73 0x0 0xab 0x2 0xa2 0x2 0x0 0x28 0x65 0x1 0x0 0xa3 0x0 0xa6 0x0 0x8d 0x0 0x21 0x0 0xa2 0xa2 0xa2 0xa2 0xa2 0xa2 0xa 0x3 0x4 0x3 0xb 0x3 0xb 0x3 0x15 0x3 0x10 0x3 0x15 0x3 0x10 0x3 0x32 0x0 0x3 0x84 0x87 0x88 0x8b 0x4d 0x80 0x4f 0x80 0xa6 0x82 0xeb 0x7b 0x64 0x6e 0x69 0x75 0xe6 0x25 0xf6 0xfe 0x73 0xe7 0x15 0xee 0x0 0x0 0x0 0x0 0x0 0xc 0x0 0x80 0x0 0xa4 0xa4 0x0 0x4 0xdd 0x5 0x0 0x0
1787979056816,0x1 0x8b 0xd 0x51 0xa3 0xb2 0x63 0xd 0x0 0x0 0xd 0x24 0x35 0x0 0x21 0x14 0x3 0x14 0x73 0x0 0xa2 0x2 0xa2 0x2 0x0 0x28 0x65 0x1 0x0 0x9f 0x0 0x9e 0x0 0x93 0x0 0x21 0x0 0xa0 0xa0 0xa0 0xa0 0xa0 0xa0 0x1a 0x3 0x15 0x3 0x18 0x3 0x14 0x3 0x1b 0x3 0x15 0x3 0x1b 0x3 0x15 0x3 0x32 0x0 0x3 0x82 0x86 0x88 0x8b 0x4d 0x80 0x4f 0x80 0xa6 0x82 0xeb 0x7b 0x64 0x6e 0x69 0x75 0xe6 0x25 0xf6 0xfe 0x73 0xe7 0x15 0xee 0x0 0x0 0x0 0x0 0x0 0xc 0x0 0x80 0x0 0xa4 0xa4 0x0 0x4 0xac 0x5 0x0 0x0
1787979057040,0x1 0x8b 0xd 0x51 0xa3 0xb2 0x63 0xd 0x0 0x0 0xd 0x24 0x35 0x0 0x1a 0x14 0x1a 0x14 0x73 0x0 0xa3 0x2 0xa2 0x2 0x0 0x28 0x65 0x1 0x0 0x93 0x0 0x95 0x0 0x95 0x0 0x22 0x0 0xa0 0xa0 0xa0 0xa0 0xa0 0xa0 0x1d 0x3 0x15 0x3 0x1b 0x3 0x1b 0x3 0x20 0x3 0x19 0x3 0x1b 0x3 0x14 0x3 0x32 0x0 0x3 0x81 0x84 0x88 0x8b 0x4d 0x80 0x4f 0x80 0xa6 0x82 0xeb 0x7b 0x64 0x6e 0x6a 0x75 0xe8 0x25 0xf8 0xfe 0x73 0xe7 0x15 0xee 0x0 0x0 0x0 0x0 0x0 0xc 0x0 0x80 0x0 0xa4 0xa4 0x0 0x4 0xac 0x5 0x0 0x0
1787979057264,0x1 0x8a 0xd 0x51 0xa3 0xb2 0x63 0xd 0x0 0x0 0xd 0x24 0x35 0x0 0xb 0x14 0x1a 0x14 0x73 0x0 0xa5 0x2 0xa2 0x2 0x0 0x28 0x65 0x1 0x0 0x76 0x0 0x83 0x0 0x96 0x0 0x22 0x0 0xa1 0xa1 0xa1 0xa1 0xa1 0xa1 0x17 0x3 0x10 0x3 0x18 0x3 0x12 0x3 0x18 0x3 0x12 0x3 0x18 0x3 0x11 0x3 0x32 0x0 0x3 0x80 0x83 0x88 0x8b 0x4d 0x80 0x4f 0x80 0xa6 0x82 0xeb 0x7b 0x64 0x6e 0x6a 0x75 0xea 0x25 0xfa 0xfe 0x73 0xe7 0x15 0xee 0x0 0x0 0x0 0x0 0x0 0xc 0x0 0x80 0x0 0xa4 0xa4 0x0 0x4 0xb9 0x5 0x0 0x0
1787979057488,0x1 0x89 0xd 0x51 0xa3 0xb2 0x63 0xd 0x0 0x0 0xd 0x24 0x35 0x0 0xb 0x14 0x33 0x14 0x73 0x0 0xa5 0x2 0xa2 0x2 0x0 0x28 0x65 0x1 0x0 0x3c 0x0 0x6f 0x0 0x96 0x0 0x22 0x0 0xa1 0xa1 0xa1 0xa1 0xa1 0xa1 0x14 0x3 0xf 0x3 0x14 0x3 0x11 0x3 0x2f 0x3 0x10 0x3 0x2c 0x3 0x10 0x3 0x32 0x0 0x3 0x87 0x82 0x87 0x8b 0x4d 0x80 0x4f 0x80 0xa6 0x82 0xeb 0x7b 0x66 0x6f 0x6a 0x76 0xec 0x25 0xfc 0xfe 0x73 0xe7 0x15 0xee 0x0 0x0 0x0 0x0 0x0 0xc 0x0 0x80 0x0 0xa4 0xa4 0x0 0x4 0xcb 0x5 0x0 0x0
1787979057712,0x1 0x8a 0xd 0x51 0xa3 0xb2 0x63 0xd 0x0 0x0 0xd 0x24 0x35 0x0 0xde 0x13 0x6 0x14 0x73 0x0 0xab 0x2 0xa2 0x2 0x0 0x28 0x65 0x1 0x0 0x21 0x0 0x34 0x0 0x96 0x0 0x22 0x0 0xa3 0xa3 0xa3 0xa3 0xa3 0xa3 0x2b 0x3 0x1e 0x3 0x2e 0x3 0xe 0x3 0x2e 0x3 0x20 0x3 0x2a 0x3 0x1e 0x3 0x32 0x0 0x3 0x88 0x8a 0x87 0x89 0x4d 0x80 0x4f 0x80 0xa6 0x82 0xeb 0x7b 0x66 0x6f 0x6a 0x76 0xe6 0x25 0xf6 0xfe 0x73 0xe7 0x15 0xee 0x0 0x0 0x0 0x0 0x0 0xc 0x0 0x80 0x0 0xa4 0xa4 0x0 0x4 0xb9 0x5 0x0 0x0
1787979057936,0x1 0x8b 0xd 0x51 0xa3 0xb2 0x63 0xd 0x0 0x0 0xd 0x23 0x34 0x0 0x94 0x13 0xa8 0x13 0x73 0x0 0xa8 0x2 0xa2 0x2 0x0 0x28 0x65 0x1 0x0 0x17 0x0 0x1f 0x0 0x95 0x0 0x23 0x0 0xa2 0xa2 0xa2 0xa2 0xa2 0xa2 0x22 0x3 0x14 0x3 0x23 0x3 0x17 0x3 0x21 0x3 0x15 0x3 0x22 0x3 0x17 0x3 0x32 0x0 0x3 0x8a 0x8b 0x87 0x89 0x4d 0x80 0x4f 0x80 0xa6 0x82 0xeb 0x7b 0x66 0x6f 0x69 0x76 0xe0 0x25 0xf0 0xfe 0x73 0xe7 0x15 0xee 0x0 0x0 0x0 0x0 0x0 0xc 0x0 0x80 0x0 0xa4 0xa4 0x0 0x4 0xac 0x5 0x0 0x0
1787979058160,0x1 0x8b 0xd 0x51 0xa3 0xb2 0x63 0xd 0x0 0x0 0xd 0x24 0x35 0x0 0x12 0x14 0x0 0x14 0x73 0x0 0xa4 0x2 0xa2 0x2 0x0 0x28 0x65 0x1 0x0 0x1a 0x0 0x1a 0x0 0x94 0x0 0x22 0x0 0xa1 0xa1 0xa1 0xa1 0xa1 0xa1 0x27 0x3 0x20 0x3 0x2f 0x3 0x25 0x3 0x32 0x3 0x1b 0x3 0x32 0x3 0x26 0x3 0x32 0x0 0x3 0x8b 0x8c 0x87 0x89 0x4d 0x80 0x4f 0x80 0xa6 0x82 0xeb 0x7b 0x66 0x6f 0x69 0x76 0xde 0x25 0xee 0xfe 0x73 0xe7 0x15 0xee 0x0 0x0 0x0 0x0 0x0 0xc 0x0 0x80 0x0 0xa4 0xa4 0x0 0x4 0xac 0x5 0x0 0x0
1787979058384,0x1 0x89 0xd 0x51 0xa3 0xb2 0x63 0xd 0x0 0x0 0xd 0x24 0x35 0x0 0xb9 0x13 0xe5 0x13 0x73 0x0 0xb0 0x2 0xa2 0x2 0x0 0x28 0x65 0x1 0x0 0x20 0x0 0x16 0x0 0x94 0x0 0x23 0x0 0xa4 0xa4 0xa4 0xa4 0xa4 0xa4 0x30 0x3 0x27 0x3 0x32 0x3 0x28 0x3 0x32 0x3 0x25 0x3 0x30 0x3 0x24 0x3 0x32 0x0 0x3 0x8c 0x8e 0x87 0x89 0x4d 0x80 0x4f 0x80 0xa6 0x82 0xeb 0x7b 0x64 0x6e 0x69 0x77 0xd8 0x25 0xe8 0xfe 0x73 0xe7 0x15 0xee 0x0 0x0 0x0 0x0 0x0 0xc 0x0 0x80 0x0 0xa4 0xa4 0x0 0x4 0xcb 0x5 0x0 0x0
1787979058608,0x1 0x89 0xd 0x51 0xa3 0xb2 0x63 0xd 0x0 0x0 0xd 0x23 0x35 0x0 0x86 0x13 0xa4 0x13 0x73 0x0 0xb7 0x2 0xa2 0x2 0x0 0x28 0x65 0x1 0x0 0x4c 0x0 0x19 0x0 0x93 0x0 0x23 0x0 0xa6 0xa6 0xa6 0xa6 0xa6 0xa6 0x2a 0x3 0x1e 0x3 0x2d 0x3 0x1e 0x3 0x26 0x3 0x1c 0x3 0x2a 0x3 0x1e 0x3 0x32 0x0 0x3 0x8e 0x8f 0x87 0x89 0x4d 0x80 0x4f 0x80 0xa6 0x82 0xeb 0x7b 0x64 0x6e 0x69 0x77 0xd0 0x25 0xe0 0xfe 0x73 0xe7 0x15 0xee 0x0 0x0 0x0 0x0 0x0 0xc 0x0 0x80 0x0 0xa4 0xa4 0x0 0x4 0xcb 0x5 0x0 0x0
1787979058832,0x1 0x8c 0xd 0x51 0xa3 0xb2 0x63 0xd 0x0 0x0 0xd 0x24 0x36 0x0 0x5c 0x14 0xf5 0x13 0x73 0x0 0xa7 0x2 0xa2 0x2 0x0 0x28 0x65 0x1 0x0 0x9c 0x0 0x37 0x0 0x93 0x0 0x23 0x0 0xa2 0xa2 0xa2 0xa2 0xa2 0xa2 0x1d 0x3 0x28 0x3 0x1f 0x3 0x2d 0x3 0x31 0x3 0x26 0x3 0x22 0x3 0x2d 0x3 0x32 0x0 0x3 0x85 0x90 0x86 0x89 0x4d 0x80 0x4f 0x80 0xa6 0x82 0xeb 0x7b 0x64 0x6e 0x69 0x77 0xca 0x25 0xda 0xfe 0x73 0xe7 0x15 0xee 0x0 0x0 0x0 0x0 0x0 0xc 0x0 0x80 0x0 0xa4 0xa4 0x0 0x4 0x9f 0x5 0x0 0x0
1787979059056,0x1 0x8b 0xd 0x51 0xa3 0xb2 0x63 0xd 0x0 0x0 0xd 0x23 0x34 0x0 0x6f 0x13 0xd9 0x13 0x73 0x0 0xad 0x2 0xa2 0x2 0x0 0x28 0x65 0x1 0x0 0xa5 0x0 0x7d 0x0 0x94 0x0 0x23 0x0 0xa4 0xa4 0xa4 0xa4 0xa4 0xa4 0x23 0x3 0x35 0x3 0x23 0x3 0x33 0x3 0x1d 0x3 0x2e 0x3 0x1a 0x3 0x2e 0x3 0x32 0x0 0x3 0x84 0x91 0x86 0x89 0x4d 0x80 0x4f 0x80 0xa6 0x82 0xeb 0x7b 0x64 0x6e 0x69 0x77 0xc8 0x25 0xd8 0xfe 0x73 0xe7 0x15 0xee 0x0 0x0 0x0 0x0 0x0 0xc 0x0 0x80 0x0 0xa4 0xa4 0x0 0x4 0xac 0x5 0x0 0x0
1787979059279,0x1 0x89 0xd 0x51 0xa3 0xb2 0x63 0xd 0x0 0x0 0xd 0x25 0x36 0x0 0x18 0x14 0xa3 0x13 0x73 0x0 0xb0 0x2 0xa2 0x2 0x0 0x28 0x65 0x1 0x0 0xa4 0x0 0xa0 0x0 0x97 0x0 0x23 0x0 0xa4 0xa4 0xa4 0xa4 0xa4 0xa4 0x11 0x3 0x26 0x3 0xe 0x3 0x23 0x3 0xc 0x3 0x22 0x3 0x11 0x3 0x27 0x3 0x32 0x0 0x3 0x83 0x8a 0x86 0x89 0x4d 0x80 0x4f 0x80 0xa6 0x82 0xeb 0x7b 0x64 0x6e 0x69 0x77 0xbe 0x25 0xce 0xfe 0x73 0xe7 0x15 0xee 0x0 0x0 0x0 0x0 0x0 0xc 0x0 0x80 0x0 0xa4 0xa4 0x0 0x4 0xcb 0x5 0x0 0x0
1787979059504,0x1 0x88 0xd 0x51 0xa3 0xb2 0x63 0xd 0x0 0x0 0xd 0x24 0x35 0x0 0x29 0x14 0xe7 0x13 0x73 0x0 0xa1 0x2 0xa2 0x2 0x0 0x28 0x65 0x1 0x0 0xa1 0x0 0xa6 0x0 0x98 0x0 0x23 0x0 0x9f 0x9f 0x9f 0x9f 0x9f 0x9f 0x16 0x3 0x17 0x3 0x17 0x3 0x15 0x3 0x16 0x3 0x19 0x3 0x17 0x3 0x19 0x3 0x32 0x0 0x3 0x82 0x88 0x86 0x89 0x4d 0x80 0x4f 0x80 0xa6 0x82 0xeb 0x7b 0x64 0x6e 0x69 0x78 0xbe 0x25 0xce 0xfe 0x73 0xe7 0x15 0xee 0x0 0x0 0x0 0x0 0x0 0xc 0x0 0x80 0x0 0xa4 0xa4 0x0 0x4 0xdd 0x5 0x0 0x0
1787979059728,0x1 0x8c 0xd 0x51 0xa3 0xb2 0x63 0xd 0x0 0x0 0xd 0x22 0x33 0x0 0x84 0x13 0xce 0x13 0x73 0x0 0x9d 0x2 0xa2 0x2 0x0 0x28 0x65 0x1 0x0 0x97 0x0 0xa5 0x0 0x98 0x0 0x24 0x0 0x9d 0x9d 0x9d 0x9d 0x9d 0x9d 0x1a 0x3 0x1a 0x3 0x13 0x3 0x14 0x3 0x1a 0x3 0x20 0x3 0x11 0x3 0x14 0x3 0x32 0x0 0x3 0x80 0x87 0x86 0x89 0x4d 0x80 0x4f 0x80 0xa6 0x82 0xeb 0x7b 0x64 0x6e 0x69 0x78 0xca 0x25 0xda 0xfe 0x73 0xe7 0x15 0xee 0x0 0x0 0x0 0x0 0x0 0xc 0x0 0x80 0x0 0xa4 0xa4 0x0 0x4 0x9f 0x5 0x0 0x0
1787979059951,0x1 0x8c 0xd 0x51 0xa3 0xb2 0x63 0xd 0x0 0x0 0xd 0x22 0x32 0x0 0xd3 0x12 0x7e 0x13 0x73 0x0 0xa8 0x2 0xa2 0x2 0x0 0x28 0x65 0x1 0x0 0x7f 0x0 0xa2 0x0 0x97 0x0 0x25 0x0 0xa2 0xa2 0xa2 0xa2 0xa2 0xa2 0xe 0x3 0xe 0x3 0xc 0x3 0xf 0x3 0x8 0x3 0x6 0x3 0x3 0x3 0x6 0x3 0x32 0x0 0x3 0x7f 0x86 0x86 0x89 0x4d 0x80 0x4f 0x80 0xa6 0x82 0xeb 0x7b 0x64 0x6e 0x69 0x78 0xca 0x25 0xda 0xfe 0x73 0xe7 0x15 0xee 0x0 0x0 0x0 0x0 0x0 0xc 0x0 0x80 0x0 0xa4 0xa4 0x0 0x4 0x9f 0x5 0x0 0x0
1787979060175,0x1 0x89 0xd 0x51 0xa3 0xb2 0x63 0xd 0x0 0x0 0xd 0x24 0x35 0x0 0x31 0x14 0xef 0x13 0x73 0x0 0xa0 0x2 0xa2 0x2 0x0 0x28 0x65 0x1 0x0 0x3a 0x0 0x9a 0x0 0x96 0x0 0x26 0x0 0x9e 0x9e 0x9e 0x9e 0x9e 0x9e 0x22 0x3 0x10 0x3 0x2 0x3 0x9 0x3 0x7 0x3 0xb 0x3 0x24 0x3 0x10 0x3 0x32 0x0 0x3 0x86 0x84 0x86 0x89 0x4d 0x80 0x4f 0x80 0xa6 0x82 0xeb 0x7b 0x64 0x6e 0x69 0x78 0xd0 0x25 0xe0 0xfe 0x73 0xe7 0x15 0xee 0x0 0x0 0x0 0x0 0x0 0xc 0x0 0x80 0x0 0xa4 0xa4 0x0 0x4 0xcb 0x5 0x0 0x0
1787979060399,0x1 0x89 0xd 0x51 0xa3 0xb2 0x63 0xd 0x0 0x0 0xd 0x23 0x35 0x0 0x29 0x14 0xd9 0x13 0x73 0x0 0xa1 0x2 0xa2 0x2 0x0 0x28 0x65 0x1 0x0 0x1c 0x0 0x6f 0x0 0x96 0x0 0x28 0x0 0x9e 0x9e 0x9e 0x9e 0x9e 0x9e 0x22 0x3 0x8 0x3 0x26 0x3 0x11 0x3 0x24 0x3 0xa 0x3 0x26 0x3 0xa 0x3 0x32 0x0 0x3 0x88 0x83 0x86 0x89 0x4d 0x80 0x4f 0x80 0xa6 0x82 0xeb 0x7b 0x64 0x6e 0x69 0x79 0xde 0x25 0xee 0xfe 0x73 0xe7 0x15 0xee 0x0 0x0 0x0 0x0 0x0 0xc 0x0 0x80 0x0 0xa4 0xa4 0x0 0x4 0xcb 0x5 0x0 0x0
1787979060623,0x1 0x8b 0xd 0x51 0xa3 0xb2 0x63 0xd 0x0 0x0 0xd 0x24 0x34 0x0 0x61 0x13 0xa4 0x13 0x73 0x0 0xaf 0x2 0xa2 0x2 0x0 0x28 0x65 0x1 0x0 0x12 0x0 0x27 0x0 0x95 0x0 0x29 0x0 0xa4 0xa4 0xa4 0xa4 0xa4 0xa4 0x21 0x3 0x19 0x3 0x23 0x3 0x19 0x3 0x20 0x3 0x17 0x3 0x20 0x3 0x17 0x3 0x32 0x0 0x3 0x89 0x8b 0x86 0x8a 0x4d 0x80 0x4f 0x80 0xa6 0x82 0xeb 0x7b 0x64 0x6e 0x69 0x79 0xd8 0x25 0xe8 0xfe 0x73 0xe7 0x15 0xee 0x0 0x0 0x0 0x0 0x0 0xc 0x0 0x80 0x0 0xa4 0xa4 0x0 0x4 0xac 0x5 0x0 0x0
1787979060847,0x1 0x8b 0xd 0x51 0xa3 0xb2 0x63 0xd 0x0 0x0 0xd 0x24 0x35 0x0 0xec 0x13 0xdb 0x13 0x73 0x0 0xa9 0x2 0xa2 0x2 0x0 0x28 0x65 0x1 0x0 0x12 0x0 0x18 0x0 0x93 0x0 0x2b 0x0 0xa2 0xa2 0xa2 0xa2 0xa2 0xa2 0x23 0x3 0x1c 0x3 0x26 0x3 0x1f 0x3 0x29 0x3 0x21 0x3 0x29 0x3 0x21 0x3 0x32 0x0 0x3 0x8a 0x8d 0x86 0x8a 0x4d 0x80 0x4f 0x80 0xa6 0x82 0xeb 0x7b 0x64 0x6e 0x69 0x79 0xd4 0x25 0xe4 0xfe 0x73 0xe7 0x15 0xee 0x0 0x0 0x0 0x0 0x0 0xc 0x0 0x80 0x0 0xa4 0xa4 0x0 0x4 0xac 0x5 0x0 0x0
1787979061070,0x1 0x89 0xd 0x51 0xa3 0xb2 0x63 0xd 0x0 0x0 0xd 0x23 0x34 0x0 0x8c 0x13 0xc7 0x13 0x73 0x0 0xa9 0x2 0xa2 0x2 0x0 0x28 0x65 0x1 0x0 0x13 0x0 0x14 0x0 0x92 0x0 0x2c 0x0 0xa3 0xa3 0xa3 0xa3 0xa3 0xa3 0x2c 0x3 0x23 0x3 0x2e 0x3 0x26 0x3 0x2d 0x3 0x22 0x3 0x2c 0x3 0x23 0x3 0x32 0x0 0x3 0x8c 0x8e 0x86 0x8a 0x4d 0x80 0x4f 0x80 0xa6 0x82 0xeb 0x7b 0x64 0x6e 0x69 0x79 0xd0 0x25 0xe0 0xfe 0x73 0xe7 0x15 0xee 0x0 0x0 0x0 0x0 0x0 0xc 0x0 0x80 0x0 0xa4 0xa4 0x0 0x4 0xcb 0x5 0x0 0x0
1787979061295,0x1 0x89 0xd 0x51 0xa3 0xb2 0x63 0xd 0x0 0x0 0xd 0x23 0x35 0x0 0xb9 0x13 0xa4 0x13 0x73 0x0 0xb0 0x2 0xa2 0x2 0x0 0x28 0x65 0x1 0x0 0x16 0x0 0x15 0x0 0x91 0x0 0x2f 0x0 0xa4 0xa4 0xa4 0xa4 0xa4 0xa4 0x28 0x3 0x1e 0x3 0x28 0x3 0x21 0x3 0x2d 0x3 0x21 0x3 0x2a 0x3 0x21 0x3 0x32 0x0 0x3 0x8d 0x8f 0x86 0x8a 0x4d 0x80 0x4f 0x80 0xa6 0x82 0xeb 0x7b 0x64 0x6e 0x69 0x79 0xc6 0x25 0xd6 0xfe 0x73 0xe7 0x15 0xee 0x0 0x0 0x0 0x0 0x0 0xc 0x0 0x80 0x0 0xa4 0xa4 0x0 0x4 0xcb 0x5 0x0 0x0
1787979061518,0x1 0x8a 0xd 0x51 0xa3 0xb2 0x63 0xd 0x0 0x0 0xd 0x24 0x35 0x0 0x3 0x14 0xc9 0x13 0x73 0x0 0xa6 0x2 0xa2 0x2 0x0 0x28 0x65 0x1 0x0 0x20 0x0 0x18 0x0 0x90 0x0 0x31 0x0 0xa2 0xa2 0xa2 0xa2 0xa2 0xa2 0x29 0x3 0x21 0x3 0x2c 0x3 0x28 0x3 0x33 0x3 0x1f 0x3 0x33 0x3 0x2a 0x3 0x32 0x0 0x3 0x8e 0x91 0x86 0x8a 0x4d 0x80 0x4f 0x80 0xa6 0x82 0xeb 0x7b 0x64 0x6e 0x69 0x7a 0xbe 0x25 0xce 0xfe 0x73 0xe7 0x15 0xee 0x0 0x0 0x0 0x0 0x0 0xc 0x0 0x80 0x0 0xa4 0xa4 0x0 0x4 0xb9 0x5 0x0 0x0
1787979061743,0x1 0x8a 0xd 0x51 0xa3 0xb2 0x63 0xd 0x0 0x0 0xd 0x24 0x35 0x0 0x12 0x14 0x31 0x14 0x73 0x0 0xa4 0x2 0xa2 0x2 0x0 0x28 0x65 0x1 0x0 0x60 0x0 0x33 0x0 0x90 0x0 0x32 0x0 0xa1 0xa1 0xa1 0xa1 0xa1 0xa1 0x43 0x3 0x30 0x3 0x3a 0x3 0x36 0x3 0x42 0x3 0x3b 0x3 0x43 0x3 0x3a 0x3 0x32 0x0 0x3 0x90 0x92 0x86 0x8a 0x4d 0x80 0x4f 0x80 0xa6 0x82 0xeb 0x7b 0x64 0x6e 0x69 0x7a 0xc2 0x25 0xd2 0xfe 0x73 0xe7 0x15 0xee 0x0 0x0 0x0 0x0 0x0 0xc 0x0 0x80 0x0 0xa4 0xa4 0x0 0x4 0xb9 0x5 0x0 0x0
1787979061967,0x1 0x8c 0xd 0x51 0xa3 0xb2 0x63 0xd 0x0 0x0 0xd 0x23 0x35 0x0 0xe5 0x13 0xd2 0x13 0x73 0x0 0xaa 0x2 0xa2 0x2 0x0 0x28 0x65 0x1 0x0 0x92 0x0 0x79 0x0 0x8f 0x0 0x34 0x0 0xa2 0xa2 0xa2 0xa2 0xa2 0xa2 0x21 0x3 0x31 0x3 0x41 0x3 0x39 0x3 0x28 0x3 0x32 0x3 0x21 0x3 0x31 0x3 0x32 0x0 0x3 0x87 0x93 0x87 0x8a 0x4d 0x80 0x4f 0x80 0xa6 0x82 0xeb 0x7b 0x64 0x6e 0x69 0x7a 0xbe 0x25 0xce 0xfe 0x73 0xe7 0x15 0xee 0x0 0x0 0x0 0x0 0x0 0xc 0x0 0x80 0x0 0xa4 0xa4 0x0 0x4 0x9f 0x5 0x0 0x0
1787979062191,0x1 0x89 0xd 0x51 0xa3 0xb2 0x63 0xd 0x0 0x0 0xd 0x24 0x35 0x0 0x3 0x14 0xeb 0x13 0x73 0x0 0xa6 0x2 0xa2 0x2 0x0 0x28 0x65 0x1 0x0 0xa7 0x0 0xa1 0x0 0x90 0x0 0x38 0x0 0xa1 0xa1 0xa1 0xa1 0xa1 0xa1 0x21 0x3 0x31 0x3 0x20 0x3 0x20 0x3 0x21 0x3 0x34 0x3 0x22 0x3 0x20 0x3 0x32 0x0 0x3 0x86 0x8b 0x87 0x8b 0x4d 0x80 0x4f 0x80 0xa6 0x82 0xeb 0x7b 0x64 0x6e 0x69 0x7a 0xb6 0x25 0xc6 0xfe 0x73 0xe7 0x15 0xee 0x0 0x0 0x0 0x0 0x0 0xc 0x0 0x80 0x0 0xa4 0xa4 0x0 0x4 0xcb 0x5 0x0 0x0
1787979062415,0x1 0x89 0xd 0x51 0xa3 0xb2 0x63 0xd 0x0 0x0 0xd 0x24 0x35 0x0 0xd6 0x13 0xb4 0x13 0x73 0x0 0xac 0x2 0xa2 0x2 0x0 0x28 0x65 0x1 0x0 0xa7 0x0 0xa9 0x0 0x93 0x0 0x3c 0x0 0xa4 0xa4 0xa4 0xa4 0xa4 0xa4 0x20 0x3 0x1c 0x3 0x1a 0x3 0x17 0x3 0x17 0x3 0x16 0x3 0x17 0x3 0x16 0x3 0x32 0x0 0x3 0x85 0x8a 0x87 0x8b 0x4d 0x80 0x4f 0x80 0xa6 0x82 0xeb 0x7b 0x64 0x6e 0x69 0x7b 0xb0 0x25 0xc0 0xfe 0x73 0xe7 0x15 0xee 0x0 0x0 0x0 0x0 0x0 0xc 0x0 0x80 0x0 0xa4 0xa4 0x0 0x4 0xcb 0x5 0x0 0x0
1787979062638,0x1 0x8c 0xd 0x51 0xa3 0xb2 0x63 0xd 0x0 0x0 0xd 0x23 0x34 0x0 0x85 0x13 0xa7 0x13 0x73 0x0 0xaa 0x2 0xa2 0x2 0x0 0x28 0x65 0x1 0x0 0xa5 0x0 0xa9 0x0 0x94 0x0 0x46 0x0 0xa2 0xa2 0xa2 0xa2 0xa2 0xa2 0x12 0x3 0x16 0x3 0x18 0x3 0x16 0x3 0x16 0x3 0x12 0x3 0x12 0x3 0x11 0x3 0x32 0x0 0x3 0x83 0x88 0x87 0x8b 0x4d 0x80 0x4f 0x80 0xa6 0x82 0xeb 0x7b 0x64 0x6e 0x69 0x7b 0xaa 0x25 0xba 0xfe 0x73 0xe7 0x15 0xee 0x0 0x0 0x0 0x0 0x0 0xc 0x0 0x80 0x0 0xa4 0xa4 0x0 0x4 0x9f 0x5 0x0 0x0
1787979062862,0x1 0x8a 0xd 0x51 0xa3 0xb2 0x63 0xd 0x0 0x0 0xd 0x24 0x34 0x0 0xc0 0x13 0x51 0x13 0x73 0x0 0xa2 0x2 0xa2 0x2 0x0 0x28 0x65 0x1 0x0 0xa0 0x0 0xa7 0x0 0x95 0x0 0x54 0x0 0x9e 0x9e 0x9e 0x9e 0x9e 0x9e 0x4 0x3 0x1 0x3 0x7 0x3 0xa 0x3 0x8 0x3 0x5 0x3 0x7 0x3 0x6 0x3 0x32 0x0 0x3 0x82 0x87 0x87 0x8b 0x4d 0x80 0x4f 0x80 0xa6 0x82 0xeb 0x7b 0x64 0x6e 0x69 0x7b 0xa8 0x25 0xb8 0xfe 0x73 0xe7 0x15 0xee 0x0 0x0 0x0 0x0 0x0 0xc 0x0 0x80 0x0 0xa4 0xa4 0x0 0x4 0xb9 0x5 0x0 0x0
1787979063086,0x1 0x89 0xd 0x51 0xa3 0xb2 0x63 0xd 0x0 0x0 0xd 0x24 0x35 0x0 0x29 0x14 0x1c 0x14 0x73 0x0 0xa1 0x2 0xa2 0x2 0x0 0x28 0x65 0x1 0x0 0x98 0x0 0xa1 0x0 0x94 0x0 0x63 0x0 0x9f 0x9f 0x9f 0x9f 0x9f 0x9f 0x16 0x3 0x16 0x3 0x19 0x3 0x19 0x3 0x1b 0x3 0x11 0x3 0x1b 0x3 0x19 0x3 0x32 0x0 0x3 0x81 0x86 0x87 0x8b 0x4d 0x80 0x4f 0x80 0xa6 0x82 0xeb 0x7b 0x64 0x6e 0x69 0x7b 0xac 0x25 0xbc 0xfe 0x73 0xe7 0x15 0xee 0x0 0x0 0x0 0x0 0x0 0xc 0x0 0x80 0x0 0xa4 0xa4 0x0 0x4 0xcb 0x5 0x0 0x0
1787979063309,0x1 0x89 0xd 0x51 0xa3 0xb2 0x63 0xd 0x0 0x0 0xd 0x24 0x35 0x0 0xd6 0x13 0x8 0x14 0x73 0x0 0xac 0x2 0xa2 0x2 0x0 0x28 0x65 0x1 0x0 0x76 0x0 0x98 0x0 0x94 0x0 0x70 0x0 0xa4 0xa4 0xa4 0xa4 0xa4 0xa4 0x1b 0x3 0x18 0x3 0x1a 0x3 0x16 0x3 0x15 0x3 0x11 0x3 0x12 0x3 0x11 0x3 0x32 0x0 0x3 0x7f 0x85 0x87 0x8b 0x4d 0x80 0x4f 0x80 0xa6 0x82 0xeb 0x7b 0x64 0x6e 0x69 0x7b 0xae 0x25 0xbe 0xfe 0x73 0xe7 0x15 0xee 0x0 0x0 0x0 0x0 0x0 0xc 0x0 0x80 0x0 0xa4 0xa4 0x0 0x4 0xcb 0x5 0x0 0x0
1787979063535,0x1 0x8a 0xd 0x51 0xa3 0xb2 0x63 0xd 0x0 0x0 0xd 0x24 0x35 0x0 0xb 0x14 0x16 0x14 0x73 0x0 0xa5 0x2 0xa2 0x2 0x0 0x28 0x65 0x1 0x0 0x2f 0x0 0x6e 0x0 0x93 0x0 0x7b 0x0 0xa1 0xa1 0xa1 0xa1 0xa1 0xa1 0x2a 0x3 0x10 0x3 0xf 0x3 0xe 0x3 0x27 0x3 0xf 0x3 0x2b 0x3 0x10 0x3 0x32 0x0 0x3 0x88 0x83 0x87 0x8b 0x4d 0x80 0x4f 0x80 0xa6 0x82 0xeb 0x7b 0x63 0x6c 0x69 0x7c 0xaa 0x25 0xba 0xfe 0x73 0xe7 0x15 0xee 0x0 0x0 0x0 0x0 0x0 0xc 0x0 0x80 0x0 0xa4 0xa4 0x0 0x4 0xb9 0x5 0x0 0x0
1787979063759,0x1 0x8b 0xd 0x51 0xa3 0xb2 0x63 0xd 0x0 0x0 0xd 0x23 0x35 0x0 0x31 0x14 0xf 0x14 0x73 0x0 0xa0 0x2 0xa2 0x2 0x0 0x28 0x65 0x1 0x0 0x1c 0x0 0x3e 0x0 0x92 0x0 0x82 0x0 0x9e 0x9e 0x9e 0x9e 0x9e 0x9e 0x2c 0x3 0x24 0x3 0x2e 0x3 0xf 0x3 0x2b 0x3 0x21 0x3 0x2e 0x3 0x25 0x3 0x32 0x0 0x3 0x89 0x8b 0x87 0x8b 0x4d 0x80 0x4f 0x80 0xa6 0x82 0xeb 0x7b 0x63 0x6c 0x69 0x7c 0xb4 0x25 0xc4 0xfe 0x73 0xe7 0x15 0xee 0x0 0x0 0x0 0x0 0x0 0xc 0x0 0x80 0x0 0xa4 0xa4 0x0 0x4 0xac 0x5 0x0 0x0
1787979063983,0x1 0x88 0xd 0x50 0xa3 0xb2 0x63 0xd 0x0 0x0 0xd 0x24 0x35 0x0 0xde 0x13 0x11 0x14 0x73 0x0 0xab 0x2 0xa2 0x2 0x0 0x28 0x65 0x1 0x0 0x19 0x0 0x28 0x0 0x91 0x0 0x88 0x0 0xa3 0xa3 0xa3 0xa3 0xa3 0xa3 0x31 0x3 0x26 0x3 0x30 0x3 0x28 0x3 0x31 0x3 0x28 0x3 0x31 0x3 0x27 0x3 0x32 0x0 0x3 0x8a 0x8c 0x87 0x8b 0x4d 0x80 0x4f 0x80 0xa6 0x82 0xeb 0x7b 0x63 0x6c 0x69 0x7c 0xb6 0x25 0xc6 0xfe 0x73 0xe7 0x15 0xee 0x0 0x0 0x0 0x0 0x0 0xc 0x0 0x80 0x0 0xa4 0xa4 0x0 0x4 0xdd 0x5 0x0 0x0
1787979064205,0x1 0x88 0xd 0x50 0xa3 0xb2 0x63 0xd 0x0 0x0 0xd 0x23 0x34 0x0 0x3d 0x13 0xb2 0x13 0x73 0x0 0xb4 0x2 0xa2 0x2 0x0 0x28 0x65 0x1 0x0 0x1d 0x0 0x24 0x0 0x90 0x0 0x8d 0x0 0xa6 0xa6 0xa6 0xa6 0xa6 0xa6 0x26 0x3 0x25 0x3 0x2d 0x3 0x23 0x3 0x2b 0x3 0x21 0x3 0x26 0x3 0x1d 0x3 0x32 0x0 0x3 0x8c 0x8e 0x87 0x8b 0x4d 0x80 0x4f 0x80 0xa6 0x82 0xeb 0x7b 0x63 0x6c 0x69 0x7c 0xb0 0x25 0xc0 0xfe 0x73 0xe7 0x15 0xee 0x0 0x0 0x0 0x0 0x0 0xc 0x0 0x80 0x0 0xa4 0xa4 0x0 0x4 0xdd 0x5 0x0 0x0
1787979064430,0x1 0x8a 0xd 0x50 0xa3 0xb2 0x63 0xd 0x0 0x0 0xd 0x23 0x34 0x0 0x94 0x13 0x89 0x13 0x73 0x0 0xa8 0x2 0xa2 0x2 0x0 0x28 0x65 0x1 0x0 0x56 0x0 0x2b 0x0 0x8f 0x0 0x91 0x0 0xa2 0xa2 0xa2 0xa2 0xa2 0xa2 0x26 0x3 0x1e 0x3 0x22 0x3 0x1a 0x3 0x24 0x3 0x1c 0x3 0x27 0x3 0x1e 0x3 0x32 0x0 0x3 0x8d 0x8f 0x87 0x8b 0x4d 0x80 0x4f 0x80 0xa6 0x82 0xeb 0x7b 0x64 0x6e 0x69 0x7d 0xa8 0x25 0xb8 0xfe 0x73 0xe7 0x15 0xee 0x0 0x0 0x0 0x0 0x0 0xc 0x0 0x80 0x0 0xa4 0xa4 0x0 0x4 0xb9 0x5 0x0 0x0
1787979064653,0x1 0x8b 0xd 0x50 0xa3 0xb2 0x63 0xd 0x0 0x0 0xd 0x22 0x33 0x0 0x6e 0x13 0xa4 0x13 0x73 0x0 0xa0 0x2 0xa2 0x2 0x0 0x28 0x65 0x1 0x0 0x97 0x0 0x88 0x0 0x8f 0x0 0x93 0x0 0x9e 0x9e 0x9e 0x9e 0x9e 0x9e 0x16 0x3 0x26 0x3 0x18 0x3 0x26 0x3 0x17 0x3 0x24 0x3 0x16 0x3 0x26 0x3 0x32 0x0 0x3 0x84 0x90 0x86 0x8b 0x4d 0x80 0x4f 0x80 0xa6 0x82 0xeb 0x7b 0x64 0x6e 0x69 0x7d 0xa8 0x25 0xb8 0xfe 0x73 0xe7 0x15 0xee 0x0 0x0 0x0 0x0 0x0 0xc 0x0 0x80 0x0 0xa4 0xa4 0x0 0x4 0xac 0x5 0x0 0x0
1787979064877,0x1 0x89 0xd 0x50 0xa3 0xb2 0x63 0xd 0x0 0x0 0xd 0x24 0x35 0x0 0xd6 0x13 0x66 0x13 0x73 0x0 0xac 0x2 0xa2 0x2 0x0 0x28 0x65 0x1 0x0 0xa1 0x0 0x9e 0x0 0x90 0x0 0x95 0x0 0xa4 0xa4 0xa4 0xa4 0xa4 0xa4 0xd 0x3 0x1c 0x3 0xa 0x3 0x1a 0x3 0xa 0x3 0x1f 0x3 0xa 0x3 0x9 0x3 0x32 0x0 0x3 0x83 0x88 0x86 0x89 0x4d 0x80 0x4f 0x80 0xa6 0x82 0xeb 0x7b 0x64 0x6e 0x68 0x7d 0xa4 0x25 0xb4 0xfe 0x73 0xe7 0x15 0xee 0x0 0x0 0x0 0x0 0x0 0xc 0x0 0x80 0x0 0xa4 0xa4 0x0 0x4 0xcb 0x5 0x0 0x0
1787979065101,0x1 0x89 0xd 0x50 0xa3 0xb2 0x63 0xd 0x0 0x0 0xd 0x23 0x35 0x0 0x38 0x14 0xf3 0x13 0x73 0x0 0x9f 0x2 0xa2 0x2 0x0 0x28 0x65 0x1 0x0 0x96 0x0 0x9f 0x0 0x90 0x0 0x98 0x0 0x9f 0x9f 0x9f 0x9f 0x9f 0x9f 0x19 0x3 0xc 0x3 0x11 0x3 0x13 0x3 0x14 0x3 0x16 0x3 0x19 0x3 0x17 0x3 0x32 0x0 0x3 0x82 0x87 0x86 0x89 0x4d 0x80 0x4f 0x80 0xa6 0x82 0xeb 0x7b 0x64 0x6e 0x68 0x7d 0xa2 0x25 0xb2 0xfe 0x73 0xe7 0x15 0xee 0x0 0x0 0x0 0x0 0x0 0xc 0x0 0x80 0x0 0xa4 0xa4 0x0 0x4 0xcb 0x5 0x0 0x0
1787979065325,0x1 0x8b 0xd 0x50 0xa3 0xb2 0x63 0xd 0x0 0x0 0xd 0x23 0x35 0x0 0x38 0x14 0x36 0x14 0x73 0x0 0x9f 0x2 0xa2 0x2 0x0 0x28 0x65 0x1 0x0 0x58 0x0 0x97 0x0 0x90 0x0 0x99 0x0 0x9f 0x9f 0x9f 0x9f 0x9f 0x9f 0x1e 0x3 0x1c 0x3 0x1a 0x3 0x1c 0x3 0x1f 0x3 0x1c 0x3 0x1e 0x3 0x1c 0x3 0x32 0x0 0x3 0x80 0x85 0x86 0x89 0x4d 0x80 0x4f 0x80 0xa6 0x82 0xeb 0x7b 0x64 0x6e 0x68 0x7d 0xb0 0x25 0xc0 0xfe 0x73 0xe7 0x15 0xee 0x0 0x0 0x0 0x0 0x0 0xc 0x0 0x80 0x0 0xa4 0xa4 0x0 0x4 0xac 0x5 0x0 0x0
1787979065549,0x1 0x8a 0xd 0x50 0xa4 0xb2 0x63 0xd 0x0 0x0 0xd 0x24 0x34 0x0 0xaa 0x13 0xc9 0x13 0x73 0x0 0xa5 0x2 0xa0 0x2 0x0 0x28 0x65 0x1 0x0 0x1f 0x0 0x6c 0x0 0x90 0x0 0x9b 0x0 0xa2 0xa2 0xa2 0xa2 0xa2 0xa2 0x2d 0x3 0x10 0x3 0x28 0x3 0xc 0x3 0x2e 0x3 0x15 0x3 0x29 0x3 0xc 0x3 0x32 0x0 0x3 0x89 0x84 0x87 0x89 0x4d 0x80 0x4f 0x80 0xa6 0x82 0xeb 0x7b 0x64 0x6e 0x68 0x7e 0xb2 0x25 0xc2 0xfe 0x73 0xe7 0x15 0xee 0x0 0x0 0x0 0x0 0x0 0xc 0x0 0x80 0x0 0xa4 0xa4 0x0 0x4 0xb9 0x5 0x0 0x0
1787979065773,0x1 0x89 0xd 0x50 0xa4 0xb2 0x63 0xd 0x0 0x0 0xd 0x24 0x36 0x0 0x83 0x14 0x14 0x14 0x73 0x0 0xa2 0x2 0xa0 0x2 0x0 0x28 0x65 0x1 0x0 0x16 0x0 0x3e 0x0 0x8f 0x0 0x9c 0x0 0xa1 0xa1 0xa1 0xa1 0xa1 0xa1 0x26 0x3 0x1d 0x3 0x2c 0x3 0x24 0x3 0x31 0x3 0x29 0x3 0x35 0x3 0x29 0x3 0x32 0x0 0x3 0x8b 0x8c 0x87 0x8a 0x4d 0x80 0x4f 0x80 0xa6 0x82 0xeb 0x7b 0x64 0x6e 0x68 0x7e 0x38 0x25 0xbc 0xfe 0x73 0xe7 0x15 0xee 0x0 0x0 0x0 0x0 0x0 0xc 0x0 0x80 0x0 0xa4 0xa4 0x0 0x4 0xcb 0x5 0x0 0x0
1787979065997,0x1 0x89 0xd 0x50 0xa3 0xb2 0x63 0xd 0x0 0x0 0xd 0x23 0x35 0x0 0xf4 0x13 0xff 0x13 0x73 0x0 0xa8 0x2 0xa2 0x2 0x0 0x28 0x65 0x1 0x0 0x16 0x0 0x27 0x0 0x8e 0x0 0x9d 0x0 0xa2 0xa2 0xa2 0xa2 0xa2 0xa2 0x33 0x3 0x2b 0x3 0x34 0x3 0x28 0x3 0x34 0x3 0x29 0x3 0x33 0x3 0x29 0x3 0x32 0x0 0x3 0x8c 0x8e 0x87 0x8a 0x4d 0x80 0x4f 0x80 0xa6 0x82 0xeb 0x7b 0x64 0x6e 0x69 0x7e 0x36 0x25 0xba 0xfe 0x73 0xe7 0x15 0xee 0x0 0x0 0x0 0x0 0x0 0xc 0x0 0x80 0x0 0xa4 0xa4 0x0 0x4 0xcb 0x5 0x0 0x0
1787979066221,0x1 0x8b 0xd 0x50 0xa3 0xb2 0x63 0xd 0x0 0x0 0xd 0x23 0x35 0x0 0xc7 0x13 0xa2 0x13 0x73 0x0 0xae 0x2 0xa2 0x2 0x0 0x28 0x65 0x1 0x0 0x2d 0x0 0x1d 0x0 0x8d 0x0 0x9e 0x0 0xa3 0xa3 0xa3 0xa3 0xa3 0xa3 0x2b 0x3 0x1d 0x3 0x2a 0x3 0x28 0x3 0x2f 0x3 0x21 0x3 0x2a 0x3 0x20 0x3 0x32 0x0 0x3 0x8d 0x8f 0x87 0x8a 0x4d 0x80 0x4f 0x80 0xa6 0x82 0xeb 0x7b 0x64 0x6e 0x69 0x7e 0xa2 0x25 0xb2 0xfe 0x73 0xe7 0x15 0xee 0x0 0x0 0x0 0x0 0x0 0xc 0x0 0x80 0x0 0xa4 0xa4 0x0 0x4 0xac 0x5 0x0 0x0
1787979066445,0x1 0x8b 0xd 0x50 0xa3 0xb2 0x63 0xd 0x0 0x0 0xd 0x25 0x36 0x0 0x54 0x14 0xef 0x13 0x73 0x0 0xa8 0x2 0xa2 0x2 0x0 0x28 0x65 0x1 0x0 0x86 0x0 0x34 0x0 0x8d 0x0 0x9e 0x0 0xa2 0xa2 0xa2 0xa2 0xa2 0xa2 0x29 0x3 0x21 0x3 0x2f 0x3 0x2a 0x3 0x22 0x3 0x1e 0x3 0x22 0x3 0x2e 0x3 0x32 0x0 0x3 0x86 0x90 0x87 0x8a 0x4d 0x80 0x4f 0x80 0xa6 0x82 0xeb 0x7b 0x67 0x70 0x69 0x7f 0x9a 0x25 0xaa 0xfe 0x73 0xe7 0x15 0xee 0x0 0x0 0x0 0x0 0x0 0xc 0x0 0x80 0x0 0xa4 0xa4 0x0 0x4 0xac 0x5 0x0 0x0
1787979066669,0x1 0x8a 0xd 0x50 0xa3 0xb2 0x63 0xd 0x0 0x0 0xd 0x23 0x34 0x0 0x8c 0x13 0xbc 0x13 0x73 0x0 0xa9 0x2 0xa2 0x2 0x0 0x28 0x65 0x1 0x0 0xa3 0x0 0x8c 0x0 0x8e 0x0 0x9e 0x0 0xa3 0xa3 0xa3 0xa3 0xa3 0xa3 0x23 0x3 0x31 0x3 0x21 0x3 0x2e 0x3 0x1b 0x3 0x2a 0x3 0x1a 0x3 0x2a 0x3 0x32 0x0 0x3 0x85 0x91 0x87 0x8a 0x4d 0x80 0x4f 0x80 0xa6 0x82 0xeb 0x7b 0x67 0x70 0x69 0x7f 0x96 0x25 0xa6 0xfe 0x73 0xe7 0x15 0xee 0x0 0x0 0x0 0x0 0x0 0xc 0x0 0x80 0x0 0xa4 0xa4 0x0 0x4 0xb9 0x5 0x0 0x0
1787979066893,0x1 0x89 0xd 0x50 0xa3 0xb2 0x63 0xd 0x0 0x0 0xd 0x24 0x35 0x0 0xe5 0x13 0x95 0x13 0x73 0x0 0xaa 0x2 0xa2 0x2 0x0 0x28 0x65 0x1 0x0 0xa4 0x0 0x9f 0x0 0x8f 0x0 0x9f 0x0 0xa3 0xa3 0xa3 0xa3 0xa3 0xa3 0xe 0x3 0xf 0x3 0x18 0x3 0x28 0x3 0x12 0x3 0xd 0x3 0x10 0x3 0xf 0x3 0x32 0x0 0x3 0x83 0x89 0x87 0x8a 0x4d 0x80 0x4f 0x80 0xa6 0x82 0xeb 0x7b 0x67 0x70 0x68 0x7f 0x92 0x25 0xa2 0xfe 0x73 0xe7 0x15 0xee 0x0 0x0 0x0 0x0 0x0 0xc 0x0 0x80 0x0 0xa4 0xa4 0x0 0x4 0xcb 0x5 0x0 0x0
1787979067117,0x1 0x8a 0xd 0x50 0xa3 0xb2 0x63 0xd 0x0 0x0 0xd 0x24 0x35 0x0 0xb 0x14 0xa8 0x13 0x73 0x0 0xa5 0x2 0xa2 0x2 0x0 0x28 0x65 0x1 0x0 0xa2 0x0 0xa2 0x0 0x90 0x0 0xa0 0x0 0xa1 0xa1 0xa1 0xa1 0xa1 0xa1 0xe 0x3 0xc 0x3 0x10 0x3 0x12 0x3 0x13 0x3 0x10 0x3 0x10 0x3 0xf 0x3 0x32 0x0 0x3 0x82 0x87 0x87 0x8a 0x4d 0x80 0x4f 0x80 0xa6 0x82 0xeb 0x7b 0x67 0x70 0x68 0x7f 0x8e 0x25 0x9e 0xfe 0x73 0xe7 0x15 0xee 0x0 0x0 0x0 0x0 0x0 0xc 0x0 0x80 0x0 0xa4 0xa4 0x0 0x4 0xb9 0x5 0x0 0x0
1787979067341,0x1 0x8b 0xd 0x50 0xa3 0xb2 0x63 0xd 0x0 0x0 0xd 0x22 0x33 0x0 0x93 0x13 0x96 0x13 0x73 0x0 0x9b 0x2 0xa2 0x2 0x0 0x28 0x65 0x1 0x0 0x9b 0x0 0xa1 0x0 0x90 0x0 0xa1 0x0 0x9c 0x9c 0x9c 0x9c 0x9c 0x9c 0xe 0x3 0x9 0x3 0xb 0x3 0xc 0x3 0xd 0x3 0x11 0x3 0xd 0x3 0xb 0x3 0x32 0x0 0x3 0x81 0x86 0x87 0x8a 0x4d 0x80 0x4f 0x80 0xa6 0x82 0xeb 0x7b 0x65 0x6f 0x68 0x7e 0x9a 0x25 0xaa 0xfe 0x73 0xe7 0x15 0xee 0x0 0x0 0x0 0x0 0x0 0xc 0x0 0x80 0x0 0xa4 0xa4 0x0 0x4 0xac 0x5 0x0 0x0
1787979067564,0x1 0x8b 0xd 0x50 0xa3 0xb2 0x63 0xd 0x0 0x0 0xd 0x24 0x35 0x0 0x29 0x14 0xf8 0x13 0x73 0x0 0xa1 0x2 0xa2 0x2 0x0 0x28 0x65 0x1 0x0 0x84 0x0 0x9c 0x0 0x90 0x0 0xa3 0x0 0x9f 0x9f 0x9f 0x9f 0x9f 0x9f 0xc 0x3 0xd 0x3 0x11 0x3 0x14 0x3 0x14 0x3 0x13 0x3 0x14 0x3 0x13 0x3 0x32 0x0 0x3 0x80 0x85 0x87 0x8a 0x4d 0x80 0x4f 0x80 0xa6 0x82 0xeb 0x7b 0x65 0x6f 0x68 0x7e 0xaa 0x25 0xba 0xfe 0x73 0xe7 0x15 0xee 0x0 0x0 0x0 0x0 0x0 0xc 0x0 0x80 0x0 0xa4 0xa4 0x0 0x4 0xac 0x5 0x0 0x0
1787979067788,0x1 0x89 0xd 0x50 0xa3 0xb2 0x63 0xd 0x0 0x0 0xd 0x24 0x35 0x0 0x38 0x14 0x17 0x14 0x73 0x0 0x9f 0x2 0xa2 0x2 0x0 0x28 0x65 0x1 0x0 0x2f 0x0 0x92 0x0 0x8f 0x0 0xa5 0x0 0x9f 0x9f 0x9f 0x9f 0x9f 0x9f 0x29 0x3 0x11 0x3 0x16 0x3 0x14 0x3 0x16 0x3 0x10 0x3 0x2b 0x3 0x11 0x3 0x32 0x0 0x3 0x87 0x83 0x87 0x8a 0x4d 0x80 0x4f 0x80 0xa6 0x82 0xeb 0x7b 0x65 0x6f 0x68 0x7e 0xaa 0x25 0xba 0xfe 0x73 0xe7 0x15 0xee 0x0 0x0 0x0 0x0 0x0 0xc 0x0 0x80 0x0 0xa4 0xa4 0x0 0x4 0xcb 0x5 0x0 0x0
1787979068013,0x1 0x8b 0xd 0x50 0xa3 0xb2 0x63 0xd 0x0 0x0 0xd 0x24 0x35 0x0 0x29 0x14 0xf 0x14 0x73 0x0 0xa1 0x2 0xa2 0x2 0x0 0x28 0x65 0x1 0x0 0x18 0x0 0x54 0x0 0x8f 0x0 0xa5 0x0 0x9f 0x9f 0x9f 0x9f 0x9f 0x9f 0x2b 0x3 0xc 0x3 0x2c 0x3 0xd 0x3 0x29 0x3 0xc 0x3 0x2d 0x3 0xd 0x3 0x32 0x0 0x3 0x89 0x82 0x87 0x8a 0x4d 0x80 0x4f 0x80 0xa6 0x82 0xeb 0x7b 0x65 0x6f 0x69 0x7e 0xb2 0x25 0xc2 0xfe 0x73 0xe7 0x15 0xee 0x0 0x0 0x0 0x0 0x0 0xc 0x0 0x80 0x0 0xa4 0xa4 0x0 0x4 0xac 0x5 0x0 0x0
1787979068237,0x1 0x8a 0xd 0x50 0xa3 0xb2 0x63 0xd 0x0 0x0 0xd 0x23 0x35 0x0 0xd6 0x13 0xfc 0x13 0x73 0x0 0xac 0x2 0xa2 0x2 0x0 0x28 0x65 0x1 0x0 0x13 0x0 0x25 0x0 0x8d 0x0 0xa5 0x0 0xa4 0xa4 0xa4 0xa4 0xa4 0xa4 0x2a 0x3 0x1c 0x3 0x2b 0x3 0x22 0x3 0x2c 0x3 0x22 0x3 0x2c 0x3 0x20 0x3 0x32 0x0 0x3 0x8a 0x8b 0x87 0x89 0x4d 0x80 0x4f 0x80 0xa6 0x82 0xeb 0x7b 0x65 0x6f 0x69 0x7e 0xb0 0x25 0xc0 0xfe 0x73 0xe7 0x15 0xee 0x0 0x0 0x0 0x0 0x0 0xc 0x0 0x80 0x0 0xa4 0xa4 0x0 0x4 0xb9 0x5 0x0 0x0
1787979068461,0x1 0x8b 0xd 0x50 0xa4 0xb2 0x63 0xd 0x0 0x0 0xd 0x24 0x35 0x0 0xc0 0x13 0xce 0x13 0x73 0x0 0xaf 0x2 0xa0 0x2 0x0 0x28 0x65 0x1 0x0 0x13 0x0 0x19 0x0 0x8d 0x0 0xa5 0x0 0xa5 0xa5 0xa5 0xa5 0xa5 0xa5 0x2b 0x3 0x1e 0x3 0x28 0x3 0x1b 0x3 0x26 0x3 0x1e 0x3 0x2b 0x3 0x1e 0x3 0x32 0x0 0x3 0x8b 0x8c 0x87 0x89 0x4d 0x80 0x4f 0x80 0xa6 0x82 0xeb 0x7b 0x68 0x72 0x69 0x7f 0xa4 0x25 0xb4 0xfe 0x73 0xe7 0x15 0xee 0x0 0x0 0x0 0x0 0x0 0xc 0x0 0x80 0x0 0xa4 0xa4 0x0 0x4 0xac 0x5 0x0 0x0
1787979068685,0x1 0x89 0xd 0x50 0xa4 0xb2 0x63 0xd 0x0 0x0 0xd 0x23 0x34 0x0 0xb1 0x13 0xcf 0x13 0x73 0x0 0xa4 0x2 0xa0 0x2 0x0 0x28 0x65 0x1 0x0 0x18 0x0 0x17 0x0 0x8c 0x0 0xa4 0x0 0xa1 0xa1 0xa1 0xa1 0xa1 0xa1 0x2f 0x3 0x24 0x3 0x2f 0x3 0x25 0x3 0x31 0x3 0x25 0x3 0x30 0x3 0x24 0x3 0x32 0x0 0x3 0x8c 0x8d 0x87 0x89 0x4d 0x80 0x4f 0x80 0xa6 0x82 0xeb 0x7b 0x68 0x72 0x69 0x7f 0x2c 0x25 0xb0 0xfe 0x73 0xe7 0x15 0xee 0x0 0x0 0x0 0x0 0x0 0xc 0x0 0x80 0x0 0xa4 0xa4 0x0 0x4 0xcb 0x5 0x0 0x0
1787979068909,0x1 0x89 0xd 0x50 0xa4 0xb2 0x63 0xd 0x0 0x0 0xd 0x24 0x35 0x0 0x12 0x14 0xff 0x13 0x73 0x0 0xa4 0x2 0xa0 0x2 0x0 0x28 0x65 0x1 0x0 0x37 0x0 0x1b 0x0 0x8b 0x0 0xa3 0x0 0xa1 0xa1 0xa1 0xa1 0xa1 0xa1 0x34 0x3 0x2b 0x3 0x39 0x3 0x2e 0x3 0x31 0x3 0x25 0x3 0x3a 0x3 0x2e 0x3 0x32 0x0 0x3 0x8e 0x8f 0x87 0x89 0x4d 0x80 0x4f 0x80 0xa6 0x82 0xeb 0x7b 0x68 0x72 0x6a 0x7f 0x28 0x25 0xac 0xfe 0x73 0xe7 0x15 0xee 0x0 0x0 0x0 0x0 0x0 0xc 0x0 0x80 0x0 0xa4 0xa4 0x0 0x4 0xcb 0x5 0x0 0x0
1787979069133,0x1 0x8b 0xd 0x50 0xa4 0xb2 0x63 0xd 0x0 0x0 0xd 0x23 0x35 0x0 0xe5 0x13 0xa3 0x13 0x73 0x0 0xaa 0x2 0xa0 0x2 0x0 0x28 0x65 0x1 0x0 0x82 0x0 0x6b 0x0 0x8a 0x0 0xa3 0x0 0xa4 0xa4 0xa4 0xa4 0xa4 0xa4 0x34 0x3 0x26 0x3 0x32 0x3 0x22 0x3 0x1b 0x3 0x25 0x3 0x1c 0x3 0x25 0x3 0x32 0x0 0x3 0x87 0x90 0x87 0x89 0x4d 0x80 0x4f 0x80 0xa6 0x82 0xeb 0x7b 0x68 0x72 0x6a 0x7f 0x22 0x25 0xa6 0xfe 0x73 0xe7 0x15 0xee 0x0 0x0 0x0 0x0 0x0 0xc 0x0 0x80 0x0 0xa4 0xa4 0x0 0x4 0xac 0x5 0x0 0x0
1787979069357,0x1 0x8b 0xd 0x50 0xa4 0xb2 0x63 0xd 0x0 0x0 0xd 0x23 0x34 0x0 0xb9 0x13 0xa0 0x13 0x73 0x0 0xa3 0x2 0xa0 0x2 0x0 0x28 0x65 0x1 0x0 0xa5 0x0 0x9f 0x0 0x8c 0x0 0xa2 0x0 0xa1 0xa1 0xa1 0xa1 0xa1 0xa1 0x19 0x3 0x23 0x3 0x1a 0x3 0x25 0x3 0x1a 0x3 0x25 0x3 0x19 0x3 0x26 0x3 0x32 0x0 0x3 0x85 0x90 0x87 0x89 0x4d 0x80 0x4f 0x80 0xa6 0x82 0xeb 0x7b 0x68 0x72 0x6a 0x80 0x20 0x25 0xa4 0xfe 0x73 0xe7 0x15 0xee 0x0 0x0 0x0 0x0 0x0 0xc 0x0 0x80 0x0 0xa4 0xa4 0x0 0x4 0xac 0x5 0x0 0x0
1787979069581,0x1 0x89 0xd 0x50 0xa4 0xb1 0x64 0xd 0x0 0x0 0xd 0x23 0x34 0x0 0xb9 0x13 0xaa 0x13 0x73 0x0 0xa3 0x2 0xa0 0x2 0x0 0x28 0x65 0x1 0x0 0xa7 0x0 0xa1 0x0 0x8d 0x0 0xa2 0x0 0xa2 0xa2 0xa2 0xa2 0xa2 0xa2 0x18 0x3 0x11 0x3 0x1d 0x3 0x15 0x3 0x1b 0x3 0x14 0x3 0x18 0x3 0x11 0x3 0x32 0x0 0x3 0x84 0x87 0x87 0x89 0x4d 0x80 0x4f 0x80 0xa6 0x82 0xeb 0x7b 0x68 0x72 0x6a 0x80 0x22 0x25 0xa6 0xfe 0x73 0xe7 0x15 0xee 0x0 0x0 0x0 0x0 0x0 0xc 0x0 0x80 0x0 0xa4 0xa4 0x0 0x4 0xcb 0x5 0x0 0x0
1787979069805,0x1 0x89 0xd 0x50 0xa4 0xb1 0x64 0xd 0x0 0x0 0xd 0x23 0x35 0x0 0x31 0x14 0xd0 0x13 0x73 0x0 0xa0 0x2 0xa0 0x2 0x0 0x28 0x65 0x1 0x0 0xa3 0x0 0xa3 0x0 0x8f 0x0 0xa3 0x0 0x9e 0x9e 0x9e 0x9e 0x9e 0x9e 0x12 0x3 0xd 0x3 0x16 0x3 0x13 0x3 0x16 0x3 0xd 0x3 0x19 0x3 0x13 0x3 0x32 0x0 0x3 0x83 0x86 0x87 0x89 0x4d 0x80 0x4f 0x80 0xa6 0x82 0xeb 0x7b 0x68 0x72 0x6a 0x80 0x22 0x25 0xa6 0xfe 0x73 0xe7 0x15 0xee 0x0 0x0 0x0 0x0 0x0 0xc 0x0 0x80 0x0 0xa4 0xa4 0x0 0x4 0xcb 0x5 0x0 0x0
1787979070028,0x1 0x8b 0xd 0x50 0xa4 0xb2 0x63 0xd 0x0 0x0 0xd 0x23 0x34 0x0 0xcf 0x13 0xf1 0x13 0x73 0x0 0xa0 0x2 0xa0 0x2 0x0 0x28 0x65 0x1 0x0 0x9f 0x0 0xa1 0x0 0x8f 0x0 0xa3 0x0 0xa0 0xa0 0xa0 0xa0 0xa0 0xa0 0x1e 0x3 0x14 0x3 0x1d 0x3 0x15 0x3 0x1b 0x3 0x12 0x3 0x19 0x3 0x12 0x3 0x32 0x0 0x3 0x82 0x85 0x87 0x89 0x4d 0x80 0x4f 0x80 0xa6 0x82 0xeb 0x7b 0x68 0x72 0x6a 0x80 0x28 0x25 0xac 0xfe 0x73 0xe7 0x15 0xee 0x0 0x0 0x0 0x0 0x0 0xc 0x0 0x80 0x0 0xa4 0xa4 0x0 0x4 0xac 0x5 0x0 0x0
1787979070253,0x1 0x8c 0xd 0x50 0xa4 0xb2 0x63 0xd 0x0 0x0 0xd 0x23 0x35 0x0 0xfb 0x13 0xdd 0x13 0x73 0x0 0xa7 0x2 0xa0 0x2 0x0 0x28 0x65 0x1 0x0 0x96 0x0 0x99 0x0 0x8f 0x0 0xa4 0x0 0xa3 0xa3 0xa3 0xa3 0xa3 0xa3 0x12 0x3 0x10 0x3 0x16 0x3 0xf 0x3 0x16 0x3 0xd 0x3 0x12 0x3 0xb 0x3 0x32 0x0 0x3 0x80 0x83 0x87 0x89 0x4d 0x80 0x4f 0x80 0xa6 0x82 0xeb 0x7b 0x68 0x72 0x6a 0x80 0x28 0x25 0xac 0xfe 0x73 0xe7 0x15 0xee 0x0 0x0 0x0 0x0 0x0 0xc 0x0 0x80 0x0 0xa4 0xa4 0x0 0x4 0x9f 0x5 0x0 0x0
1787979070476,0x1 0x89 0xd 0x50 0xa4 0xb2 0x63 0xd 0x0 0x0 0xd 0x24 0x35 0x0 0xb 0x14 0xef 0x13 0x73 0x0 0xa5 0x2 0xa0 0x2 0x0 0x28 0x65 0x1 0x0 0x84 0x0 0x96 0x0 0x8e 0x0 0xa5 0x0 0xa2 0xa2 0xa2 0xa2 0xa2 0xa2 0x10 0x3 0xa 0x3 0x12 0x3 0xd 0x3 0x12 0x3 0x9 0x3 0x12 0x3 0xa 0x3 0x32 0x0 0x3 0x7f 0x82 0x87 0x89 0x4d 0x80 0x4f 0x80 0xa6 0x82 0xeb 0x7b 0x67 0x70 0x6a 0x80 0x26 0x25 0xaa 0xfe 0x73 0xe7 0x15 0xee 0x0 0x0 0x0 0x0 0x0 0xc 0x0 0x80 0x0 0xa4 0xa4 0x0 0x4 0xcb 0x5 0x0 0x0
1787979070701,0x1 0x89 0xd 0x50 0xa4 0xb2 0x63 0xd 0x0 0x0 0xd 0x24 0x35 0x0 0x38 0x14 0x7 0x14 0x73 0x0 0x9f 0x2 0xa0 0x2 0x0 0x28 0x65 0x1 0x0 0x39 0x0 0x92 0x0 0x8d 0x0 0xa5 0x0 0x9f 0x9f 0x9f 0x9f 0x9f 0x9f 0xe 0x3 0x7 0x3 0x24 0x3 0xa 0x3 0x11 0x3 0xa 0x3 0x28 0x3 0xa 0x3 0x32 0x0 0x3 0x86 0x81 0x86 0x89 0x4d 0x80 0x4f 0x80 0xa6 0x82 0xeb 0x7b 0x67 0x70 0x6a 0x80 0x22 0x25 0xa6 0xfe 0x73 0xe7 0x15 0xee 0x0 0x0 0x0 0x0 0x0 0xc 0x0 0x80 0x0 0xa4 0xa4 0x0 0x4 0xcb 0x5 0x0 0x0
1787979070924,0x1 0x8b 0xd 0x50 0xa4 0xb2 0x63 0xd 0x0 0x0 0xd 0x23 0x35 0x0 0x31 0x14 0x7 0x14 0x73 0x0 0xa0 0x2 0xa0 0x2 0x0 0x28 0x65 0x1 0x0 0x1d 0x0 0x56 0x0 0x8d 0x0 0xa5 0x0 0xa0 0xa0 0xa0 0xa0 0xa0 0xa0 0x2c 0x3 0xb 0x3 0x2c 0x3 0x9 0x3 0x2b 0x3 0x8 0x3 0x2b 0x3 0x8 0x3 0x32 0x0 0x3 0x88 0x7f 0x86 0x89 0x4d 0x80 0x4f 0x80 0xa6 0x82 0xeb 0x7b 0x67 0x70 0x69 0x80 0x2e 0x25 0xb2 0xfe 0x73 0xe7 0x15 0xee 0x0 0x0 0x0 0x0 0x0 0xc 0x0 0x80 0x0 0xa4 0xa4 0x0 0x4 0xac 0x5 0x0 0x0
1787979071149,0x1 0x8b 0xd 0x50 0xa4 0xb1 0x64 0xd 0x0 0x0 0xd 0x23 0x34 0x0 0x94 0x13 0xbe 0x13 0x73 0x0 0xa8 0x2 0xa0 0x2 0x0 0x28 0x65 0x1 0x0 0x15 0x0 0x27 0x0 0x8c 0x0 0xa5 0x0 0xa3 0xa3 0xa3 0xa3 0xa3 0xa3 0x24 0x3 0x16 0x3 0x27 0x3 0x16 0x3 0x26 0x3 0x16 0x3 0x24 0x3 0x14 0x3 0x32 0x0 0x3 0x89 0x88 0x86 0x88 0x4d 0x80 0x4f 0x80 0xa6 0x82 0xeb 0x7b 0x67 0x70 0x69 0x80 0x28 0x25 0xac 0xfe 0x73 0xe7 0x15 0xee 0x0 0x0 0x0 0x0 0x0 0xc 0x0 0x80 0x0 0xa4 0xa4 0x0 0x4 0xac 0x5 0x0 0x0
1787979071371,0x1 0x88 0xd 0x50 0xa4 0xb1 0x64 0xd 0x0 0x0 0xd 0x24 0x34 0x0 0xcf 0x13 0xde 0x13 0x73 0x0 0xa0 0x2 0xa0 0x2 0x0 0x28 0x65 0x1 0x0 0x17 0x0 0x19 0x0 0x8b 0x0 0xa4 0x0 0xa0 0xa0 0xa0 0xa0 0xa0 0xa0 0x2d 0x3 0x1e 0x3 0x2d 0x3 0x17 0x3 0x29 0x3 0x1c 0x3 0x2d 0x3 0x1d 0x3 0x32 0x0 0x3 0x8a 0x8a 0x86 0x88 0x4d 0x80 0x4f 0x80 0xa6 0x82 0xeb 0x7b 0x67 0x70 0x69 0x80 0x2c 0x25 0xb0 0xfe 0x73 0xe7 0x15 0xee 0x0 0x0 0x0 0x0 0x0 0xc 0x0 0x80 0x0 0xa4 0xa4 0x0 0x4 0xdd 0x5 0x0 0x0
1787979071596,0x1 0x8a 0xd 0x50 0xa4 0xb1 0x64 0xd 0x0 0x0 0xd 0x23 0x34 0x0 0xb1 0x13 0xa1 0x13 0x73 0x0 0xa4 0x2 0xa0 0x2 0x0 0x28 0x65 0x1 0x0 0x25 0x0 0x16 0x0 0x8a 0x0 0xa4 0x0 0xa2 0xa2 0xa2 0xa2 0xa2 0xa2 0x2a 0x3 0x17 0x3 0x27 0x3 0x18 0x3 0x29 0x3 0x1c 0x3 0x29 0x3 0x18 0x3 0x32 0x0 0x3 0x8b 0x8b 0x86 0x88 0x4d 0x80 0x4f 0x80 0xa6 0x82 0xeb 0x7b 0x67 0x70 0x69 0x80 0x2c 0x25 0xb0 0xfe 0x73 0xe7 0x15 0xee 0x0 0x0 0x0 0x0 0x0 0xc 0x0 0x80 0x0 0xa4 0xa4 0x0 0x4 0xb9 0x5 0x0 0x0
1787979071819,0x1 0x8a 0xd 0x50 0xa4 0xb1 0x64 0xd 0x0 0x0 0xd 0x22 0x34 0x0 0xa2 0x13 0xa0 0x13 0x73 0x0 0xa6 0x2 0xa0 0x2 0x0 0x28 0x65 0x1 0x0 0x5a 0x0 0x14 0x0 0x8a 0x0 0xa3 0x0 0xa2 0xa2 0xa2 0xa2 0xa2 0xa2 0x29 0x3 0x19 0x3 0x2b 0x3 0x1e 0x3 0x2b 0x3 0x1b 0x3 0x2b 0x3 0x1b 0x3 0x32 0x0 0x3 0x8d 0x8c 0x86 0x88 0x4d 0x80 0x4f 0x80 0xa6 0x82 0xeb 0x7b 0x67 0x70 0x69 0x80 0x24 0x25 0xaa 0xfe 0x73 0xe7 0x15 0xee 0x0 0x0 0x0 0x0 0x0 0xc 0x0 0x80 0x0 0xa4 0xa4 0x0 0x4 0xb9 0x5 0x0 0x0
1787979072044,0x1 0x8b 0xd 0x50 0xa4 0xb1 0x64 0xd 0x0 0x0 0xd 0x23 0x34 0x0 0x8c 0x13 0x8c 0x13 0x73 0x0 0xa9 0x2 0xa0 0x2 0x0 0x28 0x65 0x1 0x0 0x97 0x0 0x16 0x0 0x8a 0x0 0xa3 0x0 0xa2 0xa2 0xa2 0xa2 0xa2 0xa2 0x13 0x3 0x1b 0x3 0x2c 0x3 0x1b 0x3 0x15 0x3 0x1c 0x3 0x12 0x3 0x1b 0x3 0x32 0x0 0x3 0x84 0x8e 0x86 0x88 0x4d 0x80 0x4f 0x80 0xa6 0x82 0xeb 0x7b 0x67 0x70 0x68 0x80 0x1e 0x25 0xa4 0xfe 0x73 0xe7 0x15 0xee 0x0 0x0 0x0 0x0 0x0 0xc 0x0 0x80 0x0 0xa4 0xa4 0x0 0x4 0xac 0x5 0x0 0x0
1787979072268,0x1 0x8b 0xd 0x50 0xa4 0xb1 0x64 0xd 0x0 0x0 0xd 0x22 0x34 0x0 0xc0 0x13 0x9e 0x13 0x73 0x0 0xa2 0x2 0xa0 0x2 0x0 0x28 0x65 0x1 0x0 0xa1 0x0 0x1e 0x0 0x8b 0x0 0xa2 0x0 0xa1 0xa1 0xa1 0xa1 0xa1 0xa1 0x12 0x3 0x21 0x3 0x14 0x3 0x1f 0x3 0x16 0x3 0x1e 0x3 0x14 0x3 0x22 0x3 0x32 0x0 0x3 0x83 0x8f 0x86 0x88 0x4d 0x80 0x4f 0x80 0xa6 0x82 0xeb 0x7b 0x67 0x70 0x68 0x80 0x1a 0x25 0xa0 0xfe 0x73 0xe7 0x15 0xee 0x0 0x0 0x0 0x0 0x0 0xc 0x0 0x80 0x0 0xa4 0xa4 0x0 0x4 0xac 0x5 0x0 0x0
1787979072492,0x1 0x89 0xd 0x50 0xa4 0xb1 0x64 0xd 0x0 0x0 0xd 0x23 0x34 0x0 0xaa 0x13 0x9f 0x13 0x73 0x0 0xa5 0x2 0xa0 0x2 0x0 0x28 0x65 0x1 0x0 0x9e 0x0 0x4a 0x0 0x8b 0x0 0xa1 0x0 0xa2 0xa2 0xa2 0xa2 0xa2 0xa2 0xe 0x3 0x22 0x3 0x10 0x3 0x26 0x3 0x11 0x3 0x24 0x3 0x11 0x3 0x26 0x3 0x32 0x0 0x3 0x82 0x90 0x86 0x88 0x4d 0x80 0x4f 0x80 0xa6 0x82 0xeb 0x7b 0x65 0x6f 0x68 0x7f 0x16 0x25 0x9c 0xfe 0x73 0xe7 0x15 0xee 0x0 0x0 0x0 0x0 0x0 0xc 0x0 0x80 0x0 0xa4 0xa4 0x0 0x4 0xcb 0x5 0x0 0x0
1787979072716,0x1 0x8b 0xd 0x50 0xa4 0xb1 0x64 0xd 0x0 0x0 0xd 0x23 0x34 0x0 0xb9 0x13 0xaa 0x13 0x73 0x0 0xa3 0x2 0xa0 0x2 0x0 0x28 0x65 0x1 0x0 0x96 0x0 0x85 0x0 0x8c 0x0 0xa1 0x0 0xa1 0xa1 0xa1 0xa1 0xa1 0xa1 0xd 0x3 0x24 0x3 0xe 0x3 0x28 0x3 0xe 0x3 0x2a 0x3 0xd 0x3 0x2a 0x3 0x32 0x0 0x3 0x81 0x91 0x86 0x88 0x4d 0x80 0x4f 0x80 0xa6 0x82 0xeb 0x7b 0x65 0x6f 0x68 0x7f 0x10 0x25 0x96 0xfe 0x73 0xe7 0x15 0xee 0x0 0x0 0x0 0x0 0x0 0xc 0x0 0x80 0x0 0xa4 0xa4 0x0 0x4 0xac 0x5 0x0 0x0
1787979072939,0x1 0x8a 0xd 0x50 0xa4 0xb1 0x64 0xd 0x0 0x0 0xd 0x24 0x34 0x0 0xcf 0x13 0xd9 0x13 0x73 0x0 0xa0 0x2 0xa0 0x2 0x0 0x28 0x65 0x1 0x0 0x80 0x0 0xa1 0x0 0x8c 0x0 0xa0 0x0 0x9f 0x9f 0x9f 0x9f 0x9f 0x9f 0x11 0x3 0x1a 0x3 0xf 0x3 0x2d 0x3 0xf 0x3 0x30 0x3 0x10 0x3 0x1a 0x3 0x32 0x0 0x3 0x7f 0x89 0x86 0x88 0x4d 0x80 0x4f 0x80 0xa6 0x82 0xeb 0x7b 0x65 0x6f 0x69 0x7f 0x14 0x25 0x9a 0xfe 0x73 0xe7 0x15 0xee 0x0 0x0 0x0 0x0 0x0 0xc 0x0 0x80 0x0 0xa4 0xa4 0x0 0x4 0xb9 0x5 0x0 0x0
1787979073164,0x1 0x8b 0xd 0x50 0xa4 0xb1 0x64 0xd 0x0 0x0 0xd 0x23 0x33 0x0 0x84 0x13 0xed 0x13 0x73 0x0 0x9d 0x2 0xa0 0x2 0x0 0x28 0x65 0x1 0x0 0x27 0x0 0xa4 0x0 0x8b 0x0 0xa0 0x0 0x9f 0x9f 0x9f 0x9f 0x9f 0x9f 0x28 0x3 0x1d 0x3 0x2a 0x3 0x1a 0x3 0x15 0x3 0x1e 0x3 0x28 0x3 0x1a 0x3 0x32 0x0 0x3 0x87 0x87 0x86 0x88 0x4d 0x80 0x4f 0x80 0xa6 0x82 0xeb 0x7b 0x65 0x6f 0x69 0x7f 0x1a 0x25 0xa0 0xfe 0x73 0xe7 0x15 0xee 0x0 0x0 0x0 0x0 0x0 0xc 0x0 0x80 0x0 0xa4 0xa4 0x0 0x4 0xac 0x5 0x0 0x0
1787979073388,0x1 0x88 0xd 0x50 0xa4 0xb1 0x64 0xd 0x0 0x0 0xd 0x22 0x33 0x0 0x66 0x13 0xa8 0x13 0x73 0x0 0xa1 0x2 0xa0 0x2 0x0 0x28 0x65 0x1 0x0 0x16 0x0 0xa5 0x0 0x8a 0x0 0xa1 0x0 0xa0 0xa0 0xa0 0xa0 0xa0 0xa0 0x26 0x3 0x13 0x3 0x25 0x3 0x10 0x3 0x23 0x3 0x18 0x3 0x23 0x3 0xe 0x3 0x32 0x0 0x3 0x89 0x86 0x86 0x88 0x4d 0x80 0x4f 0x80 0xa6 0x82 0xeb 0x7b 0x68 0x72 0x69 0x80 0x1a 0x25 0xa0 0xfe 0x73 0xe7 0x15 0xee 0x0 0x0 0x0 0x0 0x0 0xc 0x0 0x80 0x0 0xa4 0xa4 0x0 0x4 0xdd 0x5 0x0 0x0
1787979073612,0x1 0x89 0xd 0x50 0xa4 0xb1 0x64 0xd 0x0 0x0 0xd 0x23 0x35 0x0 0x1a 0x14 0x5 0x14 0x73 0x0 0xa3 0x2 0xa0 0x2 0x0 0x28 0x65 0x1 0x0 0x13 0x0 0xa3 0x0 0x8a 0x0 0xa1 0x0 0xa2 0xa2 0xa2 0xa2 0xa2 0xa2 0x31 0x3 0xe 0x3 0x2a 0x3 0x14 0x3 0x30 0x3 0x15 0x3 0x31 0x3 0x14 0x3 0x32 0x0 0x3 0x8a 0x85 0x86 0x88 0x4d 0x80 0x4f 0x80 0xa6 0x82 0xeb 0x7b 0x68 0x72 0x69 0x80 0x1e 0x25 0xa4 0xfe 0x73 0xe7 0x15 0xee 0x0 0x0 0x0 0x0 0x0 0xc 0x0 0x80 0x0 0xa4 0xa4 0x0 0x4 0xcb 0x5 0x0 0x0
1787979073836,0x1 0x8c 0xd 0x50 0xa4 0xb1 0x64 0xd 0x0 0x0 0xd 0x23 0x35 0x0 0xcf 0x13 0xb4 0x13 0x73 0x0 0xad 0x2 0xa0 0x2 0x0 0x28 0x65 0x1 0x0 0x15 0x0 0x9c 0x0 0x89 0x0 0xa2 0x0 0xa4 0xa4 0xa4 0xa4 0xa4 0xa4 0x28 0x3 0x7 0x3 0x2f 0x3 0xd 0x3 0x2a 0x3 0x8 0x3 0x29 0x3 0x7 0x3 0x32 0x0 0x3 0x8b 0x84 0x86 0x88 0x4d 0x80 0x4f 0x80 0xa6 0x82 0xeb 0x7b 0x68 0x72 0x69 0x80 0x18 0x25 0x9e 0xfe 0x73 0xe7 0x15 0xee 0x0 0x0 0x0 0x0 0x0 0xc 0x0 0x80 0x0 0xa4 0xa4 0x0 0x4 0x9f 0x5 0x0 0x0
1787979074060,0x1 0x8b 0xd 0x50 0xa4 0xb1 0x64 0xd 0x0 0x0 0xd 0x24 0x35 0x0 0x31 0x14 0xd3 0x13 0x73 0x0 0xa0 0x2 0xa0 0x2 0x0 0x28 0x65 0x1 0x0 0x35 0x0 0x92 0x0 0x89 0x0 0xa3 0x0 0x9c 0x9c 0x9c 0x9c 0x9c 0x9c 0x29 0x3 0x3 0x3 0x2d 0x3 0x7 0x3 0x28 0x3 0x2 0x3 0x32 0x3 0x7 0x3 0x32 0x0 0x3 0x8d 0x82 0x86 0x88 0x4d 0x80 0x4f 0x80 0xa6 0x82 0xeb 0x7b 0x68 0x72 0x69 0x80 0x14 0x25 0x9a 0xfe 0x73 0xe7 0x15 0xee 0x0 0x0 0x0 0x0 0x0 0xc 0x0 0x80 0x0 0xa4 0xa4 0x0 0x4 0xac 0x5 0x0 0x0
1787979074284,0x1 0x89 0xd 0x50 0xa4 0xb1 0x64 0xd 0x0 0x0 0xd 0x24 0x35 0x0 0x31 0x14 0x23 0x14 0x73 0x0 0xa0 0x2 0xa0 0x2 0x0 0x28 0x65 0x1 0x0 0x88 0x0 0x76 0x0 0x89 0x0 0xa3 0x0 0xa0 0xa0 0xa0 0xa0 0xa0 0xa0 0x39 0x3 0xd 0x3 0x3c 0x3 0xe 0x3 0x28 0x3 0xe 0x3 0x29 0x3 0xe 0x3 0x32 0x0 0x3 0x85 0x81 0x86 0x88 0x4d 0x80 0x4f 0x80 0xa6 0x82 0xeb 0x7b 0x68 0x72 0x69 0x80 0x1a 0x25 0xa0 0xfe 0x73 0xe7 0x15 0xee 0x0 0x0 0x0 0x0 0x0 0xc 0x0 0x80 0x0 0xa4 0xa4 0x0 0x4 0xcb 0x5 0x0 0x0
1787979074507,0x1 0x88 0xd 0x50 0xa4 0xb1 0x64 0xd 0x0 0x0 0xd 0x23 0x35 0x0 0xec 0x13 0xeb 0x13 0x73 0x0 0xa9 0x2 0xa0 0x2 0x0 0x28 0x65 0x1 0x0 0xa4 0x0 0x32 0x0 0x89 0x0 0xa3 0x0 0xa3 0xa3 0xa3 0xa3 0xa3 0xa3 0x1d 0x3 0xe 0x3 0x27 0x3 0xb 0x3 0x22 0x3 0x1a 0x3 0x1d 0x3 0x1a 0x3 0x32 0x0 0x3 0x84 0x89 0x86 0x89 0x4d 0x80 0x4f 0x80 0xa6 0x82 0xeb 0x7b 0x67 0x70 0x69 0x80 0x1c 0x25 0xa2 0xfe 0x73 0xe7 0x15 0xee 0x0 0x0 0x0 0x0 0x0 0xc 0x0 0x80 0x0 0xa4 0xa4 0x0 0x4 0xdd 0x5 0x0 0x0
1787979074731,0x1 0x8b 0xd 0x50 0xa4 0xb1 0x64 0xd 0x0 0x0 0xd 0x25 0x35 0x0 0xc0 0x13 0x9b 0x13 0x73 0x0 0xaf 0x2 0xa0 0x2 0x0 0x28 0x65 0x1 0x0 0xa6 0x0 0x1d 0x0 0x8b 0x0 0xa3 0x0 0xa5 0xa5 0xa5 0xa5 0xa5 0xa5 0xf 0x3 0x13 0x3 0x18 0x3 0x15 0x3 0x13 0x3 0x13 0x3 0x10 0x3 0x13 0x3 0x32 0x0 0x3 0x83 0x8a 0x86 0x89 0x4d 0x80 0x4f 0x80 0xa6 0x82 0xeb 0x7b 0x67 0x70 0x69 0x80 0x16 0x25 0x9c 0xfe 0x73 0xe7 0x15 0xee 0x0 0x0 0x0 0x0 0x0 0xc 0x0 0x80 0x0 0xa4 0xa4 0x0 0x4 0xac 0x5 0x0 0x0
1787979074955,0x1 0x8b 0xd 0x50 0xa4 0xb1 0x64 0xd 0x0 0x0 0xd 0x23 0x35 0x0 0x87 0x14 0xb 0x14 0x73 0x0 0x95 0x2 0xa0 0x2 0x0 0x28 0x65 0x1 0x0 0xa5 0x0 0x1b 0x0 0x8d 0x0 0xa3 0x0 0x98 0x98 0x98 0x98 0x98 0x98 0x18 0x3 0x1f 0x3 0x19 0x3 0x27 0x3 0x15 0x3 0x1d 0x3 0x1c 0x3 0x27 0x3 0x32 0x0 0x3 0x81 0x8b 0x86 0x89 0x4d 0x80 0x4f 0x80 0xa6 0x82 0xeb 0x7b 0x67 0x70 0x69 0x80 0x1a 0x25 0xa0 0xfe 0x73 0xe7 0x15 0xee 0x0 0x0 0x0 0x0 0x0 0xc 0x0 0x80 0x0 0xa4 0xa4 0x0 0x4 0xac 0x5 0x0 0x0
1787979075178,0x1 0x8a 0xd 0x50 0xa4 0xb1 0x64 0xd 0x0 0x0 0xd 0x22 0x33 0x0 0x49 0x13 0xdd 0x13 0x73 0x0 0xa5 0x2 0xa0 0x2 0x0 0x28 0x65 0x1 0x0 0xa0 0x0 0x1b 0x0 0x8d 0x0 0xa2 0x0 0xa2 0xa2 0xa2 0xa2 0xa2 0xa2 0x1c 0x3 0x2a 0x3 0x1b 0x3 0x2a 0x3 0x18 0x3 0x25 0x3 0x13 0x3 0x25 0x3 0x32 0x0 0x3 0x80 0x8d 0x86 0x89 0x4d 0x80 0x4f 0x80 0xa6 0x82 0xeb 0x7b 0x67 0x70 0x69 0x80 0x2c 0x25 0xb2 0xfe 0x73 0xe7 0x15 0xee 0x0 0x0 0x0 0x0 0x0 0xc 0x0 0x80 0x0 0xa4 0xa4 0x0 0x4 0xb9 0x5 0x0 0x0
1787979075402,0x1 0x89 0xd 0x50 0xa4 0xb1 0x64 0xd 0x0 0x0 0xd 0x22 0x34 0x0 0x6f 0x13 0x9d 0x13 0x73 0x0 0xad 0x2 0xa0 0x2 0x0 0x28 0x65 0x1 0x0 0x99 0x0 0x30 0x0 0x8d 0x0 0xa2 0x0 0xa4 0xa4 0xa4 0xa4 0xa4 0xa4 0x5 0x3 0x1c 0x3 0x6 0x3 0x1b 0x3 0x7 0x3 0x1e 0x3 0x5 0x3 0x1e 0x3 0x32 0x0 0x3 0x7f 0x8e 0x86 0x89 0x4d 0x80 0x4f 0x80 0xa6 0x82 0xeb 0x7b 0x67 0x70 0x69 0x80 0x26 0x25 0xac 0xfe 0x73 0xe7 0x15 0xee 0x0 0x0 0x0 0x0 0x0 0xc 0x0 0x80 0x0 0xa4 0xa4 0x0 0x4 0xcb 0x5 0x0 0x0
1787979075626,0x1 0x8a 0xd 0x50 0xa4 0xb1 0x64 0xd 0x0 0x0 0xd 0x23 0x34 0x0 0xde 0x13 0xa4 0x13 0x73 0x0 0x9e 0x2 0xa0 0x2 0x0 0x28 0x65 0x1 0x0 0x93 0x0 0x8e 0x0 0x8c 0x0 0xa1 0x0 0x9e 0x9e 0x9e 0x9e 0x9e 0x9e 0x4 0x3 0x20 0x3 0x5 0x3 0x20 0x3 0x4 0x3 0x20 0x3 0x5 0x3 0x23 0x3 0x32 0x0 0x3 0x7d 0x8f 0x86 0x89 0x4d 0x80 0x4f 0x80 0xa6 0x82 0xeb 0x7b 0x67 0x70 0x69 0x80 0x20 0x25 0xa6 0xfe 0x73 0xe7 0x15 0xee 0x0 0x0 0x0 0x0 0x0 0xc 0x0 0x80 0x0 0xa4 0xa4 0x0 0x4 0xb9 0x5 0x0 0x0
1787979075850,0x1 0x8b 0xd 0x50 0xa4 0xb1 0x64 0xd 0x0 0x0 0xd 0x23 0x34 0x0 0xc0 0x13 0xad 0x13 0x73 0x0 0xa2 0x2 0xa0 0x2 0x0 0x28 0x65 0x1 0x0 0x5e 0x0 0xa1 0x0 0x8c 0x0 0xa1 0x0 0xa1 0xa1 0xa1 0xa1 0xa1 0xa1 0x3 0x3 0xf 0x3 0x4 0x3 0x10 0x3 0x4 0x3 0x21 0x3 0x4 0x3 0x10 0x3 0x32 0x0 0x3 0x7c 0x86 0x86 0x87 0x4d 0x80 0x4f 0x80 0xa6 0x82 0xeb 0x7b 0x67 0x70 0x69 0x80 0x2e 0x25 0xb4 0xfe 0x73 0xe7 0x15 0xee 0x0 0x0 0x0 0x0 0x0 0xc 0x0 0x80 0x0 0xa4 0xa4 0x0 0x4 0xac 0x5 0x0 0x0
1787979076074,0x1 0x88 0xd 0x50 0xa4 0xb1 0x64 0xd 0x0 0x0 0xd 0x23 0x34 0x0 0x85 0x13 0xa6 0x13 0x73 0x0 0xaa 0x2 0xa0 0x2 0x0 0x28 0x65 0x1 0x0 0x23 0x0 0xa3 0x0 0x8b 0x0 0xa1 0x0 0xa4 0xa4 0xa4 0xa4 0xa4 0xa4 0x17 0x3 0xd 0x3 0x16 0x3 0xa 0x3 0x17 0x3 0x9 0x3 0x16 0x3 0x9 0x3 0x32 0x0 0x3 0x85 0x85 0x85 0x87 0x4d 0x80 0x4f 0x80 0xa6 0x82 0xeb 0x7b 0x67 0x70 0x69 0x80 0x28 0x25 0xae 0xfe 0x73 0xe7 0x15 0xee 0x0 0x0 0x0 0x0 0x0 0xc 0x0 0x80 0x0 0xa4 0xa4 0x0 0x4 0xdd 0x5 0x0 0x0
1787979076298,0x1 0x8a 0xd 0x50 0xa4 0xb1 0x64 0xd 0x0 0x0 0xd 0x23 0x35 0x0 0x31 0x14 0xc 0x14 0x73 0x0 0xa0 0x2 0xa0 0x2 0x0 0x28 0x65 0x1 0x0 0x14 0x0 0xa2 0x0 0x8a 0x0 0xa1 0x0 0xa0 0xa0 0xa0 0xa0 0xa0 0xa0 0x27 0x3 0x5 0x3 0x18 0x3 0xc 0x3 0x21 0x3 0x12 0x3 0x27 0x3 0x13 0x3 0x32 0x0 0x3 0x86 0x84 0x85 0x87 0x4d 0x80 0x4f 0x80 0xa6 0x82 0xeb 0x7b 0x67 0x70 0x69 0x80 0x28 0x25 0xae 0xfe 0x73 0xe7 0x15 0xee 0x0 0x0 0x0 0x0 0x0 0xc 0x0 0x80 0x0 0xa4 0xa4 0x0 0x4 0xb9 0x5 0x0 0x0
1787979076522,0x1 0x8b 0xd 0x50 0xa4 0xb1 0x64 0xd 0x0 0x0 0xd 0x23 0x34 0x0 0xcf 0x13 0xdd 0x13 0x73 0x0 0xa0 0x2 0xa0 0x2 0x0 0x28 0x65 0x1 0x0 0x10 0x0 0x96 0x0 0x89 0x0 0xa1 0x0 0xa0 0xa0 0xa0 0xa0 0xa0 0xa0 0x26 0x3 0xb 0x3 0x26 0x3 0x12 0x3 0x27 0x3 0xd 0x3 0x26 0x3 0xb 0x3 0x32 0x0 0x3 0x87 0x82 0x85 0x87 0x4d 0x80 0x4f 0x80 0xa6 0x82 0xeb 0x7b 0x67 0x70 0x69 0x80 0x28 0x25 0xae 0xfe 0x73 0xe7 0x15 0xee 0x0 0x0 0x0 0x0 0x0 0xc 0x0 0x80 0x0 0xa4 0xa4 0x0 0x4 0xac 0x5 0x0 0x0
1787979076746,0x1 0x8b 0xd 0x50 0xa4 0xb1 0x64 0xd 0x0 0x0 0xd 0x23 0x34 0x0 0x9b 0x13 0xc5 0x13 0x73 0x0 0xa7 0x2 0xa0 0x2 0x0 0x28 0x65 0x1 0x0 0x10 0x0 0x6f 0x0 0x88 0x0 0xa2 0x0 0xa3 0xa3 0xa3 0xa3 0xa3 0xa3 0x25 0x3 0x3 0x3 0x26 0x3 0x5 0x3 0x24 0x3 0x7 0x3 0x24 0x3 0x2 0x3 0x32 0x0 0x3 0x89 0x81 0x85 0x87 0x4d 0x80 0x4f 0x80 0xa6 0x82 0xeb 0x7b 0x67 0x70 0x69 0x80 0x24 0x25 0xaa 0xfe 0x73 0xe7 0x15 0xee 0x0 0x0 0x0 0x0 0x0 0xc 0x0 0x80 0x0 0xa4 0xa4 0x0 0x4 0xac 0x5 0x0 0x0
1787979076970,0x1 0x8a 0xd 0x50 0xa4 0xb1 0x64 0xd 0x0 0x0 0xd 0x23 0x35 0x0 0x40 0x14 0xe2 0x13 0x73 0x0 0x9e 0x2 0xa0 0x2 0x0 0x28 0x65 0x1 0x0 0x12 0x0 0x46 0x0 0x87 0x0 0xa2 0x0 0x9f 0x9f 0x9f 0x9f 0x9f 0x9f 0x22 0x3 0xfc 0x2 0x23 0x3 0x17 0x3 0x2b 0x3 0x1b 0x3 0x2f 0x3 0x1b 0x3 0x32 0x0 0x3 0x8a 0x89 0x85 0x88 0x4d 0x80 0x4f 0x80 0xa6 0x82 0xeb 0x7b 0x67 0x70 0x69 0x80 0x28 0x25 0xae 0xfe 0x73 0xe7 0x15 0xee 0x0 0x0 0x0 0x0 0x0 0xc 0x0 0x80 0x0 0xa4 0xa4 0x0 0x4 0xb9 0x5 0x0 0x0
1787979077194,0x1 0x8a 0xd 0x50 0xa4 0xb1 0x64 0xd 0x0 0x0 0xd 0x23 0x35 0x0 0x50 0x14 0x3a 0x14 0x73 0x0 0x9c 0x2 0xa0 0x2 0x0 0x28 0x65 0x1 0x0 0x19 0x0 0x25 0x0 0x86 0x0 0xa2 0x0 0x9e 0x9e 0x9e 0x9e 0x9e 0x9e 0x3b 0x3 0x28 0x3 0x35 0x3 0x27 0x3 0x3a 0x3 0x28 0x3 0x3c 0x3 0x28 0x3 0x32 0x0 0x3 0x8b 0x8a 0x85 0x88 0x4d 0x80 0x4f 0x80 0xa6 0x82 0xeb 0x7b 0x67 0x70 0x69 0x80 0x42 0x25 0xc8 0xfe 0x73 0xe7 0x15 0xee 0x0 0x0 0x0 0x0 0x0 0xc 0x0 0x80 0x0 0xa4 0xa4 0x0 0x4 0xb9 0x5 0x0 0x0
1787979077418,0x1 0x8b 0xd 0x50 0xa4 0xb1 0x64 0xd 0x0 0x0 0xd 0x23 0x33 0x0 0x16 0x13 0x72 0x13 0x73 0x0 0xac 0x2 0xa0 0x2 0x0 0x28 0x65 0x1 0x0 0x24 0x0 0x17 0x0 0x85 0x0 0xa2 0x0 0xa4 0xa4 0xa4 0xa4 0xa4 0xa4 0x29 0x3 0x16 0x3 0x25 0x3 0x28 0x3 0x35 0x3 0x1b 0x3 0x25 0x3 0x12 0x3 0x32 0x0 0x3 0x8d 0x8b 0x85 0x88 0x4d 0x80 0x4f 0x80 0xa6 0x82 0xeb 0x7b 0x67 0x70 0x69 0x80 0x42 0x25 0xc8 0xfe 0x73 0xe7 0x15 0xee 0x0 0x0 0x0 0x0 0x0 0xc 0x0 0x80 0x0 0xa4 0xa4 0x0 0x4 0xac 0x5 0x0 0x0
1787979077642,0x1 0x8b 0xd 0x50 0xa4 0xb1 0x64 0xd 0x0 0x0 0xd 0x23 0x34 0x0 0x76 0x13 0xa2 0x13 0x73 0x0 0xac 0x2 0xa0 0x2 0x0 0x28 0x65 0x1 0x0 0x6c 0x0 0x17 0x0 0x87 0x0 0xa1 0x0 0xa4 0xa4 0xa4 0xa4 0xa4 0xa4 0x2a 0x3 0x19 0x3 0x2f 0x3 0x1c 0x3 0x2e 0x3 0x18 0x3 0x2e 0x3 0x1d 0x3 0x32 0x0 0x3 0x8e 0x8d 0x85 0x88 0x4d 0x80 0x4f 0x80 0xa6 0x82 0xeb 0x7b 0x67 0x70 0x69 0x80 0x3a 0x25 0xc0 0xfe 0x73 0xe7 0x15 0xee 0x0 0x0 0x0 0x0 0x0 0xc 0x0 0x80 0x0 0xa4 0xa4 0x0 0x4 0xac 0x5 0x0 0x0
1787979077866,0x1 0x8c 0xd 0x50 0xa4 0xb1 0x64 0xd 0x0 0x0 0xd 0x24 0x34 0x0 0x85 0x13 0x67 0x13 0x73 0x0 0xaa 0x2 0xa0 0x2 0x0 0x28 0x65 0x1 0x0 0x9d 0x0 0x1e 0x0 0x88 0x0 0xa1 0x0 0xa4 0xa4 0xa4 0xa4 0xa4 0xa4 0x10 0x3 0x19 0x3 0x13 0x3 0x17 0x3 0x12 0x3 0x19 0x3 0x10 0x3 0x19 0x3 0x32 0x0 0x3 0x85 0x8e 0x85 0x88 0x4d 0x80 0x4f 0x80 0xa6 0x82 0xeb 0x7b 0x67 0x70 0x6a 0x80 0x32 0x25 0xb8 0xfe 0x73 0xe7 0x15 0xee 0x0 0x0 0x0 0x0 0x0 0xc 0x0 0x80 0x0 0xa4 0xa4 0x0 0x4 0x9f 0x5 0x0 0x0
1787979078090,0x1 0x89 0xd 0x50 0xa4 0xb1 0x64 0xd 0x0 0x0 0xd 0x23 0x35 0x0 0xf4 0x13 0xae 0x13 0x73 0x0 0xa8 0x2 0xa0 0x2 0x0 0x28 0x65 0x1 0x0 0xa4 0x0 0x36 0x0 0x89 0x0 0xa0 0x0 0xa3 0xa3 0xa3 0xa3 0xa3 0xa3 0x13 0x3 0x24 0x3 0xf 0x3 0x18 0x3 0xe 0x3 0x1d 0x3 0x15 0x3 0x24 0x3 0x32 0x0 0x3 0x84 0x8f 0x85 0x88 0x4d 0x80 0x4f 0x80 0xa6 0x82 0xeb 0x7b 0x67 0x70 0x6a 0x80 0x2c 0x25 0xb2 0xfe 0x73 0xe7 0x15 0xee 0x0 0x0 0x0 0x0 0x0 0xc 0x0 0x80 0x0 0xa4 0xa4 0x0 0x4 0xcb 0x5 0x0 0x0
1787979078314,0x1 0x8a 0xd 0x50 0xa4 0xb1 0x64 0xd 0x0 0x0 0xd 0x21 0x32 0x0 0xf7 0x12 0x16 0x13 0x73 0x0 0xa3 0x2 0xa0 0x2 0x0 0x28 0x65 0x1 0x0 0x9f 0x0 0x7d 0x0 0x8a 0x0 0x9f 0x0 0xa2 0xa2 0xa2 0xa2 0xa2 0xa2 0x6 0x3 0x19 0x3 0x4 0x3 0x17 0x3 0xd 0x3 0x1b 0x3 0x2 0x3 0x17 0x3 0x32 0x0 0x3 0x82 0x90 0x85 0x88 0x4d 0x80 0x4f 0x80 0xa6 0x82 0xeb 0x7b 0x67 0x70 0x6a 0x80 0x2a 0x25 0xb0 0xfe 0x73 0xe7 0x15 0xee 0x0 0x0 0x0 0x0 0x0 0xc 0x0 0x80 0x0 0xa4 0xa4 0x0 0x4 0xb9 0x5 0x0 0x0
1787979078537,0x1 0x8b 0xd 0x50 0xa4 0xb1 0x64 0xd 0x0 0x0 0xd 0x23 0x35 0x0 0x48 0x14 0xe3 0x13 0x73 0x0 0x9d 0x2 0xa0 0x2 0x0 0x28 0x65 0x1 0x0 0x95 0x0 0x9b 0x0 0x8a 0x0 0x9f 0x0 0x9f 0x9f 0x9f 0x9f 0x9f 0x9f 0x8 0x3 0x21 0x3 0xe 0x3 0x2d 0x3 0x16 0x3 0x1c 0x3 0x16 0x3 0x1b 0x3 0x32 0x0 0x3 0x81 0x88 0x85 0x88 0x4d 0x80 0x4f 0x80 0xa6 0x82 0xeb 0x7b 0x68 0x72 0x6a 0x81 0x2a 0x25 0xb0 0xfe 0x73 0xe7 0x15 0xee 0x0 0x0 0x0 0x0 0x0 0xc 0x0 0x80 0x0 0xa4 0xa4 0x0 0x4 0xac 0x5 0x0 0x0
1787979078762,0x1 0x8c 0xd 0x50 0xa4 0xb1 0x64 0xd 0x0 0x0 0xd 0x23 0x34 0x0 0xa2 0x13 0xe0 0x13 0x73 0x0 0xa6 0x2 0xa0 0x2 0x0 0x28 0x65 0x1 0x0 0x52 0x0 0x9f 0x0 0x8a 0x0 0x9f 0x0 0xa2 0xa2 0xa2 0xa2 0xa2 0xa2 0x11 0x3 0x1d 0x3 0x1a 0x3 0x1d 0x3 0x17 0x3 0x19 0x3 0x11 0x3 0x14 0x3 0x32 0x0 0x3 0x80 0x87 0x85 0x88 0x4d 0x80 0x4f 0x80 0xa6 0x82 0xeb 0x7b 0x68 0x72 0x6a 0x81 0x34 0x25 0xba 0xfe 0x73 0xe7 0x15 0xee 0x0 0x0 0x0 0x0 0x0 0xc 0x0 0x80 0x0 0xa4 0xa4 0x0 0x4 0x9f 0x5 0x0 0x0
1787979078986,0x1 0x89 0xd 0x50 0xa4 0xb1 0x64 0xd 0x0 0x0 0xd 0x23 0x34 0x0 0x8c 0x13 0x8c 0x13 0x73 0x0 0xa9 0x2 0xa0 0x2 0x0 0x28 0x65 0x1 0x0 0x1d 0x0 0xa0 0x0 0x89 0x0 0x9e 0x0 0xa2 0xa2 0xa2 0xa2 0xa2 0xa2 0x1c 0x3 0x7 0x3 0x1f 0x3 0xc 0x3 0x1b 0x3 0x9 0x3 0x1c 0x3 0x7 0x3 0x32 0x0 0x3 0x89 0x86 0x87 0x88 0x4d 0x80 0x4f 0x80 0xa6 0x82 0xeb 0x7b 0x68 0x72 0x6a 0x81 0x2e 0x25 0xb4 0xfe 0x73 0xe7 0x15 0xee 0x0 0x0 0x0 0x0 0x0 0xc 0x0 0x80 0x0 0xa4 0xa4 0x0 0x4 0xcb 0x5 0x0 0x0
1787979079210,0x1 0x89 0xd 0x50 0xa4 0xb1 0x64 0xd 0x0 0x0 0xd 0x22 0x33 0x0 0xb1 0x13 0x9f 0x13 0x73 0x0 0x97 0x2 0xa0 0x2 0x0 0x28 0x65 0x1 0x0 0x16 0x0 0x9c 0x0 0x89 0x0 0x9f 0x0 0x9a 0x9a 0x9a 0x9a 0x9a 0x9a 0x23 0x3 0x7 0x3 0x25 0x3 0xa 0x3 0x23 0x3 0x9 0x3 0x27 0x3 0xa 0x3 0x32 0x0 0x3 0x8a 0x84 0x87 0x88 0x4d 0x80 0x4f 0x80 0xa6 0x82 0xeb 0x7b 0x68 0x72 0x6a 0x81 0x2e 0x25 0xb4 0xfe 0x73 0xe7 0x15 0xee 0x0 0x0 0x0 0x0 0x0 0xc 0x0 0x80 0x0 0xa4 0xa4 0x0 0x4 0xcb 0x5 0x0 0x0
1787979079433,0x1 0x8b 0xd 0x50 0xa4 0xb1 0x64 0xd 0x0 0x0 0xd 0x23 0x34 0x0 0xb1 0x13 0xeb 0x13 0x73 0x0 0xa4 0x2 0xa0 0x2 0x0 0x28 0x65 0x1 0x0 0x16 0x0 0x93 0x0 0x88 0x0 0x9f 0x0 0xa2 0xa2 0xa2 0xa2 0xa2 0xa2 0x2c 0x3 0xd 0x3 0x31 0x3 0x10 0x3 0x32 0x3 0xd 0x3 0x32 0x3 0xf 0x3 0x32 0x0 0x3 0x8b 0x83 0x87 0x88 0x4d 0x80 0x4f 0x80 0xa6 0x82 0xeb 0x7b 0x67 0x70 0x6a 0x80 0x3a 0x25 0xc0 0xfe 0x73 0xe7 0x15 0xee 0x0 0x0 0x0 0x0 0x0 0xc 0x0 0x80 0x0 0xa4 0xa4 0x0 0x4 0xac 0x5 0x0 0x0
1787979079658,0x1 0x89 0xd 0x50 0xa4 0xb1 0x64 0xd 0x0 0x0 0xd 0x23 0x35 0x0 0xde 0x13 0xe7 0x13 0x73 0x0 0xab 0x2 0xa0 0x2 0x0 0x28 0x65 0x1 0x0 0x18 0x0 0x49 0x0 0x87 0x0 0x9f 0x0 0xa4 0xa4 0xa4 0xa4 0xa4 0xa4 0x31 0x3 0xb 0x3 0x33 0x3 0xd 0x3 0x32 0x3 0x7 0x3 0x31 0x3 0x7 0x3 0x32 0x0 0x3 0x8d 0x8a 0x87 0x89 0x4d 0x80 0x4f 0x80 0xa6 0x82 0xeb 0x7b 0x67 0x70 0x6a 0x80 0x34 0x25 0xba 0xfe 0x73 0xe7 0x15 0xee 0x0 0x0 0x0 0x0 0x0 0xc 0x0 0x80 0x0 0xa4 0xa4 0x0 0x4 0xcb 0x5 0x0 0x0
1787979079882,0x1 0x89 0xd 0x50 0xa4 0xb1 0x64 0xd 0x0 0x0 0xd 0x23 0x35 0x0 0x12 0x14 0xc0 0x13 0x73 0x0 0xa4 0x2 0xa0 0x2 0x0 0x28 0x65 0x1 0x0 0x40 0x0 0x23 0x0 0x87 0x0 0xa0 0x0 0xa1 0xa1 0xa1 0xa1 0xa1 0xa1 0x2f 0x3 0x1d 0x3 0x2b 0x3 0x16 0x3 0x2c 0x3 0x16 0x3 0x32 0x3 0x1d 0x3 0x32 0x0 0x3 0x8e 0x8b 0x87 0x89 0x4d 0x80 0x4f 0x80 0xa6 0x82 0xeb 0x7b 0x67 0x70 0x6a 0x80 0x32 0x25 0xb8 0xfe 0x73 0xe7 0x15 0xee 0x0 0x0 0x0 0x0 0x0 0xc 0x0 0x80 0x0 0xa4 0xa4 0x0 0x4 0xcb 0x5 0x0 0x0
1787979080106,0x1 0x8a 0xd 0x50 0xa4 0xb1 0x64 0xd 0x0 0x0 0xd 0x23 0x34 0x0 0x9b 0x13 0xcd 0x13 0x73 0x0 0xa7 0x2 0xa0 0x2 0x0 0x28 0x65 0x1 0x0 0x97 0x0 0x19 0x0 0x8a 0x0 0x9f 0x0 0xa2 0xa2 0xa2 0xa2 0xa2 0xa2 0x25 0x3 0x20 0x3 0x21 0x3 0x20 0x3 0x3b 0x3 0x25 0x3 0x1f 0x3 0x20 0x3 0x32 0x0 0x3 0x86 0x8c 0x87 0x89 0x4d 0x80 0x4f 0x80 0xa6 0x82 0xeb 0x7b 0x67 0x70 0x6a 0x80 0x32 0x25 0xb8 0xfe 0x73 0xe7 0x15 0xee 0x0 0x0 0x0 0x0 0x0 0xc 0x0 0x80 0x0 0xa4 0xa4 0x0 0x4 0xb9 0x5 0x0 0x0
1787979080330,0x1 0x8a 0xd 0x50 0xa4 0xb1 0x64 0xd 0x0 0x0 0xd 0x23 0x34 0x0 0x6f 0x13 0x39 0x13 0x73 0x0 0xad 0x2 0xa0 0x2 0x0 0x28 0x65 0x1 0x0 0xa6 0x0 0x17 0x0 0x8b 0x0 0x9f 0x0 0xa4 0xa4 0xa4 0xa4 0xa4 0xa4 0x11 0x3 0x11 0x3 0xc 0x3 0x10 0x3 0x8 0x3 0x11 0x3 0xa 0x3 0x11 0x3 0x32 0x0 0x3 0x85 0x8e 0x87 0x89 0x4d 0x80 0x4f 0x80 0xa6 0x82 0xeb 0x7b 0x67 0x70 0x6a 0x80 0x2a 0x25 0xb0 0xfe 0x73 0xe7 0x15 0xee 0x0 0x0 0x0 0x0 0x0 0xc 0x0 0x80 0x0 0xa4 0xa4 0x0 0x4 0xb9 0x5 0x0 0x0
1787979080553,0x1 0x8c 0xd 0x50 0xa4 0xb1 0x64 0xd 0x0 0x0 0xd 0x24 0x35 0x0 0x31 0x14 0xc2 0x13 0x73 0x0 0xa0 0x2 0xa0 0x2 0x0 0x28 0x65 0x1 0x0 0xa7 0x0 0x1e 0x0 0x8c 0x0 0x9f 0x0 0xa0 0xa0 0xa0 0xa0 0xa0 0xa0 0x16 0x3 0x28 0x3 0x13 0x3 0x1f 0x3 0x15 0x3 0x22 0x3 0x18 0x3 0x28 0x3 0x32 0x0 0x3 0x83 0x8f 0x87 0x89 0x4d 0x80 0x4f 0x80 0xa6 0x82 0xeb 0x7b 0x6a 0x74 0x6a 0x81 0x28 0x25 0xae 0xfe 0x73 0xe7 0x15 0xee 0x0 0x0 0x0 0x0 0x0 0xc 0x0 0x80 0x0 0xa4 0xa4 0x0 0x4 0x9f 0x5 0x0 0x0
1787979080777,0x1 0x89 0xd 0x50 0xa4 0xb1 0x64 0xd 0x0 0x0 0xd 0x23 0x34 0x0 0xc0 0x13 0xd4 0x13 0x73 0x0 0xa2 0x2 0xa0 0x2 0x0 0x28 0x65 0x1 0x0 0x9f 0x0 0x59 0x0 0x8d 0x0 0x9e 0x0 0xa1 0xa1 0xa1 0xa1 0xa1 0xa1 0x19 0x3 0x2e 0x3 0x17 0x3 0x2f 0x3 0x1b 0x3 0x2e 0x3 0x17 0x3 0x2e 0x3 0x32 0x0 0x3 0x82 0x90 0x87 0x89 0x4d 0x80 0x4f 0x80 0xa6 0x82 0xeb 0x7b 0x6a 0x74 0x6a 0x81 0x28 0x25 0xae 0xfe 0x73 0xe7 0x15 0xee 0x0 0x0 0x0 0x0 0x0 0xc 0x0 0x80 0x0 0xa4 0xa4 0x0 0x4 0xcb 0x5 0x0 0x0
1787979081002,0x1 0x89 0xd 0x50 0xa4 0xb1 0x64 0xd 0x0 0x0 0xd 0x23 0x34 0x0 0xc8 0x13 0xec 0x13 0x73 0x0 0xa1 0x2 0xa0 0x2 0x0 0x28 0x65 0x1 0x0 0x97 0x0 0x93 0x0 0x8c 0x0 0x9e 0x0 0xa0 0xa0 0xa0 0xa0 0xa0 0xa0 0x17 0x3 0x31 0x3 0x18 0x3 0x32 0x3 0x19 0x3 0x2f 0x3 0x17 0x3 0x32 0x3 0x32 0x0 0x3 0x81 0x91 0x87 0x89 0x4d 0x80 0x4f 0x80 0xa6 0x82 0xeb 0x7b 0x6a 0x74 0x69 0x81 0x26 0x25 0xac 0xfe 0x73 0xe7 0x15 0xee 0x0 0x0 0x0 0x0 0x0 0xc 0x0 0x80 0x0 0xa4 0xa4 0x0 0x4 0xcb 0x5 0x0 0x0
1787979081225,0x1 0x8a 0xd 0x50 0xa4 0xb1 0x64 0xd 0x0 0x0 0xd 0x23 0x34 0x0 0xb1 0x13 0xe7 0x13 0x73 0x0 0xa4 0x2 0xa0 0x2 0x0 0x28 0x65 0x1 0x0 0x81 0x0 0xa6 0x0 0x8b 0x0 0x9e 0x0 0xa2 0xa2 0xa2 0xa2 0xa2 0xa2 0x15 0x3 0x32 0x3 0x15 0x3 0x1e 0x3 0x15 0x3 0x1a 0x3 0x12 0x3 0x1a 0x3 0x32 0x0 0x3 0x7f 0x88 0x87 0x89 0x4d 0x80 0x4f 0x80 0xa6 0x82 0xeb 0x7b 0x6a 0x74 0x69 0x81 0x20 0x25 0xa6 0xfe 0x73 0xe7 0x15 0xee 0x0 0x0 0x0 0x0 0x0 0xc 0x0 0x80 0x0 0xa4 0xa4 0x0 0x4 0xb9 0x5 0x0 0x0
1787979081450,0x1 0x8b 0xd 0x50 0xa4 0xb1 0x64 0xd 0x0 0x0 0xd 0x24 0x35 0x0 0xfb 0x13 0xd0 0x13 0x73 0x0 0xa7 0x2 0xa0 0x2 0x0 0x28 0x65 0x1 0x0 0x4c 0x0 0xa9 0x0 0x8b 0x0 0x9f 0x0 0xa3 0xa3 0xa3 0xa3 0xa3 0xa3 0xb 0x3 0x14 0x3 0xc 0x3 0x17 0x3 0xe 0x3 0x15 0x3 0x21 0x3 0x14 0x3 0x32 0x0 0x3 0x86 0x87 0x86 0x89 0x4d 0x80 0x4f 0x80 0xa6 0x82 0xeb 0x7b 0x69 0x73 0x69 0x80 0x1e 0x25 0xa4 0xfe 0x73 0xe7 0x15 0xee 0x0 0x0 0x0 0x0 0x0 0xc 0x0 0x80 0x0 0xa4 0xa4 0x0 0x4 0xac 0x5 0x0 0x0
1787979081674,0x1 0x8a 0xd 0x50 0xa4 0xb1 0x64 0xd 0x0 0x0 0xd 0x22 0x34 0x0 0xb1 0x13 0xd9 0x13 0x73 0x0 0xa4 0x2 0xa0 0x2 0x0 0x28 0x65 0x1 0x0 0x2c 0x0 0xa7 0x0 0x8a 0x0 0xa2 0x0 0xa1 0xa1 0xa1 0xa1 0xa1 0xa1 0x23 0x3 0x14 0x3 0x25 0x3 0x15 0x3 0x23 0x3 0x14 0x3 0x25 0x3 0x13 0x3 0x32 0x0 0x3 0x87 0x86 0x86 0x89 0x4d 0x80 0x4f 0x80 0xa6 0x82 0xeb 0x7b 0x69 0x73 0x69 0x80 0x18 0x25 0x9e 0xfe 0x73 0xe7 0x15 0xee 0x0 0x0 0x0 0x0 0x0 0xc 0x0 0x80 0x0 0xa4 0xa4 0x0 0x4 0xb9 0x5 0x0 0x0
1787979081897,0x1 0x89 0xd 0x50 0xa4 0xb1 0x64 0xd 0x0 0x0 0xd 0x24 0x35 0x0 0x3 0x14 0xee 0x13 0x73 0x0 0xa6 0x2 0xa0 0x2 0x0 0x28 0x65 0x1 0x0 0x20 0x0 0xa4 0x0 0x89 0x0 0xa4 0x0 0xa2 0xa2 0xa2 0xa2 0xa2 0xa2 0x26 0x3 0x11 0x3 0x28 0x3 0x10 0x3 0x2b 0x3 0xf 0x3 0x2b 0x3 0x10 0x3 0x32 0x0 0x3 0x89 0x84 0x86 0x89 0x4d 0x80 0x4f 0x80 0xa6 0x82 0xeb 0x7b 0x69 0x73 0x69 0x80 0x14 0x25 0x9a 0xfe 0x73 0xe7 0x15 0xee 0x0 0x0 0x0 0x0 0x0 0xc 0x0 0x80 0x0 0xa4 0xa4 0x0 0x4 0xcb 0x5 0x0 0x0
1787979082121,0x1 0x8b 0xd 0x4f 0xa4 0xb1 0x64 0xd 0x0 0x0 0xd 0x24 0x35 0x0 0x3 0x14 0x0 0x14 0x73 0x0 0xa6 0x2 0xa0 0x2 0x0 0x28 0x65 0x1 0x0 0x21 0x0 0xa2 0x0 0x89 0x0 0xa6 0x0 0xa2 0xa2 0xa2 0xa2 0xa2 0xa2 0x2f 0x3 0xf 0x3 0x2d 0x3 0x10 0x3 0x31 0x3 0xf 0x3 0x30 0x3 0xf 0x3 0x32 0x0 0x3 0x8a 0x83 0x86 0x89 0x4d 0x80 0x4f 0x80 0xa6 0x82 0xeb 0x7b 0x69 0x73 0x69 0x80 0x14 0x25 0x9a 0xfe 0x73 0xe7 0x15 0xee 0x0 0x0 0x0 0x0 0x0 0xc 0x0 0x80 0x0 0xa4 0xa4 0x0 0x4 0xac 0x5 0x0 0x0
1787979082344,0x1 0x8b 0xd 0x4f 0xa4 0xb1 0x64 0xd 0x0 0x0 0xd 0x23 0x35 0x0 0xfb 0x13 0xa 0x14 0x73 0x0 0xa7 0x2 0xa0 0x2 0x0 0x28 0x65 0x1 0x0 0x33 0x0 0x9c 0x0 0x89 0x0 0xa7 0x0 0xa2 0xa2 0xa2 0xa2 0xa2 0xa2 0x32 0x3 0xb 0x3 0x2d 0x3 0xb 0x3 0x2f 0x3 0xc 0x3 0x34 0x3 0xb 0x3 0x32 0x0 0x3 0x8b 0x82 0x86 0x89 0x4d 0x80 0x4f 0x80 0xa6 0x82 0xeb 0x7b 0x67 0x71 0x69 0x7f 0xe 0x25 0x94 0xfe 0x73 0xe7 0x15 0xee 0x0 0x0 0x0 0x0 0x0 0xc 0x0 0x80 0x0 0xa4 0xa4 0x0 0x4 0xac 0x5 0x0 0x0
1787979082569,0x1 0x8c 0xd 0x4f 0xa4 0xb1 0x64 0xd 0x0 0x0 0xd 0x23 0x33 0x0 0x66 0x13 0x99 0x13 0x73 0x0 0xa1 0x2 0xa0 0x2 0x0 0x28 0x65 0x1 0x0 0x99 0x0 0x97 0x0 0x89 0x0 0xa7 0x0 0xa0 0xa0 0xa0 0xa0 0xa0 0xa0 0x1d 0x3 0x1 0x3 0x16 0x3 0xfd 0x2 0x39 0x3 0xa 0x3 0x14 0x3 0xfd 0x2 0x32 0x0 0x3 0x84 0x81 0x85 0x89 0x4d 0x80 0x4f 0x80 0xa6 0x82 0xeb 0x7b 0x67 0x71 0x69 0x7f 0xa 0x25 0x90 0xfe 0x73 0xe7 0x15 0xee 0x0 0x0 0x0 0x0 0x0 0xc 0x0 0x80 0x0 0xa4 0xa4 0x0 0x4 0x9f 0x5 0x0 0x0
1787979082793,0x1 0x8a 0xd 0x4f 0xa4 0xb1 0x64 0xd 0x0 0x0 0xd 0x23 0x34 0x0 0xf5 0x13 0xf9 0x13 0x73 0x0 0x9b 0x2 0xa0 0x2 0x0 0x28 0x65 0x1 0x0 0xa4 0x0 0x8b 0x0 0x8d 0x0 0xa7 0x0 0x9d 0x9d 0x9d 0x9d 0x9d 0x9d 0x16 0x3 0xff 0x2 0x19 0x3 0x7 0x3 0x1f 0x3 0xfe 0x2 0x1f 0x3 0x7 0x3 0x32 0x0 0x3 0x82 0x7f 0x85 0x89 0x4d 0x80 0x4f 0x80 0xa6 0x82 0xeb 0x7b 0x67 0x71 0x69 0x7f 0xe 0x25 0x94 0xfe 0x73 0xe7 0x15 0xee 0x0 0x0 0x0 0x0 0x0 0xc 0x0 0x80 0x0 0xa4 0xa4 0x0 0x4 0xb9 0x5 0x0 0x0
1787979083017,0x1 0x8b 0xd 0x4f 0xa4 0xb1 0x64 0xd 0x0 0x0 0xd 0x23 0x34 0x0 0x9b 0x13 0xd1 0x13 0x73 0x0 0xa7 0x2 0xa0 0x2 0x0 0x28 0x65 0x1 0x0 0xa2 0x0 0x4b 0x0 0x8e 0x0 0xa6 0x0 0xa3 0xa3 0xa3 0xa3 0xa3 0xa3 0x14 0x3 0x0 0x3 0x17 0x3 0x0 0x3 0x19 0x3 0xff 0x2 0x14 0x3 0x10 0x3 0x32 0x0 0x3 0x81 0x86 0x85 0x87 0x4d 0x80 0x4f 0x80 0xa6 0x82 0xeb 0x7b 0x67 0x71 0x68 0x7f 0x10 0x25 0x96 0xfe 0x73 0xe7 0x15 0xee 0x0 0x0 0x0 0x0 0x0 0xc 0x0 0x80 0x0 0xa4 0xa4 0x0 0x4 0xac 0x5 0x0 0x0
1787979083240,0x1 0x8a 0xd 0x4f 0xa4 0xb1 0x64 0xd 0x0 0x0 0xd 0x22 0x33 0x0 0x5f 0x13 0xa5 0x13 0x73 0x0 0xa2 0x2 0xa0 0x2 0x0 0x28 0x65 0x1 0x0 0x9b 0x0 0x29 0x0 0x8e 0x0 0xa5 0x0 0xa1 0xa1 0xa1 0xa1 0xa1 0xa1 0xf 0x3 0xf 0x3 0x13 0x3 0x12 0x3 0x10 0x3 0x11 0x3 0xd 0x3 0xf 0x3 0x32 0x0 0x3 0x80 0x87 0x85 0x87 0x4d 0x80 0x4f 0x80 0xa6 0x82 0xeb 0x7b 0x67 0x71 0x68 0x7f 0xe 0x25 0x94 0xfe 0x73 0xe7 0x15 0xee 0x0 0x0 0x0 0x0 0x0 0xc 0x0 0x80 0x0 0xa4 0xa4 0x0 0x4 0xb9 0x5 0x0 0x0
1787979083464,0x1 0x8b 0xd 0x4f 0xa4 0xb1 0x64 0xd 0x0 0x0 0xd 0x23 0x34 0x0 0xd7 0x13 0xf1 0x13 0x73 0x0 0x9f 0x2 0xa0 0x2 0x0 0x28 0x65 0x1 0x0 0x96 0x0 0x1d 0x0 0x8d 0x0 0xa5 0x0 0xa0 0xa0 0xa0 0xa0 0xa0 0xa0 0x10 0x3 0x1a 0x3 0x12 0x3 0x1c 0x3 0xe 0x3 0x15 0x3 0x11 0x3 0x1c 0x3 0x32 0x0 0x3 0x7e 0x89 0x85 0x87 0x4d 0x80 0x4f 0x80 0xa6 0x82 0xeb 0x7b 0x6a 0x74 0x68 0x80 0x10 0x25 0x96 0xfe 0x73 0xe7 0x15 0xee 0x0 0x0 0x0 0x0 0x0 0xc 0x0 0x80 0x0 0xa4 0xa4 0x0 0x4 0xac 0x5 0x0 0x0
1787979083689,0x1 0x89 0xd 0x4f 0xa4 0xb1 0x64 0xd 0x0 0x0 0xd 0x24 0x35 0x0 0xde 0x13 0x90 0x13 0x73 0x0 0xab 0x2 0xa0 0x2 0x0 0x28 0x65 0x1 0x0 0x83 0x0 0x18 0x0 0x8c 0x0 0xa4 0x0 0xa4 0xa4 0xa4 0xa4 0xa4 0xa4 0x9 0x3 0x14 0x3 0x1 0x3 0x11 0x3 0x2 0x3 0x1a 0x3 0x2 0x3 0x13 0x3 0x32 0x0 0x3 0x7d 0x8a 0x85 0x87 0x4d 0x80 0x4f 0x80 0xa6 0x82 0xeb 0x7b 0x6a 0x74 0x68 0x80 0xc 0x25 0x92 0xfe 0x73 0xe7 0x15 0xee 0x0 0x0 0x0 0x0 0x0 0xc 0x0 0x80 0x0 0xa4 0xa4 0x0 0x4 0xcb 0x5 0x0 0x0
1787979083912,0x1 0x89 0xd 0x4f 0xa4 0xb1 0x64 0xd 0x0 0x0 0xd 0x23 0x34 0x0 0x8c 0x13 0x91 0x13 0x73 0x0 0xa9 0x2 0xa0 0x2 0x0 0x28 0x65 0x1 0x0 0x35 0x0 0x17 0x0 0x8b 0x0 0xa3 0x0 0xa3 0xa3 0xa3 0xa3 0xa3 0xa3 0x15 0x3 0x15 0x3 0x0 0x3 0x14 0x3 0x14 0x3 0x16 0x3 0x15 0x3 0x16 0x3 0x32 0x0 0x3 0x85 0x8b 0x84 0x87 0x4d 0x80 0x4f 0x80 0xa6 0x82 0xeb 0x7b 0x6a 0x74 0x69 0x80 0x4 0x25 0x8a 0xfe 0x73 0xe7 0x15 0xee 0x0 0x0 0x0 0x0 0x0 0xc 0x0 0x80 0x0 0xa4 0xa4 0x0 0x4 0xcb 0x5 0x0 0x0
1787979084137,0x1 0x8b 0xd 0x4f 0xa4 0xb0 0x65 0xd 0x0 0x0 0xd 0x23 0x34 0x0 0xee 0x13 0xe0 0x13 0x73 0x0 0x9c 0x2 0xa0 0x2 0x0 0x28 0x65 0x1 0x0 0x1c 0x0 0x17 0x0 0x8b 0x0 0xa3 0x0 0x9d 0x9d 0x9d 0x9d 0x9d 0x9d 0x22 0x3 0x24 0x3 0x1e 0x3 0x22 0x3 0x21 0x3 0x23 0x3 0x23 0x3 0x24 0x3 0x32 0x0 0x3 0x86 0x8c 0x84 0x87 0x4d 0x80 0x4f 0x80 0xa6 0x82 0xeb 0x7b 0x6a 0x74 0x69 0x80 0x12 0x25 0x98 0xfe 0x73 0xe7 0x15 0xee 0x0 0x0 0x0 0x0 0x0 0xc 0x0 0x80 0x0 0xa4 0xa4 0x0 0x4 0xac 0x5 0x0 0x0
1787979084360,0x1 0x8b 0xd 0x4f 0xa4 0xb0 0x65 0xd 0x0 0x0 0xd 0x23 0x34 0x0 0xc8 0x13 0xba 0x13 0x73 0x0 0xa1 0x2 0xa0 0x2 0x0 0x28 0x65 0x1 0x0 0x12 0x0 0x1a 0x0 0x8a 0x0 0xa2 0x0 0xa0 0xa0 0xa0 0xa0 0xa0 0xa0 0x21 0x3 0x21 0x3 0x20 0x3 0x23 0x3 0x1e 0x3 0x20 0x3 0x22 0x3 0x23 0x3 0x32 0x0 0x3 0x87 0x8e 0x84 0x87 0x4d 0x80 0x4f 0x80 0xa6 0x82 0xeb 0x7b 0x69 0x73 0x69 0x80 0x12 0x25 0x98 0xfe 0x73 0xe7 0x15 0xee 0x0 0x0 0x0 0x0 0x0 0xc 0x0 0x80 0x0 0xa4 0xa4 0x0 0x4 0xac 0x5 0x0 0x0
1787979084584,0x1 0x89 0xd 0x4f 0xa4 0xb1 0x64 0xd 0x0 0x0 0xd 0x23 0x35 0x0 0xec 0x13 0xa7 0x13 0x73 0x0 0xa9 0x2 0xa0 0x2 0x0 0x28 0x65 0x1 0x0 0x11 0x0 0x37 0x0 0x89 0x0 0xa1 0x0 0xa2 0xa2 0xa2 0xa2 0xa2 0xa2 0x1f 0x3 0x21 0x3 0x1f 0x3 0x20 0x3 0x1e 0x3 0x22 0x3 0x21 0x3 0x22 0x3 0x32 0x0 0x3 0x89 0x8f 0x84 0x87 0x4d 0x80 0x4f 0x80 0xa6 0x82 0xeb 0x7b 0x69 0x73 0x69 0x80 0xc 0x25 0x92 0xfe 0x73 0xe7 0x15 0xee 0x0 0x0 0x0 0x0 0x0 0xc 0x0 0x80 0x0 0xa4 0xa4 0x0 0x4 0xcb 0x5 0x0 0x0
1787979084809,0x1 0x89 0xd 0x4f 0xa4 0xb1 0x64 0xd 0x0 0x0 0xd 0x23 0x34 0x0 0xb1 0x13 0x68 0x13 0x73 0x0 0xa4 0x2 0xa0 0x2 0x0 0x28 0x65 0x1 0x0 0x15 0x0 0x81 0x0 0x8a 0x0 0xa0 0x0 0xa2 0xa2 0xa2 0xa2 0xa2 0xa2 0x1f 0x3 0x24 0x3 0x22 0x3 0x23 0x3 0x20 0x3 0x1e 0x3 0x1f 0x3 0x20 0x3 0x32 0x0 0x3 0x8a 0x90 0x84 0x87 0x4d 0x80 0x4f 0x80 0xa6 0x82 0xeb 0x7b 0x69 0x73 0x69 0x80 0xa 0x25 0x90 0xfe 0x73 0xe7 0x15 0xee 0x0 0x0 0x0 0x0 0x0 0xc 0x0 0x80 0x0 0xa4 0xa4 0x0 0x4 0xcb 0x5 0x0 0x0
1787979085032,0x1 0x8b 0xd 0x4f 0xa4 0xb1 0x64 0xd 0x0 0x0 0xd 0x23 0x34 0x0 0xb9 0x13 0xb8 0x13 0x73 0x0 0xa3 0x2 0xa0 0x2 0x0 0x28 0x65 0x1 0x0 0x18 0x0 0x9f 0x0 0x89 0x0 0xa0 0x0 0xa1 0xa1 0xa1 0xa1 0xa1 0xa1 0x2b 0x3 0x14 0x3 0x2b 0x3 0x29 0x3 0x2b 0x3 0x2b 0x3 0x2b 0x3 0x14 0x3 0x32 0x0 0x3 0x8b 0x88 0x84 0x87 0x4d 0x80 0x4f 0x80 0xa6 0x82 0xeb 0x7b 0x69 0x73 0x69 0x80 0xa 0x25 0x90 0xfe 0x73 0xe7 0x15 0xee 0x0 0x0 0x0 0x0 0x0 0xc 0x0 0x80 0x0 0xa4 0xa4 0x0 0x4 0xac 0x5 0x0 0x0
1787979085256,0x1 0x8b 0xd 0x4f 0xa4 0xb1 0x64 0x11 0x4 0x0 0xd 0x28 0x37 0x0 0x86 0x14 0x85 0x13 0x73 0x0 0xae 0x2 0xa0 0x2 0x0 0x28 0x65 0x1 0x0 0x1a 0x0 0xa4 0x0 0x88 0x0 0xa0 0x0 0xa4 0xa4 0xa4 0xa4 0xa4 0xa4 0x28 0x3 0x7 0x3 0x1f 0x3 0x38 0x3 0x2c 0x3 0x10 0x3 0x56 0x3 0x38 0x3 0x32 0x0 0x3 0x8d 0x87 0x84 0x87 0x4d 0x80 0x4f 0x80 0xa6 0x82 0xeb 0x7b 0x69 0x73 0x69 0x80 0xa 0x21 0x90 0xff 0x73 0xe7 0x15 0xee 0x0 0x0 0x0 0x0 0xd 0xc 0x0 0x80 0x0 0xa4 0xa4 0x0 0x8 0xac 0x5 0x0 0x0
1787979085479,0x1 0x89 0xd 0x4f 0xa4 0xb0 0x65 0x17 0xa 0x0 0xd 0x3e 0x63 0x0 0xbf 0x23 0x44 0x1b 0x73 0x0 0xc5 0x2 0xa0 0x2 0x0 0x28 0x65 0x1 0x0 0x21 0x0 0x9e 0x0 0x88 0x0 0xa0 0x0 0xa2 0xa2 0xa2 0xa2 0xa2 0xa2 0xa6 0x3 0x97 0x3 0xab 0x4 0xa4 0x4 0xf 0x5 0xea 0x4 0x2c 0x5 0xea 0x4 0x31 0x0 0x3 0x8e 0x85 0x84 0x87 0x4d 0x80 0x4f 0x80 0xa6 0x82 0xeb 0x7b 0x69 0x73 0x69 0x80 0x7a 0x21 0x0 0x0 0x73 0xe7 0x15 0xee 0x0 0x0 0x0 0x0 0x1c 0x10 0x0 0x80 0x0 0xa4 0xa4 0x0 0x8 0xcb 0x5 0x0 0x0
1787979085703,0x1 0x8a 0xd 0x4f 0xa4 0xb0 0x65 0x1f 0x12 0x0 0xd 0x53 0x97 0x0 0x41 0x29 0x41 0x23 0x73 0x0 0xa9 0x3 0xa0 0x2 0x0 0x28 0x65 0x1 0x0 0x9c 0x0 0xa6 0x0 0x89 0x0 0xa0 0x0 0x90 0x90 0x90 0x90 0x90 0x90 0x73 0x5 0x31 0x5 0x95 0x5 0x82 0x5 0x3a 0x5 0xfa 0x4 0xbf 0x5 0x82 0x5 0x2f 0x0 0x3 0x88 0x83 0x86 0x87 0x4d 0x80 0x4f 0x80 0xa6 0x82 0xeb 0x7b 0x69 0x73 0x69 0x80 0x7a 0x21 0x0 0x0 0x73 0xe7 0x15 0xee 0x0 0x0 0x0 0x0 0x2b 0x1f 0x0 0x80 0x0 0xa4 0xa4 0x0 0x8 0xb9 0x5 0x0 0x0
1787979085927,0x1 0x8b 0xd 0x4f 0xa4 0xb0 0x65 0x20 0x13 0x0 0xd 0x57 0xab 0x0 0x17 0x24 0x4 0x26 0x73 0x0 0xbd 0x4 0xa0 0x2 0x0 0x28 0x65 0x1 0x0 0xaf 0x0 0xaa 0x0 0x8f 0x0 0xa8 0x0 0x7d 0x7d 0x7d 0x7d 0x7d 0x7d 0x47 0x6 0xf9 0x5 0x31 0x6 0xd4 0x5 0x50 0x6 0xc 0x6 0x16 0x6 0xd4 0x5 0x26 0x0 0x3 0x85 0x80 0x86 0x87 0x4d 0x80 0x4f 0x80 0xa6 0x82 0xeb 0x7b 0x69 0x73 0x68 0x80 0x7a 0x34 0x0 0x0 0x73 0xe7 0x15 0xee 0x0 0x0 0x0 0x0 0x3d 0x63 0x0 0x80 0x0 0xa4 0xa4 0x0 0x8 0xac 0x5 0x0 0x0
1787979086151,0x1 0x8b 0xd 0x4f 0xa4 0xb0 0x65 0x2c 0x1f 0x0 0xd 0x74 0x28 0x1 0x8e 0x37 0xcc 0x2e 0x73 0x3 0x54 0x5 0xa0 0x2 0x0 0x28 0x65 0x1 0x0 0xaa 0x0 0x9f 0x0 0x8d 0x0 0xa7 0x0 0x89 0x89 0x89 0x89 0x89 0x89 0x93 0x6 0x82 0x6 0x27 0x7 0x7 0x7 0x88 0x7 0x40 0x7 0x95 0x7 0x40 0x7 0x22 0x0 0x3 0x82 0x7d 0x86 0x87 0x4d 0x80 0x4f 0x80 0xa6 0x82 0xeb 0x7b 0x69 0x73 0x68 0x80 0x7a 0x38 0x0 0x0 0x73 0xe7 0x15 0xee 0x0 0x0 0x0 0x0 0x52 0xdf 0x0 0x80 0x0 0xa4 0xa4 0x0 0x8 0xac 0x5 0x0 0x0
1787979086375,0x1 0x89 0xd 0x4f 0xa4 0xb0 0x65 0x2d 0x1f 0x0 0xd 0x75 0x24 0x1 0xce 0x2d 0x52 0x2f 0x73 0x4 0x60 0x6 0xa0 0x2 0x0 0x28 0x65 0x1 0x0 0x4c 0x0 0x11 0x0 0x82 0x0 0x60 0x0 0x78 0x78 0x78 0x78 0x78 0x78 0xf9 0x6 0xda 0x6 0xcc 0x6 0xbc 0x6 0xb0 0x6 0xa4 0x6 0xa0 0x6 0xa4 0x6 0x1f 0x0 0x3 0x85 0x85 0x86 0x85 0x4d 0x80 0x4f 0x80 0xa6 0x82 0xeb 0x7b 0x64 0x6e 0x68 0x7f 0x7a 0x3e 0x0 0x0 0x73 0xe7 0x15 0xee 0x0 0x0 0x0 0x0 0x68 0xfe 0x0 0x80 0x0 0xa4 0xa4 0x0 0x8 0xcb 0x5 0x0 0x0
1787979086599,0x1 0x89 0xd 0x4f 0xa4 0xb0 0x65 0x2d 0x20 0x0 0xd 0x74 0x2a 0x1 0x7e 0x2d 0xef 0x2d 0x73 0x7 0x8d 0x6 0xa0 0x2 0x0 0x28 0x65 0x1 0x0 0x8 0x0 0x6 0x0 0x11 0x0 0xb 0x0 0x76 0x76 0x76 0x76 0x76 0x76 0xa7 0x6 0x7d 0x6 0xa3 0x6 0x80 0x6 0xa9 0x6 0x7b 0x6 0xa2 0x6 0x7b 0x6 0x1f 0x0 0x3 0x89 0x89 0x87 0x85 0x4d 0x80 0x4f 0x80 0xa6 0x82 0xeb 0x7b 0x64 0x6e 0x68 0x7f 0x7a 0x3f 0x0 0x0 0x73 0xe7 0x15 0xee 0x0 0x0 0x0 0x0 0x85 0xfe 0x0 0x80 0x0 0xa4 0xa4 0x0 0x8 0xcb 0x5 0x0 0x0
1787979086823,0x1 0x8a 0xd 0x4f 0xa4 0xb0 0x65 0x2d 0x20 0x0 0xd 0x75 0x34 0x1 0xd1 0x2d 0xff 0x2d 0x73 0x9 0xb9 0x6 0xa0 0x2 0x0 0x28 0x65 0x1 0x0 0x7 0x0 0x6 0x0 0x0 0x0 0x6 0x0 0x7e 0x7e 0x76 0x76 0x76 0x76 0xa8 0x6 0x86 0x6 0xad 0x6 0x88 0x6 0xae 0x6 0x81 0x6 0xa8 0x6 0x80 0x6 0x1f 0x0 0x3 0x8e 0x8e 0x87 0x85 0x4d 0x80 0x4f 0x80 0xa6 0x82 0xeb 0x7b 0x64 0x6e 0x68 0x7f 0x7a 0x40 0x0 0x0 0x73 0xe7 0x15 0xee 0x0 0x0 0x0 0x0 0x9f 0xfe 0x0 0x80 0x0 0xa4 0xa4 0x0 0x8 0xb9 0x5 0x0 0x0
1787979087047,0x1 0x8b 0xd 0x4f 0xa4 0xb0 0x65 0x2d 0x20 0x0 0xd 0x78 0x40 0x1 0xde 0x2d 0x25 0x2e 0x73 0xc 0xfa 0x6 0xa0 0x2 0x0 0x28 0x65 0x1 0x0 0x7 0x0 0x7 0x0 0x0 0x0 0x6 0x0 0x7c 0x7c 0x74 0x74 0x74 0x74 0xb9 0x6 0x92 0x6 0xb7 0x6 0x91 0x6 0xbb 0x6 0x8f 0x6 0xb7 0x6 0x90 0x6 0x1d 0x0 0x3 0x93 0x93 0x87 0x85 0x4d 0x80 0x4f 0x80 0xa6 0x82 0xeb 0x7b 0x64 0x6e 0x67 0x7f 0x7a 0x48 0x0 0x0 0x73 0xe7 0x15 0xee 0x0 0x0 0x0 0x0 0xb4 0xfe 0x0 0x80 0x0 0xa4 0xa4 0x0 0x8 0xac 0x5 0x0 0x0
1787979087271,0x1 0x8b 0xd 0x4f 0xa4 0xb0 0x65 0x2d 0x20 0x0 0xd 0x7a 0x53 0x1 0xc2 0x2e 0x72 0x2e 0x73 0xd 0x40 0x7 0xa0 0x2 0x0 0x28 0x65 0x1 0x0 0x8 0x0 0x8 0x0 0x0 0x0 0x7 0x0 0x7b 0x7b 0x74 0x74 0x74 0x74 0xc5 0x6 0xa1 0x6 0xce 0x6 0xac 0x6 0xd5 0x6 0x9a 0x6 0xd5 0x6 0xae 0x6 0x1d 0x0 0x3 0x98 0x98 0x87 0x85 0x4d 0x80 0x4f 0x80 0xa6 0x82 0xeb 0x7b 0x64 0x6e 0x67 0x7f 0x7a 0x51 0x0 0x0 0x73 0xe7 0x15 0xee 0x0 0x0 0x0 0x0 0xc4 0xfe 0x0 0x80 0x0 0xa4 0xa4 0x0 0x8 0xac 0x5 0x0 0x0
1787979087495,0x1 0x89 0xd 0x4f 0xa4 0xb0 0x65 0x2d 0x20 0x0 0xd 0x7c 0x5d 0x1 0xe3 0x2d 0x28 0x2e 0x73 0xf 0x9b 0x7 0xa0 0x2 0x0 0x28 0x65 0x1 0x0 0xa 0x0 0x9 0x0 0x0 0x0 0x8 0x0 0x7b 0x7b 0x74 0x74 0x74 0x74 0xe5 0x6 0xbe 0x6 0xe4 0x6 0xba 0x6 0xe2 0x6 0xbc 0x6 0xe4 0x6 0xbd 0x6 0x1c 0x0 0x3 0x9d 0x9d 0x87 0x85 0x4d 0x80 0x4f 0x80 0xa6 0x82 0xeb 0x7b 0x66 0x6f 0x67 0x7e 0x7a 0x5e 0x0 0x0 0x73 0xe7 0x15 0xee 0x0 0x0 0x0 0x0 0xd1 0xfe 0x0 0x80 0x0 0xa4 0xa4 0x0 0x8 0xcb 0x5 0x0 0x0
1787979087719,0x1 0x8a 0xd 0x4f 0xa4 0xb0 0x65 0x2d 0x20 0x0 0xd 0x7f 0x6f 0x1 0xe0 0x2d 0x11 0x2e 0x73 0x11 0x0 0x8 0xa0 0x2 0x0 0x28 0x65 0x1 0x0 0xc 0x0 0xc 0x0 0x0 0x0 0xa 0x0 0x79 0x7a 0x73 0x73 0x73 0x73 0xfd 0x6 0xd7 0x6 0x3 0x7 0xda 0x6 0xff 0x6 0xd5 0x6 0xfd 0x6 0xd5 0x6 0x1c 0x0 0x3 0xa2 0xa2 0x87 0x85 0x4d 0x80 0x4f 0x80 0xa6 0x82 0xeb 0x7b 0x66 0x6f 0x67 0x7e 0x7a 0x6f 0x0 0x0 0x73 0xe7 0x15 0xee 0x0 0x0 0x0 0x0 0xd9 0xfe 0x0 0x80 0x0 0xa4 0xa4 0x0 0x8 0xb9 0x5 0x0 0x0
1787979087943,0x1 0x8b 0xd 0x4f 0xa4 0xb0 0x65 0x2d 0x20 0x0 0xd 0x7f 0x71 0x1 0xd1 0x2b 0x82 0x2c 0x73 0x12 0x6c 0x8 0xa0 0x2 0x0 0x28 0x65 0x3 0x0 0x58 0x0 0x57 0x0 0x0 0x0 0xe 0x0 0x72 0x72 0x72 0x72 0x72 0x72 0xea 0x6 0xc2 0x6 0xe5 0x6 0xbb 0x6 0xdf 0x6 0xb4 0x6 0xda 0x6 0xb4 0x6 0x1b 0x0 0x3 0xa8 0xa8 0x87 0x85 0x4d 0x80 0x4f 0x80 0xa6 0x82 0xeb 0x7b 0x66 0x6f 0x66 0x7e 0x7a 0x77 0x0 0x0 0x73 0xe7 0x15 0xee 0x0 0x0 0x0 0x0 0xde 0xfe 0x0 0x80 0x0 0xa4 0xa4 0x0 0x8 0xac 0x5 0x0 0x0
1787979088167,0x1 0x8b 0xd 0x4f 0xa4 0xb0 0x65 0x2d 0x21 0x0 0xd 0x81 0x7b 0x1 0x15 0x2b 0x95 0x2b 0x73 0x13 0xcc 0x8 0xa0 0x2 0x0 0x28 0x65 0x3 0x0 0xa2 0x0 0x9d 0x0 0x36 0x0 0x16 0x0 0x70 0x70 0x70 0x70 0x70 0x70 0x7d 0x6 0x9f 0x6 0x89 0x6 0x9d 0x6 0x86 0x6 0x9c 0x6 0x7d 0x6 0x97 0x6 0x1c 0x0 0x3 0x9e 0xa9 0x93 0x85 0x4d 0x80 0x4f 0x80 0xa6 0x82 0xeb 0x7b 0x66 0x6f 0x66 0x7e 0x7a 0x88 0x0 0x0 0x73 0xe7 0x15 0xee 0x0 0x0 0x0 0x0 0xe4 0xfe 0x0 0x80 0x0 0xa4 0xa4 0x0 0x8 0xac 0x5 0x0 0x0
1787979088390,0x1 0x8a 0xd 0x4f 0xa4 0xb0 0x65 0x2d 0x21 0x0 0xd 0x83 0x82 0x1 0x80 0x2a 0xe8 0x2a 0x73 0x15 0x15 0x9 0xa0 0x2 0x0 0x28 0x65 0x3 0x0 0xa3 0x0 0xaa 0x0 0x6a 0x0 0x5b 0x0 0x6d 0x6d 0x6d 0x6d 0x6d 0x6d 0x46 0x6 0x53 0x6 0x3f 0x6 0x80 0x6 0x48 0x6 0x55 0x6 0x3f 0x6 0x4e 0x6 0x1b 0x0 0x3 0x98 0xa1 0x93 0x92 0x4d 0x80 0x4f 0x80 0xa6 0x82 0xeb 0x7b 0x62 0x6b 0x66 0x7d 0x7a 0x8a 0x0 0x0 0x73 0xe7 0x15 0xee 0x0 0x0 0x0 0x0 0xe7 0xfe 0x0 0x80 0x0 0xa4 0xa4 0x0 0x8 0xb9 0x5 0x0 0x0
1787979088614,0x1 0x89 0xd 0x4f 0xa4 0xb0 0x65 0x2d 0x20 0x0 0xd 0x83 0x87 0x1 0xb9 0x2a 0x9f 0x2a 0x73 0x16 0x27 0x9 0xa0 0x2 0x0 0x28 0x65 0x3 0x0 0xa5 0x0 0xab 0x0 0x80 0x0 0x8f 0x0 0x6d 0x6d 0x6d 0x6d 0x6d 0x6d 0x17 0x6 0x22 0x6 0x14 0x6 0x20 0x6 0x11 0x6 0x24 0x6 0x11 0x6 0x20 0x6 0x1b 0x0 0x3 0x92 0x9b 0x93 0x92 0x4d 0x80 0x4f 0x80 0xa6 0x82 0xeb 0x7b 0x62 0x6b 0x66 0x7d 0x7a 0x8a 0x0 0x0 0x73 0xe7 0x15 0xee 0x0 0x0 0x0 0x0 0xe6 0xfb 0x0 0x80 0x0 0xa4 0xa4 0x0 0x8 0xcb 0x5 0x0 0x0
1787979088838,0x1 0x8b 0xd 0x4f 0xa4 0xb0 0x65 0x2d 0x20 0x0 0xd 0x82 0x7e 0x1 0xb 0x2e 0x61 0x2d 0x73 0x17 0x4c 0x8 0xa0 0x2 0x0 0x28 0x65 0x3 0x0 0x96 0x0 0xa4 0x0 0x84 0x0 0xa1 0x0 0x72 0x72 0x72 0x72 0x72 0x72 0x35 0x6 0x4a 0x6 0x43 0x6 0x59 0x6 0x4d 0x6 0x60 0x6 0x51 0x6 0x60 0x6 0x1c 0x0 0x3 0x8c 0x95 0x93 0x92 0x4d 0x80 0x4f 0x80 0xa6 0x82 0xeb 0x7b 0x62 0x6b 0x65 0x7d 0xba 0x7e 0x0 0x0 0x73 0xe7 0x15 0xee 0x0 0x0 0x0 0x0 0xd7 0xfe 0x0 0x80 0x0 0xa4 0xa4 0x0 0x8 0xac 0x5 0x0 0x0
1787979089062,0x1 0x8b 0xd 0x4f 0xa4 0xb0 0x65 0x2d 0x20 0x0 0xd 0x7e 0x6e 0x1 0x50 0x31 0x2 0x31 0x73 0x18 0x6c 0x7 0xa0 0x2 0x0 0x28 0x65 0x3 0x0 0x53 0x0 0x95 0x0 0x7d 0x0 0xa0 0x0 0x75 0x75 0x75 0x75 0x75 0x75 0xaa 0x6 0xb9 0x6 0xab 0x6 0xbd 0x6 0xa8 0x6 0xba 0x6 0xac 0x6 0xbd 0x6 0x1d 0x0 0x3 0x86 0x90 0x93 0x92 0x4d 0x80 0x4f 0x80 0xa6 0x82 0xeb 0x7b 0x62 0x6b 0x65 0x7d 0xfa 0x72 0x0 0x0 0x73 0xe7 0x15 0xee 0x0 0x0 0x0 0x0 0xbc 0xfe 0x0 0x80 0x0 0xa4 0xa4 0x0 0x8 0xac 0x5 0x0 0x0
1787979089286,0x1 0x89 0xd 0x4f 0xa4 0xb0 0x65 0x21 0x14 0x0 0xd 0x65 0xe5 0x0 0x2d 0x21 0x57 0x24 0x73 0x19 0xe7 0x6 0xa0 0x2 0x0 0x28 0x65 0x3 0x0 0x8e 0x0 0xaa 0x0 0x7f 0x0 0xa4 0x0 0x6f 0x6f 0x6f 0x6f 0x6f 0x6f 0x24 0x5 0x34 0x5 0x4d 0x5 0x11 0x5 0x36 0x5 0xf0 0x4 0x24 0x5 0xe9 0x4 0x21 0x0 0x3 0x91 0x8b 0x97 0x92 0x4d 0x80 0x4f 0x80 0xa6 0x82 0xeb 0x7b 0x62 0x6b 0x65 0x7d 0xfa 0x67 0x0 0x0 0x73 0xe7 0x15 0xee 0x0 0x0 0x0 0x0 0xc3 0xde 0x0 0x80 0x0 0xa4 0xa4 0x0 0x8 0xcb 0x5 0x0 0x0
1787979089511,0x1 0x89 0xd 0x50 0xa4 0xb1 0x64 0x20 0x13 0x0 0xd 0x63 0xdb 0x0 0xeb 0x21 0xc3 0x21 0x73 0x19 0x75 0x6 0xa0 0x2 0x0 0x28 0x65 0x1 0x0 0xab 0x0 0xa9 0x0 0x8d 0x0 0xab 0x0 0x6f 0x6f 0x6f 0x6f 0x6f 0x6f 0xd6 0x4 0xb7 0x4 0xd8 0x4 0xb8 0x4 0xd9 0x4 0xb5 0x4 0xd8 0x4 0xb7 0x4 0x22 0x0 0x3 0x88 0x87 0x8c 0x92 0x4d 0x80 0x4f 0x80 0xa6 0x82 0xeb 0x7b 0x62 0x6b 0x65 0x7c 0x3a 0x60 0x0 0x0 0x73 0xe7 0x15 0xee 0x0 0x0 0x0 0x0 0xd6 0x9c 0x0 0x80 0x0 0xa4 0xa4 0x0 0x8 0xcb 0x5 0x0 0x0
1787979089735,0x1 0x8b 0xd 0x50 0xa4 0xb1 0x64 0x18 0xc 0x0 0xd 0x51 0x96 0x0 0xb4 0x17 0xb5 0x1a 0x73 0x1a 0x54 0x6 0xa0 0x2 0x0 0x28 0x65 0x1 0x0 0xa7 0x0 0xa5 0x0 0x8e 0x0 0xa9 0x0 0x6b 0x6b 0x6b 0x6b 0x6b 0x6b 0xdc 0x3 0xb5 0x3 0xc2 0x3 0xf9 0x3 0x2 0x4 0xd5 0x3 0xc2 0x3 0xaa 0x3 0x25 0x0 0x3 0x85 0x84 0x8c 0x92 0x4d 0x80 0x4f 0x80 0xa6 0x82 0xeb 0x7b 0x62 0x6b 0x65 0x7c 0xfa 0x56 0x0 0x0 0x73 0xe7 0x15 0xee 0x0 0x0 0x0 0x0 0xe0 0x78 0x0 0x80 0x0 0xa4 0xa4 0x0 0x8 0xac 0x5 0x0 0x0
1787979089959,0x1 0x8b 0xd 0x50 0xa4 0xb1 0x64 0x18 0xc 0x0 0xd 0x50 0x90 0x0 0x8e 0x17 0x1b 0x18 0x73 0x1a 0x1d 0x6 0xa0 0x2 0x0 0x28 0x65 0x1 0x0 0xaf 0x0 0xad 0x0 0x92 0x0 0xae 0x0 0x6a 0x6a 0x6a 0x6a 0x6a 0x6a 0x6b 0x3 0x52 0x3 0x74 0x3 0x5a 0x3 0x6f 0x3 0x58 0x3 0x68 0x3 0x52 0x3 0x26 0x0 0x3 0x82 0x81 0x8c 0x92 0x4d 0x80 0x4f 0x80 0xa6 0x82 0xeb 0x7b 0x62 0x6b 0x64 0x7c 0x7a 0x4f 0x0 0x0 0x73 0xe7 0x15 0xee 0x0 0x0 0x0 0x0 0xea 0x6a 0x0 0x80 0x0 0xa4 0xa4 0x0 0x8 0xac 0x5 0x0 0x0
1787979090183,0x1 0x8a 0xd 0x50 0xa4 0xb1 0x64 0x18 0xb 0x0 0xd 0x50 0x8f 0x0 0x83 0x17 0x89 0x17 0x73 0x1a 0x15 0x6 0xa0 0x2 0x0 0x28 0x65 0x1 0x0 0xad 0x0 0xaa 0x0 0x93 0x0 0xaf 0x0 0x6a 0x6a 0x6a 0x6a 0x6a 0x6a 0x52 0x3 0x41 0x3 0x56 0x3 0x40 0x3 0x53 0x3 0x3e 0x3 0x52 0x3 0x3d 0x3 0x26 0x0 0x3 0x7f 0x7f 0x8c 0x92 0x4d 0x80 0x4f 0x80 0xa6 0x82 0xeb 0x7b 0x62 0x6b 0x64 0x7c 0xba 0x4b 0x0 0x0 0x73 0xe7 0x15 0xee 0x0 0x0 0x0 0x0 0xed 0x64 0x0 0x80 0x0 0xa4 0xa4 0x0 0x8 0xb9 0x5 0x0 0x0
1787979090407,0x1 0x8a 0xd 0x50 0xa4 0xb1 0x64 0x18 0xb 0x0 0xd 0x4e 0x8c 0x0 0xee 0x16 0xfb 0x16 0x73 0x1a 0x1b 0x6 0xa0 0x2 0x0 0x28 0x65 0x1 0x0 0xa9 0x0 0xa3 0x0 0x93 0x0 0xae 0x0 0x69 0x69 0x69 0x69 0x69 0x69 0x36 0x3 0x2c 0x3 0x3e 0x3 0x27 0x3 0x38 0x3 0x23 0x3 0x36 0x3 0x20 0x3 0x26 0x0 0x3 0x7d 0x7c 0x8c 0x92 0x4d 0x80 0x4f 0x80 0xa6 0x82 0xeb 0x7b 0x62 0x6b 0x64 0x7b 0x3a 0x47 0x0 0x0 0x73 0xe7 0x15 0xee 0x0 0x0 0x0 0x0 0xee 0x64 0x0 0x80 0x0 0xa4 0xa4 0x0 0x8 0xb9 0x5 0x0 0x0
1787979090630,0x1 0x8c 0xd 0x50 0xa4 0xb1 0x64 0x18 0xb 0x0 0xd 0x4e 0x89 0x0 0x6d 0x16 0x93 0x16 0x73 0x1b 0x1c 0x6 0xa0 0x2 0x0 0x28 0x65 0x1 0x0 0xa4 0x0 0x98 0x0 0x92 0x0 0xac 0x0 0x69 0x69 0x69 0x69 0x69 0x69 0x1f 0x3 0xc 0x3 0x21 0x3 0xf 0x3 0x21 0x3 0xb 0x3 0x1f 0x3 0xb 0x3 0x27 0x0 0x3 0x7a 0x7a 0x8c 0x92 0x4d 0x80 0x4f 0x80 0xa6 0x82 0xeb 0x7b 0x62 0x6b 0x64 0x7b 0x7a 0x43 0x0 0x0 0x73 0xe7 0x15 0xee 0x0 0x0 0x0 0x0 0xef 0x60 0x0 0x80 0x0 0xa4 0xa4 0x0 0x8 0x9f 0x5 0x0 0x0
1787979090855,0x1 0x8b 0xd 0x50 0xa4 0xb1 0x64 0x18 0xb 0x0 0xd 0x4d 0x88 0x0 0x34 0x16 0x40 0x16 0x73 0x1b 0x20 0x6 0xa0 0x2 0x0 0x28 0x65 0x1 0x0 0x9c 0x0 0x78 0x0 0x90 0x0 0xa9 0x0 0x69 0x69 0x69 0x69 0x69 0x69 0xf 0x3 0xfc 0x2 0x11 0x3 0xfd 0x2 0xd 0x3 0xf7 0x2 0xb 0x3 0xf7 0x2 0x27 0x0 0x3 0x78 0x77 0x8c 0x92 0x4d 0x80 0x4f 0x80 0xa6 0x82 0xeb 0x7b 0x62 0x6b 0x63 0x7b 0xfa 0x3e 0x0 0x0 0x73 0xe7 0x15 0xee 0x0 0x0 0x0 0x0 0xef 0x60 0x0 0x80 0x0 0xa4 0xa4 0x0 0x8 0xac 0x5 0x0 0x0
1787979091079,0x1 0x8a 0xd 0x50 0xa4 0xb1 0x64 0x1d 0x10 0x0 0xd 0x52 0x91 0x0 0xbc 0x17 0x91 0x16 0x73 0x1b 0x1c 0x6 0xa0 0x2 0x0 0x28 0x65 0x1 0x0 0x93 0x0 0x37 0x0 0x8e 0x0 0xa5 0x0 0x69 0x69 0x69 0x69 0x69 0x69 0x1 0x3 0x3 0x3 0xff 0x2 0x5 0x3 0x5 0x3 0x6b 0x3 0x62 0x3 0x6b 0x3 0x26 0x0 0x3 0x75 0x7e 0x8c 0x8f 0x4d 0x80 0x4f 0x80 0xa6 0x82 0xeb 0x7b 0x62 0x6b 0x63 0x7b 0x7a 0x3c 0x0 0x0 0x73 0xe7 0x15 0xee 0x0 0x0 0x0 0x0 0xf0 0x60 0x0 0x80 0x0 0xa4 0xa4 0x0 0x8 0xb9 0x5 0x0 0x0
1787979091303,0x1 0x8a 0xd 0x50 0xa4 0xb1 0x64 0x20 0x13 0x0 0xd 0x60 0xc8 0x0 0x33 0x1f 0x41 0x1f 0x73 0x1b 0x69 0x6 0xa0 0x2 0x0 0x28 0x65 0x1 0x0 0x75 0x0 0x1f 0x0 0x8c 0x0 0x9a 0x0 0x6e 0x6e 0x6e 0x6e 0x6e 0x6e 0x9f 0x4 0xb2 0x4 0x93 0x4 0xb2 0x4 0x87 0x4 0xbc 0x4 0x87 0x4 0xac 0x4 0x23 0x0 0x3 0x72 0x81 0x8c 0x8f 0x4d 0x80 0x4f 0x80 0xa6 0x82 0xeb 0x7b 0x62 0x6b 0x63 0x7b 0x7a 0x3f 0x0 0x0 0x73 0xe7 0x15 0xee 0x0 0x0 0x0 0x0 0xe7 0x87 0x0 0x80 0x0 0xa4 0xa4 0x0 0x8 0xb9 0x5 0x0 0x0
1787979091526,0x1 0x8c 0xd 0x50 0xa4 0xb1 0x64 0x20 0x13 0x0 0xd 0x61 0xcd 0x0 0x2a 0x1f 0x18 0x1f 0x73 0x1b 0x94 0x6 0xa0 0x2 0x0 0x28 0x65 0x1 0x0 0xa9 0x0 0xad 0x0 0x8f 0x0 0xa4 0x0 0x6d 0x6d 0x6d 0x6d 0x6d 0x6d 0x5c 0x4 0x87 0x4 0x50 0x4 0x88 0x4 0x58 0x4 0x8c 0x4 0x54 0x4 0x8c 0x4 0x23 0x0 0x3 0x6f 0x82 0x8c 0x8f 0x4d 0x80 0x4f 0x80 0xa6 0x82 0xeb 0x7b 0x62 0x6b 0x63 0x7a 0x7a 0x3f 0x0 0x0 0x73 0xe7 0x15 0xee 0x0 0x0 0x0 0x0 0xe3 0x91 0x0 0x80 0x0 0xa4 0xa4 0x0 0x8 0x9f 0x5 0x0 0x0
1787979091750,0x1 0x8b 0xd 0x50 0xa4 0xb1 0x64 0x20 0x13 0x0 0xd 0x5f 0xd0 0x0 0x87 0x1f 0x28 0x1f 0x73 0x1c 0x99 0x6 0xa0 0x2 0x0 0x28 0x65 0x1 0x0 0x96 0x0 0xac 0x0 0x8e 0x0 0xac 0x0 0x6d 0x6d 0x6d 0x6d 0x6d 0x6d 0x39 0x4 0x7e 0x4 0x3a 0x4 0x7e 0x4 0x38 0x4 0x7a 0x4 0x39 0x4 0x80 0x4 0x23 0x0 0x3 0x6b 0x82 0x8c 0x8f 0x4d 0x80 0x4f 0x80 0xa6 0x82 0xeb 0x7b 0x62 0x6b 0x63 0x7a 0x7a 0x3f 0x0 0x0 0x73 0xe7 0x15 0xee 0x0 0x0 0x0 0x0 0xe4 0x91 0x0 0x80 0x0 0xa4 0xa4 0x0 0x8 0xac 0x5 0x0 0x0
1787979091975,0x1 0x8c 0xd 0x50 0xa4 0xb0 0x65 0x21 0x13 0x0 0xd 0x62 0xcd 0x0 0xf6 0x1e 0x2b 0x1f 0x73 0x1c 0x9f 0x6 0xa0 0x2 0x0 0x28 0x65 0x1 0x0 0x36 0x0 0xa4 0x0 0x86 0x0 0xac 0x0 0x6d 0x6d 0x6d 0x6d 0x6d 0x6d 0x48 0x4 0x46 0x4 0x20 0x4 0x4b 0x4 0x42 0x4 0x48 0x4 0x44 0x4 0x46 0x4 0x23 0x0 0x3 0x71 0x78 0x7d 0x7c 0x4d 0x80 0x4f 0x80 0xa6 0x82 0xeb 0x7b 0x62 0x6b 0x62 0x7a 0x3a 0x51 0x0 0x0 0x73 0xe7 0x15 0xee 0x0 0x0 0x0 0x0 0xe5 0x91 0x0 0x80 0x0 0xa4 0xa4 0x0 0x8 0x9f 0x5 0x0 0x0
1787979092199,0x1 0x8a 0xd 0x50 0xa4 0xb0 0x65 0x26 0x19 0x0 0xd 0x6f 0x12 0x1 0x9b 0x27 0x6 0x27 0x73 0x1c 0xeb 0x6 0xa0 0x2 0x0 0x28 0x65 0x1 0x0 0x14 0x0 0x96 0x0 0x51 0x0 0xa9 0x0 0x71 0x71 0x71 0x71 0x71 0x71 0x66 0x5 0x3a 0x5 0x62 0x5 0x67 0x5 0x75 0x5 0x44 0x5 0x62 0x5 0x3d 0x5 0x20 0x0 0x3 0x75 0x74 0x7d 0x7c 0x4d 0x80 0x4f 0x80 0xa6 0x82 0xeb 0x7b 0x62 0x6b 0x62 0x7a 0x7a 0x48 0x0 0x0 0x73 0xe7 0x15 0xee 0x0 0x0 0x0 0x0 0xdf 0xd6 0x0 0x80 0x0 0xa4 0xa4 0x0 0x8 0xb9 0x5 0x0 0x0
1787979092422,0x1 0x8a 0xd 0x50 0xa4 0xb0 0x65 0x26 0x19 0x0 0xd 0x71 0x20 0x1 0xdf 0x28 0x6a 0x27 0x73 0x1c 0xc 0x7 0xa0 0x2 0x0 0x28 0x65 0x1 0x0 0x62 0x0 0x5a 0x0 0x70 0x0 0xa5 0x0 0x71 0x71 0x71 0x71 0x71 0x71 0x4c 0x5 0x0 0x5 0x4b 0x5 0xb 0x5 0x63 0x5 0x6 0x5 0x63 0x5 0x16 0x5 0x20 0x0 0x3 0x78 0x70 0x7d 0x7c 0x4d 0x80 0x4f 0x80 0xa6 0x82 0xeb 0x7b 0x62 0x6b 0x62 0x79 0xba 0x4a 0x0 0x0 0x73 0xe7 0x15 0xee 0x0 0x0 0x0 0x0 0xdd 0xde 0x0 0x80 0x0 0xa4 0xa4 0x0 0x8 0xb9 0x5 0x0 0x0
1787979092646,0x1 0x8b 0xd 0x50 0xa4 0xb0 0x65 0x26 0x19 0x0 0xd 0x72 0x23 0x1 0x93 0x28 0x22 0x28 0x73 0x1d 0x2c 0x7 0xa0 0x2 0x0 0x28 0x65 0x1 0x0 0xe 0x0 0xd 0x0 0x29 0x0 0x4b 0x0 0x72 0x72 0x72 0x72 0x72 0x72 0x74 0x5 0x55 0x5 0x6e 0x5 0x4b 0x5 0x73 0x5 0x4d 0x5 0x7a 0x5 0x55 0x5 0x20 0x0 0x3 0x7b 0x7b 0x7d 0x79 0x4d 0x80 0x4f 0x80 0xa6 0x82 0xeb 0x7b 0x62 0x6b 0x62 0x79 0x7a 0x56 0x0 0x0 0x73 0xe7 0x15 0xee 0x0 0x0 0x0 0x0 0xde 0xe5 0x0 0x80 0x0 0xa4 0xa4 0x0 0x8 0xac 0x5 0x0 0x0
1787979092870,0x1 0x8b 0xd 0x50 0xa4 0xb0 0x65 0x27 0x19 0x0 0xd 0x73 0x21 0x1 0xa6 0x27 0xf7 0x27 0x73 0x1d 0x4a 0x7 0xa0 0x2 0x0 0x28 0x65 0x1 0x0 0xc 0x0 0x9 0x0 0x2 0x0 0x16 0x0 0x71 0x71 0x71 0x71 0x71 0x71 0x7f 0x5 0x5d 0x5 0x7d 0x5 0x58 0x5 0x7b 0x5 0x58 0x5 0x7d 0x5 0x58 0x5 0x20 0x0 0x3 0x80 0x7f 0x7d 0x79 0x4d 0x80 0x4f 0x80 0xa6 0x82 0xeb 0x7b 0x62 0x6b 0x61 0x79 0x7a 0x5a 0x0 0x0 0x73 0xe7 0x15 0xee 0x0 0x0 0x0 0x0 0xde 0xe6 0x0 0x80 0x0 0xa4 0xa4 0x0 0x8 0xac 0x5 0x0 0x0
1787979093094,0x1 0x8a 0xd 0x50 0xa4 0xb0 0x65 0x27 0x19 0x0 0xd 0x72 0x24 0x1 0x8d 0x27 0x99 0x27 0x73 0x1d 0x62 0x7 0xa0 0x2 0x0 0x28 0x65 0x1 0x0 0xc 0x0 0x9 0x0 0x0 0x0 0xc 0x0 0x71 0x71 0x71 0x71 0x71 0x71 0x87 0x5 0x60 0x5 0x7b 0x5 0x57 0x5 0x82 0x5 0x5e 0x5 0x86 0x5 0x60 0x5 0x20 0x0 0x3 0x85 0x84 0x7d 0x79 0x4d 0x80 0x4f 0x80 0xa6 0x82 0xeb 0x7b 0x62 0x6b 0x61 0x79 0x7a 0x59 0x0 0x0 0x73 0xe7 0x15 0xee 0x0 0x0 0x0 0x0 0xde 0xe6 0x0 0x80 0x0 0xa4 0xa4 0x0 0x8 0xb9 0x5 0x0 0x0
1787979093318,0x1 0x8a 0xd 0x50 0xa4 0xb0 0x65 0x27 0x1a 0x0 0xd 0x73 0x26 0x1 0x3e 0x27 0xa1 0x27 0x73 0x1e 0x7e 0x7 0xa0 0x2 0x0 0x28 0x65 0x1 0x0 0xf 0x0 0xa 0x0 0x0 0x0 0xc 0x0 0x70 0x70 0x70 0x70 0x70 0x70 0x9c 0x5 0x77 0x5 0x9a 0x5 0x75 0x5 0x97 0x5 0x73 0x5 0x97 0x5 0x72 0x5 0x20 0x0 0x3 0x89 0x89 0x7d 0x79 0x4d 0x80 0x4f 0x80 0xa6 0x82 0xeb 0x7b 0x62 0x6b 0x61 0x79 0x74 0x59 0x0 0x0 0x73 0xe7 0x15 0xee 0x0 0x0 0x0 0x0 0xe0 0xe6 0x0 0x80 0x0 0xa4 0xa4 0x0 0x8 0xb9 0x5 0x0 0x0
1787979093542,0x1 0x8c 0xd 0x50 0xa4 0xb0 0x65 0x27 0x1a 0x0 0xd 0x75 0x31 0x1 0x20 0x28 0xea 0x27 0x73 0x1f 0x9a 0x7 0xa0 0x2 0x0 0x28 0x65 0x1 0x0 0x13 0x0 0xd 0x0 0x0 0x0 0xd 0x0 0x70 0x70 0x70 0x70 0x70 0x70 0xb5 0x5 0x90 0x5 0xaa 0x5 0x89 0x5 0xab 0x5 0x8a 0x5 0xb6 0x5 0x90 0x5 0x1e 0x0 0x3 0x8e 0x8d 0x7d 0x79 0x4d 0x80 0x4f 0x80 0xa6 0x82 0xeb 0x7b 0x62 0x6b 0x61 0x78 0x74 0x5e 0x0 0x0 0x73 0xe7 0x15 0xee 0x0 0x0 0x0 0x0 0xe0 0xe7 0x0 0x80 0x0 0xa4 0xa4 0x0 0x8 0x9f 0x5 0x0 0x0
1787979093765,0x1 0x8b 0xd 0x50 0xa4 0xb0 0x65 0x25 0x19 0x0 0xd 0x70 0x15 0x1 0x4f 0x24 0x75 0x24 0x73 0x1f 0xa1 0x7 0xa0 0x2 0x0 0x28 0x65 0x1 0x0 0x66 0x0 0x23 0x0 0x4 0x0 0x10 0x0 0x6e 0x6e 0x6e 0x6e 0x6e 0x6e 0x55 0x5 0x3b 0x5 0x59 0x5 0x36 0x5 0x57 0x5 0x34 0x5 0x55 0x5 0x34 0x5 0x1f 0x0 0x3 0x93 0x92 0x7d 0x79 0x4d 0x80 0x4f 0x80 0xa6 0x82 0xeb 0x7b 0x62 0x6b 0x61 0x78 0x74 0x62 0x0 0x0 0x73 0xe7 0x15 0xee 0x0 0x0 0x0 0x0 0xe2 0xd7 0x0 0x80 0x0 0xa4 0xa4 0x0 0x8 0xac 0x5 0x0 0x0
1787979093990,0x1 0x89 0xd 0x50 0xa4 0xb0 0x65 0x20 0x14 0x0 0xd 0x68 0xf7 0x0 0x2a 0x20 0xe1 0x22 0x73 0x20 0xae 0x7 0xa0 0x2 0x0 0x28 0x65 0x1 0x0 0x9a 0x0 0x7c 0x0 0x28 0x0 0x15 0x0 0x6d 0x6d 0x6d 0x6d 0x6d 0x6d 0x16 0x5 0x29 0x5 0x0 0x5 0xa 0x5 0x28 0x5 0x34 0x5 0xf1 0x4 0xa 0x5 0x20 0x0 0x3 0x8a 0x96 0x7e 0x79 0x4d 0x80 0x4f 0x80 0xa6 0x82 0xeb 0x7b 0x62 0x6b 0x60 0x78 0x74 0x62 0x0 0x0 0x73 0xe7 0x15 0xee 0x0 0x0 0x0 0x0 0xe5 0xd2 0x0 0x80 0x0 0xa4 0xa4 0x0 0x8 0xcb 0x5 0x0 0x0
1787979094214,0x1 0x8a 0xd 0x50 0xa4 0xb0 0x65 0x19 0xc 0x0 0xd 0x5a 0xaf 0x0 0x78 0x17 0xe4 0x1a 0x73 0x21 0x75 0x7 0xa0 0x2 0x0 0x28 0x65 0x3 0x0 0xab 0x0 0xad 0x0 0x69 0x0 0x5c 0x0 0x67 0x67 0x67 0x67 0x67 0x67 0xcf 0x3 0xdd 0x3 0xd 0x4 0x21 0x4 0xf3 0x3 0x7 0x4 0xbc 0x3 0xdd 0x3 0x23 0x0 0x3 0x86 0x96 0x7e 0x79 0x4d 0x80 0x4f 0x80 0xa6 0x82 0xeb 0x7b 0x62 0x6b 0x60 0x78 0x34 0x55 0x0 0x0 0x73 0xe7 0x15 0xee 0x0 0x0 0x0 0x0 0xed 0x9d 0x0 0x80 0x0 0xa4 0xa4 0x0 0x8 0xb9 0x5 0x0 0x0
1787979094438,0x1 0x8c 0xd 0x50 0xa4 0xb0 0x65 0xd 0x1 0x0 0xd 0x38 0x57 0x0 0x4b 0xc 0xba 0xe 0x73 0x21 0x14 0x7 0xa0 0x2 0x0 0x28 0x65 0x3 0x0 0xb3 0x0 0xb7 0x0 0x90 0x0 0xaa 0x0 0x70 0x70 0x70 0x70 0x70 0x70 0x28 0x2 0x25 0x2 0x14 0x2 0x14 0x2 0x4 0x2 0x3b 0x2 0x4 0x2 0xb 0x2 0x27 0x0 0x3 0x83 0x8d 0x7e 0x83 0x4d 0x80 0x4f 0x80 0xa6 0x82 0xeb 0x7b 0x62 0x6b 0x60 0x77 0xf4 0x49 0x0 0x0 0x73 0xe7 0x15 0xee 0x0 0x0 0x0 0x0 0xfa 0x3c 0x0 0x80 0x0 0xa4 0xa4 0x0 0x0 0x9f 0x5 0x0 0x0
1787979094662,0x1 0x8b 0xd 0x50 0xa4 0xb0 0x65 0xd 0x1 0x0 0xd 0x35 0x4f 0x0 0xc0 0xb 0x4d 0xc 0x73 0x21 0xb9 0x6 0xa0 0x2 0x0 0x28 0x65 0x3 0x0 0xb4 0x0 0xb5 0x0 0x9b 0x0 0xb6 0x0 0x84 0x84 0x84 0x84 0x84 0x84 0xc7 0x1 0xd2 0x1 0xcc 0x1 0xd2 0x1 0xc9 0x1 0xd0 0x1 0xc7 0x1 0xce 0x1 0x28 0x0 0x3 0x81 0x8b 0x7e 0x83 0x4d 0x80 0x4f 0x80 0xa6 0x82 0xeb 0x7b 0x62 0x6b 0x60 0x77 0xb4 0x41 0x0 0x0 0x73 0xe7 0x15 0xee 0x0 0x0 0x0 0x0 0xff 0x3a 0x0 0x80 0x0 0xa4 0xa4 0x0 0x0 0xac 0x5 0x0 0x0
1787979094886,0x1 0x89 0xd 0x50 0xa4 0xb0 0x65 0xd 0x1 0x0 0xd 0x31 0x4a 0x0 0xd 0xc 0x9 0xc 0x73 0x21 0x24 0x6 0xa0 0x2 0x0 0x28 0x65 0x3 0x0 0xae 0x0 0xb1 0x0 0x9b 0x0 0xb6 0x0 0x94 0x94 0x94 0x94 0x94 0x94 0xc6 0x1 0xcd 0x1 0xc4 0x1 0xcb 0x1 0xc6 0x1 0xcd 0x1 0xc5 0x1 0xcd 0x1 0x29 0x0 0x3 0x7f 0x89 0x7e 0x83 0x4d 0x80 0x4f 0x80 0xa6 0x82 0xeb 0x7b 0x62 0x6b 0x61 0x77 0x74 0x3c 0x0 0x0 0x73 0xe7 0x15 0xee 0x0 0x0 0x0 0x0 0xff 0x35 0x0 0x80 0x0 0xa4 0xa4 0x0 0x0 0xcb 0x5 0x0 0x0
1787979095108,0x1 0x8a 0xd 0x50 0xa3 0xb1 0x64 0xd 0x1 0x0 0xd 0x32 0x4c 0x0 0xb4 0xd 0xac 0xc 0x73 0x21 0x8c 0x5 0xa2 0x2 0x0 0x28 0x65 0x3 0x0 0xad 0x0 0xb1 0x0 0x9a 0x0 0xb6 0x0 0x9f 0x9f 0x9f 0x9f 0x9f 0x9f 0xd1 0x1 0xdb 0x1 0xd5 0x1 0xdd 0x1 0xd7 0x1 0xe1 0x1 0xda 0x1 0xe1 0x1 0x2a 0x0 0x3 0x7d 0x87 0x7e 0x83 0x4d 0x80 0x4f 0x80 0xa6 0x82 0xeb 0x7b 0x62 0x6b 0x61 0x77 0xc6 0x3c 0x52 0x5 0x73 0xe7 0x15 0xee 0x0 0x0 0x0 0x0 0xff 0x30 0x0 0x80 0x0 0xa4 0xa4 0x0 0x0 0xb9 0x5 0x0 0x0
1787979095334,0x1 0x8b 0xd 0x50 0xa3 0xb1 0x64 0xd 0x1 0x0 0xd 0x30 0x49 0x0 0x9a 0xe 0x8f 0xd 0x73 0x20 0x0 0x5 0xa2 0x2 0x0 0x28 0x65 0x3 0x0 0xad 0x0 0xb2 0x0 0x9b 0x0 0xb7 0x0 0x9d 0x9d 0x9d 0x9d 0x9d 0x9d 0xf0 0x1 0xfb 0x1 0xf5 0x1 0xf2 0x1 0xed 0x1 0xf6 0x1 0xf5 0x1 0xfc 0x1 0x2b 0x0 0x3 0x7b 0x86 0x7e 0x83 0x4d 0x80 0x4f 0x80 0xa6 0x82 0xeb 0x7b 0x62 0x6b 0x61 0x77 0x3b 0x38 0x52 0x5 0x73 0xe7 0x15 0xee 0x0 0x0 0x0 0x0 0xff 0x29 0x0 0x80 0x0 0xa4 0xa4 0x0 0x0 0xac 0x5 0x0 0x0
1787979095557,0x1 0x8a 0xd 0x50 0xa3 0xb1 0x64 0xd 0x1 0x0 0xd 0x30 0x46 0x0 0xb1 0xf 0x6d 0xe 0x73 0x20 0x76 0x4 0xa2 0x2 0x0 0x28 0x65 0x3 0x0 0xa0 0x0 0xaa 0x0 0x99 0x0 0xb6 0x0 0xa0 0xa0 0xa0 0xa0 0xa0 0xa0 0x5 0x2 0x10 0x2 0x9 0x2 0x13 0x2 0xd 0x2 0xe 0x2 0xd 0x2 0x15 0x2 0x2d 0x0 0x3 0x7a 0x84 0x7e 0x83 0x4d 0x80 0x4f 0x80 0xa6 0x82 0xeb 0x7b 0x62 0x6b 0x61 0x76 0x3b 0x33 0x52 0x5 0x73 0xe7 0x15 0xee 0x0 0x0 0x0 0x0 0xfc 0x1d 0x0 0x80 0x0 0xa4 0xa4 0x0 0x4 0xb9 0x5 0x0 0x0
1787979095781,0x1 0x8a 0xd 0x50 0xa3 0xb1 0x64 0xd 0x1 0x0 0xd 0x2d 0x42 0x0 0xc3 0xf 0x11 0xf 0x73 0x1f 0x30 0x4 0xa2 0x2 0x0 0x28 0x65 0x1 0x0 0x94 0x0 0xa8 0x0 0x97 0x0 0xb4 0x0 0xa0 0xa0 0xa0 0xa0 0xa0 0xa0 0x19 0x2 0x23 0x2 0x1a 0x2 0x24 0x2 0x1d 0x2 0x21 0x2 0x1d 0x2 0x26 0x2 0x2f 0x0 0x3 0x78 0x83 0x7e 0x83 0x4d 0x80 0x4f 0x80 0xa6 0x82 0xeb 0x7b 0x62 0x6b 0x61 0x76 0x3b 0x31 0x52 0x5 0x73 0xe7 0x15 0xee 0x0 0x0 0x0 0x0 0xff 0x17 0x0 0x80 0x0 0xa4 0xa4 0x0 0x4 0xb9 0x5 0x0 0x0
1787979096004,0x1 0x89 0xd 0x50 0xa3 0xb0 0x65 0xd 0x1 0x0 0xd 0x2c 0x43 0x0 0xa7 0x10 0x89 0xf 0x73 0x1f 0x6 0x4 0xa2 0x2 0x0 0x28 0x65 0x1 0x0 0x83 0x0 0xa8 0x0 0x95 0x0 0xb2 0x0 0xb1 0xb1 0xb1 0xb1 0xb1 0xb1 0x22 0x2 0x2c 0x2 0x24 0x2 0x2f 0x2 0x27 0x2 0x2b 0x2 0x27 0x2 0x31 0x2 0x30 0x0 0x3 0x77 0x82 0x7e 0x83 0x4d 0x80 0x4f 0x80 0xa6 0x82 0xeb 0x7b 0x62 0x6b 0x62 0x76 0x17 0x2b 0x2e 0x0 0x73 0xe7 0x15 0xee 0x0 0x0 0x0 0x0 0xff 0x17 0x0 0x80 0x0 0xa4 0xa4 0x0 0x4 0xcb 0x5 0x0 0x0
1787979096228,0x1 0x8b 0xd 0x50 0xa3 0xb0 0x65 0xd 0x1 0x0 0xd 0x28 0x3b 0x0 0x3a 0xf 0x9a 0xf 0x73 0x1e 0xe0 0x3 0xa2 0x2 0x0 0x28 0x65 0x1 0x0 0x3b 0x0 0x9e 0x0 0x93 0x0 0xb1 0x0 0xaf 0xaf 0xaf 0xaf 0xaf 0xaf 0x39 0x2 0x33 0x2 0x38 0x2 0x32 0x2 0x2b 0x2 0x32 0x2 0x3a 0x2 0x32 0x2 0x31 0x0 0x3 0x7e 0x80 0x85 0x83 0x4d 0x80 0x4f 0x80 0xa6 0x82 0xeb 0x7b 0x62 0x6b 0x62 0x76 0x1f 0x29 0x36 0xff 0x73 0xe7 0x15 0xee 0x0 0x0 0x0 0x0 0xff 0x13 0x0 0x80 0x0 0xa4 0xa4 0x0 0x4 0xac 0x5 0x0 0x0
1787979096453,0x1 0x8b 0xd 0x50 0xa3 0xb0 0x65 0xd 0x1 0x0 0xd 0x29 0x3d 0x0 0x11 0x10 0x94 0xf 0x73 0x1d 0xcc 0x3 0xa2 0x2 0x0 0x28 0x65 0x1 0x0 0x1c 0x0 0x99 0x0 0x90 0x0 0xaf 0x0 0xaf 0xaf 0xaf 0xaf 0xaf 0xaf 0x40 0x2 0x34 0x2 0x41 0x2 0x33 0x2 0x3d 0x2 0x33 0x2 0x41 0x2 0x35 0x2 0x31 0x0 0x3 0x80 0x7f 0x85 0x83 0x4d 0x80 0x4f 0x80 0xa6 0x82 0xeb 0x7b 0x63 0x6d 0x62 0x75 0xbf 0x26 0xd6 0xfd 0x73 0xe7 0x15 0xee 0x0 0x0 0x0 0x0 0xff 0x12 0x0 0x80 0x0 0xa4 0xa4 0x0 0x4 0xac 0x5 0x0 0x0
1787979096676,0x1 0x8a 0xd 0x50 0xa3 0xb0 0x65 0xd 0x1 0x0 0xd 0x28 0x3a 0x0 0x95 0xf 0x75 0xf 0x73 0x1d 0xb9 0x3 0xa2 0x2 0x0 0x28 0x65 0x1 0x0 0x15 0x0 0x99 0x0 0x8e 0x0 0xae 0x0 0xb0 0xb0 0xb0 0xb0 0xb0 0xb0 0x45 0x2 0x34 0x2 0x46 0x2 0x37 0x2 0x47 0x2 0x34 0x2 0x46 0x2 0x34 0x2 0x32 0x0 0x3 0x81 0x7e 0x85 0x83 0x4d 0x80 0x4f 0x80 0xa6 0x82 0xeb 0x7b 0x63 0x6d 0x62 0x75 0xcb 0x24 0xe2 0xfc 0x73 0xe7 0x15 0xee 0x0 0x0 0x0 0x0 0xff 0x10 0x0 0x80 0x0 0xa4 0xa4 0x0 0x4 0xb9 0x5 0x0 0x0
1787979096900,0x1 0x89 0xd 0x50 0xa3 0xb0 0x65 0xd 0x1 0x0 0xd 0x25 0x38 0x0 0x8c 0xf 0x84 0xf 0x73 0x1c 0x9a 0x3 0xa2 0x2 0x0 0x28 0x65 0x1 0x0 0x38 0x0 0xa0 0x0 0x8c 0x0 0xac 0x0 0xaf 0xaf 0xaf 0xaf 0xaf 0xaf 0x4d 0x2 0x39 0x2 0x51 0x2 0x3c 0x2 0x53 0x2 0x3b 0x2 0x52 0x2 0x3b 0x2 0x33 0x0 0x3 0x82 0x7c 0x85 0x83 0x4d 0x80 0x4f 0x80 0xa6 0x82 0xeb 0x7b 0x63 0x6d 0x63 0x75 0xcb 0x23 0xe2 0xfc 0x73 0xe7 0x15 0xee 0x0 0x0 0x0 0x0 0xff 0xf 0x0 0x80 0x0 0xa4 0xa4 0x0 0x4 0xcb 0x5 0x0 0x0
1787979097124,0x1 0x8a 0xd 0x50 0xa3 0xb0 0x65 0xd 0x1 0x0 0xd 0x26 0x38 0x0 0x2a 0x10 0xb1 0xf 0x73 0x1b 0x77 0x3 0xa2 0x2 0x0 0x28 0x65 0x1 0x0 0xa3 0x0 0xa2 0x0 0x8b 0x0 0xab 0x0 0xad 0xad 0xad 0xad 0xad 0xad 0x4b 0x2 0x42 0x2 0x4d 0x2 0x45 0x2 0x49 0x2 0x41 0x2 0x50 0x2 0x45 0x2 0x33 0x0 0x3 0x7a 0x7b 0x7d 0x83 0x4d 0x80 0x4f 0x80 0xa6 0x82 0xeb 0x7b 0x63 0x6d 0x63 0x75 0xdf 0x25 0xf6 0xfe 0x73 0xe7 0x15 0xee 0x0 0x0 0x0 0x0 0xff 0xf 0x0 0x80 0x0 0xa4 0xa4 0x0 0x4 0xb9 0x5 0x0 0x0
1787979097348,0x1 0x8b 0xd 0x50 0xa3 0xb0 0x65 0xd 0x1 0x0 0xd 0x27 0x39 0x0 0xcb 0x10 0xe0 0xf 0x73 0x1a 0x65 0x3 0xa2 0x2 0x0 0x28 0x65 0x3 0x0 0xa8 0x0 0xa2 0x0 0x89 0x0 0xaa 0x0 0xac 0xac 0xac 0xac 0xac 0xac 0x56 0x2 0x4d 0x2 0x51 0x2 0x49 0x2 0x53 0x2 0x4a 0x2 0x58 0x2 0x4d 0x2 0x33 0x0 0x3 0x79 0x7a 0x7d 0x83 0x4d 0x80 0x4f 0x80 0xa6 0x82 0xeb 0x7b 0x62 0x6b 0x63 0x74 0xdf 0x25 0xf6 0xfe 0x73 0xe7 0x15 0xee 0x0 0x0 0x0 0x0 0xff 0xd 0x0 0x80 0x0 0xa4 0xa4 0x0 0x4 0xac 0x5 0x0 0x0
1787979097572,0x1 0x8b 0xd 0x50 0xa3 0xb0 0x65 0xd 0x1 0x0 0xd 0x2a 0x3a 0x0 0xad 0x11 0x5c 0x10 0x73 0x19 0x48 0x3 0xa2 0x2 0x0 0x28 0x65 0x3 0x0 0xa5 0x0 0x9e 0x0 0x89 0x0 0xa9 0x0 0xaa 0xaa 0xaa 0xaa 0xaa 0xaa 0x64 0x2 0x5a 0x2 0x67 0x2 0x60 0x2 0x6e 0x2 0x57 0x2 0x6e 0x2 0x63 0x2 0x33 0x0 0x3 0x78 0x78 0x7d 0x83 0x4d 0x80 0x4f 0x80 0xa6 0x82 0xeb 0x7b 0x62 0x6b 0x63 0x74 0x9f 0x2d 0xf6 0xfe 0x73 0xe7 0x15 0xee 0x0 0x0 0x0 0x0 0xff 0xd 0x0 0x80 0x0 0xa4 0xa4 0x0 0x4 0xac 0x5 0x0 0x0
1787979097796,0x1 0x8a 0xd 0x50 0xa3 0xb0 0x65 0xd 0x1 0x0 0xd 0x28 0x3b 0x0 0x34 0x11 0x34 0x11 0x73 0x18 0x6e 0x3 0xa2 0x2 0x0 0x28 0x65 0x3 0x0 0x9b 0x0 0x89 0x0 0x88 0x0 0xa8 0x0 0xae 0xae 0xae 0xae 0xae 0xae 0x7f 0x2 0x72 0x2 0x7a 0x2 0x73 0x2 0x81 0x2 0x76 0x2 0x7a 0x2 0x6f 0x2 0x33 0x0 0x3 0x76 0x77 0x7d 0x83 0x4d 0x80 0x4f 0x80 0xa6 0x82 0xeb 0x7b 0x62 0x6b 0x63 0x74 0xd5 0x29 0xec 0xfd 0x73 0xe7 0x15 0xee 0x0 0x0 0x0 0x0 0xff 0xe 0x0 0x80 0x0 0xa4 0xa4 0x0 0x4 0xb9 0x5 0x0 0x0
1787979098020,0x1 0x8b 0xd 0x50 0xa3 0xb0 0x65 0xd 0x1 0x0 0xd 0x28 0x3a 0x0 0x4f 0xf 0xc0 0x10 0x73 0x17 0xca 0x3 0xa2 0x2 0x0 0x28 0x65 0x3 0x0 0x4f 0x0 0x37 0x0 0x87 0x0 0xa7 0x0 0xb0 0xb0 0xb0 0xb0 0xb0 0xb0 0x4f 0x2 0x5a 0x2 0x61 0x2 0x53 0x2 0x59 0x2 0x5a 0x2 0x4f 0x2 0x56 0x2 0x31 0x0 0x3 0x7d 0x7e 0x7d 0x86 0x4d 0x80 0x4f 0x80 0xa6 0x82 0xeb 0x7b 0x62 0x6b 0x64 0x74 0xc1 0x29 0xd8 0xfb 0x73 0xe7 0x15 0xee 0x0 0x0 0x0 0x0 0xff 0x12 0x0 0x80 0x0 0xa4 0xa4 0x0 0x4 0xac 0x5 0x0 0x0
1787979098244,0x1 0x8a 0xd 0x50 0xa3 0xb0 0x65 0xd 0x1 0x0 0xd 0x27 0x3b 0x0 0xc7 0xe 0x20 0x10 0x73 0x16 0xfe 0x3 0xa2 0x2 0x0 0x28 0x65 0x3 0x0 0x1d 0x0 0x1f 0x0 0x86 0x0 0xa5 0x0 0xb2 0xb2 0xb2 0xb2 0xb2 0xb2 0x46 0x2 0x43 0x2 0x49 0x2 0x40 0x2 0x49 0x2 0x41 0x2 0x46 0x2 0x3e 0x2 0x31 0x0 0x3 0x7e 0x80 0x7c 0x86 0x4d 0x80 0x4f 0x80 0xa6 0x82 0xeb 0x7b 0x62 0x6b 0x64 0x74 0xf7 0x38 0xce 0xfa 0x73 0xe7 0x15 0xee 0x0 0x0 0x0 0x0 0xff 0x14 0x0 0x80 0x0 0xa4 0xa4 0x0 0x4 0xb9 0x5 0x0 0x0
1787979098468,0x1 0x8c 0xd 0x50 0xa3 0xb0 0x65 0xd 0x1 0x0 0xd 0x2a 0x3f 0x0 0x4 0x10 0x0 0x10 0x73 0x16 0xef 0x3 0xa2 0x2 0x0 0x28 0x65 0x1 0x0 0x11 0x0 0x16 0x0 0x84 0x0 0xa3 0x0 0xb1 0xb1 0xb1 0xb1 0xb1 0xb1 0x42 0x2 0x39 0x2 0x43 0x2 0x3b 0x2 0x44 0x2 0x3c 0x2 0x45 0x2 0x3c 0x2 0x31 0x0 0x3 0x80 0x81 0x7c 0x86 0x4d 0x80 0x4f 0x80 0xa6 0x82 0xeb 0x7b 0x61 0x6a 0x64 0x73 0xc1 0x2a 0xd8 0xfb 0x73 0xe7 0x15 0xee 0x0 0x0 0x0 0x0 0xff 0x13 0x0 0x80 0x0 0xa4 0xa4 0x0 0x4 0x9f 0x5 0x0 0x0
1787979098692,0x1 0x8a 0xd 0x50 0xa3 0xb0 0x65 0xd 0x1 0x0 0xd 0x29 0x3c 0x0 0xa8 0xf 0xfc 0xf 0x73 0x16 0xd5 0x3 0xa2 0x2 0x0 0x28 0x65 0x1 0x0 0xb 0x0 0xf 0x0 0x7d 0x0 0x9e 0x0 0xb0 0xb0 0xb0 0xb0 0xb0 0xb0 0x49 0x2 0x41 0x2 0x4a 0x2 0x44 0x2 0x4d 0x2 0x41 0x2 0x4d 0x2 0x44 0x2 0x31 0x0 0x3 0x81 0x82 0x7c 0x86 0x4d 0x80 0x4f 0x80 0xa6 0x82 0xeb 0x7b 0x61 0x6a 0x64 0x73 0xcb 0x2a 0xe2 0xfc 0x73 0xe7 0x15 0xee 0x0 0x0 0x0 0x0 0xff 0x13 0x0 0x80 0x0 0xa4 0xa4 0x0 0x4 0xb9 0x5 0x0 0x0
1787979098916,0x1 0x8b 0xd 0x50 0xa3 0xb0 0x65 0xd 0x1 0x0 0xd 0x2a 0x3f 0x0 0xfa 0x10 0x39 0x10 0x73 0x15 0xb6 0x3 0xa2 0x2 0x0 0x28 0x65 0x1 0x0 0xa 0x0 0xb 0x0 0x48 0x0 0x70 0x0 0xae 0xae 0xae 0xae 0xae 0xae 0x59 0x2 0x51 0x2 0x5b 0x2 0x55 0x2 0x54 0x2 0x4f 0x2 0x5d 0x2 0x55 0x2 0x32 0x0 0x3 0x82 0x84 0x7c 0x86 0x4d 0x80 0x4f 0x80 0xa6 0x82 0xeb 0x7b 0x61 0x6a 0x65 0x73 0xd5 0x2a 0xec 0xfd 0x73 0xe7 0x15 0xee 0x0 0x0 0x0 0x0 0xff 0x11 0x0 0x80 0x0 0xa4 0xa4 0x0 0x4 0xac 0x5 0x0 0x0
1787979099140,0x1 0x8b 0xd 0x50 0xa3 0xb0 0x65 0x15 0x8 0x0 0xd 0x3b 0x5b 0x0 0x9a 0x18 0xc5 0x12 0x73 0x15 0xb3 0x3 0xa2 0x2 0x0 0x28 0x65 0x1 0x0 0xc 0x0 0xc 0x0 0x27 0x0 0x3d 0x0 0xaa 0xaa 0xaa 0xaa 0xaa 0xaa 0xec 0x2 0x24 0x3 0x79 0x3 0x55 0x2 0x5f 0x2 0x58 0x2 0x79 0x3 0x6d 0x3 0x31 0x0 0x3 0x84 0x85 0x7c 0x86 0x4d 0x80 0x4f 0x80 0xa6 0x82 0xeb 0x7b 0x61 0x6a 0x65 0x73 0xdf 0x28 0xf6 0xfe 0x73 0xe7 0x15 0xee 0x0 0x0 0x0 0x0 0xff 0x12 0x0 0x80 0x0 0xa4 0xa4 0x0 0x8 0xac 0x5 0x0 0x0
1787979099364,0x1 0x8b 0xd 0x50 0xa3 0xb0 0x65 0x15 0x8 0x0 0xd 0x40 0x65 0x0 0x64 0x18 0x57 0x18 0x73 0x14 0x24 0x4 0xa2 0x2 0x0 0x28 0x65 0x1 0x0 0x11 0x0 0x14 0x0 0x26 0x0 0x32 0x0 0x93 0x93 0x93 0x93 0x93 0x93 0xeb 0x3 0xd3 0x3 0xe1 0x3 0xd8 0x3 0xf0 0x3 0xdc 0x3 0xe4 0x3 0xd3 0x3 0x2d 0x0 0x3 0x85 0x87 0x7c 0x86 0x4d 0x80 0x4f 0x80 0xa6 0x82 0xeb 0x7b 0x61 0x6a 0x65 0x72 0xe9 0x30 0x0 0x0 0x73 0xe7 0x15 0xee 0x0 0x0 0x0 0x0 0xf0 0x25 0x0 0x80 0x0 0xa4 0xa4 0x0 0x8 0xac 0x5 0x0 0x0
1787979099587,0x1 0x8a 0xd 0x50 0xa3 0xb0 0x65 0x16 0x9 0x0 0xd 0x44 0x6e 0x0 0xa9 0x18 0x30 0x18 0x73 0x13 0x76 0x4 0xa2 0x2 0x0 0x28 0x65 0x1 0x0 0xae 0x0 0xad 0x0 0x37 0x0 0x39 0x0 0x77 0x77 0x77 0x77 0x77 0x77 0x9a 0x3 0xb4 0x3 0xaa 0x3 0xaa 0x3 0xa1 0x3 0xac 0x3 0xaa 0x3 0xb6 0x3 0x2b 0x0 0x3 0x7e 0x88 0x7e 0x86 0x4d 0x80 0x4f 0x80 0xa6 0x82 0xeb 0x7b 0x61 0x6a 0x65 0x72 0xe9 0x32 0x0 0x0 0x73 0xe7 0x15 0xee 0x0 0x0 0x0 0x0 0xd9 0x30 0x0 0x80 0x0 0xa4 0xa4 0x0 0x8 0xb9 0x5 0x0 0x0
1787979099812,0x1 0x8a 0xd 0x50 0xa3 0xb0 0x65 0x16 0x9 0x0 0xd 0x44 0x6f 0x0 0x37 0x19 0xf 0x19 0x73 0x13 0x67 0x4 0xa2 0x2 0x0 0x28 0x65 0x1 0x0 0xb4 0x0 0xb4 0x0 0x9f 0x0 0xad 0x0 0x75 0x75 0x75 0x75 0x75 0x75 0xbc 0x3 0xcc 0x3 0xbc 0x3 0xcd 0x3 0xbd 0x3 0xd3 0x3 0xbc 0x3 0xce 0x3 0x2b 0x0 0x3 0x7c 0x88 0x7e 0x86 0x4d 0x80 0x4f 0x80 0xa6 0x82 0xeb 0x7b 0x61 0x6a 0x65 0x72 0x29 0x26 0x0 0x0 0x73 0xe7 0x15 0xee 0x0 0x0 0x0 0x0 0xd6 0x33 0x0 0x80 0x0 0xa4 0xa4 0x0 0x8 0xb9 0x5 0x0 0x0
1787979100036,0x1 0x8c 0xd 0x50 0xa3 0xaf 0x65 0x1c 0xf 0x0 0xd 0x44 0x6d 0x0 0xb2 0x18 0x46 0x18 0x73 0x13 0x6a 0x4 0xa2 0x2 0x0 0x28 0x65 0x1 0x0 0xb2 0x0 0xb4 0x0 0xa1 0x0 0xb4 0x0 0x74 0x74 0x74 0x74 0x74 0x74 0x7c 0x3 0x7c 0x3 0x82 0x3 0x81 0x3 0x8d 0x3 0x7f 0x3 0x85 0x3 0x81 0x3 0x2b 0x0 0x3 0x7a 0x7f 0x7e 0x7f 0x4d 0x80 0x4f 0x80 0xa6 0x82 0xeb 0x7b 0x61 0x6a 0x64 0x72 0xe9 0x30 0x0 0x0 0x73 0xe7 0x15 0xee 0x0 0x0 0x0 0x0 0xd3 0x33 0x0 0x80 0x0 0xa4 0xa4 0x0 0x8 0x9f 0x5 0x0 0x0
1787979100259,0x1 0x8c 0xd 0x50 0xa3 0xaf 0x65 0x23 0x16 0x0 0xd 0x62 0xd4 0x0 0xa1 0x2b 0xae 0x27 0x73 0x12 0xdc 0x4 0xa2 0x2 0x0 0x28 0x65 0x1 0x0 0xb0 0x0 0xb2 0x0 0x9e 0x0 0xb4 0x0 0x7e 0x7e 0x7e 0x7e 0x7e 0x7e 0xd 0x6 0x1b 0x6 0x31 0x6 0x3a 0x6 0x53 0x6 0xdc 0x5 0x53 0x6 0x4a 0x6 0x24 0x0 0x3 0x77 0x7c 0x7e 0x7f 0x4d 0x80 0x4f 0x80 0xa6 0x82 0xeb 0x7b 0x61 0x6a 0x64 0x72 0xe9 0x36 0x0 0x0 0x73 0xe7 0x15 0xee 0x0 0x0 0x0 0x0 0xc1 0x83 0x0 0x80 0x0 0xa4 0xa4 0x0 0x8 0x9f 0x5 0x0 0x0
1787979100484,0x1 0x8a 0xd 0x50 0xa4 0xaf 0x65 0x24 0x16 0x0 0xd 0x66 0xe1 0x0 0x3d 0x27 0x96 0x28 0x73 0x12 0xbc 0x5 0xa0 0x2 0x0 0x28 0x65 0x1 0x0 0xb4 0x0 0xb4 0x0 0x9e 0x0 0xb4 0x0 0x76 0x76 0x76 0x76 0x76 0x76 0xfd 0x5 0xe5 0x5 0x3f 0x6 0x28 0x6 0x1e 0x6 0x5 0x6 0xed 0x5 0xe5 0x5 0x23 0x0 0x3 0x74 0x79 0x7e 0x7f 0x4d 0x80 0x4f 0x80 0xa6 0x82 0xeb 0x7b 0x61 0x6a 0x64 0x71 0xe9 0x3b 0x0 0x0 0x73 0xe7 0x15 0xee 0x0 0x0 0x0 0x0 0xa7 0xe4 0x0 0x80 0x0 0xa4 0xa4 0x0 0x8 0xb9 0x5 0x0 0x0
1787979100708,0x1 0x8a 0xd 0x50 0xa4 0xaf 0x65 0x24 0x16 0x0 0xd 0x67 0xe8 0x0 0xab 0x26 0x6c 0x26 0x73 0x13 0x0 0x6 0xa0 0x2 0x0 0x28 0x65 0x1 0x0 0xab 0x0 0xac 0x0 0x9b 0x0 0xb1 0x0 0x74 0x74 0x74 0x74 0x74 0x74 0x69 0x5 0x60 0x5 0x67 0x5 0x5d 0x5 0x61 0x5 0x5f 0x5 0x67 0x5 0x60 0x5 0x23 0x0 0x3 0x70 0x75 0x7e 0x7f 0x4d 0x80 0x4f 0x80 0xa6 0x82 0xeb 0x7b 0x61 0x6a 0x64 0x71 0x74 0x3c 0x0 0x0 0x73 0xe7 0x15 0xee 0x0 0x0 0x0 0x0 0xa4 0xcf 0x0 0x80 0x0 0xa4 0xa4 0x0 0x8 0xb9 0x5 0x0 0x0
1787979100931,0x1 0x8c 0xd 0x50 0xa4 0xaf 0x65 0x24 0x16 0x0 0xd 0x66 0xe5 0x0 0x24 0x26 0x76 0x26 0x73 0x13 0x1 0x6 0xa0 0x2 0x0 0x28 0x65 0x1 0x0 0x5e 0x0 0x90 0x0 0x93 0x0 0xab 0x0 0x74 0x74 0x74 0x74 0x74 0x74 0x4b 0x5 0x45 0x5 0x4e 0x5 0x42 0x5 0x41 0x5 0x35 0x5 0x3c 0x5 0x35 0x5 0x23 0x0 0x3 0x6c 0x71 0x7e 0x7f 0x4d 0x80 0x4f 0x80 0xa6 0x82 0xeb 0x7b 0x61 0x6a 0x63 0x71 0x74 0x3d 0x0 0x0 0x73 0xe7 0x15 0xee 0x0 0x0 0x0 0x0 0xaa 0xd7 0x0 0x80 0x0 0xa4 0xa4 0x0 0x8 0x9f 0x5 0x0 0x0
1787979101156,0x1 0x8c 0xd 0x50 0xa4 0xaf 0x65 0x24 0x16 0x0 0xd 0x66 0xe7 0x0 0x6d 0x26 0xeb 0x26 0x73 0x14 0x3 0x6 0xa0 0x2 0x0 0x28 0x65 0x1 0x0 0x15 0x0 0x25 0x0 0x76 0x0 0x9e 0x0 0x74 0x74 0x74 0x74 0x74 0x74 0x6f 0x5 0x65 0x5 0x77 0x5 0x67 0x5 0x75 0x5 0x5f 0x5 0x75 0x5 0x63 0x5 0x23 0x0 0x3 0x76 0x79 0x79 0x7c 0x4d 0x80 0x4f 0x80 0xa6 0x82 0xeb 0x7b 0x61 0x6a 0x63 0x71 0x74 0x3d 0x0 0x0 0x73 0xe7 0x15 0xee 0x0 0x0 0x0 0x0 0xaf 0xd7 0x0 0x80 0x0 0xa4 0xa4 0x0 0x8 0x9f 0x5 0x0 0x0
1787979101380,0x1 0x8b 0xd 0x50 0xa4 0xaf 0x65 0x24 0x17 0x0 0xd 0x67 0xed 0x0 0xde 0x26 0x2a 0x27 0x73 0x14 0x19 0x6 0xa0 0x2 0x0 0x28 0x65 0x1 0x0 0xc 0x0 0xe 0x0 0x2e 0x0 0x4e 0x0 0x73 0x73 0x73 0x73 0x73 0x73 0x84 0x5 0x78 0x5 0x89 0x5 0x76 0x5 0x82 0x5 0x73 0x5 0x82 0x5 0x73 0x5 0x23 0x0 0x3 0x79 0x7d 0x79 0x7c 0x4d 0x80 0x4f 0x80 0xa6 0x82 0xeb 0x7b 0x61 0x6a 0x63 0x70 0x74 0x3d 0x0 0x0 0x73 0xe7 0x15 0xee 0x0 0x0 0x0 0x0 0xb3 0xd8 0x0 0x80 0x0 0xa4 0xa4 0x0 0x8 0xac 0x5 0x0 0x0
1787979101603,0x1 0x8a 0xd 0x50 0xa4 0xaf 0x65 0x24 0x17 0x0 0xd 0x68 0xec 0x0 0x5c 0x26 0x25 0x26 0x73 0x15 0x27 0x6 0xa0 0x2 0x0 0x28 0x65 0x1 0x0 0xd 0x0 0xf 0x0 0xf 0x0 0x2a 0x0 0x73 0x73 0x73 0x73 0x73 0x73 0x66 0x5 0x55 0x5 0x67 0x5 0x5a 0x5 0x6d 0x5 0x5a 0x5 0x6a 0x5 0x5a 0x5 0x22 0x0 0x3 0x7d 0x81 0x79 0x7c 0x4d 0x80 0x4f 0x80 0xa6 0x82 0xeb 0x7b 0x61 0x6a 0x63 0x70 0x74 0x3d 0x0 0x0 0x73 0xe7 0x15 0xee 0x0 0x0 0x0 0x0 0xb8 0xd1 0x0 0x80 0x0 0xa4 0xa4 0x0 0x8 0xb9 0x5 0x0 0x0
1787979101828,0x1 0x8b 0xd 0x50 0xa4 0xaf 0x65 0x24 0x17 0x0 0xd 0x67 0xe7 0x0 0x55 0x25 0xb5 0x25 0x73 0x16 0x30 0x6 0xa0 0x2 0x0 0x28 0x65 0x1 0x0 0xe 0x0 0xe 0x0 0x5 0x0 0x1b 0x0 0x72 0x72 0x72 0x72 0x72 0x72 0x6d 0x5 0x5e 0x5 0x69 0x5 0x59 0x5 0x67 0x5 0x5a 0x5 0x67 0x5 0x57 0x5 0x22 0x0 0x3 0x81 0x84 0x79 0x7c 0x4d 0x80 0x4f 0x80 0xa6 0x82 0xeb 0x7b 0x61 0x6a 0x63 0x70 0x74 0x3d 0x0 0x0 0x73 0xe7 0x15 0xee 0x0 0x0 0x0 0x0 0xbd 0xd1 0x0 0x80 0x0 0xa4 0xa4 0x0 0x8 0xac 0x5 0x0 0x0
1787979102051,0x1 0x8c 0xd 0x50 0xa4 0xaf 0x65 0x19 0xc 0x0 0xd 0x4f 0x90 0x0 0x96 0x17 0x7b 0x1e 0x73 0x16 0x1b 0x6 0xa0 0x2 0x0 0x28 0x65 0x1 0x0 0x13 0x0 0x12 0x0 0x4 0x0 0x16 0x0 0x6e 0x6e 0x6e 0x6e 0x6e 0x6e 0x9c 0x4 0x6b 0x4 0x43 0x4 0xc 0x4 0xd5 0x4 0xac 0x4 0x18 0x4 0xc 0x4 0x25 0x0 0x3 0x84 0x88 0x79 0x7c 0x4d 0x80 0x4f 0x80 0xa6 0x82 0xeb 0x7b 0x61 0x6a 0x62 0x70 0x74 0x3c 0x0 0x0 0x73 0xe7 0x15 0xee 0x0 0x0 0x0 0x0 0xc4 0x89 0x0 0x80 0x0 0xa4 0xa4 0x0 0x8 0x9f 0x5 0x0 0x0
1787979102276,0x1 0x8a 0xd 0x50 0xa4 0xaf 0x65 0xd 0x0 0x0 0xd 0x31 0x4c 0x0 0x1c 0xe 0xa8 0x12 0x73 0x17 0x63 0x5 0xa0 0x2 0x0 0x28 0x65 0x1 0x0 0x9b 0x0 0x9f 0x0 0xc 0x0 0x1d 0x0 0x74 0x74 0x74 0x74 0x74 0x74 0x93 0x2 0x8f 0x2 0x75 0x2 0xdb 0x2 0xb8 0x2 0xb2 0x2 0x75 0x2 0x7f 0x2 0x29 0x0 0x3 0x7e 0x89 0x79 0x7c 0x4d 0x80 0x4f 0x80 0xa6 0x82 0xeb 0x7b 0x61 0x6a 0x62 0x70 0xc6 0x3b 0x52 0x5 0x73 0xe7 0x15 0xee 0x0 0x0 0x0 0x0 0xe0 0x51 0x0 0x80 0x0 0xa4 0xa4 0x0 0x0 0xb9 0x5 0x0 0x0
1787979102499,0x1 0x8a 0xd 0x50 0xa4 0xaf 0x65 0xd 0x0 0x0 0xd 0x2e 0x45 0x0 0xfa 0xd 0x30 0xf 0x73 0x17 0xf0 0x4 0xa0 0x2 0x0 0x28 0x65 0x1 0x0 0xb0 0x0 0xb1 0x0 0x62 0x0 0x79 0x0 0x80 0x80 0x80 0x80 0x80 0x80 0x1a 0x2 0x22 0x2 0x12 0x2 0x1c 0x2 0xd 0x2 0x2a 0x2 0xd 0x2 0x1a 0x2 0x2b 0x0 0x3 0x7c 0x89 0x79 0x7c 0x4d 0x80 0x4f 0x80 0xa6 0x82 0xeb 0x7b 0x61 0x6a 0x62 0x6f 0xc6 0x36 0x52 0x5 0x73 0xe7 0x15 0xee 0x0 0x0 0x0 0x0 0xf5 0x25 0x0 0x80 0x0 0xa4 0xa4 0x0 0x0 0xb9 0x5 0x0 0x0
1787979102722,0x1 0x8b 0xd 0x50 0xa4 0xaf 0x65 0xd 0x0 0x0 0xd 0x2e 0x46 0x0 0xd2 0xe 0xdc 0xe 0x73 0x17 0xb9 0x4 0xa0 0x2 0x0 0x28 0x65 0x1 0x0 0xa7 0x0 0xac 0x0 0x90 0x0 0xac 0x0 0x8c 0x8c 0x8c 0x8c 0x8c 0x8c 0x9 0x2 0x9 0x2 0x8 0x2 0x8 0x2 0x9 0x2 0x9 0x2 0x9 0x2 0xb 0x2 0x2c 0x0 0x3 0x7b 0x81 0x79 0x7d 0x4d 0x80 0x4f 0x80 0xa6 0x82 0xeb 0x7b 0x61 0x6a 0x62 0x6f 0xc6 0x34 0x52 0x5 0x73 0xe7 0x15 0xee 0x0 0x0 0x0 0x0 0xfe 0x21 0x0 0x80 0x0 0xa4 0xa4 0x0 0x0 0xac 0x5 0x0 0x0
1787979102947,0x1 0x8c 0xd 0x50 0xa4 0xb0 0x65 0xd 0x0 0x0 0xd 0x2d 0x43 0x0 0x93 0xe 0xf1 0xe 0x73 0x16 0x99 0x4 0xa0 0x2 0x0 0x28 0x65 0x1 0x0 0x9d 0x0 0xa8 0x0 0x93 0x0 0xad 0x0 0x94 0x94 0x94 0x94 0x94 0x94 0x11 0x2 0x12 0x2 0xf 0x2 0x10 0x2 0x10 0x2 0x12 0x2 0x10 0x2 0x12 0x2 0x2d 0x0 0x3 0x79 0x7f 0x79 0x7d 0x4d 0x80 0x4f 0x80 0xa6 0x82 0xeb 0x7b 0x61 0x6a 0x63 0x6f 0xc6 0x33 0x52 0x5 0x73 0xe7 0x15 0xee 0x0 0x0 0x0 0x0 0xff 0x1d 0x0 0x80 0x0 0xa4 0xa4 0x0 0x0 0x9f 0x5 0x0 0x0
1787979103170,0x1 0x8c 0xd 0x50 0xa4 0xb0 0x65 0xd 0x0 0x0 0xd 0x2e 0x43 0x0 0xc9 0xe 0xfb 0xe 0x73 0x16 0x88 0x4 0xa0 0x2 0x0 0x28 0x65 0x1 0x0 0x99 0x0 0xa5 0x0 0x92 0x0 0xac 0x0 0xa0 0xa0 0xa0 0xa0 0xa0 0xa0 0x15 0x2 0x15 0x2 0x16 0x2 0x11 0x2 0x12 0x2 0x14 0x2 0x16 0x2 0x16 0x2 0x2d 0x0 0x3 0x7d 0x83 0x7e 0x82 0x4d 0x80 0x4f 0x80 0xa6 0x82 0xeb 0x7b 0x61 0x6a 0x63 0x6f 0xc6 0x33 0x52 0x5 0x73 0xe7 0x15 0xee 0x0 0x0 0x0 0x0 0xff 0x1d 0xe0 0x7a 0x0 0xa4 0xa4 0x0 0x4 0x9f 0x5 0x0 0x0
1787979103394,0x1 0x8a 0xd 0x50 0xa4 0xb0 0x65 0xd 0x0 0x0 0xd 0x29 0x3e 0x0 0x7b 0xe 0xfe 0xe 0x73 0x16 0x48 0x4 0xa0 0x2 0x0 0x28 0x65 0x1 0x0 0x89 0x0 0xa4 0x0 0x90 0x0 0xab 0x0 0xb2 0xb2 0xb2 0xb2 0xb2 0xb2 0x1a 0x2 0x1a 0x2 0x18 0x2 0x18 0x2 0x1a 0x2 0x1b 0x2 0x17 0x2 0x18 0x2 0x2e 0x0 0x3 0x7b 0x82 0x7e 0x82 0x4d 0x80 0x4f 0x80 0xa6 0x82 0xeb 0x7b 0x61 0x6a 0x63 0x6e 0xee 0x2a 0x7a 0xfe 0x73 0xe7 0x15 0xee 0x0 0x0 0x0 0x0 0xff 0x1b 0xe0 0x7a 0x0 0xa4 0xa4 0x0 0x4 0xb9 0x5 0x0 0x0
1787979103619,0x1 0x8b 0xd 0x50 0xa4 0xb0 0x65 0xd 0x0 0x0 0xd 0x27 0x39 0x0 0xdc 0xd 0xc0 0xe 0x73 0x16 0x1d 0x4 0xa0 0x2 0x0 0x28 0x65 0x1 0x0 0x6c 0x0 0xa4 0x0 0x8e 0x0 0xaa 0x0 0xb1 0xb1 0xb1 0xb1 0xb1 0xb1 0x13 0x2 0x13 0x2 0x12 0x2 0x11 0x2 0x14 0x2 0x14 0x2 0x10 0x2 0x11 0x2 0x30 0x0 0x3 0x7a 0x80 0x7e 0x82 0x4d 0x80 0x4f 0x80 0xa6 0x82 0xeb 0x7b 0x61 0x6a 0x63 0x6e 0x82 0x28 0xe 0xfd 0x73 0xe7 0x15 0xee 0x0 0x0 0x0 0x0 0xff 0x17 0xe0 0x7a 0x0 0xa4 0xa4 0x0 0x4 0xac 0x5 0x0 0x0
1787979103843,0x1 0x8c 0xd 0x50 0xa4 0xb0 0x65 0xd 0x0 0x0 0xd 0x27 0x3a 0x0 0x80 0xe 0x9b 0xe 0x73 0x15 0x0 0x4 0xa0 0x2 0x0 0x28 0x65 0x1 0x0 0x55 0x0 0xa3 0x0 0x8d 0x0 0xa9 0x0 0xb0 0xb0 0xb0 0xb0 0xb0 0xb0 0xc 0x2 0xd 0x2 0xb 0x2 0xc 0x2 0xc 0x2 0xd 0x2 0xa 0x2 0xc 0x2 0x30 0x0 0x3 0x79 0x7f 0x7e 0x82 0x4d 0x80 0x4f 0x80 0xa6 0x82 0xeb 0x7b 0x61 0x6a 0x64 0x6e 0x56 0x27 0xe2 0xfc 0x73 0xe7 0x15 0xee 0x0 0x0 0x0 0x0 0xff 0x15 0xe0 0x7a 0x0 0xa4 0xa4 0x0 0x4 0x9f 0x5 0x0 0x0
1787979104067,0x1 0x8c 0xd 0x50 0xa4 0xaf 0x65 0x15 0x8 0x0 0xd 0x37 0x53 0x0 0xfa 0x14 0xb1 0x10 0x73 0x15 0xf5 0x3 0xa0 0x2 0x0 0x28 0x65 0x1 0x0 0x2b 0x0 0x9e 0x0 0x8c 0x0 0xa8 0x0 0xaa 0xaa 0xaa 0xaa 0xaa 0xaa 0x94 0x2 0xab 0x2 0xe8 0x2 0xc 0x2 0x1e 0x2 0xc 0x2 0xe8 0x2 0xcf 0x2 0x30 0x0 0x3 0x82 0x7e 0x82 0x82 0x4d 0x80 0x4f 0x80 0xa6 0x82 0xeb 0x7b 0x61 0x6a 0x64 0x6e 0x6a 0x28 0xf6 0xfe 0x73 0xe7 0x15 0xee 0x0 0x0 0x0 0x0 0xff 0x13 0xe0 0x7a 0x0 0xa4 0xa4 0x0 0x8 0x9f 0x5 0x0 0x0
1787979104291,0x1 0x8a 0xd 0x50 0xa4 0xaf 0x65 0x15 0x8 0x0 0xd 0x3d 0x60 0x0 0xf 0x15 0x54 0x15 0x73 0x15 0x8f 0x4 0xa0 0x2 0x0 0x28 0x65 0x1 0x0 0x18 0x0 0x90 0x0 0x89 0x0 0xa7 0x0 0x91 0x91 0x91 0x91 0x91 0x91 0x53 0x3 0x26 0x3 0x46 0x3 0x34 0x3 0x5b 0x3 0x33 0x3 0x46 0x3 0x1d 0x3 0x2b 0x0 0x3 0x84 0x7c 0x82 0x82 0x4d 0x80 0x4f 0x80 0xa6 0x82 0xeb 0x7b 0x61 0x6a 0x64 0x6e 0x74 0x2e 0x0 0x0 0x73 0xe7 0x15 0xee 0x0 0x0 0x0 0x0 0xf6 0x26 0xe0 0x7a 0x0 0xa4 0xa4 0x0 0x8 0xb9 0x5 0x0 0x0
1787979104515,0x1 0x8a 0xd 0x50 0xa4 0xaf 0x65 0x1a 0xd 0x0 0xd 0x50 0x8e 0x0 0xa5 0x1c 0x6e 0x1a 0x73 0x15 0xf5 0x4 0xa0 0x2 0x0 0x28 0x65 0x1 0x0 0xa9 0x0 0xac 0x0 0x89 0x0 0xa8 0x0 0x73 0x73 0x73 0x73 0x73 0x73 0xcd 0x3 0xa4 0x3 0xda 0x3 0xc9 0x3 0x0 0x4 0x7d 0x3 0x0 0x4 0xda 0x3 0x28 0x0 0x3 0x7d 0x7a 0x7f 0x82 0x4d 0x80 0x4f 0x80 0xa6 0x82 0xeb 0x7b 0x61 0x6a 0x64 0x6d 0x74 0x33 0x0 0x0 0x73 0xe7 0x15 0xee 0x0 0x0 0x0 0x0 0xe0 0x43 0xe0 0x7a 0x0 0xa4 0xa4 0x0 0x8 0xb9 0x5 0x0 0x0
1787979104738,0x1 0x8b 0xd 0x50 0xa4 0xaf 0x65 0x1a 0xd 0x0 0xd 0x4f 0x8d 0x0 0x58 0x1b 0xa1 0x1b 0x73 0x15 0x28 0x5 0xa0 0x2 0x0 0x28 0x65 0x1 0x0 0xac 0x0 0xac 0x0 0x93 0x0 0xac 0x0 0x72 0x72 0x72 0x72 0x72 0x72 0x16 0x4 0xeb 0x3 0x24 0x4 0xfb 0x3 0x1f 0x4 0xf4 0x3 0x13 0x4 0xeb 0x3 0x27 0x0 0x3 0x7b 0x77 0x7f 0x82 0x4d 0x80 0x4f 0x80 0xa6 0x82 0xeb 0x7b 0x61 0x6a 0x64 0x6d 0x74 0x35 0x0 0x0 0x73 0xe7 0x15 0xee 0x0 0x0 0x0 0x0 0xda 0x58 0xe0 0x7a 0x0 0xa4 0xa4 0x0 0x8 0xac 0x5 0x0 0x0
1787979104962,0x1 0x8b 0xd 0x50 0xa4 0xaf 0x65 0x1a 0xd 0x0 0xd 0x51 0x91 0x0 0x9e 0x1b 0x5a 0x1b 0x73 0x15 0x40 0x5 0xa0 0x2 0x0 0x28 0x65 0x1 0x0 0xac 0x0 0xac 0x0 0x98 0x0 0xae 0x0 0x72 0x72 0x72 0x72 0x72 0x72 0xe8 0x3 0xc2 0x3 0xec 0x3 0xc4 0x3 0xf7 0x3 0xca 0x3 0xea 0x3 0xc4 0x3 0x27 0x0 0x3 0x79 0x75 0x7f 0x82 0x4d 0x80 0x4f 0x80 0xa6 0x82 0xeb 0x7b 0x61 0x6a 0x63 0x6d 0x74 0x36 0x0 0x0 0x73 0xe7 0x15 0xee 0x0 0x0 0x0 0x0 0xd7 0x5d 0xe0 0x7a 0x0 0xa4 0xa4 0x0 0x8 0xac 0x5 0x0 0x0
1787979105186,0x1 0x8a 0xd 0x50 0xa4 0xaf 0x65 0x1a 0xd 0x0 0xd 0x50 0x90 0x0 0x3f 0x1b 0x4 0x1b 0x73 0x15 0x49 0x5 0xa0 0x2 0x0 0x28 0x65 0x1 0x0 0xa6 0x0 0x9c 0x0 0x96 0x0 0xac 0x0 0x71 0x71 0x71 0x71 0x71 0x71 0xcb 0x3 0xa7 0x3 0xdc 0x3 0xb6 0x3 0xd3 0x3 0xaa 0x3 0xcb 0x3 0xa7 0x3 0x27 0x0 0x3 0x76 0x73 0x7f 0x82 0x4d 0x80 0x4f 0x80 0xa6 0x82 0xeb 0x7b 0x61 0x6a 0x63 0x6d 0x74 0x36 0x0 0x0 0x73 0xe7 0x15 0xee 0x0 0x0 0x0 0x0 0xd9 0x5d 0xe0 0x7a 0x0 0xa4 0xa4 0x0 0x8 0xb9 0x5 0x0 0x0
1787979105411,0x1 0x89 0xd 0x50 0xa4 0xaf 0x65 0x1b 0xd 0x0 0xd 0x51 0x8f 0x0 0x4 0x1b 0x4 0x1b 0x73 0x15 0x4b 0x5 0xa0 0x2 0x0 0x28 0x65 0x1 0x0 0x97 0x0 0x49 0x0 0x94 0x0 0xa8 0x0 0x71 0x71 0x71 0x71 0x71 0x71 0xc2 0x3 0x98 0x3 0xbe 0x3 0xb3 0x3 0xbb 0x3 0x9f 0x3 0xbb 0x3 0xb3 0x3 0x27 0x0 0x3 0x74 0x78 0x7f 0x80 0x4d 0x80 0x4f 0x80 0xa6 0x82 0xeb 0x7b 0x61 0x6a 0x63 0x6c 0x74 0x36 0x0 0x0 0x73 0xe7 0x15 0xee 0x0 0x0 0x0 0x0 0xda 0x5d 0xe0 0x7a 0x0 0xa4 0xa4 0x0 0x8 0xcb 0x5 0x0 0x0
1787979105651,0x1 0x8b 0xd 0x50 0xa4 0xaf 0x65 0x1b 0xd 0x0 0xd 0x52 0x8f 0x0 0xcd 0x1a 0x24 0x1b 0x73 0x16 0x56 0x5 0xa0 0x2 0x0 0x28 0x65 0x1 0x0 0x46 0x0 0x1d 0x0 0x90 0x0 0x9e 0x0 0x71 0x71 0x71 0x71 0x71 0x71 0xb4 0x3 0xb9 0x3 0xbd 0x3 0xc3 0x3 0xb9 0x3 0xbe 0x3 0xcb 0x3 0xb9 0x3 0x27 0x0 0x3 0x79 0x7b 0x7b 0x80 0x4d 0x80 0x4f 0x80 0xa6 0x82 0xeb 0x7b 0x61 0x6a 0x63 0x6c 0x74 0x36 0x0 0x0 0x73 0xe7 0x15 0xee 0x0 0x0 0x0 0x0 0xdb 0x5d 0xe0 0x7a 0x0 0xa4 0xa4 0x0 0x8 0xac 0x5 0x0 0x0
1787979105874,0x1 0x8c 0xd 0x50 0xa4 0xaf 0x65 0x1b 0xd 0x0 0xd 0x51 0x91 0x0 0xd7 0x1a 0xf4 0x1a 0x73 0x16 0x67 0x5 0xa0 0x2 0x0 0x28 0x65 0x1 0x0 0x14 0x0 0x10 0x0 0x86 0x0 0x67 0x0 0x71 0x71 0x71 0x71 0x71 0x71 0xcc 0x3 0xbc 0x3 0xcc 0x3 0xbc 0x3 0xc9 0x3 0xb8 0x3 0xc9 0x3 0xb8 0x3 0x27 0x0 0x3 0x7c 0x7d 0x7b 0x80 0x4d 0x80 0x4f 0x80 0xa6 0x82 0xeb 0x7b 0x61 0x6a 0x62 0x6c 0x74 0x36 0x0 0x0 0x73 0xe7 0x15 0xee 0x0 0x0 0x0 0x0 0xdb 0x62 0xe0 0x7a 0x0 0xa4 0xa4 0x0 0x8 0x9f 0x5 0x0 0x0
1787979106098,0x1 0x8a 0xd 0x50 0xa4 0xaf 0x65 0x1a 0xd 0x0 0xd 0x51 0x92 0x0 0xe4 0x1a 0x13 0x1b 0x73 0x16 0x6e 0x5 0xa0 0x2 0x0 0x28 0x65 0x1 0x0 0xf 0x0 0xf 0x0 0x76 0x0 0x3c 0x0 0x70 0x70 0x70 0x70 0x70 0x70 0xd9 0x3 0xc4 0x3 0xd6 0x3 0xc2 0x3 0xd5 0x3 0xc6 0x3 0xd4 0x3 0xc2 0x3 0x27 0x0 0x3 0x7e 0x80 0x7b 0x80 0x4d 0x80 0x4f 0x80 0xa6 0x82 0xeb 0x7b 0x61 0x6a 0x62 0x6c 0x74 0x36 0x0 0x0 0x73 0xe7 0x15 0xee 0x0 0x0 0x0 0x0 0xdc 0x62 0xe0 0x7a 0x0 0xa4 0xa4 0x0 0x8 0xb9 0x5 0x0 0x0
1787979106322,0x1 0x8a 0xd 0x50 0xa4 0xaf 0x65 0x1a 0xd 0x0 0xd 0x51 0x93 0x0 0xe1 0x1a 0xd7 0x1a 0x73 0x17 0x78 0x5 0xa0 0x2 0x0 0x28 0x65 0x1 0x0 0x12 0x0 0x10 0x0 0x6a 0x0 0x29 0x0 0x70 0x70 0x70 0x70 0x70 0x70 0xcf 0x3 0xbf 0x3 0xc8 0x3 0xbb 0x3 0xcf 0x3 0xc0 0x3 0xcf 0x3 0xbf 0x3 0x27 0x0 0x3 0x81 0x83 0x7b 0x80 0x4d 0x80 0x4f 0x80 0xa6 0x82 0xeb 0x7b 0x61 0x6a 0x62 0x6c 0x74 0x36 0x0 0x0 0x73 0xe7 0x15 0xee 0x0 0x0 0x0 0x0 0xde 0x5e 0xe0 0x7a 0x0 0xa4 0xa4 0x0 0x8 0xb9 0x5 0x0 0x0
1787979106545,0x1 0x8c 0xd 0x50 0xa4 0xaf 0x65 0x1a 0xd 0x0 0xd 0x51 0x93 0x0 0xb0 0x1a 0xb6 0x1a 0x73 0x17 0x82 0x5 0xa0 0x2 0x0 0x28 0x65 0x1 0x0 0x19 0x0 0x16 0x0 0x6e 0x0 0x26 0x0 0x6f 0x6f 0x6f 0x6f 0x6f 0x6f 0xd6 0x3 0xc2 0x3 0xd0 0x3 0xbd 0x3 0xcf 0x3 0xc3 0x3 0xcf 0x3 0xbe 0x3 0x26 0x0 0x3 0x84 0x85 0x7b 0x80 0x4d 0x80 0x4f 0x80 0xa6 0x82 0xeb 0x7b 0x61 0x6a 0x62 0x6b 0x74 0x37 0x0 0x0 0x73 0xe7 0x15 0xee 0x0 0x0 0x0 0x0 0xdf 0x63 0xe0 0x7a 0x0 0xa4 0xa4 0x0 0x8 0x9f 0x5 0x0 0x0
1787979106769,0x1 0x8b 0xd 0x50 0xa4 0xaf 0x65 0x1a 0xd 0x0 0xd 0x51 0x94 0x0 0xa0 0x1a 0x57 0x1a 0x73 0x17 0x8f 0x5 0xa0 0x2 0x0 0x28 0x65 0x1 0x0 0x7a 0x0 0x59 0x0 0x76 0x0 0x28 0x0 0x6f 0x6f 0x6f 0x6f 0x6f 0x6f 0xc5 0x3 0xb2 0x3 0xc5 0x3 0xb9 0x3 0xc8 0x3 0xb8 0x3 0xc5 0x3 0xb5 0x3 0x26 0x0 0x3 0x86 0x88 0x7b 0x80 0x4d 0x80 0x4f 0x80 0xa6 0x82 0xeb 0x7b 0x61 0x6a 0x62 0x6b 0x74 0x37 0x0 0x0 0x73 0xe7 0x15 0xee 0x0 0x0 0x0 0x0 0xdf 0x63 0xe0 0x7a 0x0 0xa4 0xa4 0x0 0x8 0xac 0x5 0x0 0x0
1787979106993,0x1 0x8a 0xd 0x50 0xa4 0xaf 0x65 0x13 0x6 0x0 0xd 0x40 0x68 0x0 0x32 0x13 0x50 0x15 0x73 0x17 0x6b 0x5 0xa0 0x2 0x0 0x28 0x65 0x1 0x0 0xa5 0x0 0x91 0x0 0x7f 0x0 0x2a 0x0 0x6b 0x6b 0x6b 0x6b 0x6b 0x6b 0xda 0x2 0x23 0x3 0xfd 0x2 0x5 0x3 0xe9 0x2 0xf1 0x2 0xda 0x2 0xea 0x2 0x28 0x0 0x3 0x7c 0x89 0x7c 0x80 0x4d 0x80 0x4f 0x80 0xa6 0x82 0xeb 0x7b 0x61 0x6a 0x61 0x6b 0x74 0x36 0x0 0x0 0x73 0xe7 0x15 0xee 0x0 0x0 0x0 0x0 0xe7 0x52 0xe0 0x7a 0x0 0xa4 0xa4 0x0 0x8 0xb9 0x5 0x0 0x0
1787979107218,0x1 0x8b 0xd 0x50 0xa4 0xaf 0x65 0xd 0x0 0x0 0xd 0x30 0x47 0x0 0x98 0xd 0xc9 0x10 0x73 0x17 0x39 0x5 0xa0 0x2 0x0 0x28 0x65 0x1 0x0 0xa8 0x0 0xac 0x0 0x88 0x0 0x38 0x0 0x6d 0x6d 0x6d 0x6d 0x6d 0x6d 0x5c 0x2 0x61 0x2 0x43 0x2 0x48 0x2 0x2c 0x2 0x7c 0x2 0x2c 0x2 0x3d 0x2 0x2a 0x0 0x3 0x7a 0x89 0x7c 0x80 0x4d 0x80 0x4f 0x80 0xa6 0x82 0xeb 0x7b 0x61 0x6a 0x61 0x6b 0x74 0x35 0x0 0x0 0x73 0xe7 0x15 0xee 0x0 0x0 0x0 0x0 0xf0 0x41 0xe0 0x7a 0x0 0xa4 0xa4 0x0 0x0 0xac 0x5 0x0 0x0
1787979107441,0x1 0x8b 0xd 0x50 0xa4 0xaf 0x65 0xd 0x0 0x0 0xd 0x2c 0x42 0x0 0x2e 0xd 0x30 0xe 0x73 0x17 0x2 0x5 0xa0 0x2 0x0 0x28 0x65 0x1 0x0 0xa6 0x0 0xae 0x0 0x8a 0x0 0x71 0x0 0x75 0x75 0x75 0x75 0x75 0x75 0xe8 0x1 0xf7 0x1 0xf0 0x1 0xf2 0x1 0xec 0x1 0xee 0x1 0xe8 0x1 0xeb 0x1 0x2b 0x0 0x3 0x79 0x80 0x7c 0x7d 0x4d 0x80 0x4f 0x80 0xa6 0x82 0xeb 0x7b 0x61 0x6a 0x61 0x6c 0x74 0x32 0x0 0x0 0x73 0xe7 0x15 0xee 0x0 0x0 0x0 0x0 0xfb 0x25 0xe0 0x7a 0x0 0xa4 0xa4 0x0 0x0 0xac 0x5 0x0 0x0
1787979107665,0x1 0x8b 0xd 0x50 0xa4 0xaf 0x65 0xd 0x0 0x0 0xd 0x2f 0x45 0x0 0x87 0xe 0x1d 0xe 0x73 0x17 0xc0 0x4 0xa0 0x2 0x0 0x28 0x65 0x1 0x0 0x9d 0x0 0xab 0x0 0x8b 0x0 0x9c 0x0 0x7f 0x7f 0x7f 0x7f 0x7f 0x7f 0xe7 0x1 0xed 0x1 0xeb 0x1 0xe6 0x1 0xe5 0x1 0xe9 0x1 0xeb 0x1 0xee 0x1 0x2b 0x0 0x3 0x77 0x7f 0x7c 0x7d 0x4d 0x80 0x4f 0x80 0xa6 0x82 0xeb 0x7b 0x61 0x6a 0x61 0x6c 0xc6 0x35 0x52 0x5 0x73 0xe7 0x15 0xee 0x0 0x0 0x0 0x0 0xff 0x21 0xe0 0x7a 0x0 0xa4 0xa4 0x0 0x0 0xac 0x5 0x0 0x0
1787979107889,0x1 0x8a 0xd 0x50 0xa4 0xaf 0x65 0xd 0x0 0x0 0xd 0x2e 0x44 0x0 0x69 0xe 0x5b 0xe 0x73 0x17 0xb8 0x4 0xa0 0x2 0x0 0x28 0x65 0x1 0x0 0x76 0x0 0xa3 0x0 0x8b 0x0 0xa5 0x0 0x86 0x86 0x86 0x86 0x86 0x86 0xf3 0x1 0xf7 0x1 0xf3 0x1 0xf6 0x1 0xf3 0x1 0xf6 0x1 0xf4 0x1 0xf6 0x1 0x2c 0x0 0x3 0x76 0x7d 0x7c 0x7d 0x4d 0x80 0x4f 0x80 0xa6 0x82 0xeb 0x7b 0x61 0x6a 0x62 0x6c 0xc6 0x34 0x52 0x5 0x73 0xe7 0x15 0xee 0x0 0x0 0x0 0x0 0xff 0x1f 0xe0 0x7a 0x0 0xa4 0xa4 0x0 0x0 0xb9 0x5 0x0 0x0
1787979108113,0x1 0x89 0xd 0x50 0xa4 0xaf 0x65 0xd 0x0 0x0 0xd 0x2e 0x44 0x0 0x97 0xe 0x62 0xe 0x73 0x17 0xa9 0x4 0xa0 0x2 0x0 0x28 0x65 0x1 0x0 0x2b 0x0 0x9c 0x0 0x8a 0x0 0xa5 0x0 0x8e 0x8e 0x8e 0x8e 0x8e 0x8e 0x4 0x2 0xf9 0x1 0x5 0x2 0xf9 0x1 0x6 0x2 0xfa 0x1 0x7 0x2 0xfa 0x1 0x2c 0x0 0x3 0x7d 0x7c 0x7d 0x7d 0x4d 0x80 0x4f 0x80 0xa6 0x82 0xeb 0x7b 0x61 0x6a 0x62 0x6c 0xc6 0x34 0x52 0x5 0x73 0xe7 0x15 0xee 0x0 0x0 0x0 0x0 0xff 0x1f 0xe0 0x7a 0x0 0xa4 0xa4 0x0 0x0 0xcb 0x5 0x0 0x0
1787979108337,0x1 0x8c 0xd 0x50 0xa4 0xaf 0x65 0xd 0x0 0x0 0xd 0x2d 0x45 0x0 0xe8 0xe 0xa8 0xe 0x73 0x17 0xa1 0x4 0xa0 0x2 0x0 0x28 0x65 0x1 0x0 0x14 0x0 0x5b 0x0 0x88 0x0 0xa3 0x0 0x96 0x96 0x96 0x96 0x96 0x96 0x14 0x2 0xfe 0x1 0xf 0x2 0xff 0x1 0x13 0x2 0xff 0x1 0x14 0x2 0x0 0x2 0x2c 0x0 0x3 0x7f 0x7a 0x7d 0x7d 0x4d 0x80 0x4f 0x80 0xa6 0x82 0xeb 0x7b 0x62 0x6b 0x62 0x6d 0xc6 0x33 0x52 0x5 0x73 0xe7 0x15 0xee 0x0 0x0 0x0 0x0 0xff 0x1f 0xe0 0x7a 0x0 0xa4 0xa4 0x0 0x0 0x9f 0x5 0x0 0x0
1787979108561,0x1 0x8a 0xd 0x50 0xa4 0xaf 0x65 0xd 0x0 0x0 0xd 0x2d 0x44 0x0 0x27 0xf 0xce 0xe 0x73 0x16 0x7d 0x4 0xa0 0x2 0x0 0x28 0x65 0x1 0x0 0x12 0x0 0x2c 0x0 0x87 0x0 0xa2 0x0 0xa0 0xa0 0xa0 0xa0 0xa0 0xa0 0x19 0x2 0x14 0x2 0x18 0x2 0x10 0x2 0x18 0x2 0x12 0x2 0x1b 0x2 0x14 0x2 0x2d 0x0 0x3 0x80 0x82 0x7d 0x81 0x4d 0x80 0x4f 0x80 0xa6 0x82 0xeb 0x7b 0x62 0x6b 0x62 0x6d 0xc6 0x32 0x52 0x5 0x73 0xe7 0x15 0xee 0x0 0x0 0x0 0x0 0xff 0x1d 0xe0 0x7a 0x0 0xa4 0xa4 0x0 0x4 0xb9 0x5 0x0 0x0
1787979108785,0x1 0x89 0xd 0x50 0xa4 0xaf 0x65 0xd 0x0 0x0 0xd 0x2a 0x3f 0x0 0xa9 0xe 0xef 0xe 0x73 0x16 0x4c 0x4 0xa0 0x2 0x0 0x28 0x65 0x1 0x0 0x14 0x0 0x1b 0x0 0x85 0x0 0xa0 0x0 0xb2 0xb2 0xb2 0xb2 0xb2 0xb2 0x20 0x2 0x1b 0x2 0x22 0x2 0x1a 0x2 0x21 0x2 0x19 0x2 0x22 0x2 0x1a 0x2 0x2e 0x0 0x3 0x82 0x84 0x7d 0x81 0x4d 0x80 0x4f 0x80 0xa6 0x82 0xeb 0x7b 0x62 0x6b 0x62 0x6d 0xf0 0x2a 0x7c 0xfe 0x73 0xe7 0x15 0xee 0x0 0x0 0x0 0x0 0xff 0x1b 0xe0 0x7a 0x0 0xa4 0xa4 0x0 0x4 0xcb 0x5 0x0 0x0
1787979109009,0x1 0x8a 0xd 0x50 0xa4 0xaf 0x65 0xd 0x0 0x0 0xd 0x28 0x3b 0x0 0x39 0xe 0xce 0xe 0x73 0x16 0x26 0x4 0xa0 0x2 0x0 0x28 0x65 0x1 0x0 0x29 0x0 0x19 0x0 0x84 0x0 0x9e 0x0 0xb3 0xb3 0xb3 0xb3 0xb3 0xb3 0x23 0x2 0x1c 0x2 0x22 0x2 0x1b 0x2 0x22 0x2 0x1b 0x2 0x22 0x2 0x1b 0x2 0x2f 0x0 0x3 0x83 0x85 0x7d 0x81 0x4d 0x80 0x4f 0x80 0xa6 0x82 0xeb 0x7b 0x62 0x6b 0x63 0x6d 0xa6 0x27 0x32 0xfc 0x73 0xe7 0x15 0xee 0x0 0x0 0x0 0x0 0xff 0x17 0xe0 0x7a 0x0 0xa4 0xa4 0x0 0x4 0xb9 0x5 0x0 0x0
1787979109233,0x1 0x8b 0xd 0x50 0xa4 0xaf 0x65 0xd 0x0 0x0 0xd 0x28 0x3a 0x0 0x75 0xe 0x9f 0xe 0x73 0x16 0x3 0x4 0xa0 0x2 0x0 0x28 0x65 0x1 0x0 0x78 0x0 0x37 0x0 0x83 0x0 0x9c 0x0 0xb1 0xb1 0xb1 0xb1 0xb1 0xb1 0x20 0x2 0x19 0x2 0x11 0x2 0x1b 0x2 0x22 0x2 0x19 0x2 0x11 0x2 0x19 0x2 0x30 0x0 0x3 0x7c 0x86 0x7c 0x81 0x4d 0x80 0x4f 0x80 0xa6 0x82 0xeb 0x7b 0x62 0x6b 0x63 0x6d 0x4c 0x26 0xd8 0xfb 0x73 0xe7 0x15 0xee 0x0 0x0 0x0 0x0 0xff 0x15 0xe0 0x7a 0x0 0xa4 0xa4 0x0 0x4 0xac 0x5 0x0 0x0
1787979109456,0x1 0x8b 0xd 0x50 0xa4 0xaf 0x65 0xd 0x0 0x0 0xd 0x27 0x39 0x0 0x85 0xe 0x8e 0xe 0x73 0x15 0xed 0x3 0xa0 0x2 0x0 0x28 0x65 0x1 0x0 0x92 0x0 0x6d 0x0 0x82 0x0 0x9b 0x0 0xb1 0xb1 0xb1 0xb1 0xb1 0xb1 0xe 0x2 0x1b 0x2 0x10 0x2 0x19 0x2 0xf 0x2 0x1a 0x2 0xf 0x2 0x1b 0x2 0x31 0x0 0x3 0x7b 0x88 0x7c 0x81 0x4d 0x80 0x4f 0x80 0xa6 0x82 0xeb 0x7b 0x62 0x6b 0x63 0x6e 0x4c 0x25 0xd8 0xfb 0x73 0xe7 0x15 0xee 0x0 0x0 0x0 0x0 0xff 0x13 0xe0 0x7a 0x0 0xa4 0xa4 0x0 0x4 0xac 0x5 0x0 0x0
1787979109681,0x1 0x8b 0xd 0x50 0xa4 0xaf 0x65 0xd 0x0 0x0 0xd 0x26 0x37 0x0 0x4b 0xe 0x7f 0xe 0x73 0x15 0xd9 0x3 0xa0 0x2 0x0 0x28 0x65 0x1 0x0 0x81 0x0 0x60 0x0 0x82 0x0 0x9a 0x0 0xb1 0xb1 0xb1 0xb1 0xb1 0xb1 0xe 0x2 0x1e 0x2 0xf 0x2 0x20 0x2 0x11 0x2 0x1f 0x2 0xe 0x2 0x1f 0x2 0x31 0x0 0x3 0x7a 0x89 0x7c 0x81 0x4d 0x80 0x4f 0x80 0xa6 0x82 0xeb 0x7b 0x62 0x6b 0x63 0x6e 0x4c 0x24 0xd8 0xfb 0x73 0xe7 0x15 0xee 0x0 0x0 0x0 0x0 0xff 0x12 0xe0 0x7a 0x0 0xa4 0xa4 0x0 0x4 0xac 0x5 0x0 0x0
1787979109905,0x1 0x89 0xd 0x50 0xa4 0xaf 0x65 0xd 0x0 0x0 0xd 0x26 0x39 0x0 0x33 0xf 0xae 0xe 0x73 0x14 0xc0 0x3 0xa0 0x2 0x0 0x28 0x65 0x1 0x0 0x23 0x0 0x7b 0x0 0x81 0x0 0x99 0x0 0xb0 0xb0 0xb0 0xb0 0xb0 0xb0 0x22 0x2 0x29 0x2 0x24 0x2 0x2c 0x2 0x28 0x2 0x2c 0x2 0x27 0x2 0x2c 0x2 0x31 0x0 0x3 0x82 0x8a 0x7f 0x81 0x4d 0x80 0x4f 0x80 0xa6 0x82 0xeb 0x7b 0x62 0x6b 0x64 0x6e 0x56 0x24 0xe2 0xfc 0x73 0xe7 0x15 0xee 0x0 0x0 0x0 0x0 0xff 0x12 0xe0 0x7a 0x0 0xa4 0xa4 0x0 0x4 0xcb 0x5 0x0 0x0
1787979110129,0x1 0x8b 0xd 0x50 0xa4 0xaf 0x65 0xd 0x0 0x0 0xd 0x26 0x38 0x0 0xb 0xf 0xce 0xe 0x73 0x14 0xb9 0x3 0xa0 0x2 0x0 0x28 0x65 0x1 0x0 0x13 0x0 0xa0 0x0 0x7f 0x0 0x99 0x0 0xb0 0xb0 0xb0 0xb0 0xb0 0xb0 0x2c 0x2 0x30 0x2 0x2c 0x2 0x32 0x2 0x30 0x2 0x30 0x2 0x30 0x2 0x33 0x2 0x32 0x0 0x3 0x83 0x82 0x7f 0x81 0x4d 0x80 0x4f 0x80 0xa6 0x82 0xeb 0x7b 0x62 0x6b 0x64 0x6e 0x56 0x24 0xe2 0xfc 0x73 0xe7 0x15 0xee 0x0 0x0 0x0 0x0 0xff 0x10 0xe0 0x7a 0x0 0xa4 0xa4 0x0 0x4 0xac 0x5 0x0 0x0
1787979110353,0x1 0x8b 0xd 0x50 0xa4 0xaf 0x65 0xd 0x0 0x0 0xd 0x26 0x39 0x0 0xac 0xf 0xfe 0xe 0x73 0x14 0xa3 0x3 0xa0 0x2 0x0 0x28 0x65 0x1 0x0 0x15 0x0 0xa7 0x0 0x7e 0x0 0x98 0x0 0xaf 0xaf 0xaf 0xaf 0xaf 0xaf 0x3a 0x2 0x2a 0x2 0x3c 0x2 0x29 0x2 0x37 0x2 0x29 0x2 0x3c 0x2 0x2c 0x2 0x32 0x0 0x3 0x84 0x81 0x7f 0x82 0x4d 0x80 0x4f 0x80 0xa6 0x82 0xeb 0x7b 0x61 0x6a 0x64 0x6d 0x56 0x24 0xe2 0xfc 0x73 0xe7 0x15 0xee 0x0 0x0 0x0 0x0 0xff 0x10 0xe0 0x7a 0x0 0xa4 0xa4 0x0 0x4 0xac 0x5 0x0 0x0
1787979110577,0x1 0x8a 0xd 0x50 0xa4 0xaf 0x65 0xd 0x0 0x0 0xd 0x26 0x38 0x0 0x84 0xf 0x3b 0xf 0x73 0x13 0x9c 0x3 0xa0 0x2 0x0 0x28 0x65 0x1 0x0 0x24 0x0 0xa8 0x0 0x7d 0x0 0x98 0x0 0xaf 0xaf 0xaf 0xaf 0xaf 0xaf 0x49 0x2 0x32 0x2 0x46 0x2 0x32 0x2 0x48 0x2 0x32 0x2 0x48 0x2 0x32 0x2 0x33 0x0 0x3 0x86 0x80 0x7f 0x82 0x4d 0x80 0x4f 0x80 0xa6 0x82 0xeb 0x7b 0x61 0x6a 0x64 0x6d 0x56 0x23 0xe2 0xfc 0x73 0xe7 0x15 0xee 0x0 0x0 0x0 0x0 0xff 0xf 0xe0 0x7a 0x0 0xa4 0xa4 0x0 0x4 0xb9 0x5 0x0 0x0
1787979110800,0x1 0x89 0xd 0x50 0xa4 0xaf 0x65 0xd 0x0 0x0 0xd 0x25 0x38 0x0 0xb8 0xf 0x58 0xf 0x73 0x13 0x90 0x3 0xa0 0x2 0x0 0x28 0x65 0x1 0x0 0x72 0x0 0xa4 0x0 0x7d 0x0 0x97 0x0 0xaf 0xaf 0xaf 0xaf 0xaf 0xaf 0x4d 0x2 0x32 0x2 0x4d 0x2 0x36 0x2 0x52 0x2 0x35 0x2 0x51 0x2 0x35 0x2 0x33 0x0 0x3 0x7f 0x7e 0x7f 0x82 0x4d 0x80 0x4f 0x80 0xa6 0x82 0xeb 0x7b 0x61 0x6a 0x64 0x6d 0x60 0x24 0xec 0xfd 0x73 0xe7 0x15 0xee 0x0 0x0 0x0 0x0 0xff 0xf 0xe0 0x7a 0x0 0xa4 0xa4 0x0 0x4 0xcb 0x5 0x0 0x0
1787979111024,0x1 0x8a 0xd 0x50 0xa4 0xaf 0x65 0xd 0x0 0x0 0xd 0x25 0x37 0x0 0xe4 0xf 0x6a 0xf 0x73 0x12 0x76 0x3 0xa0 0x2 0x0 0x28 0x65 0x1 0x0 0xa0 0x0 0x9f 0x0 0x7c 0x0 0x97 0x0 0xad 0xad 0xad 0xad 0xad 0xad 0x42 0x2 0x35 0x2 0x43 0x2 0x3b 0x2 0x42 0x2 0x35 0x2 0x48 0x2 0x3b 0x2 0x33 0x0 0x3 0x7e 0x7d 0x80 0x82 0x4d 0x80 0x4f 0x80 0xa6 0x82 0xeb 0x7b 0x61 0x6a 0x65 0x6d 0x6a 0x25 0xf6 0xfe 0x73 0xe7 0x15 0xee 0x0 0x0 0x0 0x0 0xff 0xf 0xe0 0x7a 0x0 0xa4 0xa4 0x0 0x4 0xb9 0x5 0x0 0x0
1787979111249,0x1 0x8b 0xd 0x50 0xa4 0xaf 0x65 0xd 0x0 0x0 0xd 0x25 0x38 0x0 0x5e 0x10 0xba 0xf 0x73 0x12 0x6c 0x3 0xa0 0x2 0x0 0x28 0x65 0x1 0x0 0xa7 0x0 0x96 0x0 0x7c 0x0 0x96 0x0 0xae 0xae 0xae 0xae 0xae 0xae 0x52 0x2 0x45 0x2 0x49 0x2 0x41 0x2 0x50 0x2 0x43 0x2 0x52 0x2 0x45 0x2 0x33 0x0 0x3 0x7c 0x7c 0x80 0x82 0x4d 0x80 0x4f 0x80 0xa6 0x82 0xeb 0x7b 0x61 0x6a 0x65 0x6d 0x60 0x24 0xec 0xfd 0x73 0xe7 0x15 0xee 0x0 0x0 0x0 0x0 0xff 0xd 0xe0 0x7a 0x0 0xa4 0xa4 0x0 0x4 0xac 0x5 0x0 0x0
1787979111472,0x1 0x8b 0xd 0x50 0xa4 0xaf 0x65 0xd 0x0 0x0 0xd 0x26 0x38 0x0 0xa2 0x10 0xf8 0xf 0x73 0x11 0x5e 0x3 0xa0 0x2 0x0 0x28 0x65 0x1 0x0 0xa1 0x0 0x46 0x0 0x7c 0x0 0x96 0x0 0xad 0xad 0xad 0xad 0xad 0xad 0x57 0x2 0x4a 0x2 0x57 0x2 0x4d 0x2 0x5b 0x2 0x49 0x2 0x5b 0x2 0x5f 0x2 0x33 0x0 0x3 0x7b 0x83 0x80 0x82 0x4d 0x80 0x4f 0x80 0xa6 0x82 0xeb 0x7b 0x63 0x6d 0x65 0x6e 0x6a 0x25 0xf6 0xfe 0x73 0xe7 0x15 0xee 0x0 0x0 0x0 0x0 0xff 0xd 0xe0 0x7a 0x0 0xa4 0xa4 0x0 0x4 0xac 0x5 0x0 0x0
1787979111697,0x1 0x8a 0xd 0x50 0xa4 0xaf 0x65 0xd 0x0 0x0 0xd 0x26 0x37 0x0 0x64 0x10 0x42 0x10 0x73 0x11 0x5b 0x3 0xa0 0x2 0x0 0x28 0x65 0x1 0x0 0x6e 0x0 0x1b 0x0 0x7b 0x0 0x95 0x0 0xad 0xad 0xad 0xad 0xad 0xad 0x61 0x2 0x69 0x2 0x61 0x2 0x66 0x2 0x60 0x2 0x68 0x2 0x61 0x2 0x6a 0x2 0x33 0x0 0x3 0x7a 0x84 0x80 0x82 0x4d 0x80 0x4f 0x80 0xa6 0x82 0xeb 0x7b 0x63 0x6d 0x65 0x6e 0x60 0x24 0xec 0xfd 0x73 0xe7 0x15 0xee 0x0 0x0 0x0 0x0 0xff 0xd 0xe0 0x7a 0x0 0xa4 0xa4 0x0 0x4 0xb9 0x5 0x0 0x0
1787979111921,0x1 0x8a 0xd 0x50 0xa4 0xaf 0x65 0xd 0x0 0x0 0xd 0x25 0x37 0x0 0x34 0x10 0x47 0x10 0x73 0x10 0x65 0x3 0xa0 0x2 0x0 0x28 0x65 0x1 0x0 0x20 0x0 0x14 0x0 0x7b 0x0 0x94 0x0 0xae 0xae 0xae 0xae 0xae 0xae 0x70 0x2 0x69 0x2 0x70 0x2 0x6d 0x2 0x72 0x2 0x6c 0x2 0x70 0x2 0x6a 0x2 0x33 0x0 0x3 0x82 0x85 0x80 0x82 0x4d 0x80 0x4f 0x80 0xa6 0x82 0xeb 0x7b 0x63 0x6d 0x66 0x6e 0x60 0x24 0xec 0xfd 0x73 0xe7 0x15 0xee 0x0 0x0 0x0 0x0 0xff 0xe 0xe0 0x7a 0x0 0xa4 0xa4 0x0 0x4 0xb9 0x5 0x0 0x0
1787979112144,0x1 0x8a 0xd 0x50 0xa4 0xae 0x66 0xd 0x0 0x0 0xd 0x25 0x37 0x0 0x91 0x10 0x30 0x10 0x73 0x10 0x52 0x3 0xa0 0x2 0x0 0x28 0x65 0x1 0x0 0x13 0x0 0x1d 0x0 0x7b 0x0 0x94 0x0 0xac 0xac 0xac 0xac 0xac 0xac 0x70 0x2 0x69 0x2 0x72 0x2 0x70 0x2 0x70 0x2 0x6b 0x2 0x76 0x2 0x70 0x2 0x33 0x0 0x3 0x83 0x87 0x80 0x82 0x4d 0x80 0x4f 0x80 0xa6 0x82 0xeb 0x7b 0x63 0x6d 0x66 0x6e 0x6a 0x25 0xf6 0xfe 0x73 0xe7 0x15 0xee 0x0 0x0 0x0 0x0 0xff 0xd 0xe0 0x7a 0x0 0xa4 0xa4 0x0 0x4 0xb9 0x5 0x0 0x0
1787979112369,0x1 0x8b 0xd 0x50 0xa4 0xae 0x66 0xd 0x0 0x0 0xd 0x27 0x39 0x0 0x40 0x11 0x7c 0x10 0x73 0xf 0x4e 0x3 0xa0 0x2 0x0 0x28 0x65 0x1 0x0 0x14 0x0 0x83 0x0 0x7a 0x0 0x93 0x0 0xad 0xad 0xad 0xad 0xad 0xad 0x83 0x2 0x7e 0x2 0x7a 0x2 0x79 0x2 0x7f 0x2 0x7b 0x2 0x84 0x2 0x7e 0x2 0x33 0x0 0x3 0x85 0x88 0x80 0x82 0x4d 0x80 0x4f 0x80 0xa6 0x82 0xeb 0x7b 0x63 0x6d 0x66 0x6d 0x6a 0x25 0xf6 0xfe 0x73 0xe7 0x15 0xee 0x0 0x0 0x0 0x0 0xff 0xd 0xe0 0x7a 0x0 0xa4 0xa4 0x0 0x4 0xac 0x5 0x0 0x0
1787979112592,0x1 0x89 0xd 0x50 0xa4 0xae 0x66 0xd 0x0 0x0 0xd 0x29 0x3e 0x0 0x1a 0x13 0x62 0x11 0x73 0xf 0x3f 0x3 0xa0 0x2 0x0 0x28 0x65 0x1 0x0 0x17 0x0 0xa3 0x0 0x7a 0x0 0x93 0x0 0xac 0xac 0xac 0xac 0xac 0xac 0x97 0x2 0x91 0x2 0x9f 0x2 0x89 0x2 0xa7 0x2 0x8d 0x2 0xa7 0x2 0x8c 0x2 0x33 0x0 0x3 0x86 0x80 0x80 0x81 0x4d 0x80 0x4f 0x80 0xa6 0x82 0xeb 0x7b 0x63 0x6d 0x66 0x6d 0x6a 0x2a 0xf6 0xfe 0x73 0xe7 0x15 0xee 0x0 0x0 0x0 0x0 0xfe 0xe 0xe0 0x7a 0x0 0xa4 0xa4 0x0 0x4 0xcb 0x5 0x0 0x0
1787979112817,0x1 0x89 0xd 0x50 0xa4 0xae 0x66 0xd 0x0 0x0 0xd 0x28 0x3d 0x0 0xb4 0x12 0xc7 0x11 0x73 0xe 0x43 0x3 0xa0 0x2 0x0 0x28 0x65 0x1 0x0 0x17 0x0 0xa4 0x0 0x79 0x0 0x93 0x0 0xad 0xad 0xad 0xad 0xad 0xad 0xb4 0x2 0x94 0x2 0xad 0x2 0x91 0x2 0xb1 0x2 0x92 0x2 0xb6 0x2 0x94 0x2 0x33 0x0 0x3 0x87 0x7e 0x80 0x81 0x4d 0x80 0x4f 0x80 0xa6 0x82 0xeb 0x7b 0x63 0x6d 0x66 0x6d 0x6a 0x2a 0xf6 0xfe 0x73 0xe7 0x15 0xee 0x0 0x0 0x0 0x0 0xf7 0xe 0xe0 0x7a 0x0 0xa4 0xa4 0x0 0x4 0xcb 0x5 0x0 0x0
1787979113041,0x1 0x8b 0xd 0x50 0xa4 0xae 0x66 0xd 0x0 0x0 0xd 0x28 0x3b 0x0 0xb7 0x12 0xf8 0x11 0x73 0xe 0x27 0x3 0xa0 0x2 0x0 0x28 0x65 0x1 0x0 0x15 0x0 0x9a 0x0 0x79 0x0 0x92 0x0 0xab 0xab 0xab 0xab 0xab 0xab 0xbf 0x2 0x9a 0x2 0xc1 0x2 0x9b 0x2 0xc5 0x2 0x9d 0x2 0xc6 0x2 0x9d 0x2 0x33 0x0 0x3 0x89 0x7d 0x80 0x81 0x4d 0x80 0x4f 0x80 0xa6 0x82 0xeb 0x7b 0x63 0x6d 0x67 0x6d 0x6a 0x2a 0xf6 0xfe 0x73 0xe7 0x15 0xee 0x0 0x0 0x0 0x0 0xf8 0xd 0xe0 0x7a 0x0 0xa4 0xa4 0x0 0x4 0xac 0x5 0x0 0x0
1787979113264,0x1 0x8b 0xd 0x50 0xa4 0xae 0x66 0xd 0x0 0x0 0xd 0x27 0x39 0x0 0x26 0x12 0x12 0x12 0x73 0xd 0x24 0x3 0xa0 0x2 0x0 0x28 0x65 0x1 0x0 0x1d 0x0 0x52 0x0 0x79 0x0 0x93 0x0 0xab 0xab 0xab 0xab 0xab 0xab 0xcd 0x2 0x9e 0x2 0xce 0x2 0x9f 0x2 0xcb 0x2 0x9d 0x2 0xce 0x2 0x9d 0x2 0x33 0x0 0x3 0x8a 0x7c 0x80 0x81 0x4d 0x80 0x4f 0x80 0xa6 0x82 0xeb 0x7b 0x63 0x6d 0x67 0x6d 0x6a 0x2a 0xf6 0xfe 0x73 0xe7 0x15 0xee 0x0 0x0 0x0 0x0 0xf1 0xf 0xe0 0x7a 0x0 0xa4 0xa4 0x0 0x4 0xac 0x5 0x0 0x0
1787979113487,0x1 0x89 0xd 0x50 0xa4 0xae 0x66 0xd 0x0 0x0 0xd 0x28 0x3a 0x0 0xc5 0x12 0x31 0x12 0x73 0xd 0x17 0x3 0xa0 0x2 0x0 0x28 0x65 0x1 0x0 0x5e 0x0 0x20 0x0 0x79 0x0 0x92 0x0 0xaa 0xaa 0xaa 0xaa 0xaa 0xaa 0xd0 0x2 0xb2 0x2 0xd2 0x2 0xb6 0x2 0xd7 0x2 0xb9 0x2 0xd8 0x2 0xb9 0x2 0x33 0x0 0x3 0x8b 0x84 0x80 0x82 0x4d 0x80 0x4f 0x80 0xa6 0x82 0xeb 0x7b 0x62 0x6b 0x67 0x6c 0x6a 0x2a 0xf6 0xfe 0x73 0xe7 0x15 0xee 0x0 0x0 0x0 0x0 0xef 0xe 0xe0 0x7a 0x0 0xa4 0xa4 0x0 0x4 0xcb 0x5 0x0 0x0
1787979113712,0x1 0x89 0xd 0x50 0xa4 0xae 0x66 0xd 0x0 0x0 0xd 0x26 0x39 0x0 0x85 0x12 0x6f 0x12 0x73 0xc 0x14 0x3 0xa0 0x2 0x0 0x28 0x65 0x1 0x0 0x8f 0x0 0x13 0x0 0x79 0x0 0x92 0x0 0xaa 0xaa 0xaa 0xaa 0xaa 0xaa 0xcd 0x2 0xc4 0x2 0xde 0x2 0xc0 0x2 0xcc 0x2 0xc3 0x2 0xcd 0x2 0xc4 0x2 0x33 0x0 0x3 0x83 0x86 0x83 0x82 0x4d 0x80 0x4f 0x80 0xa6 0x82 0xeb 0x7b 0x62 0x6b 0x67 0x6c 0x6a 0x2a 0xf6 0xfe 0x73 0xe7 0x15 0xee 0x0 0x0 0x0 0x0 0xea 0xe 0xe0 0x7a 0x0 0xa4 0xa4 0x0 0x4 0xcb 0x5 0x0 0x0
1787979113935,0x1 0x8b 0xd 0x50 0xa4 0xae 0x66 0xd 0x0 0x0 0xd 0x28 0x3a 0x0 0xfd 0x12 0xac 0x12 0x73 0xc 0xe 0x3 0xa0 0x2 0x0 0x28 0x65 0x1 0x0 0xa2 0x0 0xf 0x0 0x79 0x0 0x8f 0x0 0xaa 0xaa 0xaa 0xaa 0xaa 0xaa 0xd1 0x2 0xcd 0x2 0xd4 0x2 0xd0 0x2 0xd4 0x2 0xcb 0x2 0xd4 0x2 0xd1 0x2 0x33 0x0 0x3 0x82 0x87 0x83 0x82 0x4d 0x80 0x4f 0x80 0xa6 0x82 0xeb 0x7b 0x62 0x6b 0x68 0x6c 0x6a 0x2a 0xf6 0xfe 0x73 0xe7 0x15 0xee 0x0 0x0 0x0 0x0 0xe9 0xe 0xe0 0x7a 0x0 0xa4 0xa4 0x0 0x4 0xac 0x5 0x0 0x0
1787979114159,0x1 0x8b 0xd 0x50 0xa4 0xae 0x66 0xd 0x0 0x0 0xd 0x27 0x3a 0x0 0x9 0x13 0xd1 0x12 0x73 0xc 0xc 0x3 0xa0 0x2 0x0 0x28 0x65 0x1 0x0 0xa1 0x0 0xf 0x0 0x7a 0x0 0x8d 0x0 0xaa 0xaa 0xaa 0xaa 0xaa 0xaa 0xd4 0x2 0xd9 0x2 0xd4 0x2 0xd8 0x2 0xd6 0x2 0xd8 0x2 0xd4 0x2 0xd9 0x2 0x33 0x0 0x3 0x81 0x88 0x83 0x82 0x4d 0x80 0x4f 0x80 0xa6 0x82 0xeb 0x7b 0x62 0x6b 0x68 0x6c 0x74 0x2b 0x0 0x0 0x73 0xe7 0x15 0xee 0x0 0x0 0x0 0x0 0xe5 0xe 0xe0 0x7a 0x0 0xa4 0xa4 0x0 0x4 0xac 0x5 0x0 0x0
1787979114384,0x1 0x8a 0xd 0x50 0xa4 0xae 0x66 0xd 0x0 0x0 0xd 0x25 0x36 0x0 0xdc 0x11 0xa7 0x12 0x73 0xc 0x6 0x3 0xa0 0x2 0x0 0x28 0x65 0x1 0x0 0x97 0x0 0x10 0x0 0x7a 0x0 0x8c 0x0 0xa9 0xa9 0xa9 0xa9 0xa9 0xa9 0xd3 0x2 0xda 0x2 0xce 0x2 0xd8 0x2 0xd7 0x2 0xdd 0x2 0xcd 0x2 0xd8 0x2 0x33 0x0 0x3 0x7f 0x8a 0x83 0x82 0x4d 0x80 0x4f 0x80 0xa6 0x82 0xeb 0x7b 0x64 0x6e 0x68 0x6c 0x74 0x26 0x0 0x0 0x73 0xe7 0x15 0xee 0x0 0x0 0x0 0x0 0xe2 0xe 0xe0 0x7a 0x0 0xa4 0xa4 0x0 0x4 0xb9 0x5 0x0 0x0
1787979114608,0x1 0x89 0xd 0x50 0xa4 0xae 0x66 0xd 0x0 0x0 0xd 0x25 0x35 0x0 0x82 0x11 0x6a 0x12 0x73 0xb 0x7 0x3 0xa0 0x2 0x0 0x28 0x65 0x1 0x0 0x6b 0x0 0x13 0x0 0x7a 0x0 0x8c 0x0 0xa9 0xa9 0xa9 0xa9 0xa9 0xa9 0xc2 0x2 0xd6 0x2 0xc8 0x2 0xd5 0x2 0xc6 0x2 0xd5 0x2 0xc2 0x2 0xd4 0x2 0x33 0x0 0x3 0x7e 0x8b 0x83 0x82 0x4d 0x80 0x4f 0x80 0xa6 0x82 0xeb 0x7b 0x64 0x6e 0x68 0x6c 0x74 0x26 0x0 0x0 0x73 0xe7 0x15 0xee 0x0 0x0 0x0 0x0 0xdf 0xe 0xe0 0x7a 0x0 0xa4 0xa4 0x0 0x4 0xcb 0x5 0x0 0x0
1787979114832,0x1 0x8b 0xd 0x50 0xa4 0xae 0x66 0xd 0x0 0x0 0xd 0x24 0x36 0x0 0xee 0x11 0x42 0x12 0x73 0xb 0x3 0x3 0xa0 0x2 0x0 0x28 0x65 0x1 0x0 0x30 0x0 0x3e 0x0 0x7a 0x0 0x8d 0x0 0xa9 0xa9 0xa9 0xa9 0xa9 0xa9 0xd1 0x2 0xd3 0x2 0xd2 0x2 0xd4 0x2 0xc0 0x2 0xd2 0x2 0xd3 0x2 0xd4 0x2 0x33 0x0 0x3 0x86 0x8c 0x85 0x82 0x4d 0x80 0x4f 0x80 0xa6 0x82 0xeb 0x7b 0x64 0x6e 0x68 0x6c 0x74 0x26 0x0 0x0 0x73 0xe7 0x15 0xee 0x0 0x0 0x0 0x0 0xdf 0xe 0xe0 0x7a 0x0 0xa4 0xa4 0x0 0x4 0xac 0x5 0x0 0x0
1787979115056,0x1 0x8b 0xd 0x4f 0xa4 0xae 0x66 0xd 0x0 0x0 0xd 0x24 0x36 0x0 0x0 0x12 0x32 0x12 0x73 0xc 0x0 0x3 0xa0 0x2 0x0 0x28 0x65 0x1 0x0 0x23 0x0 0x89 0x0 0x7b 0x0 0x8d 0x0 0xa9 0xa9 0xa9 0xa9 0xa9 0xa9 0xd1 0x2 0xd2 0x2 0xd2 0x2 0xd5 0x2 0xd4 0x2 0xd4 0x2 0xd4 0x2 0xd4 0x2 0x33 0x0 0x3 0x87 0x8d 0x85 0x82 0x4d 0x80 0x4f 0x80 0xa6 0x82 0xeb 0x7b 0x64 0x6e 0x69 0x6c 0x74 0x26 0x0 0x0 0x73 0xe7 0x15 0xee 0x0 0x0 0x0 0x0 0xdf 0xe 0xe0 0x7a 0x0 0xa4 0xa4 0x0 0x4 0xac 0x5 0x0 0x0
1787979115280,0x1 0x8b 0xd 0x4f 0xa4 0xae 0x66 0xd 0x0 0x0 0xd 0x24 0x35 0x0 0x8d 0x11 0x7 0x12 0x73 0xc 0x5 0x3 0xa0 0x2 0x0 0x28 0x65 0x1 0x0 0x21 0x0 0xa3 0x0 0x7b 0x0 0x8d 0x0 0xa9 0xa9 0xa9 0xa9 0xa9 0xa9 0xd3 0x2 0xbb 0x2 0xd0 0x2 0xd4 0x2 0xd4 0x2 0xbc 0x2 0xd0 0x2 0xb9 0x2 0x33 0x0 0x3 0x89 0x84 0x85 0x84 0x4d 0x80 0x4f 0x80 0xa6 0x82 0xeb 0x7b 0x64 0x6e 0x69 0x6c 0x74 0x26 0x0 0x0 0x73 0xe7 0x15 0xee 0x0 0x0 0x0 0x0 0xdf 0xe 0xe0 0x7a 0x0 0xa4 0xa4 0x0 0x4 0xac 0x5 0x0 0x0
1787979115504,0x1 0x89 0xd 0x4f 0xa4 0xae 0x66 0xd 0x0 0x0 0xd 0x26 0x38 0x0 0x73 0x12 0xea 0x11 0x73 0xc 0x9 0x3 0xa0 0x2 0x0 0x28 0x65 0x1 0x0 0x2b 0x0 0xa9 0x0 0x7b 0x0 0x8e 0x0 0xaa 0xaa 0xaa 0xaa 0xaa 0xaa 0xce 0x2 0xb1 0x2 0xcc 0x2 0xb1 0x2 0xcf 0x2 0xb2 0x2 0xd0 0x2 0xb2 0x2 0x33 0x0 0x3 0x8a 0x83 0x85 0x84 0x4d 0x80 0x4f 0x80 0xa6 0x82 0xeb 0x7b 0x64 0x6e 0x69 0x6c 0x74 0x26 0x0 0x0 0x73 0xe7 0x15 0xee 0x0 0x0 0x0 0x0 0xdb 0xd 0xe0 0x7a 0x0 0xa4 0xa4 0x0 0x4 0xcb 0x5 0x0 0x0
1787979115727,0x1 0x8b 0xd 0x4f 0xa4 0xae 0x66 0xd 0x0 0x0 0xd 0x25 0x37 0x0 0x68 0x12 0x26 0x12 0x73 0xc 0xfd 0x2 0xa0 0x2 0x0 0x28 0x65 0x1 0x0 0x93 0x0 0xa8 0x0 0x7d 0x0 0x8f 0x0 0xa9 0xa9 0xa9 0xa9 0xa9 0xa9 0xc8 0x2 0xb9 0x2 0xc9 0x2 0xb6 0x2 0xd7 0x2 0xb7 0x2 0xc9 0x2 0xba 0x2 0x33 0x0 0x3 0x83 0x82 0x84 0x84 0x4d 0x80 0x4f 0x80 0xa6 0x82 0xeb 0x7b 0x64 0x6e 0x69 0x6c 0x74 0x26 0x0 0x0 0x73 0xe7 0x15 0xee 0x0 0x0 0x0 0x0 0xde 0xe 0xe0 0x7a 0x0 0xa4 0xa4 0x0 0x4 0xac 0x5 0x0 0x0
1787979115952,0x1 0x8b 0xd 0x4f 0xa4 0xae 0x66 0xd 0x0 0x0 0xd 0x24 0x36 0x0 0x43 0x12 0x48 0x12 0x73 0xc 0xf5 0x2 0xa0 0x2 0x0 0x28 0x65 0x1 0x0 0xa3 0x0 0xa1 0x0 0x7f 0x0 0x90 0x0 0xa9 0xa9 0xa9 0xa9 0xa9 0xa9 0xcc 0x2 0xbb 0x2 0xcc 0x2 0xbd 0x2 0xcd 0x2 0xbb 0x2 0xcd 0x2 0xbd 0x2 0x33 0x0 0x3 0x81 0x81 0x84 0x84 0x4d 0x80 0x4f 0x80 0xa6 0x82 0xeb 0x7b 0x64 0x6e 0x69 0x6c 0x74 0x26 0x0 0x0 0x73 0xe7 0x15 0xee 0x0 0x0 0x0 0x0 0xdd 0xd 0xe0 0x7a 0x0 0xa4 0xa4 0x0 0x4 0xac 0x5 0x0 0x0
1787979116176,0x1 0x8b 0xd 0x4f 0xa4 0xae 0x66 0xd 0x0 0x0 0xd 0x26 0x38 0x0 0x24 0x13 0x72 0x12 0x73 0xc 0xed 0x2 0xa0 0x2 0x0 0x28 0x65 0x1 0x0 0xa4 0x0 0x98 0x0 0x83 0x0 0x90 0x0 0xa8 0xa8 0xa8 0xa8 0xa8 0xa8 0xd0 0x2 0xbc 0x2 0xcd 0x2 0xbf 0x2 0xcf 0x2 0xbf 0x2 0xd0 0x2 0xc0 0x2 0x33 0x0 0x3 0x80 0x7f 0x84 0x84 0x4d 0x80 0x4f 0x80 0xa6 0x82 0xeb 0x7b 0x64 0x6e 0x69 0x6c 0x74 0x26 0x0 0x0 0x73 0xe7 0x15 0xee 0x0 0x0 0x0 0x0 0xda 0xd 0xe0 0x7a 0x0 0xa4 0xa4 0x0 0x4 0xac 0x5 0x0 0x0
1787979116399,0x1 0x89 0xd 0x4f 0xa4 0xae 0x66 0xd 0x0 0x0 0xd 0x25 0x37 0x0 0x3c 0x13 0xdd 0x12 0x73 0xc 0xdc 0x2 0xa0 0x2 0x0 0x28 0x65 0x1 0x0 0xa0 0x0 0x7e 0x0 0x87 0x0 0x90 0x0 0xa7 0xa7 0xa7 0xa7 0xa7 0xa7 0xdc 0x2 0xca 0x2 0xdb 0x2 0xcb 0x2 0xda 0x2 0xcc 0x2 0xdc 0x2 0xcb 0x2 0x33 0x0 0x3 0x7f 0x7e 0x84 0x84 0x4d 0x80 0x4f 0x80 0xa6 0x82 0xeb 0x7b 0x64 0x6e 0x69 0x6c 0x74 0x26 0x0 0x0 0x73 0xe7 0x15 0xee 0x0 0x0 0x0 0x0 0xd6 0xd 0xe0 0x7a 0x0 0xa4 0xa4 0x0 0x4 0xcb 0x5 0x0 0x0
1787979116622,0x1 0x8a 0xd 0x4f 0xa4 0xae 0x66 0xd 0x0 0x0 0xd 0x26 0x38 0x0 0xf7 0x13 0x19 0x13 0x73 0xb 0xce 0x2 0xa0 0x2 0x0 0x28 0x65 0x3 0x0 0x98 0x0 0x33 0x0 0x89 0x0 0x90 0x0 0xa6 0xa6 0xa6 0xa6 0xa6 0xa6 0xdc 0x2 0xcc 0x2 0xdd 0x2 0xe3 0x2 0xe1 0x2 0xe7 0x2 0xe1 0x2 0xe7 0x2 0x32 0x0 0x3 0x7d 0x86 0x84 0x85 0x4d 0x80 0x4f 0x80 0xa6 0x82 0xeb 0x7b 0x64 0x6e 0x69 0x6c 0x74 0x26 0x0 0x0 0x73 0xe7 0x15 0xee 0x0 0x0 0x0 0x0 0xd2 0xc 0xe0 0x7a 0x0 0xa4 0xa4 0x0 0x4 0xb9 0x5 0x0 0x0
1787979116847,0x1 0x8b 0xd 0x4f 0xa4 0xae 0x66 0xd 0x0 0x0 0xd 0x2a 0x3c 0x0 0x65 0x15 0x5d 0x13 0x73 0xb 0xce 0x2 0xa0 0x2 0x0 0x28 0x65 0x3 0x0 0x73 0x0 0x1a 0x0 0x8b 0x0 0x8f 0x0 0xa6 0xa6 0xa6 0xa6 0xa6 0xa6 0xe3 0x2 0xf3 0x2 0xe3 0x2 0xed 0x2 0xe4 0x2 0xee 0x2 0xe6 0x2 0xf3 0x2 0x32 0x0 0x3 0x7c 0x87 0x84 0x85 0x4d 0x80 0x4f 0x80 0xa6 0x82 0xeb 0x7b 0x64 0x6e 0x69 0x6c 0x30 0x2e 0x0 0x0 0x73 0xe7 0x15 0xee 0x0 0x0 0x0 0x0 0xd0 0xc 0xe0 0x7a 0x0 0xa4 0xa4 0x0 0x4 0xac 0x5 0x0 0x0
1787979117070,0x1 0x8b 0xd 0x4f 0xa4 0xae 0x66 0xd 0x0 0x0 0xd 0x29 0x3b 0x0 0x62 0x14 0xe7 0x13 0x73 0xb 0xe5 0x2 0xa0 0x2 0x0 0x28 0x65 0x3 0x0 0x23 0x0 0x14 0x0 0x8a 0x0 0x8f 0x0 0xa8 0xa8 0xa8 0xa8 0xa8 0xa8 0x5 0x3 0xfe 0x2 0x4 0x3 0x1 0x3 0x4 0x3 0xfe 0x2 0x6 0x3 0x1 0x3 0x32 0x0 0x3 0x84 0x88 0x83 0x85 0x4d 0x80 0x4f 0x80 0xa6 0x82 0xeb 0x7b 0x64 0x6e 0x69 0x6c 0x30 0x21 0x0 0x0 0x73 0xe7 0x15 0xee 0x0 0x0 0x0 0x0 0xe2 0xc 0xe0 0x7a 0x0 0xa4 0xa4 0x0 0x4 0xac 0x5 0x0 0x0
1787979117294,0x1 0x89 0xd 0x4f 0xa4 0xae 0x66 0xd 0x0 0x0 0xd 0x26 0x3a 0x0 0x9b 0x12 0x79 0x13 0x73 0xa 0x1e 0x3 0xa0 0x2 0x0 0x28 0x65 0x3 0x0 0x10 0x0 0x10 0x0 0x89 0x0 0x8e 0x0 0xab 0xab 0xab 0xab 0xab 0xab 0xf1 0x2 0xf9 0x2 0xfc 0x2 0xf3 0x2 0xf6 0x2 0xee 0x2 0xf1 0x2 0xec 0x2 0x32 0x0 0x3 0x86 0x89 0x83 0x85 0x4d 0x80 0x4f 0x80 0xa6 0x82 0xeb 0x7b 0x64 0x6e 0x69 0x6c 0x26 0x37 0xf6 0xfe 0x73 0xe7 0x15 0xee 0x0 0x0 0x0 0x0 0xe4 0xe 0xe0 0x7a 0x0 0xa4 0xa4 0x0 0x4 0xcb 0x5 0x0 0x0
1787979117519,0x1 0x8a 0xd 0x4f 0xa5 0xae 0x66 0xd 0x0 0x0 0xd 0x29 0x3c 0x0 0x98 0x12 0x3a 0x13 0x73 0xa 0x3a 0x3 0x9f 0x2 0x0 0x28 0x65 0x3 0x0 0xc 0x0 0xe 0x0 0x87 0x0 0x8c 0x0 0xac 0xac 0xac 0xac 0xac 0xac 0xea 0x2 0xe2 0x2 0xe6 0x2 0xe0 0x2 0xee 0x2 0xe7 0x2 0xe5 0x2 0xe0 0x2 0x32 0x0 0x3 0x87 0x8b 0x83 0x85 0x4d 0x80 0x4f 0x80 0xa6 0x82 0xeb 0x7b 0x64 0x6e 0x69 0x6c 0x66 0x2a 0xf6 0xfe 0x73 0xe7 0x15 0xee 0x0 0x0 0x0 0x0 0xeb 0x10 0xe0 0x7a 0x0 0xa4 0xa4 0x0 0x4 0xb9 0x5 0x0 0x0
1787979117742,0x1 0x8b 0xd 0x4f 0xa5 0xae 0x66 0xd 0x0 0x0 0xd 0x29 0x3b 0x0 0x33 0x12 0xf0 0x12 0x73 0xa 0x3e 0x3 0x9f 0x2 0x0 0x28 0x65 0x3 0x0 0xe 0x0 0x1b 0x0 0x85 0x0 0x8c 0x0 0xac 0xac 0xac 0xac 0xac 0xac 0xde 0x2 0xde 0x2 0xe3 0x2 0xdc 0x2 0xe0 0x2 0xd9 0x2 0xde 0x2 0xda 0x2 0x33 0x0 0x3 0x88 0x8c 0x83 0x85 0x4d 0x80 0x4f 0x80 0xa6 0x82 0xeb 0x7b 0x64 0x6e 0x69 0x6c 0xf2 0x29 0xf6 0xfe 0x73 0xe7 0x15 0xee 0x0 0x0 0x0 0x0 0xed 0xf 0xe0 0x7a 0x0 0xa4 0xa4 0x0 0x4 0xac 0x5 0x0 0x0
1787979117966,0x1 0x8b 0xd 0x4f 0xa5 0xae 0x66 0xd 0x0 0x0 0xd 0x28 0x3b 0x0 0x38 0x12 0xae 0x12 0x73 0xa 0x3d 0x3 0x9f 0x2 0x0 0x28 0x65 0x3 0x0 0x16 0x0 0x68 0x0 0x84 0x0 0x8c 0x0 0xab 0xab 0xab 0xab 0xab 0xab 0xd8 0x2 0xd1 0x2 0xd8 0x2 0xd4 0x2 0xdb 0x2 0xd3 0x2 0xd9 0x2 0xd4 0x2 0x33 0x0 0x3 0x8a 0x8d 0x83 0x85 0x4d 0x80 0x4f 0x80 0xa6 0x82 0xeb 0x7b 0x64 0x6e 0x69 0x6c 0xf2 0x29 0xf6 0xfe 0x73 0xe7 0x15 0xee 0x0 0x0 0x0 0x0 0xf1 0x10 0xe0 0x7a 0x0 0xa4 0xa4 0x0 0x4 0xac 0x5 0x0 0x0
1787979118190,0x1 0x8a 0xd 0x4f 0xa5 0xae 0x66 0xd 0x0 0x0 0xd 0x28 0x3b 0x0 0x1c 0x12 0x72 0x12 0x73 0xa 0x42 0x3 0x9f 0x2 0x0 0x28 0x65 0x3 0x0 0x3f 0x0 0x97 0x0 0x83 0x0 0x8d 0x0 0xad 0xad 0xad 0xad 0xad 0xad 0xd5 0x2 0xcb 0x2 0xd4 0x2 0xce 0x2 0xd5 0x2 0xcd 0x2 0xd3 0x2 0xcb 0x2 0x33 0x0 0x3 0x8b 0x8e 0x83 0x85 0x4d 0x80 0x4f 0x80 0xa6 0x82 0xeb 0x7b 0x64 0x6e 0x69 0x6c 0xf2 0x29 0xf6 0xfe 0x73 0xe7 0x15 0xee 0x0 0x0 0x0 0x0 0xef 0x10 0xe0 0x7a 0x0 0xa4 0xa4 0x0 0x4 0xb9 0x5 0x0 0x0
1787979118414,0x1 0x8a 0xd 0x4f 0xa5 0xae 0x66 0xd 0x0 0x0 0xd 0x28 0x3b 0x0 0x38 0x12 0x76 0x12 0x73 0xa 0x3d 0x3 0x9f 0x2 0x0 0x28 0x65 0x3 0x0 0x85 0x0 0xa8 0x0 0x82 0x0 0x8e 0x0 0xac 0xac 0xac 0xac 0xac 0xac 0xd9 0x2 0xbb 0x2 0xda 0x2 0xba 0x2 0xc5 0x2 0xbc 0x2 0xc5 0x2 0xb9 0x2 0x33 0x0 0x3 0x84 0x85 0x84 0x85 0x4d 0x80 0x4f 0x80 0xa6 0x82 0xeb 0x7b 0x63 0x6c 0x69 0x6b 0xf2 0x29 0xf6 0xfe 0x73 0xe7 0x15 0xee 0x0 0x0 0x0 0x0 0xed 0xf 0xe0 0x7a 0x0 0xa4 0xa4 0x0 0x4 0xb9 0x5 0x0 0x0
1787979118638,0x1 0x8a 0xd 0x4f 0xa5 0xae 0x66 0xd 0x0 0x0 0xd 0x29 0x3c 0x0 0xa4 0x12 0x8b 0x12 0x73 0x9 0x38 0x3 0x9f 0x2 0x0 0x28 0x65 0x3 0x0 0xa4 0x0 0xac 0x0 0x82 0x0 0x90 0x0 0xac 0xac 0xac 0xac 0xac 0xac 0xc5 0x2 0xba 0x2 0xc2 0x2 0xb5 0x2 0xc2 0x2 0xb8 0x2 0xc6 0x2 0xba 0x2 0x33 0x0 0x3 0x82 0x83 0x84 0x85 0x4d 0x80 0x4f 0x80 0xa6 0x82 0xeb 0x7b 0x63 0x6c 0x69 0x6b 0xf2 0x29 0xf6 0xfe 0x73 0xe7 0x15 0xee 0x0 0x0 0x0 0x0 0xef 0xf 0xe0 0x7a 0x0 0xa4 0xa4 0x0 0x4 0xb9 0x5 0x0 0x0
1787979118862,0x1 0x8b 0xd 0x4f 0xa5 0xae 0x66 0xd 0x0 0x0 0xd 0x28 0x3b 0x0 0x8e 0x12 0x95 0x12 0x73 0x9 0x2e 0x3 0x9f 0x2 0x0 0x28 0x65 0x3 0x0 0xaa 0x0 0xaa 0x0 0x85 0x0 0x94 0x0 0xac 0xac 0xac 0xac 0xac 0xac 0xc5 0x2 0xba 0x2 0xc6 0x2 0xba 0x2 0xc6 0x2 0xbb 0x2 0xc6 0x2 0xba 0x2 0x33 0x0 0x3 0x81 0x82 0x84 0x85 0x4d 0x80 0x4f 0x80 0xa6 0x82 0xeb 0x7b 0x63 0x6c 0x69 0x6b 0xf2 0x29 0xf6 0xfe 0x73 0xe7 0x15 0xee 0x0 0x0 0x0 0x0 0xef 0xf 0xe0 0x7a 0x0 0xa4 0xa4 0x0 0x4 0xac 0x5 0x0 0x0
1787979119086,0x1 0x8b 0xd 0x4f 0xa5 0xae 0x66 0xd 0x0 0x0 0xd 0x24 0x36 0x0 0xd1 0x10 0x53 0x12 0x73 0x9 0x36 0x3 0x9f 0x2 0x0 0x28 0x65 0x1 0x0 0xa2 0x0 0xa3 0x0 0x87 0x0 0x97 0x0 0xac 0xac 0xac 0xac 0xac 0xac 0xbc 0x2 0xae 0x2 0xc5 0x2 0xb7 0x2 0xc1 0x2 0xb2 0x2 0xba 0x2 0xae 0x2 0x33 0x0 0x3 0x80 0x81 0x84 0x85 0x4d 0x80 0x4f 0x80 0xa6 0x82 0xeb 0x7b 0x63 0x6c 0x69 0x6b 0xf2 0x24 0xf6 0xfe 0x73 0xe7 0x15 0xee 0x0 0x0 0x0 0x0 0xec 0xf 0xe0 0x7a 0x0 0xa4 0xa4 0x0 0x4 0xac 0x5 0x0 0x0
1787979119310,0x1 0x89 0xd 0x4f 0xa5 0xae 0x66 0xd 0x0 0x0 0xd 0x2b 0x3f 0x0 0x3c 0x14 0x2a 0x12 0x73 0x8 0x1d 0x3 0x9f 0x2 0x0 0x28 0x65 0x1 0x0 0x99 0x0 0x9d 0x0 0x88 0x0 0x99 0x0 0xa9 0xa9 0xa9 0xa9 0xa9 0xa9 0xaf 0x2 0xa2 0x2 0xae 0x2 0xa5 0x2 0xb4 0x2 0xab 0x2 0xb7 0x2 0xab 0x2 0x33 0x0 0x3 0x7f 0x80 0x84 0x85 0x4d 0x80 0x4f 0x80 0xa6 0x82 0xeb 0x7b 0x63 0x6c 0x69 0x6b 0xfc 0x2a 0x0 0x0 0x73 0xe7 0x15 0xee 0x0 0x0 0x0 0x0 0xe6 0xd 0xe0 0x7a 0x0 0xa4 0xa4 0x0 0x4 0xcb 0x5 0x0 0x0
1787979119534,0x1 0x8b 0xd 0x4f 0xa5 0xae 0x66 0xd 0x0 0x0 0xd 0x29 0x3c 0x0 0x3d 0x14 0xbf 0x12 0x73 0x8 0xf7 0x2 0x9f 0x2 0x0 0x28 0x65 0x1 0x0 0x8e 0x0 0x99 0x0 0x88 0x0 0x9b 0x0 0xa4 0xa4 0xa4 0xa4 0xa4 0xa4 0xcc 0x2 0xc3 0x2 0xc1 0x2 0xb9 0x2 0xc7 0x2 0xbf 0x2 0xcf 0x2 0xc3 0x2 0x33 0x0 0x3 0x7d 0x7e 0x84 0x85 0x4d 0x80 0x4f 0x80 0xa6 0x82 0xeb 0x7b 0x64 0x6e 0x69 0x6c 0xfc 0x2a 0x0 0x0 0x73 0xe7 0x15 0xee 0x0 0x0 0x0 0x0 0xe5 0xd 0xe0 0x7a 0x0 0xa4 0xa4 0x0 0x4 0xac 0x5 0x0 0x0
1787979119758,0x1 0x8b 0xd 0x4f 0xa5 0xae 0x66 0xd 0x0 0x0 0xd 0x28 0x3c 0x0 0xd0 0x14 0x4c 0x13 0x73 0x7 0xe2 0x2 0x9f 0x2 0x0 0x28 0x65 0x1 0x0 0x38 0x0 0x44 0x0 0x89 0x0 0x9c 0x0 0xa8 0xa8 0xa8 0xa8 0xa8 0xa8 0xd6 0x2 0xcb 0x2 0xd9 0x2 0xd1 0x2 0xf5 0x2 0xc9 0x2 0xf5 0x2 0xe7 0x2 0x32 0x0 0x3 0x85 0x85 0x84 0x85 0x4d 0x80 0x4f 0x80 0xa6 0x82 0xeb 0x7b 0x64 0x6e 0x69 0x6c 0xfc 0x2a 0x0 0x0 0x73 0xe7 0x15 0xee 0x0 0x0 0x0 0x0 0xdc 0xd 0xe0 0x7a 0x0 0xa4 0xa4 0x0 0x4 0xac 0x5 0x0 0x0
1787979119982,0x1 0x8a 0xd 0x4f 0xa5 0xae 0x66 0xd 0x0 0x0 0xd 0x26 0x38 0x0 0x66 0x13 0xa5 0x13 0x73 0x7 0xe3 0x2 0x9f 0x2 0x0 0x28 0x65 0x1 0x0 0x18 0x0 0x1b 0x0 0x88 0x0 0x9d 0x0 0xa8 0xa8 0xa8 0xa8 0xa8 0xa8 0x2 0x3 0xed 0x2 0xff 0x2 0xf3 0x2 0x4 0x3 0xf4 0x2 0x2 0x3 0xf5 0x2 0x32 0x0 0x3 0x86 0x86 0x84 0x85 0x4d 0x80 0x4f 0x80 0xa6 0x82 0xeb 0x7b 0x64 0x6e 0x69 0x6c 0xfc 0x25 0x0 0x0 0x73 0xe7 0x15 0xee 0x0 0x0 0x0 0x0 0xd2 0xc 0xe0 0x7a 0x0 0xa4 0xa4 0x0 0x4 0xb9 0x5 0x0 0x0
1787979120206,0x1 0x89 0xd 0x4f 0xa5 0xae 0x66 0xd 0x0 0x0 0xd 0x26 0x38 0x0 0x4b 0x13 0x86 0x13 0x73 0x7 0xe7 0x2 0x9f 0x2 0x0 0x28 0x65 0x1 0x0 0x11 0x0 0x12 0x0 0x88 0x0 0x9d 0x0 0xa8 0xa8 0xa8 0xa8 0xa8 0xa8 0x1 0x3 0xf4 0x2 0x0 0x3 0xf3 0x2 0x2 0x3 0xf4 0x2 0x0 0x3 0xf3 0x2 0x32 0x0 0x3 0x87 0x87 0x84 0x85 0x4d 0x80 0x4f 0x80 0xa6 0x82 0xeb 0x7b 0x64 0x6e 0x69 0x6c 0xfc 0x25 0x0 0x0 0x73 0xe7 0x15 0xee 0x0 0x0 0x0 0x0 0xc3 0xd 0xe0 0x7a 0x0 0xa4 0xa4 0x0 0x4 0xcb 0x5 0x0 0x0
1787979120430,0x1 0x8b 0xd 0x4f 0xa5 0xae 0x66 0xd 0x0 0x0 0xd 0x26 0x38 0x0 0x6d 0x13 0x63 0x13 0x73 0x6 0xe2 0x2 0x9f 0x2 0x0 0x28 0x65 0x1 0x0 0xe 0x0 0xf 0x0 0x86 0x0 0x9b 0x0 0xa8 0xa8 0xa8 0xa8 0xa8 0xa8 0x0 0x3 0xf2 0x2 0x0 0x3 0xf2 0x2 0x1 0x3 0xf4 0x2 0x2 0x3 0xf4 0x2 0x32 0x0 0x3 0x88 0x89 0x84 0x85 0x4d 0x80 0x4f 0x80 0xa6 0x82 0xeb 0x7b 0x67 0x70 0x69 0x6d 0xfc 0x25 0x0 0x0 0x73 0xe7 0x15 0xee 0x0 0x0 0x0 0x0 0xb1 0xd 0xe0 0x7a 0x0 0xa4 0xa4 0x0 0x4 0xac 0x5 0x0 0x0
1787979120654,0x1 0x8b 0xd 0x4f 0xa5 0xad 0x67 0xd 0x0 0x0 0xd 0x25 0x37 0x0 0x43 0x13 0x50 0x13 0x73 0x6 0xdb 0x2 0x9f 0x2 0x0 0x28 0x65 0x1 0x0 0x10 0x0 0xf 0x0 0x85 0x0 0x99 0x0 0xa7 0xa7 0xa7 0xa7 0xa7 0xa7 0x3 0x3 0xf7 0x2 0x1 0x3 0xf3 0x2 0x2 0x3 0xf5 0x2 0x4 0x3 0xf7 0x2 0x32 0x0 0x3 0x8a 0x8a 0x84 0x85 0x4d 0x80 0x4f 0x80 0xa6 0x82 0xeb 0x7b 0x67 0x70 0x69 0x6d 0xfc 0x25 0x0 0x0 0x73 0xe7 0x15 0xee 0x0 0x0 0x0 0x0 0x9d 0xc 0xe0 0x7a 0x0 0xa4 0xa4 0x0 0x4 0xac 0x5 0x0 0x0
1787979120878,0x1 0x8a 0xd 0x4f 0xa5 0xad 0x67 0xd 0x0 0x0 0xd 0x25 0x37 0x0 0xc6 0x13 0x74 0x13 0x73 0x5 0xc8 0x2 0x9f 0x2 0x0 0x28 0x65 0x1 0x0 0x13 0x0 0x11 0x0 0x85 0x0 0x99 0x0 0xa5 0xa5 0xa5 0xa5 0xa5 0xa5 0xb 0x3 0xff 0x2 0xe 0x3 0x3 0x3 0x8 0x3 0xfc 0x2 0x10 0x3 0x3 0x3 0x32 0x0 0x3 0x8b 0x8b 0x84 0x85 0x4d 0x80 0x4f 0x80 0xa6 0x82 0xeb 0x7b 0x67 0x70 0x69 0x6d 0xfc 0x25 0x0 0x0 0x73 0xe7 0x15 0xee 0x0 0x0 0x0 0x0 0x86 0xc 0xe0 0x7a 0x0 0xa4 0xa4 0x0 0x4 0xb9 0x5 0x0 0x0
1787979121101,0x1 0x89 0xd 0x4f 0xa5 0xad 0x67 0xd 0x0 0x0 0xd 0x25 0x37 0x0 0xf9 0x13 0x8f 0x13 0x73 0x5 0xc1 0x2 0x9f 0x2 0x0 0x28 0x65 0x1 0x0 0x35 0x0 0x19 0x0 0x84 0x0 0x98 0x0 0xa5 0xa5 0xa5 0xa5 0xa5 0xa5 0x13 0x3 0x5 0x3 0x14 0x3 0x8 0x3 0x18 0x3 0xb 0x3 0x1a 0x3 0xb 0x3 0x32 0x0 0x3 0x8c 0x8d 0x84 0x85 0x4d 0x80 0x4f 0x80 0xa6 0x82 0xeb 0x7b 0x67 0x70 0x69 0x6d 0xfc 0x25 0x0 0x0 0x73 0xe7 0x15 0xee 0x0 0x0 0x0 0x0 0x6b 0xc 0xe0 0x7a 0x0 0xa4 0xa4 0x0 0x4 0xcb 0x5 0x0 0x0
1787979121326,0x1 0x89 0xd 0x4f 0xa5 0xad 0x67 0xd 0x0 0x0 0xd 0x24 0x36 0x0 0xc7 0x13 0xa3 0x13 0x73 0x4 0xbb 0x2 0x9f 0x2 0x0 0x28 0x65 0x1 0x0 0x84 0x0 0x5a 0x0 0x83 0x0 0x98 0x0 0xa4 0xa4 0xa4 0xa4 0xa4 0xa4 0xa 0x3 0xd 0x3 0x1b 0x3 0xf 0x3 0x1e 0x3 0x10 0x3 0xa 0x3 0x12 0x3 0x32 0x0 0x3 0x85 0x8e 0x85 0x85 0x4d 0x80 0x4f 0x80 0xa6 0x82 0xeb 0x7b 0x67 0x70 0x69 0x6d 0xfc 0x25 0x0 0x0 0x73 0xe7 0x15 0xee 0x0 0x0 0x0 0x0 0x59 0xc 0xe0 0x7a 0x0 0xa4 0xa4 0x0 0x4 0xcb 0x5 0x0 0x0
1787979121550,0x1 0x8b 0xd 0x4f 0xa5 0xad 0x67 0xd 0x0 0x0 0xd 0x26 0x37 0x0 0x6f 0x14 0x26 0x14 0x73 0x0 0xb1 0x2 0x9f 0x2 0x0 0x28 0x65 0x1 0x0 0xa1 0x0 0x87 0x0 0x83 0x0 0x97 0x0 0xa5 0xa5 0xa5 0xa5 0xa5 0xa5 0x13 0x3 0x21 0x3 0x16 0x3 0x17 0x3 0xc 0x3 0x1c 0x3 0x16 0x3 0x23 0x3 0x32 0x0 0x3 0x84 0x8f 0x85 0x85 0x4d 0x80 0x4f 0x80 0xa6 0x82 0xeb 0x7b 0x67 0x70 0x69 0x6e 0xec 0x25 0xf0 0xff 0x73 0xe7 0x15 0xee 0x0 0x0 0x0 0x0 0x4f 0xc 0xe0 0x7a 0x0 0xa4 0xa4 0x0 0x4 0xac 0x5 0x0 0x0
1787979121774,0x1 0x8a 0xd 0x4f 0xa5 0xad 0x67 0xd 0x0 0x0 0xd 0x25 0x36 0x0 0x3d 0x14 0x4b 0x14 0x73 0x0 0xab 0x2 0x9f 0x2 0x0 0x28 0x65 0x1 0x0 0x9f 0x0 0x93 0x0 0x83 0x0 0x97 0x0 0xa4 0xa4 0xa4 0xa4 0xa4 0xa4 0x1e 0x3 0x17 0x3 0x1b 0x3 0x13 0x3 0x19 0x3 0x2d 0x3 0x19 0x3 0x13 0x3 0x32 0x0 0x3 0x82 0x86 0x85 0x86 0x4d 0x80 0x4f 0x80 0xa6 0x82 0xeb 0x7b 0x67 0x70 0x69 0x6e 0xe8 0x25 0xec 0xff 0x73 0xe7 0x15 0xee 0x0 0x0 0x0 0x0 0x41 0xc 0xe0 0x7a 0x0 0xa4 0xa4 0x0 0x4 0xb9 0x5 0x0 0x0
1787979121998,0x1 0x8a 0xd 0x4f 0xa5 0xad 0x67 0xd 0x0 0x0 0xd 0x23 0x36 0x0 0x3d 0x14 0x84 0x14 0x73 0x0 0xab 0x2 0x9f 0x2 0x0 0x28 0x65 0x1 0x0 0x8f 0x0 0x9e 0x0 0x83 0x0 0x96 0x0 0xa4 0xa4 0xa4 0xa4 0xa4 0xa4 0x1c 0x3 0x15 0x3 0x1d 0x3 0x1b 0x3 0x21 0x3 0x19 0x3 0x1c 0x3 0x16 0x3 0x32 0x0 0x3 0x81 0x85 0x85 0x86 0x4d 0x80 0x4f 0x80 0xa6 0x82 0xeb 0x7b 0x67 0x70 0x69 0x6e 0xe0 0x25 0xe4 0xff 0x73 0xe7 0x15 0xee 0x0 0x0 0x0 0x0 0x3c 0xc 0xe0 0x7a 0x0 0xa4 0xa4 0x0 0x4 0xb9 0x5 0x0 0x0
1787979122222,0x1 0x89 0xd 0x4f 0xa5 0xad 0x67 0xd 0x0 0x0 0xd 0x24 0x34 0x0 0x2e 0x13 0xd5 0x13 0x73 0x0 0xb6 0x2 0x9f 0x2 0x0 0x28 0x65 0x1 0x0 0x34 0x0 0x99 0x0 0x83 0x0 0x96 0x0 0xa7 0xa7 0xa7 0xa7 0xa7 0xa7 0x1e 0x3 0xfd 0x2 0x13 0x3 0xb 0x3 0xf 0x3 0x7 0x3 0x18 0x3 0xfd 0x2 0x32 0x0 0x3 0x88 0x83 0x87 0x86 0x4d 0x80 0x4f 0x80 0xa6 0x82 0xeb 0x7b 0x67 0x70 0x69 0x6e 0xd4 0x25 0xd8 0xff 0x73 0xe7 0x15 0xee 0x0 0x0 0x0 0x0 0x39 0xc 0xe0 0x7a 0x0 0xa4 0xa4 0x0 0x4 0xcb 0x5 0x0 0x0
1787979122446,0x1 0x8a 0xd 0x4f 0xa5 0xad 0x67 0xd 0x0 0x0 0xd 0x23 0x35 0x0 0xd6 0x13 0xbe 0x13 0x73 0x0 0xac 0x2 0x9f 0x2 0x0 0x28 0x65 0x1 0x0 0x16 0x0 0x3d 0x0 0x83 0x0 0x96 0x0 0xa4 0xa4 0xa4 0xa4 0xa4 0xa4 0x19 0x3 0xf6 0x2 0x1a 0x3 0xf 0x3 0x1b 0x3 0xfb 0x2 0x1c 0x3 0xf 0x3 0x32 0x0 0x3 0x86 0x87 0x83 0x85 0x4d 0x80 0x4f 0x80 0xa6 0x82 0xeb 0x7b 0x68 0x72 0x69 0x6f 0xca 0x25 0xce 0xff 0x73 0xe7 0x15 0xee 0x0 0x0 0x0 0x0 0x30 0xc 0x0 0x80 0x0 0xa4 0xa4 0x0 0x4 0xb9 0x5 0x0 0x0
1787979122670,0x1 0x8c 0xd 0x4f 0xa5 0xad 0x67 0xd 0x0 0x0 0xd 0x27 0x3a 0x0 0xfc 0x16 0xa7 0x15 0x73 0x0 0x86 0x2 0x9f 0x2 0x0 0x28 0x65 0x1 0x0 0xf 0x0 0x16 0x0 0x83 0x0 0x95 0x0 0x94 0x94 0x94 0x94 0x94 0x94 0x4a 0x3 0x4f 0x3 0x5e 0x3 0x66 0x3 0x86 0x3 0x10 0x3 0x86 0x3 0x78 0x3 0x32 0x0 0x3 0x87 0x88 0x83 0x85 0x4d 0x80 0x4f 0x80 0xa6 0x82 0xeb 0x7b 0x68 0x72 0x69 0x6f 0xec 0x2b 0xf0 0x0 0x73 0xe7 0x15 0xee 0x0 0x0 0x0 0x0 0x19 0xd 0x0 0x80 0x0 0xa4 0xa4 0x0 0x4 0x9f 0x5 0x0 0x0
1787979122894,0x1 0x8a 0xd 0x4f 0xa5 0xad 0x67 0xd 0x0 0x0 0xd 0x28 0x3a 0x0 0x59 0x17 0x2d 0x17 0x73 0x0 0x7c 0x2 0x9f 0x2 0x0 0x28 0x65 0x1 0x0 0xd 0x0 0xe 0x0 0x82 0x0 0x92 0x0 0x93 0x93 0x93 0x93 0x93 0x93 0xa2 0x3 0x95 0x3 0xb0 0x3 0xb3 0x3 0xb9 0x3 0xa7 0x3 0xb7 0x3 0xa7 0x3 0x32 0x0 0x3 0x88 0x89 0x83 0x85 0x4d 0x80 0x4f 0x80 0xa6 0x82 0xeb 0x7b 0x68 0x72 0x69 0x6f 0x68 0x2c 0x6c 0x1 0x73 0xe7 0x15 0xee 0x0 0x0 0x0 0x0 0x0 0xf 0x0 0x80 0x0 0xa4 0xa4 0x0 0x4 0xb9 0x5 0x0 0x0
1787979123117,0x1 0x89 0xd 0x4e 0xa5 0xad 0x67 0xd 0x0 0x0 0xd 0x27 0x39 0x0 0x5d 0x15 0xf6 0x15 0x73 0x0 0xab 0x2 0x9f 0x2 0x0 0x28 0x65 0x1 0x0 0xd 0x0 0xe 0x0 0x7f 0x0 0x81 0x0 0xa4 0xa4 0xa4 0xa4 0xa4 0xa4 0x72 0x3 0x5e 0x3 0x99 0x3 0x83 0x3 0x87 0x3 0x68 0x3 0x6c 0x3 0x5e 0x3 0x32 0x0 0x3 0x8a 0x8a 0x83 0x85 0x4d 0x80 0x4f 0x80 0xa6 0x82 0xeb 0x7b 0x68 0x72 0x69 0x6f 0x84 0x2b 0x88 0x0 0x73 0xe7 0x15 0xee 0x0 0x0 0x0 0x0 0x0 0xe 0x0 0x80 0x0 0xa4 0xa4 0x0 0x4 0xcb 0x5 0x0 0x0
1787979123341,0x1 0x8c 0xd 0x4e 0xa5 0xad 0x67 0xd 0x0 0x0 0xd 0x26 0x38 0x0 0xfd 0x14 0xf 0x15 0x73 0x0 0xab 0x2 0x9f 0x2 0x0 0x28 0x65 0x1 0x0 0x21 0x0 0x3c 0x0 0x7f 0x0 0x75 0x0 0xa3 0xa3 0xa3 0xa3 0xa3 0xa3 0x51 0x3 0x41 0x3 0x50 0x3 0x44 0x3 0x5b 0x3 0x47 0x3 0x52 0x3 0x44 0x3 0x32 0x0 0x3 0x8b 0x8c 0x83 0x85 0x4d 0x80 0x4f 0x80 0xa6 0x82 0xeb 0x7b 0x67 0x70 0x69 0x70 0x78 0x2b 0x7c 0x0 0x73 0xe7 0x15 0xee 0x0 0x0 0x0 0x0 0x0 0xd 0x0 0x80 0x0 0xa4 0xa4 0x0 0x4 0x9f 0x5 0x0 0x0
1787979123565,0x1 0x8b 0xd 0x4e 0xa5 0xad 0x67 0xd 0x0 0x0 0xd 0x25 0x38 0x0 0x9f 0x15 0x49 0x15 0x73 0x0 0x97 0x2 0x9f 0x2 0x0 0x28 0x65 0x1 0x0 0x72 0x0 0x78 0x0 0x7f 0x0 0x79 0x0 0x9a 0x9a 0x9a 0x9a 0x9a 0x9a 0x56 0x3 0x47 0x3 0x5c 0x3 0x52 0x3 0x66 0x3 0x47 0x3 0x66 0x3 0x57 0x3 0x32 0x0 0x3 0x84 0x8d 0x83 0x85 0x4d 0x80 0x4f 0x80 0xa6 0x82 0xeb 0x7b 0x67 0x70 0x69 0x70 0x7c 0x2b 0x80 0x0 0x73 0xe7 0x15 0xee 0x0 0x0 0x0 0x0 0x0 0xd 0x0 0x80 0x0 0xa4 0xa4 0x0 0x4 0xac 0x5 0x0 0x0
1787979123789,0x1 0x8a 0xd 0x4e 0xa5 0xad 0x67 0xd 0x0 0x0 0xd 0x26 0x38 0x0 0x8f 0x15 0xb3 0x15 0x73 0x0 0x99 0x2 0x9f 0x2 0x0 0x28 0x65 0x1 0x0 0x36 0x0 0x29 0x0 0x7e 0x0 0x7b 0x0 0x9c 0x9c 0x9c 0x9c 0x9c 0x9c 0x6d 0x3 0x62 0x3 0x5b 0x3 0x61 0x3 0x57 0x3 0x65 0x3 0x6d 0x3 0x61 0x3 0x32 0x0 0x3 0x8b 0x8d 0x88 0x85 0x4d 0x80 0x4f 0x80 0xa6 0x82 0xeb 0x7b 0x67 0x70 0x69 0x70 0x9e 0x2b 0xa2 0x0 0x73 0xe7 0x15 0xee 0x0 0x0 0x0 0x0 0x14 0xd 0x0 0x80 0x0 0xa4 0xa4 0x0 0x4 0xb9 0x5 0x0 0x0
1787979124013,0x1 0x89 0xd 0x4e 0xa5 0xad 0x67 0xd 0x0 0x0 0xd 0x26 0x39 0x0 0xc7 0x15 0xd2 0x15 0x73 0x0 0x9e 0x2 0x9f 0x2 0x0 0x28 0x65 0x1 0x0 0x13 0x0 0x12 0x0 0x7e 0x0 0x7d 0x0 0x9f 0x9f 0x9f 0x9f 0x9f 0x9f 0x73 0x3 0x67 0x3 0x6e 0x3 0x69 0x3 0x75 0x3 0x6a 0x3 0x71 0x3 0x67 0x3 0x32 0x0 0x3 0x8c 0x8e 0x88 0x85 0x4d 0x80 0x4f 0x80 0xa6 0x82 0xeb 0x7b 0x67 0x70 0x6a 0x70 0xb4 0x2b 0xb8 0x0 0x73 0xe7 0x15 0xee 0x0 0x0 0x0 0x0 0x1a 0xd 0x0 0x80 0x0 0xa4 0xa4 0x0 0x4 0xcb 0x5 0x0 0x0
1787979124237,0x1 0x8c 0xd 0x4e 0xa5 0xad 0x67 0xd 0x0 0x0 0xd 0x26 0x39 0x0 0x4d 0x15 0x8b 0x15 0x73 0x0 0xad 0x2 0x9f 0x2 0x0 0x28 0x65 0x1 0x0 0xf 0x0 0x10 0x0 0x7b 0x0 0x75 0x0 0xa4 0xa4 0xa4 0xa4 0xa4 0xa4 0x6b 0x3 0x5e 0x3 0x67 0x3 0x66 0x3 0x6e 0x3 0x64 0x3 0x67 0x3 0x5d 0x3 0x32 0x0 0x3 0x8e 0x90 0x88 0x85 0x4d 0x80 0x4f 0x80 0xa6 0x82 0xeb 0x7b 0x67 0x70 0x6a 0x70 0xae 0x2b 0xb2 0x0 0x73 0xe7 0x15 0xee 0x0 0x0 0x0 0x0 0x1a 0xd 0x0 0x80 0x0 0xa4 0xa4 0x0 0x4 0x9f 0x5 0x0 0x0
1787979124460,0x1 0x8c 0xd 0x4e 0xa5 0xad 0x67 0xd 0x0 0x0 0xd 0x26 0x38 0x0 0xb0 0x14 0x23 0x15 0x73 0x0 0xb5 0x2 0x9f 0x2 0x0 0x28 0x65 0x1 0x0 0x10 0x0 0x10 0x0 0x77 0x0 0x54 0x0 0xa6 0xa6 0xa6 0xa6 0xa6 0xa6 0x63 0x3 0x56 0x3 0x60 0x3 0x55 0x3 0x5b 0x3 0x59 0x3 0x5b 0x3 0x51 0x3 0x32 0x0 0x3 0x8f 0x91 0x88 0x85 0x4d 0x80 0x4f 0x80 0xa6 0x82 0xeb 0x7b 0x67 0x70 0x6a 0x71 0xa0 0x2b 0xa4 0x0 0x73 0xe7 0x15 0xee 0x0 0x0 0x0 0x0 0x14 0xd 0x0 0x80 0x0 0xa4 0xa4 0x0 0x4 0x9f 0x5 0x0 0x0
1787979124684,0x1 0x8b 0xd 0x4e 0xa5 0xad 0x67 0xd 0x0 0x0 0xd 0x27 0x39 0x0 0x86 0x14 0xb5 0x14 0x73 0x0 0xc7 0x2 0x9f 0x2 0x0 0x28 0x65 0x1 0x0 0x10 0x0 0xf 0x0 0x70 0x0 0x37 0x0 0xaa 0xaa 0xaa 0xaa 0xaa 0xaa 0x4e 0x3 0x4b 0x3 0x54 0x3 0x48 0x3 0x52 0x3 0x44 0x3 0x4e 0x3 0x44 0x3 0x32 0x0 0x3 0x90 0x92 0x88 0x85 0x4d 0x80 0x4f 0x80 0xa6 0x82 0xeb 0x7b 0x67 0x70 0x6a 0x71 0x4c 0x26 0x90 0x0 0x73 0xe7 0x15 0xee 0x0 0x0 0x0 0x0 0x0 0xc 0x0 0x80 0x0 0xa4 0xa4 0x0 0x4 0xac 0x5 0x0 0x0
1787979124909,0x1 0x8a 0xd 0x4e 0xa5 0xad 0x67 0xd 0x0 0x0 0xd 0x23 0x35 0x0 0xcb 0x12 0x31 0x13 0x73 0x0 0xd2 0x2 0x9f 0x2 0x0 0x28 0x65 0x1 0x0 0x10 0x0 0xe 0x0 0x5e 0x0 0x22 0x0 0xae 0xae 0xae 0xae 0xae 0xae 0x2a 0x3 0x1b 0x3 0x21 0x3 0x30 0x3 0x35 0x3 0x24 0x3 0x21 0x3 0x18 0x3 0x32 0x0 0x3 0x92 0x94 0x88 0x85 0x4d 0x80 0x4f 0x80 0xa6 0x82 0xeb 0x7b 0x67 0x70 0x69 0x71 0x6a 0x26 0x6e 0x0 0x73 0xe7 0x15 0xee 0x0 0x0 0x0 0x0 0x0 0xc 0x0 0x80 0x0 0xa4 0xa4 0x0 0x4 0xb9 0x5 0x0 0x0
1787979125133,0x1 0x8b 0xd 0x4e 0xa5 0xad 0x67 0xd 0x0 0x0 0xd 0x24 0x34 0x0 0xd4 0x12 0xbf 0x12 0x73 0x0 0xc3 0x2 0x9f 0x2 0x0 0x28 0x65 0x1 0x0 0xf 0x0 0xe 0x0 0x36 0x0 0x15 0x0 0xa9 0xa9 0xa9 0xa9 0xa9 0xa9 0x16 0x3 0xc 0x3 0x16 0x3 0xf 0x3 0x1b 0x3 0x10 0x3 0x1b 0x3 0x11 0x3 0x32 0x0 0x3 0x93 0x95 0x88 0x85 0x4d 0x80 0x4f 0x80 0xa6 0x82 0xeb 0x7b 0x67 0x70 0x69 0x71 0x4e 0x26 0x52 0x0 0x73 0xe7 0x15 0xee 0x0 0x0 0x0 0x0 0x0 0xc 0x0 0x80 0x0 0xa4 0xa4 0x0 0x4 0xac 0x5 0x0 0x0
1787979125356,0x1 0x8b 0xd 0x4e 0xa5 0xad 0x67 0xd 0x0 0x0 0xd 0x23 0x35 0x0 0x2a 0x13 0x2d 0x13 0x73 0x0 0xc4 0x2 0x9f 0x2 0x0 0x28 0x65 0x1 0x0 0xf 0x0 0xe 0x0 0x1e 0x0 0xf 0x0 0xaa 0xaa 0xaa 0xaa 0xaa 0xaa 0x2b 0x3 0x19 0x3 0x23 0x3 0x1c 0x3 0x28 0x3 0x21 0x3 0x2b 0x3 0x22 0x3 0x32 0x0 0x3 0x94 0x96 0x88 0x85 0x4d 0x80 0x4f 0x80 0xa6 0x82 0xeb 0x7b 0x67 0x70 0x69 0x72 0x36 0x26 0x3a 0x0 0x73 0xe7 0x15 0xee 0x0 0x0 0x0 0x0 0x0 0xc 0x0 0x80 0x0 0xa4 0xa4 0x0 0x4 0xac 0x5 0x0 0x0
1787979125580,0x1 0x8a 0xd 0x4e 0xa5 0xad 0x67 0xd 0x0 0x0 0xd 0x24 0x36 0x0 0xeb 0x13 0x77 0x13 0x73 0x0 0xb6 0x2 0x9f 0x2 0x0 0x28 0x65 0x1 0x0 0xf 0x0 0xe 0x0 0x11 0x0 0xd 0x0 0xa6 0xa6 0xa6 0xa6 0xa6 0xa6 0x31 0x3 0x2c 0x3 0x39 0x3 0x23 0x3 0x31 0x3 0x29 0x3 0x39 0x3 0x30 0x3 0x32 0x0 0x3 0x96 0x98 0x88 0x85 0x4d 0x80 0x4f 0x80 0xa6 0x82 0xeb 0x7b 0x67 0x70 0x69 0x72 0x22 0x26 0x26 0x0 0x73 0xe7 0x15 0xee 0x0 0x0 0x0 0x0 0x0 0xc 0x0 0x80 0x0 0xa4 0xa4 0x0 0x4 0xb9 0x5 0x0 0x0
1787979125805,0x1 0x8a 0xd 0x4e 0xa5 0xad 0x67 0xd 0x0 0x0 0xd 0x23 0x35 0x0 0x62 0x13 0x5d 0x13 0x73 0x0 0xbc 0x2 0x9f 0x2 0x0 0x28 0x65 0x1 0x0 0x11 0x0 0x10 0x0 0xd 0x0 0xe 0x0 0xa8 0xa8 0xa8 0xa8 0xa8 0xa8 0x36 0x3 0x2d 0x3 0x39 0x3 0x30 0x3 0x38 0x3 0x31 0x3 0x38 0x3 0x2f 0x3 0x32 0x0 0x3 0x97 0x99 0x88 0x85 0x4d 0x80 0x4f 0x80 0xa6 0x82 0xeb 0x7b 0x67 0x70 0x69 0x72 0x10 0x26 0x14 0x0 0x73 0xe7 0x15 0xee 0x0 0x0 0x0 0x0 0x0 0xc 0x0 0x80 0x0 0xa4 0xa4 0x0 0x4 0xb9 0x5 0x0 0x0
1787979126029,0x1 0x8b 0xd 0x4e 0xa5 0xad 0x67 0xd 0x0 0x0 0xd 0x23 0x35 0x0 0x7f 0x13 0x2d 0x13 0x73 0x0 0xb8 0x2 0x9f 0x2 0x0 0x28 0x65 0x1 0x0 0x21 0x0 0x1f 0x0 0xe 0x0 0xf 0x0 0xa7 0xa7 0xa7 0xa7 0xa7 0xa7 0x37 0x3 0x2b 0x3 0x33 0x3 0x2c 0x3 0x35 0x3 0x2b 0x3 0x37 0x3 0x2e 0x3 0x32 0x0 0x3 0x98 0x9a 0x88 0x85 0x4d 0x80 0x4f 0x80 0xa6 0x82 0xeb 0x7b 0x67 0x70 0x69 0x72 0xfe 0x25 0x2 0x0 0x73 0xe7 0x15 0xee 0x0 0x0 0x0 0x0 0x0 0xc 0x0 0x80 0x0 0xa4 0xa4 0x0 0x4 0xac 0x5 0x0 0x0
1787979126253,0x1 0x8b 0xd 0x4e 0xa5 0xad 0x67 0xd 0x0 0x0 0xd 0x23 0x35 0x0 0x69 0x13 0x6b 0x13 0x73 0x0 0xbb 0x2 0x9f 0x2 0x0 0x28 0x65 0x0 0x0 0x73 0x0 0x6d 0x0 0x10 0x0 0x11 0x0 0xa8 0xa8 0xa8 0xa8 0xa8 0xa8 0x43 0x3 0x38 0x3 0x38 0x3 0x2d 0x3 0x39 0x3 0x35 0x3 0x41 0x3 0x38 0x3 0x32 0x0 0x3 0x9a 0x9c 0x88 0x85 0x4d 0x80 0x4f 0x80 0xa6 0x82 0xeb 0x7b 0x67 0x70 0x69 0x72 0xf0 0x25 0xf4 0xff 0x73 0xe7 0x15 0xee 0x0 0x0 0x0 0x0 0x0 0xc 0x0 0x80 0x0 0xa4 0xa4 0x0 0x4 0xac 0x5 0x0 0x0
1787979126477,0x1 0x8b 0xd 0x4e 0xa5 0xad 0x67 0xd 0x0 0x0 0xd 0x1e 0x2d 0x0 0x34 0x10 0x3d 0x12 0x73 0x0 0xc7 0x2 0xcf 0x2 0x0 0x28 0x65 0x0 0x0 0x9e 0x0 0x97 0x0 0x13 0x0 0x13 0x0 0x9d 0x9d 0x9d 0x9d 0x9d 0x9d 0x2c 0x3 0x30 0x3 0x15 0x3 0x12 0x3 0x2c 0x3 0x38 0x3 0x5 0x3 0x12 0x3 0x32 0x0 0x3 0x91 0x9c 0x8e 0x85 0x4d 0x80 0x4f 0x80 0xa6 0x82 0xeb 0x7b 0x67 0x70 0x69 0x73 0xcb 0x18 0xe8 0xff 0x73 0xe7 0x15 0xee 0x0 0x0 0x0 0x0 0x1a 0xc 0x0 0x80 0x0 0xa4 0xa4 0x0 0x4 0xac 0x5 0x0 0x0
1787979126700,0x1 0x8a 0xd 0x4e 0xa5 0xad 0x67 0xd 0x0 0x0 0xd 0x1c 0x2b 0x0 0xb1 0xd 0x5 0xf 0x73 0x0 0x24 0x3 0x3 0x3 0x0 0x28 0x65 0x0 0x0 0xac 0x0 0xac 0x0 0x15 0x0 0x15 0x0 0xa9 0xa9 0xa9 0xa9 0xa9 0xa9 0x7e 0x2 0xc6 0x2 0xbc 0x2 0xab 0x2 0xa0 0x2 0x8a 0x2 0x7e 0x2 0x7b 0x2 0x33 0x0 0x3 0x8f 0x93 0x8e 0x8d 0x4d 0x80 0x4f 0x80 0xa6 0x82 0xeb 0x7b 0x67 0x70 0x69 0x73 0xd3 0x18 0xf0 0xff 0x73 0xe7 0x15 0xee 0x0 0x0 0x0 0x0 0x1a 0xc 0x0 0x80 0x0 0xa4 0xa4 0x0 0x4 0xb9 0x5 0x0 0x0
1787979126924,0x1 0x8a 0xd 0x4e 0xa5 0xad 0x67 0xd 0x0 0x0 0xd 0x1b 0x2a 0x0 0x0 0xd 0x5f 0xd 0x73 0x0 0x3b 0x3 0x3 0x3 0x0 0x28 0x65 0x0 0x0 0xab 0x0 0xaf 0x0 0x1f 0x0 0x17 0x0 0xae 0xae 0xae 0xae 0xae 0xae 0x47 0x2 0x3e 0x2 0x40 0x2 0x39 0x2 0x54 0x2 0x48 0x2 0x3d 0x2 0x39 0x2 0x33 0x0 0x3 0x8e 0x91 0x8e 0x8d 0x4d 0x80 0x4f 0x80 0xa6 0x82 0xeb 0x7b 0x67 0x70 0x6a 0x73 0xaf 0x18 0xcc 0xff 0x73 0xe7 0x15 0xee 0x0 0x0 0x0 0x0 0x1a 0xc 0x0 0x80 0x0 0xa4 0xa4 0x0 0x4 0xb9 0x5 0x0 0x0
1787979127147,0x1 0x8b 0xd 0x4e 0xa5 0xad 0x67 0xd 0x0 0x0 0xd 0x1b 0x2a 0x0 0x75 0xd 0x5b 0xd 0x73 0x0 0x1f 0x3 0x3 0x3 0x0 0x28 0x65 0x0 0x0 0x9d 0x0 0xa8 0x0 0x2a 0x0 0x1a 0x0 0xa7 0xa7 0xa7 0xa7 0xa7 0xa7 0x40 0x2 0x2b 0x2 0x31 0x2 0x33 0x2 0x3b 0x2 0x3c 0x2 0x40 0x2 0x3d 0x2 0x33 0x0 0x3 0x8d 0x90 0x8e 0x8d 0x4d 0x80 0x4f 0x80 0xa6 0x82 0xeb 0x7b 0x67 0x70 0x6a 0x73 0x87 0x18 0xa4 0xff 0x73 0xe7 0x15 0xee 0x0 0x0 0x0 0x0 0x1a 0xc 0x0 0x80 0x0 0xa4 0xa4 0x0 0x4 0xac 0x5 0x0 0x0
1787979127372,0x1 0x8b 0xd 0x4e 0xa5 0xad 0x67 0xd 0x0 0x0 0xd 0x1b 0x2a 0x0 0xc0 0xd 0xa3 0xd 0x73 0x0 0xe 0x3 0x3 0x3 0x0 0x28 0x65 0x0 0x0 0x2f 0x0 0x57 0x0 0x2d 0x0 0x1b 0x0 0xa3 0xa3 0xa3 0xa3 0xa3 0xa3 0x4a 0x2 0x45 0x2 0x59 0x2 0x47 0x2 0x48 0x2 0x45 0x2 0x5a 0x2 0x47 0x2 0x33 0x0 0x3 0x94 0x8f 0x93 0x8d 0x4d 0x80 0x4f 0x80 0xa6 0x82 0xeb 0x7b 0x67 0x70 0x6a 0x74 0x7f 0x18 0x9c 0xff 0x73 0xe7 0x15 0xee 0x0 0x0 0x0 0x0 0x1a 0xc 0x0 0x80 0x0 0xa4 0xa4 0x0 0x4 0xac 0x5 0x0 0x0
1787979127595,0x1 0x89 0xd 0x4e 0xa5 0xad 0x67 0xd 0x0 0x0 0xd 0x1a 0x2a 0x0 0x9c 0xd 0x96 0xd 0x73 0x0 0x16 0x3 0x3 0x3 0x0 0x28 0x65 0x0 0x0 0xf 0x0 0x18 0x0 0x2a 0x0 0x1c 0x0 0xa6 0xa6 0xa6 0xa6 0xa6 0xa6 0x5a 0x2 0x56 0x2 0x5b 0x2 0x57 0x2 0x5b 0x2 0x54 0x2 0x5a 0x2 0x54 0x2 0x33 0x0 0x3 0x95 0x98 0x93 0x95 0x4d 0x80 0x4f 0x80 0xa6 0x82 0xeb 0x7b 0x67 0x70 0x6a 0x74 0x71 0x18 0x8e 0xff 0x73 0xe7 0x15 0xee 0x0 0x0 0x0 0x0 0x1a 0xc 0x0 0x80 0x0 0xa4 0xa4 0x0 0x4 0xcb 0x5 0x0 0x0
1787979127819,0x1 0x89 0xd 0x4e 0xa5 0xad 0x67 0xd 0x0 0x0 0xd 0x1c 0x2a 0x0 0x8f 0xd 0x9b 0xd 0x73 0x0 0x19 0x3 0x3 0x3 0x0 0x28 0x65 0x0 0x0 0xe 0x0 0x12 0x0 0x27 0x0 0x1d 0x0 0xa6 0xa6 0xa6 0xa6 0xa6 0xa6 0x5d 0x2 0x58 0x2 0x5b 0x2 0x56 0x2 0x61 0x2 0x59 0x2 0x5b 0x2 0x56 0x2 0x33 0x0 0x3 0x96 0x99 0x93 0x95 0x4d 0x80 0x4f 0x80 0xa6 0x82 0xeb 0x7b 0x67 0x70 0x6a 0x74 0x63 0x18 0x80 0xff 0x73 0xe7 0x15 0xee 0x0 0x0 0x0 0x0 0x1a 0xc 0x0 0x80 0x0 0xa4 0xa4 0x0 0x4 0xcb 0x5 0x0 0x0
1787979128044,0x1 0x8b 0xd 0x4e 0xa5 0xad 0x67 0xd 0x0 0x0 0xd 0x1b 0x2a 0x0 0xa1 0xd 0x8d 0xd 0x73 0x0 0x15 0x3 0x3 0x3 0x0 0x28 0x65 0x0 0x0 0x10 0x0 0x15 0x0 0x26 0x0 0x1e 0x0 0xa5 0xa5 0xa5 0xa5 0xa5 0xa5 0x5c 0x2 0x56 0x2 0x5b 0x2 0x57 0x2 0x5a 0x2 0x55 0x2 0x5c 0x2 0x57 0x2 0x33 0x0 0x3 0x98 0x9a 0x93 0x95 0x4d 0x80 0x4f 0x80 0xa6 0x82 0xeb 0x7b 0x67 0x70 0x6a 0x74 0x53 0x18 0x70 0xff 0x73 0xe7 0x15 0xee 0x0 0x0 0x0 0x0 0x1a 0xc 0x0 0x80 0x0 0xa4 0xa4 0x0 0x4 0xac 0x5 0x0 0x0
1787979128267,0x1 0x8b 0xd 0x4e 0xa5 0xad 0x67 0xd 0x0 0x0 0xd 0x1a 0x29 0x0 0x52 0xd 0x6d 0xd 0x73 0x0 0x14 0x3 0x3 0x3 0x0 0x28 0x65 0x0 0x0 0x18 0x0 0x6d 0x0 0x27 0x0 0x1e 0x0 0xa4 0xa4 0xa4 0xa4 0xa4 0xa4 0x5d 0x2 0x56 0x2 0x5b 0x2 0x59 0x2 0x5d 0x2 0x5a 0x2 0x5b 0x2 0x56 0x2 0x33 0x0 0x3 0x99 0x9c 0x93 0x95 0x4d 0x80 0x4f 0x80 0xa6 0x82 0xeb 0x7b 0x67 0x70 0x6a 0x74 0x49 0x18 0x66 0xff 0x73 0xe7 0x15 0xee 0x0 0x0 0x0 0x0 0x1a 0xc 0x0 0x80 0x0 0xa4 0xa4 0x0 0x4 0xac 0x5 0x0 0x0
1787979128491,0x1 0x8a 0xd 0x4e 0xa5 0xad 0x67 0xd 0x0 0x0 0xd 0x1a 0x29 0x0 0x5b 0xd 0x7d 0xd 0x73 0x0 0x12 0x3 0x3 0x3 0x0 0x28 0x65 0x0 0x0 0x77 0x0 0xa4 0x0 0x28 0x0 0x1f 0x0 0xa5 0xa5 0xa5 0xa5 0xa5 0xa5 0x5e 0x2 0x5b 0x2 0x62 0x2 0x5c 0x2 0x63 0x2 0x5b 0x2 0x62 0x2 0x5b 0x2 0x33 0x0 0x3 0x9a 0x9c 0x93 0x95 0x4d 0x80 0x4f 0x80 0xa6 0x82 0xeb 0x7b 0x67 0x70 0x6a 0x75 0x41 0x18 0x5e 0xff 0x73 0xe7 0x15 0xee 0x0 0x0 0x0 0x0 0x1a 0xc 0x0 0x80 0x0 0xa4 0xa4 0x0 0x4 0xb9 0x5 0x0 0x0
1787979128715,0x1 0x8a 0xd 0x4e 0xa5 0xad 0x67 0xd 0x0 0x0 0xd 0x1b 0x2a 0x0 0xd2 0xd 0xb4 0xd 0x73 0x0 0xa 0x3 0x3 0x3 0x0 0x28 0x65 0x0 0x0 0xa8 0x0 0xb1 0x0 0x29 0x0 0x20 0x0 0xa2 0xa2 0xa2 0xa2 0xa2 0xa2 0x57 0x2 0x51 0x2 0x59 0x2 0x50 0x2 0x57 0x2 0x50 0x2 0x59 0x2 0x52 0x2 0x33 0x0 0x3 0x91 0x93 0x93 0x95 0x4d 0x80 0x4f 0x80 0xa6 0x82 0xeb 0x7b 0x67 0x70 0x6a 0x75 0x37 0x18 0x54 0xff 0x73 0xe7 0x15 0xee 0x0 0x0 0x0 0x0 0x1a 0xc 0x0 0x80 0x0 0xa4 0xa4 0x0 0x4 0xb9 0x5 0x0 0x0
1787979128939,0x1 0x8c 0xd 0x4e 0xa5 0xad 0x67 0xd 0x0 0x0 0xd 0x1a 0x2a 0x0 0xc9 0xd 0xbe 0xd 0x73 0x0 0xc 0x3 0x3 0x3 0x0 0x28 0x65 0x0 0x0 0xb0 0x0 0xb3 0x0 0x2c 0x0 0x25 0x0 0xa3 0xa3 0xa3 0xa3 0xa3 0xa3 0x5b 0x2 0x54 0x2 0x59 0x2 0x51 0x2 0x58 0x2 0x50 0x2 0x58 0x2 0x50 0x2 0x33 0x0 0x3 0x90 0x91 0x93 0x95 0x4d 0x80 0x4f 0x80 0xa6 0x82 0xeb 0x7b 0x67 0x70 0x6a 0x75 0x31 0x18 0x4e 0xff 0x73 0xe7 0x15 0xee 0x0 0x0 0x0 0x0 0x1a 0xc 0x0 0x80 0x0 0xa4 0xa4 0x0 0x4 0x9f 0x5 0x0 0x0
1787979129163,0x1 0x8b 0xd 0x4e 0xa5 0xad 0x67 0xd 0x0 0x0 0xd 0x1b 0x2a 0x0 0xb7 0xd 0xc3 0xd 0x73 0x0 0x10 0x3 0x3 0x3 0x0 0x28 0x65 0x0 0x0 0xb3 0x0 0xb4 0x0 0x4b 0x0 0x61 0x0 0xa4 0xa4 0xa4 0xa4 0xa4 0xa4 0x56 0x2 0x4f 0x2 0x54 0x2 0x4e 0x2 0x56 0x2 0x51 0x2 0x56 0x2 0x4f 0x2 0x33 0x0 0x3 0x8f 0x90 0x93 0x95 0x4d 0x80 0x4f 0x80 0xa6 0x82 0xeb 0x7b 0x67 0x70 0x6a 0x75 0x2b 0x18 0x48 0xff 0x73 0xe7 0x15 0xee 0x0 0x0 0x0 0x0 0x1a 0xc 0x0 0x80 0x0 0xa4 0xa4 0x0 0x4 0xac 0x5 0x0 0x0
1787979129387,0x1 0x8b 0xd 0x4e 0xa5 0xad 0x67 0xd 0x0 0x0 0xd 0x1b 0x2a 0x0 0xe4 0xd 0xd5 0xd 0x73 0x0 0x6 0x3 0x3 0x3 0x0 0x28 0x65 0x0 0x0 0xb3 0x0 0xb4 0x0 0x7a 0x0 0x9f 0x0 0xa2 0xa2 0xa2 0xa2 0xa2 0xa2 0x54 0x2 0x4c 0x2 0x56 0x2 0x52 0x2 0x58 0x2 0x4f 0x2 0x58 0x2 0x51 0x2 0x33 0x0 0x3 0x8d 0x8f 0x93 0x95 0x4d 0x80 0x4f 0x80 0xa6 0x82 0xeb 0x7b 0x67 0x70 0x6a 0x76 0x25 0x18 0x42 0xff 0x73 0xe7 0x15 0xee 0x0 0x0 0x0 0x0 0x1a 0xc 0x0 0x80 0x0 0xa4 0xa4 0x0 0x4 0xac 0x5 0x0 0x0
1787979129610,0x1 0x8a 0xd 0x4e 0xa5 0xad 0x67 0xd 0x0 0x0 0xd 0x1a 0x2a 0x0 0xd2 0xd 0xda 0xd 0x73 0x0 0xa 0x3 0x3 0x3 0x0 0x28 0x65 0x0 0x0 0xb3 0x0 0xb4 0x0 0x9c 0x0 0xaf 0x0 0xa3 0xa3 0xa3 0xa3 0xa3 0xa3 0x57 0x2 0x4e 0x2 0x56 0x2 0x4f 0x2 0x57 0x2 0x50 0x2 0x56 0x2 0x4e 0x2 0x33 0x0 0x3 0x8c 0x8e 0x93 0x95 0x4d 0x80 0x4f 0x80 0xa6 0x82 0xeb 0x7b 0x67 0x70 0x6a 0x76 0x25 0x18 0x42 0xff 0x73 0xe7 0x15 0xee 0x0 0x0 0x0 0x0 0x1a 0xc 0x0 0x80 0x0 0xa4 0xa4 0x0 0x4 0xb9 0x5 0x0 0x0
1787979129834,0x1 0x8b 0xd 0x4e 0xa5 0xad 0x67 0xd 0x0 0x0 0xd 0x1a 0x29 0x0 0x99 0xd 0xc9 0xd 0x73 0x0 0x4 0x3 0x3 0x3 0x0 0x28 0x65 0x0 0x0 0xb3 0x0 0xb3 0x0 0xa1 0x0 0xb3 0x0 0xa0 0xa0 0xa0 0xa0 0xa0 0xa0 0x51 0x2 0x4b 0x2 0x53 0x2 0x4b 0x2 0x57 0x2 0x4e 0x2 0x53 0x2 0x4b 0x2 0x33 0x0 0x3 0x8b 0x8c 0x93 0x95 0x4d 0x80 0x4f 0x80 0xa6 0x82 0xeb 0x7b 0x67 0x70 0x6a 0x76 0x21 0x18 0x3e 0xff 0x73 0xe7 0x15 0xee 0x0 0x0 0x0 0x0 0x1a 0xc 0x0 0x80 0x0 0xa4 0xa4 0x0 0x4 0xac 0x5 0x0 0x0
1787979130059,0x1 0x8b 0xd 0x4e 0xa5 0xad 0x67 0xd 0x0 0x0 0xd 0x1b 0x29 0x0 0x7e 0xd 0xb5 0xd 0x73 0x0 0xa 0x3 0x3 0x3 0x0 0x28 0x65 0x0 0x0 0xb3 0x0 0xb3 0x0 0xa2 0x0 0xb4 0x0 0xa3 0xa3 0xa3 0xa3 0xa3 0xa3 0x4c 0x2 0x44 0x2 0x4d 0x2 0x4a 0x2 0x52 0x2 0x48 0x2 0x4c 0x2 0x45 0x2 0x33 0x0 0x3 0x89 0x8b 0x93 0x95 0x4d 0x80 0x4f 0x80 0xa6 0x82 0xeb 0x7b 0x67 0x70 0x6a 0x76 0x25 0x18 0x42 0xff 0x73 0xe7 0x15 0xee 0x0 0x0 0x0 0x0 0x1a 0xc 0x0 0x80 0x0 0xa4 0xa4 0x0 0x4 0xac 0x5 0x0 0x0
1787979130283,0x1 0x8b 0xd 0x4e 0xa5 0xad 0x67 0xd 0x0 0x0 0xd 0x1a 0x29 0x0 0x94 0xd 0xad 0xd 0x73 0x0 0x5 0x3 0x3 0x3 0x0 0x28 0x65 0x0 0x0 0xb2 0x0 0xb2 0x0 0xa2 0x0 0xb5 0x0 0xa1 0xa1 0xa1 0xa1 0xa1 0xa1 0x47 0x2 0x41 0x2 0x4b 0x2 0x42 0x2 0x48 0x2 0x41 0x2 0x48 0x2 0x42 0x2 0x33 0x0 0x3 0x88 0x8a 0x93 0x95 0x4d 0x80 0x4f 0x80 0xa6 0x82 0xeb 0x7b 0x67 0x70 0x6a 0x76 0x25 0x18 0x42 0xff 0x73 0xe7 0x15 0xee 0x0 0x0 0x0 0x0 0x1a 0xc 0x0 0x80 0x0 0xa4 0xa4 0x0 0x4 0xac 0x5 0x0 0x0
1787979130507,0x1 0x8a 0xd 0x4e 0xa6 0xad 0x67 0xd 0x0 0x0 0xd 0x1a 0x29 0x0 0x90 0xd 0xa9 0xd 0x73 0x0 0x6 0x3 0x3 0x3 0x0 0x28 0x65 0x0 0x0 0xb1 0x0 0xb1 0x0 0xa2 0x0 0xb6 0x0 0xa2 0xa2 0xa2 0xa2 0xa2 0xa2 0x4b 0x2 0x43 0x2 0x4b 0x2 0x41 0x2 0x47 0x2 0x3e 0x2 0x46 0x2 0x3e 0x2 0x33 0x0 0x3 0x87 0x88 0x93 0x95 0x4d 0x80 0x4f 0x80 0xa6 0x82 0xeb 0x7b 0x67 0x70 0x6a 0x77 0x23 0x18 0x40 0xff 0x73 0xe7 0x15 0xee 0x0 0x0 0x0 0x0 0x1a 0xc 0x0 0x80 0x0 0xa4 0xa4 0x0 0x4 0xb9 0x5 0x0 0x0
1787979130731,0x1 0x8b 0xd 0x4e 0xa6 0xad 0x67 0xd 0x0 0x0 0xd 0x1a 0x2a 0x0 0xe0 0xd 0xc6 0xd 0x73 0x0 0x7 0x3 0x1 0x3 0x0 0x28 0x65 0x0 0x0 0xae 0x0 0xaf 0x0 0xa1 0x0 0xb6 0x0 0xa2 0xa2 0xa2 0xa2 0xa2 0xa2 0x45 0x2 0x3d 0x2 0x46 0x2 0x40 0x2 0x47 0x2 0x3f 0x2 0x46 0x2 0x3f 0x2 0x33 0x0 0x3 0x85 0x87 0x93 0x95 0x4d 0x80 0x4f 0x80 0xa6 0x82 0xeb 0x7b 0x67 0x70 0x6a 0x77 0xba 0x17 0x44 0xff 0x73 0xe7 0x15 0xee 0x0 0x0 0x0 0x0 0x1a 0xc 0x0 0x80 0x0 0xa4 0xa4 0x0 0x4 0xac 0x5 0x0 0x0
1787979130955,0x1 0x8c 0xd 0x4e 0xa5 0xad 0x67 0xd 0x0 0x0 0xd 0x1a 0x29 0x0 0x99 0xd 0xc0 0xd 0x73 0x0 0x4 0x3 0x1 0x3 0x0 0x28 0x65 0x0 0x0 0xac 0x0 0xae 0x0 0xa0 0x0 0xb5 0x0 0xa2 0xa2 0xa2 0xa2 0xa2 0xa2 0x45 0x2 0x40 0x2 0x48 0x2 0x40 0x2 0x48 0x2 0x3d 0x2 0x44 0x2 0x3d 0x2 0x33 0x0 0x3 0x84 0x86 0x93 0x95 0x4d 0x80 0x4f 0x80 0xa6 0x82 0xeb 0x7b 0x67 0x70 0x6a 0x77 0xbc 0x17 0x46 0xff 0x73 0xe7 0x15 0xee 0x0 0x0 0x0 0x0 0x1a 0xb 0x0 0x80 0x0 0xa4 0xa4 0x0 0x4 0x9f 0x5 0x0 0x0
1787979131179,0x1 0x8b 0xd 0x4e 0xa5 0xad 0x67 0xd 0x0 0x0 0xd 0x1b 0x29 0x0 0xab 0xd 0xab 0xd 0x73 0x0 0x0 0x3 0x3 0x3 0x0 0x28 0x65 0x0 0x0 0xab 0x0 0xab 0x0 0x9f 0x0 0xb4 0x0 0x9e 0x9e 0x9e 0x9e 0x9e 0x9e 0x40 0x2 0x38 0x2 0x40 0x2 0x3b 0x2 0x45 0x2 0x3a 0x2 0x40 0x2 0x39 0x2 0x33 0x0 0x3 0x83 0x84 0x93 0x95 0x4d 0x80 0x4f 0x80 0xa6 0x82 0xeb 0x7b 0x67 0x70 0x6a 0x77 0x2b 0x18 0x48 0xff 0x73 0xe7 0x15 0xee 0x0 0x0 0x0 0x0 0x1a 0xc 0x0 0x80 0x0 0xa4 0xa4 0x0 0x4 0xac 0x5 0x0 0x0
1787979131402,0x1 0x89 0xd 0x4e 0xa5 0xad 0x67 0xd 0x0 0x0 0xd 0x1c 0x2a 0x0 0xe 0xe 0xd4 0xd 0x73 0x0 0xfd 0x2 0x3 0x3 0x0 0x28 0x65 0x0 0x0 0xa9 0x0 0xab 0x0 0x9e 0x0 0xb4 0x0 0x9c 0x9c 0x9c 0x9c 0x9c 0x9c 0x3e 0x2 0x37 0x2 0x3f 0x2 0x3a 0x2 0x44 0x2 0x39 0x2 0x44 0x2 0x3d 0x2 0x33 0x0 0x3 0x81 0x83 0x93 0x95 0x4d 0x80 0x4f 0x80 0xa6 0x82 0xeb 0x7b 0x67 0x70 0x6a 0x78 0x35 0x18 0x52 0xff 0x73 0xe7 0x15 0xee 0x0 0x0 0x0 0x0 0x1a 0xc 0x0 0x80 0x0 0xa4 0xa4 0x0 0x4 0xcb 0x5 0x0 0x0
1787979131627,0x1 0x89 0xd 0x4e 0xa6 0xad 0x67 0xd 0x0 0x0 0xd 0x1a 0x29 0x0 0x9d 0xd 0xdc 0xd 0x73 0x0 0x3 0x3 0x3 0x3 0x0 0x28 0x65 0x0 0x0 0xa7 0x0 0xa8 0x0 0x9d 0x0 0xb4 0x0 0xa0 0xa0 0xa0 0xa0 0xa0 0xa0 0x41 0x2 0x3e 0x2 0x45 0x2 0x3f 0x2 0x49 0x2 0x3e 0x2 0x41 0x2 0x39 0x2 0x33 0x0 0x3 0x80 0x82 0x93 0x95 0x4d 0x80 0x4f 0x80 0xa6 0x82 0xeb 0x7b 0x67 0x70 0x6a 0x78 0x3f 0x18 0x5c 0xff 0x73 0xe7 0x15 0xee 0x0 0x0 0x0 0x0 0x1a 0xb 0x0 0x80 0x0 0xa4 0xa4 0x0 0x4 0xcb 0x5 0x0 0x0
1787979131850,0x1 0x8b 0xd 0x4e 0xa6 0xad 0x67 0xd 0x0 0x0 0xd 0x1a 0x29 0x0 0xc2 0xd 0xde 0xd 0x73 0x0 0xfb 0x2 0x1 0x3 0x0 0x28 0x65 0x0 0x0 0xa5 0x0 0xa7 0x0 0x9b 0x0 0xb2 0x0 0x9c 0x9c 0x9c 0x9c 0x9c 0x9c 0x42 0x2 0x3a 0x2 0x41 0x2 0x39 0x2 0x46 0x2 0x3d 0x2 0x3f 0x2 0x39 0x2 0x33 0x0 0x3 0x7f 0x80 0x93 0x95 0x4d 0x80 0x4f 0x80 0xa6 0x82 0xeb 0x7b 0x67 0x70 0x69 0x78 0xde 0x17 0x68 0xff 0x73 0xe7 0x15 0xee 0x0 0x0 0x0 0x0 0x1a 0xb 0x0 0x80 0x0 0xa4 0xa4 0x0 0x4 0xac 0x5 0x0 0x0
1787979132074,0x1 0x8b 0xd 0x4e 0xa6 0xad 0x67 0xd 0x0 0x0 0xd 0x1b 0x29 0x0 0xbd 0xd 0xca 0xd 0x73 0x0 0xfc 0x2 0x1 0x3 0x0 0x28 0x65 0x0 0x0 0xa4 0x0 0xa8 0x0 0x9a 0x0 0xb2 0x0 0x9c 0x9c 0x9c 0x9c 0x9c 0x9c 0x3c 0x2 0x39 0x2 0x3e 0x2 0x36 0x2 0x3d 0x2 0x34 0x2 0x3c 0x2 0x34 0x2 0x33 0x0 0x3 0x7e 0x7f 0x93 0x95 0x4d 0x80 0x4f 0x80 0xa6 0x82 0xeb 0x7b 0x67 0x70 0x69 0x78 0xee 0x17 0x78 0xff 0x73 0xe7 0x15 0xee 0x0 0x0 0x0 0x0 0x1a 0xb 0x0 0x80 0x0 0xa4 0xa4 0x0 0x4 0xac 0x5 0x0 0x0
1787979132299,0x1 0x89 0xd 0x4e 0xa6 0xad 0x67 0xd 0x0 0x0 0xd 0x19 0x28 0x0 0x5a 0xd 0xad 0xd 0x73 0x0 0xff 0x2 0x1 0x3 0x0 0x28 0x65 0x0 0x0 0xa3 0x0 0xa6 0x0 0x99 0x0 0xb2 0x0 0x9e 0x9e 0x9e 0x9e 0x9e 0x9e 0x3c 0x2 0x31 0x2 0x34 0x2 0x35 0x2 0x3d 0x2 0x37 0x2 0x34 0x2 0x2e 0x2 0x33 0x0 0x3 0x7c 0x7e 0x93 0x95 0x4d 0x80 0x4f 0x80 0xa6 0x82 0xeb 0x7b 0x67 0x70 0x69 0x78 0xfc 0x17 0x86 0xff 0x73 0xe7 0x15 0xee 0x0 0x0 0x0 0x0 0x1a 0xb 0x0 0x80 0x0 0xa4 0xa4 0x0 0x4 0xcb 0x5 0x0 0x0
1787979132523,0x1 0x8a 0xd 0x4e 0xa6 0xad 0x67 0xd 0x0 0x0 0xd 0x19 0x29 0x0 0xc2 0xd 0xb9 0xd 0x73 0x0 0xfb 0x2 0x1 0x3 0x0 0x28 0x65 0x0 0x0 0x9e 0x0 0xa3 0x0 0x99 0x0 0xb1 0x0 0x9c 0x9c 0x9c 0x9c 0x9c 0x9c 0x34 0x2 0x2d 0x2 0x33 0x2 0x2d 0x2 0x34 0x2 0x2c 0x2 0x34 0x2 0x2c 0x2 0x33 0x0 0x3 0x7b 0x7d 0x93 0x95 0x4d 0x80 0x4f 0x80 0xa6 0x82 0xeb 0x7b 0x67 0x70 0x69 0x79 0xc 0x18 0x96 0xff 0x73 0xe7 0x15 0xee 0x0 0x0 0x0 0x0 0x1a 0xb 0x0 0x80 0x0 0xa4 0xa4 0x0 0x4 0xb9 0x5 0x0 0x0
1787979132746,0x1 0x8b 0xd 0x4e 0xa6 0xad 0x67 0xd 0x0 0x0 0xd 0x1b 0x2a 0x0 0x5 0xe 0xde 0xd 0x73 0x0 0xff 0x2 0x1 0x3 0x0 0x28 0x65 0x0 0x0 0x99 0x0 0x9e 0x0 0x98 0x0 0xb0 0x0 0x9e 0x9e 0x9e 0x9e 0x9e 0x9e 0x36 0x2 0x2f 0x2 0x35 0x2 0x30 0x2 0x39 0x2 0x31 0x2 0x36 0x2 0x2f 0x2 0x33 0x0 0x3 0x7a 0x7b 0x93 0x95 0x4d 0x80 0x4f 0x80 0xa6 0x82 0xeb 0x7b 0x67 0x70 0x69 0x79 0x28 0x18 0xb2 0xff 0x73 0xe7 0x15 0xee 0x0 0x0 0x0 0x0 0x1a 0xb 0x0 0x80 0x0 0xa4 0xa4 0x0 0x4 0xac 0x5 0x0 0x0
1787979132971,0x1 0x8b 0xd 0x4e 0xa6 0xad 0x67 0xd 0x0 0x0 0xd 0x1a 0x29 0x0 0xf0 0xd 0xe2 0xd 0x73 0x0 0xf1 0x2 0x1 0x3 0x0 0x28 0x65 0x0 0x0 0x92 0x0 0x97 0x0 0x96 0x0 0xaf 0x0 0x95 0x95 0x95 0x95 0x95 0x95 0x37 0x2 0x2e 0x2 0x35 0x2 0x30 0x2 0x38 0x2 0x31 0x2 0x38 0x2 0x30 0x2 0x33 0x0 0x3 0x78 0x7a 0x93 0x95 0x4d 0x80 0x4f 0x80 0xa6 0x82 0xeb 0x7b 0x67 0x70 0x69 0x79 0x48 0x18 0xd2 0xff 0x73 0xe7 0x15 0xee 0x0 0x0 0x0 0x0 0x1a 0xb 0x0 0x80 0x0 0xa4 0xa4 0x0 0x4 0xac 0x5 0x0 0x0
1787979133195,0x1 0x89 0xd 0x4e 0xa6 0xad 0x67 0xd 0x0 0x0 0xd 0x1b 0x2a 0x0 0x26 0xe 0xe2 0xd 0x73 0x0 0xf8 0x2 0x1 0x3 0x0 0x28 0x65 0x0 0x0 0x8b 0x0 0x95 0x0 0x95 0x0 0xae 0x0 0x99 0x99 0x99 0x99 0x99 0x99 0x34 0x2 0x2a 0x2 0x30 0x2 0x2a 0x2 0x31 0x2 0x2b 0x2 0x34 0x2 0x2d 0x2 0x33 0x0 0x3 0x77 0x79 0x93 0x95 0x4d 0x80 0x4f 0x80 0xa6 0x82 0xeb 0x7b 0x67 0x70 0x69 0x79 0x66 0x18 0xf0 0xff 0x73 0xe7 0x15 0xee 0x0 0x0 0x0 0x0 0x1a 0xb 0x0 0x80 0x0 0xa4 0xa4 0x0 0x4 0xcb 0x5 0x0 0x0
1787979133418,0x1 0x8a 0xd 0x4e 0xa6 0xad 0x67 0xd 0x0 0x0 0xd 0x1a 0x29 0x0 0xf5 0xd 0xf8 0xd 0x73 0x0 0xf0 0x2 0x1 0x3 0x0 0x28 0x65 0x0 0x0 0x6e 0x0 0x8d 0x0 0x94 0x0 0xad 0x0 0x94 0x94 0x94 0x94 0x94 0x94 0x35 0x2 0x2d 0x2 0x34 0x2 0x2e 0x2 0x35 0x2 0x2d 0x2 0x35 0x2 0x2e 0x2 0x33 0x0 0x3 0x76 0x77 0x93 0x95 0x4d 0x80 0x4f 0x80 0xa6 0x82 0xeb 0x7b 0x67 0x70 0x69 0x7a 0x84 0x18 0xe 0x0 0x73 0xe7 0x15 0xee 0x0 0x0 0x0 0x0 0x1a 0xb 0x0 0x80 0x0 0xa4 0xa4 0x0 0x4 0xb9 0x5 0x0 0x0
1787979133643,0x1 0x8b 0xd 0x4e 0xa6 0xad 0x67 0xd 0x0 0x0 0xd 0x1a 0x2a 0x0 0xe 0xe 0xeb 0xd 0x73 0x0 0xfd 0x2 0x1 0x3 0x0 0x28 0x65 0x0 0x0 0x34 0x0 0x79 0x0 0x93 0x0 0xac 0x0 0x9d 0x9d 0x9d 0x9d 0x9d 0x9d 0x31 0x2 0x29 0x2 0x41 0x2 0x28 0x2 0x3e 0x2 0x27 0x2 0x3f 0x2 0x27 0x2 0x33 0x0 0x3 0x7e 0x76 0x88 0x95 0x4d 0x80 0x4f 0x80 0xa6 0x82 0xeb 0x7b 0x67 0x70 0x69 0x7a 0x98 0x18 0x22 0x0 0x73 0xe7 0x15 0xee 0x0 0x0 0x0 0x0 0x1a 0xb 0x0 0x80 0x0 0xa4 0xa4 0x0 0x4 0xac 0x5 0x0 0x0
1787979133866,0x1 0x8b 0xd 0x4e 0xa6 0xad 0x67 0xd 0x0 0x0 0xd 0x1a 0x29 0x0 0xcf 0xd 0xe9 0xd 0x73 0x0 0xf8 0x2 0x1 0x3 0x0 0x28 0x65 0x0 0x0 0x20 0x0 0x46 0x0 0x92 0x0 0xab 0x0 0x99 0x99 0x99 0x99 0x99 0x99 0x42 0x2 0x26 0x2 0x42 0x2 0x27 0x2 0x41 0x2 0x26 0x2 0x42 0x2 0x35 0x2 0x33 0x0 0x3 0x7f 0x7d 0x88 0x88 0x4d 0x80 0x4f 0x80 0xa6 0x82 0xeb 0x7b 0x67 0x70 0x69 0x7a 0xb0 0x18 0x3a 0x0 0x73 0xe7 0x15 0xee 0x0 0x0 0x0 0x0 0x1a 0xb 0x0 0x80 0x0 0xa4 0xa4 0x0 0x4 0xac 0x5 0x0 0x0
1787979134090,0x1 0x89 0xd 0x4e 0xa6 0xad 0x67 0xd 0x0 0x0 0xd 0x1b 0x2a 0x0 0xe 0xe 0xff 0xd 0x73 0x0 0xfd 0x2 0x1 0x3 0x0 0x28 0x65 0x0 0x0 0x18 0x0 0x2a 0x0 0x91 0x0 0xaa 0x0 0x9d 0x9d 0x9d 0x9d 0x9d 0x9d 0x44 0x2 0x34 0x2 0x43 0x2 0x37 0x2 0x47 0x2 0x39 0x2 0x48 0x2 0x39 0x2 0x33 0x0 0x3 0x80 0x7e 0x88 0x88 0x4d 0x80 0x4f 0x80 0xa6 0x82 0xeb 0x7b 0x67 0x70 0x69 0x7a 0xc2 0x18 0x4c 0x0 0x73 0xe7 0x15 0xee 0x0 0x0 0x0 0x0 0x1a 0xb 0x0 0x80 0x0 0xa4 0xa4 0x0 0x4 0xcb 0x5 0x0 0x0
1787979134314,0x1 0x89 0xd 0x4e 0xa6 0xad 0x67 0xd 0x0 0x0 0xd 0x1b 0x2a 0x0 0xf2 0xd 0xa 0xe 0x73 0x0 0x3 0x3 0x1 0x3 0x0 0x28 0x65 0x0 0x0 0x14 0x0 0x1d 0x0 0x8f 0x0 0xa9 0x0 0xa1 0xa1 0xa1 0xa1 0xa1 0xa1 0x4c 0x2 0x3b 0x2 0x4a 0x2 0x3e 0x2 0x4d 0x2 0x3e 0x2 0x49 0x2 0x3b 0x2 0x33 0x0 0x3 0x82 0x80 0x88 0x88 0x4d 0x80 0x4f 0x80 0xa6 0x82 0xeb 0x7b 0x67 0x70 0x69 0x7a 0xd0 0x18 0x5a 0x0 0x73 0xe7 0x15 0xee 0x0 0x0 0x0 0x0 0x1a 0xb 0x0 0x80 0x0 0xa4 0xa4 0x0 0x4 0xcb 0x5 0x0 0x0
1787979134537,0x1 0x8b 0xd 0x4e 0xa6 0xad 0x67 0xd 0x0 0x0 0xd 0x1b 0x2a 0x0 0x2a 0xe 0x20 0xe 0x73 0x0 0xf7 0x2 0x1 0x3 0x0 0x28 0x65 0x0 0x0 0x14 0x0 0x17 0x0 0x8e 0x0 0xa8 0x0 0x99 0x99 0x99 0x99 0x99 0x99 0x4d 0x2 0x40 0x2 0x4f 0x2 0x43 0x2 0x4b 0x2 0x3d 0x2 0x52 0x2 0x43 0x2 0x33 0x0 0x3 0x83 0x81 0x88 0x88 0x4d 0x80 0x4f 0x80 0xa6 0x82 0xeb 0x7b 0x67 0x70 0x69 0x7b 0xd8 0x18 0x62 0x0 0x73 0xe7 0x15 0xee 0x0 0x0 0x0 0x0 0x1a 0xc 0x0 0x80 0x0 0xa4 0xa4 0x0 0x4 0xac 0x5 0x0 0x0
1787979134762,0x1 0x8b 0xd 0x4e 0xa6 0xad 0x67 0xd 0x0 0x0 0xd 0x1b 0x2a 0x0 0xf7 0xd 0x0 0xe 0x73 0x0 0x2 0x3 0x1 0x3 0x0 0x28 0x65 0x0 0x0 0x18 0x0 0x16 0x0 0x8d 0x0 0xa7 0x0 0xa0 0xa0 0xa0 0xa0 0xa0 0xa0 0x4d 0x2 0x3d 0x2 0x4c 0x2 0x40 0x2 0x4f 0x2 0x3f 0x2 0x4d 0x2 0x3e 0x2 0x33 0x0 0x3 0x84 0x82 0x88 0x88 0x4d 0x80 0x4f 0x80 0xa6 0x82 0xeb 0x7b 0x67 0x70 0x69 0x7b 0xe0 0x18 0x6a 0x0 0x73 0xe7 0x15 0xee 0x0 0x0 0x0 0x0 0x1a 0xc 0x0 0x80 0x0 0xa4 0xa4 0x0 0x4 0xac 0x5 0x0 0x0
1787979134985,0x1 0x8b 0xd 0x4e 0xa6 0xad 0x67 0xd 0x0 0x0 0xd 0x1b 0x2a 0x0 0xfb 0xd 0xdf 0xd 0x73 0x0 0x1 0x3 0x1 0x3 0x0 0x28 0x65 0x0 0x0 0x3d 0x0 0x18 0x0 0x8c 0x0 0xa6 0x0 0xa0 0xa0 0xa0 0xa0 0xa0 0xa0 0x4b 0x2 0x3a 0x2 0x4a 0x2 0x3e 0x2 0x50 0x2 0x3f 0x2 0x4d 0x2 0x3e 0x2 0x33 0x0 0x3 0x85 0x83 0x88 0x88 0x4d 0x80 0x4f 0x80 0xa6 0x82 0xeb 0x7b 0x67 0x70 0x69 0x7b 0xe4 0x18 0x6e 0x0 0x73 0xe7 0x15 0xee 0x0 0x0 0x0 0x0 0x1a 0xc 0x0 0x80 0x0 0xa4 0xa4 0x0 0x4 0xac 0x5 0x0 0x0
1787979135209,0x1 0x89 0xd 0x4e 0xa6 0xad 0x67 0xd 0x0 0x0 0xd 0x1b 0x29 0x0 0x99 0xd 0xe2 0xd 0x73 0x0 0x4 0x3 0x1 0x3 0x0 0x28 0x65 0x0 0x0 0x8e 0x0 0x46 0x0 0x8c 0x0 0xa5 0x0 0xa1 0xa1 0xa1 0xa1 0xa1 0xa1 0x4d 0x2 0x3f 0x2 0x4f 0x2 0x43 0x2 0x41 0x2 0x3f 0x2 0x3e 0x2 0x3f 0x2 0x33 0x0 0x3 0x7e 0x85 0x7e 0x88 0x4d 0x80 0x4f 0x80 0xa6 0x82 0xeb 0x7b 0x67 0x70 0x69 0x7b 0xe4 0x18 0x6e 0x0 0x73 0xe7 0x15 0xee 0x0 0x0 0x0 0x0 0x1a 0xb 0x0 0x80 0x0 0xa4 0xa4 0x0 0x4 0xcb 0x5 0x0 0x0
1787979135434,0x1 0x8b 0xd 0x4e 0xa6 0xad 0x67 0xd 0x0 0x0 0xd 0x1a 0x29 0x0 0xb4 0xd 0xc9 0xd 0x73 0x0 0xfe 0x2 0x1 0x3 0x0 0x28 0x65 0x0 0x0 0xa4 0x0 0x8b 0x0 0x8c 0x0 0xa4 0x0 0x9e 0x9e 0x9e 0x9e 0x9e 0x9e 0x3b 0x2 0x3e 0x2 0x39 0x2 0x43 0x2 0x3f 0x2 0x43 0x2 0x39 0x2 0x3f 0x2 0x33 0x0 0x3 0x7d 0x86 0x7e 0x88 0x4d 0x80 0x4f 0x80 0xa6 0x82 0xeb 0x7b 0x69 0x73 0x69 0x7c 0xe8 0x18 0x72 0x0 0x73 0xe7 0x15 0xee 0x0 0x0 0x0 0x0 0x1a 0xc 0x0 0x80 0x0 0xa4 0xa4 0x0 0x4 0xac 0x5 0x0 0x0
1787979135658,0x1 0x8b 0xd 0x4d 0xa6 0xad 0x67 0xd 0x0 0x0 0xd 0x19 0x29 0x0 0xaf 0xd 0xd2 0xd 0x73 0x0 0xff 0x2 0x1 0x3 0x0 0x28 0x65 0x0 0x0 0xa3 0x0 0xa3 0x0 0x8d 0x0 0xa3 0x0 0x9e 0x9e 0x9e 0x9e 0x9e 0x9e 0x37 0x2 0x3f 0x2 0x37 0x2 0x33 0x2 0x39 0x2 0x3f 0x2 0x39 0x2 0x32 0x2 0x33 0x0 0x3 0x7b 0x7d 0x7e 0x7d 0x4d 0x80 0x4f 0x80 0xa6 0x82 0xeb 0x7b 0x69 0x73 0x69 0x7c 0xf4 0x18 0x7e 0x0 0x73 0xe7 0x15 0xee 0x0 0x0 0x0 0x0 0x1a 0xb 0x0 0x80 0x0 0xa4 0xa4 0x0 0x4 0xac 0x5 0x0 0x0
1787979135882,0x1 0x8b 0xd 0x4d 0xa6 0xad 0x67 0xd 0x0 0x0 0xd 0x1b 0x2b 0x0 0x69 0xe 0x7 0xe 0x73 0x0 0xfc 0x2 0x1 0x3 0x0 0x28 0x65 0x0 0x0 0x9d 0x0 0xa5 0x0 0x8d 0x0 0xa3 0x0 0x9c 0x9c 0x9c 0x9c 0x9c 0x9c 0x3a 0x2 0x36 0x2 0x36 0x2 0x32 0x2 0x3b 0x2 0x34 0x2 0x3d 0x2 0x36 0x2 0x33 0x0 0x3 0x7a 0x7c 0x7e 0x7d 0x4d 0x80 0x4f 0x80 0xa6 0x82 0xeb 0x7b 0x69 0x73 0x69 0x7c 0x4 0x19 0x8e 0x0 0x73 0xe7 0x15 0xee 0x0 0x0 0x0 0x0 0x1a 0xb 0x0 0x80 0x0 0xa4 0xa4 0x0 0x4 0xac 0x5 0x0 0x0
1787979136105,0x1 0x8a 0xd 0x4d 0xa6 0xad 0x67 0xd 0x0 0x0 0xd 0x1a 0x2a 0x0 0x13 0xe 0xfe 0xd 0x73 0x0 0xfc 0x2 0x1 0x3 0x0 0x28 0x65 0x0 0x0 0x95 0x0 0xa2 0x0 0x8e 0x0 0xa4 0x0 0x9c 0x9c 0x9c 0x9c 0x9c 0x9c 0x37 0x2 0x2e 0x2 0x37 0x2 0x32 0x2 0x3a 0x2 0x32 0x2 0x3a 0x2 0x32 0x2 0x33 0x0 0x3 0x79 0x7b 0x7e 0x7d 0x4d 0x80 0x4f 0x80 0xa6 0x82 0xeb 0x7b 0x69 0x73 0x69 0x7c 0x14 0x19 0x9e 0x0 0x73 0xe7 0x15 0xee 0x0 0x0 0x0 0x0 0x1a 0xc 0x0 0x80 0x0 0xa4 0xa4 0x0 0x4 0xb9 0x5 0x0 0x0
1787979136330,0x1 0x89 0xd 0x4d 0xa6 0xad 0x67 0xd 0x0 0x0 0xd 0x1a 0x2a 0x0 0x5 0xe 0xfc 0xd 0x73 0x0 0xff 0x2 0x1 0x3 0x0 0x28 0x65 0x0 0x0 0x6e 0x0 0x9e 0x0 0x8e 0x0 0xa4 0x0 0x9e 0x9e 0x9e 0x9e 0x9e 0x9e 0x36 0x2 0x32 0x2 0x38 0x2 0x32 0x2 0x39 0x2 0x30 0x2 0x36 0x2 0x2f 0x2 0x33 0x0 0x3 0x77 0x79 0x7e 0x7d 0x4d 0x80 0x4f 0x80 0xa6 0x82 0xeb 0x7b 0x69 0x73 0x69 0x7c 0x20 0x19 0xaa 0x0 0x73 0xe7 0x15 0xee 0x0 0x0 0x0 0x0 0x1a 0xb 0x0 0x80 0x0 0xa4 0xa4 0x0 0x4 0xcb 0x5 0x0 0x0
1787979136553,0x1 0x8b 0xd 0x4e 0xa6 0xac 0x67 0xd 0x0 0x0 0xd 0x1b 0x2a 0x0 0x2a 0xe 0xc 0xe 0x73 0x0 0xf7 0x2 0x1 0x3 0x0 0x28 0x65 0x0 0x0 0x26 0x0 0x93 0x0 0x8d 0x0 0xa4 0x0 0x99 0x99 0x99 0x99 0x99 0x99 0x47 0x2 0x2e 0x2 0x47 0x2 0x30 0x2 0x4b 0x2 0x30 0x2 0x49 0x2 0x30 0x2 0x33 0x0 0x3 0x80 0x78 0x7f 0x7d 0x4d 0x80 0x4f 0x80 0xa6 0x82 0xeb 0x7b 0x6a 0x74 0x69 0x7d 0x2e 0x19 0xb8 0x0 0x73 0xe7 0x15 0xee 0x0 0x0 0x0 0x0 0x1a 0xb 0x0 0x80 0x0 0xa4 0xa4 0x0 0x4 0xac 0x5 0x0 0x0
1787979136778,0x1 0x8b 0xd 0x4e 0xa6 0xac 0x67 0xd 0x0 0x0 0xd 0x1b 0x2a 0x0 0x9 0xe 0x3 0xe 0x73 0x0 0xfe 0x2 0x1 0x3 0x0 0x28 0x65 0x0 0x0 0x19 0x0 0x5e 0x0 0x8d 0x0 0xa5 0x0 0x9e 0x9e 0x9e 0x9e 0x9e 0x9e 0x47 0x2 0x2b 0x2 0x46 0x2 0x2c 0x2 0x49 0x2 0x2b 0x2 0x49 0x2 0x2b 0x2 0x33 0x0 0x3 0x81 0x77 0x7f 0x7d 0x4d 0x80 0x4f 0x80 0xa6 0x82 0xeb 0x7b 0x6a 0x74 0x69 0x7d 0x44 0x19 0xce 0x0 0x73 0xe7 0x15 0xee 0x0 0x0 0x0 0x0 0x1a 0xb 0x0 0x80 0x0 0xa4 0xa4 0x0 0x4 0xac 0x5 0x0 0x0
1787979137001,0x1 0x89 0xd 0x4d 0xa6 0xac 0x67 0xd 0x0 0x0 0xd 0x1b 0x29 0x0 0xb8 0xd 0xf5 0xd 0x73 0x0 0xfd 0x2 0x1 0x3 0x0 0x28 0x65 0x0 0x0 0x16 0x0 0x26 0x0 0x8c 0x0 0xa5 0x0 0x9d 0x9d 0x9d 0x9d 0x9d 0x9d 0x4b 0x2 0x3b 0x2 0x4a 0x2 0x3b 0x2 0x4d 0x2 0x3b 0x2 0x4a 0x2 0x39 0x2 0x33 0x0 0x3 0x83 0x7f 0x7f 0x7e 0x4d 0x80 0x4f 0x80 0xa6 0x82 0xeb 0x7b 0x6a 0x74 0x6a 0x7d 0x56 0x19 0xe0 0x0 0x73 0xe7 0x15 0xee 0x0 0x0 0x0 0x0 0x1a 0xb 0x0 0x80 0x0 0xa4 0xa4 0x0 0x4 0xcb 0x5 0x0 0x0
1787979137225,0x1 0x8a 0xd 0x4d 0xa6 0xac 0x67 0xd 0x0 0x0 0xd 0x1a 0x29 0x0 0xaf 0xd 0xf6 0xd 0x73 0x0 0xff 0x2 0x1 0x3 0x0 0x28 0x65 0x0 0x0 0x18 0x0 0x18 0x0 0x8b 0x0 0xa5 0x0 0x9e 0x9e 0x9e 0x9e 0x9e 0x9e 0x4d 0x2 0x3d 0x2 0x4e 0x2 0x3e 0x2 0x4d 0x2 0x3c 0x2 0x4d 0x2 0x3d 0x2 0x33 0x0 0x3 0x84 0x81 0x7f 0x7e 0x4d 0x80 0x4f 0x80 0xa6 0x82 0xeb 0x7b 0x6a 0x74 0x6a 0x7d 0x66 0x19 0xf0 0x0 0x73 0xe7 0x15 0xee 0x0 0x0 0x0 0x0 0x1a 0xc 0x0 0x80 0x0 0xa4 0xa4 0x0 0x4 0xb9 0x5 0x0 0x0
1787979137449,0x1 0x8b 0xd 0x4d 0xa6 0xad 0x67 0xd 0x0 0x0 0xd 0x1b 0x2a 0x0 0x13 0xe 0xf7 0xd 0x73 0x0 0xfc 0x2 0x1 0x3 0x0 0x28 0x65 0x0 0x0 0x21 0x0 0x14 0x0 0x8b 0x0 0xa4 0x0 0x9c 0x9c 0x9c 0x9c 0x9c 0x9c 0x4f 0x2 0x3f 0x2 0x4e 0x2 0x3e 0x2 0x4e 0x2 0x3e 0x2 0x50 0x2 0x3f 0x2 0x33 0x0 0x3 0x85 0x82 0x7f 0x7e 0x4d 0x80 0x4f 0x80 0xa6 0x82 0xeb 0x7b 0x69 0x73 0x6a 0x7e 0x74 0x19 0xfe 0x0 0x73 0xe7 0x15 0xee 0x0 0x0 0x0 0x0 0x1a 0xb 0x0 0x80 0x0 0xa4 0xa4 0x0 0x4 0xac 0x5 0x0 0x0
1787979137673,0x1 0x8b 0xd 0x4d 0xa6 0xad 0x67 0xd 0x0 0x0 0xd 0x1a 0x2a 0x0 0xfb 0xd 0xed 0xd 0x73 0x0 0x1 0x3 0x1 0x3 0x0 0x28 0x65 0x0 0x0 0x4a 0x0 0x13 0x0 0x8b 0x0 0xa3 0x0 0x9f 0x9f 0x9f 0x9f 0x9f 0x9f 0x4c 0x2 0x3c 0x2 0x4c 0x2 0x3f 0x2 0x4f 0x2 0x3e 0x2 0x4f 0x2 0x40 0x2 0x33 0x0 0x3 0x86 0x83 0x7f 0x7e 0x4d 0x80 0x4f 0x80 0xa6 0x82 0xeb 0x7b 0x69 0x73 0x6a 0x7e 0x76 0x19 0x0 0x1 0x73 0xe7 0x15 0xee 0x0 0x0 0x0 0x0 0x1a 0xc 0x0 0x80 0x0 0xa4 0xa4 0x0 0x4 0xac 0x5 0x0 0x0
1787979137897,0x1 0x89 0xd 0x4d 0xa6 0xad 0x67 0xd 0x0 0x0 0xd 0x1b 0x2a 0x0 0xe9 0xd 0xcb 0xd 0x73 0x0 0x5 0x3 0x1 0x3 0x0 0x28 0x65 0x0 0x0 0x72 0x0 0x14 0x0 0x8a 0x0 0xa3 0x0 0xa2 0xa2 0xa2 0xa2 0xa2 0xa2 0x4c 0x2 0x41 0x2 0x4f 0x2 0x3f 0x2 0x4d 0x2 0x3b 0x2 0x4c 0x2 0x3c 0x2 0x33 0x0 0x3 0x88 0x85 0x7f 0x7e 0x4d 0x80 0x4f 0x80 0xa6 0x82 0xeb 0x7b 0x69 0x73 0x6b 0x7e 0x76 0x19 0x0 0x1 0x73 0xe7 0x15 0xee 0x0 0x0 0x0 0x0 0x1a 0xc 0x0 0x80 0x0 0xa4 0xa4 0x0 0x4 0xcb 0x5 0x0 0x0
1787979138120,0x1 0x89 0xd 0x4d 0xa6 0xad 0x67 0xd 0x0 0x0 0xd 0x1b 0x2a 0x0 0x5 0xe 0xe3 0xd 0x73 0x0 0xff 0x2 0x1 0x3 0x0 0x28 0x65 0x0 0x0 0x96 0x0 0x18 0x0 0x8a 0x0 0xa3 0x0 0x9e 0x9e 0x9e 0x9e 0x9e 0x9e 0x42 0x2 0x42 0x2 0x3f 0x2 0x44 0x2 0x44 0x2 0x44 0x2 0x41 0x2 0x44 0x2 0x33 0x0 0x3 0x7f 0x86 0x7f 0x7e 0x4d 0x80 0x4f 0x80 0xa6 0x82 0xeb 0x7b 0x69 0x73 0x6b 0x7e 0x80 0x19 0xa 0x1 0x73 0xe7 0x15 0xee 0x0 0x0 0x0 0x0 0x1a 0xc 0x0 0x80 0x0 0xa4 0xa4 0x0 0x4 0xcb 0x5 0x0 0x0
1787979138345,0x1 0x8b 0xd 0x4d 0xa6 0xad 0x67 0xd 0x0 0x0 0xd 0x1b 0x2b 0x0 0x34 0xe 0x27 0xe 0x73 0x0 0x7 0x3 0x1 0x3 0x0 0x28 0x65 0x0 0x0 0xa3 0x0 0x29 0x0 0x8b 0x0 0xa2 0x0 0xa2 0xa2 0xa2 0xa2 0xa2 0xa2 0x45 0x2 0x4b 0x2 0x47 0x2 0x4d 0x2 0x47 0x2 0x4d 0x2 0x45 0x2 0x4d 0x2 0x33 0x0 0x3 0x7d 0x87 0x7f 0x7e 0x4d 0x80 0x4f 0x80 0xa6 0x82 0xeb 0x7b 0x6a 0x74 0x6b 0x7f 0x80 0x19 0xa 0x1 0x73 0xe7 0x15 0xee 0x0 0x0 0x0 0x0 0x1a 0xc 0x0 0x80 0x0 0xa4 0xa4 0x0 0x4 0xac 0x5 0x0 0x0
1787979138569,0x1 0x8b 0xd 0x4d 0xa6 0xad 0x67 0xd 0x0 0x0 0xd 0x1b 0x2a 0x0 0xf7 0xd 0xfd 0xd 0x73 0x0 0x2 0x3 0x1 0x3 0x0 0x28 0x65 0x0 0x0 0xa1 0x0 0x5e 0x0 0x8c 0x0 0xa1 0x0 0xa0 0xa0 0xa0 0xa0 0xa0 0xa0 0x3f 0x2 0x49 0x2 0x3d 0x2 0x4e 0x2 0x44 0x2 0x4c 0x2 0x3d 0x2 0x4b 0x2 0x33 0x0 0x3 0x7c 0x89 0x7f 0x7e 0x4d 0x80 0x4f 0x80 0xa6 0x82 0xeb 0x7b 0x6a 0x74 0x6b 0x7f 0x84 0x19 0xe 0x1 0x73 0xe7 0x15 0xee 0x0 0x0 0x0 0x0 0x1a 0xc 0x0 0x80 0x0 0xa4 0xa4 0x0 0x4 0xac 0x5 0x0 0x0
1787979138793,0x1 0x89 0xd 0x4d 0xa6 0xad 0x67 0xd 0x0 0x0 0xd 0x1b 0x2a 0x0 0xf7 0xd 0xf7 0xd 0x73 0x0 0x2 0x3 0x1 0x3 0x0 0x28 0x65 0x0 0x0 0x9d 0x0 0x95 0x0 0x8c 0x0 0xa1 0x0 0xa0 0xa0 0xa0 0xa0 0xa0 0xa0 0x39 0x2 0x48 0x2 0x39 0x2 0x4b 0x2 0x3d 0x2 0x4c 0x2 0x3b 0x2 0x4c 0x2 0x33 0x0 0x3 0x7b 0x89 0x7f 0x7e 0x4d 0x80 0x4f 0x80 0xa6 0x82 0xeb 0x7b 0x6a 0x74 0x6b 0x7f 0x8a 0x19 0x14 0x1 0x73 0xe7 0x15 0xee 0x0 0x0 0x0 0x0 0x1a 0xb 0x0 0x80 0x0 0xa4 0xa4 0x0 0x4 0xcb 0x5 0x0 0x0
1787979139016,0x1 0x89 0xd 0x4d 0xa6 0xac 0x67 0xd 0x0 0x0 0xd 0x1b 0x2a 0x0 0xf2 0xd 0x2 0xe 0x73 0x0 0x3 0x3 0x1 0x3 0x0 0x28 0x65 0x0 0x0 0x92 0x0 0xa6 0x0 0x8d 0x0 0xa1 0x0 0xa1 0xa1 0xa1 0xa1 0xa1 0xa1 0x3b 0x2 0x3c 0x2 0x3c 0x2 0x40 0x2 0x3d 0x2 0x3f 0x2 0x39 0x2 0x3c 0x2 0x33 0x0 0x3 0x79 0x80 0x7f 0x80 0x4d 0x80 0x4f 0x80 0xa6 0x82 0xeb 0x7b 0x6a 0x74 0x6b 0x7f 0x90 0x19 0x1a 0x1 0x73 0xe7 0x15 0xee 0x0 0x0 0x0 0x0 0x1a 0xb 0x0 0x80 0x0 0xa4 0xa4 0x0 0x4 0xcb 0x5 0x0 0x0
1787979139240,0x1 0x8b 0xd 0x4d 0xa6 0xac 0x67 0xd 0x0 0x0 0xd 0x1c 0x2b 0x0 0x69 0xe 0x2f 0xe 0x73 0x0 0xfc 0x2 0x1 0x3 0x0 0x28 0x65 0x0 0x0 0x5f 0x0 0xa9 0x0 0x8c 0x0 0xa2 0x0 0x9c 0x9c 0x9c 0x9c 0x9c 0x9c 0x39 0x2 0x3a 0x2 0x39 0x2 0x40 0x2 0x3e 0x2 0x3e 0x2 0x3e 0x2 0x42 0x2 0x33 0x0 0x3 0x78 0x7f 0x7f 0x80 0x4d 0x80 0x4f 0x80 0xa6 0x82 0xeb 0x7b 0x6a 0x74 0x6b 0x7f 0xa4 0x19 0x2e 0x1 0x73 0xe7 0x15 0xee 0x0 0x0 0x0 0x0 0x1a 0xb 0x0 0x80 0x0 0xa4 0xa4 0x0 0x4 0xac 0x5 0x0 0x0
1787979139464,0x1 0x8b 0xd 0x4d 0xa6 0xac 0x67 0xd 0x0 0x0 0xd 0x1b 0x2a 0x0 0x5 0xe 0x18 0xe 0x73 0x0 0xff 0x2 0x1 0x3 0x0 0x28 0x65 0x0 0x0 0x28 0x0 0xa8 0x0 0x8c 0x0 0xa4 0x0 0x9e 0x9e 0x9e 0x9e 0x9e 0x9e 0x4c 0x2 0x3c 0x2 0x49 0x2 0x3f 0x2 0x4d 0x2 0x3e 0x2 0x4c 0x2 0x3c 0x2 0x33 0x0 0x3 0x81 0x7e 0x80 0x80 0x4d 0x80 0x4f 0x80 0xa6 0x82 0xeb 0x7b 0x6a 0x74 0x6b 0x80 0xae 0x19 0x38 0x1 0x73 0xe7 0x15 0xee 0x0 0x0 0x0 0x0 0x1a 0xb 0x0 0x80 0x0 0xa4 0xa4 0x0 0x4 0xac 0x5 0x0 0x0
1787979139688,0x1 0x8a 0xd 0x4d 0xa6 0xac 0x67 0xd 0x0 0x0 0xd 0x1b 0x2b 0x0 0x64 0xe 0x20 0xe 0x73 0x0 0xfd 0x2 0x1 0x3 0x0 0x28 0x65 0x0 0x0 0x17 0x0 0xa4 0x0 0x8b 0x0 0xa6 0x0 0x9d 0x9d 0x9d 0x9d 0x9d 0x9d 0x44 0x2 0x34 0x2 0x4c 0x2 0x3a 0x2 0x49 0x2 0x31 0x2 0x4f 0x2 0x3a 0x2 0x33 0x0 0x3 0x82 0x7d 0x80 0x80 0x4d 0x80 0x4f 0x80 0xa6 0x82 0xeb 0x7b 0x6a 0x74 0x6b 0x80 0xb2 0x19 0x3c 0x1 0x73 0xe7 0x15 0xee 0x0 0x0 0x0 0x0 0x1a 0xc 0x0 0x80 0x0 0xa4 0xa4 0x0 0x4 0xb9 0x5 0x0 0x0
1787979139912,0x1 0x8a 0xd 0x4d 0xa6 0xac 0x67 0xd 0x0 0x0 0xd 0x1b 0x2a 0x0 0x9 0xe 0xfe 0xd 0x73 0x0 0xfe 0x2 0x1 0x3 0x0 0x28 0x65 0x0 0x0 0x15 0x0 0xa0 0x0 0x8b 0x0 0xa7 0x0 0x9e 0x9e 0x9e 0x9e 0x9e 0x9e 0x4d 0x2 0x2f 0x2 0x49 0x2 0x32 0x2 0x4c 0x2 0x33 0x2 0x4d 0x2 0x33 0x2 0x33 0x0 0x3 0x83 0x7b 0x80 0x80 0x4d 0x80 0x4f 0x80 0xa6 0x82 0xeb 0x7b 0x6a 0x74 0x6a 0x80 0xb6 0x19 0x40 0x1 0x73 0xe7 0x15 0xee 0x0 0x0 0x0 0x0 0x1a 0xb 0x0 0x80 0x0 0xa4 0xa4 0x0 0x4 0xb9 0x5 0x0 0x0
1787979140136,0x1 0x8a 0xd 0x4d 0xa6 0xac 0x67 0xd 0x0 0x0 0xd 0x1a 0x2a 0x0 0x17 0xe 0xa 0xe 0x73 0x0 0xfb 0x2 0x1 0x3 0x0 0x28 0x65 0x0 0x0 0x16 0x0 0x98 0x0 0x8a 0x0 0xa7 0x0 0x9c 0x9c 0x9c 0x9c 0x9c 0x9c 0x52 0x2 0x31 0x2 0x50 0x2 0x34 0x2 0x50 0x2 0x33 0x2 0x50 0x2 0x31 0x2 0x33 0x0 0x3 0x85 0x7a 0x80 0x80 0x4d 0x80 0x4f 0x80 0xa6 0x82 0xeb 0x7b 0x6a 0x74 0x6a 0x80 0xc4 0x19 0x4e 0x1 0x73 0xe7 0x15 0xee 0x0 0x0 0x0 0x0 0x1a 0xb 0x0 0x80 0x0 0xa4 0xa4 0x0 0x4 0xb9 0x5 0x0 0x0
1787979140359,0x1 0x8b 0xd 0x4d 0xa6 0xac 0x67 0xd 0x0 0x0 0xd 0x1c 0x2a 0x0 0x2f 0xe 0xd 0xe 0x73 0x0 0xf6 0x2 0x1 0x3 0x0 0x28 0x65 0x0 0x0 0x1a 0x0 0x6c 0x0 0x89 0x0 0xa7 0x0 0x98 0x98 0x98 0x98 0x98 0x98 0x4b 0x2 0x2c 0x2 0x4f 0x2 0x2f 0x2 0x54 0x2 0x32 0x2 0x56 0x2 0x32 0x2 0x33 0x0 0x3 0x86 0x79 0x80 0x80 0x4d 0x80 0x4f 0x80 0xa6 0x82 0xeb 0x7b 0x6a 0x74 0x6a 0x81 0xd8 0x19 0x62 0x1 0x73 0xe7 0x15 0xee 0x0 0x0 0x0 0x0 0x1a 0xb 0x0 0x80 0x0 0xa4 0xa4 0x0 0x4 0xac 0x5 0x0 0x0
1787979140584,0x1 0x8b 0xd 0x4d 0xa6 0xac 0x67 0xd 0x0 0x0 0xd 0x1b 0x2b 0x0 0x47 0xe 0xfd 0xd 0x73 0x0 0x3 0x3 0x1 0x3 0x0 0x28 0x65 0x0 0x0 0x34 0x0 0x2c 0x0 0x89 0x0 0xa7 0x0 0xa1 0xa1 0xa1 0xa1 0xa1 0xa1 0x51 0x2 0x3c 0x2 0x54 0x2 0x3f 0x2 0x53 0x2 0x39 0x2 0x53 0x2 0x3c 0x2 0x33 0x0 0x3 0x87 0x81 0x80 0x81 0x4d 0x80 0x4f 0x80 0xa6 0x82 0xeb 0x7b 0x6a 0x74 0x6a 0x81 0xe2 0x19 0x6c 0x1 0x73 0xe7 0x15 0xee 0x0 0x0 0x0 0x0 0x1a 0xc 0x0 0x80 0x0 0xa4 0xa4 0x0 0x4 0xac 0x5 0x0 0x0
1787979140808,0x1 0x8a 0xd 0x4d 0xa6 0xac 0x67 0xd 0x0 0x0 0xd 0x1a 0x2a 0x0 0x5 0xe 0x13 0xe 0x73 0x0 0xff 0x2 0x1 0x3 0x0 0x28 0x65 0x0 0x0 0x78 0x0 0x19 0x0 0x88 0x0 0xa6 0x0 0x9e 0x9e 0x9e 0x9e 0x9e 0x9e 0x5a 0x2 0x41 0x2 0x59 0x2 0x43 0x2 0x4b 0x2 0x43 0x2 0x4b 0x2 0x43 0x2 0x33 0x0 0x3 0x81 0x82 0x80 0x81 0x4d 0x80 0x4f 0x80 0xa6 0x82 0xeb 0x7b 0x6a 0x74 0x6a 0x81 0xf2 0x19 0x7c 0x1 0x73 0xe7 0x15 0xee 0x0 0x0 0x0 0x0 0x1a 0xc 0x0 0x80 0x0 0xa4 0xa4 0x0 0x4 0xb9 0x5 0x0 0x0
1787979141032,0x1 0x8b 0xd 0x4d 0xa6 0xac 0x67 0xd 0x0 0x0 0xd 0x1b 0x2a 0x0 0xed 0xd 0xf3 0xd 0x73 0x0 0x4 0x3 0x1 0x3 0x0 0x28 0x65 0x0 0x0 0x9b 0x0 0x14 0x0 0x89 0x0 0xa5 0x0 0xa1 0xa1 0xa1 0xa1 0xa1 0xa1 0x40 0x2 0x3e 0x2 0x43 0x2 0x40 0x2 0x46 0x2 0x40 0x2 0x41 0x2 0x3e 0x2 0x33 0x0 0x3 0x7f 0x84 0x80 0x81 0x4d 0x80 0x4f 0x80 0xa6 0x82 0xeb 0x7b 0x6a 0x74 0x6a 0x81 0xf0 0x19 0x7a 0x1 0x73 0xe7 0x15 0xee 0x0 0x0 0x0 0x0 0x1a 0xc 0x0 0x80 0x0 0xa4 0xa4 0x0 0x4 0xac 0x5 0x0 0x0
1787979141255,0x1 0x8b 0xd 0x4d 0xa6 0xac 0x67 0xd 0x0 0x0 0xd 0x1b 0x2a 0x0 0xe 0xe 0x3 0xe 0x73 0x0 0xfd 0x2 0x1 0x3 0x0 0x28 0x65 0x0 0x0 0xa0 0x0 0x12 0x0 0x89 0x0 0xa5 0x0 0x9c 0x9c 0x9c 0x9c 0x9c 0x9c 0x43 0x2 0x43 0x2 0x43 0x2 0x46 0x2 0x47 0x2 0x45 0x2 0x43 0x2 0x46 0x2 0x33 0x0 0x3 0x7e 0x85 0x80 0x81 0x4d 0x80 0x4f 0x80 0xa6 0x82 0xeb 0x7b 0x6a 0x74 0x6a 0x81 0xfc 0x19 0x86 0x1 0x73 0xe7 0x15 0xee 0x0 0x0 0x0 0x0 0x1a 0xb 0x0 0x80 0x0 0xa4 0xa4 0x0 0x4 0xac 0x5 0x0 0x0
1787979141479,0x1 0x8b 0xd 0x4d 0xa6 0xac 0x67 0xd 0x0 0x0 0xd 0x1b 0x2a 0x0 0xf2 0xd 0xe7 0xd 0x73 0x0 0x3 0x3 0x1 0x3 0x0 0x28 0x65 0x0 0x0 0x9d 0x0 0x13 0x0 0x8a 0x0 0xa4 0x0 0xa1 0xa1 0xa1 0xa1 0xa1 0xa1 0x3c 0x2 0x49 0x2 0x40 0x2 0x46 0x2 0x3f 0x2 0x44 0x2 0x3c 0x2 0x43 0x2 0x33 0x0 0x3 0x7d 0x86 0x80 0x81 0x4d 0x80 0x4f 0x80 0xa6 0x82 0xeb 0x7b 0x6a 0x74 0x6a 0x82 0xfc 0x19 0x86 0x1 0x73 0xe7 0x15 0xee 0x0 0x0 0x0 0x0 0x1a 0xb 0x0 0x80 0x0 0xa4 0xa4 0x0 0x4 0xac 0x5 0x0 0x0
1787979141703,0x1 0x89 0xd 0x4d 0xa6 0xac 0x67 0xd 0x0 0x0 0xd 0x1b 0x2a 0x0 0x17 0xe 0x15 0xe 0x73 0x0 0xfb 0x2 0x1 0x3 0x0 0x28 0x65 0x0 0x0 0x99 0x0 0x18 0x0 0x8a 0x0 0xa3 0x0 0x9b 0x9b 0x9b 0x9b 0x9b 0x9b 0x3e 0x2 0x4b 0x2 0x41 0x2 0x46 0x2 0x3f 0x2 0x48 0x2 0x41 0x2 0x4c 0x2 0x33 0x0 0x3 0x7b 0x87 0x80 0x81 0x4d 0x80 0x4f 0x80 0xa6 0x82 0xeb 0x7b 0x6a 0x74 0x6a 0x82 0x4 0x1a 0x8e 0x1 0x73 0xe7 0x15 0xee 0x0 0x0 0x0 0x0 0x1a 0xc 0x0 0x80 0x0 0xa4 0xa4 0x0 0x4 0xcb 0x5 0x0 0x0
1787979141927,0x1 0x89 0xd 0x4d 0xa6 0xac 0x67 0xd 0x0 0x0 0xd 0x1b 0x2a 0x0 0xed 0xd 0x1b 0xe 0x73 0x0 0x4 0x3 0x1 0x3 0x0 0x28 0x65 0x0 0x0 0x8f 0x0 0x32 0x0 0x8a 0x0 0xa2 0x0 0xa1 0xa1 0xa1 0xa1 0xa1 0xa1 0x40 0x2 0x51 0x2 0x43 0x2 0x53 0x2 0x40 0x2 0x4f 0x2 0x3e 0x2 0x4f 0x2 0x33 0x0 0x3 0x7a 0x89 0x80 0x81 0x4d 0x80 0x4f 0x80 0xa6 0x82 0xeb 0x7b 0x6a 0x74 0x6a 0x82 0x14 0x1a 0x9e 0x1 0x73 0xe7 0x15 0xee 0x0 0x0 0x0 0x0 0x1a 0xb 0x0 0x80 0x0 0xa4 0xa4 0x0 0x4 0xcb 0x5 0x0 0x0
1787979142151,0x1 0x8b 0xd 0x4d 0xa6 0xac 0x67 0xd 0x0 0x0 0xd 0x1b 0x2b 0x0 0x69 0xe 0x13 0xe 0x73 0x0 0xfc 0x2 0x1 0x3 0x0 0x28 0x65 0x0 0x0 0x57 0x0 0x79 0x0 0x8a 0x0 0xa1 0x0 0x9c 0x9c 0x9c 0x9c 0x9c 0x9c 0x39 0x2 0x4e 0x2 0x3a 0x2 0x4d 0x2 0x3a 0x2 0x50 0x2 0x3a 0x2 0x50 0x2 0x33 0x0 0x3 0x79 0x8a 0x80 0x81 0x4d 0x80 0x4f 0x80 0xa6 0x82 0xeb 0x7b 0x6a 0x74 0x6a 0x82 0x12 0x1a 0x9c 0x1 0x73 0xe7 0x15 0xee 0x0 0x0 0x0 0x0 0x1a 0xc 0x0 0x80 0x0 0xa4 0xa4 0x0 0x4 0xac 0x5 0x0 0x0
1787979142376,0x1 0x8b 0xd 0x4d 0xa6 0xac 0x67 0xd 0x0 0x0 0xd 0x1a 0x2a 0x0 0xf7 0xd 0x9 0xe 0x73 0x0 0x2 0x3 0x1 0x3 0x0 0x28 0x65 0x0 0x0 0x23 0x0 0x9e 0x0 0x8a 0x0 0xa1 0x0 0xa0 0xa0 0xa0 0xa0 0xa0 0xa0 0x4b 0x2 0x4f 0x2 0x49 0x2 0x51 0x2 0x49 0x2 0x53 0x2 0x49 0x2 0x41 0x2 0x33 0x0 0x3 0x81 0x82 0x80 0x81 0x4d 0x80 0x4f 0x80 0xa6 0x82 0xeb 0x7b 0x6a 0x74 0x6a 0x81 0x1a 0x1a 0xa4 0x1 0x73 0xe7 0x15 0xee 0x0 0x0 0x0 0x0 0x1a 0xb 0x0 0x80 0x0 0xa4 0xa4 0x0 0x4 0xac 0x5 0x0 0x0
1787979142600,0x1 0x89 0xd 0x4d 0xa6 0xac 0x67 0xd 0x0 0x0 0xd 0x1a 0x2a 0x0 0xe0 0xd 0xe5 0xd 0x73 0x0 0x7 0x3 0x1 0x3 0x0 0x28 0x65 0x0 0x0 0x13 0x0 0xa8 0x0 0x89 0x0 0xa1 0x0 0xa2 0xa2 0xa2 0xa2 0xa2 0xa2 0x45 0x2 0x38 0x2 0x45 0x2 0x3b 0x2 0x46 0x2 0x3a 0x2 0x45 0x2 0x38 0x2 0x33 0x0 0x3 0x83 0x81 0x80 0x81 0x4d 0x80 0x4f 0x80 0xa6 0x82 0xeb 0x7b 0x6a 0x74 0x6a 0x81 0x1a 0x1a 0xa4 0x1 0x73 0xe7 0x15 0xee 0x0 0x0 0x0 0x0 0x1a 0xc 0x0 0x80 0x0 0xa4 0xa4 0x0 0x4 0xcb 0x5 0x0 0x0
1787979142823,0x1 0x89 0xd 0x4d 0xa6 0xac 0x67 0xd 0x0 0x0 0xd 0x1b 0x2a 0x0 0xed 0xd 0x17 0xe 0x73 0x0 0x4 0x3 0x1 0x3 0x0 0x28 0x65 0x0 0x0 0x10 0x0 0xa8 0x0 0x89 0x0 0xa3 0x0 0xa2 0xa2 0xa2 0xa2 0xa2 0xa2 0x4c 0x2 0x3b 0x2 0x50 0x2 0x3e 0x2 0x50 0x2 0x39 0x2 0x50 0x2 0x3c 0x2 0x33 0x0 0x3 0x84 0x7f 0x80 0x81 0x4d 0x80 0x4f 0x80 0xa6 0x82 0xeb 0x7b 0x6a 0x74 0x6a 0x81 0x1c 0x1a 0xa6 0x1 0x73 0xe7 0x15 0xee 0x0 0x0 0x0 0x0 0x1a 0xc 0x0 0x80 0x0 0xa4 0xa4 0x0 0x4 0xcb 0x5 0x0 0x0
1787979143048,0x1 0x8b 0xd 0x4d 0xa6 0xac 0x67 0xd 0x0 0x0 0xd 0x1b 0x2b 0x0 0x51 0xe 0x3a 0xe 0x73 0x0 0x1 0x3 0x1 0x3 0x0 0x28 0x65 0x0 0x0 0x10 0x0 0xa5 0x0 0x88 0x0 0xa5 0x0 0x9f 0x9f 0x9f 0x9f 0x9f 0x9f 0x58 0x2 0x3a 0x2 0x50 0x2 0x3f 0x2 0x56 0x2 0x40 0x2 0x58 0x2 0x40 0x2 0x33 0x0 0x3 0x85 0x7e 0x80 0x81 0x4d 0x80 0x4f 0x80 0xa6 0x82 0xeb 0x7b 0x6a 0x74 0x6b 0x81 0x1e 0x1a 0xa8 0x1 0x73 0xe7 0x15 0xee 0x0 0x0 0x0 0x0 0x1a 0xc 0x0 0x80 0x0 0xa4 0xa4 0x0 0x4 0xac 0x5 0x0 0x0
1787979143271,0x1 0x8b 0xd 0x4d 0xa6 0xac 0x67 0xd 0x0 0x0 0xd 0x1c 0x2b 0x0 0x55 0xe 0x37 0xe 0x73 0x0 0x0 0x3 0x1 0x3 0x0 0x28 0x65 0x0 0x0 0x13 0x0 0x9e 0x0 0x87 0x0 0xa6 0x0 0x9f 0x9f 0x9f 0x9f 0x9f 0x9f 0x57 0x2 0x3a 0x2 0x58 0x2 0x3c 0x2 0x56 0x2 0x3b 0x2 0x59 0x2 0x3c 0x2 0x33 0x0 0x3 0x87 0x7d 0x80 0x81 0x4d 0x80 0x4f 0x80 0xa6 0x82 0xeb 0x7b 0x6a 0x74 0x6b 0x81 0x20 0x1a 0xaa 0x1 0x73 0xe7 0x15 0xee 0x0 0x0 0x0 0x0 0x1a 0xc 0x0 0x80 0x0 0xa4 0xa4 0x0 0x4 0xac 0x5 0x0 0x0
1787979143494,0x1 0x89 0xd 0x4d 0xa6 0xac 0x67 0xd 0x0 0x0 0xd 0x1b 0x2b 0x0 0x4c 0xe 0xf 0xe 0x73 0x0 0x2 0x3 0x1 0x3 0x0 0x28 0x65 0x0 0x0 0x1e 0x0 0x9b 0x0 0x87 0x0 0xa6 0x0 0xa0 0xa0 0xa0 0xa0 0xa0 0xa0 0x54 0x2 0x32 0x2 0x52 0x2 0x34 0x2 0x55 0x2 0x35 0x2 0x56 0x2 0x35 0x2 0x33 0x0 0x3 0x88 0x7b 0x80 0x81 0x4d 0x80 0x4f 0x80 0xa6 0x82 0xeb 0x7b 0x6a 0x74 0x6b 0x82 0x24 0x1a 0xae 0x1 0x73 0xe7 0x15 0xee 0x0 0x0 0x0 0x0 0x1a 0xb 0x0 0x80 0x0 0xa4 0xa4 0x0 0x4 0xcb 0x5 0x0 0x0
1787979143720,0x1 0x89 0xd 0x4d 0xa6 0xac 0x67 0xd 0x0 0x0 0xd 0x1c 0x2b 0x0 0x42 0xe 0x8 0xe 0x73 0x0 0x4 0x3 0x1 0x3 0x0 0x28 0x65 0x0 0x0 0x62 0x0 0x97 0x0 0x86 0x0 0xa6 0x0 0xa1 0xa1 0xa1 0xa1 0xa1 0xa1 0x55 0x2 0x2f 0x2 0x58 0x2 0x30 0x2 0x53 0x2 0x2e 0x2 0x58 0x2 0x30 0x2 0x33 0x0 0x3 0x89 0x7a 0x80 0x81 0x4d 0x80 0x4f 0x80 0xa6 0x82 0xeb 0x7b 0x6a 0x74 0x6b 0x82 0x1e 0x1a 0xa8 0x1 0x73 0xe7 0x15 0xee 0x0 0x0 0x0 0x0 0x1a 0xc 0x0 0x80 0x0 0xa4 0xa4 0x0 0x4 0xcb 0x5 0x0 0x0
1787979143943,0x1 0x8b 0xd 0x4d 0xa6 0xac 0x67 0xd 0x0 0x0 0xd 0x1a 0x2a 0x0 0x0 0xe 0x5 0xe 0x73 0x0 0x0 0x3 0x1 0x3 0x0 0x28 0x65 0x0 0x0 0x96 0x0 0x73 0x0 0x86 0x0 0xa6 0x0 0x9f 0x9f 0x9f 0x9f 0x9f 0x9f 0x47 0x2 0x2d 0x2 0x46 0x2 0x2c 0x2 0x48 0x2 0x2e 0x2 0x48 0x2 0x2e 0x2 0x33 0x0 0x3 0x81 0x79 0x81 0x81 0x4d 0x80 0x4f 0x80 0xa6 0x82 0xeb 0x7b 0x6a 0x74 0x6b 0x82 0x1e 0x1a 0xa8 0x1 0x73 0xe7 0x15 0xee 0x0 0x0 0x0 0x0 0x1a 0xc 0x0 0x80 0x0 0xa4 0xa4 0x0 0x4 0xac 0x5 0x0 0x0
