1787980487456,0x1 0x8a 0xd 0x58 0x9d 0x81 0x83 0xd 0x0 0x0 0xd 0x26 0x38 0x0 0xbd 0xf 0x8c 0xf 0x73 0x12 0x8f 0x3 0xaa 0x2 0x0 0x28 0x65 0x1 0x0 0x12 0x0 0x17 0x0 0x58 0x0 0x57 0x0 0xae 0xae 0xae 0xae 0xae 0xae 0x49 0x2 0x46 0x2 0x4b 0x2 0x47 0x2 0x49 0x2 0x47 0x2 0x4b 0x2 0x49 0x2 0x33 0x0 0x3 0x7d 0x81 0x7a 0x7c 0x4d 0x80 0x4f 0x80 0xa6 0x82 0xeb 0x7b 0x73 0x7d 0x0 0x0 0x6f 0x27 0xe8 0xfd 0x29 0xe8 0x15 0xee 0x0 0x0 0x0 0x0 0xff 0xf 0x0 0x80 0x0 0xa4 0xa4 0x0 0x4 0xb9 0x5 0x0 0x0
1787980487680,0x1 0x8a 0xd 0x58 0x9d 0x81 0x83 0xd 0x0 0x0 0xd 0x25 0x36 0x0 0x6e 0xf 0x8c 0xf 0x73 0x12 0x80 0x3 0xaa 0x2 0x0 0x28 0x65 0x1 0x0 0x12 0x0 0x16 0x0 0x57 0x0 0x58 0x0 0xad 0xad 0xad 0xad 0xad 0xad 0x50 0x2 0x4a 0x2 0x4c 0x2 0x4c 0x2 0x50 0x2 0x4e 0x2 0x50 0x2 0x4e 0x2 0x33 0x0 0x3 0x7e 0x83 0x7a 0x7c 0x4d 0x80 0x4f 0x80 0xa6 0x82 0xeb 0x7b 0x73 0x7d 0x0 0x0 0x6f 0x27 0xe8 0xfd 0x29 0xe8 0x15 0xee 0x0 0x0 0x0 0x0 0xff 0xf 0x0 0x80 0x0 0xa4 0xa4 0x0 0x4 0xb9 0x5 0x0 0x0
1787980487903,0x1 0x8b 0xd 0x58 0x9d 0x81 0x83 0xd 0x0 0x0 0xd 0x25 0x37 0x0 0xa1 0xf 0x98 0xf 0x73 0x12 0x85 0x3 0xaa 0x2 0x0 0x28 0x65 0x1 0x0 0x12 0x0 0x16 0x0 0x58 0x0 0x58 0x0 0xae 0xae 0xae 0xae 0xae 0xae 0x54 0x2 0x52 0x2 0x52 0x2 0x51 0x2 0x53 0x2 0x50 0x2 0x53 0x2 0x51 0x2 0x33 0x0 0x3 0x7f 0x84 0x7a 0x7c 0x4d 0x80 0x4f 0x80 0xa6 0x82 0xeb 0x7b 0x73 0x7d 0x0 0x0 0x6f 0x27 0xe8 0xfd 0x29 0xe8 0x15 0xee 0x0 0x0 0x0 0x0 0xff 0xd 0x0 0x80 0x0 0xa4 0xa4 0x0 0x4 0xac 0x5 0x0 0x0
1787980488128,0x1 0x8c 0xd 0x58 0x9d 0x81 0x83 0xd 0x0 0x0 0xd 0x26 0x38 0x0 0xee 0xf 0x96 0xf 0x73 0x11 0x84 0x3 0xaa 0x2 0x0 0x28 0x65 0x1 0x0 0x12 0x0 0x16 0x0 0x58 0x0 0x58 0x0 0xae 0xae 0xae 0xae 0xae 0xae 0x57 0x2 0x54 0x2 0x56 0x2 0x55 0x2 0x58 0x2 0x56 0x2 0x57 0x2 0x55 0x2 0x33 0x0 0x3 0x86 0x8a 0x7f 0x82 0x4d 0x80 0x4f 0x80 0xa6 0x82 0xeb 0x7b 0x71 0x7b 0x0 0x0 0x6f 0x27 0xe8 0xfd 0x29 0xe8 0x15 0xee 0x0 0x0 0x0 0x0 0xff 0xf 0xdd 0x7a 0x0 0xa4 0xa4 0x0 0x4 0x9f 0x5 0x0 0x0
1787980488352,0x1 0x8b 0xd 0x58 0x9d 0x81 0x83 0xd 0x0 0x0 0xd 0x25 0x38 0x0 0xfb 0xf 0xa3 0xf 0x73 0x11 0x81 0x3 0xaa 0x2 0x0 0x28 0x65 0x1 0x0 0x12 0x0 0x19 0x0 0x57 0x0 0x58 0x0 0xad 0xad 0xad 0xad 0xad 0xad 0x5a 0x2 0x59 0x2 0x55 0x2 0x54 0x2 0x58 0x2 0x58 0x2 0x5b 0x2 0x59 0x2 0x33 0x0 0x3 0x87 0x8c 0x7f 0x82 0x4d 0x80 0x4f 0x80 0xa6 0x82 0xeb 0x7b 0x71 0x7b 0x0 0x0 0x6f 0x27 0xe8 0xfd 0x29 0xe8 0x15 0xee 0x0 0x0 0x0 0x0 0xff 0xf 0xdd 0x7a 0x0 0xa4 0xa4 0x0 0x4 0xac 0x5 0x0 0x0
1787980488576,0x1 0x8a 0xd 0x58 0x9d 0x81 0x83 0xd 0x0 0x0 0xd 0x26 0x39 0x0 0x61 0x10 0xdc 0xf 0x73 0x11 0x7b 0x3 0xaa 0x2 0x0 0x28 0x65 0x1 0x0 0x14 0x0 0x2d 0x0 0x57 0x0 0x57 0x0 0xae 0xae 0xae 0xae 0xae 0xae 0x61 0x2 0x60 0x2 0x64 0x2 0x64 0x2 0x66 0x2 0x65 0x2 0x67 0x2 0x65 0x2 0x33 0x0 0x3 0x88 0x8d 0x7f 0x82 0x4d 0x80 0x4f 0x80 0xa6 0x82 0xeb 0x7b 0x71 0x7b 0x0 0x0 0x6f 0x27 0xe8 0xfd 0x29 0xe8 0x15 0xee 0x0 0x0 0x0 0x0 0xff 0xd 0xdd 0x7a 0x0 0xa4 0xa4 0x0 0x4 0xb9 0x5 0x0 0x0
1787980488800,0x1 0x8a 0xd 0x57 0x9d 0x81 0x83 0xd 0x0 0x0 0xd 0x25 0x37 0x0 0xed 0xf 0xe6 0xf 0x73 0x11 0x74 0x3 0xaa 0x2 0x0 0x28 0x65 0x1 0x0 0x14 0x0 0x6c 0x0 0x58 0x0 0x57 0x0 0xad 0xad 0xad 0xad 0xad 0xad 0x6c 0x2 0x69 0x2 0x6c 0x2 0x69 0x2 0x6a 0x2 0x69 0x2 0x6c 0x2 0x6a 0x2 0x33 0x0 0x3 0x8a 0x8e 0x7f 0x82 0x4d 0x80 0x4f 0x80 0xa6 0x82 0xeb 0x7b 0x71 0x7b 0x0 0x0 0x6f 0x27 0xe8 0xfd 0x29 0xe8 0x15 0xee 0x0 0x0 0x0 0x0 0xff 0xd 0xdd 0x7a 0x0 0xa4 0xa4 0x0 0x4 0xb9 0x5 0x0 0x0
1787980489023,0x1 0x8b 0xd 0x57 0x9d 0x81 0x83 0xd 0x0 0x0 0xd 0x25 0x37 0x0 0x0 0x10 0x5 0x10 0x73 0x11 0x70 0x3 0xaa 0x2 0x0 0x28 0x65 0x1 0x0 0x16 0x0 0x87 0x0 0x57 0x0 0x58 0x0 0xae 0xae 0xae 0xae 0xae 0xae 0x74 0x2 0x70 0x2 0x74 0x2 0x71 0x2 0x75 0x2 0x71 0x2 0x74 0x2 0x70 0x2 0x33 0x0 0x3 0x8b 0x8f 0x7f 0x82 0x4d 0x80 0x4f 0x80 0xa6 0x82 0xeb 0x7b 0x73 0x7d 0x0 0x0 0x6f 0x27 0xe8 0xfd 0x29 0xe8 0x15 0xee 0x0 0x0 0x0 0x0 0xff 0xe 0xdd 0x7a 0x0 0xa4 0xa4 0x0 0x4 0xac 0x5 0x0 0x0
1787980489247,0x1 0x8b 0xd 0x57 0x9d 0x81 0x83 0xd 0x0 0x0 0xd 0x24 0x36 0x0 0xed 0xf 0xf 0x10 0x73 0x11 0x64 0x3 0xaa 0x2 0x0 0x28 0x65 0x1 0x0 0x18 0x0 0x9c 0x0 0x57 0x0 0x58 0x0 0xad 0xad 0xad 0xad 0xad 0xad 0x79 0x2 0x61 0x2 0x7a 0x2 0x64 0x2 0x7c 0x2 0x62 0x2 0x7c 0x2 0x63 0x2 0x33 0x0 0x3 0x8c 0x86 0x7f 0x83 0x4d 0x80 0x4f 0x80 0xa6 0x82 0xeb 0x7b 0x73 0x7d 0x0 0x0 0x7b 0x28 0xf4 0xfe 0x29 0xe8 0x15 0xee 0x0 0x0 0x0 0x0 0xff 0xe 0xdd 0x7a 0x0 0xa4 0xa4 0x0 0x4 0xac 0x5 0x0 0x0
1787980489473,0x1 0x8a 0xd 0x57 0x9d 0x81 0x83 0xd 0x0 0x0 0xd 0x26 0x38 0x0 0xbf 0x10 0x35 0x10 0x73 0x11 0x58 0x3 0xaa 0x2 0x0 0x28 0x65 0x1 0x0 0x1a 0x0 0xa1 0x0 0x57 0x0 0x57 0x0 0xad 0xad 0xad 0xad 0xad 0xad 0x85 0x2 0x66 0x2 0x86 0x2 0x64 0x2 0x84 0x2 0x67 0x2 0x86 0x2 0x67 0x2 0x33 0x0 0x3 0x8e 0x84 0x7f 0x83 0x4d 0x80 0x4f 0x80 0xa6 0x82 0xeb 0x7b 0x73 0x7d 0x0 0x0 0x3b 0x3a 0xf4 0xfe 0x29 0xe8 0x15 0xee 0x0 0x0 0x0 0x0 0xff 0xd 0xdd 0x7a 0x0 0xa4 0xa4 0x0 0x4 0xb9 0x5 0x0 0x0
1787980489695,0x1 0x8a 0xd 0x57 0x9d 0x80 0x84 0xd 0x0 0x0 0xd 0x2a 0x3d 0x0 0x54 0x12 0xb 0x11 0x73 0x11 0x54 0x3 0xaa 0x2 0x0 0x28 0x65 0x1 0x0 0x21 0x0 0x99 0x0 0x57 0x0 0x57 0x0 0xad 0xad 0xad 0xad 0xad 0xad 0x98 0x2 0x77 0x2 0x9e 0x2 0x7c 0x2 0xa5 0x2 0x80 0x2 0xa6 0x2 0x80 0x2 0x33 0x0 0x3 0x8f 0x83 0x7f 0x83 0x4d 0x80 0x4f 0x80 0xa6 0x82 0xeb 0x7b 0x73 0x7d 0x0 0x0 0x7b 0x2d 0xf4 0xfe 0x29 0xe8 0x15 0xee 0x0 0x0 0x0 0x0 0xff 0xd 0xdd 0x7a 0x0 0xa4 0xa4 0x0 0x4 0xb9 0x5 0x0 0x0
1787980489921,0x1 0x8b 0xd 0x57 0x9d 0x80 0x84 0xd 0x0 0x0 0xd 0x28 0x3c 0x0 0xf7 0x11 0x7a 0x11 0x73 0x11 0x57 0x3 0xaa 0x2 0x0 0x28 0x65 0x1 0x0 0x21 0x0 0x65 0x0 0x57 0x0 0x57 0x0 0xad 0xad 0xad 0xad 0xad 0xad 0xb4 0x2 0x87 0x2 0xb6 0x2 0x89 0x2 0xb1 0x2 0x87 0x2 0xb7 0x2 0x89 0x2 0x33 0x0 0x3 0x90 0x82 0x7f 0x83 0x4d 0x80 0x4f 0x80 0xa6 0x82 0xeb 0x7b 0x73 0x7d 0x0 0x0 0x7b 0x2d 0xf4 0xfe 0x29 0xe8 0x15 0xee 0x0 0x0 0x0 0x0 0xff 0xe 0xdd 0x7a 0x0 0xa4 0xa4 0x0 0x4 0xac 0x5 0x0 0x0
1787980490159,0x1 0x8b 0xd 0x57 0x9d 0x80 0x84 0xd 0x0 0x0 0xd 0x28 0x3b 0x0 0x2f 0x11 0x98 0x11 0x73 0x11 0x6f 0x3 0xaa 0x2 0x0 0x28 0x65 0x1 0x0 0x20 0x0 0x1f 0x0 0x58 0x0 0x58 0x0 0xae 0xae 0xae 0xae 0xae 0xae 0xb8 0x2 0x9b 0x2 0xb9 0x2 0x9c 0x2 0xb8 0x2 0x9a 0x2 0xb8 0x2 0x9a 0x2 0x33 0x0 0x3 0x91 0x8a 0x7f 0x88 0x4d 0x80 0x4f 0x80 0xa6 0x82 0xeb 0x7b 0x73 0x7d 0x0 0x0 0x6f 0x2c 0xe8 0xfd 0x29 0xe8 0x15 0xee 0x0 0x0 0x0 0x0 0xfc 0xf 0xdd 0x7a 0x0 0xa4 0xa4 0x0 0x4 0xac 0x5 0x0 0x0
1787980490383,0x1 0x8a 0xd 0x57 0x9d 0x80 0x84 0xd 0x0 0x0 0xd 0x28 0x3b 0x0 0x25 0x11 0x79 0x11 0x73 0x11 0x71 0x3 0xaa 0x2 0x0 0x28 0x65 0x1 0x0 0x50 0x0 0x14 0x0 0x58 0x0 0x57 0x0 0xae 0xae 0xae 0xae 0xae 0xae 0xb6 0x2 0x98 0x2 0xb6 0x2 0x9a 0x2 0xb6 0x2 0x99 0x2 0xb6 0x2 0x99 0x2 0x33 0x0 0x3 0x93 0x8c 0x7f 0x88 0x4d 0x80 0x4f 0x80 0xa6 0x82 0xeb 0x7b 0x73 0x7d 0x0 0x0 0x6f 0x2c 0xe8 0xfd 0x29 0xe8 0x15 0xee 0x0 0x0 0x0 0x0 0xf9 0xf 0xdd 0x7a 0x0 0xa4 0xa4 0x0 0x4 0xb9 0x5 0x0 0x0
1787980490607,0x1 0x8b 0xd 0x57 0x9d 0x80 0x84 0xd 0x0 0x0 0xd 0x29 0x3b 0x0 0xa0 0x11 0x96 0x11 0x73 0x11 0x59 0x3 0xaa 0x2 0x0 0x28 0x65 0x1 0x0 0x88 0x0 0x15 0x0 0x57 0x0 0x57 0x0 0xac 0xac 0xac 0xac 0xac 0xac 0xae 0x2 0xa4 0x2 0xae 0x2 0xa6 0x2 0xbd 0x2 0xa0 0x2 0xaf 0x2 0xa6 0x2 0x33 0x0 0x3 0x8b 0x8d 0x83 0x88 0x4d 0x80 0x4f 0x80 0xa6 0x82 0xeb 0x7b 0x73 0x7d 0x0 0x0 0x7b 0x2d 0xf4 0xfe 0x29 0xe8 0x15 0xee 0x0 0x0 0x0 0x0 0xfc 0xf 0xdd 0x7a 0x0 0xa4 0xa4 0x0 0x4 0xac 0x5 0x0 0x0
1787980490830,0x1 0x8c 0xd 0x57 0x9d 0x80 0x84 0xd 0x0 0x0 0xd 0x29 0x3d 0x0 0x28 0x12 0xd0 0x11 0x73 0x11 0x5c 0x3 0xaa 0x2 0x0 0x28 0x65 0x1 0x0 0xa0 0x0 0x16 0x0 0x58 0x0 0x57 0x0 0xad 0xad 0xad 0xad 0xad 0xad 0xb2 0x2 0xa9 0x2 0xb1 0x2 0xad 0x2 0xb3 0x2 0xae 0x2 0xb2 0x2 0xaf 0x2 0x33 0x0 0x3 0x8a 0x8e 0x83 0x88 0x4d 0x80 0x4f 0x80 0xa6 0x82 0xeb 0x7b 0x73 0x7d 0x0 0x0 0x7b 0x2d 0xf4 0xfe 0x29 0xe8 0x15 0xee 0x0 0x0 0x0 0x0 0xfb 0xe 0xdd 0x7a 0x0 0xa4 0xa4 0x0 0x4 0x9f 0x5 0x0 0x0
1787980491055,0x1 0x8a 0xd 0x57 0x9d 0x80 0x84 0xd 0x0 0x0 0xd 0x29 0x3d 0x0 0x28 0x12 0xf0 0x11 0x73 0x11 0x5c 0x3 0xaa 0x2 0x0 0x28 0x65 0x1 0x0 0xa6 0x0 0x19 0x0 0x58 0x0 0x57 0x0 0xad 0xad 0xad 0xad 0xad 0xad 0xb3 0x2 0xb4 0x2 0xb4 0x2 0xb6 0x2 0xb4 0x2 0xb2 0x2 0xb4 0x2 0xb7 0x2 0x33 0x0 0x3 0x89 0x90 0x83 0x88 0x4d 0x80 0x4f 0x80 0xa6 0x82 0xeb 0x7b 0x73 0x7d 0x0 0x0 0x7b 0x2d 0xf4 0xfe 0x29 0xe8 0x15 0xee 0x0 0x0 0x0 0x0 0xf9 0xe 0xdd 0x7a 0x0 0xa4 0xa4 0x0 0x4 0xb9 0x5 0x0 0x0
1787980491279,0x1 0x89 0xd 0x57 0x9e 0x80 0x84 0xd 0x0 0x0 0xd 0x2a 0x3e 0x0 0xf1 0x12 0x27 0x12 0x73 0x11 0x46 0x3 0xa9 0x2 0x0 0x28 0x65 0x1 0x0 0xa3 0x0 0x39 0x0 0x57 0x0 0x57 0x0 0xab 0xab 0xab 0xab 0xab 0xab 0xb9 0x2 0xc3 0x2 0xbc 0x2 0xbb 0x2 0xb6 0x2 0xbd 0x2 0xbc 0x2 0xc6 0x2 0x33 0x0 0x3 0x87 0x91 0x83 0x88 0x4d 0x80 0x4f 0x80 0xa6 0x82 0xeb 0x7b 0x73 0x7d 0x0 0x0 0x7b 0x2d 0xf4 0xfe 0x29 0xe8 0x15 0xee 0x0 0x0 0x0 0x0 0xfc 0x10 0xdd 0x7a 0x0 0xa4 0xa4 0x0 0x4 0xcb 0x5 0x0 0x0
1787980491503,0x1 0x8b 0xd 0x57 0x9e 0x80 0x84 0x15 0x8 0x0 0xd 0x37 0x51 0x0 0x92 0x18 0xa6 0x14 0x73 0x10 0x4c 0x3 0xa9 0x2 0x0 0x28 0x65 0x1 0x0 0x9f 0x0 0x78 0x0 0x57 0x0 0x58 0x0 0xa4 0xa4 0xa4 0xa4 0xa4 0xa4 0xc0 0x2 0xcd 0x2 0x4d 0x3 0x79 0x3 0x87 0x3 0xb6 0x3 0xa1 0x3 0xb6 0x3 0x32 0x0 0x3 0x86 0x92 0x83 0x88 0x4d 0x80 0x4f 0x80 0xa6 0x82 0xeb 0x7b 0x73 0x7d 0x0 0x0 0x14 0x29 0x0 0x0 0x29 0xe8 0x15 0xee 0x0 0x0 0x0 0x0 0xf4 0x10 0xdd 0x7a 0x0 0xa4 0xa4 0x0 0x8 0xac 0x5 0x0 0x0
1787980491727,0x1 0x8b 0xd 0x57 0x9e 0x80 0x84 0x16 0x9 0x0 0xd 0x41 0x68 0x0 0x9e 0x1b 0xbf 0x1a 0x73 0x10 0xc4 0x3 0xa9 0x2 0x0 0x28 0x65 0x1 0x0 0x97 0x0 0x9b 0x0 0x57 0x0 0x58 0x0 0x8f 0x8f 0x8f 0x8f 0x8f 0x8f 0x3e 0x4 0x5d 0x4 0x3c 0x4 0x57 0x4 0x2e 0x4 0x50 0x4 0x38 0x4 0x57 0x4 0x2f 0x0 0x3 0x84 0x92 0x83 0x88 0x4d 0x80 0x4f 0x80 0xa6 0x82 0xeb 0x7b 0x73 0x7d 0x0 0x0 0x14 0x2e 0x0 0x0 0x29 0xe8 0x15 0xee 0x0 0x0 0x0 0x0 0xd4 0x20 0xdd 0x7a 0x0 0xa4 0xa4 0x0 0x8 0xac 0x5 0x0 0x0
1787980491951,0x1 0x8b 0xd 0x57 0x9e 0x80 0x84 0x16 0x9 0x0 0xd 0x44 0x6f 0x0 0x38 0x1b 0xff 0x1a 0x73 0x10 0x14 0x4 0xa9 0x2 0x0 0x28 0x65 0x1 0x0 0xb0 0x0 0xb3 0x0 0x57 0x0 0x58 0x0 0x78 0x78 0x78 0x78 0x78 0x78 0x12 0x4 0x1b 0x4 0x14 0x4 0x1d 0x4 0x14 0x4 0x17 0x4 0x14 0x4 0x19 0x4 0x2d 0x0 0x3 0x82 0x89 0x83 0x8a 0x4d 0x80 0x4f 0x80 0xa6 0x82 0xeb 0x7b 0x73 0x7d 0x0 0x0 0x14 0x32 0x0 0x0 0x29 0xe8 0x15 0xee 0x0 0x0 0x0 0x0 0xc4 0x2a 0xdd 0x7a 0x0 0xa4 0xa4 0x0 0x8 0xac 0x5 0x0 0x0
1787980492175,0x1 0x8b 0xd 0x57 0x9e 0x80 0x84 0x17 0xa 0x0 0xd 0x45 0x72 0x0 0xb3 0x1a 0xd0 0x1a 0x73 0x10 0x45 0x4 0xa9 0x2 0x0 0x28 0x65 0x1 0x0 0xb3 0x0 0xb6 0x0 0x58 0x0 0x57 0x0 0x77 0x77 0x77 0x77 0x77 0x77 0xfb 0x3 0xfb 0x3 0xf6 0x3 0xd 0x4 0x3 0x4 0x2 0x4 0xf6 0x3 0xfa 0x3 0x2c 0x0 0x3 0x80 0x87 0x83 0x8a 0x4d 0x80 0x4f 0x80 0xa6 0x82 0xeb 0x7b 0x73 0x7d 0x0 0x0 0x14 0x34 0x0 0x0 0x29 0xe8 0x15 0xee 0x0 0x0 0x0 0x0 0xbc 0x2f 0xdd 0x7a 0x0 0xa4 0xa4 0x0 0x8 0xac 0x5 0x0 0x0
1787980492398,0x1 0x8b 0xd 0x57 0x9e 0x80 0x84 0x1c 0xf 0x0 0xd 0x53 0x97 0x0 0x96 0x21 0xd5 0x20 0x73 0x11 0x7f 0x4 0xa9 0x2 0x0 0x28 0x65 0x1 0x0 0xac 0x0 0xb2 0x0 0x58 0x0 0x58 0x0 0x7c 0x7c 0x7c 0x7c 0x7c 0x7c 0xd2 0x4 0xd7 0x4 0xd9 0x4 0xe4 0x4 0xcc 0x4 0xd7 0x4 0xde 0x4 0xe4 0x4 0x29 0x0 0x3 0x7d 0x85 0x83 0x8a 0x4d 0x80 0x4f 0x80 0xa6 0x82 0xeb 0x7b 0x73 0x7d 0x0 0x0 0x54 0x2b 0x0 0x0 0x29 0xe8 0x15 0xee 0x0 0x0 0x0 0x0 0xb5 0x3e 0xdd 0x7a 0x0 0xa4 0xa4 0x0 0x8 0xac 0x5 0x0 0x0
1787980492622,0x1 0x8b 0xd 0x57 0x9e 0x80 0x84 0x1c 0xf 0x0 0xd 0x53 0x9b 0x0 0x1b 0x20 0xe8 0x1f 0x73 0x11 0xd4 0x4 0xa9 0x2 0x0 0x28 0x65 0x1 0x0 0xac 0x0 0xb2 0x0 0x58 0x0 0x57 0x0 0x79 0x79 0x79 0x79 0x79 0x79 0xb1 0x4 0xae 0x4 0xa5 0x4 0xa5 0x4 0xa1 0x4 0xb8 0x4 0xa1 0x4 0xa6 0x4 0x27 0x0 0x3 0x7b 0x82 0x83 0x8a 0x4d 0x80 0x4f 0x80 0xa6 0x82 0xeb 0x7b 0x73 0x7d 0x0 0x0 0x14 0x36 0x0 0x0 0x29 0xe8 0x15 0xee 0x0 0x0 0x0 0x0 0xab 0x57 0xdd 0x7a 0x0 0xa4 0xa4 0x0 0x8 0xac 0x5 0x0 0x0
1787980492846,0x1 0x8b 0xd 0x57 0x9e 0x80 0x84 0x1c 0xf 0x0 0xd 0x54 0x9e 0x0 0xad 0x1f 0x26 0x1f 0x73 0x11 0xfd 0x4 0xa9 0x2 0x0 0x28 0x65 0x1 0x0 0xa9 0x0 0xb0 0x0 0x57 0x0 0x57 0x0 0x77 0x77 0x77 0x77 0x77 0x77 0x69 0x4 0x70 0x4 0x6c 0x4 0x6f 0x4 0x6a 0x4 0x6b 0x4 0x6b 0x4 0x70 0x4 0x27 0x0 0x3 0x78 0x80 0x83 0x8a 0x4d 0x80 0x4f 0x80 0xa6 0x82 0xeb 0x7b 0x73 0x7d 0x0 0x0 0x14 0x37 0x0 0x0 0x29 0xe8 0x15 0xee 0x0 0x0 0x0 0x0 0xa9 0x59 0xdd 0x7a 0x0 0xa4 0xa4 0x0 0x8 0xac 0x5 0x0 0x0
1787980493071,0x1 0x8b 0xd 0x57 0x9e 0x80 0x84 0x1d 0xf 0x0 0xd 0x53 0x9e 0x0 0x67 0x1f 0x2b 0x1f 0x73 0x11 0x8 0x5 0xa9 0x2 0x0 0x28 0x65 0x1 0x0 0x95 0x0 0xa7 0x0 0x57 0x0 0x57 0x0 0x76 0x76 0x76 0x76 0x76 0x76 0x5e 0x4 0x61 0x4 0x56 0x4 0x5d 0x4 0x60 0x4 0x65 0x4 0x58 0x4 0x5d 0x4 0x26 0x0 0x3 0x75 0x7d 0x83 0x8a 0x4d 0x80 0x4f 0x80 0xa6 0x82 0xeb 0x7b 0x70 0x7a 0x0 0x0 0x14 0x38 0x0 0x0 0x29 0xe8 0x15 0xee 0x0 0x0 0x0 0x0 0xab 0x63 0xdd 0x7a 0x0 0xa4 0xa4 0x0 0x8 0xac 0x5 0x0 0x0
1787980493294,0x1 0x8b 0xd 0x56 0x9e 0x80 0x84 0x1d 0xf 0x0 0xd 0x55 0xa0 0x0 0x95 0x1f 0x63 0x1f 0x73 0x11 0x11 0x5 0xa9 0x2 0x0 0x28 0x65 0x1 0x0 0x61 0x0 0x9a 0x0 0x57 0x0 0x57 0x0 0x76 0x76 0x76 0x76 0x76 0x76 0x55 0x4 0x55 0x4 0x4a 0x4 0x4d 0x4 0x4d 0x4 0x52 0x4 0x4e 0x4 0x52 0x4 0x26 0x0 0x3 0x73 0x7a 0x83 0x8a 0x4d 0x80 0x4f 0x80 0xa6 0x82 0xeb 0x7b 0x70 0x7a 0x0 0x0 0x14 0x38 0x0 0x0 0x29 0xe8 0x15 0xee 0x0 0x0 0x0 0x0 0xaf 0x63 0xdd 0x7a 0x0 0xa4 0xa4 0x0 0x8 0xac 0x5 0x0 0x0
1787980493518,0x1 0x8c 0xd 0x56 0x9e 0x80 0x84 0x23 0x15 0x0 0xd 0x60 0xc9 0x0 0x40 0x27 0x55 0x22 0x73 0x11 0x1f 0x5 0xa9 0x2 0x0 0x28 0x65 0x1 0x0 0x1b 0x0 0x71 0x0 0x57 0x0 0x58 0x0 0x78 0x78 0x78 0x78 0x78 0x78 0x3b 0x5 0x29 0x5 0x8b 0x5 0x4f 0x4 0x70 0x4 0x50 0x4 0x8b 0x5 0x52 0x5 0x25 0x0 0x3 0x7c 0x78 0x83 0x8a 0x4d 0x80 0x4f 0x80 0xa6 0x82 0xeb 0x7b 0x70 0x7a 0x0 0x0 0x14 0x3a 0x0 0x0 0x29 0xe8 0x15 0xee 0x0 0x0 0x0 0x0 0xb2 0x72 0xdd 0x7a 0x0 0xa4 0xa4 0x0 0x8 0x9f 0x5 0x0 0x0
1787980493742,0x1 0x8b 0xd 0x56 0x9e 0x80 0x84 0x23 0x16 0x0 0xd 0x66 0xe3 0x0 0x6 0x28 0x76 0x28 0x73 0x11 0xac 0x5 0xa9 0x2 0x0 0x28 0x65 0x1 0x0 0x23 0x0 0x2d 0x0 0x58 0x0 0x57 0x0 0x76 0x76 0x76 0x76 0x76 0x76 0x4 0x6 0xdf 0x5 0xf0 0x5 0xca 0x5 0xe1 0x5 0xb9 0x5 0xd8 0x5 0xb9 0x5 0x23 0x0 0x3 0x80 0x81 0x83 0x85 0x4d 0x80 0x4f 0x80 0xa6 0x82 0xeb 0x7b 0x70 0x7a 0x0 0x0 0x14 0x3d 0x0 0x0 0x29 0xe8 0x15 0xee 0x0 0x0 0x0 0x0 0xa6 0xdb 0xdd 0x7a 0x0 0xa4 0xa4 0x0 0x8 0xac 0x5 0x0 0x0
1787980493966,0x1 0x8a 0xd 0x56 0x9e 0x80 0x84 0x24 0x17 0x0 0xd 0x66 0xe5 0x0 0x71 0x26 0x99 0x26 0x73 0x12 0xf5 0x5 0xa9 0x2 0x0 0x28 0x65 0x1 0x0 0xa7 0x0 0xa5 0x0 0x58 0x0 0x57 0x0 0x74 0x74 0x74 0x74 0x74 0x74 0x7d 0x5 0x63 0x5 0x56 0x5 0x5e 0x5 0x4f 0x5 0x5e 0x5 0x4f 0x5 0x5c 0x5 0x23 0x0 0x3 0x79 0x82 0x7a 0x85 0x4d 0x80 0x4f 0x80 0xa6 0x82 0xeb 0x7b 0x70 0x7a 0x0 0x0 0x14 0x3f 0x0 0x0 0x29 0xe8 0x15 0xee 0x0 0x0 0x0 0x0 0xa4 0xd7 0xdd 0x7a 0x0 0xa4 0xa4 0x0 0x8 0xb9 0x5 0x0 0x0
1787980494190,0x1 0x8a 0xd 0x56 0x9e 0x81 0x83 0x24 0x17 0x0 0xd 0x68 0xe5 0x0 0x5e 0x26 0xbf 0x26 0x73 0x13 0xf8 0x5 0xa9 0x2 0x0 0x28 0x65 0x1 0x0 0x3d 0x0 0x37 0x0 0x57 0x0 0x57 0x0 0x74 0x74 0x74 0x74 0x74 0x74 0x38 0x5 0x55 0x5 0x3d 0x5 0x5c 0x5 0x5f 0x5 0x4e 0x5 0x5f 0x5 0x57 0x5 0x23 0x0 0x3 0x7d 0x82 0x7c 0x85 0x4d 0x80 0x4f 0x80 0xa6 0x82 0xeb 0x7b 0x70 0x7a 0x0 0x0 0x14 0x3f 0x0 0x0 0x29 0xe8 0x15 0xee 0x0 0x0 0x0 0x0 0xaa 0xd7 0xdd 0x7a 0x0 0xa4 0xa4 0x0 0x8 0xb9 0x5 0x0 0x0
1787980494414,0x1 0x8b 0xd 0x56 0x9e 0x81 0x83 0x24 0x17 0x0 0xd 0x67 0xe9 0x0 0xb5 0x26 0xc4 0x26 0x73 0x13 0x5 0x6 0xa9 0x2 0x0 0x28 0x65 0x1 0x0 0xf 0x0 0x1b 0x0 0x57 0x0 0x58 0x0 0x74 0x74 0x74 0x74 0x74 0x74 0x65 0x5 0x5e 0x5 0x69 0x5 0x62 0x5 0x68 0x5 0x60 0x5 0x6a 0x5 0x62 0x5 0x23 0x0 0x3 0x81 0x86 0x7c 0x85 0x4d 0x80 0x4f 0x80 0xa6 0x82 0xeb 0x7b 0x70 0x7a 0x0 0x0 0x14 0x40 0x0 0x0 0x29 0xe8 0x15 0xee 0x0 0x0 0x0 0x0 0xae 0xd7 0xdd 0x7a 0x0 0xa4 0xa4 0x0 0x8 0xac 0x5 0x0 0x0
1787980494638,0x1 0x8b 0xd 0x56 0x9e 0x81 0x83 0x24 0x17 0x0 0xd 0x67 0xe5 0x0 0x9b 0x25 0x29 0x26 0x73 0x14 0x17 0x6 0xa9 0x2 0x0 0x28 0x65 0x1 0x0 0xf 0x0 0x15 0x0 0x57 0x0 0x57 0x0 0x73 0x73 0x73 0x73 0x73 0x73 0x66 0x5 0x5b 0x5 0x5e 0x5 0x60 0x5 0x66 0x5 0x62 0x5 0x5e 0x5 0x56 0x5 0x23 0x0 0x3 0x85 0x8a 0x7c 0x85 0x4d 0x80 0x4f 0x80 0xa6 0x82 0xeb 0x7b 0x70 0x7a 0x0 0x0 0x14 0x40 0x0 0x0 0x29 0xe8 0x15 0xee 0x0 0x0 0x0 0x0 0xb3 0xd0 0xdd 0x7a 0x0 0xa4 0xa4 0x0 0x8 0xac 0x5 0x0 0x0
1787980494862,0x1 0x8a 0xd 0x56 0x9e 0x81 0x83 0x1a 0xd 0x0 0xd 0x51 0x95 0x0 0xac 0x18 0xe 0x20 0x73 0x15 0xa 0x6 0xa9 0x2 0x0 0x28 0x65 0x1 0x0 0x11 0x0 0x1a 0x0 0x58 0x0 0x57 0x0 0x6f 0x6f 0x6f 0x6f 0x6f 0x6f 0x5f 0x4 0x25 0x4 0x4 0x5 0xda 0x4 0xc0 0x4 0x82 0x4 0x2b 0x4 0x25 0x4 0x24 0x0 0x3 0x88 0x8d 0x7c 0x85 0x4d 0x80 0x4f 0x80 0xa6 0x82 0xeb 0x7b 0x70 0x7a 0x0 0x0 0x14 0x3e 0x0 0x0 0x29 0xe8 0x15 0xee 0x0 0x0 0x0 0x0 0xba 0x9a 0xdd 0x7a 0x0 0xa4 0xa4 0x0 0x8 0xb9 0x5 0x0 0x0
1787980495087,0x1 0x8a 0xd 0x56 0x9e 0x81 0x83 0x19 0xd 0x0 0xd 0x4d 0x89 0x0 0x3b 0x19 0x8a 0x19 0x73 0x15 0x6e 0x5 0xa9 0x2 0x0 0x28 0x65 0x1 0x0 0x74 0x0 0xa6 0x0 0x57 0x0 0x57 0x0 0x6f 0x6f 0x6f 0x6f 0x6f 0x6f 0x87 0x3 0x75 0x3 0x83 0x3 0x76 0x3 0x83 0x3 0x7e 0x3 0x87 0x3 0x7e 0x3 0x27 0x0 0x3 0x8b 0x8f 0x7c 0x85 0x4d 0x80 0x4f 0x80 0xa6 0x82 0xeb 0x7b 0x70 0x7a 0x0 0x0 0x14 0x39 0x0 0x0 0x29 0xe8 0x15 0xee 0x0 0x0 0x0 0x0 0xd1 0x60 0xdd 0x7a 0x0 0xa4 0xa4 0x0 0x8 0xb9 0x5 0x0 0x0
1787980495311,0x1 0x8b 0xd 0x56 0x9e 0x82 0x82 0x19 0xd 0x0 0xd 0x4c 0x86 0x0 0x86 0x19 0xb2 0x19 0x73 0x16 0x40 0x5 0xa9 0x2 0x0 0x28 0x65 0x1 0x0 0x14 0x0 0x4f 0x0 0x58 0x0 0x57 0x0 0x71 0x71 0x71 0x71 0x71 0x71 0x9e 0x3 0x9b 0x3 0xa0 0x3 0x95 0x3 0x9a 0x3 0x92 0x3 0xa1 0x3 0x95 0x3 0x27 0x0 0x3 0x8c 0x8f 0x87 0x85 0x4d 0x80 0x4f 0x80 0xa6 0x82 0xeb 0x7b 0x70 0x7a 0x0 0x0 0x14 0x38 0x0 0x0 0x29 0xe8 0x15 0xee 0x0 0x0 0x0 0x0 0xde 0x57 0xdd 0x7a 0x0 0xa4 0xa4 0x0 0x8 0xac 0x5 0x0 0x0
1787980495533,0x1 0x8b 0xd 0x56 0x9e 0x82 0x82 0x19 0xd 0x0 0xd 0x4d 0x86 0x0 0x56 0x19 0xa7 0x19 0x73 0x16 0x4a 0x5 0xa9 0x2 0x0 0x28 0x65 0x1 0x0 0xf 0x0 0x1d 0x0 0x58 0x0 0x57 0x0 0x70 0x70 0x70 0x70 0x70 0x70 0xad 0x3 0x9d 0x3 0xaa 0x3 0xa0 0x3 0xae 0x3 0xa3 0x3 0xad 0x3 0xa1 0x3 0x27 0x0 0x3 0x8e 0x91 0x87 0x85 0x4d 0x80 0x4f 0x80 0xa6 0x82 0xeb 0x7b 0x70 0x7a 0x0 0x0 0x14 0x39 0x0 0x0 0x29 0xe8 0x15 0xee 0x0 0x0 0x0 0x0 0xde 0x57 0xdd 0x7a 0x0 0xa4 0xa4 0x0 0x8 0xac 0x5 0x0 0x0
1787980495757,0x1 0x8a 0xd 0x56 0x9e 0x82 0x82 0xe 0x1 0x0 0xd 0x32 0x4a 0x0 0x62 0xe 0x29 0x13 0x73 0x16 0x25 0x5 0xa9 0x2 0x0 0x28 0x65 0x1 0x0 0x18 0x0 0x31 0x0 0x58 0x0 0x57 0x0 0x70 0x70 0x70 0x70 0x70 0x70 0x3 0x3 0xe4 0x2 0xda 0x2 0xbe 0x2 0xb6 0x2 0xf 0x3 0xb6 0x2 0xad 0x2 0x29 0x0 0x3 0x90 0x93 0x87 0x85 0x4d 0x80 0x4f 0x80 0xa6 0x82 0xeb 0x7b 0x70 0x7a 0x0 0x0 0x70 0x3b 0x5c 0x5 0x29 0xe8 0x15 0xee 0x0 0x0 0x0 0x0 0xe5 0x4a 0xdd 0x7a 0x0 0xa4 0xa4 0x0 0x0 0xb9 0x5 0x0 0x0
1787980495981,0x1 0x8a 0xd 0x56 0x9e 0x82 0x82 0xd 0x1 0x0 0xd 0x2f 0x48 0x0 0xda 0xe 0x7 0x10 0x73 0x16 0xd9 0x4 0xa9 0x2 0x0 0x28 0x65 0x1 0x0 0xa5 0x0 0xb2 0x0 0x58 0x0 0x57 0x0 0x77 0x77 0x77 0x77 0x77 0x77 0x62 0x2 0x55 0x2 0x48 0x2 0x4e 0x2 0x44 0x2 0x48 0x2 0x3f 0x2 0x48 0x2 0x2b 0x0 0x3 0x89 0x93 0x8a 0x85 0x4d 0x80 0x4f 0x80 0xa6 0x82 0xeb 0x7b 0x70 0x7a 0x0 0x0 0x70 0x38 0x5c 0x5 0x29 0xe8 0x15 0xee 0x0 0x0 0x0 0x0 0xf4 0x28 0xdd 0x7a 0x0 0xa4 0xa4 0x0 0x0 0xb9 0x5 0x0 0x0
1787980496205,0x1 0x8a 0xd 0x56 0x9e 0x82 0x82 0xd 0x1 0x0 0xd 0x2f 0x46 0x0 0xcc 0xe 0x1a 0xf 0x73 0x16 0xbb 0x4 0xa9 0x2 0x0 0x28 0x65 0x1 0x0 0xb4 0x0 0xb3 0x0 0x58 0x0 0x58 0x0 0x80 0x80 0x80 0x80 0x80 0x80 0x2b 0x2 0x27 0x2 0x2d 0x2 0x28 0x2 0x2c 0x2 0x29 0x2 0x2a 0x2 0x27 0x2 0x2c 0x0 0x3 0x87 0x8b 0x8a 0x85 0x4d 0x80 0x4f 0x80 0xa6 0x82 0xeb 0x7b 0x70 0x7a 0x0 0x0 0x70 0x37 0x5c 0x5 0x29 0xe8 0x15 0xee 0x0 0x0 0x0 0x0 0xf9 0x21 0xdd 0x7a 0x0 0xa4 0xa4 0x0 0x0 0xb9 0x5 0x0 0x0
1787980496431,0x1 0x8b 0xd 0x56 0x9e 0x82 0x82 0xd 0x1 0x0 0xd 0x2e 0x45 0x0 0x5 0xf 0xfa 0xe 0x73 0x16 0x98 0x4 0xa9 0x2 0x0 0x28 0x65 0x1 0x0 0xb2 0x0 0xb0 0x0 0x57 0x0 0x57 0x0 0xa0 0xa0 0xa0 0xa0 0xa0 0xa0 0x26 0x2 0x22 0x2 0x25 0x2 0x22 0x2 0x27 0x2 0x24 0x2 0x27 0x2 0x22 0x2 0x2d 0x0 0x3 0x85 0x89 0x8a 0x85 0x4d 0x80 0x4f 0x80 0xa6 0x82 0xeb 0x7b 0x70 0x7a 0x0 0x0 0x70 0x37 0x5c 0x5 0x29 0xe8 0x15 0xee 0x0 0x0 0x0 0x0 0xfe 0x1d 0xdd 0x7a 0x0 0xa4 0xa4 0x0 0x4 0xac 0x5 0x0 0x0
1787980496653,0x1 0x8c 0xd 0x56 0x9e 0x82 0x82 0xd 0x0 0x0 0xd 0x2d 0x43 0x0 0x82 0xf 0x13 0xf 0x73 0x16 0x52 0x4 0xa9 0x2 0x0 0x28 0x65 0x1 0x0 0xad 0x0 0xaa 0x0 0x58 0x0 0x58 0x0 0xa0 0xa0 0xa0 0xa0 0xa0 0xa0 0x26 0x2 0x23 0x2 0x27 0x2 0x23 0x2 0x25 0x2 0x23 0x2 0x27 0x2 0x23 0x2 0x2e 0x0 0x3 0x84 0x88 0x8a 0x85 0x4d 0x80 0x4f 0x80 0xa6 0x82 0xeb 0x7b 0x70 0x7a 0x0 0x0 0x70 0x34 0x5c 0x5 0x29 0xe8 0x15 0xee 0x0 0x0 0x0 0x0 0xff 0x19 0xdd 0x7a 0x0 0xa4 0xa4 0x0 0x4 0x9f 0x5 0x0 0x0
1787980496877,0x1 0x8a 0xd 0x56 0x9e 0x82 0x82 0xd 0x0 0x0 0xd 0x2b 0x41 0x0 0x16 0xf 0x1d 0xf 0x73 0x15 0x4f 0x4 0xa9 0x2 0x0 0x28 0x65 0x1 0x0 0xa3 0x0 0xa0 0x0 0x57 0x0 0x57 0x0 0xb4 0xb4 0xb4 0xb4 0xb4 0xb4 0x25 0x2 0x22 0x2 0x26 0x2 0x23 0x2 0x25 0x2 0x22 0x2 0x25 0x2 0x22 0x2 0x2e 0x0 0x3 0x83 0x87 0x8a 0x85 0x4d 0x80 0x4f 0x80 0xa6 0x82 0xeb 0x7b 0x70 0x7a 0x0 0x0 0x9e 0x2e 0x8a 0xff 0x29 0xe8 0x15 0xee 0x0 0x0 0x0 0x0 0xff 0x19 0xdd 0x7a 0x0 0xa4 0xa4 0x0 0x4 0xb9 0x5 0x0 0x0
1787980497101,0x1 0x8b 0xd 0x56 0x9e 0x82 0x82 0xd 0x0 0x0 0xd 0x2a 0x3e 0x0 0x56 0xf 0x1c 0xf 0x73 0x15 0xb 0x4 0xa9 0x2 0x0 0x28 0x65 0x1 0x0 0x8b 0x0 0x81 0x0 0x58 0x0 0x58 0x0 0xb0 0xb0 0xb0 0xb0 0xb0 0xb0 0x25 0x2 0x21 0x2 0x25 0x2 0x21 0x2 0x25 0x2 0x22 0x2 0x25 0x2 0x21 0x2 0x30 0x0 0x3 0x82 0x86 0x8a 0x85 0x4d 0x80 0x4f 0x80 0xa6 0x82 0xeb 0x7b 0x72 0x7c 0x0 0x0 0x72 0x2c 0x5e 0xff 0x29 0xe8 0x15 0xee 0x0 0x0 0x0 0x0 0xff 0x15 0xdd 0x7a 0x0 0xa4 0xa4 0x0 0x4 0xac 0x5 0x0 0x0
1787980497325,0x1 0x8b 0xd 0x56 0x9e 0x82 0x82 0xd 0x0 0x0 0xd 0x28 0x3b 0x0 0x3a 0xf 0x20 0xf 0x73 0x15 0xe0 0x3 0xa9 0x2 0x0 0x28 0x65 0x1 0x0 0x3e 0x0 0x3d 0x0 0x57 0x0 0x57 0x0 0xaf 0xaf 0xaf 0xaf 0xaf 0xaf 0x25 0x2 0x31 0x2 0x35 0x2 0x32 0x2 0x25 0x2 0x22 0x2 0x36 0x2 0x32 0x2 0x31 0x0 0x3 0x89 0x8d 0x89 0x8c 0x4d 0x80 0x4f 0x80 0xa6 0x82 0xeb 0x7b 0x72 0x7c 0x0 0x0 0x16 0x2b 0x2 0xff 0x29 0xe8 0x15 0xee 0x0 0x0 0x0 0x0 0xff 0x13 0xdd 0x7a 0x0 0xa4 0xa4 0x0 0x4 0xac 0x5 0x0 0x0
1787980497549,0x1 0x8b 0xd 0x56 0x9e 0x82 0x82 0xd 0x0 0x0 0xd 0x26 0x38 0x0 0x86 0xe 0x19 0xf 0x73 0x14 0xdb 0x3 0xa9 0x2 0x0 0x28 0x65 0x1 0x0 0x21 0x0 0x24 0x0 0x58 0x0 0x57 0x0 0xb1 0xb1 0xb1 0xb1 0xb1 0xb1 0x3d 0x2 0x38 0x2 0x39 0x2 0x38 0x2 0x3b 0x2 0x39 0x2 0x39 0x2 0x36 0x2 0x31 0x0 0x3 0x8a 0x8e 0x89 0x8c 0x4d 0x80 0x4f 0x80 0xa6 0x82 0xeb 0x7b 0x72 0x7c 0x0 0x0 0xe4 0x26 0xd0 0xfb 0x29 0xe8 0x15 0xee 0x0 0x0 0x0 0x0 0xff 0x12 0xdd 0x7a 0x0 0xa4 0xa4 0x0 0x4 0xac 0x5 0x0 0x0
1787980497773,0x1 0x89 0xd 0x56 0x9e 0x82 0x82 0xd 0x0 0x0 0xd 0x24 0x37 0x0 0x4f 0xe 0xd2 0xe 0x73 0x14 0xd8 0x3 0xa9 0x2 0x0 0x28 0x65 0x1 0x0 0x1a 0x0 0x22 0x0 0x57 0x0 0x57 0x0 0xb1 0xb1 0xb1 0xb1 0xb1 0xb1 0x37 0x2 0x33 0x2 0x38 0x2 0x35 0x2 0x38 0x2 0x33 0x2 0x36 0x2 0x33 0x2 0x31 0x0 0x3 0x8b 0x90 0x89 0x8c 0x4d 0x80 0x4f 0x80 0xa6 0x82 0xeb 0x7b 0x72 0x7c 0x0 0x0 0xe4 0x26 0xd0 0xfb 0x29 0xe8 0x15 0xee 0x0 0x0 0x0 0x0 0xff 0x12 0xdd 0x7a 0x0 0xa4 0xa4 0x0 0x4 0xcb 0x5 0x0 0x0
1787980497997,0x1 0x8a 0xd 0x56 0x9e 0x82 0x82 0xd 0x0 0x0 0xd 0x24 0x36 0x0 0x48 0xe 0xb6 0xe 0x73 0x14 0xc8 0x3 0xa9 0x2 0x0 0x28 0x65 0x1 0x0 0x2c 0x0 0x58 0x0 0x58 0x0 0x57 0x0 0xb0 0xb0 0xb0 0xb0 0xb0 0xb0 0x38 0x2 0x34 0x2 0x37 0x2 0x35 0x2 0x36 0x2 0x35 0x2 0x38 0x2 0x35 0x2 0x31 0x0 0x3 0x8d 0x91 0x89 0x8c 0x4d 0x80 0x4f 0x80 0xa6 0x82 0xeb 0x7b 0x72 0x7c 0x0 0x0 0xf0 0x27 0xdc 0xfc 0x29 0xe8 0x15 0xee 0x0 0x0 0x0 0x0 0xff 0x12 0xdd 0x7a 0x0 0xa4 0xa4 0x0 0x4 0xb9 0x5 0x0 0x0
1787980498221,0x1 0x8a 0xd 0x56 0x9f 0x81 0x83 0xd 0x0 0x0 0xd 0x26 0x37 0x0 0xba 0xe 0xb2 0xe 0x73 0x14 0xbc 0x3 0xa7 0x2 0x0 0x28 0x65 0x1 0x0 0x7b 0x0 0xa2 0x0 0x57 0x0 0x57 0x0 0xaf 0xaf 0xaf 0xaf 0xaf 0xaf 0x38 0x2 0x35 0x2 0x39 0x2 0x38 0x2 0x3d 0x2 0x39 0x2 0x2f 0x2 0x39 0x2 0x32 0x0 0x3 0x86 0x91 0x87 0x8c 0x4d 0x80 0x4f 0x80 0xa6 0x82 0xeb 0x7b 0x70 0x7a 0x0 0x0 0xf0 0x26 0xdc 0xfc 0x29 0xe8 0x15 0xee 0x0 0x0 0x0 0x0 0xff 0x10 0xdd 0x7a 0x0 0xa4 0xa4 0x0 0x4 0xb9 0x5 0x0 0x0
1787980498446,0x1 0x8b 0xd 0x56 0x9f 0x81 0x83 0xd 0x0 0x0 0xd 0x25 0x37 0x0 0x7 0xf 0xc6 0xe 0x73 0x13 0xa9 0x3 0xa7 0x2 0x0 0x28 0x65 0x1 0x0 0xa3 0x0 0xa6 0x0 0x57 0x0 0x57 0x0 0xaf 0xaf 0xaf 0xaf 0xaf 0xaf 0x30 0x2 0x2d 0x2 0x30 0x2 0x2f 0x2 0x30 0x2 0x2c 0x2 0x33 0x2 0x2f 0x2 0x32 0x0 0x3 0x80 0x83 0x82 0x86 0x4d 0x80 0x4f 0x80 0xa6 0x82 0xeb 0x7b 0x70 0x7a 0x0 0x0 0x8a 0x27 0xe8 0xfd 0x29 0xe8 0x15 0xee 0x0 0x0 0x0 0x0 0xff 0x10 0xcc 0x7f 0x0 0xa4 0xa4 0x0 0x4 0xac 0x5 0x0 0x0
1787980498670,0x1 0x89 0xd 0x56 0x9f 0x81 0x83 0xd 0x0 0x0 0xd 0x25 0x37 0x0 0x68 0xf 0xe7 0xe 0x73 0x13 0x92 0x3 0xa7 0x2 0x0 0x28 0x65 0x1 0x0 0xa0 0x0 0xa6 0x0 0x57 0x0 0x57 0x0 0xaf 0xaf 0xaf 0xaf 0xaf 0xaf 0x3a 0x2 0x36 0x2 0x3a 0x2 0x33 0x2 0x39 0x2 0x36 0x2 0x3a 0x2 0x36 0x2 0x33 0x0 0x3 0x7e 0x82 0x82 0x86 0x4d 0x80 0x4f 0x80 0xa6 0x82 0xeb 0x7b 0x70 0x7a 0x0 0x0 0x8a 0x26 0xe8 0xfd 0x29 0xe8 0x15 0xee 0x0 0x0 0x0 0x0 0xff 0xf 0xcc 0x7f 0x0 0xa4 0xa4 0x0 0x4 0xcb 0x5 0x0 0x0
1787980498892,0x1 0x89 0xd 0x56 0x9f 0x81 0x83 0xd 0x0 0x0 0xd 0x24 0x35 0x0 0x13 0xf 0x10 0xf 0x73 0x12 0x84 0x3 0xa7 0x2 0x0 0x28 0x65 0x1 0x0 0x8f 0x0 0x9f 0x0 0x57 0x0 0x57 0x0 0xae 0xae 0xae 0xae 0xae 0xae 0x40 0x2 0x3c 0x2 0x40 0x2 0x3c 0x2 0x42 0x2 0x3d 0x2 0x40 0x2 0x3d 0x2 0x33 0x0 0x3 0x7d 0x81 0x82 0x86 0x4d 0x80 0x4f 0x80 0xa6 0x82 0xeb 0x7b 0x70 0x7a 0x0 0x0 0x8a 0x26 0xe8 0xfd 0x29 0xe8 0x15 0xee 0x0 0x0 0x0 0x0 0xff 0xf 0xcc 0x7f 0x0 0xa4 0xa4 0x0 0x4 0xcb 0x5 0x0 0x0
1787980499116,0x1 0x8b 0xd 0x55 0x9f 0x81 0x83 0xd 0x0 0x0 0xd 0x24 0x35 0x0 0x47 0xf 0x3a 0xf 0x73 0x12 0x78 0x3 0xa7 0x2 0x0 0x28 0x65 0x1 0x0 0x31 0x0 0x8c 0x0 0x58 0x0 0x57 0x0 0xad 0xad 0xad 0xad 0xad 0xad 0x40 0x2 0x3e 0x2 0x53 0x2 0x41 0x2 0x56 0x2 0x3e 0x2 0x56 0x2 0x41 0x2 0x33 0x0 0x3 0x84 0x7f 0x82 0x86 0x4d 0x80 0x4f 0x80 0xa6 0x82 0xeb 0x7b 0x70 0x7a 0x0 0x0 0x8a 0x26 0xe8 0xfd 0x29 0xe8 0x15 0xee 0x0 0x0 0x0 0x0 0xff 0xd 0xcc 0x7f 0x0 0xa4 0xa4 0x0 0x4 0xac 0x5 0x0 0x0
1787980499342,0x1 0x8b 0xd 0x55 0x9f 0x81 0x83 0xd 0x0 0x0 0xd 0x25 0x37 0x0 0x9 0x10 0x67 0xf 0x73 0x11 0x6e 0x3 0xa7 0x2 0x0 0x28 0x65 0x1 0x0 0x16 0x0 0x38 0x0 0x58 0x0 0x57 0x0 0xad 0xad 0xad 0xad 0xad 0xad 0x5e 0x2 0x58 0x2 0x59 0x2 0x43 0x2 0x5a 0x2 0x53 0x2 0x60 0x2 0x58 0x2 0x33 0x0 0x3 0x86 0x87 0x82 0x85 0x4d 0x80 0x4f 0x80 0xa6 0x82 0xeb 0x7b 0x70 0x7a 0x0 0x0 0x8a 0x26 0xe8 0xfd 0x29 0xe8 0x15 0xee 0x0 0x0 0x0 0x0 0xff 0xd 0xcc 0x7f 0x0 0xa4 0xa4 0x0 0x4 0xac 0x5 0x0 0x0
1787980499582,0x1 0x8a 0xd 0x55 0x9f 0x81 0x83 0xd 0x0 0x0 0xd 0x26 0x38 0x0 0xab 0x10 0xbe 0xf 0x73 0x10 0x5c 0x3 0xa7 0x2 0x0 0x28 0x65 0x1 0x0 0xf 0x0 0x1c 0x0 0x58 0x0 0x58 0x0 0xac 0xac 0xac 0xac 0xac 0xac 0x6a 0x2 0x61 0x2 0x6d 0x2 0x65 0x2 0x70 0x2 0x6b 0x2 0x74 0x2 0x6b 0x2 0x33 0x0 0x3 0x87 0x88 0x82 0x85 0x4d 0x80 0x4f 0x80 0xa6 0x82 0xeb 0x7b 0x70 0x7a 0x0 0x0 0x96 0x27 0xf4 0xfe 0x29 0xe8 0x15 0xee 0x0 0x0 0x0 0x0 0xff 0xd 0xcc 0x7f 0x0 0xa4 0xa4 0x0 0x4 0xb9 0x5 0x0 0x0
1787980499806,0x1 0x8a 0xd 0x56 0x9f 0x81 0x83 0xd 0x0 0x0 0xd 0x25 0x37 0x0 0x87 0x10 0xff 0xf 0x73 0x10 0x54 0x3 0xa7 0x2 0x0 0x28 0x65 0x1 0x0 0xf 0x0 0x14 0x0 0x57 0x0 0x58 0x0 0xad 0xad 0xad 0xad 0xad 0xad 0x7c 0x2 0x73 0x2 0x7d 0x2 0x78 0x2 0x7a 0x2 0x72 0x2 0x81 0x2 0x78 0x2 0x33 0x0 0x3 0x88 0x8a 0x82 0x85 0x4d 0x80 0x4f 0x80 0xa6 0x82 0xeb 0x7b 0x70 0x7a 0x0 0x0 0x96 0x27 0xf4 0xfe 0x29 0xe8 0x15 0xee 0x0 0x0 0x0 0x0 0xfb 0xd 0xcc 0x7f 0x0 0xa4 0xa4 0x0 0x4 0xb9 0x5 0x0 0x0
1787980500028,0x1 0x8b 0xd 0x56 0x9f 0x81 0x83 0xd 0x0 0x0 0xd 0x26 0x38 0x0 0x2b 0x11 0x5a 0x10 0x73 0xf 0x43 0x3 0xa7 0x2 0x0 0x28 0x65 0x1 0x0 0x10 0x0 0x13 0x0 0x58 0x0 0x57 0x0 0xac 0xac 0xac 0xac 0xac 0xac 0x92 0x2 0x8b 0x2 0x87 0x2 0x84 0x2 0x8f 0x2 0x87 0x2 0x94 0x2 0x8b 0x2 0x33 0x0 0x3 0x8a 0x8b 0x82 0x85 0x4d 0x80 0x4f 0x80 0xa6 0x82 0xeb 0x7b 0x70 0x7a 0x0 0x0 0x96 0x27 0xf4 0xfe 0x29 0xe8 0x15 0xee 0x0 0x0 0x0 0x0 0xf8 0xd 0xcc 0x7f 0x0 0xa4 0xa4 0x0 0x4 0xac 0x5 0x0 0x0
1787980500252,0x1 0x8a 0xd 0x55 0x9f 0x81 0x83 0xd 0x0 0x0 0xd 0x24 0x35 0x0 0xa6 0x10 0x97 0x10 0x73 0xe 0x2f 0x3 0xa7 0x2 0x0 0x28 0x65 0x1 0x0 0x12 0x0 0x14 0x0 0x58 0x0 0x57 0x0 0xaa 0xaa 0xaa 0xaa 0xaa 0xaa 0x9f 0x2 0x97 0x2 0xa2 0x2 0x9c 0x2 0xa5 0x2 0x93 0x2 0xa5 0x2 0x9b 0x2 0x33 0x0 0x3 0x8b 0x8c 0x82 0x85 0x4d 0x80 0x4f 0x80 0xa6 0x82 0xeb 0x7b 0x70 0x7a 0x0 0x0 0x96 0x27 0xf4 0xfe 0x29 0xe8 0x15 0xee 0x0 0x0 0x0 0x0 0xf4 0xd 0xcc 0x7f 0x0 0xa4 0xa4 0x0 0x4 0xb9 0x5 0x0 0x0
1787980500477,0x1 0x8a 0xd 0x55 0x9f 0x81 0x83 0xd 0x0 0x0 0xd 0x25 0x36 0x0 0x6 0x11 0xd0 0x10 0x73 0xe 0x2c 0x3 0xa7 0x2 0x0 0x28 0x65 0x1 0x0 0x17 0x0 0x17 0x0 0x57 0x0 0x57 0x0 0xab 0xab 0xab 0xab 0xab 0xab 0xb1 0x2 0xa7 0x2 0xac 0x2 0xa4 0x2 0xaf 0x2 0xa7 0x2 0xb0 0x2 0xa7 0x2 0x33 0x0 0x3 0x8c 0x8e 0x82 0x85 0x4d 0x80 0x4f 0x80 0xa6 0x82 0xeb 0x7b 0x70 0x7a 0x0 0x0 0x96 0x27 0xf4 0xfe 0x29 0xe8 0x15 0xee 0x0 0x0 0x0 0x0 0xf0 0xd 0xcc 0x7f 0x0 0xa4 0xa4 0x0 0x4 0xb9 0x5 0x0 0x0
1787980500700,0x1 0x8a 0xd 0x55 0x9f 0x81 0x83 0xd 0x0 0x0 0xd 0x25 0x37 0x0 0x73 0x11 0xfd 0x10 0x73 0xe 0x27 0x3 0xa7 0x2 0x0 0x28 0x65 0x1 0x0 0x56 0x0 0x3e 0x0 0x58 0x0 0x57 0x0 0xab 0xab 0xab 0xab 0xab 0xab 0xb5 0x2 0xad 0x2 0xb8 0x2 0xaf 0x2 0xba 0x2 0xaa 0x2 0xba 0x2 0xb0 0x2 0x33 0x0 0x3 0x8e 0x8f 0x82 0x85 0x4d 0x80 0x4f 0x80 0xa6 0x82 0xeb 0x7b 0x70 0x7a 0x0 0x0 0x96 0x27 0xf4 0xfe 0x29 0xe8 0x15 0xee 0x0 0x0 0x0 0x0 0xee 0xd 0xcc 0x7f 0x0 0xa4 0xa4 0x0 0x4 0xb9 0x5 0x0 0x0
1787980500924,0x1 0x8a 0xd 0x55 0x9f 0x81 0x83 0xd 0x0 0x0 0xd 0x24 0x36 0x0 0x32 0x11 0xfc 0x10 0x73 0xe 0x24 0x3 0xa7 0x2 0x0 0x28 0x65 0x1 0x0 0x90 0x0 0x88 0x0 0x57 0x0 0x58 0x0 0xab 0xab 0xab 0xab 0xab 0xab 0xa9 0x2 0xb3 0x2 0xbd 0x2 0xb3 0x2 0xab 0x2 0xb2 0x2 0xaa 0x2 0xb3 0x2 0x33 0x0 0x3 0x85 0x90 0x85 0x85 0x4d 0x80 0x4f 0x80 0xa6 0x82 0xeb 0x7b 0x70 0x7a 0x0 0x0 0x96 0x27 0xf4 0xfe 0x29 0xe8 0x15 0xee 0x0 0x0 0x0 0x0 0xed 0xd 0xcc 0x7f 0x0 0xa4 0xa4 0x0 0x4 0xb9 0x5 0x0 0x0
1787980501149,0x1 0x8b 0xd 0x55 0x9f 0x81 0x83 0xd 0x0 0x0 0xd 0x25 0x37 0x0 0xb6 0x11 0x2b 0x11 0x73 0xe 0x1b 0x3 0xa7 0x2 0x0 0x28 0x65 0x1 0x0 0xa5 0x0 0xa5 0x0 0x57 0x0 0x58 0x0 0xaa 0xaa 0xaa 0xaa 0xaa 0xaa 0xab 0x2 0xb8 0x2 0xab 0x2 0xa7 0x2 0xae 0x2 0xb8 0x2 0xae 0x2 0xa8 0x2 0x33 0x0 0x3 0x84 0x87 0x85 0x87 0x4d 0x80 0x4f 0x80 0xa6 0x82 0xeb 0x7b 0x70 0x7a 0x0 0x0 0x96 0x27 0xf4 0xfe 0x29 0xe8 0x15 0xee 0x0 0x0 0x0 0x0 0xeb 0xd 0xcc 0x7f 0x0 0xa4 0xa4 0x0 0x4 0xac 0x5 0x0 0x0
1787980501373,0x1 0x89 0xd 0x55 0x9f 0x81 0x83 0xd 0x0 0x0 0xd 0x25 0x36 0x0 0x58 0x11 0x4d 0x11 0x73 0xd 0x1d 0x3 0xa7 0x2 0x0 0x28 0x65 0x1 0x0 0xa6 0x0 0xa8 0x0 0x58 0x0 0x58 0x0 0xaa 0xaa 0xaa 0xaa 0xaa 0xaa 0xaf 0x2 0xa9 0x2 0xab 0x2 0xa8 0x2 0xae 0x2 0xa8 0x2 0xaf 0x2 0xa9 0x2 0x33 0x0 0x3 0x83 0x86 0x85 0x87 0x4d 0x80 0x4f 0x80 0xa6 0x82 0xeb 0x7b 0x70 0x7a 0x0 0x0 0x96 0x27 0xf4 0xfe 0x29 0xe8 0x15 0xee 0x0 0x0 0x0 0x0 0xe3 0xd 0xcc 0x7f 0x0 0xa4 0xa4 0x0 0x4 0xcb 0x5 0x0 0x0
1787980501597,0x1 0x8a 0xd 0x55 0x9f 0x81 0x83 0xd 0x0 0x0 0xd 0x24 0x36 0x0 0xf4 0x11 0x97 0x11 0x73 0xd 0x2 0x3 0xa7 0x2 0x0 0x28 0x65 0x1 0x0 0xa1 0x0 0xa6 0x0 0x58 0x0 0x58 0x0 0xa9 0xa9 0xa9 0xa9 0xa9 0xa9 0xb8 0x2 0xb3 0x2 0xb9 0x2 0xb6 0x2 0xbd 0x2 0xb1 0x2 0xbd 0x2 0xb7 0x2 0x33 0x0 0x3 0x82 0x85 0x85 0x87 0x4d 0x80 0x4f 0x80 0xa6 0x82 0xeb 0x7b 0x70 0x7a 0x0 0x0 0xa2 0x28 0x0 0x0 0x29 0xe8 0x15 0xee 0x0 0x0 0x0 0x0 0xe4 0xd 0xcc 0x7f 0x0 0xa4 0xa4 0x0 0x4 0xb9 0x5 0x0 0x0
1787980501821,0x1 0x8b 0xd 0x55 0x9f 0x81 0x83 0xe 0x1 0x0 0xd 0x27 0x38 0x0 0x9e 0x12 0xeb 0x11 0x73 0xd 0x2 0x3 0xa7 0x2 0x0 0x28 0x65 0x1 0x0 0x94 0x0 0x9d 0x0 0x57 0x0 0x58 0x0 0xa9 0xa9 0xa9 0xa9 0xa9 0xa9 0xc3 0x2 0xb9 0x2 0xc0 0x2 0xbc 0x2 0xc4 0x2 0xbc 0x2 0xc3 0x2 0xbd 0x2 0x33 0x0 0x3 0x80 0x83 0x85 0x87 0x4d 0x80 0x4f 0x80 0xa6 0x82 0xeb 0x7b 0x70 0x7a 0x0 0x0 0xa2 0x28 0x0 0x0 0x29 0xe8 0x15 0xee 0x0 0x0 0x0 0x0 0xe4 0xd 0xcc 0x7f 0x0 0xa4 0xa4 0x0 0x4 0xac 0x5 0x0 0x0
1787980502045,0x1 0x8c 0xd 0x55 0x9f 0x81 0x83 0x19 0xd 0x0 0xd 0x44 0x6f 0x0 0x1d 0x22 0xa2 0x19 0x73 0xd 0x41 0x3 0xa7 0x2 0x0 0x28 0x65 0x1 0x0 0x49 0x0 0x8a 0x0 0x57 0x0 0x58 0x0 0x98 0x98 0x98 0x98 0x98 0x98 0xff 0x3 0xfa 0x3 0x37 0x4 0x56 0x4 0x0 0x4 0xfa 0x3 0x60 0x4 0x56 0x4 0x31 0x0 0x3 0x86 0x82 0x86 0x87 0x4d 0x80 0x4f 0x80 0xa6 0x82 0xeb 0x7b 0x6f 0x78 0x0 0x0 0xa2 0x23 0x0 0x0 0x29 0xe8 0x15 0xee 0x0 0x0 0x0 0x0 0xd1 0x15 0xcc 0x7f 0x0 0xa4 0xa4 0x0 0x8 0x9f 0x5 0x0 0x0
1787980502267,0x1 0x8a 0xd 0x55 0x9f 0x80 0x84 0x1e 0x11 0x0 0xd 0x4b 0x7c 0x0 0x2f 0x1f 0x13 0x1f 0x73 0xd 0xfa 0x3 0xa7 0x2 0x0 0x28 0x65 0x1 0x0 0x97 0x0 0xad 0x0 0x57 0x0 0x58 0x0 0x81 0x81 0x81 0x81 0x81 0x81 0x1c 0x5 0xcd 0x4 0xef 0x4 0xe8 0x4 0x29 0x5 0xe2 0x4 0xef 0x4 0xce 0x4 0x2e 0x0 0x3 0x81 0x80 0x84 0x87 0x4d 0x80 0x4f 0x80 0xa6 0x82 0xeb 0x7b 0x6f 0x78 0x0 0x0 0xe2 0x22 0x0 0x0 0x29 0xe8 0x15 0xee 0x0 0x0 0x0 0x0 0xae 0x2d 0xcc 0x7f 0x0 0xa4 0xa4 0x0 0x8 0xb9 0x5 0x0 0x0
1787980502493,0x1 0x8a 0xd 0x55 0x9f 0x80 0x84 0x26 0x19 0x0 0xd 0x6a 0xf7 0x0 0xd4 0x32 0x1d 0x2e 0x73 0xd 0xdc 0x4 0xa7 0x2 0x0 0x28 0x65 0x1 0x0 0xb0 0x0 0xae 0x0 0x57 0x0 0x58 0x0 0x83 0x83 0x83 0x83 0x83 0x83 0x9 0x7 0xf3 0x6 0x3d 0x7 0x4c 0x6 0xb4 0x6 0xb2 0x6 0x3d 0x7 0x8 0x7 0x23 0x0 0x3 0x7e 0x7d 0x84 0x87 0x4d 0x80 0x4f 0x80 0xa6 0x82 0xeb 0x7b 0x6f 0x78 0x0 0x0 0xa2 0x3d 0x0 0x0 0x29 0xe8 0x15 0xee 0x0 0x0 0x0 0x0 0x92 0x86 0xcc 0x7f 0x0 0xa4 0xa4 0x0 0x8 0xb9 0x5 0x0 0x0
1787980502731,0x1 0x8b 0xd 0x55 0x9f 0x80 0x84 0x27 0x1a 0x0 0xd 0x6b 0xfc 0x0 0x31 0x2a 0x89 0x2b 0x73 0xe 0xf9 0x5 0xa7 0x2 0x0 0x28 0x65 0x1 0x0 0xb0 0x0 0xac 0x0 0x58 0x0 0x58 0x0 0x79 0x79 0x79 0x79 0x79 0x79 0x79 0x6 0x39 0x6 0xbc 0x6 0x76 0x6 0x98 0x6 0x54 0x6 0x6a 0x6 0x39 0x6 0x21 0x0 0x3 0x7a 0x78 0x84 0x87 0x4d 0x80 0x4f 0x80 0xa6 0x82 0xeb 0x7b 0x6f 0x78 0x0 0x0 0xa2 0x43 0x0 0x0 0x29 0xe8 0x15 0xee 0x0 0x0 0x0 0x0 0x7e 0xfe 0xcc 0x7f 0x0 0xa4 0xa4 0x0 0x8 0xac 0x5 0x0 0x0
1787980502955,0x1 0x8b 0xd 0x55 0x9f 0x80 0x84 0x27 0x1a 0x0 0xd 0x6d 0x3 0x1 0x81 0x2a 0xc3 0x2a 0x73 0xf 0x18 0x6 0xa7 0x2 0x0 0x28 0x65 0x1 0x0 0x9e 0x0 0x90 0x0 0x58 0x0 0x58 0x0 0x75 0x75 0x75 0x75 0x75 0x75 0xd 0x6 0xdd 0x5 0x1a 0x6 0xec 0x5 0x18 0x6 0xe2 0x5 0xb 0x6 0xdd 0x5 0x22 0x0 0x3 0x75 0x74 0x84 0x87 0x4d 0x80 0x4f 0x80 0xa6 0x82 0xeb 0x7b 0x6f 0x78 0x0 0x0 0xa2 0x44 0x0 0x0 0x29 0xe8 0x15 0xee 0x0 0x0 0x0 0x0 0x82 0xf6 0xcc 0x7f 0x0 0xa4 0xa4 0x0 0x8 0xac 0x5 0x0 0x0
1787980503181,0x1 0x8a 0xd 0x55 0x9f 0x81 0x83 0x28 0x1a 0x0 0xd 0x6f 0x11 0x1 0xa1 0x2c 0x7d 0x2c 0x73 0x11 0x1e 0x6 0xa7 0x2 0x0 0x28 0x65 0x1 0x0 0x25 0x0 0x1d 0x0 0x58 0x0 0x57 0x0 0x79 0x79 0x79 0x79 0x79 0x79 0x4f 0x6 0x2e 0x6 0x13 0x6 0x25 0x6 0x4c 0x6 0x30 0x6 0x4e 0x6 0x2e 0x6 0x21 0x0 0x3 0x7a 0x7c 0x7d 0x81 0x4d 0x80 0x4f 0x80 0xa6 0x82 0xeb 0x7b 0x6e 0x78 0x0 0x0 0xa2 0x44 0x0 0x0 0x29 0xe8 0x15 0xee 0x0 0x0 0x0 0x0 0x8e 0xfe 0xcc 0x7f 0x0 0xa4 0xa4 0x0 0x8 0xb9 0x5 0x0 0x0
1787980503405,0x1 0x8b 0xd 0x55 0x9f 0x81 0x83 0x28 0x1a 0x0 0xd 0x70 0x12 0x1 0xc9 0x2b 0xb2 0x2b 0x73 0x12 0x42 0x6 0xa7 0x2 0x0 0x28 0x65 0x1 0x0 0x10 0x0 0xe 0x0 0x58 0x0 0x58 0x0 0x78 0x78 0x78 0x78 0x78 0x78 0x38 0x6 0x17 0x6 0x38 0x6 0x17 0x6 0x36 0x6 0x17 0x6 0x38 0x6 0x19 0x6 0x20 0x0 0x3 0x7e 0x80 0x7d 0x81 0x4d 0x80 0x4f 0x80 0xa6 0x82 0xeb 0x7b 0x6e 0x78 0x0 0x0 0xa2 0x45 0x0 0x0 0x29 0xe8 0x15 0xee 0x0 0x0 0x0 0x0 0x8e 0xfe 0xcc 0x7f 0x0 0xa4 0xa4 0x0 0x8 0xac 0x5 0x0 0x0
1787980503629,0x1 0x8a 0xd 0x55 0xa0 0x82 0x82 0x28 0x1b 0x0 0xd 0x70 0x14 0x1 0x14 0x2c 0xd3 0x2b 0x73 0x13 0x43 0x6 0xa6 0x2 0x0 0x28 0x65 0x1 0x0 0xf 0x0 0xf 0x0 0x57 0x0 0x58 0x0 0x78 0x78 0x78 0x78 0x78 0x78 0x45 0x6 0x29 0x6 0x3e 0x6 0x20 0x6 0x40 0x6 0x24 0x6 0x48 0x6 0x29 0x6 0x20 0x0 0x3 0x83 0x84 0x7d 0x81 0x4d 0x80 0x4f 0x80 0xa6 0x82 0xeb 0x7b 0x6e 0x78 0x0 0x0 0xa2 0x45 0x0 0x0 0x29 0xe8 0x15 0xee 0x0 0x0 0x0 0x0 0x94 0xfe 0xcc 0x7f 0x0 0xa4 0xa4 0x0 0x8 0xb9 0x5 0x0 0x0
1787980503851,0x1 0x8b 0xd 0x55 0xa0 0x82 0x82 0x28 0x1b 0x0 0xd 0x70 0x16 0x1 0x3 0x2c 0xfa 0x2b 0x73 0x13 0x51 0x6 0xa6 0x2 0x0 0x28 0x65 0x1 0x0 0x11 0x0 0xf 0x0 0x57 0x0 0x58 0x0 0x78 0x78 0x78 0x78 0x78 0x78 0x58 0x6 0x36 0x6 0x58 0x6 0x38 0x6 0x57 0x6 0x38 0x6 0x58 0x6 0x39 0x6 0x20 0x0 0x3 0x87 0x88 0x7d 0x81 0x4d 0x80 0x4f 0x80 0xa6 0x82 0xeb 0x7b 0x6e 0x78 0x0 0x0 0x2c 0x45 0x0 0x0 0x29 0xe8 0x15 0xee 0x0 0x0 0x0 0x0 0x99 0xfe 0xcc 0x7f 0x0 0xa4 0xa4 0x0 0x8 0xac 0x5 0x0 0x0
1787980504077,0x1 0x8a 0xd 0x55 0xa0 0x82 0x82 0x28 0x1b 0x0 0xd 0x71 0x1b 0x1 0x64 0x2c 0xa5 0x2b 0x73 0x14 0x60 0x6 0xa6 0x2 0x0 0x28 0x65 0x1 0x0 0x14 0x0 0x12 0x0 0x57 0x0 0x57 0x0 0x77 0x77 0x77 0x77 0x77 0x77 0x5b 0x6 0x3a 0x6 0x58 0x6 0x35 0x6 0x54 0x6 0x34 0x6 0x5b 0x6 0x3d 0x6 0x20 0x0 0x3 0x8b 0x8c 0x7d 0x81 0x4d 0x80 0x4f 0x80 0xa6 0x82 0xeb 0x7b 0x6a 0x73 0x0 0x0 0x2c 0x46 0x0 0x0 0x29 0xe8 0x15 0xee 0x0 0x0 0x0 0x0 0x9c 0xfe 0xcc 0x7f 0x0 0xa4 0xa4 0x0 0x8 0xb9 0x5 0x0 0x0
1787980504301,0x1 0x8a 0xd 0x55 0xa0 0x82 0x82 0x28 0x1b 0x0 0xd 0x70 0x16 0x1 0x80 0x2b 0x75 0x2b 0x73 0x15 0x64 0x6 0xa6 0x2 0x0 0x28 0x65 0x1 0x0 0x1e 0x0 0x1d 0x0 0x58 0x0 0x58 0x0 0x77 0x77 0x77 0x77 0x77 0x77 0x63 0x6 0x44 0x6 0x64 0x6 0x47 0x6 0x61 0x6 0x43 0x6 0x63 0x6 0x44 0x6 0x20 0x0 0x3 0x8f 0x91 0x7d 0x81 0x4d 0x80 0x4f 0x80 0xa6 0x82 0xeb 0x7b 0x6a 0x73 0x0 0x0 0x2c 0x46 0x0 0x0 0x29 0xe8 0x15 0xee 0x0 0x0 0x0 0x0 0xa4 0xfe 0xcc 0x7f 0x0 0xa4 0xa4 0x0 0x8 0xb9 0x5 0x0 0x0
1787980504524,0x1 0x8b 0xd 0x55 0xa0 0x82 0x82 0x28 0x1b 0x0 0xd 0x70 0x15 0x1 0xd9 0x2a 0x26 0x2b 0x73 0x16 0x77 0x6 0xa6 0x2 0x0 0x28 0x65 0x1 0x0 0x83 0x0 0x76 0x0 0x58 0x0 0x58 0x0 0x77 0x77 0x77 0x77 0x77 0x77 0x5e 0x6 0x42 0x6 0x61 0x6 0x43 0x6 0x61 0x6 0x44 0x6 0x5c 0x6 0x42 0x6 0x20 0x0 0x3 0x92 0x94 0x7d 0x81 0x4d 0x80 0x4f 0x80 0xa6 0x82 0xeb 0x7b 0x6a 0x73 0x0 0x0 0x2c 0x46 0x0 0x0 0x29 0xe8 0x15 0xee 0x0 0x0 0x0 0x0 0xa8 0xfe 0xcc 0x7f 0x0 0xa4 0xa4 0x0 0x8 0xac 0x5 0x0 0x0
1787980504764,0x1 0x8b 0xd 0x55 0xa0 0x83 0x82 0x28 0x1b 0x0 0xd 0x70 0x17 0x1 0x8a 0x2a 0x83 0x2a 0x73 0x17 0x8f 0x6 0xa6 0x2 0x0 0x28 0x65 0x1 0x0 0x96 0x0 0x9e 0x0 0x57 0x0 0x57 0x0 0x76 0x76 0x76 0x76 0x76 0x76 0x4 0x6 0x20 0x6 0xff 0x5 0x1f 0x6 0x6 0x6 0x1e 0x6 0xfd 0x5 0x1f 0x6 0x20 0x0 0x3 0x88 0x94 0x82 0x81 0x4d 0x80 0x4f 0x80 0xa6 0x82 0xeb 0x7b 0x6a 0x73 0x0 0x0 0x2c 0x41 0x0 0x0 0x29 0xe8 0x15 0xee 0x0 0x0 0x0 0x0 0xad 0xf7 0xcc 0x7f 0x0 0xa4 0xa4 0x0 0x8 0xac 0x5 0x0 0x0
1787980504987,0x1 0x8a 0xd 0x55 0xa0 0x83 0x82 0x28 0x1b 0x0 0xd 0x70 0x1b 0x1 0xff 0x2a 0x71 0x2a 0x73 0x17 0x95 0x6 0xa6 0x2 0x0 0x28 0x65 0x1 0x0 0x39 0x0 0x9f 0x0 0x58 0x0 0x57 0x0 0x76 0x76 0x76 0x76 0x76 0x76 0xd8 0x5 0xdb 0x5 0xd3 0x5 0xd9 0x5 0x3 0x6 0xe0 0x5 0x7 0x6 0xe0 0x5 0x20 0x0 0x3 0x8b 0x8a 0x8b 0x83 0x4d 0x80 0x4f 0x80 0xa6 0x82 0xeb 0x7b 0x6a 0x73 0x0 0x0 0x2c 0x41 0x0 0x0 0x29 0xe8 0x15 0xee 0x0 0x0 0x0 0x0 0xb2 0xf7 0xcc 0x7f 0x0 0xa4 0xa4 0x0 0x8 0xb9 0x5 0x0 0x0
1787980505211,0x1 0x8b 0xd 0x54 0xa0 0x83 0x82 0x28 0x1b 0x0 0xd 0x70 0x1c 0x1 0xd1 0x2a 0xa2 0x2a 0x73 0x17 0xa2 0x6 0xa6 0x2 0x0 0x28 0x65 0x1 0x0 0x11 0x0 0x57 0x0 0x58 0x0 0x57 0x0 0x76 0x76 0x76 0x76 0x76 0x76 0x21 0x6 0xd7 0x5 0x1f 0x6 0xce 0x5 0x1f 0x6 0xc9 0x5 0x21 0x6 0xc9 0x5 0x20 0x0 0x3 0x90 0x86 0x8b 0x83 0x4d 0x80 0x4f 0x80 0xa6 0x82 0xeb 0x7b 0x6b 0x75 0x0 0x0 0x2c 0x41 0x0 0x0 0x29 0xe8 0x15 0xee 0x0 0x0 0x0 0x0 0xb7 0xf7 0xcc 0x7f 0x0 0xa4 0xa4 0x0 0x8 0xac 0x5 0x0 0x0
1787980505435,0x1 0x8b 0xd 0x54 0xa0 0x83 0x82 0x2e 0x21 0x0 0xd 0x77 0x34 0x1 0xd1 0x2d 0x50 0x2b 0x73 0x18 0xb9 0x6 0xa6 0x2 0x0 0x28 0x65 0x1 0x0 0x16 0x0 0x15 0x0 0x58 0x0 0x58 0x0 0x76 0x76 0x76 0x76 0x76 0x76 0xf5 0x6 0xf8 0x5 0x2b 0x6 0xf8 0x5 0x34 0x6 0x2 0x6 0xf5 0x6 0xb8 0x6 0x1e 0x0 0x3 0x94 0x91 0x8b 0x8d 0x4d 0x80 0x4f 0x80 0xa6 0x82 0xeb 0x7b 0x6b 0x75 0x0 0x0 0x2c 0x42 0x0 0x0 0x29 0xe8 0x15 0xee 0x0 0x0 0x0 0x0 0xbb 0xf7 0xcc 0x7f 0x0 0xa4 0xa4 0x0 0x8 0xac 0x5 0x0 0x0
1787980505658,0x1 0x8a 0xd 0x54 0xa0 0x84 0x81 0x34 0x27 0x0 0xd 0x86 0xa3 0x1 0x4e 0x38 0xb1 0x38 0x73 0x18 0x71 0x7 0xa6 0x2 0x0 0x28 0x65 0x1 0x0 0x98 0x0 0x19 0x0 0x57 0x0 0x58 0x0 0x7d 0x7d 0x7d 0x7d 0x7d 0x7d 0xa8 0x8 0x55 0x8 0x99 0x8 0x4f 0x8 0xa7 0x8 0x5c 0x8 0x90 0x8 0x4f 0x8 0x25 0x0 0x3 0x98 0x96 0x8b 0x8d 0x4d 0x80 0x4f 0x80 0xa6 0x82 0xeb 0x7b 0x6b 0x75 0x0 0x0 0x2c 0x57 0x0 0x0 0x29 0xe8 0x15 0xee 0x0 0x0 0x0 0x0 0xb2 0xfe 0xcc 0x7f 0x0 0xa4 0xa4 0x0 0x8 0xb9 0x5 0x0 0x0
1787980505884,0x1 0x8a 0xd 0x54 0xa0 0x84 0x81 0x29 0x1c 0x0 0xd 0x77 0x4a 0x1 0x2 0x2a 0x75 0x31 0x73 0x1a 0xdb 0x7 0xa6 0x2 0x0 0x28 0x65 0x1 0x0 0x96 0x0 0x6b 0x0 0x58 0x0 0x58 0x0 0x7e 0x76 0x76 0x76 0x76 0x76 0xe0 0x6 0xe5 0x6 0xb3 0x7 0xb1 0x7 0x56 0x7 0x4a 0x7 0xae 0x6 0xe5 0x6 0x1c 0x0 0x3 0x8c 0x9c 0x8e 0x8d 0x4d 0x80 0x4f 0x80 0xa6 0x82 0xeb 0x7b 0x6b 0x75 0x0 0x0 0x2c 0x68 0x0 0x0 0x29 0xe8 0x15 0xee 0x0 0x0 0x0 0x0 0xb0 0xfe 0xcc 0x7f 0x0 0xa4 0xa4 0x0 0x8 0xb9 0x5 0x0 0x0
1787980506106,0x1 0x8a 0xd 0x54 0xa0 0x84 0x81 0x20 0x13 0x0 0xd 0x65 0xdb 0x0 0xc8 0x1f 0x1 0x20 0x73 0x1b 0xe4 0x6 0xa6 0x2 0x0 0x28 0x65 0x1 0x0 0xa4 0x0 0xb1 0x0 0x57 0x0 0x58 0x0 0x6c 0x6c 0x6c 0x6c 0x6c 0x6c 0x62 0x4 0x93 0x4 0x62 0x4 0x97 0x4 0x62 0x4 0x91 0x4 0x62 0x4 0x9b 0x4 0x22 0x0 0x3 0x88 0x9c 0x8e 0x8d 0x4d 0x80 0x4f 0x80 0xa6 0x82 0xeb 0x7b 0x69 0x73 0x0 0x0 0x2c 0x60 0x0 0x0 0x29 0xe8 0x15 0xee 0x0 0x0 0x0 0x0 0xcf 0xb2 0xcc 0x7f 0x0 0xa4 0xa4 0x0 0x8 0xb9 0x5 0x0 0x0
1787980506332,0x1 0x8b 0xd 0x54 0xa0 0x84 0x81 0x20 0x13 0x0 0xd 0x64 0xdc 0x0 0x58 0x21 0xa7 0x20 0x73 0x1b 0x99 0x6 0xa6 0x2 0x0 0x28 0x65 0x1 0x0 0x7a 0x0 0xb0 0x0 0x57 0x0 0x58 0x0 0x6e 0x6e 0x6e 0x6e 0x6e 0x6e 0x80 0x4 0xab 0x4 0x82 0x4 0xac 0x4 0x84 0x4 0xb0 0x4 0x8a 0x4 0xb0 0x4 0x23 0x0 0x3 0x84 0x94 0x8e 0x91 0x4d 0x80 0x4f 0x80 0xa6 0x82 0xeb 0x7b 0x69 0x73 0x0 0x0 0x2c 0x57 0x0 0x0 0x29 0xe8 0x15 0xee 0x0 0x0 0x0 0x0 0xde 0x97 0xcc 0x7f 0x0 0xa4 0xa4 0x0 0x8 0xac 0x5 0x0 0x0
1787980506554,0x1 0x8b 0xd 0x54 0xa0 0x84 0x81 0x20 0x13 0x0 0xd 0x63 0xd4 0x0 0xed 0x1f 0x10 0x20 0x73 0x1c 0xa4 0x6 0xa6 0x2 0x0 0x28 0x65 0x1 0x0 0x44 0x0 0xb1 0x0 0x58 0x0 0x58 0x0 0x6d 0x6d 0x6d 0x6d 0x6d 0x6d 0xa7 0x4 0xa4 0x4 0xa8 0x4 0xa0 0x4 0xa6 0x4 0x9b 0x4 0xa7 0x4 0x9c 0x4 0x22 0x0 0x3 0x8c 0x90 0x8d 0x91 0x4d 0x80 0x4f 0x80 0xa6 0x82 0xeb 0x7b 0x69 0x73 0x0 0x0 0x2c 0x51 0x0 0x0 0x29 0xe8 0x15 0xee 0x0 0x0 0x0 0x0 0xe0 0x9a 0xcc 0x7f 0x0 0xa4 0xa4 0x0 0x8 0xac 0x5 0x0 0x0
1787980506778,0x1 0x8a 0xd 0x54 0xa0 0x84 0x81 0x20 0x13 0x0 0xd 0x60 0xcf 0x0 0xf9 0x1e 0x36 0x1f 0x73 0x1c 0xaf 0x6 0xa6 0x2 0x0 0x28 0x65 0x1 0x0 0xa3 0x0 0xaf 0x0 0x57 0x0 0x58 0x0 0x6c 0x6c 0x6c 0x6c 0x6c 0x6c 0x82 0x4 0x7f 0x4 0xa9 0x4 0x89 0x4 0xa5 0x4 0x83 0x4 0x80 0x4 0x7f 0x4 0x23 0x0 0x3 0x86 0x8c 0x88 0x91 0x4d 0x80 0x4f 0x80 0xa6 0x82 0xeb 0x7b 0x69 0x73 0x0 0x0 0x2c 0x48 0x0 0x0 0x29 0xe8 0x15 0xee 0x0 0x0 0x0 0x0 0xe2 0x94 0xcc 0x7f 0x0 0xa4 0xa4 0x0 0x8 0xb9 0x5 0x0 0x0
1787980507002,0x1 0x8b 0xd 0x54 0xa0 0x84 0x81 0x20 0x13 0x0 0xd 0x5f 0xc5 0x0 0x49 0x1d 0x59 0x1e 0x73 0x1c 0xba 0x6 0xa6 0x2 0x0 0x28 0x65 0x1 0x0 0xa9 0x0 0xaf 0x0 0x58 0x0 0x58 0x0 0x6c 0x6c 0x6c 0x6c 0x6c 0x6c 0x5e 0x4 0x5b 0x4 0x50 0x4 0x62 0x4 0x62 0x4 0x5e 0x4 0x50 0x4 0x50 0x4 0x23 0x0 0x3 0x83 0x89 0x88 0x91 0x4d 0x80 0x4f 0x80 0xa6 0x82 0xeb 0x7b 0x69 0x73 0x0 0x0 0x2c 0x42 0x0 0x0 0x29 0xe8 0x15 0xee 0x0 0x0 0x0 0x0 0xe3 0x8f 0xcc 0x7f 0x0 0xa4 0xa4 0x0 0x8 0xac 0x5 0x0 0x0
1787980507228,0x1 0x8c 0xd 0x54 0xa0 0x85 0x80 0x20 0x13 0x0 0xd 0x60 0xcb 0x0 0x17 0x1e 0xea 0x1d 0x73 0x1d 0xbf 0x6 0xa6 0x2 0x0 0x28 0x65 0x1 0x0 0x9f 0x0 0xab 0x0 0x58 0x0 0x58 0x0 0x6b 0x6b 0x6b 0x6b 0x6b 0x6b 0x32 0x4 0x35 0x4 0x32 0x4 0x32 0x4 0x30 0x4 0x2f 0x4 0x32 0x4 0x32 0x4 0x23 0x0 0x3 0x7f 0x85 0x88 0x91 0x4d 0x80 0x4f 0x80 0xa6 0x82 0xeb 0x7b 0x69 0x73 0x0 0x0 0x2c 0x46 0x0 0x0 0x29 0xe8 0x15 0xee 0x0 0x0 0x0 0x0 0xe5 0x89 0x0 0x80 0x0 0xa4 0xa4 0x0 0x8 0x9f 0x5 0x0 0x0
1787980507452,0x1 0x8c 0xd 0x54 0xa0 0x85 0x80 0x20 0x13 0x0 0xd 0x60 0xcb 0x0 0xc4 0x1d 0x15 0x1e 0x73 0x1d 0xd2 0x6 0xa6 0x2 0x0 0x28 0x65 0x1 0x0 0x94 0x0 0xa3 0x0 0x57 0x0 0x57 0x0 0x6b 0x6b 0x6b 0x6b 0x6b 0x6b 0x33 0x4 0x32 0x4 0x31 0x4 0x31 0x4 0x2c 0x4 0x28 0x4 0x28 0x4 0x28 0x4 0x23 0x0 0x3 0x7b 0x82 0x88 0x91 0x4d 0x80 0x4f 0x80 0xa6 0x82 0xeb 0x7b 0x69 0x73 0x0 0x0 0x2c 0x46 0x0 0x0 0x29 0xe8 0x15 0xee 0x0 0x0 0x0 0x0 0xe6 0x91 0x0 0x80 0x0 0xa4 0xa4 0x0 0x8 0x9f 0x5 0x0 0x0
1787980507676,0x1 0x8b 0xd 0x54 0xa0 0x85 0x80 0x1c 0xf 0x0 0xd 0x58 0xa9 0x0 0xd6 0x18 0xe5 0x1a 0x73 0x1e 0xce 0x6 0xa6 0x2 0x0 0x28 0x65 0x1 0x0 0x84 0x0 0xa0 0x0 0x58 0x0 0x58 0x0 0x69 0x69 0x69 0x69 0x69 0x69 0xaa 0x3 0x9e 0x3 0xd7 0x3 0xc8 0x3 0xba 0x3 0xb0 0x3 0x9e 0x3 0x9e 0x3 0x24 0x0 0x3 0x78 0x7e 0x88 0x91 0x4d 0x80 0x4f 0x80 0xa6 0x82 0xeb 0x7b 0x69 0x73 0x0 0x0 0x2c 0x44 0x0 0x0 0x29 0xe8 0x15 0xee 0x0 0x0 0x0 0x0 0xe9 0x87 0x0 0x80 0x0 0xa4 0xa4 0x0 0x8 0xac 0x5 0x0 0x0
1787980507900,0x1 0x8b 0xd 0x54 0xa0 0x85 0x80 0x12 0x5 0x0 0xd 0x3f 0x68 0x0 0xba 0xf 0x92 0x13 0x73 0x1e 0x9d 0x6 0xa6 0x2 0x0 0x28 0x65 0x1 0x0 0x97 0x0 0xa5 0x0 0x58 0x0 0x57 0x0 0x64 0x64 0x64 0x64 0x64 0x64 0x9c 0x2 0x8e 0x2 0x7e 0x2 0xcc 0x2 0xba 0x2 0xac 0x2 0x7e 0x2 0x7f 0x2 0x27 0x0 0x3 0x75 0x7b 0x88 0x91 0x4d 0x80 0x4f 0x80 0xa6 0x82 0xeb 0x7b 0x69 0x73 0x0 0x0 0x2c 0x41 0x0 0x0 0x29 0xe8 0x15 0xee 0x0 0x0 0x0 0x0 0xf1 0x68 0x0 0x80 0x0 0xa4 0xa4 0x0 0x8 0xac 0x5 0x0 0x0
1787980508121,0x1 0x8c 0xd 0x54 0xa0 0x84 0x81 0xd 0x0 0x0 0xd 0x34 0x4f 0x0 0x7c 0xc 0xf9 0xd 0x73 0x1e 0x54 0x6 0xa6 0x2 0x0 0x28 0x65 0x1 0x0 0xa2 0x0 0xa6 0x0 0x58 0x0 0x57 0x0 0x6c 0x6c 0x6c 0x6c 0x6c 0x6c 0xdb 0x1 0xd8 0x1 0xd3 0x1 0xee 0x1 0xe5 0x1 0xe1 0x1 0xd3 0x1 0xd4 0x1 0x28 0x0 0x3 0x73 0x79 0x88 0x91 0x4d 0x80 0x4f 0x80 0xa6 0x82 0xeb 0x7b 0x67 0x71 0x0 0x0 0x2c 0x3f 0x0 0x0 0x29 0xe8 0x15 0xee 0x0 0x0 0x0 0x0 0xfc 0x35 0x0 0x80 0x0 0xa4 0xa4 0x0 0x0 0x9f 0x5 0x0 0x0
1787980508347,0x1 0x8b 0xd 0x54 0xa0 0x84 0x81 0xd 0x0 0x0 0xd 0x32 0x4a 0x0 0x6c 0xc 0xb3 0xc 0x73 0x1e 0xf5 0x5 0xa6 0x2 0x0 0x28 0x65 0x1 0x0 0x9e 0x0 0xa3 0x0 0x58 0x0 0x57 0x0 0x7a 0x7a 0x7a 0x7a 0x7a 0x7a 0xb9 0x1 0xba 0x1 0xb9 0x1 0xbd 0x1 0xbc 0x1 0xbb 0x1 0xb9 0x1 0xb9 0x1 0x29 0x0 0x3 0x71 0x77 0x88 0x91 0x4d 0x80 0x4f 0x80 0xa6 0x82 0xeb 0x7b 0x67 0x71 0x0 0x0 0x88 0x41 0x5c 0x5 0x29 0xe8 0x15 0xee 0x0 0x0 0x0 0x0 0xff 0x31 0x0 0x80 0x0 0xa4 0xa4 0x0 0x0 0xac 0x5 0x0 0x0
1787980508570,0x1 0x8a 0xd 0x54 0xa0 0x84 0x81 0xd 0x0 0x0 0xd 0x35 0x4f 0x0 0x5c 0xd 0xfa 0xc 0x73 0x1d 0xea 0x5 0xa6 0x2 0x0 0x28 0x65 0x1 0x0 0x64 0x0 0x8c 0x0 0x58 0x0 0x58 0x0 0x85 0x85 0x85 0x85 0x85 0x85 0xc3 0x1 0xc7 0x1 0xc1 0x1 0xc2 0x1 0xc2 0x1 0xc4 0x1 0xc6 0x1 0xc7 0x1 0x29 0x0 0x3 0x6f 0x75 0x88 0x91 0x4d 0x80 0x4f 0x80 0xa6 0x82 0xeb 0x7b 0x67 0x71 0x0 0x0 0x88 0x41 0x5c 0x5 0x29 0xe8 0x15 0xee 0x0 0x0 0x0 0x0 0xff 0x31 0x0 0x80 0x0 0xa4 0xa4 0x0 0x0 0xb9 0x5 0x0 0x0
1787980508795,0x1 0x8a 0xd 0x54 0xa0 0x84 0x81 0xe 0x1 0x0 0xd 0x34 0x4d 0x0 0x9 0xd 0x29 0xd 0x73 0x1d 0xe8 0x5 0xa6 0x2 0x0 0x28 0x65 0x1 0x0 0x1a 0x0 0x33 0x0 0x58 0x0 0x58 0x0 0x8e 0x8e 0x8e 0x8e 0x8e 0x8e 0xdc 0x1 0xdc 0x1 0xdf 0x1 0xdd 0x1 0xdd 0x1 0xda 0x1 0xdc 0x1 0xda 0x1 0x29 0x0 0x3 0x78 0x7d 0x7e 0x88 0x4d 0x80 0x4f 0x80 0xa6 0x82 0xeb 0x7b 0x67 0x71 0x0 0x0 0x88 0x41 0x5c 0x5 0x29 0xe8 0x15 0xee 0x0 0x0 0x0 0x0 0xff 0x30 0x0 0x80 0x0 0xa4 0xa4 0x0 0x0 0xb9 0x5 0x0 0x0
1787980509019,0x1 0x8c 0xd 0x54 0xa0 0x84 0x81 0x1c 0xf 0x0 0xd 0x54 0x9b 0x0 0x4a 0x19 0xd7 0x15 0x73 0x1d 0x21 0x6 0xa6 0x2 0x0 0x28 0x65 0x1 0x0 0xe 0x0 0x1d 0x0 0x58 0x0 0x57 0x0 0x6a 0x6a 0x6a 0x6a 0x6a 0x6a 0xc 0x3 0x2e 0x3 0x59 0x3 0x75 0x3 0x97 0x3 0x9f 0x3 0xa4 0x3 0x9f 0x3 0x25 0x0 0x3 0x7a 0x7f 0x7e 0x88 0x4d 0x80 0x4f 0x80 0xa6 0x82 0xeb 0x7b 0x67 0x71 0x0 0x0 0x4c 0x3e 0x20 0x0 0x29 0xe8 0x15 0xee 0x0 0x0 0x0 0x0 0xff 0x31 0x0 0x80 0x0 0xa4 0xa4 0x0 0x8 0x9f 0x5 0x0 0x0
1787980509243,0x1 0x8b 0xd 0x54 0xa0 0x84 0x81 0x1c 0xf 0x0 0xd 0x56 0xa6 0x0 0xfc 0x18 0xf6 0x18 0x73 0x1d 0xa5 0x6 0xa6 0x2 0x0 0x28 0x65 0x1 0x0 0x52 0x0 0xa5 0x0 0x57 0x0 0x57 0x0 0x68 0x68 0x68 0x68 0x68 0x68 0xcf 0x3 0xce 0x3 0xcd 0x3 0xc5 0x3 0xcd 0x3 0xc7 0x3 0xcf 0x3 0xc8 0x3 0x24 0x0 0x3 0x7d 0x81 0x7e 0x88 0x4d 0x80 0x4f 0x80 0xa6 0x82 0xeb 0x7b 0x67 0x71 0x0 0x0 0x2c 0x42 0x0 0x0 0x29 0xe8 0x15 0xee 0x0 0x0 0x0 0x0 0xea 0x71 0x0 0x80 0x0 0xa4 0xa4 0x0 0x8 0xac 0x5 0x0 0x0
1787980509467,0x1 0x8a 0xd 0x54 0xa0 0x84 0x81 0x1c 0xf 0x0 0xd 0x57 0xaa 0x0 0xc4 0x19 0x86 0x19 0x73 0x1d 0x99 0x6 0xa6 0x2 0x0 0x28 0x65 0x1 0x0 0xb0 0x0 0xb3 0x0 0x58 0x0 0x57 0x0 0x68 0x68 0x68 0x68 0x68 0x68 0xb4 0x3 0xc7 0x3 0xb6 0x3 0xcc 0x3 0xb3 0x3 0xc7 0x3 0xb4 0x3 0xca 0x3 0x24 0x0 0x3 0x74 0x81 0x76 0x88 0x4d 0x80 0x4f 0x80 0xa6 0x82 0xeb 0x7b 0x67 0x71 0x0 0x0 0x2c 0x41 0x0 0x0 0x29 0xe8 0x15 0xee 0x0 0x0 0x0 0x0 0xee 0x74 0x0 0x80 0x0 0xa4 0xa4 0x0 0x8 0xb9 0x5 0x0 0x0
1787980509691,0x1 0x8a 0xd 0x54 0xa0 0x84 0x81 0x1c 0xf 0x0 0xd 0x57 0xa6 0x0 0xe9 0x18 0xfd 0x18 0x73 0x1d 0xaa 0x6 0xa6 0x2 0x0 0x28 0x65 0x1 0x0 0xac 0x0 0xb0 0x0 0x57 0x0 0x58 0x0 0x68 0x68 0x68 0x68 0x68 0x68 0x83 0x3 0x85 0x3 0x81 0x3 0x8f 0x3 0x8a 0x3 0x86 0x3 0x81 0x3 0x82 0x3 0x25 0x0 0x3 0x71 0x78 0x76 0x7b 0x4d 0x80 0x4f 0x80 0xa6 0x82 0xeb 0x7b 0x67 0x71 0x0 0x0 0x2c 0x42 0x0 0x0 0x29 0xe8 0x15 0xee 0x0 0x0 0x0 0x0 0xed 0x76 0x0 0x80 0x0 0xa4 0xa4 0x0 0x8 0xb9 0x5 0x0 0x0
1787980509913,0x1 0x8c 0xd 0x54 0xa0 0x84 0x81 0x1c 0xf 0x0 0xd 0x58 0xa6 0x0 0xde 0x18 0xec 0x18 0x73 0x1d 0xad 0x6 0xa6 0x2 0x0 0x28 0x65 0x1 0x0 0x96 0x0 0xa7 0x0 0x58 0x0 0x58 0x0 0x68 0x68 0x68 0x68 0x68 0x68 0x71 0x3 0x72 0x3 0x6c 0x3 0x6d 0x3 0x74 0x3 0x75 0x3 0x6b 0x3 0x6d 0x3 0x25 0x0 0x3 0x6e 0x75 0x76 0x7b 0x4d 0x80 0x4f 0x80 0xa6 0x82 0xeb 0x7b 0x67 0x71 0x0 0x0 0x2c 0x42 0x0 0x0 0x29 0xe8 0x15 0xee 0x0 0x0 0x0 0x0 0xed 0x76 0x0 0x80 0x0 0xa4 0xa4 0x0 0x8 0x9f 0x5 0x0 0x0
1787980510137,0x1 0x8b 0xd 0x54 0xa0 0x84 0x81 0x1c 0xf 0x0 0xd 0x57 0xa7 0x0 0xee 0x18 0xe 0x19 0x73 0x1e 0xb3 0x6 0xa6 0x2 0x0 0x28 0x65 0x1 0x0 0x2f 0x0 0x96 0x0 0x57 0x0 0x58 0x0 0x68 0x68 0x68 0x68 0x68 0x68 0x7f 0x3 0x63 0x3 0x7e 0x3 0x5f 0x3 0x7f 0x3 0x64 0x3 0x7d 0x3 0x5f 0x3 0x25 0x0 0x3 0x75 0x72 0x75 0x7b 0x4d 0x80 0x4f 0x80 0xa6 0x82 0xeb 0x7b 0x69 0x73 0x0 0x0 0x2c 0x42 0x0 0x0 0x29 0xe8 0x15 0xee 0x0 0x0 0x0 0x0 0xef 0x76 0x0 0x80 0x0 0xa4 0xa4 0x0 0x8 0xac 0x5 0x0 0x0
1787980510361,0x1 0x8b 0xd 0x54 0xa0 0x84 0x81 0xd 0x0 0x0 0xd 0x36 0x51 0x0 0x47 0xc 0xf0 0x10 0x73 0x1e 0x99 0x6 0xa6 0x2 0x0 0x28 0x65 0x1 0x0 0x13 0x0 0x54 0x0 0x57 0x0 0x57 0x0 0x69 0x69 0x69 0x69 0x69 0x69 0x56 0x2 0x23 0x2 0x2e 0x2 0xfe 0x1 0xc 0x2 0xe5 0x1 0x0 0x2 0xe5 0x1 0x28 0x0 0x3 0x78 0x6f 0x75 0x7b 0x4d 0x80 0x4f 0x80 0xa6 0x82 0xeb 0x7b 0x69 0x73 0x0 0x0 0x2c 0x41 0x0 0x0 0x29 0xe8 0x15 0xee 0x0 0x0 0x0 0x0 0xf4 0x57 0x0 0x80 0x0 0xa4 0xa4 0x0 0x0 0xac 0x5 0x0 0x0
1787980510586,0x1 0x8b 0xd 0x54 0xa0 0x84 0x81 0xd 0x0 0x0 0xd 0x33 0x4c 0x0 0x6f 0xc 0xfa 0xc 0x73 0x1e 0x1d 0x6 0xa6 0x2 0x0 0x28 0x65 0x1 0x0 0x7d 0x0 0x89 0x0 0x58 0x0 0x58 0x0 0x77 0x77 0x77 0x77 0x77 0x77 0xc6 0x1 0xa7 0x1 0xc4 0x1 0xa5 0x1 0xc2 0x1 0xa4 0x1 0xc1 0x1 0xa4 0x1 0x29 0x0 0x3 0x72 0x6d 0x73 0x7b 0x4d 0x80 0x4f 0x80 0xa6 0x82 0xeb 0x7b 0x69 0x73 0x0 0x0 0x2c 0x3e 0x0 0x0 0x29 0xe8 0x15 0xee 0x0 0x0 0x0 0x0 0xff 0x35 0x0 0x80 0x0 0xa4 0xa4 0x0 0x0 0xac 0x5 0x0 0x0
1787980510811,0x1 0x8c 0xd 0x54 0xa0 0x84 0x81 0xd 0x0 0x0 0xd 0x34 0x4d 0x0 0xf4 0xc 0x1 0xd 0x73 0x1e 0xf2 0x5 0xa6 0x2 0x0 0x28 0x65 0x1 0x0 0xa4 0x0 0x36 0x0 0x58 0x0 0x58 0x0 0x82 0x82 0x82 0x82 0x82 0x82 0xbd 0x1 0xb6 0x1 0xbc 0x1 0xb6 0x1 0xbd 0x1 0xa9 0x1 0xbd 0x1 0xb8 0x1 0x29 0x0 0x3 0x70 0x73 0x73 0x76 0x4d 0x80 0x4f 0x80 0xa6 0x82 0xeb 0x7b 0x69 0x73 0x0 0x0 0x88 0x41 0x5c 0x5 0x29 0xe8 0x15 0xee 0x0 0x0 0x0 0x0 0xff 0x31 0x0 0x80 0x0 0xa4 0xa4 0x0 0x0 0x9f 0x5 0x0 0x0
1787980511035,0x1 0x8c 0xd 0x54 0xa0 0x84 0x81 0xd 0x0 0x0 0xd 0x33 0x4c 0x0 0xd 0xd 0x15 0xd 0x73 0x1d 0xd3 0x5 0xa6 0x2 0x0 0x28 0x65 0x1 0x0 0x73 0x0 0x16 0x0 0x58 0x0 0x57 0x0 0x8b 0x8b 0x8b 0x8b 0x8b 0x8b 0xc2 0x1 0xc2 0x1 0xc3 0x1 0xc4 0x1 0xc0 0x1 0xc1 0x1 0xc3 0x1 0xc4 0x1 0x29 0x0 0x3 0x6e 0x75 0x73 0x76 0x4d 0x80 0x4f 0x80 0xa6 0x82 0xeb 0x7b 0x67 0x71 0x0 0x0 0x88 0x40 0x5c 0x5 0x29 0xe8 0x15 0xee 0x0 0x0 0x0 0x0 0xff 0x30 0x0 0x80 0x0 0xa4 0xa4 0x0 0x0 0x9f 0x5 0x0 0x0
1787980511258,0x1 0x8a 0xd 0x54 0xa0 0x83 0x82 0xd 0x0 0x0 0xd 0x35 0x4f 0x0 0xa1 0xd 0x68 0xd 0x73 0x1d 0xcc 0x5 0xa6 0x2 0x0 0x28 0x65 0x1 0x0 0x13 0x0 0xe 0x0 0x57 0x0 0x58 0x0 0x94 0x94 0x94 0x94 0x94 0x94 0xde 0x1 0xd5 0x1 0xe0 0x1 0xd0 0x1 0xdb 0x1 0xd2 0x1 0xe0 0x1 0xd6 0x1 0x29 0x0 0x3 0x77 0x77 0x74 0x76 0x4d 0x80 0x4f 0x80 0xa6 0x82 0xeb 0x7b 0x67 0x71 0x0 0x0 0x88 0x40 0x5c 0x5 0x29 0xe8 0x15 0xee 0x0 0x0 0x0 0x0 0xff 0x30 0x0 0x80 0x0 0xa4 0xa4 0x0 0x0 0xb9 0x5 0x0 0x0
1787980511482,0x1 0x8a 0xd 0x54 0xa0 0x83 0x82 0xd 0x0 0x0 0xd 0x33 0x4d 0x0 0x85 0xd 0x74 0xd 0x73 0x1d 0xb2 0x5 0xa6 0x2 0x0 0x28 0x65 0x1 0x0 0xf 0x0 0xc 0x0 0x57 0x0 0x58 0x0 0x9c 0x9c 0x9c 0x9c 0x9c 0x9c 0xe9 0x1 0xdd 0x1 0xe7 0x1 0xdd 0x1 0xe8 0x1 0xde 0x1 0xe9 0x1 0xdf 0x1 0x29 0x0 0x3 0x79 0x79 0x74 0x76 0x4d 0x80 0x4f 0x80 0xa6 0x82 0xeb 0x7b 0x67 0x71 0x0 0x0 0x88 0x3f 0x5c 0x5 0x29 0xe8 0x15 0xee 0x0 0x0 0x0 0x0 0xff 0x2f 0x0 0x80 0x0 0xa4 0xa4 0x0 0x0 0xb9 0x5 0x0 0x0
1787980511705,0x1 0x8b 0xd 0x54 0xa0 0x83 0x82 0xd 0x0 0x0 0xd 0x33 0x4c 0x0 0xbd 0xd 0x81 0xd 0x73 0x1c 0x88 0x5 0xa6 0x2 0x0 0x28 0x65 0x1 0x0 0xf 0x0 0xd 0x0 0x57 0x0 0x58 0x0 0xa1 0xa1 0xa1 0xa1 0xa1 0xa1 0xeb 0x1 0xe1 0x1 0xec 0x1 0xe3 0x1 0xed 0x1 0xe1 0x1 0xed 0x1 0xe4 0x1 0x2a 0x0 0x3 0x7b 0x7b 0x74 0x76 0x4d 0x80 0x4f 0x80 0xa6 0x82 0xeb 0x7b 0x67 0x71 0x0 0x0 0x88 0x3e 0x5c 0x5 0x29 0xe8 0x15 0xee 0x0 0x0 0x0 0x0 0xff 0x2d 0x0 0x80 0x0 0xa4 0xa4 0x0 0x0 0xac 0x5 0x0 0x0
1787980511929,0x1 0x8b 0xd 0x54 0xa0 0x83 0x82 0xd 0x0 0x0 0xd 0x30 0x4a 0x0 0x8d 0xd 0xa8 0xd 0x73 0x1c 0x76 0x5 0xa6 0x2 0x0 0x28 0x65 0x1 0x0 0x10 0x0 0xd 0x0 0x57 0x0 0x58 0x0 0xa0 0xa0 0xa0 0xa0 0xa0 0xa0 0xf6 0x1 0xeb 0x1 0xf6 0x1 0xea 0x1 0xf5 0x1 0xeb 0x1 0xf6 0x1 0xec 0x1 0x2a 0x0 0x3 0x7c 0x7c 0x74 0x76 0x4d 0x80 0x4f 0x80 0xa6 0x82 0xeb 0x7b 0x67 0x71 0x0 0x0 0x88 0x3d 0x5c 0x5 0x29 0xe8 0x15 0xee 0x0 0x0 0x0 0x0 0xff 0x2b 0x0 0x80 0x0 0xa4 0xa4 0x0 0x0 0xac 0x5 0x0 0x0
1787980512154,0x1 0x8b 0xd 0x53 0xa1 0x83 0x82 0xd 0x0 0x0 0xd 0x32 0x4b 0x0 0xe2 0xd 0xb8 0xd 0x73 0x1c 0x67 0x5 0xa4 0x2 0x0 0x28 0x65 0x1 0x0 0x11 0x0 0xe 0x0 0x58 0x0 0x57 0x0 0x9f 0x9f 0x9f 0x9f 0x9f 0x9f 0xf9 0x1 0xf0 0x1 0xfa 0x1 0xf0 0x1 0xfb 0x1 0xf0 0x1 0xfb 0x1 0xf0 0x1 0x2a 0x0 0x3 0x7e 0x7e 0x74 0x76 0x4d 0x80 0x4f 0x80 0xa6 0x82 0xeb 0x7b 0x67 0x71 0x0 0x0 0x88 0x3d 0x5c 0x5 0x29 0xe8 0x15 0xee 0x0 0x0 0x0 0x0 0xff 0x2b 0x0 0x80 0x0 0xa4 0xa4 0x0 0x0 0xac 0x5 0x0 0x0
1787980512378,0x1 0x8a 0xd 0x53 0xa1 0x83 0x82 0xd 0x0 0x0 0xd 0x32 0x4b 0x0 0xe7 0xd 0xc7 0xd 0x73 0x1c 0x65 0x5 0xa4 0x2 0x0 0x28 0x65 0x1 0x0 0x15 0x0 0x11 0x0 0x58 0x0 0x58 0x0 0x9f 0x9f 0x9f 0x9f 0x9f 0x9f 0xff 0x1 0xf5 0x1 0x0 0x2 0xf5 0x1 0xfe 0x1 0xf4 0x1 0xff 0x1 0xf5 0x1 0x2a 0x0 0x3 0x7f 0x80 0x74 0x76 0x4d 0x80 0x4f 0x80 0xa6 0x82 0xeb 0x7b 0x67 0x71 0x0 0x0 0xc 0x3d 0x52 0x5 0x29 0xe8 0x15 0xee 0x0 0x0 0x0 0x0 0xff 0x2b 0x0 0x80 0x0 0xa4 0xa4 0x0 0x0 0xb9 0x5 0x0 0x0
1787980512602,0x1 0x8c 0xd 0x53 0xa1 0x83 0x82 0xd 0x0 0x0 0xd 0x32 0x4b 0x0 0x1 0xe 0xd0 0xd 0x73 0x1b 0x5b 0x5 0xa4 0x2 0x0 0x28 0x65 0x1 0x0 0x3d 0x0 0x37 0x0 0x58 0x0 0x58 0x0 0x9f 0x9f 0x9f 0x9f 0x9f 0x9f 0x4 0x2 0xf8 0x1 0x2 0x2 0xf7 0x1 0x3 0x2 0xf8 0x1 0x4 0x2 0xf9 0x1 0x2a 0x0 0x3 0x87 0x87 0x79 0x7c 0x4d 0x80 0x4f 0x80 0xa6 0x82 0xeb 0x7b 0x67 0x71 0x0 0x0 0xc 0x3c 0x52 0x5 0x29 0xe8 0x15 0xee 0x0 0x0 0x0 0x0 0xff 0x29 0x7c 0x7a 0x0 0xa4 0xa4 0x0 0x0 0x9f 0x5 0x0 0x0
1787980512826,0x1 0x8c 0xd 0x53 0xa1 0x83 0x82 0xd 0x0 0x0 0xd 0x31 0x48 0x0 0x88 0xd 0xda 0xd 0x73 0x1b 0x52 0x5 0xa4 0x2 0x0 0x28 0x65 0x1 0x0 0x7e 0x0 0x7e 0x0 0x58 0x0 0x58 0x0 0x9f 0x9f 0x9f 0x9f 0x9f 0x9f 0x8 0x2 0xfe 0x1 0xfa 0x1 0xfd 0x1 0x9 0x2 0xff 0x1 0xfa 0x1 0xfd 0x1 0x2a 0x0 0x3 0x80 0x88 0x7e 0x7c 0x4d 0x80 0x4f 0x80 0xa6 0x82 0xeb 0x7b 0x67 0x71 0x0 0x0 0xc 0x3c 0x52 0x5 0x29 0xe8 0x15 0xee 0x0 0x0 0x0 0x0 0xff 0x29 0x7c 0x7a 0x0 0xa4 0xa4 0x0 0x0 0x9f 0x5 0x0 0x0
1787980513050,0x1 0x8c 0xd 0x53 0xa1 0x83 0x82 0xd 0x0 0x0 0xd 0x32 0x4a 0x0 0xf1 0xd 0xe0 0xd 0x73 0x1b 0x4f 0x5 0xa4 0x2 0x0 0x28 0x65 0x1 0x0 0xa3 0x0 0x9e 0x0 0x58 0x0 0x58 0x0 0x9f 0x9f 0x9f 0x9f 0x9f 0x9f 0xf7 0x1 0xfe 0x1 0xf9 0x1 0xfe 0x1 0xf8 0x1 0xfe 0x1 0xf8 0x1 0xfe 0x1 0x2a 0x0 0x3 0x7f 0x88 0x7e 0x7c 0x4d 0x80 0x4f 0x80 0xa6 0x82 0xeb 0x7b 0x67 0x71 0x0 0x0 0xc 0x3c 0x52 0x5 0x29 0xe8 0x15 0xee 0x0 0x0 0x0 0x0 0xff 0x29 0x7c 0x7a 0x0 0xa4 0xa4 0x0 0x0 0x9f 0x5 0x0 0x0
1787980513272,0x1 0x8a 0xd 0x53 0xa1 0x83 0x82 0xd 0x0 0x0 0xd 0x31 0x48 0x0 0xf1 0xd 0x1 0xe 0x73 0x1a 0x2a 0x5 0xa4 0x2 0x0 0x28 0x65 0x1 0x0 0xa5 0x0 0xa8 0x0 0x57 0x0 0x58 0x0 0x9e 0x9e 0x9e 0x9e 0x9e 0x9e 0xf8 0x1 0xf2 0x1 0xf9 0x1 0xf3 0x1 0xfa 0x1 0xf1 0x1 0xfa 0x1 0xf3 0x1 0x2a 0x0 0x3 0x7d 0x7f 0x7e 0x7c 0x4d 0x80 0x4f 0x80 0xa6 0x82 0xeb 0x7b 0x67 0x71 0x0 0x0 0xc 0x3a 0x52 0x5 0x29 0xe8 0x15 0xee 0x0 0x0 0x0 0x0 0xff 0x27 0x7c 0x7a 0x0 0xa4 0xa4 0x0 0x0 0xb9 0x5 0x0 0x0
1787980513496,0x1 0x8b 0xd 0x53 0xa1 0x83 0x82 0xd 0x0 0x0 0xd 0x2f 0x46 0x0 0xa3 0xd 0x8 0xe 0x73 0x1a 0x22 0x5 0xa4 0x2 0x0 0x28 0x65 0x1 0x0 0x98 0x0 0xa5 0x0 0x58 0x0 0x58 0x0 0x9e 0x9e 0x9e 0x9e 0x9e 0x9e 0xf8 0x1 0xf2 0x1 0xf9 0x1 0xf2 0x1 0xfa 0x1 0xf1 0x1 0xf8 0x1 0xf0 0x1 0x2a 0x0 0x3 0x7c 0x7e 0x7e 0x7c 0x4d 0x80 0x4f 0x80 0xa6 0x82 0xeb 0x7b 0x67 0x71 0x0 0x0 0xc 0x3a 0x52 0x5 0x29 0xe8 0x15 0xee 0x0 0x0 0x0 0x0 0xff 0x27 0x7c 0x7a 0x0 0xa4 0xa4 0x0 0x0 0xac 0x5 0x0 0x0
1787980513722,0x1 0x8c 0xd 0x53 0xa1 0x83 0x82 0xd 0x0 0x0 0xd 0x30 0x46 0x0 0xd1 0xd 0xb 0xe 0x73 0x1a 0x11 0x5 0xa4 0x2 0x0 0x28 0x65 0x1 0x0 0x72 0x0 0x9d 0x0 0x57 0x0 0x58 0x0 0x9d 0x9d 0x9d 0x9d 0x9d 0x9d 0xf6 0x1 0xf0 0x1 0xf7 0x1 0xee 0x1 0xf8 0x1 0xf0 0x1 0xf6 0x1 0xee 0x1 0x2b 0x0 0x3 0x7a 0x7c 0x7e 0x7c 0x4d 0x80 0x4f 0x80 0xa6 0x82 0xeb 0x7b 0x67 0x71 0x0 0x0 0xc 0x39 0x52 0x5 0x29 0xe8 0x15 0xee 0x0 0x0 0x0 0x0 0xff 0x25 0x7c 0x7a 0x0 0xa4 0xa4 0x0 0x0 0x9f 0x5 0x0 0x0
1787980513945,0x1 0x8c 0xd 0x53 0xa1 0x83 0x82 0xd 0x0 0x0 0xd 0x30 0x47 0x0 0x2b 0xe 0x1a 0xe 0x73 0x1a 0x3 0x5 0xa4 0x2 0x0 0x28 0x65 0x1 0x0 0x31 0x0 0x88 0x0 0x58 0x0 0x57 0x0 0x9d 0x9d 0x9d 0x9d 0x9d 0x9d 0x3 0x2 0xee 0x1 0x4 0x2 0xee 0x1 0x5 0x2 0xef 0x1 0x5 0x2 0xef 0x1 0x2b 0x0 0x3 0x81 0x7a 0x80 0x7c 0x4d 0x80 0x4f 0x80 0xa6 0x82 0xeb 0x7b 0x67 0x71 0x0 0x0 0xc 0x39 0x52 0x5 0x29 0xe8 0x15 0xee 0x0 0x0 0x0 0x0 0xff 0x25 0x7c 0x7a 0x0 0xa4 0xa4 0x0 0x0 0x9f 0x5 0x0 0x0
1787980514168,0x1 0x8b 0xd 0x53 0xa1 0x82 0x82 0xd 0x0 0x0 0xd 0x30 0x48 0x0 0x5b 0xe 0x2b 0xe 0x73 0x19 0x4 0x5 0xa4 0x2 0x0 0x28 0x65 0x1 0x0 0x1b 0x0 0x32 0x0 0x57 0x0 0x58 0x0 0x9d 0x9d 0x9d 0x9d 0x9d 0x9d 0xa 0x2 0xfc 0x1 0xb 0x2 0xfa 0x1 0x7 0x2 0xfb 0x1 0xb 0x2 0xfd 0x1 0x2b 0x0 0x3 0x83 0x81 0x80 0x81 0x4d 0x80 0x4f 0x80 0xa6 0x82 0xeb 0x7b 0x67 0x71 0x0 0x0 0xc 0x39 0x52 0x5 0x29 0xe8 0x15 0xee 0x0 0x0 0x0 0x0 0xff 0x23 0x7c 0x7a 0x0 0xa4 0xa4 0x0 0x0 0xac 0x5 0x0 0x0
1787980514394,0x1 0x8b 0xd 0x53 0xa1 0x82 0x82 0xd 0x0 0x0 0xd 0x2e 0x44 0x0 0xb2 0xd 0x18 0xe 0x73 0x19 0xf7 0x4 0xa4 0x2 0x0 0x28 0x65 0x1 0x0 0x1b 0x0 0x18 0x0 0x58 0x0 0x58 0x0 0x9c 0x9c 0x9c 0x9c 0x9c 0x9c 0xc 0x2 0xfe 0x1 0xc 0x2 0xfe 0x1 0xc 0x2 0xff 0x1 0xc 0x2 0xfe 0x1 0x2b 0x0 0x3 0x84 0x83 0x80 0x81 0x4d 0x80 0x4f 0x80 0xa6 0x82 0xeb 0x7b 0x67 0x71 0x0 0x0 0xc 0x38 0x52 0x5 0x29 0xe8 0x15 0xee 0x0 0x0 0x0 0x0 0xff 0x23 0x7c 0x7a 0x0 0xa4 0xa4 0x0 0x0 0xac 0x5 0x0 0x0
1787980514618,0x1 0x8c 0xd 0x53 0xa1 0x82 0x82 0xd 0x0 0x0 0xd 0x2f 0x45 0x0 0x13 0xe 0xf8 0xd 0x73 0x19 0xe7 0x4 0xa4 0x2 0x0 0x28 0x65 0x1 0x0 0x2a 0x0 0x15 0x0 0x57 0x0 0x58 0x0 0x9c 0x9c 0x9c 0x9c 0x9c 0x9c 0xb 0x2 0xfb 0x1 0x9 0x2 0xfc 0x1 0xa 0x2 0xfe 0x1 0xb 0x2 0xfe 0x1 0x2b 0x0 0x3 0x86 0x85 0x80 0x81 0x4d 0x80 0x4f 0x80 0xa6 0x82 0xeb 0x7b 0x67 0x71 0x0 0x0 0xc 0x38 0x52 0x5 0x29 0xe8 0x15 0xee 0x0 0x0 0x0 0x0 0xff 0x23 0x7c 0x7a 0x0 0xa4 0xa4 0x0 0x0 0x9f 0x5 0x0 0x0
1787980514840,0x1 0x8c 0xd 0x53 0xa1 0x82 0x82 0xd 0x0 0x0 0xd 0x30 0x47 0x0 0x82 0xe 0x31 0xe 0x73 0x19 0xe5 0x4 0xa4 0x2 0x0 0x28 0x65 0x1 0x0 0x2f 0x0 0x14 0x0 0x58 0x0 0x58 0x0 0x9c 0x9c 0x9c 0x9c 0x9c 0x9c 0x13 0x2 0x6 0x2 0x15 0x2 0x4 0x2 0x13 0x2 0x5 0x2 0x15 0x2 0x7 0x2 0x2b 0x0 0x3 0x88 0x86 0x80 0x81 0x4d 0x80 0x4f 0x80 0xa6 0x82 0xeb 0x7b 0x67 0x71 0x0 0x0 0xc 0x38 0x52 0x5 0x29 0xe8 0x15 0xee 0x0 0x0 0x0 0x0 0xff 0x23 0x7c 0x7a 0x0 0xa4 0xa4 0x0 0x0 0x9f 0x5 0x0 0x0
1787980515065,0x1 0x8a 0xd 0x53 0xa1 0x82 0x82 0xd 0x0 0x0 0xd 0x31 0x48 0x0 0xcb 0xe 0x59 0xe 0x73 0x18 0xde 0x4 0xa4 0x2 0x0 0x28 0x65 0x1 0x0 0x5b 0x0 0x13 0x0 0x57 0x0 0x58 0x0 0x9d 0x9d 0x9d 0x9d 0x9d 0x9d 0x1a 0x2 0xc 0x2 0x1b 0x2 0xd 0x2 0x1d 0x2 0xa 0x2 0x1d 0x2 0xe 0x2 0x2b 0x0 0x3 0x89 0x88 0x80 0x81 0x4d 0x80 0x4f 0x80 0xa6 0x82 0xeb 0x7b 0x69 0x73 0x0 0x0 0xc 0x37 0x52 0x5 0x29 0xe8 0x15 0xee 0x0 0x0 0x0 0x0 0xff 0x23 0x7c 0x7a 0x0 0xa4 0xa4 0x0 0x0 0xb9 0x5 0x0 0x0
1787980515304,0x1 0x8a 0xd 0x53 0xa1 0x82 0x82 0xd 0x0 0x0 0xd 0x30 0x47 0x0 0xa5 0xe 0x6e 0xe 0x73 0x18 0xd9 0x4 0xa4 0x2 0x0 0x28 0x65 0x1 0x0 0x94 0x0 0x14 0x0 0x57 0x0 0x58 0x0 0x9d 0x9d 0x9d 0x9d 0x9d 0x9d 0x10 0x2 0x15 0x2 0x10 0x2 0x13 0x2 0x10 0x2 0x12 0x2 0x11 0x2 0x15 0x2 0x2b 0x0 0x3 0x81 0x89 0x81 0x81 0x4d 0x80 0x4f 0x80 0xa6 0x82 0xeb 0x7b 0x69 0x73 0x0 0x0 0xc 0x37 0x52 0x5 0x29 0xe8 0x15 0xee 0x0 0x0 0x0 0x0 0xff 0x21 0x7c 0x7a 0x0 0xa4 0xa4 0x0 0x0 0xb9 0x5 0x0 0x0
1787980515529,0x1 0x8b 0xd 0x53 0xa1 0x82 0x82 0xd 0x0 0x0 0xd 0x2f 0x45 0x0 0x71 0xe 0x74 0xe 0x73 0x18 0xc7 0x4 0xa4 0x2 0x0 0x28 0x65 0x1 0x0 0xa6 0x0 0x1c 0x0 0x57 0x0 0x58 0x0 0x9d 0x9d 0x9d 0x9d 0x9d 0x9d 0xe 0x2 0x17 0x2 0xf 0x2 0x18 0x2 0xe 0x2 0x17 0x2 0xf 0x2 0x18 0x2 0x2b 0x0 0x3 0x80 0x8b 0x81 0x81 0x4d 0x80 0x4f 0x80 0xa6 0x82 0xeb 0x7b 0x69 0x73 0x0 0x0 0xc 0x37 0x52 0x5 0x29 0xe8 0x15 0xee 0x0 0x0 0x0 0x0 0xff 0x21 0x7c 0x7a 0x0 0xa4 0xa4 0x0 0x0 0xac 0x5 0x0 0x0
1787980515751,0x1 0x8b 0xd 0x53 0xa1 0x82 0x82 0xd 0x0 0x0 0xd 0x2f 0x48 0x0 0xff 0xe 0x8e 0xe 0x73 0x18 0xcd 0x4 0xa4 0x2 0x0 0x28 0x65 0x1 0x0 0xa3 0x0 0x5d 0x0 0x58 0x0 0x58 0x0 0x9d 0x9d 0x9d 0x9d 0x9d 0x9d 0xe 0x2 0x1b 0x2 0xd 0x2 0x1c 0x2 0xe 0x2 0x1e 0x2 0xf 0x2 0x1e 0x2 0x2b 0x0 0x3 0x7e 0x8d 0x81 0x81 0x4d 0x80 0x4f 0x80 0xa6 0x82 0xeb 0x7b 0x69 0x73 0x0 0x0 0xc 0x37 0x52 0x5 0x29 0xe8 0x15 0xee 0x0 0x0 0x0 0x0 0xff 0x21 0x7c 0x7a 0x0 0xa4 0xa4 0x0 0x0 0xac 0x5 0x0 0x0
1787980515976,0x1 0x8b 0xd 0x53 0xa1 0x82 0x82 0xd 0x0 0x0 0xd 0x2f 0x45 0x0 0x96 0xe 0xa6 0xe 0x73 0x17 0xbb 0x4 0xa4 0x2 0x0 0x28 0x65 0x1 0x0 0x9a 0x0 0x8e 0x0 0x58 0x0 0x58 0x0 0x9c 0x9c 0x9c 0x9c 0x9c 0x9c 0xe 0x2 0x21 0x2 0x10 0x2 0x23 0x2 0x10 0x2 0x22 0x2 0xe 0x2 0x22 0x2 0x2c 0x0 0x3 0x7d 0x8d 0x81 0x81 0x4d 0x80 0x4f 0x80 0xa6 0x82 0xeb 0x7b 0x69 0x73 0x0 0x0 0xc 0x36 0x52 0x5 0x29 0xe8 0x15 0xee 0x0 0x0 0x0 0x0 0xff 0x1f 0x7c 0x7a 0x0 0xa4 0xa4 0x0 0x0 0xac 0x5 0x0 0x0
1787980516201,0x1 0x8b 0xd 0x53 0xa1 0x82 0x82 0xd 0x0 0x0 0xd 0x2e 0x44 0x0 0x6f 0xe 0xa8 0xe 0x73 0x17 0xb6 0x4 0xa4 0x2 0x0 0x28 0x65 0x1 0x0 0x5a 0x0 0xa2 0x0 0x58 0x0 0x58 0x0 0x9c 0x9c 0x9c 0x9c 0x9c 0x9c 0xe 0x2 0x15 0x2 0xd 0x2 0x22 0x2 0xd 0x2 0x15 0x2 0xd 0x2 0x15 0x2 0x2c 0x0 0x3 0x7b 0x85 0x81 0x83 0x4d 0x80 0x4f 0x80 0xa6 0x82 0xeb 0x7b 0x67 0x71 0x0 0x0 0xc 0x36 0x52 0x5 0x29 0xe8 0x15 0xee 0x0 0x0 0x0 0x0 0xff 0x1f 0x7c 0x7a 0x0 0xa4 0xa4 0x0 0x0 0xac 0x5 0x0 0x0
1787980516423,0x1 0x8b 0xd 0x53 0xa1 0x82 0x82 0xd 0x0 0x0 0xd 0x2f 0x46 0x0 0xec 0xe 0xa2 0xe 0x73 0x17 0xb1 0x4 0xa4 0x2 0x0 0x28 0x65 0x1 0x0 0x1f 0x0 0xa5 0x0 0x58 0x0 0x58 0x0 0x9c 0x9c 0x9c 0x9c 0x9c 0x9c 0x1a 0x2 0x11 0x2 0x1a 0x2 0x11 0x2 0x18 0x2 0x12 0x2 0x1c 0x2 0x11 0x2 0x2c 0x0 0x3 0x84 0x84 0x82 0x83 0x4d 0x80 0x4f 0x80 0xa6 0x82 0xeb 0x7b 0x67 0x71 0x0 0x0 0xc 0x36 0x52 0x5 0x29 0xe8 0x15 0xee 0x0 0x0 0x0 0x0 0xff 0x1f 0x7c 0x7a 0x0 0xa4 0xa4 0x0 0x0 0xac 0x5 0x0 0x0
1787980516649,0x1 0x8b 0xd 0x53 0xa1 0x82 0x82 0xd 0x0 0x0 0xd 0x30 0x46 0x0 0x36 0xf 0xbf 0xe 0x73 0x17 0x9a 0x4 0xa4 0x2 0x0 0x28 0x65 0x1 0x0 0x13 0x0 0xa1 0x0 0x58 0x0 0x58 0x0 0x9d 0x9d 0x9d 0x9d 0x9d 0x9d 0x20 0x2 0x12 0x2 0x20 0x2 0x10 0x2 0x22 0x2 0x12 0x2 0x22 0x2 0x11 0x2 0x2d 0x0 0x3 0x85 0x82 0x82 0x83 0x4d 0x80 0x4f 0x80 0xa6 0x82 0xeb 0x7b 0x67 0x71 0x0 0x0 0xc 0x35 0x52 0x5 0x29 0xe8 0x15 0xee 0x0 0x0 0x0 0x0 0xff 0x1d 0x7c 0x7a 0x0 0xa4 0xa4 0x0 0x0 0xac 0x5 0x0 0x0
1787980516873,0x1 0x8b 0xd 0x53 0xa1 0x82 0x82 0xd 0x0 0x0 0xd 0x2d 0x44 0x0 0xe7 0xe 0xcf 0xe 0x73 0x17 0x90 0x4 0xa4 0x2 0x0 0x28 0x65 0x1 0x0 0x12 0x0 0x98 0x0 0x58 0x0 0x57 0x0 0xa0 0xa0 0xa0 0xa0 0xa0 0xa0 0x28 0x2 0x11 0x2 0x25 0x2 0x11 0x2 0x26 0x2 0x11 0x2 0x28 0x2 0x11 0x2 0x2d 0x0 0x3 0x87 0x81 0x82 0x83 0x4d 0x80 0x4f 0x80 0xa6 0x82 0xeb 0x7b 0x67 0x71 0x0 0x0 0xc 0x35 0x52 0x5 0x29 0xe8 0x15 0xee 0x0 0x0 0x0 0x0 0xff 0x1d 0x7c 0x7a 0x0 0xa4 0xa4 0x0 0x4 0xac 0x5 0x0 0x0
1787980517095,0x1 0x89 0xd 0x53 0xa1 0x82 0x82 0xd 0x0 0x0 0xd 0x2b 0x3f 0x0 0x9c 0xe 0xc3 0xe 0x73 0x17 0x50 0x4 0xa4 0x2 0x0 0x28 0x65 0x1 0x0 0x13 0x0 0x47 0x0 0x57 0x0 0x58 0x0 0xb2 0xb2 0xb2 0xb2 0xb2 0xb2 0x28 0x2 0x1d 0x2 0x2a 0x2 0xf 0x2 0x29 0x2 0xe 0x2 0x29 0x2 0x1d 0x2 0x2e 0x0 0x3 0x88 0x87 0x82 0x87 0x4d 0x80 0x4f 0x80 0xa6 0x82 0xeb 0x7b 0x69 0x73 0x0 0x0 0x2a 0x2d 0x70 0xff 0x29 0xe8 0x15 0xee 0x0 0x0 0x0 0x0 0xff 0x1d 0x7c 0x7a 0x0 0xa4 0xa4 0x0 0x4 0xcb 0x5 0x0 0x0
1787980517320,0x1 0x8c 0xd 0x53 0xa1 0x82 0x82 0xd 0x0 0x0 0xd 0x29 0x3c 0x0 0x5b 0xe 0x8a 0xe 0x73 0x16 0x2e 0x4 0xa4 0x2 0x0 0x28 0x65 0x1 0x0 0x14 0x0 0x1f 0x0 0x57 0x0 0x58 0x0 0xb3 0xb3 0xb3 0xb3 0xb3 0xb3 0x27 0x2 0x1a 0x2 0x28 0x2 0x1c 0x2 0x27 0x2 0x1c 0x2 0x26 0x2 0x1a 0x2 0x2f 0x0 0x3 0x89 0x89 0x82 0x87 0x4d 0x80 0x4f 0x80 0xa6 0x82 0xeb 0x7b 0x69 0x73 0x0 0x0 0x8c 0x28 0xd2 0xfb 0x29 0xe8 0x15 0xee 0x0 0x0 0x0 0x0 0xff 0x17 0x7c 0x7a 0x0 0xa4 0xa4 0x0 0x4 0x9f 0x5 0x0 0x0
1787980517545,0x1 0x8b 0xd 0x53 0xa1 0x82 0x82 0xd 0x0 0x0 0xd 0x27 0x3a 0x0 0x39 0xe 0x62 0xe 0x73 0x16 0x14 0x4 0xa4 0x2 0x0 0x28 0x65 0x1 0x0 0x1b 0x0 0x17 0x0 0x57 0x0 0x58 0x0 0xb2 0xb2 0xb2 0xb2 0xb2 0xb2 0x24 0x2 0x19 0x2 0x26 0x2 0x1a 0x2 0x25 0x2 0x1a 0x2 0x24 0x2 0x19 0x2 0x30 0x0 0x3 0x8b 0x8a 0x82 0x87 0x4d 0x80 0x4f 0x80 0xa6 0x82 0xeb 0x7b 0x69 0x73 0x0 0x0 0x88 0x26 0xce 0xfa 0x29 0xe8 0x15 0xee 0x0 0x0 0x0 0x0 0xff 0x15 0x7c 0x7a 0x0 0xa4 0xa4 0x0 0x4 0xac 0x5 0x0 0x0
1787980517785,0x1 0x8a 0xd 0x53 0xa1 0x82 0x82 0xd 0x0 0x0 0xd 0x27 0x39 0x0 0x4b 0xe 0x59 0xe 0x73 0x16 0xfd 0x3 0xa4 0x2 0x0 0x28 0x65 0x1 0x0 0x58 0x0 0x17 0x0 0x57 0x0 0x57 0x0 0xb1 0xb1 0xb1 0xb1 0xb1 0xb1 0x27 0x2 0x17 0x2 0x24 0x2 0x1a 0x2 0x26 0x2 0x1a 0x2 0x27 0x2 0x1b 0x2 0x31 0x0 0x3 0x8c 0x8b 0x82 0x87 0x4d 0x80 0x4f 0x80 0xa6 0x82 0xeb 0x7b 0x69 0x73 0x0 0x0 0x92 0x26 0xd8 0xfb 0x29 0xe8 0x15 0xee 0x0 0x0 0x0 0x0 0xff 0x15 0x7c 0x7a 0x0 0xa4 0xa4 0x0 0x4 0xb9 0x5 0x0 0x0
1787980518023,0x1 0x8c 0xd 0x53 0xa1 0x82 0x82 0xd 0x0 0x0 0xd 0x26 0x38 0x0 0x4b 0xe 0x5d 0xe 0x73 0x15 0xeb 0x3 0xa4 0x2 0x0 0x28 0x65 0x1 0x0 0x99 0x0 0x28 0x0 0x57 0x0 0x57 0x0 0xb1 0xb1 0xb1 0xb1 0xb1 0xb1 0x19 0x2 0x1f 0x2 0x1b 0x2 0x1e 0x2 0x1a 0x2 0x1f 0x2 0x19 0x2 0x1f 0x2 0x31 0x0 0x3 0x84 0x8d 0x83 0x87 0x4d 0x80 0x4f 0x80 0xa6 0x82 0xeb 0x7b 0x69 0x73 0x0 0x0 0x92 0x26 0xd8 0xfb 0x29 0xe8 0x15 0xee 0x0 0x0 0x0 0x0 0xff 0x13 0x7c 0x7a 0x0 0xa4 0xa4 0x0 0x4 0x9f 0x5 0x0 0x0
1787980518248,0x1 0x8b 0xd 0x53 0xa1 0x81 0x83 0xd 0x0 0x0 0xd 0x26 0x37 0x0 0x2a 0xe 0x42 0xe 0x73 0x15 0xe2 0x3 0xa4 0x2 0x0 0x28 0x65 0x1 0x0 0xa9 0x0 0x75 0x0 0x58 0x0 0x58 0x0 0xb1 0xb1 0xb1 0xb1 0xb1 0xb1 0x16 0x2 0x1e 0x2 0x14 0x2 0x1f 0x2 0x17 0x2 0x21 0x2 0x16 0x2 0x21 0x2 0x31 0x0 0x3 0x82 0x8e 0x83 0x87 0x4d 0x80 0x4f 0x80 0xa6 0x82 0xeb 0x7b 0x67 0x71 0x0 0x0 0x92 0x26 0xd8 0xfb 0x29 0xe8 0x15 0xee 0x0 0x0 0x0 0x0 0xff 0x13 0x7c 0x7a 0x0 0xa4 0xa4 0x0 0x4 0xac 0x5 0x0 0x0
1787980518472,0x1 0x8a 0xd 0x53 0xa1 0x81 0x83 0xd 0x0 0x0 0xd 0x25 0x36 0x0 0x1b 0xe 0x3d 0xe 0x73 0x15 0xd4 0x3 0xa4 0x2 0x0 0x28 0x65 0x1 0x0 0xa9 0x0 0xa4 0x0 0x58 0x0 0x57 0x0 0xb0 0xb0 0xb0 0xb0 0xb0 0xb0 0x17 0x2 0x21 0x2 0x15 0x2 0x21 0x2 0x15 0x2 0x23 0x2 0x16 0x2 0x23 0x2 0x31 0x0 0x3 0x81 0x86 0x83 0x87 0x4d 0x80 0x4f 0x80 0xa6 0x82 0xeb 0x7b 0x67 0x71 0x0 0x0 0x9c 0x26 0xe2 0xfc 0x29 0xe8 0x15 0xee 0x0 0x0 0x0 0x0 0xff 0x12 0x7c 0x7a 0x0 0xa4 0xa4 0x0 0x4 0xb9 0x5 0x0 0x0
1787980518696,0x1 0x8a 0xd 0x52 0xa2 0x81 0x83 0xd 0x0 0x0 0xd 0x25 0x37 0x0 0xc6 0xe 0x61 0xe 0x73 0x15 0xb9 0x3 0xa3 0x2 0x0 0x28 0x65 0x1 0x0 0xa6 0x0 0xac 0x0 0x57 0x0 0x58 0x0 0xaf 0xaf 0xaf 0xaf 0xaf 0xaf 0x1a 0x2 0x1a 0x2 0x1b 0x2 0x1b 0x2 0x1c 0x2 0x19 0x2 0x1c 0x2 0x1c 0x2 0x32 0x0 0x3 0x80 0x85 0x83 0x87 0x4d 0x80 0x4f 0x80 0xa6 0x82 0xeb 0x7b 0x67 0x71 0x0 0x0 0xa6 0x26 0xec 0xfd 0x29 0xe8 0x15 0xee 0x0 0x0 0x0 0x0 0xff 0x12 0x7c 0x7a 0x0 0xa4 0xa4 0x0 0x4 0xb9 0x5 0x0 0x0
1787980518920,0x1 0x8b 0xd 0x52 0xa2 0x81 0x83 0xd 0x0 0x0 0xd 0x24 0x36 0x0 0x76 0xe 0x7e 0xe 0x73 0x14 0xbc 0x3 0xa3 0x2 0x0 0x28 0x65 0x1 0x0 0x9e 0x0 0xab 0x0 0x58 0x0 0x58 0x0 0xb0 0xb0 0xb0 0xb0 0xb0 0xb0 0x1f 0x2 0x1e 0x2 0x1e 0x2 0x1c 0x2 0x1e 0x2 0x1e 0x2 0x1e 0x2 0x1c 0x2 0x32 0x0 0x3 0x7e 0x84 0x83 0x87 0x4d 0x80 0x4f 0x80 0xa6 0x82 0xeb 0x7b 0x67 0x71 0x0 0x0 0x29 0x25 0xe2 0xfc 0x29 0xe8 0x15 0xee 0x0 0x0 0x0 0x0 0xff 0x10 0x7c 0x7a 0x0 0xa4 0xa4 0x0 0x4 0xac 0x5 0x0 0x0
1787980519142,0x1 0x8b 0xd 0x52 0xa2 0x81 0x83 0xd 0x0 0x0 0xd 0x26 0x37 0x0 0xbe 0xe 0x83 0xe 0x73 0x14 0xbb 0x3 0xa3 0x2 0x0 0x28 0x65 0x1 0x0 0x94 0x0 0xa8 0x0 0x58 0x0 0x57 0x0 0xb0 0xb0 0xb0 0xb0 0xb0 0xb0 0x1d 0x2 0x1c 0x2 0x1c 0x2 0x1d 0x2 0x1d 0x2 0x1d 0x2 0x1d 0x2 0x1c 0x2 0x32 0x0 0x3 0x7d 0x82 0x83 0x87 0x4d 0x80 0x4f 0x80 0xa6 0x82 0xeb 0x7b 0x69 0x73 0x0 0x0 0x29 0x25 0xe2 0xfc 0x29 0xe8 0x15 0xee 0x0 0x0 0x0 0x0 0xff 0x10 0x7c 0x7a 0x0 0xa4 0xa4 0x0 0x4 0xac 0x5 0x0 0x0
1787980519367,0x1 0x8a 0xd 0x52 0xa2 0x81 0x83 0xd 0x0 0x0 0xd 0x24 0x35 0x0 0x7b 0xe 0x84 0xe 0x73 0x14 0xa9 0x3 0xa3 0x2 0x0 0x28 0x65 0x1 0x0 0x4d 0x0 0xa5 0x0 0x57 0x0 0x57 0x0 0xaf 0xaf 0xaf 0xaf 0xaf 0xaf 0x1e 0x2 0x1e 0x2 0x1e 0x2 0x1c 0x2 0x1d 0x2 0x1d 0x2 0x1e 0x2 0x1d 0x2 0x32 0x0 0x3 0x7c 0x81 0x83 0x87 0x4d 0x80 0x4f 0x80 0xa6 0x82 0xeb 0x7b 0x69 0x73 0x0 0x0 0x29 0x25 0xe2 0xfc 0x29 0xe8 0x15 0xee 0x0 0x0 0x0 0x0 0xff 0x10 0x7c 0x7a 0x0 0xa4 0xa4 0x0 0x4 0xb9 0x5 0x0 0x0
1787980519591,0x1 0x8a 0xd 0x52 0xa2 0x81 0x83 0xd 0x0 0x0 0xd 0x25 0x36 0x0 0xdd 0xe 0x92 0xe 0x73 0x13 0xa2 0x3 0xa3 0x2 0x0 0x28 0x65 0x1 0x0 0x20 0x0 0x9b 0x0 0x57 0x0 0x58 0x0 0xaf 0xaf 0xaf 0xaf 0xaf 0xaf 0x31 0x2 0x1f 0x2 0x30 0x2 0x1e 0x2 0x31 0x2 0x1f 0x2 0x31 0x2 0x1d 0x2 0x32 0x0 0x3 0x85 0x80 0x84 0x87 0x4d 0x80 0x4f 0x80 0xa6 0x82 0xeb 0x7b 0x69 0x73 0x0 0x0 0x29 0x25 0xe2 0xfc 0x29 0xe8 0x15 0xee 0x0 0x0 0x0 0x0 0xff 0xf 0x7c 0x7a 0x0 0xa4 0xa4 0x0 0x4 0xb9 0x5 0x0 0x0
1787980519816,0x1 0x8b 0xd 0x52 0xa2 0x81 0x83 0xd 0x0 0x0 0xd 0x24 0x36 0x0 0xf2 0xe 0xa2 0xe 0x73 0x13 0x9d 0x3 0xa3 0x2 0x0 0x28 0x65 0x1 0x0 0x14 0x0 0x8b 0x0 0x57 0x0 0x57 0x0 0xaf 0xaf 0xaf 0xaf 0xaf 0xaf 0x36 0x2 0x1e 0x2 0x36 0x2 0x1e 0x2 0x36 0x2 0x1f 0x2 0x37 0x2 0x1e 0x2 0x33 0x0 0x3 0x86 0x7e 0x84 0x87 0x4d 0x80 0x4f 0x80 0xa6 0x82 0xeb 0x7b 0x69 0x73 0x0 0x0 0x29 0x24 0xe2 0xfc 0x29 0xe8 0x15 0xee 0x0 0x0 0x0 0x0 0xff 0xf 0x7c 0x7a 0x0 0xa4 0xa4 0x0 0x4 0xac 0x5 0x0 0x0
1787980520040,0x1 0x8b 0xd 0x52 0xa2 0x81 0x83 0xd 0x0 0x0 0xd 0x23 0x33 0x0 0x3d 0xe 0xa2 0xe 0x73 0x13 0x95 0x3 0xa3 0x2 0x0 0x28 0x65 0x1 0x0 0x12 0x0 0x3a 0x0 0x57 0x0 0x57 0x0 0xaf 0xaf 0xaf 0xaf 0xaf 0xaf 0x3c 0x2 0x2e 0x2 0x3b 0x2 0x1f 0x2 0x3b 0x2 0x2e 0x2 0x3c 0x2 0x2e 0x2 0x33 0x0 0x3 0x87 0x86 0x84 0x86 0x4d 0x80 0x4f 0x80 0xa6 0x82 0xeb 0x7b 0x69 0x73 0x0 0x0 0x29 0x24 0xe2 0xfc 0x29 0xe8 0x15 0xee 0x0 0x0 0x0 0x0 0xff 0xf 0x7c 0x7a 0x0 0xa4 0xa4 0x0 0x4 0xac 0x5 0x0 0x0
1787980520262,0x1 0x8b 0xd 0x52 0xa2 0x81 0x83 0xd 0x0 0x0 0xd 0x23 0x35 0x0 0xc8 0xe 0xc5 0xe 0x73 0x13 0x96 0x3 0xa3 0x2 0x0 0x28 0x65 0x1 0x0 0x13 0x0 0x1c 0x0 0x57 0x0 0x57 0x0 0xaf 0xaf 0xaf 0xaf 0xaf 0xaf 0x40 0x2 0x31 0x2 0x41 0x2 0x34 0x2 0x41 0x2 0x34 0x2 0x43 0x2 0x34 0x2 0x33 0x0 0x3 0x89 0x87 0x84 0x86 0x4d 0x80 0x4f 0x80 0xa6 0x82 0xeb 0x7b 0x69 0x73 0x0 0x0 0x29 0x24 0xe2 0xfc 0x29 0xe8 0x15 0xee 0x0 0x0 0x0 0x0 0xff 0xf 0x7c 0x7a 0x0 0xa4 0xa4 0x0 0x4 0xac 0x5 0x0 0x0
1787980520488,0x1 0x8a 0xd 0x52 0xa2 0x81 0x83 0xd 0x0 0x0 0xd 0x24 0x35 0x0 0xd0 0xe 0xc2 0xe 0x73 0x13 0x94 0x3 0xa3 0x2 0x0 0x28 0x65 0x1 0x0 0x14 0x0 0x14 0x0 0x58 0x0 0x58 0x0 0xaf 0xaf 0xaf 0xaf 0xaf 0xaf 0x44 0x2 0x36 0x2 0x44 0x2 0x36 0x2 0x44 0x2 0x36 0x2 0x44 0x2 0x36 0x2 0x33 0x0 0x3 0x8a 0x88 0x84 0x86 0x4d 0x80 0x4f 0x80 0xa6 0x82 0xeb 0x7b 0x69 0x73 0x0 0x0 0x29 0x24 0xe2 0xfc 0x29 0xe8 0x15 0xee 0x0 0x0 0x0 0x0 0xff 0xf 0x7c 0x7a 0x0 0xa4 0xa4 0x0 0x4 0xb9 0x5 0x0 0x0
1787980520712,0x1 0x8b 0xd 0x52 0xa2 0x81 0x83 0xd 0x0 0x0 0xd 0x23 0x35 0x0 0xf1 0xe 0xc7 0xe 0x73 0x12 0x8c 0x3 0xa3 0x2 0x0 0x28 0x65 0x1 0x0 0x17 0x0 0x13 0x0 0x57 0x0 0x57 0x0 0xaf 0xaf 0xaf 0xaf 0xaf 0xaf 0x47 0x2 0x3a 0x2 0x4a 0x2 0x39 0x2 0x49 0x2 0x3a 0x2 0x4a 0x2 0x3b 0x2 0x33 0x0 0x3 0x8b 0x89 0x84 0x86 0x4d 0x80 0x4f 0x80 0xa6 0x82 0xeb 0x7b 0x69 0x73 0x0 0x0 0x33 0x25 0xec 0xfd 0x29 0xe8 0x15 0xee 0x0 0x0 0x0 0x0 0xff 0xf 0x7c 0x7a 0x0 0xa4 0xa4 0x0 0x4 0xac 0x5 0x0 0x0
1787980520934,0x1 0x8b 0xd 0x52 0xa2 0x81 0x83 0xd 0x0 0x0 0xd 0x24 0x36 0x0 0x2d 0xf 0xd9 0xe 0x73 0x12 0x8f 0x3 0xa3 0x2 0x0 0x28 0x65 0x1 0x0 0x2c 0x0 0x14 0x0 0x57 0x0 0x57 0x0 0xaf 0xaf 0xaf 0xaf 0xaf 0xaf 0x4d 0x2 0x3f 0x2 0x4c 0x2 0x3f 0x2 0x4e 0x2 0x40 0x2 0x4d 0x2 0x3f 0x2 0x33 0x0 0x3 0x8d 0x8b 0x84 0x86 0x4d 0x80 0x4f 0x80 0xa6 0x82 0xeb 0x7b 0x69 0x73 0x0 0x0 0x33 0x25 0xec 0xfd 0x29 0xe8 0x15 0xee 0x0 0x0 0x0 0x0 0xff 0xf 0x7c 0x7a 0x0 0xa4 0xa4 0x0 0x4 0xac 0x5 0x0 0x0
1787980521158,0x1 0x8b 0xd 0x52 0xa2 0x81 0x83 0xd 0x0 0x0 0xd 0x23 0x34 0x0 0xe0 0xe 0xd6 0xe 0x73 0x12 0x7f 0x3 0xa3 0x2 0x0 0x28 0x65 0x1 0x0 0x5f 0x0 0x15 0x0 0x58 0x0 0x57 0x0 0xad 0xad 0xad 0xad 0xad 0xad 0x51 0x2 0x40 0x2 0x50 0x2 0x44 0x2 0x54 0x2 0x42 0x2 0x54 0x2 0x45 0x2 0x33 0x0 0x3 0x8e 0x8c 0x84 0x86 0x4d 0x80 0x4f 0x80 0xa6 0x82 0xeb 0x7b 0x69 0x73 0x0 0x0 0x33 0x25 0xec 0xfd 0x29 0xe8 0x15 0xee 0x0 0x0 0x0 0x0 0xff 0xf 0x7c 0x7a 0x0 0xa4 0xa4 0x0 0x4 0xac 0x5 0x0 0x0
1787980521384,0x1 0x8a 0xd 0x52 0xa2 0x81 0x83 0xd 0x0 0x0 0xd 0x24 0x36 0x0 0x61 0xf 0xed 0xe 0x73 0x11 0x83 0x3 0xa3 0x2 0x0 0x28 0x65 0x1 0x0 0x83 0x0 0x21 0x0 0x58 0x0 0x57 0x0 0xae 0xae 0xae 0xae 0xae 0xae 0x47 0x2 0x49 0x2 0x46 0x2 0x48 0x2 0x48 0x2 0x4a 0x2 0x46 0x2 0x49 0x2 0x33 0x0 0x3 0x86 0x8d 0x85 0x86 0x4d 0x80 0x4f 0x80 0xa6 0x82 0xeb 0x7b 0x69 0x73 0x0 0x0 0x33 0x25 0xec 0xfd 0x29 0xe8 0x15 0xee 0x0 0x0 0x0 0x0 0xff 0xd 0x7c 0x7a 0x0 0xa4 0xa4 0x0 0x4 0xb9 0x5 0x0 0x0
1787980521608,0x1 0x8a 0xd 0x52 0xa2 0x81 0x83 0xd 0x0 0x0 0xd 0x23 0x34 0x0 0x25 0xf 0x10 0xf 0x73 0x11 0x6f 0x3 0xa3 0x2 0x0 0x28 0x65 0x1 0x0 0x8e 0x0 0x56 0x0 0x57 0x0 0x58 0x0 0xad 0xad 0xad 0xad 0xad 0xad 0x4d 0x2 0x51 0x2 0x4c 0x2 0x52 0x2 0x4b 0x2 0x54 0x2 0x4d 0x2 0x56 0x2 0x33 0x0 0x3 0x85 0x8f 0x85 0x86 0x4d 0x80 0x4f 0x80 0xa6 0x82 0xeb 0x7b 0x69 0x73 0x0 0x0 0x3d 0x26 0xf6 0xfe 0x29 0xe8 0x15 0xee 0x0 0x0 0x0 0x0 0xff 0xd 0x7c 0x7a 0x0 0xa4 0xa4 0x0 0x4 0xb9 0x5 0x0 0x0
1787980521832,0x1 0x8b 0xd 0x52 0xa2 0x81 0x83 0xd 0x0 0x0 0xd 0x24 0x35 0x0 0xab 0xf 0x49 0xf 0x73 0x11 0x62 0x3 0xa3 0x2 0x0 0x28 0x65 0x1 0x0 0x85 0x0 0x87 0x0 0x57 0x0 0x57 0x0 0xad 0xad 0xad 0xad 0xad 0xad 0x50 0x2 0x5d 0x2 0x51 0x2 0x5f 0x2 0x54 0x2 0x5a 0x2 0x54 0x2 0x62 0x2 0x33 0x0 0x3 0x83 0x8f 0x85 0x86 0x4d 0x80 0x4f 0x80 0xa6 0x82 0xeb 0x7b 0x69 0x73 0x0 0x0 0x3d 0x26 0xf6 0xfe 0x29 0xe8 0x15 0xee 0x0 0x0 0x0 0x0 0xff 0xd 0x7c 0x7a 0x0 0xa4 0xa4 0x0 0x4 0xac 0x5 0x0 0x0
1787980522055,0x1 0x8a 0xd 0x52 0xa2 0x81 0x83 0xd 0x0 0x0 0xd 0x24 0x36 0x0 0xed 0xf 0x7e 0xf 0x73 0x10 0x64 0x3 0xa3 0x2 0x0 0x28 0x65 0x1 0x0 0x27 0x0 0x99 0x0 0x58 0x0 0x57 0x0 0xad 0xad 0xad 0xad 0xad 0xad 0x6a 0x2 0x57 0x2 0x56 0x2 0x65 0x2 0x68 0x2 0x56 0x2 0x6b 0x2 0x57 0x2 0x33 0x0 0x3 0x87 0x83 0x85 0x83 0x4d 0x80 0x4f 0x80 0xa6 0x82 0xeb 0x7b 0x69 0x73 0x0 0x0 0x33 0x25 0xec 0xfd 0x29 0xe8 0x15 0xee 0x0 0x0 0x0 0x0 0xff 0xd 0x0 0x80 0x0 0xa4 0xa4 0x0 0x4 0xb9 0x5 0x0 0x0
1787980522279,0x1 0x8a 0xd 0x52 0xa2 0x81 0x83 0xd 0x0 0x0 0xd 0x24 0x36 0x0 0x48 0x10 0xc8 0xf 0x73 0x10 0x51 0x3 0xa3 0x2 0x0 0x28 0x65 0x1 0x0 0x15 0x0 0xa2 0x0 0x57 0x0 0x58 0x0 0xac 0xac 0xac 0xac 0xac 0xac 0x75 0x2 0x60 0x2 0x78 0x2 0x63 0x2 0x7b 0x2 0x62 0x2 0x7c 0x2 0x62 0x2 0x33 0x0 0x3 0x89 0x82 0x85 0x83 0x4d 0x80 0x4f 0x80 0xa6 0x82 0xeb 0x7b 0x69 0x73 0x0 0x0 0x3d 0x26 0xf6 0xfe 0x29 0xe8 0x15 0xee 0x0 0x0 0x0 0x0 0xff 0xd 0x0 0x80 0x0 0xa4 0xa4 0x0 0x4 0xb9 0x5 0x0 0x0
1787980522503,0x1 0x8a 0xd 0x52 0xa2 0x81 0x83 0xd 0x0 0x0 0xd 0x24 0x35 0x0 0xa 0x10 0xe6 0xf 0x73 0xf 0x4e 0x3 0xa3 0x2 0x0 0x28 0x65 0x1 0x0 0x15 0x0 0xa3 0x0 0x58 0x0 0x58 0x0 0xac 0xac 0xac 0xac 0xac 0xac 0x82 0x2 0x64 0x2 0x84 0x2 0x62 0x2 0x7e 0x2 0x65 0x2 0x84 0x2 0x65 0x2 0x33 0x0 0x3 0x8a 0x81 0x85 0x83 0x4d 0x80 0x4f 0x80 0xa6 0x82 0xeb 0x7b 0x69 0x73 0x0 0x0 0x3d 0x26 0xf6 0xfe 0x29 0xe8 0x15 0xee 0x0 0x0 0x0 0x0 0xfa 0xd 0x0 0x80 0x0 0xa4 0xa4 0x0 0x4 0xb9 0x5 0x0 0x0
1787980522725,0x1 0x8b 0xd 0x52 0xa2 0x81 0x83 0xd 0x0 0x0 0xd 0x24 0x36 0x0 0x84 0x10 0x11 0x10 0x73 0xf 0x45 0x3 0xa3 0x2 0x0 0x28 0x65 0x1 0x0 0x1d 0x0 0x9e 0x0 0x57 0x0 0x57 0x0 0xac 0xac 0xac 0xac 0xac 0xac 0x8e 0x2 0x68 0x2 0x8b 0x2 0x67 0x2 0x8c 0x2 0x69 0x2 0x8e 0x2 0x69 0x2 0x33 0x0 0x3 0x8b 0x7f 0x85 0x83 0x4d 0x80 0x4f 0x80 0xa6 0x82 0xeb 0x7b 0x69 0x73 0x0 0x0 0x3d 0x26 0xf6 0xfe 0x29 0xe8 0x15 0xee 0x0 0x0 0x0 0x0 0xf9 0xd 0x0 0x80 0x0 0xa4 0xa4 0x0 0x4 0xac 0x5 0x0 0x0
1787980522950,0x1 0x8b 0xd 0x52 0xa2 0x81 0x83 0xd 0x0 0x0 0xd 0x24 0x35 0x0 0xa1 0x10 0x46 0x10 0x73 0xf 0x30 0x3 0xa3 0x2 0x0 0x28 0x65 0x1 0x0 0x68 0x0 0x90 0x0 0x58 0x0 0x57 0x0 0xaa 0xaa 0xaa 0xaa 0xaa 0xaa 0x98 0x2 0x6f 0x2 0x9c 0x2 0x72 0x2 0x93 0x2 0x6d 0x2 0x9d 0x2 0x72 0x2 0x33 0x0 0x3 0x8d 0x7e 0x85 0x83 0x4d 0x80 0x4f 0x80 0xa6 0x82 0xeb 0x7b 0x69 0x73 0x0 0x0 0x3d 0x26 0xf6 0xfe 0x29 0xe8 0x15 0xee 0x0 0x0 0x0 0x0 0xf6 0xd 0x0 0x80 0x0 0xa4 0xa4 0x0 0x4 0xac 0x5 0x0 0x0
1787980523175,0x1 0x8a 0xd 0x52 0xa2 0x81 0x83 0xd 0x0 0x0 0xd 0x23 0x34 0x0 0x6f 0x10 0x6f 0x10 0x73 0xe 0x2a 0x3 0xa3 0x2 0x0 0x28 0x65 0x1 0x0 0x9a 0x0 0x5c 0x0 0x58 0x0 0x57 0x0 0xab 0xab 0xab 0xab 0xab 0xab 0x93 0x2 0x73 0x2 0x90 0x2 0x76 0x2 0x93 0x2 0x78 0x2 0x93 0x2 0x77 0x2 0x33 0x0 0x3 0x84 0x7d 0x86 0x83 0x4d 0x80 0x4f 0x80 0xa6 0x82 0xeb 0x7b 0x69 0x73 0x0 0x0 0x3d 0x26 0xf6 0xfe 0x29 0xe8 0x15 0xee 0x0 0x0 0x0 0x0 0xf2 0xd 0x0 0x80 0x0 0xa4 0xa4 0x0 0x4 0xb9 0x5 0x0 0x0
1787980523414,0x1 0x8a 0xd 0x52 0xa2 0x81 0x83 0xd 0x0 0x0 0xd 0x24 0x35 0x0 0xeb 0x10 0x88 0x10 0x73 0xe 0x22 0x3 0xa3 0x2 0x0 0x28 0x65 0x1 0x0 0xaa 0x0 0x2f 0x0 0x58 0x0 0x58 0x0 0xab 0xab 0xab 0xab 0xab 0xab 0x93 0x2 0x8c 0x2 0x95 0x2 0x8e 0x2 0x94 0x2 0x8b 0x2 0x95 0x2 0x8e 0x2 0x33 0x0 0x3 0x83 0x85 0x86 0x84 0x4d 0x80 0x4f 0x80 0xa6 0x82 0xeb 0x7b 0x69 0x73 0x0 0x0 0x3d 0x26 0xf6 0xfe 0x29 0xe8 0x15 0xee 0x0 0x0 0x0 0x0 0xef 0xd 0x0 0x80 0x0 0xa4 0xa4 0x0 0x4 0xb9 0x5 0x0 0x0
1787980523638,0x1 0x8b 0xd 0x52 0xa2 0x81 0x83 0xd 0x0 0x0 0xd 0x24 0x34 0x0 0xaf 0x10 0xaf 0x10 0x73 0xe 0x1e 0x3 0xa3 0x2 0x0 0x28 0x65 0x1 0x0 0xab 0x0 0x22 0x0 0x58 0x0 0x57 0x0 0xab 0xab 0xab 0xab 0xab 0xab 0x9a 0x2 0x98 0x2 0x98 0x2 0x96 0x2 0x99 0x2 0x98 0x2 0x99 0x2 0x98 0x2 0x33 0x0 0x3 0x81 0x87 0x86 0x84 0x4d 0x80 0x4f 0x80 0xa6 0x82 0xeb 0x7b 0x69 0x73 0x0 0x0 0x3d 0x26 0xf6 0xfe 0x29 0xe8 0x15 0xee 0x0 0x0 0x0 0x0 0xe9 0xc 0x0 0x80 0x0 0xa4 0xa4 0x0 0x4 0xac 0x5 0x0 0x0
1787980523863,0x1 0x8a 0xd 0x52 0xa2 0x81 0x83 0xd 0x0 0x0 0xd 0x24 0x34 0x0 0x28 0x11 0xe7 0x10 0x73 0xd 0x8 0x3 0xa3 0x2 0x0 0x28 0x65 0x1 0x0 0xa8 0x0 0x22 0x0 0x57 0x0 0x57 0x0 0xa9 0xa9 0xa9 0xa9 0xa9 0xa9 0xa0 0x2 0xa4 0x2 0xa0 0x2 0xa6 0x2 0xa3 0x2 0xa1 0x2 0xa3 0x2 0xa8 0x2 0x33 0x0 0x3 0x80 0x88 0x86 0x84 0x4d 0x80 0x4f 0x80 0xa6 0x82 0xeb 0x7b 0x69 0x73 0x0 0x0 0x47 0x27 0x0 0x0 0x29 0xe8 0x15 0xee 0x0 0x0 0x0 0x0 0xe7 0xc 0x0 0x80 0x0 0xa4 0xa4 0x0 0x4 0xb9 0x5 0x0 0x0
1787980524087,0x1 0x8a 0xd 0x52 0xa2 0x81 0x83 0xd 0x0 0x0 0xd 0x23 0x35 0x0 0x8d 0x11 0x36 0x11 0x73 0xd 0x5 0x3 0xa3 0x2 0x0 0x28 0x65 0x1 0x0 0xa4 0x0 0x3f 0x0 0x58 0x0 0x57 0x0 0xa9 0xa9 0xa9 0xa9 0xa9 0xa9 0xac 0x2 0xae 0x2 0xa7 0x2 0xb1 0x2 0xa9 0x2 0xb5 0x2 0xac 0x2 0xb6 0x2 0x33 0x0 0x3 0x7f 0x89 0x86 0x84 0x4d 0x80 0x4f 0x80 0xa6 0x82 0xeb 0x7b 0x69 0x73 0x0 0x0 0x47 0x27 0x0 0x0 0x29 0xe8 0x15 0xee 0x0 0x0 0x0 0x0 0xe2 0xd 0x0 0x80 0x0 0xa4 0xa4 0x0 0x4 0xb9 0x5 0x0 0x0
1787980524310,0x1 0x8b 0xd 0x52 0xa2 0x81 0x83 0xd 0x0 0x0 0xd 0x25 0x36 0x0 0x5c 0x12 0xa0 0x11 0x73 0xc 0xf1 0x2 0xa3 0x2 0x0 0x28 0x65 0x3 0x0 0x9f 0x0 0x9b 0x0 0x58 0x0 0x57 0x0 0xa8 0xa8 0xa8 0xa8 0xa8 0xa8 0xb5 0x2 0xc6 0x2 0xb7 0x2 0xc8 0x2 0xb2 0x2 0xc2 0x2 0xb8 0x2 0xc8 0x2 0x33 0x0 0x3 0x7d 0x8a 0x86 0x84 0x4d 0x80 0x4f 0x80 0xa6 0x82 0xeb 0x7b 0x69 0x73 0x0 0x0 0x47 0x27 0x0 0x0 0x29 0xe8 0x15 0xee 0x0 0x0 0x0 0x0 0xdc 0xc 0x0 0x80 0x0 0xa4 0xa4 0x0 0x4 0xac 0x5 0x0 0x0
1787980524533,0x1 0x8b 0xd 0x52 0xa2 0x81 0x83 0xd 0x0 0x0 0xd 0x24 0x36 0x0 0x75 0x12 0xd4 0x11 0x73 0xc 0xed 0x2 0xa3 0x2 0x0 0x28 0x65 0x3 0x0 0x93 0x0 0xa4 0x0 0x57 0x0 0x57 0x0 0xa8 0xa8 0xa8 0xa8 0xa8 0xa8 0xba 0x2 0xb9 0x2 0xba 0x2 0xba 0x2 0xbc 0x2 0xbc 0x2 0xbe 0x2 0xbc 0x2 0x33 0x0 0x3 0x7c 0x81 0x86 0x83 0x4d 0x80 0x4f 0x80 0xa6 0x82 0xeb 0x7b 0x69 0x73 0x0 0x0 0x47 0x27 0x0 0x0 0x29 0xe8 0x15 0xee 0x0 0x0 0x0 0x0 0xd6 0xc 0x0 0x80 0x0 0xa4 0xa4 0x0 0x4 0xac 0x5 0x0 0x0
1787980524759,0x1 0x8b 0xd 0x51 0xa2 0x81 0x83 0xd 0x0 0x0 0xd 0x24 0x36 0x0 0x37 0x12 0xb 0x12 0x73 0xb 0xf7 0x2 0xa3 0x2 0x0 0x28 0x65 0x3 0x0 0x57 0x0 0xa4 0x0 0x57 0x0 0x57 0x0 0xa9 0xa9 0xa9 0xa9 0xa9 0xa9 0xc0 0x2 0xbd 0x2 0xbe 0x2 0xbf 0x2 0xc1 0x2 0xc0 0x2 0xbf 0x2 0xbd 0x2 0x33 0x0 0x3 0x7b 0x80 0x86 0x83 0x4d 0x80 0x4f 0x80 0xa6 0x82 0xeb 0x7b 0x69 0x73 0x0 0x0 0x47 0x27 0x0 0x0 0x29 0xe8 0x15 0xee 0x0 0x0 0x0 0x0 0xe7 0xd 0x0 0x80 0x0 0xa4 0xa4 0x0 0x4 0xac 0x5 0x0 0x0
1787980524983,0x1 0x89 0xd 0x51 0xa2 0x81 0x83 0xd 0x0 0x0 0xd 0x25 0x36 0x0 0x96 0x11 0x5 0x12 0x73 0xa 0x12 0x3 0xa3 0x2 0x0 0x28 0x65 0x3 0x0 0x25 0x0 0xa2 0x0 0x57 0x0 0x57 0x0 0xaa 0xaa 0xaa 0xaa 0xaa 0xaa 0xce 0x2 0xb6 0x2 0xcc 0x2 0xb2 0x2 0xc9 0x2 0xbb 0x2 0xc9 0x2 0xb0 0x2 0x33 0x0 0x3 0x84 0x7f 0x84 0x83 0x4d 0x80 0x4f 0x80 0xa6 0x82 0xeb 0x7b 0x69 0x73 0x0 0x0 0x3d 0x26 0xf6 0xfe 0x29 0xe8 0x15 0xee 0x0 0x0 0x0 0x0 0xeb 0xe 0x0 0x80 0x0 0xa4 0xa4 0x0 0x4 0xcb 0x5 0x0 0x0
1787980525207,0x1 0x8a 0xd 0x51 0xa2 0x81 0x83 0xd 0x0 0x0 0xd 0x24 0x35 0x0 0xe0 0x10 0xa9 0x11 0x73 0xa 0x24 0x3 0xa3 0x2 0x0 0x28 0x65 0x3 0x0 0x17 0x0 0x98 0x0 0x57 0x0 0x58 0x0 0xab 0xab 0xab 0xab 0xab 0xab 0xbf 0x2 0x9f 0x2 0xc4 0x2 0xa6 0x2 0xc2 0x2 0xa2 0x2 0xbe 0x2 0x9f 0x2 0x33 0x0 0x3 0x85 0x7d 0x84 0x83 0x4d 0x80 0x4f 0x80 0xa6 0x82 0xeb 0x7b 0x69 0x73 0x0 0x0 0x3d 0x26 0xf6 0xfe 0x29 0xe8 0x15 0xee 0x0 0x0 0x0 0x0 0xec 0xd 0x0 0x80 0x0 0xa4 0xa4 0x0 0x4 0xb9 0x5 0x0 0x0
1787980525431,0x1 0x8a 0xd 0x51 0xa2 0x81 0x83 0xd 0x0 0x0 0xd 0x24 0x36 0x0 0xdc 0x10 0x49 0x11 0x73 0x9 0x34 0x3 0xa3 0x2 0x0 0x28 0x65 0x3 0x0 0x16 0x0 0x7f 0x0 0x58 0x0 0x57 0x0 0xac 0xac 0xac 0xac 0xac 0xac 0xb6 0x2 0x90 0x2 0xb1 0x2 0x8d 0x2 0xb0 0x2 0x96 0x2 0xb0 0x2 0x8d 0x2 0x33 0x0 0x3 0x86 0x7c 0x84 0x83 0x4d 0x80 0x4f 0x80 0xa6 0x82 0xeb 0x7b 0x69 0x73 0x0 0x0 0x3d 0x26 0xf6 0xfe 0x29 0xe8 0x15 0xee 0x0 0x0 0x0 0x0 0xec 0xd 0x0 0x80 0x0 0xa4 0xa4 0x0 0x4 0xb9 0x5 0x0 0x0
1787980525654,0x1 0x8a 0xd 0x51 0xa2 0x81 0x83 0xd 0x0 0x0 0xd 0x24 0x36 0x0 0xd1 0x10 0x16 0x11 0x73 0x8 0x36 0x3 0xa3 0x2 0x0 0x28 0x65 0x3 0x0 0x2b 0x0 0x4f 0x0 0x57 0x0 0x57 0x0 0xac 0xac 0xac 0xac 0xac 0xac 0xac 0x2 0x83 0x2 0xaf 0x2 0x88 0x2 0xad 0x2 0x85 0x2 0xab 0x2 0x83 0x2 0x33 0x0 0x3 0x88 0x7b 0x84 0x83 0x4d 0x80 0x4f 0x80 0xa6 0x82 0xeb 0x7b 0x69 0x73 0x0 0x0 0x3d 0x26 0xf6 0xfe 0x29 0xe8 0x15 0xee 0x0 0x0 0x0 0x0 0xec 0xd 0x0 0x80 0x0 0xa4 0xa4 0x0 0x4 0xb9 0x5 0x0 0x0
1787980525877,0x1 0x89 0xd 0x51 0xa2 0x81 0x83 0xd 0x0 0x0 0xd 0x24 0x35 0x0 0x2d 0x11 0x3 0x11 0x73 0x7 0x16 0x3 0xa3 0x2 0x0 0x28 0x65 0x1 0x0 0x84 0x0 0x38 0x0 0x57 0x0 0x57 0x0 0xaa 0xaa 0xaa 0xaa 0xaa 0xaa 0xaf 0x2 0x98 0x2 0xb0 0x2 0x9a 0x2 0xa3 0x2 0x95 0x2 0xa3 0x2 0x9d 0x2 0x33 0x0 0x3 0x81 0x84 0x82 0x82 0x4d 0x80 0x4f 0x80 0xa6 0x82 0xeb 0x7b 0x69 0x73 0x0 0x0 0x3d 0x26 0xf6 0xfe 0x29 0xe8 0x15 0xee 0x0 0x0 0x0 0x0 0xdf 0xd 0x0 0x80 0x0 0xa4 0xa4 0x0 0x4 0xcb 0x5 0x0 0x0
1787980526102,0x1 0x8a 0xd 0x51 0xa2 0x81 0x83 0xd 0x0 0x0 0xd 0x24 0x36 0x0 0x7b 0x12 0x69 0x11 0x73 0x7 0xec 0x2 0xa3 0x2 0x0 0x28 0x65 0x1 0x0 0xa8 0x0 0x25 0x0 0x57 0x0 0x57 0x0 0xa8 0xa8 0xa8 0xa8 0xa8 0xa8 0xb6 0x2 0xb9 0x2 0xab 0x2 0xac 0x2 0xb3 0x2 0xb4 0x2 0xb8 0x2 0xb9 0x2 0x33 0x0 0x3 0x7f 0x85 0x82 0x82 0x4d 0x80 0x4f 0x80 0xa6 0x82 0xeb 0x7b 0x69 0x73 0x0 0x0 0x47 0x27 0x0 0x0 0x29 0xe8 0x15 0xee 0x0 0x0 0x0 0x0 0xd2 0xc 0x0 0x80 0x0 0xa4 0xa4 0x0 0x4 0xb9 0x5 0x0 0x0
1787980526324,0x1 0x8a 0xd 0x51 0xa3 0x81 0x83 0xd 0x0 0x0 0xd 0x24 0x36 0x0 0x6a 0x13 0xf1 0x11 0x73 0x6 0xc8 0x2 0xa2 0x2 0x0 0x28 0x65 0x1 0x0 0xab 0x0 0x1e 0x0 0x58 0x0 0x57 0x0 0xa5 0xa5 0xa5 0xa5 0xa5 0xa5 0xc4 0x2 0xcc 0x2 0xca 0x2 0xd3 0x2 0xc1 0x2 0xc5 0x2 0xcc 0x2 0xd3 0x2 0x33 0x0 0x3 0x7e 0x86 0x82 0x82 0x4d 0x80 0x4f 0x80 0xa6 0x82 0xeb 0x7b 0x69 0x73 0x0 0x0 0xd5 0x26 0x0 0x0 0x29 0xe8 0x15 0xee 0x0 0x0 0x0 0x0 0xc3 0xb 0x0 0x80 0x0 0xa4 0xa4 0x0 0x4 0xb9 0x5 0x0 0x0
1787980526548,0x1 0x8a 0xd 0x51 0xa3 0x81 0x83 0xd 0x0 0x0 0xd 0x24 0x35 0x0 0x77 0x13 0x71 0x12 0x73 0x6 0xb9 0x2 0xa2 0x2 0x0 0x28 0x65 0x1 0x0 0xab 0x0 0x3c 0x0 0x57 0x0 0x58 0x0 0xa3 0xa3 0xa3 0xa3 0xa3 0xa3 0xd4 0x2 0xde 0x2 0xd6 0x2 0xe4 0x2 0xda 0x2 0xe9 0x2 0xdb 0x2 0xe9 0x2 0x32 0x0 0x3 0x7d 0x88 0x82 0x82 0x4d 0x80 0x4f 0x80 0xa6 0x82 0xeb 0x7b 0x69 0x73 0x0 0x0 0xd5 0x26 0x0 0x0 0x29 0xe8 0x15 0xee 0x0 0x0 0x0 0x0 0xb0 0xc 0x0 0x80 0x0 0xa4 0xa4 0x0 0x4 0xb9 0x5 0x0 0x0
1787980526774,0x1 0x8a 0xd 0x51 0xa3 0x81 0x83 0xd 0x0 0x0 0xd 0x23 0x34 0x0 0x52 0x13 0xcd 0x12 0x73 0x5 0xb1 0x2 0xa2 0x2 0x0 0x28 0x65 0x1 0x0 0xa5 0x0 0x98 0x0 0x57 0x0 0x57 0x0 0xa3 0xa3 0xa3 0xa3 0xa3 0xa3 0xe3 0x2 0xf6 0x2 0xe0 0x2 0xf1 0x2 0xe3 0x2 0xf5 0x2 0xe4 0x2 0xf6 0x2 0x32 0x0 0x3 0x7b 0x88 0x82 0x82 0x4d 0x80 0x4f 0x80 0xa6 0x82 0xeb 0x7b 0x69 0x73 0x0 0x0 0xd5 0x26 0x0 0x0 0x29 0xe8 0x15 0xee 0x0 0x0 0x0 0x0 0x9b 0xc 0x0 0x80 0x0 0xa4 0xa4 0x0 0x4 0xb9 0x5 0x0 0x0
1787980526998,0x1 0x89 0xd 0x51 0xa3 0x81 0x83 0xd 0x0 0x0 0xd 0x24 0x35 0x0 0xcf 0x13 0x11 0x13 0x73 0x4 0xad 0x2 0xa2 0x2 0x0 0x28 0x65 0x1 0x0 0x97 0x0 0x9a 0x0 0x58 0x0 0x58 0x0 0xa2 0xa2 0xa2 0xa2 0xa2 0xa2 0xe8 0x2 0xe8 0x2 0xe9 0x2 0xf9 0x2 0xe6 0x2 0xe9 0x2 0xe9 0x2 0xe9 0x2 0x32 0x0 0x3 0x7a 0x80 0x82 0x81 0x4d 0x80 0x4f 0x80 0xa6 0x82 0xeb 0x7b 0x69 0x73 0x0 0x0 0xd5 0x26 0x0 0x0 0x29 0xe8 0x15 0xee 0x0 0x0 0x0 0x0 0x85 0xc 0x0 0x80 0x0 0xa4 0xa4 0x0 0x4 0xcb 0x5 0x0 0x0
1787980527222,0x1 0x8a 0xd 0x51 0xa3 0x81 0x83 0xd 0x0 0x0 0xd 0x24 0x36 0x0 0x2e 0x14 0x6a 0x13 0x73 0x4 0xad 0x2 0xa2 0x2 0x0 0x28 0x65 0x1 0x0 0x3b 0x0 0x9b 0x0 0x58 0x0 0x58 0x0 0xa2 0xa2 0xa2 0xa2 0xa2 0xa2 0xea 0x2 0xea 0x2 0xec 0x2 0xed 0x2 0x4 0x3 0xe9 0x2 0x4 0x3 0xef 0x2 0x32 0x0 0x3 0x81 0x7e 0x81 0x81 0x4d 0x80 0x4f 0x80 0xa6 0x82 0xeb 0x7b 0x6a 0x74 0x0 0x0 0xd5 0x26 0x0 0x0 0x29 0xe8 0x15 0xee 0x0 0x0 0x0 0x0 0x72 0xc 0x0 0x80 0x0 0xa4 0xa4 0x0 0x4 0xb9 0x5 0x0 0x0
1787980527445,0x1 0x8b 0xd 0x51 0xa3 0x81 0x83 0xd 0x0 0x0 0xd 0x23 0x36 0x0 0x9 0x14 0x90 0x13 0x73 0x4 0xb2 0x2 0xa2 0x2 0x0 0x28 0x65 0x1 0x0 0x1a 0x0 0x96 0x0 0x57 0x0 0x58 0x0 0xa3 0xa3 0xa3 0xa3 0xa3 0xa3 0xa 0x3 0xef 0x2 0x7 0x3 0xef 0x2 0xa 0x3 0xee 0x2 0xa 0x3 0xee 0x2 0x32 0x0 0x3 0x82 0x7d 0x81 0x81 0x4d 0x80 0x4f 0x80 0xa6 0x82 0xeb 0x7b 0x6a 0x74 0x0 0x0 0xd5 0x26 0x0 0x0 0x29 0xe8 0x15 0xee 0x0 0x0 0x0 0x0 0x62 0xc 0x0 0x80 0x0 0xa4 0xa4 0x0 0x4 0xac 0x5 0x0 0x0
1787980527670,0x1 0x8a 0xd 0x51 0xa3 0x81 0x83 0xd 0x0 0x0 0xd 0x22 0x34 0x0 0x52 0x13 0x88 0x13 0x73 0x0 0xb1 0x2 0xa2 0x2 0x0 0x28 0x65 0x1 0x0 0x11 0x0 0x67 0x0 0x58 0x0 0x57 0x0 0xa4 0xa4 0xa4 0xa4 0xa4 0xa4 0xd 0x3 0xea 0x2 0xb 0x3 0xf0 0x2 0xf 0x3 0xef 0x2 0xc 0x3 0xea 0x2 0x32 0x0 0x3 0x83 0x7c 0x81 0x81 0x4d 0x80 0x4f 0x80 0xa6 0x82 0xeb 0x7b 0x6a 0x74 0x0 0x0 0xcf 0x26 0xfa 0xff 0x29 0xe8 0x15 0xee 0x0 0x0 0x0 0x0 0x54 0xc 0x0 0x80 0x0 0xa4 0xa4 0x0 0x4 0xb9 0x5 0x0 0x0
1787980527894,0x1 0x89 0xd 0x51 0xa3 0x81 0x83 0xd 0x0 0x0 0xd 0x23 0x34 0x0 0x8c 0x13 0x86 0x13 0x73 0x0 0xa9 0x2 0xa2 0x2 0x0 0x28 0x65 0x1 0x0 0x10 0x0 0x24 0x0 0x57 0x0 0x58 0x0 0xa2 0xa2 0xa2 0xa2 0xa2 0xa2 0xf 0x3 0x0 0x3 0x10 0x3 0x2 0x3 0xf 0x3 0xff 0x2 0x12 0x3 0x2 0x3 0x32 0x0 0x3 0x85 0x84 0x81 0x82 0x4d 0x80 0x4f 0x80 0xa6 0x82 0xeb 0x7b 0x6a 0x74 0x0 0x0 0xc9 0x26 0xf4 0xff 0x29 0xe8 0x15 0xee 0x0 0x0 0x0 0x0 0x46 0xc 0x0 0x80 0x0 0xa4 0xa4 0x0 0x4 0xcb 0x5 0x0 0x0
1787980528118,0x1 0x8b 0xd 0x51 0xa3 0x81 0x83 0xd 0x0 0x0 0xd 0x23 0x33 0x0 0x2c 0x13 0x64 0x13 0x73 0x0 0xa9 0x2 0xa2 0x2 0x0 0x28 0x65 0x1 0x0 0x11 0x0 0x17 0x0 0x58 0x0 0x57 0x0 0xa2 0xa2 0xa2 0xa2 0xa2 0xa2 0x12 0x3 0x3 0x3 0x11 0x3 0x1 0x3 0x12 0x3 0x2 0x3 0x11 0x3 0x2 0x3 0x32 0x0 0x3 0x86 0x86 0x81 0x82 0x4d 0x80 0x4f 0x80 0xa6 0x82 0xeb 0x7b 0x6a 0x74 0x0 0x0 0xc3 0x26 0xee 0xff 0x29 0xe8 0x15 0xee 0x0 0x0 0x0 0x0 0x39 0xc 0x0 0x80 0x0 0xa4 0xa4 0x0 0x4 0xac 0x5 0x0 0x0
1787980528340,0x1 0x8a 0xd 0x51 0xa3 0x80 0x84 0xd 0x0 0x0 0xd 0x23 0x34 0x0 0x8c 0x13 0x89 0x13 0x73 0x0 0xa9 0x2 0xa2 0x2 0x0 0x28 0x65 0x1 0x0 0x12 0x0 0x15 0x0 0x58 0x0 0x57 0x0 0xa3 0xa3 0xa3 0xa3 0xa3 0xa3 0x19 0x3 0xa 0x3 0x1a 0x3 0xb 0x3 0x1d 0x3 0xc 0x3 0x19 0x3 0xa 0x3 0x32 0x0 0x3 0x87 0x87 0x81 0x82 0x4d 0x80 0x4f 0x80 0xa6 0x82 0xeb 0x7b 0x6a 0x74 0x0 0x0 0xbf 0x26 0xea 0xff 0x29 0xe8 0x15 0xee 0x0 0x0 0x0 0x0 0x2d 0xc 0x0 0x80 0x0 0xa4 0xa4 0x0 0x4 0xb9 0x5 0x0 0x0
1787980528566,0x1 0x89 0xd 0x51 0xa3 0x80 0x84 0xd 0x0 0x0 0xd 0x24 0x36 0x0 0x45 0x14 0xb9 0x13 0x73 0x0 0xaa 0x2 0xa2 0x2 0x0 0x28 0x65 0x1 0x0 0x14 0x0 0x15 0x0 0x58 0x0 0x57 0x0 0xa2 0xa2 0xa2 0xa2 0xa2 0xa2 0x1b 0x3 0xd 0x3 0x21 0x3 0xa 0x3 0x1d 0x3 0xb 0x3 0x21 0x3 0x12 0x3 0x32 0x0 0x3 0x89 0x88 0x81 0x82 0x4d 0x80 0x4f 0x80 0xa6 0x82 0xeb 0x7b 0x6a 0x74 0x0 0x0 0xb9 0x26 0xe4 0xff 0x29 0xe8 0x15 0xee 0x0 0x0 0x0 0x0 0x23 0xc 0x0 0x80 0x0 0xa4 0xa4 0x0 0x4 0xcb 0x5 0x0 0x0
1787980528789,0x1 0x8a 0xd 0x51 0xa3 0x81 0x83 0xd 0x0 0x0 0xd 0x23 0x34 0x0 0x68 0x13 0x7e 0x13 0x73 0x0 0xae 0x2 0xa2 0x2 0x0 0x28 0x65 0x1 0x0 0x17 0x0 0x16 0x0 0x57 0x0 0x58 0x0 0xa4 0xa4 0xa4 0xa4 0xa4 0xa4 0x22 0x3 0xe 0x3 0x1c 0x3 0xe 0x3 0x1f 0x3 0x14 0x3 0x1f 0x3 0xe 0x3 0x32 0x0 0x3 0x8a 0x8a 0x81 0x82 0x4d 0x80 0x4f 0x80 0xa6 0x82 0xeb 0x7b 0x6a 0x74 0x0 0x0 0xb1 0x26 0xdc 0xff 0x29 0xe8 0x15 0xee 0x0 0x0 0x0 0x0 0x18 0xc 0x0 0x80 0x0 0xa4 0xa4 0x0 0x4 0xb9 0x5 0x0 0x0
1787980529012,0x1 0x8b 0xd 0x51 0xa3 0x81 0x83 0xd 0x0 0x0 0xd 0x22 0x32 0x0 0xa2 0x12 0x1a 0x13 0x73 0x0 0xaf 0x2 0xa2 0x2 0x0 0x28 0x65 0x1 0x0 0x1d 0x0 0x23 0x0 0x57 0x0 0x57 0x0 0xa4 0xa4 0xa4 0xa4 0xa4 0xa4 0x1d 0x3 0xd 0x3 0x1a 0x3 0x9 0x3 0x18 0x3 0x6 0x3 0x16 0x3 0x6 0x3 0x32 0x0 0x3 0x8b 0x8b 0x81 0x82 0x4d 0x80 0x4f 0x80 0xa6 0x82 0xeb 0x7b 0x6a 0x74 0x0 0x0 0xa7 0x26 0xd2 0xff 0x29 0xe8 0x15 0xee 0x0 0x0 0x0 0x0 0xf 0xc 0x0 0x80 0x0 0xa4 0xa4 0x0 0x4 0xac 0x5 0x0 0x0
1787980529237,0x1 0x89 0xd 0x51 0xa3 0x81 0x83 0xd 0x0 0x0 0xd 0x23 0x34 0x0 0x12 0x13 0x0 0x13 0x73 0x0 0xba 0x2 0xa2 0x2 0x0 0x28 0x65 0x1 0x0 0x4f 0x0 0x59 0x0 0x58 0x0 0x58 0x0 0xa7 0xa7 0xa7 0xa7 0xa7 0xa7 0x12 0x3 0x4 0x3 0x14 0x3 0x6 0x3 0x17 0x3 0x9 0x3 0x13 0x3 0x4 0x3 0x32 0x0 0x3 0x8d 0x8c 0x81 0x82 0x4d 0x80 0x4f 0x80 0xa6 0x82 0xeb 0x7b 0x69 0x73 0x0 0x0 0x99 0x26 0xc4 0xff 0x29 0xe8 0x15 0xee 0x0 0x0 0x0 0x0 0x0 0xc 0x0 0x80 0x0 0xa4 0xa4 0x0 0x4 0xcb 0x5 0x0 0x0
1787980529461,0x1 0x8a 0xd 0x51 0xa3 0x81 0x83 0xd 0x0 0x0 0xd 0x24 0x34 0x0 0xf7 0x12 0x3 0x13 0x73 0x0 0xbe 0x2 0xa2 0x2 0x0 0x28 0x65 0x1 0x0 0x85 0x0 0x85 0x0 0x57 0x0 0x58 0x0 0xa8 0xa8 0xa8 0xa8 0xa8 0xa8 0x16 0x3 0x5 0x3 0x1 0x3 0x4 0x3 0x16 0x3 0x5 0x3 0xff 0x2 0x4 0x3 0x32 0x0 0x3 0x85 0x8d 0x83 0x82 0x4d 0x80 0x4f 0x80 0xa6 0x82 0xeb 0x7b 0x69 0x73 0x0 0x0 0x83 0x26 0xae 0xff 0x29 0xe8 0x15 0xee 0x0 0x0 0x0 0x0 0x0 0xc 0x0 0x80 0x0 0xa4 0xa4 0x0 0x4 0xb9 0x5 0x0 0x0
1787980529685,0x1 0x89 0xd 0x51 0xa3 0x81 0x83 0xd 0x0 0x0 0xd 0x23 0x33 0x0 0x8 0x13 0x8 0x13 0x73 0x0 0xae 0x2 0xa2 0x2 0x0 0x28 0x65 0x1 0x0 0x99 0x0 0x99 0x0 0x58 0x0 0x58 0x0 0xa4 0xa4 0xa4 0xa4 0xa4 0xa4 0xfc 0x2 0x3 0x3 0xfd 0x2 0xf3 0x2 0x1 0x3 0xf5 0x2 0x1 0x3 0xf5 0x2 0x32 0x0 0x3 0x84 0x84 0x83 0x84 0x4d 0x80 0x4f 0x80 0xa6 0x82 0xeb 0x7b 0x69 0x73 0x0 0x0 0x7b 0x26 0xa6 0xff 0x29 0xe8 0x15 0xee 0x0 0x0 0x0 0x0 0x0 0xc 0x0 0x80 0x0 0xa4 0xa4 0x0 0x4 0xcb 0x5 0x0 0x0
1787980529907,0x1 0x8a 0xd 0x51 0xa3 0x81 0x83 0xd 0x0 0x0 0xd 0x23 0x35 0x0 0xfb 0x13 0x81 0x13 0x73 0x0 0xa7 0x2 0xa2 0x2 0x0 0x28 0x65 0x1 0x0 0x9d 0x0 0x9e 0x0 0x57 0x0 0x58 0x0 0xa2 0xa2 0xa2 0xa2 0xa2 0xa2 0xc 0x3 0xf7 0x2 0x6 0x3 0xf8 0x2 0x9 0x3 0xfd 0x2 0xc 0x3 0x0 0x3 0x32 0x0 0x3 0x82 0x83 0x83 0x84 0x4d 0x80 0x4f 0x80 0xa6 0x82 0xeb 0x7b 0x69 0x73 0x0 0x0 0x73 0x26 0x9e 0xff 0x29 0xe8 0x15 0xee 0x0 0x0 0x0 0x0 0x0 0xc 0x0 0x80 0x0 0xa4 0xa4 0x0 0x4 0xb9 0x5 0x0 0x0
1787980530133,0x1 0x8a 0xd 0x51 0xa3 0x80 0x84 0xd 0x0 0x0 0xd 0x22 0x32 0x0 0xda 0x12 0x4f 0x13 0x73 0x0 0xa7 0x2 0xa2 0x2 0x0 0x28 0x65 0x1 0x0 0x98 0x0 0x96 0x0 0x58 0x0 0x58 0x0 0xa2 0xa2 0xa2 0xa2 0xa2 0xa2 0xa 0x3 0xfa 0x2 0x4 0x3 0xfe 0x2 0xa 0x3 0xfe 0x2 0x4 0x3 0xf7 0x2 0x32 0x0 0x3 0x81 0x82 0x83 0x84 0x4d 0x80 0x4f 0x80 0xa6 0x82 0xeb 0x7b 0x6d 0x77 0x0 0x0 0x6f 0x26 0x9a 0xff 0x29 0xe8 0x15 0xee 0x0 0x0 0x0 0x0 0x0 0xc 0x0 0x80 0x0 0xa4 0xa4 0x0 0x4 0xb9 0x5 0x0 0x0
1787980530357,0x1 0x8b 0xd 0x51 0xa3 0x80 0x84 0xd 0x0 0x0 0xd 0x23 0x33 0x0 0x3a 0x13 0x70 0x13 0x73 0x0 0xa7 0x2 0xa2 0x2 0x0 0x28 0x65 0x1 0x0 0x86 0x0 0x7c 0x0 0x57 0x0 0x58 0x0 0xa2 0xa2 0xa2 0xa2 0xa2 0xa2 0x8 0x3 0xf8 0x2 0x5 0x3 0xf8 0x2 0x2 0x3 0xfd 0x2 0x2 0x3 0xf5 0x2 0x32 0x0 0x3 0x80 0x80 0x83 0x84 0x4d 0x80 0x4f 0x80 0xa6 0x82 0xeb 0x7b 0x6d 0x77 0x0 0x0 0x69 0x26 0x94 0xff 0x29 0xe8 0x15 0xee 0x0 0x0 0x0 0x0 0x0 0xc 0x0 0x80 0x0 0xa4 0xa4 0x0 0x4 0xac 0x5 0x0 0x0
1787980530579,0x1 0x8a 0xd 0x51 0xa3 0x80 0x84 0xd 0x0 0x0 0xd 0x22 0x33 0x0 0x25 0x13 0x18 0x13 0x73 0x0 0xaa 0x2 0xa2 0x2 0x0 0x28 0x65 0x1 0x0 0x41 0x0 0x51 0x0 0x58 0x0 0x57 0x0 0xa3 0xa3 0xa3 0xa3 0xa3 0xa3 0xff 0x2 0xf1 0x2 0xfa 0x2 0xeb 0x2 0xf6 0x2 0xff 0x2 0xc 0x3 0xff 0x2 0x32 0x0 0x3 0x87 0x87 0x86 0x86 0x4d 0x80 0x4f 0x80 0xa6 0x82 0xeb 0x7b 0x6d 0x77 0x0 0x0 0x65 0x26 0x90 0xff 0x29 0xe8 0x15 0xee 0x0 0x0 0x0 0x0 0x0 0xc 0x0 0x80 0x0 0xa4 0xa4 0x0 0x4 0xb9 0x5 0x0 0x0
1787980530805,0x1 0x89 0xd 0x50 0xa3 0x80 0x84 0xd 0x0 0x0 0xd 0x22 0x32 0x0 0xa2 0x12 0x18 0x13 0x73 0x0 0xaf 0x2 0xa2 0x2 0x0 0x28 0x65 0x1 0x0 0x21 0x0 0x31 0x0 0x57 0x0 0x58 0x0 0xa4 0xa4 0xa4 0xa4 0xa4 0xa4 0x12 0x3 0x0 0x3 0xf 0x3 0x4 0x3 0x11 0x3 0x5 0x3 0xd 0x3 0x0 0x3 0x32 0x0 0x3 0x88 0x89 0x86 0x86 0x4d 0x80 0x4f 0x80 0xa6 0x82 0xeb 0x7b 0x6d 0x77 0x0 0x0 0x5f 0x26 0x8a 0xff 0x29 0xe8 0x15 0xee 0x0 0x0 0x0 0x0 0x0 0xc 0x0 0x80 0x0 0xa4 0xa4 0x0 0x4 0xcb 0x5 0x0 0x0
1787980531029,0x1 0x8b 0xd 0x50 0xa3 0x80 0x84 0xd 0x0 0x0 0xd 0x23 0x34 0x0 0x59 0x13 0x4f 0x13 0x73 0x0 0xb0 0x2 0xa2 0x2 0x0 0x28 0x65 0x1 0x0 0x16 0x0 0x1d 0x0 0x58 0x0 0x57 0x0 0xa4 0xa4 0xa4 0xa4 0xa4 0xa4 0x15 0x3 0x8 0x3 0x17 0x3 0x1 0x3 0x10 0x3 0x5 0x3 0x17 0x3 0x9 0x3 0x32 0x0 0x3 0x8a 0x8a 0x86 0x86 0x4d 0x80 0x4f 0x80 0xa6 0x82 0xeb 0x7b 0x6d 0x77 0x0 0x0 0x55 0x26 0x80 0xff 0x29 0xe8 0x15 0xee 0x0 0x0 0x0 0x0 0x0 0xc 0x0 0x80 0x0 0xa4 0xa4 0x0 0x4 0xac 0x5 0x0 0x0
1787980531253,0x1 0x8b 0xd 0x50 0xa3 0x81 0x83 0xd 0x0 0x0 0xd 0x23 0x34 0x0 0x4b 0x13 0x33 0x13 0x73 0x0 0xb2 0x2 0xa2 0x2 0x0 0x28 0x65 0x1 0x0 0x15 0x0 0x1b 0x0 0x57 0x0 0x57 0x0 0xa4 0xa4 0xa4 0xa4 0xa4 0xa4 0x17 0x3 0x8 0x3 0x13 0x3 0x8 0x3 0x16 0x3 0xb 0x3 0x16 0x3 0x9 0x3 0x32 0x0 0x3 0x8b 0x8b 0x86 0x86 0x4d 0x80 0x4f 0x80 0xa6 0x82 0xeb 0x7b 0x6d 0x77 0x0 0x0 0x4b 0x26 0x76 0xff 0x29 0xe8 0x15 0xee 0x0 0x0 0x0 0x0 0x0 0xc 0x0 0x80 0x0 0xa4 0xa4 0x0 0x4 0xac 0x5 0x0 0x0
1787980531476,0x1 0x89 0xd 0x50 0xa3 0x81 0x83 0xd 0x0 0x0 0xd 0x22 0x33 0x0 0xfa 0x12 0x1f 0x13 0x73 0x0 0xb0 0x2 0xa2 0x2 0x0 0x28 0x65 0x1 0x0 0x18 0x0 0x20 0x0 0x57 0x0 0x57 0x0 0xa4 0xa4 0xa4 0xa4 0xa4 0xa4 0x17 0x3 0x9 0x3 0x18 0x3 0x9 0x3 0x17 0x3 0xa 0x3 0x17 0x3 0xa 0x3 0x32 0x0 0x3 0x8c 0x8d 0x86 0x86 0x4d 0x80 0x4f 0x80 0xa6 0x82 0xeb 0x7b 0x6d 0x77 0x0 0x0 0x41 0x26 0x6c 0xff 0x29 0xe8 0x15 0xee 0x0 0x0 0x0 0x0 0x0 0xc 0x0 0x80 0x0 0xa4 0xa4 0x0 0x4 0xcb 0x5 0x0 0x0
1787980531699,0x1 0x89 0xd 0x50 0xa3 0x81 0x83 0xd 0x0 0x0 0xd 0x22 0x33 0x0 0x8 0x13 0x15 0x13 0x73 0x0 0xae 0x2 0xa2 0x2 0x0 0x28 0x65 0x1 0x0 0x2c 0x0 0x4c 0x0 0x58 0x0 0x58 0x0 0xa4 0xa4 0xa4 0xa4 0xa4 0xa4 0x1b 0x3 0xd 0x3 0x1b 0x3 0xa 0x3 0x17 0x3 0xb 0x3 0x1b 0x3 0xd 0x3 0x32 0x0 0x3 0x8e 0x8e 0x86 0x86 0x4d 0x80 0x4f 0x80 0xa6 0x82 0xeb 0x7b 0x6d 0x77 0x0 0x0 0x39 0x26 0x64 0xff 0x29 0xe8 0x15 0xee 0x0 0x0 0x0 0x0 0x0 0xc 0x0 0x80 0x0 0xa4 0xa4 0x0 0x4 0xcb 0x5 0x0 0x0
1787980531925,0x1 0x8b 0xd 0x50 0xa3 0x81 0x83 0xd 0x0 0x0 0xd 0x21 0x33 0x0 0xf 0x13 0xee 0x12 0x73 0x0 0xad 0x2 0xa2 0x2 0x0 0x28 0x65 0x1 0x0 0x68 0x0 0x90 0x0 0x57 0x0 0x58 0x0 0xa3 0xa3 0xa3 0xa3 0xa3 0xa3 0x18 0x3 0xb 0x3 0x18 0x3 0xb 0x3 0x19 0x3 0xc 0x3 0x19 0x3 0xb 0x3 0x32 0x0 0x3 0x8f 0x8f 0x86 0x86 0x4d 0x80 0x4f 0x80 0xa6 0x82 0xeb 0x7b 0x6d 0x77 0x0 0x0 0x33 0x26 0x5e 0xff 0x29 0xe8 0x15 0xee 0x0 0x0 0x0 0x0 0x0 0xc 0x0 0x80 0x0 0xa4 0xa4 0x0 0x4 0xac 0x5 0x0 0x0
1787980532147,0x1 0x8a 0xd 0x50 0xa3 0x81 0x83 0xd 0x0 0x0 0xd 0x23 0x33 0x0 0xf3 0x12 0x28 0x13 0x73 0x0 0xb1 0x2 0xa2 0x2 0x0 0x28 0x65 0x1 0x0 0x92 0x0 0xa2 0x0 0x58 0x0 0x58 0x0 0xa5 0xa5 0xa5 0xa5 0xa5 0xa5 0xc 0x3 0x12 0x3 0xc 0x3 0xfd 0x2 0xb 0x3 0xfb 0x2 0x8 0x3 0xfb 0x2 0x32 0x0 0x3 0x86 0x86 0x87 0x87 0x4d 0x80 0x4f 0x80 0xa6 0x82 0xeb 0x7b 0x6b 0x75 0x0 0x0 0x2b 0x26 0x56 0xff 0x29 0xe8 0x15 0xee 0x0 0x0 0x0 0x0 0x0 0xc 0x0 0x80 0x0 0xa4 0xa4 0x0 0x4 0xb9 0x5 0x0 0x0
1787980532372,0x1 0x89 0xd 0x50 0xa3 0x81 0x83 0xd 0x0 0x0 0xd 0x22 0x33 0x0 0x16 0x13 0x0 0x13 0x73 0x0 0xac 0x2 0xa2 0x2 0x0 0x28 0x65 0x1 0x0 0xa1 0x0 0xa4 0x0 0x58 0x0 0x58 0x0 0xa4 0xa4 0xa4 0xa4 0xa4 0xa4 0x2 0x3 0xf5 0x2 0x4 0x3 0xf5 0x2 0x4 0x3 0xf4 0x2 0x3 0x3 0xf5 0x2 0x32 0x0 0x3 0x85 0x85 0x87 0x87 0x4d 0x80 0x4f 0x80 0xa6 0x82 0xeb 0x7b 0x6b 0x75 0x0 0x0 0x25 0x26 0x50 0xff 0x29 0xe8 0x15 0xee 0x0 0x0 0x0 0x0 0x0 0xc 0x0 0x80 0x0 0xa4 0xa4 0x0 0x4 0xcb 0x5 0x0 0x0
1787980532597,0x1 0x8a 0xd 0x50 0xa3 0x81 0x83 0xd 0x0 0x0 0xd 0x22 0x31 0x0 0x50 0x12 0xf1 0x12 0x73 0x0 0xad 0x2 0xa2 0x2 0x0 0x28 0x65 0x1 0x0 0xa4 0x0 0xa2 0x0 0x57 0x0 0x58 0x0 0xa4 0xa4 0xa4 0xa4 0xa4 0xa4 0x7 0x3 0xf5 0x2 0xfe 0x2 0xf5 0x2 0x6 0x3 0xf9 0x2 0xfe 0x2 0xef 0x2 0x32 0x0 0x3 0x84 0x84 0x87 0x87 0x4d 0x80 0x4f 0x80 0xa6 0x82 0xeb 0x7b 0x6b 0x75 0x0 0x0 0x1f 0x26 0x4a 0xff 0x29 0xe8 0x15 0xee 0x0 0x0 0x0 0x0 0x0 0xc 0x0 0x80 0x0 0xa4 0xa4 0x0 0x4 0xb9 0x5 0x0 0x0
1787980532836,0x1 0x8b 0xd 0x50 0xa4 0x81 0x83 0xd 0x0 0x0 0xd 0x22 0x32 0x0 0xd3 0x12 0xf 0x13 0x73 0x0 0xa8 0x2 0xa0 0x2 0x0 0x28 0x65 0x1 0x0 0x9e 0x0 0x9c 0x0 0x57 0x0 0x57 0x0 0xa2 0xa2 0xa2 0xa2 0xa2 0xa2 0x1 0x3 0xf4 0x2 0x2 0x3 0xf4 0x2 0x0 0x3 0xf3 0x2 0x0 0x3 0xf2 0x2 0x32 0x0 0x3 0x82 0x82 0x87 0x87 0x4d 0x80 0x4f 0x80 0xa6 0x82 0xeb 0x7b 0x6b 0x75 0x0 0x0 0xa0 0x25 0x44 0xff 0x29 0xe8 0x15 0xee 0x0 0x0 0x0 0x0 0x0 0xc 0x0 0x80 0x0 0xa4 0xa4 0x0 0x4 0xac 0x5 0x0 0x0
1787980533060,0x1 0x8a 0xd 0x50 0xa4 0x81 0x83 0xd 0x0 0x0 0xd 0x22 0x32 0x0 0xe8 0x12 0x17 0x13 0x73 0x0 0xa5 0x2 0xa0 0x2 0x0 0x28 0x65 0x1 0x0 0x99 0x0 0x8f 0x0 0x58 0x0 0x58 0x0 0xa2 0xa2 0xa2 0xa2 0xa2 0xa2 0xfe 0x2 0xf1 0x2 0x0 0x3 0xf3 0x2 0x3 0x3 0xf3 0x2 0xfe 0x2 0xf0 0x2 0x32 0x0 0x3 0x81 0x81 0x87 0x87 0x4d 0x80 0x4f 0x80 0xa6 0x82 0xeb 0x7b 0x6b 0x75 0x0 0x0 0x9a 0x25 0x3e 0xff 0x29 0xe8 0x15 0xee 0x0 0x0 0x0 0x0 0x0 0xc 0x0 0x80 0x0 0xa4 0xa4 0x0 0x4 0xb9 0x5 0x0 0x0
1787980533283,0x1 0x8a 0xd 0x50 0xa4 0x80 0x84 0xd 0x0 0x0 0xd 0x22 0x33 0x0 0x49 0x13 0x39 0x13 0x73 0x0 0xa5 0x2 0xa0 0x2 0x0 0x28 0x65 0x1 0x0 0x66 0x0 0x3a 0x0 0x57 0x0 0x58 0x0 0xa2 0xa2 0xa2 0xa2 0xa2 0xa2 0x2 0x3 0x6 0x3 0xff 0x2 0xf2 0x2 0x2 0x3 0xf2 0x2 0xff 0x2 0x7 0x3 0x32 0x0 0x3 0x80 0x88 0x87 0x87 0x4d 0x80 0x4f 0x80 0xa6 0x82 0xeb 0x7b 0x6b 0x75 0x0 0x0 0x98 0x25 0x3c 0xff 0x29 0xe8 0x15 0xee 0x0 0x0 0x0 0x0 0x0 0xc 0x0 0x80 0x0 0xa4 0xa4 0x0 0x4 0xb9 0x5 0x0 0x0
1787980533506,0x1 0x89 0xd 0x50 0xa4 0x80 0x84 0xd 0x0 0x0 0xd 0x22 0x32 0x0 0xcc 0x12 0x20 0x13 0x73 0x0 0xa9 0x2 0xa0 0x2 0x0 0x28 0x65 0x1 0x0 0x2c 0x0 0x1f 0x0 0x58 0x0 0x58 0x0 0xa3 0xa3 0xa3 0xa3 0xa3 0xa3 0x11 0x3 0x8 0x3 0x12 0x3 0x7 0x3 0x1 0x3 0xa 0x3 0x10 0x3 0x7 0x3 0x32 0x0 0x3 0x88 0x8a 0x87 0x87 0x4d 0x80 0x4f 0x80 0xa6 0x82 0xeb 0x7b 0x6b 0x75 0x0 0x0 0x92 0x25 0x36 0xff 0x29 0xe8 0x15 0xee 0x0 0x0 0x0 0x0 0x0 0xc 0x0 0x80 0x0 0xa4 0xa4 0x0 0x4 0xcb 0x5 0x0 0x0
1787980533731,0x1 0x8b 0xd 0x50 0xa4 0x80 0x84 0xd 0x0 0x0 0xd 0x23 0x33 0x0 0x1 0x13 0x1 0x13 0x73 0x0 0xaf 0x2 0xa0 0x2 0x0 0x28 0x65 0x1 0x0 0x1a 0x0 0x17 0x0 0x58 0x0 0x57 0x0 0xa5 0xa5 0xa5 0xa5 0xa5 0xa5 0x11 0x3 0x5 0x3 0xf 0x3 0x3 0x3 0xe 0x3 0x5 0x3 0xf 0x3 0x5 0x3 0x32 0x0 0x3 0x89 0x8b 0x87 0x87 0x4d 0x80 0x4f 0x80 0xa6 0x82 0xeb 0x7b 0x6b 0x75 0x0 0x0 0x8e 0x25 0x32 0xff 0x29 0xe8 0x15 0xee 0x0 0x0 0x0 0x0 0x0 0xc 0x0 0x80 0x0 0xa4 0xa4 0x0 0x4 0xac 0x5 0x0 0x0
1787980533956,0x1 0x8b 0xd 0x50 0xa4 0x80 0x84 0xd 0x0 0x0 0xd 0x22 0x32 0x0 0xa9 0x12 0xe2 0x12 0x73 0x0 0xae 0x2 0xa0 0x2 0x0 0x28 0x65 0x1 0x0 0x17 0x0 0x19 0x0 0x58 0x0 0x57 0x0 0xa4 0xa4 0xa4 0xa4 0xa4 0xa4 0xd 0x3 0x5 0x3 0xe 0x3 0x5 0x3 0xe 0x3 0x6 0x3 0xd 0x3 0x4 0x3 0x32 0x0 0x3 0x8b 0x8c 0x87 0x87 0x4d 0x80 0x4f 0x80 0xa6 0x82 0xeb 0x7b 0x6b 0x75 0x0 0x0 0x88 0x25 0x26 0xff 0x29 0xe8 0x15 0xee 0x0 0x0 0x0 0x0 0x0 0xc 0x0 0x80 0x0 0xa4 0xa4 0x0 0x4 0xac 0x5 0x0 0x0
1787980534196,0x1 0x8a 0xd 0x50 0xa4 0x81 0x83 0xd 0x0 0x0 0xd 0x22 0x32 0x0 0xb7 0x12 0xca 0x12 0x73 0x0 0xac 0x2 0xa0 0x2 0x0 0x28 0x65 0x1 0x0 0x19 0x0 0x34 0x0 0x57 0x0 0x58 0x0 0xa4 0xa4 0xa4 0xa4 0xa4 0xa4 0xf 0x3 0x7 0x3 0x10 0x3 0x5 0x3 0xf 0x3 0x5 0x3 0x10 0x3 0x5 0x3 0x32 0x0 0x3 0x8c 0x8e 0x87 0x87 0x4d 0x80 0x4f 0x80 0xa6 0x82 0xeb 0x7b 0x6b 0x75 0x0 0x0 0x80 0x25 0x1e 0xff 0x29 0xe8 0x15 0xee 0x0 0x0 0x0 0x0 0x0 0xc 0x0 0x80 0x0 0xa4 0xa4 0x0 0x4 0xb9 0x5 0x0 0x0
1787980534419,0x1 0x8a 0xd 0x50 0xa4 0x81 0x83 0xd 0x0 0x0 0xd 0x22 0x34 0x0 0xaa 0x13 0x4a 0x13 0x73 0x0 0xa5 0x2 0xa0 0x2 0x0 0x28 0x65 0x1 0x0 0x21 0x0 0x7d 0x0 0x58 0x0 0x57 0x0 0xa2 0xa2 0xa2 0xa2 0xa2 0xa2 0x17 0x3 0xf 0x3 0x1e 0x3 0x16 0x3 0x24 0x3 0xc 0x3 0x24 0x3 0x19 0x3 0x32 0x0 0x3 0x8d 0x8f 0x87 0x87 0x4d 0x80 0x4f 0x80 0xa6 0x82 0xeb 0x7b 0x6b 0x75 0x0 0x0 0x7c 0x25 0x1a 0xff 0x29 0xe8 0x15 0xee 0x0 0x0 0x0 0x0 0x0 0xc 0x0 0x80 0x0 0xa4 0xa4 0x0 0x4 0xb9 0x5 0x0 0x0
1787980534644,0x1 0x8a 0xd 0x50 0xa4 0x80 0x84 0xd 0x0 0x0 0xd 0x22 0x33 0x0 0xf3 0x12 0xf6 0x12 0x73 0x0 0xb1 0x2 0xa0 0x2 0x0 0x28 0x65 0x1 0x0 0x4e 0x0 0x9d 0x0 0x58 0x0 0x58 0x0 0xa5 0xa5 0xa5 0xa5 0xa5 0xa5 0x1a 0x3 0x11 0x3 0x18 0x3 0xa 0x3 0x17 0x3 0xd 0x3 0x1a 0x3 0xf8 0x2 0x32 0x0 0x3 0x8f 0x87 0x87 0x87 0x4d 0x80 0x4f 0x80 0xa6 0x82 0xeb 0x7b 0x6b 0x75 0x0 0x0 0x72 0x25 0x10 0xff 0x29 0xe8 0x15 0xee 0x0 0x0 0x0 0x0 0x0 0xc 0x0 0x80 0x0 0xa4 0xa4 0x0 0x4 0xb9 0x5 0x0 0x0
1787980534866,0x1 0x8a 0xd 0x50 0xa4 0x80 0x84 0xd 0x0 0x0 0xd 0x22 0x34 0x0 0x52 0x13 0xb 0x13 0x73 0x0 0xb1 0x2 0xa0 0x2 0x0 0x28 0x65 0x1 0x0 0x81 0x0 0xa5 0x0 0x58 0x0 0x57 0x0 0xa5 0xa5 0xa5 0xa5 0xa5 0xa5 0x1e 0x3 0xf6 0x2 0xa 0x3 0xf6 0x2 0x1d 0x3 0xf6 0x2 0xa 0x3 0xf6 0x2 0x32 0x0 0x3 0x87 0x85 0x87 0x87 0x4d 0x80 0x4f 0x80 0xa6 0x82 0xeb 0x7b 0x6b 0x75 0x0 0x0 0x66 0x25 0x4 0xff 0x29 0xe8 0x15 0xee 0x0 0x0 0x0 0x0 0x0 0xc 0x0 0x80 0x0 0xa4 0xa4 0x0 0x4 0xb9 0x5 0x0 0x0
1787980535092,0x1 0x89 0xd 0x50 0xa4 0x80 0x84 0xd 0x0 0x0 0xd 0x23 0x32 0x0 0xe1 0x12 0xf7 0x12 0x73 0x0 0xa6 0x2 0xa0 0x2 0x0 0x28 0x65 0x1 0x0 0xa2 0x0 0xa6 0x0 0x58 0x0 0x58 0x0 0xa2 0xa2 0xa2 0xa2 0xa2 0xa2 0x9 0x3 0xf6 0x2 0x8 0x3 0xf4 0x2 0xb 0x3 0xf6 0x2 0x7 0x3 0xf4 0x2 0x32 0x0 0x3 0x86 0x84 0x87 0x87 0x4d 0x80 0x4f 0x80 0xa6 0x82 0xeb 0x7b 0x6b 0x75 0x0 0x0 0x60 0x25 0xfe 0xfe 0x29 0xe8 0x15 0xee 0x0 0x0 0x0 0x0 0x0 0xc 0x0 0x80 0x0 0xa4 0xa4 0x0 0x4 0xcb 0x5 0x0 0x0
1787980535314,0x1 0x8a 0xd 0x50 0xa4 0x81 0x83 0xd 0x0 0x0 0xd 0x23 0x34 0x0 0xa2 0x13 0x2b 0x13 0x73 0x0 0xa6 0x2 0xa0 0x2 0x0 0x28 0x65 0x1 0x0 0xa8 0x0 0xa2 0x0 0x57 0x0 0x58 0x0 0xa2 0xa2 0xa2 0xa2 0xa2 0xa2 0xb 0x3 0xf6 0x2 0x8 0x3 0xf2 0x2 0x8 0x3 0xf7 0x2 0xb 0x3 0xf7 0x2 0x32 0x0 0x3 0x85 0x83 0x87 0x87 0x4d 0x80 0x4f 0x80 0xa6 0x82 0xeb 0x7b 0x6b 0x75 0x0 0x0 0x5c 0x25 0xfa 0xfe 0x29 0xe8 0x15 0xee 0x0 0x0 0x0 0x0 0x0 0xc 0x0 0x80 0x0 0xa4 0xa4 0x0 0x4 0xb9 0x5 0x0 0x0
1787980535539,0x1 0x8b 0xd 0x50 0xa4 0x81 0x83 0xd 0x0 0x0 0xd 0x21 0x33 0x0 0x33 0x13 0xf7 0x12 0x73 0x0 0xa8 0x2 0xa0 0x2 0x0 0x28 0x65 0x1 0x0 0xa5 0x0 0x9d 0x0 0x58 0x0 0x57 0x0 0xa2 0xa2 0xa2 0xa2 0xa2 0xa2 0x0 0x3 0xf4 0x2 0x4 0x3 0xef 0x2 0x2 0x3 0xeb 0x2 0x0 0x3 0xec 0x2 0x32 0x0 0x3 0x83 0x82 0x87 0x87 0x4d 0x80 0x4f 0x80 0xa6 0x82 0xeb 0x7b 0x6b 0x75 0x0 0x0 0x56 0x25 0xf4 0xfe 0x29 0xe8 0x15 0xee 0x0 0x0 0x0 0x0 0x0 0xc 0x0 0x80 0x0 0xa4 0xa4 0x0 0x4 0xac 0x5 0x0 0x0
1787980535763,0x1 0x8a 0xd 0x50 0xa4 0x81 0x83 0xd 0x0 0x0 0xd 0x22 0x32 0x0 0xef 0x12 0xeb 0x12 0x73 0x0 0xa4 0x2 0xa0 0x2 0x0 0x28 0x65 0x1 0x0 0x9f 0x0 0x95 0x0 0x58 0x0 0x57 0x0 0xa1 0xa1 0xa1 0xa1 0xa1 0xa1 0xfe 0x2 0xe9 0x2 0xfc 0x2 0xeb 0x2 0xff 0x2 0xeb 0x2 0xfc 0x2 0xe9 0x2 0x32 0x0 0x3 0x82 0x80 0x87 0x87 0x4d 0x80 0x4f 0x80 0xa6 0x82 0xeb 0x7b 0x6b 0x75 0x0 0x0 0x50 0x25 0xee 0xfe 0x29 0xe8 0x15 0xee 0x0 0x0 0x0 0x0 0x0 0xc 0x0 0x80 0x0 0xa4 0xa4 0x0 0x4 0xb9 0x5 0x0 0x0
1787980535987,0x1 0x8a 0xd 0x50 0xa4 0x81 0x83 0xd 0x0 0x0 0xd 0x22 0x32 0x0 0xc 0x13 0x10 0x13 0x73 0x0 0xa0 0x2 0xa0 0x2 0x0 0x28 0x65 0x1 0x0 0x99 0x0 0x7d 0x0 0x58 0x0 0x57 0x0 0xa0 0xa0 0xa0 0xa0 0xa0 0xa0 0x1 0x3 0xec 0x2 0x0 0x3 0xeb 0x2 0xff 0x2 0xed 0x2 0xff 0x2 0xeb 0x2 0x32 0x0 0x3 0x81 0x7f 0x87 0x87 0x4d 0x80 0x4f 0x80 0xa6 0x82 0xeb 0x7b 0x6b 0x75 0x0 0x0 0x50 0x25 0xee 0xfe 0x29 0xe8 0x15 0xee 0x0 0x0 0x0 0x0 0x0 0xc 0x0 0x80 0x0 0xa4 0xa4 0x0 0x4 0xb9 0x5 0x0 0x0
1787980536211,0x1 0x8b 0xd 0x50 0xa4 0x81 0x83 0xd 0x0 0x0 0xd 0x22 0x32 0x0 0xef 0x12 0xef 0x12 0x73 0x0 0xa4 0x2 0xa0 0x2 0x0 0x28 0x65 0x1 0x0 0x86 0x0 0x2f 0x0 0x57 0x0 0x58 0x0 0xa2 0xa2 0xa2 0xa2 0xa2 0xa2 0xfc 0x2 0xe7 0x2 0xfa 0x2 0xfb 0x2 0xf7 0x2 0xfa 0x2 0xf7 0x2 0xfa 0x2 0x32 0x0 0x3 0x7f 0x87 0x87 0x87 0x4d 0x80 0x4f 0x80 0xa6 0x82 0xeb 0x7b 0x6b 0x75 0x0 0x0 0x4c 0x25 0xea 0xfe 0x29 0xe8 0x15 0xee 0x0 0x0 0x0 0x0 0x0 0xc 0x0 0x80 0x0 0xa4 0xa4 0x0 0x4 0xac 0x5 0x0 0x0
1787980536434,0x1 0x8b 0xd 0x50 0xa4 0x81 0x83 0xd 0x0 0x0 0xd 0x22 0x33 0x0 0x50 0x13 0x28 0x13 0x73 0x0 0xa4 0x2 0xa0 0x2 0x0 0x28 0x65 0x1 0x0 0x35 0x0 0x1c 0x0 0x58 0x0 0x58 0x0 0xa1 0xa1 0xa1 0xa1 0xa1 0xa1 0xe 0x3 0x3 0x3 0xfd 0x2 0x5 0x3 0xfd 0x2 0x5 0x3 0xf 0x3 0x3 0x3 0x32 0x0 0x3 0x87 0x88 0x87 0x87 0x4d 0x80 0x4f 0x80 0xa6 0x82 0xeb 0x7b 0x6b 0x75 0x0 0x0 0x44 0x25 0xe8 0xfe 0x29 0xe8 0x15 0xee 0x0 0x0 0x0 0x0 0x0 0xc 0x0 0x80 0x0 0xa4 0xa4 0x0 0x4 0xac 0x5 0x0 0x0
1787980536659,0x1 0x8b 0xd 0x50 0xa4 0x81 0x83 0xd 0x0 0x0 0xd 0x22 0x33 0x0 0x2c 0x13 0xfa 0x12 0x73 0x0 0xa9 0x2 0xa0 0x2 0x0 0x28 0x65 0x1 0x0 0x1b 0x0 0x18 0x0 0x58 0x0 0x57 0x0 0xa3 0xa3 0xa3 0xa3 0xa3 0xa3 0xb 0x3 0xfe 0x2 0xc 0x3 0x2 0x3 0xe 0x3 0x0 0x3 0xc 0x3 0xff 0x2 0x32 0x0 0x3 0x88 0x89 0x87 0x87 0x4d 0x80 0x4f 0x80 0xa6 0x82 0xeb 0x7b 0x6b 0x75 0x0 0x0 0x40 0x25 0xe4 0xfe 0x29 0xe8 0x15 0xee 0x0 0x0 0x0 0x0 0x0 0xc 0x0 0x80 0x0 0xa4 0xa4 0x0 0x4 0xac 0x5 0x0 0x0
1787980536882,0x1 0x89 0xd 0x50 0xa4 0x81 0x83 0xd 0x0 0x0 0xd 0x22 0x33 0x0 0x33 0x13 0x10 0x13 0x73 0x0 0xa8 0x2 0xa0 0x2 0x0 0x28 0x65 0x1 0x0 0x15 0x0 0x17 0x0 0x57 0x0 0x58 0x0 0xa2 0xa2 0xa2 0xa2 0xa2 0xa2 0x10 0x3 0x2 0x3 0xf 0x3 0x5 0x3 0x13 0x3 0x2 0x3 0x13 0x3 0x7 0x3 0x32 0x0 0x3 0x8a 0x8b 0x87 0x87 0x4d 0x80 0x4f 0x80 0xa6 0x82 0xeb 0x7b 0x6b 0x75 0x0 0x0 0x36 0x25 0xda 0xfe 0x29 0xe8 0x15 0xee 0x0 0x0 0x0 0x0 0x0 0xc 0x0 0x80 0x0 0xa4 0xa4 0x0 0x4 0xcb 0x5 0x0 0x0
1787980537107,0x1 0x8a 0xd 0x50 0xa4 0x81 0x83 0xd 0x0 0x0 0xd 0x22 0x33 0x0 0x1e 0x13 0x14 0x13 0x73 0x0 0xab 0x2 0xa0 0x2 0x0 0x28 0x65 0x1 0x0 0x15 0x0 0x1a 0x0 0x58 0x0 0x58 0x0 0xa4 0xa4 0xa4 0xa4 0xa4 0xa4 0x16 0x3 0x5 0x3 0x12 0x3 0x5 0x3 0x15 0x3 0xa 0x3 0x16 0x3 0x9 0x3 0x32 0x0 0x3 0x8b 0x8c 0x87 0x87 0x4d 0x80 0x4f 0x80 0xa6 0x82 0xeb 0x7b 0x6b 0x75 0x0 0x0 0x30 0x25 0xd4 0xfe 0x29 0xe8 0x15 0xee 0x0 0x0 0x0 0x0 0x0 0xc 0x0 0x80 0x0 0xa4 0xa4 0x0 0x4 0xb9 0x5 0x0 0x0
1787980537329,0x1 0x8a 0xd 0x50 0xa4 0x81 0x83 0xd 0x0 0x0 0xd 0x21 0x32 0x0 0xb7 0x12 0xc5 0x12 0x73 0x0 0xac 0x2 0xa0 0x2 0x0 0x28 0x65 0x1 0x0 0x18 0x0 0x2b 0x0 0x58 0x0 0x57 0x0 0xa3 0xa3 0xa3 0xa3 0xa3 0xa3 0xf 0x3 0x3 0x3 0x12 0x3 0x6 0x3 0x11 0x3 0x4 0x3 0x10 0x3 0x3 0x3 0x32 0x0 0x3 0x8c 0x8d 0x87 0x87 0x4d 0x80 0x4f 0x80 0xa6 0x82 0xeb 0x7b 0x6b 0x75 0x0 0x0 0x28 0x25 0xcc 0xfe 0x29 0xe8 0x15 0xee 0x0 0x0 0x0 0x0 0x0 0xc 0x0 0x80 0x0 0xa4 0xa4 0x0 0x4 0xb9 0x5 0x0 0x0
1787980537555,0x1 0x8a 0xd 0x50 0xa4 0x81 0x83 0xd 0x0 0x0 0xd 0x21 0x32 0x0 0xb0 0x12 0xe4 0x12 0x73 0x0 0xad 0x2 0xa0 0x2 0x0 0x28 0x65 0x1 0x0 0x31 0x0 0x7b 0x0 0x58 0x0 0x57 0x0 0xa4 0xa4 0xa4 0xa4 0xa4 0xa4 0x18 0x3 0xd 0x3 0x17 0x3 0xb 0x3 0x16 0x3 0xb 0x3 0x16 0x3 0xb 0x3 0x32 0x0 0x3 0x8e 0x8e 0x87 0x87 0x4d 0x80 0x4f 0x80 0xa6 0x82 0xeb 0x7b 0x6b 0x75 0x0 0x0 0x1c 0x25 0xc0 0xfe 0x29 0xe8 0x15 0xee 0x0 0x0 0x0 0x0 0x0 0xc 0x0 0x80 0x0 0xa4 0xa4 0x0 0x4 0xb9 0x5 0x0 0x0
1787980537779,0x1 0x8a 0xd 0x4f 0xa4 0x80 0x84 0xd 0x0 0x0 0xd 0x21 0x32 0x0 0xb0 0x12 0xaf 0x12 0x73 0x0 0xad 0x2 0xa0 0x2 0x0 0x28 0x65 0x1 0x0 0x72 0x0 0xa1 0x0 0x58 0x0 0x57 0x0 0xa4 0xa4 0xa4 0xa4 0xa4 0xa4 0x12 0x3 0x6 0x3 0x11 0x3 0x3 0x3 0x13 0x3 0xf1 0x2 0x13 0x3 0xf1 0x2 0x32 0x0 0x3 0x87 0x87 0x87 0x86 0x4d 0x80 0x4f 0x80 0xa6 0x82 0xeb 0x7b 0x6b 0x75 0x0 0x0 0x16 0x25 0xba 0xfe 0x29 0xe8 0x15 0xee 0x0 0x0 0x0 0x0 0x0 0xc 0x0 0x80 0x0 0xa4 0xa4 0x0 0x4 0xb9 0x5 0x0 0x0
1787980538003,0x1 0x8a 0xd 0x4f 0xa4 0x80 0x84 0xd 0x0 0x0 0xd 0x22 0x33 0x0 0x25 0x13 0xe6 0x12 0x73 0x0 0xaa 0x2 0xa0 0x2 0x0 0x28 0x65 0x1 0x0 0x9c 0x0 0xa7 0x0 0x58 0x0 0x58 0x0 0xa4 0xa4 0xa4 0xa4 0xa4 0xa4 0x4 0x3 0xef 0x2 0x2 0x3 0xf3 0x2 0x3 0x3 0xf4 0x2 0x4 0x3 0xf5 0x2 0x32 0x0 0x3 0x86 0x85 0x87 0x86 0x4d 0x80 0x4f 0x80 0xa6 0x82 0xeb 0x7b 0x6b 0x75 0x0 0x0 0x10 0x25 0xb4 0xfe 0x29 0xe8 0x15 0xee 0x0 0x0 0x0 0x0 0x0 0xc 0x0 0x80 0x0 0xa4 0xa4 0x0 0x4 0xb9 0x5 0x0 0x0
1787980538227,0x1 0x8a 0xd 0x50 0xa4 0x81 0x83 0xd 0x0 0x0 0xd 0x22 0x32 0x0 0xda 0x12 0x20 0x13 0x73 0x0 0xa7 0x2 0xa0 0x2 0x0 0x28 0x65 0x1 0x0 0xa7 0x0 0xa5 0x0 0x58 0x0 0x58 0x0 0xa2 0xa2 0xa2 0xa2 0xa2 0xa2 0xa 0x3 0xfa 0x2 0x8 0x3 0xfb 0x2 0xb 0x3 0xfc 0x2 0x8 0x3 0xf8 0x2 0x32 0x0 0x3 0x84 0x84 0x87 0x86 0x4d 0x80 0x4f 0x80 0xa6 0x82 0xeb 0x7b 0x6b 0x75 0x0 0x0 0xa 0x25 0xae 0xfe 0x29 0xe8 0x15 0xee 0x0 0x0 0x0 0x0 0x0 0xc 0x0 0x80 0x0 0xa4 0xa4 0x0 0x4 0xb9 0x5 0x0 0x0
1787980538465,0x1 0x8b 0xd 0x50 0xa4 0x81 0x83 0xd 0x0 0x0 0xd 0x23 0x33 0x0 0x84 0x13 0x53 0x13 0x73 0x0 0x9d 0x2 0xa0 0x2 0x0 0x28 0x65 0x1 0x0 0xa5 0x0 0xa1 0x0 0x58 0x0 0x57 0x0 0x9f 0x9f 0x9f 0x9f 0x9f 0x9f 0xa 0x3 0xfb 0x2 0xb 0x3 0xfc 0x2 0x7 0x3 0xf9 0x2 0xc 0x3 0xfc 0x2 0x32 0x0 0x3 0x83 0x83 0x87 0x86 0x4d 0x80 0x4f 0x80 0xa6 0x82 0xeb 0x7b 0x6b 0x75 0x0 0x0 0xc 0x25 0xb0 0xfe 0x29 0xe8 0x15 0xee 0x0 0x0 0x0 0x0 0x0 0xc 0x0 0x80 0x0 0xa4 0xa4 0x0 0x4 0xac 0x5 0x0 0x0
1787980538690,0x1 0x8a 0xd 0x4f 0xa4 0x81 0x83 0xd 0x0 0x0 0xd 0x22 0x33 0x0 0x50 0x13 0x5a 0x13 0x73 0x0 0xa4 0x2 0xa0 0x2 0x0 0x28 0x65 0x1 0x0 0xa1 0x0 0x9e 0x0 0x58 0x0 0x57 0x0 0xa2 0xa2 0xa2 0xa2 0xa2 0xa2 0x9 0x3 0xf6 0x2 0x6 0x3 0xf7 0x2 0xa 0x3 0xf9 0x2 0x9 0x3 0xf9 0x2 0x32 0x0 0x3 0x82 0x81 0x87 0x86 0x4d 0x80 0x4f 0x80 0xa6 0x82 0xeb 0x7b 0x6b 0x75 0x0 0x0 0xa 0x25 0xae 0xfe 0x29 0xe8 0x15 0xee 0x0 0x0 0x0 0x0 0x0 0xc 0x0 0x80 0x0 0xa4 0xa4 0x0 0x4 0xb9 0x5 0x0 0x0
1787980538915,0x1 0x8a 0xd 0x4f 0xa4 0x81 0x83 0xd 0x0 0x0 0xd 0x22 0x32 0x0 0xe1 0x12 0x3a 0x13 0x73 0x0 0xa6 0x2 0xa0 0x2 0x0 0x28 0x65 0x1 0x0 0x9d 0x0 0x97 0x0 0x57 0x0 0x57 0x0 0xa2 0xa2 0xa2 0xa2 0xa2 0xa2 0x5 0x3 0xf0 0x2 0x6 0x3 0xf4 0x2 0x5 0x3 0xf6 0x2 0x0 0x3 0xf0 0x2 0x32 0x0 0x3 0x80 0x80 0x87 0x86 0x4d 0x80 0x4f 0x80 0xa6 0x82 0xeb 0x7b 0x6b 0x75 0x0 0x0 0x8 0x25 0xac 0xfe 0x29 0xe8 0x15 0xee 0x0 0x0 0x0 0x0 0x0 0xc 0x0 0x80 0x0 0xa4 0xa4 0x0 0x4 0xb9 0x5 0x0 0x0
1787980539137,0x1 0x8b 0xd 0x4f 0xa4 0x81 0x83 0xd 0x0 0x0 0xd 0x21 0x33 0x0 0x58 0x13 0x2e 0x13 0x73 0x0 0xa3 0x2 0xa0 0x2 0x0 0x28 0x65 0x1 0x0 0x99 0x0 0x93 0x0 0x58 0x0 0x57 0x0 0xa1 0xa1 0xa1 0xa1 0xa1 0xa1 0xfa 0x2 0xeb 0x2 0xfd 0x2 0xed 0x2 0xfd 0x2 0xec 0x2 0xfc 0x2 0xed 0x2 0x32 0x0 0x3 0x7f 0x7f 0x87 0x86 0x4d 0x80 0x4f 0x80 0xa6 0x82 0xeb 0x7b 0x6b 0x75 0x0 0x0 0x6 0x25 0xaa 0xfe 0x29 0xe8 0x15 0xee 0x0 0x0 0x0 0x0 0x0 0xc 0x0 0x80 0x0 0xa4 0xa4 0x0 0x4 0xac 0x5 0x0 0x0
1787980539362,0x1 0x8a 0xd 0x4f 0xa4 0x81 0x83 0xd 0x0 0x0 0xd 0x22 0x33 0x0 0x5f 0x13 0x25 0x13 0x73 0x0 0xa2 0x2 0xa0 0x2 0x0 0x28 0x65 0x1 0x0 0x93 0x0 0x8a 0x0 0x58 0x0 0x57 0x0 0xa1 0xa1 0xa1 0xa1 0xa1 0xa1 0xfd 0x2 0xea 0x2 0xf9 0x2 0xe7 0x2 0xf9 0x2 0xef 0x2 0xf9 0x2 0xe9 0x2 0x32 0x0 0x3 0x7e 0x7d 0x87 0x86 0x4d 0x80 0x4f 0x80 0xa6 0x82 0xeb 0x7b 0x6b 0x75 0x0 0x0 0x2 0x25 0xa6 0xfe 0x29 0xe8 0x15 0xee 0x0 0x0 0x0 0x0 0x0 0xc 0x0 0x80 0x0 0xa4 0xa4 0x0 0x4 0xb9 0x5 0x0 0x0
1787980539585,0x1 0x8a 0xd 0x4f 0xa4 0x81 0x83 0xd 0x0 0x0 0xd 0x21 0x32 0x0 0x5 0x13 0xe4 0x12 0x73 0x0 0xa1 0x2 0xa0 0x2 0x0 0x28 0x65 0x1 0x0 0x76 0x0 0x43 0x0 0x58 0x0 0x57 0x0 0xa0 0xa0 0xa0 0xa0 0xa0 0xa0 0xee 0x2 0xe2 0x2 0xf1 0x2 0xe0 0x2 0xef 0x2 0xf2 0x2 0xee 0x2 0xf4 0x2 0x32 0x0 0x3 0x7c 0x84 0x87 0x85 0x4d 0x80 0x4f 0x80 0xa6 0x82 0xeb 0x7b 0x6b 0x75 0x0 0x0 0x2 0x25 0xa6 0xfe 0x29 0xe8 0x15 0xee 0x0 0x0 0x0 0x0 0x0 0xc 0x0 0x80 0x0 0xa4 0xa4 0x0 0x4 0xb9 0x5 0x0 0x0
1787980539810,0x1 0x8a 0xd 0x4f 0xa4 0x81 0x83 0xd 0x0 0x0 0xd 0x22 0x32 0x0 0xfe 0x12 0x13 0x13 0x73 0x0 0xa2 0x2 0xa0 0x2 0x0 0x28 0x65 0x1 0x0 0x2f 0x0 0x21 0x0 0x58 0x0 0x57 0x0 0xa1 0xa1 0xa1 0xa1 0xa1 0xa1 0x8 0x3 0xfb 0x2 0xed 0x2 0xf5 0x2 0x6 0x3 0xfc 0x2 0x7 0x3 0xfb 0x2 0x32 0x0 0x3 0x84 0x86 0x85 0x85 0x4d 0x80 0x4f 0x80 0xa6 0x82 0xeb 0x7b 0x6b 0x75 0x0 0x0 0x2 0x25 0xa6 0xfe 0x29 0xe8 0x15 0xee 0x0 0x0 0x0 0x0 0x0 0xc 0x0 0x80 0x0 0xa4 0xa4 0x0 0x4 0xb9 0x5 0x0 0x0
1787980540034,0x1 0x8b 0xd 0x4f 0xa4 0x81 0x83 0xd 0x0 0x0 0xd 0x21 0x32 0x0 0xfe 0x12 0x24 0x13 0x73 0x0 0xa2 0x2 0xa0 0x2 0x0 0x28 0x65 0x1 0x0 0x18 0x0 0x16 0x0 0x58 0x0 0x58 0x0 0xa1 0xa1 0xa1 0xa1 0xa1 0xa1 0x9 0x3 0xff 0x2 0xd 0x3 0x1 0x3 0x3 0x3 0xfb 0x2 0xc 0x3 0x1 0x3 0x32 0x0 0x3 0x86 0x87 0x85 0x85 0x4d 0x80 0x4f 0x80 0xa6 0x82 0xeb 0x7b 0x6b 0x75 0x0 0x0 0x2 0x25 0xa6 0xfe 0x29 0xe8 0x15 0xee 0x0 0x0 0x0 0x0 0x0 0xc 0x0 0x80 0x0 0xa4 0xa4 0x0 0x4 0xac 0x5 0x0 0x0
1787980540258,0x1 0x8b 0xd 0x4f 0xa4 0x80 0x84 0xd 0x0 0x0 0xd 0x21 0x31 0x0 0x8e 0x12 0xc0 0x12 0x73 0x0 0xa4 0x2 0xa0 0x2 0x0 0x28 0x65 0x1 0x0 0x13 0x0 0x14 0x0 0x57 0x0 0x57 0x0 0xa2 0xa2 0xa2 0xa2 0xa2 0xa2 0x7 0x3 0xf9 0x2 0x2 0x3 0xf9 0x2 0x4 0x3 0xfd 0x2 0x4 0x3 0xf9 0x2 0x32 0x0 0x3 0x87 0x88 0x85 0x85 0x4d 0x80 0x4f 0x80 0xa6 0x82 0xeb 0x7b 0x6b 0x75 0x0 0x0 0x0 0x25 0xa4 0xfe 0x29 0xe8 0x15 0xee 0x0 0x0 0x0 0x0 0x0 0xc 0x0 0x80 0x0 0xa4 0xa4 0x0 0x4 0xac 0x5 0x0 0x0
1787980540482,0x1 0x89 0xd 0x4f 0xa4 0x80 0x84 0xd 0x0 0x0 0xd 0x21 0x32 0x0 0xcc 0x12 0xfb 0x12 0x73 0x0 0xa9 0x2 0xa0 0x2 0x0 0x28 0x65 0x1 0x0 0x11 0x0 0x14 0x0 0x58 0x0 0x58 0x0 0xa3 0xa3 0xa3 0xa3 0xa3 0xa3 0xd 0x3 0xfe 0x2 0xa 0x3 0x0 0x3 0xe 0x3 0x4 0x3 0xd 0x3 0x2 0x3 0x32 0x0 0x3 0x88 0x8a 0x85 0x85 0x4d 0x80 0x4f 0x80 0xa6 0x82 0xeb 0x7b 0x6b 0x75 0x0 0x0 0xfa 0x24 0x9e 0xfe 0x29 0xe8 0x15 0xee 0x0 0x0 0x0 0x0 0x0 0xc 0x0 0x80 0x0 0xa4 0xa4 0x0 0x4 0xcb 0x5 0x0 0x0
1787980540706,0x1 0x8a 0xd 0x4f 0xa4 0x81 0x83 0xd 0x0 0x0 0xd 0x21 0x31 0x0 0x49 0x12 0xb9 0x12 0x73 0x0 0xae 0x2 0xa0 0x2 0x0 0x28 0x65 0x1 0x0 0x11 0x0 0x15 0x0 0x58 0x0 0x58 0x0 0xa4 0xa4 0xa4 0xa4 0xa4 0xa4 0xb 0x3 0xff 0x2 0x7 0x3 0x0 0x3 0xc 0x3 0x1 0x3 0x7 0x3 0xfc 0x2 0x32 0x0 0x3 0x8a 0x8b 0x85 0x85 0x4d 0x80 0x4f 0x80 0xa6 0x82 0xeb 0x7b 0x6b 0x75 0x0 0x0 0xf2 0x24 0x96 0xfe 0x29 0xe8 0x15 0xee 0x0 0x0 0x0 0x0 0x0 0xc 0x0 0x80 0x0 0xa4 0xa4 0x0 0x4 0xb9 0x5 0x0 0x0
1787980540930,0x1 0x8a 0xd 0x4f 0xa4 0x81 0x83 0xd 0x0 0x0 0xd 0x21 0x32 0x0 0xcc 0x12 0xce 0x12 0x73 0x0 0xa9 0x2 0xa0 0x2 0x0 0x28 0x65 0x1 0x0 0x12 0x0 0x18 0x0 0x58 0x0 0x58 0x0 0xa2 0xa2 0xa2 0xa2 0xa2 0xa2 0xf 0x3 0x3 0x3 0xd 0x3 0x3 0x3 0xa 0x3 0x2 0x3 0xd 0x3 0x3 0x3 0x32 0x0 0x3 0x8b 0x8c 0x85 0x85 0x4d 0x80 0x4f 0x80 0xa6 0x82 0xeb 0x7b 0x6b 0x75 0x0 0x0 0xec 0x24 0x90 0xfe 0x29 0xe8 0x15 0xee 0x0 0x0 0x0 0x0 0x0 0xc 0x0 0x80 0x0 0xa4 0xa4 0x0 0x4 0xb9 0x5 0x0 0x0
1787980541152,0x1 0x8a 0xd 0x4f 0xa4 0x81 0x83 0xd 0x0 0x0 0xd 0x22 0x33 0x0 0x3a 0x13 0xff 0x12 0x73 0x0 0xa7 0x2 0xa0 0x2 0x0 0x28 0x65 0x1 0x0 0x16 0x0 0x2d 0x0 0x57 0x0 0x57 0x0 0xa2 0xa2 0xa2 0xa2 0xa2 0xa2 0x15 0x3 0xc 0x3 0x16 0x3 0xa 0x3 0x15 0x3 0xc 0x3 0x17 0x3 0xc 0x3 0x32 0x0 0x3 0x8c 0x8d 0x85 0x85 0x4d 0x80 0x4f 0x80 0xa6 0x82 0xeb 0x7b 0x6b 0x75 0x0 0x0 0xe4 0x24 0x88 0xfe 0x29 0xe8 0x15 0xee 0x0 0x0 0x0 0x0 0x0 0xc 0x0 0x80 0x0 0xa4 0xa4 0x0 0x4 0xb9 0x5 0x0 0x0
1787980541378,0x1 0x8a 0xd 0x4f 0xa4 0x81 0x83 0xd 0x0 0x0 0xd 0x21 0x32 0x0 0xd3 0x12 0xe9 0x12 0x73 0x0 0xa8 0x2 0xa0 0x2 0x0 0x28 0x65 0x1 0x0 0x29 0x0 0x64 0x0 0x58 0x0 0x58 0x0 0xa2 0xa2 0xa2 0xa2 0xa2 0xa2 0x18 0x3 0xc 0x3 0x15 0x3 0xa 0x3 0x15 0x3 0xd 0x3 0x18 0x3 0xd 0x3 0x32 0x0 0x3 0x8d 0x8f 0x85 0x85 0x4d 0x80 0x4f 0x80 0xa6 0x82 0xeb 0x7b 0x6b 0x75 0x0 0x0 0xe0 0x24 0x84 0xfe 0x29 0xe8 0x15 0xee 0x0 0x0 0x0 0x0 0x0 0xc 0x0 0x80 0x0 0xa4 0xa4 0x0 0x4 0xb9 0x5 0x0 0x0
1787980541601,0x1 0x8a 0xd 0x4f 0xa4 0x81 0x83 0xd 0x0 0x0 0xd 0x22 0x33 0x0 0x1e 0x13 0xf4 0x12 0x73 0x0 0xab 0x2 0xa0 0x2 0x0 0x28 0x65 0x1 0x0 0x72 0x0 0x91 0x0 0x58 0x0 0x58 0x0 0xa4 0xa4 0xa4 0xa4 0xa4 0xa4 0x1c 0x3 0xe 0x3 0x1c 0x3 0xc 0x3 0x17 0x3 0xf 0x3 0x1c 0x3 0xf 0x3 0x32 0x0 0x3 0x8f 0x8f 0x85 0x85 0x4d 0x80 0x4f 0x80 0xa6 0x82 0xeb 0x7b 0x6b 0x75 0x0 0x0 0xda 0x24 0x7e 0xfe 0x29 0xe8 0x15 0xee 0x0 0x0 0x0 0x0 0x0 0xc 0x0 0x80 0x0 0xa4 0xa4 0x0 0x4 0xb9 0x5 0x0 0x0
1787980541826,0x1 0x8b 0xd 0x4f 0xa5 0x81 0x83 0xd 0x0 0x0 0xd 0x23 0x33 0x0 0x1e 0x13 0xed 0x12 0x73 0x0 0xab 0x2 0x9f 0x2 0x0 0x28 0x65 0x1 0x0 0x99 0x0 0xa4 0x0 0x58 0x0 0x58 0x0 0xa3 0xa3 0xa3 0xa3 0xa3 0xa3 0x8 0x3 0xfb 0x2 0x5 0x3 0xf6 0x2 0x4 0x3 0xfb 0x2 0x4 0x3 0xf7 0x2 0x32 0x0 0x3 0x86 0x86 0x85 0x86 0x4d 0x80 0x4f 0x80 0xa6 0x82 0xeb 0x7b 0x6b 0x75 0x0 0x0 0x5d 0x24 0x74 0xfe 0x29 0xe8 0x15 0xee 0x0 0x0 0x0 0x0 0x0 0xc 0x0 0x80 0x0 0xa4 0xa4 0x0 0x4 0xac 0x5 0x0 0x0
1787980542050,0x1 0x8b 0xd 0x4f 0xa5 0x81 0x83 0xd 0x0 0x0 0xd 0x21 0x32 0x0 0xcc 0x12 0xf9 0x12 0x73 0x0 0xa9 0x2 0x9f 0x2 0x0 0x28 0x65 0x1 0x0 0xa6 0x0 0xa7 0x0 0x58 0x0 0x57 0x0 0xa4 0xa4 0xa4 0xa4 0xa4 0xa4 0x4 0x3 0xf7 0x2 0x2 0x3 0xf7 0x2 0x6 0x3 0xf7 0x2 0x3 0x3 0xf7 0x2 0x32 0x0 0x3 0x84 0x85 0x85 0x86 0x4d 0x80 0x4f 0x80 0xa6 0x82 0xeb 0x7b 0x6b 0x75 0x0 0x0 0x57 0x24 0x6e 0xfe 0x29 0xe8 0x15 0xee 0x0 0x0 0x0 0x0 0x0 0xc 0x0 0x80 0x0 0xa4 0xa4 0x0 0x4 0xac 0x5 0x0 0x0
1787980542274,0x1 0x89 0xd 0x4f 0xa4 0x81 0x83 0xd 0x0 0x0 0xd 0x22 0x32 0x0 0xe1 0x12 0xe1 0x12 0x73 0x0 0xa6 0x2 0xa0 0x2 0x0 0x28 0x65 0x1 0x0 0xa8 0x0 0xa6 0x0 0x57 0x0 0x57 0x0 0xa2 0xa2 0xa2 0xa2 0xa2 0xa2 0xff 0x2 0xf1 0x2 0x0 0x3 0xf4 0x2 0x2 0x3 0xf3 0x2 0xfe 0x2 0xf1 0x2 0x32 0x0 0x3 0x83 0x84 0x85 0x86 0x4d 0x80 0x4f 0x80 0xa6 0x82 0xeb 0x7b 0x6b 0x75 0x0 0x0 0x55 0x24 0x6c 0xfe 0x29 0xe8 0x15 0xee 0x0 0x0 0x0 0x0 0x0 0xc 0x0 0x80 0x0 0xa4 0xa4 0x0 0x4 0xcb 0x5 0x0 0x0
1787980542496,0x1 0x8a 0xd 0x4f 0xa4 0x81 0x83 0xd 0x0 0x0 0xd 0x21 0x31 0x0 0x9c 0x12 0xec 0x12 0x73 0x0 0xa2 0x2 0xa0 0x2 0x0 0x28 0x65 0x1 0x0 0xa4 0x0 0xa3 0x0 0x57 0x0 0x57 0x0 0xa1 0xa1 0xa1 0xa1 0xa1 0xa1 0x0 0x3 0xf3 0x2 0xfe 0x2 0xf3 0x2 0x1 0x3 0xf4 0x2 0xfe 0x2 0xf1 0x2 0x32 0x0 0x3 0x82 0x82 0x85 0x86 0x4d 0x80 0x4f 0x80 0xa6 0x82 0xeb 0x7b 0x6b 0x75 0x0 0x0 0xc8 0x24 0x6c 0xfe 0x29 0xe8 0x15 0xee 0x0 0x0 0x0 0x0 0x0 0xc 0x0 0x80 0x0 0xa4 0xa4 0x0 0x4 0xb9 0x5 0x0 0x0
1787980542722,0x1 0x8a 0xd 0x4f 0xa4 0x81 0x83 0xd 0x0 0x0 0xd 0x22 0x32 0x0 0xc 0x13 0x1 0x13 0x73 0x0 0xa0 0x2 0xa0 0x2 0x0 0x28 0x65 0x1 0x0 0x9f 0x0 0xa0 0x0 0x57 0x0 0x57 0x0 0xa0 0xa0 0xa0 0xa0 0xa0 0xa0 0xfc 0x2 0xef 0x2 0xfc 0x2 0xf0 0x2 0xfc 0x2 0xf0 0x2 0xfc 0x2 0xef 0x2 0x32 0x0 0x3 0x81 0x81 0x85 0x86 0x4d 0x80 0x4f 0x80 0xa6 0x82 0xeb 0x7b 0x6b 0x75 0x0 0x0 0xca 0x24 0x6e 0xfe 0x29 0xe8 0x15 0xee 0x0 0x0 0x0 0x0 0x0 0xc 0x0 0x80 0x0 0xa4 0xa4 0x0 0x4 0xb9 0x5 0x0 0x0
1787980542945,0x1 0x8b 0xd 0x4f 0xa4 0x81 0x83 0xd 0x0 0x0 0xd 0x21 0x32 0x0 0xe1 0x12 0xf3 0x12 0x73 0x0 0xa6 0x2 0xa0 0x2 0x0 0x28 0x65 0x1 0x0 0x99 0x0 0x9b 0x0 0x58 0x0 0x57 0x0 0xa2 0xa2 0xa2 0xa2 0xa2 0xa2 0xf6 0x2 0xe9 0x2 0xf6 0x2 0xe9 0x2 0xf6 0x2 0xe9 0x2 0xf6 0x2 0xe9 0x2 0x32 0x0 0x3 0x7f 0x80 0x85 0x86 0x4d 0x80 0x4f 0x80 0xa6 0x82 0xeb 0x7b 0x6b 0x75 0x0 0x0 0xc4 0x24 0x68 0xfe 0x29 0xe8 0x15 0xee 0x0 0x0 0x0 0x0 0x0 0xc 0x0 0x80 0x0 0xa4 0xa4 0x0 0x4 0xac 0x5 0x0 0x0
1787980543168,0x1 0x8a 0xd 0x4f 0xa5 0x81 0x83 0xd 0x0 0x0 0xd 0x21 0x32 0x0 0x29 0x13 0x33 0x13 0x73 0x0 0x9c 0x2 0x9f 0x2 0x0 0x28 0x65 0x1 0x0 0x93 0x0 0x92 0x0 0x57 0x0 0x57 0x0 0x9f 0x9f 0x9f 0x9f 0x9f 0x9f 0xfc 0x2 0xef 0x2 0xf7 0x2 0xea 0x2 0xf9 0x2 0xed 0x2 0xfb 0x2 0xef 0x2 0x32 0x0 0x3 0x7e 0x7f 0x85 0x86 0x4d 0x80 0x4f 0x80 0xa6 0x82 0xeb 0x7b 0x6b 0x75 0x0 0x0 0xca 0x24 0x6e 0xfe 0x29 0xe8 0x15 0xee 0x0 0x0 0x0 0x0 0x0 0xc 0x0 0x80 0x0 0xa4 0xa4 0x0 0x4 0xb9 0x5 0x0 0x0
1787980543393,0x1 0x89 0xd 0x4f 0xa5 0x81 0x83 0xd 0x0 0x0 0xd 0x21 0x32 0x0 0x5 0x13 0xf7 0x12 0x73 0x0 0xa1 0x2 0x9f 0x2 0x0 0x28 0x65 0x1 0x0 0x74 0x0 0x6e 0x0 0x58 0x0 0x58 0x0 0xa1 0xa1 0xa1 0xa1 0xa1 0xa1 0xf3 0x2 0xe4 0x2 0xf1 0x2 0xe4 0x2 0xf8 0x2 0xea 0x2 0xf1 0x2 0xe4 0x2 0x32 0x0 0x3 0x7d 0x7d 0x85 0x86 0x4d 0x80 0x4f 0x80 0xa6 0x82 0xeb 0x7b 0x6b 0x75 0x0 0x0 0x5d 0x24 0x74 0xfe 0x29 0xe8 0x15 0xee 0x0 0x0 0x0 0x0 0x0 0xc 0x0 0x80 0x0 0xa4 0xa4 0x0 0x4 0xcb 0x5 0x0 0x0
1787980543617,0x1 0x8b 0xd 0x4f 0xa5 0x81 0x83 0xd 0x0 0x0 0xd 0x21 0x31 0x0 0xb2 0x12 0xec 0x12 0x73 0x0 0x9f 0x2 0x9f 0x2 0x0 0x28 0x65 0x1 0x0 0x2a 0x0 0x2f 0x0 0x58 0x0 0x58 0x0 0x9f 0x9f 0x9f 0x9f 0x9f 0x9f 0xff 0x2 0xf3 0x2 0x1 0x3 0xf7 0x2 0x4 0x3 0xe2 0x2 0x4 0x3 0xf6 0x2 0x32 0x0 0x3 0x85 0x85 0x85 0x86 0x4d 0x80 0x4f 0x80 0xa6 0x82 0xeb 0x7b 0x6b 0x75 0x0 0x0 0x59 0x24 0x70 0xfe 0x29 0xe8 0x15 0xee 0x0 0x0 0x0 0x0 0x0 0xc 0x0 0x80 0x0 0xa4 0xa4 0x0 0x4 0xac 0x5 0x0 0x0
1787980543841,0x1 0x8b 0xd 0x4f 0xa5 0x81 0x83 0xd 0x0 0x0 0xd 0x22 0x33 0x0 0x3a 0x13 0x21 0x13 0x73 0x0 0xa7 0x2 0x9f 0x2 0x0 0x28 0x65 0x1 0x0 0x17 0x0 0x1c 0x0 0x58 0x0 0x58 0x0 0xa3 0xa3 0xa3 0xa3 0xa3 0xa3 0xc 0x3 0xfe 0x2 0xb 0x3 0xfe 0x2 0xb 0x3 0xfe 0x2 0xc 0x3 0xff 0x2 0x32 0x0 0x3 0x86 0x87 0x85 0x86 0x4d 0x80 0x4f 0x80 0xa6 0x82 0xeb 0x7b 0x6b 0x75 0x0 0x0 0x59 0x24 0x70 0xfe 0x29 0xe8 0x15 0xee 0x0 0x0 0x0 0x0 0x0 0xc 0x0 0x80 0x0 0xa4 0xa4 0x0 0x4 0xac 0x5 0x0 0x0
1787980544065,0x1 0x8b 0xd 0x4f 0xa5 0x81 0x83 0xd 0x0 0x0 0xd 0x21 0x31 0x0 0x80 0x12 0xe6 0x12 0x73 0x0 0xa6 0x2 0x9f 0x2 0x0 0x28 0x65 0x1 0x0 0x13 0x0 0x16 0x0 0x58 0x0 0x57 0x0 0xa2 0xa2 0xa2 0xa2 0xa2 0xa2 0xa 0x3 0xfb 0x2 0xa 0x3 0xfc 0x2 0x9 0x3 0xff 0x2 0x8 0x3 0xfb 0x2 0x32 0x0 0x3 0x87 0x88 0x85 0x86 0x4d 0x80 0x4f 0x80 0xa6 0x82 0xeb 0x7b 0x6b 0x75 0x0 0x0 0x53 0x24 0x6a 0xfe 0x29 0xe8 0x15 0xee 0x0 0x0 0x0 0x0 0x0 0xc 0x0 0x80 0x0 0xa4 0xa4 0x0 0x4 0xac 0x5 0x0 0x0
1787980544288,0x1 0x8a 0xd 0x4f 0xa5 0x81 0x83 0xd 0x0 0x0 0xd 0x21 0x31 0x0 0x95 0x12 0xe3 0x12 0x73 0x0 0xa3 0x2 0x9f 0x2 0x0 0x28 0x65 0x1 0x0 0x12 0x0 0x15 0x0 0x57 0x0 0x58 0x0 0xa1 0xa1 0xa1 0xa1 0xa1 0xa1 0xf 0x3 0x1 0x3 0xd 0x3 0xff 0x2 0xc 0x3 0x0 0x3 0xc 0x3 0xff 0x2 0x32 0x0 0x3 0x89 0x89 0x85 0x86 0x4d 0x80 0x4f 0x80 0xa6 0x82 0xeb 0x7b 0x6b 0x75 0x0 0x0 0x4d 0x24 0x64 0xfe 0x29 0xe8 0x15 0xee 0x0 0x0 0x0 0x0 0x0 0xc 0x0 0x80 0x0 0xa4 0xa4 0x0 0x4 0xb9 0x5 0x0 0x0
1787980544511,0x1 0x8a 0xd 0x4f 0xa5 0x81 0x83 0xd 0x0 0x0 0xd 0x20 0x31 0x0 0x8e 0x12 0xc0 0x12 0x73 0x0 0xa4 0x2 0x9f 0x2 0x0 0x28 0x65 0x1 0x0 0x13 0x0 0x16 0x0 0x58 0x0 0x58 0x0 0xa2 0xa2 0xa2 0xa2 0xa2 0xa2 0xf 0x3 0x1 0x3 0xe 0x3 0xff 0x2 0xc 0x3 0x1 0x3 0xc 0x3 0xfe 0x2 0x32 0x0 0x3 0x8a 0x8b 0x85 0x86 0x4d 0x80 0x4f 0x80 0xa6 0x82 0xeb 0x7b 0x6b 0x75 0x0 0x0 0x4b 0x24 0x62 0xfe 0x29 0xe8 0x15 0xee 0x0 0x0 0x0 0x0 0x0 0xc 0x0 0x80 0x0 0xa4 0xa4 0x0 0x4 0xb9 0x5 0x0 0x0
1787980544736,0x1 0x8a 0xd 0x4f 0xa5 0x81 0x83 0xd 0x0 0x0 0xd 0x21 0x32 0x0 0xe1 0x12 0xd6 0x12 0x73 0x0 0xa6 0x2 0x9f 0x2 0x0 0x28 0x65 0x1 0x0 0x18 0x0 0x3d 0x0 0x57 0x0 0x58 0x0 0xa3 0xa3 0xa3 0xa3 0xa3 0xa3 0x12 0x3 0x2 0x3 0xf 0x3 0x4 0x3 0x13 0x3 0x3 0x3 0x12 0x3 0x4 0x3 0x32 0x0 0x3 0x8b 0x8c 0x85 0x86 0x4d 0x80 0x4f 0x80 0xa6 0x82 0xeb 0x7b 0x6b 0x75 0x0 0x0 0x47 0x24 0x5e 0xfe 0x29 0xe8 0x15 0xee 0x0 0x0 0x0 0x0 0x0 0xc 0x0 0x80 0x0 0xa4 0xa4 0x0 0x4 0xb9 0x5 0x0 0x0
1787980544961,0x1 0x8b 0xd 0x4f 0xa5 0x81 0x83 0xd 0x0 0x0 0xd 0x22 0x31 0x0 0x6c 0x12 0xaf 0x12 0x73 0x0 0xa9 0x2 0x9f 0x2 0x0 0x28 0x65 0x1 0x0 0x29 0x0 0x83 0x0 0x57 0x0 0x57 0x0 0xa4 0xa4 0xa4 0xa4 0xa4 0xa4 0x12 0x3 0x2 0x3 0xf 0x3 0x7 0x3 0x13 0x3 0x5 0x3 0xf 0x3 0x1 0x3 0x32 0x0 0x3 0x8d 0x8d 0x85 0x86 0x4d 0x80 0x4f 0x80 0xa6 0x82 0xeb 0x7b 0x6b 0x75 0x0 0x0 0x41 0x24 0x58 0xfe 0x29 0xe8 0x15 0xee 0x0 0x0 0x0 0x0 0x0 0xc 0x0 0x80 0x0 0xa4 0xa4 0x0 0x4 0xac 0x5 0x0 0x0
1787980545183,0x1 0x8a 0xd 0x4f 0xa5 0x81 0x83 0xd 0x0 0x0 0xd 0x23 0x33 0x0 0x16 0x13 0x9f 0x12 0x73 0x0 0xac 0x2 0x9f 0x2 0x0 0x28 0x65 0x1 0x0 0x6a 0x0 0x9d 0x0 0x58 0x0 0x58 0x0 0xa4 0xa4 0xa4 0xa4 0xa4 0xa4 0xa 0x3 0xfa 0x2 0xb 0x3 0xeb 0x2 0xc 0x3 0xfc 0x2 0x10 0x3 0xeb 0x2 0x32 0x0 0x3 0x8e 0x85 0x85 0x85 0x4d 0x80 0x4f 0x80 0xa6 0x82 0xeb 0x7b 0x6b 0x75 0x0 0x0 0x37 0x24 0x4e 0xfe 0x29 0xe8 0x15 0xee 0x0 0x0 0x0 0x0 0xa 0xc 0x0 0x80 0x0 0xa4 0xa4 0x0 0x4 0xb9 0x5 0x0 0x0
1787980545409,0x1 0x8a 0xd 0x4f 0xa5 0x81 0x83 0x20 0x13 0x0 0xd 0x58 0xaa 0x0 0xcc 0x39 0x83 0x26 0x73 0x0 0xf1 0x2 0x9f 0x2 0x0 0x28 0x65 0x1 0x0 0x94 0x0 0xa4 0x0 0x57 0x0 0x58 0x0 0xa6 0xa6 0xa6 0xa6 0xa6 0xa6 0xb9 0x4 0x37 0x5 0x1d 0x6 0x89 0x6 0x11 0x7 0xfb 0x6 0x32 0x7 0xfb 0x6 0x2f 0x0 0x3 0x85 0x83 0x85 0x85 0x4d 0x80 0x4f 0x80 0xa6 0x82 0xeb 0x7b 0x6b 0x75 0x0 0x0 0xed 0x1f 0x0 0x0 0x29 0xe8 0x19 0xed 0x0 0x0 0x0 0x0 0x1b 0x13 0x0 0x80 0x0 0xa4 0xa4 0x0 0x8 0xb9 0x5 0x0 0x0
1787980545633,0x1 0x8c 0xd 0x4f 0xa5 0x80 0x84 0x21 0x14 0x0 0xd 0x59 0xae 0x0 0x46 0x24 0xdc 0x27 0x73 0x0 0xcc 0x4 0x9f 0x2 0x0 0x28 0x65 0x1 0x0 0xb7 0x0 0xb5 0x0 0x57 0x0 0x57 0x0 0x8f 0x8f 0x8f 0x8f 0x8f 0x97 0x2c 0x7 0xd6 0x6 0xe8 0x6 0x92 0x6 0x9b 0x6 0x39 0x6 0x6e 0x6 0x39 0x6 0x24 0x0 0x3 0x82 0x80 0x85 0x85 0x4d 0x80 0x4f 0x80 0xa6 0x82 0xeb 0x7b 0x6b 0x75 0x0 0x0 0xed 0x32 0x0 0x0 0x29 0xe8 0x19 0xed 0x0 0x0 0x0 0x0 0x2c 0x94 0x0 0x80 0x0 0xa4 0xa4 0x0 0x8 0x9f 0x5 0x0 0x0
1787980545857,0x1 0x8b 0xd 0x4f 0xa5 0x80 0x84 0x21 0x14 0x0 0xd 0x5a 0xb0 0x0 0x4c 0x20 0x61 0x21 0x73 0x0 0x73 0x5 0x9f 0x2 0x0 0x28 0x65 0x1 0x0 0xb6 0x0 0xb0 0x0 0x58 0x0 0x58 0x0 0x75 0x75 0x75 0x75 0x75 0x75 0x3e 0x5 0x7 0x5 0x25 0x5 0x3b 0x5 0x53 0x5 0x1e 0x5 0x25 0x5 0xfb 0x4 0x25 0x0 0x3 0x7f 0x7d 0x85 0x85 0x4d 0x80 0x4f 0x80 0xa6 0x82 0xeb 0x7b 0x6b 0x75 0x0 0x0 0xed 0x37 0x0 0x0 0x29 0xe8 0x19 0xed 0x0 0x0 0x0 0x0 0x42 0x86 0x0 0x80 0x0 0xa4 0xa4 0x0 0x8 0xac 0x5 0x0 0x0
1787980546081,0x1 0x8a 0xd 0x4f 0xa5 0x80 0x84 0x2b 0x1e 0x0 0xd 0x6b 0xf5 0x0 0x95 0x2d 0x9c 0x25 0x73 0x5 0x60 0x5 0x9f 0x2 0x0 0x28 0x65 0x1 0x0 0x91 0x0 0x83 0x0 0x58 0x0 0x57 0x0 0x84 0x84 0x84 0x84 0x84 0x84 0x29 0x5 0x4 0x5 0x33 0x5 0x8d 0x5 0x4e 0x6 0x4f 0x6 0x84 0x6 0x4f 0x6 0x22 0x0 0x3 0x7c 0x7a 0x85 0x85 0x4d 0x80 0x4f 0x80 0xa6 0x82 0xeb 0x7b 0x69 0x73 0x0 0x0 0xed 0x37 0x0 0x0 0x29 0xe8 0x19 0xed 0x0 0x0 0x0 0x0 0x64 0x86 0x0 0x80 0x0 0xa4 0xa4 0x0 0x8 0xb9 0x5 0x0 0x0
1787980546303,0x1 0x8a 0xd 0x4f 0xa5 0x81 0x83 0x33 0x26 0x0 0xd 0x7c 0x66 0x1 0xf2 0x36 0x68 0x39 0x73 0x6 0x84 0x6 0x9f 0x2 0x0 0x28 0x65 0x1 0x0 0x10 0x0 0x10 0x0 0x57 0x0 0x58 0x0 0x82 0x82 0x82 0x82 0x82 0x82 0xfe 0x8 0x9e 0x8 0xc6 0x8 0x64 0x8 0x8d 0x8 0xc0 0x8 0x8d 0x8 0x48 0x8 0x27 0x0 0x3 0x85 0x83 0x84 0x83 0x4d 0x80 0x4f 0x80 0xa6 0x82 0xeb 0x7b 0x69 0x73 0x0 0x0 0xed 0x3c 0x0 0x0 0x29 0xe8 0x19 0xed 0x0 0x0 0x0 0x0 0x7a 0xfe 0x0 0x80 0x0 0xa4 0xa4 0x0 0x8 0xb9 0x5 0x0 0x0
1787980546528,0x1 0x8b 0xd 0x4f 0xa5 0x81 0x83 0x34 0x27 0x0 0xd 0x80 0x7b 0x1 0x72 0x34 0x3c 0x34 0x73 0x8 0x3a 0x7 0x9f 0x2 0x0 0x28 0x65 0x1 0x0 0xe 0x0 0xc 0x0 0x57 0x0 0x58 0x0 0x79 0x79 0x79 0x79 0x79 0x79 0x9d 0x7 0x57 0x7 0x8d 0x7 0x5d 0x7 0x99 0x7 0x5f 0x7 0x9d 0x7 0x60 0x7 0x1e 0x0 0x3 0x8b 0x89 0x84 0x83 0x4d 0x80 0x4f 0x80 0xa6 0x82 0xeb 0x7b 0x69 0x73 0x0 0x0 0xed 0x4f 0x0 0x0 0x29 0xe8 0x19 0xed 0x0 0x0 0x0 0x0 0x8b 0xfe 0x0 0x80 0x0 0xa4 0xa4 0x0 0x8 0xac 0x5 0x0 0x0
1787980546753,0x1 0x8b 0xd 0x4f 0xa5 0x81 0x83 0x34 0x27 0x0 0xd 0x82 0x87 0x1 0x45 0x34 0x7e 0x34 0x73 0xb 0x7b 0x7 0x9f 0x2 0x0 0x28 0x65 0x1 0x0 0xb 0x0 0x9 0x0 0x57 0x0 0x58 0x0 0x78 0x78 0x78 0x78 0x78 0x78 0xb3 0x7 0x76 0x7 0xb0 0x7 0x75 0x7 0xb2 0x7 0x75 0x7 0xb0 0x7 0x75 0x7 0x1e 0x0 0x3 0x90 0x8e 0x84 0x83 0x4d 0x80 0x4f 0x80 0xa6 0x82 0xeb 0x7b 0x69 0x73 0x0 0x0 0xed 0x57 0x0 0x0 0x29 0xe8 0x19 0xed 0x0 0x0 0x0 0x0 0xa6 0xfe 0x0 0x80 0x0 0xa4 0xa4 0x0 0x8 0xac 0x5 0x0 0x0
1787980546976,0x1 0x8a 0xd 0x4f 0xa5 0x81 0x83 0x34 0x27 0x0 0xd 0x86 0x9d 0x1 0xd0 0x34 0x81 0x34 0x73 0xe 0xd2 0x7 0x9f 0x2 0x0 0x28 0x65 0x1 0x0 0xc 0x0 0x9 0x0 0x58 0x0 0x58 0x0 0x78 0x78 0x78 0x78 0x78 0x78 0xc3 0x7 0x8d 0x7 0xbb 0x7 0x83 0x7 0xc3 0x7 0x84 0x7 0xc7 0x7 0x8d 0x7 0x1e 0x0 0x3 0x96 0x94 0x84 0x83 0x4d 0x80 0x4f 0x80 0xa6 0x82 0xeb 0x7b 0x69 0x73 0x0 0x0 0xed 0x64 0x0 0x0 0x29 0xe8 0x19 0xed 0x0 0x0 0x0 0x0 0xbc 0xfe 0x0 0x80 0x0 0xa4 0xa4 0x0 0x8 0xb9 0x5 0x0 0x0
1787980547198,0x1 0x8a 0xd 0x4f 0xa5 0x81 0x83 0x34 0x27 0x0 0xd 0x87 0xaf 0x1 0x77 0x34 0x5d 0x34 0x73 0x10 0x37 0x8 0x9f 0x2 0x0 0x28 0x65 0x1 0x0 0xe 0x0 0xb 0x0 0x57 0x0 0x58 0x0 0x77 0x77 0x77 0x77 0x77 0x77 0xdd 0x7 0xa7 0x7 0xd8 0x7 0x9e 0x7 0xd8 0x7 0xa3 0x7 0xdd 0x7 0xa2 0x7 0x1e 0x0 0x3 0x9c 0x9a 0x84 0x83 0x4d 0x80 0x4f 0x80 0xa6 0x82 0xeb 0x7b 0x67 0x70 0x0 0x0 0xed 0x71 0x0 0x0 0x29 0xe8 0x19 0xed 0x0 0x0 0x0 0x0 0xcb 0xfe 0x0 0x80 0x0 0xa4 0xa4 0x0 0x8 0xb9 0x5 0x0 0x0
1787980547422,0x1 0x8b 0xd 0x4f 0xa5 0x81 0x83 0x34 0x27 0x0 0xd 0x8b 0xc5 0x1 0x5b 0x34 0x24 0x34 0x73 0x12 0xa7 0x8 0x9f 0x2 0x0 0x28 0x65 0x1 0x0 0x16 0x0 0xf 0x0 0x58 0x0 0x58 0x0 0x77 0x77 0x77 0x77 0x77 0x77 0xf2 0x7 0xbb 0x7 0xf2 0x7 0xba 0x7 0xf2 0x7 0xb7 0x7 0xf2 0x7 0xb9 0x7 0x1e 0x0 0x3 0xa2 0xa0 0x84 0x83 0x4d 0x80 0x4f 0x80 0xa6 0x82 0xeb 0x7b 0x67 0x70 0x0 0x0 0xed 0x82 0x0 0x0 0x29 0xe8 0x19 0xed 0x0 0x0 0x0 0x0 0xd7 0xfe 0x0 0x80 0x0 0xa4 0xa4 0x0 0x8 0xac 0x5 0x0 0x0
1787980547647,0x1 0x8b 0xd 0x4f 0xa5 0x82 0x82 0x34 0x27 0x0 0xd 0x8c 0xd4 0x1 0xeb 0x32 0xaf 0x32 0x73 0x14 0x31 0x9 0x9f 0x2 0x0 0x28 0x65 0x3 0x0 0xab 0x0 0x60 0x0 0x58 0x0 0x58 0x0 0x73 0x73 0x73 0x73 0x73 0x73 0x99 0x7 0xa0 0x7 0x94 0x7 0x9f 0x7 0x9a 0x7 0x9f 0x7 0x94 0x7 0xa5 0x7 0x1c 0x0 0x3 0x9d 0xa7 0x90 0x83 0x4d 0x80 0x4f 0x80 0xa6 0x82 0xeb 0x7b 0x67 0x70 0x0 0x0 0xed 0x8a 0x0 0x0 0x29 0xe8 0x19 0xed 0x0 0x0 0x0 0x0 0xde 0xfe 0x0 0x80 0x0 0xa4 0xa4 0x0 0x8 0xac 0x5 0x0 0x0
1787980547870,0x1 0x8a 0xd 0x4f 0xa5 0x82 0x82 0x34 0x27 0x0 0xd 0x8c 0xd4 0x1 0x63 0x30 0xb7 0x30 0x73 0x16 0xac 0x9 0x9f 0x2 0x0 0x28 0x65 0x3 0x0 0xa2 0x0 0xa9 0x0 0x58 0x0 0x57 0x0 0x6e 0x6e 0x6e 0x6e 0x6e 0x77 0x2d 0x7 0x63 0x7 0x21 0x7 0x5d 0x7 0x17 0x7 0x55 0x7 0x15 0x7 0x55 0x7 0x19 0x0 0x3 0x96 0xa7 0x90 0x83 0x4d 0x80 0x4f 0x80 0xa6 0x82 0xeb 0x7b 0x67 0x70 0x0 0x0 0xed 0x8e 0x0 0x0 0x29 0xe8 0x19 0xed 0x0 0x0 0x0 0x0 0xe3 0xfe 0x0 0x80 0x0 0xa4 0xa4 0x0 0x8 0xb9 0x5 0x0 0x0
1787980548096,0x1 0x8a 0xd 0x4f 0xa5 0x82 0x82 0x34 0x27 0x0 0xd 0x8f 0xe9 0x1 0xe 0x31 0xcf 0x30 0x73 0x17 0xf8 0x9 0x9f 0x2 0x0 0x28 0x65 0x3 0x0 0x9e 0x0 0xb0 0x0 0x57 0x0 0x58 0x0 0x6c 0x6c 0x6c 0x6c 0x6c 0x75 0xf0 0x6 0x1a 0x7 0xe5 0x6 0x13 0x7 0xe4 0x6 0x1e 0x7 0xe4 0x6 0x13 0x7 0x19 0x0 0x3 0x8f 0x9d 0x90 0x90 0x4d 0x80 0x4f 0x80 0xa6 0x82 0xeb 0x7b 0x64 0x6e 0x0 0x0 0xed 0x91 0x0 0x0 0x29 0xe8 0x19 0xed 0x0 0x0 0x0 0x0 0xe7 0xfe 0x0 0x80 0x0 0xa4 0xa4 0x0 0x8 0xb9 0x5 0x0 0x0
1787980548320,0x1 0x8b 0xd 0x4f 0xa5 0x83 0x82 0x34 0x27 0x0 0xd 0x8e 0xe7 0x1 0xde 0x32 0x89 0x32 0x73 0x18 0x93 0x9 0x9f 0x2 0x0 0x28 0x65 0x3 0x0 0x96 0x0 0xac 0x0 0x57 0x0 0x57 0x0 0x70 0x70 0x70 0x70 0x70 0x79 0xee 0x6 0x1f 0x7 0xea 0x6 0x1d 0x7 0xec 0x6 0x20 0x7 0xee 0x6 0x1f 0x7 0x1a 0x0 0x3 0x88 0x96 0x90 0x90 0x4d 0x80 0x4f 0x80 0xa6 0x82 0xeb 0x7b 0x64 0x6e 0x0 0x0 0xed 0x8e 0x0 0x0 0x29 0xe8 0x19 0xed 0x0 0x0 0x0 0x0 0xe1 0xfe 0x0 0x80 0x0 0xa4 0xa4 0x0 0x8 0xac 0x5 0x0 0x0
1787980548542,0x1 0x8b 0xd 0x4f 0xa5 0x83 0x82 0x34 0x27 0x0 0xd 0x8c 0xd6 0x1 0x7e 0x36 0xe7 0x35 0x73 0x19 0xa0 0x8 0x9f 0x2 0x0 0x28 0x65 0x3 0x0 0x43 0x0 0x9d 0x0 0x57 0x0 0x57 0x0 0x78 0x78 0x78 0x78 0x78 0x79 0x23 0x7 0x59 0x7 0x29 0x7 0x61 0x7 0x2f 0x7 0x52 0x7 0x2f 0x7 0x63 0x7 0x1a 0x0 0x3 0x81 0x90 0x90 0x90 0x4d 0x80 0x4f 0x80 0xa6 0x82 0xeb 0x7b 0x64 0x6e 0x0 0x0 0x6d 0x84 0x0 0x0 0x29 0xe8 0x19 0xed 0x0 0x0 0x0 0x0 0xce 0xfe 0x0 0x80 0x0 0xa4 0xa4 0x0 0x8 0xac 0x5 0x0 0x0
1787980548768,0x1 0x8a 0xd 0x4f 0xa5 0x83 0x82 0x34 0x27 0x0 0xd 0x8b 0xc2 0x1 0x24 0x38 0xf0 0x37 0x73 0x1b 0x4 0x8 0x9f 0x2 0x0 0x28 0x65 0x3 0x0 0x12 0x0 0x71 0x0 0x58 0x0 0x57 0x0 0x7a 0x7a 0x7a 0x7a 0x7a 0x7a 0xc2 0x7 0x7f 0x7 0xca 0x7 0x7f 0x7 0xbe 0x7 0x81 0x7 0xce 0x7 0x7f 0x7 0x1d 0x0 0x3 0x8f 0x8a 0x94 0x90 0x4d 0x80 0x4f 0x80 0xa6 0x82 0xeb 0x7b 0x64 0x6e 0x0 0x0 0xed 0x72 0x0 0x0 0x29 0xe8 0x19 0xed 0x0 0x0 0x0 0x0 0xb6 0xfe 0x0 0x80 0x0 0xa4 0xa4 0x0 0x8 0xb9 0x5 0x0 0x0
1787980548992,0x1 0x8a 0xd 0x4f 0xa5 0x83 0x82 0x34 0x27 0x0 0xd 0x8a 0xbc 0x1 0xe2 0x36 0x91 0x37 0x73 0x1c 0x17 0x8 0x9f 0x2 0x0 0x28 0x65 0x3 0x0 0x11 0x0 0x18 0x0 0x58 0x0 0x57 0x0 0x7a 0x7a 0x83 0x7a 0x7a 0x7a 0xee 0x7 0xc1 0x7 0xec 0x7 0xc2 0x7 0xf1 0x7 0xc2 0x7 0xec 0x7 0xbe 0x7 0x1f 0x0 0x3 0x95 0x95 0x94 0x98 0x4d 0x80 0x4f 0x80 0xa6 0x82 0xeb 0x7b 0x64 0x6e 0x0 0x0 0xed 0x6d 0x0 0x0 0x29 0xe8 0x19 0xed 0x0 0x0 0x0 0x0 0xbd 0xfe 0x0 0x80 0x0 0xa4 0xa4 0x0 0x8 0xb9 0x5 0x0 0x0
1787980549214,0x1 0x8b 0xd 0x4f 0xa5 0x84 0x81 0x34 0x27 0x0 0xd 0x8a 0xc6 0x1 0x73 0x37 0xdc 0x36 0x73 0x1d 0x30 0x8 0x9f 0x2 0x0 0x28 0x65 0x1 0x0 0x2a 0x0 0x28 0x0 0x58 0x0 0x58 0x0 0x7a 0x7a 0x83 0x7a 0x7a 0x7a 0xf5 0x7 0xcb 0x7 0xfd 0x7 0xc5 0x7 0xf4 0x7 0xca 0x7 0xfd 0x7 0xd1 0x7 0x1f 0x0 0x3 0x9b 0x9b 0x94 0x98 0x4d 0x80 0x4f 0x80 0xa6 0x82 0xeb 0x7b 0x64 0x6e 0x0 0x0 0xed 0x71 0x0 0x0 0x29 0xe8 0x19 0xed 0x0 0x0 0x0 0x0 0xc3 0xfe 0x0 0x80 0x0 0xa4 0xa4 0x0 0x8 0xac 0x5 0x0 0x0
1787980549438,0x1 0x8b 0xd 0x4f 0xa5 0x84 0x81 0x32 0x26 0x0 0xd 0x87 0xaf 0x1 0x3e 0x34 0x4 0x35 0x73 0x1f 0x40 0x8 0x9f 0x2 0x0 0x28 0x65 0x1 0x0 0xa4 0x0 0xa2 0x0 0x58 0x0 0x57 0x0 0x78 0x78 0x81 0x78 0x78 0x78 0x9a 0x7 0xa5 0x7 0xb5 0x7 0xba 0x7 0xa7 0x7 0xae 0x7 0x93 0x7 0xa5 0x7 0x1d 0x0 0x3 0x94 0x9e 0x8f 0x98 0x4d 0x80 0x4f 0x80 0xa6 0x82 0xeb 0x7b 0x64 0x6e 0x0 0x0 0x2d 0x73 0x0 0x0 0x29 0xe8 0x19 0xed 0x0 0x0 0x0 0x0 0xc9 0xfe 0x0 0x80 0x0 0xa4 0xa4 0x0 0x8 0xac 0x5 0x0 0x0
1787980549663,0x1 0x8b 0xd 0x4f 0xa5 0x84 0x81 0x30 0x24 0x0 0xd 0x86 0x9d 0x1 0x2e 0x32 0x44 0x32 0x73 0x20 0x3b 0x8 0x9f 0x2 0x0 0x28 0x65 0x1 0x0 0xa9 0x0 0xac 0x0 0x57 0x0 0x57 0x0 0x76 0x76 0x7f 0x76 0x76 0x76 0xa 0x7 0x4b 0x7 0x16 0x7 0x44 0x7 0x11 0x7 0x42 0x7 0xa 0x7 0x41 0x7 0x1b 0x0 0x3 0x8e 0x9e 0x8f 0x98 0x4d 0x80 0x4f 0x80 0xa6 0x82 0xeb 0x7b 0x64 0x6e 0x0 0x0 0xed 0x75 0x0 0x0 0x29 0xe8 0x19 0xed 0x0 0x0 0x0 0x0 0xd1 0xfe 0x0 0x80 0x0 0xa4 0xa4 0x0 0x8 0xac 0x5 0x0 0x0
1787980549887,0x1 0x8a 0xd 0x4f 0xa5 0x84 0x81 0x2b 0x1e 0x0 0xd 0x7d 0x60 0x1 0x68 0x2b 0x86 0x2b 0x73 0x21 0x1c 0x8 0x9f 0x2 0x0 0x28 0x65 0x1 0x0 0xaa 0x0 0xb0 0x0 0x58 0x0 0x58 0x0 0x74 0x74 0x7c 0x74 0x74 0x74 0xfa 0x5 0x22 0x6 0xb 0x6 0x12 0x6 0x0 0x6 0x7 0x6 0xfa 0x5 0x6 0x6 0x1e 0x0 0x3 0x89 0x91 0x8f 0x93 0x4d 0x80 0x4f 0x80 0xa6 0x82 0xeb 0x7b 0x64 0x6e 0x0 0x0 0x2d 0x6f 0x0 0x0 0x29 0xe8 0x19 0xed 0x0 0x0 0x0 0x0 0xda 0xfe 0x0 0x80 0x0 0xa4 0xa4 0x0 0x8 0xb9 0x5 0x0 0x0
1787980550111,0x1 0x8b 0xd 0x4f 0xa5 0x84 0x81 0x2b 0x1e 0x0 0xd 0x7b 0x5d 0x1 0xe4 0x2a 0x12 0x2b 0x73 0x22 0x23 0x8 0x9f 0x2 0x0 0x28 0x65 0x1 0x0 0x94 0x0 0xa9 0x0 0x57 0x0 0x58 0x0 0x74 0x74 0x7c 0x74 0x74 0x74 0xda 0x5 0xe4 0x5 0xd5 0x5 0xdb 0x5 0xd1 0x5 0xda 0x5 0xcf 0x5 0xda 0x5 0x1e 0x0 0x3 0x83 0x8c 0x8f 0x93 0x4d 0x80 0x4f 0x80 0xa6 0x82 0xeb 0x7b 0x64 0x6e 0x0 0x0 0xed 0x71 0x0 0x0 0x29 0xe8 0x19 0xed 0x0 0x0 0x0 0x0 0xde 0xfe 0x0 0x80 0x0 0xa4 0xa4 0x0 0x8 0xac 0x5 0x0 0x0
1787980550336,0x1 0x8a 0xd 0x4f 0xa5 0x85 0x80 0x2b 0x1e 0x0 0xd 0x7c 0x65 0x1 0x50 0x2b 0xf6 0x2a 0x73 0x22 0x3e 0x8 0x9f 0x2 0x0 0x28 0x65 0x1 0x0 0x2d 0x0 0x9e 0x0 0x58 0x0 0x57 0x0 0x73 0x73 0x7b 0x73 0x73 0x73 0xe3 0x5 0xc2 0x5 0xe2 0x5 0xbc 0x5 0xe1 0x5 0xba 0x5 0xe6 0x5 0xba 0x5 0x1e 0x0 0x3 0x88 0x86 0x8e 0x93 0x4d 0x80 0x4f 0x80 0xa6 0x82 0xeb 0x7b 0x64 0x6e 0x0 0x0 0xed 0x71 0x0 0x0 0x29 0xe8 0x19 0xed 0x0 0x0 0x0 0x0 0xe1 0xfe 0x0 0x80 0x0 0xa4 0xa4 0x0 0x8 0xb9 0x5 0x0 0x0
1787980550558,0x1 0x8b 0xd 0x4f 0xa5 0x85 0x80 0x2b 0x1e 0x0 0xd 0x7c 0x5d 0x1 0xc5 0x29 0x22 0x2a 0x73 0x23 0x5b 0x8 0x9f 0x2 0x0 0x28 0x65 0x1 0x0 0x1f 0x0 0x8f 0x0 0x58 0x0 0x57 0x0 0x73 0x73 0x7b 0x73 0x73 0x73 0xe3 0x5 0x87 0x5 0xea 0x5 0x86 0x5 0xea 0x5 0x7f 0x5 0xe8 0x5 0x7f 0x5 0x1d 0x0 0x3 0x8d 0x81 0x8e 0x93 0x4d 0x80 0x4f 0x80 0xa6 0x82 0xeb 0x7b 0x64 0x6e 0x0 0x0 0xed 0x75 0x0 0x0 0x29 0xe8 0x19 0xed 0x0 0x0 0x0 0x0 0xe3 0xf9 0x0 0x80 0x0 0xa4 0xa4 0x0 0x8 0xac 0x5 0x0 0x0
1787980550783,0x1 0x8a 0xd 0x4f 0xa5 0x85 0x80 0x2b 0x1e 0x0 0xd 0x7e 0x62 0x1 0xf0 0x29 0xbf 0x29 0x73 0x24 0x71 0x8 0x9f 0x2 0x0 0x28 0x65 0x3 0x0 0x91 0x0 0x19 0x0 0x58 0x0 0x58 0x0 0x73 0x73 0x77 0x73 0x73 0x73 0xf4 0x5 0x95 0x5 0xef 0x5 0x97 0x5 0xf1 0x5 0x97 0x5 0xf1 0x5 0x9a 0x5 0x1d 0x0 0x3 0x92 0x88 0x8e 0x8e 0x4d 0x80 0x4f 0x80 0xa6 0x82 0xeb 0x7b 0x64 0x6e 0x0 0x0 0xed 0x79 0x0 0x0 0x29 0xe8 0x19 0xed 0x0 0x0 0x0 0x0 0xe5 0xf5 0x0 0x80 0x0 0xa4 0xa4 0x0 0x8 0xb9 0x5 0x0 0x0
1787980551005,0x1 0x8a 0xd 0x4f 0xa5 0x85 0x80 0x2a 0x1e 0x0 0xd 0x7e 0x66 0x1 0xb 0x29 0x11 0x29 0x73 0x25 0xb9 0x8 0x9f 0x2 0x0 0x28 0x65 0x3 0x0 0x9d 0x0 0x15 0x0 0x58 0x0 0x58 0x0 0x71 0x71 0x71 0x71 0x71 0x71 0xa1 0x5 0x9c 0x5 0x9f 0x5 0xa1 0x5 0x9c 0x5 0xa3 0x5 0x99 0x5 0xa3 0x5 0x1d 0x0 0x3 0x85 0x8e 0x89 0x8e 0x4d 0x80 0x4f 0x80 0xa6 0x82 0xeb 0x7b 0x64 0x6e 0x0 0x0 0xed 0x82 0x0 0x0 0x29 0xe8 0x19 0xed 0x0 0x0 0x0 0x0 0xe4 0xf6 0x0 0x80 0x0 0xa4 0xa4 0x0 0x8 0xb9 0x5 0x0 0x0
1787980551229,0x1 0x8b 0xd 0x4f 0xa5 0x86 0x7f 0x2a 0x1d 0x0 0xd 0x7d 0x63 0x1 0xbc 0x28 0xcd 0x28 0x73 0x25 0xb7 0x8 0x9f 0x2 0x0 0x28 0x65 0x3 0x0 0x2e 0x0 0x4c 0x0 0x57 0x0 0x58 0x0 0x71 0x71 0x71 0x71 0x71 0x71 0xa0 0x5 0xbb 0x5 0x7c 0x5 0xb9 0x5 0xa0 0x5 0xb7 0x5 0xa0 0x5 0xb8 0x5 0x1d 0x0 0x3 0x89 0x94 0x89 0x8e 0x4d 0x80 0x4f 0x80 0xa6 0x82 0xeb 0x7b 0x62 0x6b 0x0 0x0 0xed 0x82 0x0 0x0 0x29 0xe8 0x19 0xed 0x0 0x0 0x0 0x0 0xe7 0xf1 0x0 0x80 0x0 0xa4 0xa4 0x0 0x8 0xac 0x5 0x0 0x0
1787980551454,0x1 0x8b 0xd 0x4f 0xa5 0x86 0x7f 0x26 0x19 0x0 0xd 0x77 0x44 0x1 0x58 0x25 0x7a 0x27 0x73 0x25 0xad 0x8 0x9f 0x2 0x0 0x28 0x65 0x3 0x0 0x22 0x0 0xa9 0x0 0x57 0x0 0x57 0x0 0x70 0x70 0x70 0x70 0x70 0x70 0x9c 0x5 0x92 0x5 0xad 0x5 0xb4 0x5 0xad 0x5 0xab 0x5 0x92 0x5 0x92 0x5 0x1e 0x0 0x3 0x8f 0x95 0x89 0x8e 0x4d 0x80 0x4f 0x80 0xa6 0x82 0xeb 0x7b 0x62 0x6b 0x0 0x0 0xed 0x82 0x0 0x0 0x29 0xe8 0x19 0xed 0x0 0x0 0x0 0x0 0xe7 0xf1 0x0 0x80 0x0 0xa4 0xa4 0x0 0x8 0xac 0x5 0x0 0x0
1787980551679,0x1 0x8a 0xd 0x4f 0xa5 0x86 0x7f 0x22 0x15 0x0 0xd 0x6c 0xff 0x0 0x99 0x21 0x7 0x21 0x73 0x26 0x97 0x7 0x9f 0x2 0x0 0x28 0x65 0x3 0x0 0xb0 0x0 0xb2 0x0 0x58 0x0 0x57 0x0 0x6c 0x6c 0x6c 0x6c 0x6c 0x6c 0xaa 0x4 0xaa 0x4 0xa9 0x4 0xa4 0x4 0xaa 0x4 0xa3 0x4 0xaf 0x4 0xaa 0x4 0x20 0x0 0x3 0x87 0x8d 0x89 0x8a 0x4d 0x80 0x4f 0x80 0xa6 0x82 0xeb 0x7b 0x62 0x6b 0x0 0x0 0x6d 0x77 0x0 0x0 0x29 0xe8 0x19 0xed 0x0 0x0 0x0 0x0 0xdf 0xb6 0x0 0x80 0x0 0xa4 0xa4 0x0 0x8 0xb9 0x5 0x0 0x0
1787980551901,0x1 0x8b 0xd 0x4f 0xa5 0x86 0x7f 0x22 0x15 0x0 0xd 0x6b 0xfa 0x0 0xa0 0x25 0xdf 0x23 0x73 0x26 0xa5 0x6 0x9f 0x2 0x0 0x28 0x65 0x3 0x0 0xaf 0x0 0xb1 0x0 0x58 0x0 0x58 0x0 0x70 0x70 0x70 0x70 0x70 0x70 0xfd 0x4 0x1 0x5 0x8 0x5 0xd 0x5 0xf2 0x4 0xf2 0x4 0x12 0x5 0xd 0x5 0x22 0x0 0x3 0x83 0x89 0x89 0x8a 0x4d 0x80 0x4f 0x80 0xa6 0x82 0xeb 0x7b 0x62 0x6b 0x0 0x0 0xad 0x6c 0x0 0x0 0x29 0xe8 0x19 0xed 0x0 0x0 0x0 0x0 0xd4 0xa9 0x0 0x80 0x0 0xa4 0xa4 0x0 0x8 0xac 0x5 0x0 0x0
1787980552127,0x1 0x8c 0xd 0x4f 0xa4 0x86 0x7f 0x21 0x14 0x0 0xd 0x67 0xec 0x0 0xd7 0x24 0x73 0x25 0x73 0x27 0x68 0x6 0xa0 0x2 0x0 0x28 0x65 0x1 0x0 0xb0 0x0 0xb0 0x0 0x57 0x0 0x57 0x0 0x72 0x72 0x72 0x72 0x72 0x72 0x41 0x5 0x3a 0x5 0x3d 0x5 0x34 0x5 0x48 0x5 0x3d 0x5 0x39 0x5 0x34 0x5 0x22 0x0 0x3 0x80 0x85 0x89 0x8a 0x4d 0x80 0x4f 0x80 0xa6 0x82 0xeb 0x7b 0x62 0x6b 0x0 0x0 0x2d 0x64 0x0 0x0 0x29 0xe8 0x19 0xed 0x0 0x0 0x0 0x0 0xd4 0xcb 0x0 0x80 0x0 0xa4 0xa4 0x0 0x8 0x9f 0x5 0x0 0x0
1787980552351,0x1 0x8b 0xd 0x4f 0xa4 0x86 0x7f 0x21 0x14 0x0 0xd 0x68 0xe8 0x0 0xe3 0x23 0x4c 0x24 0x73 0x27 0x77 0x6 0xa0 0x2 0x0 0x28 0x65 0x1 0x0 0xaa 0x0 0xae 0x0 0x57 0x0 0x57 0x0 0x71 0x71 0x71 0x71 0x71 0x71 0xc 0x5 0x6 0x5 0x9 0x5 0x1 0x5 0x1 0x5 0x6 0x5 0x1 0x5 0xfc 0x4 0x22 0x0 0x3 0x7c 0x81 0x89 0x8a 0x4d 0x80 0x4f 0x80 0xa6 0x82 0xeb 0x7b 0x62 0x6b 0x0 0x0 0x60 0x5e 0x0 0x0 0x29 0xe8 0x19 0xed 0x0 0x0 0x0 0x0 0xd4 0xc4 0x0 0x80 0x0 0xa4 0xa4 0x0 0x8 0xac 0x5 0x0 0x0
1787980552573,0x1 0x8a 0xd 0x4f 0xa4 0x86 0x7f 0x21 0x14 0x0 0xd 0x67 0xea 0x0 0x16 0x24 0xce 0x23 0x73 0x27 0x7c 0x6 0xa0 0x2 0x0 0x28 0x65 0x1 0x0 0x9e 0x0 0xa8 0x0 0x58 0x0 0x57 0x0 0x70 0x70 0x70 0x70 0x70 0x70 0xe1 0x4 0xdc 0x4 0xdd 0x4 0xd9 0x4 0xdf 0x4 0xdb 0x4 0xe0 0x4 0xdb 0x4 0x22 0x0 0x3 0x78 0x7e 0x89 0x8a 0x4d 0x80 0x4f 0x80 0xa6 0x82 0xeb 0x7b 0x62 0x6b 0x0 0x0 0xe0 0x56 0x0 0x0 0x29 0xe8 0x19 0xed 0x0 0x0 0x0 0x0 0xd5 0xa6 0x0 0x80 0x0 0xa4 0xa4 0x0 0x8 0xb9 0x5 0x0 0x0
1787980552799,0x1 0x8a 0xd 0x4f 0xa4 0x86 0x7f 0x21 0x14 0x0 0xd 0x66 0xe5 0x0 0x5c 0x23 0x27 0x23 0x73 0x27 0x7a 0x6 0xa0 0x2 0x0 0x28 0x65 0x1 0x0 0x89 0x0 0xa1 0x0 0x58 0x0 0x57 0x0 0x70 0x70 0x70 0x70 0x70 0x70 0xc7 0x4 0xc1 0x4 0xbe 0x4 0xb8 0x4 0xbc 0x4 0xb6 0x4 0xbb 0x4 0xb6 0x4 0x23 0x0 0x3 0x75 0x7a 0x89 0x8a 0x4d 0x80 0x4f 0x80 0xa6 0x82 0xeb 0x7b 0x62 0x6b 0x0 0x0 0xa0 0x50 0x0 0x0 0x29 0xe8 0x19 0xed 0x0 0x0 0x0 0x0 0xd6 0xa6 0x0 0x80 0x0 0xa4 0xa4 0x0 0x8 0xb9 0x5 0x0 0x0
1787980553039,0x1 0x8b 0xd 0x4f 0xa4 0x86 0x7f 0x21 0x14 0x0 0xd 0x65 0xe0 0x0 0xab 0x22 0xad 0x22 0x73 0x28 0x76 0x6 0xa0 0x2 0x0 0x28 0x65 0x1 0x0 0x2a 0x0 0x96 0x0 0x57 0x0 0x57 0x0 0x70 0x70 0x70 0x70 0x70 0x70 0xcf 0x4 0x9c 0x4 0xc9 0x4 0x9a 0x4 0xcd 0x4 0x98 0x4 0xcf 0x4 0x98 0x4 0x23 0x0 0x3 0x7c 0x76 0x82 0x8a 0x4d 0x80 0x4f 0x80 0xa6 0x82 0xeb 0x7b 0x62 0x6b 0x0 0x0 0x20 0x49 0x0 0x0 0x29 0xe8 0x19 0xed 0x0 0x0 0x0 0x0 0xd9 0xa0 0x0 0x80 0x0 0xa4 0xa4 0x0 0x8 0xac 0x5 0x0 0x0
1787980553279,0x1 0x8b 0xd 0x4f 0xa5 0x86 0x7f 0x21 0x14 0x0 0xd 0x63 0xd6 0x0 0x2f 0x21 0x98 0x21 0x73 0x28 0x73 0x6 0x9f 0x2 0x0 0x28 0x65 0x1 0x0 0x1b 0x0 0x8a 0x0 0x58 0x0 0x57 0x0 0x6f 0x6f 0x6f 0x6f 0x6f 0x6f 0xc1 0x4 0x68 0x4 0xc7 0x4 0x75 0x4 0xc5 0x4 0x6e 0x4 0xbf 0x4 0x68 0x4 0x23 0x0 0x3 0x80 0x73 0x82 0x8a 0x4d 0x80 0x4f 0x80 0xa6 0x82 0xeb 0x7b 0x62 0x6b 0x0 0x0 0xa0 0x41 0x0 0x0 0x29 0xe8 0x19 0xed 0x0 0x0 0x0 0x0 0xda 0x9a 0x0 0x80 0x0 0xa4 0xa4 0x0 0x8 0xac 0x5 0x0 0x0
1787980553503,0x1 0x8a 0xd 0x4f 0xa5 0x86 0x7f 0x21 0x14 0x0 0xd 0x62 0xd0 0x0 0x46 0x20 0x8a 0x20 0x73 0x28 0x72 0x6 0x9f 0x2 0x0 0x28 0x65 0x1 0x0 0x66 0x0 0x32 0x0 0x57 0x0 0x58 0x0 0x6e 0x6e 0x6e 0x6e 0x6e 0x6e 0xaf 0x4 0x63 0x4 0xac 0x4 0x5f 0x4 0xb5 0x4 0x68 0x4 0xaa 0x4 0x5f 0x4 0x23 0x0 0x3 0x83 0x79 0x82 0x83 0x4d 0x80 0x4f 0x80 0xa6 0x82 0xeb 0x7b 0x62 0x6b 0x0 0x0 0xed 0x3d 0x0 0x0 0x29 0xe8 0x19 0xed 0x0 0x0 0x0 0x0 0xdc 0x9a 0x0 0x80 0x0 0xa4 0xa4 0x0 0x8 0xb9 0x5 0x0 0x0
1787980553725,0x1 0x8b 0xd 0x4f 0xa4 0x86 0x7f 0x1a 0xd 0x0 0xd 0x51 0x91 0x0 0xdf 0x16 0xa3 0x1a 0x73 0x28 0x57 0x6 0xa0 0x2 0x0 0x28 0x65 0x1 0x0 0xa2 0x0 0x1a 0x0 0x57 0x0 0x57 0x0 0x6b 0x6b 0x6b 0x6b 0x6b 0x6b 0xe4 0x3 0xb2 0x3 0xb9 0x3 0x8d 0x3 0x91 0x3 0xe1 0x3 0x91 0x3 0x81 0x3 0x25 0x0 0x3 0x7a 0x7c 0x7b 0x83 0x4d 0x80 0x4f 0x80 0xa6 0x82 0xeb 0x7b 0x62 0x6b 0x0 0x0 0xed 0x3b 0x0 0x0 0x29 0xe8 0x19 0xed 0x0 0x0 0x0 0x0 0xe0 0x78 0x0 0x80 0x0 0xa4 0xa4 0x0 0x8 0xac 0x5 0x0 0x0
1787980553950,0x1 0x8b 0xd 0x4f 0xa4 0x86 0x7f 0x1a 0xd 0x0 0xd 0x4e 0x8c 0x0 0xf6 0x16 0xa4 0x17 0x73 0x29 0x19 0x6 0xa0 0x2 0x0 0x28 0x65 0x1 0x0 0xa8 0x0 0x9a 0x0 0x58 0x0 0x57 0x0 0x6a 0x6a 0x6a 0x6a 0x6a 0x6a 0x40 0x3 0x36 0x3 0x36 0x3 0x32 0x3 0x42 0x3 0x40 0x3 0x33 0x3 0x32 0x3 0x26 0x0 0x3 0x78 0x7e 0x7b 0x83 0x4d 0x80 0x4f 0x80 0xa6 0x82 0xeb 0x7b 0x62 0x6b 0x0 0x0 0x60 0x3a 0x0 0x0 0x29 0xe8 0x19 0xed 0x0 0x0 0x0 0x0 0xea 0x64 0x0 0x80 0x0 0xa4 0xa4 0x0 0x8 0xac 0x5 0x0 0x0
1787980554173,0x1 0x8a 0xd 0x4f 0xa4 0x86 0x7f 0x12 0x5 0x0 0xd 0x3f 0x67 0x0 0x50 0x11 0x82 0x13 0x73 0x29 0xf3 0x5 0xa0 0x2 0x0 0x28 0x65 0x1 0x0 0x95 0x0 0x98 0x0 0x57 0x0 0x57 0x0 0x67 0x67 0x67 0x67 0x67 0x67 0xa8 0x2 0xa6 0x2 0x98 0x2 0x96 0x2 0xb8 0x2 0xb4 0x2 0x8f 0x2 0x96 0x2 0x28 0x0 0x3 0x75 0x7e 0x7b 0x83 0x4d 0x80 0x4f 0x80 0xa6 0x82 0xeb 0x7b 0x62 0x6b 0x0 0x0 0x60 0x39 0x0 0x0 0x29 0xe8 0x19 0xed 0x0 0x0 0x0 0x0 0xf0 0x59 0x0 0x80 0x0 0xa4 0xa4 0x0 0x8 0xb9 0x5 0x0 0x0
1787980554398,0x1 0x8b 0xd 0x4f 0xa4 0x86 0x7f 0xd 0x0 0x0 0xd 0x30 0x48 0x0 0x81 0xc 0x75 0xe 0x73 0x29 0xc2 0x5 0xa0 0x2 0x0 0x28 0x65 0x1 0x0 0x83 0x0 0x9f 0x0 0x57 0x0 0x57 0x0 0x70 0x70 0x70 0x70 0x70 0x70 0xf5 0x1 0xe9 0x1 0xc 0x2 0xff 0x1 0xff 0x1 0xf4 0x1 0xef 0x1 0xe9 0x1 0x29 0x0 0x3 0x73 0x75 0x7b 0x77 0x4d 0x80 0x4f 0x80 0xa6 0x82 0xeb 0x7b 0x62 0x6b 0x0 0x0 0x60 0x38 0x0 0x0 0x29 0xe8 0x19 0xed 0x0 0x0 0x0 0x0 0xf8 0x30 0x0 0x80 0x0 0xa4 0xa4 0x0 0x0 0xac 0x5 0x0 0x0
1787980554622,0x1 0x8b 0xd 0x4f 0xa4 0x86 0x7f 0xd 0x0 0x0 0xd 0x31 0x49 0x0 0x72 0xd 0x66 0xd 0x73 0x28 0x6e 0x5 0xa0 0x2 0x0 0x28 0x65 0x1 0x0 0x4e 0x0 0x87 0x0 0x57 0x0 0x57 0x0 0x7c 0x7c 0x7c 0x7c 0x7c 0x7c 0xd5 0x1 0xcf 0x1 0xd5 0x1 0xcf 0x1 0xd8 0x1 0xd2 0x1 0xd8 0x1 0xd2 0x1 0x2a 0x0 0x3 0x78 0x74 0x7b 0x77 0x4d 0x80 0x4f 0x80 0xa6 0x82 0xeb 0x7b 0x62 0x6b 0x0 0x0 0xb2 0x3a 0x52 0x5 0x29 0xe8 0x19 0xed 0x0 0x0 0x0 0x0 0xff 0x2d 0x0 0x80 0x0 0xa4 0xa4 0x0 0x0 0xac 0x5 0x0 0x0
1787980554846,0x1 0x8b 0xd 0x4f 0xa4 0x86 0x7f 0xd 0x0 0x0 0xd 0x31 0x48 0x0 0x51 0xd 0x84 0xd 0x73 0x28 0x68 0x5 0xa0 0x2 0x0 0x28 0x65 0x1 0x0 0xf 0x0 0x17 0x0 0x57 0x0 0x58 0x0 0x85 0x85 0x85 0x85 0x85 0x85 0xef 0x1 0xe7 0x1 0xef 0x1 0xe6 0x1 0xef 0x1 0xe7 0x1 0xee 0x1 0xe6 0x1 0x2a 0x0 0x3 0x7a 0x7c 0x7a 0x79 0x4d 0x80 0x4f 0x80 0xa6 0x82 0xeb 0x7b 0x62 0x6b 0x0 0x0 0xb2 0x3a 0x52 0x5 0x29 0xe8 0x19 0xed 0x0 0x0 0x0 0x0 0xff 0x2b 0x0 0x80 0x0 0xa4 0xa4 0x0 0x0 0xac 0x5 0x0 0x0
1787980555070,0x1 0x8b 0xd 0x4f 0xa4 0x86 0x7f 0xd 0x0 0x0 0xd 0x30 0x48 0x0 0x93 0xd 0x7f 0xd 0x73 0x28 0x4e 0x5 0xa0 0x2 0x0 0x28 0x65 0x1 0x0 0xc 0x0 0xb 0x0 0x57 0x0 0x57 0x0 0x8d 0x8d 0x8d 0x8d 0x8d 0x8d 0xf2 0x1 0xe8 0x1 0xef 0x1 0xe7 0x1 0xf1 0x1 0xea 0x1 0xf2 0x1 0xea 0x1 0x2a 0x0 0x3 0x7c 0x7d 0x7a 0x79 0x4d 0x80 0x4f 0x80 0xa6 0x82 0xeb 0x7b 0x62 0x6b 0x0 0x0 0xb2 0x39 0x52 0x5 0x29 0xe8 0x19 0xed 0x0 0x0 0x0 0x0 0xff 0x29 0x0 0x80 0x0 0xa4 0xa4 0x0 0x0 0xac 0x5 0x0 0x0
1787980555308,0x1 0x8a 0xd 0x4f 0xa5 0x86 0x7f 0xd 0x0 0x0 0xd 0x31 0x48 0x0 0xc9 0xd 0xa1 0xd 0x73 0x28 0x39 0x5 0x9f 0x2 0x0 0x28 0x65 0x1 0x0 0xc 0x0 0xa 0x0 0x57 0x0 0x57 0x0 0x97 0x97 0x97 0x97 0x97 0x97 0xf6 0x1 0xef 0x1 0xf8 0x1 0xf1 0x1 0xf9 0x1 0xf1 0x1 0xf9 0x1 0xf1 0x1 0x2a 0x0 0x3 0x7d 0x7f 0x7a 0x79 0x4d 0x80 0x4f 0x80 0xa6 0x82 0xeb 0x7b 0x62 0x6b 0x0 0x0 0xb2 0x37 0x52 0x5 0x29 0xe8 0x19 0xed 0x0 0x0 0x0 0x0 0xff 0x29 0x0 0x80 0x0 0xa4 0xa4 0x0 0x0 0xb9 0x5 0x0 0x0
1787980555534,0x1 0x8b 0xd 0x4f 0xa5 0x86 0x7f 0xd 0x0 0x0 0xd 0x2f 0x46 0x0 0x79 0xd 0xa8 0xd 0x73 0x28 0x32 0x5 0x9f 0x2 0x0 0x28 0x65 0x1 0x0 0xd 0x0 0xc 0x0 0x57 0x0 0x58 0x0 0x9f 0x9f 0x9f 0x9f 0x9f 0x9f 0xfd 0x1 0xf5 0x1 0xfc 0x1 0xf4 0x1 0xfc 0x1 0xf4 0x1 0xfd 0x1 0xf5 0x1 0x2a 0x0 0x3 0x7f 0x80 0x7a 0x79 0x4d 0x80 0x4f 0x80 0xa6 0x82 0xeb 0x7b 0x62 0x6b 0x0 0x0 0x3f 0x37 0x52 0x5 0x29 0xe8 0x19 0xed 0x0 0x0 0x0 0x0 0xff 0x27 0x0 0x80 0x0 0xa4 0xa4 0x0 0x0 0xac 0x5 0x0 0x0
1787980555757,0x1 0x8c 0xd 0x4f 0xa5 0x85 0x80 0xd 0x0 0x0 0xd 0x31 0x48 0x0 0x4 0xe 0xa6 0xd 0x73 0x27 0x23 0x5 0x9f 0x2 0x0 0x28 0x65 0x1 0x0 0x11 0x0 0x11 0x0 0x58 0x0 0x57 0x0 0x9e 0x9e 0x9e 0x9e 0x9e 0x9e 0xfe 0x1 0xf6 0x1 0xff 0x1 0xf7 0x1 0x0 0x2 0xf6 0x1 0x0 0x2 0xf8 0x1 0x2a 0x0 0x3 0x81 0x82 0x7a 0x79 0x4d 0x80 0x4f 0x80 0xa6 0x82 0xeb 0x7b 0x62 0x6b 0x0 0x0 0x3f 0x37 0x52 0x5 0x29 0xe8 0x19 0xed 0x0 0x0 0x0 0x0 0xff 0x27 0x0 0x80 0x0 0xa4 0xa4 0x0 0x0 0x9f 0x5 0x0 0x0
1787980555982,0x1 0x8a 0xd 0x4f 0xa5 0x85 0x80 0xd 0x0 0x0 0xd 0x2f 0x45 0x0 0x86 0xd 0xa7 0xd 0x73 0x27 0x1a 0x5 0x9f 0x2 0x0 0x28 0x65 0x1 0x0 0x21 0x0 0x42 0x0 0x58 0x0 0x57 0x0 0x9e 0x9e 0x9e 0x9e 0x9e 0x9e 0x2 0x2 0xfa 0x1 0x4 0x2 0xfb 0x1 0x3 0x2 0xfb 0x1 0x2 0x2 0xfa 0x1 0x2b 0x0 0x3 0x82 0x84 0x7a 0x79 0x4d 0x80 0x4f 0x80 0xa6 0x82 0xeb 0x7b 0x62 0x6b 0x0 0x0 0x3f 0x36 0x52 0x5 0x29 0xe8 0x19 0xed 0x0 0x0 0x0 0x0 0xff 0x25 0x0 0x80 0x0 0xa4 0xa4 0x0 0x0 0xb9 0x5 0x0 0x0
1787980556206,0x1 0x8a 0xd 0x4f 0xa4 0x85 0x80 0xd 0x0 0x0 0xd 0x31 0x47 0x0 0x4 0xe 0xaa 0xd 0x73 0x27 0x11 0x5 0xa0 0x2 0x0 0x28 0x65 0x1 0x0 0x79 0x0 0x86 0x0 0x57 0x0 0x57 0x0 0x9e 0x9e 0x9e 0x9e 0x9e 0x9e 0x5 0x2 0xfd 0x1 0x5 0x2 0xfc 0x1 0xf9 0x1 0xfd 0x1 0xf9 0x1 0xfe 0x1 0x2b 0x0 0x3 0x7c 0x85 0x7a 0x79 0x4d 0x80 0x4f 0x80 0xa6 0x82 0xeb 0x7b 0x62 0x6b 0x0 0x0 0x3f 0x36 0x52 0x5 0x29 0xe8 0x19 0xed 0x0 0x0 0x0 0x0 0xff 0x25 0x0 0x80 0x0 0xa4 0xa4 0x0 0x0 0xb9 0x5 0x0 0x0
1787980556428,0x1 0x8b 0xd 0x4f 0xa4 0x85 0x80 0xd 0x0 0x0 0xd 0x30 0x48 0x0 0x4a 0xe 0xc0 0xd 0x73 0x27 0xa 0x5 0xa0 0x2 0x0 0x28 0x65 0x1 0x0 0xa1 0x0 0xa3 0x0 0x58 0x0 0x57 0x0 0x9d 0x9d 0x9d 0x9d 0x9d 0x9d 0xf8 0x1 0x0 0x2 0xf8 0x1 0xff 0x1 0xf9 0x1 0xf2 0x1 0xf8 0x1 0xf3 0x1 0x2b 0x0 0x3 0x7b 0x7d 0x7a 0x7c 0x4d 0x80 0x4f 0x80 0xa6 0x82 0xeb 0x7b 0x62 0x6b 0x0 0x0 0xb2 0x36 0x52 0x5 0x29 0xe8 0x19 0xed 0x0 0x0 0x0 0x0 0xff 0x25 0x0 0x80 0x0 0xa4 0xa4 0x0 0x0 0xac 0x5 0x0 0x0
1787980556653,0x1 0x8b 0xd 0x4f 0xa5 0x85 0x80 0xd 0x0 0x0 0xd 0x30 0x47 0x0 0x3c 0xe 0xdd 0xd 0x73 0x26 0xfd 0x4 0x9f 0x2 0x0 0x28 0x65 0x1 0x0 0xa7 0x0 0xaa 0x0 0x57 0x0 0x57 0x0 0x9d 0x9d 0x9d 0x9d 0x9d 0x9d 0xf9 0x1 0xf4 0x1 0xfa 0x1 0xf3 0x1 0xf9 0x1 0xf4 0x1 0xfa 0x1 0xf4 0x1 0x2b 0x0 0x3 0x79 0x7c 0x7a 0x7c 0x4d 0x80 0x4f 0x80 0xa6 0x82 0xeb 0x7b 0x62 0x6b 0x0 0x0 0xb2 0x35 0x52 0x5 0x29 0xe8 0x19 0xed 0x0 0x0 0x0 0x0 0xff 0x23 0x0 0x80 0x0 0xa4 0xa4 0x0 0x0 0xac 0x5 0x0 0x0
1787980556876,0x1 0x8a 0xd 0x4f 0xa5 0x85 0x80 0xd 0x0 0x0 0xd 0x2f 0x46 0x0 0x8 0xe 0x3 0xe 0x73 0x26 0xfd 0x4 0x9f 0x2 0x0 0x28 0x65 0x1 0x0 0xa4 0x0 0xa8 0x0 0x57 0x0 0x57 0x0 0x9d 0x9d 0x9d 0x9d 0x9d 0x9d 0xfb 0x1 0xf5 0x1 0xfb 0x1 0xf5 0x1 0xfc 0x1 0xf5 0x1 0xfb 0x1 0xf5 0x1 0x2b 0x0 0x3 0x77 0x7a 0x7a 0x7c 0x4d 0x80 0x4f 0x80 0xa6 0x82 0xeb 0x7b 0x62 0x6b 0x0 0x0 0x3f 0x35 0x52 0x5 0x29 0xe8 0x19 0xed 0x0 0x0 0x0 0x0 0xff 0x23 0x0 0x80 0x0 0xa4 0xa4 0x0 0x0 0xb9 0x5 0x0 0x0
1787980557100,0x1 0x8a 0xd 0x4f 0xa5 0x85 0x80 0xd 0x0 0x0 0xd 0x2f 0x46 0x0 0x30 0xe 0x17 0xe 0x73 0x26 0xef 0x4 0x9f 0x2 0x0 0x28 0x65 0x1 0x0 0xa1 0x0 0xa4 0x0 0x58 0x0 0x57 0x0 0x9c 0x9c 0x9c 0x9c 0x9c 0x9c 0xfb 0x1 0xf5 0x1 0xf9 0x1 0xf3 0x1 0xf9 0x1 0xf5 0x1 0xfc 0x1 0xf5 0x1 0x2b 0x0 0x3 0x76 0x78 0x7a 0x7c 0x4d 0x80 0x4f 0x80 0xa6 0x82 0xeb 0x7b 0x62 0x6b 0x0 0x0 0x3f 0x35 0x52 0x5 0x29 0xe8 0x19 0xed 0x0 0x0 0x0 0x0 0xff 0x23 0x0 0x80 0x0 0xa4 0xa4 0x0 0x0 0xb9 0x5 0x0 0x0
1787980557325,0x1 0x8c 0xd 0x4f 0xa5 0x85 0x80 0xd 0x0 0x0 0xd 0x2f 0x45 0x0 0x13 0xe 0xf0 0xd 0x73 0x26 0xe7 0x4 0x9f 0x2 0x0 0x28 0x65 0x1 0x0 0x93 0x0 0xa3 0x0 0x57 0x0 0x57 0x0 0x9c 0x9c 0x9c 0x9c 0x9c 0x9c 0xf5 0x1 0xee 0x1 0xf4 0x1 0xed 0x1 0xf4 0x1 0xee 0x1 0xf4 0x1 0xed 0x1 0x2b 0x0 0x3 0x74 0x77 0x7a 0x7c 0x4d 0x80 0x4f 0x80 0xa6 0x82 0xeb 0x7b 0x62 0x6b 0x0 0x0 0x3f 0x35 0x52 0x5 0x29 0xe8 0x19 0xed 0x0 0x0 0x0 0x0 0xff 0x23 0x0 0x80 0x0 0xa4 0xa4 0x0 0x0 0x9f 0x5 0x0 0x0
1787980557550,0x1 0x8b 0xd 0x4f 0xa5 0x85 0x80 0xd 0x0 0x0 0xd 0x2f 0x48 0x0 0xbf 0xe 0x20 0xe 0x73 0x26 0xe2 0x4 0x9f 0x2 0x0 0x28 0x65 0x1 0x0 0x40 0x0 0x9b 0x0 0x57 0x0 0x57 0x0 0x9d 0x9d 0x9d 0x9d 0x9d 0x9d 0xf5 0x1 0xf0 0x1 0xf6 0x1 0xf0 0x1 0x3 0x2 0xf0 0x1 0x5 0x2 0xf0 0x1 0x2b 0x0 0x3 0x7b 0x75 0x7b 0x7c 0x4d 0x80 0x4f 0x80 0xa6 0x82 0xeb 0x7b 0x62 0x6b 0x0 0x0 0x3f 0x35 0x52 0x5 0x29 0xe8 0x19 0xed 0x0 0x0 0x0 0x0 0xff 0x21 0x0 0x80 0x0 0xa4 0xa4 0x0 0x0 0xac 0x5 0x0 0x0
1787980557773,0x1 0x8b 0xd 0x4f 0xa5 0x84 0x81 0xd 0x0 0x0 0xd 0x2e 0x43 0x0 0xe3 0xd 0x11 0xe 0x73 0x25 0xd3 0x4 0x9f 0x2 0x0 0x28 0x65 0x1 0x0 0x1a 0x0 0x7b 0x0 0x58 0x0 0x58 0x0 0x9c 0x9c 0x9c 0x9c 0x9c 0x9c 0x7 0x2 0xec 0x1 0x6 0x2 0xed 0x1 0x5 0x2 0xed 0x1 0x6 0x2 0xec 0x1 0x2b 0x0 0x3 0x7c 0x74 0x7b 0x7c 0x4d 0x80 0x4f 0x80 0xa6 0x82 0xeb 0x7b 0x62 0x6b 0x0 0x0 0x3f 0x34 0x52 0x5 0x29 0xe8 0x19 0xed 0x0 0x0 0x0 0x0 0xff 0x21 0x0 0x80 0x0 0xa4 0xa4 0x0 0x0 0xac 0x5 0x0 0x0
1787980557997,0x1 0x8a 0xd 0x4f 0xa5 0x84 0x81 0xd 0x0 0x0 0xd 0x2d 0x44 0x0 0x18 0xe 0xa 0xe 0x73 0x25 0xd3 0x4 0x9f 0x2 0x0 0x28 0x65 0x1 0x0 0x15 0x0 0x2a 0x0 0x57 0x0 0x58 0x0 0x9c 0x9c 0x9c 0x9c 0x9c 0x9c 0x8 0x2 0xfa 0x1 0x9 0x2 0xf8 0x1 0x7 0x2 0xf8 0x1 0x8 0x2 0xf8 0x1 0x2b 0x0 0x3 0x7e 0x7b 0x7b 0x7c 0x4d 0x80 0x4f 0x80 0xa6 0x82 0xeb 0x7b 0x62 0x6b 0x0 0x0 0x3f 0x34 0x52 0x5 0x29 0xe8 0x19 0xed 0x0 0x0 0x0 0x0 0xff 0x21 0x0 0x80 0x0 0xa4 0xa4 0x0 0x0 0xb9 0x5 0x0 0x0
1787980558221,0x1 0x8c 0xd 0x4f 0xa5 0x84 0x81 0xd 0x0 0x0 0xd 0x2f 0x44 0x0 0x1 0xe 0xf 0xe 0x73 0x25 0xdb 0x4 0x9f 0x2 0x0 0x28 0x65 0x1 0x0 0x16 0x0 0x16 0x0 0x57 0x0 0x57 0x0 0x9d 0x9d 0x9d 0x9d 0x9d 0x9d 0xa 0x2 0xfc 0x1 0xb 0x2 0xfc 0x1 0xb 0x2 0xfb 0x1 0xb 0x2 0xfc 0x1 0x2b 0x0 0x3 0x7f 0x7d 0x7b 0x7c 0x4d 0x80 0x4f 0x80 0xa6 0x82 0xeb 0x7b 0x62 0x6b 0x0 0x0 0x3f 0x34 0x52 0x5 0x29 0xe8 0x19 0xed 0x0 0x0 0x0 0x0 0xff 0x21 0x0 0x80 0x0 0xa4 0xa4 0x0 0x0 0x9f 0x5 0x0 0x0
1787980558445,0x1 0x8b 0xd 0x4f 0xa5 0x84 0x81 0xd 0x0 0x0 0xd 0x2d 0x44 0x0 0x10 0xe 0x15 0xe 0x73 0x25 0xd6 0x4 0x9f 0x2 0x0 0x28 0x65 0x1 0x0 0x20 0x0 0x12 0x0 0x57 0x0 0x57 0x0 0x9c 0x9c 0x9c 0x9c 0x9c 0x9c 0xe 0x2 0x1 0x2 0x10 0x2 0x0 0x2 0xf 0x2 0x0 0x2 0x10 0x2 0x1 0x2 0x2b 0x0 0x3 0x81 0x7e 0x7b 0x7c 0x4d 0x80 0x4f 0x80 0xa6 0x82 0xeb 0x7b 0x62 0x6b 0x0 0x0 0x3f 0x34 0x52 0x5 0x29 0xe8 0x19 0xed 0x0 0x0 0x0 0x0 0xff 0x21 0x0 0x80 0x0 0xa4 0xa4 0x0 0x0 0xac 0x5 0x0 0x0
1787980558668,0x1 0x8b 0xd 0x4f 0xa5 0x84 0x81 0xd 0x0 0x0 0xd 0x2e 0x43 0x0 0xe6 0xd 0x3 0xe 0x73 0x24 0xd2 0x4 0x9f 0x2 0x0 0x28 0x65 0x1 0x0 0x6d 0x0 0x13 0x0 0x58 0x0 0x57 0x0 0x9c 0x9c 0x9c 0x9c 0x9c 0x9c 0x10 0x2 0x1 0x2 0xf 0x2 0x1 0x2 0x10 0x2 0x1 0x2 0xf 0x2 0x1 0x2 0x2b 0x0 0x3 0x82 0x80 0x7b 0x7c 0x4d 0x80 0x4f 0x80 0xa6 0x82 0xeb 0x7b 0x62 0x6b 0x0 0x0 0x3f 0x34 0x52 0x5 0x29 0xe8 0x19 0xed 0x0 0x0 0x0 0x0 0xff 0x21 0x0 0x80 0x0 0xa4 0xa4 0x0 0x0 0xac 0x5 0x0 0x0
1787980558892,0x1 0x8b 0xd 0x4f 0xa5 0x84 0x81 0xd 0x0 0x0 0xd 0x2d 0x44 0x0 0x33 0xe 0x14 0xe 0x73 0x24 0xca 0x4 0x9f 0x2 0x0 0x28 0x65 0x1 0x0 0x9a 0x0 0x20 0x0 0x58 0x0 0x58 0x0 0x9c 0x9c 0x9c 0x9c 0x9c 0x9c 0x4 0x2 0x6 0x2 0x3 0x2 0x5 0x2 0x3 0x2 0x6 0x2 0x3 0x2 0x6 0x2 0x2b 0x0 0x3 0x7a 0x82 0x7b 0x7c 0x4d 0x80 0x4f 0x80 0xa6 0x82 0xeb 0x7b 0x62 0x6b 0x0 0x0 0x3f 0x34 0x52 0x5 0x29 0xe8 0x19 0xed 0x0 0x0 0x0 0x0 0xff 0x21 0x0 0x80 0x0 0xa4 0xa4 0x0 0x0 0xac 0x5 0x0 0x0
1787980559116,0x1 0x8a 0xd 0x4f 0xa5 0x84 0x81 0xd 0x0 0x0 0xd 0x2f 0x45 0x0 0x7e 0xe 0x2a 0xe 0x73 0x24 0xc3 0x4 0x9f 0x2 0x0 0x28 0x65 0x1 0x0 0xa1 0x0 0x5e 0x0 0x57 0x0 0x57 0x0 0x9c 0x9c 0x9c 0x9c 0x9c 0x9c 0x3 0x2 0x7 0x2 0x1 0x2 0x9 0x2 0x2 0x2 0xa 0x2 0x3 0x2 0xb 0x2 0x2b 0x0 0x3 0x78 0x83 0x7b 0x7c 0x4d 0x80 0x4f 0x80 0xa6 0x82 0xeb 0x7b 0x62 0x6b 0x0 0x0 0x3f 0x34 0x52 0x5 0x29 0xe8 0x19 0xed 0x0 0x0 0x0 0x0 0xff 0x21 0x0 0x80 0x0 0xa4 0xa4 0x0 0x0 0xb9 0x5 0x0 0x0
1787980559341,0x1 0x8b 0xd 0x4f 0xa5 0x84 0x81 0xd 0x0 0x0 0xd 0x2f 0x44 0x0 0x63 0xe 0x55 0xe 0x73 0x24 0xba 0x4 0x9f 0x2 0x0 0x28 0x65 0x1 0x0 0x91 0x0 0x7f 0x0 0x58 0x0 0x57 0x0 0x9b 0x9b 0x9b 0x9b 0x9b 0x9b 0x5 0x2 0x12 0x2 0x5 0x2 0x12 0x2 0x5 0x2 0x12 0x2 0x4 0x2 0x12 0x2 0x2c 0x0 0x3 0x77 0x84 0x7b 0x7c 0x4d 0x80 0x4f 0x80 0xa6 0x82 0xeb 0x7b 0x62 0x6b 0x0 0x0 0x3f 0x33 0x52 0x5 0x29 0xe8 0x19 0xed 0x0 0x0 0x0 0x0 0xff 0x1f 0x0 0x80 0x0 0xa4 0xa4 0x0 0x0 0xac 0x5 0x0 0x0
1787980559565,0x1 0x8b 0xd 0x4f 0xa5 0x84 0x81 0xd 0x0 0x0 0xd 0x2d 0x43 0x0 0x51 0xe 0x3d 0xe 0x73 0x24 0xae 0x4 0x9f 0x2 0x0 0x28 0x65 0x1 0x0 0x28 0x0 0x92 0x0 0x58 0x0 0x57 0x0 0x9b 0x9b 0x9b 0x9b 0x9b 0x9b 0xd 0x2 0xf 0x2 0xf 0x2 0x3 0x2 0x0 0x2 0xf 0x2 0x10 0x2 0x3 0x2 0x2c 0x0 0x3 0x7e 0x7c 0x7c 0x7c 0x4d 0x80 0x4f 0x80 0xa6 0x82 0xeb 0x7b 0x62 0x6b 0x0 0x0 0x3f 0x33 0x52 0x5 0x29 0xe8 0x19 0xed 0x0 0x0 0x0 0x0 0xff 0x1f 0x0 0x80 0x0 0xa4 0xa4 0x0 0x0 0xac 0x5 0x0 0x0
1787980559789,0x1 0x8a 0xd 0x4f 0xa5 0x83 0x82 0xd 0x0 0x0 0xd 0x2e 0x44 0x0 0x88 0xe 0x54 0xe 0x73 0x24 0xae 0x4 0x9f 0x2 0x0 0x28 0x65 0x1 0x0 0x13 0x0 0x9d 0x0 0x57 0x0 0x58 0x0 0x9b 0x9b 0x9b 0x9b 0x9b 0x9b 0x13 0x2 0x1 0x2 0x14 0x2 0x2 0x2 0x15 0x2 0x1 0x2 0x15 0x2 0x2 0x2 0x2c 0x0 0x3 0x7f 0x7b 0x7c 0x7c 0x4d 0x80 0x4f 0x80 0xa6 0x82 0xeb 0x7b 0x62 0x6b 0x0 0x0 0x3f 0x33 0x52 0x5 0x29 0xe8 0x19 0xed 0x0 0x0 0x0 0x0 0xff 0x1f 0x0 0x80 0x0 0xa4 0xa4 0x0 0x0 0xb9 0x5 0x0 0x0
1787980560011,0x1 0x8a 0xd 0x4f 0xa5 0x83 0x82 0xd 0x0 0x0 0xd 0x2d 0x43 0x0 0x5d 0xe 0x71 0xe 0x73 0x23 0xaa 0x4 0x9f 0x2 0x0 0x28 0x65 0x1 0x0 0x11 0x0 0x86 0x0 0x57 0x0 0x57 0x0 0x9c 0x9c 0x9c 0x9c 0x9c 0x9c 0x1b 0x2 0x3 0x2 0x1a 0x2 0x2 0x2 0x1a 0x2 0x4 0x2 0x1b 0x2 0x2 0x2 0x2c 0x0 0x3 0x81 0x79 0x7c 0x7c 0x4d 0x80 0x4f 0x80 0xa6 0x82 0xeb 0x7b 0x62 0x6b 0x0 0x0 0x3f 0x33 0x52 0x5 0x29 0xe8 0x19 0xed 0x0 0x0 0x0 0x0 0xff 0x1f 0x0 0x80 0x0 0xa4 0xa4 0x0 0x0 0xb9 0x5 0x0 0x0
1787980560237,0x1 0x8b 0xd 0x4e 0xa5 0x83 0x82 0xd 0x0 0x0 0xd 0x2d 0x43 0x0 0x70 0xe 0x6f 0xe 0x73 0x23 0xa4 0x4 0x9f 0x2 0x0 0x28 0x65 0x1 0x0 0x12 0x0 0x36 0x0 0x57 0x0 0x57 0x0 0x9c 0x9c 0x9c 0x9c 0x9c 0x9c 0x1d 0x2 0xf 0x2 0x1e 0x2 0xd 0x2 0x1d 0x2 0xe 0x2 0x1f 0x2 0xf 0x2 0x2c 0x0 0x3 0x82 0x80 0x7c 0x7e 0x4d 0x80 0x4f 0x80 0xa6 0x82 0xeb 0x7b 0x61 0x6a 0x0 0x0 0x3f 0x32 0x52 0x5 0x29 0xe8 0x19 0xed 0x0 0x0 0x0 0x0 0xff 0x1f 0x0 0x80 0x0 0xa4 0xa4 0x0 0x0 0xac 0x5 0x0 0x0
1787980560459,0x1 0x8b 0xd 0x4e 0xa5 0x83 0x82 0xd 0x0 0x0 0xd 0x2e 0x44 0x0 0xaa 0xe 0x59 0xe 0x73 0x23 0xa3 0x4 0x9f 0x2 0x0 0x28 0x65 0x1 0x0 0x15 0x0 0x19 0x0 0x57 0x0 0x57 0x0 0x9c 0x9c 0x9c 0x9c 0x9c 0x9c 0x1c 0x2 0xe 0x2 0x1e 0x2 0xe 0x2 0x1d 0x2 0xd 0x2 0x1e 0x2 0xf 0x2 0x2c 0x0 0x3 0x84 0x82 0x7c 0x7e 0x4d 0x80 0x4f 0x80 0xa6 0x82 0xeb 0x7b 0x61 0x6a 0x0 0x0 0x3f 0x33 0x52 0x5 0x29 0xe8 0x19 0xed 0x0 0x0 0x0 0x0 0xff 0x1d 0x0 0x80 0x0 0xa4 0xa4 0x0 0x0 0xac 0x5 0x0 0x0
1787980560683,0x1 0x8a 0xd 0x4f 0xa5 0x83 0x82 0xd 0x0 0x0 0xd 0x2e 0x44 0x0 0xc7 0xe 0x71 0xe 0x73 0x23 0x9a 0x4 0x9f 0x2 0x0 0x28 0x65 0x1 0x0 0x16 0x0 0x14 0x0 0x58 0x0 0x58 0x0 0x9d 0x9d 0x9d 0x9d 0x9d 0x9d 0x21 0x2 0x12 0x2 0x23 0x2 0x14 0x2 0x20 0x2 0x11 0x2 0x23 0x2 0x14 0x2 0x2d 0x0 0x3 0x86 0x83 0x7c 0x7e 0x4d 0x80 0x4f 0x80 0xa6 0x82 0xeb 0x7b 0x61 0x6a 0x0 0x0 0x3f 0x32 0x52 0x5 0x29 0xe8 0x19 0xed 0x0 0x0 0x0 0x0 0xff 0x1d 0x0 0x80 0x0 0xa4 0xa4 0x0 0x0 0xb9 0x5 0x0 0x0
1787980560907,0x1 0x8a 0xd 0x4f 0xa5 0x83 0x82 0xd 0x0 0x0 0xd 0x2c 0x41 0x0 0x3f 0xe 0x64 0xe 0x73 0x22 0x90 0x4 0x9f 0x2 0x0 0x28 0x65 0x1 0x0 0x16 0x0 0x13 0x0 0x57 0x0 0x57 0x0 0xa0 0xa0 0xa0 0xa0 0xa0 0xa0 0x24 0x2 0x16 0x2 0x24 0x2 0x16 0x2 0x25 0x2 0x17 0x2 0x25 0x2 0x17 0x2 0x2d 0x0 0x3 0x87 0x85 0x7c 0x7e 0x4d 0x80 0x4f 0x80 0xa6 0x82 0xeb 0x7b 0x61 0x6a 0x0 0x0 0x3f 0x32 0x52 0x5 0x29 0xe8 0x19 0xed 0x0 0x0 0x0 0x0 0xff 0x1d 0x0 0x80 0x0 0xa4 0xa4 0x0 0x4 0xb9 0x5 0x0 0x0
1787980561132,0x1 0x8b 0xd 0x4e 0xa5 0x83 0x82 0xd 0x0 0x0 0xd 0x29 0x3c 0x0 0xe0 0xd 0x57 0xe 0x73 0x22 0x53 0x4 0x9f 0x2 0x0 0x28 0x65 0x1 0x0 0x1d 0x0 0x18 0x0 0x58 0x0 0x57 0x0 0xb2 0xb2 0xb2 0xb2 0xb2 0xb2 0x27 0x2 0x19 0x2 0x27 0x2 0x18 0x2 0x27 0x2 0x18 0x2 0x27 0x2 0x18 0x2 0x2e 0x0 0x3 0x88 0x86 0x7c 0x7e 0x4d 0x80 0x4f 0x80 0xa6 0x82 0xeb 0x7b 0x62 0x6b 0x0 0x0 0xdf 0x28 0xf2 0xfd 0x29 0xe8 0x19 0xed 0x0 0x0 0x0 0x0 0xff 0x19 0x0 0x80 0x0 0xa4 0xa4 0x0 0x4 0xac 0x5 0x0 0x0
1787980561355,0x1 0x8b 0xd 0x4e 0xa5 0x83 0x82 0xd 0x0 0x0 0xd 0x27 0x39 0x0 0xad 0xd 0x19 0xe 0x73 0x22 0x2b 0x4 0x9f 0x2 0x0 0x28 0x65 0x1 0x0 0x60 0x0 0x2d 0x0 0x57 0x0 0x57 0x0 0xb2 0xb2 0xb2 0xb2 0xb2 0xb2 0x23 0x2 0x16 0x2 0x25 0x2 0x16 0x2 0x25 0x2 0x14 0x2 0x23 0x2 0x14 0x2 0x2f 0x0 0x3 0x8a 0x88 0x7c 0x7e 0x4d 0x80 0x4f 0x80 0xa6 0x82 0xeb 0x7b 0x62 0x6b 0x0 0x0 0xe3 0x24 0xf6 0xfa 0x29 0xe8 0x19 0xed 0x0 0x0 0x0 0x0 0xff 0x17 0x0 0x80 0x0 0xa4 0xa4 0x0 0x4 0xac 0x5 0x0 0x0
1787980561580,0x1 0x8a 0xd 0x4e 0xa5 0x83 0x82 0xd 0x0 0x0 0xd 0x25 0x38 0x0 0xa7 0xd 0xce 0xd 0x73 0x22 0x1a 0x4 0x9f 0x2 0x0 0x28 0x65 0x1 0x0 0x92 0x0 0x75 0x0 0x57 0x0 0x58 0x0 0xb2 0xb2 0xb2 0xb2 0xb2 0xb2 0x10 0x2 0x10 0x2 0xe 0x2 0xf 0x2 0xd 0x2 0x10 0x2 0xd 0x2 0x10 0x2 0x30 0x0 0x3 0x81 0x89 0x80 0x7e 0x4d 0x80 0x4f 0x80 0xa6 0x82 0xeb 0x7b 0x62 0x6b 0x0 0x0 0xbb 0x23 0xce 0xfa 0x29 0xe8 0x19 0xed 0x0 0x0 0x0 0x0 0xff 0x17 0x0 0x80 0x0 0xa4 0xa4 0x0 0x4 0xb9 0x5 0x0 0x0
1787980561804,0x1 0x8a 0xd 0x4e 0xa5 0x83 0x82 0xd 0x0 0x0 0xd 0x25 0x37 0x0 0xce 0xd 0x93 0xd 0x73 0x21 0xfc 0x3 0x9f 0x2 0x0 0x28 0x65 0x1 0x0 0xa7 0x0 0x98 0x0 0x57 0x0 0x58 0x0 0xb1 0xb1 0xb1 0xb1 0xb1 0xb1 0x7 0x2 0xb 0x2 0x5 0x2 0x9 0x2 0x5 0x2 0xc 0x2 0x6 0x2 0xc 0x2 0x31 0x0 0x3 0x80 0x81 0x80 0x7e 0x4d 0x80 0x4f 0x80 0xa6 0x82 0xeb 0x7b 0x62 0x6b 0x0 0x0 0xc5 0x23 0xd8 0xfb 0x29 0xe8 0x19 0xed 0x0 0x0 0x0 0x0 0xff 0x15 0x0 0x80 0x0 0xa4 0xa4 0x0 0x4 0xb9 0x5 0x0 0x0
1787980562027,0x1 0x8b 0xd 0x4e 0xa5 0x83 0x82 0xd 0x0 0x0 0xd 0x23 0x34 0x0 0x5e 0xd 0x91 0xd 0x73 0x21 0xe4 0x3 0x9f 0x2 0x0 0x28 0x65 0x1 0x0 0xa9 0x0 0xa6 0x0 0x57 0x0 0x57 0x0 0xb1 0xb1 0xb1 0xb1 0xb1 0xb1 0x4 0x2 0xfb 0x1 0x4 0x2 0xfb 0x1 0x4 0x2 0xfd 0x1 0x4 0x2 0xfc 0x1 0x31 0x0 0x3 0x7f 0x80 0x80 0x80 0x4d 0x80 0x4f 0x80 0xa6 0x82 0xeb 0x7b 0x62 0x6b 0x0 0x0 0xc5 0x23 0xd8 0xfb 0x29 0xe8 0x19 0xed 0x0 0x0 0x0 0x0 0xff 0x13 0x0 0x80 0x0 0xa4 0xa4 0x0 0x4 0xac 0x5 0x0 0x0
1787980562252,0x1 0x8b 0xd 0x4e 0xa5 0x83 0x82 0xd 0x0 0x0 0xd 0x23 0x34 0x0 0xa4 0xd 0x93 0xd 0x73 0x20 0xd0 0x3 0x9f 0x2 0x0 0x28 0x65 0x1 0x0 0xa8 0x0 0xa8 0x0 0x57 0x0 0x58 0x0 0xb1 0xb1 0xb1 0xb1 0xb1 0xb1 0x7 0x2 0xff 0x1 0x6 0x2 0xfe 0x1 0x7 0x2 0xff 0x1 0x6 0x2 0xfe 0x1 0x31 0x0 0x3 0x7d 0x7e 0x80 0x80 0x4d 0x80 0x4f 0x80 0xa6 0x82 0xeb 0x7b 0x62 0x6b 0x0 0x0 0xc5 0x22 0xd8 0xfb 0x29 0xe8 0x19 0xed 0x0 0x0 0x0 0x0 0xff 0x12 0x0 0x80 0x0 0xa4 0xa4 0x0 0x4 0xac 0x5 0x0 0x0
1787980562476,0x1 0x8a 0xd 0x4e 0xa5 0x83 0x82 0xd 0x0 0x0 0xd 0x23 0x34 0x0 0xb9 0xd 0xa3 0xd 0x73 0x20 0xca 0x3 0x9f 0x2 0x0 0x28 0x65 0x1 0x0 0xa7 0x0 0xa8 0x0 0x57 0x0 0x57 0x0 0xb1 0xb1 0xb1 0xb1 0xb1 0xb1 0x8 0x2 0xff 0x1 0x7 0x2 0xfe 0x1 0x8 0x2 0x1 0x2 0x7 0x2 0xff 0x1 0x31 0x0 0x3 0x7c 0x7d 0x80 0x80 0x4d 0x80 0x4f 0x80 0xa6 0x82 0xeb 0x7b 0x62 0x6b 0x0 0x0 0xc5 0x22 0xd8 0xfb 0x29 0xe8 0x19 0xed 0x0 0x0 0x0 0x0 0xff 0x12 0x0 0x80 0x0 0xa4 0xa4 0x0 0x4 0xb9 0x5 0x0 0x0
1787980562698,0x1 0x89 0xd 0x4e 0xa5 0x83 0x82 0xd 0x0 0x0 0xd 0x24 0x34 0x0 0xe5 0xd 0xbb 0xd 0x73 0x20 0xbe 0x3 0x9f 0x2 0x0 0x28 0x65 0x1 0x0 0xa2 0x0 0xa5 0x0 0x57 0x0 0x58 0x0 0xb0 0xb0 0xb0 0xb0 0xb0 0xb0 0x9 0x2 0x1 0x2 0x9 0x2 0x2 0x2 0xa 0x2 0x2 0x2 0x9 0x2 0x1 0x2 0x32 0x0 0x3 0x7b 0x7c 0x80 0x80 0x4d 0x80 0x4f 0x80 0xa6 0x82 0xeb 0x7b 0x62 0x6b 0x0 0x0 0xcf 0x22 0xe2 0xfc 0x29 0xe8 0x19 0xed 0x0 0x0 0x0 0x0 0xff 0x10 0x0 0x80 0x0 0xa4 0xa4 0x0 0x4 0xcb 0x5 0x0 0x0
1787980562923,0x1 0x8b 0xd 0x4e 0xa5 0x83 0x82 0xd 0x0 0x0 0xd 0x23 0x34 0x0 0xf 0xe 0xe2 0xd 0x73 0x1f 0xb3 0x3 0x9f 0x2 0x0 0x28 0x65 0x1 0x0 0x91 0x0 0x9e 0x0 0x57 0x0 0x57 0x0 0xaf 0xaf 0xaf 0xaf 0xaf 0xaf 0xb 0x2 0x3 0x2 0xb 0x2 0x5 0x2 0xe 0x2 0x5 0x2 0xd 0x2 0x5 0x2 0x32 0x0 0x3 0x79 0x7a 0x80 0x80 0x4d 0x80 0x4f 0x80 0xa6 0x82 0xeb 0x7b 0x62 0x6b 0x0 0x0 0xcf 0x22 0xe2 0xfc 0x29 0xe8 0x19 0xed 0x0 0x0 0x0 0x0 0xff 0x10 0x0 0x80 0x0 0xa4 0xa4 0x0 0x4 0xac 0x5 0x0 0x0
1787980563148,0x1 0x8b 0xd 0x4e 0xa5 0x83 0x82 0xd 0x0 0x0 0xd 0x23 0x33 0x0 0xfb 0xd 0xf6 0xd 0x73 0x1f 0xa6 0x3 0x9f 0x2 0x0 0x28 0x65 0x1 0x0 0x35 0x0 0x80 0x0 0x57 0x0 0x58 0x0 0xaf 0xaf 0xaf 0xaf 0xaf 0xaf 0xe 0x2 0x4 0x2 0x1c 0x2 0x6 0x2 0x1f 0x2 0x5 0x2 0x1f 0x2 0x8 0x2 0x32 0x0 0x3 0x81 0x79 0x81 0x80 0x4d 0x80 0x4f 0x80 0xa6 0x82 0xeb 0x7b 0x62 0x6b 0x0 0x0 0xd9 0x23 0xec 0xfd 0x29 0xe8 0x19 0xed 0x0 0x0 0x0 0x0 0xff 0x10 0x0 0x80 0x0 0xa4 0xa4 0x0 0x4 0xac 0x5 0x0 0x0
1787980563372,0x1 0x8b 0xd 0x4e 0xa5 0x83 0x82 0xd 0x0 0x0 0xd 0x22 0x32 0x0 0x79 0xd 0x5 0xe 0x73 0x1f 0xb6 0x3 0x9f 0x2 0x0 0x28 0x65 0x1 0x0 0x18 0x0 0x3b 0x0 0x57 0x0 0x58 0x0 0xb0 0xb0 0xb0 0xb0 0xb0 0xb0 0x22 0x2 0x16 0x2 0x1f 0x2 0x9 0x2 0x25 0x2 0x16 0x2 0x1f 0x2 0x13 0x2 0x32 0x0 0x3 0x82 0x81 0x81 0x81 0x4d 0x80 0x4f 0x80 0xa6 0x82 0xeb 0x7b 0x62 0x6b 0x0 0x0 0xcf 0x22 0xe2 0xfc 0x29 0xe8 0x19 0xed 0x0 0x0 0x0 0x0 0xff 0x10 0x0 0x80 0x0 0xa4 0xa4 0x0 0x4 0xac 0x5 0x0 0x0
1787980563594,0x1 0x8a 0xd 0x4e 0xa5 0x83 0x82 0xd 0x0 0x0 0xd 0x22 0x33 0x0 0xac 0xd 0xe7 0xd 0x73 0x1e 0xbb 0x3 0x9f 0x2 0x0 0x28 0x65 0x1 0x0 0x14 0x0 0x1d 0x0 0x57 0x0 0x58 0x0 0xb0 0xb0 0xb0 0xb0 0xb0 0xb0 0x1f 0x2 0x11 0x2 0x20 0x2 0x14 0x2 0x1f 0x2 0x12 0x2 0x1e 0x2 0x11 0x2 0x32 0x0 0x3 0x83 0x82 0x81 0x81 0x4d 0x80 0x4f 0x80 0xa6 0x82 0xeb 0x7b 0x62 0x6b 0x0 0x0 0xcf 0x22 0xe2 0xfc 0x29 0xe8 0x19 0xed 0x0 0x0 0x0 0x0 0xff 0x10 0x0 0x80 0x0 0xa4 0xa4 0x0 0x4 0xb9 0x5 0x0 0x0
1787980563820,0x1 0x8b 0xd 0x4e 0xa5 0x83 0x82 0xd 0x0 0x0 0xd 0x22 0x33 0x0 0xef 0xd 0xe0 0xd 0x73 0x1e 0xa9 0x3 0x9f 0x2 0x0 0x28 0x65 0x1 0x0 0x15 0x0 0x15 0x0 0x57 0x0 0x58 0x0 0xaf 0xaf 0xaf 0xaf 0xaf 0xaf 0x22 0x2 0x12 0x2 0x1f 0x2 0x13 0x2 0x20 0x2 0x15 0x2 0x22 0x2 0x16 0x2 0x32 0x0 0x3 0x85 0x83 0x81 0x81 0x4d 0x80 0x4f 0x80 0xa6 0x82 0xeb 0x7b 0x62 0x6b 0x0 0x0 0xcf 0x22 0xe2 0xfc 0x29 0xe8 0x19 0xed 0x0 0x0 0x0 0x0 0xff 0x10 0x0 0x80 0x0 0xa4 0xa4 0x0 0x4 0xac 0x5 0x0 0x0
1787980564043,0x1 0x8b 0xd 0x4e 0xa5 0x83 0x82 0xd 0x0 0x0 0xd 0x23 0x34 0x0 0x45 0xe 0xec 0xd 0x73 0x1e 0xa5 0x3 0x9f 0x2 0x0 0x28 0x65 0x1 0x0 0x19 0x0 0x16 0x0 0x57 0x0 0x58 0x0 0xaf 0xaf 0xaf 0xaf 0xaf 0xaf 0x24 0x2 0x17 0x2 0x25 0x2 0x19 0x2 0x28 0x2 0x18 0x2 0x28 0x2 0x1b 0x2 0x32 0x0 0x3 0x86 0x85 0x81 0x81 0x4d 0x80 0x4f 0x80 0xa6 0x82 0xeb 0x7b 0x62 0x6b 0x0 0x0 0xcf 0x22 0xe2 0xfc 0x29 0xe8 0x19 0xed 0x0 0x0 0x0 0x0 0xff 0x10 0x0 0x80 0x0 0xa4 0xa4 0x0 0x4 0xac 0x5 0x0 0x0
1787980564267,0x1 0x8b 0xd 0x4e 0xa5 0x82 0x82 0xd 0x0 0x0 0xd 0x22 0x32 0x0 0xfd 0xd 0x7 0xe 0x73 0x1d 0x93 0x3 0x9f 0x2 0x0 0x28 0x65 0x1 0x0 0x20 0x0 0x1a 0x0 0x57 0x0 0x58 0x0 0xaf 0xaf 0xaf 0xaf 0xaf 0xaf 0x2f 0x2 0x22 0x2 0x30 0x2 0x25 0x2 0x2e 0x2 0x22 0x2 0x31 0x2 0x25 0x2 0x33 0x0 0x3 0x87 0x86 0x81 0x81 0x4d 0x80 0x4f 0x80 0xa6 0x82 0xeb 0x7b 0x62 0x6b 0x0 0x0 0xd9 0x22 0xec 0xfd 0x29 0xe8 0x19 0xed 0x0 0x0 0x0 0x0 0xff 0xf 0x0 0x80 0x0 0xa4 0xa4 0x0 0x4 0xac 0x5 0x0 0x0
1787980564492,0x1 0x8a 0xd 0x4e 0xa5 0x82 0x82 0xd 0x0 0x0 0xd 0x22 0x33 0x0 0x2d 0xe 0x19 0xe 0x73 0x1d 0x99 0x3 0x9f 0x2 0x0 0x28 0x65 0x1 0x0 0x3e 0x0 0x21 0x0 0x57 0x0 0x58 0x0 0xaf 0xaf 0xaf 0xaf 0xaf 0xaf 0x36 0x2 0x29 0x2 0x32 0x2 0x27 0x2 0x34 0x2 0x29 0x2 0x36 0x2 0x29 0x2 0x33 0x0 0x3 0x89 0x87 0x81 0x81 0x4d 0x80 0x4f 0x80 0xa6 0x82 0xeb 0x7b 0x62 0x6b 0x0 0x0 0xcf 0x21 0xe2 0xfc 0x29 0xe8 0x19 0xed 0x0 0x0 0x0 0x0 0xff 0xf 0x0 0x80 0x0 0xa4 0xa4 0x0 0x4 0xb9 0x5 0x0 0x0
1787980564715,0x1 0x8b 0xd 0x4e 0xa5 0x82 0x82 0xd 0x0 0x0 0xd 0x21 0x32 0x0 0xf9 0xd 0x8 0xe 0x73 0x1c 0x94 0x3 0x9f 0x2 0x0 0x28 0x65 0x1 0x0 0x74 0x0 0x44 0x0 0x57 0x0 0x58 0x0 0xaf 0xaf 0xaf 0xaf 0xaf 0xaf 0x35 0x2 0x28 0x2 0x36 0x2 0x2b 0x2 0x38 0x2 0x2a 0x2 0x37 0x2 0x2a 0x2 0x33 0x0 0x3 0x82 0x89 0x81 0x81 0x4d 0x80 0x4f 0x80 0xa6 0x82 0xeb 0x7b 0x62 0x6b 0x0 0x0 0xcf 0x21 0xe2 0xfc 0x29 0xe8 0x19 0xed 0x0 0x0 0x0 0x0 0xff 0xf 0x0 0x80 0x0 0xa4 0xa4 0x0 0x4 0xac 0x5 0x0 0x0
1787980564939,0x1 0x8b 0xd 0x4e 0xa5 0x82 0x82 0xd 0x0 0x0 0xd 0x22 0x33 0x0 0x8a 0xe 0x2d 0xe 0x73 0x1c 0x82 0x3 0x9f 0x2 0x0 0x28 0x65 0x1 0x0 0x8e 0x0 0x83 0x0 0x57 0x0 0x58 0x0 0xae 0xae 0xae 0xae 0xae 0xae 0x2e 0x2 0x31 0x2 0x2d 0x2 0x32 0x2 0x2b 0x2 0x31 0x2 0x2d 0x2 0x32 0x2 0x33 0x0 0x3 0x81 0x89 0x81 0x81 0x4d 0x80 0x4f 0x80 0xa6 0x82 0xeb 0x7b 0x62 0x6b 0x0 0x0 0xd9 0x22 0xec 0xfd 0x29 0xe8 0x19 0xed 0x0 0x0 0x0 0x0 0xff 0xf 0x0 0x80 0x0 0xa4 0xa4 0x0 0x4 0xac 0x5 0x0 0x0
1787980565162,0x1 0x8b 0xd 0x4e 0xa5 0x82 0x82 0xd 0x0 0x0 0xd 0x23 0x35 0x0 0x50 0xf 0x79 0xe 0x73 0x1b 0x76 0x3 0x9f 0x2 0x0 0x28 0x65 0x1 0x0 0x99 0x0 0x98 0x0 0x57 0x0 0x58 0x0 0xad 0xad 0xad 0xad 0xad 0xad 0x37 0x2 0x30 0x2 0x32 0x2 0x39 0x2 0x34 0x2 0x2e 0x2 0x37 0x2 0x30 0x2 0x33 0x0 0x3 0x7f 0x81 0x81 0x81 0x4d 0x80 0x4f 0x80 0xa6 0x82 0xeb 0x7b 0x62 0x6b 0x0 0x0 0xd9 0x22 0xec 0xfd 0x29 0xe8 0x19 0xed 0x0 0x0 0x0 0x0 0xff 0xd 0x0 0x80 0x0 0xa4 0xa4 0x0 0x4 0xac 0x5 0x0 0x0
1787980565387,0x1 0x8a 0xd 0x4e 0xa5 0x82 0x82 0xd 0x0 0x0 0xd 0x22 0x33 0x0 0x6 0xf 0xb2 0xe 0x73 0x1a 0x65 0x3 0x9f 0x2 0x0 0x28 0x65 0x1 0x0 0x51 0x0 0xa0 0x0 0x57 0x0 0x58 0x0 0xad 0xad 0xad 0xad 0xad 0xad 0x39 0x2 0x33 0x2 0x3c 0x2 0x37 0x2 0x3f 0x2 0x38 0x2 0x3f 0x2 0x38 0x2 0x33 0x0 0x3 0x7e 0x80 0x81 0x81 0x4d 0x80 0x4f 0x80 0xa6 0x82 0xeb 0x7b 0x62 0x6b 0x0 0x0 0xe3 0x23 0xf6 0xfe 0x29 0xe8 0x19 0xed 0x0 0x0 0x0 0x0 0xff 0xd 0x0 0x80 0x0 0xa4 0xa4 0x0 0x4 0xb9 0x5 0x0 0x0
1787980565611,0x1 0x8a 0xd 0x4e 0xa5 0x82 0x82 0xd 0x0 0x0 0xd 0x22 0x33 0x0 0x37 0xf 0xf6 0xe 0x73 0x19 0x5a 0x3 0x9f 0x2 0x0 0x28 0x65 0x3 0x0 0x17 0x0 0x9f 0x0 0x58 0x0 0x58 0x0 0xad 0xad 0xad 0xad 0xad 0xad 0x58 0x2 0x3e 0x2 0x5a 0x2 0x42 0x2 0x55 0x2 0x3e 0x2 0x5e 0x2 0x42 0x2 0x33 0x0 0x3 0x87 0x7f 0x84 0x81 0x4d 0x80 0x4f 0x80 0xa6 0x82 0xeb 0x7b 0x62 0x6b 0x0 0x0 0xe3 0x23 0xf6 0xfe 0x29 0xe8 0x19 0xed 0x0 0x0 0x0 0x0 0xff 0xd 0x0 0x80 0x0 0xa4 0xa4 0x0 0x4 0xb9 0x5 0x0 0x0
1787980565849,0x1 0x8b 0xd 0x4e 0xa5 0x82 0x82 0xd 0x0 0x0 0xd 0x23 0x33 0x0 0x4a 0xf 0x17 0xf 0x73 0x18 0x56 0x3 0x9f 0x2 0x0 0x28 0x65 0x3 0x0 0x12 0x0 0x89 0x0 0x58 0x0 0x58 0x0 0xad 0xad 0xad 0xad 0xad 0xad 0x63 0x2 0x43 0x2 0x5e 0x2 0x3f 0x2 0x61 0x2 0x42 0x2 0x64 0x2 0x43 0x2 0x33 0x0 0x3 0x88 0x7d 0x84 0x81 0x4d 0x80 0x4f 0x80 0xa6 0x82 0xeb 0x7b 0x62 0x6b 0x0 0x0 0xe3 0x23 0xf6 0xfe 0x29 0xe8 0x19 0xed 0x0 0x0 0x0 0x0 0xfe 0xd 0x0 0x80 0x0 0xa4 0xa4 0x0 0x4 0xac 0x5 0x0 0x0
1787980566073,0x1 0x8b 0xd 0x4e 0xa5 0x82 0x82 0xd 0x0 0x0 0xd 0x22 0x33 0x0 0x4e 0xf 0x43 0xf 0x73 0x17 0x55 0x3 0x9f 0x2 0x0 0x28 0x65 0x3 0x0 0x14 0x0 0x3a 0x0 0x57 0x0 0x58 0x0 0xad 0xad 0xad 0xad 0xad 0xad 0x6c 0x2 0x47 0x2 0x6d 0x2 0x59 0x2 0x6d 0x2 0x46 0x2 0x6d 0x2 0x57 0x2 0x33 0x0 0x3 0x8a 0x84 0x84 0x83 0x4d 0x80 0x4f 0x80 0xa6 0x82 0xeb 0x7b 0x62 0x6b 0x0 0x0 0xe3 0x23 0xf6 0xfe 0x29 0xe8 0x19 0xed 0x0 0x0 0x0 0x0 0xff 0xd 0x0 0x80 0x0 0xa4 0xa4 0x0 0x4 0xac 0x5 0x0 0x0
1787980566299,0x1 0x8a 0xd 0x4e 0xa5 0x82 0x82 0xd 0x0 0x0 0xd 0x21 0x32 0x0 0x64 0xd 0xe2 0xe 0x73 0x16 0xbc 0x3 0x9f 0x2 0x0 0x28 0x65 0x3 0x0 0x31 0x0 0x21 0x0 0x57 0x0 0x58 0x0 0xb0 0xb0 0xb0 0xb0 0xb0 0xb0 0x57 0x2 0x3c 0x2 0x4d 0x2 0x33 0x2 0x60 0x2 0x46 0x2 0x48 0x2 0x33 0x2 0x32 0x0 0x3 0x8b 0x86 0x84 0x83 0x4d 0x80 0x4f 0x80 0xa6 0x82 0xeb 0x7b 0x62 0x6b 0x0 0x0 0xcf 0x22 0xe2 0xfc 0x29 0xe8 0x19 0xed 0x0 0x0 0x0 0x0 0xff 0xf 0x0 0x80 0x0 0xa4 0xa4 0x0 0x4 0xb9 0x5 0x0 0x0
1787980566523,0x1 0x8b 0xd 0x4e 0xa5 0x82 0x82 0xd 0x0 0x0 0xd 0x24 0x34 0x0 0x31 0xd 0x1a 0xe 0x73 0x15 0xf1 0x3 0x9f 0x2 0x0 0x28 0x65 0x3 0x0 0x89 0x0 0x2f 0x0 0x57 0x0 0x57 0x0 0xb2 0xb2 0xb2 0xb2 0xb2 0xb2 0x20 0x2 0x17 0x2 0x1b 0x2 0x20 0x2 0x31 0x2 0x1c 0x2 0x1b 0x2 0x17 0x2 0x31 0x0 0x3 0x84 0x87 0x85 0x83 0x4d 0x80 0x4f 0x80 0xa6 0x82 0xeb 0x7b 0x62 0x6b 0x0 0x0 0xc5 0x23 0xd8 0xfb 0x29 0xe8 0x19 0xed 0x0 0x0 0x0 0x0 0xff 0x12 0x0 0x80 0x0 0xa4 0xa4 0x0 0x4 0xac 0x5 0x0 0x0
1787980566746,0x1 0x8b 0xd 0x4e 0xa5 0x82 0x82 0xd 0x0 0x0 0xd 0x23 0x33 0x0 0x45 0xd 0xac 0xd 0x73 0x14 0xd8 0x3 0x9f 0x2 0x0 0x28 0x65 0x1 0x0 0xa9 0x0 0x97 0x0 0x57 0x0 0x58 0x0 0xb0 0xb0 0xb0 0xb0 0xb0 0xb0 0x11 0x2 0xf 0x2 0x12 0x2 0xf 0x2 0x12 0x2 0x10 0x2 0x10 0x2 0xf 0x2 0x31 0x0 0x3 0x83 0x88 0x85 0x83 0x4d 0x80 0x4f 0x80 0xa6 0x82 0xeb 0x7b 0x62 0x6b 0x0 0x0 0xcf 0x23 0xe2 0xfc 0x29 0xe8 0x19 0xed 0x0 0x0 0x0 0x0 0xff 0x12 0x0 0x80 0x0 0xa4 0xa4 0x0 0x4 0xac 0x5 0x0 0x0
1787980566969,0x1 0x8b 0xd 0x4e 0xa5 0x82 0x82 0xd 0x0 0x0 0xd 0x23 0x34 0x0 0x5c 0xe 0xc8 0xd 0x73 0x13 0x9f 0x3 0x9f 0x2 0x0 0x28 0x65 0x1 0x0 0xa6 0x0 0x52 0x0 0x57 0x0 0x58 0x0 0xad 0xad 0xad 0xad 0xad 0xad 0x1c 0x2 0x7 0x2 0x15 0x2 0x9 0x2 0x18 0x2 0xd 0x2 0x1c 0x2 0xe 0x2 0x33 0x0 0x3 0x81 0x7f 0x85 0x82 0x4d 0x80 0x4f 0x80 0xa6 0x82 0xeb 0x7b 0x62 0x6b 0x0 0x0 0xe3 0x23 0xf6 0xfe 0x29 0xe8 0x19 0xed 0x0 0x0 0x0 0x0 0xff 0x10 0x0 0x80 0x0 0xa4 0xa4 0x0 0x4 0xac 0x5 0x0 0x0
1787980567195,0x1 0x8a 0xd 0x4e 0xa5 0x82 0x82 0xd 0x0 0x0 0xd 0x23 0x34 0x0 0x2 0xf 0x37 0xe 0x73 0x12 0x77 0x3 0x9f 0x2 0x0 0x28 0x65 0x1 0x0 0xa1 0x0 0x2a 0x0 0x58 0x0 0x57 0x0 0xab 0xab 0xab 0xab 0xab 0xab 0x28 0x2 0x2c 0x2 0x2c 0x2 0x33 0x2 0x30 0x2 0x29 0x2 0x30 0x2 0x35 0x2 0x33 0x0 0x3 0x80 0x88 0x85 0x83 0x4d 0x80 0x4f 0x80 0xa6 0x82 0xeb 0x7b 0x62 0x6b 0x0 0x0 0xe3 0x23 0xf6 0xfe 0x29 0xe8 0x19 0xed 0x0 0x0 0x0 0x0 0xff 0xf 0x0 0x80 0x0 0xa4 0xa4 0x0 0x4 0xb9 0x5 0x0 0x0
1787980567419,0x1 0x8b 0xd 0x4e 0xa5 0x82 0x82 0xd 0x0 0x0 0xd 0x22 0x33 0x0 0x41 0xf 0x8c 0xe 0x73 0x11 0x58 0x3 0x9f 0x2 0x0 0x28 0x65 0x1 0x0 0x92 0x0 0x25 0x0 0x57 0x0 0x58 0x0 0xab 0xab 0xab 0xab 0xab 0xab 0x3c 0x2 0x46 0x2 0x3f 0x2 0x3d 0x2 0x38 0x2 0x42 0x2 0x3f 0x2 0x49 0x2 0x33 0x0 0x3 0x7f 0x89 0x85 0x83 0x4d 0x80 0x4f 0x80 0xa6 0x82 0xeb 0x7b 0x62 0x6b 0x0 0x0 0xe3 0x23 0xf6 0xfe 0x29 0xe8 0x19 0xed 0x0 0x0 0x0 0x0 0xff 0xd 0x0 0x80 0x0 0xa4 0xa4 0x0 0x4 0xac 0x5 0x0 0x0
1787980567641,0x1 0x8b 0xd 0x4e 0xa5 0x82 0x82 0xd 0x0 0x0 0xd 0x22 0x34 0x0 0x0 0x10 0x13 0xf 0x73 0x10 0x40 0x3 0x9f 0x2 0x0 0x28 0x65 0x1 0x0 0x33 0x0 0x24 0x0 0x57 0x0 0x58 0x0 0xaa 0xaa 0xaa 0xaa 0xaa 0xaa 0x4b 0x2 0x59 0x2 0x5e 0x2 0x5e 0x2 0x63 0x2 0x63 0x2 0x65 0x2 0x63 0x2 0x33 0x0 0x3 0x86 0x8b 0x85 0x83 0x4d 0x80 0x4f 0x80 0xa6 0x82 0xeb 0x7b 0x62 0x6b 0x0 0x0 0xe3 0x23 0xf6 0xfe 0x29 0xe8 0x19 0xed 0x0 0x0 0x0 0x0 0xff 0xd 0x0 0x80 0x0 0xa4 0xa4 0x0 0x4 0xac 0x5 0x0 0x0
1787980567866,0x1 0x8b 0xd 0x4e 0xa5 0x82 0x82 0xd 0x0 0x0 0xd 0x23 0x36 0x0 0xcc 0x10 0xa3 0xf 0x73 0xf 0x37 0x3 0x9f 0x2 0x0 0x28 0x65 0x1 0x0 0x15 0x0 0x3c 0x0 0x57 0x0 0x57 0x0 0xac 0xac 0xac 0xac 0xac 0xac 0x7a 0x2 0x79 0x2 0x7d 0x2 0x6e 0x2 0x75 0x2 0x75 0x2 0x7d 0x2 0x7b 0x2 0x33 0x0 0x3 0x87 0x8c 0x85 0x83 0x4d 0x80 0x4f 0x80 0xa6 0x82 0xeb 0x7b 0x62 0x6b 0x0 0x0 0xe3 0x23 0xf6 0xfe 0x29 0xe8 0x19 0xed 0x0 0x0 0x0 0x0 0xf7 0xc 0x0 0x80 0x0 0xa4 0xa4 0x0 0x4 0xac 0x5 0x0 0x0
1787980568089,0x1 0x8a 0xd 0x4e 0xa5 0x82 0x82 0xd 0x0 0x0 0xd 0x22 0x33 0x0 0xa2 0x10 0x4 0x10 0x73 0xe 0x11 0x3 0x9f 0x2 0x0 0x28 0x65 0x1 0x0 0x13 0x0 0x9f 0x0 0x58 0x0 0x58 0x0 0xaa 0xaa 0xaa 0xaa 0xaa 0xaa 0x88 0x2 0x87 0x2 0x8d 0x2 0x8c 0x2 0x94 0x2 0x93 0x2 0x98 0x2 0x93 0x2 0x33 0x0 0x3 0x89 0x8c 0x85 0x83 0x4d 0x80 0x4f 0x80 0xa6 0x82 0xeb 0x7b 0x64 0x6e 0x0 0x0 0xe3 0x23 0xf6 0xfe 0x29 0xe8 0x19 0xed 0x0 0x0 0x0 0x0 0xe7 0xc 0x0 0x80 0x0 0xa4 0xa4 0x0 0x4 0xb9 0x5 0x0 0x0
1787980568313,0x1 0x8a 0xd 0x4e 0xa5 0x82 0x82 0xd 0x0 0x0 0xd 0x23 0x33 0x0 0x6e 0x11 0x84 0x10 0x73 0xd 0xed 0x2 0x9f 0x2 0x0 0x28 0x65 0x3 0x0 0x16 0x0 0xa5 0x0 0x57 0x0 0x57 0x0 0xa8 0xa8 0xa8 0xa8 0xa8 0xa8 0xb5 0x2 0x9e 0x2 0xa3 0x2 0x92 0x2 0xae 0x2 0x9a 0x2 0xb9 0x2 0x9e 0x2 0x33 0x0 0x3 0x8a 0x84 0x85 0x86 0x4d 0x80 0x4f 0x80 0xa6 0x82 0xeb 0x7b 0x64 0x6e 0x0 0x0 0xed 0x24 0x0 0x0 0x29 0xe8 0x19 0xed 0x0 0x0 0x0 0x0 0xe0 0xc 0x0 0x80 0x0 0xa4 0xa4 0x0 0x4 0xb9 0x5 0x0 0x0
1787980568538,0x1 0x8a 0xd 0x4e 0xa5 0x82 0x82 0xd 0x0 0x0 0xd 0x24 0x35 0x0 0xdf 0x12 0x3e 0x11 0x73 0xc 0xcf 0x2 0x9f 0x2 0x0 0x28 0x65 0x3 0x0 0x5b 0x0 0xa9 0x0 0x57 0x0 0x58 0x0 0xa6 0xa6 0xa6 0xa6 0xa6 0xa6 0xca 0x2 0xae 0x2 0xd0 0x2 0xb3 0x2 0xd7 0x2 0xaa 0x2 0xd7 0x2 0xb5 0x2 0x33 0x0 0x3 0x8b 0x82 0x85 0x86 0x4d 0x80 0x4f 0x80 0xa6 0x82 0xeb 0x7b 0x64 0x6e 0x0 0x0 0xed 0x24 0x0 0x0 0x29 0xe8 0x19 0xed 0x0 0x0 0x0 0x0 0xd4 0xb 0x0 0x80 0x0 0xa4 0xa4 0x0 0x4 0xb9 0x5 0x0 0x0
1787980568762,0x1 0x8b 0xd 0x4e 0xa6 0x82 0x82 0xd 0x0 0x0 0xd 0x23 0x35 0x0 0xcb 0x12 0xc1 0x11 0x73 0xa 0xd2 0x2 0x9d 0x2 0x0 0x28 0x65 0x3 0x0 0xa2 0x0 0xaa 0x0 0x57 0x0 0x58 0x0 0xa7 0xa7 0xa7 0xa7 0xa7 0xa7 0xd4 0x2 0xbb 0x2 0xd0 0x2 0xbe 0x2 0xd2 0x2 0xc1 0x2 0xd4 0x2 0xc2 0x2 0x33 0x0 0x3 0x83 0x81 0x85 0x86 0x4d 0x80 0x4f 0x80 0xa6 0x82 0xeb 0x7b 0x64 0x6e 0x0 0x0 0xed 0x24 0x0 0x0 0x29 0xe8 0x19 0xed 0x0 0x0 0x0 0x0 0xdb 0xb 0x0 0x80 0x0 0xa4 0xa4 0x0 0x4 0xac 0x5 0x0 0x0
1787980568986,0x1 0x8a 0xd 0x4e 0xa6 0x82 0x82 0xd 0x0 0x0 0xd 0x23 0x34 0x0 0x8a 0x11 0xdd 0x11 0x73 0x9 0xf7 0x2 0x9d 0x2 0x0 0x28 0x65 0x3 0x0 0xad 0x0 0xa7 0x0 0x58 0x0 0x58 0x0 0xa9 0xa9 0xa9 0xa9 0xa9 0xa9 0xd0 0x2 0xbb 0x2 0xca 0x2 0xc0 0x2 0xd3 0x2 0xbf 0x2 0xca 0x2 0xb9 0x2 0x33 0x0 0x3 0x82 0x80 0x85 0x86 0x4d 0x80 0x4f 0x80 0xa6 0x82 0xeb 0x7b 0x64 0x6e 0x0 0x0 0x7a 0x24 0x0 0x0 0x29 0xe8 0x19 0xed 0x0 0x0 0x0 0x0 0xe3 0xc 0x0 0x80 0x0 0xa4 0xa4 0x0 0x4 0xb9 0x5 0x0 0x0
1787980569210,0x1 0x8a 0xd 0x4e 0xa6 0x82 0x82 0xd 0x0 0x0 0xd 0x23 0x34 0x0 0x11 0x11 0xab 0x11 0x73 0x8 0xc 0x3 0x9d 0x2 0x0 0x28 0x65 0x3 0x0 0xa9 0x0 0xa0 0x0 0x57 0x0 0x58 0x0 0xaa 0xaa 0xaa 0xaa 0xaa 0xaa 0xc7 0x2 0xb1 0x2 0xc1 0x2 0xad 0x2 0xbd 0x2 0xaa 0x2 0xbb 0x2 0xaa 0x2 0x33 0x0 0x3 0x80 0x7f 0x85 0x86 0x4d 0x80 0x4f 0x80 0xa6 0x82 0xeb 0x7b 0x64 0x6e 0x0 0x0 0x72 0x23 0xf8 0xfe 0x29 0xe8 0x19 0xed 0x0 0x0 0x0 0x0 0xe7 0xd 0x0 0x80 0x0 0xa4 0xa4 0x0 0x4 0xb9 0x5 0x0 0x0
1787980569450,0x1 0x8a 0xd 0x4e 0xa6 0x82 0x82 0xd 0x0 0x0 0xd 0x22 0x33 0x0 0xbd 0x10 0x5a 0x11 0x73 0x7 0xc 0x3 0x9d 0x2 0x0 0x28 0x65 0x1 0x0 0xa2 0x0 0x96 0x0 0x58 0x0 0x58 0x0 0xaa 0xaa 0xaa 0xaa 0xaa 0xaa 0xae 0x2 0x9d 0x2 0xb3 0x2 0x9f 0x2 0xb0 0x2 0x9d 0x2 0xae 0x2 0x9d 0x2 0x33 0x0 0x3 0x7f 0x7d 0x85 0x86 0x4d 0x80 0x4f 0x80 0xa6 0x82 0xeb 0x7b 0x64 0x6e 0x0 0x0 0x72 0x23 0xf8 0xfe 0x29 0xe8 0x19 0xed 0x0 0x0 0x0 0x0 0xc9 0xd 0x0 0x80 0x0 0xa4 0xa4 0x0 0x4 0xb9 0x5 0x0 0x0
1787980569674,0x1 0x8a 0xd 0x4e 0xa6 0x82 0x82 0xd 0x0 0x0 0xd 0x23 0x34 0x0 0xd4 0x12 0x96 0x11 0x73 0x6 0xc3 0x2 0x9d 0x2 0x0 0x28 0x65 0x1 0x0 0xa0 0x0 0x93 0x0 0x57 0x0 0x57 0x0 0xa5 0xa5 0xa5 0xa5 0xa5 0xa5 0xb9 0x2 0xa9 0x2 0xbe 0x2 0xb0 0x2 0xc3 0x2 0xa6 0x2 0xc3 0x2 0xb2 0x2 0x33 0x0 0x3 0x7e 0x7c 0x85 0x86 0x4d 0x80 0x4f 0x80 0xa6 0x82 0xeb 0x7b 0x64 0x6e 0x0 0x0 0x7a 0x24 0x0 0x0 0x29 0xe8 0x19 0xed 0x0 0x0 0x0 0x0 0xb4 0xb 0x0 0x80 0x0 0xa4 0xa4 0x0 0x4 0xb9 0x5 0x0 0x0
1787980569897,0x1 0x89 0xd 0x4e 0xa6 0x82 0x82 0xd 0x0 0x0 0xd 0x22 0x33 0x0 0x50 0x13 0x1f 0x12 0x73 0x5 0xa4 0x2 0x9d 0x2 0x0 0x28 0x65 0x1 0x0 0xa6 0x0 0x9f 0x0 0x58 0x0 0x57 0x0 0xa1 0xa1 0xa1 0xa1 0xa1 0xa1 0xd7 0x2 0xba 0x2 0xce 0x2 0xbe 0x2 0xd3 0x2 0xc3 0x2 0xd7 0x2 0xc5 0x2 0x33 0x0 0x3 0x7c 0x7a 0x85 0x86 0x4d 0x80 0x4f 0x80 0xa6 0x82 0xeb 0x7b 0x64 0x6e 0x0 0x0 0x7a 0x24 0x0 0x0 0x29 0xe8 0x19 0xed 0x0 0x0 0x0 0x0 0x90 0xb 0x0 0x80 0x0 0xa4 0xa4 0x0 0x4 0xcb 0x5 0x0 0x0
1787980570122,0x1 0x8b 0xd 0x4e 0xa6 0x82 0x82 0xd 0x0 0x0 0xd 0x22 0x33 0x0 0xc8 0x13 0xb6 0x12 0x73 0x4 0x94 0x2 0x9d 0x2 0x0 0x28 0x65 0x1 0x0 0xa7 0x0 0xa1 0x0 0x57 0x0 0x58 0x0 0x9a 0x9a 0x9a 0x9a 0x9a 0x9a 0xe8 0x2 0xd7 0x2 0xdd 0x2 0xcf 0x2 0xe5 0x2 0xd4 0x2 0xe9 0x2 0xd7 0x2 0x32 0x0 0x3 0x7b 0x79 0x85 0x86 0x4d 0x80 0x4f 0x80 0xa6 0x82 0xeb 0x7b 0x66 0x6f 0x0 0x0 0x8e 0x24 0x14 0x0 0x29 0xe8 0x19 0xed 0x0 0x0 0x0 0x0 0x69 0xc 0x0 0x80 0x0 0xa4 0xa4 0x0 0x4 0xac 0x5 0x0 0x0
1787980570346,0x1 0x89 0xd 0x4d 0xa6 0x82 0x82 0xd 0x0 0x0 0xd 0x22 0x33 0x0 0xb1 0x13 0x52 0x13 0x73 0x0 0x97 0x2 0x9d 0x2 0x0 0x28 0x65 0x1 0x0 0x9e 0x0 0x91 0x0 0x57 0x0 0x57 0x0 0x9c 0x9c 0x9c 0x9c 0x9c 0x9c 0xee 0x2 0xdf 0x2 0xf4 0x2 0xe2 0x2 0xed 0x2 0xdb 0x2 0xf5 0x2 0xe2 0x2 0x32 0x0 0x3 0x7a 0x78 0x85 0x86 0x4d 0x80 0x4f 0x80 0xa6 0x82 0xeb 0x7b 0x66 0x6f 0x0 0x0 0xaa 0x24 0x30 0x0 0x29 0xe8 0x19 0xed 0x0 0x0 0x0 0x0 0x44 0xc 0x0 0x80 0x0 0xa4 0xa4 0x0 0x4 0xcb 0x5 0x0 0x0
1787980570570,0x1 0x8b 0xd 0x4d 0xa6 0x82 0x82 0xd 0x0 0x0 0xd 0x22 0x31 0x0 0xec 0x12 0x5d 0x13 0x73 0x0 0x97 0x2 0x9d 0x2 0x0 0x28 0x65 0x1 0x0 0x84 0x0 0x37 0x0 0x57 0x0 0x58 0x0 0x9d 0x9d 0x9d 0x9d 0x9d 0x9d 0xf5 0x2 0xe2 0x2 0xf5 0x2 0xf7 0x2 0xf3 0x2 0xe4 0x2 0xf3 0x2 0xf6 0x2 0x32 0x0 0x3 0x78 0x7f 0x85 0x82 0x4d 0x80 0x4f 0x80 0xa6 0x82 0xeb 0x7b 0x66 0x6f 0x0 0x0 0xb6 0x24 0x3c 0x0 0x29 0xe8 0x19 0xed 0x0 0x0 0x0 0x0 0x23 0xc 0x0 0x80 0x0 0xa4 0xa4 0x0 0x4 0xac 0x5 0x0 0x0
1787980570793,0x1 0x8a 0xd 0x4d 0xa6 0x82 0x82 0xd 0x0 0x0 0xd 0x23 0x34 0x0 0xb9 0x13 0x70 0x13 0x73 0x0 0xa3 0x2 0x9d 0x2 0x0 0x28 0x65 0x1 0x0 0x2c 0x0 0x1a 0x0 0x58 0x0 0x58 0x0 0xa2 0xa2 0xa2 0xa2 0xa2 0xa2 0x7 0x3 0xf2 0x2 0xef 0x2 0xf6 0x2 0x6 0x3 0xf8 0x2 0x7 0x3 0xf9 0x2 0x32 0x0 0x3 0x80 0x80 0x82 0x82 0x4d 0x80 0x4f 0x80 0xa6 0x82 0xeb 0x7b 0x66 0x6f 0x0 0x0 0xbe 0x24 0x44 0x0 0x29 0xe8 0x19 0xed 0x0 0x0 0x0 0x0 0x0 0xc 0x0 0x80 0x0 0xa4 0xa4 0x0 0x4 0xb9 0x5 0x0 0x0
1787980571018,0x1 0x8a 0xd 0x4d 0xa6 0x82 0x82 0xd 0x0 0x0 0xd 0x21 0x33 0x0 0x16 0x13 0x4 0x13 0x73 0x0 0xac 0x2 0x9d 0x2 0x0 0x28 0x65 0x1 0x0 0x17 0x0 0x13 0x0 0x57 0x0 0x57 0x0 0xa5 0xa5 0xa5 0xa5 0xa5 0xa5 0xfb 0x2 0xee 0x2 0x5 0x3 0xf4 0x2 0x2 0x3 0xee 0x2 0xfd 0x2 0xee 0x2 0x32 0x0 0x3 0x82 0x82 0x82 0x82 0x4d 0x80 0x4f 0x80 0xa6 0x82 0xeb 0x7b 0x66 0x6f 0x0 0x0 0xb6 0x24 0x3c 0x0 0x29 0xe8 0x19 0xed 0x0 0x0 0x0 0x0 0x0 0xc 0x0 0x80 0x0 0xa4 0xa4 0x0 0x4 0xb9 0x5 0x0 0x0
1787980571242,0x1 0x8a 0xd 0x4d 0xa6 0x82 0x82 0xd 0x0 0x0 0xd 0x22 0x32 0x0 0x8d 0x12 0x9a 0x12 0x73 0x0 0xb2 0x2 0x9d 0x2 0x0 0x28 0x65 0x1 0x0 0x13 0x0 0x11 0x0 0x57 0x0 0x58 0x0 0xa6 0xa6 0xa6 0xa6 0xa6 0xa6 0xf5 0x2 0xe6 0x2 0xf1 0x2 0xe4 0x2 0xf6 0x2 0xe8 0x2 0xf1 0x2 0xe4 0x2 0x32 0x0 0x3 0x83 0x83 0x82 0x82 0x4d 0x80 0x4f 0x80 0xa6 0x82 0xeb 0x7b 0x68 0x72 0x0 0x0 0xa8 0x24 0x2e 0x0 0x29 0xe8 0x19 0xed 0x0 0x0 0x0 0x0 0x0 0xc 0x0 0x80 0x0 0xa4 0xa4 0x0 0x4 0xb9 0x5 0x0 0x0
1787980571464,0x1 0x8b 0xd 0x4d 0xa6 0x82 0x82 0xd 0x0 0x0 0xd 0x21 0x31 0x0 0x6c 0x12 0x8c 0x12 0x73 0x0 0xa9 0x2 0x9d 0x2 0x0 0x28 0x65 0x1 0x0 0x11 0x0 0x11 0x0 0x57 0x0 0x58 0x0 0xa4 0xa4 0xa4 0xa4 0xa4 0xa4 0xf0 0x2 0xe4 0x2 0xf0 0x2 0xe5 0x2 0xf5 0x2 0xe9 0x2 0xf7 0x2 0xe9 0x2 0x32 0x0 0x3 0x84 0x84 0x82 0x82 0x4d 0x80 0x4f 0x80 0xa6 0x82 0xeb 0x7b 0x68 0x72 0x0 0x0 0x9c 0x24 0x22 0x0 0x29 0xe8 0x19 0xed 0x0 0x0 0x0 0x0 0x0 0xc 0x0 0x80 0x0 0xa4 0xa4 0x0 0x4 0xac 0x5 0x0 0x0
1787980571690,0x1 0x8a 0xd 0x4d 0xa6 0x82 0x82 0xd 0x0 0x0 0xd 0x22 0x33 0x0 0x75 0x13 0xf0 0x12 0x73 0x0 0x9f 0x2 0x9d 0x2 0x0 0x28 0x65 0x1 0x0 0x10 0x0 0x10 0x0 0x57 0x0 0x58 0x0 0xa1 0xa1 0xa1 0xa1 0xa1 0xa1 0x6 0x3 0xe7 0x2 0xf8 0x2 0xef 0x2 0x0 0x3 0xf5 0x2 0x6 0x3 0xf8 0x2 0x32 0x0 0x3 0x86 0x86 0x82 0x82 0x4d 0x80 0x4f 0x80 0xa6 0x82 0xeb 0x7b 0x68 0x72 0x0 0x0 0x96 0x24 0x1c 0x0 0x29 0xe8 0x19 0xed 0x0 0x0 0x0 0x0 0x0 0xc 0x0 0x80 0x0 0xa4 0xa4 0x0 0x4 0xb9 0x5 0x0 0x0
1787980571912,0x1 0x8a 0xd 0x4d 0xa6 0x82 0x82 0xd 0x0 0x0 0xd 0x21 0x32 0x0 0xfe 0x12 0xfa 0x12 0x73 0x0 0xa2 0x2 0x9d 0x2 0x0 0x28 0x65 0x1 0x0 0xf 0x0 0xe 0x0 0x58 0x0 0x57 0x0 0xa2 0xa2 0xa2 0xa2 0xa2 0xa2 0xc 0x3 0xfc 0x2 0xa 0x3 0xf9 0x2 0x9 0x3 0xfb 0x2 0xa 0x3 0xfd 0x2 0x32 0x0 0x3 0x87 0x87 0x82 0x82 0x4d 0x80 0x4f 0x80 0xa6 0x82 0xeb 0x7b 0x68 0x72 0x0 0x0 0x94 0x24 0x1a 0x0 0x29 0xe8 0x19 0xed 0x0 0x0 0x0 0x0 0x0 0xc 0x0 0x80 0x0 0xa4 0xa4 0x0 0x4 0xb9 0x5 0x0 0x0
1787980572138,0x1 0x8b 0xd 0x4d 0xa6 0x82 0x82 0xd 0x0 0x0 0xd 0x21 0x32 0x0 0xe8 0x12 0xee 0x12 0x73 0x0 0xa5 0x2 0x9d 0x2 0x0 0x28 0x65 0x1 0x0 0xf 0x0 0xe 0x0 0x57 0x0 0x58 0x0 0xa2 0xa2 0xa2 0xa2 0xa2 0xa2 0xc 0x3 0xfe 0x2 0xb 0x3 0xfe 0x2 0x8 0x3 0xfe 0x2 0xc 0x3 0xfe 0x2 0x32 0x0 0x3 0x88 0x88 0x82 0x82 0x4d 0x80 0x4f 0x80 0xa6 0x82 0xeb 0x7b 0x67 0x70 0x0 0x0 0x90 0x24 0x16 0x0 0x29 0xe8 0x19 0xed 0x0 0x0 0x0 0x0 0x0 0xc 0x0 0x80 0x0 0xa4 0xa4 0x0 0x4 0xac 0x5 0x0 0x0
1787980572361,0x1 0x8b 0xd 0x4d 0xa6 0x82 0x82 0xd 0x0 0x0 0xd 0x22 0x31 0x0 0x6c 0x12 0xb9 0x12 0x73 0x0 0xa9 0x2 0x9d 0x2 0x0 0x28 0x65 0x1 0x0 0x11 0x0 0x11 0x0 0x58 0x0 0x58 0x0 0xa4 0xa4 0xa4 0xa4 0xa4 0xa4 0x8 0x3 0xfa 0x2 0x9 0x3 0xfc 0x2 0xa 0x3 0xf9 0x2 0x8 0x3 0xf9 0x2 0x32 0x0 0x3 0x89 0x8a 0x82 0x82 0x4d 0x80 0x4f 0x80 0xa6 0x82 0xeb 0x7b 0x67 0x70 0x0 0x0 0x88 0x24 0xe 0x0 0x29 0xe8 0x19 0xed 0x0 0x0 0x0 0x0 0x0 0xc 0x0 0x80 0x0 0xa4 0xa4 0x0 0x4 0xac 0x5 0x0 0x0
1787980572585,0x1 0x8a 0xd 0x4d 0xa6 0x82 0x82 0xd 0x0 0x0 0xd 0x21 0x32 0x0 0xd3 0x12 0xad 0x12 0x73 0x0 0xa8 0x2 0x9d 0x2 0x0 0x28 0x65 0x1 0x0 0x14 0x0 0x1a 0x0 0x57 0x0 0x57 0x0 0xa3 0xa3 0xa3 0xa3 0xa3 0xa3 0x8 0x3 0xfc 0x2 0x6 0x3 0xf9 0x2 0x9 0x3 0xf9 0x2 0xa 0x3 0xfc 0x2 0x32 0x0 0x3 0x8b 0x8b 0x82 0x82 0x4d 0x80 0x4f 0x80 0xa6 0x82 0xeb 0x7b 0x67 0x70 0x0 0x0 0x80 0x24 0x6 0x0 0x29 0xe8 0x19 0xed 0x0 0x0 0x0 0x0 0x0 0xc 0x0 0x80 0x0 0xa4 0xa4 0x0 0x4 0xb9 0x5 0x0 0x0
1787980572809,0x1 0x8a 0xd 0x4d 0xa6 0x82 0x82 0xd 0x0 0x0 0xd 0x22 0x32 0x0 0xb0 0x12 0x8f 0x12 0x73 0x0 0xad 0x2 0x9d 0x2 0x0 0x28 0x65 0x1 0x0 0x17 0x0 0x44 0x0 0x57 0x0 0x58 0x0 0xa5 0xa5 0xa5 0xa5 0xa5 0xa5 0x9 0x3 0xfa 0x2 0x9 0x3 0xff 0x2 0xb 0x3 0xfd 0x2 0x9 0x3 0xfc 0x2 0x32 0x0 0x3 0x8c 0x8c 0x82 0x82 0x4d 0x80 0x4f 0x80 0xa6 0x82 0xeb 0x7b 0x67 0x70 0x0 0x0 0x7a 0x24 0x0 0x0 0x29 0xe8 0x19 0xed 0x0 0x0 0x0 0x0 0x0 0xc 0x0 0x80 0x0 0xa4 0xa4 0x0 0x4 0xb9 0x5 0x0 0x0
1787980573032,0x1 0x8b 0xd 0x4d 0xa6 0x82 0x82 0xd 0x0 0x0 0xd 0x20 0x31 0x0 0x6c 0x12 0x72 0x12 0x73 0x0 0xa9 0x2 0x9d 0x2 0x0 0x28 0x65 0x1 0x0 0x1b 0x0 0x67 0x0 0x57 0x0 0x58 0x0 0xa3 0xa3 0xa3 0xa3 0xa3 0xa3 0xc 0x3 0xfd 0x2 0x9 0x3 0xfc 0x2 0x9 0x3 0xff 0x2 0x9 0x3 0xfc 0x2 0x32 0x0 0x3 0x8d 0x8e 0x82 0x82 0x4d 0x80 0x4f 0x80 0xa6 0x82 0xeb 0x7b 0x67 0x70 0x0 0x0 0x70 0x24 0xf6 0xff 0x29 0xe8 0x19 0xed 0x0 0x0 0x0 0x0 0x0 0xc 0x0 0x80 0x0 0xa4 0xa4 0x0 0x4 0xac 0x5 0x0 0x0
1787980573256,0x1 0x8b 0xd 0x4d 0xa6 0x82 0x82 0xd 0x0 0x0 0xd 0x22 0x33 0x0 0xf 0x13 0xaf 0x12 0x73 0x0 0xad 0x2 0x9d 0x2 0x0 0x28 0x65 0x1 0x0 0x27 0x0 0x83 0x0 0x58 0x0 0x57 0x0 0xa5 0xa5 0xa5 0xa5 0xa5 0xa5 0x13 0x3 0xfb 0x2 0xa 0x3 0xfe 0x2 0x10 0x3 0x2 0x3 0x13 0x3 0x4 0x3 0x32 0x0 0x3 0x8f 0x8e 0x82 0x82 0x4d 0x80 0x4f 0x80 0xa6 0x82 0xeb 0x7b 0x67 0x70 0x0 0x0 0x6a 0x24 0xf0 0xff 0x29 0xe8 0x19 0xed 0x0 0x0 0x0 0x0 0x0 0xc 0x0 0x80 0x0 0xa4 0xa4 0x0 0x4 0xac 0x5 0x0 0x0
1787980573480,0x1 0x89 0xd 0x4d 0xa6 0x82 0x82 0xd 0x0 0x0 0xd 0x21 0x31 0x0 0x6c 0x12 0x8d 0x12 0x73 0x0 0xa9 0x2 0x9d 0x2 0x0 0x28 0x65 0x1 0x0 0x4f 0x0 0x93 0x0 0x58 0x0 0x57 0x0 0xa4 0xa4 0xa4 0xa4 0xa4 0xa4 0x13 0x3 0xec 0x2 0x15 0x3 0x5 0x3 0x15 0x3 0xee 0x2 0x14 0x3 0xec 0x2 0x32 0x0 0x3 0x90 0x86 0x82 0x83 0x4d 0x80 0x4f 0x80 0xa6 0x82 0xeb 0x7b 0x67 0x70 0x0 0x0 0x60 0x24 0xe6 0xff 0x29 0xe8 0x19 0xed 0x0 0x0 0x0 0x0 0x0 0xc 0x0 0x80 0x0 0xa4 0xa4 0x0 0x4 0xcb 0x5 0x0 0x0
1787980573705,0x1 0x8a 0xd 0x4d 0xa6 0x82 0x82 0xd 0x0 0x0 0xd 0x21 0x31 0x0 0x79 0x12 0x8b 0x12 0x73 0x0 0xa7 0x2 0x9d 0x2 0x0 0x28 0x65 0x1 0x0 0x7c 0x0 0x9d 0x0 0x57 0x0 0x57 0x0 0xa3 0xa3 0xa3 0xa3 0xa3 0xa3 0x18 0x3 0xea 0x2 0x2 0x3 0xe8 0x2 0x18 0x3 0xee 0x2 0x1 0x3 0xe8 0x2 0x32 0x0 0x3 0x89 0x84 0x84 0x83 0x4d 0x80 0x4f 0x80 0xa6 0x82 0xeb 0x7b 0x67 0x70 0x0 0x0 0x58 0x24 0xde 0xff 0x29 0xe8 0x19 0xed 0x0 0x0 0x0 0x0 0x0 0xc 0x0 0x80 0x0 0xa4 0xa4 0x0 0x4 0xb9 0x5 0x0 0x0
1787980573929,0x1 0x8b 0xd 0x4d 0xa6 0x82 0x82 0xd 0x0 0x0 0xd 0x22 0x33 0x0 0x66 0x13 0xb7 0x12 0x73 0x0 0xa1 0x2 0x9d 0x2 0x0 0x28 0x65 0x1 0x0 0x9c 0x0 0xa1 0x0 0x57 0x0 0x58 0x0 0xa1 0xa1 0xa1 0xa1 0xa1 0xa1 0xff 0x2 0xe6 0x2 0xff 0x2 0xe6 0x2 0x5 0x3 0xe7 0x2 0x5 0x3 0xeb 0x2 0x32 0x0 0x3 0x87 0x83 0x84 0x83 0x4d 0x80 0x4f 0x80 0xa6 0x82 0xeb 0x7b 0x67 0x70 0x0 0x0 0x52 0x24 0xd8 0xff 0x29 0xe8 0x19 0xed 0x0 0x0 0x0 0x0 0x0 0xc 0x0 0x80 0x0 0xa4 0xa4 0x0 0x4 0xac 0x5 0x0 0x0
1787980574151,0x1 0x8a 0xd 0x4d 0xa6 0x82 0x82 0xd 0x0 0x0 0xd 0x21 0x31 0x0 0x87 0x12 0x9c 0x12 0x73 0x0 0xa5 0x2 0x9d 0x2 0x0 0x28 0x65 0x1 0x0 0xa3 0x0 0x9d 0x0 0x57 0x0 0x58 0x0 0xa3 0xa3 0xa3 0xa3 0xa3 0xa3 0xff 0x2 0xe9 0x2 0x1 0x3 0xe7 0x2 0x0 0x3 0xe5 0x2 0xff 0x2 0xe4 0x2 0x32 0x0 0x3 0x86 0x82 0x84 0x83 0x4d 0x80 0x4f 0x80 0xa6 0x82 0xeb 0x7b 0x67 0x70 0x0 0x0 0x4c 0x24 0xd2 0xff 0x29 0xe8 0x19 0xed 0x0 0x0 0x0 0x0 0x0 0xc 0x0 0x80 0x0 0xa4 0xa4 0x0 0x4 0xb9 0x5 0x0 0x0
1787980574377,0x1 0x8b 0xd 0x4d 0xa6 0x82 0x82 0xd 0x0 0x0 0xd 0x22 0x32 0x0 0xe8 0x12 0xf2 0x12 0x73 0x0 0xa5 0x2 0x9d 0x2 0x0 0x28 0x65 0x1 0x0 0xa1 0x0 0x7d 0x0 0x57 0x0 0x58 0x0 0xa3 0xa3 0xa3 0xa3 0xa3 0xa3 0x5 0x3 0xeb 0x2 0x4 0x3 0xe8 0x2 0x3 0x3 0xec 0x2 0x4 0x3 0xeb 0x2 0x32 0x0 0x3 0x85 0x80 0x84 0x83 0x4d 0x80 0x4f 0x80 0xa6 0x82 0xeb 0x7b 0x67 0x70 0x0 0x0 0x48 0x24 0xce 0xff 0x29 0xe8 0x19 0xed 0x0 0x0 0x0 0x0 0x0 0xc 0x0 0x80 0x0 0xa4 0xa4 0x0 0x4 0xac 0x5 0x0 0x0
1787980574599,0x1 0x89 0xd 0x4d 0xa6 0x82 0x82 0xd 0x0 0x0 0xd 0x21 0x32 0x0 0xef 0x12 0x17 0x13 0x73 0x0 0xa4 0x2 0x9d 0x2 0x0 0x28 0x65 0x1 0x0 0x9a 0x0 0x34 0x0 0x57 0x0 0x58 0x0 0xa2 0xa2 0xa2 0xa2 0xa2 0xa2 0x7 0x3 0x1 0x3 0x6 0x3 0x1 0x3 0x5 0x3 0xed 0x2 0x4 0x3 0x1 0x3 0x32 0x0 0x3 0x83 0x88 0x84 0x87 0x4d 0x80 0x4f 0x80 0xa6 0x82 0xeb 0x7b 0x67 0x70 0x0 0x0 0x42 0x24 0xc8 0xff 0x29 0xe8 0x19 0xed 0x0 0x0 0x0 0x0 0x0 0xc 0x0 0x80 0x0 0xa4 0xa4 0x0 0x4 0xcb 0x5 0x0 0x0
1787980574823,0x1 0x8b 0xd 0x4d 0xa6 0x82 0x82 0xd 0x0 0x0 0xd 0x22 0x32 0x0 0xef 0x12 0xde 0x12 0x73 0x0 0xa4 0x2 0x9d 0x2 0x0 0x28 0x65 0x1 0x0 0x8d 0x0 0x1d 0x0 0x57 0x0 0x58 0x0 0xa2 0xa2 0xa2 0xa2 0xa2 0xa2 0x2 0x3 0xfe 0x2 0xfc 0x2 0xfe 0x2 0xfb 0x2 0x1 0x3 0xfb 0x2 0xff 0x2 0x32 0x0 0x3 0x82 0x89 0x84 0x87 0x4d 0x80 0x4f 0x80 0xa6 0x82 0xeb 0x7b 0x67 0x70 0x0 0x0 0x40 0x24 0xc6 0xff 0x29 0xe8 0x19 0xed 0x0 0x0 0x0 0x0 0x0 0xc 0x0 0x80 0x0 0xa4 0xa4 0x0 0x4 0xac 0x5 0x0 0x0
1787980575047,0x1 0x8a 0xd 0x4d 0xa6 0x82 0x82 0xd 0x0 0x0 0xd 0x21 0x31 0x0 0x72 0x12 0xd8 0x12 0x73 0x0 0xa8 0x2 0x9d 0x2 0x0 0x28 0x65 0x1 0x0 0x85 0x0 0x1b 0x0 0x57 0x0 0x58 0x0 0xa4 0xa4 0xa4 0xa4 0xa4 0xa4 0xf7 0x2 0x4 0x3 0xfd 0x2 0x4 0x3 0xfc 0x2 0x3 0x3 0xf7 0x2 0x1 0x3 0x32 0x0 0x3 0x81 0x8b 0x84 0x87 0x4d 0x80 0x4f 0x80 0xa6 0x82 0xeb 0x7b 0x68 0x72 0x0 0x0 0x38 0x24 0xbe 0xff 0x29 0xe8 0x19 0xed 0x0 0x0 0x0 0x0 0x0 0xc 0x0 0x80 0x0 0xa4 0xa4 0x0 0x4 0xb9 0x5 0x0 0x0
1787980575273,0x1 0x8b 0xd 0x4d 0xa7 0x82 0x82 0xd 0x0 0x0 0xd 0x21 0x31 0x0 0x6c 0x12 0xae 0x12 0x73 0x0 0xa9 0x2 0x9c 0x2 0x0 0x28 0x65 0x1 0x0 0x6f 0x0 0x2c 0x0 0x58 0x0 0x58 0x0 0xa4 0xa4 0xa4 0xa4 0xa4 0xa4 0xf3 0x2 0x1 0x3 0xee 0x2 0x2 0x3 0xf4 0x2 0x2 0x3 0xee 0x2 0xff 0x2 0x32 0x0 0x3 0x80 0x8c 0x84 0x87 0x4d 0x80 0x4f 0x80 0xa6 0x82 0xeb 0x7b 0x68 0x72 0x0 0x0 0x30 0x24 0xb6 0xff 0x29 0xe8 0x19 0xed 0x0 0x0 0x0 0x0 0x0 0xc 0x0 0x80 0x0 0xa4 0xa4 0x0 0x4 0xac 0x5 0x0 0x0
1787980575497,0x1 0x8a 0xd 0x4d 0xa7 0x82 0x82 0xd 0x0 0x0 0xd 0x21 0x30 0x0 0x34 0x12 0xa5 0x12 0x73 0x0 0xa3 0x2 0x9c 0x2 0x0 0x28 0x65 0x1 0x0 0x58 0x0 0x91 0x0 0x57 0x0 0x57 0x0 0xa2 0xa2 0xa2 0xa2 0xa2 0xa2 0xf0 0x2 0x6 0x3 0xef 0x2 0x2 0x3 0xee 0x2 0x3 0x3 0xec 0x2 0x2 0x3 0x32 0x0 0x3 0x7e 0x8d 0x84 0x87 0x4d 0x80 0x4f 0x80 0xa6 0x82 0xeb 0x7b 0x68 0x72 0x0 0x0 0xb7 0x23 0xb0 0xff 0x29 0xe8 0x19 0xed 0x0 0x0 0x0 0x0 0x0 0xc 0x0 0x80 0x0 0xa4 0xa4 0x0 0x4 0xb9 0x5 0x0 0x0
1787980575720,0x1 0x8a 0xd 0x4d 0xa7 0x82 0x82 0xd 0x0 0x0 0xd 0x22 0x31 0x0 0xa4 0x12 0xd3 0x12 0x73 0x0 0xa1 0x2 0x9c 0x2 0x0 0x28 0x65 0x1 0x0 0x35 0x0 0xa4 0x0 0x58 0x0 0x57 0x0 0xa2 0xa2 0xa2 0xa2 0xa2 0xa2 0x1 0x3 0x5 0x3 0x4 0x3 0xf3 0x2 0x7 0x3 0xf3 0x2 0x6 0x3 0xf3 0x2 0x32 0x0 0x3 0x87 0x85 0x87 0x86 0x4d 0x80 0x4f 0x80 0xa6 0x82 0xeb 0x7b 0x68 0x72 0x0 0x0 0xb3 0x23 0xac 0xff 0x29 0xe8 0x19 0xed 0x0 0x0 0x0 0x0 0x0 0xc 0x0 0x80 0x0 0xa4 0xa4 0x0 0x4 0xb9 0x5 0x0 0x0
1787980575944,0x1 0x8b 0xd 0x4d 0xa7 0x82 0x82 0xd 0x0 0x0 0xd 0x21 0x31 0x0 0x95 0x12 0xb4 0x12 0x73 0x0 0xa3 0x2 0x9c 0x2 0x0 0x28 0x65 0x1 0x0 0x1a 0x0 0xa6 0x0 0x57 0x0 0x58 0x0 0xa2 0xa2 0xa2 0xa2 0xa2 0xa2 0x4 0x3 0xf2 0x2 0x9 0x3 0xf2 0x2 0x7 0x3 0xed 0x2 0x4 0x3 0xeb 0x2 0x32 0x0 0x3 0x88 0x83 0x87 0x86 0x4d 0x80 0x4f 0x80 0xa6 0x82 0xeb 0x7b 0x68 0x72 0x0 0x0 0xad 0x23 0xa6 0xff 0x29 0xe8 0x19 0xed 0x0 0x0 0x0 0x0 0x0 0xc 0x0 0x80 0x0 0xa4 0xa4 0x0 0x4 0xac 0x5 0x0 0x0
1787980576167,0x1 0x8b 0xd 0x4d 0xa7 0x82 0x82 0xd 0x0 0x0 0xd 0x20 0x31 0x0 0x87 0x12 0x8f 0x12 0x73 0x0 0xa5 0x2 0x9c 0x2 0x0 0x28 0x65 0x1 0x0 0x15 0x0 0xa6 0x0 0x57 0x0 0x57 0x0 0xa3 0xa3 0xa3 0xa3 0xa3 0xa3 0x2 0x3 0xe5 0x2 0x3 0x3 0xec 0x2 0x7 0x3 0xe9 0x2 0x3 0x3 0xe4 0x2 0x32 0x0 0x3 0x89 0x82 0x87 0x86 0x4d 0x80 0x4f 0x80 0xa6 0x82 0xeb 0x7b 0x68 0x72 0x0 0x0 0xa7 0x23 0xa0 0xff 0x29 0xe8 0x19 0xed 0x0 0x0 0x0 0x0 0x0 0xc 0x0 0x80 0x0 0xa4 0xa4 0x0 0x4 0xac 0x5 0x0 0x0
1787980576392,0x1 0x8a 0xd 0x4d 0xa7 0x82 0x82 0xd 0x0 0x0 0xd 0x21 0x32 0x0 0x5 0x13 0xc3 0x12 0x73 0x0 0xa1 0x2 0x9c 0x2 0x0 0x28 0x65 0x1 0x0 0x18 0x0 0xa4 0x0 0x57 0x0 0x57 0x0 0xa2 0xa2 0xa2 0xa2 0xa2 0xa2 0x8 0x3 0xe5 0x2 0xc 0x3 0xe7 0x2 0x7 0x3 0xe5 0x2 0xd 0x3 0xe7 0x2 0x32 0x0 0x3 0x8b 0x81 0x87 0x86 0x4d 0x80 0x4f 0x80 0xa6 0x82 0xeb 0x7b 0x68 0x72 0x0 0x0 0xa3 0x23 0x9c 0xff 0x29 0xe8 0x19 0xed 0x0 0x0 0x0 0x0 0x0 0xc 0x0 0x80 0x0 0xa4 0xa4 0x0 0x4 0xb9 0x5 0x0 0x0
1787980576616,0x1 0x8b 0xd 0x4d 0xa7 0x82 0x82 0xd 0x0 0x0 0xd 0x21 0x31 0x0 0xa4 0x12 0xd1 0x12 0x73 0x0 0xa1 0x2 0x9c 0x2 0x0 0x28 0x65 0x1 0x0 0x22 0x0 0x9b 0x0 0x57 0x0 0x58 0x0 0xa2 0xa2 0xa2 0xa2 0xa2 0xa2 0x12 0x3 0xe8 0x2 0x13 0x3 0xe9 0x2 0x14 0x3 0xe6 0x2 0x13 0x3 0xe6 0x2 0x32 0x0 0x3 0x8c 0x7f 0x87 0x86 0x4d 0x80 0x4f 0x80 0xa6 0x82 0xeb 0x7b 0x68 0x72 0x0 0x0 0xa1 0x23 0x9a 0xff 0x29 0xe8 0x19 0xed 0x0 0x0 0x0 0x0 0x0 0xc 0x0 0x80 0x0 0xa4 0xa4 0x0 0x4 0xac 0x5 0x0 0x0
1787980576839,0x1 0x8b 0xd 0x4c 0xa7 0x82 0x82 0xd 0x0 0x0 0xd 0x21 0x31 0x0 0x9c 0x12 0x96 0x12 0x73 0x0 0xa2 0x2 0x9c 0x2 0x0 0x28 0x65 0x1 0x0 0x5b 0x0 0x8e 0x0 0x57 0x0 0x58 0x0 0xa2 0xa2 0xa2 0xa2 0xa2 0xa2 0xf 0x3 0xdc 0x2 0x13 0x3 0xe3 0x2 0x11 0x3 0xdd 0x2 0x10 0x3 0xdc 0x2 0x32 0x0 0x3 0x8d 0x7e 0x87 0x86 0x4d 0x80 0x4f 0x80 0xa6 0x82 0xeb 0x7b 0x68 0x72 0x0 0x0 0x9b 0x23 0x94 0xff 0x29 0xe8 0x19 0xed 0x0 0x0 0x0 0x0 0x0 0xc 0x0 0x80 0x0 0xa4 0xa4 0x0 0x4 0xac 0x5 0x0 0x0
1787980577064,0x1 0x8b 0xd 0x4c 0xa7 0x82 0x82 0xd 0x0 0x0 0xd 0x20 0x31 0x0 0x87 0x12 0xc0 0x12 0x73 0x0 0xa5 0x2 0x9c 0x2 0x0 0x28 0x65 0x1 0x0 0x8f 0x0 0x4c 0x0 0x57 0x0 0x58 0x0 0xa3 0xa3 0xa3 0xa3 0xa3 0xa3 0x0 0x3 0xde 0x2 0xff 0x2 0xdc 0x2 0x1 0x3 0xde 0x2 0xff 0x2 0xdd 0x2 0x32 0x0 0x3 0x85 0x7d 0x86 0x86 0x4d 0x80 0x4f 0x80 0xa6 0x82 0xeb 0x7b 0x67 0x70 0x0 0x0 0x97 0x23 0x90 0xff 0x29 0xe8 0x19 0xed 0x0 0x0 0x0 0x0 0x0 0xc 0x0 0x80 0x0 0xa4 0xa4 0x0 0x4 0xac 0x5 0x0 0x0
1787980577288,0x1 0x8a 0xd 0x4c 0xa7 0x81 0x83 0xd 0x0 0x0 0xd 0x21 0x33 0x0 0x9b 0x13 0xf0 0x12 0x73 0x0 0x9a 0x2 0x9c 0x2 0x0 0x28 0x65 0x1 0x0 0xa6 0x0 0x29 0x0 0x57 0x0 0x58 0x0 0x9f 0x9f 0x9f 0x9f 0x9f 0x9f 0xf9 0x2 0xef 0x2 0xfc 0x2 0xf6 0x2 0x4 0x3 0xec 0x2 0x4 0x3 0xfb 0x2 0x32 0x0 0x3 0x84 0x86 0x86 0x85 0x4d 0x80 0x4f 0x80 0xa6 0x82 0xeb 0x7b 0x67 0x70 0x0 0x0 0x99 0x23 0x92 0xff 0x29 0xe8 0x19 0xed 0x0 0x0 0x0 0x0 0x0 0xc 0x0 0x80 0x0 0xa4 0xa4 0x0 0x4 0xb9 0x5 0x0 0x0
1787980577510,0x1 0x89 0xd 0x4c 0xa7 0x81 0x83 0xd 0x0 0x0 0xd 0x22 0x32 0x0 0x1b 0x13 0xfd 0x12 0x73 0x0 0x9e 0x2 0x9c 0x2 0x0 0x28 0x65 0x1 0x0 0xa5 0x0 0x19 0x0 0x58 0x0 0x58 0x0 0xa1 0xa1 0xa1 0xa1 0xa1 0xa1 0x2 0x3 0xfb 0x2 0x1 0x3 0xfd 0x2 0x0 0x3 0xfe 0x2 0x2 0x3 0xfe 0x2 0x32 0x0 0x3 0x82 0x87 0x86 0x85 0x4d 0x80 0x4f 0x80 0xa6 0x82 0xeb 0x7b 0x67 0x70 0x0 0x0 0x99 0x23 0x92 0xff 0x29 0xe8 0x19 0xed 0x0 0x0 0x0 0x0 0x0 0xc 0x0 0x80 0x0 0xa4 0xa4 0x0 0x4 0xcb 0x5 0x0 0x0
1787980577734,0x1 0x8b 0xd 0x4c 0xa7 0x81 0x83 0xd 0x0 0x0 0xd 0x22 0x32 0x0 0xf7 0x12 0x9 0x13 0x73 0x0 0xa3 0x2 0x9c 0x2 0x0 0x28 0x65 0x1 0x0 0xa1 0x0 0x14 0x0 0x57 0x0 0x58 0x0 0xa3 0xa3 0xa3 0xa3 0xa3 0xa3 0x0 0x3 0x2 0x3 0xff 0x2 0x1 0x3 0x0 0x3 0x4 0x3 0xfe 0x2 0x2 0x3 0x32 0x0 0x3 0x81 0x89 0x86 0x85 0x4d 0x80 0x4f 0x80 0xa6 0x82 0xeb 0x7b 0x67 0x70 0x0 0x0 0x99 0x23 0x92 0xff 0x29 0xe8 0x19 0xed 0x0 0x0 0x0 0x0 0x0 0xc 0x0 0x80 0x0 0xa4 0xa4 0x0 0x4 0xac 0x5 0x0 0x0
1787980577960,0x1 0x8b 0xd 0x4c 0xa7 0x81 0x83 0xd 0x0 0x0 0xd 0x22 0x32 0x0 0xf7 0x12 0x9c 0x12 0x73 0x0 0xa3 0x2 0x9c 0x2 0x0 0x28 0x65 0x1 0x0 0x9b 0x0 0x1b 0x0 0x58 0x0 0x58 0x0 0xa2 0xa2 0xa2 0xa2 0xa2 0xa2 0xf0 0x2 0xf5 0x2 0xee 0x2 0x0 0x3 0xfb 0x2 0xfd 0x2 0xee 0x2 0xf9 0x2 0x32 0x0 0x3 0x80 0x8a 0x86 0x85 0x4d 0x80 0x4f 0x80 0xa6 0x82 0xeb 0x7b 0x67 0x70 0x0 0x0 0x93 0x23 0x8c 0xff 0x29 0xe8 0x19 0xed 0x0 0x0 0x0 0x0 0x0 0xc 0x0 0x80 0x0 0xa4 0xa4 0x0 0x4 0xac 0x5 0x0 0x0
1787980578184,0x1 0x8a 0xd 0x4c 0xa7 0x81 0x83 0xd 0x0 0x0 0xd 0x21 0x32 0x0 0x1b 0x13 0xc9 0x12 0x73 0x0 0x9e 0x2 0x9c 0x2 0x0 0x28 0x65 0x1 0x0 0x97 0x0 0x74 0x0 0x57 0x0 0x57 0x0 0xa1 0xa1 0xa1 0xa1 0xa1 0xa1 0xf0 0x2 0xff 0x2 0xef 0x2 0x0 0x3 0xf0 0x2 0xff 0x2 0xf0 0x2 0x2 0x3 0x32 0x0 0x3 0x7e 0x8b 0x86 0x85 0x4d 0x80 0x4f 0x80 0xa6 0x82 0xeb 0x7b 0x67 0x70 0x0 0x0 0x8f 0x23 0x88 0xff 0x29 0xe8 0x19 0xed 0x0 0x0 0x0 0x0 0x0 0xc 0x0 0x80 0x0 0xa4 0xa4 0x0 0x4 0xb9 0x5 0x0 0x0
1787980578408,0x1 0x8a 0xd 0x4c 0xa7 0x81 0x83 0xd 0x0 0x0 0xd 0x20 0x31 0x0 0xab 0x12 0xa0 0x12 0x73 0x0 0xa0 0x2 0x9c 0x2 0x0 0x28 0x65 0x1 0x0 0x82 0x0 0x9f 0x0 0x58 0x0 0x57 0x0 0xa2 0xa2 0xa2 0xa2 0xa2 0xa2 0xee 0x2 0xff 0x2 0xe9 0x2 0xfb 0x2 0xe9 0x2 0xfe 0x2 0xea 0x2 0xfe 0x2 0x32 0x0 0x3 0x7d 0x83 0x86 0x85 0x4d 0x80 0x4f 0x80 0xa6 0x82 0xeb 0x7b 0x67 0x70 0x0 0x0 0x8b 0x23 0x84 0xff 0x29 0xe8 0x19 0xed 0x0 0x0 0x0 0x0 0x0 0xc 0x0 0x80 0x0 0xa4 0xa4 0x0 0x4 0xb9 0x5 0x0 0x0
1787980578630,0x1 0x8a 0xd 0x4c 0xa7 0x82 0x82 0xd 0x0 0x0 0xd 0x21 0x32 0x0 0x22 0x13 0xec 0x12 0x73 0x0 0x9d 0x2 0x9c 0x2 0x0 0x28 0x65 0x1 0x0 0x2f 0x0 0xa5 0x0 0x58 0x0 0x58 0x0 0xa0 0xa0 0xa0 0xa0 0xa0 0xa0 0x3 0x3 0xf0 0x2 0xec 0x2 0xed 0x2 0xee 0x2 0xee 0x2 0x5 0x3 0xf0 0x2 0x32 0x0 0x3 0x85 0x82 0x85 0x84 0x4d 0x80 0x4f 0x80 0xa6 0x82 0xeb 0x7b 0x67 0x70 0x0 0x0 0x8d 0x23 0x86 0xff 0x29 0xe8 0x19 0xed 0x0 0x0 0x0 0x0 0x0 0xc 0x0 0x80 0x0 0xa4 0xa4 0x0 0x4 0xb9 0x5 0x0 0x0
1787980578856,0x1 0x8a 0xd 0x4c 0xa7 0x82 0x82 0xd 0x0 0x0 0xd 0x21 0x32 0x0 0xfe 0x12 0xe6 0x12 0x73 0x0 0xa2 0x2 0x9c 0x2 0x0 0x28 0x65 0x1 0x0 0x18 0x0 0xa5 0x0 0x57 0x0 0x57 0x0 0xa2 0xa2 0xa2 0xa2 0xa2 0xa2 0x3 0x3 0xec 0x2 0x6 0x3 0xf1 0x2 0x9 0x3 0xed 0x2 0x6 0x3 0xec 0x2 0x32 0x0 0x3 0x86 0x81 0x85 0x84 0x4d 0x80 0x4f 0x80 0xa6 0x82 0xeb 0x7b 0x67 0x70 0x0 0x0 0x8b 0x23 0x84 0xff 0x29 0xe8 0x19 0xed 0x0 0x0 0x0 0x0 0x0 0xc 0x0 0x80 0x0 0xa4 0xa4 0x0 0x4 0xb9 0x5 0x0 0x0
1787980579079,0x1 0x89 0xd 0x4c 0xa7 0x82 0x82 0xd 0x0 0x0 0xd 0x22 0x32 0x0 0xc 0x13 0xf1 0x12 0x73 0x0 0xa0 0x2 0x9c 0x2 0x0 0x28 0x65 0x1 0x0 0x13 0x0 0xa1 0x0 0x57 0x0 0x58 0x0 0xa1 0xa1 0xa1 0xa1 0xa1 0xa1 0x9 0x3 0xeb 0x2 0x9 0x3 0xe8 0x2 0xb 0x3 0xed 0x2 0xb 0x3 0xe9 0x2 0x32 0x0 0x3 0x87 0x7f 0x85 0x84 0x4d 0x80 0x4f 0x80 0xa6 0x82 0xeb 0x7b 0x68 0x72 0x0 0x0 0x89 0x23 0x82 0xff 0x29 0xe8 0x19 0xed 0x0 0x0 0x0 0x0 0x0 0xc 0x0 0x80 0x0 0xa4 0xa4 0x0 0x4 0xcb 0x5 0x0 0x0
1787980579302,0x1 0x8a 0xd 0x4c 0xa7 0x81 0x83 0xd 0x0 0x0 0xd 0x21 0x30 0x0 0x5e 0x12 0xae 0x12 0x73 0x0 0x9d 0x2 0x9c 0x2 0x0 0x28 0x65 0x1 0x0 0x12 0x0 0x9e 0x0 0x57 0x0 0x58 0x0 0xa0 0xa0 0xa0 0xa0 0xa0 0xa0 0xc 0x3 0xe8 0x2 0xc 0x3 0xe4 0x2 0x8 0x3 0xe0 0x2 0x7 0x3 0xe0 0x2 0x32 0x0 0x3 0x89 0x7e 0x85 0x84 0x4d 0x80 0x4f 0x80 0xa6 0x82 0xeb 0x7b 0x68 0x72 0x0 0x0 0x87 0x23 0x80 0xff 0x29 0xe8 0x19 0xed 0x0 0x0 0x0 0x0 0x0 0xc 0x0 0x80 0x0 0xa4 0xa4 0x0 0x4 0xb9 0x5 0x0 0x0
1787980579527,0x1 0x8b 0xd 0x4c 0xa7 0x81 0x83 0xd 0x0 0x0 0xd 0x1f 0x30 0x0 0x42 0x12 0x7b 0x12 0x73 0x0 0xa1 0x2 0x9c 0x2 0x0 0x28 0x65 0x1 0x0 0x15 0x0 0x96 0x0 0x58 0x0 0x58 0x0 0xa2 0xa2 0xa2 0xa2 0xa2 0xa2 0x5 0x3 0xd6 0x2 0x5 0x3 0xda 0x2 0x7 0x3 0xda 0x2 0x5 0x3 0xd6 0x2 0x32 0x0 0x3 0x8a 0x7d 0x85 0x84 0x4d 0x80 0x4f 0x80 0xa6 0x82 0xeb 0x7b 0x68 0x72 0x0 0x0 0x81 0x23 0x7a 0xff 0x29 0xe8 0x19 0xed 0x0 0x0 0x0 0x0 0x0 0xc 0x0 0x80 0x0 0xa4 0xa4 0x0 0x4 0xac 0x5 0x0 0x0
1787980579751,0x1 0x8b 0xd 0x4c 0xa7 0x82 0x82 0xd 0x0 0x0 0xd 0x21 0x31 0x0 0xb2 0x12 0xa4 0x12 0x73 0x0 0x9f 0x2 0x9c 0x2 0x0 0x28 0x65 0x1 0x0 0x28 0x0 0x7c 0x0 0x57 0x0 0x58 0x0 0xa2 0xa2 0xa2 0xa2 0xa2 0xa2 0xa 0x3 0xd8 0x2 0xc 0x3 0xd3 0x2 0x5 0x3 0xd8 0x2 0xc 0x3 0xd7 0x2 0x32 0x0 0x3 0x8b 0x7b 0x85 0x84 0x4d 0x80 0x4f 0x80 0xa6 0x82 0xeb 0x7b 0x68 0x72 0x0 0x0 0x7d 0x23 0x76 0xff 0x29 0xe8 0x19 0xed 0x0 0x0 0x0 0x0 0x0 0xc 0x0 0x80 0x0 0xa4 0xa4 0x0 0x4 0xac 0x5 0x0 0x0
1787980579975,0x1 0x8b 0xd 0x4c 0xa7 0x82 0x82 0xd 0x0 0x0 0xd 0x22 0x32 0x0 0x31 0x13 0xf7 0x12 0x73 0x0 0x9b 0x2 0x9c 0x2 0x0 0x28 0x65 0x1 0x0 0x6a 0x0 0x35 0x0 0x58 0x0 0x58 0x0 0xa0 0xa0 0xa0 0xa0 0xa0 0xa0 0x15 0x3 0xdd 0x2 0x17 0x3 0xf1 0x2 0x1a 0x3 0xdb 0x2 0x1a 0x3 0xf3 0x2 0x32 0x0 0x3 0x8d 0x83 0x85 0x83 0x4d 0x80 0x4f 0x80 0xa6 0x82 0xeb 0x7b 0x68 0x72 0x0 0x0 0x7f 0x23 0x78 0xff 0x29 0xe8 0x19 0xed 0x0 0x0 0x0 0x0 0x0 0xc 0x0 0x80 0x0 0xa4 0xa4 0x0 0x4 0xac 0x5 0x0 0x0
1787980580200,0x1 0x8a 0xd 0x4c 0xa7 0x81 0x83 0xd 0x0 0x0 0xd 0x21 0x31 0x0 0x95 0x12 0xf0 0x12 0x73 0x0 0xa3 0x2 0x9c 0x2 0x0 0x28 0x65 0x1 0x0 0x89 0x0 0x1a 0x0 0x57 0x0 0x57 0x0 0xa3 0xa3 0xa3 0xa3 0xa3 0xa3 0xd 0x3 0xfa 0x2 0xb 0x3 0xfa 0x2 0x6 0x3 0xf5 0x2 0x3 0x3 0xf5 0x2 0x32 0x0 0x3 0x84 0x84 0x85 0x83 0x4d 0x80 0x4f 0x80 0xa6 0x82 0xeb 0x7b 0x67 0x70 0x0 0x0 0x7d 0x23 0x76 0xff 0x29 0xe8 0x19 0xed 0x0 0x0 0x0 0x0 0x0 0xc 0x0 0x80 0x0 0xa4 0xa4 0x0 0x4 0xb9 0x5 0x0 0x0
1787980580423,0x1 0x8a 0xd 0x4c 0xa7 0x81 0x83 0xd 0x0 0x0 0xd 0x21 0x31 0x0 0x9c 0x12 0x9c 0x12 0x73 0x0 0xa2 0x2 0x9c 0x2 0x0 0x28 0x65 0x1 0x0 0x9e 0x0 0x14 0x0 0x58 0x0 0x58 0x0 0xa2 0xa2 0xa2 0xa2 0xa2 0xa2 0xf6 0x2 0xee 0x2 0xfe 0x2 0xf2 0x2 0xfa 0x2 0xee 0x2 0xf6 0x2 0xee 0x2 0x32 0x0 0x3 0x83 0x86 0x85 0x83 0x4d 0x80 0x4f 0x80 0xa6 0x82 0xeb 0x7b 0x67 0x70 0x0 0x0 0x7b 0x23 0x74 0xff 0x29 0xe8 0x19 0xed 0x0 0x0 0x0 0x0 0x0 0xc 0x0 0x80 0x0 0xa4 0xa4 0x0 0x4 0xb9 0x5 0x0 0x0
1787980580663,0x1 0x8b 0xd 0x4c 0xa7 0x81 0x83 0xd 0x0 0x0 0xd 0x21 0x31 0x0 0xb2 0x12 0xb0 0x12 0x73 0x0 0x9f 0x2 0x9c 0x2 0x0 0x28 0x65 0x1 0x0 0xa6 0x0 0x13 0x0 0x58 0x0 0x58 0x0 0xa2 0xa2 0xa2 0xa2 0xa2 0xa2 0xf6 0x2 0xf4 0x2 0xf6 0x2 0xf5 0x2 0xf6 0x2 0xf2 0x2 0xf5 0x2 0xf5 0x2 0x32 0x0 0x3 0x81 0x87 0x85 0x83 0x4d 0x80 0x4f 0x80 0xa6 0x82 0xeb 0x7b 0x67 0x70 0x0 0x0 0x77 0x23 0x70 0xff 0x29 0xe8 0x19 0xed 0x0 0x0 0x0 0x0 0x0 0xc 0x0 0x80 0x0 0xa4 0xa4 0x0 0x4 0xac 0x5 0x0 0x0
1787980580885,0x1 0x8a 0xd 0x4c 0xa7 0x81 0x83 0xd 0x0 0x0 0xd 0x22 0x32 0x0 0x22 0x13 0xcc 0x12 0x73 0x0 0x9d 0x2 0x9c 0x2 0x0 0x28 0x65 0x1 0x0 0xa3 0x0 0x16 0x0 0x57 0x0 0x57 0x0 0xa0 0xa0 0xa0 0xa0 0xa0 0xa0 0xf7 0x2 0xfb 0x2 0xf5 0x2 0xf8 0x2 0xf3 0x2 0xfb 0x2 0xf5 0x2 0xfb 0x2 0x32 0x0 0x3 0x80 0x88 0x85 0x83 0x4d 0x80 0x4f 0x80 0xa6 0x82 0xeb 0x7b 0x67 0x70 0x0 0x0 0x73 0x23 0x6c 0xff 0x29 0xe8 0x19 0xed 0x0 0x0 0x0 0x0 0x0 0xc 0x0 0x80 0x0 0xa4 0xa4 0x0 0x4 0xb9 0x5 0x0 0x0
1787980581111,0x1 0x89 0xd 0x4c 0xa7 0x81 0x83 0xd 0x0 0x0 0xd 0x21 0x31 0x0 0xb2 0x12 0xd8 0x12 0x73 0x0 0x9f 0x2 0x9c 0x2 0x0 0x28 0x65 0x1 0x0 0x9c 0x0 0x1b 0x0 0x58 0x0 0x57 0x0 0xa1 0xa1 0xa1 0xa1 0xa1 0xa1 0xf3 0x2 0x2 0x3 0xf9 0x2 0x4 0x3 0xf7 0x2 0x1 0x3 0xf3 0x2 0x1 0x3 0x32 0x0 0x3 0x7f 0x8a 0x85 0x83 0x4d 0x80 0x4f 0x80 0xa6 0x82 0xeb 0x7b 0x68 0x72 0x0 0x0 0x75 0x23 0x6e 0xff 0x29 0xe8 0x19 0xed 0x0 0x0 0x0 0x0 0x0 0xc 0x0 0x80 0x0 0xa4 0xa4 0x0 0x4 0xcb 0x5 0x0 0x0
1787980581333,0x1 0x8b 0xd 0x4c 0xa7 0x82 0x82 0xd 0x0 0x0 0xd 0x21 0x33 0x0 0x5f 0x13 0xf9 0x12 0x73 0x0 0xa2 0x2 0x9c 0x2 0x0 0x28 0x65 0x1 0x0 0x8a 0x0 0x41 0x0 0x58 0x0 0x58 0x0 0xa2 0xa2 0xa2 0xa2 0xa2 0xa2 0xf1 0x2 0x7 0x3 0xf0 0x2 0xfd 0x2 0xec 0x2 0x0 0x3 0xf3 0x2 0x7 0x3 0x32 0x0 0x3 0x7d 0x8b 0x85 0x83 0x4d 0x80 0x4f 0x80 0xa6 0x82 0xeb 0x7b 0x68 0x72 0x0 0x0 0x6f 0x23 0x68 0xff 0x29 0xe8 0x19 0xed 0x0 0x0 0x0 0x0 0x0 0xc 0x0 0x80 0x0 0xa4 0xa4 0x0 0x4 0xac 0x5 0x0 0x0
1787980581559,0x1 0x8a 0xd 0x4c 0xa7 0x82 0x82 0xd 0x0 0x0 0xd 0x21 0x32 0x0 0xfe 0x12 0xe2 0x12 0x73 0x0 0xa2 0x2 0x9c 0x2 0x0 0x28 0x65 0x1 0x0 0x49 0x0 0x88 0x0 0x57 0x0 0x57 0x0 0xa2 0xa2 0xa2 0xa2 0xa2 0xa2 0xf4 0x2 0xa 0x3 0xed 0x2 0x7 0x3 0xf4 0x2 0xd 0x3 0x1 0x3 0x7 0x3 0x32 0x0 0x3 0x84 0x8c 0x84 0x83 0x4d 0x80 0x4f 0x80 0xa6 0x82 0xeb 0x7b 0x68 0x72 0x0 0x0 0x6b 0x23 0x64 0xff 0x29 0xe8 0x19 0xed 0x0 0x0 0x0 0x0 0x0 0xc 0x0 0x80 0x0 0xa4 0xa4 0x0 0x4 0xb9 0x5 0x0 0x0
1787980581783,0x1 0x8a 0xd 0x4c 0xa7 0x81 0x83 0xd 0x0 0x0 0xd 0x20 0x30 0x0 0x49 0x12 0x9b 0x12 0x73 0x0 0xa0 0x2 0x9c 0x2 0x0 0x28 0x65 0x1 0x0 0x26 0x0 0xa3 0x0 0x57 0x0 0x58 0x0 0xa1 0xa1 0xa1 0xa1 0xa1 0xa1 0x3 0x3 0x5 0x3 0x0 0x3 0xec 0x2 0xfc 0x2 0x8 0x3 0xfc 0x2 0xea 0x2 0x32 0x0 0x3 0x85 0x83 0x84 0x83 0x4d 0x80 0x4f 0x80 0xa6 0x82 0xeb 0x7b 0x68 0x72 0x0 0x0 0x69 0x23 0x62 0xff 0x29 0xe8 0x19 0xed 0x0 0x0 0x0 0x0 0x0 0xc 0x0 0x80 0x0 0xa4 0xa4 0x0 0x4 0xb9 0x5 0x0 0x0
1787980582007,0x1 0x8a 0xd 0x4c 0xa7 0x81 0x83 0xd 0x0 0x0 0xd 0x21 0x31 0x0 0xb2 0x12 0xa4 0x12 0x73 0x0 0x9f 0x2 0x9c 0x2 0x0 0x28 0x65 0x1 0x0 0x19 0x0 0xa9 0x0 0x58 0x0 0x58 0x0 0xa2 0xa2 0xa2 0xa2 0xa2 0xa2 0x1 0x3 0xe8 0x2 0xfc 0x2 0xe6 0x2 0xff 0x2 0xe8 0x2 0x1 0x3 0xe8 0x2 0x32 0x0 0x3 0x87 0x82 0x84 0x83 0x4d 0x80 0x4f 0x80 0xa6 0x82 0xeb 0x7b 0x68 0x72 0x0 0x0 0x65 0x23 0x5e 0xff 0x29 0xe8 0x19 0xed 0x0 0x0 0x0 0x0 0x0 0xc 0x0 0x80 0x0 0xa4 0xa4 0x0 0x4 0xb9 0x5 0x0 0x0
1787980582231,0x1 0x8b 0xd 0x4c 0xa7 0x81 0x83 0xd 0x0 0x0 0xd 0x20 0x30 0x0 0x42 0x12 0x90 0x12 0x73 0x0 0xa1 0x2 0x9c 0x2 0x0 0x28 0x65 0x1 0x0 0x16 0x0 0xa7 0x0 0x58 0x0 0x58 0x0 0xa2 0xa2 0xa2 0xa2 0xa2 0xa2 0x6 0x3 0xe5 0x2 0x2 0x3 0xe9 0x2 0x5 0x3 0xe9 0x2 0x2 0x3 0xe2 0x2 0x32 0x0 0x3 0x88 0x81 0x84 0x83 0x4d 0x80 0x4f 0x80 0xa6 0x82 0xeb 0x7b 0x67 0x70 0x0 0x0 0x65 0x23 0x5e 0xff 0x29 0xe8 0x19 0xed 0x0 0x0 0x0 0x0 0x0 0xc 0x0 0x80 0x0 0xa4 0xa4 0x0 0x4 0xac 0x5 0x0 0x0
1787980582453,0x1 0x8a 0xd 0x4c 0xa7 0x81 0x83 0xd 0x0 0x0 0xd 0x21 0x32 0x0 0x22 0x13 0xd0 0x12 0x73 0x0 0x9d 0x2 0x9c 0x2 0x0 0x28 0x65 0x1 0x0 0x18 0x0 0xa2 0x0 0x57 0x0 0x58 0x0 0xa0 0xa0 0xa0 0xa0 0xa0 0xa0 0x6 0x3 0xe1 0x2 0xa 0x3 0xe6 0x2 0x6 0x3 0xe3 0x2 0xc 0x3 0xe6 0x2 0x32 0x0 0x3 0x89 0x7f 0x84 0x83 0x4d 0x80 0x4f 0x80 0xa6 0x82 0xeb 0x7b 0x67 0x70 0x0 0x0 0x63 0x23 0x5c 0xff 0x29 0xe8 0x19 0xed 0x0 0x0 0x0 0x0 0x0 0xc 0x0 0x80 0x0 0xa4 0xa4 0x0 0x4 0xb9 0x5 0x0 0x0
1787980582677,0x1 0x8a 0xd 0x4c 0xa7 0x81 0x83 0xd 0x0 0x0 0xd 0x20 0x31 0x0 0xb2 0x12 0xaa 0x12 0x73 0x0 0x9f 0x2 0x9c 0x2 0x0 0x28 0x65 0x1 0x0 0x23 0x0 0x9d 0x0 0x57 0x0 0x58 0x0 0xa2 0xa2 0xa2 0xa2 0xa2 0xa2 0xe 0x3 0xe4 0x2 0xd 0x3 0xe1 0x2 0xc 0x3 0xe0 0x2 0xd 0x3 0xe0 0x2 0x32 0x0 0x3 0x8b 0x7e 0x84 0x83 0x4d 0x80 0x4f 0x80 0xa6 0x82 0xeb 0x7b 0x67 0x70 0x0 0x0 0x61 0x23 0x5a 0xff 0x29 0xe8 0x19 0xed 0x0 0x0 0x0 0x0 0x0 0xc 0x0 0x80 0x0 0xa4 0xa4 0x0 0x4 0xb9 0x5 0x0 0x0
1787980582903,0x1 0x89 0xd 0x4c 0xa7 0x81 0x83 0xd 0x0 0x0 0xd 0x21 0x32 0x0 0xef 0x12 0xcd 0x12 0x73 0x0 0xa4 0x2 0x9c 0x2 0x0 0x28 0x65 0x1 0x0 0x5a 0x0 0x93 0x0 0x58 0x0 0x58 0x0 0xa3 0xa3 0xa3 0xa3 0xa3 0xa3 0x12 0x3 0xdb 0x2 0xa 0x3 0xda 0x2 0xc 0x3 0xdf 0x2 0x12 0x3 0xdf 0x2 0x32 0x0 0x3 0x8c 0x7d 0x84 0x83 0x4d 0x80 0x4f 0x80 0xa6 0x82 0xeb 0x7b 0x67 0x70 0x0 0x0 0x5d 0x23 0x56 0xff 0x29 0xe8 0x19 0xed 0x0 0x0 0x0 0x0 0x0 0xc 0x0 0x80 0x0 0xa4 0xa4 0x0 0x4 0xcb 0x5 0x0 0x0
1787980583126,0x1 0x8b 0xd 0x4c 0xa7 0x81 0x83 0xd 0x0 0x0 0xd 0x21 0x31 0x0 0x87 0x12 0x9d 0x12 0x73 0x0 0xa5 0x2 0x9c 0x2 0x0 0x28 0x65 0x1 0x0 0x8e 0x0 0x58 0x0 0x58 0x0 0x58 0x0 0xa3 0xa3 0xa3 0xa3 0xa3 0xa3 0xfe 0x2 0xd8 0x2 0xf9 0x2 0xd9 0x2 0xfd 0x2 0xdb 0x2 0xf9 0x2 0xd5 0x2 0x32 0x0 0x3 0x84 0x7c 0x84 0x83 0x4d 0x80 0x4f 0x80 0xa6 0x82 0xeb 0x7b 0x68 0x72 0x0 0x0 0x57 0x23 0x50 0xff 0x29 0xe8 0x19 0xed 0x0 0x0 0x0 0x0 0x0 0xc 0x0 0x80 0x0 0xa4 0xa4 0x0 0x4 0xac 0x5 0x0 0x0
1787980583350,0x1 0x8a 0xd 0x4c 0xa7 0x81 0x83 0xd 0x0 0x0 0xd 0x21 0x31 0x0 0xc0 0x12 0xce 0x12 0x73 0x0 0x9d 0x2 0x9c 0x2 0x0 0x28 0x65 0x1 0x0 0xa4 0x0 0x28 0x0 0x57 0x0 0x58 0x0 0xa0 0xa0 0xa0 0xa0 0xa0 0xa0 0xfc 0x2 0xf2 0x2 0xfd 0x2 0xf2 0x2 0xfb 0x2 0xed 0x2 0xfc 0x2 0xf2 0x2 0x32 0x0 0x3 0x83 0x84 0x84 0x84 0x4d 0x80 0x4f 0x80 0xa6 0x82 0xeb 0x7b 0x68 0x72 0x0 0x0 0x55 0x23 0x4e 0xff 0x29 0xe8 0x19 0xed 0x0 0x0 0x0 0x0 0x0 0xc 0x0 0x80 0x0 0xa4 0xa4 0x0 0x4 0xb9 0x5 0x0 0x0
1787980583573,0x1 0x8b 0xd 0x4c 0xa7 0x81 0x83 0xd 0x0 0x0 0xd 0x21 0x32 0x0 0x29 0x13 0xf4 0x12 0x73 0x0 0x9c 0x2 0x9c 0x2 0x0 0x28 0x65 0x1 0x0 0xa5 0x0 0x1a 0x0 0x57 0x0 0x58 0x0 0xa1 0xa1 0xa1 0xa1 0xa1 0xa1 0xf9 0x2 0xf4 0x2 0xfc 0x2 0xf8 0x2 0xfc 0x2 0xfb 0x2 0xfe 0x2 0xfb 0x2 0x32 0x0 0x3 0x81 0x86 0x84 0x84 0x4d 0x80 0x4f 0x80 0xa6 0x82 0xeb 0x7b 0x68 0x72 0x0 0x0 0x55 0x23 0x4e 0xff 0x29 0xe8 0x19 0xed 0x0 0x0 0x0 0x0 0x0 0xc 0x0 0x80 0x0 0xa4 0xa4 0x0 0x4 0xac 0x5 0x0 0x0
1787980583798,0x1 0x8a 0xd 0x4b 0xa8 0x81 0x83 0xd 0x0 0x0 0xd 0x20 0x31 0x0 0xc0 0x12 0xc6 0x12 0x73 0x0 0x9d 0x2 0x9b 0x2 0x0 0x28 0x65 0x1 0x0 0xa2 0x0 0x16 0x0 0x57 0x0 0x58 0x0 0xa1 0xa1 0xa1 0xa1 0xa1 0xa1 0xf6 0x2 0xfa 0x2 0xf9 0x2 0xf9 0x2 0xf6 0x2 0xf8 0x2 0xf6 0x2 0xf8 0x2 0x32 0x0 0x3 0x80 0x87 0x84 0x84 0x4d 0x80 0x4f 0x80 0xa6 0x82 0xeb 0x7b 0x68 0x72 0x0 0x0 0x55 0x23 0x4e 0xff 0x29 0xe8 0x19 0xed 0x0 0x0 0x0 0x0 0x0 0xc 0x0 0x80 0x0 0xa4 0xa4 0x0 0x4 0xb9 0x5 0x0 0x0
1787980584021,0x1 0x8b 0xd 0x4b 0xa8 0x81 0x83 0xd 0x0 0x0 0xd 0x20 0x31 0x0 0xb9 0x12 0xc9 0x12 0x73 0x0 0x9e 0x2 0x9b 0x2 0x0 0x28 0x65 0x1 0x0 0x9b 0x0 0x16 0x0 0x58 0x0 0x57 0x0 0xa2 0xa2 0xa2 0xa2 0xa2 0xa2 0xf4 0x2 0xfd 0x2 0xf2 0x2 0xfb 0x2 0xf5 0x2 0xfb 0x2 0xf2 0x2 0xfb 0x2 0x32 0x0 0x3 0x7f 0x88 0x84 0x84 0x4d 0x80 0x4f 0x80 0xa6 0x82 0xeb 0x7b 0x68 0x72 0x0 0x0 0xdd 0x22 0x4e 0xff 0x29 0xe8 0x19 0xed 0x0 0x0 0x0 0x0 0x0 0xc 0x0 0x80 0x0 0xa4 0xa4 0x0 0x4 0xac 0x5 0x0 0x0
1787980584244,0x1 0x8a 0xd 0x4b 0xa8 0x81 0x83 0xd 0x0 0x0 0xd 0x20 0x31 0x0 0xb9 0x12 0xa0 0x12 0x73 0x0 0x9e 0x2 0x9b 0x2 0x0 0x28 0x65 0x1 0x0 0x93 0x0 0x1f 0x0 0x58 0x0 0x57 0x0 0xa1 0xa1 0xa1 0xa1 0xa1 0xa1 0xec 0x2 0xfa 0x2 0xe9 0x2 0xfa 0x2 0xf2 0x2 0xfe 0x2 0xea 0x2 0xfa 0x2 0x32 0x0 0x3 0x7d 0x8a 0x84 0x84 0x4d 0x80 0x4f 0x80 0xa6 0x82 0xeb 0x7b 0x67 0x70 0x0 0x0 0xd9 0x22 0x4a 0xff 0x29 0xe8 0x19 0xed 0x0 0x0 0x0 0x0 0x0 0xc 0x0 0x80 0x0 0xa4 0xa4 0x0 0x4 0xb9 0x5 0x0 0x0
1787980584469,0x1 0x8a 0xd 0x4b 0xa8 0x81 0x83 0xd 0x0 0x0 0xd 0x20 0x30 0x0 0x50 0x12 0xa4 0x12 0x73 0x0 0x9f 0x2 0x9b 0x2 0x0 0x28 0x65 0x1 0x0 0x73 0x0 0x5d 0x0 0x57 0x0 0x58 0x0 0xa2 0xa2 0xa2 0xa2 0xa2 0xa2 0xeb 0x2 0xfe 0x2 0xea 0x2 0xff 0x2 0xe9 0x2 0xfe 0x2 0xe6 0x2 0xfe 0x2 0x32 0x0 0x3 0x7c 0x8b 0x84 0x84 0x4d 0x80 0x4f 0x80 0xa6 0x82 0xeb 0x7b 0x67 0x70 0x0 0x0 0xd9 0x22 0x4a 0xff 0x29 0xe8 0x19 0xed 0x0 0x0 0x0 0x0 0x0 0xc 0x0 0x80 0x0 0xa4 0xa4 0x0 0x4 0xb9 0x5 0x0 0x0
1787980584694,0x1 0x88 0xd 0x4b 0xa8 0x81 0x83 0xd 0x0 0x0 0xd 0x20 0x31 0x0 0xc0 0x12 0xc6 0x12 0x73 0x0 0x9d 0x2 0x9b 0x2 0x0 0x28 0x65 0x1 0x0 0x2e 0x0 0x8f 0x0 0x58 0x0 0x58 0x0 0xa1 0xa1 0xa1 0xa1 0xa1 0xa1 0xff 0x2 0x0 0x3 0xe8 0x2 0x2 0x3 0xfe 0x2 0x3 0x3 0xff 0x2 0x3 0x3 0x32 0x0 0x3 0x84 0x8b 0x84 0x84 0x4d 0x80 0x4f 0x80 0xa6 0x82 0xeb 0x7b 0x67 0x70 0x0 0x0 0xd5 0x22 0x46 0xff 0x29 0xe8 0x19 0xed 0x0 0x0 0x0 0x0 0x0 0xc 0x0 0x80 0x0 0xa4 0xa4 0x0 0x4 0xdd 0x5 0x0 0x0
1787980584918,0x1 0x8a 0xd 0x4b 0xa8 0x81 0x83 0xd 0x0 0x0 0xd 0x21 0x31 0x0 0xc0 0x12 0xcf 0x12 0x73 0x0 0x9d 0x2 0x9b 0x2 0x0 0x28 0x65 0x1 0x0 0x1b 0x0 0xa4 0x0 0x57 0x0 0x57 0x0 0xa1 0xa1 0xa1 0xa1 0xa1 0xa1 0x4 0x3 0xef 0x2 0x3 0x3 0x4 0x3 0x5 0x3 0xf3 0x2 0x3 0x3 0xee 0x2 0x32 0x0 0x3 0x85 0x83 0x84 0x83 0x4d 0x80 0x4f 0x80 0xa6 0x82 0xeb 0x7b 0x67 0x70 0x0 0x0 0xd3 0x22 0x44 0xff 0x29 0xe8 0x19 0xed 0x0 0x0 0x0 0x0 0x0 0xc 0x0 0x80 0x0 0xa4 0xa4 0x0 0x4 0xb9 0x5 0x0 0x0
1787980585142,0x1 0x8a 0xd 0x4b 0xa8 0x81 0x83 0xd 0x0 0x0 0xd 0x20 0x31 0x0 0x9c 0x12 0xac 0x12 0x73 0x0 0xa2 0x2 0x9b 0x2 0x0 0x28 0x65 0x1 0x0 0x16 0x0 0xa7 0x0 0x57 0x0 0x57 0x0 0xa2 0xa2 0xa2 0xa2 0xa2 0xa2 0x3 0x3 0xe9 0x2 0x2 0x3 0xe6 0x2 0x3 0x3 0xeb 0x2 0x2 0x3 0xe6 0x2 0x32 0x0 0x3 0x87 0x81 0x84 0x83 0x4d 0x80 0x4f 0x80 0xa6 0x82 0xeb 0x7b 0x6a 0x74 0x0 0x0 0xcd 0x22 0x3e 0xff 0x29 0xe8 0x19 0xed 0x0 0x0 0x0 0x0 0x0 0xc 0x0 0x80 0x0 0xa4 0xa4 0x0 0x4 0xb9 0x5 0x0 0x0
1787980585366,0x1 0x8b 0xd 0x4b 0xa8 0x81 0x83 0xd 0x0 0x0 0xd 0x21 0x31 0x0 0xc7 0x12 0xc2 0x12 0x73 0x0 0x9c 0x2 0x9b 0x2 0x0 0x28 0x65 0x1 0x0 0x16 0x0 0xa8 0x0 0x57 0x0 0x57 0x0 0xa0 0xa0 0xa0 0xa0 0xa0 0xa0 0x5 0x3 0xe6 0x2 0x5 0x3 0xe6 0x2 0x9 0x3 0xe7 0x2 0x9 0x3 0xe7 0x2 0x32 0x0 0x3 0x88 0x80 0x84 0x83 0x4d 0x80 0x4f 0x80 0xa6 0x82 0xeb 0x7b 0x6a 0x74 0x0 0x0 0xcb 0x22 0x3c 0xff 0x29 0xe8 0x19 0xed 0x0 0x0 0x0 0x0 0x0 0xc 0x0 0x80 0x0 0xa4 0xa4 0x0 0x4 0xac 0x5 0x0 0x0
1787980585588,0x1 0x89 0xd 0x4b 0xa8 0x81 0x83 0xd 0x0 0x0 0xd 0x21 0x31 0x0 0xc7 0x12 0xaf 0x12 0x73 0x0 0x9c 0x2 0x9b 0x2 0x0 0x28 0x65 0x1 0x0 0x1b 0x0 0xa4 0x0 0x57 0x0 0x58 0x0 0xa0 0xa0 0xa0 0xa0 0xa0 0xa0 0xa 0x3 0xe5 0x2 0xa 0x3 0xe4 0x2 0xb 0x3 0xe3 0x2 0xa 0x3 0xe2 0x2 0x32 0x0 0x3 0x89 0x7f 0x84 0x83 0x4d 0x80 0x4f 0x80 0xa6 0x82 0xeb 0x7b 0x6a 0x74 0x0 0x0 0xcd 0x22 0x3e 0xff 0x29 0xe8 0x19 0xed 0x0 0x0 0x0 0x0 0x0 0xc 0x0 0x80 0x0 0xa4 0xa4 0x0 0x4 0xcb 0x5 0x0 0x0
1787980585812,0x1 0x8a 0xd 0x4b 0xa8 0x81 0x83 0xd 0x0 0x0 0xd 0x21 0x31 0x0 0xab 0x12 0xab 0x12 0x73 0x0 0xa0 0x2 0x9b 0x2 0x0 0x28 0x65 0x1 0x0 0x30 0x0 0x9b 0x0 0x58 0x0 0x58 0x0 0xa2 0xa2 0xa2 0xa2 0xa2 0xa2 0xb 0x3 0xde 0x2 0xc 0x3 0xe0 0x2 0x9 0x3 0xdf 0x2 0xc 0x3 0xdd 0x2 0x32 0x0 0x3 0x8b 0x7d 0x84 0x83 0x4d 0x80 0x4f 0x80 0xa6 0x82 0xeb 0x7b 0x6a 0x74 0x0 0x0 0xc9 0x22 0x3a 0xff 0x29 0xe8 0x19 0xed 0x0 0x0 0x0 0x0 0x0 0xc 0x0 0x80 0x0 0xa4 0xa4 0x0 0x4 0xb9 0x5 0x0 0x0
1787980586037,0x1 0x8a 0xd 0x4b 0xa8 0x81 0x83 0xd 0x0 0x0 0xd 0x20 0x31 0x0 0xd6 0x12 0xa2 0x12 0x73 0x0 0x9a 0x2 0x9b 0x2 0x0 0x28 0x65 0x1 0x0 0x6d 0x0 0x93 0x0 0x57 0x0 0x57 0x0 0xa0 0xa0 0xa0 0xa0 0xa0 0xa0 0xe 0x3 0xda 0x2 0xc 0x3 0xd9 0x2 0xd 0x3 0xdd 0x2 0xf 0x3 0xd9 0x2 0x32 0x0 0x3 0x8c 0x7c 0x84 0x83 0x4d 0x80 0x4f 0x80 0xa6 0x82 0xeb 0x7b 0x6a 0x74 0x0 0x0 0xc9 0x22 0x3a 0xff 0x29 0xe8 0x19 0xed 0x0 0x0 0x0 0x0 0x0 0xc 0x0 0x80 0x0 0xa4 0xa4 0x0 0x4 0xb9 0x5 0x0 0x0
1787980586259,0x1 0x8b 0xd 0x4b 0xa8 0x81 0x83 0xd 0x0 0x0 0xd 0x1f 0x2f 0x0 0x26 0x12 0x84 0x12 0x73 0x0 0x97 0x2 0x9b 0x2 0x0 0x28 0x65 0x1 0x0 0x99 0x0 0x5a 0x0 0x57 0x0 0x58 0x0 0x9e 0x9e 0x9e 0x9e 0x9e 0x9e 0xf8 0x2 0xd5 0x2 0xf9 0x2 0xd6 0x2 0xfa 0x2 0xd6 0x2 0xf8 0x2 0xd6 0x2 0x32 0x0 0x3 0x83 0x7b 0x84 0x83 0x4d 0x80 0x4f 0x80 0xa6 0x82 0xeb 0x7b 0x6a 0x74 0x0 0x0 0xcf 0x22 0x40 0xff 0x29 0xe8 0x19 0xed 0x0 0x0 0x0 0x0 0x0 0xc 0x0 0x80 0x0 0xa4 0xa4 0x0 0x4 0xac 0x5 0x0 0x0
1787980586484,0x1 0x8a 0xd 0x4b 0xa8 0x81 0x83 0xd 0x0 0x0 0xd 0x20 0x30 0x0 0x73 0x12 0x87 0x12 0x73 0x0 0x9a 0x2 0x9b 0x2 0x0 0x28 0x65 0x1 0x0 0xa4 0x0 0x27 0x0 0x57 0x0 0x58 0x0 0x9f 0x9f 0x9f 0x9f 0x9f 0x9f 0xf4 0x2 0xe7 0x2 0xf5 0x2 0xe7 0x2 0xf7 0x2 0xeb 0x2 0xf4 0x2 0xe9 0x2 0x32 0x0 0x3 0x82 0x83 0x84 0x83 0x4d 0x80 0x4f 0x80 0xa6 0x82 0xeb 0x7b 0x6a 0x74 0x0 0x0 0xdb 0x22 0x4c 0xff 0x29 0xe8 0x19 0xed 0x0 0x0 0x0 0x0 0x0 0xc 0x0 0x80 0x0 0xa4 0xa4 0x0 0x4 0xb9 0x5 0x0 0x0
1787980586710,0x1 0x8a 0xd 0x4b 0xa8 0x81 0x83 0xd 0x0 0x0 0xd 0x21 0x31 0x0 0xab 0x12 0x9d 0x12 0x73 0x0 0xa0 0x2 0x9b 0x2 0x0 0x28 0x65 0x1 0x0 0x9e 0x0 0x17 0x0 0x58 0x0 0x58 0x0 0xa2 0xa2 0xa2 0xa2 0xa2 0xa2 0xf3 0x2 0xed 0x2 0xf0 0x2 0xed 0x2 0xf5 0x2 0xee 0x2 0xf0 0x2 0xed 0x2 0x32 0x0 0x3 0x80 0x85 0x84 0x83 0x4d 0x80 0x4f 0x80 0xa6 0x82 0xeb 0x7b 0x6a 0x74 0x0 0x0 0xdd 0x22 0x4e 0xff 0x29 0xe8 0x19 0xed 0x0 0x0 0x0 0x0 0x0 0xc 0x0 0x80 0x0 0xa4 0xa4 0x0 0x4 0xb9 0x5 0x0 0x0
1787980586931,0x1 0x8a 0xd 0x4b 0xa8 0x81 0x83 0xd 0x0 0x0 0xd 0x20 0x31 0x0 0xb2 0x12 0xb1 0x12 0x73 0x0 0x9f 0x2 0x9b 0x2 0x0 0x28 0x65 0x1 0x0 0x98 0x0 0x13 0x0 0x58 0x0 0x58 0x0 0xa1 0xa1 0xa1 0xa1 0xa1 0xa1 0xf6 0x2 0xf4 0x2 0xf0 0x2 0xf3 0x2 0xf4 0x2 0xf3 0x2 0xf0 0x2 0xf3 0x2 0x32 0x0 0x3 0x7f 0x86 0x84 0x83 0x4d 0x80 0x4f 0x80 0xa6 0x82 0xeb 0x7b 0x6a 0x74 0x0 0x0 0xdd 0x22 0x4e 0xff 0x29 0xe8 0x19 0xed 0x0 0x0 0x0 0x0 0x0 0xc 0x0 0x80 0x0 0xa4 0xa4 0x0 0x4 0xb9 0x5 0x0 0x0
1787980587156,0x1 0x8b 0xd 0x4b 0xa8 0x81 0x83 0xd 0x0 0x0 0xd 0x21 0x31 0x0 0xdd 0x12 0xbb 0x12 0x73 0x0 0x99 0x2 0x9b 0x2 0x0 0x28 0x65 0x1 0x0 0x94 0x0 0x11 0x0 0x57 0x0 0x58 0x0 0x9f 0x9f 0x9f 0x9f 0x9f 0x9f 0xed 0x2 0xf3 0x2 0xee 0x2 0xf6 0x2 0xf0 0x2 0xf3 0x2 0xf0 0x2 0xf9 0x2 0x32 0x0 0x3 0x7e 0x87 0x84 0x83 0x4d 0x80 0x4f 0x80 0xa6 0x82 0xeb 0x7b 0x6a 0x74 0x0 0x0 0xdf 0x22 0x50 0xff 0x29 0xe8 0x19 0xed 0x0 0x0 0x0 0x0 0x0 0xc 0x0 0x80 0x0 0xa4 0xa4 0x0 0x4 0xac 0x5 0x0 0x0
1787980587381,0x1 0x89 0xd 0x4b 0xa8 0x81 0x83 0xd 0x0 0x0 0xd 0x20 0x31 0x0 0xb9 0x12 0x8b 0x12 0x73 0x0 0x9e 0x2 0x9b 0x2 0x0 0x28 0x65 0x1 0x0 0x4d 0x0 0x14 0x0 0x57 0x0 0x58 0x0 0xa2 0xa2 0xa2 0xa2 0xa2 0xa2 0xe6 0x2 0xf5 0x2 0xea 0x2 0xf4 0x2 0xe7 0x2 0xf4 0x2 0xe6 0x2 0xf6 0x2 0x32 0x0 0x3 0x84 0x89 0x84 0x83 0x4d 0x80 0x4f 0x80 0xa6 0x82 0xeb 0x7b 0x6a 0x74 0x0 0x0 0xdf 0x22 0x50 0xff 0x29 0xe8 0x19 0xed 0x0 0x0 0x0 0x0 0x0 0xc 0x0 0x80 0x0 0xa4 0xa4 0x0 0x4 0xcb 0x5 0x0 0x0
1787980587605,0x1 0x8a 0xd 0x4b 0xa8 0x81 0x83 0xd 0x0 0x0 0xd 0x20 0x31 0x0 0xc7 0x12 0x93 0x12 0x73 0x0 0x9c 0x2 0x9b 0x2 0x0 0x28 0x65 0x1 0x0 0x1f 0x0 0x1d 0x0 0x58 0x0 0x58 0x0 0xa0 0xa0 0xa0 0xa0 0xa0 0xa0 0xfb 0x2 0xf9 0x2 0xf9 0x2 0xf8 0x2 0xfe 0x2 0xf9 0x2 0xfc 0x2 0xf9 0x2 0x32 0x0 0x3 0x86 0x8a 0x84 0x83 0x4d 0x80 0x4f 0x80 0xa6 0x82 0xeb 0x7b 0x6a 0x74 0x0 0x0 0xdf 0x22 0x50 0xff 0x29 0xe8 0x19 0xed 0x0 0x0 0x0 0x0 0x0 0xc 0x0 0x80 0x0 0xa4 0xa4 0x0 0x4 0xb9 0x5 0x0 0x0
1787980587828,0x1 0x8a 0xd 0x4b 0xa8 0x81 0x83 0xd 0x0 0x0 0xd 0x20 0x31 0x0 0xb2 0x12 0xb2 0x12 0x73 0x0 0x9f 0x2 0x9b 0x2 0x0 0x28 0x65 0x1 0x0 0x13 0x0 0x42 0x0 0x58 0x0 0x57 0x0 0xa2 0xa2 0xa2 0xa2 0xa2 0xa2 0x1 0x3 0x0 0x3 0x4 0x3 0x1 0x3 0x1 0x3 0xff 0x2 0x4 0x3 0x1 0x3 0x32 0x0 0x3 0x87 0x8b 0x84 0x83 0x4d 0x80 0x4f 0x80 0xa6 0x82 0xeb 0x7b 0x6a 0x74 0x0 0x0 0xdd 0x22 0x4e 0xff 0x29 0xe8 0x19 0xed 0x0 0x0 0x0 0x0 0x0 0xc 0x0 0x80 0x0 0xa4 0xa4 0x0 0x4 0xb9 0x5 0x0 0x0
1787980588053,0x1 0x8b 0xd 0x4b 0xa8 0x81 0x83 0xd 0x0 0x0 0xd 0x21 0x31 0x0 0x9c 0x12 0x9d 0x12 0x73 0x0 0xa2 0x2 0x9b 0x2 0x0 0x28 0x65 0x1 0x0 0x11 0x0 0x74 0x0 0x58 0x0 0x58 0x0 0xa2 0xa2 0xa2 0xa2 0xa2 0xa2 0x3 0x3 0x0 0x3 0x3 0x3 0xff 0x2 0x4 0x3 0xff 0x2 0x4 0x3 0x0 0x3 0x32 0x0 0x3 0x88 0x8d 0x84 0x83 0x4d 0x80 0x4f 0x80 0xa6 0x82 0xeb 0x7b 0x6a 0x74 0x0 0x0 0xd9 0x22 0x4a 0xff 0x29 0xe8 0x19 0xed 0x0 0x0 0x0 0x0 0x0 0xc 0x0 0x80 0x0 0xa4 0xa4 0x0 0x4 0xac 0x5 0x0 0x0
1787980588277,0x1 0x8a 0xd 0x4b 0xa8 0x81 0x83 0xd 0x0 0x0 0xd 0x21 0x31 0x0 0x8e 0x12 0xa5 0x12 0x73 0x0 0xa4 0x2 0x9b 0x2 0x0 0x28 0x65 0x1 0x0 0x12 0x0 0x94 0x0 0x58 0x0 0x58 0x0 0xa3 0xa3 0xa3 0xa3 0xa3 0xa3 0x8 0x3 0x0 0x3 0x7 0x3 0x3 0x3 0x8 0x3 0x1 0x3 0x8 0x3 0x1 0x3 0x32 0x0 0x3 0x8a 0x85 0x84 0x83 0x4d 0x80 0x4f 0x80 0xa6 0x82 0xeb 0x7b 0x6a 0x74 0x0 0x0 0xd1 0x22 0x42 0xff 0x29 0xe8 0x19 0xed 0x0 0x0 0x0 0x0 0x0 0xc 0x0 0x80 0x0 0xa4 0xa4 0x0 0x4 0xb9 0x5 0x0 0x0
1787980588501,0x1 0x8a 0xd 0x4b 0xa8 0x81 0x83 0xd 0x0 0x0 0xd 0x21 0x32 0x0 0xfe 0x12 0xa3 0x12 0x73 0x0 0xa2 0x2 0x9b 0x2 0x0 0x28 0x65 0x1 0x0 0x17 0x0 0xa4 0x0 0x57 0x0 0x57 0x0 0xa3 0xa3 0xa3 0xa3 0xa3 0xa3 0x8 0x3 0xea 0x2 0xc 0x3 0xe7 0x2 0x5 0x3 0xe8 0x2 0xc 0x3 0xeb 0x2 0x32 0x0 0x3 0x8b 0x83 0x84 0x84 0x4d 0x80 0x4f 0x80 0xa6 0x82 0xeb 0x7b 0x6a 0x74 0x0 0x0 0xcd 0x22 0x3e 0xff 0x29 0xe8 0x19 0xed 0x0 0x0 0x0 0x0 0x0 0xc 0x0 0x80 0x0 0xa4 0xa4 0x0 0x4 0xb9 0x5 0x0 0x0
1787980588723,0x1 0x8a 0xd 0x4b 0xa8 0x81 0x83 0xd 0x0 0x0 0xd 0x1f 0x30 0x0 0x50 0x12 0x63 0x12 0x73 0x0 0x9f 0x2 0x9b 0x2 0x0 0x28 0x65 0x1 0x0 0x31 0x0 0xa7 0x0 0x58 0x0 0x57 0x0 0xa1 0xa1 0xa1 0xa1 0xa1 0xa1 0x8 0x3 0xe4 0x2 0x8 0x3 0xe1 0x2 0xa 0x3 0xe7 0x2 0x7 0x3 0xe1 0x2 0x32 0x0 0x3 0x8c 0x82 0x84 0x84 0x4d 0x80 0x4f 0x80 0xa6 0x82 0xeb 0x7b 0x6a 0x74 0x0 0x0 0xcb 0x22 0x3c 0xff 0x29 0xe8 0x19 0xed 0x0 0x0 0x0 0x0 0x0 0xc 0x0 0x80 0x0 0xa4 0xa4 0x0 0x4 0xb9 0x5 0x0 0x0
1787980588949,0x1 0x8b 0xd 0x4b 0xa8 0x81 0x83 0xd 0x0 0x0 0xd 0x20 0x30 0x0 0x82 0x12 0x8c 0x12 0x73 0x0 0x98 0x2 0x9b 0x2 0x0 0x28 0x65 0x1 0x0 0x6a 0x0 0xa5 0x0 0x57 0x0 0x57 0x0 0x9f 0x9f 0x9f 0x9f 0x9f 0x9f 0xa 0x3 0xe2 0x2 0xe 0x3 0xe4 0x2 0x12 0x3 0xe0 0x2 0x12 0x3 0xe5 0x2 0x32 0x0 0x3 0x8e 0x81 0x84 0x84 0x4d 0x80 0x4f 0x80 0xa6 0x82 0xeb 0x7b 0x6a 0x74 0x0 0x0 0xcd 0x22 0x3e 0xff 0x29 0xe8 0x19 0xed 0x0 0x0 0x0 0x0 0x0 0xc 0x0 0x80 0x0 0xa4 0xa4 0x0 0x4 0xac 0x5 0x0 0x0
1787980589172,0x1 0x8a 0xd 0x4b 0xa8 0x81 0x83 0xd 0x0 0x0 0xd 0x20 0x31 0x0 0xb9 0x12 0x9f 0x12 0x73 0x0 0x9e 0x2 0x9b 0x2 0x0 0x28 0x65 0x1 0x0 0x8a 0x0 0xa1 0x0 0x57 0x0 0x58 0x0 0xa2 0xa2 0xa2 0xa2 0xa2 0xa2 0xfd 0x2 0xe6 0x2 0x0 0x3 0xe2 0x2 0xfc 0x2 0xe1 0x2 0xfd 0x2 0xe1 0x2 0x32 0x0 0x3 0x85 0x7f 0x85 0x84 0x4d 0x80 0x4f 0x80 0xa6 0x82 0xeb 0x7b 0x6a 0x74 0x0 0x0 0xcd 0x22 0x3e 0xff 0x29 0xe8 0x19 0xed 0x0 0x0 0x0 0x0 0x0 0xc 0x0 0x80 0x0 0xa4 0xa4 0x0 0x4 0xb9 0x5 0x0 0x0
1787980589397,0x1 0x89 0xd 0x4b 0xa8 0x81 0x83 0xd 0x0 0x0 0xd 0x21 0x31 0x0 0xb2 0x12 0xa1 0x12 0x73 0x0 0x9f 0x2 0x9b 0x2 0x0 0x28 0x65 0x1 0x0 0x9a 0x0 0x96 0x0 0x58 0x0 0x57 0x0 0xa2 0xa2 0xa2 0xa2 0xa2 0xa2 0xfa 0x2 0xde 0x2 0xfc 0x2 0xe1 0x2 0xfb 0x2 0xde 0x2 0xfa 0x2 0xde 0x2 0x32 0x0 0x3 0x83 0x7e 0x85 0x84 0x4d 0x80 0x4f 0x80 0xa6 0x82 0xeb 0x7b 0x6a 0x74 0x0 0x0 0xc7 0x22 0x38 0xff 0x29 0xe8 0x19 0xed 0x0 0x0 0x0 0x0 0x0 0xc 0x0 0x80 0x0 0xa4 0xa4 0x0 0x4 0xcb 0x5 0x0 0x0
1787980589619,0x1 0x89 0xd 0x4b 0xa8 0x81 0x83 0xd 0x0 0x0 0xd 0x1f 0x30 0x0 0x7a 0x12 0x88 0x12 0x73 0x0 0x99 0x2 0x9b 0x2 0x0 0x28 0x65 0x1 0x0 0xa1 0x0 0x68 0x0 0x58 0x0 0x57 0x0 0x9f 0x9f 0x9f 0x9f 0x9f 0x9f 0xf4 0x2 0xd8 0x2 0xf4 0x2 0xda 0x2 0xf8 0x2 0xdb 0x2 0xf5 0x2 0xda 0x2 0x32 0x0 0x3 0x82 0x7d 0x85 0x84 0x4d 0x80 0x4f 0x80 0xa6 0x82 0xeb 0x7b 0x6a 0x74 0x0 0x0 0xc9 0x22 0x3a 0xff 0x29 0xe8 0x19 0xed 0x0 0x0 0x0 0x0 0x0 0xc 0x0 0x80 0x0 0xa4 0xa4 0x0 0x4 0xcb 0x5 0x0 0x0
1787980589844,0x1 0x8b 0xd 0x4b 0xa8 0x81 0x83 0xd 0x0 0x0 0xd 0x20 0x31 0x0 0xce 0x12 0x91 0x12 0x73 0x0 0x9b 0x2 0x9b 0x2 0x0 0x28 0x65 0x1 0x0 0x9f 0x0 0x30 0x0 0x58 0x0 0x57 0x0 0xa1 0xa1 0xa1 0xa1 0xa1 0xa1 0xee 0x2 0xe8 0x2 0xf0 0x2 0xea 0x2 0xf2 0x2 0xd3 0x2 0xf2 0x2 0xed 0x2 0x32 0x0 0x3 0x81 0x85 0x85 0x85 0x4d 0x80 0x4f 0x80 0xa6 0x82 0xeb 0x7b 0x6a 0x74 0x0 0x0 0xcd 0x22 0x3e 0xff 0x29 0xe8 0x19 0xed 0x0 0x0 0x0 0x0 0x0 0xc 0x0 0x80 0x0 0xa4 0xa4 0x0 0x4 0xac 0x5 0x0 0x0
1787980590069,0x1 0x89 0xd 0x4b 0xa8 0x81 0x83 0xd 0x0 0x0 0xd 0x20 0x31 0x0 0xdd 0x12 0xdd 0x12 0x73 0x0 0x99 0x2 0x9b 0x2 0x0 0x28 0x65 0x1 0x0 0x98 0x0 0x1d 0x0 0x57 0x0 0x57 0x0 0x9f 0x9f 0x9f 0x9f 0x9f 0x9f 0xf7 0x2 0xf3 0x2 0xf8 0x2 0xf9 0x2 0xf9 0x2 0xfb 0x2 0xf7 0x2 0xfa 0x2 0x32 0x0 0x3 0x80 0x87 0x85 0x85 0x4d 0x80 0x4f 0x80 0xa6 0x82 0xeb 0x7b 0x6a 0x74 0x0 0x0 0xd9 0x22 0x4a 0xff 0x29 0xe8 0x19 0xed 0x0 0x0 0x0 0x0 0x0 0xc 0x0 0x80 0x0 0xa4 0xa4 0x0 0x4 0xcb 0x5 0x0 0x0
1787980590291,0x1 0x8a 0xd 0x4b 0xa8 0x81 0x83 0xd 0x0 0x0 0xd 0x20 0x31 0x0 0xc7 0x12 0xd2 0x12 0x73 0x0 0x9c 0x2 0x9b 0x2 0x0 0x28 0x65 0x1 0x0 0x60 0x0 0x18 0x0 0x58 0x0 0x58 0x0 0xa0 0xa0 0xa0 0xa0 0xa0 0xa0 0xf3 0x2 0xfb 0x2 0xf6 0x2 0xfa 0x2 0xf6 0x2 0xfc 0x2 0xf2 0x2 0xfb 0x2 0x32 0x0 0x3 0x7e 0x88 0x85 0x85 0x4d 0x80 0x4f 0x80 0xa6 0x82 0xeb 0x7b 0x6a 0x74 0x0 0x0 0xdd 0x22 0x4e 0xff 0x29 0xe8 0x19 0xed 0x0 0x0 0x0 0x0 0x0 0xc 0x0 0x80 0x0 0xa4 0xa4 0x0 0x4 0xb9 0x5 0x0 0x0
1787980590516,0x1 0x8a 0xd 0x4b 0xa8 0x81 0x83 0xd 0x0 0x0 0xd 0x20 0x31 0x0 0xce 0x12 0xc0 0x12 0x73 0x0 0x9b 0x2 0x9b 0x2 0x0 0x28 0x65 0x1 0x0 0x25 0x0 0x16 0x0 0x57 0x0 0x57 0x0 0xa1 0xa1 0xa1 0xa1 0xa1 0xa1 0x4 0x3 0xfb 0x2 0x5 0x3 0xfc 0x2 0x6 0x3 0xfb 0x2 0x4 0x3 0xfc 0x2 0x32 0x0 0x3 0x87 0x89 0x86 0x85 0x4d 0x80 0x4f 0x80 0xa6 0x82 0xeb 0x7b 0x6a 0x74 0x0 0x0 0xdb 0x22 0x4c 0xff 0x29 0xe8 0x19 0xed 0x0 0x0 0x0 0x0 0x0 0xc 0x0 0x80 0x0 0xa4 0xa4 0x0 0x4 0xb9 0x5 0x0 0x0
1787980590740,0x1 0x8b 0xd 0x4b 0xa8 0x81 0x83 0xd 0x0 0x0 0xd 0x21 0x31 0x0 0xc0 0x12 0xa6 0x12 0x73 0x0 0x9d 0x2 0x9b 0x2 0x0 0x28 0x65 0x1 0x0 0x16 0x0 0x1a 0x0 0x57 0x0 0x57 0x0 0xa1 0xa1 0xa1 0xa1 0xa1 0xa1 0x5 0x3 0xfc 0x2 0x4 0x3 0xfc 0x2 0x5 0x3 0xfb 0x2 0x5 0x3 0xfc 0x2 0x32 0x0 0x3 0x88 0x8a 0x86 0x85 0x4d 0x80 0x4f 0x80 0xa6 0x82 0xeb 0x7b 0x6a 0x74 0x0 0x0 0xdd 0x22 0x4e 0xff 0x29 0xe8 0x19 0xed 0x0 0x0 0x0 0x0 0x0 0xc 0x0 0x80 0x0 0xa4 0xa4 0x0 0x4 0xac 0x5 0x0 0x0
1787980590964,0x1 0x8a 0xd 0x4b 0xa8 0x81 0x83 0xd 0x0 0x0 0xd 0x20 0x31 0x0 0xb9 0x12 0xb9 0x12 0x73 0x0 0x9e 0x2 0x9b 0x2 0x0 0x28 0x65 0x1 0x0 0x13 0x0 0x5e 0x0 0x58 0x0 0x58 0x0 0xa2 0xa2 0xa2 0xa2 0xa2 0xa2 0xb 0x3 0xfd 0x2 0x7 0x3 0xff 0x2 0xa 0x3 0x2 0x3 0xb 0x3 0x2 0x3 0x32 0x0 0x3 0x89 0x8c 0x86 0x85 0x4d 0x80 0x4f 0x80 0xa6 0x82 0xeb 0x7b 0x6a 0x74 0x0 0x0 0xdb 0x22 0x4c 0xff 0x29 0xe8 0x19 0xed 0x0 0x0 0x0 0x0 0x0 0xc 0x0 0x80 0x0 0xa4 0xa4 0x0 0x4 0xb9 0x5 0x0 0x0
1787980591204,0x1 0x8a 0xd 0x4b 0xa8 0x81 0x83 0xd 0x0 0x0 0xd 0x21 0x31 0x0 0x80 0x12 0x9a 0x12 0x73 0x0 0xa6 0x2 0x9b 0x2 0x0 0x28 0x65 0x1 0x0 0x14 0x0 0x99 0x0 0x57 0x0 0x58 0x0 0xa4 0xa4 0xa4 0xa4 0xa4 0xa4 0x7 0x3 0xff 0x2 0x8 0x3 0x1 0x3 0x7 0x3 0xff 0x2 0x8 0x3 0xfe 0x2 0x32 0x0 0x3 0x8b 0x8c 0x86 0x85 0x4d 0x80 0x4f 0x80 0xa6 0x82 0xeb 0x7b 0x6a 0x74 0x0 0x0 0xd7 0x22 0x48 0xff 0x29 0xe8 0x19 0xed 0x0 0x0 0x0 0x0 0x0 0xc 0x0 0x80 0x0 0xa4 0xa4 0x0 0x4 0xb9 0x5 0x0 0x0
1787980591428,0x1 0x8b 0xd 0x4b 0xa8 0x81 0x83 0xd 0x0 0x0 0xd 0x20 0x30 0x0 0x49 0x12 0x73 0x12 0x73 0x0 0xa0 0x2 0x9b 0x2 0x0 0x28 0x65 0x1 0x0 0x1c 0x0 0xa6 0x0 0x58 0x0 0x58 0x0 0xa2 0xa2 0xa2 0xa2 0xa2 0xa2 0x9 0x3 0xe8 0x2 0xb 0x3 0xe6 0x2 0x9 0x3 0xe9 0x2 0x9 0x3 0xe5 0x2 0x32 0x0 0x3 0x8c 0x83 0x86 0x84 0x4d 0x80 0x4f 0x80 0xa6 0x82 0xeb 0x7b 0x6a 0x74 0x0 0x0 0xd1 0x22 0x42 0xff 0x29 0xe8 0x19 0xed 0x0 0x0 0x0 0x0 0x0 0xc 0x0 0x80 0x0 0xa4 0xa4 0x0 0x4 0xac 0x5 0x0 0x0
1787980591652,0x1 0x8a 0xd 0x4b 0xa8 0x81 0x83 0xd 0x0 0x0 0xd 0x20 0x31 0x0 0xb9 0x12 0x9e 0x12 0x73 0x0 0x9e 0x2 0x9b 0x2 0x0 0x28 0x65 0x1 0x0 0x48 0x0 0xa9 0x0 0x58 0x0 0x58 0x0 0xa2 0xa2 0xa2 0xa2 0xa2 0xa2 0x8 0x3 0xe4 0x2 0xc 0x3 0xe6 0x2 0x11 0x3 0xe6 0x2 0x12 0x3 0xe6 0x2 0x32 0x0 0x3 0x8d 0x82 0x86 0x84 0x4d 0x80 0x4f 0x80 0xa6 0x82 0xeb 0x7b 0x6a 0x74 0x0 0x0 0xcf 0x22 0x40 0xff 0x29 0xe8 0x19 0xed 0x0 0x0 0x0 0x0 0x0 0xc 0x0 0x80 0x0 0xa4 0xa4 0x0 0x4 0xb9 0x5 0x0 0x0
1787980591874,0x1 0x8b 0xd 0x4b 0xa8 0x81 0x83 0xd 0x0 0x0 0xd 0x22 0x32 0x0 0xc 0x13 0xe8 0x12 0x73 0x0 0xa0 0x2 0x9b 0x2 0x0 0x28 0x65 0x1 0x0 0x7f 0x0 0xa7 0x0 0x57 0x0 0x58 0x0 0xa2 0xa2 0xa2 0xa2 0xa2 0xa2 0x8 0x3 0xe8 0x2 0x18 0x3 0xec 0x2 0x1a 0x3 0xec 0x2 0x8 0x3 0xeb 0x2 0x32 0x0 0x3 0x86 0x81 0x86 0x84 0x4d 0x80 0x4f 0x80 0xa6 0x82 0xeb 0x7b 0x6a 0x74 0x0 0x0 0xcd 0x22 0x3e 0xff 0x29 0xe8 0x19 0xed 0x0 0x0 0x0 0x0 0x0 0xc 0x0 0x80 0x0 0xa4 0xa4 0x0 0x4 0xac 0x5 0x0 0x0
1787980592099,0x1 0x89 0xd 0x4b 0xa8 0x81 0x83 0xd 0x0 0x0 0xd 0x21 0x31 0x0 0xab 0x12 0xac 0x12 0x73 0x0 0xa0 0x2 0x9b 0x2 0x0 0x28 0x65 0x1 0x0 0x99 0x0 0x9e 0x0 0x57 0x0 0x58 0x0 0xa2 0xa2 0xa2 0xa2 0xa2 0xa2 0x3 0x3 0xe2 0x2 0xfe 0x2 0xea 0x2 0x8 0x3 0xe9 0x2 0xfe 0x2 0xe2 0x2 0x32 0x0 0x3 0x85 0x7f 0x86 0x84 0x4d 0x80 0x4f 0x80 0xa6 0x82 0xeb 0x7b 0x6a 0x74 0x0 0x0 0xcd 0x22 0x3e 0xff 0x29 0xe8 0x19 0xed 0x0 0x0 0x0 0x0 0x0 0xc 0x0 0x80 0x0 0xa4 0xa4 0x0 0x4 0xcb 0x5 0x0 0x0
1787980592322,0x1 0x8a 0xd 0x4b 0xa8 0x81 0x83 0xd 0x0 0x0 0xd 0x20 0x31 0x0 0xb9 0x12 0xb9 0x12 0x73 0x0 0x9e 0x2 0x9b 0x2 0x0 0x28 0x65 0x1 0x0 0xa8 0x0 0x99 0x0 0x58 0x0 0x58 0x0 0xa2 0xa2 0xa2 0xa2 0xa2 0xa2 0x0 0x3 0xe4 0x2 0xfd 0x2 0xe0 0x2 0xff 0x2 0xe2 0x2 0xfc 0x2 0xe0 0x2 0x32 0x0 0x3 0x84 0x7e 0x86 0x84 0x4d 0x80 0x4f 0x80 0xa6 0x82 0xeb 0x7b 0x6a 0x74 0x0 0x0 0xc9 0x22 0x3a 0xff 0x29 0xe8 0x19 0xed 0x0 0x0 0x0 0x0 0x0 0xc 0x0 0x80 0x0 0xa4 0xa4 0x0 0x4 0xb9 0x5 0x0 0x0
1787980592546,0x1 0x8a 0xd 0x4b 0xa8 0x81 0x83 0xd 0x0 0x0 0xd 0x21 0x32 0x0 0x31 0x13 0xcf 0x12 0x73 0x0 0x9b 0x2 0x9b 0x2 0x0 0x28 0x65 0x1 0x0 0xaa 0x0 0x95 0x0 0x58 0x0 0x58 0x0 0xa1 0xa1 0xa1 0xa1 0xa1 0xa1 0xf7 0x2 0xdc 0x2 0xf8 0x2 0xdc 0x2 0xfb 0x2 0xe0 0x2 0xfc 0x2 0xe0 0x2 0x32 0x0 0x3 0x82 0x7d 0x86 0x84 0x4d 0x80 0x4f 0x80 0xa6 0x82 0xeb 0x7b 0x6a 0x74 0x0 0x0 0xc5 0x22 0x36 0xff 0x29 0xe8 0x19 0xed 0x0 0x0 0x0 0x0 0x0 0xc 0x0 0x80 0x0 0xa4 0xa4 0x0 0x4 0xb9 0x5 0x0 0x0
1787980592770,0x1 0x8b 0xd 0x4b 0xa8 0x81 0x83 0xd 0x0 0x0 0xd 0x21 0x31 0x0 0xdd 0x12 0xd3 0x12 0x73 0x0 0x99 0x2 0x9b 0x2 0x0 0x28 0x65 0x1 0x0 0xa6 0x0 0x88 0x0 0x58 0x0 0x58 0x0 0x9f 0x9f 0x9f 0x9f 0x9f 0x9f 0xfb 0x2 0xd9 0x2 0xf6 0x2 0xdb 0x2 0xfb 0x2 0xdf 0x2 0xfb 0x2 0xdf 0x2 0x32 0x0 0x3 0x81 0x7b 0x86 0x84 0x4d 0x80 0x4f 0x80 0xa6 0x82 0xeb 0x7b 0x6a 0x74 0x0 0x0 0xcf 0x22 0x40 0xff 0x29 0xe8 0x19 0xed 0x0 0x0 0x0 0x0 0x0 0xc 0x0 0x80 0x0 0xa4 0xa4 0x0 0x4 0xac 0x5 0x0 0x0
1787980592996,0x1 0x8a 0xd 0x4b 0xa8 0x81 0x83 0xd 0x0 0x0 0xd 0x21 0x31 0x0 0xc0 0x12 0xd3 0x12 0x73 0x0 0x9d 0x2 0x9b 0x2 0x0 0x28 0x65 0x1 0x0 0x9f 0x0 0x3a 0x0 0x58 0x0 0x58 0x0 0xa1 0xa1 0xa1 0xa1 0xa1 0xa1 0xf8 0x2 0xef 0x2 0xf6 0x2 0xde 0x2 0xfc 0x2 0xdd 0x2 0xf6 0x2 0xef 0x2 0x32 0x0 0x3 0x80 0x83 0x86 0x83 0x4d 0x80 0x4f 0x80 0xa6 0x82 0xeb 0x7b 0x6a 0x74 0x0 0x0 0xd7 0x22 0x48 0xff 0x29 0xe8 0x19 0xed 0x0 0x0 0x0 0x0 0x0 0xc 0x0 0x80 0x0 0xa4 0xa4 0x0 0x4 0xb9 0x5 0x0 0x0
1787980593219,0x1 0x8a 0xd 0x4b 0xa8 0x81 0x83 0xd 0x0 0x0 0xd 0x20 0x31 0x0 0xb9 0x12 0xa8 0x12 0x73 0x0 0x9e 0x2 0x9b 0x2 0x0 0x28 0x65 0x1 0x0 0x96 0x0 0x1d 0x0 0x58 0x0 0x58 0x0 0xa1 0xa1 0xa1 0xa1 0xa1 0xa1 0xef 0x2 0xed 0x2 0xee 0x2 0xee 0x2 0xf5 0x2 0xed 0x2 0xee 0x2 0xee 0x2 0x32 0x0 0x3 0x7e 0x84 0x86 0x83 0x4d 0x80 0x4f 0x80 0xa6 0x82 0xeb 0x7b 0x6a 0x74 0x0 0x0 0xdb 0x22 0x4c 0xff 0x29 0xe8 0x19 0xed 0x0 0x0 0x0 0x0 0x0 0xc 0x0 0x80 0x0 0xa4 0xa4 0x0 0x4 0xb9 0x5 0x0 0x0
1787980593442,0x1 0x8b 0xd 0x4b 0xa8 0x81 0x83 0xd 0x0 0x0 0xd 0x21 0x31 0x0 0xc7 0x12 0xc7 0x12 0x73 0x0 0x9c 0x2 0x9b 0x2 0x0 0x28 0x65 0x1 0x0 0x8a 0x0 0x16 0x0 0x58 0x0 0x58 0x0 0xa0 0xa0 0xa0 0xa0 0xa0 0xa0 0xec 0x2 0xef 0x2 0xeb 0x2 0xf0 0x2 0xee 0x2 0xf4 0x2 0xee 0x2 0xf4 0x2 0x32 0x0 0x3 0x7d 0x86 0x86 0x83 0x4d 0x80 0x4f 0x80 0xa6 0x82 0xeb 0x7b 0x6a 0x74 0x1a 0x0 0xd7 0x22 0x48 0xff 0x29 0xe8 0x19 0xed 0x0 0x0 0x0 0x0 0x0 0xc 0x0 0x80 0x0 0xa4 0xa4 0x0 0x4 0xac 0x5 0x0 0x0
1787980593667,0x1 0x8a 0xd 0x4b 0xa8 0x81 0x83 0xd 0x0 0x0 0xd 0x21 0x30 0x0 0x73 0x12 0xc7 0x12 0x73 0x0 0x9a 0x2 0x9b 0x2 0x0 0x28 0x65 0x1 0x0 0x4b 0x0 0x15 0x0 0x58 0x0 0x57 0x0 0xa0 0xa0 0xa0 0xa0 0xa0 0xa0 0x0 0x3 0xf7 0x2 0xf0 0x2 0xf9 0x2 0xef 0x2 0xfa 0x2 0x0 0x3 0xf9 0x2 0x32 0x0 0x3 0x84 0x87 0x85 0x83 0x4d 0x80 0x4f 0x80 0xa6 0x82 0xeb 0x7b 0x6a 0x74 0x1a 0x0 0xd9 0x22 0x4a 0xff 0x29 0xe8 0x19 0xed 0x0 0x0 0x0 0x0 0x0 0xc 0x0 0x80 0x0 0xa4 0xa4 0x0 0x4 0xb9 0x5 0x0 0x0
1787980593889,0x1 0x88 0xd 0x4b 0xa8 0x81 0x83 0xd 0x0 0x0 0xd 0x21 0x31 0x0 0xce 0x12 0xe4 0x12 0x73 0x0 0x9b 0x2 0x9b 0x2 0x0 0x28 0x65 0x1 0x0 0x22 0x0 0x16 0x0 0x58 0x0 0x5a 0x0 0xa1 0xa1 0xa1 0xa1 0xa1 0xa1 0x6 0x3 0xfe 0x2 0x6 0x3 0xff 0x2 0x6 0x3 0xfe 0x2 0x6 0x3 0xfe 0x2 0x32 0x0 0x3 0x85 0x88 0x85 0x83 0x4d 0x80 0x4f 0x80 0xa6 0x82 0xeb 0x7b 0x6a 0x74 0x1a 0x1a 0xdd 0x22 0x4e 0xff 0x29 0xe8 0x19 0xed 0x0 0x0 0x0 0x0 0x0 0xc 0x0 0x80 0x0 0xa4 0xa4 0x0 0x4 0xdd 0x5 0x0 0x0
1787980594115,0x1 0x8a 0xd 0x4b 0xa8 0x81 0x83 0xd 0x0 0x0 0xd 0x21 0x32 0x0 0xc 0x13 0xb7 0x12 0x73 0x0 0xa0 0x2 0x9b 0x2 0x0 0x28 0x65 0x1 0x0 0x15 0x0 0x1b 0x0 0x57 0x0 0x58 0x0 0xa2 0xa2 0xa2 0xa2 0xa2 0xa2 0x1 0x3 0xf9 0x2 0x0 0x3 0xfc 0x2 0x3 0x3 0xfa 0x2 0x3 0x3 0xfc 0x2 0x32 0x0 0x3 0x87 0x89 0x85 0x83 0x4d 0x80 0x4f 0x80 0xa6 0x82 0xeb 0x7b 0x6a 0x74 0x1a 0x1a 0xdb 0x22 0x4c 0xff 0x29 0xe8 0x19 0xed 0x0 0x0 0x0 0x0 0x0 0xc 0x0 0x80 0x0 0xa4 0xa4 0x0 0x4 0xb9 0x5 0x0 0x0
1787980594339,0x1 0x8b 0xd 0x4b 0xa8 0x81 0x83 0x19 0xc 0x0 0xd 0x3c 0x5b 0x0 0x9d 0x22 0x5b 0x16 0x73 0x0 0xa1 0x2 0x9b 0x2 0x0 0x28 0x65 0x1 0x0 0x14 0x0 0x68 0x0 0x57 0x0 0x58 0x0 0xa3 0xa3 0xa3 0xa3 0xa3 0xa3 0x4 0x3 0xff 0x2 0x2 0x3 0xb4 0x3 0x4c 0x4 0x88 0x4 0x92 0x4 0x88 0x4 0x31 0x0 0x3 0x88 0x8b 0x85 0x83 0x4d 0x80 0x4f 0x80 0xa6 0x82 0xeb 0x7b 0x6a 0x74 0x1a 0x1a 0x10 0x1e 0x0 0x0 0x29 0xe8 0x9a 0xec 0x0 0x0 0x0 0x0 0x13 0xc 0x0 0x80 0x0 0xa4 0xa4 0x0 0x8 0xac 0x5 0x0 0x0
1787980594563,0x1 0x8b 0xd 0x4b 0xa8 0x81 0x83 0x25 0x18 0x0 0xd 0x62 0xd2 0x0 0x3b 0x3d 0x9c 0x30 0x73 0x0 0x6e 0x3 0x9b 0x2 0x0 0x28 0x65 0x1 0x0 0x14 0x0 0x98 0x0 0x58 0x0 0x58 0x0 0xa3 0xa3 0xa3 0xa3 0xa3 0xa3 0x29 0x8 0x3e 0x8 0xf9 0x5 0x7e 0x6 0x21 0x7 0x92 0x7 0x65 0x8 0x3e 0x8 0x2e 0x0 0x3 0x8a 0x8b 0x85 0x83 0x4d 0x80 0x4f 0x80 0xa6 0x82 0xeb 0x7b 0x6a 0x74 0x1a 0x1a 0x10 0x1e 0x0 0x0 0x29 0xe8 0x9a 0xec 0x0 0x0 0x0 0x0 0x27 0x43 0x0 0x80 0x0 0xa4 0xa4 0x0 0x8 0xac 0x5 0x0 0x0
1787980594801,0x1 0x89 0xd 0x4b 0xa8 0x81 0x83 0x26 0x19 0x0 0xd 0x63 0xde 0x0 0x86 0x27 0x23 0x2a 0x73 0x0 0x9e 0x5 0x9b 0x2 0x0 0x28 0x65 0x1 0x0 0x9e 0x0 0xb1 0x0 0x56 0x0 0x5a 0x0 0x85 0x8d 0x85 0x85 0x85 0x85 0x38 0x7 0xac 0x6 0xf0 0x6 0x6f 0x6 0x94 0x7 0x31 0x7 0xd5 0x6 0x6f 0x6 0x22 0x0 0x3 0x8d 0x83 0x85 0x83 0x4d 0x80 0x4f 0x80 0xa6 0x82 0xeb 0x7b 0x6a 0x74 0x1a 0x1a 0x10 0x37 0x0 0x0 0x29 0xe8 0x9a 0xec 0x0 0x0 0x0 0x0 0x37 0xdf 0x0 0x80 0x0 0xa4 0xa4 0x0 0x8 0xcb 0x5 0x0 0x0
1787980595025,0x1 0x8b 0xd 0x4b 0xa8 0x81 0x83 0x27 0x1a 0x0 0xd 0x66 0xe6 0x0 0xb0 0x26 0x12 0x26 0x73 0x4 0xf2 0x5 0x9b 0x2 0x0 0x28 0x65 0x1 0x0 0xaa 0x0 0x9d 0x0 0x58 0x0 0x58 0x0 0x74 0x74 0x74 0x74 0x74 0x74 0xd8 0x5 0x9c 0x5 0xd1 0x5 0x9c 0x5 0xde 0x5 0x9d 0x5 0xd6 0x5 0x9c 0x5 0x22 0x0 0x3 0x83 0x7f 0x85 0x83 0x4d 0x80 0x4f 0x80 0xa6 0x82 0xeb 0x7b 0x6a 0x74 0x1a 0x1a 0x10 0x39 0x0 0x0 0x29 0xe8 0x9a 0xec 0x0 0x0 0x0 0x0 0x57 0xd0 0x0 0x80 0x0 0xa4 0xa4 0x0 0x8 0xac 0x5 0x0 0x0
1787980595251,0x1 0x8b 0xd 0x4b 0xa8 0x81 0x83 0x33 0x26 0x0 0xd 0x7e 0x5a 0x1 0x68 0x39 0xd2 0x2e 0x73 0x5 0x7 0x6 0x9b 0x2 0x0 0x28 0x65 0x1 0x0 0x1e 0x0 0x16 0x0 0x58 0x0 0x58 0x0 0x79 0x79 0x79 0x79 0x79 0x79 0x64 0x7 0x45 0x7 0xbd 0x7 0xb0 0x7 0x23 0x6 0x75 0x6 0xeb 0x7 0xb0 0x7 0x23 0x0 0x3 0x89 0x87 0x87 0x84 0x4d 0x80 0x4f 0x80 0xa6 0x82 0xeb 0x7b 0x67 0x70 0x1a 0x1a 0x10 0x3a 0x0 0x0 0x29 0xe8 0x9a 0xec 0x0 0x0 0x0 0x0 0x7c 0xfe 0x0 0x80 0x0 0xa4 0xa4 0x0 0x8 0xac 0x5 0x0 0x0
1787980595475,0x1 0x8b 0xd 0x4b 0xa8 0x81 0x83 0x35 0x29 0x0 0xd 0x81 0x79 0x1 0xf1 0x34 0x32 0x37 0x73 0x8 0x1f 0x7 0x9b 0x2 0x0 0x28 0x65 0x1 0x0 0xc 0x0 0xb 0x0 0x56 0x0 0x58 0x0 0x7c 0x7c 0x7c 0x7c 0x7c 0x7c 0x3d 0x8 0xea 0x7 0x16 0x8 0xc2 0x7 0x65 0x8 0x10 0x8 0x0 0x8 0xc2 0x7 0x21 0x0 0x3 0x8e 0x8d 0x87 0x84 0x4d 0x80 0x4f 0x80 0xa6 0x82 0xeb 0x7b 0x67 0x70 0x1a 0x1a 0x10 0x4a 0x0 0x0 0x29 0xe8 0x9a 0xec 0x0 0x0 0x0 0x0 0x8b 0xfe 0x0 0x80 0x0 0xa4 0xa4 0x0 0x8 0xac 0x5 0x0 0x0
1787980595699,0x1 0x8a 0xd 0x4b 0xa8 0x82 0x82 0x35 0x29 0x0 0xd 0x84 0x8e 0x1 0x9a 0x34 0xb7 0x34 0x73 0xb 0x91 0x7 0x9b 0x2 0x0 0x28 0x65 0x1 0x0 0x9 0x0 0x9 0x0 0x57 0x0 0x57 0x0 0x79 0x79 0x79 0x79 0x79 0x79 0xb7 0x7 0x7f 0x7 0xb7 0x7 0x7b 0x7 0xb4 0x7 0x7d 0x7 0xb7 0x7 0x7f 0x7 0x1e 0x0 0x3 0x94 0x92 0x87 0x84 0x4d 0x80 0x4f 0x80 0xa6 0x82 0xeb 0x7b 0x67 0x70 0x1a 0x1a 0x10 0x5b 0x0 0x0 0x29 0xe8 0x9a 0xec 0x0 0x0 0x0 0x0 0xa3 0xfe 0x0 0x80 0x0 0xa4 0xa4 0x0 0x8 0xb9 0x5 0x0 0x0
1787980595923,0x1 0x8b 0xd 0x4b 0xa8 0x82 0x82 0x36 0x29 0x0 0xd 0x86 0x9e 0x1 0x5d 0x34 0x9a 0x34 0x73 0xe 0xe8 0x7 0x9b 0x2 0x0 0x28 0x65 0x1 0x0 0x9 0x0 0x9 0x0 0x58 0x0 0x58 0x0 0x78 0x78 0x78 0x78 0x78 0x78 0xce 0x7 0x96 0x7 0xcd 0x7 0x92 0x7 0xcb 0x7 0x91 0x7 0xc9 0x7 0x91 0x7 0x1e 0x0 0x3 0x9a 0x98 0x87 0x84 0x4d 0x80 0x4f 0x80 0xa6 0x82 0xeb 0x7b 0x67 0x70 0x1a 0x1a 0x10 0x63 0x0 0x0 0x29 0xe8 0x9a 0xec 0x0 0x0 0x0 0x0 0xba 0xfe 0x0 0x80 0x0 0xa4 0xa4 0x0 0x8 0xac 0x5 0x0 0x0
1787980596147,0x1 0x8b 0xd 0x4b 0xa8 0x82 0x82 0x36 0x29 0x0 0xd 0x88 0xb2 0x1 0x6f 0x34 0xab 0x34 0x73 0x10 0x47 0x8 0x9b 0x2 0x0 0x28 0x65 0x1 0x0 0xb 0x0 0xa 0x0 0x57 0x0 0x58 0x0 0x78 0x78 0x78 0x78 0x78 0x78 0xea 0x7 0xb1 0x7 0xec 0x7 0xb6 0x7 0xed 0x7 0xad 0x7 0xed 0x7 0xb4 0x7 0x1e 0x0 0x3 0xa0 0x9e 0x87 0x84 0x4d 0x80 0x4f 0x80 0xa6 0x82 0xeb 0x7b 0x64 0x6e 0x1a 0x1a 0x10 0x74 0x0 0x0 0x29 0xe8 0x9a 0xec 0x0 0x0 0x0 0x0 0xca 0xfe 0x0 0x80 0x0 0xa4 0xa4 0x0 0x8 0xac 0x5 0x0 0x0
1787980596371,0x1 0x8b 0xd 0x4b 0xa8 0x82 0x82 0x36 0x29 0x0 0xd 0x8b 0xbe 0x1 0xed 0x32 0xcf 0x33 0x73 0x12 0xc2 0x8 0x9b 0x2 0x0 0x28 0x65 0x1 0x0 0x11 0x0 0xd 0x0 0x56 0x0 0x58 0x0 0x76 0x76 0x76 0x76 0x76 0x76 0xfb 0x7 0xc1 0x7 0xf6 0x7 0xbf 0x7 0xf5 0x7 0xb8 0x7 0xef 0x7 0xb8 0x7 0x1e 0x0 0x3 0xa6 0xa4 0x87 0x84 0x4d 0x80 0x4f 0x80 0xa6 0x82 0xeb 0x7b 0x64 0x6e 0x1a 0x1a 0x10 0x85 0x0 0x0 0x29 0xe8 0x9a 0xec 0x0 0x0 0x0 0x0 0xd6 0xfe 0x0 0x80 0x0 0xa4 0xa4 0x0 0x8 0xac 0x5 0x0 0x0
1787980596593,0x1 0x89 0xd 0x4b 0xa8 0x82 0x82 0x36 0x29 0x0 0xd 0x8c 0xd9 0x1 0xf7 0x32 0x69 0x33 0x73 0x14 0x48 0x9 0x9b 0x2 0x0 0x28 0x65 0x3 0x0 0x94 0x0 0x3b 0x0 0x57 0x0 0x5a 0x0 0x73 0x73 0x73 0x73 0x73 0x73 0x5 0x8 0xd2 0x7 0x6 0x8 0xd0 0x7 0x8 0x8 0xd2 0x7 0x5 0x8 0xcf 0x7 0x1d 0x0 0x3 0xac 0xab 0x87 0x84 0x4d 0x80 0x4f 0x80 0xa6 0x82 0xeb 0x7b 0x64 0x6e 0x1a 0x1a 0x10 0x8a 0x0 0x0 0x29 0xe8 0x9a 0xec 0x0 0x0 0x0 0x0 0xdf 0xfe 0x0 0x80 0x0 0xa4 0xa4 0x0 0x8 0xcb 0x5 0x0 0x0
1787980596819,0x1 0x8a 0xd 0x4b 0xa8 0x83 0x82 0x35 0x29 0x0 0xd 0x8e 0xe3 0x1 0x61 0x31 0x68 0x31 0x73 0x16 0xc8 0x9 0x9b 0x2 0x0 0x28 0x65 0x3 0x0 0xa9 0x0 0xa8 0x0 0x58 0x0 0x57 0x0 0x6e 0x6e 0x6e 0x6e 0x6e 0x6e 0x61 0x7 0x8a 0x7 0x60 0x7 0x8a 0x7 0x6d 0x7 0x8b 0x7 0x5e 0x7 0x8a 0x7 0x19 0x0 0x3 0x9e 0xac 0x96 0x84 0x4d 0x80 0x4f 0x80 0xa6 0x82 0xeb 0x7b 0x64 0x6e 0x1a 0x1a 0x10 0x8f 0x0 0x0 0x29 0xe8 0x9a 0xec 0x0 0x0 0x0 0x0 0xe5 0xfe 0x0 0x80 0x0 0xa4 0xa4 0x0 0x8 0xb9 0x5 0x0 0x0
1787980597040,0x1 0x8b 0xd 0x4b 0xa8 0x83 0x82 0x36 0x29 0x0 0xd 0x91 0x1 0x2 0x97 0x32 0xd2 0x31 0x73 0x17 0x24 0xa 0x9b 0x2 0x0 0x28 0x65 0x3 0x0 0x9f 0x0 0xb0 0x0 0x58 0x0 0x57 0x0 0x6c 0x6c 0x6c 0x6c 0x6c 0x6c 0x32 0x7 0x59 0x7 0x36 0x7 0x60 0x7 0x31 0x7 0x5a 0x7 0x3a 0x7 0x60 0x7 0x18 0x0 0x3 0x97 0xa4 0x96 0x95 0x4d 0x80 0x4f 0x80 0xa6 0x82 0xeb 0x7b 0x60 0x67 0x1a 0x1a 0x10 0x93 0x0 0x0 0x29 0xe8 0x9a 0xec 0x0 0x0 0x0 0x0 0xe7 0xfe 0x0 0x80 0x0 0xa4 0xa4 0x0 0x8 0xac 0x5 0x0 0x0
1787980597265,0x1 0x8b 0xd 0x4b 0xa8 0x84 0x81 0x38 0x2b 0x0 0xd 0x95 0x27 0x2 0x56 0x36 0x22 0x35 0x73 0x19 0x24 0xa 0x9b 0x2 0x0 0x28 0x65 0x3 0x0 0xa5 0x0 0xae 0x0 0x57 0x0 0x58 0x0 0x6e 0x6e 0x6e 0x6e 0x6e 0x6e 0x76 0x7 0xa3 0x7 0x6a 0x7 0x96 0x7 0x70 0x7 0x99 0x7 0x7b 0x7 0xa3 0x7 0x19 0x0 0x3 0x90 0x9d 0x96 0x95 0x4d 0x80 0x4f 0x80 0xa6 0x82 0xeb 0x7b 0x60 0x67 0x1a 0x1a 0x10 0x95 0x0 0x0 0x29 0xe8 0x9a 0xec 0x0 0x0 0x0 0x0 0xe4 0xfe 0x0 0x80 0x0 0xa4 0xa4 0x0 0x8 0xac 0x5 0x0 0x0
1787980597490,0x1 0x89 0xd 0x4b 0xa8 0x84 0x81 0x39 0x2c 0x0 0xd 0x95 0x18 0x2 0xa1 0x39 0x86 0x38 0x73 0x1a 0x4d 0x9 0x9b 0x2 0x0 0x28 0x65 0x3 0x0 0x44 0x0 0xa2 0x0 0x57 0x0 0x5a 0x0 0x76 0x76 0x76 0x76 0x76 0x76 0xbb 0x7 0xd8 0x7 0xae 0x7 0xda 0x7 0xb1 0x7 0xe0 0x7 0xbb 0x7 0xe6 0x7 0x1c 0x0 0x3 0x89 0x95 0x96 0x95 0x4d 0x80 0x4f 0x80 0xa6 0x82 0xeb 0x7b 0x60 0x67 0x1a 0x1a 0x10 0x8b 0x0 0x0 0x29 0xe8 0x9a 0xec 0x0 0x0 0x0 0x0 0xd5 0xfe 0x0 0x80 0x0 0xa4 0xa4 0x0 0x8 0xcb 0x5 0x0 0x0
1787980597714,0x1 0x8a 0xd 0x4b 0xa8 0x84 0x81 0x39 0x2c 0x0 0xd 0x90 0xfd 0x1 0x9c 0x3b 0x1c 0x3b 0x73 0x1c 0x8a 0x8 0x9b 0x2 0x0 0x28 0x65 0x3 0x0 0x13 0x0 0x87 0x0 0x58 0x0 0x58 0x0 0x7b 0x7b 0x7b 0x7b 0x7b 0x7b 0x73 0x8 0xf 0x8 0x61 0x8 0xb 0x8 0x6a 0x8 0xf 0x8 0x79 0x8 0xf 0x8 0x22 0x0 0x3 0x96 0x8e 0x9a 0x95 0x4d 0x80 0x4f 0x80 0xa6 0x82 0xeb 0x7b 0x60 0x67 0x1a 0x1a 0x50 0x7e 0x0 0x0 0x29 0xe8 0x9a 0xec 0x0 0x0 0x0 0x0 0xba 0xfe 0x0 0x80 0x0 0xa4 0xa4 0x0 0x8 0xb9 0x5 0x0 0x0
1787980597938,0x1 0x8b 0xd 0x4b 0xa8 0x84 0x81 0x39 0x2c 0x0 0xd 0x90 0xf1 0x1 0xc5 0x3a 0x3e 0x3b 0x73 0x1d 0x75 0x8 0x9b 0x2 0x0 0x28 0x65 0x3 0x0 0x66 0x0 0x19 0x0 0x57 0x0 0x58 0x0 0x84 0x7b 0x7b 0x7b 0x7b 0x7b 0xaf 0x8 0x5e 0x8 0xa8 0x8 0x5b 0x8 0xaf 0x8 0x5f 0x8 0xae 0x8 0x5e 0x8 0x23 0x0 0x3 0x9d 0x99 0x9a 0x9d 0x4d 0x80 0x4f 0x80 0xa6 0x82 0xeb 0x7b 0x60 0x67 0x1a 0x1a 0x10 0x78 0x0 0x0 0x29 0xe8 0x9a 0xec 0x0 0x0 0x0 0x0 0xbc 0xfe 0x0 0x80 0x0 0xa4 0xa4 0x0 0x8 0xac 0x5 0x0 0x0
1787980598161,0x1 0x8b 0xd 0x4b 0xa8 0x85 0x80 0x39 0x2c 0x0 0xd 0x91 0xfb 0x1 0xeb 0x3a 0x8f 0x3a 0x73 0x1f 0x9b 0x8 0x9b 0x2 0x0 0x28 0x65 0x1 0x0 0x98 0x0 0x1e 0x0 0x57 0x0 0x58 0x0 0x84 0x7b 0x7b 0x7b 0x7b 0x84 0x45 0x8 0x73 0x8 0x43 0x8 0x70 0x8 0x4c 0x8 0x6f 0x8 0x43 0x8 0x78 0x8 0x22 0x0 0x3 0x91 0xa0 0x93 0x9d 0x4d 0x80 0x4f 0x80 0xa6 0x82 0xeb 0x7b 0x60 0x67 0x1a 0x1a 0x10 0x7d 0x0 0x0 0x29 0xe8 0x9a 0xec 0x0 0x0 0x0 0x0 0xc2 0xfe 0x0 0x80 0x0 0xa4 0xa4 0x0 0x8 0xac 0x5 0x0 0x0
1787980598386,0x1 0x89 0xd 0x4b 0xa8 0x85 0x80 0x3a 0x2c 0x0 0xd 0x92 0x6 0x2 0x48 0x3b 0x42 0x3b 0x73 0x20 0xbd 0x8 0x9b 0x2 0x0 0x28 0x65 0x1 0x0 0x17 0x0 0x8a 0x0 0x55 0x0 0x5a 0x0 0x83 0x7a 0x7a 0x7a 0x7a 0x83 0x7b 0x8 0xba 0x8 0x80 0x8 0xb7 0x8 0x76 0x8 0xba 0x8 0x80 0x8 0xba 0x8 0x24 0x0 0x3 0x97 0xa5 0x96 0x9d 0x4d 0x80 0x4f 0x80 0xa6 0x82 0xeb 0x7b 0x60 0x67 0x1a 0x1a 0x10 0x81 0x0 0x0 0x29 0xe8 0x9a 0xec 0x0 0x0 0x0 0x0 0xc7 0xfe 0x0 0x80 0x0 0xa4 0xa4 0x0 0x8 0xcb 0x5 0x0 0x0
1787980598608,0x1 0x8a 0xd 0x4b 0xa8 0x85 0x80 0x3a 0x2d 0x0 0xd 0x94 0x15 0x2 0x1 0x3c 0x47 0x3b 0x73 0x22 0xe2 0x8 0x9b 0x2 0x0 0x28 0x65 0x1 0x0 0x20 0x0 0xaa 0x0 0x58 0x0 0x58 0x0 0x83 0x83 0x7a 0x7a 0x83 0x83 0xa5 0x8 0xb2 0x8 0xaa 0x8 0xb2 0x8 0xb4 0x8 0xb4 0x8 0xb4 0x8 0xb8 0x8 0x24 0x0 0x3 0x9e 0xa5 0x96 0x9d 0x4d 0x80 0x4f 0x80 0xa6 0x82 0xeb 0x7b 0x60 0x67 0x1a 0x1a 0x10 0x86 0x0 0x0 0x29 0xe8 0x9a 0xec 0x0 0x0 0x0 0x0 0xcb 0xfe 0x0 0x80 0x0 0xa4 0xa4 0x0 0x8 0xb9 0x5 0x0 0x0
1787980598833,0x1 0x8b 0xd 0x4b 0xa8 0x85 0x80 0x3a 0x2d 0x0 0xd 0x94 0x20 0x2 0x36 0x3c 0x0 0x3c 0x73 0x23 0x9 0x9 0x9b 0x2 0x0 0x28 0x65 0x1 0x0 0xa8 0x0 0xa9 0x0 0x58 0x0 0x58 0x0 0x81 0x82 0x82 0x79 0x82 0x82 0x9d 0x8 0x7f 0x8 0xa2 0x8 0x7c 0x8 0x9f 0x8 0x79 0x8 0x9d 0x8 0x78 0x8 0x22 0x0 0x3 0x98 0x9a 0x98 0x99 0x4d 0x80 0x4f 0x80 0xa6 0x82 0xeb 0x7b 0x60 0x67 0x1a 0x1a 0x10 0x88 0x0 0x0 0x29 0xe8 0x9a 0xec 0x0 0x0 0x0 0x0 0xd1 0xfe 0x0 0x80 0x0 0xa4 0xa4 0x0 0x8 0xac 0x5 0x0 0x0
1787980599056,0x1 0x8b 0xd 0x4b 0xa8 0x85 0x80 0x3b 0x2e 0x0 0xd 0x96 0x21 0x2 0x93 0x3b 0xbe 0x3b 0x73 0x24 0x26 0x9 0x9b 0x2 0x0 0x28 0x65 0x1 0x0 0x9f 0x0 0x99 0x0 0x57 0x0 0x57 0x0 0x78 0x79 0x79 0x78 0x82 0x78 0x64 0x8 0x3a 0x8 0x6e 0x8 0x44 0x8 0x68 0x8 0x3d 0x8 0x60 0x8 0x3a 0x8 0x20 0x0 0x3 0x91 0x93 0x98 0x99 0x4d 0x80 0x4f 0x80 0xa6 0x82 0xeb 0x7b 0x5d 0x64 0x1a 0x1a 0x10 0x89 0x0 0x0 0x29 0xe8 0x9a 0xec 0x0 0x0 0x0 0x0 0xd5 0xfe 0x0 0x80 0x0 0xa4 0xa4 0x0 0x8 0xac 0x5 0x0 0x0
1787980599282,0x1 0x89 0xd 0x4b 0xa8 0x85 0x80 0x3a 0x2e 0x0 0xd 0x96 0x28 0x2 0x14 0x3b 0x22 0x3b 0x73 0x25 0x58 0x9 0x9b 0x2 0x0 0x28 0x65 0x1 0x0 0x94 0x0 0x76 0x0 0x55 0x0 0x5b 0x0 0x77 0x78 0x81 0x77 0x81 0x77 0x1f 0x8 0xf8 0x7 0x17 0x8 0xf1 0x7 0x11 0x8 0xea 0x7 0xe 0x8 0xea 0x7 0x1e 0x0 0x3 0x89 0x8b 0x98 0x99 0x4d 0x80 0x4f 0x80 0xa6 0x82 0xeb 0x7b 0x5d 0x64 0x1a 0x1a 0x10 0x8b 0x0 0x0 0x29 0xe8 0x9a 0xec 0x0 0x0 0x0 0x0 0xd8 0xfe 0x0 0x80 0x0 0xa4 0xa4 0x0 0x8 0xcb 0x5 0x0 0x0
1787980599506,0x1 0x8b 0xd 0x4b 0xa8 0x85 0x80 0x33 0x26 0x0 0xd 0x8c 0xc4 0x1 0x60 0x30 0xb8 0x31 0x73 0x26 0x58 0x9 0x9b 0x2 0x0 0x28 0x65 0x1 0x0 0x97 0x0 0xa2 0x0 0x58 0x0 0x58 0x0 0x71 0x71 0x73 0x71 0x72 0x71 0xab 0x6 0xf3 0x6 0xd9 0x6 0x16 0x7 0xc0 0x6 0x3 0x7 0xa3 0x6 0xf3 0x6 0x1a 0x0 0x3 0x82 0x96 0x98 0x98 0x4d 0x80 0x4f 0x80 0xa6 0x82 0xeb 0x7b 0x5d 0x64 0x1a 0x1a 0x10 0x8a 0x0 0x0 0x29 0xe8 0x9a 0xec 0x0 0x0 0x0 0x0 0xdd 0xfe 0x0 0x80 0x0 0xa4 0xa4 0x0 0x8 0xac 0x5 0x0 0x0
1787980599728,0x1 0x8b 0xd 0x4c 0xa7 0x86 0x7f 0x33 0x26 0x0 0xd 0x8b 0xc7 0x1 0xa2 0x30 0x19 0x31 0x73 0x27 0x5b 0x9 0x9c 0x2 0x0 0x28 0x65 0x3 0x0 0x1c 0x0 0xac 0x0 0x57 0x0 0x58 0x0 0x71 0x71 0x73 0x71 0x72 0x71 0xaa 0x6 0xe2 0x6 0xad 0x6 0xe7 0x6 0xb0 0x6 0xdf 0x6 0xb0 0x6 0xe3 0x6 0x1a 0x0 0x3 0x87 0x96 0x90 0x98 0x4d 0x80 0x4f 0x80 0xa6 0x82 0xeb 0x7b 0x5d 0x64 0x1a 0x1a 0x10 0x8a 0x0 0x0 0x29 0xe8 0x9a 0xec 0x0 0x0 0x0 0x0 0xe3 0xfe 0x0 0x80 0x0 0xa4 0xa4 0x0 0x8 0xac 0x5 0x0 0x0
1787980599954,0x1 0x8b 0xd 0x4c 0xa7 0x86 0x7f 0x32 0x26 0x0 0xd 0x8b 0xd0 0x1 0x44 0x30 0x3d 0x30 0x73 0x28 0x9d 0x9 0x9c 0x2 0x0 0x28 0x65 0x3 0x0 0x15 0x0 0xa8 0x0 0x57 0x0 0x58 0x0 0x6f 0x6f 0x70 0x6f 0x70 0x6f 0xbb 0x6 0x89 0x6 0xc5 0x6 0x95 0x6 0xbc 0x6 0x8b 0x6 0xbe 0x6 0x89 0x6 0x1a 0x0 0x3 0x8e 0x8b 0x90 0x90 0x4d 0x80 0x4f 0x80 0xa6 0x82 0xeb 0x7b 0x5d 0x64 0x1a 0x1a 0x84 0x8c 0x0 0x0 0x29 0xe8 0x9a 0xec 0x0 0x0 0x0 0x0 0xe6 0xfe 0x0 0x80 0x0 0xa4 0xa4 0x0 0x8 0xac 0x5 0x0 0x0
1787980600177,0x1 0x8b 0xd 0x4c 0xa7 0x87 0x7f 0x32 0x25 0x0 0xd 0x8b 0xcc 0x1 0x60 0x31 0x2 0x31 0x73 0x29 0x51 0x9 0x9c 0x2 0x0 0x28 0x65 0x3 0x0 0x9b 0x0 0x96 0x0 0x57 0x0 0x58 0x0 0x71 0x71 0x72 0x71 0x72 0x71 0xf2 0x6 0x7a 0x6 0xc7 0x6 0x76 0x6 0xc8 0x6 0x77 0x6 0xc8 0x6 0x79 0x6 0x1a 0x0 0x3 0x8b 0x85 0x88 0x90 0x4d 0x80 0x4f 0x80 0xa6 0x82 0xeb 0x7b 0x5b 0x62 0x1a 0x1a 0x84 0x89 0x0 0x0 0x29 0xe8 0x9a 0xec 0x0 0x0 0x0 0x0 0xe1 0xfe 0x0 0x80 0x0 0xa4 0xa4 0x0 0x8 0xac 0x5 0x0 0x0
1787980600402,0x1 0x8a 0xd 0x4c 0xa7 0x87 0x7f 0x32 0x25 0x0 0xd 0x89 0xbd 0x1 0xa9 0x35 0x1 0x35 0x73 0x2a 0x4b 0x8 0x9c 0x2 0x0 0x28 0x65 0x3 0x0 0x92 0x0 0x1d 0x0 0x57 0x0 0x58 0x0 0x78 0x78 0x78 0x78 0x78 0x78 0x27 0x7 0x0 0x7 0x1c 0x7 0x12 0x7 0x28 0x7 0x1a 0x7 0x27 0x7 0x21 0x7 0x1a 0x0 0x3 0x84 0x8a 0x88 0x8b 0x4d 0x80 0x4f 0x80 0xa6 0x82 0xeb 0x7b 0x5b 0x62 0x1a 0x1a 0x4 0x7f 0x0 0x0 0x29 0xe8 0x9a 0xec 0x0 0x0 0x0 0x0 0xcd 0xfe 0x0 0x80 0x0 0xa4 0xa4 0x0 0x8 0xb9 0x5 0x0 0x0
1787980600625,0x1 0x8b 0xd 0x4c 0xa7 0x87 0x7f 0x32 0x25 0x0 0xd 0x86 0xa9 0x1 0x9f 0x35 0x1c 0x36 0x73 0x2a 0xed 0x7 0x9c 0x2 0x0 0x28 0x65 0x3 0x0 0x8e 0x0 0x27 0x0 0x57 0x0 0x58 0x0 0x79 0x79 0x79 0x79 0x79 0x82 0x36 0x7 0x73 0x7 0x2c 0x7 0x6e 0x7 0x23 0x7 0x73 0x7 0x23 0x7 0x6c 0x7 0x1b 0x0 0x3 0x7e 0x90 0x88 0x8b 0x4d 0x80 0x4f 0x80 0xa6 0x82 0xeb 0x7b 0x5b 0x62 0x1a 0x1a 0xc4 0x6e 0x0 0x0 0x29 0xe8 0x9a 0xec 0x0 0x0 0x0 0x0 0xbc 0xfe 0x0 0x80 0x0 0xa4 0xa4 0x0 0x8 0xac 0x5 0x0 0x0
1787980600865,0x1 0x8b 0xd 0x4c 0xa7 0x87 0x7f 0x31 0x24 0x0 0xd 0x87 0x9c 0x1 0x2a 0x34 0xea 0x34 0x73 0x2b 0xe6 0x7 0x9c 0x2 0x0 0x28 0x65 0x1 0x0 0x10 0x0 0xa4 0x0 0x57 0x0 0x58 0x0 0x78 0x78 0x78 0x78 0x78 0x81 0x46 0x7 0x63 0x7 0x43 0x7 0x5e 0x7 0x3e 0x7 0x68 0x7 0x3e 0x7 0x56 0x7 0x1b 0x0 0x3 0x89 0x93 0x88 0x8b 0x4d 0x80 0x4f 0x80 0xa6 0x82 0xeb 0x7b 0x5b 0x62 0x1a 0x1a 0x84 0x67 0x0 0x0 0x29 0xe8 0x9a 0xec 0x0 0x0 0x0 0x0 0xc0 0xfe 0x0 0x80 0x0 0xa4 0xa4 0x0 0x8 0xac 0x5 0x0 0x0
1787980601089,0x1 0x89 0xd 0x4c 0xa7 0x87 0x7f 0x26 0x19 0x0 0xd 0x71 0x22 0x1 0x62 0x25 0xe1 0x2a 0x73 0x2c 0xc2 0x7 0x9c 0x2 0x0 0x28 0x65 0x1 0x0 0x19 0x0 0xae 0x0 0x55 0x0 0x5b 0x0 0x74 0x74 0x74 0x74 0x74 0x7d 0x49 0x6 0x1f 0x6 0xf5 0x5 0xd5 0x5 0x87 0x6 0x60 0x6 0xe0 0x5 0xd5 0x5 0x1e 0x0 0x3 0x8e 0x93 0x88 0x8b 0x4d 0x80 0x4f 0x80 0xa6 0x82 0xeb 0x7b 0x60 0x67 0x1a 0x1a 0x4 0x65 0x0 0x0 0x29 0xe8 0x9a 0xec 0x0 0x0 0x0 0x0 0xc6 0xfe 0x0 0x80 0x0 0xa4 0xa4 0x0 0x8 0xcb 0x5 0x0 0x0
1787980601312,0x1 0x8a 0xd 0x4c 0xa7 0x87 0x7f 0x24 0x17 0x0 0xd 0x6c 0x2 0x1 0x5f 0x24 0x3e 0x24 0x73 0x2c 0x18 0x7 0x9c 0x2 0x0 0x28 0x65 0x1 0x0 0xac 0x0 0xb0 0x0 0x58 0x0 0x58 0x0 0x6f 0x6f 0x6f 0x6f 0x6f 0x6f 0xc 0x5 0xf2 0x4 0x10 0x5 0xf2 0x4 0xd 0x5 0xee 0x4 0xc 0x5 0xf1 0x4 0x21 0x0 0x3 0x87 0x87 0x86 0x8a 0x4d 0x80 0x4f 0x80 0xa6 0x82 0xeb 0x7b 0x60 0x67 0x1a 0x1a 0xc4 0x58 0x0 0x0 0x29 0xe8 0x9a 0xec 0x0 0x0 0x0 0x0 0xda 0xce 0x0 0x80 0x0 0xa4 0xa4 0x0 0x8 0xb9 0x5 0x0 0x0
1787980601537,0x1 0x8a 0xd 0x4c 0xa7 0x87 0x7f 0x24 0x17 0x0 0xd 0x6c 0xff 0x0 0x16 0x24 0x4a 0x24 0x73 0x2c 0x11 0x7 0x9c 0x2 0x0 0x28 0x65 0x1 0x0 0xa8 0x0 0xaa 0x0 0x57 0x0 0x58 0x0 0x6f 0x6f 0x6f 0x6f 0x6f 0x6f 0x4 0x5 0xea 0x4 0x4 0x5 0xec 0x4 0x6 0x5 0xe9 0x4 0x4 0x5 0xe7 0x4 0x21 0x0 0x3 0x83 0x83 0x86 0x8a 0x4d 0x80 0x4f 0x80 0xa6 0x82 0xeb 0x7b 0x60 0x67 0x1a 0x1a 0x44 0x4e 0x0 0x0 0x29 0xe8 0x9a 0xec 0x0 0x0 0x0 0x0 0xdd 0xcb 0x0 0x80 0x0 0xa4 0xa4 0x0 0x8 0xb9 0x5 0x0 0x0
1787980601761,0x1 0x8b 0xd 0x4c 0xa7 0x88 0x7e 0x24 0x17 0x0 0xd 0x6a 0xf8 0x0 0x1d 0x23 0x6d 0x23 0x73 0x2d 0x10 0x7 0x9c 0x2 0x0 0x28 0x65 0x1 0x0 0x9b 0x0 0xa4 0x0 0x57 0x0 0x58 0x0 0x6e 0x6e 0x6e 0x6e 0x6e 0x6e 0xeb 0x4 0xce 0x4 0xe8 0x4 0xc8 0x4 0xe1 0x4 0xc2 0x4 0xde 0x4 0xc2 0x4 0x21 0x0 0x3 0x7e 0x7f 0x86 0x8a 0x4d 0x80 0x4f 0x80 0xa6 0x82 0xeb 0x7b 0x60 0x67 0x1a 0x1a 0x84 0x4a 0x0 0x0 0x29 0xe8 0x9a 0xec 0x0 0x0 0x0 0x0 0xde 0xb0 0x0 0x80 0x0 0xa4 0xa4 0x0 0x8 0xac 0x5 0x0 0x0
1787980601983,0x1 0x89 0xd 0x4c 0xa7 0x88 0x7e 0x24 0x17 0x0 0xd 0x6b 0xfa 0x0 0x75 0x23 0x67 0x23 0x73 0x2d 0xd 0x7 0x9c 0x2 0x0 0x28 0x65 0x1 0x0 0x90 0x0 0x98 0x0 0x55 0x0 0x58 0x0 0x6e 0x6e 0x6e 0x6e 0x6e 0x6e 0xca 0x4 0xaf 0x4 0xce 0x4 0xb2 0x4 0xcf 0x4 0xb1 0x4 0xca 0x4 0xaf 0x4 0x21 0x0 0x3 0x7a 0x7b 0x86 0x8a 0x4d 0x80 0x4f 0x80 0xa6 0x82 0xeb 0x7b 0x60 0x67 0x1a 0x1a 0x84 0x4a 0x0 0x0 0x29 0xe8 0x9a 0xec 0x0 0x0 0x0 0x0 0xe0 0xb0 0x0 0x80 0x0 0xa4 0xa4 0x0 0x8 0xcb 0x5 0x0 0x0
1787980602209,0x1 0x8a 0xd 0x4c 0xa7 0x88 0x7e 0x24 0x17 0x0 0xd 0x6b 0xff 0x0 0x1b 0x24 0x78 0x23 0x73 0x2d 0x10 0x7 0x9c 0x2 0x0 0x28 0x65 0x1 0x0 0x2d 0x0 0x8d 0x0 0x57 0x0 0x58 0x0 0x6e 0x6e 0x6e 0x6e 0x6e 0x6e 0xe2 0x4 0x9b 0x4 0xe2 0x4 0x9c 0x4 0xe0 0x4 0x9e 0x4 0xe8 0x4 0x9c 0x4 0x21 0x0 0x3 0x81 0x77 0x84 0x8a 0x4d 0x80 0x4f 0x80 0xa6 0x82 0xeb 0x7b 0x60 0x67 0x1a 0x1a 0x84 0x4a 0x0 0x0 0x29 0xe8 0x9a 0xec 0x0 0x0 0x0 0x0 0xe1 0xb0 0x0 0x80 0x0 0xa4 0xa4 0x0 0x8 0xb9 0x5 0x0 0x0
1787980602433,0x1 0x8b 0xd 0x4c 0xa7 0x88 0x7e 0x24 0x17 0x0 0xd 0x6a 0xf9 0x0 0x15 0x23 0x68 0x23 0x73 0x2d 0x19 0x7 0x9c 0x2 0x0 0x28 0x65 0x1 0x0 0x17 0x0 0x26 0x0 0x57 0x0 0x58 0x0 0x6e 0x6e 0x6e 0x6e 0x6e 0x6e 0xfa 0x4 0xb5 0x4 0xf6 0x4 0xb9 0x4 0xf8 0x4 0xba 0x4 0xfa 0x4 0xb9 0x4 0x21 0x0 0x3 0x85 0x7e 0x84 0x84 0x4d 0x80 0x4f 0x80 0xa6 0x82 0xeb 0x7b 0x60 0x67 0x1a 0x1a 0x84 0x4a 0x0 0x0 0x29 0xe8 0x9a 0xec 0x0 0x0 0x0 0x0 0xe1 0xb0 0x0 0x80 0x0 0xa4 0xa4 0x0 0x8 0xac 0x5 0x0 0x0
1787980602655,0x1 0x8b 0xd 0x4c 0xa7 0x88 0x7e 0x25 0x17 0x0 0xd 0x6c 0x3 0x1 0x1d 0x24 0x28 0x24 0x73 0x2e 0x2c 0x7 0x9c 0x2 0x0 0x28 0x65 0x1 0x0 0x28 0x0 0x14 0x0 0x57 0x0 0x57 0x0 0x6f 0x6f 0x6f 0x6f 0x6f 0x6f 0x23 0x5 0xe0 0x4 0x22 0x5 0xdb 0x4 0x21 0x5 0xdf 0x4 0x22 0x5 0xe0 0x4 0x21 0x0 0x3 0x89 0x82 0x84 0x84 0x4d 0x80 0x4f 0x80 0xa6 0x82 0xeb 0x7b 0x60 0x67 0x1a 0x1a 0x84 0x4e 0x0 0x0 0x29 0xe8 0x9a 0xec 0x0 0x0 0x0 0x0 0xe0 0xcc 0x0 0x80 0x0 0xa4 0xa4 0x0 0x8 0xac 0x5 0x0 0x0
1787980602879,0x1 0x89 0xd 0x4c 0xa7 0x88 0x7e 0x25 0x18 0x0 0xd 0x6d 0xc 0x1 0x11 0x25 0xf7 0x24 0x73 0x2e 0x3b 0x7 0x9c 0x2 0x0 0x28 0x65 0x1 0x0 0x95 0x0 0x15 0x0 0x55 0x0 0x58 0x0 0x6f 0x6f 0x6f 0x6f 0x6f 0x6f 0x45 0x5 0x5 0x5 0x46 0x5 0xb 0x5 0x46 0x5 0xc 0x5 0x48 0x5 0xc 0x5 0x20 0x0 0x3 0x8c 0x86 0x84 0x84 0x4d 0x80 0x4f 0x80 0xa6 0x82 0xeb 0x7b 0x60 0x67 0x1a 0x1a 0x84 0x4e 0x0 0x0 0x29 0xe8 0x9a 0xec 0x0 0x0 0x0 0x0 0xe0 0xd2 0x0 0x80 0x0 0xa4 0xa4 0x0 0x8 0xcb 0x5 0x0 0x0
1787980603103,0x1 0x8a 0xd 0x4c 0xa7 0x88 0x7e 0x26 0x19 0x0 0xd 0x6f 0x10 0x1 0x70 0x25 0x65 0x25 0x73 0x2e 0x44 0x7 0x9c 0x2 0x0 0x28 0x65 0x1 0x0 0xa4 0x0 0x5a 0x0 0x57 0x0 0x58 0x0 0x70 0x70 0x70 0x70 0x70 0x70 0x1e 0x5 0x2b 0x5 0x20 0x5 0x21 0x5 0x1d 0x5 0x27 0x5 0x1e 0x5 0x2b 0x5 0x20 0x0 0x3 0x81 0x8a 0x82 0x84 0x4d 0x80 0x4f 0x80 0xa6 0x82 0xeb 0x7b 0x60 0x67 0x1a 0x1a 0x84 0x52 0x0 0x0 0x29 0xe8 0x9a 0xec 0x0 0x0 0x0 0x0 0xdf 0xd2 0x0 0x80 0x0 0xa4 0xa4 0x0 0x8 0xb9 0x5 0x0 0x0
1787980603328,0x1 0x8b 0xd 0x4c 0xa7 0x88 0x7e 0x27 0x19 0x0 0xd 0x73 0x1d 0x1 0xd4 0x26 0xab 0x26 0x73 0x2f 0x57 0x7 0x9c 0x2 0x0 0x28 0x65 0x1 0x0 0x86 0x0 0x98 0x0 0x57 0x0 0x57 0x0 0x71 0x71 0x71 0x71 0x71 0x71 0x2d 0x5 0x53 0x5 0x2c 0x5 0x56 0x5 0x2d 0x5 0x52 0x5 0x2d 0x5 0x57 0x5 0x20 0x0 0x3 0x7c 0x8b 0x82 0x84 0x4d 0x80 0x4f 0x80 0xa6 0x82 0xeb 0x7b 0x60 0x67 0x1a 0x1a 0x84 0x52 0x0 0x0 0x29 0xe8 0x9a 0xec 0x0 0x0 0x0 0x0 0xdf 0xda 0x0 0x80 0x0 0xa4 0xa4 0x0 0x8 0xac 0x5 0x0 0x0
1787980603553,0x1 0x8b 0xd 0x4c 0xa7 0x88 0x7e 0x28 0x1b 0x0 0xd 0x76 0x3a 0x1 0x16 0x2a 0x8 0x29 0x73 0x2f 0x76 0x7 0x9c 0x2 0x0 0x28 0x65 0x1 0x0 0x13 0x0 0x9a 0x0 0x57 0x0 0x58 0x0 0x73 0x73 0x73 0x73 0x73 0x73 0x96 0x5 0x6e 0x5 0xa3 0x5 0x86 0x5 0x8d 0x5 0x8e 0x5 0xa3 0x5 0x74 0x5 0x20 0x0 0x3 0x86 0x84 0x83 0x80 0x4d 0x80 0x4f 0x80 0xa6 0x82 0xeb 0x7b 0x60 0x67 0x1a 0x1a 0x84 0x56 0x0 0x0 0x29 0xe8 0x9a 0xec 0x0 0x0 0x0 0x0 0xdc 0xec 0x0 0x80 0x0 0xa4 0xa4 0x0 0x8 0xac 0x5 0x0 0x0
1787980603777,0x1 0x8b 0xd 0x4c 0xa7 0x88 0x7e 0x2a 0x1d 0x0 0xd 0x79 0x4f 0x1 0x12 0x2c 0xad 0x2b 0x73 0x2f 0x9a 0x7 0x9c 0x2 0x0 0x28 0x65 0x1 0x0 0x15 0x0 0x43 0x0 0x55 0x0 0x58 0x0 0x75 0x75 0x75 0x75 0x75 0x75 0xf4 0x5 0x9e 0x5 0xfe 0x5 0xa6 0x5 0xe 0x6 0xab 0x5 0x12 0x6 0xab 0x5 0x1e 0x0 0x3 0x8b 0x86 0x83 0x80 0x4d 0x80 0x4f 0x80 0xa6 0x82 0xeb 0x7b 0x60 0x67 0x1a 0x1a 0x84 0x5b 0x0 0x0 0x29 0xe8 0x9a 0xec 0x0 0x0 0x0 0x0 0xda 0xfe 0x0 0x80 0x0 0xa4 0xa4 0x0 0x8 0xac 0x5 0x0 0x0
1787980603999,0x1 0x8a 0xd 0x4c 0xa7 0x88 0x7e 0x2c 0x1f 0x0 0xd 0x7d 0x6a 0x1 0xbc 0x2e 0x1f 0x2e 0x73 0x2f 0xbf 0x7 0x9c 0x2 0x0 0x28 0x65 0x1 0x0 0x1b 0x0 0xf 0x0 0x57 0x0 0x58 0x0 0x76 0x76 0x76 0x76 0x76 0x76 0x75 0x6 0x38 0x6 0x7e 0x6 0x40 0x6 0x66 0x6 0x2d 0x6 0x83 0x6 0x40 0x6 0x1d 0x0 0x3 0x90 0x8c 0x83 0x85 0x4d 0x80 0x4f 0x80 0xa6 0x82 0xeb 0x7b 0x60 0x67 0x1a 0x1a 0x84 0x5f 0x0 0x0 0x29 0xe8 0x9a 0xec 0x0 0x0 0x0 0x0 0xd8 0xfe 0x0 0x80 0x0 0xa4 0xa4 0x0 0x8 0xb9 0x5 0x0 0x0
1787980604225,0x1 0x8b 0xd 0x4c 0xa7 0x88 0x7e 0x2c 0x1f 0x0 0xd 0x7e 0x6f 0x1 0x89 0x2e 0xa7 0x2e 0x73 0x30 0xe3 0x7 0x9c 0x2 0x0 0x28 0x65 0x1 0x0 0x80 0x0 0x1c 0x0 0x57 0x0 0x58 0x0 0x75 0x75 0x75 0x75 0x75 0x75 0xb5 0x6 0x73 0x6 0xb3 0x6 0x6a 0x6 0xb3 0x6 0x71 0x6 0xb3 0x6 0x74 0x6 0x1d 0x0 0x3 0x95 0x91 0x83 0x85 0x4d 0x80 0x4f 0x80 0xa6 0x82 0xeb 0x7b 0x5d 0x69 0x1a 0x1a 0x84 0x63 0x0 0x0 0x29 0xe8 0x9a 0xec 0x0 0x0 0x0 0x0 0xd7 0xfe 0x0 0x80 0x0 0xa4 0xa4 0x0 0x8 0xac 0x5 0x0 0x0
1787980604447,0x1 0x8b 0xd 0x4c 0xa7 0x88 0x7e 0x2d 0x1f 0x0 0xd 0x82 0x79 0x1 0xa3 0x2f 0x5c 0x2f 0x73 0x30 0xea 0x7 0x9c 0x2 0x0 0x28 0x65 0x1 0x0 0xa4 0x0 0x95 0x0 0x57 0x0 0x57 0x0 0x76 0x76 0x76 0x76 0x76 0x76 0x88 0x6 0x98 0x6 0x86 0x6 0x9b 0x6 0x87 0x6 0x9e 0x6 0x88 0x6 0xa0 0x6 0x1d 0x0 0x3 0x8a 0x95 0x88 0x85 0x4d 0x80 0x4f 0x80 0xa6 0x82 0xeb 0x7b 0x5d 0x69 0x1a 0x1a 0x84 0x67 0x0 0x0 0x29 0xe8 0x9a 0xec 0x0 0x0 0x0 0x0 0xd7 0xfe 0x0 0x80 0x0 0xa4 0xa4 0x0 0x8 0xac 0x5 0x0 0x0
1787980604671,0x1 0x8b 0xd 0x4c 0xa7 0x88 0x7e 0x2e 0x21 0x0 0xd 0x83 0x8c 0x1 0x24 0x31 0xcd 0x30 0x73 0x31 0xf 0x8 0x9c 0x2 0x0 0x28 0x65 0x1 0x0 0x92 0x0 0xa9 0x0 0x55 0x0 0x58 0x0 0x76 0x76 0x76 0x76 0x76 0x76 0x93 0x6 0xc8 0x6 0x91 0x6 0xcc 0x6 0x96 0x6 0xd3 0x6 0x97 0x6 0xd3 0x6 0x1c 0x0 0x3 0x84 0x95 0x88 0x85 0x4d 0x80 0x4f 0x80 0xa6 0x82 0xeb 0x7b 0x5d 0x69 0x1a 0x1a 0x84 0x6c 0x0 0x0 0x29 0xe8 0x9a 0xec 0x0 0x0 0x0 0x0 0xd6 0xfe 0x0 0x80 0x0 0xa4 0xa4 0x0 0x8 0xac 0x5 0x0 0x0
1787980604895,0x1 0x89 0xd 0x4c 0xa7 0x88 0x7e 0x2e 0x21 0x0 0xd 0x82 0x90 0x1 0x78 0x31 0x54 0x31 0x73 0x31 0x16 0x8 0x9c 0x2 0x0 0x28 0x65 0x1 0x0 0x20 0x0 0xa7 0x0 0x57 0x0 0x58 0x0 0x76 0x76 0x76 0x76 0x76 0x76 0xc6 0x6 0xa1 0x6 0xca 0x6 0x9d 0x6 0xce 0x6 0xa6 0x6 0xce 0x6 0x9c 0x6 0x1c 0x0 0x3 0x8b 0x89 0x8b 0x8a 0x4d 0x80 0x4f 0x80 0xa6 0x82 0xeb 0x7b 0x5d 0x69 0x1a 0x1a 0x84 0x6c 0x0 0x0 0x29 0xe8 0x9a 0xec 0x0 0x0 0x0 0x0 0xd7 0xfe 0x0 0x80 0x0 0xa4 0xa4 0x0 0x8 0xcb 0x5 0x0 0x0
1787980605120,0x1 0x8a 0xd 0x4c 0xa7 0x88 0x7e 0x2e 0x21 0x0 0xd 0x84 0x91 0x1 0x1e 0x31 0x16 0x31 0x73 0x32 0x2a 0x8 0x9c 0x2 0x0 0x28 0x65 0x1 0x0 0x44 0x0 0x94 0x0 0x57 0x0 0x58 0x0 0x76 0x76 0x76 0x76 0x76 0x76 0xe8 0x6 0x72 0x6 0xe8 0x6 0x70 0x6 0xe9 0x6 0x7c 0x6 0xea 0x6 0x70 0x6 0x1c 0x0 0x3 0x90 0x83 0x8b 0x8a 0x4d 0x80 0x4f 0x80 0xa6 0x82 0xeb 0x7b 0x5d 0x69 0x1a 0x1a 0x84 0x70 0x0 0x0 0x29 0xe8 0x9a 0xec 0x0 0x0 0x0 0x0 0xd8 0xfe 0x0 0x80 0x0 0xa4 0xa4 0x0 0x8 0xb9 0x5 0x0 0x0
1787980605344,0x1 0x8b 0xd 0x4c 0xa7 0x88 0x7e 0x2f 0x22 0x0 0xd 0x84 0x93 0x1 0x3 0x31 0x1c 0x31 0x73 0x33 0x39 0x8 0x9c 0x2 0x0 0x28 0x65 0x1 0x0 0xa6 0x0 0x1e 0x0 0x57 0x0 0x58 0x0 0x76 0x76 0x76 0x76 0x76 0x76 0xb9 0x6 0x8d 0x6 0xb7 0x6 0x8f 0x6 0xbe 0x6 0x89 0x6 0xb4 0x6 0x8f 0x6 0x1c 0x0 0x3 0x87 0x88 0x89 0x8a 0x4d 0x80 0x4f 0x80 0xa6 0x82 0xeb 0x7b 0x5d 0x69 0x1a 0x1a 0x84 0x70 0x0 0x0 0x29 0xe8 0x9a 0xec 0x0 0x0 0x0 0x0 0xd9 0xfe 0x0 0x80 0x0 0xa4 0xa4 0x0 0x8 0xac 0x5 0x0 0x0
1787980605568,0x1 0x8b 0xd 0x4c 0xa7 0x88 0x7e 0x2f 0x22 0x0 0xd 0x85 0x9e 0x1 0xc8 0x31 0x8f 0x31 0x73 0x33 0x51 0x8 0x9c 0x2 0x0 0x28 0x65 0x1 0x0 0x99 0x0 0x1a 0x0 0x57 0x0 0x58 0x0 0x76 0x76 0x76 0x76 0x76 0x76 0xa1 0x6 0xc0 0x6 0xa1 0x6 0xb4 0x6 0xa1 0x6 0xb8 0x6 0xa1 0x6 0xc3 0x6 0x1b 0x0 0x3 0x82 0x8e 0x89 0x8a 0x4d 0x80 0x4f 0x80 0xa6 0x82 0xeb 0x7b 0x5d 0x69 0x1a 0x1a 0x84 0x74 0x0 0x0 0x29 0xe8 0x9a 0xec 0x0 0x0 0x0 0x0 0xd8 0xfe 0x0 0x80 0x0 0xa4 0xa4 0x0 0x8 0xac 0x5 0x0 0x0
1787980605792,0x1 0x89 0xd 0x4c 0xa7 0x89 0x7d 0x2f 0x22 0x0 0xd 0x85 0x98 0x1 0xd5 0x30 0x1f 0x31 0x73 0x34 0x5b 0x8 0x9c 0x2 0x0 0x28 0x65 0x3 0x0 0x29 0x0 0x96 0x0 0x57 0x0 0x58 0x0 0x76 0x76 0x76 0x76 0x76 0x76 0x77 0x6 0xd5 0x6 0xa1 0x6 0xcf 0x6 0x7b 0x6 0xd8 0x6 0xa1 0x6 0xcf 0x6 0x1b 0x0 0x3 0x85 0x92 0x87 0x8a 0x4d 0x80 0x4f 0x80 0xa6 0x82 0xeb 0x7b 0x5d 0x69 0x1a 0x1a 0x84 0x74 0x0 0x0 0x29 0xe8 0x9a 0xec 0x0 0x0 0x0 0x0 0xda 0xfe 0x0 0x80 0x0 0xa4 0xa4 0x0 0x8 0xcb 0x5 0x0 0x0
1787980606014,0x1 0x8a 0xd 0x4c 0xa7 0x89 0x7d 0x2f 0x22 0x0 0xd 0x86 0x9e 0x1 0x28 0x31 0x3c 0x31 0x73 0x34 0x6c 0x8 0x9c 0x2 0x0 0x28 0x65 0x3 0x0 0x17 0x0 0xa7 0x0 0x57 0x0 0x58 0x0 0x76 0x76 0x76 0x76 0x76 0x76 0xc6 0x6 0xd6 0x6 0xcb 0x6 0xd4 0x6 0xbe 0x6 0xcf 0x6 0xcc 0x6 0xd4 0x6 0x1b 0x0 0x3 0x8b 0x92 0x87 0x8a 0x4d 0x80 0x4f 0x80 0xa6 0x82 0xeb 0x7b 0x5d 0x69 0x1a 0x1a 0x84 0x78 0x0 0x0 0x29 0xe8 0x9a 0xec 0x0 0x0 0x0 0x0 0xda 0xfe 0x0 0x80 0x0 0xa4 0xa4 0x0 0x8 0xb9 0x5 0x0 0x0
1787980606240,0x1 0x8b 0xd 0x4c 0xa7 0x89 0x7d 0x2f 0x22 0x0 0xd 0x84 0x93 0x1 0xc9 0x2f 0x5d 0x30 0x73 0x35 0x6f 0x8 0x9c 0x2 0x0 0x28 0x65 0x3 0x0 0x86 0x0 0xa6 0x0 0x56 0x0 0x58 0x0 0x76 0x76 0x76 0x76 0x76 0x76 0xd5 0x6 0x76 0x6 0xce 0x6 0x84 0x6 0xd5 0x6 0x7e 0x6 0xce 0x6 0x71 0x6 0x1b 0x0 0x3 0x90 0x87 0x87 0x89 0x4d 0x80 0x4f 0x80 0xa6 0x82 0xeb 0x7b 0x59 0x64 0x1a 0x1a 0x84 0x78 0x0 0x0 0x29 0xe8 0x9a 0xec 0x0 0x0 0x0 0x0 0xda 0xfe 0x0 0x80 0x0 0xa4 0xa4 0x0 0x8 0xac 0x5 0x0 0x0
1787980606463,0x1 0x8b 0xd 0x4c 0xa7 0x89 0x7d 0x2c 0x1f 0x0 0xd 0x80 0x76 0x1 0xa 0x30 0xba 0x2f 0x73 0x35 0xc9 0x7 0x9c 0x2 0x0 0x28 0x65 0x3 0x0 0xaa 0x0 0x95 0x0 0x57 0x0 0x58 0x0 0x76 0x76 0x76 0x76 0x76 0x76 0x6f 0x6 0x38 0x6 0x72 0x6 0x3a 0x6 0x70 0x6 0x36 0x6 0x72 0x6 0x39 0x6 0x1d 0x0 0x3 0x84 0x81 0x86 0x89 0x4d 0x80 0x4f 0x80 0xa6 0x82 0xeb 0x7b 0x59 0x64 0x1a 0x1a 0xc4 0x6d 0x0 0x0 0x29 0xe8 0x9a 0xec 0x0 0x0 0x0 0x0 0xc0 0xfe 0x0 0x80 0x0 0xa4 0xa4 0x0 0x8 0xac 0x5 0x0 0x0
1787980606686,0x1 0x89 0xd 0x4c 0xa7 0x89 0x7d 0x2c 0x1f 0x0 0xd 0x7f 0x6a 0x1 0xc5 0x31 0xad 0x31 0x73 0x35 0x46 0x7 0x9c 0x2 0x0 0x28 0x65 0x1 0x0 0x9b 0x0 0x84 0x0 0x55 0x0 0x58 0x0 0x77 0x77 0x77 0x77 0x77 0x77 0x90 0x6 0x55 0x6 0x91 0x6 0x59 0x6 0x92 0x6 0x56 0x6 0x91 0x6 0x56 0x6 0x1e 0x0 0x3 0x7f 0x7c 0x86 0x89 0x4d 0x80 0x4f 0x80 0xa6 0x82 0xeb 0x7b 0x59 0x64 0x1a 0x1a 0x44 0x63 0x0 0x0 0x29 0xe8 0x9a 0xec 0x0 0x0 0x0 0x0 0xb9 0xfe 0x0 0x80 0x0 0xa4 0xa4 0x0 0x8 0xcb 0x5 0x0 0x0
1787980606910,0x1 0x8a 0xd 0x4c 0xa7 0x89 0x7d 0x2b 0x1e 0x0 0xd 0x7b 0x58 0x1 0x45 0x2f 0x7c 0x30 0x73 0x36 0x47 0x7 0x9c 0x2 0x0 0x28 0x65 0x1 0x0 0x62 0x0 0x18 0x0 0x57 0x0 0x58 0x0 0x77 0x77 0x77 0x77 0x77 0x77 0x58 0x6 0x69 0x6 0x49 0x6 0x6d 0x6 0x5e 0x6 0x6a 0x6 0x49 0x6 0x64 0x6 0x1e 0x0 0x3 0x7a 0x85 0x86 0x86 0x4d 0x80 0x4f 0x80 0xa6 0x82 0xeb 0x7b 0x59 0x64 0x1a 0x1a 0xc4 0x57 0x0 0x0 0x29 0xe8 0x9a 0xec 0x0 0x0 0x0 0x0 0xba 0xfe 0x0 0x80 0x0 0xa4 0xa4 0x0 0x8 0xb9 0x5 0x0 0x0
1787980607135,0x1 0x8b 0xd 0x4c 0xa7 0x89 0x7d 0x24 0x18 0x0 0xd 0x6b 0xff 0x0 0xe8 0x23 0x17 0x28 0x73 0x36 0x1a 0x7 0x9c 0x2 0x0 0x28 0x65 0x1 0x0 0x1a 0x0 0x3d 0x0 0x57 0x0 0x58 0x0 0x74 0x74 0x74 0x74 0x74 0x74 0xc9 0x5 0xb1 0x5 0xaf 0x5 0x8d 0x5 0x89 0x5 0x6b 0x5 0x77 0x5 0x6b 0x5 0x20 0x0 0x3 0x85 0x8a 0x85 0x86 0x4d 0x80 0x4f 0x80 0xa6 0x82 0xeb 0x7b 0x59 0x64 0x1a 0x1a 0xc4 0x4c 0x0 0x0 0x29 0xe8 0x9a 0xec 0x0 0x0 0x0 0x0 0xc0 0xeb 0x0 0x80 0x0 0xa4 0xa4 0x0 0x8 0xac 0x5 0x0 0x0
1787980607359,0x1 0x8b 0xd 0x4c 0xa7 0x89 0x7d 0x21 0x14 0x0 0xd 0x64 0xda 0x0 0x4c 0x21 0xc1 0x21 0x73 0x37 0x8c 0x6 0x9c 0x2 0x0 0x28 0x65 0x1 0x0 0xa7 0x0 0xae 0x0 0x57 0x0 0x58 0x0 0x6f 0x6f 0x6f 0x6f 0x6f 0x6f 0xde 0x4 0xcd 0x4 0xe8 0x4 0xd5 0x4 0xe2 0x4 0xd1 0x4 0xdd 0x4 0xcd 0x4 0x22 0x0 0x3 0x80 0x8a 0x85 0x86 0x4d 0x80 0x4f 0x80 0xa6 0x82 0xeb 0x7b 0x59 0x64 0x1a 0x1a 0xc4 0x44 0x0 0x0 0x29 0xe8 0x9a 0xec 0x0 0x0 0x0 0x0 0xd1 0xa4 0x0 0x80 0x0 0xa4 0xa4 0x0 0x8 0xac 0x5 0x0 0x0
1787980607582,0x1 0x8a 0xd 0x4c 0xa7 0x89 0x7d 0x21 0x14 0x0 0xd 0x62 0xcf 0x0 0x9c 0x20 0xc 0x21 0x73 0x37 0x59 0x6 0x9c 0x2 0x0 0x28 0x65 0x1 0x0 0xaa 0x0 0xb1 0x0 0x55 0x0 0x58 0x0 0x6f 0x6f 0x6f 0x6f 0x6f 0x6f 0xa2 0x4 0x9d 0x4 0xa4 0x4 0xc3 0x4 0xa5 0x4 0x9f 0x4 0x9f 0x4 0x9d 0x4 0x24 0x0 0x3 0x7d 0x83 0x80 0x82 0x4d 0x80 0x4f 0x80 0xa6 0x82 0xeb 0x7b 0x59 0x64 0x1a 0x1a 0xc4 0x3b 0x0 0x0 0x29 0xe8 0x9a 0xec 0x0 0x0 0x0 0x0 0xd8 0x9a 0x0 0x80 0x0 0xa4 0xa4 0x0 0x8 0xb9 0x5 0x0 0x0
1787980607808,0x1 0x8a 0xd 0x4c 0xa7 0x89 0x7d 0x21 0x14 0x0 0xd 0x61 0xd2 0x0 0x20 0x21 0x58 0x21 0x73 0x37 0x57 0x6 0x9c 0x2 0x0 0x28 0x65 0x1 0x0 0x9f 0x0 0xb0 0x0 0x57 0x0 0x58 0x0 0x6f 0x6f 0x6f 0x6f 0x6f 0x6f 0x9f 0x4 0x9b 0x4 0x9c 0x4 0x9c 0x4 0x9f 0x4 0x9d 0x4 0x9d 0x4 0x9b 0x4 0x24 0x0 0x3 0x79 0x7f 0x80 0x82 0x4d 0x80 0x4f 0x80 0xa6 0x82 0xeb 0x7b 0x59 0x64 0x1a 0x1a 0x84 0x3b 0x0 0x0 0x29 0xe8 0x9a 0xec 0x0 0x0 0x0 0x0 0xda 0x98 0x0 0x80 0x0 0xa4 0xa4 0x0 0x8 0xb9 0x5 0x0 0x0
1787980608031,0x1 0x8b 0xd 0x4c 0xa7 0x89 0x7d 0x21 0x14 0x0 0xd 0x63 0xd1 0x0 0xfd 0x20 0xef 0x20 0x73 0x37 0x56 0x6 0x9c 0x2 0x0 0x28 0x65 0x1 0x0 0x97 0x0 0xad 0x0 0x57 0x0 0x58 0x0 0x6f 0x6f 0x6f 0x6f 0x6f 0x6f 0x83 0x4 0x80 0x4 0x85 0x4 0x82 0x4 0x84 0x4 0x81 0x4 0x82 0x4 0x80 0x4 0x24 0x0 0x3 0x76 0x7c 0x80 0x82 0x4d 0x80 0x4f 0x80 0xa6 0x82 0xeb 0x7b 0x59 0x64 0x1a 0x1a 0x84 0x3b 0x0 0x0 0x29 0xe8 0x9a 0xec 0x0 0x0 0x0 0x0 0xda 0x92 0x0 0x80 0x0 0xa4 0xa4 0x0 0x8 0xac 0x5 0x0 0x0
1787980608255,0x1 0x8c 0xd 0x4c 0xa7 0x89 0x7d 0x21 0x14 0x0 0xd 0x61 0xd2 0x0 0x2a 0x21 0xf1 0x20 0x73 0x37 0x55 0x6 0x9c 0x2 0x0 0x28 0x65 0x1 0x0 0x51 0x0 0xa8 0x0 0x57 0x0 0x58 0x0 0x6f 0x6f 0x6f 0x6f 0x6f 0x6f 0x73 0x4 0x71 0x4 0x6c 0x4 0x6a 0x4 0x71 0x4 0x71 0x4 0x74 0x4 0x71 0x4 0x24 0x0 0x3 0x73 0x79 0x80 0x82 0x4d 0x80 0x4f 0x80 0xa6 0x82 0xeb 0x7b 0x59 0x64 0x1a 0x1a 0x84 0x3b 0x0 0x0 0x29 0xe8 0x9a 0xec 0x0 0x0 0x0 0x0 0xdb 0x92 0x0 0x80 0x0 0xa4 0xa4 0x0 0x8 0x9f 0x5 0x0 0x0
1787980608479,0x1 0x8c 0xd 0x4c 0xa7 0x89 0x7d 0x21 0x14 0x0 0xd 0x62 0xd2 0x0 0xb 0x21 0x14 0x21 0x73 0x37 0x5b 0x6 0x9c 0x2 0x0 0x28 0x65 0x1 0x0 0x19 0x0 0x9e 0x0 0x54 0x0 0x58 0x0 0x6f 0x6f 0x6f 0x6f 0x6f 0x6f 0xa6 0x4 0x66 0x4 0xa2 0x4 0x6d 0x4 0xa6 0x4 0x6a 0x4 0xa5 0x4 0x66 0x4 0x24 0x0 0x3 0x7d 0x75 0x7d 0x82 0x4d 0x80 0x4f 0x80 0xa6 0x82 0xeb 0x7b 0x59 0x64 0x1a 0x1a 0x84 0x3b 0x0 0x0 0x29 0xe8 0x9a 0xec 0x0 0x0 0x0 0x0 0xda 0x98 0x0 0x80 0x0 0xa4 0xa4 0x0 0x8 0x9f 0x5 0x0 0x0
1787980608703,0x1 0x8a 0xd 0x4c 0xa7 0x89 0x7d 0x21 0x14 0x0 0xd 0x62 0xd5 0x0 0x69 0x21 0x16 0x21 0x73 0x37 0x60 0x6 0x9c 0x2 0x0 0x28 0x65 0x1 0x0 0x1f 0x0 0x8e 0x0 0x57 0x0 0x58 0x0 0x6f 0x6f 0x6f 0x6f 0x6f 0x6f 0xad 0x4 0x55 0x4 0xb5 0x4 0x52 0x4 0xa9 0x4 0x54 0x4 0xb5 0x4 0x57 0x4 0x23 0x0 0x3 0x81 0x72 0x7d 0x82 0x4d 0x80 0x4f 0x80 0xa6 0x82 0xeb 0x7b 0x59 0x64 0x1a 0x1a 0x84 0x3b 0x0 0x0 0x29 0xe8 0x9a 0xec 0x0 0x0 0x0 0x0 0xdb 0x95 0x0 0x80 0x0 0xa4 0xa4 0x0 0x8 0xb9 0x5 0x0 0x0
1787980608927,0x1 0x8b 0xd 0x4c 0xa7 0x89 0x7d 0x21 0x14 0x0 0xd 0x61 0xd2 0x0 0xec 0x20 0x66 0x21 0x73 0x37 0x61 0x6 0x9c 0x2 0x0 0x28 0x65 0x1 0x0 0x71 0x0 0x39 0x0 0x56 0x0 0x58 0x0 0x6f 0x6f 0x6f 0x6f 0x6f 0x6f 0xcf 0x4 0x7b 0x4 0xce 0x4 0x53 0x4 0xc9 0x4 0x78 0x4 0xce 0x4 0x78 0x4 0x23 0x0 0x3 0x84 0x77 0x7d 0x7d 0x4d 0x80 0x4f 0x80 0xa6 0x82 0xeb 0x7b 0x59 0x64 0x1a 0x1a 0x84 0x3c 0x0 0x0 0x29 0xe8 0x9a 0xec 0x0 0x0 0x0 0x0 0xdb 0x98 0x0 0x80 0x0 0xa4 0xa4 0x0 0x8 0xac 0x5 0x0 0x0
1787980609149,0x1 0x8b 0xd 0x4c 0xa7 0x89 0x7d 0x21 0x14 0x0 0xd 0x61 0xd0 0x0 0x8c 0x20 0xfd 0x20 0x73 0x38 0x64 0x6 0x9c 0x2 0x0 0x28 0x65 0x1 0x0 0xa7 0x0 0x1f 0x0 0x57 0x0 0x58 0x0 0x6f 0x6f 0x6f 0x6f 0x6f 0x6f 0x9d 0x4 0x7c 0x4 0x9c 0x4 0x79 0x4 0x9d 0x4 0x76 0x4 0x98 0x4 0x79 0x4 0x23 0x0 0x3 0x7b 0x7b 0x7b 0x7d 0x4d 0x80 0x4f 0x80 0xa6 0x82 0xeb 0x7b 0x59 0x64 0x1a 0x1a 0x84 0x3c 0x0 0x0 0x29 0xe8 0x9a 0xec 0x0 0x0 0x0 0x0 0xdb 0x9a 0x0 0x80 0x0 0xa4 0xa4 0x0 0x8 0xac 0x5 0x0 0x0
1787980609375,0x1 0x8b 0xd 0x4c 0xa7 0x89 0x7d 0x21 0x14 0x0 0xd 0x61 0xd4 0x0 0x1d 0x21 0x4d 0x21 0x73 0x38 0x67 0x6 0x9c 0x2 0x0 0x28 0x65 0x1 0x0 0x9b 0x0 0x27 0x0 0x54 0x0 0x58 0x0 0x6f 0x6f 0x6f 0x6f 0x6f 0x6f 0x95 0x4 0x93 0x4 0x95 0x4 0x93 0x4 0x99 0x4 0x8f 0x4 0x93 0x4 0x93 0x4 0x23 0x0 0x3 0x77 0x7e 0x7b 0x7d 0x4d 0x80 0x4f 0x80 0xa6 0x82 0xeb 0x7b 0x59 0x64 0x1a 0x1a 0x84 0x3c 0x0 0x0 0x29 0xe8 0x9a 0xec 0x0 0x0 0x0 0x0 0xda 0x9a 0x0 0x80 0x0 0xa4 0xa4 0x0 0x8 0xac 0x5 0x0 0x0
1787980609598,0x1 0x89 0xd 0x4c 0xa7 0x89 0x7d 0x21 0x14 0x0 0xd 0x62 0xd5 0x0 0x40 0x21 0x1c 0x21 0x73 0x38 0x68 0x6 0x9c 0x2 0x0 0x28 0x65 0x1 0x0 0x7c 0x0 0x9b 0x0 0x57 0x0 0x58 0x0 0x6f 0x6f 0x6f 0x6f 0x6f 0x6f 0x81 0x4 0x94 0x4 0x7c 0x4 0x94 0x4 0x84 0x4 0x96 0x4 0x7e 0x4 0x94 0x4 0x23 0x0 0x3 0x74 0x80 0x7b 0x7d 0x4d 0x80 0x4f 0x80 0xa6 0x82 0xeb 0x7b 0x59 0x64 0x1a 0x1a 0x84 0x3c 0x0 0x0 0x29 0xe8 0x9a 0xec 0x0 0x0 0x0 0x0 0xda 0x9a 0x0 0x80 0x0 0xa4 0xa4 0x0 0x8 0xcb 0x5 0x0 0x0
1787980609823,0x1 0x8b 0xd 0x4c 0xa7 0x89 0x7d 0x21 0x14 0x0 0xd 0x63 0xdc 0x0 0x52 0x22 0x83 0x21 0x73 0x38 0x69 0x6 0x9c 0x2 0x0 0x28 0x65 0x1 0x0 0x1f 0x0 0x9f 0x0 0x57 0x0 0x58 0x0 0x6f 0x6f 0x6f 0x6f 0x6f 0x6f 0x9e 0x4 0x98 0x4 0xa3 0x4 0x9a 0x4 0xae 0x4 0x94 0x4 0xae 0x4 0xa0 0x4 0x23 0x0 0x3 0x7c 0x80 0x7b 0x7d 0x4d 0x80 0x4f 0x80 0xa6 0x82 0xeb 0x7b 0x59 0x64 0x1a 0x1a 0x84 0x3c 0x0 0x0 0x29 0xe8 0x9a 0xec 0x0 0x0 0x0 0x0 0xdb 0x9a 0x0 0x80 0x0 0xa4 0xa4 0x0 0x8 0xac 0x5 0x0 0x0
1787980610046,0x1 0x8b 0xd 0x4c 0xa7 0x89 0x7d 0x21 0x14 0x0 0xd 0x62 0xd3 0x0 0xe0 0x20 0xb 0x21 0x73 0x38 0x6b 0x6 0x9c 0x2 0x0 0x28 0x65 0x1 0x0 0x18 0x0 0x9a 0x0 0x56 0x0 0x58 0x0 0x6f 0x6f 0x6f 0x6f 0x6f 0x6f 0xab 0x4 0x67 0x4 0xad 0x4 0x64 0x4 0xae 0x4 0x65 0x4 0xae 0x4 0x63 0x4 0x23 0x0 0x3 0x80 0x75 0x7b 0x77 0x4d 0x80 0x4f 0x80 0xa6 0x82 0xeb 0x7b 0x57 0x62 0x1a 0x1a 0x84 0x3c 0x0 0x0 0x29 0xe8 0x9a 0xec 0x0 0x0 0x0 0x0 0xdb 0x9a 0x0 0x80 0x0 0xa4 0xa4 0x0 0x8 0xac 0x5 0x0 0x0
1787980610270,0x1 0x8b 0xd 0x4c 0xa7 0x89 0x7d 0x21 0x14 0x0 0xd 0x62 0xd1 0x0 0x91 0x20 0x1f 0x21 0x73 0x38 0x6b 0x6 0x9c 0x2 0x0 0x28 0x65 0x1 0x0 0x46 0x0 0x79 0x0 0x56 0x0 0x58 0x0 0x6f 0x6f 0x6f 0x6f 0x6f 0x6f 0xbf 0x4 0x5f 0x4 0xc5 0x4 0x5b 0x4 0xc0 0x4 0x5b 0x4 0xc0 0x4 0x57 0x4 0x23 0x0 0x3 0x83 0x72 0x7b 0x77 0x4d 0x80 0x4f 0x80 0xa6 0x82 0xeb 0x7b 0x57 0x62 0x1a 0x1a 0x84 0x3c 0x0 0x0 0x29 0xe8 0x9a 0xec 0x0 0x0 0x0 0x0 0xdb 0x9a 0x0 0x80 0x0 0xa4 0xa4 0x0 0x8 0xac 0x5 0x0 0x0
1787980610495,0x1 0x89 0xd 0x4c 0xa7 0x89 0x7d 0x21 0x14 0x0 0xd 0x62 0xd3 0x0 0xc2 0x20 0xc2 0x20 0x73 0x38 0x71 0x6 0x9c 0x2 0x0 0x28 0x65 0x1 0x0 0xa2 0x0 0x24 0x0 0x57 0x0 0x58 0x0 0x6f 0x6f 0x6f 0x6f 0x6f 0x6f 0x99 0x4 0x66 0x4 0x92 0x4 0x6b 0x4 0x93 0x4 0x6a 0x4 0x93 0x4 0x6a 0x4 0x23 0x0 0x3 0x7c 0x79 0x7b 0x78 0x4d 0x80 0x4f 0x80 0xa6 0x82 0xeb 0x7b 0x57 0x62 0x1a 0x1a 0x84 0x3c 0x0 0x0 0x29 0xe8 0x9a 0xec 0x0 0x0 0x0 0x0 0xdb 0x95 0x0 0x80 0x0 0xa4 0xa4 0x0 0x8 0xcb 0x5 0x0 0x0
1787980610718,0x1 0x8a 0xd 0x4c 0xa7 0x89 0x7d 0x20 0x14 0x0 0xd 0x5f 0xca 0x0 0x61 0x1f 0x28 0x20 0x73 0x38 0x70 0x6 0x9c 0x2 0x0 0x28 0x65 0x1 0x0 0x9c 0x0 0x16 0x0 0x57 0x0 0x58 0x0 0x6e 0x6e 0x6e 0x6e 0x6e 0x6e 0x84 0x4 0x6e 0x4 0x7e 0x4 0x6e 0x4 0x76 0x4 0x63 0x4 0x6e 0x4 0x63 0x4 0x23 0x0 0x3 0x78 0x7d 0x7b 0x78 0x4d 0x80 0x4f 0x80 0xa6 0x82 0xeb 0x7b 0x57 0x62 0x1a 0x1a 0x84 0x3c 0x0 0x0 0x29 0xe8 0x9a 0xec 0x0 0x0 0x0 0x0 0xdb 0x95 0x0 0x80 0x0 0xa4 0xa4 0x0 0x8 0xb9 0x5 0x0 0x0
1787980610941,0x1 0x8b 0xd 0x4c 0xa7 0x89 0x7d 0x20 0x13 0x0 0xd 0x5e 0xc9 0x0 0x96 0x1f 0x63 0x1f 0x73 0x38 0x5d 0x6 0x9c 0x2 0x0 0x28 0x65 0x1 0x0 0x6c 0x0 0x59 0x0 0x56 0x0 0x58 0x0 0x6e 0x6e 0x6e 0x6e 0x6e 0x6e 0x46 0x4 0x46 0x4 0x3a 0x4 0x4e 0x4 0x42 0x4 0x55 0x4 0x46 0x4 0x58 0x4 0x24 0x0 0x3 0x75 0x80 0x7b 0x78 0x4d 0x80 0x4f 0x80 0xa6 0x82 0xeb 0x7b 0x57 0x62 0x1a 0x1a 0x84 0x3c 0x0 0x0 0x29 0xe8 0x9a 0xec 0x0 0x0 0x0 0x0 0xdd 0x8c 0x0 0x80 0x0 0xa4 0xa4 0x0 0x8 0xac 0x5 0x0 0x0
1787980611165,0x1 0x8b 0xd 0x4c 0xa7 0x88 0x7e 0x20 0x13 0x0 0xd 0x5e 0xc2 0x0 0x7d 0x1e 0xda 0x1e 0x73 0x38 0x5d 0x6 0x9c 0x2 0x0 0x28 0x65 0x1 0x0 0x16 0x0 0x91 0x0 0x56 0x0 0x58 0x0 0x6d 0x6d 0x6d 0x6d 0x6d 0x6d 0x5a 0x4 0x56 0x4 0x60 0x4 0x53 0x4 0x5e 0x4 0x50 0x4 0x5a 0x4 0x4d 0x4 0x24 0x0 0x3 0x7e 0x82 0x7c 0x78 0x4d 0x80 0x4f 0x80 0xa6 0x82 0xeb 0x7b 0x57 0x62 0x1a 0x1a 0x84 0x3b 0x0 0x0 0x29 0xe8 0x9a 0xec 0x0 0x0 0x0 0x0 0xde 0x8c 0x0 0x80 0x0 0xa4 0xa4 0x0 0x8 0xac 0x5 0x0 0x0
1787980611389,0x1 0x8a 0xd 0x4c 0xa7 0x88 0x7e 0x20 0x13 0x0 0xd 0x5f 0xc8 0x0 0x5f 0x1f 0x25 0x1f 0x73 0x39 0x60 0x6 0x9c 0x2 0x0 0x28 0x65 0x1 0x0 0x16 0x0 0xa1 0x0 0x56 0x0 0x58 0x0 0x6e 0x6e 0x6e 0x6e 0x6e 0x6e 0x71 0x4 0x51 0x4 0x68 0x4 0x4f 0x4 0x6b 0x4 0x55 0x4 0x71 0x4 0x56 0x4 0x23 0x0 0x3 0x82 0x82 0x7c 0x78 0x4d 0x80 0x4f 0x80 0xa6 0x82 0xeb 0x7b 0x57 0x62 0x1a 0x1a 0x84 0x3c 0x0 0x0 0x29 0xe8 0x9a 0xec 0x0 0x0 0x0 0x0 0xde 0x87 0x0 0x80 0x0 0xa4 0xa4 0x0 0x8 0xb9 0x5 0x0 0x0
1787980611613,0x1 0x8a 0xd 0x4c 0xa7 0x88 0x7e 0x20 0x13 0x0 0xd 0x5f 0xc6 0x0 0x19 0x1f 0xed 0x1e 0x73 0x39 0x5e 0x6 0x9c 0x2 0x0 0x28 0x65 0x1 0x0 0x44 0x0 0xa1 0x0 0x56 0x0 0x58 0x0 0x6e 0x6e 0x6e 0x6e 0x6e 0x6e 0x77 0x4 0x29 0x4 0x75 0x4 0x2c 0x4 0x75 0x4 0x27 0x4 0x77 0x4 0x28 0x4 0x24 0x0 0x3 0x85 0x78 0x7c 0x79 0x4d 0x80 0x4f 0x80 0xa6 0x82 0xeb 0x7b 0x57 0x62 0x1a 0x1a 0x84 0x3b 0x0 0x0 0x29 0xe8 0x9a 0xec 0x0 0x0 0x0 0x0 0xdf 0x89 0x0 0x80 0x0 0xa4 0xa4 0x0 0x8 0xb9 0x5 0x0 0x0
1787980611837,0x1 0x8b 0xd 0x4c 0xa7 0x88 0x7e 0x20 0x13 0x0 0xd 0x5e 0xc6 0x0 0x19 0x1f 0xb9 0x1e 0x73 0x39 0x5e 0x6 0x9c 0x2 0x0 0x28 0x65 0x1 0x0 0x8a 0x0 0x8c 0x0 0x56 0x0 0x58 0x0 0x6d 0x6d 0x6d 0x6d 0x6d 0x6d 0x57 0x4 0x12 0x4 0x6f 0x4 0x11 0x4 0x71 0x4 0x10 0x4 0x57 0x4 0x12 0x4 0x24 0x0 0x3 0x7f 0x75 0x7e 0x79 0x4d 0x80 0x4f 0x80 0xa6 0x82 0xeb 0x7b 0x57 0x62 0x1a 0x1a 0x84 0x3c 0x0 0x0 0x29 0xe8 0x9a 0xec 0x0 0x0 0x0 0x0 0xdf 0x87 0x0 0x80 0x0 0xa4 0xa4 0x0 0x8 0xac 0x5 0x0 0x0
1787980612062,0x1 0x8b 0xd 0x4c 0xa7 0x88 0x7e 0x18 0xb 0x0 0xd 0x51 0x97 0x0 0xce 0x17 0x64 0x1c 0x73 0x39 0x58 0x6 0x9c 0x2 0x0 0x28 0x65 0x1 0x0 0x98 0x0 0x1f 0x0 0x56 0x0 0x57 0x0 0x6c 0x6c 0x6c 0x6c 0x6c 0x6c 0xfe 0x3 0xce 0x3 0x3f 0x4 0x14 0x4 0x26 0x4 0xf7 0x3 0xe5 0x3 0xce 0x3 0x25 0x0 0x3 0x7c 0x7c 0x7e 0x7a 0x4d 0x80 0x4f 0x80 0xa6 0x82 0xeb 0x7b 0x57 0x62 0x1a 0x1a 0x84 0x3a 0x0 0x0 0x29 0xe8 0x9a 0xec 0x0 0x0 0x0 0x0 0xe0 0x80 0x0 0x80 0x0 0xa4 0xa4 0x0 0x8 0xac 0x5 0x0 0x0
1787980612285,0x1 0x8b 0xd 0x4b 0xa8 0x88 0x7e 0x11 0x4 0x0 0xd 0x39 0x58 0x0 0xda 0xe 0x2 0x12 0x73 0x39 0xed 0x5 0x9b 0x2 0x0 0x28 0x65 0x1 0x0 0xad 0x0 0x9f 0x0 0x56 0x0 0x58 0x0 0x66 0x66 0x66 0x66 0x66 0x66 0x58 0x2 0x8f 0x2 0x86 0x2 0x74 0x2 0x6c 0x2 0x60 0x2 0x58 0x2 0x56 0x2 0x28 0x0 0x3 0x79 0x7e 0x7e 0x7a 0x4d 0x80 0x4f 0x80 0xa6 0x82 0xeb 0x7b 0x57 0x62 0x1a 0x1a 0x84 0x37 0x0 0x0 0x29 0xe8 0x9a 0xec 0x0 0x0 0x0 0x0 0xef 0x51 0x0 0x80 0x0 0xa4 0xa4 0x0 0x8 0xac 0x5 0x0 0x0
1787980612510,0x1 0x8a 0xd 0x4b 0xa8 0x88 0x7e 0x11 0x4 0x0 0xd 0x39 0x56 0x0 0xfd 0xe 0x80 0xf 0x73 0x39 0xbd 0x5 0x9b 0x2 0x0 0x28 0x65 0x1 0x0 0xb1 0x0 0xac 0x0 0x56 0x0 0x58 0x0 0x64 0x64 0x64 0x64 0x64 0x64 0x19 0x2 0x18 0x2 0x16 0x2 0x14 0x2 0x11 0x2 0x11 0x2 0xf 0x2 0x11 0x2 0x29 0x0 0x3 0x77 0x7e 0x7e 0x7a 0x4d 0x80 0x4f 0x80 0xa6 0x82 0xeb 0x7b 0x57 0x62 0x1a 0x1a 0x10 0x35 0x0 0x0 0x29 0xe8 0x9a 0xec 0x0 0x0 0x0 0x0 0xf7 0x38 0x0 0x80 0x0 0xa4 0xa4 0x0 0x8 0xb9 0x5 0x0 0x0
1787980612733,0x1 0x8c 0xd 0x4b 0xa8 0x88 0x7e 0x11 0x4 0x0 0xd 0x38 0x56 0x0 0x42 0xf 0x34 0xf 0x73 0x38 0xa3 0x5 0x9b 0x2 0x0 0x28 0x65 0x1 0x0 0x67 0x0 0x5e 0x0 0x57 0x0 0x58 0x0 0x65 0x65 0x65 0x65 0x65 0x65 0x9 0x2 0x0 0x2 0xb 0x2 0x0 0x2 0x7 0x2 0xfd 0x1 0xb 0x2 0x0 0x2 0x29 0x0 0x3 0x75 0x76 0x7e 0x79 0x4d 0x80 0x4f 0x80 0xa6 0x82 0xeb 0x7b 0x57 0x62 0x1a 0x1a 0x10 0x35 0x0 0x0 0x29 0xe8 0x9a 0xec 0x0 0x0 0x0 0x0 0xfb 0x2f 0x0 0x80 0x0 0xa4 0xa4 0x0 0x8 0x9f 0x5 0x0 0x0
1787980612958,0x1 0x8c 0xd 0x4b 0xa8 0x88 0x7e 0x11 0x4 0x0 0xd 0x38 0x57 0x0 0x85 0xf 0x59 0xf 0x73 0x38 0x9b 0x5 0x9b 0x2 0x0 0x28 0x65 0x1 0x0 0x12 0x0 0x12 0x0 0x56 0x0 0x58 0x0 0x65 0x65 0x65 0x65 0x65 0x65 0x24 0x2 0x1d 0x2 0x20 0x2 0x17 0x2 0x23 0x2 0x1a 0x2 0x25 0x2 0x1d 0x2 0x29 0x0 0x3 0x7d 0x7f 0x7e 0x7a 0x4d 0x80 0x4f 0x80 0xa6 0x82 0xeb 0x7b 0x57 0x62 0x1a 0x1a 0x10 0x34 0x0 0x0 0x29 0xe8 0x9a 0xec 0x0 0x0 0x0 0x0 0xfc 0x2d 0x0 0x80 0x0 0xa4 0xa4 0x0 0x8 0x9f 0x5 0x0 0x0
1787980613182,0x1 0x8a 0xd 0x4b 0xa8 0x88 0x7e 0x11 0x4 0x0 0xd 0x3a 0x5a 0x0 0xfa 0xf 0x9f 0xf 0x73 0x38 0xa2 0x5 0x9b 0x2 0x0 0x28 0x65 0x1 0x0 0xb 0x0 0x9 0x0 0x55 0x0 0x57 0x0 0x65 0x65 0x65 0x65 0x65 0x65 0x35 0x2 0x25 0x2 0x30 0x2 0x27 0x2 0x30 0x2 0x28 0x2 0x35 0x2 0x2b 0x2 0x29 0x0 0x3 0x80 0x81 0x7e 0x7a 0x4d 0x80 0x4f 0x80 0xa6 0x82 0xeb 0x7b 0x58 0x63 0x1a 0x1a 0x10 0x35 0x0 0x0 0x29 0xe8 0x9a 0xec 0x0 0x0 0x0 0x0 0xfa 0x2f 0x0 0x80 0x0 0xa4 0xa4 0x0 0x8 0xb9 0x5 0x0 0x0
1787980613404,0x1 0x8a 0xd 0x4b 0xa8 0x88 0x7e 0x1a 0xd 0x0 0xd 0x50 0x88 0x0 0x3f 0x18 0xef 0x14 0x73 0x38 0x9c 0x5 0x9b 0x2 0x0 0x28 0x65 0x1 0x0 0xc 0x0 0xb 0x0 0x53 0x0 0x57 0x0 0x77 0x77 0x77 0x77 0x77 0x77 0xeb 0x2 0x7 0x3 0x41 0x3 0x4d 0x3 0x79 0x3 0xba 0x2 0x79 0x3 0x67 0x3 0x27 0x0 0x3 0x82 0x83 0x7e 0x7a 0x4d 0x80 0x4f 0x80 0xa6 0x82 0xeb 0x7b 0x58 0x63 0x1a 0x1a 0x10 0x35 0x0 0x0 0x29 0xe8 0x9a 0xec 0x0 0x0 0x0 0x0 0xfa 0x37 0x0 0x80 0x0 0xa4 0xa4 0x0 0x8 0xb9 0x5 0x0 0x0
1787980613630,0x1 0x8b 0xd 0x4b 0xa8 0x88 0x7e 0x1b 0xd 0x0 0xd 0x51 0x92 0x0 0x72 0x18 0x87 0x18 0x73 0x38 0xf9 0x5 0x9b 0x2 0x0 0x28 0x65 0x1 0x0 0x15 0x0 0x51 0x0 0x52 0x0 0x57 0x0 0x6a 0x6a 0x6a 0x6a 0x6a 0x6a 0xd0 0x3 0xbc 0x3 0xcc 0x3 0xb7 0x3 0xcd 0x3 0xb7 0x3 0xcc 0x3 0xba 0x3 0x25 0x0 0x3 0x84 0x85 0x7e 0x7a 0x4d 0x80 0x4f 0x80 0xa6 0x82 0xeb 0x7b 0x58 0x63 0x1a 0x1a 0x10 0x37 0x0 0x0 0x29 0xe8 0x9a 0xec 0x0 0x0 0x0 0x0 0xeb 0x64 0x0 0x80 0x0 0xa4 0xa4 0x0 0x8 0xac 0x5 0x0 0x0
1787980613854,0x1 0x8b 0xd 0x4b 0xa8 0x88 0x7e 0x1a 0xd 0x0 0xd 0x51 0x90 0x0 0x0 0x18 0x6b 0x18 0x73 0x38 0x0 0x6 0x9b 0x2 0x0 0x28 0x65 0x1 0x0 0xb1 0x0 0xb2 0x0 0x53 0x0 0x58 0x0 0x6a 0x6a 0x6a 0x6a 0x6a 0x6a 0xa5 0x3 0xae 0x3 0x9b 0x3 0xb0 0x3 0xa8 0x3 0xad 0x3 0x9b 0x3 0xa5 0x3 0x26 0x0 0x3 0x7d 0x86 0x7d 0x7a 0x4d 0x80 0x4f 0x80 0xa6 0x82 0xeb 0x7b 0x58 0x63 0x1a 0x1a 0x10 0x38 0x0 0x0 0x29 0xe8 0x9a 0xec 0x0 0x0 0x0 0x0 0xe9 0x66 0x0 0x80 0x0 0xa4 0xa4 0x0 0x8 0xac 0x5 0x0 0x0
1787980614078,0x1 0x8b 0xd 0x4b 0xa8 0x88 0x7e 0x1a 0xd 0x0 0xd 0x50 0x8f 0x0 0xd1 0x17 0x21 0x18 0x73 0x38 0x1 0x6 0x9b 0x2 0x0 0x28 0x65 0x1 0x0 0xb2 0x0 0xb3 0x0 0x56 0x0 0x59 0x0 0x6a 0x6a 0x6a 0x6a 0x6a 0x6a 0x7f 0x3 0x73 0x3 0x89 0x3 0x99 0x3 0x83 0x3 0x95 0x3 0x79 0x3 0x73 0x3 0x26 0x0 0x3 0x7a 0x7e 0x7d 0x7e 0x4d 0x80 0x4f 0x80 0xa6 0x82 0xeb 0x7b 0x57 0x62 0x1a 0x1a 0x10 0x38 0x0 0x0 0x29 0xe8 0x9a 0xec 0x0 0x0 0x0 0x0 0xea 0x68 0x0 0x80 0x0 0xa4 0xa4 0x0 0x8 0xac 0x5 0x0 0x0
1787980614300,0x1 0x8b 0xd 0x4b 0xa8 0x87 0x7f 0x1a 0xd 0x0 0xd 0x51 0x91 0x0 0x23 0x18 0x47 0x18 0x73 0x38 0x2 0x6 0x9b 0x2 0x0 0x28 0x65 0x1 0x0 0xaa 0x0 0xb2 0x0 0x57 0x0 0x59 0x0 0x6a 0x6a 0x6a 0x6a 0x6a 0x6a 0x70 0x3 0x75 0x3 0x7a 0x3 0x74 0x3 0x75 0x3 0x6b 0x3 0x70 0x3 0x69 0x3 0x26 0x0 0x3 0x77 0x7c 0x7d 0x7e 0x4d 0x80 0x4f 0x80 0xa6 0x82 0xeb 0x7b 0x57 0x62 0x1a 0x1a 0x10 0x38 0x0 0x0 0x29 0xe8 0x9a 0xec 0x0 0x0 0x0 0x0 0xe9 0x68 0x0 0x80 0x0 0xa4 0xa4 0x0 0x8 0xac 0x5 0x0 0x0
1787980614526,0x1 0x8b 0xd 0x4b 0xa8 0x87 0x7f 0xd 0x0 0x0 0xd 0x39 0x5e 0x0 0xca 0xf 0x3a 0x14 0x73 0x38 0xf4 0x5 0x9b 0x2 0x0 0x28 0x65 0x1 0x0 0xa2 0x0 0xae 0x0 0x57 0x0 0x59 0x0 0x69 0x69 0x69 0x69 0x69 0x69 0xb 0x3 0xe3 0x2 0xcc 0x2 0xb1 0x2 0xa3 0x2 0x8e 0x2 0x91 0x2 0x8e 0x2 0x28 0x0 0x3 0x75 0x79 0x7d 0x7e 0x4d 0x80 0x4f 0x80 0xa6 0x82 0xeb 0x7b 0x57 0x62 0x1a 0x1a 0x10 0x37 0x0 0x0 0x29 0xe8 0x9a 0xec 0x0 0x0 0x0 0x0 0xec 0x66 0x0 0x80 0x0 0xa4 0xa4 0x0 0x0 0xac 0x5 0x0 0x0
1787980614766,0x1 0x8b 0xd 0x4b 0xa8 0x87 0x7f 0xd 0x0 0x0 0xd 0x30 0x47 0x0 0xad 0xc 0x58 0xe 0x73 0x38 0x9a 0x5 0x9b 0x2 0x0 0x28 0x65 0x1 0x0 0xac 0x0 0xb0 0x0 0x56 0x0 0x59 0x0 0x70 0x70 0x70 0x70 0x70 0x70 0xed 0x1 0xe7 0x1 0xe7 0x1 0xe0 0x1 0xf6 0x1 0xed 0x1 0xe3 0x1 0xe0 0x1 0x2a 0x0 0x3 0x73 0x77 0x7d 0x7e 0x4d 0x80 0x4f 0x80 0xa6 0x82 0xeb 0x7b 0x57 0x62 0x1a 0x1a 0x56 0x3a 0x46 0x5 0x29 0xe8 0x9a 0xec 0x0 0x0 0x0 0x0 0xf9 0x2f 0x0 0x80 0x0 0xa4 0xa4 0x0 0x0 0xac 0x5 0x0 0x0
1787980615006,0x1 0x8a 0xd 0x4b 0xa8 0x87 0x7f 0xd 0x0 0x0 0xd 0x30 0x49 0x0 0xb1 0xd 0x90 0xd 0x73 0x38 0x55 0x5 0x9b 0x2 0x0 0x28 0x65 0x1 0x0 0xa1 0x0 0xa5 0x0 0x56 0x0 0x59 0x0 0x7b 0x7b 0x7b 0x7b 0x7b 0x7b 0xd4 0x1 0xd2 0x1 0xd6 0x1 0xcf 0x1 0xd2 0x1 0xd1 0x1 0xd6 0x1 0xd3 0x1 0x2a 0x0 0x3 0x71 0x75 0x7d 0x7e 0x4d 0x80 0x4f 0x80 0xa6 0x82 0xeb 0x7b 0x57 0x62 0x1a 0x1a 0x56 0x37 0x46 0x5 0x29 0xe8 0x9a 0xec 0x0 0x0 0x0 0x0 0xff 0x2b 0x0 0x80 0x0 0xa4 0xa4 0x0 0x0 0xb9 0x5 0x0 0x0
1787980615230,0x1 0x8b 0xd 0x4b 0xa8 0x87 0x7f 0x16 0x9 0x0 0xd 0x43 0x6c 0x0 0x8e 0x13 0xed 0x12 0x73 0x37 0x86 0x5 0x9b 0x2 0x0 0x28 0x65 0x1 0x0 0x31 0x0 0x4f 0x0 0x57 0x0 0x59 0x0 0x68 0x68 0x68 0x68 0x68 0x68 0xd7 0x2 0x9e 0x2 0xa4 0x2 0xa8 0x2 0xce 0x2 0xbb 0x2 0xd7 0x2 0xbb 0x2 0x28 0x0 0x3 0x78 0x74 0x7a 0x7e 0x4d 0x80 0x4f 0x80 0xa6 0x82 0xeb 0x7b 0x59 0x64 0x1a 0x1a 0x2e 0x34 0x1e 0x0 0x29 0xe8 0x9a 0xec 0x0 0x0 0x0 0x0 0xfc 0x2f 0x0 0x80 0x0 0xa4 0xa4 0x0 0x8 0xac 0x5 0x0 0x0
1787980615452,0x1 0x8b 0xd 0x4b 0xa8 0x87 0x7f 0x1c 0xf 0x0 0xd 0x55 0x9e 0x0 0x98 0x1a 0xf1 0x19 0x73 0x37 0xf1 0x5 0x9b 0x2 0x0 0x28 0x65 0x1 0x0 0x25 0x0 0xa9 0x0 0x56 0x0 0x58 0x0 0x6c 0x6c 0x6c 0x6c 0x6c 0x6c 0xec 0x3 0xc3 0x3 0xd7 0x3 0xd2 0x3 0xe5 0x3 0xd5 0x3 0xec 0x3 0xdc 0x3 0x25 0x0 0x3 0x7a 0x7c 0x7a 0x7d 0x4d 0x80 0x4f 0x80 0xa6 0x82 0xeb 0x7b 0x59 0x64 0x1a 0x1a 0x10 0x38 0x0 0x0 0x29 0xe8 0x9a 0xec 0x0 0x0 0x0 0x0 0xea 0x69 0x0 0x80 0x0 0xa4 0xa4 0x0 0x8 0xac 0x5 0x0 0x0
1787980615677,0x1 0x8b 0xd 0x4b 0xa8 0x86 0x7f 0x1c 0xf 0x0 0xd 0x55 0xa0 0x0 0xa6 0x1a 0x87 0x1a 0x73 0x37 0x1 0x6 0x9b 0x2 0x0 0x28 0x65 0x1 0x0 0xb1 0x0 0xb0 0x0 0x56 0x0 0x59 0x0 0x6c 0x6c 0x6c 0x6c 0x6c 0x6c 0xd6 0x3 0xe2 0x3 0xd3 0x3 0xdf 0x3 0xd1 0x3 0xe4 0x3 0xd1 0x3 0xe0 0x3 0x25 0x0 0x3 0x72 0x7c 0x75 0x7d 0x4d 0x80 0x4f 0x80 0xa6 0x82 0xeb 0x7b 0x59 0x64 0x1a 0x1a 0x10 0x38 0x0 0x0 0x29 0xe8 0x9a 0xec 0x0 0x0 0x0 0x0 0xe7 0x6d 0x0 0x80 0x0 0xa4 0xa4 0x0 0x8 0xac 0x5 0x0 0x0
1787980615900,0x1 0x8a 0xd 0x4b 0xa8 0x86 0x7f 0x21 0x14 0x0 0xd 0x5e 0xc0 0x0 0xb1 0x1f 0xd4 0x1c 0x73 0x37 0xf 0x6 0x9b 0x2 0x0 0x28 0x65 0x1 0x0 0xac 0x0 0xaf 0x0 0x57 0x0 0x59 0x0 0x6d 0x6d 0x6d 0x6d 0x6d 0x6d 0xc8 0x3 0xf2 0x3 0x25 0x4 0x25 0x4 0x39 0x4 0xc2 0x3 0x39 0x4 0x30 0x4 0x24 0x0 0x3 0x6f 0x74 0x75 0x78 0x4d 0x80 0x4f 0x80 0xa6 0x82 0xeb 0x7b 0x59 0x64 0x1a 0x1a 0x10 0x39 0x0 0x0 0x29 0xe8 0x9a 0xec 0x0 0x0 0x0 0x0 0xe5 0x6f 0x0 0x80 0x0 0xa4 0xa4 0x0 0x8 0xb9 0x5 0x0 0x0
1787980616125,0x1 0x8b 0xd 0x4b 0xa8 0x86 0x7f 0x22 0x14 0x0 0xd 0x64 0xd7 0x0 0x1f 0x22 0x8 0x22 0x73 0x37 0x4d 0x6 0x9b 0x2 0x0 0x28 0x65 0x1 0x0 0x86 0x0 0xa7 0x0 0x57 0x0 0x59 0x0 0x70 0x70 0x70 0x70 0x70 0x70 0xad 0x4 0xa1 0x4 0xa8 0x4 0x9c 0x4 0xa4 0x4 0xa5 0x4 0xa4 0x4 0x9c 0x4 0x24 0x0 0x3 0x71 0x75 0x7a 0x7d 0x4d 0x80 0x4f 0x80 0xa6 0x82 0xeb 0x7b 0x57 0x62 0x1a 0x1a 0x10 0x3b 0x0 0x0 0x29 0xe8 0x9a 0xec 0x0 0x0 0x0 0x0 0xdc 0x95 0xdc 0x7a 0x0 0xa4 0xa4 0x0 0x8 0xac 0x5 0x0 0x0
1787980616348,0x1 0x8b 0xd 0x4a 0xa9 0x86 0x7f 0x22 0x15 0x0 0xd 0x64 0xdd 0x0 0x90 0x22 0x9f 0x22 0x73 0x37 0x65 0x6 0x99 0x2 0x0 0x28 0x65 0x1 0x0 0x42 0x0 0x9e 0x0 0x56 0x0 0x59 0x0 0x70 0x70 0x70 0x70 0x70 0x70 0x9d 0x4 0x93 0x4 0xc1 0x4 0x92 0x4 0xc1 0x4 0x91 0x4 0xc1 0x4 0x8f 0x4 0x23 0x0 0x3 0x76 0x72 0x77 0x7d 0x4d 0x80 0x4f 0x80 0xa6 0x82 0xeb 0x7b 0x57 0x62 0x1a 0x1a 0x9c 0x3b 0x0 0x0 0x29 0xe8 0x9a 0xec 0x0 0x0 0x0 0x0 0xda 0xa0 0xdc 0x7a 0x0 0xa4 0xa4 0x0 0x8 0xac 0x5 0x0 0x0
1787980616573,0x1 0x8b 0xd 0x4a 0xa9 0x86 0x7f 0x22 0x15 0x0 0xd 0x64 0xd9 0x0 0xab 0x21 0x31 0x22 0x73 0x38 0x72 0x6 0x99 0x2 0x0 0x28 0x65 0x1 0x0 0x13 0x0 0x74 0x0 0x55 0x0 0x59 0x0 0x70 0x70 0x70 0x70 0x70 0x70 0xc2 0x4 0x6f 0x4 0xbf 0x4 0x70 0x4 0xbd 0x4 0x75 0x4 0xbd 0x4 0x6a 0x4 0x23 0x0 0x3 0x7a 0x6e 0x77 0x7d 0x4d 0x80 0x4f 0x80 0xa6 0x82 0xeb 0x7b 0x57 0x62 0x1a 0x1a 0x9c 0x3b 0x0 0x0 0x29 0xe8 0x9a 0xec 0x0 0x0 0x0 0x0 0xd8 0xa0 0xdc 0x7a 0x0 0xa4 0xa4 0x0 0x8 0xac 0x5 0x0 0x0
1787980616795,0x1 0x89 0xd 0x4a 0xa9 0x86 0x7f 0x22 0x15 0x0 0xd 0x65 0xde 0x0 0x52 0x22 0x6a 0x22 0x73 0x38 0x78 0x6 0x99 0x2 0x0 0x28 0x65 0x1 0x0 0x11 0x0 0x29 0x0 0x55 0x0 0x58 0x0 0x70 0x70 0x70 0x70 0x70 0x70 0xd1 0x4 0x93 0x4 0xd5 0x4 0x93 0x4 0xcf 0x4 0x91 0x4 0xd0 0x4 0x91 0x4 0x23 0x0 0x3 0x7e 0x77 0x77 0x77 0x4d 0x80 0x4f 0x80 0xa6 0x82 0xeb 0x7b 0x57 0x62 0x1a 0x1a 0x9c 0x3b 0x0 0x0 0x29 0xe8 0x9a 0xec 0x0 0x0 0x0 0x0 0xd9 0xa0 0xdc 0x7a 0x0 0xa4 0xa4 0x0 0x8 0xcb 0x5 0x0 0x0
1787980617019,0x1 0x8a 0xd 0x4a 0xa9 0x86 0x7f 0x22 0x15 0x0 0xd 0x65 0xde 0x0 0x3c 0x22 0x5d 0x22 0x73 0x38 0x7c 0x6 0x99 0x2 0x0 0x28 0x65 0x1 0x0 0x17 0x0 0x11 0x0 0x55 0x0 0x58 0x0 0x70 0x70 0x70 0x70 0x70 0x70 0xd2 0x4 0x98 0x4 0xd5 0x4 0x9a 0x4 0xd8 0x4 0x99 0x4 0xd8 0x4 0x99 0x4 0x23 0x0 0x3 0x81 0x7a 0x77 0x77 0x4d 0x80 0x4f 0x80 0xa6 0x82 0xeb 0x7b 0x57 0x62 0x1a 0x1a 0x9c 0x3b 0x0 0x0 0x29 0xe8 0x9a 0xec 0x0 0x0 0x0 0x0 0xd8 0xa0 0xdc 0x7a 0x0 0xa4 0xa4 0x0 0x8 0xb9 0x5 0x0 0x0
1787980617243,0x1 0x8b 0xd 0x4a 0xa9 0x87 0x7f 0x22 0x15 0x0 0xd 0x65 0xdc 0x0 0xe8 0x21 0xda 0x21 0x73 0x38 0x7d 0x6 0x99 0x2 0x0 0x28 0x65 0x1 0x0 0x38 0x0 0xf 0x0 0x54 0x0 0x57 0x0 0x6f 0x6f 0x6f 0x6f 0x6f 0x6f 0xd3 0x4 0x95 0x4 0xd1 0x4 0x96 0x4 0xd0 0x4 0x95 0x4 0xd3 0x4 0x95 0x4 0x23 0x0 0x3 0x85 0x7e 0x77 0x77 0x4d 0x80 0x4f 0x80 0xa6 0x82 0xeb 0x7b 0x57 0x62 0x1a 0x1a 0x9c 0x3b 0x0 0x0 0x29 0xe8 0x9a 0xec 0x0 0x0 0x0 0x0 0xd9 0x9c 0xdc 0x7a 0x0 0xa4 0xa4 0x0 0x8 0xac 0x5 0x0 0x0
1787980617468,0x1 0x8b 0xd 0x4a 0xa9 0x87 0x7f 0x22 0x15 0x0 0xd 0x63 0xe1 0x0 0xa8 0x22 0x46 0x22 0x73 0x38 0x7e 0x6 0x99 0x2 0x0 0x28 0x65 0x1 0x0 0x75 0x0 0xe 0x0 0x55 0x0 0x57 0x0 0x70 0x70 0x70 0x70 0x70 0x70 0xe9 0x4 0xa8 0x4 0xe6 0x4 0xa6 0x4 0xe5 0x4 0xa9 0x4 0xe9 0x4 0xab 0x4 0x22 0x0 0x3 0x88 0x82 0x77 0x77 0x4d 0x80 0x4f 0x80 0xa6 0x82 0xeb 0x7b 0x57 0x62 0x1a 0x1a 0x9a 0x3b 0x0 0x0 0x29 0xe8 0x9a 0xec 0x0 0x0 0x0 0x0 0xd9 0xa0 0xdc 0x7a 0x0 0xa4 0xa4 0x0 0x8 0xac 0x5 0x0 0x0
1787980617693,0x1 0x8a 0xd 0x4a 0xa9 0x87 0x7f 0x22 0x15 0x0 0xd 0x65 0xdf 0x0 0x44 0x22 0x73 0x22 0x73 0x38 0x82 0x6 0x99 0x2 0x0 0x28 0x65 0x1 0x0 0x9a 0x0 0x14 0x0 0x54 0x0 0x56 0x0 0x70 0x70 0x70 0x70 0x70 0x70 0xc0 0x4 0xbc 0x4 0xbd 0x4 0xb6 0x4 0xbe 0x4 0xba 0x4 0xbc 0x4 0xbc 0x4 0x22 0x0 0x3 0x7f 0x85 0x7b 0x77 0x4d 0x80 0x4f 0x80 0xa6 0x82 0xeb 0x7b 0x57 0x62 0x1a 0x1a 0x9a 0x3b 0x0 0x0 0x29 0xe8 0x9a 0xec 0x0 0x0 0x0 0x0 0xd9 0xa2 0xdc 0x7a 0x0 0xa4 0xa4 0x0 0x8 0xb9 0x5 0x0 0x0
1787980617916,0x1 0x8a 0xd 0x4a 0xa9 0x87 0x7f 0x22 0x15 0x0 0xd 0x64 0xde 0x0 0x3 0x22 0xd 0x22 0x73 0x38 0x87 0x6 0x99 0x2 0x0 0x28 0x65 0x1 0x0 0x81 0x0 0x77 0x0 0x55 0x0 0x56 0x0 0x6f 0x6f 0x6f 0x6f 0x6f 0x6f 0xa2 0x4 0xc0 0x4 0xa0 0x4 0xc0 0x4 0xa6 0x4 0xc0 0x4 0xa0 0x4 0xc1 0x4 0x22 0x0 0x3 0x7b 0x89 0x7b 0x77 0x4d 0x80 0x4f 0x80 0xa6 0x82 0xeb 0x7b 0x57 0x62 0x1a 0x1a 0x9a 0x3b 0x0 0x0 0x29 0xe8 0x9a 0xec 0x0 0x0 0x0 0x0 0xd9 0xa2 0xdc 0x7a 0x0 0xa4 0xa4 0x0 0x8 0xb9 0x5 0x0 0x0
1787980618139,0x1 0x8b 0xd 0x4a 0xa9 0x87 0x7f 0x1a 0xd 0x0 0xd 0x59 0xb7 0x0 0x1 0x1c 0xd1 0x20 0x73 0x39 0x89 0x6 0x99 0x2 0x0 0x28 0x65 0x1 0x0 0x17 0x0 0x9e 0x0 0x54 0x0 0x57 0x0 0x6f 0x6f 0x6f 0x6f 0x6f 0x6f 0xb8 0x4 0xaa 0x4 0x8d 0x4 0xbb 0x4 0xb9 0x4 0xb9 0x4 0x8d 0x4 0x8b 0x4 0x23 0x0 0x3 0x83 0x89 0x81 0x77 0x4d 0x80 0x4f 0x80 0xa6 0x82 0xeb 0x7b 0x57 0x62 0x1a 0x1a 0x9a 0x3b 0x0 0x0 0x29 0xe8 0x9a 0xec 0x0 0x0 0x0 0x0 0xd9 0x97 0xdc 0x7a 0x0 0xa4 0xa4 0x0 0x8 0xac 0x5 0x0 0x0
1787980618365,0x1 0x8b 0xd 0x4a 0xa9 0x87 0x7f 0x10 0x3 0x0 0xd 0x37 0x53 0x0 0xda 0xd 0x36 0x12 0x73 0x39 0xfe 0x5 0x99 0x2 0x0 0x28 0x65 0x1 0x0 0x82 0x0 0xb0 0x0 0x54 0x0 0x59 0x0 0x65 0x65 0x65 0x65 0x65 0x65 0x92 0x2 0x69 0x2 0x73 0x2 0x4d 0x2 0xb6 0x2 0x88 0x2 0x55 0x2 0x4d 0x2 0x28 0x0 0x3 0x7e 0x80 0x80 0x7b 0x4d 0x80 0x4f 0x80 0xa6 0x82 0xeb 0x7b 0x57 0x62 0x1a 0x1a 0x9c 0x37 0x0 0x0 0x29 0xe8 0x9a 0xec 0x0 0x0 0x0 0x0 0xed 0x51 0xdc 0x7a 0x0 0xa4 0xa4 0x0 0x8 0xac 0x5 0x0 0x0
1787980618587,0x1 0x8a 0xd 0x4a 0xa9 0x87 0x7f 0x10 0x3 0x0 0xd 0x36 0x51 0x0 0x34 0xe 0x1f 0xf 0x73 0x39 0xb4 0x5 0x99 0x2 0x0 0x28 0x65 0x1 0x0 0xb1 0x0 0xb0 0x0 0x55 0x0 0x59 0x0 0x64 0x64 0x64 0x64 0x64 0x64 0x4 0x2 0xf9 0x1 0xd 0x2 0x2 0x2 0x6 0x2 0xff 0x1 0x1 0x2 0xf9 0x1 0x29 0x0 0x3 0x7c 0x7e 0x80 0x7b 0x4d 0x80 0x4f 0x80 0xa6 0x82 0xeb 0x7b 0x57 0x62 0x1a 0x1a 0x9c 0x34 0x0 0x0 0x29 0xe8 0x9a 0xec 0x0 0x0 0x0 0x0 0xf8 0x30 0xdc 0x7a 0x0 0xa4 0xa4 0x0 0x8 0xb9 0x5 0x0 0x0
1787980618813,0x1 0x8a 0xd 0x4a 0xa9 0x87 0x7f 0x10 0x3 0x0 0xd 0x35 0x50 0x0 0x6a 0xe 0x68 0xe 0x73 0x38 0x8d 0x5 0x99 0x2 0x0 0x28 0x65 0x1 0x0 0xa2 0x0 0xa4 0x0 0x56 0x0 0x59 0x0 0x65 0x65 0x65 0x65 0x65 0x65 0xf3 0x1 0xef 0x1 0xf3 0x1 0xec 0x1 0xf3 0x1 0xec 0x1 0xf3 0x1 0xed 0x1 0x2a 0x0 0x3 0x7a 0x7c 0x80 0x7b 0x4d 0x80 0x4f 0x80 0xa6 0x82 0xeb 0x7b 0x57 0x62 0x1a 0x1a 0x9c 0x33 0x0 0x0 0x29 0xe8 0x9a 0xec 0x0 0x0 0x0 0x0 0xfc 0x2d 0xdc 0x7a 0x0 0xa4 0xa4 0x0 0x8 0xb9 0x5 0x0 0x0
1787980619034,0x1 0x8c 0xd 0x4a 0xa9 0x87 0x7f 0x10 0x3 0x0 0xd 0x36 0x53 0x0 0xc 0xf 0x7d 0xe 0x73 0x38 0x84 0x5 0x99 0x2 0x0 0x28 0x65 0x1 0x0 0x39 0x0 0x5e 0x0 0x56 0x0 0x59 0x0 0x65 0x65 0x65 0x65 0x65 0x65 0xf6 0x1 0xef 0x1 0x6 0x2 0xf2 0x1 0xf6 0x1 0xf0 0x1 0x8 0x2 0xf2 0x1 0x2a 0x0 0x3 0x80 0x7b 0x7f 0x7b 0x4d 0x80 0x4f 0x80 0xa6 0x82 0xeb 0x7b 0x57 0x62 0x1a 0x1a 0x9a 0x33 0x0 0x0 0x29 0xe8 0x9a 0xec 0x0 0x0 0x0 0x0 0xff 0x2d 0xdc 0x7a 0x0 0xa4 0xa4 0x0 0x8 0x9f 0x5 0x0 0x0
1787980619258,0x1 0x8b 0xd 0x4a 0xa9 0x87 0x7f 0x12 0x5 0x0 0xd 0x39 0x56 0x0 0x79 0xf 0x49 0xf 0x73 0x38 0x8f 0x5 0x99 0x2 0x0 0x28 0x65 0x1 0x0 0x11 0x0 0x29 0x0 0x55 0x0 0x59 0x0 0x65 0x65 0x65 0x65 0x65 0x65 0x25 0x2 0x1c 0x2 0x19 0x2 0x12 0x2 0x1f 0x2 0x17 0x2 0x27 0x2 0x1c 0x2 0x29 0x0 0x3 0x82 0x83 0x7f 0x81 0x4d 0x80 0x4f 0x80 0xa6 0x82 0xeb 0x7b 0x57 0x62 0x1a 0x1a 0x9a 0x33 0x0 0x0 0x29 0xe8 0x9a 0xec 0x0 0x0 0x0 0x0 0xfd 0x2d 0xdc 0x7a 0x0 0xa4 0xa4 0x0 0x8 0xac 0x5 0x0 0x0
1787980619483,0x1 0x8b 0xd 0x4a 0xa9 0x87 0x7f 0x19 0xc 0x0 0xd 0x4c 0x85 0x0 0x5 0x17 0x56 0x16 0x73 0x38 0xc7 0x5 0x99 0x2 0x0 0x28 0x65 0x1 0x0 0xe 0x0 0x17 0x0 0x54 0x0 0x59 0x0 0x6a 0x6a 0x6a 0x6a 0x6a 0x6a 0x40 0x3 0x42 0x3 0x5d 0x3 0x57 0x3 0x69 0x3 0x5f 0x3 0x70 0x3 0x5f 0x3 0x27 0x0 0x3 0x84 0x85 0x7f 0x81 0x4d 0x80 0x4f 0x80 0xa6 0x82 0xeb 0x7b 0x57 0x62 0x1a 0x1a 0x9a 0x34 0x0 0x0 0x29 0xe8 0x9a 0xec 0x0 0x0 0x0 0x0 0xf4 0x58 0xdc 0x7a 0x0 0xa4 0xa4 0x0 0x8 0xac 0x5 0x0 0x0
1787980619706,0x1 0x8a 0xd 0x4a 0xa9 0x87 0x7f 0x19 0xc 0x0 0xd 0x4f 0x8b 0x0 0x85 0x17 0x28 0x17 0x73 0x38 0xe9 0x5 0x99 0x2 0x0 0x28 0x65 0x1 0x0 0x6a 0x0 0xa9 0x0 0x55 0x0 0x59 0x0 0x6a 0x6a 0x6a 0x6a 0x6a 0x6a 0x6e 0x3 0x5f 0x3 0x74 0x3 0x6b 0x3 0x80 0x3 0x5a 0x3 0x80 0x3 0x6d 0x3 0x26 0x0 0x3 0x87 0x87 0x7f 0x81 0x4d 0x80 0x4f 0x80 0xa6 0x82 0xeb 0x7b 0x57 0x62 0x1a 0x1a 0x9a 0x36 0x0 0x0 0x29 0xe8 0x9a 0xec 0x0 0x0 0x0 0x0 0xed 0x5e 0xdc 0x7a 0x0 0xa4 0xa4 0x0 0x8 0xb9 0x5 0x0 0x0
1787980619931,0x1 0x8b 0xd 0x4a 0xa9 0x87 0x7f 0x1a 0xd 0x0 0xd 0x4f 0x8b 0x0 0x75 0x17 0x53 0x17 0x73 0x38 0xed 0x5 0x99 0x2 0x0 0x28 0x65 0x1 0x0 0xb0 0x0 0xb0 0x0 0x56 0x0 0x5a 0x0 0x6a 0x6a 0x6a 0x6a 0x6a 0x6a 0x5e 0x3 0x65 0x3 0x5b 0x3 0x67 0x3 0x5c 0x3 0x64 0x3 0x5c 0x3 0x67 0x3 0x26 0x0 0x3 0x7d 0x87 0x80 0x81 0x4d 0x80 0x4f 0x80 0xa6 0x82 0xeb 0x7b 0x57 0x62 0x1a 0x1a 0x9a 0x36 0x0 0x0 0x29 0xe8 0x9a 0xec 0x0 0x0 0x0 0x0 0xec 0x62 0xdc 0x7a 0x0 0xa4 0xa4 0x0 0x8 0xac 0x5 0x0 0x0
1787980620154,0x1 0x8b 0xd 0x4a 0xa9 0x86 0x7f 0x1a 0xd 0x0 0xd 0x4d 0x88 0x0 0xdc 0x16 0x16 0x17 0x73 0x38 0xf3 0x5 0x99 0x2 0x0 0x28 0x65 0x1 0x0 0xab 0x0 0xaf 0x0 0x56 0x0 0x5a 0x0 0x6a 0x6a 0x6a 0x6a 0x6a 0x6a 0x44 0x3 0x39 0x3 0x3e 0x3 0x46 0x3 0x4d 0x3 0x40 0x3 0x3e 0x3 0x35 0x3 0x26 0x0 0x3 0x7b 0x7e 0x80 0x81 0x4d 0x80 0x4f 0x80 0xa6 0x82 0xeb 0x7b 0x56 0x61 0x1a 0x1a 0x9a 0x36 0x0 0x0 0x29 0xe8 0x9a 0xec 0x0 0x0 0x0 0x0 0xeb 0x62 0xdc 0x7a 0x0 0xa4 0xa4 0x0 0x8 0xac 0x5 0x0 0x0
1787980620380,0x1 0x8b 0xd 0x4a 0xa9 0x86 0x7f 0x1a 0xd 0x0 0xd 0x4f 0x8d 0x0 0xc7 0x17 0x6b 0x17 0x73 0x38 0xee 0x5 0x99 0x2 0x0 0x28 0x65 0x1 0x0 0x9d 0x0 0xab 0x0 0x55 0x0 0x5a 0x0 0x6b 0x6b 0x6b 0x6b 0x6b 0x6b 0x3c 0x3 0x38 0x3 0x37 0x3 0x31 0x3 0x3b 0x3 0x34 0x3 0x41 0x3 0x38 0x3 0x26 0x0 0x3 0x78 0x7c 0x80 0x81 0x4d 0x80 0x4f 0x80 0xa6 0x82 0xeb 0x7b 0x56 0x61 0x1a 0x1a 0x9a 0x36 0x0 0x0 0x29 0xe8 0x9a 0xec 0x0 0x0 0x0 0x0 0xec 0x62 0xdc 0x7a 0x0 0xa4 0xa4 0x0 0x8 0xac 0x5 0x0 0x0
1787980620603,0x1 0x8a 0xd 0x4a 0xa9 0x86 0x7f 0x1a 0xd 0x0 0xd 0x4f 0x8b 0x0 0x6d 0x17 0x26 0x17 0x73 0x38 0xef 0x5 0x99 0x2 0x0 0x28 0x65 0x1 0x0 0x3c 0x0 0xa2 0x0 0x55 0x0 0x5a 0x0 0x6a 0x6a 0x6a 0x6a 0x6a 0x6a 0x42 0x3 0x27 0x3 0x2c 0x3 0x1f 0x3 0x3e 0x3 0x1d 0x3 0x42 0x3 0x21 0x3 0x26 0x0 0x3 0x7e 0x79 0x7e 0x81 0x4d 0x80 0x4f 0x80 0xa6 0x82 0xeb 0x7b 0x56 0x61 0x1a 0x1a 0x9a 0x36 0x0 0x0 0x29 0xe8 0x9a 0xec 0x0 0x0 0x0 0x0 0xec 0x62 0xdc 0x7a 0x0 0xa4 0xa4 0x0 0x8 0xb9 0x5 0x0 0x0
1787980620828,0x1 0x8b 0xd 0x4a 0xa9 0x86 0x7f 0x1a 0xd 0x0 0xd 0x4f 0x8d 0x0 0xb3 0x17 0x88 0x17 0x73 0x38 0xf3 0x5 0x99 0x2 0x0 0x28 0x65 0x1 0x0 0x13 0x0 0x9b 0x0 0x55 0x0 0x59 0x0 0x6b 0x6b 0x6b 0x6b 0x6b 0x6b 0x49 0x3 0x1e 0x3 0x4e 0x3 0x24 0x3 0x52 0x3 0x23 0x3 0x56 0x3 0x23 0x3 0x26 0x0 0x3 0x80 0x76 0x7e 0x81 0x4d 0x80 0x4f 0x80 0xa6 0x82 0xeb 0x7b 0x56 0x61 0x1a 0x1a 0x9a 0x36 0x0 0x0 0x29 0xe8 0x9a 0xec 0x0 0x0 0x0 0x0 0xeb 0x62 0xdc 0x7a 0x0 0xa4 0xa4 0x0 0x8 0xac 0x5 0x0 0x0
1787980621066,0x1 0x8b 0xd 0x4a 0xa9 0x86 0x7f 0x1a 0xd 0x0 0xd 0x50 0x8f 0x0 0xfd 0x17 0xb3 0x17 0x73 0x38 0xf6 0x5 0x99 0x2 0x0 0x28 0x65 0x1 0x0 0xe 0x0 0x4f 0x0 0x54 0x0 0x59 0x0 0x6a 0x6a 0x6a 0x6a 0x6a 0x6a 0x58 0x3 0x19 0x3 0x5b 0x3 0x1a 0x3 0x5e 0x3 0x35 0x3 0x62 0x3 0x35 0x3 0x26 0x0 0x3 0x83 0x7b 0x7e 0x81 0x4d 0x80 0x4f 0x80 0xa6 0x82 0xeb 0x7b 0x57 0x62 0x1a 0x1a 0x9a 0x36 0x0 0x0 0x29 0xe8 0x9a 0xec 0x0 0x0 0x0 0x0 0xeb 0x62 0xdc 0x7a 0x0 0xa4 0xa4 0x0 0x8 0xac 0x5 0x0 0x0
1787980621292,0x1 0x8b 0xd 0x4a 0xa9 0x86 0x7f 0x1f 0x12 0x0 0xd 0x58 0xa6 0x0 0xc6 0x1b 0x90 0x19 0x73 0x38 0xfa 0x5 0x99 0x2 0x0 0x28 0x65 0x1 0x0 0xf 0x0 0x1f 0x0 0x53 0x0 0x59 0x0 0x6b 0x6b 0x6b 0x6b 0x6b 0x6b 0x88 0x3 0x5c 0x3 0x8f 0x3 0x85 0x3 0xa 0x4 0x55 0x3 0xa 0x4 0xd5 0x3 0x25 0x0 0x3 0x86 0x7e 0x7e 0x7d 0x4d 0x80 0x4f 0x80 0xa6 0x82 0xeb 0x7b 0x57 0x62 0x1a 0x1a 0x9a 0x37 0x0 0x0 0x29 0xe8 0x9a 0xec 0x0 0x0 0x0 0x0 0xea 0x66 0xdc 0x7a 0x0 0xa4 0xa4 0x0 0x8 0xac 0x5 0x0 0x0
1787980621515,0x1 0x8a 0xd 0x4a 0xa9 0x86 0x7f 0x20 0x13 0x0 0xd 0x60 0xca 0x0 0x61 0x20 0xe3 0x1f 0x73 0x38 0x3d 0x6 0x99 0x2 0x0 0x28 0x65 0x1 0x0 0x18 0x0 0x1a 0x0 0x52 0x0 0x59 0x0 0x6f 0x6f 0x6f 0x6f 0x6f 0x6f 0xc3 0x4 0x85 0x4 0xcc 0x4 0x8e 0x4 0xd3 0x4 0x82 0x4 0xd3 0x4 0x93 0x4 0x23 0x0 0x3 0x89 0x81 0x7e 0x7d 0x4d 0x80 0x4f 0x80 0xa6 0x82 0xeb 0x7b 0x57 0x62 0x1a 0x1a 0x9a 0x39 0x0 0x0 0x29 0xe8 0x9a 0xec 0x0 0x0 0x0 0x0 0xe0 0x89 0xdc 0x7a 0x0 0xa4 0xa4 0x0 0x8 0xb9 0x5 0x0 0x0
1787980621738,0x1 0x8b 0xd 0x4a 0xa9 0x86 0x7f 0x20 0x13 0x0 0xd 0x5f 0xc7 0x0 0x68 0x1f 0xd9 0x1f 0x73 0x38 0x56 0x6 0x99 0x2 0x0 0x28 0x65 0x1 0x0 0xa8 0x0 0xa7 0x0 0x52 0x0 0x59 0x0 0x6e 0x6e 0x6e 0x6e 0x6e 0x6e 0xca 0x4 0x8a 0x4 0xa9 0x4 0x89 0x4 0x9f 0x4 0x87 0x4 0x9f 0x4 0x81 0x4 0x24 0x0 0x3 0x82 0x82 0x80 0x7d 0x4d 0x80 0x4f 0x80 0xa6 0x82 0xeb 0x7b 0x57 0x62 0x1a 0x1a 0x9a 0x3a 0x0 0x0 0x29 0xe8 0x9a 0xec 0x0 0x0 0x0 0x0 0xdd 0x8c 0xdc 0x7a 0x0 0xa4 0xa4 0x0 0x8 0xac 0x5 0x0 0x0
1787980621962,0x1 0x8b 0xd 0x4a 0xa9 0x86 0x7f 0x20 0x13 0x0 0xd 0x61 0xce 0x0 0x32 0x20 0x2 0x20 0x73 0x38 0x66 0x6 0x99 0x2 0x0 0x28 0x65 0x1 0x0 0xad 0x0 0xa7 0x0 0x56 0x0 0x5a 0x0 0x6e 0x6e 0x6e 0x6e 0x6e 0x6e 0x91 0x4 0x7a 0x4 0x8a 0x4 0x7b 0x4 0x8e 0x4 0x7f 0x4 0x8c 0x4 0x7f 0x4 0x23 0x0 0x3 0x7f 0x82 0x80 0x7d 0x4d 0x80 0x4f 0x80 0xa6 0x82 0xeb 0x7b 0x57 0x62 0x1a 0x1a 0x9a 0x3b 0x0 0x0 0x29 0xe8 0x9a 0xec 0x0 0x0 0x0 0x0 0xdc 0x8f 0xdc 0x7a 0x0 0xa4 0xa4 0x0 0x8 0xac 0x5 0x0 0x0
1787980622187,0x1 0x8a 0xd 0x49 0xa9 0x86 0x7f 0x21 0x14 0x0 0xd 0x63 0xcb 0x0 0xb5 0x1f 0xf4 0x1f 0x73 0x38 0x67 0x6 0x99 0x2 0x0 0x28 0x65 0x1 0x0 0xa5 0x0 0xa4 0x0 0x55 0x0 0x5a 0x0 0x6e 0x6e 0x6e 0x6e 0x6e 0x6e 0x7a 0x4 0x4f 0x4 0x7d 0x4 0x4e 0x4 0x78 0x4 0x47 0x4 0x75 0x4 0x47 0x4 0x23 0x0 0x3 0x7c 0x78 0x80 0x7b 0x4d 0x80 0x4f 0x80 0xa6 0x82 0xeb 0x7b 0x57 0x62 0x1a 0x1a 0x9a 0x3b 0x0 0x0 0x29 0xe8 0x9a 0xec 0x0 0x0 0x0 0x0 0xdc 0x8f 0xdc 0x7a 0x0 0xa4 0xa4 0x0 0x8 0xb9 0x5 0x0 0x0
1787980622412,0x1 0x8a 0xd 0x49 0xa9 0x86 0x7f 0x21 0x14 0x0 0xd 0x61 0xce 0x0 0x32 0x20 0x2 0x20 0x73 0x38 0x66 0x6 0x99 0x2 0x0 0x28 0x65 0x1 0x0 0x98 0x0 0x91 0x0 0x55 0x0 0x5a 0x0 0x6e 0x6e 0x6e 0x6e 0x6e 0x6e 0x6c 0x4 0x3d 0x4 0x69 0x4 0x3b 0x4 0x64 0x4 0x38 0x4 0x66 0x4 0x38 0x4 0x23 0x0 0x3 0x79 0x75 0x80 0x7b 0x4d 0x80 0x4f 0x80 0xa6 0x82 0xeb 0x7b 0x57 0x62 0x1a 0x1a 0x9a 0x3b 0x0 0x0 0x29 0xe8 0x9a 0xec 0x0 0x0 0x0 0x0 0xdc 0x8f 0xdc 0x7a 0x0 0xa4 0xa4 0x0 0x8 0xb9 0x5 0x0 0x0
1787980622635,0x1 0x8c 0xd 0x49 0xa9 0x86 0x7f 0x21 0x14 0x0 0xd 0x62 0xd1 0x0 0x9b 0x20 0x4b 0x20 0x73 0x38 0x69 0x6 0x99 0x2 0x0 0x28 0x65 0x1 0x0 0x3d 0x0 0x2e 0x0 0x55 0x0 0x5a 0x0 0x6e 0x6e 0x6e 0x6e 0x6e 0x6e 0x5d 0x4 0x53 0x4 0x59 0x4 0x59 0x4 0x7e 0x4 0x5e 0x4 0x82 0x4 0x5e 0x4 0x23 0x0 0x3 0x7e 0x7c 0x80 0x7b 0x4d 0x80 0x4f 0x80 0xa6 0x82 0xeb 0x7b 0x57 0x62 0x1a 0x1a 0x9a 0x3b 0x0 0x0 0x29 0xe8 0x9a 0xec 0x0 0x0 0x0 0x0 0xdc 0x95 0xdc 0x7a 0x0 0xa4 0xa4 0x0 0x8 0x9f 0x5 0x0 0x0
1787980622858,0x1 0x8c 0xd 0x49 0xa9 0x86 0x7f 0x21 0x14 0x0 0xd 0x61 0xcf 0x0 0x2d 0x20 0xff 0x1f 0x73 0x38 0x6f 0x6 0x99 0x2 0x0 0x28 0x65 0x1 0x0 0x16 0x0 0x19 0x0 0x54 0x0 0x59 0x0 0x6e 0x6e 0x6e 0x6e 0x6e 0x6e 0x7e 0x4 0x5a 0x4 0x7f 0x4 0x5b 0x4 0x80 0x4 0x5d 0x4 0x81 0x4 0x5d 0x4 0x23 0x0 0x3 0x81 0x7f 0x80 0x7b 0x4d 0x80 0x4f 0x80 0xa6 0x82 0xeb 0x7b 0x57 0x62 0x1a 0x1a 0x9a 0x3b 0x0 0x0 0x29 0xe8 0x9a 0xec 0x0 0x0 0x0 0x0 0xdc 0x8f 0xdc 0x7a 0x0 0xa4 0xa4 0x0 0x8 0x9f 0x5 0x0 0x0
1787980623083,0x1 0x8b 0xd 0x49 0xa9 0x86 0x7f 0x21 0x14 0x0 0xd 0x61 0xcc 0x0 0xb5 0x1f 0x99 0x1f 0x73 0x39 0x6f 0x6 0x99 0x2 0x0 0x28 0x65 0x1 0x0 0x1b 0x0 0x20 0x0 0x54 0x0 0x59 0x0 0x6e 0x6e 0x6e 0x6e 0x6e 0x6e 0x7f 0x4 0x5f 0x4 0x86 0x4 0x60 0x4 0x7d 0x4 0x57 0x4 0x7f 0x4 0x5b 0x4 0x23 0x0 0x3 0x84 0x82 0x80 0x7b 0x4d 0x80 0x4f 0x80 0xa6 0x82 0xeb 0x7b 0x57 0x62 0x1a 0x1a 0x9a 0x3b 0x0 0x0 0x29 0xe8 0x9a 0xec 0x0 0x0 0x0 0x0 0xdd 0x8f 0xdc 0x7a 0x0 0xa4 0xa4 0x0 0x8 0xac 0x5 0x0 0x0
1787980623306,0x1 0x8a 0xd 0x49 0xa9 0x86 0x7f 0x21 0x14 0x0 0xd 0x61 0xcc 0x0 0xb0 0x1f 0x9f 0x1f 0x73 0x39 0x70 0x6 0x99 0x2 0x0 0x28 0x65 0x1 0x0 0x3b 0x0 0x23 0x0 0x54 0x0 0x59 0x0 0x6e 0x6e 0x6e 0x6e 0x6e 0x6e 0x89 0x4 0x67 0x4 0x87 0x4 0x66 0x4 0x86 0x4 0x62 0x4 0x8a 0x4 0x67 0x4 0x23 0x0 0x3 0x87 0x86 0x80 0x7b 0x4d 0x80 0x4f 0x80 0xa6 0x82 0xeb 0x7b 0x57 0x62 0x1a 0x1a 0x9a 0x3b 0x0 0x0 0x29 0xe8 0x9a 0xec 0x0 0x0 0x0 0x0 0xde 0x8f 0xdc 0x7a 0x0 0xa4 0xa4 0x0 0x8 0xb9 0x5 0x0 0x0
1787980623531,0x1 0x8b 0xd 0x49 0xa9 0x86 0x7f 0x21 0x14 0x0 0xd 0x60 0xc8 0x0 0x8 0x1f 0x9b 0x1f 0x73 0x39 0x72 0x6 0x99 0x2 0x0 0x28 0x65 0x1 0x0 0x80 0x0 0x7f 0x0 0x55 0x0 0x59 0x0 0x6e 0x6e 0x6e 0x6e 0x6e 0x6e 0x97 0x4 0x70 0x4 0x97 0x4 0x75 0x4 0x9c 0x4 0x76 0x4 0x92 0x4 0x70 0x4 0x23 0x0 0x3 0x8a 0x88 0x80 0x7b 0x4d 0x80 0x4f 0x80 0xa6 0x82 0xeb 0x7b 0x57 0x62 0x1a 0x1a 0x9a 0x3b 0x0 0x0 0x29 0xe8 0x9a 0xec 0x0 0x0 0x0 0x0 0xde 0x8f 0xdc 0x7a 0x0 0xa4 0xa4 0x0 0x8 0xac 0x5 0x0 0x0
1787980623754,0x1 0x8b 0xd 0x49 0xa9 0x86 0x7f 0x20 0x14 0x0 0xd 0x60 0xcc 0x0 0x89 0x1f 0x96 0x1f 0x73 0x39 0x78 0x6 0x99 0x2 0x0 0x28 0x65 0x1 0x0 0x9e 0x0 0xa2 0x0 0x55 0x0 0x59 0x0 0x6e 0x6e 0x6e 0x6e 0x6e 0x6e 0x65 0x4 0x6c 0x4 0x63 0x4 0x71 0x4 0x68 0x4 0x6d 0x4 0x63 0x4 0x6c 0x4 0x23 0x0 0x3 0x80 0x88 0x80 0x7b 0x4d 0x80 0x4f 0x80 0xa6 0x82 0xeb 0x7b 0x57 0x62 0x1a 0x1a 0x9a 0x3b 0x0 0x0 0x29 0xe8 0x9a 0xec 0x0 0x0 0x0 0x0 0xde 0x8f 0xdc 0x7a 0x0 0xa4 0xa4 0x0 0x8 0xac 0x5 0x0 0x0
1787980623979,0x1 0x8b 0xd 0x49 0xa9 0x86 0x7f 0x20 0x14 0x0 0xd 0x61 0xcf 0x0 0xa 0x20 0xc3 0x1f 0x73 0x39 0x76 0x6 0x99 0x2 0x0 0x28 0x65 0x1 0x0 0x89 0x0 0xa3 0x0 0x54 0x0 0x5a 0x0 0x6e 0x6e 0x6e 0x6e 0x6e 0x6e 0x56 0x4 0x4d 0x4 0x5c 0x4 0x40 0x4 0x51 0x4 0x45 0x4 0x5c 0x4 0x4e 0x4 0x23 0x0 0x3 0x7d 0x80 0x80 0x7e 0x4d 0x80 0x4f 0x80 0xa6 0x82 0xeb 0x7b 0x57 0x62 0x1a 0x1a 0x9a 0x3b 0x0 0x0 0x29 0xe8 0x9a 0xec 0x0 0x0 0x0 0x0 0xde 0x8f 0xdc 0x7a 0x0 0xa4 0xa4 0x0 0x8 0xac 0x5 0x0 0x0
1787980624201,0x1 0x8a 0xd 0x49 0xa9 0x87 0x7f 0xd 0x0 0x0 0xd 0x34 0x53 0x0 0x2a 0xd 0x22 0x16 0x73 0x39 0x4e 0x6 0x99 0x2 0x0 0x28 0x65 0x1 0x0 0x1f 0x0 0x9d 0x0 0x54 0x0 0x5a 0x0 0x6f 0x6f 0x6f 0x6f 0x6f 0x6f 0x26 0x3 0xd5 0x2 0xd6 0x2 0x9b 0x2 0x71 0x3 0x1c 0x3 0xbe 0x2 0x9b 0x2 0x27 0x0 0x3 0x84 0x7d 0x83 0x7e 0x4d 0x80 0x4f 0x80 0xa6 0x82 0xeb 0x7b 0x57 0x62 0x1a 0x1a 0x9a 0x3a 0x0 0x0 0x29 0xe8 0x9a 0xec 0x0 0x0 0x0 0x0 0xe3 0x7f 0xdc 0x7a 0x0 0xa4 0xa4 0x0 0x0 0xb9 0x5 0x0 0x0
1787980624425,0x1 0x8b 0xd 0x49 0xa9 0x87 0x7f 0xe 0x0 0x0 0xd 0x33 0x4b 0x0 0x4 0xd 0x14 0xe 0x73 0x39 0xc3 0x5 0x99 0x2 0x0 0x28 0x65 0x1 0x0 0xb0 0x0 0xaf 0x0 0x55 0x0 0x5a 0x0 0x79 0x79 0x79 0x79 0x79 0x79 0xe9 0x1 0xd6 0x1 0xe3 0x1 0xe0 0x1 0xeb 0x1 0xda 0x1 0xe3 0x1 0xd4 0x1 0x29 0x0 0x3 0x7d 0x7b 0x80 0x7e 0x4d 0x80 0x4f 0x80 0xa6 0x82 0xeb 0x7b 0x57 0x62 0x40 0x1a 0xe0 0x3a 0x46 0x5 0x29 0xe8 0x9a 0xec 0x0 0x0 0x0 0x0 0xf9 0x31 0xdc 0x7a 0x0 0xa4 0xa4 0x0 0x0 0xac 0x5 0x0 0x0
1787980624650,0x1 0x8b 0xd 0x49 0xa9 0x87 0x7f 0x18 0xb 0x0 0xd 0x4a 0x7b 0x0 0xed 0x15 0xb1 0x13 0x73 0x39 0x9c 0x5 0x99 0x2 0x0 0x28 0x65 0x1 0x0 0xaf 0x0 0xa6 0x0 0x55 0x0 0x5b 0x0 0x73 0x73 0x73 0x73 0x73 0x73 0x95 0x2 0x9a 0x2 0xcf 0x2 0xcc 0x2 0xf4 0x2 0xf3 0x2 0xc 0x3 0xf3 0x2 0x28 0x0 0x3 0x7b 0x79 0x80 0x7e 0x4d 0x80 0x4f 0x80 0xa6 0x82 0xeb 0x7b 0x57 0x62 0x40 0x1a 0xc0 0x34 0x26 0x1 0x29 0xe8 0x9a 0xec 0x0 0x0 0x0 0x0 0xff 0x49 0xdc 0x7a 0x0 0xa4 0xa4 0x0 0x8 0xac 0x5 0x0 0x0
1787980624873,0x1 0x8b 0xd 0x49 0xa9 0x87 0x7f 0x18 0xb 0x0 0xd 0x4c 0x83 0x0 0xb1 0x15 0x75 0x15 0x73 0x39 0xa 0x6 0x99 0x2 0x0 0x28 0x65 0x1 0x0 0xab 0x0 0xa7 0x0 0x55 0x0 0x5b 0x0 0x68 0x68 0x68 0x68 0x68 0x68 0x1f 0x3 0x2 0x3 0x19 0x3 0x1 0x3 0x1a 0x3 0x2 0x3 0x1d 0x3 0x2 0x3 0x27 0x0 0x3 0x74 0x71 0x7b 0x79 0x4d 0x80 0x4f 0x80 0xa6 0x82 0xeb 0x7b 0x57 0x62 0x40 0x40 0x9a 0x37 0x0 0x0 0x29 0xe8 0x9a 0xec 0x0 0x0 0x0 0x0 0xee 0x58 0xdc 0x7a 0x0 0xa4 0xa4 0x0 0x8 0xac 0x5 0x0 0x0
1787980625099,0x1 0x89 0xd 0x49 0xa9 0x87 0x7f 0x19 0xb 0x0 0xd 0x4d 0x87 0x0 0x84 0x16 0x47 0x16 0x73 0x39 0xff 0x5 0x99 0x2 0x0 0x28 0x65 0x1 0x0 0xad 0x0 0xaa 0x0 0x56 0x0 0x5b 0x0 0x69 0x69 0x69 0x69 0x69 0x69 0x22 0x3 0x9 0x3 0x29 0x3 0xc 0x3 0x29 0x3 0x3 0x3 0x29 0x3 0xd 0x3 0x27 0x0 0x3 0x71 0x6f 0x7b 0x79 0x4d 0x80 0x4f 0x80 0xa6 0x82 0xeb 0x7b 0x56 0x61 0x40 0x40 0x9a 0x36 0x0 0x0 0x29 0xe8 0x9a 0xec 0x0 0x0 0x0 0x0 0xef 0x53 0xdc 0x7a 0x0 0xa4 0xa4 0x0 0x8 0xcb 0x5 0x0 0x0
1787980625322,0x1 0x8c 0xd 0x49 0xa9 0x87 0x7f 0x1a 0xd 0x0 0xd 0x4e 0x89 0x0 0xd5 0x16 0x77 0x16 0x73 0x39 0x0 0x6 0x99 0x2 0x0 0x28 0x65 0x1 0x0 0xa6 0x0 0xa6 0x0 0x55 0x0 0x5b 0x0 0x69 0x69 0x69 0x69 0x69 0x69 0x17 0x3 0xfc 0x2 0x18 0x3 0x0 0x3 0x1a 0x3 0xfa 0x2 0x1b 0x3 0x0 0x3 0x27 0x0 0x3 0x6e 0x6c 0x7b 0x79 0x4d 0x80 0x4f 0x80 0xa6 0x82 0xeb 0x7b 0x56 0x61 0x40 0x40 0x9a 0x37 0x0 0x0 0x29 0xe8 0x9a 0xec 0x0 0x0 0x0 0x0 0xef 0x51 0xdc 0x7a 0x0 0xa4 0xa4 0x0 0x8 0x9f 0x5 0x0 0x0
1787980625547,0x1 0x8c 0xd 0x49 0xa9 0x87 0x7f 0x1e 0x10 0x0 0xd 0x59 0xab 0x0 0x30 0x1c 0xb2 0x1a 0x73 0x39 0x11 0x6 0x99 0x2 0x0 0x28 0x65 0x1 0x0 0x86 0x0 0x94 0x0 0x55 0x0 0x5b 0x0 0x6c 0x6c 0x6c 0x6c 0x6c 0x6c 0x8a 0x3 0x7a 0x3 0xa7 0x3 0x3e 0x3 0x6a 0x3 0x5b 0x3 0xa7 0x3 0x86 0x3 0x26 0x0 0x3 0x6c 0x69 0x7b 0x79 0x4d 0x80 0x4f 0x80 0xa6 0x82 0xeb 0x7b 0x56 0x61 0x40 0x40 0x9a 0x38 0x0 0x0 0x29 0xe8 0x9a 0xec 0x0 0x0 0x0 0x0 0xec 0x53 0xdc 0x7a 0x0 0xa4 0xa4 0x0 0x8 0x9f 0x5 0x0 0x0
1787980625769,0x1 0x8b 0xd 0x49 0xa9 0x87 0x7f 0x1f 0x12 0x0 0xd 0x5d 0xb9 0x0 0xa8 0x1d 0x49 0x1d 0x73 0x39 0x3d 0x6 0x99 0x2 0x0 0x28 0x65 0x1 0x0 0x1e 0x0 0x35 0x0 0x54 0x0 0x5a 0x0 0x6d 0x6d 0x6d 0x6d 0x6d 0x6d 0x17 0x4 0xea 0x3 0x1a 0x4 0xdb 0x3 0xa 0x4 0xe1 0x3 0x1a 0x4 0xed 0x3 0x25 0x0 0x3 0x74 0x70 0x76 0x75 0x4d 0x80 0x4f 0x80 0xa6 0x82 0xeb 0x7b 0x56 0x61 0x40 0x40 0x9a 0x39 0x0 0x0 0x29 0xe8 0x9a 0xec 0x0 0x0 0x0 0x0 0xe5 0x53 0xdc 0x7a 0x0 0xa4 0xa4 0x0 0x8 0xac 0x5 0x0 0x0
1787980625995,0x1 0x89 0xd 0x49 0xa9 0x87 0x7f 0x1f 0x12 0x0 0xd 0x5e 0xbf 0x0 0x25 0x1e 0xf7 0x1d 0x73 0x39 0x56 0x6 0x99 0x2 0x0 0x28 0x65 0x1 0x0 0x10 0x0 0x1b 0x0 0x52 0x0 0x59 0x0 0x6d 0x6d 0x6d 0x6d 0x6d 0x6d 0x34 0x4 0x8 0x4 0x36 0x4 0x3 0x4 0x32 0x4 0x7 0x4 0x36 0x4 0x9 0x4 0x24 0x0 0x3 0x77 0x73 0x76 0x75 0x4d 0x80 0x4f 0x80 0xa6 0x82 0xeb 0x7b 0x56 0x61 0x40 0x40 0x9a 0x3a 0x0 0x0 0x29 0xe8 0x9a 0xec 0x0 0x0 0x0 0x0 0xe2 0x4e 0xdc 0x7a 0x0 0xa4 0xa4 0x0 0x8 0xcb 0x5 0x0 0x0
1787980626217,0x1 0x8a 0xd 0x49 0xa9 0x86 0x7f 0x20 0x13 0x0 0xd 0x5e 0xc0 0x0 0x19 0x1e 0x53 0x1e 0x73 0x39 0x61 0x6 0x99 0x2 0x0 0x28 0x65 0x1 0x0 0x10 0x0 0x17 0x0 0x51 0x0 0x5a 0x0 0x6d 0x6d 0x6d 0x6d 0x6d 0x6d 0x4e 0x4 0x1f 0x4 0x4c 0x4 0x17 0x4 0x48 0x4 0x21 0x4 0x4c 0x4 0x1f 0x4 0x23 0x0 0x3 0x7a 0x76 0x76 0x75 0x4d 0x80 0x4f 0x80 0xa6 0x82 0xeb 0x7b 0x57 0x62 0x40 0x40 0x9a 0x3b 0x0 0x0 0x29 0xe8 0x9a 0xec 0x0 0x0 0x0 0x0 0xe0 0x49 0xdc 0x7a 0x0 0xa4 0xa4 0x0 0x8 0xb9 0x5 0x0 0x0
1787980626441,0x1 0x8c 0xd 0x49 0xa9 0x86 0x7f 0x20 0x13 0x0 0xd 0x5f 0xc6 0x0 0xdf 0x1e 0xc1 0x1e 0x73 0x39 0x6a 0x6 0x99 0x2 0x0 0x28 0x65 0x1 0x0 0x13 0x0 0x13 0x0 0x4e 0x0 0x58 0x0 0x6d 0x6d 0x6d 0x6d 0x6d 0x6d 0x61 0x4 0x34 0x4 0x62 0x4 0x34 0x4 0x61 0x4 0x36 0x4 0x62 0x4 0x34 0x4 0x23 0x0 0x3 0x7d 0x79 0x76 0x75 0x4d 0x80 0x4f 0x80 0xa6 0x82 0xeb 0x7b 0x57 0x62 0x40 0x40 0x9a 0x3b 0x0 0x0 0x29 0xe8 0x9a 0xec 0x0 0x0 0x0 0x0 0xdf 0x3a 0xdc 0x7a 0x0 0xa4 0xa4 0x0 0x8 0x9f 0x5 0x0 0x0
1787980626666,0x1 0x8b 0xd 0x49 0xa9 0x87 0x7f 0x20 0x13 0x0 0xd 0x5f 0xc7 0x0 0xf8 0x1e 0xd1 0x1e 0x73 0x39 0x6d 0x6 0x99 0x2 0x0 0x28 0x65 0x1 0x0 0x19 0x0 0x15 0x0 0x4d 0x0 0x57 0x0 0x6d 0x6d 0x6d 0x6d 0x6d 0x6d 0x6a 0x4 0x3f 0x4 0x69 0x4 0x3f 0x4 0x67 0x4 0x3c 0x4 0x6b 0x4 0x3f 0x4 0x23 0x0 0x3 0x81 0x7c 0x76 0x75 0x4d 0x80 0x4f 0x80 0xa6 0x82 0xeb 0x7b 0x57 0x62 0x40 0x40 0x9a 0x3b 0x0 0x0 0x29 0xe8 0x9a 0xec 0x0 0x0 0x0 0x0 0xdf 0x30 0xdc 0x7a 0x0 0xa4 0xa4 0x0 0x8 0xac 0x5 0x0 0x0
1787980626889,0x1 0x8b 0xd 0x49 0xa9 0x87 0x7f 0x21 0x13 0x0 0xd 0x62 0xd0 0x0 0x41 0x20 0x9c 0x1f 0x73 0x39 0x73 0x6 0x99 0x2 0x0 0x28 0x65 0x1 0x0 0x1d 0x0 0x1e 0x0 0x4c 0x0 0x55 0x0 0x6e 0x6e 0x6e 0x6e 0x6e 0x6e 0x81 0x4 0x5b 0x4 0x8a 0x4 0x63 0x4 0x7a 0x4 0x4e 0x4 0x91 0x4 0x63 0x4 0x23 0x0 0x3 0x84 0x7f 0x76 0x75 0x4d 0x80 0x4f 0x80 0xa6 0x82 0xeb 0x7b 0x57 0x62 0x40 0x40 0x9a 0x3b 0x0 0x0 0x29 0xe8 0x9a 0xec 0x0 0x0 0x0 0x0 0xdf 0x27 0xdc 0x7a 0x0 0xa4 0xa4 0x0 0x8 0xac 0x5 0x0 0x0
1787980627114,0x1 0x8b 0xd 0x49 0xa9 0x87 0x7f 0x21 0x13 0x0 0xd 0x61 0xcf 0x0 0xf6 0x1f 0xef 0x1f 0x73 0x39 0x7a 0x6 0x99 0x2 0x0 0x28 0x65 0x1 0x0 0x6a 0x0 0x5d 0x0 0x4c 0x0 0x56 0x0 0x6e 0x6e 0x6e 0x6e 0x6e 0x6e 0x9d 0x4 0x71 0x4 0xa2 0x4 0x74 0x4 0xa4 0x4 0x6f 0x4 0xa4 0x4 0x76 0x4 0x23 0x0 0x3 0x87 0x83 0x76 0x75 0x4d 0x80 0x4f 0x80 0xa6 0x82 0xeb 0x7b 0x57 0x62 0x40 0x40 0x9a 0x3b 0x0 0x0 0x29 0xe8 0x9a 0xec 0x0 0x0 0x0 0x0 0xde 0x1c 0xdc 0x7a 0x0 0xa4 0xa4 0x0 0x8 0xac 0x5 0x0 0x0
1787980627338,0x1 0x8c 0xd 0x49 0xa9 0x87 0x7f 0x21 0x13 0x0 0xd 0x63 0xd2 0x0 0x45 0x20 0x1e 0x20 0x73 0x39 0x82 0x6 0x99 0x2 0x0 0x28 0x65 0x1 0x0 0xa1 0x0 0x9b 0x0 0x4d 0x0 0x55 0x0 0x6e 0x6e 0x6e 0x6e 0x6e 0x6e 0x86 0x4 0x7c 0x4 0x86 0x4 0x7d 0x4 0x85 0x4 0x7d 0x4 0x85 0x4 0x7d 0x4 0x23 0x0 0x3 0x7e 0x83 0x79 0x75 0x4d 0x80 0x4f 0x80 0xa6 0x82 0xeb 0x7b 0x57 0x62 0x40 0x40 0x9a 0x3b 0x0 0x0 0x29 0xe8 0x9a 0xec 0x0 0x0 0x0 0x0 0xde 0xc 0xdc 0x7a 0x0 0xa4 0xa4 0x0 0x8 0x9f 0x5 0x0 0x0
1787980627578,0x1 0x8b 0xd 0x49 0xa9 0x87 0x7f 0x21 0x14 0x0 0xd 0x61 0xd4 0x0 0x8f 0x20 0x1d 0x20 0x73 0x39 0x83 0x6 0x99 0x2 0x0 0x28 0x65 0x1 0x0 0x9d 0x0 0xa5 0x0 0x52 0x0 0x56 0x0 0x6e 0x6e 0x6e 0x6e 0x6e 0x6e 0x75 0x4 0x7d 0x4 0x74 0x4 0x57 0x4 0x71 0x4 0x58 0x4 0x75 0x4 0x5b 0x4 0x23 0x0 0x3 0x7b 0x7b 0x79 0x75 0x4d 0x80 0x4f 0x80 0xa6 0x82 0xeb 0x7b 0x57 0x62 0x40 0x40 0x9a 0x3b 0x0 0x0 0x29 0xe8 0x9a 0xec 0x0 0x0 0x0 0x0 0xde 0x0 0xdc 0x7a 0x0 0xa4 0xa4 0x0 0x8 0xac 0x5 0x0 0x0
1787980627816,0x1 0x89 0xd 0x49 0xa9 0x87 0x7f 0x21 0x14 0x0 0xd 0x63 0xd2 0x0 0x27 0x20 0x5e 0x20 0x73 0x3a 0x88 0x6 0x99 0x2 0x0 0x28 0x65 0x1 0x0 0x72 0x0 0x99 0x0 0x53 0x0 0x5b 0x0 0x6e 0x6e 0x6e 0x6e 0x6e 0x6e 0x71 0x4 0x57 0x4 0x6f 0x4 0x55 0x4 0x6f 0x4 0x57 0x4 0x6f 0x4 0x54 0x4 0x23 0x0 0x3 0x77 0x78 0x79 0x75 0x4d 0x80 0x4f 0x80 0xa6 0x82 0xeb 0x7b 0x57 0x62 0x40 0x40 0x9a 0x3b 0x0 0x0 0x29 0xe8 0x9a 0xec 0x0 0x0 0x0 0x0 0xdd 0x0 0xdc 0x7a 0x0 0xa4 0xa4 0x0 0x8 0xcb 0x5 0x0 0x0
1787980628040,0x1 0x8b 0xd 0x49 0xa9 0x87 0x7f 0x21 0x14 0x0 0xd 0x63 0xd8 0x0 0x1d 0x21 0xd5 0x20 0x73 0x3a 0x86 0x6 0x99 0x2 0x0 0x28 0x65 0x1 0x0 0x1a 0x0 0x5b 0x0 0x51 0x0 0x5a 0x0 0x6f 0x6f 0x6f 0x6f 0x6f 0x6f 0xa0 0x4 0x51 0x4 0xa3 0x4 0x54 0x4 0x9e 0x4 0x56 0x4 0xa7 0x4 0x54 0x4 0x23 0x0 0x3 0x80 0x74 0x7f 0x75 0x4d 0x80 0x4f 0x80 0xa6 0x82 0xeb 0x7b 0x57 0x62 0x40 0x40 0x9a 0x3b 0x0 0x0 0x29 0xe8 0x9a 0xec 0x0 0x0 0x0 0x0 0xde 0x0 0xdc 0x7a 0x0 0xa4 0xa4 0x0 0x8 0xac 0x5 0x0 0x0
1787980628264,0x1 0x8b 0xd 0x4a 0xa9 0x87 0x7f 0x21 0x14 0x0 0xd 0x63 0xd9 0x0 0x2a 0x21 0x86 0x20 0x73 0x3a 0x8b 0x6 0x99 0x2 0x0 0x28 0x65 0x1 0x0 0x37 0x0 0x21 0x0 0x50 0x0 0x59 0x0 0x6e 0x6e 0x6e 0x6e 0x6e 0x6e 0x94 0x4 0x62 0x4 0x9c 0x4 0x6d 0x4 0xab 0x4 0x61 0x4 0xab 0x4 0x73 0x4 0x23 0x0 0x3 0x84 0x7e 0x7f 0x7b 0x4d 0x80 0x4f 0x80 0xa6 0x82 0xeb 0x7b 0x57 0x62 0x40 0x40 0x9a 0x3b 0x0 0x0 0x29 0xe8 0x9a 0xec 0x0 0x0 0x0 0x0 0xde 0x0 0xdc 0x7a 0x0 0xa4 0xa4 0x0 0x8 0xac 0x5 0x0 0x0
1787980628489,0x1 0x8a 0xd 0x4a 0xa9 0x87 0x7f 0x21 0x14 0x0 0xd 0x64 0xd5 0x0 0x6b 0x20 0x6c 0x20 0x73 0x3a 0x92 0x6 0x99 0x2 0x0 0x28 0x65 0x1 0x0 0x89 0x0 0x23 0x0 0x51 0x0 0x57 0x0 0x6e 0x6e 0x6e 0x6e 0x6e 0x6e 0xab 0x4 0x7a 0x4 0xb0 0x4 0x7e 0x4 0xb2 0x4 0x7e 0x4 0xb0 0x4 0x7e 0x4 0x23 0x0 0x3 0x86 0x81 0x7f 0x7b 0x4d 0x80 0x4f 0x80 0xa6 0x82 0xeb 0x7b 0x57 0x62 0x40 0x40 0x9a 0x3b 0x0 0x0 0x29 0xe8 0x9a 0xec 0x0 0x0 0x0 0x0 0xdd 0x0 0xdc 0x7a 0x0 0xa4 0xa4 0x0 0x8 0xb9 0x5 0x0 0x0
1787980628714,0x1 0x8a 0xd 0x4a 0xa9 0x87 0x7f 0x21 0x14 0x0 0xd 0x63 0xd3 0x0 0x31 0x20 0x2b 0x20 0x73 0x3a 0x8e 0x6 0x99 0x2 0x0 0x28 0x65 0x1 0x0 0xa2 0x0 0x8f 0x0 0x53 0x0 0x59 0x0 0x6e 0x6e 0x6e 0x6e 0x6e 0x6e 0x7a 0x4 0x87 0x4 0x7f 0x4 0x80 0x4 0x79 0x4 0x81 0x4 0x7a 0x4 0x81 0x4 0x23 0x0 0x3 0x7c 0x84 0x7e 0x7b 0x4d 0x80 0x4f 0x80 0xa6 0x82 0xeb 0x7b 0x57 0x62 0x40 0x40 0x9a 0x3b 0x0 0x0 0x29 0xe8 0x9a 0xec 0x0 0x0 0x0 0x0 0xde 0x0 0xdc 0x7a 0x0 0xa4 0xa4 0x0 0x8 0xb9 0x5 0x0 0x0
1787980628938,0x1 0x8b 0xd 0x4a 0xa9 0x87 0x7f 0x21 0x14 0x0 0xd 0x63 0xd8 0x0 0xef 0x20 0x78 0x20 0x73 0x3a 0x8f 0x6 0x99 0x2 0x0 0x28 0x65 0x1 0x0 0x98 0x0 0xa4 0x0 0x54 0x0 0x59 0x0 0x6e 0x6e 0x6e 0x6e 0x6e 0x6e 0x75 0x4 0x8d 0x4 0x78 0x4 0x8a 0x4 0x71 0x4 0x88 0x4 0x75 0x4 0x8c 0x4 0x23 0x0 0x3 0x78 0x84 0x7e 0x7b 0x4d 0x80 0x4f 0x80 0xa6 0x82 0xeb 0x7b 0x57 0x62 0x40 0x40 0x9a 0x3b 0x0 0x0 0x29 0xe8 0x9a 0xec 0x0 0x0 0x0 0x0 0xde 0x0 0xdc 0x7a 0x0 0xa4 0xa4 0x0 0x8 0xac 0x5 0x0 0x0
1787980629178,0x1 0x8b 0xd 0x4a 0xa9 0x87 0x7f 0x21 0x14 0x0 0xd 0x63 0xd6 0x0 0x7e 0x20 0x65 0x20 0x73 0x3a 0x96 0x6 0x99 0x2 0x0 0x28 0x65 0x1 0x0 0x3d 0x0 0xa6 0x0 0x53 0x0 0x5c 0x0 0x6e 0x6e 0x6e 0x6e 0x6e 0x6e 0x62 0x4 0x60 0x4 0x84 0x4 0x69 0x4 0x69 0x4 0x61 0x4 0x84 0x4 0x5f 0x4 0x23 0x0 0x3 0x7c 0x7a 0x7e 0x7c 0x4d 0x80 0x4f 0x80 0xa6 0x82 0xeb 0x7b 0x57 0x62 0x40 0x40 0x9a 0x3b 0x0 0x0 0x29 0xe8 0x9a 0xec 0x0 0x0 0x0 0x0 0xde 0x0 0xdc 0x7a 0x0 0xa4 0xa4 0x0 0x8 0xac 0x5 0x0 0x0
1787980629402,0x1 0x89 0xd 0x4a 0xa9 0x87 0x7f 0x21 0x14 0x0 0xd 0x63 0xd2 0x0 0xf6 0x1f 0x7a 0x20 0x73 0x3a 0x92 0x6 0x99 0x2 0x0 0x28 0x65 0x1 0x0 0x1a 0x0 0x97 0x0 0x51 0x0 0x5c 0x0 0x6e 0x6e 0x6e 0x6e 0x6e 0x6e 0x96 0x4 0x58 0x4 0x9c 0x4 0x51 0x4 0x96 0x4 0x58 0x4 0x97 0x4 0x51 0x4 0x23 0x0 0x3 0x80 0x76 0x7e 0x7c 0x4d 0x80 0x4f 0x80 0xa6 0x82 0xeb 0x7b 0x57 0x62 0x40 0x40 0x9a 0x3b 0x0 0x0 0x29 0xe8 0x9a 0xec 0x0 0x0 0x0 0x0 0xdf 0x0 0xdc 0x7a 0x0 0xa4 0xa4 0x0 0x8 0xcb 0x5 0x0 0x0
1787980629624,0x1 0x8b 0xd 0x4a 0xa9 0x87 0x7f 0x21 0x14 0x0 0xd 0x64 0xdb 0x0 0x32 0x21 0xd9 0x20 0x73 0x3b 0x99 0x6 0x99 0x2 0x0 0x28 0x65 0x1 0x0 0x2a 0x0 0x5f 0x0 0x52 0x0 0x5c 0x0 0x6e 0x6e 0x6e 0x6e 0x6e 0x6e 0xa7 0x4 0x47 0x4 0xaa 0x4 0x49 0x4 0xb2 0x4 0x4c 0x4 0xb6 0x4 0x4c 0x4 0x23 0x0 0x3 0x84 0x73 0x7e 0x7c 0x4d 0x80 0x4f 0x80 0xa6 0x82 0xeb 0x7b 0x57 0x62 0x40 0x40 0x9a 0x3b 0x0 0x0 0x29 0xe8 0x9a 0xec 0x0 0x0 0x0 0x0 0xdf 0x0 0xdc 0x7a 0x0 0xa4 0xa4 0x0 0x8 0xac 0x5 0x0 0x0
1787980629848,0x1 0x8b 0xd 0x4a 0xa9 0x87 0x7f 0x21 0x14 0x0 0xd 0x62 0xd8 0x0 0xb3 0x20 0x63 0x20 0x73 0x3b 0x9b 0x6 0x99 0x2 0x0 0x28 0x65 0x1 0x0 0x9d 0x0 0x25 0x0 0x52 0x0 0x5b 0x0 0x6d 0x6d 0x6d 0x6d 0x6d 0x6d 0xa7 0x4 0x5c 0x4 0xa9 0x4 0x62 0x4 0xa9 0x4 0x65 0x4 0x8c 0x4 0x65 0x4 0x23 0x0 0x3 0x7e 0x7c 0x7d 0x7b 0x4d 0x80 0x4f 0x80 0xa6 0x82 0xeb 0x7b 0x57 0x62 0x40 0x40 0x9a 0x3b 0x0 0x0 0x29 0xe8 0x9a 0xec 0x0 0x0 0x0 0x0 0xde 0x0 0xdc 0x7a 0x0 0xa4 0xa4 0x0 0x8 0xac 0x5 0x0 0x0
1787980630074,0x1 0x8b 0xd 0x4a 0xa9 0x87 0x7f 0x21 0x14 0x0 0xd 0x62 0xd5 0x0 0x53 0x20 0x2e 0x20 0x73 0x3b 0x97 0x6 0x99 0x2 0x0 0x28 0x65 0x1 0x0 0xa4 0x0 0x23 0x0 0x54 0x0 0x5b 0x0 0x6e 0x6e 0x6e 0x6e 0x6e 0x6e 0x76 0x4 0x6e 0x4 0x7a 0x4 0x69 0x4 0x75 0x4 0x6c 0x4 0x76 0x4 0x6e 0x4 0x23 0x0 0x3 0x7b 0x80 0x7d 0x7b 0x4d 0x80 0x4f 0x80 0xa6 0x82 0xeb 0x7b 0x56 0x61 0x40 0x40 0x9a 0x3b 0x0 0x0 0x29 0xe8 0x9a 0xec 0x0 0x0 0x0 0x0 0xdf 0x0 0xdc 0x7a 0x0 0xa4 0xa4 0x0 0x8 0xac 0x5 0x0 0x0
1787980630297,0x1 0x89 0xd 0x4a 0xa9 0x88 0x7e 0x21 0x14 0x0 0xd 0x62 0xd8 0x0 0xbd 0x20 0xb2 0x20 0x73 0x3b 0x99 0x6 0x99 0x2 0x0 0x28 0x65 0x1 0x0 0x85 0x0 0x7b 0x0 0x54 0x0 0x5b 0x0 0x6e 0x6e 0x6e 0x6e 0x6e 0x6e 0x79 0x4 0x8f 0x4 0x7c 0x4 0x8e 0x4 0x7c 0x4 0x8d 0x4 0x78 0x4 0x8f 0x4 0x23 0x0 0x3 0x77 0x83 0x7d 0x7b 0x4d 0x80 0x4f 0x80 0xa6 0x82 0xeb 0x7b 0x56 0x61 0x40 0x40 0x9a 0x3b 0x0 0x0 0x29 0xe8 0x9a 0xec 0x0 0x0 0x0 0x0 0xdf 0x0 0xdc 0x7a 0x0 0xa4 0xa4 0x0 0x8 0xcb 0x5 0x0 0x0
1787980630521,0x1 0x8a 0xd 0x4a 0xa9 0x88 0x7e 0x21 0x14 0x0 0xd 0x62 0xd7 0x0 0x79 0x20 0x6e 0x20 0x73 0x3b 0x9f 0x6 0x99 0x2 0x0 0x28 0x65 0x1 0x0 0x2e 0x0 0xa2 0x0 0x53 0x0 0x5d 0x0 0x6e 0x6e 0x6e 0x6e 0x6e 0x6e 0x88 0x4 0x84 0x4 0x8a 0x4 0x85 0x4 0x86 0x4 0x83 0x4 0x8a 0x4 0x85 0x4 0x23 0x0 0x3 0x7e 0x83 0x7e 0x7b 0x4d 0x80 0x4f 0x80 0x6e 0x82 0xeb 0x7b 0x56 0x61 0x40 0x40 0x9a 0x3b 0x0 0x0 0x29 0xe8 0x9a 0xec 0x0 0x0 0x0 0x0 0xdf 0x0 0xdc 0x7a 0x0 0xa4 0xa4 0x0 0x8 0xb9 0x5 0x0 0x0
1787980630745,0x1 0x8b 0xd 0x4a 0xa9 0x88 0x7e 0x21 0x14 0x0 0xd 0x60 0xd2 0x0 0xcb 0x1f 0xeb 0x1f 0x73 0x3b 0x9b 0x6 0x99 0x2 0x0 0x28 0x65 0x1 0x0 0x1f 0x0 0xa5 0x0 0x52 0x0 0x5d 0x0 0x6d 0x6d 0x6d 0x6d 0x6d 0x6d 0x8a 0x4 0x53 0x4 0x88 0x4 0x4d 0x4 0x88 0x4 0x54 0x4 0x88 0x4 0x4d 0x4 0x23 0x0 0x3 0x82 0x7a 0x7e 0x7a 0x4d 0x80 0x4f 0x80 0x6e 0x82 0xeb 0x7b 0x56 0x61 0x40 0x40 0x9a 0x3b 0x0 0x0 0x29 0xe8 0x9a 0xec 0x0 0x0 0x0 0x0 0xe0 0x0 0xdc 0x7a 0x0 0xa4 0xa4 0x0 0x8 0xac 0x5 0x0 0x0
1787980630969,0x1 0x8b 0xd 0x4a 0xa9 0x88 0x7e 0x20 0x13 0x0 0xd 0x60 0xcb 0x0 0xce 0x1e 0x6 0x1f 0x73 0x3b 0x97 0x6 0x99 0x2 0x0 0x28 0x65 0x1 0x0 0x84 0x0 0x9b 0x0 0x52 0x0 0x5d 0x0 0x6d 0x6d 0x6d 0x6d 0x6d 0x6d 0x80 0x4 0x2b 0x4 0x7b 0x4 0x22 0x4 0x74 0x4 0x30 0x4 0x74 0x4 0x20 0x4 0x23 0x0 0x3 0x85 0x77 0x7e 0x7a 0x4d 0x80 0x4f 0x80 0x6e 0x82 0xeb 0x7b 0x56 0x61 0x40 0x40 0x9a 0x3b 0x0 0x0 0x29 0xe8 0x9a 0xec 0x0 0x0 0x0 0x0 0xe0 0x0 0xdc 0x7a 0x0 0xa4 0xa4 0x0 0x8 0xac 0x5 0x0 0x0
1787980631191,0x1 0x89 0xd 0x4a 0xa9 0x88 0x7e 0x1f 0x12 0x0 0xd 0x5d 0xb7 0x0 0xfc 0x1b 0xd1 0x1c 0x73 0x3b 0x8a 0x6 0x99 0x2 0x0 0x28 0x65 0x1 0x0 0xa2 0x0 0x90 0x0 0x52 0x0 0x5d 0x0 0x6b 0x6b 0x6b 0x6b 0x6b 0x6b 0x15 0x4 0xd7 0x3 0xd 0x4 0xd3 0x3 0x6 0x4 0xc7 0x3 0xfd 0x3 0xc7 0x3 0x24 0x0 0x3 0x7b 0x73 0x7d 0x7a 0x4d 0x80 0x4f 0x80 0x6e 0x82 0xeb 0x7b 0x55 0x60 0x40 0x40 0x9a 0x3b 0x0 0x0 0x29 0xe8 0x9a 0xec 0x0 0x0 0x0 0x0 0xe2 0x0 0xdc 0x7a 0x0 0xa4 0xa4 0x0 0x8 0xcb 0x5 0x0 0x0
1787980631416,0x1 0x8a 0xd 0x4a 0xa9 0x88 0x7e 0x1d 0x10 0x0 0xd 0x57 0xa5 0x0 0xa2 0x19 0x68 0x1a 0x73 0x3b 0x70 0x6 0x99 0x2 0x0 0x28 0x65 0x1 0x0 0x92 0x0 0x2f 0x0 0x53 0x0 0x5e 0x0 0x6a 0x6a 0x6a 0x6a 0x6a 0x6a 0xb2 0x3 0x98 0x3 0xa9 0x3 0x92 0x3 0xa2 0x3 0x8e 0x3 0x9e 0x3 0x8e 0x3 0x25 0x0 0x3 0x78 0x7a 0x7d 0x7a 0x4d 0x80 0x4f 0x80 0x6e 0x82 0xeb 0x7b 0x55 0x60 0x40 0x40 0x9a 0x3a 0x0 0x0 0x29 0xe8 0x9a 0xec 0x0 0x0 0x0 0x0 0xe6 0x0 0xdc 0x7a 0x0 0xa4 0xa4 0x0 0x8 0xb9 0x5 0x0 0x0
1787980631640,0x1 0x8c 0xd 0x4a 0xa9 0x88 0x7e 0x1d 0x10 0x0 0xd 0x57 0xa2 0x0 0x6d 0x19 0xa7 0x19 0x73 0x3b 0x5f 0x6 0x99 0x2 0x0 0x28 0x65 0x1 0x0 0x2b 0x0 0x14 0x0 0x52 0x0 0x5a 0x0 0x69 0x69 0x69 0x69 0x69 0x69 0x9a 0x3 0x80 0x3 0x99 0x3 0x7d 0x3 0x99 0x3 0x7e 0x3 0x9a 0x3 0x7e 0x3 0x25 0x0 0x3 0x7e 0x7c 0x7d 0x7a 0x4d 0x80 0x4f 0x80 0x6e 0x82 0xeb 0x7b 0x55 0x60 0x40 0x40 0x9a 0x39 0x0 0x0 0x29 0xe8 0x9a 0xec 0x0 0x0 0x0 0x0 0xe9 0x0 0xdc 0x7a 0x0 0xa4 0xa4 0x0 0x8 0x9f 0x5 0x0 0x0
1787980631864,0x1 0x8b 0xd 0x4a 0xa9 0x88 0x7e 0x1d 0x10 0x0 0xd 0x58 0xa6 0x0 0x1f 0x1a 0xe8 0x19 0x73 0x3b 0x5b 0x6 0x99 0x2 0x0 0x28 0x65 0x1 0x0 0x10 0x0 0x12 0x0 0x4d 0x0 0x58 0x0 0x6a 0x6a 0x6a 0x6a 0x6a 0x6a 0xad 0x3 0x8e 0x3 0xaa 0x3 0x8e 0x3 0xab 0x3 0x90 0x3 0xad 0x3 0x91 0x3 0x25 0x0 0x3 0x81 0x7f 0x7d 0x7a 0x4d 0x80 0x4f 0x80 0x6e 0x82 0xeb 0x7b 0x55 0x60 0x40 0x40 0x9a 0x39 0x0 0x0 0x29 0xe8 0x9a 0xec 0x0 0x0 0x0 0x0 0xe9 0x0 0xdc 0x7a 0x0 0xa4 0xa4 0x0 0x8 0xac 0x5 0x0 0x0
1787980632089,0x1 0x8b 0xd 0x4a 0xa9 0x88 0x7e 0x1d 0xf 0x0 0xd 0x57 0xa3 0x0 0xa2 0x19 0xdf 0x19 0x73 0x3b 0x5c 0x6 0x99 0x2 0x0 0x28 0x65 0x1 0x0 0x12 0x0 0x3f 0x0 0x4b 0x0 0x56 0x0 0x6a 0x6a 0x6a 0x6a 0x6a 0x6a 0xb5 0x3 0x9d 0x3 0xb9 0x3 0x9d 0x3 0xb7 0x3 0x9b 0x3 0xb5 0x3 0x9a 0x3 0x25 0x0 0x3 0x84 0x82 0x7d 0x7a 0x4d 0x80 0x4f 0x80 0x6e 0x82 0xeb 0x7b 0x55 0x60 0x40 0x40 0x9a 0x39 0x0 0x0 0x29 0xe8 0x9a 0xec 0x0 0x0 0x0 0x0 0xe9 0x0 0xdc 0x7a 0x0 0xa4 0xa4 0x0 0x8 0xac 0x5 0x0 0x0
1787980632327,0x1 0x8a 0xd 0x4a 0xa9 0x88 0x7e 0x1d 0xf 0x0 0xd 0x57 0xa4 0x0 0xce 0x19 0x98 0x19 0x73 0x3b 0x5b 0x6 0x99 0x2 0x0 0x28 0x65 0x1 0x0 0x29 0x0 0x8c 0x0 0x4b 0x0 0x59 0x0 0x69 0x69 0x69 0x69 0x69 0x69 0xb1 0x3 0x96 0x3 0xb3 0x3 0x95 0x3 0xb2 0x3 0x93 0x3 0xb4 0x3 0x96 0x3 0x25 0x0 0x3 0x87 0x84 0x7d 0x7a 0x4d 0x80 0x4f 0x80 0x6e 0x82 0xeb 0x7b 0x55 0x60 0x40 0x40 0x9a 0x3a 0x0 0x0 0x29 0xe8 0x9a 0xec 0x0 0x0 0x0 0x0 0xe9 0x0 0xdc 0x7a 0x0 0xa4 0xa4 0x0 0x8 0xb9 0x5 0x0 0x0
1787980632553,0x1 0x8c 0xd 0x4a 0xa9 0x88 0x7e 0x1d 0xf 0x0 0xd 0x58 0xa8 0x0 0x6f 0x1a 0x20 0x1a 0x73 0x3b 0x5b 0x6 0x99 0x2 0x0 0x28 0x65 0x1 0x0 0x6a 0x0 0xa3 0x0 0x4b 0x0 0x58 0x0 0x6a 0x6a 0x6a 0x6a 0x6a 0x6a 0xcf 0x3 0xaa 0x3 0xc5 0x3 0xa0 0x3 0xca 0x3 0xa5 0x3 0xd3 0x3 0xaa 0x3 0x25 0x0 0x3 0x8a 0x84 0x7d 0x7a 0x4d 0x80 0x4f 0x80 0x6e 0x82 0xeb 0x7b 0x55 0x60 0x40 0x40 0x9a 0x39 0x0 0x0 0x29 0xe8 0x9a 0xec 0x0 0x0 0x0 0x0 0xe9 0x0 0xdc 0x7a 0x0 0xa4 0xa4 0x0 0x8 0x9f 0x5 0x0 0x0
1787980632775,0x1 0x8b 0xd 0x4a 0xa9 0x87 0x7f 0x1d 0xf 0x0 0xd 0x57 0xa3 0x0 0x96 0x19 0xaa 0x19 0x73 0x3b 0x5f 0x6 0x99 0x2 0x0 0x28 0x65 0x1 0x0 0xa0 0x0 0xa6 0x0 0x4d 0x0 0x5a 0x0 0x69 0x69 0x69 0x69 0x69 0x69 0xa9 0x3 0x7a 0x3 0xa5 0x3 0x84 0x3 0xaf 0x3 0x80 0x3 0xa5 0x3 0x79 0x3 0x25 0x0 0x3 0x81 0x7b 0x80 0x7b 0x4d 0x80 0x4f 0x80 0x6e 0x82 0xeb 0x7b 0x55 0x60 0x40 0x40 0x9a 0x39 0x0 0x0 0x29 0xe8 0x9a 0xec 0x0 0x0 0x0 0x0 0xe9 0x0 0xdc 0x7a 0x0 0xa4 0xa4 0x0 0x8 0xac 0x5 0x0 0x0
1787980633000,0x1 0x89 0xd 0x4a 0xa9 0x87 0x7f 0x1d 0xf 0x0 0xd 0x55 0xa0 0x0 0x21 0x19 0x9a 0x19 0x73 0x3b 0x5e 0x6 0x99 0x2 0x0 0x28 0x65 0x1 0x0 0x9c 0x0 0x9a 0x0 0x4f 0x0 0x5c 0x0 0x69 0x69 0x69 0x69 0x69 0x69 0xa2 0x3 0x71 0x3 0x99 0x3 0x7a 0x3 0xa8 0x3 0x78 0x3 0x99 0x3 0x6d 0x3 0x25 0x0 0x3 0x7e 0x78 0x80 0x7b 0x4d 0x80 0x4f 0x80 0x6e 0x82 0xeb 0x7b 0x55 0x60 0x40 0x40 0x9a 0x39 0x0 0x0 0x29 0xe8 0x9a 0xec 0x0 0x0 0x0 0x0 0xe9 0x0 0xdc 0x7a 0x0 0xa4 0xa4 0x0 0x8 0xcb 0x5 0x0 0x0
1787980633225,0x1 0x8b 0xd 0x4a 0xa9 0x87 0x7f 0x1d 0xf 0x0 0xd 0x56 0xa4 0x0 0xd6 0x19 0xeb 0x19 0x73 0x3b 0x59 0x6 0x99 0x2 0x0 0x28 0x65 0x1 0x0 0x5b 0x0 0x55 0x0 0x4f 0x0 0x5b 0x0 0x6a 0x6a 0x6a 0x6a 0x6a 0x6a 0xa1 0x3 0x72 0x3 0x9b 0x3 0x6e 0x3 0x9c 0x3 0x73 0x3 0x9a 0x3 0x6e 0x3 0x25 0x0 0x3 0x7b 0x75 0x80 0x7b 0x4d 0x80 0x4f 0x80 0x6e 0x82 0xeb 0x7b 0x54 0x5e 0x40 0x40 0x9a 0x39 0x0 0x0 0x29 0xe8 0x9a 0xec 0x0 0x0 0x0 0x0 0xe9 0x0 0xdc 0x7a 0x0 0xa4 0xa4 0x0 0x8 0xac 0x5 0x0 0x0
1787980633449,0x1 0x8b 0xd 0x4a 0xa9 0x87 0x7f 0x19 0xc 0x0 0xd 0x4d 0x87 0x0 0x88 0x15 0x95 0x16 0x73 0x3b 0x45 0x6 0x99 0x2 0x0 0x28 0x65 0x1 0x0 0x20 0x0 0x23 0x0 0x4e 0x0 0x58 0x0 0x68 0x68 0x68 0x68 0x68 0x68 0x46 0x3 0x19 0x3 0x3e 0x3 0x12 0x3 0x4e 0x3 0x26 0x3 0x39 0x3 0x12 0x3 0x26 0x0 0x3 0x85 0x7e 0x83 0x7c 0x4d 0x80 0x4f 0x80 0x6e 0x82 0xeb 0x7b 0x54 0x5e 0x40 0x40 0x9a 0x39 0x0 0x0 0x29 0xe8 0x9a 0xec 0x0 0x0 0x0 0x0 0xec 0x0 0xdc 0x7a 0x0 0xa4 0xa4 0x0 0x8 0xac 0x5 0x0 0x0
1787980633673,0x1 0x8c 0xd 0x4a 0xa9 0x87 0x7f 0x19 0xc 0x0 0xd 0x4d 0x88 0x0 0xf0 0x15 0xca 0x15 0x73 0x3b 0x33 0x6 0x99 0x2 0x0 0x28 0x65 0x1 0x0 0x98 0x0 0x75 0x0 0x4e 0x0 0x58 0x0 0x68 0x68 0x68 0x68 0x68 0x68 0x10 0x3 0xff 0x2 0xd 0x3 0x0 0x3 0x2b 0x3 0x4 0x3 0xd 0x3 0x0 0x3 0x27 0x0 0x3 0x7f 0x81 0x81 0x7c 0x4d 0x80 0x4f 0x80 0x6e 0x82 0xeb 0x7b 0x54 0x5e 0x40 0x40 0x9a 0x38 0x0 0x0 0x29 0xe8 0x9a 0xec 0x0 0x0 0x0 0x0 0xef 0x0 0xdc 0x7a 0x0 0xa4 0xa4 0x0 0x8 0x9f 0x5 0x0 0x0
1787980633896,0x1 0x8a 0xd 0x4a 0xa9 0x87 0x7f 0x19 0xc 0x0 0xd 0x4d 0x87 0x0 0xca 0x15 0xcc 0x15 0x73 0x3b 0x32 0x6 0x99 0x2 0x0 0x28 0x65 0x1 0x0 0x9c 0x0 0x94 0x0 0x50 0x0 0x59 0x0 0x68 0x68 0x68 0x68 0x68 0x68 0xa 0x3 0x1 0x3 0x7 0x3 0xfc 0x2 0x6 0x3 0x1 0x3 0x7 0x3 0x1 0x3 0x27 0x0 0x3 0x7c 0x81 0x81 0x7c 0x4d 0x80 0x4f 0x80 0x6e 0x82 0xeb 0x7b 0x54 0x5e 0x40 0x40 0x9a 0x38 0x0 0x0 0x29 0xe8 0x9a 0xec 0x0 0x0 0x0 0x0 0xef 0x0 0xdc 0x7a 0x0 0xa4 0xa4 0x0 0x8 0xb9 0x5 0x0 0x0
1787980634120,0x1 0x8a 0xd 0x4a 0xa9 0x87 0x7f 0x19 0xc 0x0 0xd 0x4b 0x85 0x0 0x7f 0x15 0xfa 0x15 0x73 0x3b 0x30 0x6 0x99 0x2 0x0 0x28 0x65 0x1 0x0 0x4b 0x0 0x9b 0x0 0x50 0x0 0x5b 0x0 0x68 0x68 0x68 0x68 0x68 0x68 0x8 0x3 0xf3 0x2 0x6 0x3 0xf2 0x2 0x8 0x3 0xf2 0x2 0x6 0x3 0xf1 0x2 0x27 0x0 0x3 0x7a 0x79 0x81 0x7b 0x4d 0x80 0x4f 0x80 0x6e 0x82 0xeb 0x7b 0x55 0x60 0x40 0x40 0x9a 0x38 0x0 0x0 0x29 0xe8 0x9a 0xec 0x0 0x0 0x0 0x0 0xee 0x0 0xdc 0x7a 0x0 0xa4 0xa4 0x0 0x8 0xb9 0x5 0x0 0x0
1787980634342,0x1 0x8b 0xd 0x4a 0xa9 0x87 0x7f 0x19 0xc 0x0 0xd 0x4d 0x86 0x0 0xb3 0x15 0x9e 0x15 0x73 0x3b 0x2d 0x6 0x99 0x2 0x0 0x28 0x65 0x1 0x0 0x18 0x0 0x92 0x0 0x4e 0x0 0x5a 0x0 0x67 0x67 0x67 0x67 0x67 0x67 0x17 0x3 0xdc 0x2 0x15 0x3 0xec 0x2 0x1b 0x3 0xe2 0x2 0x15 0x3 0xdd 0x2 0x27 0x0 0x3 0x84 0x76 0x80 0x7b 0x4d 0x80 0x4f 0x80 0x6e 0x82 0xeb 0x7b 0x55 0x60 0x40 0x40 0x9a 0x38 0x0 0x0 0x29 0xe8 0x9a 0xec 0x0 0x0 0x0 0x0 0xef 0x0 0xdc 0x7a 0x0 0xa4 0xa4 0x0 0x8 0xac 0x5 0x0 0x0
1787980634568,0x1 0x8c 0xd 0x4a 0xa9 0x87 0x7f 0x19 0xc 0x0 0xd 0x4e 0x88 0x0 0x17 0x16 0xd1 0x15 0x73 0x3b 0x28 0x6 0x99 0x2 0x0 0x28 0x65 0x1 0x0 0x17 0x0 0x3b 0x0 0x4e 0x0 0x59 0x0 0x68 0x68 0x68 0x68 0x68 0x68 0x21 0x3 0xf2 0x2 0x1f 0x3 0xde 0x2 0x22 0x3 0xdc 0x2 0x23 0x3 0xf2 0x2 0x27 0x0 0x3 0x86 0x7b 0x80 0x7a 0x4d 0x80 0x4f 0x80 0x6e 0x82 0xeb 0x7b 0x55 0x60 0x40 0x40 0x9a 0x38 0x0 0x0 0x29 0xe8 0x9a 0xec 0x0 0x0 0x0 0x0 0xf0 0x0 0xdc 0x7a 0x0 0xa4 0xa4 0x0 0x8 0x9f 0x5 0x0 0x0
1787980634792,0x1 0x8b 0xd 0x4a 0xa9 0x87 0x7f 0x19 0xc 0x0 0xd 0x4b 0x86 0x0 0xc4 0x15 0xb 0x16 0x73 0x3b 0x28 0x6 0x99 0x2 0x0 0x28 0x65 0x1 0x0 0x23 0x0 0x14 0x0 0x4e 0x0 0x55 0x0 0x68 0x68 0x68 0x68 0x68 0x68 0x37 0x3 0x3 0x3 0x33 0x3 0x3 0x3 0x38 0x3 0x7 0x3 0x34 0x3 0x3 0x3 0x27 0x0 0x3 0x89 0x7e 0x80 0x7a 0x4d 0x80 0x4f 0x80 0x6e 0x82 0xeb 0x7b 0x55 0x60 0x40 0x40 0x9a 0x38 0x0 0x0 0x29 0xe8 0x9a 0xec 0x0 0x0 0x0 0x0 0xef 0x0 0xdc 0x7a 0x0 0xa4 0xa4 0x0 0x8 0xac 0x5 0x0 0x0
1787980635014,0x1 0x8a 0xd 0x4a 0xa9 0x87 0x7f 0x19 0xc 0x0 0xd 0x4d 0x87 0x0 0xf1 0x15 0xde 0x15 0x73 0x3b 0x27 0x6 0x99 0x2 0x0 0x28 0x65 0x1 0x0 0x8f 0x0 0x17 0x0 0x4f 0x0 0x53 0x0 0x68 0x68 0x68 0x68 0x68 0x68 0x1c 0x3 0x4 0x3 0x2b 0x3 0xfd 0x2 0x19 0x3 0xfe 0x2 0x1c 0x3 0x4 0x3 0x27 0x0 0x3 0x83 0x81 0x82 0x7a 0x4d 0x80 0x4f 0x80 0x6e 0x82 0xeb 0x7b 0x55 0x60 0x40 0x40 0x9a 0x38 0x0 0x0 0x29 0xe8 0x9a 0xec 0x0 0x0 0x0 0x0 0xef 0x0 0xdc 0x7a 0x0 0xa4 0xa4 0x0 0x8 0xb9 0x5 0x0 0x0
1787980635240,0x1 0x8c 0xd 0x4a 0xa9 0x87 0x7f 0x19 0xc 0x0 0xd 0x4d 0x8a 0x0 0x72 0x16 0x38 0x16 0x73 0x3b 0x26 0x6 0x99 0x2 0x0 0x28 0x65 0x1 0x0 0xa1 0x0 0x20 0x0 0x4f 0x0 0x50 0x0 0x69 0x69 0x69 0x69 0x69 0x69 0x22 0x3 0x14 0x3 0x1f 0x3 0x14 0x3 0x20 0x3 0x16 0x3 0x22 0x3 0x19 0x3 0x27 0x0 0x3 0x80 0x83 0x82 0x7a 0x4d 0x80 0x4f 0x80 0x6e 0x82 0xeb 0x7b 0x55 0x60 0x40 0x40 0x9a 0x38 0x0 0x0 0x29 0xe8 0x9a 0xec 0x0 0x0 0x0 0x0 0xef 0x0 0xdc 0x7a 0x0 0xa4 0xa4 0x0 0x8 0x9f 0x5 0x0 0x0
1787980635462,0x1 0x8c 0xd 0x4a 0xa9 0x87 0x7f 0x19 0xc 0x0 0xd 0x4e 0x87 0x0 0xf9 0x15 0x14 0x16 0x73 0x3b 0x25 0x6 0x99 0x2 0x0 0x28 0x65 0x1 0x0 0x9b 0x0 0x84 0x0 0x50 0x0 0x50 0x0 0x68 0x68 0x68 0x68 0x68 0x68 0x16 0x3 0x1f 0x3 0x1a 0x3 0x1e 0x3 0x19 0x3 0x1b 0x3 0x16 0x3 0x1b 0x3 0x27 0x0 0x3 0x7d 0x85 0x82 0x7a 0x4d 0x80 0x4f 0x80 0x6e 0x82 0xeb 0x7b 0x55 0x60 0x40 0x40 0x9a 0x38 0x0 0x0 0x29 0xe8 0x9a 0xec 0x0 0x0 0x0 0x0 0xef 0x0 0xdc 0x7a 0x0 0xa4 0xa4 0x0 0x8 0x9f 0x5 0x0 0x0
1787980635686,0x1 0x8b 0xd 0x4a 0xa9 0x87 0x7f 0x19 0xc 0x0 0xd 0x4f 0x85 0x0 0xa9 0x15 0xb 0x16 0x73 0x3a 0x24 0x6 0x99 0x2 0x0 0x28 0x65 0x1 0x0 0x85 0x0 0xa5 0x0 0x50 0x0 0x51 0x0 0x68 0x68 0x68 0x68 0x68 0x68 0xd 0x3 0x22 0x3 0x15 0x3 0x21 0x3 0x14 0x3 0x1d 0x3 0xd 0x3 0x1a 0x3 0x27 0x0 0x3 0x7b 0x85 0x82 0x7a 0x4d 0x80 0x4f 0x80 0x6e 0x82 0xeb 0x7b 0x55 0x60 0x40 0x40 0x9a 0x38 0x0 0x0 0x29 0xe8 0x9a 0xec 0x0 0x0 0x0 0x0 0xee 0x0 0xdc 0x7a 0x0 0xa4 0xa4 0x0 0x8 0xac 0x5 0x0 0x0
1787980635910,0x1 0x89 0xd 0x4a 0xa9 0x87 0x7f 0x19 0xc 0x0 0xd 0x4f 0x8b 0x0 0x94 0x16 0x74 0x16 0x73 0x3a 0x28 0x6 0x99 0x2 0x0 0x28 0x65 0x1 0x0 0x2b 0x0 0xa9 0x0 0x50 0x0 0x54 0x0 0x68 0x68 0x68 0x68 0x68 0x68 0x27 0x3 0xe 0x3 0x2e 0x3 0x11 0x3 0x2f 0x3 0xf 0x3 0x30 0x3 0xf 0x3 0x27 0x0 0x3 0x82 0x7d 0x82 0x7d 0x4d 0x80 0x4f 0x80 0x6e 0x82 0xeb 0x7b 0x55 0x60 0x40 0x40 0x9a 0x38 0x0 0x0 0x29 0xe8 0x9a 0xec 0x0 0x0 0x0 0x0 0xee 0x0 0xdc 0x7a 0x0 0xa4 0xa4 0x0 0x8 0xcb 0x5 0x0 0x0
1787980636136,0x1 0x8b 0xd 0x4a 0xa9 0x87 0x7f 0x19 0xc 0x0 0xd 0x4c 0x86 0x0 0xc4 0x15 0xe6 0x15 0x73 0x3a 0x28 0x6 0x99 0x2 0x0 0x28 0x65 0x1 0x0 0x14 0x0 0xa6 0x0 0x4d 0x0 0x58 0x0 0x68 0x68 0x68 0x68 0x68 0x68 0x2a 0x3 0xfe 0x2 0x2a 0x3 0xf7 0x2 0x25 0x3 0xf3 0x2 0x22 0x3 0xf3 0x2 0x27 0x0 0x3 0x85 0x7a 0x82 0x7d 0x4d 0x80 0x4f 0x80 0x6e 0x82 0xeb 0x7b 0x57 0x62 0x40 0x40 0x9a 0x38 0x0 0x0 0x29 0xe8 0x9a 0xec 0x0 0x0 0x0 0x0 0xed 0x0 0xdc 0x7a 0x0 0xa4 0xa4 0x0 0x8 0xac 0x5 0x0 0x0
1787980636359,0x1 0x8c 0xd 0x4a 0xa9 0x87 0x7f 0x19 0xc 0x0 0xd 0x4e 0x89 0x0 0x53 0x16 0x82 0x16 0x73 0x3a 0x23 0x6 0x99 0x2 0x0 0x28 0x65 0x1 0x0 0x15 0x0 0x92 0x0 0x4c 0x0 0x5d 0x0 0x69 0x69 0x69 0x69 0x69 0x69 0x42 0x3 0x6 0x3 0x41 0x3 0x5 0x3 0x42 0x3 0x7 0x3 0x42 0x3 0x2 0x3 0x26 0x0 0x3 0x87 0x78 0x82 0x7d 0x4d 0x80 0x4f 0x80 0x6e 0x82 0xeb 0x7b 0x57 0x62 0x40 0x40 0x9a 0x38 0x0 0x0 0x29 0xe8 0x9a 0xec 0x0 0x0 0x0 0x0 0xee 0x0 0xdc 0x7a 0x0 0xa4 0xa4 0x0 0x8 0x9f 0x5 0x0 0x0
1787980636582,0x1 0x8c 0xd 0x4a 0xa9 0x87 0x7f 0x19 0xc 0x0 0xd 0x4e 0x87 0x0 0x7 0x16 0x80 0x16 0x73 0x3a 0x21 0x6 0x99 0x2 0x0 0x28 0x65 0x1 0x0 0x41 0x0 0x62 0x0 0x4c 0x0 0x5e 0x0 0x69 0x69 0x69 0x69 0x69 0x69 0x4f 0x3 0x1 0x3 0x51 0x3 0xff 0x2 0x4a 0x3 0x2 0x3 0x4a 0x3 0xfa 0x2 0x26 0x0 0x3 0x8a 0x75 0x82 0x7d 0x4d 0x80 0x4f 0x80 0x6e 0x82 0xeb 0x7b 0x57 0x62 0x40 0x40 0x9a 0x38 0x0 0x0 0x29 0xe8 0x9a 0xec 0x0 0x0 0x0 0x0 0xef 0x0 0xdc 0x7a 0x0 0xa4 0xa4 0x0 0x8 0x9f 0x5 0x0 0x0
1787980636808,0x1 0x89 0xd 0x4a 0xa9 0x86 0x7f 0x19 0xc 0x0 0xd 0x4f 0x8b 0x0 0xa7 0x16 0x9d 0x16 0x73 0x3a 0x23 0x6 0x99 0x2 0x0 0x28 0x65 0x1 0x0 0x9b 0x0 0x28 0x0 0x4e 0x0 0x5e 0x0 0x69 0x69 0x69 0x69 0x69 0x69 0x37 0x3 0x14 0x3 0x39 0x3 0x17 0x3 0x39 0x3 0x12 0x3 0x39 0x3 0x18 0x3 0x26 0x0 0x3 0x83 0x7e 0x82 0x7d 0x4d 0x80 0x4f 0x80 0x6e 0x82 0xeb 0x7b 0x57 0x62 0x40 0x40 0x9a 0x38 0x0 0x0 0x29 0xe8 0x9a 0xec 0x0 0x0 0x0 0x0 0xee 0x0 0xdc 0x7a 0x0 0xa4 0xa4 0x0 0x8 0xcb 0x5 0x0 0x0
1787980637032,0x1 0x8b 0xd 0x4a 0xa9 0x86 0x7f 0x19 0xc 0x0 0xd 0x4e 0x8b 0x0 0xb2 0x16 0x6d 0x16 0x73 0x3a 0x20 0x6 0x99 0x2 0x0 0x28 0x65 0x1 0x0 0xa5 0x0 0x1c 0x0 0x50 0x0 0x5a 0x0 0x69 0x69 0x69 0x69 0x69 0x69 0x25 0x3 0x12 0x3 0x28 0x3 0x19 0x3 0x25 0x3 0x11 0x3 0x2a 0x3 0x19 0x3 0x26 0x0 0x3 0x80 0x80 0x82 0x7d 0x4d 0x80 0x4f 0x80 0x6e 0x82 0xeb 0x7b 0x57 0x62 0x40 0x40 0x9a 0x38 0x0 0x0 0x29 0xe8 0x9a 0xec 0x0 0x0 0x0 0x0 0xee 0x0 0xdc 0x7a 0x0 0xa4 0xa4 0x0 0x8 0xac 0x5 0x0 0x0
1787980637254,0x1 0x8b 0xd 0x4b 0xa8 0x86 0x7f 0x19 0xc 0x0 0xd 0x4e 0x8c 0x0 0xdb 0x16 0xc3 0x16 0x73 0x3a 0x20 0x6 0x9b 0x2 0x0 0x28 0x65 0x1 0x0 0x9c 0x0 0x64 0x0 0x51 0x0 0x5b 0x0 0x69 0x69 0x69 0x69 0x69 0x69 0x2d 0x3 0x2b 0x3 0x2e 0x3 0x2d 0x3 0x29 0x3 0x28 0x3 0x2e 0x3 0x2d 0x3 0x26 0x0 0x3 0x7d 0x83 0x82 0x7d 0x4d 0x80 0x4f 0x80 0x6e 0x82 0xeb 0x7b 0x57 0x62 0x40 0x40 0x9a 0x38 0x0 0x0 0x29 0xe8 0x9a 0xec 0x0 0x0 0x0 0x0 0xee 0x0 0xdc 0x7a 0x0 0xa4 0xa4 0x0 0x8 0xac 0x5 0x0 0x0
1787980637478,0x1 0x8b 0xd 0x4b 0xa8 0x86 0x7f 0x19 0xc 0x0 0xd 0x4d 0x8a 0x0 0x7d 0x16 0x5f 0x16 0x73 0x3a 0x23 0x6 0x9b 0x2 0x0 0x28 0x65 0x1 0x0 0x78 0x0 0x9e 0x0 0x51 0x0 0x5c 0x0 0x69 0x69 0x69 0x69 0x69 0x69 0x1a 0x3 0x1f 0x3 0x19 0x3 0x20 0x3 0x1a 0x3 0x20 0x3 0x19 0x3 0x20 0x3 0x27 0x0 0x3 0x7b 0x83 0x82 0x7d 0x4d 0x80 0x4f 0x80 0x6e 0x82 0xeb 0x7b 0x57 0x62 0x40 0x40 0xe 0x39 0x0 0x0 0x29 0xe8 0x9a 0xec 0x0 0x0 0x0 0x0 0xed 0x0 0xdc 0x7a 0x0 0xa4 0xa4 0x0 0x8 0xac 0x5 0x0 0x0
1787980637702,0x1 0x89 0xd 0x4b 0xa8 0x86 0x7f 0x19 0xc 0x0 0xd 0x4f 0x8d 0x0 0x18 0x17 0x7f 0x16 0x73 0x3a 0x1b 0x6 0x9b 0x2 0x0 0x28 0x65 0x1 0x0 0x21 0x0 0xa4 0x0 0x50 0x0 0x5d 0x0 0x69 0x69 0x69 0x69 0x69 0x69 0x2e 0x3 0xe 0x3 0x23 0x3 0x14 0x3 0x27 0x3 0x1c 0x3 0x33 0x3 0xe 0x3 0x26 0x0 0x3 0x83 0x7c 0x82 0x7c 0x4d 0x80 0x4f 0x80 0x6e 0x82 0xeb 0x7b 0x57 0x62 0x40 0x40 0xe 0x38 0x0 0x0 0x29 0xe8 0x9a 0xec 0x0 0x0 0x0 0x0 0xee 0x0 0xdc 0x7a 0x0 0xa4 0xa4 0x0 0x8 0xcb 0x5 0x0 0x0
1787980637927,0x1 0x8b 0xd 0x4b 0xa8 0x86 0x7f 0x19 0xc 0x0 0xd 0x4e 0x8b 0x0 0xb9 0x16 0xb0 0x16 0x73 0x3a 0x1e 0x6 0x9b 0x2 0x0 0x28 0x65 0x1 0x0 0x11 0x0 0x9a 0x0 0x4c 0x0 0x5f 0x0 0x69 0x69 0x69 0x69 0x69 0x69 0x42 0x3 0xd 0x3 0x3c 0x3 0xf 0x3 0x43 0x3 0x11 0x3 0x43 0x3 0xd 0x3 0x26 0x0 0x3 0x85 0x79 0x82 0x7c 0x4d 0x80 0x4f 0x80 0x6e 0x82 0xeb 0x7b 0x57 0x62 0x40 0x40 0xe 0x39 0x0 0x0 0x29 0xe8 0x9a 0xec 0x0 0x0 0x0 0x0 0xee 0x0 0xdc 0x7a 0x0 0xa4 0xa4 0x0 0x8 0xac 0x5 0x0 0x0
1787980638151,0x1 0x8b 0xd 0x4b 0xa8 0x86 0x7f 0x19 0xc 0x0 0xd 0x4f 0x8b 0x0 0xc0 0x16 0xa7 0x16 0x73 0x3a 0x1c 0x6 0x9b 0x2 0x0 0x28 0x65 0x1 0x0 0x14 0x0 0x81 0x0 0x48 0x0 0x5f 0x0 0x69 0x69 0x69 0x69 0x69 0x69 0x48 0x3 0x4 0x3 0x43 0x3 0x6 0x3 0x49 0x3 0x6 0x3 0x4a 0x3 0x4 0x3 0x26 0x0 0x3 0x88 0x77 0x82 0x7c 0x4d 0x80 0x4f 0x80 0x6e 0x82 0xeb 0x7b 0x56 0x61 0x40 0x40 0xe 0x38 0x0 0x0 0x29 0xe8 0x9a 0xec 0x0 0x0 0x0 0x0 0xee 0x0 0xdc 0x7a 0x0 0xa4 0xa4 0x0 0x8 0xac 0x5 0x0 0x0
1787980638375,0x1 0x8c 0xd 0x4b 0xa8 0x86 0x7f 0x19 0xc 0x0 0xd 0x4d 0x86 0x0 0xf6 0x15 0x77 0x16 0x73 0x3a 0x1a 0x6 0x9b 0x2 0x0 0x28 0x65 0x1 0x0 0x33 0x0 0x27 0x0 0x4a 0x0 0x5d 0x0 0x69 0x69 0x69 0x69 0x69 0x69 0x4f 0x3 0x14 0x3 0x51 0x3 0x1e 0x3 0x59 0x3 0x1d 0x3 0x4a 0x3 0x14 0x3 0x26 0x0 0x3 0x8b 0x7e 0x82 0x7c 0x4d 0x80 0x4f 0x80 0x6e 0x82 0xeb 0x7b 0x56 0x61 0x40 0x40 0xe 0x38 0x0 0x0 0x29 0xe8 0x9a 0xec 0x0 0x0 0x0 0x0 0xee 0x0 0xdc 0x7a 0x0 0xa4 0xa4 0x0 0x8 0x9f 0x5 0x0 0x0
1787980638599,0x1 0x89 0xd 0x4b 0xa8 0x86 0x7f 0x19 0xc 0x0 0xd 0x4f 0x8a 0x0 0x9e 0x16 0x7c 0x16 0x73 0x3a 0x1a 0x6 0x9b 0x2 0x0 0x28 0x65 0x1 0x0 0x89 0x0 0x13 0x0 0x4b 0x0 0x58 0x0 0x69 0x69 0x69 0x69 0x69 0x69 0x3b 0x3 0xf 0x3 0x46 0x3 0x14 0x3 0x38 0x3 0x1b 0x3 0x3b 0x3 0x1c 0x3 0x26 0x0 0x3 0x85 0x81 0x83 0x7c 0x4d 0x80 0x4f 0x80 0x6e 0x82 0xeb 0x7b 0x56 0x61 0x40 0x40 0xe 0x38 0x0 0x0 0x29 0xe8 0x9a 0xec 0x0 0x0 0x0 0x0 0xee 0x0 0xdc 0x7a 0x0 0xa4 0xa4 0x0 0x8 0xcb 0x5 0x0 0x0
1787980638837,0x1 0x8b 0xd 0x4b 0xa8 0x86 0x7f 0x19 0xc 0x0 0xd 0x4e 0x88 0x0 0x4a 0x16 0x38 0x16 0x73 0x3a 0x1a 0x6 0x9b 0x2 0x0 0x28 0x65 0x1 0x0 0x9a 0x0 0x14 0x0 0x4d 0x0 0x56 0x0 0x69 0x69 0x69 0x69 0x69 0x69 0x28 0x3 0x19 0x3 0x2f 0x3 0x20 0x3 0x2e 0x3 0x19 0x3 0x28 0x3 0x1b 0x3 0x26 0x0 0x3 0x82 0x83 0x83 0x7c 0x4d 0x80 0x4f 0x80 0x6e 0x82 0xeb 0x7b 0x56 0x61 0x40 0x40 0xe 0x38 0x0 0x0 0x29 0xe8 0x9a 0xec 0x0 0x0 0x0 0x0 0xee 0x0 0xdc 0x7a 0x0 0xa4 0xa4 0x0 0x8 0xac 0x5 0x0 0x0
1787980639061,0x1 0x8b 0xd 0x4b 0xa8 0x86 0x7f 0x19 0xc 0x0 0xd 0x4d 0x8a 0x0 0xa5 0x16 0x8a 0x16 0x73 0x3a 0x18 0x6 0x9b 0x2 0x0 0x28 0x65 0x1 0x0 0x95 0x0 0x59 0x0 0x4d 0x0 0x57 0x0 0x69 0x69 0x69 0x69 0x69 0x69 0x2d 0x3 0x2b 0x3 0x2c 0x3 0x2c 0x3 0x2b 0x3 0x2d 0x3 0x2d 0x3 0x2e 0x3 0x26 0x0 0x3 0x7f 0x86 0x83 0x7c 0x4d 0x80 0x4f 0x80 0x6e 0x82 0xeb 0x7b 0x57 0x62 0x40 0x40 0xe 0x38 0x0 0x0 0x29 0xe8 0x9a 0xec 0x0 0x0 0x0 0x0 0xee 0x0 0xdc 0x7a 0x0 0xa4 0xa4 0x0 0x8 0xac 0x5 0x0 0x0
1787980639287,0x1 0x8b 0xd 0x4b 0xa8 0x86 0x7f 0x19 0xc 0x0 0xd 0x4e 0x8a 0x0 0xa5 0x16 0xb3 0x16 0x73 0x3a 0x18 0x6 0x9b 0x2 0x0 0x28 0x65 0x1 0x0 0x3f 0x0 0x9b 0x0 0x4d 0x0 0x58 0x0 0x69 0x69 0x69 0x69 0x69 0x69 0x42 0x3 0x34 0x3 0x26 0x3 0x32 0x3 0x2b 0x3 0x38 0x3 0x42 0x3 0x38 0x3 0x26 0x0 0x3 0x85 0x87 0x85 0x7c 0x4d 0x80 0x4f 0x80 0x6e 0x82 0xeb 0x7b 0x57 0x62 0x40 0x40 0xe 0x38 0x0 0x0 0x29 0xe8 0x9a 0xec 0x0 0x0 0x0 0x0 0xed 0x0 0xdc 0x7a 0x0 0xa4 0xa4 0x0 0x8 0xac 0x5 0x0 0x0
1787980639511,0x1 0x89 0xd 0x4b 0xa8 0x86 0x7f 0x19 0xc 0x0 0xd 0x50 0x8c 0x0 0xee 0x16 0x91 0x16 0x73 0x3a 0x1b 0x6 0x9b 0x2 0x0 0x28 0x65 0x1 0x0 0x18 0x0 0xa8 0x0 0x49 0x0 0x5b 0x0 0x69 0x69 0x69 0x69 0x69 0x69 0x3d 0x3 0x2c 0x3 0x3c 0x3 0x2e 0x3 0x40 0x3 0x33 0x3 0x44 0x3 0x33 0x3 0x26 0x0 0x3 0x87 0x87 0x85 0x7c 0x4d 0x80 0x4f 0x80 0x6e 0x82 0xeb 0x7b 0x57 0x62 0x40 0x40 0xe 0x38 0x0 0x0 0x29 0xe8 0x9a 0xec 0x0 0x0 0x0 0x0 0xec 0x0 0xdc 0x7a 0x0 0xa4 0xa4 0x0 0x8 0xcb 0x5 0x0 0x0
1787980639735,0x1 0x8b 0xd 0x4b 0xa8 0x86 0x7f 0x19 0xc 0x0 0xd 0x4f 0x8d 0x0 0x14 0x17 0xda 0x16 0x73 0x3a 0x1c 0x6 0x9b 0x2 0x0 0x28 0x65 0x1 0x0 0x1a 0x0 0xa7 0x0 0x49 0x0 0x5d 0x0 0x69 0x69 0x69 0x69 0x69 0x69 0x57 0x3 0x1e 0x3 0x51 0x3 0x1d 0x3 0x54 0x3 0x1f 0x3 0x57 0x3 0x1f 0x3 0x26 0x0 0x3 0x8a 0x7d 0x85 0x7e 0x4d 0x80 0x4f 0x80 0x6e 0x82 0xeb 0x7b 0x57 0x62 0x40 0x40 0xe 0x38 0x0 0x0 0x29 0xe8 0x9a 0xec 0x0 0x0 0x0 0x0 0xec 0x0 0xdc 0x7a 0x0 0xa4 0xa4 0x0 0x8 0xac 0x5 0x0 0x0
1787980639959,0x1 0x8b 0xd 0x4b 0xa8 0x86 0x7f 0x19 0xc 0x0 0xd 0x4d 0x8a 0x0 0xb4 0x16 0xc8 0x16 0x73 0x39 0x14 0x6 0x9b 0x2 0x0 0x28 0x65 0x1 0x0 0x74 0x0 0xa2 0x0 0x4b 0x0 0x60 0x0 0x69 0x69 0x69 0x69 0x69 0x69 0x58 0x3 0x15 0x3 0x5c 0x3 0x17 0x3 0x5c 0x3 0x15 0x3 0x5c 0x3 0x15 0x3 0x26 0x0 0x3 0x8c 0x7b 0x85 0x7e 0x4d 0x80 0x4f 0x80 0x6e 0x82 0xeb 0x7b 0x57 0x62 0x40 0x40 0xe 0x38 0x0 0x0 0x29 0xe8 0x9a 0xec 0x0 0x0 0x0 0x0 0xed 0x0 0xdc 0x7a 0x0 0xa4 0xa4 0x0 0x8 0xac 0x5 0x0 0x0
1787980640199,0x1 0x8b 0xd 0x4b 0xa8 0x86 0x7f 0x19 0xc 0x0 0xd 0x4e 0x8a 0x0 0xb8 0x16 0x94 0x16 0x73 0x39 0x13 0x6 0x9b 0x2 0x0 0x28 0x65 0x1 0x0 0xa3 0x0 0x96 0x0 0x4d 0x0 0x61 0x0 0x69 0x69 0x69 0x69 0x69 0x69 0x3b 0x3 0x6 0x3 0x38 0x3 0x5 0x3 0x39 0x3 0xa 0x3 0x39 0x3 0x6 0x3 0x27 0x0 0x3 0x83 0x78 0x85 0x7e 0x4d 0x80 0x4f 0x80 0x6e 0x82 0xeb 0x7b 0x56 0x61 0x40 0x40 0xe 0x38 0x0 0x0 0x29 0xe8 0x9a 0xec 0x0 0x0 0x0 0x0 0xee 0x0 0xdc 0x7a 0x0 0xa4 0xa4 0x0 0x8 0xac 0x5 0x0 0x0
1787980640423,0x1 0x8a 0xd 0x4b 0xa8 0x86 0x7f 0x19 0xc 0x0 0xd 0x4e 0x8a 0x0 0xbc 0x16 0xe7 0x16 0x73 0x39 0x12 0x6 0x9b 0x2 0x0 0x28 0x65 0x1 0x0 0x9d 0x0 0x4e 0x0 0x4f 0x0 0x63 0x0 0x69 0x69 0x69 0x69 0x69 0x69 0x37 0x3 0x7 0x3 0x3f 0x3 0xb 0x3 0x3c 0x3 0x5 0x3 0x3c 0x3 0x9 0x3 0x26 0x0 0x3 0x80 0x7d 0x85 0x7e 0x4d 0x80 0x4f 0x80 0x6e 0x82 0xeb 0x7b 0x56 0x61 0x40 0x40 0xe 0x38 0x0 0x0 0x29 0xe8 0x9a 0xec 0x0 0x0 0x0 0x0 0xed 0x0 0xdc 0x7a 0x0 0xa4 0xa4 0x0 0x8 0xb9 0x5 0x0 0x0
1787980640645,0x1 0x8b 0xd 0x4b 0xa8 0x86 0x7f 0x19 0xc 0x0 0xd 0x4f 0x8c 0x0 0xc 0x17 0xb4 0x16 0x73 0x39 0x13 0x6 0x9b 0x2 0x0 0x28 0x65 0x1 0x0 0x83 0x0 0x1c 0x0 0x4e 0x0 0x5d 0x0 0x69 0x69 0x69 0x69 0x69 0x69 0x2a 0x3 0x1b 0x3 0x2b 0x3 0x1d 0x3 0x2d 0x3 0x19 0x3 0x2d 0x3 0x20 0x3 0x26 0x0 0x3 0x7d 0x7f 0x85 0x7e 0x4d 0x80 0x4f 0x80 0x6e 0x82 0xeb 0x7b 0x56 0x61 0x40 0x40 0xe 0x38 0x0 0x0 0x29 0xe8 0x9a 0xec 0x0 0x0 0x0 0x0 0xee 0x0 0xdc 0x7a 0x0 0xa4 0xa4 0x0 0x8 0xac 0x5 0x0 0x0
1787980640870,0x1 0x8b 0xd 0x4b 0xa8 0x86 0x7f 0x19 0xc 0x0 0xd 0x4e 0x8a 0x0 0xc7 0x16 0xc5 0x16 0x73 0x39 0xf 0x6 0x9b 0x2 0x0 0x28 0x65 0x1 0x0 0x28 0x0 0x1b 0x0 0x4e 0x0 0x5b 0x0 0x69 0x69 0x69 0x69 0x69 0x69 0x3f 0x3 0x28 0x3 0x44 0x3 0x2a 0x3 0x42 0x3 0x26 0x3 0x45 0x3 0x2a 0x3 0x26 0x0 0x3 0x85 0x82 0x84 0x7e 0x4d 0x80 0x4f 0x80 0x6e 0x82 0xeb 0x7b 0x56 0x61 0x40 0x40 0xe 0x38 0x0 0x0 0x29 0xe8 0x9a 0xec 0x0 0x0 0x0 0x0 0xee 0x0 0xdc 0x7a 0x0 0xa4 0xa4 0x0 0x8 0xac 0x5 0x0 0x0
1787980641110,0x1 0x89 0xd 0x4b 0xa8 0x86 0x7f 0x19 0xc 0x0 0xd 0x4f 0x8b 0x0 0xe6 0x16 0xad 0x16 0x73 0x39 0x12 0x6 0x9b 0x2 0x0 0x28 0x65 0x1 0x0 0x16 0x0 0x55 0x0 0x4c 0x0 0x5b 0x0 0x69 0x69 0x69 0x69 0x69 0x69 0x49 0x3 0x2d 0x3 0x47 0x3 0x2f 0x3 0x46 0x3 0x2d 0x3 0x4a 0x3 0x2f 0x3 0x26 0x0 0x3 0x87 0x85 0x84 0x7e 0x4d 0x80 0x4f 0x80 0x6e 0x82 0xeb 0x7b 0x57 0x62 0x40 0x40 0xe 0x38 0x0 0x0 0x29 0xe8 0x9a 0xec 0x0 0x0 0x0 0x0 0xed 0x0 0xdc 0x7a 0x0 0xa4 0xa4 0x0 0x8 0xcb 0x5 0x0 0x0
1787980641334,0x1 0x8c 0xd 0x4b 0xa8 0x86 0x7f 0x19 0xc 0x0 0xd 0x51 0x8b 0x0 0xea 0x16 0xef 0x16 0x73 0x39 0x11 0x6 0x9b 0x2 0x0 0x28 0x65 0x1 0x0 0x24 0x0 0x9c 0x0 0x4c 0x0 0x5d 0x0 0x69 0x69 0x69 0x69 0x69 0x69 0x55 0x3 0x38 0x3 0x5c 0x3 0x3a 0x3 0x4f 0x3 0x33 0x3 0x5c 0x3 0x3a 0x3 0x26 0x0 0x3 0x8a 0x85 0x84 0x7e 0x4d 0x80 0x4f 0x80 0x6e 0x82 0xeb 0x7b 0x57 0x62 0x40 0x40 0xe 0x38 0x0 0x0 0x29 0xe8 0x9a 0xec 0x0 0x0 0x0 0x0 0xed 0x0 0xdc 0x7a 0x0 0xa4 0xa4 0x0 0x8 0x9f 0x5 0x0 0x0
1787980641559,0x1 0x8c 0xd 0x4b 0xa8 0x86 0x7f 0x19 0xc 0x0 0xd 0x50 0x8d 0x0 0x33 0x17 0xd7 0x16 0x73 0x39 0x14 0x6 0x9b 0x2 0x0 0x28 0x65 0x1 0x0 0x81 0x0 0xa5 0x0 0x4d 0x0 0x5e 0x0 0x69 0x69 0x69 0x69 0x69 0x69 0x5a 0x3 0x34 0x3 0x49 0x3 0x34 0x3 0x58 0x3 0x33 0x3 0x49 0x3 0x21 0x3 0x26 0x0 0x3 0x85 0x7e 0x84 0x7d 0x4d 0x80 0x4f 0x80 0x6e 0x82 0xeb 0x7b 0x57 0x62 0x40 0x40 0xe 0x38 0x0 0x0 0x29 0xe8 0x9a 0xec 0x0 0x0 0x0 0x0 0xec 0x0 0xdc 0x7a 0x0 0xa4 0xa4 0x0 0x8 0x9f 0x5 0x0 0x0
1787980641781,0x1 0x8c 0xd 0x4b 0xa8 0x86 0x7f 0x19 0xc 0x0 0xd 0x4e 0x87 0x0 0x4c 0x16 0xb4 0x16 0x73 0x39 0xe 0x6 0x9b 0x2 0x0 0x28 0x65 0x1 0x0 0xa3 0x0 0xa4 0x0 0x4e 0x0 0x60 0x0 0x69 0x69 0x69 0x69 0x69 0x69 0x41 0x3 0x14 0x3 0x41 0x3 0x1c 0x3 0x46 0x3 0x1b 0x3 0x3c 0x3 0x14 0x3 0x26 0x0 0x3 0x82 0x7b 0x84 0x7d 0x4d 0x80 0x4f 0x80 0x6e 0x82 0xeb 0x7b 0x57 0x62 0x40 0x40 0xe 0x38 0x0 0x0 0x29 0xe8 0x9a 0xec 0x0 0x0 0x0 0x0 0xed 0x0 0xdc 0x7a 0x0 0xa4 0xa4 0x0 0x8 0x9f 0x5 0x0 0x0
1787980642006,0x1 0x89 0xd 0x4b 0xa8 0x86 0x7f 0x19 0xc 0x0 0xd 0x4e 0x88 0x0 0x7a 0x16 0xd8 0x16 0x73 0x39 0xd 0x6 0x9b 0x2 0x0 0x28 0x65 0x1 0x0 0x9f 0x0 0x9c 0x0 0x50 0x0 0x64 0x0 0x69 0x69 0x69 0x69 0x69 0x69 0x3e 0x3 0x11 0x3 0x43 0x3 0x1a 0x3 0x40 0x3 0x16 0x3 0x39 0x3 0x11 0x3 0x26 0x0 0x3 0x80 0x78 0x84 0x7d 0x4d 0x80 0x4f 0x80 0x6e 0x82 0xeb 0x7b 0x57 0x62 0x40 0x40 0xe 0x38 0x0 0x0 0x29 0xe8 0x9a 0xec 0x0 0x0 0x0 0x0 0xed 0x0 0xdc 0x7a 0x0 0xa4 0xa4 0x0 0x8 0xcb 0x5 0x0 0x0
1787980642228,0x1 0x8c 0xd 0x4b 0xa8 0x86 0x7f 0x19 0xc 0x0 0xd 0x4f 0x8b 0x0 0xf9 0x16 0xdf 0x16 0x73 0x39 0xd 0x6 0x9b 0x2 0x0 0x28 0x65 0x1 0x0 0x86 0x0 0x7e 0x0 0x50 0x0 0x62 0x0 0x69 0x69 0x69 0x69 0x69 0x69 0x33 0x3 0xfd 0x2 0x28 0x3 0x5 0x3 0x31 0x3 0xa 0x3 0x33 0x3 0xb 0x3 0x27 0x0 0x3 0x7d 0x76 0x84 0x7d 0x4d 0x80 0x4f 0x80 0x6e 0x82 0xeb 0x7b 0x57 0x62 0x40 0x40 0xe 0x38 0x0 0x0 0x29 0xe8 0x9a 0xec 0x0 0x0 0x0 0x0 0xed 0x0 0xdc 0x7a 0x0 0xa4 0xa4 0x0 0x8 0x9f 0x5 0x0 0x0
1787980642454,0x1 0x8c 0xd 0x4b 0xa8 0x86 0x7f 0x19 0xc 0x0 0xd 0x4f 0x8d 0x0 0x42 0x17 0x33 0x17 0x73 0x39 0x10 0x6 0x9b 0x2 0x0 0x28 0x65 0x1 0x0 0x22 0x0 0x25 0x0 0x4f 0x0 0x5f 0x0 0x69 0x69 0x69 0x69 0x69 0x69 0x4b 0x3 0x27 0x3 0x52 0x3 0x2c 0x3 0x54 0x3 0x2d 0x3 0x55 0x3 0x2d 0x3 0x26 0x0 0x3 0x85 0x7e 0x84 0x7d 0x4d 0x80 0x4f 0x80 0x6e 0x82 0xeb 0x7b 0x57 0x62 0x40 0x40 0xe 0x38 0x0 0x0 0x29 0xe8 0x9a 0xec 0x0 0x0 0x0 0x0 0xed 0x0 0xdc 0x7a 0x0 0xa4 0xa4 0x0 0x8 0x9f 0x5 0x0 0x0
1787980642677,0x1 0x8b 0xd 0x4b 0xa8 0x86 0x7f 0x19 0xc 0x0 0xd 0x4d 0x8d 0x0 0x4a 0x17 0x14 0x17 0x73 0x39 0xe 0x6 0x9b 0x2 0x0 0x28 0x65 0x1 0x0 0x19 0x0 0x1a 0x0 0x4e 0x0 0x5a 0x0 0x69 0x69 0x69 0x69 0x69 0x69 0x54 0x3 0x29 0x3 0x51 0x3 0x2b 0x3 0x57 0x3 0x31 0x3 0x59 0x3 0x31 0x3 0x26 0x0 0x3 0x87 0x80 0x84 0x7d 0x4d 0x80 0x4f 0x80 0x6e 0x82 0xeb 0x7b 0x57 0x62 0x40 0x40 0xe 0x38 0x0 0x0 0x29 0xe8 0x9a 0xec 0x0 0x0 0x0 0x0 0xec 0x0 0xdc 0x7a 0x0 0xa4 0xa4 0x0 0x8 0xac 0x5 0x0 0x0
1787980642902,0x1 0x89 0xd 0x4b 0xa8 0x86 0x7f 0x1a 0xc 0x0 0xd 0x4e 0x8b 0x0 0xf9 0x16 0xc7 0x16 0x73 0x39 0xd 0x6 0x9b 0x2 0x0 0x28 0x65 0x1 0x0 0x76 0x0 0x67 0x0 0x4e 0x0 0x5b 0x0 0x69 0x69 0x69 0x69 0x69 0x69 0x49 0x3 0x25 0x3 0x4e 0x3 0x2b 0x3 0x56 0x3 0x20 0x3 0x56 0x3 0x2e 0x3 0x26 0x0 0x3 0x8a 0x83 0x84 0x7d 0x4d 0x80 0x4f 0x80 0x6e 0x82 0xeb 0x7b 0x57 0x62 0x40 0x40 0xe 0x38 0x0 0x0 0x29 0xe8 0x9a 0xec 0x0 0x0 0x0 0x0 0xed 0x0 0xdc 0x7a 0x0 0xa4 0xa4 0x0 0x8 0xcb 0x5 0x0 0x0
1787980643126,0x1 0x8b 0xd 0x4b 0xa8 0x86 0x7f 0x1a 0xc 0x0 0xd 0x4e 0x87 0x0 0x57 0x16 0xbe 0x16 0x73 0x39 0xb 0x6 0x9b 0x2 0x0 0x28 0x65 0x1 0x0 0x97 0x0 0x96 0x0 0x4e 0x0 0x5d 0x0 0x69 0x69 0x69 0x69 0x69 0x69 0x4c 0x3 0x3a 0x3 0x3e 0x3 0x32 0x3 0x38 0x3 0x3f 0x3 0x38 0x3 0x2e 0x3 0x26 0x0 0x3 0x80 0x83 0x83 0x7d 0x4d 0x80 0x4f 0x80 0x6e 0x82 0xeb 0x7b 0x57 0x62 0x40 0x40 0xe 0x38 0x0 0x0 0x29 0xe8 0x9a 0xec 0x0 0x0 0x0 0x0 0xec 0x0 0xdc 0x7a 0x0 0xa4 0xa4 0x0 0x8 0xac 0x5 0x0 0x0
1787980643348,0x1 0x8b 0xd 0x4b 0xa8 0x86 0x7f 0x1a 0xc 0x0 0xd 0x50 0x8c 0x0 0x33 0x17 0xf9 0x16 0x73 0x39 0x9 0x6 0x9b 0x2 0x0 0x28 0x65 0x1 0x0 0x72 0x0 0x9c 0x0 0x4f 0x0 0x5e 0x0 0x69 0x69 0x69 0x69 0x69 0x69 0x3d 0x3 0x22 0x3 0x37 0x3 0x1e 0x3 0x3c 0x3 0x36 0x3 0x38 0x3 0x1e 0x3 0x26 0x0 0x3 0x7e 0x7b 0x83 0x7c 0x4d 0x80 0x4f 0x80 0x6e 0x82 0xeb 0x7b 0x57 0x62 0x40 0x40 0xe 0x38 0x0 0x0 0x29 0xe8 0x9a 0xec 0x0 0x0 0x0 0x0 0xed 0x0 0xdc 0x7a 0x0 0xa4 0xa4 0x0 0x8 0xac 0x5 0x0 0x0
1787980643574,0x1 0x8b 0xd 0x4b 0xa8 0x86 0x7f 0x1a 0xc 0x0 0xd 0x4f 0x8b 0x0 0xf5 0x16 0x1c 0x17 0x73 0x39 0xe 0x6 0x9b 0x2 0x0 0x28 0x65 0x1 0x0 0x1d 0x0 0x94 0x0 0x4d 0x0 0x5f 0x0 0x69 0x69 0x69 0x69 0x69 0x69 0x56 0x3 0x1d 0x3 0x57 0x3 0x22 0x3 0x57 0x3 0x1d 0x3 0x57 0x3 0x1b 0x3 0x26 0x0 0x3 0x86 0x79 0x83 0x7c 0x4d 0x80 0x4f 0x80 0x6e 0x82 0xeb 0x7b 0x57 0x62 0x40 0x40 0xe 0x38 0x0 0x0 0x29 0xe8 0x9a 0xec 0x0 0x0 0x0 0x0 0xec 0x0 0xdc 0x7a 0x0 0xa4 0xa4 0x0 0x8 0xac 0x5 0x0 0x0
1787980643797,0x1 0x89 0xd 0x4b 0xa8 0x86 0x7f 0x1a 0xc 0x0 0xd 0x4e 0x8c 0x0 0x1f 0x17 0x3 0x17 0x73 0x39 0xe 0x6 0x9b 0x2 0x0 0x28 0x65 0x1 0x0 0x1a 0x0 0x66 0x0 0x4c 0x0 0x5e 0x0 0x69 0x69 0x69 0x69 0x69 0x69 0x59 0x3 0xf 0x3 0x5c 0x3 0xf 0x3 0x5a 0x3 0xf 0x3 0x5c 0x3 0x10 0x3 0x26 0x0 0x3 0x89 0x76 0x83 0x7c 0x4d 0x80 0x4f 0x80 0x6e 0x82 0xeb 0x7b 0x57 0x62 0x40 0x40 0xe 0x38 0x0 0x0 0x29 0xe8 0x9a 0xec 0x0 0x0 0x0 0x0 0xec 0x0 0xdc 0x7a 0x0 0xa4 0xa4 0x0 0x8 0xcb 0x5 0x0 0x0
1787980644022,0x1 0x8a 0xd 0x4b 0xa8 0x86 0x7f 0x1a 0xc 0x0 0xd 0x4e 0x8b 0x0 0x0 0x17 0x22 0x17 0x73 0x39 0xb 0x6 0x9b 0x2 0x0 0x28 0x65 0x1 0x0 0x43 0x0 0x1c 0x0 0x4c 0x0 0x5b 0x0 0x69 0x69 0x69 0x69 0x69 0x69 0x6a 0x3 0x2f 0x3 0x65 0x3 0x2d 0x3 0x6a 0x3 0x31 0x3 0x68 0x3 0x2f 0x3 0x26 0x0 0x3 0x8c 0x7f 0x83 0x7c 0x4d 0x80 0x4f 0x80 0x6e 0x82 0xeb 0x7b 0x57 0x62 0x40 0x40 0xe 0x38 0x0 0x0 0x29 0xe8 0x9a 0xec 0x0 0x0 0x0 0x0 0xec 0x0 0xdc 0x7a 0x0 0xa4 0xa4 0x0 0x8 0xb9 0x5 0x0 0x0
1787980644246,0x1 0x8b 0xd 0x4b 0xa8 0x86 0x7f 0x1a 0xc 0x0 0xd 0x50 0x8b 0x0 0xfd 0x16 0x2 0x17 0x73 0x39 0xc 0x6 0x9b 0x2 0x0 0x28 0x65 0x1 0x0 0x9e 0x0 0x19 0x0 0x4e 0x0 0x53 0x0 0x69 0x69 0x69 0x69 0x69 0x69 0x4d 0x3 0x33 0x3 0x4a 0x3 0x2c 0x3 0x4d 0x3 0x30 0x3 0x4d 0x3 0x33 0x3 0x26 0x0 0x3 0x84 0x82 0x85 0x7c 0x4d 0x80 0x4f 0x80 0x6e 0x82 0xeb 0x7b 0x57 0x62 0x5a 0x40 0xe 0x38 0x0 0x0 0x29 0xe8 0x9a 0xec 0x0 0x0 0x0 0x0 0xec 0x0 0xdc 0x7a 0x0 0xa4 0xa4 0x0 0x8 0xac 0x5 0x0 0x0
1787980644470,0x1 0x8b 0xd 0x4b 0xa8 0x86 0x7f 0x1a 0xc 0x0 0xd 0x50 0x8f 0x0 0x9e 0x17 0x8f 0x17 0x73 0x39 0xe 0x6 0x9b 0x2 0x0 0x28 0x65 0x1 0x0 0xa2 0x0 0x39 0x0 0x50 0x0 0x51 0x0 0x6a 0x6a 0x6a 0x6a 0x6a 0x6a 0x59 0x3 0x45 0x3 0x54 0x3 0x4b 0x3 0x57 0x3 0x4d 0x3 0x59 0x3 0x4f 0x3 0x26 0x0 0x3 0x81 0x84 0x85 0x7c 0x4d 0x80 0x4f 0x80 0x6e 0x82 0xeb 0x7b 0x57 0x62 0x5a 0x40 0xe 0x38 0x0 0x0 0x29 0xe8 0x9a 0xec 0x0 0x0 0x0 0x0 0xec 0x0 0xdc 0x7a 0x0 0xa4 0xa4 0x0 0x8 0xac 0x5 0x0 0x0
1787980644693,0x1 0x8b 0xd 0x4b 0xa8 0x86 0x7f 0x1a 0xc 0x0 0xd 0x4f 0x8c 0x0 0x14 0x17 0x65 0x17 0x73 0x39 0x11 0x6 0x9b 0x2 0x0 0x28 0x65 0x1 0x0 0x9c 0x0 0x9b 0x0 0x51 0x0 0x52 0x0 0x6a 0x6a 0x6a 0x6a 0x6a 0x6a 0x59 0x3 0x52 0x3 0x50 0x3 0x53 0x3 0x4f 0x3 0x4d 0x3 0x4a 0x3 0x4d 0x3 0x26 0x0 0x3 0x7f 0x86 0x85 0x7c 0x4d 0x80 0x4f 0x80 0x6e 0x82 0xeb 0x7b 0x57 0x62 0x5a 0x40 0xe 0x38 0x0 0x0 0x29 0xe8 0x9a 0xec 0x0 0x0 0x0 0x0 0xeb 0x0 0xdc 0x7a 0x0 0xa4 0xa4 0x0 0x8 0xac 0x5 0x0 0x0
1787980644917,0x1 0x89 0xd 0x4b 0xa8 0x86 0x7f 0x1a 0xd 0x0 0xd 0x50 0x8e 0x0 0x6c 0x17 0x41 0x17 0x73 0x39 0x10 0x6 0x9b 0x2 0x0 0x28 0x65 0x1 0x0 0x92 0x0 0xa9 0x0 0x53 0x0 0x55 0x0 0x69 0x69 0x69 0x69 0x69 0x69 0x3e 0x3 0x44 0x3 0x3a 0x3 0x43 0x3 0x3c 0x3 0x47 0x3 0x3d 0x3 0x47 0x3 0x26 0x0 0x3 0x7c 0x86 0x85 0x7c 0x4d 0x80 0x4f 0x80 0x6e 0x82 0xeb 0x7b 0x57 0x62 0x5a 0x5a 0xe 0x38 0x0 0x0 0x29 0xe8 0x9a 0xec 0x0 0x0 0x0 0x0 0xeb 0x0 0xdc 0x7a 0x0 0xa4 0xa4 0x0 0x8 0xcb 0x5 0x0 0x0
1787980645141,0x1 0x8b 0xd 0x4b 0xa8 0x86 0x7f 0x1a 0xd 0x0 0xd 0x4f 0x8d 0x0 0x4e 0x17 0x7b 0x17 0x73 0x39 0xd 0x6 0x9b 0x2 0x0 0x28 0x65 0x1 0x0 0x2a 0x0 0xa8 0x0 0x50 0x0 0x5d 0x0 0x6a 0x6a 0x6a 0x6a 0x6a 0x6a 0x5a 0x3 0x3a 0x3 0x5b 0x3 0x37 0x3 0x59 0x3 0x37 0x3 0x59 0x3 0x35 0x3 0x26 0x0 0x3 0x82 0x7d 0x83 0x7e 0x4d 0x80 0x4f 0x80 0x6e 0x82 0xeb 0x7b 0x57 0x62 0x5a 0x5a 0xe 0x38 0x0 0x0 0x29 0xe8 0x9a 0xec 0x0 0x0 0x0 0x0 0xec 0x0 0xdc 0x7a 0x0 0xa4 0xa4 0x0 0x8 0xac 0x5 0x0 0x0
1787980645364,0x1 0x8c 0xd 0x4b 0xa8 0x86 0x7f 0x1a 0xd 0x0 0xd 0x53 0x92 0x0 0x25 0x18 0xe6 0x17 0x73 0x39 0xc 0x6 0x9b 0x2 0x0 0x28 0x65 0x1 0x0 0x13 0x0 0x9d 0x0 0x4b 0x0 0x65 0x0 0x6a 0x6a 0x6a 0x6a 0x6a 0x6a 0x6e 0x3 0x3a 0x3 0x6d 0x3 0x3c 0x3 0x64 0x3 0x35 0x3 0x72 0x3 0x3c 0x3 0x26 0x0 0x3 0x85 0x7a 0x83 0x7e 0x4d 0x80 0x4f 0x80 0x6e 0x82 0xeb 0x7b 0x57 0x62 0x5a 0x5a 0xe 0x38 0x0 0x0 0x29 0xe8 0x9a 0xec 0x0 0x0 0x0 0x0 0xec 0x0 0xdc 0x7a 0x0 0xa4 0xa4 0x0 0x8 0x9f 0x5 0x0 0x0
1787980645588,0x1 0x8b 0xd 0x4b 0xa8 0x86 0x7f 0x1b 0xd 0x0 0xd 0x51 0x92 0x0 0x15 0x18 0xf4 0x17 0x73 0x39 0x10 0x6 0x9b 0x2 0x0 0x28 0x65 0x1 0x0 0x15 0x0 0x8f 0x0 0x48 0x0 0x66 0x0 0x6a 0x6a 0x6a 0x6a 0x6a 0x6a 0x78 0x3 0x33 0x3 0x7a 0x3 0x34 0x3 0x71 0x3 0x31 0x3 0x7c 0x3 0x34 0x3 0x26 0x0 0x3 0x88 0x77 0x83 0x7e 0x4d 0x80 0x4f 0x80 0x6e 0x82 0xeb 0x7b 0x57 0x62 0x5a 0x5a 0xe 0x38 0x0 0x0 0x29 0xe8 0x9a 0xec 0x0 0x0 0x0 0x0 0xeb 0x0 0xdc 0x7a 0x0 0xa4 0xa4 0x0 0x8 0xac 0x5 0x0 0x0
1787980645812,0x1 0x89 0xd 0x4b 0xa8 0x86 0x7f 0x1b 0xe 0x0 0xd 0x52 0x94 0x0 0x51 0x18 0x44 0x18 0x73 0x39 0x16 0x6 0x9b 0x2 0x0 0x28 0x65 0x1 0x0 0x49 0x0 0x50 0x0 0x4a 0x0 0x65 0x0 0x6a 0x6a 0x6a 0x6a 0x6a 0x6a 0x8f 0x3 0x37 0x3 0x8f 0x3 0x3b 0x3 0x8d 0x3 0x39 0x3 0x8f 0x3 0x37 0x3 0x26 0x0 0x3 0x8a 0x75 0x83 0x7e 0x4d 0x80 0x4f 0x80 0x6e 0x82 0xeb 0x7b 0x57 0x62 0x5a 0x5a 0xe 0x38 0x0 0x0 0x29 0xe8 0x9a 0xec 0x0 0x0 0x0 0x0 0xea 0x0 0xdc 0x7a 0x0 0xa4 0xa4 0x0 0x8 0xcb 0x5 0x0 0x0
1787980646037,0x1 0x8b 0xd 0x4b 0xa8 0x86 0x7f 0x1b 0xe 0x0 0xd 0x53 0x98 0x0 0xe5 0x18 0xc4 0x18 0x73 0x39 0x1b 0x6 0x9b 0x2 0x0 0x28 0x65 0x1 0x0 0x96 0x0 0x1d 0x0 0x4c 0x0 0x5e 0x0 0x6b 0x6b 0x6b 0x6b 0x6b 0x6b 0x8a 0x3 0x66 0x3 0x8a 0x3 0x5f 0x3 0x89 0x3 0x65 0x3 0x8a 0x3 0x69 0x3 0x26 0x0 0x3 0x83 0x7f 0x83 0x7d 0x4d 0x80 0x4f 0x80 0x6e 0x82 0xeb 0x7b 0x58 0x63 0x5a 0x5a 0xe 0x38 0x0 0x0 0x29 0xe8 0x9a 0xec 0x0 0x0 0x0 0x0 0xe9 0x0 0xdc 0x7a 0x0 0xa4 0xa4 0x0 0x8 0xac 0x5 0x0 0x0
1787980646261,0x1 0x8b 0xd 0x4b 0xa8 0x86 0x7f 0x1b 0xe 0x0 0xd 0x53 0x95 0x0 0x6c 0x18 0x79 0x18 0x73 0x39 0x1a 0x6 0x9b 0x2 0x0 0x28 0x65 0x1 0x0 0xa1 0x0 0x1a 0x0 0x4f 0x0 0x5a 0x0 0x6a 0x6a 0x6a 0x6a 0x6a 0x6a 0x78 0x3 0x65 0x3 0x7c 0x3 0x6a 0x3 0x7f 0x3 0x67 0x3 0x76 0x3 0x65 0x3 0x26 0x0 0x3 0x80 0x81 0x83 0x7d 0x4d 0x80 0x4f 0x80 0x6e 0x82 0xeb 0x7b 0x58 0x63 0x5a 0x5a 0xe 0x38 0x0 0x0 0x29 0xe8 0x9a 0xec 0x0 0x0 0x0 0x0 0xea 0x0 0xdc 0x7a 0x0 0xa4 0xa4 0x0 0x8 0xac 0x5 0x0 0x0
1787980646484,0x1 0x8b 0xd 0x4b 0xa8 0x86 0x7f 0x1b 0xe 0x0 0xd 0x54 0x9d 0x0 0xb7 0x19 0xfd 0x18 0x73 0x39 0x1b 0x6 0x9b 0x2 0x0 0x28 0x65 0x1 0x0 0x8a 0x0 0x6c 0x0 0x50 0x0 0x5c 0x0 0x6b 0x6b 0x6b 0x6b 0x6b 0x6b 0x7b 0x3 0x82 0x3 0x75 0x3 0x71 0x3 0x78 0x3 0x77 0x3 0x82 0x3 0x82 0x3 0x26 0x0 0x3 0x7d 0x84 0x83 0x7d 0x4d 0x80 0x4f 0x80 0x6e 0x82 0xeb 0x7b 0x58 0x63 0x5a 0x5a 0xe 0x38 0x0 0x0 0x29 0xe8 0x9a 0xec 0x0 0x0 0x0 0x0 0xe9 0x0 0xdc 0x7a 0x0 0xa4 0xa4 0x0 0x8 0xac 0x5 0x0 0x0
1787980646707,0x1 0x89 0xd 0x4b 0xa8 0x86 0x7f 0x1b 0xf 0x0 0xd 0x52 0x97 0x0 0xab 0x18 0x37 0x19 0x73 0x39 0x1f 0x6 0x9b 0x2 0x0 0x28 0x65 0x1 0x0 0x21 0x0 0x9c 0x0 0x4d 0x0 0x5e 0x0 0x6b 0x6b 0x6b 0x6b 0x6b 0x6b 0xa3 0x3 0x8e 0x3 0xa6 0x3 0x90 0x3 0xa8 0x3 0x90 0x3 0xa3 0x3 0x8b 0x3 0x26 0x0 0x3 0x85 0x84 0x84 0x7d 0x4d 0x80 0x4f 0x80 0x6e 0x82 0xeb 0x7b 0x58 0x63 0x5a 0x5a 0xe 0x3a 0x0 0x0 0x29 0xe8 0x9a 0xec 0x0 0x0 0x0 0x0 0xe9 0x0 0xdc 0x7a 0x0 0xa4 0xa4 0x0 0x8 0xcb 0x5 0x0 0x0
1787980646932,0x1 0x8b 0xd 0x4b 0xa8 0x86 0x7f 0x1c 0xf 0x0 0xd 0x54 0x9c 0x0 0x5b 0x19 0x55 0x19 0x73 0x39 0x27 0x6 0x9b 0x2 0x0 0x28 0x65 0x1 0x0 0x1b 0x0 0xa3 0x0 0x4d 0x0 0x60 0x0 0x6a 0x6a 0x6a 0x6a 0x6a 0x6a 0xa6 0x3 0x8b 0x3 0xa9 0x3 0x8d 0x3 0xb0 0x3 0x74 0x3 0xb0 0x3 0x74 0x3 0x26 0x0 0x3 0x88 0x7c 0x84 0x7c 0x4d 0x80 0x4f 0x80 0x6e 0x82 0xeb 0x7b 0x58 0x63 0x5a 0x5a 0xe 0x3a 0x0 0x0 0x29 0xe8 0x9a 0xec 0x0 0x0 0x0 0x0 0xe7 0x0 0xdc 0x7a 0x0 0xa4 0xa4 0x0 0x8 0xac 0x5 0x0 0x0
1787980647157,0x1 0x8b 0xd 0x4b 0xa8 0x86 0x7f 0x1c 0xf 0x0 0xd 0x55 0x9c 0x0 0x57 0x19 0x6e 0x19 0x73 0x39 0x28 0x6 0x9b 0x2 0x0 0x28 0x65 0x1 0x0 0x33 0x0 0x9f 0x0 0x4c 0x0 0x63 0x0 0x6a 0x6a 0x6a 0x6a 0x6a 0x6a 0xc1 0x3 0x75 0x3 0xc1 0x3 0x74 0x3 0xbf 0x3 0x6e 0x3 0xbe 0x3 0x6e 0x3 0x26 0x0 0x3 0x8b 0x7a 0x84 0x7c 0x4d 0x80 0x4f 0x80 0x6e 0x82 0xeb 0x7b 0x57 0x62 0x5a 0x5a 0xe 0x3a 0x0 0x0 0x29 0xe8 0x9a 0xec 0x0 0x0 0x0 0x0 0xe7 0x0 0xdc 0x7a 0x0 0xa4 0xa4 0x0 0x8 0xac 0x5 0x0 0x0
1787980647379,0x1 0x8b 0xd 0x4b 0xa8 0x86 0x7f 0x1c 0xf 0x0 0xd 0x55 0xa0 0x0 0xf5 0x19 0xa6 0x19 0x73 0x39 0x2a 0x6 0x9b 0x2 0x0 0x28 0x65 0x1 0x0 0x95 0x0 0x69 0x0 0x4e 0x0 0x63 0x0 0x6a 0x6a 0x6a 0x6a 0x6a 0x6a 0xab 0x3 0x68 0x3 0xaa 0x3 0x68 0x3 0xac 0x3 0x6c 0x3 0xaf 0x3 0x6c 0x3 0x26 0x0 0x3 0x84 0x77 0x84 0x7c 0x4d 0x80 0x4f 0x80 0x6e 0x82 0xeb 0x7b 0x57 0x62 0x5a 0x5a 0xe 0x3a 0x0 0x0 0x29 0xe8 0x9a 0xec 0x0 0x0 0x0 0x0 0xe7 0x0 0xdc 0x7a 0x0 0xa4 0xa4 0x0 0x8 0xac 0x5 0x0 0x0
1787980647603,0x1 0x89 0xd 0x4b 0xa8 0x86 0x7f 0x1c 0xf 0x0 0xd 0x55 0xa1 0x0 0x1e 0x1a 0x18 0x1a 0x73 0x39 0x2a 0x6 0x9b 0x2 0x0 0x28 0x65 0x1 0x0 0x9d 0x0 0x1d 0x0 0x50 0x0 0x5b 0x0 0x6b 0x6b 0x6b 0x6b 0x6b 0x6b 0xb9 0x3 0x99 0x3 0xb7 0x3 0x99 0x3 0xb6 0x3 0x97 0x3 0xb6 0x3 0x9a 0x3 0x25 0x0 0x3 0x81 0x7f 0x84 0x7d 0x4d 0x80 0x4f 0x80 0x6e 0x82 0xeb 0x7b 0x57 0x62 0x5a 0x5a 0xe 0x3a 0x0 0x0 0x29 0xe8 0x9a 0xec 0x0 0x0 0x0 0x0 0xe7 0x0 0xdc 0x7a 0x0 0xa4 0xa4 0x0 0x8 0xcb 0x5 0x0 0x0
1787980647829,0x1 0x8a 0xd 0x4b 0xa8 0x86 0x7f 0x1c 0xf 0x0 0xd 0x55 0xa2 0x0 0x48 0x1a 0x14 0x1a 0x73 0x39 0x2a 0x6 0x9b 0x2 0x0 0x28 0x65 0x1 0x0 0x9c 0x0 0x2d 0x0 0x52 0x0 0x53 0x0 0x6b 0x6b 0x6b 0x6b 0x6b 0x6b 0xa8 0x3 0x9b 0x3 0xa6 0x3 0xa2 0x3 0xab 0x3 0x9d 0x3 0xab 0x3 0xa3 0x3 0x25 0x0 0x3 0x7e 0x82 0x84 0x7d 0x4d 0x80 0x4f 0x80 0x6e 0x82 0xeb 0x7b 0x57 0x62 0x5a 0x5a 0xe 0x3a 0x0 0x0 0x29 0xe8 0x9a 0xec 0x0 0x0 0x0 0x0 0xe7 0x0 0xdc 0x7a 0x0 0xa4 0xa4 0x0 0x8 0xb9 0x5 0x0 0x0
1787980648051,0x1 0x8b 0xd 0x4b 0xa8 0x86 0x7f 0x1c 0xf 0x0 0xd 0x54 0x9f 0x0 0xc3 0x19 0x10 0x1a 0x73 0x39 0x2c 0x6 0x9b 0x2 0x0 0x28 0x65 0x1 0x0 0x76 0x0 0x95 0x0 0x52 0x0 0x55 0x0 0x6b 0x6b 0x6b 0x6b 0x6b 0x6b 0xa5 0x3 0xb1 0x3 0xaa 0x3 0xad 0x3 0xa1 0x3 0xad 0x3 0xa1 0x3 0xaa 0x3 0x25 0x0 0x3 0x7b 0x84 0x84 0x7d 0x4d 0x80 0x4f 0x80 0x6e 0x82 0xeb 0x7b 0x58 0x63 0x5a 0x5a 0xe 0x3a 0x0 0x0 0x29 0xe8 0x9a 0xec 0x0 0x0 0x0 0x0 0xe7 0x0 0xdc 0x7a 0x0 0xa4 0xa4 0x0 0x8 0xac 0x5 0x0 0x0
1787980648275,0x1 0x8b 0xd 0x4b 0xa8 0x86 0x7f 0x1c 0xf 0x0 0xd 0x56 0xa6 0x0 0xe5 0x1a 0x51 0x1a 0x73 0x39 0x2c 0x6 0x9b 0x2 0x0 0x28 0x65 0x1 0x0 0x20 0x0 0xa3 0x0 0x4f 0x0 0x57 0x0 0x6b 0x6b 0x6b 0x6b 0x6b 0x6b 0xb8 0x3 0xa6 0x3 0xbe 0x3 0xae 0x3 0xc7 0x3 0xa9 0x3 0xc7 0x3 0xb3 0x3 0x25 0x0 0x3 0x84 0x84 0x83 0x7d 0x4d 0x80 0x4f 0x80 0x6e 0x82 0xeb 0x7b 0x58 0x63 0x5a 0x5a 0xe 0x3a 0x0 0x0 0x29 0xe8 0x9a 0xec 0x0 0x0 0x0 0x0 0xe7 0x0 0xdc 0x7a 0x0 0xa4 0xa4 0x0 0x8 0xac 0x5 0x0 0x0
1787980648499,0x1 0x89 0xd 0x4b 0xa8 0x86 0x7f 0x1c 0xf 0x0 0xd 0x55 0xa0 0x0 0xe4 0x19 0xc3 0x19 0x73 0x39 0x2e 0x6 0x9b 0x2 0x0 0x28 0x65 0x1 0x0 0x1b 0x0 0xa5 0x0 0x4d 0x0 0x5e 0x0 0x6b 0x6b 0x6b 0x6b 0x6b 0x6b 0xba 0x3 0x80 0x3 0xb9 0x3 0x80 0x3 0xbc 0x3 0x84 0x3 0xbc 0x3 0x80 0x3 0x26 0x0 0x3 0x86 0x7b 0x83 0x7d 0x4d 0x80 0x4f 0x80 0x6e 0x82 0xeb 0x7b 0x58 0x63 0x5a 0x5a 0xe 0x3a 0x0 0x0 0x29 0xe8 0x9a 0xec 0x0 0x0 0x0 0x0 0xe6 0x0 0xdc 0x7a 0x0 0xa4 0xa4 0x0 0x8 0xcb 0x5 0x0 0x0
1787980648724,0x1 0x89 0xd 0x4c 0xa7 0x86 0x7f 0x1c 0xf 0x0 0xd 0x55 0xa0 0x0 0xed 0x19 0xf 0x1a 0x73 0x39 0x2c 0x6 0x9c 0x2 0x0 0x28 0x65 0x1 0x0 0x37 0x0 0x99 0x0 0x4f 0x0 0x67 0x0 0x6b 0x6b 0x6b 0x6b 0x6b 0x6b 0xce 0x3 0x82 0x3 0xd2 0x3 0x80 0x3 0xc8 0x3 0x80 0x3 0xd2 0x3 0x80 0x3 0x25 0x0 0x3 0x89 0x78 0x83 0x7d 0x4d 0x80 0x4f 0x80 0x6e 0x82 0xeb 0x7b 0x58 0x63 0x5a 0x5a 0xe 0x3a 0x0 0x0 0x29 0xe8 0x9a 0xec 0x0 0x0 0x0 0x0 0xe6 0x0 0xdc 0x7a 0x0 0xa4 0xa4 0x0 0x8 0xcb 0x5 0x0 0x0
1787980648947,0x1 0x8b 0xd 0x4c 0xa7 0x86 0x7f 0x1c 0xf 0x0 0xd 0x56 0xa1 0x0 0x1a 0x1a 0x5 0x1a 0x73 0x39 0x2b 0x6 0x9c 0x2 0x0 0x28 0x65 0x1 0x0 0x8d 0x0 0x4a 0x0 0x4e 0x0 0x67 0x0 0x6b 0x6b 0x6b 0x6b 0x6b 0x6b 0xbc 0x3 0x76 0x3 0xba 0x3 0x75 0x3 0xd6 0x3 0x75 0x3 0xbb 0x3 0x75 0x3 0x26 0x0 0x3 0x83 0x75 0x83 0x7d 0x4d 0x80 0x4f 0x80 0x6e 0x82 0xeb 0x7b 0x58 0x63 0x5a 0x5a 0x80 0x3a 0x0 0x0 0x29 0xe8 0x9a 0xec 0x0 0x0 0x0 0x0 0xe7 0x0 0xdc 0x7a 0x0 0xa4 0xa4 0x0 0x8 0xac 0x5 0x0 0x0
1787980649172,0x1 0x8c 0xd 0x4c 0xa7 0x86 0x7f 0x1c 0xf 0x0 0xd 0x57 0xa1 0x0 0x5 0x1a 0xe1 0x19 0x73 0x39 0x30 0x6 0x9c 0x2 0x0 0x28 0x65 0x1 0x0 0xa0 0x0 0x1d 0x0 0x51 0x0 0x60 0x0 0x6b 0x6b 0x6b 0x6b 0x6b 0x6b 0xad 0x3 0x90 0x3 0xac 0x3 0x8a 0x3 0xa8 0x3 0x8e 0x3 0xac 0x3 0x92 0x3 0x26 0x0 0x3 0x80 0x7f 0x83 0x7d 0x4d 0x80 0x4f 0x80 0x6e 0x82 0xeb 0x7b 0x58 0x63 0x5a 0x5a 0x80 0x3a 0x0 0x0 0x29 0xe8 0x9a 0xec 0x0 0x0 0x0 0x0 0xe7 0x0 0xdc 0x7a 0x0 0xa4 0xa4 0x0 0x8 0x9f 0x5 0x0 0x0
1787980649394,0x1 0x89 0xd 0x4c 0xa7 0x86 0x7f 0x1c 0xf 0x0 0xd 0x55 0xa0 0x0 0xcb 0x19 0xfe 0x19 0x73 0x39 0x34 0x6 0x9c 0x2 0x0 0x28 0x65 0x1 0x0 0x74 0x0 0x14 0x0 0x52 0x0 0x57 0x0 0x6b 0x6b 0x6b 0x6b 0x6b 0x6b 0xa4 0x3 0xa1 0x3 0xa6 0x3 0x98 0x3 0xa2 0x3 0x98 0x3 0xa6 0x3 0xa0 0x3 0x25 0x0 0x3 0x7d 0x82 0x83 0x7d 0x4d 0x80 0x4f 0x80 0x6e 0x82 0xeb 0x7b 0x58 0x63 0x5a 0x5a 0x80 0x3a 0x0 0x0 0x29 0xe8 0x9a 0xec 0x0 0x0 0x0 0x0 0xe6 0x0 0xdc 0x7a 0x0 0xa4 0xa4 0x0 0x8 0xcb 0x5 0x0 0x0
1787980649620,0x1 0x89 0xd 0x4c 0xa7 0x86 0x7f 0x1d 0xf 0x0 0xd 0x56 0xa1 0x0 0xec 0x19 0x2d 0x1a 0x73 0x39 0x36 0x6 0x9c 0x2 0x0 0x28 0x65 0x1 0x0 0x1f 0x0 0x1c 0x0 0x51 0x0 0x50 0x0 0x6b 0x6b 0x6b 0x6b 0x6b 0x6b 0xc9 0x3 0xb2 0x3 0xc8 0x3 0xb7 0x3 0xcb 0x3 0xaf 0x3 0xc8 0x3 0xb1 0x3 0x25 0x0 0x3 0x85 0x85 0x84 0x7d 0x4d 0x80 0x4f 0x80 0x6e 0x82 0xeb 0x7b 0x58 0x63 0x5a 0x5a 0x80 0x3a 0x0 0x0 0x29 0xe8 0x9a 0xec 0x0 0x0 0x0 0x0 0xe6 0x0 0xdc 0x7a 0x0 0xa4 0xa4 0x0 0x8 0xcb 0x5 0x0 0x0
1787980649842,0x1 0x8c 0xd 0x4c 0xa7 0x86 0x7f 0x1d 0xf 0x0 0xd 0x56 0xa8 0x0 0x15 0x1b 0x70 0x1a 0x73 0x39 0x34 0x6 0x9c 0x2 0x0 0x28 0x65 0x1 0x0 0x16 0x0 0x86 0x0 0x4b 0x0 0x51 0x0 0x6b 0x6b 0x6b 0x6b 0x6b 0x6b 0xd5 0x3 0xc2 0x3 0xd3 0x3 0xbb 0x3 0xd1 0x3 0xba 0x3 0xdb 0x3 0xc2 0x3 0x25 0x0 0x3 0x88 0x87 0x84 0x7d 0x4d 0x80 0x4f 0x80 0x6e 0x82 0xeb 0x7b 0x58 0x63 0x5a 0x5a 0x80 0x3a 0x0 0x0 0x29 0xe8 0x9a 0xec 0x0 0x0 0x0 0x0 0xe6 0x0 0xdc 0x7a 0x0 0xa4 0xa4 0x0 0x8 0x9f 0x5 0x0 0x0
1787980650066,0x1 0x8b 0xd 0x4c 0xa7 0x86 0x7f 0x1d 0xf 0x0 0xd 0x56 0xa5 0x0 0x77 0x1a 0x60 0x1a 0x73 0x39 0x3c 0x6 0x9c 0x2 0x0 0x28 0x65 0x1 0x0 0x1e 0x0 0xa1 0x0 0x4a 0x0 0x54 0x0 0x6b 0x6b 0x6b 0x6b 0x6b 0x6b 0xe1 0x3 0xbf 0x3 0xe4 0x3 0xc5 0x3 0xe3 0x3 0xc1 0x3 0xe4 0x3 0xc0 0x3 0x25 0x0 0x3 0x8b 0x87 0x84 0x7d 0x4d 0x80 0x4f 0x80 0x6e 0x82 0xeb 0x7b 0x57 0x62 0x5a 0x5a 0x80 0x3a 0x0 0x0 0x29 0xe8 0x9a 0xec 0x0 0x0 0x0 0x0 0xe6 0x0 0xdc 0x7a 0x0 0xa4 0xa4 0x0 0x8 0xac 0x5 0x0 0x0
1787980650290,0x1 0x8b 0xd 0x4c 0xa7 0x86 0x7f 0x1d 0xf 0x0 0xd 0x56 0xa4 0x0 0x5b 0x1a 0xa6 0x1a 0x73 0x39 0x39 0x6 0x9c 0x2 0x0 0x28 0x65 0x1 0x0 0x75 0x0 0xa4 0x0 0x4c 0x0 0x5a 0x0 0x6b 0x6b 0x6b 0x6b 0x6b 0x6b 0xfa 0x3 0xab 0x3 0xf6 0x3 0xb0 0x3 0xf9 0x3 0xb2 0x3 0xf8 0x3 0xab 0x3 0x25 0x0 0x3 0x8e 0x7e 0x84 0x7e 0x4d 0x80 0x4f 0x80 0x6e 0x82 0xeb 0x7b 0x57 0x62 0x5a 0x5a 0x80 0x3a 0x0 0x0 0x29 0xe8 0x9a 0xec 0x0 0x0 0x0 0x0 0xe5 0x0 0xdc 0x7a 0x0 0xa4 0xa4 0x0 0x8 0xac 0x5 0x0 0x0
1787980650514,0x1 0x89 0xd 0x4c 0xa7 0x86 0x7f 0x1d 0x10 0x0 0xd 0x58 0xaa 0x0 0x4d 0x1b 0xf4 0x1a 0x73 0x39 0x3a 0x6 0x9c 0x2 0x0 0x28 0x65 0x1 0x0 0xa2 0x0 0x9e 0x0 0x4f 0x0 0x66 0x0 0x6b 0x6b 0x6b 0x6b 0x6b 0x6b 0xde 0x3 0xaa 0x3 0xe9 0x3 0xb2 0x3 0xe4 0x3 0xac 0x3 0xe0 0x3 0xaa 0x3 0x25 0x0 0x3 0x84 0x7c 0x85 0x7e 0x4d 0x80 0x4f 0x80 0x6e 0x82 0xeb 0x7b 0x57 0x62 0x5a 0x5a 0x80 0x3a 0x0 0x0 0x29 0xe8 0x9a 0xec 0x0 0x0 0x0 0x0 0xe6 0x0 0xdc 0x7a 0x0 0xa4 0xa4 0x0 0x8 0xcb 0x5 0x0 0x0
1787980650740,0x1 0x8b 0xd 0x4c 0xa7 0x86 0x7f 0x1d 0x10 0x0 0xd 0x58 0xa6 0x0 0xa9 0x1a 0xf1 0x1a 0x73 0x39 0x3a 0x6 0x9c 0x2 0x0 0x28 0x65 0x1 0x0 0xa0 0x0 0x96 0x0 0x52 0x0 0x6a 0x0 0x6b 0x6b 0x6b 0x6b 0x6b 0x6b 0xd9 0x3 0xa1 0x3 0xdc 0x3 0xaa 0x3 0xdd 0x3 0xa6 0x3 0xd5 0x3 0xa1 0x3 0x25 0x0 0x3 0x81 0x78 0x85 0x7e 0x4d 0x80 0x4f 0x80 0x6e 0x82 0xeb 0x7b 0x57 0x62 0x5a 0x5a 0x80 0x3a 0x0 0x0 0x29 0xe8 0x9a 0xec 0x0 0x0 0x0 0x0 0xe6 0x0 0xdc 0x7a 0x0 0xa4 0xa4 0x0 0x8 0xac 0x5 0x0 0x0
1787980650964,0x1 0x8b 0xd 0x4c 0xa7 0x86 0x7f 0x1d 0x10 0x0 0xd 0x57 0xa8 0x0 0xf3 0x1a 0x1 0x1b 0x73 0x39 0x3c 0x6 0x9c 0x2 0x0 0x28 0x65 0x1 0x0 0x84 0x0 0x5d 0x0 0x53 0x0 0x68 0x0 0x6b 0x6b 0x6b 0x6b 0x6b 0x6b 0xce 0x3 0x97 0x3 0xd3 0x3 0x9d 0x3 0xd1 0x3 0x98 0x3 0xcc 0x3 0x97 0x3 0x25 0x0 0x3 0x7e 0x76 0x85 0x7e 0x4d 0x80 0x4f 0x80 0x6e 0x82 0xeb 0x7b 0x57 0x62 0x5a 0x5a 0x80 0x3a 0x0 0x0 0x29 0xe8 0x9a 0xec 0x0 0x0 0x0 0x0 0xe5 0x0 0xdc 0x7a 0x0 0xa4 0xa4 0x0 0x8 0xac 0x5 0x0 0x0
1787980651186,0x1 0x8b 0xd 0x4c 0xa7 0x86 0x7f 0x1d 0x10 0x0 0xd 0x57 0xa6 0x0 0x8b 0x1a 0x3 0x1b 0x73 0x39 0x41 0x6 0x9c 0x2 0x0 0x28 0x65 0x1 0x0 0x27 0x0 0x1b 0x0 0x51 0x0 0x60 0x0 0x6b 0x6b 0x6b 0x6b 0x6b 0x6b 0xec 0x3 0xbc 0x3 0xed 0x3 0xc0 0x3 0xee 0x3 0xc2 0x3 0xe8 0x3 0xbc 0x3 0x25 0x0 0x3 0x86 0x80 0x85 0x7e 0x4d 0x80 0x4f 0x80 0x6e 0x82 0xeb 0x7b 0x58 0x63 0x5a 0x5a 0x80 0x3a 0x0 0x0 0x29 0xe8 0x9a 0xec 0x0 0x0 0x0 0x0 0xe5 0x0 0xdc 0x7a 0x0 0xa4 0xa4 0x0 0x8 0xac 0x5 0x0 0x0
1787980651412,0x1 0x89 0xd 0x4c 0xa7 0x86 0x7f 0x1d 0x10 0x0 0xd 0x58 0xaa 0x0 0x1e 0x1b 0x1c 0x1b 0x73 0x39 0x45 0x6 0x9c 0x2 0x0 0x28 0x65 0x1 0x0 0x19 0x0 0x1e 0x0 0x4d 0x0 0x57 0x0 0x6b 0x6b 0x6b 0x6b 0x6b 0x6b 0xf6 0x3 0xca 0x3 0xfa 0x3 0xcf 0x3 0xf8 0x3 0xc9 0x3 0xf7 0x3 0xca 0x3 0x25 0x0 0x3 0x89 0x83 0x85 0x7e 0x4d 0x80 0x4f 0x80 0x6e 0x82 0xeb 0x7b 0x58 0x63 0x5a 0x5a 0x80 0x3a 0x0 0x0 0x29 0xe8 0x9a 0xec 0x0 0x0 0x0 0x0 0xe5 0x0 0xdc 0x7a 0x0 0xa4 0xa4 0x0 0x8 0xcb 0x5 0x0 0x0
1787980651634,0x1 0x8c 0xd 0x4c 0xa7 0x86 0x7f 0x1d 0x10 0x0 0xd 0x57 0xaa 0x0 0x19 0x1b 0x22 0x1b 0x73 0x39 0x46 0x6 0x9c 0x2 0x0 0x28 0x65 0x1 0x0 0x3e 0x0 0x7a 0x0 0x4d 0x0 0x58 0x0 0x6b 0x6b 0x6b 0x6b 0x6b 0x6b 0x2 0x4 0xd4 0x3 0xfa 0x3 0xcd 0x3 0xfd 0x3 0xd3 0x3 0x2 0x4 0xd4 0x3 0x25 0x0 0x3 0x8c 0x85 0x85 0x7e 0x4d 0x80 0x4f 0x80 0x6e 0x82 0xeb 0x7b 0x58 0x63 0x5a 0x5a 0x80 0x3a 0x0 0x0 0x29 0xe8 0x9a 0xec 0x0 0x0 0x0 0x0 0xe5 0x0 0xdc 0x7a 0x0 0xa4 0xa4 0x0 0x8 0x9f 0x5 0x0 0x0
1787980651858,0x1 0x8b 0xd 0x4c 0xa7 0x86 0x7f 0x1d 0x10 0x0 0xd 0x59 0xab 0x0 0x35 0x1b 0x3e 0x1b 0x73 0x39 0x49 0x6 0x9c 0x2 0x0 0x28 0x65 0x1 0x0 0x91 0x0 0x9f 0x0 0x4f 0x0 0x5b 0x0 0x6b 0x6b 0x6b 0x6b 0x6b 0x6b 0xf1 0x3 0xd8 0x3 0x12 0x4 0xdc 0x3 0xf6 0x3 0xda 0x3 0xf1 0x3 0xd8 0x3 0x25 0x0 0x3 0x86 0x85 0x85 0x7e 0x4d 0x80 0x4f 0x80 0x6e 0x82 0xeb 0x7b 0x58 0x63 0x5a 0x5a 0x80 0x3a 0x0 0x0 0x29 0xe8 0x9a 0xec 0x0 0x0 0x0 0x0 0xe5 0x0 0xdc 0x7a 0x0 0xa4 0xa4 0x0 0x8 0xac 0x5 0x0 0x0
1787980652083,0x1 0x8b 0xd 0x4c 0xa7 0x86 0x7f 0x1d 0x10 0x0 0xd 0x58 0xa8 0x0 0xbf 0x1a 0x38 0x1b 0x73 0x39 0x48 0x6 0x9c 0x2 0x0 0x28 0x65 0x1 0x0 0xa4 0x0 0xa4 0x0 0x53 0x0 0x60 0x0 0x6b 0x6b 0x6b 0x6b 0x6b 0x6b 0xea 0x3 0xb8 0x3 0xee 0x3 0xbf 0x3 0xec 0x3 0xbe 0x3 0xe4 0x3 0xb8 0x3 0x25 0x0 0x3 0x83 0x7d 0x85 0x7e 0x4d 0x80 0x4f 0x80 0x6e 0x82 0xeb 0x7b 0x58 0x63 0x5a 0x5a 0x80 0x3a 0x0 0x0 0x29 0xe8 0x9a 0xec 0x0 0x0 0x0 0x0 0xe5 0x0 0xdc 0x7a 0x0 0xa4 0xa4 0x0 0x8 0xac 0x5 0x0 0x0
1787980652306,0x1 0x89 0xd 0x4c 0xa7 0x86 0x7f 0x1d 0x10 0x0 0xd 0x57 0xa6 0x0 0x7a 0x1a 0x1c 0x1b 0x73 0x39 0x45 0x6 0x9c 0x2 0x0 0x28 0x65 0x1 0x0 0x9a 0x0 0x99 0x0 0x54 0x0 0x67 0x0 0x6b 0x6b 0x6b 0x6b 0x6b 0x6b 0xdc 0x3 0xaa 0x3 0xe0 0x3 0xb1 0x3 0xde 0x3 0xb1 0x3 0xd6 0x3 0xaa 0x3 0x25 0x0 0x3 0x80 0x7a 0x85 0x7e 0x4d 0x80 0x4f 0x80 0x6e 0x82 0xeb 0x7b 0x58 0x63 0x5a 0x5a 0x80 0x3a 0x0 0x0 0x29 0xe8 0x9a 0xec 0x0 0x0 0x0 0x0 0xe5 0x0 0xdc 0x7a 0x0 0xa4 0xa4 0x0 0x8 0xcb 0x5 0x0 0x0
1787980652530,0x1 0x8a 0xd 0x4c 0xa7 0x86 0x7f 0x1d 0x10 0x0 0xd 0x59 0xac 0x0 0x6b 0x1b 0x54 0x1b 0x73 0x39 0x46 0x6 0x9c 0x2 0x0 0x28 0x65 0x1 0x0 0x5a 0x0 0x63 0x0 0x54 0x0 0x69 0x0 0x6b 0x6b 0x6b 0x6b 0x6b 0x6b 0xd2 0x3 0xa5 0x3 0xd2 0x3 0xa6 0x3 0xd1 0x3 0xa7 0x3 0xd2 0x3 0xa5 0x3 0x25 0x0 0x3 0x7d 0x77 0x85 0x7e 0x4d 0x80 0x4f 0x80 0x6e 0x82 0xeb 0x7b 0x58 0x63 0x5a 0x5a 0x80 0x3a 0x0 0x0 0x29 0xe8 0x9a 0xec 0x0 0x0 0x0 0x0 0xe5 0x0 0xdc 0x7a 0x0 0xa4 0xa4 0x0 0x8 0xb9 0x5 0x0 0x0
1787980652754,0x1 0x8b 0xd 0x4c 0xa7 0x86 0x7f 0x1d 0x10 0x0 0xd 0x59 0xae 0x0 0xb4 0x1b 0x8b 0x1b 0x73 0x39 0x48 0x6 0x9c 0x2 0x0 0x28 0x65 0x1 0x0 0x1b 0x0 0x1d 0x0 0x4f 0x0 0x61 0x0 0x6b 0x6b 0x6b 0x6b 0x6b 0x6b 0xfd 0x3 0xc4 0x3 0xf5 0x3 0xc7 0x3 0xfa 0x3 0xcc 0x3 0xfd 0x3 0xce 0x3 0x25 0x0 0x3 0x86 0x80 0x85 0x7e 0x4d 0x80 0x4f 0x80 0x6e 0x82 0xeb 0x7b 0x58 0x63 0x5a 0x5a 0x80 0x3a 0x0 0x0 0x29 0xe8 0x9a 0xec 0x0 0x0 0x0 0x0 0xe5 0x0 0xdc 0x7a 0x0 0xa4 0xa4 0x0 0x8 0xac 0x5 0x0 0x0
1787980652979,0x1 0x8b 0xd 0x4c 0xa7 0x86 0x7f 0x1d 0x10 0x0 0xd 0x59 0xae 0x0 0xa2 0x1b 0x6d 0x1b 0x73 0x39 0x4c 0x6 0x9c 0x2 0x0 0x28 0x65 0x1 0x0 0x21 0x0 0x15 0x0 0x4d 0x0 0x4b 0x0 0x6b 0x6b 0x6b 0x6b 0x6b 0x6b 0x3 0x4 0xd6 0x3 0x3 0x4 0xd4 0x3 0x3 0x4 0xd4 0x3 0x5 0x4 0xd6 0x3 0x25 0x0 0x3 0x8a 0x83 0x85 0x7e 0x4d 0x80 0x4f 0x80 0x6e 0x82 0xeb 0x7b 0x58 0x63 0x5a 0x5a 0x80 0x3a 0x0 0x0 0x29 0xe8 0x9a 0xec 0x0 0x0 0x0 0x0 0xe5 0x0 0xdc 0x7a 0x0 0xa4 0xa4 0x0 0x8 0xac 0x5 0x0 0x0
1787980653202,0x1 0x89 0xd 0x4c 0xa7 0x87 0x7f 0x1d 0x10 0x0 0xd 0x5a 0xaf 0x0 0xc2 0x1b 0x72 0x1b 0x73 0x39 0x4e 0x6 0x9c 0x2 0x0 0x28 0x65 0x1 0x0 0x90 0x0 0x5f 0x0 0x4f 0x0 0x48 0x0 0x6b 0x6b 0x6b 0x6b 0x6b 0x6b 0xc 0x4 0xe2 0x3 0x6 0x4 0xd8 0x3 0x8 0x4 0xdc 0x3 0xf 0x4 0xe2 0x3 0x25 0x0 0x3 0x85 0x86 0x84 0x7e 0x4d 0x80 0x4f 0x80 0x6e 0x82 0xeb 0x7b 0x58 0x63 0x5a 0x5a 0x80 0x3a 0x0 0x0 0x29 0xe8 0x9a 0xec 0x0 0x0 0x0 0x0 0xe5 0x0 0xdc 0x7a 0x0 0xa4 0xa4 0x0 0x8 0xcb 0x5 0x0 0x0
1787980653425,0x1 0x8b 0xd 0x4c 0xa7 0x87 0x7f 0x1e 0x10 0x0 0xd 0x58 0xab 0x0 0x24 0x1b 0x17 0x1b 0x73 0x3a 0x4d 0x6 0x9c 0x2 0x0 0x28 0x65 0x1 0x0 0xa1 0x0 0x9d 0x0 0x52 0x0 0x4b 0x0 0x6b 0x6b 0x6b 0x6b 0x6b 0x6b 0xdb 0x3 0xd7 0x3 0xe2 0x3 0xdc 0x3 0xdf 0x3 0xd8 0x3 0xdb 0x3 0xd7 0x3 0x25 0x0 0x3 0x81 0x87 0x84 0x7e 0x4d 0x80 0x4f 0x80 0x6e 0x82 0xeb 0x7b 0x58 0x63 0x5a 0x5a 0x7c 0x3a 0x0 0x0 0x29 0xe8 0x9a 0xec 0x0 0x0 0x0 0x0 0xe5 0x0 0xdc 0x7a 0x0 0xa4 0xa4 0x0 0x8 0xac 0x5 0x0 0x0
1787980653651,0x1 0x8b 0xd 0x4c 0xa7 0x87 0x7f 0x1e 0x10 0x0 0xd 0x58 0xa9 0x0 0xd7 0x1a 0x51 0x1b 0x73 0x3a 0x4c 0x6 0x9c 0x2 0x0 0x28 0x65 0x1 0x0 0x86 0x0 0xa1 0x0 0x53 0x0 0x51 0x0 0x6b 0x6b 0x6b 0x6b 0x6b 0x6b 0xde 0x3 0xc5 0x3 0xdc 0x3 0xe4 0x3 0xe1 0x3 0xe6 0x3 0xd8 0x3 0xc5 0x3 0x25 0x0 0x3 0x7e 0x7f 0x84 0x7f 0x4d 0x80 0x4f 0x80 0x6e 0x82 0xeb 0x7b 0x58 0x63 0x5a 0x5a 0x7c 0x3a 0x0 0x0 0x29 0xe8 0x9a 0xec 0x0 0x0 0x0 0x0 0xe5 0x0 0xdc 0x7a 0x0 0xa4 0xa4 0x0 0x8 0xac 0x5 0x0 0x0
1787980653873,0x1 0x8b 0xd 0x4c 0xa7 0x87 0x7f 0x1e 0x10 0x0 0xd 0x59 0xad 0x0 0x71 0x1b 0x95 0x1b 0x73 0x3a 0x4e 0x6 0x9c 0x2 0x0 0x28 0x65 0x1 0x0 0x21 0x0 0x9f 0x0 0x4f 0x0 0x5f 0x0 0x6b 0x6b 0x6b 0x6b 0x6b 0x6b 0x1 0x4 0xc3 0x3 0x6 0x4 0xcb 0x3 0x3 0x4 0xc7 0x3 0x0 0x4 0xc3 0x3 0x25 0x0 0x3 0x87 0x7c 0x85 0x7f 0x4d 0x80 0x4f 0x80 0x6e 0x82 0xeb 0x7b 0x58 0x63 0x5a 0x5a 0x80 0x3a 0x0 0x0 0x29 0xe8 0x9a 0xec 0x0 0x0 0x0 0x0 0xe5 0x0 0xdc 0x7a 0x0 0xa4 0xa4 0x0 0x8 0xac 0x5 0x0 0x0
1787980654098,0x1 0x89 0xd 0x4c 0xa7 0x87 0x7f 0x1e 0x10 0x0 0xd 0x59 0xa9 0x0 0xca 0x1a 0x59 0x1b 0x73 0x3a 0x4f 0x6 0x9c 0x2 0x0 0x28 0x65 0x1 0x0 0x21 0x0 0x94 0x0 0x4e 0x0 0x6a 0x0 0x6b 0x6b 0x6b 0x6b 0x6b 0x6b 0x8 0x4 0xaf 0x3 0x4 0x4 0xb5 0x3 0x7 0x4 0xb5 0x3 0x3 0x4 0xaf 0x3 0x25 0x0 0x3 0x8a 0x79 0x85 0x7f 0x4d 0x80 0x4f 0x80 0x6e 0x82 0xeb 0x7b 0x58 0x63 0x5a 0x5a 0x80 0x3a 0x0 0x0 0x29 0xe8 0x9a 0xec 0x0 0x0 0x0 0x0 0xe5 0x0 0xdc 0x7a 0x0 0xa4 0xa4 0x0 0x8 0xcb 0x5 0x0 0x0
1787980654321,0x1 0x8a 0xd 0x4c 0xa7 0x87 0x7f 0x1e 0x10 0x0 0xd 0x5a 0xb0 0x0 0xe2 0x1b 0x6d 0x1b 0x73 0x3a 0x50 0x6 0x9c 0x2 0x0 0x28 0x65 0x1 0x0 0x82 0x0 0x4f 0x0 0x4f 0x0 0x6c 0x0 0x6b 0x6b 0x6b 0x6b 0x6b 0x6b 0xb 0x4 0xa6 0x3 0x10 0x4 0xac 0x3 0xf 0x4 0xa6 0x3 0x10 0x4 0xa6 0x3 0x25 0x0 0x3 0x8c 0x7d 0x85 0x7f 0x4d 0x80 0x4f 0x80 0x6e 0x82 0xeb 0x7b 0x58 0x63 0x5a 0x5a 0x80 0x3a 0x0 0x0 0x29 0xe8 0x9a 0xec 0x0 0x0 0x0 0x0 0xe5 0x0 0xdc 0x7a 0x0 0xa4 0xa4 0x0 0x8 0xb9 0x5 0x0 0x0
1787980654547,0x1 0x8b 0xd 0x4c 0xa7 0x87 0x7f 0x1e 0x10 0x0 0xd 0x58 0xae 0x0 0x76 0x1b 0x7c 0x1b 0x73 0x3a 0x56 0x6 0x9c 0x2 0x0 0x28 0x65 0x1 0x0 0xa3 0x0 0x19 0x0 0x52 0x0 0x63 0x0 0x6b 0x6b 0x6b 0x6b 0x6b 0x6b 0xed 0x3 0xcf 0x3 0xec 0x3 0xca 0x3 0xf0 0x3 0xcb 0x3 0xec 0x3 0xce 0x3 0x25 0x0 0x3 0x82 0x80 0x85 0x7e 0x4d 0x80 0x4f 0x80 0x6e 0x82 0xeb 0x7b 0x58 0x63 0x5a 0x5a 0x80 0x3a 0x0 0x0 0x29 0xe8 0x9a 0xec 0x0 0x0 0x0 0x0 0xe4 0x0 0xdc 0x7a 0x0 0xa4 0xa4 0x0 0x8 0xac 0x5 0x0 0x0
1787980654769,0x1 0x8b 0xd 0x4c 0xa7 0x87 0x7f 0x1e 0x10 0x0 0xd 0x58 0xac 0x0 0x2e 0x1b 0x4f 0x1b 0x73 0x39 0x54 0x6 0x9c 0x2 0x0 0x28 0x65 0x1 0x0 0x97 0x0 0x2b 0x0 0x53 0x0 0x59 0x0 0x6b 0x6b 0x6b 0x6b 0x6b 0x6b 0xdd 0x3 0xd4 0x3 0xda 0x3 0xd4 0x3 0xdd 0x3 0xd2 0x3 0xda 0x3 0xd4 0x3 0x25 0x0 0x3 0x7f 0x84 0x85 0x7e 0x4d 0x80 0x4f 0x80 0x6e 0x82 0xeb 0x7b 0x58 0x63 0x5a 0x5a 0x80 0x3a 0x0 0x0 0x29 0xe8 0x9a 0xec 0x0 0x0 0x0 0x0 0xe4 0x0 0xdc 0x7a 0x0 0xa4 0xa4 0x0 0x8 0xac 0x5 0x0 0x0
1787980654995,0x1 0x8b 0xd 0x4c 0xa7 0x87 0x7f 0x1e 0x10 0x0 0xd 0x59 0xb0 0x0 0xd0 0x1b 0x9c 0x1b 0x73 0x3a 0x54 0x6 0x9c 0x2 0x0 0x28 0x65 0x1 0x0 0x55 0x0 0x90 0x0 0x53 0x0 0x58 0x0 0x6b 0x6b 0x6b 0x6b 0x6b 0x6b 0xd9 0x3 0xe6 0x3 0xd4 0x3 0xdf 0x3 0xd8 0x3 0xe0 0x3 0xdb 0x3 0xe6 0x3 0x25 0x0 0x3 0x7c 0x86 0x85 0x7e 0x4d 0x80 0x4f 0x80 0x6e 0x82 0xeb 0x7b 0x58 0x63 0x5a 0x5a 0x7c 0x3a 0x0 0x0 0x29 0xe8 0x9a 0xec 0x0 0x0 0x0 0x0 0xe5 0x0 0xdc 0x7a 0x0 0xa4 0xa4 0x0 0x8 0xac 0x5 0x0 0x0
1787980655219,0x1 0x89 0xd 0x4c 0xa7 0x87 0x7f 0x1d 0x10 0x0 0xd 0x59 0xb0 0x0 0xbe 0x1b 0x84 0x1b 0x73 0x3a 0x58 0x6 0x9c 0x2 0x0 0x28 0x65 0x1 0x0 0x17 0x0 0xa1 0x0 0x4c 0x0 0x5a 0x0 0x6b 0x6b 0x6b 0x6b 0x6b 0x6b 0xf8 0x3 0xe0 0x3 0xfa 0x3 0xe3 0x3 0xf9 0x3 0xde 0x3 0xfa 0x3 0xe1 0x3 0x25 0x0 0x3 0x86 0x86 0x84 0x7e 0x4d 0x80 0x4f 0x80 0x6e 0x82 0xeb 0x7b 0x58 0x63 0x5a 0x5a 0x7c 0x3a 0x0 0x0 0x29 0xe8 0x9a 0xec 0x0 0x0 0x0 0x0 0xe4 0x0 0xdc 0x7a 0x0 0xa4 0xa4 0x0 0x8 0xcb 0x5 0x0 0x0
1787980655443,0x1 0x8b 0xd 0x4c 0xa7 0x87 0x7f 0x1e 0x10 0x0 0xd 0x5b 0xb1 0x0 0xe7 0x1b 0xdf 0x1b 0x73 0x3a 0x58 0x6 0x9c 0x2 0x0 0x28 0x65 0x1 0x0 0x20 0x0 0xa4 0x0 0x4b 0x0 0x63 0x0 0x6c 0x6c 0x6c 0x6c 0x6c 0x6c 0x13 0x4 0xcd 0x3 0x14 0x4 0xce 0x3 0x11 0x4 0xcf 0x3 0x14 0x4 0xcd 0x3 0x25 0x0 0x3 0x89 0x7c 0x84 0x7e 0x4d 0x80 0x4f 0x80 0x6e 0x82 0xeb 0x7b 0x58 0x63 0x5a 0x5a 0x7c 0x3a 0x0 0x0 0x29 0xe8 0x9a 0xec 0x0 0x0 0x0 0x0 0xe5 0x0 0xdc 0x7a 0x0 0xa4 0xa4 0x0 0x8 0xac 0x5 0x0 0x0
1787980655667,0x1 0x8c 0xd 0x4c 0xa7 0x87 0x7f 0x1e 0x10 0x0 0xd 0x59 0xb0 0x0 0xcc 0x1b 0xb0 0x1b 0x73 0x3a 0x55 0x6 0x9c 0x2 0x0 0x28 0x65 0x1 0x0 0x91 0x0 0x9d 0x0 0x4e 0x0 0x70 0x0 0x6b 0x6b 0x6b 0x6b 0x6b 0x6b 0x10 0x4 0xb9 0x3 0x14 0x4 0xba 0x3 0x13 0x4 0xb8 0x3 0xfa 0x3 0xba 0x3 0x25 0x0 0x3 0x84 0x79 0x84 0x7e 0x4d 0x80 0x4f 0x80 0x6e 0x82 0xeb 0x7b 0x58 0x63 0x5a 0x5a 0x7c 0x3a 0x0 0x0 0x29 0xe8 0x9a 0xec 0x0 0x0 0x0 0x0 0xe4 0x0 0xdc 0x7a 0x0 0xa4 0xa4 0x0 0x8 0x9f 0x5 0x0 0x0
1787980655889,0x1 0x8c 0xd 0x4c 0xa7 0x87 0x7f 0x1d 0x10 0x0 0xd 0x58 0xae 0x0 0x69 0x1b 0x7b 0x1b 0x73 0x3a 0x59 0x6 0x9c 0x2 0x0 0x28 0x65 0x1 0x0 0xa8 0x0 0x91 0x0 0x55 0x0 0x72 0x0 0x6b 0x6b 0x6b 0x6b 0x6b 0x6b 0xe8 0x3 0xaa 0x3 0xe7 0x3 0xb0 0x3 0xec 0x3 0xab 0x3 0xe7 0x3 0xa7 0x3 0x25 0x0 0x3 0x81 0x76 0x84 0x7e 0x4d 0x80 0x4f 0x80 0x6e 0x82 0xeb 0x7b 0x58 0x63 0x5a 0x5a 0x7c 0x3a 0x0 0x0 0x29 0xe8 0x9a 0xec 0x0 0x0 0x0 0x0 0xe4 0x0 0xdc 0x7a 0x0 0xa4 0xa4 0x0 0x8 0x9f 0x5 0x0 0x0
1787980656113,0x1 0x8a 0xd 0x4c 0xa7 0x87 0x7f 0x1d 0x10 0x0 0xd 0x59 0xad 0x0 0x4e 0x1b 0x3a 0x1b 0x73 0x3a 0x56 0x6 0x9c 0x2 0x0 0x28 0x65 0x1 0x0 0x9e 0x0 0x4b 0x0 0x57 0x0 0x70 0x0 0x6b 0x6b 0x6b 0x6b 0x6b 0x6b 0xd3 0x3 0x94 0x3 0xd3 0x3 0x98 0x3 0xd9 0x3 0x95 0x3 0xd3 0x3 0x94 0x3 0x25 0x0 0x3 0x7e 0x73 0x84 0x7e 0x4d 0x80 0x4f 0x80 0x6e 0x82 0xeb 0x7b 0x58 0x63 0x5a 0x5a 0x7c 0x3a 0x0 0x0 0x29 0xe8 0x9a 0xec 0x0 0x0 0x0 0x0 0xe5 0x0 0xdc 0x7a 0x0 0xa4 0xa4 0x0 0x8 0xb9 0x5 0x0 0x0
1787980656337,0x1 0x8b 0xd 0x4c 0xa7 0x87 0x7f 0x1d 0x10 0x0 0xd 0x58 0xad 0x0 0x57 0x1b 0x49 0x1b 0x73 0x3a 0x54 0x6 0x9c 0x2 0x0 0x28 0x65 0x1 0x0 0x51 0x0 0x16 0x0 0x55 0x0 0x60 0x0 0x6b 0x6b 0x6b 0x6b 0x6b 0x6b 0xcc 0x3 0xb9 0x3 0xc9 0x3 0xbb 0x3 0xcd 0x3 0xba 0x3 0xca 0x3 0xbb 0x3 0x25 0x0 0x3 0x7b 0x7d 0x84 0x7c 0x4d 0x80 0x4f 0x80 0x6e 0x82 0xeb 0x7b 0x58 0x63 0x5a 0x5a 0x7c 0x3a 0x0 0x0 0x29 0xe8 0x9a 0xec 0x0 0x0 0x0 0x0 0xe5 0x0 0xdc 0x7a 0x0 0xa4 0xa4 0x0 0x8 0xac 0x5 0x0 0x0
1787980656563,0x1 0x8b 0xd 0x4c 0xa7 0x87 0x7f 0x1d 0x10 0x0 0xd 0x5a 0xac 0x0 0x2e 0x1b 0x37 0x1b 0x73 0x3a 0x54 0x6 0x9c 0x2 0x0 0x28 0x65 0x1 0x0 0x1a 0x0 0x12 0x0 0x50 0x0 0x3d 0x0 0x6b 0x6b 0x6b 0x6b 0x6b 0x6b 0xf0 0x3 0xc4 0x3 0xeb 0x3 0xc4 0x3 0xeb 0x3 0xc5 0x3 0xeb 0x3 0xc4 0x3 0x25 0x0 0x3 0x85 0x80 0x83 0x7c 0x4d 0x80 0x4f 0x80 0x6e 0x82 0xeb 0x7b 0x58 0x63 0x5a 0x5a 0x7c 0x3a 0x0 0x0 0x29 0xe8 0x9a 0xec 0x0 0x0 0x0 0x0 0xe6 0x0 0xdc 0x7a 0x0 0xa4 0xa4 0x0 0x8 0xac 0x5 0x0 0x0
1787980656786,0x1 0x8b 0xd 0x4c 0xa7 0x87 0x7f 0x1e 0x10 0x0 0xd 0x58 0xaf 0x0 0xa3 0x1b 0x73 0x1b 0x73 0x3a 0x55 0x6 0x9c 0x2 0x0 0x28 0x65 0x1 0x0 0x18 0x0 0x24 0x0 0x4c 0x0 0x30 0x0 0x6b 0x6b 0x6b 0x6b 0x6b 0x6b 0xfb 0x3 0xd5 0x3 0xfc 0x3 0xd8 0x3 0xfa 0x3 0xd0 0x3 0x0 0x4 0xd8 0x3 0x25 0x0 0x3 0x88 0x83 0x83 0x7c 0x4d 0x80 0x4f 0x80 0x6e 0x82 0xeb 0x7b 0x58 0x63 0x5a 0x5a 0x7c 0x3a 0x0 0x0 0x29 0xe8 0x9a 0xec 0x0 0x0 0x0 0x0 0xe5 0x0 0xdc 0x7a 0x0 0xa4 0xa4 0x0 0x8 0xac 0x5 0x0 0x0
1787980657010,0x1 0x89 0xd 0x4c 0xa7 0x87 0x7f 0x1d 0x10 0x0 0xd 0x59 0xb0 0x0 0xcc 0x1b 0x91 0x1b 0x73 0x3a 0x55 0x6 0x9c 0x2 0x0 0x28 0x65 0x1 0x0 0x4f 0x0 0x73 0x0 0x4d 0x0 0x2e 0x0 0x6b 0x6b 0x6b 0x6b 0x6b 0x6b 0x3 0x4 0xe1 0x3 0xc 0x4 0xe8 0x3 0xff 0x3 0xd6 0x3 0x10 0x4 0xe8 0x3 0x25 0x0 0x3 0x8b 0x87 0x83 0x7c 0x4d 0x80 0x4f 0x80 0x6e 0x82 0xeb 0x7b 0x58 0x63 0x5a 0x5a 0x7c 0x3a 0x0 0x0 0x29 0xe8 0x9a 0xec 0x0 0x0 0x0 0x0 0xe5 0x0 0xdc 0x7a 0x0 0xa4 0xa4 0x0 0x8 0xcb 0x5 0x0 0x0
1787980657234,0x1 0x8a 0xd 0x4c 0xa7 0x87 0x7f 0x1d 0x10 0x0 0xd 0x59 0xb0 0x0 0xc3 0x1b 0x8d 0x1b 0x73 0x3a 0x57 0x6 0x9c 0x2 0x0 0x28 0x65 0x1 0x0 0x9f 0x0 0xa2 0x0 0x50 0x0 0x30 0x0 0x6b 0x6b 0x6b 0x6b 0x6b 0x6b 0xf5 0x3 0xe5 0x3 0xf2 0x3 0xe7 0x3 0xf7 0x3 0xe8 0x3 0xf4 0x3 0xe7 0x3 0x25 0x0 0x3 0x84 0x87 0x83 0x7c 0x4d 0x80 0x4f 0x80 0x6e 0x82 0xeb 0x7b 0x58 0x63 0x5a 0x5a 0x7c 0x3a 0x0 0x0 0x29 0xe8 0x9a 0xec 0x0 0x0 0x0 0x0 0xe6 0x0 0xdc 0x7a 0x0 0xa4 0xa4 0x0 0x8 0xb9 0x5 0x0 0x0
1787980657457,0x1 0x8b 0xd 0x4c 0xa7 0x87 0x7f 0x1e 0x10 0x0 0xd 0x59 0xad 0x0 0x41 0x1b 0x33 0x1b 0x73 0x3a 0x59 0x6 0x9c 0x2 0x0 0x28 0x65 0x1 0x0 0xa6 0x0 0xa9 0x0 0x56 0x0 0x39 0x0 0x6b 0x6b 0x6b 0x6b 0x6b 0x6b 0xdf 0x3 0xbe 0x3 0xdb 0x3 0xbd 0x3 0xdb 0x3 0xc5 0x3 0xdb 0x3 0xbc 0x3 0x25 0x0 0x3 0x80 0x7e 0x83 0x7d 0x4d 0x80 0x4f 0x80 0x6e 0x82 0xeb 0x7b 0x58 0x63 0x5a 0x5a 0x7c 0x3a 0x0 0x0 0x29 0xe8 0x9a 0xec 0x0 0x0 0x0 0x0 0xe5 0x0 0xdc 0x7a 0x0 0xa4 0xa4 0x0 0x8 0xac 0x5 0x0 0x0
1787980657682,0x1 0x8c 0xd 0x4c 0xa7 0x87 0x7f 0x1e 0x10 0x0 0xd 0x5a 0xaf 0x0 0x9a 0x1b 0x6d 0x1b 0x73 0x3a 0x57 0x6 0x9c 0x2 0x0 0x28 0x65 0x1 0x0 0x9a 0x0 0xa3 0x0 0x58 0x0 0x60 0x0 0x6b 0x6b 0x6b 0x6b 0x6b 0x6b 0xd5 0x3 0xb8 0x3 0xd4 0x3 0xb8 0x3 0xd7 0x3 0xb4 0x3 0xd7 0x3 0xb8 0x3 0x25 0x0 0x3 0x7d 0x7b 0x83 0x7d 0x4d 0x80 0x4f 0x80 0x6e 0x82 0xeb 0x7b 0x58 0x63 0x5a 0x5a 0x7c 0x3a 0x0 0x0 0x29 0xe8 0x9a 0xec 0x0 0x0 0x0 0x0 0xe6 0x0 0xdc 0x7a 0x0 0xa4 0xa4 0x0 0x8 0x9f 0x5 0x0 0x0
1787980657904,0x1 0x8a 0xd 0x4c 0xa7 0x87 0x7f 0x1e 0x10 0x0 0xd 0x59 0xac 0x0 0x1d 0x1b 0x74 0x1b 0x73 0x3a 0x58 0x6 0x9c 0x2 0x0 0x28 0x65 0x1 0x0 0x5b 0x0 0x98 0x0 0x56 0x0 0x7a 0x0 0x6b 0x6b 0x6b 0x6b 0x6b 0x6b 0xdd 0x3 0xb9 0x3 0xd1 0x3 0xb2 0x3 0xcc 0x3 0xbd 0x3 0xcc 0x3 0xae 0x3 0x25 0x0 0x3 0x7a 0x78 0x83 0x7d 0x4d 0x80 0x4f 0x80 0x6e 0x82 0xeb 0x7b 0x58 0x63 0x5a 0x5a 0x7c 0x3a 0x0 0x0 0x29 0xe8 0x9a 0xec 0x0 0x0 0x0 0x0 0xe6 0x0 0xdc 0x7a 0x0 0xa4 0xa4 0x0 0x8 0xb9 0x5 0x0 0x0
1787980658128,0x1 0x8a 0xd 0x4c 0xa7 0x87 0x7f 0x1e 0x10 0x0 0xd 0x59 0xb0 0x0 0xc7 0x1b 0x42 0x1b 0x73 0x3a 0x56 0x6 0x9c 0x2 0x0 0x28 0x65 0x1 0x0 0x21 0x0 0x72 0x0 0x53 0x0 0x79 0x0 0x6b 0x6b 0x6b 0x6b 0x6b 0x6b 0xe1 0x3 0x9b 0x3 0xe3 0x3 0x99 0x3 0xe8 0x3 0x98 0x3 0xe8 0x3 0x9d 0x3 0x25 0x0 0x3 0x83 0x75 0x83 0x7d 0x4d 0x80 0x4f 0x80 0x6e 0x82 0xeb 0x7b 0x58 0x63 0x5a 0x5a 0x7c 0x3a 0x0 0x0 0x29 0xe8 0x9a 0xec 0x0 0x0 0x0 0x0 0xe6 0x0 0xdc 0x7a 0x0 0xa4 0xa4 0x0 0x8 0xb9 0x5 0x0 0x0
1787980658353,0x1 0x8b 0xd 0x4c 0xa7 0x87 0x7f 0x1e 0x10 0x0 0xd 0x59 0xac 0x0 0xc 0x1b 0x5c 0x1b 0x73 0x3a 0x5c 0x6 0x9c 0x2 0x0 0x28 0x65 0x1 0x0 0x15 0x0 0x1f 0x0 0x4c 0x0 0x70 0x0 0x6b 0x6b 0x6b 0x6b 0x6b 0x6b 0xf4 0x3 0xbc 0x3 0xf9 0x3 0xbe 0x3 0xf6 0x3 0xba 0x3 0xf6 0x3 0xbc 0x3 0x25 0x0 0x3 0x87 0x7d 0x83 0x7d 0x4d 0x80 0x4f 0x80 0x6e 0x82 0xeb 0x7b 0x58 0x63 0x5a 0x5a 0x7c 0x3a 0x0 0x0 0x29 0xe8 0x9a 0xec 0x0 0x0 0x0 0x0 0xe6 0x0 0xdc 0x7a 0x0 0xa4 0xa4 0x0 0x8 0xac 0x5 0x0 0x0
1787980658578,0x1 0x8b 0xd 0x4c 0xa7 0x87 0x7f 0x1e 0x11 0x0 0xd 0x5a 0xaf 0x0 0x6b 0x1b 0x6f 0x1b 0x73 0x3a 0x62 0x6 0x9c 0x2 0x0 0x28 0x65 0x1 0x0 0x1f 0x0 0x13 0x0 0x4d 0x0 0x5a 0x0 0x6b 0x6b 0x6b 0x6b 0x6b 0x6b 0x0 0x4 0xc9 0x3 0x3 0x4 0xca 0x3 0x5 0x4 0xca 0x3 0x4 0x4 0xca 0x3 0x24 0x0 0x3 0x8a 0x80 0x83 0x7d 0x4d 0x80 0x4f 0x80 0x6e 0x82 0xeb 0x7b 0x58 0x63 0x5a 0x5a 0x7c 0x3b 0x0 0x0 0x29 0xe8 0x9a 0xec 0x0 0x0 0x0 0x0 0xe5 0x0 0xdc 0x7a 0x0 0xa4 0xa4 0x0 0x8 0xac 0x5 0x0 0x0
1787980658801,0x1 0x89 0xd 0x4c 0xa7 0x87 0x7f 0x1e 0x11 0x0 0xd 0x5c 0xb2 0x0 0xd6 0x1b 0xcd 0x1b 0x73 0x3a 0x65 0x6 0x9c 0x2 0x0 0x28 0x65 0x1 0x0 0x7a 0x0 0x1b 0x0 0x4f 0x0 0x46 0x0 0x6b 0x6b 0x6b 0x6b 0x6b 0x6b 0x15 0x4 0xdb 0x3 0x1a 0x4 0xe1 0x3 0x1d 0x4 0xe3 0x3 0x1d 0x4 0xe3 0x3 0x24 0x0 0x3 0x8d 0x83 0x83 0x7d 0x4d 0x80 0x4f 0x80 0x6e 0x82 0xeb 0x7b 0x58 0x63 0x5a 0x5a 0x7c 0x3b 0x0 0x0 0x29 0xe8 0x9a 0xec 0x0 0x0 0x0 0x0 0xe5 0x0 0xdc 0x7a 0x0 0xa4 0xa4 0x0 0x8 0xcb 0x5 0x0 0x0
1787980659024,0x1 0x8a 0xd 0x4c 0xa7 0x87 0x7f 0x1e 0x11 0x0 0xd 0x59 0xb3 0x0 0xed 0x1b 0xd4 0x1b 0x73 0x3a 0x69 0x6 0x9c 0x2 0x0 0x28 0x65 0x1 0x0 0xa5 0x0 0x70 0x0 0x53 0x0 0x40 0x0 0x6b 0x6b 0x6b 0x6b 0x6b 0x6b 0xfa 0x3 0xeb 0x3 0xfb 0x3 0xf0 0x3 0xf9 0x3 0xee 0x3 0xf9 0x3 0xee 0x3 0x24 0x0 0x3 0x83 0x86 0x83 0x7d 0x4d 0x80 0x4f 0x80 0x6e 0x82 0xeb 0x7b 0x58 0x63 0x5a 0x5a 0x7c 0x3b 0x0 0x0 0x29 0xe8 0x9a 0xec 0x0 0x0 0x0 0x0 0xe5 0x0 0xdc 0x7a 0x0 0xa4 0xa4 0x0 0x8 0xb9 0x5 0x0 0x0
1787980659249,0x1 0x8b 0xd 0x4c 0xa7 0x87 0x7f 0x1e 0x11 0x0 0xd 0x5a 0xb2 0x0 0xd6 0x1b 0xe9 0x1b 0x73 0x3b 0x65 0x6 0x9c 0x2 0x0 0x28 0x65 0x1 0x0 0x9c 0x0 0xa3 0x0 0x57 0x0 0x43 0x0 0x6b 0x6b 0x6b 0x6b 0x6b 0x6b 0xf0 0x3 0xf7 0x3 0xf9 0x3 0xfa 0x3 0xf7 0x3 0xf3 0x3 0xf0 0x3 0xf3 0x3 0x24 0x0 0x3 0x7f 0x86 0x83 0x7d 0x4d 0x80 0x4f 0x80 0x6e 0x82 0xeb 0x7b 0x58 0x63 0x5a 0x5a 0x7c 0x3b 0x0 0x0 0x29 0xe8 0x9a 0xec 0x0 0x0 0x0 0x0 0xe4 0x0 0xdc 0x7a 0x0 0xa4 0xa4 0x0 0x8 0xac 0x5 0x0 0x0
1787980659472,0x1 0x8b 0xd 0x4c 0xa7 0x87 0x7f 0x1e 0x11 0x0 0xd 0x5b 0xb4 0x0 0x26 0x1c 0xe7 0x1b 0x73 0x3a 0x65 0x6 0x9c 0x2 0x0 0x28 0x65 0x1 0x0 0x7f 0x0 0xa7 0x0 0x56 0x0 0x50 0x0 0x6b 0x6b 0x6b 0x6b 0x6b 0x6b 0xe5 0x3 0xe6 0x3 0xde 0x3 0xd1 0x3 0xe1 0x3 0xd2 0x3 0xe5 0x3 0xd4 0x3 0x24 0x0 0x3 0x7c 0x7e 0x83 0x7d 0x4d 0x80 0x4f 0x80 0x6e 0x82 0xeb 0x7b 0x58 0x63 0x5a 0x5a 0x7c 0x3b 0x0 0x0 0x29 0xe8 0x9a 0xec 0x0 0x0 0x0 0x0 0xe4 0x0 0xdc 0x7a 0x0 0xa4 0xa4 0x0 0x8 0xac 0x5 0x0 0x0
1787980659696,0x1 0x8b 0xd 0x4c 0xa7 0x87 0x7f 0x1e 0x11 0x0 0xd 0x5b 0xb4 0x0 0x1d 0x1c 0x33 0x1c 0x73 0x3a 0x67 0x6 0x9c 0x2 0x0 0x28 0x65 0x1 0x0 0x1a 0x0 0x9e 0x0 0x4f 0x0 0x6b 0x0 0x6c 0x6c 0x6c 0x6c 0x6c 0x6c 0xe 0x4 0xd4 0x3 0xa 0x4 0xd6 0x3 0xd 0x4 0xd4 0x3 0xe 0x4 0xd2 0x3 0x24 0x0 0x3 0x85 0x7b 0x84 0x7d 0x4d 0x80 0x4f 0x80 0x6e 0x82 0xeb 0x7b 0x58 0x63 0x5a 0x5a 0x7c 0x3b 0x0 0x0 0x29 0xe8 0x9a 0xec 0x0 0x0 0x0 0x0 0xe5 0x0 0xdc 0x7a 0x0 0xa4 0xa4 0x0 0x8 0xac 0x5 0x0 0x0
1787980659920,0x1 0x8a 0xd 0x4c 0xa7 0x87 0x7f 0x1e 0x11 0x0 0xd 0x5a 0xb1 0x0 0x94 0x1b 0x34 0x1c 0x73 0x3a 0x6b 0x6 0x9c 0x2 0x0 0x28 0x65 0x1 0x0 0x1b 0x0 0x95 0x0 0x4d 0x0 0x74 0x0 0x6c 0x6c 0x6c 0x6c 0x6c 0x6c 0x19 0x4 0xdc 0x3 0x24 0x4 0xd7 0x3 0x27 0x4 0xcd 0x3 0x19 0x4 0xc7 0x3 0x24 0x0 0x3 0x88 0x78 0x84 0x7d 0x4d 0x80 0x4f 0x80 0x6e 0x82 0xeb 0x7b 0x58 0x63 0x5a 0x5a 0x7c 0x3b 0x0 0x0 0x29 0xe8 0x9a 0xec 0x0 0x0 0x0 0x0 0xe4 0x0 0xdc 0x7a 0x0 0xa4 0xa4 0x0 0x8 0xb9 0x5 0x0 0x0
1787980660145,0x1 0x8c 0xd 0x4c 0xa7 0x87 0x7f 0x1e 0x11 0x0 0xd 0x5b 0xb6 0x0 0x64 0x1c 0x8a 0x1c 0x73 0x3a 0x69 0x6 0x9c 0x2 0x0 0x28 0x65 0x1 0x0 0x80 0x0 0x5e 0x0 0x4f 0x0 0x73 0x0 0x6c 0x6c 0x6c 0x6c 0x6c 0x6c 0x34 0x4 0xc6 0x3 0x29 0x4 0xc6 0x3 0x2d 0x4 0xc6 0x3 0x31 0x4 0xc6 0x3 0x24 0x0 0x3 0x8b 0x75 0x84 0x7d 0x4d 0x80 0x4f 0x80 0x6e 0x82 0xeb 0x7b 0x58 0x63 0x5a 0x5a 0x7c 0x3b 0x0 0x0 0x29 0xe8 0x9a 0xec 0x0 0x0 0x0 0x0 0xe5 0x0 0xdc 0x7a 0x0 0xa4 0xa4 0x0 0x8 0x9f 0x5 0x0 0x0
1787980660369,0x1 0x8c 0xd 0x4c 0xa7 0x87 0x7f 0x1e 0x11 0x0 0xd 0x5a 0xb5 0x0 0x22 0x1c 0x3c 0x1c 0x73 0x3a 0x6f 0x6 0x9c 0x2 0x0 0x28 0x65 0x1 0x0 0xa3 0x0 0x19 0x0 0x54 0x0 0x68 0x0 0x6c 0x6c 0x6c 0x6c 0x6c 0x6c 0x3 0x4 0xe1 0x3 0x9 0x4 0xe5 0x3 0x9 0x4 0xe1 0x3 0x2 0x4 0xe1 0x3 0x24 0x0 0x3 0x81 0x7f 0x83 0x7e 0x4d 0x80 0x4f 0x80 0x6e 0x82 0xeb 0x7b 0x58 0x63 0x5a 0x5a 0x7c 0x3b 0x0 0x0 0x29 0xe8 0x9a 0xec 0x0 0x0 0x0 0x0 0xe4 0x0 0xdc 0x7a 0x0 0xa4 0xa4 0x0 0x8 0x9f 0x5 0x0 0x0
1787980660592,0x1 0x8b 0xd 0x4c 0xa7 0x87 0x7f 0x1e 0x11 0x0 0xd 0x5b 0xb3 0x0 0xb9 0x1b 0x32 0x1c 0x73 0x3b 0x75 0x6 0x9c 0x2 0x0 0x28 0x65 0x1 0x0 0x9b 0x0 0x19 0x0 0x57 0x0 0x4a 0x0 0x6b 0x6b 0x6b 0x6b 0x6b 0x6b 0xfe 0x3 0xf0 0x3 0xf3 0x3 0xf3 0x3 0x1 0x4 0xf2 0x3 0xf3 0x3 0xeb 0x3 0x24 0x0 0x3 0x7e 0x82 0x83 0x7e 0x4d 0x80 0x4f 0x80 0x6e 0x82 0xeb 0x7b 0x58 0x63 0x5a 0x5a 0x7c 0x3b 0x0 0x0 0x29 0xe8 0x9a 0xec 0x0 0x0 0x0 0x0 0xe4 0x0 0xdc 0x7a 0x0 0xa4 0xa4 0x0 0x8 0xac 0x5 0x0 0x0
1787980660817,0x1 0x89 0xd 0x4c 0xa7 0x87 0x7f 0x1e 0x11 0x0 0xd 0x5c 0xb4 0x0 0xe9 0x1b 0x2f 0x1c 0x73 0x3b 0x73 0x6 0x9c 0x2 0x0 0x28 0x65 0x1 0x0 0x66 0x0 0x6d 0x0 0x56 0x0 0x43 0x0 0x6b 0x6b 0x6b 0x6b 0x6b 0x6b 0xed 0x3 0xf9 0x3 0xe8 0x3 0xf9 0x3 0xf2 0x3 0xfb 0x3 0xe8 0x3 0xf6 0x3 0x24 0x0 0x3 0x7b 0x85 0x83 0x7e 0x4d 0x80 0x4f 0x80 0x6e 0x82 0xeb 0x7b 0x58 0x63 0x5a 0x5a 0x7c 0x3b 0x0 0x0 0x29 0xe8 0x9a 0xec 0x0 0x0 0x0 0x0 0xe4 0x0 0xdc 0x7a 0x0 0xa4 0xa4 0x0 0x8 0xcb 0x5 0x0 0x0
1787980661039,0x1 0x8b 0xd 0x4c 0xa7 0x87 0x7f 0x1e 0x11 0x0 0xd 0x5c 0xb5 0x0 0x22 0x1c 0x2c 0x1c 0x73 0x3b 0x6f 0x6 0x9c 0x2 0x0 0x28 0x65 0x1 0x0 0x1c 0x0 0x9e 0x0 0x51 0x0 0x46 0x0 0x6c 0x6c 0x6c 0x6c 0x6c 0x6c 0x6 0x4 0xfa 0x3 0x8 0x4 0xf8 0x3 0x8 0x4 0xf7 0x3 0x9 0x4 0xf8 0x3 0x24 0x0 0x3 0x84 0x85 0x82 0x7e 0x4d 0x80 0x4f 0x80 0x6e 0x82 0xeb 0x7b 0x58 0x63 0x5a 0x5a 0x7c 0x3b 0x0 0x0 0x29 0xe8 0x9a 0xec 0x0 0x0 0x0 0x0 0xe5 0x0 0xdc 0x7a 0x0 0xa4 0xa4 0x0 0x8 0xac 0x5 0x0 0x0
1787980661264,0x1 0x8b 0xd 0x4c 0xa7 0x88 0x7e 0x1e 0x11 0x0 0xd 0x5b 0xb2 0x0 0xab 0x1b 0xb 0x1c 0x73 0x3b 0x6f 0x6 0x9c 0x2 0x0 0x28 0x65 0x1 0x0 0x18 0x0 0xa7 0x0 0x4e 0x0 0x4c 0x0 0x6c 0x6c 0x6c 0x6c 0x6c 0x6c 0x17 0x4 0xdf 0x3 0x12 0x4 0xd5 0x3 0x14 0x4 0xfa 0x3 0xf 0x4 0xd5 0x3 0x24 0x0 0x3 0x87 0x7d 0x82 0x7d 0x4d 0x80 0x4f 0x80 0x6e 0x82 0xeb 0x7b 0x58 0x63 0x5a 0x5a 0x7c 0x3b 0x0 0x0 0x29 0xe8 0x9a 0xec 0x0 0x0 0x0 0x0 0xe5 0x0 0xdc 0x7a 0x0 0xa4 0xa4 0x0 0x8 0xac 0x5 0x0 0x0
1787980661488,0x1 0x8b 0xd 0x4c 0xa7 0x88 0x7e 0x1e 0x11 0x0 0xd 0x59 0xb6 0x0 0x4a 0x1c 0xee 0x1b 0x73 0x3b 0x6f 0x6 0x9c 0x2 0x0 0x28 0x65 0x1 0x0 0x55 0x0 0xa1 0x0 0x4f 0x0 0x72 0x0 0x6b 0x6b 0x6b 0x6b 0x6b 0x6b 0x10 0x4 0xc1 0x3 0xf 0x4 0xc3 0x3 0x17 0x4 0xc6 0x3 0x17 0x4 0xc5 0x3 0x24 0x0 0x3 0x8a 0x7a 0x82 0x7d 0x4d 0x80 0x4f 0x80 0x6e 0x82 0xeb 0x7b 0x58 0x63 0x5a 0x5a 0x7c 0x3b 0x0 0x0 0x29 0xe8 0x9a 0xec 0x0 0x0 0x0 0x0 0xe5 0x0 0xdc 0x7a 0x0 0xa4 0xa4 0x0 0x8 0xac 0x5 0x0 0x0
1787980661713,0x1 0x89 0xd 0x4c 0xa7 0x88 0x7e 0x1e 0x11 0x0 0xd 0x5c 0xba 0x0 0xe0 0x1c 0x7a 0x1c 0x73 0x3b 0x71 0x6 0x9c 0x2 0x0 0x28 0x65 0x1 0x0 0x99 0x0 0x7a 0x0 0x51 0x0 0x7a 0x0 0x6c 0x6c 0x6c 0x6c 0x6c 0x6c 0xd 0x4 0xc9 0x3 0x9 0x4 0xcb 0x3 0xe 0x4 0xc8 0x3 0xe 0x4 0xcd 0x3 0x24 0x0 0x3 0x82 0x77 0x82 0x7d 0x4d 0x80 0x4f 0x80 0x6e 0x82 0xeb 0x7b 0x58 0x63 0x5a 0x5a 0x7c 0x3b 0x0 0x0 0x29 0xe8 0x9a 0xec 0x0 0x0 0x0 0x0 0xe5 0x0 0xdc 0x7a 0x0 0xa4 0xa4 0x0 0x8 0xcb 0x5 0x0 0x0
1787980661937,0x1 0x8b 0xd 0x4c 0xa7 0x88 0x7e 0x1e 0x11 0x0 0xd 0x5b 0xb7 0x0 0x65 0x1c 0x3 0x1c 0x73 0x3b 0x72 0x6 0x9c 0x2 0x0 0x28 0x65 0x1 0x0 0xa0 0x0 0x3b 0x0 0x55 0x0 0x75 0x0 0x6b 0x6b 0x6b 0x6b 0x6b 0x6b 0xec 0x3 0xcb 0x3 0xea 0x3 0xd1 0x3 0xed 0x3 0xd6 0x3 0xf1 0x3 0xd6 0x3 0x24 0x0 0x3 0x7f 0x7e 0x82 0x7d 0x4d 0x80 0x4f 0x80 0x6e 0x82 0xeb 0x7b 0x58 0x63 0x5a 0x5a 0x7c 0x3b 0x0 0x0 0x29 0xe8 0x9a 0xec 0x0 0x0 0x0 0x0 0xe5 0x0 0xdc 0x7a 0x0 0xa4 0xa4 0x0 0x8 0xac 0x5 0x0 0x0
1787980662159,0x1 0x8b 0xd 0x4c 0xa7 0x88 0x7e 0x1e 0x11 0x0 0xd 0x5a 0xb4 0x0 0xe5 0x1b 0x20 0x1c 0x73 0x3b 0x74 0x6 0x9c 0x2 0x0 0x28 0x65 0x1 0x0 0x78 0x0 0x26 0x0 0x55 0x0 0x70 0x0 0x6b 0x6b 0x6b 0x6b 0x6b 0x6b 0xe9 0x3 0xe3 0x3 0xeb 0x3 0xe7 0x3 0xed 0x3 0xe6 0x3 0xe9 0x3 0xe6 0x3 0x24 0x0 0x3 0x7c 0x81 0x82 0x7d 0x4d 0x80 0x4f 0x80 0x6e 0x82 0xeb 0x7b 0x58 0x63 0x5a 0x5a 0x7c 0x3b 0x0 0x0 0x29 0xe8 0x9a 0xec 0x0 0x0 0x0 0x0 0xe4 0x0 0xdc 0x7a 0x0 0xa4 0xa4 0x0 0x8 0xac 0x5 0x0 0x0
1787980662385,0x1 0x8b 0xd 0x4c 0xa7 0x88 0x7e 0x1e 0x11 0x0 0xd 0x5a 0xb5 0x0 0x8 0x1c 0xee 0x1b 0x73 0x3b 0x75 0x6 0x9c 0x2 0x0 0x28 0x65 0x1 0x0 0x27 0x0 0x88 0x0 0x52 0x0 0x6d 0x0 0x6b 0x6b 0x6b 0x6b 0x6b 0x6b 0xff 0x3 0xec 0x3 0xfd 0x3 0xe9 0x3 0xfb 0x3 0xe9 0x3 0xfd 0x3 0xe9 0x3 0x24 0x0 0x3 0x83 0x84 0x82 0x7d 0x4d 0x80 0x4f 0x80 0x6e 0x82 0xeb 0x7b 0x58 0x63 0x5a 0x5a 0x7c 0x3b 0x0 0x0 0x29 0xe8 0x9a 0xec 0x0 0x0 0x0 0x0 0xe4 0x0 0xdc 0x7a 0x0 0xa4 0xa4 0x0 0x8 0xac 0x5 0x0 0x0
1787980662607,0x1 0x8a 0xd 0x4c 0xa7 0x88 0x7e 0x1e 0x11 0x0 0xd 0x5a 0xb2 0x0 0xa2 0x1b 0xb7 0x1b 0x73 0x3b 0x71 0x6 0x9c 0x2 0x0 0x28 0x65 0x1 0x0 0x17 0x0 0xa1 0x0 0x4c 0x0 0x6f 0x0 0x6b 0x6b 0x6b 0x6b 0x6b 0x6b 0x1 0x4 0xe2 0x3 0xfd 0x3 0xe0 0x3 0xff 0x3 0xe2 0x3 0x1 0x4 0xe1 0x3 0x24 0x0 0x3 0x86 0x84 0x82 0x7d 0x4d 0x80 0x4f 0x80 0x6e 0x82 0xeb 0x7b 0x58 0x63 0x5a 0x5a 0x7c 0x3b 0x0 0x0 0x29 0xe8 0x9a 0xec 0x0 0x0 0x0 0x0 0xe5 0x0 0xdc 0x7a 0x0 0xa4 0xa4 0x0 0x8 0xb9 0x5 0x0 0x0
1787980662832,0x1 0x8b 0xd 0x4c 0xa7 0x88 0x7e 0x1c 0xf 0x0 0xd 0x55 0x9e 0x0 0x93 0x18 0x17 0x1a 0x73 0x3b 0x6e 0x6 0x9c 0x2 0x0 0x28 0x65 0x1 0x0 0x3d 0x0 0xa1 0x0 0x4e 0x0 0x74 0x0 0x6a 0x6a 0x6a 0x6a 0x6a 0x6a 0xce 0x3 0xb3 0x3 0xf1 0x3 0xa8 0x3 0xe2 0x3 0x8f 0x3 0xce 0x3 0x89 0x3 0x24 0x0 0x3 0x89 0x7b 0x82 0x7d 0x4d 0x80 0x4f 0x80 0x6e 0x82 0xeb 0x7b 0x58 0x63 0x5a 0x5a 0x7c 0x3b 0x0 0x0 0x29 0xe8 0x9a 0xec 0x0 0x0 0x0 0x0 0xe6 0x0 0xdc 0x7a 0x0 0xa4 0xa4 0x0 0x8 0xac 0x5 0x0 0x0
1787980663055,0x1 0x8b 0xd 0x4c 0xa7 0x88 0x7e 0x1c 0xf 0x0 0xd 0x54 0x9f 0x0 0xc 0x19 0xd 0x19 0x73 0x3b 0x59 0x6 0x9c 0x2 0x0 0x28 0x65 0x1 0x0 0x9c 0x0 0x9f 0x0 0x51 0x0 0x79 0x0 0x6a 0x6a 0x6a 0x6a 0x6a 0x6a 0x91 0x3 0x65 0x3 0x98 0x3 0x5f 0x3 0x92 0x3 0x5d 0x3 0x91 0x3 0x5c 0x3 0x26 0x0 0x3 0x82 0x78 0x82 0x7d 0x4d 0x80 0x4f 0x80 0x6e 0x82 0xeb 0x7b 0x58 0x63 0x5a 0x5a 0x7c 0x3a 0x0 0x0 0x29 0xe8 0x9a 0xec 0x0 0x0 0x0 0x0 0xe9 0x0 0xdc 0x7a 0x0 0xa4 0xa4 0x0 0x8 0xac 0x5 0x0 0x0
1787980663281,0x1 0x8c 0xd 0x4c 0xa7 0x88 0x7e 0x1c 0xf 0x0 0xd 0x55 0x9e 0x0 0x8 0x19 0xff 0x18 0x73 0x3b 0x50 0x6 0x9c 0x2 0x0 0x28 0x65 0x1 0x0 0xa2 0x0 0x92 0x0 0x57 0x0 0x7a 0x0 0x6a 0x6a 0x6a 0x6a 0x6a 0x6a 0x86 0x3 0x50 0x3 0x8a 0x3 0x54 0x3 0x89 0x3 0x52 0x3 0x85 0x3 0x50 0x3 0x26 0x0 0x3 0x7f 0x75 0x82 0x7d 0x4d 0x80 0x4f 0x80 0x6e 0x82 0xeb 0x7b 0x58 0x63 0x5b 0x5a 0x7c 0x3a 0x0 0x0 0x29 0xe8 0x9a 0xec 0x0 0x0 0x0 0x0 0xea 0x0 0xdc 0x7a 0x0 0xa4 0xa4 0x0 0x8 0x9f 0x5 0x0 0x0
1787980663505,0x1 0x8a 0xd 0x4c 0xa7 0x88 0x7e 0x1b 0xf 0x0 0xd 0x54 0x9d 0x0 0xf3 0x18 0xe0 0x18 0x73 0x3b 0x4b 0x6 0x9c 0x2 0x0 0x28 0x65 0x1 0x0 0x99 0x0 0x49 0x0 0x58 0x0 0x78 0x0 0x6a 0x6a 0x6a 0x6a 0x6a 0x6a 0x77 0x3 0x5c 0x3 0x7a 0x3 0x45 0x3 0x79 0x3 0x44 0x3 0x77 0x3 0x5c 0x3 0x26 0x0 0x3 0x7c 0x7b 0x82 0x7b 0x4d 0x80 0x4f 0x80 0x6e 0x82 0xeb 0x7b 0x58 0x63 0x5b 0x5a 0x7c 0x3a 0x0 0x0 0x29 0xe8 0x9a 0xec 0x0 0x0 0x0 0x0 0xeb 0x0 0xdc 0x7a 0x0 0xa4 0xa4 0x0 0x8 0xb9 0x5 0x0 0x0
1787980663727,0x1 0x8a 0xd 0x4c 0xa7 0x88 0x7e 0x1b 0xf 0x0 0xd 0x55 0x9d 0x0 0xf3 0x18 0x9a 0x18 0x73 0x3b 0x4b 0x6 0x9c 0x2 0x0 0x28 0x65 0x1 0x0 0x61 0x0 0x16 0x0 0x58 0x0 0x6b 0x0 0x69 0x69 0x69 0x69 0x69 0x69 0x63 0x3 0x5d 0x3 0x64 0x3 0x58 0x3 0x61 0x3 0x57 0x3 0x64 0x3 0x5d 0x3 0x26 0x0 0x3 0x79 0x7d 0x82 0x7b 0x4d 0x80 0x4f 0x80 0x6e 0x82 0xeb 0x7b 0x58 0x63 0x5b 0x5a 0x7c 0x3a 0x0 0x0 0x29 0xe8 0x9a 0xec 0x0 0x0 0x0 0x0 0xeb 0x0 0xdc 0x7a 0x0 0xa4 0xa4 0x0 0x8 0xb9 0x5 0x0 0x0
1787980663952,0x1 0x8b 0xd 0x4c 0xa7 0x88 0x7e 0x1b 0xf 0x0 0xd 0x54 0x9b 0x0 0xa1 0x18 0x85 0x18 0x73 0x3b 0x4b 0x6 0x9c 0x2 0x0 0x28 0x65 0x1 0x0 0x19 0x0 0x13 0x0 0x53 0x0 0x4a 0x0 0x69 0x69 0x69 0x69 0x69 0x69 0x7d 0x3 0x63 0x3 0x74 0x3 0x5d 0x3 0x7a 0x3 0x5e 0x3 0x7f 0x3 0x63 0x3 0x26 0x0 0x3 0x83 0x80 0x82 0x7b 0x4d 0x80 0x4f 0x80 0x6e 0x82 0xeb 0x7b 0x58 0x63 0x5b 0x5b 0x7c 0x3a 0x0 0x0 0x29 0xe8 0x9a 0xec 0x0 0x0 0x0 0x0 0xeb 0x0 0xdc 0x7a 0x0 0xa4 0xa4 0x0 0x8 0xac 0x5 0x0 0x0
1787980664175,0x1 0x8b 0xd 0x4c 0xa7 0x88 0x7e 0x1b 0xf 0x0 0xd 0x54 0x9d 0x0 0xf3 0x18 0xd2 0x18 0x73 0x3b 0x4b 0x6 0x9c 0x2 0x0 0x28 0x65 0x1 0x0 0x13 0x0 0x17 0x0 0x4b 0x0 0x33 0x0 0x6a 0x6a 0x6a 0x6a 0x6a 0x6a 0x91 0x3 0x77 0x3 0x95 0x3 0x7b 0x3 0x94 0x3 0x77 0x3 0x93 0x3 0x77 0x3 0x25 0x0 0x3 0x85 0x83 0x82 0x7b 0x4d 0x80 0x4f 0x80 0x6e 0x82 0xeb 0x7b 0x58 0x63 0x5b 0x5b 0x7c 0x3a 0x0 0x0 0x29 0xe8 0x9a 0xec 0x0 0x0 0x0 0x0 0xeb 0x0 0xdc 0x7a 0x0 0xa4 0xa4 0x0 0x8 0xac 0x5 0x0 0x0
1787980664400,0x1 0x89 0xd 0x4c 0xa7 0x88 0x7e 0x1b 0xe 0x0 0xd 0x52 0x96 0x0 0xd2 0x17 0x40 0x18 0x73 0x3b 0x4c 0x6 0x9c 0x2 0x0 0x28 0x65 0x1 0x0 0x1c 0x0 0x7c 0x0 0x4b 0x0 0x2e 0x0 0x69 0x69 0x69 0x69 0x69 0x69 0x8a 0x3 0x6b 0x3 0x8c 0x3 0x70 0x3 0x8c 0x3 0x71 0x3 0x87 0x3 0x6b 0x3 0x26 0x0 0x3 0x88 0x86 0x82 0x7b 0x4d 0x80 0x4f 0x80 0x6e 0x82 0xeb 0x7b 0x58 0x63 0x5c 0x5b 0x7c 0x3a 0x0 0x0 0x29 0xe8 0x9a 0xec 0x0 0x0 0x0 0x0 0xeb 0x0 0xdc 0x7a 0x0 0xa4 0xa4 0x0 0x8 0xcb 0x5 0x0 0x0
1787980664623,0x1 0x89 0xd 0x4c 0xa7 0x88 0x7e 0x1b 0xe 0x0 0xd 0x53 0x9a 0x0 0x84 0x18 0x60 0x18 0x73 0x3b 0x48 0x6 0x9c 0x2 0x0 0x28 0x65 0x1 0x0 0x58 0x0 0xa1 0x0 0x4d 0x0 0x31 0x0 0x69 0x69 0x69 0x69 0x69 0x69 0x93 0x3 0x70 0x3 0x84 0x3 0x65 0x3 0x8f 0x3 0x6a 0x3 0x96 0x3 0x70 0x3 0x25 0x0 0x3 0x8b 0x86 0x82 0x7b 0x4d 0x80 0x4f 0x80 0x6e 0x82 0xeb 0x7b 0x58 0x63 0x5c 0x5b 0x7c 0x3a 0x0 0x0 0x29 0xe8 0x9a 0xec 0x0 0x0 0x0 0x0 0xeb 0x0 0xdc 0x7a 0x0 0xa4 0xa4 0x0 0x8 0xcb 0x5 0x0 0x0
1787980664846,0x1 0x8b 0xd 0x4c 0xa7 0x88 0x7e 0x1b 0xe 0x0 0xd 0x53 0x97 0x0 0x3 0x18 0x39 0x18 0x73 0x3b 0x4a 0x6 0x9c 0x2 0x0 0x28 0x65 0x1 0x0 0x93 0x0 0xa5 0x0 0x4f 0x0 0x34 0x0 0x69 0x69 0x69 0x69 0x69 0x69 0x7a 0x3 0x50 0x3 0x7a 0x3 0x51 0x3 0x7b 0x3 0x52 0x3 0x78 0x3 0x50 0x3 0x26 0x0 0x3 0x84 0x7d 0x83 0x7c 0x4d 0x80 0x4f 0x80 0x6e 0x82 0xeb 0x7b 0x58 0x63 0x5c 0x5c 0x7c 0x3a 0x0 0x0 0x29 0xe8 0x9a 0xec 0x0 0x0 0x0 0x0 0xeb 0x0 0xdc 0x7a 0x0 0xa4 0xa4 0x0 0x8 0xac 0x5 0x0 0x0
1787980665070,0x1 0x8c 0xd 0x4c 0xa7 0x88 0x7e 0x1b 0xe 0x0 0xd 0x53 0x98 0x0 0x37 0x18 0x26 0x18 0x73 0x3b 0x47 0x6 0x9c 0x2 0x0 0x28 0x65 0x1 0x0 0x9e 0x0 0x9e 0x0 0x53 0x0 0x43 0x0 0x69 0x69 0x69 0x69 0x69 0x69 0x6b 0x3 0x43 0x3 0x72 0x3 0x46 0x3 0x6a 0x3 0x42 0x3 0x6b 0x3 0x43 0x3 0x26 0x0 0x3 0x81 0x7a 0x83 0x7c 0x4d 0x80 0x4f 0x80 0x6e 0x82 0xeb 0x7b 0x58 0x63 0x5c 0x5c 0x7c 0x3a 0x0 0x0 0x29 0xe8 0x9a 0xec 0x0 0x0 0x0 0x0 0xeb 0x0 0xdc 0x7a 0x0 0xa4 0xa4 0x0 0x8 0x9f 0x5 0x0 0x0
1787980665296,0x1 0x8b 0xd 0x4c 0xa7 0x87 0x7f 0x1b 0xe 0x0 0xd 0x53 0x99 0x0 0x67 0x18 0x56 0x18 0x73 0x3b 0x45 0x6 0x9c 0x2 0x0 0x28 0x65 0x1 0x0 0x89 0x0 0x8f 0x0 0x54 0x0 0x51 0x0 0x69 0x69 0x69 0x69 0x69 0x69 0x69 0x3 0x41 0x3 0x6f 0x3 0x48 0x3 0x6d 0x3 0x42 0x3 0x69 0x3 0x41 0x3 0x26 0x0 0x3 0x7e 0x78 0x83 0x7c 0x4d 0x80 0x4f 0x80 0x6e 0x82 0xeb 0x7b 0x58 0x63 0x5d 0x5c 0x7c 0x3a 0x0 0x0 0x29 0xe8 0x9a 0xec 0x0 0x0 0x0 0x0 0xeb 0x0 0xdc 0x7a 0x0 0xa4 0xa4 0x0 0x8 0xac 0x5 0x0 0x0
1787980665520,0x1 0x8a 0xd 0x4c 0xa7 0x87 0x7f 0x1b 0xe 0x0 0xd 0x52 0x9b 0x0 0xb9 0x18 0x95 0x18 0x73 0x3b 0x45 0x6 0x9c 0x2 0x0 0x28 0x65 0x1 0x0 0x36 0x0 0x5c 0x0 0x54 0x0 0x56 0x0 0x69 0x69 0x69 0x69 0x69 0x69 0x82 0x3 0x40 0x3 0x63 0x3 0x3c 0x3 0x7e 0x3 0x40 0x3 0x84 0x3 0x40 0x3 0x26 0x0 0x3 0x84 0x75 0x84 0x7c 0x4d 0x80 0x4f 0x80 0x6e 0x82 0xeb 0x7b 0x58 0x63 0x5d 0x5c 0x7c 0x3a 0x0 0x0 0x29 0xe8 0x9a 0xec 0x0 0x0 0x0 0x0 0xec 0x0 0xdc 0x7a 0x0 0xa4 0xa4 0x0 0x8 0xb9 0x5 0x0 0x0
1787980665742,0x1 0x8b 0xd 0x4c 0xa7 0x87 0x7f 0x1b 0xe 0x0 0xd 0x52 0x98 0x0 0x3b 0x18 0x54 0x18 0x73 0x3b 0x46 0x6 0x9c 0x2 0x0 0x28 0x65 0x1 0x0 0x1c 0x0 0x1e 0x0 0x52 0x0 0x50 0x0 0x69 0x69 0x69 0x69 0x69 0x69 0x85 0x3 0x54 0x3 0x83 0x3 0x52 0x3 0x82 0x3 0x53 0x3 0x84 0x3 0x54 0x3 0x26 0x0 0x3 0x86 0x7e 0x84 0x7d 0x4d 0x80 0x4f 0x80 0x6e 0x82 0xeb 0x7b 0x58 0x63 0x5d 0x5d 0x7c 0x3a 0x0 0x0 0x29 0xe8 0x9a 0xec 0x0 0x0 0x0 0x0 0xec 0x0 0xdc 0x7a 0x0 0xa4 0xa4 0x0 0x8 0xac 0x5 0x0 0x0
1787980665968,0x1 0x8b 0xd 0x4c 0xa7 0x87 0x7f 0x1b 0xe 0x0 0xd 0x52 0x99 0x0 0x67 0x18 0x4b 0x18 0x73 0x3b 0x45 0x6 0x9c 0x2 0x0 0x28 0x65 0x1 0x0 0x2e 0x0 0x19 0x0 0x52 0x0 0x41 0x0 0x69 0x69 0x69 0x69 0x69 0x69 0x8a 0x3 0x5c 0x3 0x7f 0x3 0x55 0x3 0x89 0x3 0x59 0x3 0x8b 0x3 0x5c 0x3 0x26 0x0 0x3 0x89 0x81 0x84 0x7d 0x4d 0x80 0x4f 0x80 0x6e 0x82 0xeb 0x7b 0x58 0x63 0x5d 0x5d 0x7c 0x3a 0x0 0x0 0x29 0xe8 0x9a 0xec 0x0 0x0 0x0 0x0 0xec 0x0 0xdc 0x7a 0x0 0xa4 0xa4 0x0 0x8 0xac 0x5 0x0 0x0
1787980666190,0x1 0x8c 0xd 0x4c 0xa7 0x87 0x7f 0x1b 0xe 0x0 0xd 0x51 0x93 0x0 0x6f 0x17 0xbe 0x17 0x73 0x3b 0x46 0x6 0x9c 0x2 0x0 0x28 0x65 0x1 0x0 0x97 0x0 0x4d 0x0 0x53 0x0 0x3a 0x0 0x69 0x69 0x69 0x69 0x69 0x69 0x65 0x3 0x51 0x3 0x70 0x3 0x59 0x3 0x6d 0x3 0x58 0x3 0x62 0x3 0x51 0x3 0x26 0x0 0x3 0x83 0x84 0x83 0x7d 0x4d 0x80 0x4f 0x80 0x6e 0x82 0xeb 0x7b 0x58 0x63 0x5d 0x5d 0x7c 0x3a 0x0 0x0 0x29 0xe8 0x9a 0xec 0x0 0x0 0x0 0x0 0xec 0x0 0xdc 0x7a 0x0 0xa4 0xa4 0x0 0x8 0x9f 0x5 0x0 0x0
1787980666414,0x1 0x89 0xd 0x4c 0xa7 0x87 0x7f 0x15 0x9 0x0 0xd 0x49 0x7f 0x0 0x4f 0x14 0xb0 0x16 0x73 0x3b 0x41 0x6 0x9c 0x2 0x0 0x28 0x65 0x1 0x0 0xa1 0x0 0x9d 0x0 0x58 0x0 0x3b 0x0 0x68 0x68 0x68 0x68 0x68 0x68 0x3c 0x3 0x2a 0x3 0x4c 0x3 0x44 0x3 0x45 0x3 0x41 0x3 0x2e 0x3 0x2a 0x3 0x26 0x0 0x3 0x80 0x85 0x83 0x7d 0x4d 0x80 0x4f 0x80 0x6e 0x82 0xeb 0x7b 0x58 0x63 0x5e 0x5d 0x7c 0x3a 0x0 0x0 0x29 0xe8 0x9a 0xec 0x0 0x0 0x0 0x0 0xec 0x0 0xdc 0x7a 0x0 0xa4 0xa4 0x0 0x8 0xcb 0x5 0x0 0x0
1787980666640,0x1 0x8c 0xd 0x4c 0xa7 0x87 0x7f 0xd 0x0 0x0 0xd 0x2f 0x47 0x0 0xef 0xb 0x83 0xe 0x73 0x3b 0xf3 0x5 0x9c 0x2 0x0 0x28 0x65 0x1 0x0 0xa9 0x0 0xad 0x0 0x59 0x0 0x3e 0x0 0x6e 0x6e 0x6e 0x6e 0x6e 0x6e 0xf4 0x1 0xef 0x1 0x12 0x2 0xc 0x2 0x1 0x2 0xfe 0x1 0xed 0x1 0xef 0x1 0x29 0x0 0x3 0x7d 0x85 0x83 0x7d 0x4d 0x80 0x4f 0x80 0x6e 0x82 0xeb 0x7b 0x58 0x63 0x5e 0x5d 0xc2 0x3d 0x46 0x5 0x29 0xe8 0x9a 0xec 0x0 0x0 0x0 0x0 0xf8 0x0 0xdc 0x7a 0x0 0xa4 0xa4 0x0 0x0 0x9f 0x5 0x0 0x0
1787980666862,0x1 0x8b 0xd 0x4c 0xa7 0x87 0x7f 0xd 0x0 0x0 0xd 0x32 0x4b 0x0 0x27 0xd 0x27 0xd 0x73 0x3b 0xb4 0x5 0x9c 0x2 0x0 0x28 0x65 0x1 0x0 0xae 0x0 0xaf 0x0 0x5f 0x0 0x63 0x0 0x77 0x77 0x77 0x77 0x77 0x77 0xd8 0x1 0xcd 0x1 0xd8 0x1 0xcd 0x1 0xd7 0x1 0xce 0x1 0xd7 0x1 0xce 0x1 0x29 0x0 0x3 0x7c 0x7c 0x83 0x7c 0x4d 0x80 0x4f 0x80 0x6e 0x82 0xeb 0x7b 0x58 0x63 0x5e 0x5e 0xc2 0x3a 0x46 0x5 0x29 0xe8 0x9a 0xec 0x0 0x0 0x0 0x0 0xff 0x0 0xdc 0x7a 0x0 0xa4 0xa4 0x0 0x0 0xac 0x5 0x0 0x0
1787980667085,0x1 0x8b 0xd 0x4c 0xa7 0x87 0x7f 0xd 0x0 0x0 0xd 0x32 0x4b 0x0 0x77 0xd 0x19 0xd 0x73 0x3b 0x92 0x5 0x9c 0x2 0x0 0x28 0x65 0x1 0x0 0xa4 0x0 0xa7 0x0 0x61 0x0 0x92 0x0 0x81 0x81 0x81 0x81 0x81 0x81 0xd5 0x1 0xcd 0x1 0xd6 0x1 0xd0 0x1 0xd5 0x1 0xcb 0x1 0xd9 0x1 0xd0 0x1 0x2a 0x0 0x3 0x7a 0x7a 0x83 0x7c 0x4d 0x80 0x4f 0x80 0x6e 0x82 0xeb 0x7b 0x58 0x63 0x5e 0x5e 0xc2 0x39 0x46 0x5 0x29 0xe8 0x9a 0xec 0x0 0x0 0x0 0x0 0xff 0x0 0xdc 0x7a 0x0 0xa4 0xa4 0x0 0x0 0xac 0x5 0x0 0x0
1787980667309,0x1 0x8a 0xd 0x4c 0xa7 0x87 0x7f 0xe 0x0 0x0 0xd 0x31 0x49 0x0 0x2b 0xd 0x25 0xd 0x73 0x3a 0x8b 0x5 0x9c 0x2 0x0 0x28 0x65 0x1 0x0 0x58 0x0 0x7d 0x0 0x60 0x0 0x92 0x0 0x89 0x89 0x89 0x89 0x89 0x89 0xdc 0x1 0xd2 0x1 0xd8 0x1 0xcf 0x1 0xd9 0x1 0xd1 0x1 0xdc 0x1 0xd2 0x1 0x2a 0x0 0x3 0x78 0x78 0x83 0x7c 0x4d 0x80 0x4f 0x80 0x6e 0x82 0xeb 0x7b 0x58 0x63 0x5f 0x5e 0xc2 0x39 0x46 0x5 0x29 0xe8 0x9a 0xec 0x0 0x0 0x0 0x0 0xff 0x0 0xdc 0x7a 0x0 0xa4 0xa4 0x0 0x0 0xb9 0x5 0x0 0x0
1787980667535,0x1 0x89 0xd 0x4c 0xa7 0x87 0x7f 0x11 0x4 0x0 0xd 0x36 0x50 0x0 0x86 0xe 0xd1 0xd 0x73 0x3a 0x82 0x5 0x9c 0x2 0x0 0x28 0x65 0x1 0x0 0x1f 0x0 0x3d 0x0 0x5d 0x0 0x8f 0x0 0x8d 0x8d 0x8d 0x8d 0x8d 0x8d 0xf4 0x1 0xe8 0x1 0xf7 0x1 0xee 0x1 0xfc 0x1 0x12 0x2 0x20 0x2 0x12 0x2 0x2a 0x0 0x3 0x81 0x7f 0x81 0x7e 0x4d 0x80 0x4f 0x80 0x6e 0x82 0xeb 0x7b 0x58 0x63 0x5f 0x5e 0xba 0x37 0x3e 0x4 0x29 0xe8 0x9a 0xec 0x0 0x0 0x0 0x0 0xff 0x0 0xdc 0x7a 0x0 0xa4 0xa4 0x0 0x8 0xcb 0x5 0x0 0x0
1787980667757,0x1 0x8c 0xd 0x4c 0xa7 0x87 0x7f 0x12 0x5 0x0 0xd 0x3a 0x59 0x0 0x80 0xf 0xc8 0xf 0x73 0x3a 0xbe 0x5 0x9c 0x2 0x0 0x28 0x65 0x1 0x0 0x12 0x0 0x1f 0x0 0x59 0x0 0x8c 0x0 0x6b 0x6b 0x6b 0x6b 0x6b 0x6b 0x59 0x2 0x45 0x2 0x51 0x2 0x3d 0x2 0x55 0x2 0x44 0x2 0x4b 0x2 0x3d 0x2 0x29 0x0 0x3 0x83 0x81 0x81 0x7e 0x4d 0x80 0x4f 0x80 0x6e 0x82 0xeb 0x7b 0x58 0x63 0x5f 0x5f 0x7c 0x35 0x0 0x0 0x29 0xe8 0x9a 0xec 0x0 0x0 0x0 0x0 0xfd 0x0 0xdc 0x7a 0x0 0xa4 0xa4 0x0 0x8 0x9f 0x5 0x0 0x0
1787980667983,0x1 0x8b 0xd 0x4c 0xa7 0x87 0x7f 0x12 0x5 0x0 0xd 0x3b 0x5c 0x0 0xc9 0xf 0x92 0xf 0x73 0x3a 0xd4 0x5 0x9c 0x2 0x0 0x28 0x65 0x1 0x0 0x9a 0x0 0xa6 0x0 0x58 0x0 0x8a 0x0 0x64 0x64 0x64 0x64 0x64 0x64 0x35 0x2 0x33 0x2 0x38 0x2 0x3a 0x2 0x47 0x2 0x31 0x2 0x38 0x2 0x36 0x2 0x29 0x0 0x3 0x7d 0x82 0x7e 0x7e 0x4d 0x80 0x4f 0x80 0x6e 0x82 0xeb 0x7b 0x58 0x63 0x5f 0x5f 0x7c 0x36 0x0 0x0 0x29 0xe8 0x9a 0xec 0x0 0x0 0x0 0x0 0xf9 0x0 0xdc 0x7a 0x0 0xa4 0xa4 0x0 0x8 0xac 0x5 0x0 0x0
1787980668221,0x1 0x8a 0xd 0x4c 0xa7 0x87 0x7f 0x12 0x5 0x0 0xd 0x3b 0x5d 0x0 0x13 0x10 0xfc 0xf 0x73 0x3a 0xc9 0x5 0x9c 0x2 0x0 0x28 0x65 0x1 0x0 0xad 0x0 0xa8 0x0 0x5b 0x0 0x8e 0x0 0x65 0x65 0x65 0x65 0x65 0x65 0x3c 0x2 0x40 0x2 0x42 0x2 0x44 0x2 0x44 0x2 0x44 0x2 0x3d 0x2 0x40 0x2 0x29 0x0 0x3 0x7b 0x7b 0x7e 0x7d 0x4d 0x80 0x4f 0x80 0x6e 0x82 0xeb 0x7b 0x58 0x63 0x5f 0x5f 0x7c 0x36 0x0 0x0 0x29 0xe8 0x9a 0xec 0x0 0x0 0x0 0x0 0xfa 0x0 0xdc 0x7a 0x0 0xa4 0xa4 0x0 0x8 0xb9 0x5 0x0 0x0
1787980668446,0x1 0x8b 0xd 0x4c 0xa7 0x87 0x7f 0x12 0x5 0x0 0xd 0x3b 0x60 0x0 0xa9 0x10 0x1f 0x10 0x73 0x39 0xc3 0x5 0x9c 0x2 0x0 0x28 0x65 0x1 0x0 0xa7 0x0 0xa8 0x0 0x5e 0x0 0x93 0x0 0x65 0x65 0x65 0x65 0x65 0x65 0x3d 0x2 0x26 0x2 0x33 0x2 0x26 0x2 0x34 0x2 0x2b 0x2 0x3d 0x2 0x31 0x2 0x29 0x0 0x3 0x78 0x79 0x7e 0x7d 0x4d 0x80 0x4f 0x80 0x6e 0x82 0xeb 0x7b 0x58 0x63 0x60 0x5f 0x7c 0x36 0x0 0x0 0x29 0xe8 0x9a 0xec 0x0 0x0 0x0 0x0 0xfa 0x0 0xdc 0x7a 0x0 0xa4 0xa4 0x0 0x8 0xac 0x5 0x0 0x0
1787980668669,0x1 0x8b 0xd 0x4c 0xa7 0x87 0x7f 0x12 0x5 0x0 0xd 0x3d 0x5f 0x0 0x83 0x10 0x2c 0x10 0x73 0x39 0xc1 0x5 0x9c 0x2 0x0 0x28 0x65 0x1 0x0 0x9b 0x0 0xa2 0x0 0x5e 0x0 0x94 0x0 0x65 0x65 0x65 0x65 0x65 0x65 0x36 0x2 0x29 0x2 0x30 0x2 0x25 0x2 0x34 0x2 0x2a 0x2 0x36 0x2 0x2a 0x2 0x29 0x0 0x3 0x76 0x76 0x7e 0x7d 0x4d 0x80 0x4f 0x80 0x6e 0x82 0xeb 0x7b 0x58 0x63 0x60 0x5f 0x7c 0x35 0x0 0x0 0x29 0xe8 0x9a 0xec 0x0 0x0 0x0 0x0 0xf9 0x0 0xdc 0x7a 0x0 0xa4 0xa4 0x0 0x8 0xac 0x5 0x0 0x0
1787980668895,0x1 0x8c 0xd 0x4c 0xa7 0x87 0x7f 0x12 0x5 0x0 0xd 0x3b 0x5b 0x0 0xe1 0xf 0xcb 0xf 0x73 0x39 0xbb 0x5 0x9c 0x2 0x0 0x28 0x65 0x1 0x0 0x45 0x0 0x98 0x0 0x5d 0x0 0x92 0x0 0x64 0x64 0x64 0x64 0x64 0x64 0x26 0x2 0x19 0x2 0x33 0x2 0x19 0x2 0x28 0x2 0x1d 0x2 0x35 0x2 0x19 0x2 0x29 0x0 0x3 0x7c 0x74 0x7c 0x7d 0x4d 0x80 0x4f 0x80 0x6e 0x82 0xeb 0x7b 0x58 0x63 0x60 0x60 0x7c 0x35 0x0 0x0 0x29 0xe8 0x9a 0xec 0x0 0x0 0x0 0x0 0xfa 0x0 0xdc 0x7a 0x0 0xa4 0xa4 0x0 0x8 0x9f 0x5 0x0 0x0
1787980669119,0x1 0x8a 0xd 0x4c 0xa7 0x87 0x7f 0x12 0x5 0x0 0xd 0x3b 0x5c 0x0 0x6 0x10 0x32 0x10 0x73 0x39 0xbe 0x5 0x9c 0x2 0x0 0x28 0x65 0x1 0x0 0x13 0x0 0x60 0x0 0x59 0x0 0x91 0x0 0x65 0x65 0x65 0x65 0x65 0x65 0x46 0x2 0x21 0x2 0x44 0x2 0x20 0x2 0x43 0x2 0x20 0x2 0x44 0x2 0x20 0x2 0x29 0x0 0x3 0x7e 0x72 0x7c 0x7d 0x4d 0x80 0x4f 0x80 0x6e 0x82 0xeb 0x7b 0x58 0x63 0x60 0x60 0x7c 0x35 0x0 0x0 0x29 0xe8 0x9a 0xec 0x0 0x0 0x0 0x0 0xf9 0x0 0xdc 0x7a 0x0 0xa4 0xa4 0x0 0x8 0xb9 0x5 0x0 0x0
1787980669342,0x1 0x8c 0xd 0x4c 0xa7 0x86 0x7f 0x12 0x5 0x0 0xd 0x3b 0x5c 0x0 0x1c 0x10 0x33 0x10 0x73 0x39 0xb6 0x5 0x9c 0x2 0x0 0x28 0x65 0x1 0x0 0xd 0x0 0x20 0x0 0x53 0x0 0x8e 0x0 0x65 0x65 0x65 0x65 0x65 0x65 0x49 0x2 0x30 0x2 0x48 0x2 0x31 0x2 0x48 0x2 0x33 0x2 0x49 0x2 0x31 0x2 0x29 0x0 0x3 0x80 0x7b 0x7c 0x7a 0x4d 0x80 0x4f 0x80 0x6e 0x82 0xeb 0x7b 0x58 0x63 0x61 0x60 0x7c 0x35 0x0 0x0 0x29 0xe8 0x9a 0xec 0x0 0x0 0x0 0x0 0xfa 0x0 0xdc 0x7a 0x0 0xa4 0xa4 0x0 0x8 0x9f 0x5 0x0 0x0
1787980669566,0x1 0x8c 0xd 0x4c 0xa7 0x86 0x7f 0x12 0x5 0x0 0xd 0x3b 0x5c 0x0 0x1f 0x10 0x10 0x10 0x73 0x39 0xb5 0x5 0x9c 0x2 0x0 0x28 0x65 0x1 0x0 0xd 0x0 0x12 0x0 0x4d 0x0 0x8b 0x0 0x65 0x65 0x65 0x65 0x65 0x65 0x4a 0x2 0x32 0x2 0x45 0x2 0x30 0x2 0x48 0x2 0x33 0x2 0x48 0x2 0x32 0x2 0x29 0x0 0x3 0x82 0x7d 0x7c 0x7a 0x4d 0x80 0x4f 0x80 0x6e 0x82 0xeb 0x7b 0x58 0x63 0x61 0x60 0x7c 0x35 0x0 0x0 0x29 0xe8 0x9a 0xec 0x0 0x0 0x0 0x0 0xf9 0x0 0xdc 0x7a 0x0 0xa4 0xa4 0x0 0x8 0x9f 0x5 0x0 0x0
1787980669791,0x1 0x8b 0xd 0x4c 0xa7 0x86 0x7f 0x13 0x5 0x0 0xd 0x3e 0x5e 0x0 0x7e 0x10 0x46 0x10 0x73 0x38 0xb3 0x5 0x9c 0x2 0x0 0x28 0x65 0x1 0x0 0xe 0x0 0xf 0x0 0x48 0x0 0x88 0x0 0x65 0x65 0x65 0x65 0x65 0x65 0x51 0x2 0x3a 0x2 0x50 0x2 0x3b 0x2 0x50 0x2 0x3b 0x2 0x51 0x2 0x3b 0x2 0x28 0x0 0x3 0x84 0x7f 0x7c 0x7a 0x4d 0x80 0x4f 0x80 0x6e 0x82 0xeb 0x7b 0x58 0x63 0x61 0x61 0x7c 0x35 0x0 0x0 0x29 0xe8 0x9a 0xec 0x0 0x0 0x0 0x0 0xf9 0x0 0xdc 0x7a 0x0 0xa4 0xa4 0x0 0x8 0xac 0x5 0x0 0x0
1787980670013,0x1 0x89 0xd 0x4c 0xa7 0x86 0x7f 0x13 0x6 0x0 0xd 0x3c 0x60 0x0 0xd8 0x10 0x9f 0x10 0x73 0x38 0xb3 0x5 0x9c 0x2 0x0 0x28 0x65 0x1 0x0 0xf 0x0 0x10 0x0 0x42 0x0 0x85 0x0 0x65 0x65 0x65 0x65 0x65 0x65 0x5d 0x2 0x48 0x2 0x56 0x2 0x43 0x2 0x5c 0x2 0x48 0x2 0x60 0x2 0x48 0x2 0x28 0x0 0x3 0x86 0x81 0x7c 0x7a 0x4d 0x80 0x4f 0x80 0x6e 0x82 0xeb 0x7b 0x58 0x63 0x61 0x61 0x7c 0x35 0x0 0x0 0x29 0xe8 0x9a 0xec 0x0 0x0 0x0 0x0 0xf8 0x0 0xdc 0x7a 0x0 0xa4 0xa4 0x0 0x8 0xcb 0x5 0x0 0x0
1787980670238,0x1 0x8b 0xd 0x4c 0xa7 0x86 0x7f 0x19 0xc 0x0 0xd 0x4d 0x88 0x0 0x32 0x17 0xeb 0x16 0x73 0x38 0xdd 0x5 0x9c 0x2 0x0 0x28 0x65 0x1 0x0 0x12 0x0 0x12 0x0 0x3e 0x0 0x83 0x0 0x6d 0x6d 0x6d 0x6d 0x6d 0x6d 0x9b 0x3 0x5f 0x3 0x93 0x3 0x72 0x3 0xa0 0x3 0x76 0x3 0x9b 0x3 0x76 0x3 0x26 0x0 0x3 0x89 0x84 0x7c 0x7a 0x4d 0x80 0x4f 0x80 0x6e 0x82 0xeb 0x7b 0x58 0x63 0x62 0x61 0x7c 0x36 0x0 0x0 0x29 0xe8 0x9a 0xec 0x0 0x0 0x0 0x0 0xf1 0x0 0xdc 0x7a 0x0 0xa4 0xa4 0x0 0x8 0xac 0x5 0x0 0x0
1787980670461,0x1 0x8c 0xd 0x4c 0xa7 0x86 0x7f 0x19 0xc 0x0 0xd 0x4e 0x89 0x0 0xff 0x16 0x14 0x17 0x73 0x38 0xf5 0x5 0x9c 0x2 0x0 0x28 0x65 0x1 0x0 0xa7 0x0 0xa7 0x0 0x47 0x0 0x84 0x0 0x6a 0x6a 0x6a 0x6a 0x6a 0x6a 0x94 0x3 0x6b 0x3 0x80 0x3 0x69 0x3 0x75 0x3 0x73 0x3 0x75 0x3 0x6a 0x3 0x26 0x0 0x3 0x83 0x85 0x80 0x7a 0x4d 0x80 0x4f 0x80 0x6e 0x82 0xeb 0x7b 0x58 0x63 0x62 0x61 0x7c 0x37 0x0 0x0 0x29 0xe8 0x9a 0xec 0x0 0x0 0x0 0x0 0xed 0x0 0xdc 0x7a 0x0 0xa4 0xa4 0x0 0x8 0x9f 0x5 0x0 0x0
1787980670685,0x1 0x8b 0xd 0x4c 0xa7 0x86 0x7f 0x19 0xc 0x0 0xd 0x50 0x8d 0x0 0x98 0x17 0xfe 0x16 0x73 0x38 0xfa 0x5 0x9c 0x2 0x0 0x28 0x65 0x1 0x0 0xb3 0x0 0xb1 0x0 0x67 0x0 0x93 0x0 0x69 0x69 0x69 0x69 0x69 0x69 0x5f 0x3 0x53 0x3 0x5b 0x3 0x5e 0x3 0x5f 0x3 0x53 0x3 0x63 0x3 0x5e 0x3 0x26 0x0 0x3 0x80 0x85 0x80 0x7a 0x4d 0x80 0x4f 0x80 0x6e 0x82 0xeb 0x7b 0x58 0x63 0x62 0x61 0x7c 0x37 0x0 0x0 0x29 0xe8 0x9a 0xec 0x0 0x0 0x0 0x0 0xeb 0x0 0xdc 0x7a 0x0 0xa4 0xa4 0x0 0x8 0xac 0x5 0x0 0x0
1787980670909,0x1 0x8a 0xd 0x4c 0xa7 0x86 0x7f 0x19 0xc 0x0 0xd 0x50 0x8d 0x0 0xab 0x17 0x5e 0x17 0x73 0x38 0xf5 0x5 0x9c 0x2 0x0 0x28 0x65 0x1 0x0 0xaf 0x0 0xb0 0x0 0x69 0x0 0x98 0x0 0x6b 0x6b 0x6b 0x6b 0x6b 0x6b 0x5a 0x3 0x42 0x3 0x5b 0x3 0x47 0x3 0x62 0x3 0x48 0x3 0x5f 0x3 0x47 0x3 0x26 0x0 0x3 0x7e 0x7c 0x80 0x7c 0x4d 0x80 0x4f 0x80 0x6e 0x82 0xeb 0x7b 0x58 0x63 0x62 0x61 0x7c 0x37 0x0 0x0 0x29 0xe8 0x9a 0xec 0x0 0x0 0x0 0x0 0xec 0x0 0xdc 0x7a 0x0 0xa4 0xa4 0x0 0x8 0xb9 0x5 0x0 0x0
1787980671134,0x1 0x8a 0xd 0x4c 0xa7 0x86 0x7f 0x1a 0xd 0x0 0xd 0x50 0x8e 0x0 0xba 0x17 0x7c 0x17 0x73 0x38 0xfc 0x5 0x9c 0x2 0x0 0x28 0x65 0x1 0x0 0xab 0x0 0xac 0x0 0x68 0x0 0x97 0x0 0x6a 0x6a 0x6a 0x6a 0x6a 0x6a 0x50 0x3 0x3f 0x3 0x57 0x3 0x3f 0x3 0x57 0x3 0x3e 0x3 0x57 0x3 0x40 0x3 0x26 0x0 0x3 0x7b 0x79 0x80 0x7c 0x4d 0x80 0x4f 0x80 0x6e 0x82 0xeb 0x7b 0x58 0x63 0x62 0x61 0x7c 0x37 0x0 0x0 0x29 0xe8 0x9a 0xec 0x0 0x0 0x0 0x0 0xeb 0x0 0xdc 0x7a 0x0 0xa4 0xa4 0x0 0x8 0xb9 0x5 0x0 0x0
1787980671357,0x1 0x8c 0xd 0x4c 0xa7 0x86 0x7f 0x1a 0xd 0x0 0xd 0x4f 0x8e 0x0 0xd2 0x17 0x8a 0x17 0x73 0x38 0xf6 0x5 0x9c 0x2 0x0 0x28 0x65 0x1 0x0 0xa2 0x0 0xa8 0x0 0x66 0x0 0x96 0x0 0x6a 0x6a 0x6a 0x6a 0x6a 0x6a 0x4b 0x3 0x35 0x3 0x4a 0x3 0x2f 0x3 0x45 0x3 0x30 0x3 0x4b 0x3 0x35 0x3 0x26 0x0 0x3 0x78 0x77 0x80 0x7c 0x4d 0x80 0x4f 0x80 0x6e 0x82 0xeb 0x7b 0x58 0x63 0x62 0x61 0x7c 0x37 0x0 0x0 0x29 0xe8 0x9a 0xec 0x0 0x0 0x0 0x0 0xeb 0x0 0xdc 0x7a 0x0 0xa4 0xa4 0x0 0x8 0x9f 0x5 0x0 0x0
1787980671580,0x1 0x8b 0xd 0x4c 0xa7 0x86 0x7f 0x1a 0xd 0x0 0xd 0x4f 0x8f 0x0 0x1 0x18 0xb3 0x17 0x73 0x38 0xf5 0x5 0x9c 0x2 0x0 0x28 0x65 0x1 0x0 0x8f 0x0 0xa2 0x0 0x64 0x0 0x95 0x0 0x6b 0x6b 0x6b 0x6b 0x6b 0x6b 0x47 0x3 0x2e 0x3 0x46 0x3 0x2d 0x3 0x47 0x3 0x2d 0x3 0x47 0x3 0x30 0x3 0x26 0x0 0x3 0x76 0x74 0x80 0x7c 0x4d 0x80 0x4f 0x80 0x6e 0x82 0xeb 0x7b 0x58 0x63 0x62 0x61 0x7c 0x37 0x0 0x0 0x29 0xe8 0x9a 0xec 0x0 0x0 0x0 0x0 0xeb 0x0 0xdc 0x7a 0x0 0xa4 0xa4 0x0 0x8 0xac 0x5 0x0 0x0
1787980671806,0x1 0x8a 0xd 0x4c 0xa7 0x86 0x7f 0x1a 0xd 0x0 0xd 0x50 0x8f 0x0 0x1 0x18 0xf 0x18 0x73 0x37 0xf5 0x5 0x9c 0x2 0x0 0x28 0x65 0x1 0x0 0x3a 0x0 0x96 0x0 0x60 0x0 0x93 0x0 0x6b 0x6b 0x6b 0x6b 0x6b 0x6b 0x4a 0x3 0x31 0x3 0x65 0x3 0x35 0x3 0x66 0x3 0x32 0x3 0x67 0x3 0x32 0x3 0x26 0x0 0x3 0x7c 0x72 0x7f 0x7c 0x4d 0x80 0x4f 0x80 0x6e 0x82 0xeb 0x7b 0x58 0x63 0x62 0x62 0x7c 0x37 0x0 0x0 0x29 0xe8 0x9a 0xec 0x0 0x0 0x0 0x0 0xea 0x0 0xdc 0x7a 0x0 0xa4 0xa4 0x0 0x8 0xb9 0x5 0x0 0x0
1787980672029,0x1 0x8a 0xd 0x4c 0xa7 0x86 0x7f 0x1a 0xd 0x0 0xd 0x4f 0x8d 0x0 0xab 0x17 0xef 0x17 0x73 0x38 0xf5 0x5 0x9c 0x2 0x0 0x28 0x65 0x1 0x0 0x15 0x0 0x54 0x0 0x5a 0x0 0x90 0x0 0x6b 0x6b 0x6b 0x6b 0x6b 0x6b 0x5f 0x3 0x22 0x3 0x65 0x3 0x26 0x3 0x65 0x3 0x1d 0x3 0x65 0x3 0x22 0x3 0x26 0x0 0x3 0x7e 0x6f 0x7f 0x7c 0x4d 0x80 0x4f 0x80 0x6e 0x82 0xeb 0x7b 0x58 0x63 0x62 0x62 0x7c 0x37 0x0 0x0 0x29 0xe8 0x9a 0xec 0x0 0x0 0x0 0x0 0xea 0x0 0xdc 0x7a 0x0 0xa4 0xa4 0x0 0x8 0xb9 0x5 0x0 0x0
1787980672253,0x1 0x8b 0xd 0x4c 0xa7 0x86 0x7f 0x1a 0xd 0x0 0xd 0x4f 0x8f 0x0 0x5 0x18 0x6 0x18 0x73 0x37 0xf4 0x5 0x9c 0x2 0x0 0x28 0x65 0x1 0x0 0x13 0x0 0x22 0x0 0x55 0x0 0x8b 0x0 0x6b 0x6b 0x6b 0x6b 0x6b 0x6b 0x6d 0x3 0x3d 0x3 0x6f 0x3 0x40 0x3 0x6a 0x3 0x3c 0x3 0x6e 0x3 0x40 0x3 0x26 0x0 0x3 0x81 0x78 0x7f 0x7a 0x4d 0x80 0x4f 0x80 0x6e 0x82 0xeb 0x7b 0x58 0x63 0x61 0x62 0x7c 0x37 0x0 0x0 0x29 0xe8 0x9a 0xec 0x0 0x0 0x0 0x0 0xea 0x0 0xdc 0x7a 0x0 0xa4 0xa4 0x0 0x8 0xac 0x5 0x0 0x0
1787980672476,0x1 0x8b 0xd 0x4c 0xa7 0x86 0x7f 0x1a 0xd 0x0 0xd 0x50 0x8f 0x0 0xed 0x17 0x33 0x18 0x73 0x38 0xfa 0x5 0x9c 0x2 0x0 0x28 0x65 0x1 0x0 0x12 0x0 0x12 0x0 0x50 0x0 0x83 0x0 0x6a 0x6a 0x6a 0x6a 0x6a 0x6a 0x82 0x3 0x4f 0x3 0x7c 0x3 0x4d 0x3 0x83 0x3 0x53 0x3 0x7c 0x3 0x4c 0x3 0x26 0x0 0x3 0x84 0x7b 0x7f 0x7a 0x4d 0x80 0x4f 0x80 0x6e 0x82 0xeb 0x7b 0x58 0x63 0x61 0x62 0x7c 0x37 0x0 0x0 0x29 0xe8 0x9a 0xec 0x0 0x0 0x0 0x0 0xe9 0x0 0xdc 0x7a 0x0 0xa4 0xa4 0x0 0x8 0xac 0x5 0x0 0x0
1787980672700,0x1 0x8a 0xd 0x4c 0xa7 0x86 0x7f 0x1a 0xd 0x0 0xd 0x51 0x94 0x0 0xc3 0x18 0x69 0x18 0x73 0x38 0xfa 0x5 0x9c 0x2 0x0 0x28 0x65 0x1 0x0 0x1a 0x0 0x13 0x0 0x4d 0x0 0x7b 0x0 0x6a 0x6a 0x6a 0x6a 0x6a 0x6a 0x84 0x3 0x55 0x3 0x8a 0x3 0x4e 0x3 0x7f 0x3 0x52 0x3 0x8a 0x3 0x5a 0x3 0x26 0x0 0x3 0x86 0x7d 0x7f 0x7a 0x4d 0x80 0x4f 0x80 0x6e 0x82 0xeb 0x7b 0x58 0x63 0x61 0x62 0x7c 0x37 0x0 0x0 0x29 0xe8 0x9a 0xec 0x0 0x0 0x0 0x0 0xe9 0x0 0xdc 0x7a 0x0 0xa4 0xa4 0x0 0x8 0xb9 0x5 0x0 0x0
1787980672924,0x1 0x8a 0xd 0x4c 0xa7 0x86 0x7f 0x1a 0xd 0x0 0xd 0x51 0x93 0x0 0x99 0x18 0x78 0x18 0x73 0x37 0xfa 0x5 0x9c 0x2 0x0 0x28 0x65 0x1 0x0 0x4a 0x0 0x19 0x0 0x50 0x0 0x76 0x0 0x6a 0x6a 0x6a 0x6a 0x6a 0x6a 0x94 0x3 0x5a 0x3 0x8d 0x3 0x5f 0x3 0x91 0x3 0x63 0x3 0x94 0x3 0x64 0x3 0x26 0x0 0x3 0x89 0x80 0x7f 0x7a 0x4d 0x80 0x4f 0x80 0x6e 0x82 0xeb 0x7b 0x58 0x63 0x61 0x63 0x7c 0x37 0x0 0x0 0x29 0xe8 0x9a 0xec 0x0 0x0 0x0 0x0 0xe8 0x0 0xdc 0x7a 0x0 0xa4 0xa4 0x0 0x8 0xb9 0x5 0x0 0x0
1787980673148,0x1 0x8b 0xd 0x4c 0xa7 0x86 0x7f 0x1a 0xd 0x0 0xd 0x51 0x92 0x0 0x72 0x18 0x46 0x18 0x73 0x37 0xf9 0x5 0x9c 0x2 0x0 0x28 0x65 0x1 0x0 0x92 0x0 0x5c 0x0 0x52 0x0 0x78 0x0 0x6a 0x6a 0x6a 0x6a 0x6a 0x6a 0x76 0x3 0x5f 0x3 0x71 0x3 0x61 0x3 0x75 0x3 0x64 0x3 0x76 0x3 0x66 0x3 0x26 0x0 0x3 0x82 0x83 0x7f 0x7a 0x4d 0x80 0x4f 0x80 0x6e 0x82 0xeb 0x7b 0x58 0x63 0x61 0x63 0x7c 0x37 0x0 0x0 0x29 0xe8 0x9a 0xec 0x0 0x0 0x0 0x0 0xe8 0x0 0xdc 0x7a 0x0 0xa4 0xa4 0x0 0x8 0xac 0x5 0x0 0x0
1787980673372,0x1 0x8b 0xd 0x4c 0xa7 0x86 0x7f 0x1b 0xd 0x0 0xd 0x50 0x90 0x0 0x14 0x18 0x53 0x18 0x73 0x37 0xfb 0x5 0x9c 0x2 0x0 0x28 0x65 0x1 0x0 0x9a 0x0 0x96 0x0 0x54 0x0 0x7b 0x0 0x6a 0x6a 0x6a 0x6a 0x6a 0x6a 0x77 0x3 0x6e 0x3 0x74 0x3 0x6d 0x3 0x72 0x3 0x6c 0x3 0x70 0x3 0x6c 0x3 0x26 0x0 0x3 0x7f 0x84 0x7f 0x7a 0x4d 0x80 0x4f 0x80 0x6e 0x82 0xeb 0x7b 0x58 0x63 0x61 0x63 0x7c 0x37 0x0 0x0 0x29 0xe8 0x9a 0xec 0x0 0x0 0x0 0x0 0xe7 0x0 0xdc 0x7a 0x0 0xa4 0xa4 0x0 0x8 0xac 0x5 0x0 0x0
1787980673596,0x1 0x8c 0xd 0x4c 0xa7 0x86 0x7f 0x1a 0xd 0x0 0xd 0x51 0x92 0x0 0x86 0x18 0x8f 0x18 0x73 0x37 0xf4 0x5 0x9c 0x2 0x0 0x28 0x65 0x1 0x0 0x80 0x0 0xa3 0x0 0x54 0x0 0x7e 0x0 0x6b 0x6b 0x6b 0x6b 0x6b 0x6b 0x72 0x3 0x74 0x3 0x71 0x3 0x74 0x3 0x70 0x3 0x72 0x3 0x70 0x3 0x74 0x3 0x26 0x0 0x3 0x7c 0x84 0x7f 0x7a 0x4d 0x80 0x4f 0x80 0x6e 0x82 0xeb 0x7b 0x58 0x63 0x61 0x63 0x7c 0x37 0x0 0x0 0x29 0xe8 0x9a 0xec 0x0 0x0 0x0 0x0 0xe8 0x0 0xdc 0x7a 0x0 0xa4 0xa4 0x0 0x8 0x9f 0x5 0x0 0x0
1787980673822,0x1 0x8a 0xd 0x4c 0xa7 0x86 0x7f 0x1a 0xd 0x0 0xd 0x51 0x92 0x0 0x8b 0x18 0x8d 0x18 0x73 0x37 0xf3 0x5 0x9c 0x2 0x0 0x28 0x65 0x1 0x0 0x1c 0x0 0xa3 0x0 0x52 0x0 0x80 0x0 0x6b 0x6b 0x6b 0x6b 0x6b 0x6b 0x8a 0x3 0x57 0x3 0x89 0x3 0x55 0x3 0x82 0x3 0x55 0x3 0x89 0x3 0x55 0x3 0x26 0x0 0x3 0x85 0x7a 0x83 0x79 0x4d 0x80 0x4f 0x80 0x6e 0x82 0xeb 0x7b 0x58 0x63 0x61 0x64 0x7c 0x37 0x0 0x0 0x29 0xe8 0x9a 0xec 0x0 0x0 0x0 0x0 0xe8 0x0 0xdc 0x7a 0x0 0xa4 0xa4 0x0 0x8 0xb9 0x5 0x0 0x0
1787980674044,0x1 0x8b 0xd 0x4c 0xa7 0x86 0x7f 0x1b 0xd 0x0 0xd 0x51 0x92 0x0 0x86 0x18 0x62 0x18 0x73 0x37 0xf4 0x5 0x9c 0x2 0x0 0x28 0x65 0x1 0x0 0x16 0x0 0x94 0x0 0x4f 0x0 0x82 0x0 0x6b 0x6b 0x6b 0x6b 0x6b 0x6b 0x8a 0x3 0x45 0x3 0x8d 0x3 0x53 0x3 0x91 0x3 0x49 0x3 0x8d 0x3 0x47 0x3 0x26 0x0 0x3 0x87 0x78 0x83 0x79 0x4d 0x80 0x4f 0x80 0x6e 0x82 0xeb 0x7b 0x59 0x65 0x61 0x64 0x7c 0x37 0x0 0x0 0x29 0xe8 0x9a 0xec 0x0 0x0 0x0 0x0 0xe7 0x0 0xdc 0x7a 0x0 0xa4 0xa4 0x0 0x8 0xac 0x5 0x0 0x0
1787980674270,0x1 0x8b 0xd 0x4c 0xa7 0x86 0x7f 0x1b 0xd 0x0 0xd 0x51 0x91 0x0 0x70 0x18 0x3a 0x18 0x73 0x37 0xef 0x5 0x9c 0x2 0x0 0x28 0x65 0x1 0x0 0x51 0x0 0x46 0x0 0x50 0x0 0x81 0x0 0x6b 0x6b 0x6b 0x6b 0x6b 0x6b 0x8c 0x3 0x52 0x3 0x95 0x3 0x3c 0x3 0x8e 0x3 0x37 0x3 0x8f 0x3 0x52 0x3 0x26 0x0 0x3 0x8a 0x7d 0x83 0x7d 0x4d 0x80 0x4f 0x80 0x6e 0x82 0xeb 0x7b 0x59 0x65 0x61 0x64 0x7c 0x37 0x0 0x0 0x29 0xe8 0x9a 0xec 0x0 0x0 0x0 0x0 0xe8 0x0 0xdc 0x7a 0x0 0xa4 0xa4 0x0 0x8 0xac 0x5 0x0 0x0
1787980674494,0x1 0x8b 0xd 0x4c 0xa7 0x86 0x7f 0x1b 0xd 0x0 0xd 0x4f 0x8f 0x0 0x5 0x18 0x6a 0x18 0x73 0x37 0xf4 0x5 0x9c 0x2 0x0 0x28 0x65 0x1 0x0 0x98 0x0 0x1b 0x0 0x52 0x0 0x7a 0x0 0x6b 0x6b 0x6b 0x6b 0x6b 0x6b 0x7b 0x3 0x67 0x3 0x8b 0x3 0x69 0x3 0x82 0x3 0x64 0x3 0x7b 0x3 0x61 0x3 0x26 0x0 0x3 0x82 0x80 0x83 0x7d 0x4d 0x80 0x4f 0x80 0x6e 0x82 0xeb 0x7b 0x59 0x65 0x61 0x64 0x7c 0x37 0x0 0x0 0x29 0xe8 0x9a 0xec 0x0 0x0 0x0 0x0 0xe8 0x0 0xdc 0x7a 0x0 0xa4 0xa4 0x0 0x8 0xac 0x5 0x0 0x0
1787980674732,0x1 0x89 0xd 0x4c 0xa7 0x86 0x7f 0x1b 0xd 0x0 0xd 0x50 0x8f 0x0 0x9 0x18 0x81 0x18 0x73 0x37 0xf3 0x5 0x9c 0x2 0x0 0x28 0x65 0x1 0x0 0x96 0x0 0x1f 0x0 0x54 0x0 0x6c 0x0 0x6b 0x6b 0x6b 0x6b 0x6b 0x6b 0x76 0x3 0x6c 0x3 0x7f 0x3 0x72 0x3 0x7b 0x3 0x71 0x3 0x76 0x3 0x6d 0x3 0x26 0x0 0x3 0x7f 0x82 0x83 0x7d 0x4d 0x80 0x4f 0x80 0x6e 0x82 0xeb 0x7b 0x59 0x65 0x61 0x64 0x7c 0x37 0x0 0x0 0x29 0xe8 0x9a 0xec 0x0 0x0 0x0 0x0 0xe8 0x0 0xdc 0x7a 0x0 0xa4 0xa4 0x0 0x8 0xcb 0x5 0x0 0x0
1787980674956,0x1 0x8c 0xd 0x4c 0xa7 0x86 0x7f 0x1b 0xd 0x0 0xd 0x52 0x94 0x0 0xc3 0x18 0x77 0x18 0x73 0x37 0xfa 0x5 0x9c 0x2 0x0 0x28 0x65 0x1 0x0 0x77 0x0 0x7e 0x0 0x54 0x0 0x6c 0x0 0x6a 0x6a 0x6a 0x6a 0x6a 0x6a 0x6b 0x3 0x71 0x3 0x69 0x3 0x6d 0x3 0x69 0x3 0x74 0x3 0x6b 0x3 0x74 0x3 0x26 0x0 0x3 0x7c 0x85 0x83 0x7d 0x4d 0x80 0x4f 0x80 0x6e 0x82 0xeb 0x7b 0x59 0x65 0x61 0x65 0x7c 0x37 0x0 0x0 0x29 0xe8 0x9a 0xec 0x0 0x0 0x0 0x0 0xe8 0x0 0xdc 0x7a 0x0 0xa4 0xa4 0x0 0x8 0x9f 0x5 0x0 0x0
1787980675181,0x1 0x8b 0xd 0x4c 0xa7 0x86 0x7f 0x1b 0xd 0x0 0xd 0x50 0x92 0x0 0x55 0x18 0x96 0x18 0x73 0x37 0x0 0x6 0x9c 0x2 0x0 0x28 0x65 0x1 0x0 0x19 0x0 0xa2 0x0 0x51 0x0 0x71 0x0 0x6a 0x6a 0x6a 0x6a 0x6a 0x6a 0x8a 0x3 0x77 0x3 0x8a 0x3 0x79 0x3 0x8e 0x3 0x77 0x3 0x8b 0x3 0x77 0x3 0x26 0x0 0x3 0x85 0x85 0x83 0x7d 0x4d 0x80 0x4f 0x80 0x6e 0x82 0xeb 0x7b 0x58 0x63 0x61 0x65 0x7c 0x38 0x0 0x0 0x29 0xe8 0x9a 0xec 0x0 0x0 0x0 0x0 0xe7 0x0 0xdc 0x7a 0x0 0xa4 0xa4 0x0 0x8 0xac 0x5 0x0 0x0
1787980675404,0x1 0x89 0xd 0x4c 0xa7 0x86 0x7f 0x1b 0xd 0x0 0xd 0x51 0x91 0x0 0x37 0x18 0xa0 0x18 0x73 0x37 0xfd 0x5 0x9c 0x2 0x0 0x28 0x65 0x1 0x0 0x19 0x0 0xa7 0x0 0x4d 0x0 0x7a 0x0 0x6a 0x6a 0x6a 0x6a 0x6a 0x6a 0x9b 0x3 0x68 0x3 0x9b 0x3 0x62 0x3 0x95 0x3 0x68 0x3 0x95 0x3 0x5d 0x3 0x26 0x0 0x3 0x87 0x7d 0x83 0x7d 0x4d 0x80 0x4f 0x80 0x6e 0x82 0xeb 0x7b 0x58 0x63 0x62 0x65 0x7c 0x38 0x0 0x0 0x29 0xe8 0x9a 0xec 0x0 0x0 0x0 0x0 0xe8 0x0 0xdc 0x7a 0x0 0xa4 0xa4 0x0 0x8 0xcb 0x5 0x0 0x0
1787980675628,0x1 0x8a 0xd 0x4c 0xa7 0x86 0x7f 0x1b 0xd 0x0 0xd 0x53 0x98 0x0 0x6b 0x19 0xc6 0x18 0x73 0x37 0xfb 0x5 0x9c 0x2 0x0 0x28 0x65 0x1 0x0 0x76 0x0 0xa3 0x0 0x50 0x0 0x84 0x0 0x6b 0x6b 0x6b 0x6b 0x6b 0x6b 0x9c 0x3 0x55 0x3 0x9d 0x3 0x5b 0x3 0x98 0x3 0x55 0x3 0xa4 0x3 0x5b 0x3 0x26 0x0 0x3 0x8a 0x7a 0x83 0x7d 0x4d 0x80 0x4f 0x80 0x6e 0x82 0xeb 0x7b 0x58 0x63 0x62 0x65 0x7c 0x38 0x0 0x0 0x29 0xe8 0x9a 0xec 0x0 0x0 0x0 0x0 0xe8 0x0 0xdc 0x7a 0x0 0xa4 0xa4 0x0 0x8 0xb9 0x5 0x0 0x0
1787980675853,0x1 0x8b 0xd 0x4c 0xa7 0x86 0x7f 0x1b 0xd 0x0 0xd 0x51 0x96 0x0 0x0 0x19 0xb2 0x18 0x73 0x37 0x0 0x6 0x9c 0x2 0x0 0x28 0x65 0x1 0x0 0x9f 0x0 0x93 0x0 0x54 0x0 0x86 0x0 0x6a 0x6a 0x6a 0x6a 0x6a 0x6a 0x7b 0x3 0x4d 0x3 0x81 0x3 0x46 0x3 0x79 0x3 0x4b 0x3 0x81 0x3 0x4f 0x3 0x26 0x0 0x3 0x80 0x77 0x83 0x7d 0x4d 0x80 0x4f 0x80 0x6e 0x82 0xeb 0x7b 0x58 0x63 0x62 0x66 0x7c 0x37 0x0 0x0 0x29 0xe8 0x9a 0xec 0x0 0x0 0x0 0x0 0xe8 0x0 0xdc 0x7a 0x0 0xa4 0xa4 0x0 0x8 0xac 0x5 0x0 0x0
1787980676093,0x1 0x8b 0xd 0x4c 0xa7 0x86 0x7f 0x1b 0xd 0x0 0xd 0x51 0x93 0x0 0x7c 0x18 0x8a 0x18 0x73 0x37 0x1 0x6 0x9c 0x2 0x0 0x28 0x65 0x1 0x0 0x8d 0x0 0x3f 0x0 0x57 0x0 0x83 0x0 0x6a 0x6a 0x6a 0x6a 0x6a 0x6a 0x77 0x3 0x5c 0x3 0x72 0x3 0x4d 0x3 0x7c 0x3 0x47 0x3 0x72 0x3 0x5b 0x3 0x26 0x0 0x3 0x7e 0x7d 0x83 0x7d 0x4d 0x80 0x4f 0x80 0x6e 0x82 0xeb 0x7b 0x58 0x63 0x62 0x66 0x7c 0x37 0x0 0x0 0x29 0xe8 0x9a 0xec 0x0 0x0 0x0 0x0 0xe8 0x0 0xdc 0x7a 0x0 0xa4 0xa4 0x0 0x8 0xac 0x5 0x0 0x0
1787980676317,0x1 0x89 0xd 0x4c 0xa7 0x86 0x7f 0x1b 0xe 0x0 0xd 0x52 0x96 0x0 0xfc 0x18 0x2c 0x19 0x73 0x38 0x1 0x6 0x9c 0x2 0x0 0x28 0x65 0x1 0x0 0x42 0x0 0x19 0x0 0x57 0x0 0x7b 0x0 0x6b 0x6b 0x6b 0x6b 0x6b 0x6b 0x83 0x3 0x7b 0x3 0x83 0x3 0x7a 0x3 0x85 0x3 0x7d 0x3 0x9a 0x3 0x7b 0x3 0x26 0x0 0x3 0x83 0x80 0x83 0x7d 0x4d 0x80 0x4f 0x80 0x6e 0x82 0xeb 0x7b 0x58 0x63 0x61 0x66 0x7c 0x38 0x0 0x0 0x29 0xe8 0x9a 0xec 0x0 0x0 0x0 0x0 0xe8 0x0 0xdc 0x7a 0x0 0xa4 0xa4 0x0 0x8 0xcb 0x5 0x0 0x0
1787980676540,0x1 0x8b 0xd 0x4c 0xa7 0x86 0x7f 0x1b 0xe 0x0 0xd 0x53 0x98 0x0 0x3c 0x19 0x3d 0x19 0x73 0x38 0x6 0x6 0x9c 0x2 0x0 0x28 0x65 0x1 0x0 0x14 0x0 0x1d 0x0 0x4f 0x0 0x6c 0x0 0x6b 0x6b 0x6b 0x6b 0x6b 0x6b 0xa6 0x3 0x88 0x3 0xa9 0x3 0x8a 0x3 0xa9 0x3 0x86 0x3 0xa7 0x3 0x88 0x3 0x26 0x0 0x3 0x86 0x83 0x83 0x7d 0x4d 0x80 0x4f 0x80 0x6e 0x82 0xeb 0x7b 0x58 0x63 0x61 0x66 0x7c 0x38 0x0 0x0 0x29 0xe8 0x9a 0xec 0x0 0x0 0x0 0x0 0xe7 0x0 0xdc 0x7a 0x0 0xa4 0xa4 0x0 0x8 0xac 0x5 0x0 0x0
1787980676763,0x1 0x8b 0xd 0x4c 0xa7 0x86 0x7f 0x1c 0xf 0x0 0xd 0x54 0x9e 0x0 0x21 0x1a 0xd8 0x19 0x73 0x38 0xc 0x6 0x9c 0x2 0x0 0x28 0x65 0x1 0x0 0x16 0x0 0x6e 0x0 0x4a 0x0 0x6f 0x0 0x6b 0x6b 0x6b 0x6b 0x6b 0x6b 0xc8 0x3 0x9b 0x3 0xbe 0x3 0xa0 0x3 0xc1 0x3 0xa5 0x3 0xc8 0x3 0xa9 0x3 0x25 0x0 0x3 0x88 0x86 0x83 0x7d 0x4d 0x80 0x4f 0x80 0x6e 0x82 0xeb 0x7b 0x58 0x63 0x61 0x66 0x7c 0x39 0x0 0x0 0x29 0xe8 0x9a 0xec 0x0 0x0 0x0 0x0 0xe6 0x0 0xdc 0x7a 0x0 0xa4 0xa4 0x0 0x8 0xac 0x5 0x0 0x0
1787980676987,0x1 0x8b 0xd 0x4c 0xa7 0x86 0x7f 0x1d 0x10 0x0 0xd 0x55 0xa3 0x0 0xae 0x1a 0x90 0x1a 0x73 0x38 0x1c 0x6 0x9c 0x2 0x0 0x28 0x65 0x1 0x0 0x45 0x0 0x9f 0x0 0x4e 0x0 0x72 0x0 0x6c 0x6c 0x6c 0x6c 0x6c 0x6c 0xe5 0x3 0xbe 0x3 0xe6 0x3 0xc0 0x3 0xeb 0x3 0xc4 0x3 0xed 0x3 0xc4 0x3 0x25 0x0 0x3 0x8b 0x86 0x83 0x7d 0x4d 0x80 0x4f 0x80 0x6e 0x82 0xeb 0x7b 0x58 0x63 0x61 0x66 0x7c 0x39 0x0 0x0 0x29 0xe8 0x9a 0xec 0x0 0x0 0x0 0x0 0xe4 0x0 0xdc 0x7a 0x0 0xa4 0xa4 0x0 0x8 0xac 0x5 0x0 0x0
1787980677212,0x1 0x8a 0xd 0x4c 0xa7 0x86 0x7f 0x20 0x13 0x0 0xd 0x58 0xa7 0x0 0x25 0x1b 0x4 0x1b 0x73 0x38 0x27 0x6 0x9c 0x2 0x0 0x28 0x65 0x1 0x0 0x93 0x0 0xa6 0x0 0x53 0x0 0x80 0x0 0x6c 0x6c 0x6c 0x6c 0x6c 0x6c 0xea 0x3 0xd8 0x3 0xeb 0x3 0xba 0x3 0xe6 0x3 0xb6 0x3 0xe5 0x3 0xb6 0x3 0x25 0x0 0x3 0x84 0x7e 0x84 0x7d 0x4d 0x80 0x4f 0x80 0x6e 0x82 0xeb 0x7b 0x59 0x65 0x61 0x66 0x7c 0x39 0x0 0x0 0x29 0xe8 0x9a 0xec 0x0 0x0 0x0 0x0 0xe4 0x0 0xdc 0x7a 0x0 0xa4 0xa4 0x0 0x8 0xb9 0x5 0x0 0x0
1787980677437,0x1 0x8a 0xd 0x4c 0xa7 0x86 0x7f 0x2c 0x1e 0x0 0xd 0x7b 0x53 0x1 0x40 0x32 0x2a 0x31 0x73 0x38 0xbf 0x6 0x9c 0x2 0x0 0x28 0x65 0x1 0x0 0xb0 0x0 0xaa 0x0 0x5f 0x0 0x8c 0x0 0x79 0x79 0x79 0x79 0x79 0x79 0x46 0x7 0xfb 0x6 0x57 0x7 0x5 0x7 0x5d 0x7 0xfd 0x6 0x57 0x7 0xfd 0x6 0x1d 0x0 0x3 0x80 0x7a 0x84 0x7d 0x4d 0x80 0x4f 0x80 0x6e 0x82 0xeb 0x7b 0x59 0x65 0x61 0x66 0x7c 0x3d 0x0 0x0 0x29 0xe8 0x9a 0xec 0x0 0x0 0x0 0x0 0xd0 0x0 0xdc 0x7a 0x0 0xa4 0xa4 0x0 0x8 0xb9 0x5 0x0 0x0
1787980677659,0x1 0x8b 0xd 0x4c 0xa7 0x86 0x7f 0x2c 0x1f 0x0 0xd 0x7b 0x58 0x1 0x3f 0x2f 0xba 0x2f 0x73 0x38 0x48 0x7 0x9c 0x2 0x0 0x28 0x65 0x1 0x0 0xb6 0x0 0xab 0x0 0x6f 0x0 0x9a 0x0 0x77 0x77 0x77 0x77 0x77 0x77 0xc0 0x6 0x65 0x6 0xb6 0x6 0x78 0x6 0xcb 0x6 0x6e 0x6 0xb6 0x6 0x60 0x6 0x1e 0x0 0x3 0x7b 0x75 0x84 0x7d 0x4d 0x80 0x4f 0x80 0x6e 0x82 0xeb 0x7b 0x59 0x65 0x61 0x66 0x7c 0x52 0x0 0x0 0x29 0xe8 0x9a 0xec 0x0 0x0 0x0 0x0 0xc2 0x0 0xdc 0x7a 0x0 0xa4 0xa4 0x0 0x8 0xac 0x5 0x0 0x0
1787980677885,0x1 0x8b 0xd 0x4c 0xa7 0x86 0x7f 0x2c 0x1f 0x0 0xd 0x7d 0x61 0x1 0xe4 0x2f 0x90 0x2f 0x73 0x39 0x5f 0x7 0x9c 0x2 0x0 0x28 0x65 0x1 0x0 0xa4 0x0 0x5d 0x0 0x69 0x0 0x91 0x0 0x77 0x77 0x77 0x77 0x77 0x77 0x7d 0x6 0x26 0x6 0x79 0x6 0x20 0x6 0x6f 0x6 0x1c 0x6 0x6e 0x6 0x1c 0x6 0x1e 0x0 0x3 0x76 0x70 0x84 0x7d 0x4d 0x80 0x4f 0x80 0x6e 0x82 0xeb 0x7b 0x59 0x65 0x61 0x65 0x7c 0x52 0x0 0x0 0x29 0xe8 0x9a 0xec 0x0 0x0 0x0 0x0 0xc1 0x0 0xdc 0x7a 0x0 0xa4 0xa4 0x0 0x8 0xac 0x5 0x0 0x0
1787980678107,0x1 0x89 0xd 0x4c 0xa7 0x86 0x7f 0x2c 0x1f 0x0 0xd 0x7c 0x5b 0x1 0x40 0x2f 0x35 0x2f 0x73 0x39 0x58 0x7 0x9c 0x2 0x0 0x28 0x65 0x1 0x0 0x72 0x0 0x10 0x0 0x61 0x0 0x73 0x0 0x77 0x77 0x77 0x77 0x77 0x77 0x32 0x6 0x42 0x6 0x2c 0x6 0x40 0x6 0x38 0x6 0x42 0x6 0x2c 0x6 0x42 0x6 0x1e 0x0 0x3 0x71 0x7c 0x84 0x7b 0x4d 0x80 0x4f 0x80 0x6e 0x82 0xeb 0x7b 0x58 0x63 0x61 0x65 0x7c 0x52 0x0 0x0 0x29 0xe8 0x9a 0xec 0x0 0x0 0x0 0x0 0xc2 0x0 0xdc 0x7a 0x0 0xa4 0xa4 0x0 0x8 0xcb 0x5 0x0 0x0
1787980678331,0x1 0x89 0xd 0x4c 0xa7 0x87 0x7f 0x2a 0x1d 0x0 0xd 0x7a 0x48 0x1 0xc8 0x2c 0xb6 0x2d 0x73 0x39 0x53 0x7 0x9c 0x2 0x0 0x28 0x65 0x1 0x0 0x15 0x0 0x10 0x0 0x46 0x0 0x42 0x0 0x76 0x76 0x76 0x76 0x76 0x76 0x3a 0x6 0x35 0x6 0x39 0x6 0x30 0x6 0x2e 0x6 0x22 0x6 0x28 0x6 0x22 0x6 0x1e 0x0 0x3 0x7b 0x80 0x7e 0x7b 0x4d 0x80 0x4f 0x80 0x6e 0x82 0xeb 0x7b 0x58 0x63 0x60 0x65 0x7c 0x52 0x0 0x0 0x29 0xe8 0x9a 0xec 0x0 0x0 0x0 0x0 0xc4 0x0 0xdc 0x7a 0x0 0xa4 0xa4 0x0 0x8 0xcb 0x5 0x0 0x0
1787980678556,0x1 0x8c 0xd 0x4c 0xa7 0x87 0x7f 0x25 0x18 0x0 0xd 0x6f 0xc 0x1 0xa2 0x25 0x47 0x27 0x73 0x3a 0x1f 0x7 0x9c 0x2 0x0 0x28 0x65 0x1 0x0 0x19 0x0 0x33 0x0 0x1e 0x0 0x2e 0x0 0x73 0x73 0x73 0x73 0x73 0x73 0x64 0x5 0x58 0x5 0x80 0x5 0x75 0x5 0x6f 0x5 0x63 0x5 0x5c 0x5 0x58 0x5 0x20 0x0 0x3 0x80 0x85 0x7e 0x7b 0x4d 0x80 0x4f 0x80 0x6e 0x82 0xeb 0x7b 0x58 0x63 0x60 0x65 0xfc 0x4e 0x0 0x0 0x29 0xe8 0x9a 0xec 0x0 0x0 0x0 0x0 0xcb 0x0 0xdc 0x7a 0x0 0xa4 0xa4 0x0 0x8 0x9f 0x5 0x0 0x0
1787980678779,0x1 0x8b 0xd 0x4d 0xa7 0x88 0x7e 0x23 0x16 0x0 0xd 0x68 0xf3 0x0 0xa1 0x23 0x90 0x24 0x73 0x3a 0xd2 0x6 0x9c 0x2 0x0 0x28 0x65 0x1 0x0 0x71 0x0 0x9f 0x0 0x36 0x0 0x40 0x0 0x70 0x70 0x70 0x70 0x70 0x70 0x2e 0x5 0x1e 0x5 0x2c 0x5 0x1b 0x5 0x28 0x5 0x23 0x5 0x28 0x5 0x17 0x5 0x21 0x0 0x3 0x84 0x87 0x7e 0x7b 0x4d 0x80 0x4f 0x80 0x6e 0x82 0xeb 0x7b 0x58 0x63 0x60 0x64 0xfc 0x44 0x0 0x0 0x29 0xe8 0x9a 0xec 0x0 0x0 0x0 0x0 0xd5 0x0 0xdc 0x7a 0x0 0xa4 0xa4 0x0 0x8 0xac 0x5 0x0 0x0
1787980679003,0x1 0x89 0xd 0x4d 0xa7 0x88 0x7e 0x23 0x16 0x0 0xd 0x66 0xe5 0x0 0xfc 0x21 0xa1 0x22 0x73 0x3a 0xbd 0x6 0x9c 0x2 0x0 0x28 0x65 0x1 0x0 0xa0 0x0 0xab 0x0 0x5c 0x0 0x93 0x0 0x6f 0x6f 0x6f 0x6f 0x6f 0x6f 0xd9 0x4 0xe8 0x4 0xd2 0x4 0xe2 0x4 0xca 0x4 0xdb 0x4 0xc5 0x4 0xdb 0x4 0x22 0x0 0x3 0x7b 0x7f 0x7a 0x7b 0x4d 0x80 0x4f 0x80 0x6e 0x82 0xeb 0x7b 0x58 0x63 0x60 0x64 0x7c 0x3e 0x0 0x0 0x29 0xe8 0x9a 0xec 0x0 0x0 0x0 0x0 0xd8 0x0 0xdc 0x7a 0x0 0xa4 0xa4 0x0 0x8 0xcb 0x5 0x0 0x0
1787980679228,0x1 0x89 0xd 0x4c 0xa7 0x88 0x7e 0x22 0x15 0x0 0xd 0x67 0xe1 0x0 0xb9 0x21 0x1b 0x22 0x73 0x3a 0xac 0x6 0x9c 0x2 0x0 0x28 0x65 0x1 0x0 0x9b 0x0 0xa9 0x0 0x66 0x0 0x9c 0x0 0x6f 0x6f 0x6f 0x6f 0x6f 0x6f 0xa9 0x4 0xa8 0x4 0xb1 0x4 0xa4 0x4 0xab 0x4 0x9f 0x4 0xa9 0x4 0x9c 0x4 0x22 0x0 0x3 0x78 0x7c 0x7a 0x7b 0x4d 0x80 0x4f 0x80 0x6e 0x82 0xeb 0x7b 0x58 0x63 0x60 0x64 0x7c 0x3d 0x0 0x0 0x29 0xe8 0x9a 0xec 0x0 0x0 0x0 0x0 0xdb 0x0 0xdc 0x7a 0x0 0xa4 0xa4 0x0 0x8 0xcb 0x5 0x0 0x0
1787980679452,0x1 0x8b 0xd 0x4c 0xa7 0x88 0x7e 0x22 0x15 0x0 0xd 0x67 0xe2 0x0 0xea 0x21 0x11 0x22 0x73 0x3b 0xaa 0x6 0x9c 0x2 0x0 0x28 0x65 0x1 0x0 0x69 0x0 0x9e 0x0 0x64 0x0 0x9b 0x0 0x6f 0x6f 0x6f 0x6f 0x6f 0x6f 0x95 0x4 0x89 0x4 0xa4 0x4 0x9a 0x4 0xa3 0x4 0x8e 0x4 0x95 0x4 0x89 0x4 0x23 0x0 0x3 0x74 0x78 0x7a 0x7b 0x4d 0x80 0x4f 0x80 0x6e 0x82 0xeb 0x7b 0x58 0x63 0x5f 0x64 0x7c 0x3d 0x0 0x0 0x29 0xe8 0x9a 0xec 0x0 0x0 0x0 0x0 0xdd 0x0 0xdc 0x7a 0x0 0xa4 0xa4 0x0 0x8 0xac 0x5 0x0 0x0
1787980679676,0x1 0x8b 0xd 0x4d 0xa7 0x88 0x7e 0x23 0x15 0x0 0xd 0x67 0xe4 0x0 0x13 0x22 0x24 0x22 0x73 0x3b 0xb1 0x6 0x9c 0x2 0x0 0x28 0x65 0x1 0x0 0x1f 0x0 0x8f 0x0 0x5b 0x0 0x99 0x0 0x6f 0x6f 0x6f 0x6f 0x6f 0x6f 0xbd 0x4 0x7a 0x4 0xbd 0x4 0x85 0x4 0xc1 0x4 0x7f 0x4 0xbd 0x4 0x79 0x4 0x23 0x0 0x3 0x7d 0x74 0x7c 0x7b 0x4d 0x80 0x4f 0x80 0x6e 0x82 0xeb 0x7b 0x58 0x63 0x5f 0x64 0x7c 0x3d 0x0 0x0 0x29 0xe8 0x9a 0xec 0x0 0x0 0x0 0x0 0xdc 0x0 0xdc 0x7a 0x0 0xa4 0xa4 0x0 0x8 0xac 0x5 0x0 0x0
1787980679899,0x1 0x8a 0xd 0x4d 0xa7 0x88 0x7e 0x22 0x15 0x0 0xd 0x66 0xe2 0x0 0xcb 0x21 0xbb 0x21 0x73 0x3b 0xb0 0x6 0x9c 0x2 0x0 0x28 0x65 0x1 0x0 0x21 0x0 0x49 0x0 0x57 0x0 0x94 0x0 0x6e 0x6e 0x6e 0x6e 0x6e 0x6e 0xba 0x4 0x58 0x4 0xb9 0x4 0x5c 0x4 0xc1 0x4 0x61 0x4 0xc1 0x4 0x5c 0x4 0x23 0x0 0x3 0x81 0x78 0x7c 0x7b 0x4d 0x80 0x4f 0x80 0x6e 0x82 0xeb 0x7b 0x58 0x63 0x5f 0x63 0x7c 0x3d 0x0 0x0 0x29 0xe8 0x9a 0xec 0x0 0x0 0x0 0x0 0xdd 0x0 0xdc 0x7a 0x0 0xa4 0xa4 0x0 0x8 0xb9 0x5 0x0 0x0
1787980680122,0x1 0x8a 0xd 0x4d 0xa7 0x88 0x7e 0x22 0x15 0x0 0xd 0x66 0xe2 0x0 0xb2 0x21 0x90 0x21 0x73 0x3b 0xb5 0x6 0x9c 0x2 0x0 0x28 0x65 0x1 0x0 0x7f 0x0 0x14 0x0 0x5a 0x0 0x88 0x0 0x6e 0x6e 0x6e 0x6e 0x6e 0x6e 0xc0 0x4 0x80 0x4 0xc5 0x4 0x82 0x4 0xc8 0x4 0x86 0x4 0xc9 0x4 0x86 0x4 0x22 0x0 0x3 0x84 0x7c 0x7c 0x7c 0x4d 0x80 0x4f 0x80 0x6e 0x82 0xeb 0x7b 0x58 0x63 0x5f 0x63 0x7c 0x3d 0x0 0x0 0x29 0xe8 0x9a 0xec 0x0 0x0 0x0 0x0 0xdc 0x0 0xdc 0x7a 0x0 0xa4 0xa4 0x0 0x8 0xb9 0x5 0x0 0x0
1787980680347,0x1 0x8c 0xd 0x4d 0xa7 0x89 0x7d 0x22 0x15 0x0 0xd 0x66 0xdf 0x0 0x54 0x21 0x82 0x21 0x73 0x3b 0xb1 0x6 0x9c 0x2 0x0 0x28 0x65 0x1 0x0 0x9e 0x0 0x12 0x0 0x60 0x0 0x71 0x0 0x6e 0x6e 0x6e 0x6e 0x6e 0x6e 0x9c 0x4 0x91 0x4 0x9f 0x4 0x92 0x4 0x9d 0x4 0x96 0x4 0x9c 0x4 0x96 0x4 0x23 0x0 0x3 0x7a 0x7f 0x7c 0x7c 0x4d 0x80 0x4f 0x80 0x6e 0x82 0xeb 0x7b 0x58 0x63 0x5e 0x63 0x7c 0x3d 0x0 0x0 0x29 0xe8 0x9a 0xec 0x0 0x0 0x0 0x0 0xdc 0x0 0xdc 0x7a 0x0 0xa4 0xa4 0x0 0x8 0x9f 0x5 0x0 0x0
1787980680572,0x1 0x8b 0xd 0x4d 0xa7 0x89 0x7d 0x19 0xc 0x0 0xd 0x4d 0x88 0x0 0x6 0x15 0x62 0x18 0x73 0x3b 0x78 0x6 0x9c 0x2 0x0 0x28 0x65 0x1 0x0 0xa4 0x0 0x79 0x0 0x63 0x0 0x72 0x0 0x68 0x68 0x68 0x68 0x68 0x68 0x32 0x3 0x36 0x3 0x6a 0x3 0x69 0x3 0x4a 0x3 0x50 0x3 0x26 0x3 0x36 0x3 0x25 0x0 0x3 0x77 0x83 0x7c 0x7c 0x4d 0x80 0x4f 0x80 0x6e 0x82 0xeb 0x7b 0x58 0x63 0x5e 0x63 0x7c 0x3c 0x0 0x0 0x29 0xe8 0x9a 0xec 0x0 0x0 0x0 0x0 0xe5 0x0 0xdc 0x7a 0x0 0xa4 0xa4 0x0 0x8 0xac 0x5 0x0 0x0
1787980680794,0x1 0x8b 0xd 0x4d 0xa7 0x89 0x7d 0x19 0xc 0x0 0xd 0x4c 0x85 0x0 0x60 0x15 0xac 0x15 0x73 0x3b 0x39 0x6 0x9c 0x2 0x0 0x28 0x65 0x1 0x0 0xa2 0x0 0xab 0x0 0x6b 0x0 0x8e 0x0 0x67 0x67 0x67 0x67 0x67 0x67 0xda 0x2 0xf2 0x2 0xe6 0x2 0xfa 0x2 0xe2 0x2 0xf5 0x2 0xdc 0x2 0xf2 0x2 0x27 0x0 0x3 0x74 0x83 0x7c 0x7c 0x4d 0x80 0x4f 0x80 0x6e 0x82 0xeb 0x7b 0x58 0x63 0x5e 0x64 0x7c 0x39 0x0 0x0 0x29 0xe8 0x9a 0xec 0x0 0x0 0x0 0x0 0xef 0x0 0xdc 0x7a 0x0 0xa4 0xa4 0x0 0x8 0xac 0x5 0x0 0x0
1787980681018,0x1 0x89 0xd 0x4d 0xa7 0x89 0x7d 0x19 0xc 0x0 0xd 0x4d 0x83 0x0 0x25 0x15 0x71 0x15 0x73 0x3b 0x32 0x6 0x9c 0x2 0x0 0x28 0x65 0x1 0x0 0x36 0x0 0xa7 0x0 0x67 0x0 0x97 0x0 0x67 0x67 0x67 0x67 0x67 0x67 0xe8 0x2 0xdb 0x2 0xd8 0x2 0xdf 0x2 0xd7 0x2 0xdd 0x2 0xe8 0x2 0xdb 0x2 0x27 0x0 0x3 0x79 0x7b 0x7b 0x7a 0x4d 0x80 0x4f 0x80 0x6e 0x82 0xeb 0x7b 0x58 0x63 0x5e 0x64 0x7c 0x39 0x0 0x0 0x29 0xe8 0x9a 0xec 0x0 0x0 0x0 0x0 0xf0 0x0 0xdc 0x7a 0x0 0xa4 0xa4 0x0 0x8 0xcb 0x5 0x0 0x0
1787980681244,0x1 0x8b 0xd 0x4d 0xa7 0x89 0x7d 0x19 0xc 0x0 0xd 0x4d 0x87 0x0 0xd1 0x15 0x9e 0x15 0x73 0x3b 0x30 0x6 0x9c 0x2 0x0 0x28 0x65 0x1 0x0 0xe 0x0 0x9c 0x0 0x4f 0x0 0x99 0x0 0x67 0x67 0x67 0x67 0x67 0x67 0xfc 0x2 0xe1 0x2 0xf8 0x2 0xdf 0x2 0xfa 0x2 0xdf 0x2 0xfc 0x2 0xe0 0x2 0x27 0x0 0x3 0x7c 0x78 0x7b 0x7a 0x4d 0x80 0x4f 0x80 0x6e 0x82 0xeb 0x7b 0x58 0x63 0x5f 0x64 0x7c 0x39 0x0 0x0 0x29 0xe8 0x9a 0xec 0x0 0x0 0x0 0x0 0xf0 0x0 0xdc 0x7a 0x0 0xa4 0xa4 0x0 0x8 0xac 0x5 0x0 0x0
1787980681482,0x1 0x8b 0xd 0x4d 0xa7 0x89 0x7d 0x19 0xc 0x0 0xd 0x4c 0x86 0x0 0xa8 0x15 0xbd 0x15 0x73 0x3b 0x30 0x6 0x9c 0x2 0x0 0x28 0x65 0x1 0x0 0xe 0x0 0x6d 0x0 0xd 0x0 0x97 0x0 0x67 0x67 0x67 0x67 0x67 0x67 0xb 0x3 0xec 0x2 0x15 0x3 0xeb 0x2 0x12 0x3 0xe0 0x2 0xb 0x3 0xe0 0x2 0x27 0x0 0x3 0x7f 0x75 0x7b 0x7a 0x4d 0x80 0x4f 0x80 0x6e 0x82 0xeb 0x7b 0x58 0x63 0x5f 0x64 0x7c 0x39 0x0 0x0 0x29 0xe8 0x9a 0xec 0x0 0x0 0x0 0x0 0xf0 0x0 0xdc 0x7a 0x0 0xa4 0xa4 0x0 0x8 0xac 0x5 0x0 0x0
1787980681708,0x1 0x8a 0xd 0x4d 0xa7 0x89 0x7d 0x19 0xc 0x0 0xd 0x4e 0x89 0x0 0x24 0x16 0xfe 0x15 0x73 0x3b 0x30 0x6 0x9c 0x2 0x0 0x28 0x65 0x1 0x0 0x10 0x0 0x50 0x0 0x0 0x0 0x93 0x0 0x68 0x68 0x68 0x68 0x68 0x68 0x1a 0x3 0xf7 0x2 0x13 0x3 0xda 0x2 0x15 0x3 0xdd 0x2 0x1d 0x3 0xf7 0x2 0x27 0x0 0x3 0x81 0x7a 0x7b 0x7b 0x4d 0x80 0x4f 0x80 0x6e 0x82 0xeb 0x7b 0x58 0x63 0x5f 0x64 0x7c 0x39 0x0 0x0 0x29 0xe8 0x9a 0xec 0x0 0x0 0x0 0x0 0xf0 0x0 0xdc 0x7a 0x0 0xa4 0xa4 0x0 0x8 0xb9 0x5 0x0 0x0
1787980681931,0x1 0x89 0xd 0x4d 0xa7 0x89 0x7d 0x19 0xc 0x0 0xd 0x4d 0x87 0x0 0xd5 0x15 0xca 0x15 0x73 0x3b 0x2f 0x6 0x9c 0x2 0x0 0x28 0x65 0x1 0x0 0x13 0x0 0x17 0x0 0x0 0x0 0x8c 0x0 0x68 0x68 0x68 0x68 0x68 0x68 0x1c 0x3 0xf7 0x2 0x12 0x3 0xf0 0x2 0x18 0x3 0xf4 0x2 0x1c 0x3 0xf7 0x2 0x27 0x0 0x3 0x84 0x7d 0x7b 0x7b 0x4d 0x80 0x4f 0x80 0x6e 0x82 0xeb 0x7b 0x58 0x63 0x5f 0x65 0x7c 0x39 0x0 0x0 0x29 0xe8 0x9a 0xec 0x0 0x0 0x0 0x0 0xf0 0x0 0xdc 0x7a 0x0 0xa4 0xa4 0x0 0x8 0xcb 0x5 0x0 0x0
1787980682155,0x1 0x8b 0xd 0x4d 0xa7 0x88 0x7e 0x19 0xc 0x0 0xd 0x4e 0x86 0x0 0xa8 0x15 0xb3 0x15 0x73 0x3b 0x30 0x6 0x9c 0x2 0x0 0x28 0x65 0x1 0x0 0x21 0x0 0x17 0x0 0x3 0x0 0x88 0x0 0x67 0x67 0x67 0x67 0x67 0x67 0x21 0x3 0xfb 0x2 0x1f 0x3 0xf9 0x2 0x1f 0x3 0xfb 0x2 0x21 0x3 0xfb 0x2 0x27 0x0 0x3 0x87 0x80 0x7b 0x7b 0x4d 0x80 0x4f 0x80 0x6e 0x82 0xeb 0x7b 0x59 0x65 0x5f 0x65 0x7c 0x39 0x0 0x0 0x29 0xe8 0x9a 0xec 0x0 0x0 0x0 0x0 0xf0 0x0 0xdc 0x7a 0x0 0xa4 0xa4 0x0 0x8 0xac 0x5 0x0 0x0
1787980682377,0x1 0x8b 0xd 0x4d 0xa7 0x88 0x7e 0x19 0xc 0x0 0xd 0x4c 0x87 0x0 0xdc 0x15 0xd0 0x15 0x73 0x3b 0x2d 0x6 0x9c 0x2 0x0 0x28 0x65 0x1 0x0 0x7a 0x0 0x5e 0x0 0x8 0x0 0x88 0x0 0x68 0x68 0x68 0x68 0x68 0x68 0x2c 0x3 0x7 0x3 0x21 0x3 0x0 0x3 0x2b 0x3 0x5 0x3 0x2c 0x3 0x7 0x3 0x27 0x0 0x3 0x89 0x82 0x7b 0x7b 0x4d 0x80 0x4f 0x80 0x6e 0x82 0xeb 0x7b 0x59 0x65 0x60 0x65 0x7c 0x39 0x0 0x0 0x29 0xe8 0x9a 0xec 0x0 0x0 0x0 0x0 0xf0 0x0 0xdc 0x7a 0x0 0xa4 0xa4 0x0 0x8 0xac 0x5 0x0 0x0
1787980682603,0x1 0x8a 0xd 0x4d 0xa7 0x88 0x7e 0x19 0xc 0x0 0xd 0x4c 0x85 0x0 0x86 0x15 0xc5 0x15 0x73 0x3b 0x2e 0x6 0x9c 0x2 0x0 0x28 0x65 0x1 0x0 0x9a 0x0 0x98 0x0 0xd 0x0 0x88 0x0 0x68 0x68 0x68 0x68 0x68 0x68 0xf 0x3 0x6 0x3 0x10 0x3 0x9 0x3 0x13 0x3 0xa 0x3 0xf 0x3 0x8 0x3 0x27 0x0 0x3 0x7f 0x83 0x7d 0x7b 0x4d 0x80 0x4f 0x80 0x6e 0x82 0xeb 0x7b 0x59 0x65 0x60 0x65 0x7c 0x39 0x0 0x0 0x29 0xe8 0x9a 0xec 0x0 0x0 0x0 0x0 0xef 0x0 0xdc 0x7a 0x0 0xa4 0xa4 0x0 0x8 0xb9 0x5 0x0 0x0
1787980682826,0x1 0x89 0xd 0x4d 0xa7 0x88 0x7e 0x19 0xc 0x0 0xd 0x4d 0x88 0x0 0x6 0x16 0xf 0x16 0x73 0x3b 0x2d 0x6 0x9c 0x2 0x0 0x28 0x65 0x1 0x0 0x95 0x0 0xa4 0x0 0x11 0x0 0x89 0x0 0x68 0x68 0x68 0x68 0x68 0x68 0x12 0x3 0x17 0x3 0x19 0x3 0x17 0x3 0x16 0x3 0xfd 0x2 0x12 0x3 0xfc 0x2 0x27 0x0 0x3 0x7d 0x7b 0x7d 0x7b 0x4d 0x80 0x4f 0x80 0x6e 0x82 0xeb 0x7b 0x59 0x65 0x60 0x66 0x7c 0x39 0x0 0x0 0x29 0xe8 0x9a 0xec 0x0 0x0 0x0 0x0 0xef 0x0 0xdc 0x7a 0x0 0xa4 0xa4 0x0 0x8 0xcb 0x5 0x0 0x0
1787980683051,0x1 0x8b 0xd 0x4d 0xa7 0x88 0x7e 0x19 0xc 0x0 0xd 0x4e 0x87 0x0 0xe3 0x15 0xc2 0x15 0x73 0x3b 0x2b 0x6 0x9c 0x2 0x0 0x28 0x65 0x1 0x0 0x6e 0x0 0xa4 0x0 0x15 0x0 0x8c 0x0 0x68 0x68 0x68 0x68 0x68 0x68 0xff 0x2 0xed 0x2 0x1 0x3 0xe8 0x2 0xfe 0x2 0xe9 0x2 0xff 0x2 0xea 0x2 0x27 0x0 0x3 0x7a 0x79 0x7d 0x7b 0x4d 0x80 0x4f 0x80 0x6e 0x82 0xeb 0x7b 0x58 0x63 0x60 0x66 0x7c 0x39 0x0 0x0 0x29 0xe8 0x9a 0xec 0x0 0x0 0x0 0x0 0xef 0x0 0xdc 0x7a 0x0 0xa4 0xa4 0x0 0x8 0xac 0x5 0x0 0x0
1787980683274,0x1 0x8c 0xd 0x4d 0xa7 0x88 0x7e 0x19 0xc 0x0 0xd 0x4e 0x88 0x0 0xfe 0x15 0xfe 0x15 0x73 0x3b 0x2f 0x6 0x9c 0x2 0x0 0x28 0x65 0x1 0x0 0x1c 0x0 0x93 0x0 0x18 0x0 0x8d 0x0 0x68 0x68 0x68 0x68 0x68 0x68 0x1f 0x3 0xea 0x2 0x19 0x3 0xe8 0x2 0x20 0x3 0xeb 0x2 0x20 0x3 0xeb 0x2 0x27 0x0 0x3 0x83 0x76 0x81 0x7b 0x4d 0x80 0x4f 0x80 0x6e 0x82 0xeb 0x7b 0x58 0x63 0x61 0x66 0x7c 0x39 0x0 0x0 0x29 0xe8 0x9a 0xec 0x0 0x0 0x0 0x0 0xee 0x0 0xdc 0x7a 0x0 0xa4 0xa4 0x0 0x8 0x9f 0x5 0x0 0x0
1787980683498,0x1 0x8c 0xd 0x4d 0xa7 0x88 0x7e 0x19 0xc 0x0 0xd 0x4d 0x87 0x0 0xd1 0x15 0xf3 0x15 0x73 0x3b 0x30 0x6 0x9c 0x2 0x0 0x28 0x65 0x1 0x0 0x14 0x0 0x3d 0x0 0x17 0x0 0x8a 0x0 0x68 0x68 0x68 0x68 0x68 0x68 0x27 0x3 0xe5 0x2 0x28 0x3 0xfc 0x2 0x27 0x3 0xf9 0x2 0x26 0x3 0xf9 0x2 0x27 0x0 0x3 0x85 0x7c 0x81 0x7c 0x4d 0x80 0x4f 0x80 0x6e 0x82 0xeb 0x7b 0x58 0x63 0x61 0x66 0x7c 0x39 0x0 0x0 0x29 0xe8 0x9a 0xec 0x0 0x0 0x0 0x0 0xef 0x0 0xdc 0x7a 0x0 0xa4 0xa4 0x0 0x8 0x9f 0x5 0x0 0x0
1787980683723,0x1 0x89 0xd 0x4d 0xa7 0x88 0x7e 0x19 0xc 0x0 0xd 0x50 0x8c 0x0 0x95 0x16 0x6f 0x16 0x73 0x3b 0x33 0x6 0x9c 0x2 0x0 0x28 0x65 0x1 0x0 0x15 0x0 0x14 0x0 0x13 0x0 0x81 0x0 0x68 0x68 0x68 0x68 0x68 0x68 0x43 0x3 0x13 0x3 0x3f 0x3 0x12 0x3 0x3f 0x3 0x12 0x3 0x40 0x3 0x12 0x3 0x26 0x0 0x3 0x88 0x7e 0x81 0x7c 0x4d 0x80 0x4f 0x80 0x6e 0x82 0xeb 0x7b 0x58 0x63 0x61 0x66 0x7c 0x39 0x0 0x0 0x29 0xe8 0x9a 0xec 0x0 0x0 0x0 0x0 0xed 0x0 0xdc 0x7a 0x0 0xa4 0xa4 0x0 0x8 0xcb 0x5 0x0 0x0
1787980683947,0x1 0x8b 0xd 0x4d 0xa7 0x88 0x7e 0x19 0xc 0x0 0xd 0x4d 0x88 0x0 0x2 0x16 0x6d 0x16 0x73 0x3b 0x2e 0x6 0x9c 0x2 0x0 0x28 0x65 0x1 0x0 0x4c 0x0 0x19 0x0 0x14 0x0 0x70 0x0 0x68 0x68 0x68 0x68 0x68 0x68 0x48 0x3 0x1c 0x3 0x4a 0x3 0x1d 0x3 0x48 0x3 0x19 0x3 0x48 0x3 0x19 0x3 0x26 0x0 0x3 0x8b 0x81 0x81 0x7c 0x4d 0x80 0x4f 0x80 0x6e 0x82 0xeb 0x7b 0x58 0x63 0x61 0x67 0x7c 0x39 0x0 0x0 0x29 0xe8 0x9a 0xec 0x0 0x0 0x0 0x0 0xee 0x0 0xdc 0x7a 0x0 0xa4 0xa4 0x0 0x8 0xac 0x5 0x0 0x0
1787980684171,0x1 0x8b 0xd 0x4d 0xa7 0x88 0x7e 0x19 0xc 0x0 0xd 0x4f 0x8b 0x0 0x77 0x16 0x5c 0x16 0x73 0x3b 0x30 0x6 0x9c 0x2 0x0 0x28 0x65 0x1 0x0 0x91 0x0 0x5c 0x0 0x18 0x0 0x73 0x0 0x68 0x68 0x68 0x68 0x68 0x68 0x33 0x3 0x1f 0x3 0x30 0x3 0x1d 0x3 0x2e 0x3 0x22 0x3 0x2e 0x3 0x1e 0x3 0x26 0x0 0x3 0x83 0x84 0x83 0x7c 0x4d 0x80 0x4f 0x80 0x6e 0x82 0xeb 0x7b 0x58 0x63 0x61 0x67 0x7c 0x39 0x0 0x0 0x29 0xe8 0x9a 0xec 0x0 0x0 0x0 0x0 0xee 0x0 0xdc 0x7a 0x0 0xa4 0xa4 0x0 0x8 0xac 0x5 0x0 0x0
1787980684395,0x1 0x8b 0xd 0x4d 0xa7 0x88 0x7e 0x1a 0xc 0x0 0xd 0x4f 0x8c 0x0 0xa4 0x16 0xb9 0x16 0x73 0x3b 0x2f 0x6 0x9c 0x2 0x0 0x28 0x65 0x1 0x0 0x9c 0x0 0x97 0x0 0x1d 0x0 0x76 0x0 0x68 0x68 0x68 0x68 0x68 0x68 0x34 0x3 0x2d 0x3 0x36 0x3 0x31 0x3 0x35 0x3 0x28 0x3 0x35 0x3 0x30 0x3 0x26 0x0 0x3 0x80 0x85 0x83 0x7c 0x4d 0x80 0x4f 0x80 0x6e 0x82 0xeb 0x7b 0x58 0x63 0x62 0x67 0x7c 0x39 0x0 0x0 0x29 0xe8 0x9a 0xec 0x0 0x0 0x0 0x0 0xee 0x0 0xdc 0x7a 0x0 0xa4 0xa4 0x0 0x8 0xac 0x5 0x0 0x0
1787980684617,0x1 0x8a 0xd 0x4d 0xa7 0x88 0x7e 0x19 0xc 0x0 0xd 0x4e 0x8a 0x0 0x5c 0x16 0x73 0x16 0x73 0x3b 0x2c 0x6 0x9c 0x2 0x0 0x28 0x65 0x1 0x0 0x56 0x0 0xa5 0x0 0x22 0x0 0x7c 0x0 0x68 0x68 0x68 0x68 0x68 0x68 0x25 0x3 0x23 0x3 0x21 0x3 0x26 0x3 0x23 0x3 0x29 0x3 0x23 0x3 0x25 0x3 0x26 0x0 0x3 0x7e 0x85 0x83 0x7c 0x4d 0x80 0x4f 0x80 0x6e 0x82 0xeb 0x7b 0x58 0x63 0x62 0x67 0x7c 0x39 0x0 0x0 0x29 0xe8 0x9a 0xec 0x0 0x0 0x0 0x0 0xee 0x0 0xdc 0x7a 0x0 0xa4 0xa4 0x0 0x8 0xb9 0x5 0x0 0x0
1787980684841,0x1 0x8c 0xd 0x4d 0xa7 0x88 0x7e 0x19 0xc 0x0 0xd 0x4e 0x8d 0x0 0xd5 0x16 0x91 0x16 0x73 0x3b 0x2d 0x6 0x9c 0x2 0x0 0x28 0x65 0x1 0x0 0x23 0x0 0xa4 0x0 0x28 0x0 0x86 0x0 0x68 0x68 0x68 0x68 0x68 0x68 0x44 0x3 0xc 0x3 0x3e 0x3 0xd 0x3 0x46 0x3 0x14 0x3 0x42 0x3 0xd 0x3 0x26 0x0 0x3 0x87 0x7b 0x84 0x7c 0x4d 0x80 0x4f 0x80 0x6e 0x82 0xeb 0x7b 0x58 0x63 0x62 0x68 0x7c 0x39 0x0 0x0 0x29 0xe8 0x9a 0xec 0x0 0x0 0x0 0x0 0xee 0x0 0x0 0x80 0x0 0xa4 0xa4 0x0 0x8 0x9f 0x5 0x0 0x0
1787980685065,0x1 0x8b 0xd 0x4d 0xa7 0x88 0x7e 0x19 0xc 0x0 0xd 0x4d 0x89 0x0 0x36 0x16 0x68 0x16 0x73 0x3b 0x2b 0x6 0x9c 0x2 0x0 0x28 0x65 0x1 0x0 0x20 0x0 0x94 0x0 0x2c 0x0 0x89 0x0 0x68 0x68 0x68 0x68 0x68 0x68 0x4d 0x3 0x7 0x3 0x45 0x3 0xff 0x2 0x4e 0x3 0xb 0x3 0x43 0x3 0xff 0x2 0x26 0x0 0x3 0x89 0x78 0x84 0x7c 0x4d 0x80 0x4f 0x80 0x6e 0x82 0xeb 0x7b 0x58 0x63 0x62 0x68 0x7c 0x39 0x0 0x0 0x29 0xe8 0x9a 0xec 0x0 0x0 0x0 0x0 0xee 0x2 0x0 0x80 0x0 0xa4 0xa4 0x0 0x8 0xac 0x5 0x0 0x0
1787980685289,0x1 0x8b 0xd 0x4d 0xa7 0x88 0x7e 0x19 0xc 0x0 0xd 0x4e 0x8b 0x0 0x89 0x16 0xac 0x16 0x73 0x3b 0x2b 0x6 0x9c 0x2 0x0 0x28 0x65 0x1 0x0 0x62 0x0 0x45 0x0 0x32 0x0 0x87 0x0 0x68 0x68 0x68 0x68 0x68 0x68 0x51 0x3 0x2 0x3 0x58 0x3 0x17 0x3 0x52 0x3 0x1 0x3 0x56 0x3 0x17 0x3 0x26 0x0 0x3 0x8c 0x7d 0x84 0x7d 0x4d 0x80 0x4f 0x80 0x6e 0x82 0xeb 0x7b 0x58 0x63 0x62 0x68 0x7c 0x39 0x0 0x0 0x29 0xe8 0x9a 0xec 0x0 0x0 0x0 0x0 0xed 0x3 0x0 0x80 0x0 0xa4 0xa4 0x0 0x8 0xac 0x5 0x0 0x0
1787980685513,0x1 0x8a 0xd 0x4d 0xa7 0x88 0x7e 0x19 0xc 0x0 0xd 0x4e 0x89 0x0 0x24 0x16 0x5c 0x16 0x73 0x3a 0x30 0x6 0x9c 0x2 0x0 0x28 0x65 0x1 0x0 0x9d 0x0 0x19 0x0 0x3f 0x0 0x7f 0x0 0x68 0x68 0x68 0x68 0x68 0x68 0x36 0x3 0x15 0x3 0x30 0x3 0x14 0x3 0x37 0x3 0x14 0x3 0x30 0x3 0x13 0x3 0x26 0x0 0x3 0x83 0x80 0x85 0x7d 0x4d 0x80 0x4f 0x80 0x6e 0x82 0xeb 0x7b 0x58 0x63 0x62 0x68 0x7c 0x39 0x0 0x0 0x29 0xe8 0x9a 0xec 0x0 0x0 0x0 0x0 0xed 0x5 0x0 0x80 0x0 0xa4 0xa4 0x0 0x8 0xb9 0x5 0x0 0x0
1787980685739,0x1 0x8a 0xd 0x4d 0xa7 0x88 0x7e 0x18 0xc 0x0 0xd 0x4e 0x86 0x0 0xb3 0x15 0xd 0x16 0x73 0x3a 0x2d 0x6 0x9c 0x2 0x0 0x28 0x65 0x1 0x0 0x99 0x0 0x16 0x0 0x4d 0x0 0x66 0x0 0x68 0x68 0x68 0x68 0x68 0x68 0x24 0x3 0x13 0x3 0x1d 0x3 0x1e 0x3 0x2b 0x3 0x18 0x3 0x1d 0x3 0x10 0x3 0x27 0x0 0x3 0x81 0x82 0x85 0x7d 0x4d 0x80 0x4f 0x80 0x6e 0x82 0xeb 0x7b 0x58 0x63 0x62 0x68 0x7c 0x39 0x0 0x0 0x29 0xe8 0x9a 0xec 0x0 0x0 0x0 0x0 0xed 0x7 0x0 0x80 0x0 0xa4 0xa4 0x0 0x8 0xb9 0x5 0x0 0x0
1787980685963,0x1 0x8b 0xd 0x4d 0xa7 0x88 0x7e 0xd 0x0 0x0 0xd 0x38 0x57 0x0 0x5c 0xe 0xc0 0x11 0x73 0x3a 0xf 0x6 0x9c 0x2 0x0 0x28 0x65 0x1 0x0 0x98 0x0 0x63 0x0 0x57 0x0 0x60 0x0 0x66 0x66 0x66 0x66 0x66 0x66 0x83 0x2 0x73 0x2 0x5f 0x2 0xa8 0x2 0xa0 0x2 0x95 0x2 0x5f 0x2 0x60 0x2 0x28 0x0 0x3 0x7e 0x85 0x85 0x7d 0x4d 0x80 0x4f 0x80 0x6e 0x82 0xeb 0x7b 0x58 0x63 0x62 0x68 0x7c 0x38 0x0 0x0 0x29 0xe8 0x9a 0xec 0x0 0x0 0x0 0x0 0xf2 0x6 0x0 0x80 0x0 0xa4 0xa4 0x0 0x0 0xac 0x5 0x0 0x0
1787980686186,0x1 0x8c 0xd 0x4d 0xa7 0x88 0x7e 0xd 0x0 0x0 0xd 0x31 0x48 0x0 0x6a 0xc 0x74 0xd 0x73 0x3a 0xcd 0x5 0x9c 0x2 0x0 0x28 0x65 0x1 0x0 0xad 0x0 0xae 0x0 0x65 0x0 0x65 0x0 0x6e 0x6e 0x6e 0x6e 0x6e 0x6e 0xdf 0x1 0xf5 0x1 0xee 0x1 0xee 0x1 0xe6 0x1 0xe8 0x1 0xdf 0x1 0xe5 0x1 0x29 0x0 0x3 0x7c 0x85 0x85 0x7d 0x4d 0x80 0x4f 0x80 0x6e 0x82 0xeb 0x7b 0x58 0x63 0x62 0x68 0xc2 0x3b 0x46 0x5 0x29 0xe8 0x9a 0xec 0x0 0x0 0x0 0x0 0xfc 0x5 0x0 0x80 0x0 0xa4 0xa4 0x0 0x0 0x9f 0x5 0x0 0x0
1787980686409,0x1 0x89 0xd 0x4d 0xa7 0x88 0x7e 0xd 0x0 0x0 0xd 0x32 0x49 0x0 0xfd 0xc 0x8 0xd 0x73 0x3a 0x9f 0x5 0x9c 0x2 0x0 0x28 0x65 0x1 0x0 0xad 0x0 0xb0 0x0 0x7b 0x0 0x8f 0x0 0x79 0x79 0x79 0x79 0x79 0x79 0xd9 0x1 0xd2 0x1 0xd6 0x1 0xd2 0x1 0xd7 0x1 0xd2 0x1 0xd7 0x1 0xd2 0x1 0x2a 0x0 0x3 0x7a 0x7d 0x85 0x7e 0x4d 0x80 0x4f 0x80 0x6e 0x82 0xeb 0x7b 0x58 0x63 0x63 0x68 0xc2 0x39 0x46 0x5 0x29 0xe8 0x9a 0xec 0x0 0x0 0x0 0x0 0xff 0x5 0x0 0x80 0x0 0xa4 0xa4 0x0 0x0 0xcb 0x5 0x0 0x0
1787980686633,0x1 0x8a 0xd 0x4d 0xa7 0x88 0x7e 0xd 0x0 0x0 0xd 0x2f 0x47 0x0 0xd1 0xc 0xc 0xd 0x73 0x3a 0x8a 0x5 0x9c 0x2 0x0 0x28 0x65 0x1 0x0 0x9f 0x0 0xaa 0x0 0x7f 0x0 0x9f 0x0 0x82 0x82 0x82 0x82 0x82 0x82 0xda 0x1 0xd5 0x1 0xda 0x1 0xd4 0x1 0xda 0x1 0xd5 0x1 0xd9 0x1 0xd4 0x1 0x2a 0x0 0x3 0x79 0x7b 0x85 0x7e 0x4d 0x80 0x4f 0x80 0x6e 0x82 0xeb 0x7b 0x58 0x63 0x63 0x68 0xc2 0x39 0x46 0x5 0x29 0xe8 0x9a 0xec 0x0 0x0 0x0 0x0 0xff 0x5 0x0 0x80 0x0 0xa4 0xa4 0x0 0x0 0xb9 0x5 0x0 0x0
1787980686857,0x1 0x8b 0xd 0x4d 0xa7 0x88 0x7e 0xd 0x0 0x0 0xd 0x30 0x49 0x0 0x61 0xd 0x32 0xd 0x73 0x3a 0x75 0x5 0x9c 0x2 0x0 0x28 0x65 0x1 0x0 0x67 0x0 0xa6 0x0 0x7d 0x0 0xa0 0x0 0x8a 0x8a 0x8a 0x8a 0x8a 0x8a 0xdf 0x1 0xd5 0x1 0xdb 0x1 0xd7 0x1 0xdd 0x1 0xda 0x1 0xdf 0x1 0xd9 0x1 0x2a 0x0 0x3 0x77 0x7a 0x85 0x7e 0x4d 0x80 0x4f 0x80 0x6e 0x82 0xeb 0x7b 0x58 0x63 0x63 0x69 0xc2 0x38 0x46 0x5 0x29 0xe8 0x9a 0xec 0x0 0x0 0x0 0x0 0xff 0x6 0x0 0x80 0x0 0xa4 0xa4 0x0 0x0 0xac 0x5 0x0 0x0
1787980687081,0x1 0x8b 0xd 0x4d 0xa7 0x88 0x7e 0xd 0x0 0x0 0xd 0x31 0x48 0x0 0x59 0xd 0x4b 0xd 0x73 0x3a 0x65 0x5 0x9c 0x2 0x0 0x28 0x65 0x1 0x0 0x29 0x0 0xa0 0x0 0x7a 0x0 0x9f 0x0 0x93 0x93 0x93 0x93 0x93 0x93 0xed 0x1 0xda 0x1 0xef 0x1 0xdb 0x1 0xf0 0x1 0xda 0x1 0xf0 0x1 0xdb 0x1 0x2a 0x0 0x3 0x7f 0x78 0x81 0x7e 0x4d 0x80 0x4f 0x80 0x6e 0x82 0xeb 0x7b 0x59 0x65 0x63 0x69 0xc2 0x38 0x46 0x5 0x29 0xe8 0x9a 0xec 0x0 0x0 0x0 0x0 0xff 0x6 0x0 0x80 0x0 0xa4 0xa4 0x0 0x0 0xac 0x5 0x0 0x0
1787980687304,0x1 0x8a 0xd 0x4d 0xa7 0x88 0x7e 0xd 0x0 0x0 0xd 0x2e 0x45 0x0 0xee 0xc 0x2b 0xd 0x73 0x39 0x56 0x5 0x9c 0x2 0x0 0x28 0x65 0x1 0x0 0x17 0x0 0x9f 0x0 0x77 0x0 0x9e 0x0 0x9b 0x9b 0x9b 0x9b 0x9b 0x9b 0xf0 0x1 0xd5 0x1 0xf2 0x1 0xd8 0x1 0xf0 0x1 0xd6 0x1 0xf0 0x1 0xd5 0x1 0x2a 0x0 0x3 0x80 0x77 0x81 0x7e 0x4d 0x80 0x4f 0x80 0x6e 0x82 0xeb 0x7b 0x59 0x65 0x64 0x69 0xc2 0x37 0x46 0x5 0x29 0xe8 0x9a 0xec 0x0 0x0 0x0 0x0 0xff 0x6 0x0 0x80 0x0 0xa4 0xa4 0x0 0x0 0xb9 0x5 0x0 0x0
1787980687528,0x1 0x89 0xd 0x4d 0xa7 0x88 0x7e 0xd 0x0 0x0 0xd 0x30 0x47 0x0 0x84 0xd 0x4f 0xd 0x73 0x39 0x41 0x5 0x9c 0x2 0x0 0x28 0x65 0x1 0x0 0x39 0x0 0x97 0x0 0x74 0x0 0x9d 0x0 0x9f 0x9f 0x9f 0x9f 0x9f 0x9f 0xf4 0x1 0xd7 0x1 0xf6 0x1 0xd6 0x1 0xf7 0x1 0xd6 0x1 0xf7 0x1 0xd6 0x1 0x2a 0x0 0x3 0x82 0x75 0x81 0x7e 0x4d 0x80 0x4f 0x80 0x6e 0x82 0xeb 0x7b 0x59 0x65 0x64 0x69 0xc2 0x37 0x46 0x5 0x29 0xe8 0x9a 0xec 0x0 0x0 0x0 0x0 0xff 0x7 0x0 0x80 0x0 0xa4 0xa4 0x0 0x0 0xcb 0x5 0x0 0x0
1787980687754,0x1 0x8b 0xd 0x4d 0xa7 0x87 0x7f 0xd 0x0 0x0 0xd 0x2f 0x45 0x0 0x40 0xd 0x60 0xd 0x73 0x39 0x35 0x5 0x9c 0x2 0x0 0x28 0x65 0x1 0x0 0x95 0x0 0x82 0x0 0x72 0x0 0x9b 0x0 0x9f 0x9f 0x9f 0x9f 0x9f 0x9f 0xee 0x1 0xd7 0x1 0xec 0x1 0xd6 0x1 0xed 0x1 0xd6 0x1 0xec 0x1 0xd6 0x1 0x2a 0x0 0x3 0x7b 0x73 0x7d 0x7e 0x4d 0x80 0x4f 0x80 0x6e 0x82 0xeb 0x7b 0x59 0x65 0x64 0x6a 0xc2 0x35 0x46 0x5 0x29 0xe8 0x9a 0xec 0x0 0x0 0x0 0x0 0xff 0x7 0x0 0x80 0x0 0xa4 0xa4 0x0 0x0 0xac 0x5 0x0 0x0
1787980687994,0x1 0x8c 0xd 0x4d 0xa7 0x87 0x7f 0xd 0x0 0x0 0xd 0x30 0x46 0x0 0x9e 0xd 0x73 0xd 0x73 0x39 0x24 0x5 0x9c 0x2 0x0 0x28 0x65 0x1 0x0 0xa8 0x0 0x5b 0x0 0x71 0x0 0x9a 0x0 0x9e 0x9e 0x9e 0x9e 0x9e 0x9e 0xec 0x1 0xd6 0x1 0xec 0x1 0xd5 0x1 0xee 0x1 0xd7 0x1 0xee 0x1 0xd6 0x1 0x2a 0x0 0x3 0x79 0x72 0x7d 0x7e 0x4d 0x80 0x4f 0x80 0x6e 0x82 0xeb 0x7b 0x59 0x65 0x64 0x6a 0xc2 0x35 0x46 0x5 0x29 0xe8 0x9a 0xec 0x0 0x0 0x0 0x0 0xff 0x7 0x0 0x80 0x0 0xa4 0xa4 0x0 0x0 0x9f 0x5 0x0 0x0
1787980688217,0x1 0x89 0xd 0x4d 0xa7 0x87 0x7f 0xd 0x0 0x0 0xd 0x30 0x47 0x0 0xe0 0xd 0x98 0xd 0x73 0x38 0x1e 0x5 0x9c 0x2 0x0 0x28 0x65 0x1 0x0 0xa5 0x0 0x38 0x0 0x6f 0x0 0x99 0x0 0x9e 0x9e 0x9e 0x9e 0x9e 0x9e 0xed 0x1 0xe6 0x1 0xef 0x1 0xe4 0x1 0xed 0x1 0xe4 0x1 0xef 0x1 0xe7 0x1 0x2b 0x0 0x3 0x77 0x79 0x7d 0x7b 0x4d 0x80 0x4f 0x80 0x6e 0x82 0xeb 0x7b 0x59 0x65 0x64 0x6a 0xc2 0x35 0x46 0x5 0x29 0xe8 0x9a 0xec 0x0 0x0 0x0 0x0 0xff 0x8 0x0 0x80 0x0 0xa4 0xa4 0x0 0x0 0xcb 0x5 0x0 0x0
1787980688442,0x1 0x8a 0xd 0x4d 0xa7 0x87 0x7f 0xd 0x0 0x0 0xd 0x2f 0x45 0x0 0x81 0xd 0x94 0xd 0x73 0x38 0x1c 0x5 0x9c 0x2 0x0 0x28 0x65 0x1 0x0 0x96 0x0 0x20 0x0 0x6e 0x0 0x98 0x0 0x9e 0x9e 0x9e 0x9e 0x9e 0x9e 0xee 0x1 0xea 0x1 0xec 0x1 0xe9 0x1 0xeb 0x1 0xea 0x1 0xeb 0x1 0xea 0x1 0x2b 0x0 0x3 0x76 0x7b 0x7d 0x7b 0x4d 0x80 0x4f 0x80 0x6e 0x82 0xeb 0x7b 0x59 0x65 0x65 0x6a 0xc2 0x34 0x46 0x5 0x29 0xe8 0x9a 0xec 0x0 0x0 0x0 0x0 0xff 0x8 0x0 0x80 0x0 0xa4 0xa4 0x0 0x0 0xb9 0x5 0x0 0x0
1787980688666,0x1 0x8b 0xd 0x4d 0xa7 0x87 0x7f 0xd 0x0 0x0 0xd 0x2d 0x43 0x0 0x13 0xd 0x93 0xd 0x73 0x38 0x20 0x5 0x9c 0x2 0x0 0x28 0x65 0x1 0x0 0x3c 0x0 0x1b 0x0 0x6c 0x0 0x96 0x0 0x9e 0x9e 0x9e 0x9e 0x9e 0x9e 0xf7 0x1 0xeb 0x1 0xea 0x1 0xeb 0x1 0xea 0x1 0xec 0x1 0xf6 0x1 0xeb 0x1 0x2a 0x0 0x3 0x7c 0x7c 0x7c 0x7b 0x4d 0x80 0x4f 0x80 0x6e 0x82 0xeb 0x7b 0x59 0x65 0x65 0x6a 0xc2 0x35 0x46 0x5 0x29 0xe8 0x9a 0xec 0x0 0x0 0x0 0x0 0xff 0x9 0x0 0x80 0x0 0xa4 0xa4 0x0 0x0 0xac 0x5 0x0 0x0
1787980688890,0x1 0x8a 0xd 0x4d 0xa7 0x87 0x7f 0xd 0x0 0x0 0xd 0x2f 0x46 0x0 0xb3 0xd 0x98 0xd 0x73 0x37 0x1c 0x5 0x9c 0x2 0x0 0x28 0x65 0x1 0x0 0x19 0x0 0x1d 0x0 0x6b 0x0 0x95 0x0 0x9e 0x9e 0x9e 0x9e 0x9e 0x9e 0xf7 0x1 0xef 0x1 0xf8 0x1 0xee 0x1 0xfa 0x1 0xed 0x1 0xfa 0x1 0xef 0x1 0x2b 0x0 0x3 0x7e 0x7e 0x7c 0x7b 0x4d 0x80 0x4f 0x80 0x6e 0x82 0xeb 0x7b 0x59 0x65 0x65 0x6b 0xc2 0x34 0x46 0x5 0x29 0xe8 0x9a 0xec 0x0 0x0 0x0 0x0 0xff 0x9 0x0 0x80 0x0 0xa4 0xa4 0x0 0x0 0xb9 0x5 0x0 0x0
1787980689114,0x1 0x88 0xd 0x4d 0xa7 0x87 0x7f 0xd 0x0 0x0 0xd 0x2e 0x45 0x0 0x9e 0xd 0x91 0xd 0x73 0x37 0x11 0x5 0x9c 0x2 0x0 0x28 0x65 0x1 0x0 0x15 0x0 0x48 0x0 0x69 0x0 0x93 0x0 0x9d 0x9d 0x9d 0x9d 0x9d 0x9d 0xfb 0x1 0xf2 0x1 0xfa 0x1 0xf0 0x1 0xfa 0x1 0xf1 0x1 0xfc 0x1 0xf2 0x1 0x2b 0x0 0x3 0x80 0x7f 0x7c 0x7b 0x4d 0x80 0x4f 0x80 0x6e 0x82 0xeb 0x7b 0x58 0x63 0x65 0x6b 0xc2 0x34 0x46 0x5 0x29 0xe8 0x9a 0xec 0x0 0x0 0x0 0x0 0xff 0x9 0x0 0x80 0x0 0xa4 0xa4 0x0 0x0 0xdd 0x5 0x0 0x0
1787980689336,0x1 0x89 0xd 0x4d 0xa7 0x87 0x7f 0xd 0x0 0x0 0xd 0x2e 0x44 0x0 0x7f 0xd 0x97 0xd 0x73 0x36 0xa 0x5 0x9c 0x2 0x0 0x28 0x65 0x1 0x0 0x16 0x0 0x98 0x0 0x68 0x0 0x93 0x0 0x9e 0x9e 0x9e 0x9e 0x9e 0x9e 0xff 0x1 0xf4 0x1 0xff 0x1 0xf3 0x1 0xff 0x1 0xf4 0x1 0xfe 0x1 0xf3 0x1 0x2b 0x0 0x3 0x81 0x80 0x7c 0x7b 0x4d 0x80 0x4f 0x80 0x6e 0x82 0xeb 0x7b 0x58 0x63 0x66 0x6b 0xc2 0x34 0x46 0x5 0x29 0xe8 0x9a 0xec 0x0 0x0 0x0 0x0 0xff 0x9 0x0 0x80 0x0 0xa4 0xa4 0x0 0x0 0xcb 0x5 0x0 0x0
1787980689561,0x1 0x8b 0xd 0x4d 0xa7 0x87 0x7f 0xd 0x0 0x0 0xd 0x2e 0x45 0x0 0xac 0xd 0xa4 0xd 0x73 0x36 0xc 0x5 0x9c 0x2 0x0 0x28 0x65 0x1 0x0 0x35 0x0 0xa1 0x0 0x67 0x0 0x92 0x0 0x9d 0x9d 0x9d 0x9d 0x9d 0x9d 0x4 0x2 0xf4 0x1 0x1 0x2 0xe7 0x1 0x3 0x2 0xe7 0x1 0x4 0x2 0xe7 0x1 0x2b 0x0 0x3 0x83 0x78 0x7c 0x79 0x4d 0x80 0x4f 0x80 0x6e 0x82 0xeb 0x7b 0x58 0x63 0x66 0x6b 0xc2 0x34 0x46 0x5 0x29 0xe8 0x9a 0xec 0x0 0x0 0x0 0x0 0xff 0xa 0x0 0x80 0x0 0xa4 0xa4 0x0 0x0 0xac 0x5 0x0 0x0
1787980689784,0x1 0x8a 0xd 0x4d 0xa7 0x87 0x7f 0xd 0x0 0x0 0xd 0x2d 0x44 0x0 0xbb 0xd 0xbb 0xd 0x73 0x35 0xf4 0x4 0x9c 0x2 0x0 0x28 0x65 0x1 0x0 0x86 0x0 0xa0 0x0 0x67 0x0 0x92 0x0 0x9c 0x9c 0x9c 0x9c 0x9c 0x9c 0xfd 0x1 0xe8 0x1 0xfc 0x1 0xe8 0x1 0x9 0x2 0xe8 0x1 0xfc 0x1 0xe7 0x1 0x2b 0x0 0x3 0x7c 0x77 0x7c 0x79 0x4d 0x80 0x4f 0x80 0x6e 0x82 0xeb 0x7b 0x58 0x63 0x66 0x6c 0xc2 0x33 0x46 0x5 0x29 0xe8 0x9a 0xec 0x0 0x0 0x0 0x0 0xff 0xa 0x0 0x80 0x0 0xa4 0xa4 0x0 0x0 0xb9 0x5 0x0 0x0
1787980690008,0x1 0x89 0xd 0x4d 0xa7 0x87 0x7f 0xd 0x0 0x0 0xd 0x2f 0x45 0x0 0x5 0xe 0xd4 0xd 0x73 0x35 0xec 0x4 0x9c 0x2 0x0 0x28 0x65 0x1 0x0 0xa8 0x0 0x8f 0x0 0x66 0x0 0x91 0x0 0x9c 0x9c 0x9c 0x9c 0x9c 0x9c 0xfc 0x1 0xe9 0x1 0xfc 0x1 0xe9 0x1 0xfc 0x1 0xe9 0x1 0xfc 0x1 0xe7 0x1 0x2b 0x0 0x3 0x7b 0x75 0x7c 0x79 0x4d 0x80 0x4f 0x80 0x6e 0x82 0xeb 0x7b 0x58 0x63 0x66 0x6c 0xc2 0x33 0x46 0x5 0x29 0xe8 0x9a 0xec 0x0 0x0 0x0 0x0 0xff 0xa 0x0 0x80 0x0 0xa4 0xa4 0x0 0x0 0xcb 0x5 0x0 0x0
1787980690233,0x1 0x8a 0xd 0x4d 0xa7 0x87 0x7f 0xd 0x0 0x0 0xd 0x2d 0x44 0x0 0xf6 0xd 0xd 0xe 0x73 0x34 0xdf 0x4 0x9c 0x2 0x0 0x28 0x65 0x1 0x0 0xa6 0x0 0x35 0x0 0x66 0x0 0x91 0x0 0x9d 0x9d 0x9d 0x9d 0x9d 0x9d 0x0 0x2 0xeb 0x1 0x0 0x2 0xeb 0x1 0x1 0x2 0xf9 0x1 0x0 0x2 0xfa 0x1 0x2b 0x0 0x3 0x79 0x7b 0x7c 0x7a 0x4d 0x80 0x4f 0x80 0x6e 0x82 0xeb 0x7b 0x59 0x65 0x66 0x6c 0xc2 0x32 0x46 0x5 0x29 0xe8 0x9a 0xec 0x0 0x0 0x0 0x0 0xff 0xa 0x0 0x80 0x0 0xa4 0xa4 0x0 0x0 0xb9 0x5 0x0 0x0
1787980690457,0x1 0x8b 0xd 0x4d 0xa7 0x87 0x7f 0xd 0x0 0x0 0xd 0x2d 0x42 0x0 0xbf 0xd 0xf7 0xd 0x73 0x33 0xcd 0x4 0x9c 0x2 0x0 0x28 0x65 0x1 0x0 0x9f 0x0 0x17 0x0 0x65 0x0 0x8e 0x0 0x9c 0x9c 0x9c 0x9c 0x9c 0x9c 0xfc 0x1 0xfa 0x1 0xfa 0x1 0xf9 0x1 0xfc 0x1 0xfb 0x1 0xfa 0x1 0xfa 0x1 0x2b 0x0 0x3 0x77 0x7d 0x7c 0x7a 0x4d 0x80 0x4f 0x80 0x6e 0x82 0xeb 0x7b 0x59 0x65 0x67 0x6c 0xc2 0x32 0x46 0x5 0x29 0xe8 0x9a 0xec 0x0 0x0 0x0 0x0 0xff 0xa 0x0 0x80 0x0 0xa4 0xa4 0x0 0x0 0xac 0x5 0x0 0x0
1787980690680,0x1 0x8b 0xd 0x4c 0xa7 0x86 0x7f 0xd 0x0 0x0 0xd 0x2e 0x44 0x0 0x57 0xe 0x12 0xe 0x73 0x32 0xbe 0x4 0x9c 0x2 0x0 0x28 0x65 0x1 0x0 0x8c 0x0 0x12 0x0 0x65 0x0 0x8c 0x0 0x9c 0x9c 0x9c 0x9c 0x9c 0x9c 0xfc 0x1 0x0 0x2 0xfb 0x1 0x0 0x2 0xfb 0x1 0xfe 0x1 0xfb 0x1 0x1 0x2 0x2c 0x0 0x3 0x76 0x7f 0x7c 0x7a 0x4d 0x80 0x4f 0x80 0x6e 0x82 0xeb 0x7b 0x59 0x65 0x67 0x6c 0xc2 0x32 0x46 0x5 0x29 0xe8 0x9a 0xec 0x0 0x0 0x0 0x0 0xff 0xb 0x0 0x80 0x0 0xa4 0xa4 0x0 0x0 0xac 0x5 0x0 0x0
1787980690905,0x1 0x8a 0xd 0x4c 0xa7 0x86 0x7f 0xd 0x0 0x0 0xd 0x2f 0x45 0x0 0xbb 0xe 0x42 0xe 0x73 0x32 0xaf 0x4 0x9c 0x2 0x0 0x28 0x65 0x1 0x0 0x28 0x0 0x15 0x0 0x64 0x0 0x8a 0x0 0x9b 0x9b 0x9b 0x9b 0x9b 0x9b 0xa 0x2 0x6 0x2 0xc 0x2 0x8 0x2 0xd 0x2 0x9 0x2 0xf 0x2 0x9 0x2 0x2c 0x0 0x3 0x7d 0x80 0x7d 0x7a 0x4d 0x80 0x4f 0x80 0x6e 0x82 0xeb 0x7b 0x59 0x65 0x67 0x6d 0xc2 0x31 0x46 0x5 0x29 0xe8 0x9a 0xec 0x0 0x0 0x0 0x0 0xff 0xa 0x0 0x80 0x0 0xa4 0xa4 0x0 0x0 0xb9 0x5 0x0 0x0
1787980691129,0x1 0x89 0xd 0x4c 0xa7 0x86 0x7f 0xd 0x0 0x0 0xd 0x2e 0x44 0x0 0x9e 0xe 0x69 0xe 0x73 0x31 0xa7 0x4 0x9c 0x2 0x0 0x28 0x65 0x1 0x0 0x13 0x0 0x4e 0x0 0x61 0x0 0x8b 0x0 0x9c 0x9c 0x9c 0x9c 0x9c 0x9c 0x15 0x2 0x12 0x2 0x14 0x2 0xf 0x2 0x15 0x2 0x11 0x2 0x17 0x2 0x12 0x2 0x2c 0x0 0x3 0x7f 0x82 0x7d 0x7a 0x4d 0x80 0x4f 0x80 0x6e 0x82 0xeb 0x7b 0x59 0x65 0x67 0x6d 0xc2 0x31 0x46 0x5 0x29 0xe8 0x9a 0xec 0x0 0x0 0x0 0x0 0xff 0xa 0x0 0x80 0x0 0xa4 0xa4 0x0 0x0 0xcb 0x5 0x0 0x0
1787980691352,0x1 0x8b 0xd 0x4c 0xa7 0x86 0x7f 0xd 0x0 0x0 0xd 0x2c 0x42 0x0 0x6e 0xe 0x90 0xe 0x73 0x30 0x93 0x4 0x9c 0x2 0x0 0x28 0x65 0x1 0x0 0x11 0x0 0x91 0x0 0x5d 0x0 0x8a 0x0 0x9d 0x9d 0x9d 0x9d 0x9d 0x9d 0x1d 0x2 0x17 0x2 0x1d 0x2 0x15 0x2 0x1b 0x2 0x17 0x2 0x1d 0x2 0x17 0x2 0x2d 0x0 0x3 0x80 0x83 0x7d 0x7a 0x4d 0x80 0x4f 0x80 0x6e 0x82 0xeb 0x7b 0x59 0x65 0x68 0x6d 0xc2 0x30 0x46 0x5 0x29 0xe8 0x9a 0xec 0x0 0x0 0x0 0x0 0xff 0xa 0x0 0x80 0x0 0xa4 0xa4 0x0 0x0 0xac 0x5 0x0 0x0
1787980691576,0x1 0x8b 0xd 0x4c 0xa7 0x86 0x7f 0xd 0x0 0x0 0xd 0x2d 0x42 0x0 0xb1 0xe 0x9c 0xe 0x73 0x2f 0x7e 0x4 0x9c 0x2 0x0 0x28 0x65 0x1 0x0 0x12 0x0 0xa3 0x0 0x5c 0x0 0x8a 0x0 0xb4 0xb4 0xb4 0xb4 0xb4 0xb4 0x21 0x2 0xa 0x2 0x21 0x2 0x9 0x2 0x20 0x2 0x17 0x2 0x21 0x2 0x9 0x2 0x2d 0x0 0x3 0x82 0x7b 0x7d 0x7b 0x4d 0x80 0x4f 0x80 0x6e 0x82 0xeb 0x7b 0x59 0x65 0x68 0x6d 0x8c 0x29 0x10 0xfe 0x29 0xe8 0x9a 0xec 0x0 0x0 0x0 0x0 0xff 0xa 0x0 0x80 0x0 0xa4 0xa4 0x0 0x4 0xac 0x5 0x0 0x0
1787980691799,0x1 0x89 0xd 0x4d 0xa7 0x86 0x7f 0xd 0x0 0x0 0xd 0x29 0x3c 0x0 0x57 0xe 0x8a 0xe 0x73 0x2e 0x2f 0x4 0x9c 0x2 0x0 0x28 0x65 0x1 0x0 0x15 0x0 0xa4 0x0 0x5c 0x0 0x8a 0x0 0xb1 0xb1 0xb1 0xb1 0xb1 0xb1 0x22 0x2 0x7 0x2 0x24 0x2 0x7 0x2 0x22 0x2 0x7 0x2 0x23 0x2 0x7 0x2 0x2f 0x0 0x3 0x83 0x79 0x7d 0x7b 0x4d 0x80 0x4f 0x80 0x6e 0x82 0xeb 0x7b 0x59 0x65 0x68 0x6e 0xce 0x26 0x52 0xfe 0x29 0xe8 0x9a 0xec 0x0 0x0 0x0 0x0 0xff 0x9 0x0 0x80 0x0 0xa4 0xa4 0x0 0x4 0xcb 0x5 0x0 0x0
1787980692023,0x1 0x88 0xd 0x4d 0xa7 0x86 0x7f 0xd 0x0 0x0 0xd 0x28 0x3a 0x0 0x7c 0xe 0x89 0xe 0x73 0x2d 0x1 0x4 0x9c 0x2 0x0 0x28 0x65 0x3 0x0 0x1f 0x0 0x9f 0x0 0x5c 0x0 0x8a 0x0 0xb2 0xb2 0xb2 0xb2 0xb2 0xb2 0x28 0x2 0x7 0x2 0x26 0x2 0x5 0x2 0x26 0x2 0x8 0x2 0x26 0x2 0x5 0x2 0x30 0x0 0x3 0x85 0x78 0x7d 0x7b 0x4d 0x80 0x4f 0x80 0x6e 0x82 0xeb 0x7b 0x59 0x65 0x68 0x6e 0xe0 0x23 0x68 0xfc 0x29 0xe8 0x9a 0xec 0x0 0x0 0x0 0x0 0xff 0x8 0x0 0x80 0x0 0xa4 0xa4 0x0 0x4 0xdd 0x5 0x0 0x0
1787980692248,0x1 0x8a 0xd 0x4c 0xa7 0x86 0x7f 0xd 0x0 0x0 0xd 0x25 0x37 0x0 0x2e 0xe 0x79 0xe 0x73 0x2b 0xe1 0x3 0x9c 0x2 0x0 0x28 0x65 0x3 0x0 0x4c 0x0 0x75 0x0 0x5c 0x0 0x8a 0x0 0xb0 0xb0 0xb0 0xb0 0xb0 0xb0 0x2a 0x2 0x5 0x2 0x2b 0x2 0x4 0x2 0x28 0x2 0x5 0x2 0x2b 0x2 0x5 0x2 0x31 0x0 0x3 0x86 0x77 0x7d 0x7b 0x4d 0x80 0x4f 0x80 0x6e 0x82 0xeb 0x7b 0x5a 0x61 0x69 0x6e 0x60 0x23 0xe8 0xfc 0x29 0xe8 0x9a 0xec 0x0 0x0 0x0 0x0 0xff 0x7 0x0 0x80 0x0 0xa4 0xa4 0x0 0x4 0xb9 0x5 0x0 0x0
1787980692473,0x1 0x8b 0xd 0x4c 0xa7 0x86 0x7f 0xd 0x0 0x0 0xd 0x25 0x37 0x0 0x44 0xe 0x57 0xe 0x73 0x2a 0xdb 0x3 0x9c 0x2 0x0 0x28 0x65 0x3 0x0 0x93 0x0 0x25 0x0 0x5c 0x0 0x8a 0x0 0xb1 0xb1 0xb1 0xb1 0xb1 0xb1 0x1d 0x2 0x11 0x2 0x2a 0x2 0x12 0x2 0x1e 0x2 0x13 0x2 0x1c 0x2 0x11 0x2 0x31 0x0 0x3 0x7f 0x7f 0x7e 0x7d 0x4d 0x80 0x4f 0x80 0x6e 0x82 0xeb 0x7b 0x5a 0x61 0x69 0x6e 0x58 0x21 0xe0 0xfb 0x29 0xe8 0x9a 0xec 0x0 0x0 0x0 0x0 0xff 0x7 0x0 0x80 0x0 0xa4 0xa4 0x0 0x4 0xac 0x5 0x0 0x0
1787980692695,0x1 0x8b 0xd 0x4d 0xa7 0x86 0x7f 0xd 0x0 0x0 0xd 0x24 0x34 0x0 0x24 0xd 0xfb 0xd 0x73 0x28 0xf5 0x3 0x9c 0x2 0x0 0x28 0x65 0x3 0x0 0xad 0x0 0x19 0x0 0x5c 0x0 0x8a 0x0 0xb2 0xb2 0xb2 0xb2 0xb2 0xb2 0xb 0x2 0xc 0x2 0x11 0x2 0x8 0x2 0xf 0x2 0x8 0x2 0xb 0x2 0x6 0x2 0x31 0x0 0x3 0x7d 0x80 0x7e 0x7d 0x4d 0x80 0x4f 0x80 0x6e 0x82 0xeb 0x7b 0x5a 0x61 0x69 0x6e 0x58 0x22 0xe0 0xfb 0x29 0xe8 0x9a 0xec 0x0 0x0 0x0 0x0 0xff 0x8 0x0 0x80 0x0 0xa4 0xa4 0x0 0x4 0xac 0x5 0x0 0x0
1787980692919,0x1 0x89 0xd 0x4d 0xa7 0x86 0x7f 0xd 0x0 0x0 0xd 0x24 0x35 0x0 0x84 0xc 0x89 0xd 0x73 0x27 0x3c 0x4 0x9c 0x2 0x0 0x28 0x65 0x3 0x0 0xad 0x0 0x64 0x0 0x5d 0x0 0x8a 0x0 0xb4 0xb4 0xb4 0xb4 0xb4 0xb4 0xfb 0x1 0x1 0x2 0x2 0x2 0xfe 0x1 0xfe 0x1 0xfc 0x1 0xfb 0x1 0xfc 0x1 0x2f 0x0 0x3 0x7c 0x81 0x7e 0x7d 0x4d 0x80 0x4f 0x80 0x6e 0x82 0xeb 0x7b 0x5a 0x61 0x69 0x6f 0x48 0x22 0xd0 0xf9 0x29 0xe8 0x9a 0xec 0x0 0x0 0x0 0x0 0xff 0x9 0x0 0x80 0x0 0xa4 0xa4 0x0 0x4 0xcb 0x5 0x0 0x0
1787980693145,0x1 0x8a 0xd 0x4c 0xa7 0x86 0x7f 0xd 0x0 0x0 0xd 0x24 0x35 0x0 0x53 0xc 0xef 0xc 0x73 0x25 0x4d 0x4 0x9c 0x2 0x0 0x28 0x65 0x3 0x0 0xa6 0x0 0x9c 0x0 0x5e 0x0 0x8a 0x0 0xb4 0xb4 0xb4 0xb4 0xb4 0xb4 0xe8 0x1 0xf0 0x1 0xed 0x1 0xed 0x1 0xea 0x1 0xeb 0x1 0xe8 0x1 0xea 0x1 0x2e 0x0 0x3 0x7b 0x82 0x7e 0x7d 0x4d 0x80 0x4f 0x80 0x6e 0x82 0xeb 0x7b 0x5c 0x63 0x69 0x6f 0x48 0x23 0xd0 0xf9 0x29 0xe8 0x9a 0xec 0x0 0x0 0x0 0x0 0xff 0xa 0x0 0x80 0x0 0xa4 0xa4 0x0 0x4 0xb9 0x5 0x0 0x0
1787980693368,0x1 0x8b 0xd 0x4c 0xa7 0x86 0x7f 0xd 0x0 0x0 0xd 0x24 0x35 0x0 0x9f 0xc 0xbb 0xc 0x73 0x24 0x33 0x4 0x9c 0x2 0x0 0x28 0x65 0x1 0x0 0x76 0x0 0x70 0x0 0x5e 0x0 0x8a 0x0 0xb3 0xb3 0xb3 0xb3 0xb3 0xb3 0xe1 0x1 0xd9 0x1 0xe1 0x1 0xd7 0x1 0xe1 0x1 0xd7 0x1 0xe1 0x1 0xd7 0x1 0x2f 0x0 0x3 0x7a 0x79 0x7e 0x7c 0x4d 0x80 0x4f 0x80 0x6e 0x82 0xeb 0x7b 0x5c 0x63 0x6a 0x6f 0x50 0x23 0xd8 0xfa 0x29 0xe8 0x9a 0xec 0x0 0x0 0x0 0x0 0xff 0x9 0x0 0x80 0x0 0xa4 0xa4 0x0 0x4 0xac 0x5 0x0 0x0
1787980693593,0x1 0x8b 0xd 0x4c 0xa7 0x86 0x7f 0xd 0x0 0x0 0xd 0x25 0x36 0x0 0x37 0xd 0xe0 0xc 0x73 0x23 0x16 0x4 0x9c 0x2 0x0 0x28 0x65 0x1 0x0 0x20 0x0 0x26 0x0 0x5d 0x0 0x89 0x0 0xb2 0xb2 0xb2 0xb2 0xb2 0xb2 0xf3 0x1 0xe5 0x1 0xf1 0x1 0xe7 0x1 0xf2 0x1 0xe8 0x1 0xf3 0x1 0xe9 0x1 0x30 0x0 0x3 0x82 0x81 0x80 0x7d 0x4d 0x80 0x4f 0x80 0x6e 0x82 0xeb 0x7b 0x5c 0x63 0x6a 0x6f 0x58 0x23 0xe0 0xfb 0x29 0xe8 0x9a 0xec 0x0 0x0 0x0 0x0 0xff 0x8 0x0 0x80 0x0 0xa4 0xa4 0x0 0x4 0xac 0x5 0x0 0x0
1787980693815,0x1 0x89 0xd 0x4c 0xa7 0x86 0x7f 0xd 0x0 0x0 0xd 0x24 0x36 0x0 0xb3 0xd 0x20 0xd 0x73 0x22 0xf1 0x3 0x9c 0x2 0x0 0x28 0x65 0x1 0x0 0x10 0x0 0x12 0x0 0x57 0x0 0x83 0x0 0xb1 0xb1 0xb1 0xb1 0xb1 0xb1 0xfd 0x1 0xee 0x1 0xfa 0x1 0xf0 0x1 0xfb 0x1 0xf2 0x1 0xfd 0x1 0xf2 0x1 0x31 0x0 0x3 0x83 0x82 0x80 0x7d 0x4d 0x80 0x4f 0x80 0x6e 0x82 0xeb 0x7b 0x5c 0x63 0x6a 0x70 0x58 0x22 0xe0 0xfb 0x29 0xe8 0x9a 0xec 0x0 0x0 0x0 0x0 0xff 0x8 0x0 0x80 0x0 0xa4 0xa4 0x0 0x4 0xcb 0x5 0x0 0x0
1787980694039,0x1 0x8a 0xd 0x4c 0xa7 0x86 0x7f 0xd 0x0 0x0 0xd 0x24 0x35 0x0 0xcd 0xd 0x5f 0xd 0x73 0x20 0xd7 0x3 0x9c 0x2 0x0 0x28 0x65 0x1 0x0 0xf 0x0 0xd 0x0 0x32 0x0 0x6a 0x0 0xb1 0xb1 0xb1 0xb1 0xb1 0xb1 0x6 0x2 0xfc 0x1 0x8 0x2 0xfe 0x1 0xa 0x2 0xf9 0x1 0xa 0x2 0xff 0x1 0x31 0x0 0x3 0x85 0x84 0x80 0x7d 0x4d 0x80 0x4f 0x80 0x6e 0x82 0xeb 0x7b 0x5c 0x63 0x6a 0x70 0x58 0x21 0xe0 0xfb 0x29 0xe8 0x9a 0xec 0x0 0x0 0x0 0x0 0xff 0x7 0x0 0x80 0x0 0xa4 0xa4 0x0 0x4 0xb9 0x5 0x0 0x0
1787980694263,0x1 0x8a 0xd 0x4c 0xa7 0x86 0x7f 0xd 0x0 0x0 0xd 0x24 0x35 0x0 0x44 0xe 0x9b 0xd 0x73 0x1f 0xb7 0x3 0x9c 0x2 0x0 0x28 0x65 0x1 0x0 0x13 0x0 0xf 0x0 0x1c 0x0 0x51 0x0 0xaf 0xaf 0xaf 0xaf 0xaf 0xaf 0x15 0x2 0x9 0x2 0x15 0x2 0xd 0x2 0x19 0x2 0x9 0x2 0x19 0x2 0xe 0x2 0x32 0x0 0x3 0x86 0x85 0x80 0x7d 0x4d 0x80 0x4f 0x80 0x6e 0x82 0xeb 0x7b 0x5a 0x61 0x6b 0x70 0x60 0x21 0xe8 0xfc 0x29 0xe8 0x9a 0xec 0x0 0x0 0x0 0x0 0xff 0x8 0x0 0x80 0x0 0xa4 0xa4 0x0 0x4 0xb9 0x5 0x0 0x0
1787980694486,0x1 0x8a 0xd 0x4c 0xa7 0x86 0x7f 0xd 0x0 0x0 0xd 0x26 0x39 0x0 0x9b 0xf 0x4b 0xe 0x73 0x1f 0xa7 0x3 0x9c 0x2 0x0 0x28 0x65 0x1 0x0 0x59 0x0 0x4f 0x0 0x21 0x0 0x49 0x0 0xaf 0xaf 0xaf 0xaf 0xaf 0xaf 0x2c 0x2 0x26 0x2 0x35 0x2 0x19 0x2 0x26 0x2 0x1d 0x2 0x35 0x2 0x29 0x2 0x32 0x0 0x3 0x87 0x86 0x80 0x7d 0x4d 0x80 0x4f 0x80 0x6e 0x82 0xeb 0x7b 0x5a 0x61 0x6b 0x70 0x60 0x26 0xe8 0xfc 0x29 0xe8 0x9a 0xec 0x0 0x0 0x0 0x0 0xff 0x7 0x0 0x80 0x0 0xa4 0xa4 0x0 0x4 0xb9 0x5 0x0 0x0
1787980694712,0x1 0x89 0xd 0x4c 0xa7 0x86 0x7f 0xd 0x0 0x0 0xd 0x27 0x39 0x0 0x9 0x10 0xf3 0xe 0x73 0x1e 0x8e 0x3 0x9c 0x2 0x0 0x28 0x65 0x1 0x0 0x93 0x0 0x9c 0x0 0x23 0x0 0x4c 0x0 0xae 0xae 0xae 0xae 0xae 0xae 0x3f 0x2 0x36 0x2 0x35 0x2 0x3b 0x2 0x3c 0x2 0x41 0x2 0x3f 0x2 0x42 0x2 0x33 0x0 0x3 0x7f 0x87 0x81 0x7d 0x4d 0x80 0x4f 0x80 0x6e 0x82 0xeb 0x7b 0x5a 0x61 0x6b 0x70 0x68 0x26 0xf0 0xfd 0x29 0xe8 0x9a 0xec 0x0 0x0 0x0 0x0 0xff 0x7 0x0 0x80 0x0 0xa4 0xa4 0x0 0x4 0xcb 0x5 0x0 0x0
1787980694936,0x1 0x89 0xd 0x4c 0xa7 0x86 0x7f 0xd 0x0 0x0 0xd 0x26 0x39 0x0 0x37 0x10 0x5a 0xf 0x73 0x1d 0x84 0x3 0x9c 0x2 0x0 0x28 0x65 0x1 0x0 0x89 0x0 0xa2 0x0 0x24 0x0 0x4d 0x0 0xae 0xae 0xae 0xae 0xae 0xae 0x44 0x2 0x3c 0x2 0x47 0x2 0x40 0x2 0x4b 0x2 0x49 0x2 0x4b 0x2 0x42 0x2 0x33 0x0 0x3 0x7e 0x7f 0x81 0x80 0x4d 0x80 0x4f 0x80 0x6e 0x82 0xeb 0x7b 0x5a 0x61 0x6b 0x6f 0x68 0x26 0xf0 0xfd 0x29 0xe8 0x9a 0xec 0x0 0x0 0x0 0x0 0xff 0x7 0x0 0x80 0x0 0xa4 0xa4 0x0 0x4 0xcb 0x5 0x0 0x0
1787980695160,0x1 0x8b 0xd 0x4c 0xa7 0x86 0x7f 0xd 0x0 0x0 0xd 0x25 0x37 0x0 0xa5 0xf 0x9c 0xf 0x73 0x1c 0x84 0x3 0x9c 0x2 0x0 0x28 0x65 0x1 0x0 0x17 0x0 0x9e 0x0 0x26 0x0 0x4d 0x0 0xaf 0xaf 0xaf 0xaf 0xaf 0xaf 0x61 0x2 0x45 0x2 0x61 0x2 0x46 0x2 0x60 0x2 0x47 0x2 0x62 0x2 0x46 0x2 0x33 0x0 0x3 0x86 0x7d 0x82 0x80 0x4d 0x80 0x4f 0x80 0x6e 0x82 0xeb 0x7b 0x5a 0x61 0x6b 0x6f 0x68 0x26 0xf0 0xfd 0x29 0xe8 0x9a 0xec 0x0 0x0 0x0 0x0 0xff 0x7 0x0 0x80 0x0 0xa4 0xa4 0x0 0x4 0xac 0x5 0x0 0x0
1787980695384,0x1 0x8b 0xd 0x4c 0xa7 0x86 0x7f 0xd 0x0 0x0 0xd 0x26 0x38 0x0 0xce 0xf 0xbb 0xf 0x73 0x1c 0x8b 0x3 0x9c 0x2 0x0 0x28 0x65 0x1 0x0 0xf 0x0 0x9b 0x0 0xe 0x0 0x4e 0x0 0xaf 0xaf 0xaf 0xaf 0xaf 0xaf 0x67 0x2 0x44 0x2 0x63 0x2 0x45 0x2 0x67 0x2 0x47 0x2 0x67 0x2 0x44 0x2 0x33 0x0 0x3 0x87 0x7c 0x82 0x80 0x4d 0x80 0x4f 0x80 0x6e 0x82 0xeb 0x7b 0x5a 0x61 0x6c 0x6f 0x68 0x26 0xf0 0xfd 0x29 0xe8 0x9a 0xec 0x0 0x0 0x0 0x0 0xff 0x7 0x0 0x80 0x0 0xa4 0xa4 0x0 0x4 0xac 0x5 0x0 0x0
1787980695608,0x1 0x8b 0xd 0x4c 0xa7 0x86 0x7f 0xd 0x0 0x0 0xd 0x27 0x39 0x0 0x40 0x10 0xe6 0xf 0x73 0x1c 0x82 0x3 0x9c 0x2 0x0 0x28 0x65 0x1 0x0 0xf 0x0 0x6c 0x0 0x0 0x0 0x4f 0x0 0xae 0xae 0xae 0xae 0xae 0xae 0x6f 0x2 0x48 0x2 0x6f 0x2 0x49 0x2 0x73 0x2 0x4a 0x2 0x73 0x2 0x4a 0x2 0x33 0x0 0x3 0x89 0x7a 0x82 0x80 0x4d 0x80 0x4f 0x80 0x6e 0x82 0xeb 0x7b 0x5a 0x61 0x6c 0x6f 0x68 0x26 0xf0 0xfd 0x29 0xe8 0x9a 0xec 0x0 0x0 0x0 0x0 0xff 0x7 0x0 0x80 0x0 0xa4 0xa4 0x0 0x4 0xac 0x5 0x0 0x0
1787980695831,0x1 0x8a 0xd 0x4c 0xa7 0x86 0x7f 0xd 0x0 0x0 0xd 0x27 0x3a 0x0 0x5a 0x10 0xf2 0xf 0x73 0x1c 0x8c 0x3 0x9c 0x2 0x0 0x28 0x65 0x1 0x0 0x11 0x0 0x28 0x0 0x0 0x0 0x51 0x0 0xaf 0xaf 0xaf 0xaf 0xaf 0xaf 0x72 0x2 0x55 0x2 0x71 0x2 0x57 0x2 0x71 0x2 0x56 0x2 0x73 0x2 0x57 0x2 0x33 0x0 0x3 0x8a 0x82 0x82 0x80 0x4d 0x80 0x4f 0x80 0x6e 0x82 0xeb 0x7b 0x5a 0x61 0x6c 0x6e 0x68 0x26 0xf0 0xfd 0x29 0xe8 0x9a 0xec 0x0 0x0 0x0 0x0 0xff 0x7 0x0 0x80 0x0 0xa4 0xa4 0x0 0x4 0xb9 0x5 0x0 0x0
1787980696054,0x1 0x8b 0xd 0x4c 0xa7 0x86 0x7f 0x15 0x8 0x0 0xd 0x39 0x57 0x0 0x7a 0x18 0xb9 0x13 0x73 0x1c 0x8e 0x3 0x9c 0x2 0x0 0x28 0x65 0x3 0x0 0x18 0x0 0x1a 0x0 0x0 0x0 0x54 0x0 0xa5 0xa5 0xa5 0xa5 0xa5 0xa5 0x88 0x3 0x7e 0x3 0x77 0x2 0xb4 0x2 0x32 0x3 0x3b 0x3 0xa9 0x3 0x7e 0x3 0x32 0x0 0x3 0x8c 0x84 0x82 0x80 0x4d 0x80 0x4f 0x80 0x6e 0x82 0xeb 0x7b 0x5c 0x63 0x6c 0x6e 0x78 0x23 0x0 0x0 0x29 0xe8 0x9a 0xec 0x0 0x0 0x0 0x0 0xff 0xa 0x0 0x80 0x0 0xa4 0xa4 0x0 0x8 0xac 0x5 0x0 0x0
1787980696280,0x1 0x8c 0xd 0x4c 0xa7 0x86 0x7f 0x19 0xc 0x0 0xd 0x4b 0x7f 0x0 0x9c 0x1d 0xf8 0x1b 0x73 0x1b 0x4a 0x4 0x9c 0x2 0x0 0x28 0x65 0x3 0x0 0x33 0x0 0x2a 0x0 0x3 0x0 0x57 0x0 0x8d 0x8d 0x8d 0x8d 0x8d 0x8d 0xa8 0x4 0xfe 0x3 0x55 0x4 0x39 0x4 0x8a 0x4 0x65 0x4 0xa8 0x4 0x6e 0x4 0x2b 0x0 0x3 0x8e 0x86 0x82 0x80 0x4d 0x80 0x4f 0x80 0x6e 0x82 0xeb 0x7b 0x5c 0x63 0x6b 0x6e 0xb8 0x3d 0x0 0x0 0x29 0xe8 0x9a 0xec 0x0 0x0 0x0 0x0 0xf6 0x17 0x0 0x80 0x0 0xa4 0xa4 0x0 0x8 0x9f 0x5 0x0 0x0
1787980696504,0x1 0x8a 0xd 0x4c 0xa7 0x86 0x7f 0x19 0xc 0x0 0xd 0x4e 0x8a 0x0 0x1f 0x17 0x2d 0x18 0x73 0x1b 0xf8 0x5 0x9c 0x2 0x0 0x28 0x65 0x3 0x0 0xb5 0x0 0xb1 0x0 0x2a 0x0 0x72 0x0 0x6d 0x6d 0x6d 0x6d 0x6d 0x6d 0xea 0x3 0xc0 0x3 0xc5 0x3 0xa5 0x3 0xa 0x4 0xe7 0x3 0xb6 0x3 0xa5 0x3 0x25 0x0 0x3 0x85 0x86 0x86 0x80 0x4d 0x80 0x4f 0x80 0x6e 0x82 0xeb 0x7b 0x5c 0x63 0x6b 0x6e 0x78 0x3c 0x0 0x0 0x29 0xe8 0x9a 0xec 0x0 0x0 0x0 0x0 0xee 0x33 0x0 0x80 0x0 0xa4 0xa4 0x0 0x8 0xb9 0x5 0x0 0x0
1787980696728,0x1 0x89 0xd 0x4c 0xa7 0x85 0x80 0x1a 0xd 0x0 0xd 0x52 0x96 0x0 0x4c 0x19 0xaf 0x18 0x73 0x1b 0xee 0x5 0x9c 0x2 0x0 0x28 0x65 0x1 0x0 0xb6 0x0 0xb1 0x0 0x94 0x0 0xae 0x0 0x6b 0x6b 0x6b 0x6b 0x6b 0x6b 0xb3 0x3 0xb0 0x3 0xbf 0x3 0x91 0x3 0xab 0x3 0xa6 0x3 0xbf 0x3 0xb5 0x3 0x25 0x0 0x3 0x83 0x86 0x86 0x80 0x4d 0x80 0x4f 0x80 0x6e 0x82 0xeb 0x7b 0x5c 0x63 0x6b 0x6e 0x78 0x37 0x0 0x0 0x29 0xe8 0x9a 0xec 0x0 0x0 0x0 0x0 0xe7 0x37 0x0 0x80 0x0 0xa4 0xa4 0x0 0x8 0xcb 0x5 0x0 0x0
1787980696952,0x1 0x8b 0xd 0x4c 0xa7 0x85 0x80 0x22 0x15 0x0 0xd 0x5d 0xba 0x0 0x5e 0x1f 0xf5 0x1a 0x73 0x1b 0xee 0x5 0x9c 0x2 0x0 0x28 0x65 0x1 0x0 0xb2 0x0 0xae 0x0 0x90 0x0 0xad 0x0 0x6d 0x6d 0x6d 0x6d 0x6d 0x6d 0x3e 0x4 0x5c 0x4 0xae 0x4 0x8f 0x3 0xab 0x3 0x8b 0x3 0xae 0x4 0x84 0x4 0x24 0x0 0x3 0x80 0x7d 0x86 0x80 0x4d 0x80 0x4f 0x80 0x6e 0x82 0xeb 0x7b 0x5c 0x63 0x6b 0x6d 0x78 0x39 0x0 0x0 0x29 0xe8 0x9a 0xec 0x0 0x0 0x0 0x0 0xe8 0x3c 0x0 0x80 0x0 0xa4 0xa4 0x0 0x8 0xac 0x5 0x0 0x0
1787980697176,0x1 0x8b 0xd 0x4c 0xa7 0x85 0x80 0x27 0x19 0x0 0xd 0x6f 0x13 0x1 0x76 0x2a 0x9a 0x2a 0x73 0x1b 0x7a 0x6 0x9c 0x2 0x0 0x28 0x65 0x1 0x0 0xb1 0x0 0xab 0x0 0x8d 0x0 0xac 0x0 0x76 0x76 0x76 0x76 0x76 0x76 0x61 0x6 0x19 0x6 0x78 0x6 0x3b 0x6 0x72 0x6 0x31 0x6 0x55 0x6 0x19 0x6 0x20 0x0 0x3 0x7d 0x79 0x86 0x80 0x4d 0x80 0x4f 0x80 0x6e 0x82 0xeb 0x7b 0x5a 0x61 0x6b 0x6d 0x78 0x3c 0x0 0x0 0x29 0xe8 0x9a 0xec 0x0 0x0 0x0 0x0 0xd7 0x95 0x0 0x80 0x0 0xa4 0xa4 0x0 0x8 0xac 0x5 0x0 0x0
1787980697413,0x1 0x8a 0xd 0x4c 0xa7 0x85 0x80 0x28 0x1a 0x0 0xd 0x6f 0x17 0x1 0xe2 0x28 0x8f 0x28 0x73 0x1b 0xd3 0x6 0x9c 0x2 0x0 0x28 0x65 0x1 0x0 0xb4 0x0 0xad 0x0 0x8e 0x0 0xac 0x0 0x73 0x73 0x73 0x73 0x73 0x73 0xc2 0x5 0x83 0x5 0xba 0x5 0x85 0x5 0xd1 0x5 0x92 0x5 0xbb 0x5 0x85 0x5 0x20 0x0 0x3 0x78 0x75 0x86 0x80 0x4d 0x80 0x4f 0x80 0x6e 0x82 0xeb 0x7b 0x5a 0x61 0x6a 0x6d 0x78 0x41 0x0 0x0 0x29 0xe8 0x9a 0xec 0x0 0x0 0x0 0x0 0xcf 0x93 0x0 0x80 0x0 0xa4 0xa4 0x0 0x8 0xb9 0x5 0x0 0x0
1787980697638,0x1 0x89 0xd 0x4c 0xa7 0x85 0x80 0x28 0x1b 0x0 0xd 0x73 0x21 0x1 0x8a 0x29 0x8e 0x29 0x73 0x1b 0xf5 0x6 0x9c 0x2 0x0 0x28 0x65 0x1 0x0 0xa0 0x0 0x8d 0x0 0x87 0x0 0xa6 0x0 0x74 0x74 0x74 0x74 0x74 0x74 0xb0 0x5 0x77 0x5 0xaa 0x5 0x71 0x5 0xa7 0x5 0x6b 0x5 0xa2 0x5 0x6b 0x5 0x20 0x0 0x3 0x74 0x71 0x86 0x80 0x4d 0x80 0x4f 0x80 0x6e 0x82 0xeb 0x7b 0x5a 0x61 0x6a 0x6d 0x78 0x45 0x0 0x0 0x29 0xe8 0x9a 0xec 0x0 0x0 0x0 0x0 0xd0 0x9f 0x0 0x80 0x0 0xa4 0xa4 0x0 0x8 0xcb 0x5 0x0 0x0
1787980697862,0x1 0x8b 0xd 0x4c 0xa7 0x86 0x7f 0x29 0x1c 0x0 0xd 0x75 0x30 0x1 0xb 0x2b 0xe2 0x2a 0x73 0x1c 0x10 0x7 0x9c 0x2 0x0 0x28 0x65 0x1 0x0 0x26 0x0 0x11 0x0 0x79 0x0 0x8c 0x0 0x75 0x75 0x75 0x75 0x75 0x75 0xd0 0x5 0xad 0x5 0xcf 0x5 0xaa 0x5 0xcd 0x5 0xb0 0x5 0xcf 0x5 0xb0 0x5 0x1f 0x0 0x3 0x86 0x87 0x8c 0x88 0x4d 0x80 0x4f 0x80 0x6e 0x82 0xeb 0x7b 0x5a 0x61 0x6a 0x6c 0x78 0x4a 0x0 0x0 0x29 0xe8 0x9a 0xec 0x0 0x0 0x0 0x0 0xd2 0xaf 0x33 0x73 0x0 0xa4 0xa4 0x0 0x8 0xac 0x5 0x0 0x0
1787980698087,0x1 0x8b 0xd 0x4c 0xa7 0x86 0x7f 0x2a 0x1d 0x0 0xd 0x77 0x3c 0x1 0xcc 0x2b 0xe5 0x2b 0x73 0x1c 0x37 0x7 0x9c 0x2 0x0 0x28 0x65 0x1 0x0 0xd 0x0 0x9 0x0 0x1b 0x0 0x36 0x0 0x75 0x75 0x75 0x75 0x75 0x75 0xfe 0x5 0xe0 0x5 0x1 0x6 0xe3 0x5 0x2 0x6 0xdf 0x5 0x2 0x6 0xe3 0x5 0x1f 0x0 0x3 0x8a 0x8b 0x8c 0x88 0x4d 0x80 0x4f 0x80 0x6e 0x82 0xeb 0x7b 0x5c 0x63 0x6a 0x6c 0x78 0x4e 0x0 0x0 0x29 0xe8 0x9a 0xec 0x0 0x0 0x0 0x0 0xd3 0xaf 0x33 0x73 0x0 0xa4 0xa4 0x0 0x8 0xac 0x5 0x0 0x0
1787980698311,0x1 0x8a 0xd 0x4c 0xa7 0x86 0x7f 0x2b 0x1d 0x0 0xd 0x78 0x47 0x1 0x4b 0x2c 0xa5 0x2c 0x73 0x1d 0x62 0x7 0x9c 0x2 0x0 0x28 0x65 0x1 0x0 0xe 0x0 0xa 0x0 0x0 0x0 0x12 0x0 0x76 0x76 0x76 0x76 0x76 0x76 0x2f 0x6 0xf 0x6 0x21 0x6 0x5 0x6 0x27 0x6 0xb 0x6 0x2e 0x6 0xf 0x6 0x1e 0x0 0x3 0x8f 0x90 0x8c 0x88 0x4d 0x80 0x4f 0x80 0x6e 0x82 0xeb 0x7b 0x5c 0x63 0x69 0x6c 0x78 0x56 0x0 0x0 0x29 0xe8 0x9a 0xec 0x0 0x0 0x0 0x0 0xd3 0xaf 0x33 0x73 0x0 0xa4 0xa4 0x0 0x8 0xb9 0x5 0x0 0x0
1787980698535,0x1 0x8a 0xd 0x4c 0xa7 0x86 0x7f 0x2b 0x1e 0x0 0xd 0x7b 0x53 0x1 0xd4 0x2c 0x93 0x2c 0x73 0x1e 0x90 0x7 0x9c 0x2 0x0 0x28 0x65 0x1 0x0 0xe 0x0 0xb 0x0 0x0 0x0 0xa 0x0 0x75 0x75 0x75 0x75 0x75 0x75 0x37 0x6 0x1a 0x6 0x3b 0x6 0x1c 0x6 0x3c 0x6 0x22 0x6 0x41 0x6 0x22 0x6 0x1d 0x0 0x3 0x94 0x95 0x8c 0x88 0x4d 0x80 0x4f 0x80 0x6e 0x82 0xeb 0x7b 0x5c 0x63 0x69 0x6c 0x78 0x5b 0x0 0x0 0x29 0xe8 0x9a 0xec 0x0 0x0 0x0 0x0 0xd4 0xaf 0x33 0x73 0x0 0xa4 0xa4 0x0 0x8 0xb9 0x5 0x0 0x0
1787980698757,0x1 0x8b 0xd 0x4c 0xa7 0x87 0x7f 0x2c 0x1f 0x0 0xd 0x7a 0x5a 0x1 0xd3 0x2c 0x6 0x2d 0x73 0x1e 0xb8 0x7 0x9c 0x2 0x0 0x28 0x65 0x1 0x0 0x10 0x0 0xd 0x0 0x0 0x0 0xa 0x0 0x75 0x75 0x75 0x75 0x75 0x75 0x66 0x6 0x49 0x6 0x67 0x6 0x4a 0x6 0x69 0x6 0x49 0x6 0x67 0x6 0x49 0x6 0x1d 0x0 0x3 0x99 0x9a 0x8c 0x88 0x4d 0x80 0x4f 0x80 0x6e 0x82 0xeb 0x7b 0x5c 0x63 0x69 0x6b 0x78 0x5f 0x0 0x0 0x29 0xe8 0x9a 0xec 0x0 0x0 0x0 0x0 0xd5 0xaf 0x33 0x73 0x0 0xa4 0xa4 0x0 0x8 0xac 0x5 0x0 0x0
1787980698983,0x1 0x8b 0xd 0x4c 0xa7 0x87 0x7f 0x2c 0x1f 0x0 0xd 0x7e 0x65 0x1 0x67 0x2d 0x79 0x2d 0x73 0x1f 0xdd 0x7 0x9c 0x2 0x0 0x28 0x65 0x1 0x0 0x16 0x0 0x22 0x0 0x0 0x0 0xd 0x0 0x75 0x75 0x75 0x75 0x75 0x75 0x90 0x6 0x70 0x6 0x8e 0x6 0x6f 0x6 0x8f 0x6 0x6f 0x6 0x90 0x6 0x70 0x6 0x1d 0x0 0x3 0x9f 0xa0 0x8c 0x88 0x4d 0x80 0x4f 0x80 0x6e 0x82 0xeb 0x7b 0x5c 0x63 0x69 0x6b 0x78 0x63 0x0 0x0 0x29 0xe8 0x9a 0xec 0x0 0x0 0x0 0x0 0xd7 0xaf 0x33 0x73 0x0 0xa4 0xa4 0x0 0x8 0xac 0x5 0x0 0x0
1787980699205,0x1 0x8b 0xd 0x4c 0xa7 0x88 0x7e 0x2c 0x1f 0x0 0xd 0x7e 0x65 0x1 0x6e 0x2c 0x41 0x2d 0x73 0x20 0x9 0x8 0x9c 0x2 0x0 0x28 0x65 0x1 0x0 0x72 0x0 0x90 0x0 0x0 0x0 0x12 0x0 0x75 0x75 0x75 0x75 0x75 0x75 0xa1 0x6 0x7d 0x6 0xa2 0x6 0x7a 0x6 0xa7 0x6 0x76 0x6 0xa2 0x6 0x76 0x6 0x1d 0x0 0x3 0xa4 0xa3 0x8c 0x88 0x4d 0x80 0x4f 0x80 0x6e 0x82 0xeb 0x7b 0x5c 0x63 0x69 0x6b 0x78 0x6c 0x0 0x0 0x29 0xe8 0x9a 0xec 0x0 0x0 0x0 0x0 0xd7 0xaf 0x33 0x73 0x0 0xa4 0xa4 0x0 0x8 0xac 0x5 0x0 0x0
1787980699431,0x1 0x8a 0xd 0x4c 0xa7 0x88 0x7e 0x21 0x14 0x0 0xd 0x67 0xf1 0x0 0xd1 0x1e 0x1d 0x21 0x73 0x21 0xd2 0x7 0x9c 0x2 0x0 0x28 0x65 0x1 0x0 0xb1 0x0 0xaf 0x0 0x53 0x0 0x57 0x0 0x6c 0x6c 0x6c 0x6c 0x6c 0x6c 0xd3 0x4 0xd4 0x4 0xc3 0x4 0xc2 0x4 0xb1 0x4 0xea 0x4 0xb1 0x4 0xbc 0x4 0x20 0x0 0x3 0x9a 0xa3 0x91 0x88 0x4d 0x80 0x4f 0x80 0x6e 0x82 0xeb 0x7b 0x5c 0x63 0x68 0x6b 0x78 0x67 0x0 0x0 0x29 0xe8 0x9a 0xec 0x0 0x0 0x0 0x0 0xe1 0x9d 0x33 0x73 0x0 0xa4 0xa4 0x0 0x8 0xb9 0x5 0x0 0x0
1787980699655,0x1 0x8b 0xd 0x4c 0xa7 0x89 0x7d 0x1f 0x12 0x0 0xd 0x66 0xe5 0x0 0x8 0x1e 0x7c 0x1e 0x73 0x21 0xa0 0x7 0x9c 0x2 0x0 0x28 0x65 0x1 0x0 0xa0 0x0 0xaf 0x0 0x86 0x0 0xaa 0x0 0x6a 0x6a 0x6a 0x6a 0x6a 0x6a 0x53 0x4 0x3f 0x4 0x4b 0x4 0x4a 0x4 0x54 0x4 0x44 0x4 0x4b 0x4 0x3d 0x4 0x21 0x0 0x3 0x96 0x99 0x91 0x90 0x4d 0x80 0x4f 0x80 0x6e 0x82 0xeb 0x7b 0x5c 0x63 0x68 0x6b 0xf8 0x5b 0x0 0x0 0x29 0xe8 0x9a 0xec 0x0 0x0 0x0 0x0 0xeb 0x75 0x33 0x73 0x0 0xa4 0xa4 0x0 0x8 0xac 0x5 0x0 0x0
1787980699877,0x1 0x8b 0xd 0x4c 0xa7 0x89 0x7d 0x13 0x6 0x0 0xd 0x47 0x79 0x0 0x5b 0x10 0x26 0x14 0x73 0x22 0x66 0x7 0x9c 0x2 0x0 0x28 0x65 0x1 0x0 0xae 0x0 0xb2 0x0 0x89 0x0 0xad 0x0 0x62 0x62 0x62 0x62 0x62 0x62 0xd4 0x2 0x22 0x3 0x1a 0x3 0xfc 0x2 0xf5 0x2 0xdb 0x2 0xd4 0x2 0xca 0x2 0x25 0x0 0x3 0x93 0x95 0x91 0x90 0x4d 0x80 0x4f 0x80 0x6e 0x82 0xeb 0x7b 0x5c 0x63 0x68 0x6a 0xf8 0x4e 0x0 0x0 0x29 0xe8 0x9a 0xec 0x0 0x0 0x0 0x0 0xf3 0x54 0x33 0x73 0x0 0xa4 0xa4 0x0 0x8 0xac 0x5 0x0 0x0
1787980700102,0x1 0x8a 0xd 0x4c 0xa7 0x89 0x7d 0x12 0x6 0x0 0xd 0x41 0x6b 0x0 0xe3 0xe 0x10 0xf 0x73 0x22 0x30 0x7 0x9c 0x2 0x0 0x28 0x65 0x1 0x0 0xb5 0x0 0xb3 0x0 0x8f 0x0 0xb1 0x0 0x5f 0x5f 0x5f 0x5f 0x5f 0x5f 0x1f 0x2 0x1a 0x2 0x22 0x2 0x19 0x2 0x22 0x2 0x19 0x2 0x20 0x2 0x19 0x2 0x27 0x0 0x3 0x90 0x92 0x91 0x90 0x4d 0x80 0x4f 0x80 0x6e 0x82 0xeb 0x7b 0x58 0x5f 0x68 0x6a 0x78 0x43 0x0 0x0 0x29 0xe8 0x9a 0xec 0x0 0x0 0x0 0x0 0xfb 0x2f 0x33 0x73 0x0 0xa4 0xa4 0x0 0x8 0xb9 0x5 0x0 0x0
1787980700327,0x1 0x89 0xd 0x4c 0xa7 0x89 0x7d 0xd 0x1 0x0 0xd 0x35 0x50 0x0 0x67 0xb 0x1d 0xc 0x73 0x21 0x4 0x7 0x9c 0x2 0x0 0x28 0x65 0x1 0x0 0xaf 0x0 0xae 0x0 0x8e 0x0 0xb0 0x0 0x68 0x68 0x68 0x68 0x68 0x68 0xcd 0x1 0xc4 0x1 0xc6 0x1 0xbd 0x1 0xc3 0x1 0xbb 0x1 0xc1 0x1 0xbb 0x1 0x27 0x0 0x3 0x8e 0x90 0x91 0x90 0x4d 0x80 0x4f 0x80 0x6e 0x82 0xeb 0x7b 0x58 0x5f 0x69 0x6a 0x78 0x3d 0x0 0x0 0x29 0xe8 0x9a 0xec 0x0 0x0 0x0 0x0 0xff 0x2e 0x33 0x73 0x0 0xa4 0xa4 0x0 0x0 0xcb 0x5 0x0 0x0
1787980700550,0x1 0x8b 0xd 0x4c 0xa7 0x89 0x7d 0xd 0x1 0x0 0xd 0x33 0x4c 0x0 0x44 0xb 0x5a 0xb 0x73 0x21 0xbf 0x6 0x9c 0x2 0x0 0x28 0x65 0x1 0x0 0xac 0x0 0xac 0x0 0x8d 0x0 0xaf 0x0 0x75 0x75 0x75 0x75 0x75 0x75 0xaa 0x1 0xa5 0x1 0xad 0x1 0xa8 0x1 0xac 0x1 0xa6 0x1 0xaa 0x1 0xa5 0x1 0x28 0x0 0x3 0x8b 0x8e 0x91 0x90 0x4d 0x80 0x4f 0x80 0x6e 0x82 0xeb 0x7b 0x58 0x5f 0x69 0x6a 0x78 0x3d 0x0 0x0 0x29 0xe8 0x9a 0xec 0x0 0x0 0x0 0x0 0xff 0x2d 0x33 0x73 0x0 0xa4 0xa4 0x0 0x0 0xac 0x5 0x0 0x0
1787980700773,0x1 0x8b 0xd 0x4c 0xa7 0x89 0x7d 0xd 0x0 0x0 0xd 0x31 0x49 0x0 0xf9 0xa 0x37 0xb 0x73 0x21 0xa7 0x6 0x9c 0x2 0x0 0x28 0x65 0x1 0x0 0xa7 0x0 0xab 0x0 0x8b 0x0 0xaf 0x0 0x81 0x81 0x81 0x81 0x81 0x81 0xa6 0x1 0xa0 0x1 0xa5 0x1 0xa3 0x1 0xa7 0x1 0xa3 0x1 0xa5 0x1 0xa0 0x1 0x28 0x0 0x3 0x89 0x8c 0x91 0x90 0x4d 0x80 0x4f 0x80 0x6e 0x82 0xeb 0x7b 0x58 0x5f 0x69 0x6b 0x78 0x3d 0x0 0x0 0x29 0xe8 0x9a 0xec 0x0 0x0 0x0 0x0 0xff 0x2d 0x33 0x73 0x0 0xa4 0xa4 0x0 0x0 0xac 0x5 0x0 0x0
1787980700997,0x1 0x8b 0xd 0x4c 0xa7 0x89 0x7d 0xd 0x0 0x0 0xd 0x33 0x4d 0x0 0xe4 0xb 0x4f 0xb 0x73 0x21 0x7a 0x6 0x9c 0x2 0x0 0x28 0x65 0x1 0x0 0xa4 0x0 0xaa 0x0 0x89 0x0 0xaf 0x0 0x8c 0x8c 0x8c 0x8c 0x8c 0x8c 0xa3 0x1 0x9f 0x1 0xa5 0x1 0xa1 0x1 0xa3 0x1 0x9f 0x1 0xa6 0x1 0xa1 0x1 0x28 0x0 0x3 0x87 0x8a 0x91 0x90 0x4d 0x80 0x4f 0x80 0x6e 0x82 0xeb 0x7b 0x58 0x5f 0x69 0x6b 0x78 0x3c 0x0 0x0 0x29 0xe8 0x9a 0xec 0x0 0x0 0x0 0x0 0xff 0x2d 0x33 0x73 0x0 0xa4 0xa4 0x0 0x0 0xac 0x5 0x0 0x0
1787980701221,0x1 0x89 0xd 0x4c 0xa7 0x89 0x7d 0xd 0x0 0x0 0xd 0x31 0x4a 0x0 0xe6 0xb 0xa7 0xb 0x73 0x20 0x38 0x6 0x9c 0x2 0x0 0x28 0x65 0x1 0x0 0xa2 0x0 0xab 0x0 0x87 0x0 0xae 0x0 0x98 0x98 0x98 0x98 0x98 0x98 0xad 0x1 0xa8 0x1 0xae 0x1 0xa9 0x1 0xae 0x1 0xa8 0x1 0xae 0x1 0xa9 0x1 0x29 0x0 0x3 0x85 0x88 0x91 0x90 0x4d 0x80 0x4f 0x80 0x6e 0x82 0xeb 0x7b 0x59 0x60 0x69 0x6b 0x78 0x39 0x0 0x0 0x29 0xe8 0x9a 0xec 0x0 0x0 0x0 0x0 0xff 0x2b 0x33 0x73 0x0 0xa4 0xa4 0x0 0x0 0xcb 0x5 0x0 0x0
1787980701445,0x1 0x8a 0xd 0x4c 0xa7 0x89 0x7d 0xd 0x0 0x0 0xd 0x32 0x4b 0x0 0x6f 0xc 0xfd 0xb 0x73 0x20 0x8 0x6 0x9c 0x2 0x0 0x28 0x65 0x1 0x0 0x9e 0x0 0xaa 0x0 0x85 0x0 0xae 0x0 0xa1 0xa1 0xa1 0xa1 0xa1 0xa1 0xb6 0x1 0xb1 0x1 0xb7 0x1 0xaf 0x1 0xb4 0x1 0xb0 0x1 0xb7 0x1 0xb1 0x1 0x29 0x0 0x3 0x84 0x86 0x91 0x90 0x4d 0x80 0x4f 0x80 0x6e 0x82 0xeb 0x7b 0x59 0x60 0x6a 0x6b 0x78 0x38 0x0 0x0 0x29 0xe8 0x9a 0xec 0x0 0x0 0x0 0x0 0xff 0x2b 0x33 0x73 0x0 0xa4 0xa4 0x0 0x0 0xb9 0x5 0x0 0x0
1787980701669,0x1 0x8b 0xd 0x4c 0xa7 0x88 0x7e 0xd 0x0 0x0 0xd 0x31 0x4a 0x0 0xd3 0xc 0x4f 0xc 0x73 0x1f 0xc5 0x5 0x9c 0x2 0x0 0x28 0x65 0x1 0x0 0x5a 0x0 0xa5 0x0 0x83 0x0 0xad 0x0 0xa1 0xa1 0xa1 0xa1 0xa1 0xa1 0xd7 0x1 0xd3 0x1 0xd3 0x1 0xce 0x1 0xd4 0x1 0xd1 0x1 0xd8 0x1 0xd3 0x1 0x29 0x9 0x3 0x83 0x86 0x91 0x90 0x4d 0x80 0x4f 0x80 0x6e 0x82 0xeb 0x7b 0x59 0x60 0x6a 0x6b 0xbe 0x3b 0x46 0x5 0x29 0xe8 0x9a 0xec 0x0 0x0 0x0 0x0 0xff 0x0 0x33 0x73 0x0 0xa4 0xa4 0x0 0x10 0xac 0x5 0x0 0x0
1787980701894,0x1 0x8b 0xd 0x4c 0xa7 0x88 0x7e 0xd 0x0 0x0 0xd 0x31 0x4b 0x0 0xc8 0xd 0xc2 0xc 0x73 0x1e 0x71 0x5 0x9c 0x2 0x0 0x28 0x65 0x1 0x0 0x7 0x0 0x2d 0x0 0x4b 0x0 0xa6 0x0 0x9f 0x9f 0x9f 0x9f 0x9f 0x9f 0xe1 0x1 0xdc 0x1 0xe3 0x1 0xdf 0x1 0xe6 0x1 0xe2 0x1 0xe7 0x1 0xe2 0x1 0x2a 0xd 0x3 0x83 0x86 0x91 0x90 0x4d 0x80 0x4f 0x80 0x6e 0x82 0xeb 0x7b 0x59 0x60 0x6a 0x6c 0xbe 0x38 0x46 0x5 0x29 0xe8 0x9a 0xec 0x0 0x0 0x0 0x0 0xff 0x0 0x33 0x73 0x0 0xa4 0xa4 0x0 0x10 0xac 0x5 0x0 0x0
1787980702118,0x1 0x88 0xd 0x4c 0xa7 0x88 0x7e 0xd 0x0 0x0 0xd 0x2f 0x47 0x0 0x73 0xe 0x6f 0xd 0x73 0x1d 0xea 0x4 0x9c 0x2 0x0 0x28 0x65 0x1 0x0 0x2 0x0 0x2 0x0 0x0 0x0 0x2d 0x0 0x9c 0x9c 0x9c 0x9c 0x9c 0x9c 0xfc 0x1 0xf8 0x1 0x0 0x2 0xf3 0x1 0xfa 0x1 0xf5 0x1 0x0 0x2 0xfa 0x1 0x2b 0xd 0x3 0x83 0x86 0x91 0x90 0x4d 0x80 0x4f 0x80 0x6e 0x82 0xeb 0x7b 0x5c 0x63 0x6a 0x6c 0xbe 0x33 0x46 0x5 0x29 0xe8 0x9a 0xec 0x0 0x0 0x0 0x0 0xff 0x0 0x33 0x73 0x0 0xa4 0xa4 0x0 0x10 0xdd 0x5 0x0 0x0
1787980702340,0x1 0x8a 0xd 0x4c 0xa7 0x88 0x7e 0xd 0x0 0x0 0xd 0x30 0x46 0x0 0x7c 0xd 0xe6 0xd 0x73 0x1c 0x31 0x5 0x9c 0x2 0x0 0x28 0x65 0x1 0x0 0x1 0x0 0x0 0x0 0x0 0x0 0x1 0x0 0x9e 0x9e 0x9e 0x9e 0x9e 0x9e 0x7a 0x2 0x74 0x2 0x7b 0x2 0x17 0x2 0x1c 0x2 0x73 0x2 0x1c 0x2 0x17 0x2 0x2a 0x0 0x3 0x8c 0x8e 0x94 0x94 0x4d 0x80 0x4f 0x80 0x6e 0x82 0xeb 0x7b 0x5c 0x63 0x6b 0x6c 0xbe 0x35 0x46 0x5 0x29 0xe8 0x9a 0xec 0x0 0x0 0x0 0x0 0xff 0x21 0x33 0x73 0x0 0xa4 0xa4 0x0 0x0 0xb9 0x5 0x0 0x0
1787980702566,0x1 0x8a 0xd 0x4c 0xa7 0x88 0x7e 0xd 0x0 0x0 0xd 0x2f 0x46 0x0 0xac 0xc 0x43 0xd 0x73 0x1c 0x86 0x5 0x9c 0x2 0x0 0x28 0x65 0x1 0x0 0x2 0x0 0x2 0x0 0x0 0x0 0x0 0x0 0xa1 0xa1 0xa1 0xa1 0xa1 0xa1 0xf1 0x1 0xea 0x1 0xef 0x1 0xed 0x1 0xf2 0x1 0xec 0x1 0xef 0x1 0xe9 0x1 0x2a 0x0 0x3 0x8e 0x90 0x94 0x94 0x4d 0x80 0x4f 0x80 0x6e 0x82 0xeb 0x7b 0x5c 0x63 0x6b 0x6c 0xbe 0x39 0x46 0x5 0x29 0xe8 0x9a 0xec 0x0 0x0 0x0 0x0 0xff 0x26 0x33 0x73 0x0 0xa4 0xa4 0x0 0x0 0xb9 0x5 0x0 0x0
1787980702790,0x1 0x8a 0xd 0x4c 0xa7 0x88 0x7e 0xd 0x0 0x0 0xd 0x31 0x4a 0x0 0xe3 0xd 0x5c 0xd 0x73 0x1b 0x54 0x5 0x9c 0x2 0x0 0x28 0x65 0x1 0x0 0x5 0x0 0x5 0x0 0x0 0x0 0x2 0x0 0x9f 0x9f 0x9f 0x9f 0x9f 0x9f 0xf2 0x1 0xee 0x1 0xf5 0x1 0xf0 0x1 0xf7 0x1 0xf2 0x1 0xf8 0x1 0xf2 0x1 0x2a 0x0 0x3 0x8f 0x92 0x94 0x94 0x4d 0x80 0x4f 0x80 0x6e 0x82 0xeb 0x7b 0x5c 0x63 0x6b 0x6d 0xbe 0x37 0x46 0x5 0x29 0xe8 0x9a 0xec 0x0 0x0 0x0 0x0 0xff 0x22 0x33 0x73 0x0 0xa4 0xa4 0x0 0x0 0xb9 0x5 0x0 0x0
1787980703012,0x1 0x8a 0xd 0x4c 0xa7 0x88 0x7e 0xd 0x0 0x0 0xd 0x30 0x47 0x0 0x84 0xd 0x85 0xd 0x73 0x1a 0x41 0x5 0x9c 0x2 0x0 0x28 0x65 0x1 0x0 0x7 0x0 0x7 0x0 0x0 0x0 0x5 0x0 0x9f 0x9f 0x9f 0x9f 0x9f 0x9f 0x0 0x2 0xfa 0x1 0x0 0x2 0xf9 0x1 0xff 0x1 0xfa 0x1 0x0 0x2 0xfa 0x1 0x2a 0x0 0x3 0x91 0x93 0x94 0x94 0x4d 0x80 0x4f 0x80 0x6e 0x82 0xeb 0x7b 0x5c 0x63 0x6b 0x6d 0xbe 0x35 0x46 0x5 0x29 0xe8 0x9a 0xec 0x0 0x0 0x0 0x0 0xff 0x21 0x33 0x73 0x0 0xa4 0xa4 0x0 0x0 0xb9 0x5 0x0 0x0
1787980703236,0x1 0x89 0xd 0x4c 0xa7 0x88 0x7e 0xd 0x0 0x0 0xd 0x2e 0x45 0x0 0x67 0xd 0x7a 0xd 0x73 0x1a 0x26 0x5 0x9c 0x2 0x0 0x28 0x65 0x1 0x0 0x9 0x0 0xe 0x0 0x0 0x0 0x6 0x0 0x9e 0x9e 0x9e 0x9e 0x9e 0x9e 0x1 0x2 0xfc 0x1 0x1 0x2 0xfc 0x1 0x1 0x2 0xfc 0x1 0x1 0x2 0xfc 0x1 0x2a 0x0 0x3 0x92 0x95 0x94 0x94 0x4d 0x80 0x4f 0x80 0x6e 0x82 0xeb 0x7b 0x5e 0x65 0x6b 0x6d 0xbe 0x35 0x46 0x5 0x29 0xe8 0x9a 0xec 0x0 0x0 0x0 0x0 0xff 0x21 0x33 0x73 0x0 0xa4 0xa4 0x0 0x0 0xcb 0x5 0x0 0x0
1787980703462,0x1 0x8b 0xd 0x4c 0xa7 0x88 0x7e 0xd 0x0 0x0 0xd 0x2f 0x46 0x0 0xcc 0xd 0x88 0xd 0x73 0x19 0x13 0x5 0x9c 0x2 0x0 0x28 0x65 0x1 0x0 0xb 0x0 0x35 0x0 0x0 0x0 0x8 0x0 0x9d 0x9d 0x9d 0x9d 0x9d 0x9d 0x6 0x2 0x2 0x2 0x5 0x2 0x0 0x2 0x6 0x2 0x1 0x2 0x7 0x2 0x2 0x2 0x2b 0x0 0x3 0x94 0x96 0x94 0x94 0x4d 0x80 0x4f 0x80 0x6e 0x82 0xeb 0x7b 0x5e 0x65 0x6c 0x6d 0xbe 0x34 0x46 0x5 0x29 0xe8 0x9a 0xec 0x0 0x0 0x0 0x0 0xff 0x1f 0x33 0x73 0x0 0xa4 0xa4 0x0 0x0 0xac 0x5 0x0 0x0
1787980703686,0x1 0x8b 0xd 0x4c 0xa7 0x87 0x7f 0xd 0x0 0x0 0xd 0x2e 0x44 0x0 0xcb 0xd 0xac 0xd 0x73 0x18 0xee 0x4 0x9c 0x2 0x0 0x28 0x65 0x1 0x0 0x12 0x0 0x49 0x0 0x0 0x0 0x9 0x0 0x9c 0x9c 0x9c 0x9c 0x9c 0x9c 0xd 0x2 0x8 0x2 0xe 0x2 0xa 0x2 0x11 0x2 0x8 0x2 0x11 0x2 0xb 0x2 0x2b 0x0 0x3 0x96 0x98 0x94 0x94 0x4d 0x80 0x4f 0x80 0x6e 0x82 0xeb 0x7b 0x5e 0x65 0x6c 0x6d 0xbe 0x33 0x46 0x5 0x29 0xe8 0x9a 0xec 0x0 0x0 0x0 0x0 0xff 0x1d 0x33 0x73 0x0 0xa4 0xa4 0x0 0x0 0xac 0x5 0x0 0x0
1787980703908,0x1 0x8a 0xd 0x4c 0xa7 0x87 0x7f 0xd 0x0 0x0 0xd 0x2e 0x46 0x0 0x89 0xe 0xd7 0xd 0x73 0x18 0xd1 0x4 0x9c 0x2 0x0 0x28 0x65 0x1 0x0 0x21 0x0 0x63 0x0 0x0 0x0 0xb 0x0 0x9c 0x9c 0x9c 0x9c 0x9c 0x9c 0x19 0x2 0xd 0x2 0x15 0x2 0xf 0x2 0x17 0x2 0x13 0x2 0x19 0x2 0x13 0x2 0x2b 0x0 0x3 0x97 0x9a 0x94 0x94 0x4d 0x80 0x4f 0x80 0x6e 0x82 0xeb 0x7b 0x5e 0x65 0x6c 0x6e 0xbe 0x32 0x46 0x5 0x29 0xe8 0x9a 0xec 0x0 0x0 0x0 0x0 0xff 0x1c 0x33 0x73 0x0 0xa4 0xa4 0x0 0x0 0xb9 0x5 0x0 0x0
1787980704134,0x1 0x88 0xd 0x4c 0xa7 0x87 0x7f 0xd 0x0 0x0 0xd 0x2d 0x41 0x0 0xde 0xd 0xf8 0xd 0x73 0x17 0xb0 0x4 0x9c 0x2 0x0 0x28 0x65 0x1 0x0 0x31 0x0 0x88 0x0 0x0 0x0 0xc 0x0 0x9b 0x9b 0x9b 0x9b 0x9b 0x9b 0x20 0x2 0x1a 0x2 0x21 0x2 0x1a 0x2 0x20 0x2 0x1a 0x2 0x21 0x2 0x1a 0x2 0x2c 0x0 0x3 0x99 0x9a 0x94 0x94 0x4d 0x80 0x4f 0x80 0x6e 0x82 0xeb 0x7b 0x5f 0x66 0x6c 0x6e 0xbe 0x31 0x46 0x5 0x29 0xe8 0x9a 0xec 0x0 0x0 0x0 0x0 0xff 0x1c 0x33 0x73 0x0 0xa4 0xa4 0x0 0x0 0xdd 0x5 0x0 0x0
1787980704357,0x1 0x8a 0xd 0x4c 0xa7 0x87 0x7f 0xd 0x0 0x0 0xd 0x2c 0x41 0x0 0x45 0xe 0x2f 0xe 0x73 0x16 0x8e 0x4 0x9c 0x2 0x0 0x28 0x65 0x1 0x0 0x38 0x0 0x9f 0x0 0x0 0x0 0xd 0x0 0xa0 0xa0 0xa0 0xa0 0xa0 0xa0 0x2b 0x2 0x21 0x2 0x2b 0x2 0x22 0x2 0x28 0x2 0x20 0x2 0x2b 0x2 0x22 0x2 0x2d 0x0 0x3 0x9a 0x9a 0x94 0x94 0x4d 0x80 0x4f 0x80 0x6e 0x82 0xeb 0x7b 0x5f 0x66 0x6d 0x6e 0xbe 0x30 0x46 0x5 0x29 0xe8 0x9a 0xec 0x0 0x0 0x0 0x0 0xff 0x18 0x33 0x73 0x0 0xa4 0xa4 0x0 0x4 0xb9 0x5 0x0 0x0
1787980704582,0x1 0x8b 0xd 0x4c 0xa7 0x87 0x7f 0xd 0x0 0x0 0xd 0x2b 0x41 0x0 0xb6 0xe 0x74 0xe 0x73 0x15 0x6b 0x4 0x9c 0x2 0x0 0x28 0x65 0x1 0x0 0x4d 0x0 0xa8 0x0 0x0 0x0 0x13 0x0 0xb4 0xb4 0xb4 0xb4 0xb4 0xb4 0x33 0x2 0x29 0x2 0x36 0x2 0x2a 0x2 0x37 0x2 0x28 0x2 0x37 0x2 0x2b 0x2 0x2d 0x0 0x3 0x9c 0x9a 0x94 0x94 0x4d 0x80 0x4f 0x80 0x6e 0x82 0xeb 0x7b 0x5f 0x66 0x6d 0x6e 0xfc 0x28 0x84 0xfe 0x29 0xe8 0x9a 0xec 0x0 0x0 0x0 0x0 0xff 0x17 0x33 0x73 0x0 0xa4 0xa4 0x0 0x4 0xac 0x5 0x0 0x0
1787980704804,0x1 0x8a 0xd 0x4c 0xa7 0x87 0x7f 0xd 0x0 0x0 0xd 0x27 0x39 0x0 0x4 0xe 0x59 0xe 0x73 0x15 0x11 0x4 0x9c 0x2 0x0 0x28 0x65 0x1 0x0 0x5a 0x0 0xab 0x0 0x0 0x0 0x3b 0x0 0xb0 0xb0 0xb0 0xb0 0xb0 0xb0 0x38 0x2 0x2b 0x2 0x38 0x2 0x2a 0x2 0x39 0x2 0x2c 0x2 0x39 0x2 0x2a 0x2 0x30 0x0 0x3 0x9d 0x9a 0x94 0x94 0x4d 0x80 0x4f 0x80 0x6e 0x82 0xeb 0x7b 0x5f 0x66 0x6d 0x6f 0xbe 0x26 0x46 0xff 0x29 0xe8 0x9a 0xec 0x0 0x0 0x0 0x0 0xff 0x13 0x33 0x73 0x0 0xa4 0xa4 0x0 0x4 0xb9 0x5 0x0 0x0
1787980705028,0x1 0x89 0xd 0x4c 0xa7 0x87 0x7f 0xd 0x0 0x0 0xd 0x25 0x36 0x0 0xa6 0xd 0x20 0xe 0x73 0x14 0xf5 0x3 0x9c 0x2 0x0 0x28 0x65 0x1 0x0 0x6c 0x0 0xac 0x0 0x0 0x0 0x70 0x0 0xb1 0xb1 0xb1 0xb1 0xb1 0xb1 0x39 0x2 0x28 0x2 0x37 0x2 0x26 0x2 0x38 0x2 0x29 0x2 0x37 0x2 0x26 0x2 0x31 0x0 0x3 0x9e 0x9a 0x94 0x94 0x4d 0x80 0x4f 0x80 0x6e 0x82 0xeb 0x7b 0x5f 0x66 0x6d 0x6f 0xb2 0x22 0x3a 0xfc 0x29 0xe8 0x9a 0xec 0x0 0x0 0x0 0x0 0xff 0x10 0x33 0x73 0x0 0xa4 0xa4 0x0 0x4 0xcb 0x5 0x0 0x0
1787980705252,0x1 0x8a 0xd 0x4c 0xa7 0x87 0x7f 0xd 0x0 0x0 0xd 0x24 0x35 0x0 0xe7 0xd 0xff 0xd 0x73 0x13 0xd0 0x3 0x9c 0x2 0x0 0x28 0x65 0x1 0x0 0x82 0x0 0xad 0x0 0x0 0x0 0x8f 0x0 0xaf 0xaf 0xaf 0xaf 0xaf 0xaf 0x3a 0x2 0x29 0x2 0x3a 0x2 0x26 0x2 0x3a 0x2 0x28 0x2 0x3a 0x2 0x28 0x2 0x31 0x0 0x3 0x9f 0x9a 0x94 0x94 0x4d 0x80 0x4f 0x80 0x6e 0x82 0xeb 0x7b 0x5d 0x63 0x6e 0x6f 0x60 0x22 0xe8 0xfc 0x29 0xe8 0x9a 0xec 0x0 0x0 0x0 0x0 0xff 0xf 0x33 0x73 0x0 0xa4 0xa4 0x0 0x4 0xb9 0x5 0x0 0x0
1787980705476,0x1 0x8b 0xd 0x4c 0xa7 0x87 0x7f 0xd 0x0 0x0 0xd 0x24 0x35 0x0 0xcc 0xe 0x2b 0xe 0x73 0x12 0x95 0x3 0x9c 0x2 0x0 0x28 0x65 0x1 0x0 0xa1 0x0 0xaf 0x0 0x0 0x0 0x9f 0x0 0xac 0xac 0xac 0xac 0xac 0xac 0x4d 0x2 0x2d 0x2 0x43 0x2 0x25 0x2 0x48 0x2 0x29 0x2 0x4e 0x2 0x2d 0x2 0x33 0x0 0x3 0x9f 0x93 0x94 0x90 0x4d 0x80 0x4f 0x80 0x6e 0x82 0xeb 0x7b 0x5d 0x63 0x6e 0x6f 0x70 0x22 0xf8 0xfe 0x29 0xe8 0x9a 0xec 0x0 0x0 0x0 0x0 0xff 0xd 0x33 0x73 0x0 0xa4 0xa4 0x0 0x4 0xac 0x5 0x0 0x0
1787980705701,0x1 0x8b 0xd 0x4c 0xa7 0x87 0x7f 0xd 0x0 0x0 0xd 0x23 0x33 0x0 0xbc 0xe 0x59 0xe 0x73 0x11 0x76 0x3 0x9c 0x2 0x0 0x28 0x65 0x1 0x0 0xb2 0x0 0xb2 0x0 0xa 0x0 0xaa 0x0 0xad 0xad 0xad 0xad 0xad 0xad 0x52 0x2 0x31 0x2 0x54 0x2 0x34 0x2 0x5a 0x2 0x38 0x2 0x5c 0x2 0x38 0x2 0x33 0x0 0x3 0x9f 0x91 0x94 0x90 0x4d 0x80 0x4f 0x80 0x6e 0x82 0xeb 0x7b 0x5d 0x63 0x6e 0x6f 0x70 0x22 0xf8 0xfe 0x29 0xe8 0x9a 0xec 0x0 0x0 0x0 0x0 0xff 0xd 0x33 0x73 0x0 0xa4 0xa4 0x0 0x4 0xac 0x5 0x0 0x0
1787980705925,0x1 0x89 0xd 0x4c 0xa7 0x87 0x7f 0xd 0x0 0x0 0xd 0x22 0x33 0x0 0x3c 0xf 0xa6 0xe 0x73 0x10 0x59 0x3 0x9c 0x2 0x0 0x28 0x65 0x1 0x0 0xb6 0x0 0xb1 0x0 0x5a 0x0 0xae 0x0 0xab 0xab 0xab 0xab 0xab 0xab 0x68 0x2 0x43 0x2 0x6b 0x2 0x47 0x2 0x64 0x2 0x3f 0x2 0x6e 0x2 0x47 0x2 0x33 0x0 0x3 0x9f 0x90 0x94 0x90 0x4d 0x80 0x4f 0x80 0x6e 0x82 0xeb 0x7b 0x5d 0x63 0x6e 0x70 0x70 0x22 0xf8 0xfe 0x29 0xe8 0x9a 0xec 0x0 0x0 0x0 0x0 0xff 0xb 0x33 0x73 0x0 0xa4 0xa4 0x0 0x4 0xcb 0x5 0x0 0x0
1787980706149,0x1 0x8a 0xd 0x4c 0xa7 0x86 0x7f 0xd 0x0 0x0 0xd 0x23 0x34 0x0 0xf1 0xf 0xe 0xf 0x73 0xf 0x43 0x3 0x9c 0x2 0x0 0x28 0x65 0x1 0x0 0xb5 0x0 0xaf 0x0 0x82 0x0 0xb0 0x0 0xad 0xad 0xad 0xad 0xad 0xad 0x82 0x2 0x4f 0x2 0x78 0x2 0x53 0x2 0x7f 0x2 0x55 0x2 0x82 0x2 0x57 0x2 0x33 0x0 0x3 0x9f 0x8f 0x94 0x90 0x4d 0x80 0x4f 0x80 0x6e 0x82 0xeb 0x7b 0x5e 0x65 0x6e 0x70 0x70 0x22 0xf8 0xfe 0x29 0xe8 0x9a 0xec 0x0 0x0 0x0 0x0 0xf5 0xb 0x33 0x73 0x0 0xa4 0xa4 0x0 0x4 0xb9 0x5 0x0 0x0
1787980706373,0x1 0x8a 0xd 0x4c 0xa7 0x86 0x7f 0xd 0x0 0x0 0xd 0x23 0x33 0x0 0xad 0x10 0x97 0xf 0x73 0xe 0xf 0x3 0x9c 0x2 0x0 0x28 0x65 0x1 0x0 0xb5 0x0 0xab 0x0 0x8f 0x0 0xaf 0x0 0xa7 0xa7 0xa7 0xa7 0xa7 0xa7 0x87 0x2 0x6c 0x2 0x8c 0x2 0x73 0x2 0x80 0x2 0x66 0x2 0x90 0x2 0x73 0x2 0x33 0x0 0x3 0x96 0x8d 0x91 0x90 0x4d 0x80 0x4f 0x80 0x6e 0x82 0xeb 0x7b 0x5e 0x65 0x6d 0x70 0x78 0x23 0x0 0x0 0x29 0xe8 0x9a 0xec 0x0 0x0 0x0 0x0 0xef 0xa 0x33 0x73 0x0 0xa4 0xa4 0x0 0x4 0xb9 0x5 0x0 0x0
1787980706597,0x1 0x8b 0xd 0x4c 0xa7 0x86 0x7f 0xd 0x0 0x0 0xd 0x20 0x31 0x0 0x71 0x10 0x2d 0x10 0x73 0xd 0xfb 0x2 0x9c 0x2 0x0 0x28 0x65 0x3 0x0 0xb5 0x0 0xab 0x0 0x92 0x0 0xaf 0x0 0xa5 0xa5 0xa5 0xa5 0xa5 0xa5 0xaa 0x2 0x7d 0x2 0x9f 0x2 0x85 0x2 0xa8 0x2 0x8b 0x2 0xaa 0x2 0x8b 0x2 0x33 0x0 0x3 0x95 0x8c 0x91 0x90 0x4d 0x80 0x4f 0x80 0x6e 0x82 0xeb 0x7b 0x5e 0x65 0x6d 0x70 0x78 0x16 0x0 0x0 0x29 0xe8 0x9a 0xec 0x0 0x0 0x0 0x0 0xe2 0xa 0x33 0x73 0x0 0xa4 0xa4 0x0 0x4 0xac 0x5 0x0 0x0
1787980706820,0x1 0x88 0xd 0x4c 0xa7 0x86 0x7f 0xd 0x0 0x0 0xd 0x1b 0x2b 0x0 0x34 0xf 0xe1 0xf 0x73 0xc 0xd4 0x2 0x9c 0x2 0x0 0x28 0x65 0x3 0x0 0xb5 0x0 0xaa 0x0 0x93 0x0 0xae 0x0 0xa7 0xa7 0xa7 0xa7 0xa7 0xa7 0xa8 0x2 0x87 0x2 0xa6 0x2 0x89 0x2 0xa8 0x2 0x8a 0x2 0xa6 0x2 0x87 0x2 0x33 0x0 0x3 0x93 0x8b 0x91 0x90 0x4d 0x80 0x4f 0x80 0x6e 0x82 0xeb 0x7b 0x5e 0x65 0x6d 0x70 0x78 0x16 0x0 0x0 0x29 0xe8 0x9a 0xec 0x0 0x0 0x0 0x0 0xe2 0xa 0x33 0x73 0x0 0xa4 0xa4 0x0 0x4 0xdd 0x5 0x0 0x0
1787980707043,0x1 0x8a 0xd 0x4c 0xa7 0x86 0x7f 0xd 0x0 0x0 0xd 0x20 0x2f 0x0 0x17 0x11 0xc2 0xf 0x73 0xb 0xc0 0x2 0x9c 0x2 0x0 0x28 0x65 0x3 0x0 0xb7 0x0 0xad 0x0 0x95 0x0 0xae 0x0 0xa5 0xa5 0xa5 0xa5 0xa5 0xa5 0xa4 0x2 0x85 0x2 0xa2 0x2 0x84 0x2 0xa5 0x2 0x88 0x2 0xa5 0x2 0x87 0x2 0x33 0x0 0x3 0x92 0x89 0x91 0x90 0x4d 0x80 0x4f 0x80 0x6e 0x82 0xeb 0x7b 0x62 0x69 0x6d 0x70 0x78 0x23 0x0 0x0 0x29 0xe8 0x9a 0xec 0x0 0x0 0x0 0x0 0xeb 0x9 0x33 0x73 0x0 0xa4 0xa4 0x0 0x4 0xb9 0x5 0x0 0x0
1787980707269,0x1 0x8b 0xd 0x4c 0xa7 0x86 0x7f 0xd 0x0 0x0 0xd 0x21 0x32 0x0 0x89 0x11 0x71 0x10 0x73 0xa 0xda 0x2 0x9c 0x2 0x0 0x28 0x65 0x3 0x0 0xb9 0x0 0xb1 0x0 0x96 0x0 0xaf 0x0 0xa8 0xa8 0xa8 0xa8 0xa8 0xa8 0xb5 0x2 0x8e 0x2 0xae 0x2 0x91 0x2 0xb4 0x2 0x95 0x2 0xb5 0x2 0x95 0x2 0x33 0x0 0x3 0x88 0x7f 0x88 0x87 0x4d 0x80 0x4f 0x80 0x6e 0x82 0xeb 0x7b 0x62 0x69 0x6c 0x70 0x78 0x23 0x0 0x0 0x29 0xe8 0x9a 0xec 0x0 0x0 0x0 0x0 0xe8 0x9 0x33 0x73 0x0 0xa4 0xa4 0x0 0x4 0xac 0x5 0x0 0x0
1787980707492,0x1 0x8a 0xd 0x4c 0xa7 0x86 0x7f 0xd 0x0 0x0 0xd 0x21 0x32 0x0 0xd8 0x10 0xb2 0x10 0x73 0x9 0xf8 0x2 0x9c 0x2 0x0 0x28 0x65 0x3 0x0 0xb8 0x0 0xaf 0x0 0x97 0x0 0xb2 0x0 0xa9 0xa9 0xa9 0xa9 0xa9 0xa9 0xb4 0x2 0x92 0x2 0xb1 0x2 0x96 0x2 0xb5 0x2 0x95 0x2 0xb1 0x2 0x92 0x2 0x33 0x0 0x3 0x86 0x7e 0x88 0x87 0x4d 0x80 0x4f 0x80 0x6e 0x82 0xeb 0x7b 0x62 0x69 0x6c 0x70 0x78 0x23 0x0 0x0 0x29 0xe8 0x9a 0xec 0x0 0x0 0x0 0x0 0xeb 0xa 0x33 0x73 0x0 0xa4 0xa4 0x0 0x4 0xb9 0x5 0x0 0x0
1787980707717,0x1 0x89 0xd 0x4c 0xa7 0x86 0x7f 0xd 0x0 0x0 0xd 0x23 0x32 0x0 0x9a 0x10 0xc1 0x10 0x73 0x8 0x3 0x3 0x9c 0x2 0x0 0x28 0x65 0x3 0x0 0xb4 0x0 0xa7 0x0 0x96 0x0 0xb1 0x0 0xaa 0xaa 0xaa 0xaa 0xaa 0xaa 0xb1 0x2 0x8f 0x2 0xae 0x2 0x8e 0x2 0xaf 0x2 0x8e 0x2 0xad 0x2 0x8e 0x2 0x33 0x0 0x3 0x85 0x7c 0x88 0x87 0x4d 0x80 0x4f 0x80 0x6e 0x82 0xeb 0x7b 0x62 0x69 0x6c 0x70 0x78 0x23 0x0 0x0 0x29 0xe8 0x9a 0xec 0x0 0x0 0x0 0x0 0xed 0x9 0x33 0x73 0x0 0xa4 0xa4 0x0 0x4 0xcb 0x5 0x0 0x0
1787980707940,0x1 0x89 0xd 0x4c 0xa7 0x86 0x7f 0xd 0x0 0x0 0xd 0x21 0x32 0x0 0x49 0x10 0x9a 0x10 0x73 0x7 0x12 0x3 0x9c 0x2 0x0 0x28 0x65 0x1 0x0 0xad 0x0 0x9a 0x0 0x93 0x0 0xb0 0x0 0xaa 0xaa 0xaa 0xaa 0xaa 0xaa 0xa2 0x2 0x80 0x2 0x9f 0x2 0x84 0x2 0xa4 0x2 0x83 0x2 0x9f 0x2 0x7f 0x2 0x33 0x0 0x3 0x84 0x7b 0x88 0x87 0x4d 0x80 0x4f 0x80 0x6e 0x82 0xeb 0x7b 0x62 0x69 0x6c 0x71 0x70 0x22 0xf8 0xfe 0x29 0xe8 0x9a 0xec 0x0 0x0 0x0 0x0 0xda 0x9 0x33 0x73 0x0 0xa4 0xa4 0x0 0x4 0xcb 0x5 0x0 0x0
1787980708165,0x1 0x8a 0xd 0x4c 0xa7 0x86 0x7f 0xd 0x0 0x0 0xd 0x23 0x33 0x0 0x45 0x11 0xa5 0x10 0x73 0x7 0xf4 0x2 0x9c 0x2 0x0 0x28 0x65 0x1 0x0 0xa7 0x0 0x93 0x0 0x91 0x0 0xae 0x0 0xa9 0xa9 0xa9 0xa9 0xa9 0xa9 0xa3 0x2 0x82 0x2 0xa4 0x2 0x87 0x2 0xa8 0x2 0x83 0x2 0xa8 0x2 0x88 0x2 0x33 0x0 0x3 0x82 0x7a 0x88 0x87 0x4d 0x80 0x4f 0x80 0x6e 0x82 0xeb 0x7b 0x63 0x6a 0x6c 0x71 0x78 0x23 0x0 0x0 0x29 0xe8 0x9a 0xec 0x0 0x0 0x0 0x0 0xe0 0x9 0x33 0x73 0x0 0xa4 0xa4 0x0 0x4 0xb9 0x5 0x0 0x0
1787980708388,0x1 0x8a 0xd 0x4c 0xa7 0x86 0x7f 0xd 0x0 0x0 0xd 0x22 0x33 0x0 0x74 0x11 0xf0 0x10 0x73 0x7 0xec 0x2 0x9c 0x2 0x0 0x28 0x65 0x1 0x0 0xa7 0x0 0x92 0x0 0x8f 0x0 0xad 0x0 0xa8 0xa8 0xa8 0xa8 0xa8 0xa8 0xb0 0x2 0x90 0x2 0xa8 0x2 0x8b 0x2 0xad 0x2 0x8e 0x2 0xb0 0x2 0x90 0x2 0x33 0x0 0x3 0x81 0x78 0x88 0x87 0x4d 0x80 0x4f 0x80 0x6e 0x82 0xeb 0x7b 0x63 0x6a 0x6d 0x71 0x78 0x23 0x0 0x0 0x29 0xe8 0x9a 0xec 0x0 0x0 0x0 0x0 0xe2 0x8 0x33 0x73 0x0 0xa4 0xa4 0x0 0x4 0xb9 0x5 0x0 0x0
1787980708611,0x1 0x8a 0xd 0x4c 0xa7 0x86 0x7f 0xd 0x0 0x0 0xd 0x22 0x33 0x0 0x45 0x11 0x20 0x11 0x73 0x7 0xf4 0x2 0x9c 0x2 0x0 0x28 0x65 0x1 0x0 0xa8 0x0 0x7f 0x0 0x8e 0x0 0xab 0x0 0xa9 0xa9 0xa9 0xa9 0xa9 0xa9 0xb3 0x2 0x8f 0x2 0xaf 0x2 0x8f 0x2 0xb4 0x2 0x93 0x2 0xaf 0x2 0x8f 0x2 0x33 0x0 0x3 0x80 0x77 0x88 0x87 0x4d 0x80 0x4f 0x80 0x6e 0x82 0xeb 0x7b 0x63 0x6a 0x6d 0x71 0x78 0x23 0x0 0x0 0x29 0xe8 0x9a 0xec 0x0 0x0 0x0 0x0 0xe0 0x8 0x33 0x73 0x0 0xa4 0xa4 0x0 0x4 0xb9 0x5 0x0 0x0
1787980708836,0x1 0x89 0xd 0x4c 0xa7 0x86 0x7f 0xd 0x0 0x0 0xd 0x21 0x32 0x0 0x5 0x11 0x32 0x11 0x73 0x7 0xf0 0x2 0x9c 0x2 0x0 0x28 0x65 0x1 0x0 0xa6 0x0 0x4d 0x0 0x8d 0x0 0xaa 0x0 0xa9 0xa9 0xa9 0xa9 0xa9 0xa9 0xb0 0x2 0x90 0x2 0xb0 0x2 0x8f 0x2 0xb1 0x2 0x90 0x2 0xb0 0x2 0xa1 0x2 0x33 0x0 0x3 0x7e 0x7d 0x88 0x84 0x4d 0x80 0x4f 0x80 0x6e 0x82 0xeb 0x7b 0x63 0x6a 0x6d 0x72 0x78 0x23 0x0 0x0 0x29 0xe8 0x9a 0xec 0x0 0x0 0x0 0x0 0xde 0x8 0x33 0x73 0x0 0xa4 0xa4 0x0 0x4 0xcb 0x5 0x0 0x0
1787980709059,0x1 0x8b 0xd 0x4c 0xa7 0x86 0x7f 0x15 0x8 0x0 0xd 0x32 0x45 0x0 0x6d 0x17 0x8d 0x12 0x73 0x7 0xf2 0x2 0x9c 0x2 0x0 0x28 0x65 0x1 0x0 0xa2 0x0 0x2d 0x0 0x8c 0x0 0xa8 0x0 0xa5 0xa5 0xa5 0xa5 0xa5 0xa5 0xb4 0x2 0xb 0x3 0x58 0x3 0xa3 0x2 0xb2 0x2 0xa7 0x2 0x58 0x3 0x4c 0x3 0x32 0x0 0x3 0x7d 0x7e 0x88 0x84 0x4d 0x80 0x4f 0x80 0x6e 0x82 0xeb 0x7b 0x63 0x6a 0x6d 0x72 0x78 0x1e 0x0 0x0 0x29 0xe8 0x9a 0xec 0x0 0x0 0x0 0x0 0xde 0x7 0x33 0x73 0x0 0xa4 0xa4 0x0 0x8 0xac 0x5 0x0 0x0
1787980709284,0x1 0x8b 0xd 0x4c 0xa7 0x86 0x7f 0x17 0x9 0x0 0xd 0x3d 0x5f 0x0 0x3f 0x1c 0x19 0x1b 0x73 0x7 0x5d 0x3 0x9c 0x2 0x0 0x28 0x65 0x1 0x0 0x97 0x0 0x1d 0x0 0x8b 0x0 0xa7 0x0 0x92 0x92 0x92 0x92 0x92 0x92 0x8 0x4 0x19 0x4 0x3f 0x4 0x4a 0x4 0x5c 0x4 0x4a 0x4 0x4e 0x4 0x4a 0x4 0x31 0x0 0x3 0x7b 0x80 0x88 0x84 0x4d 0x80 0x4f 0x80 0x6e 0x82 0xeb 0x7b 0x63 0x6a 0x6c 0x72 0x78 0x1e 0x0 0x0 0x29 0xe8 0x9a 0xec 0x0 0x0 0x0 0x0 0xc9 0xc 0x33 0x73 0x0 0xa4 0xa4 0x0 0x8 0xac 0x5 0x0 0x0
1787980709508,0x1 0x8a 0xd 0x4c 0xa7 0x86 0x7f 0x17 0xa 0x0 0xd 0x40 0x65 0x0 0x1a 0x19 0xdc 0x19 0x73 0x7 0x6 0x4 0x9c 0x2 0x0 0x28 0x65 0x1 0x0 0xa7 0x0 0x4e 0x0 0x8a 0x0 0xa5 0x0 0x7b 0x7b 0x7b 0x7b 0x7b 0x7b 0xfc 0x3 0xf9 0x3 0xe8 0x3 0xdb 0x3 0xd0 0x3 0x7 0x4 0xd0 0x3 0xda 0x3 0x2e 0x0 0x3 0x79 0x82 0x88 0x84 0x4d 0x80 0x4f 0x80 0x6e 0x82 0xeb 0x7b 0x63 0x6a 0x6c 0x72 0x78 0x27 0x0 0x0 0x29 0xe8 0x9a 0xec 0x0 0x0 0x0 0x0 0xae 0x12 0x33 0x73 0x0 0xa4 0xa4 0x0 0x8 0xb9 0x5 0x0 0x0
1787980709732,0x1 0x8a 0xd 0x4c 0xa7 0x86 0x7f 0x17 0xa 0x0 0xd 0x43 0x6b 0x0 0xe7 0x18 0x42 0x19 0x73 0x7 0x4c 0x4 0x9c 0x2 0x0 0x28 0x65 0x1 0x0 0xb0 0x0 0xaf 0x0 0x8d 0x0 0xac 0x0 0x75 0x75 0x75 0x75 0x75 0x75 0xb5 0x3 0xca 0x3 0xb3 0x3 0xbe 0x3 0xa9 0x3 0xcc 0x3 0xa9 0x3 0xbc 0x3 0x2c 0x0 0x3 0x77 0x83 0x88 0x84 0x4d 0x80 0x4f 0x80 0x6e 0x82 0xeb 0x7b 0x63 0x6a 0x6c 0x72 0x78 0x29 0x0 0x0 0x29 0xe8 0x9a 0xec 0x0 0x0 0x0 0x0 0xaf 0x14 0x33 0x73 0x0 0xa4 0xa4 0x0 0x8 0xb9 0x5 0x0 0x0
1787980709956,0x1 0x8b 0xd 0x4c 0xa7 0x86 0x7f 0x1e 0x11 0x0 0xd 0x56 0xa6 0x0 0x60 0x25 0x19 0x21 0x73 0x8 0x71 0x4 0x9c 0x2 0x0 0x28 0x65 0x1 0x0 0xa4 0x0 0xa9 0x0 0x8d 0x0 0xaf 0x0 0x89 0x89 0x89 0x89 0x89 0x89 0xac 0x4 0xeb 0x4 0xf9 0x4 0x12 0x5 0x19 0x5 0x9f 0x4 0x19 0x5 0x16 0x5 0x29 0x0 0x3 0x75 0x7b 0x88 0x7c 0x4d 0x80 0x4f 0x80 0x6e 0x82 0xeb 0x7b 0x63 0x6a 0x6c 0x71 0x78 0x2e 0x0 0x0 0x29 0xe8 0x9a 0xec 0x0 0x0 0x0 0x0 0xb5 0x1b 0x33 0x73 0x0 0xa4 0xa4 0x0 0x8 0xac 0x5 0x0 0x0
1787980710180,0x1 0x8b 0xd 0x4c 0xa7 0x86 0x7f 0x1f 0x11 0x0 0xd 0x57 0xa9 0x0 0x1a 0x21 0xd7 0x21 0x73 0x8 0x1b 0x5 0x9c 0x2 0x0 0x28 0x65 0x1 0x0 0x9b 0x0 0xa9 0x0 0x88 0x0 0xad 0x0 0x77 0x77 0x77 0x77 0x77 0x77 0xd2 0x4 0x5 0x5 0xf7 0x4 0xeb 0x4 0xe4 0x4 0xd9 0x4 0xd2 0x4 0xd0 0x4 0x25 0x0 0x3 0x72 0x78 0x88 0x7c 0x4d 0x80 0x4f 0x80 0x6e 0x82 0xeb 0x7b 0x5f 0x66 0x6c 0x71 0x78 0x32 0x0 0x0 0x29 0xe8 0x9a 0xec 0x0 0x0 0x0 0x0 0xaf 0x22 0x33 0x73 0x0 0xa4 0xa4 0x0 0x8 0xac 0x5 0x0 0x0
1787980710402,0x1 0x8a 0xd 0x4c 0xa7 0x86 0x7f 0x1f 0x11 0x0 0xd 0x58 0xa8 0x0 0x8 0x1f 0x99 0x1f 0x73 0x9 0x6a 0x5 0x9c 0x2 0x0 0x28 0x65 0x1 0x0 0x95 0x0 0xa4 0x0 0x87 0x0 0xad 0x0 0x74 0x74 0x74 0x74 0x74 0x74 0x6e 0x4 0x65 0x4 0x62 0x4 0x66 0x4 0x5d 0x4 0x71 0x4 0x5d 0x4 0x5a 0x4 0x26 0x0 0x3 0x6f 0x75 0x88 0x7c 0x4d 0x80 0x4f 0x80 0x6e 0x82 0xeb 0x7b 0x5f 0x66 0x6b 0x71 0x78 0x35 0x0 0x0 0x29 0xe8 0x9a 0xec 0x0 0x0 0x0 0x0 0xb6 0x1c 0x33 0x73 0x0 0xa4 0xa4 0x0 0x8 0xb9 0x5 0x0 0x0
1787980710626,0x1 0x89 0xd 0x4c 0xa7 0x86 0x7f 0x1f 0x12 0x0 0xd 0x5a 0xb3 0x0 0xd9 0x20 0x7b 0x20 0x73 0xa 0x73 0x5 0x9c 0x2 0x0 0x28 0x65 0x1 0x0 0x25 0x0 0x3c 0x0 0x75 0x0 0xa7 0x0 0x74 0x74 0x74 0x74 0x74 0x74 0x97 0x4 0x8f 0x4 0x96 0x4 0x6d 0x4 0x96 0x4 0x69 0x4 0x9b 0x4 0x8f 0x4 0x26 0x0 0x3 0x76 0x7a 0x81 0x7a 0x4d 0x80 0x4f 0x80 0x6e 0x82 0xeb 0x7b 0x5f 0x66 0x6b 0x71 0x78 0x3a 0x0 0x0 0x29 0xe8 0x9a 0xec 0x0 0x0 0x0 0x0 0xc3 0x14 0x33 0x73 0x0 0xa4 0xa4 0x0 0x8 0xcb 0x5 0x0 0x0
1787980710852,0x1 0x89 0xd 0x4c 0xa7 0x86 0x7f 0x26 0x19 0x0 0xd 0x66 0xde 0x0 0x39 0x27 0x11 0x22 0x73 0xb 0xa9 0x5 0x9c 0x2 0x0 0x28 0x65 0x1 0x0 0xc 0x0 0xf 0x0 0x9 0x0 0x85 0x0 0x80 0x80 0x80 0x80 0x80 0x80 0x92 0x4 0x82 0x4 0x91 0x4 0xc3 0x4 0x6c 0x5 0xc3 0x5 0xd2 0x5 0xc3 0x5 0x23 0x0 0x3 0x79 0x7d 0x81 0x7a 0x4d 0x80 0x4f 0x80 0x6e 0x82 0xeb 0x7b 0x5f 0x66 0x6b 0x70 0x78 0x3d 0x0 0x0 0x29 0xe8 0x9a 0xec 0x0 0x0 0x0 0x0 0xcd 0x8 0x33 0x73 0x0 0xa4 0xa4 0x0 0x8 0xcb 0x5 0x0 0x0
1787980711075,0x1 0x8b 0xd 0x4c 0xa7 0x86 0x7f 0x26 0x19 0x0 0xd 0x6a 0xf5 0x0 0xf5 0x26 0xd3 0x28 0x73 0xb 0x4a 0x6 0x9c 0x2 0x0 0x28 0x65 0x1 0x0 0x14 0x0 0x28 0x0 0x0 0x0 0x44 0x0 0x76 0x76 0x76 0x76 0x76 0x76 0x6 0x6 0xf2 0x5 0xf3 0x5 0xd6 0x5 0xc9 0x5 0x3 0x6 0xc9 0x5 0xbb 0x5 0x21 0x0 0x3 0x7d 0x81 0x81 0x7a 0x4d 0x80 0x4f 0x80 0x6e 0x82 0xeb 0x7b 0x60 0x67 0x6b 0x70 0x78 0x40 0x0 0x0 0x29 0xe8 0x9a 0xec 0x0 0x0 0x0 0x0 0xca 0x7 0x33 0x73 0x0 0xa4 0xa4 0x0 0x8 0xac 0x5 0x0 0x0
1787980711300,0x1 0x8b 0xd 0x4c 0xa7 0x86 0x7f 0x26 0x19 0x0 0xd 0x6a 0xf8 0x0 0xb9 0x25 0x9b 0x26 0x73 0xc 0x93 0x6 0x9c 0x2 0x0 0x28 0x65 0x1 0x0 0x2b 0x0 0x43 0x0 0x0 0x0 0x5a 0x0 0x72 0x72 0x72 0x72 0x72 0x72 0x8c 0x5 0x77 0x5 0x82 0x5 0x6f 0x5 0x78 0x5 0x7a 0x5 0x78 0x5 0x63 0x5 0x21 0x0 0x3 0x81 0x83 0x81 0x7a 0x4d 0x80 0x4f 0x80 0x6e 0x82 0xeb 0x7b 0x60 0x67 0x6a 0x70 0x78 0x41 0x0 0x0 0x29 0xe8 0x9a 0xec 0x0 0x0 0x0 0x0 0xd1 0x6 0x33 0x73 0x0 0xa4 0xa4 0x0 0x8 0xac 0x5 0x0 0x0
1787980711524,0x1 0x8a 0xd 0x4c 0xa7 0x86 0x7f 0x26 0x19 0x0 0xd 0x6c 0x6 0x1 0x3d 0x26 0x30 0x26 0x73 0xd 0xda 0x6 0x9c 0x2 0x0 0x28 0x65 0x1 0x0 0xe 0x0 0xc 0x0 0x0 0x0 0x3d 0x0 0x71 0x71 0x71 0x71 0x71 0x71 0x6d 0x5 0x43 0x5 0x6a 0x5 0x45 0x5 0x6d 0x5 0x44 0x5 0x6d 0x5 0x44 0x5 0x21 0x0 0x3 0x85 0x83 0x81 0x7a 0x4d 0x80 0x4f 0x80 0x6e 0x82 0xeb 0x7b 0x60 0x67 0x6a 0x70 0x78 0x46 0x0 0x0 0x29 0xe8 0x9a 0xec 0x0 0x0 0x0 0x0 0xd7 0x6 0x33 0x73 0x0 0xa4 0xa4 0x0 0x8 0xb9 0x5 0x0 0x0
1787980711748,0x1 0x8a 0xd 0x4c 0xa7 0x87 0x7f 0x26 0x19 0x0 0xd 0x6f 0xf 0x1 0xd9 0x25 0xea 0x25 0x73 0xe 0x29 0x7 0x9c 0x2 0x0 0x28 0x65 0x1 0x0 0xe 0x0 0xa 0x0 0x0 0x0 0x1a 0x0 0x70 0x70 0x70 0x70 0x70 0x70 0x67 0x5 0x3b 0x5 0x68 0x5 0x3b 0x5 0x6a 0x5 0x3c 0x5 0x68 0x5 0x3b 0x5 0x20 0x0 0x3 0x89 0x86 0x81 0x7a 0x4d 0x80 0x4f 0x80 0x6e 0x82 0xeb 0x7b 0x60 0x67 0x6a 0x6f 0x78 0x53 0x0 0x0 0x29 0xe8 0x9a 0xec 0x0 0x0 0x0 0x0 0xdd 0x7 0x33 0x73 0x0 0xa4 0xa4 0x0 0x8 0xb9 0x5 0x0 0x0
1787980711971,0x1 0x8b 0xd 0x4c 0xa7 0x87 0x7f 0x26 0x19 0x0 0xd 0x70 0x15 0x1 0x1b 0x25 0x88 0x25 0x73 0xf 0x77 0x7 0x9c 0x2 0x0 0x28 0x65 0x1 0x0 0xe 0x0 0xb 0x0 0x0 0x0 0xd 0x0 0x6f 0x6f 0x6f 0x6f 0x6f 0x6f 0x6a 0x5 0x3b 0x5 0x6d 0x5 0x3d 0x5 0x6c 0x5 0x3b 0x5 0x68 0x5 0x3b 0x5 0x20 0x0 0x3 0x8d 0x8b 0x81 0x7a 0x4d 0x80 0x4f 0x80 0x6e 0x82 0xeb 0x7b 0x60 0x67 0x6a 0x6f 0x78 0x5b 0x0 0x0 0x29 0xe8 0x9a 0xec 0x0 0x0 0x0 0x0 0xe2 0x7 0x33 0x73 0x0 0xa4 0xa4 0x0 0x8 0xac 0x5 0x0 0x0
1787980712194,0x1 0x8b 0xd 0x4c 0xa7 0x87 0x7f 0x27 0x19 0x0 0xd 0x72 0x21 0x1 0x67 0x25 0x56 0x25 0x73 0x10 0xba 0x7 0x9c 0x2 0x0 0x28 0x65 0x1 0x0 0xf 0x0 0xc 0x0 0x0 0x0 0xc 0x0 0x6f 0x6f 0x6f 0x6f 0x6f 0x6f 0x6c 0x5 0x42 0x5 0x6f 0x5 0x45 0x5 0x5e 0x5 0x38 0x5 0x71 0x5 0x45 0x5 0x1f 0x0 0x3 0x92 0x8f 0x81 0x7a 0x4d 0x80 0x4f 0x80 0x6e 0x82 0xeb 0x7b 0x60 0x67 0x6a 0x6f 0xb8 0x5c 0x0 0x0 0x29 0xe8 0x9a 0xec 0x0 0x0 0x0 0x0 0xe5 0x8 0x33 0x73 0x0 0xa4 0xa4 0x0 0x8 0xac 0x5 0x0 0x0
1787980712418,0x1 0x89 0xd 0x4c 0xa7 0x87 0x7f 0x27 0x19 0x0 0xd 0x73 0x22 0x1 0xf8 0x23 0x26 0x24 0x73 0x11 0x10 0x8 0x9c 0x2 0x0 0x28 0x65 0x1 0x0 0x13 0x0 0x15 0x0 0x0 0x0 0xe 0x0 0x6e 0x6e 0x6e 0x6e 0x6e 0x6e 0x57 0x5 0x2c 0x5 0x58 0x5 0x2f 0x5 0x59 0x5 0x2d 0x5 0x57 0x5 0x2c 0x5 0x1f 0x0 0x3 0x97 0x94 0x81 0x7a 0x4d 0x80 0x4f 0x80 0x6e 0x82 0xeb 0x7b 0x60 0x67 0x69 0x6f 0x78 0x6c 0x0 0x0 0x29 0xe8 0x9a 0xec 0x0 0x0 0x0 0x0 0xe7 0x8 0x33 0x73 0x0 0xa4 0xa4 0x0 0x8 0xcb 0x5 0x0 0x0
1787980712643,0x1 0x8a 0xd 0x4c 0xa7 0x87 0x7f 0x27 0x19 0x0 0xd 0x73 0x27 0x1 0x7d 0x23 0x96 0x23 0x73 0x12 0x50 0x8 0x9c 0x2 0x0 0x28 0x65 0x1 0x0 0x46 0x0 0x5c 0x0 0x0 0x0 0x12 0x0 0x6d 0x6d 0x6d 0x6d 0x6d 0x6d 0x52 0x5 0x35 0x5 0x5e 0x5 0x2f 0x5 0x54 0x5 0x28 0x5 0x52 0x5 0x29 0x5 0x1e 0x0 0x3 0x9c 0x99 0x81 0x7a 0x4d 0x80 0x4f 0x80 0x6e 0x82 0xeb 0x7b 0x60 0x67 0x69 0x6f 0xb8 0x6c 0x0 0x0 0x29 0xe8 0x9a 0xec 0x0 0x0 0x0 0x0 0xeb 0x8 0x33 0x73 0x0 0xa4 0xa4 0x0 0x8 0xb9 0x5 0x0 0x0
1787980712867,0x1 0x8b 0xd 0x4c 0xa7 0x88 0x7e 0x27 0x19 0x0 0xd 0x72 0x2b 0x1 0xaf 0x22 0xd3 0x22 0x73 0x13 0x9f 0x8 0x9c 0x2 0x0 0x28 0x65 0x1 0x0 0xa1 0x0 0x9d 0x0 0x1a 0x0 0x19 0x0 0x6c 0x6c 0x6c 0x6c 0x6c 0x6c 0x11 0x5 0xd 0x5 0x1a 0x5 0x12 0x5 0x18 0x5 0xf 0x5 0xf 0x5 0xd 0x5 0x1f 0x0 0x3 0x94 0x9a 0x85 0x7a 0x4d 0x80 0x4f 0x80 0x6e 0x82 0xeb 0x7b 0x60 0x67 0x69 0x6e 0x78 0x7d 0x0 0x0 0x29 0xe8 0x9a 0xec 0x0 0x0 0x0 0x0 0xed 0x8 0x33 0x73 0x0 0xa4 0xa4 0x0 0x8 0xac 0x5 0x0 0x0
1787980713091,0x1 0x8b 0xd 0x4c 0xa7 0x88 0x7e 0x27 0x1a 0x0 0xd 0x76 0x35 0x1 0xba 0x22 0xb1 0x22 0x73 0x14 0xe6 0x8 0x9c 0x2 0x0 0x28 0x65 0x1 0x0 0x9b 0x0 0xa4 0x0 0x46 0x0 0x4f 0x0 0x6a 0x6a 0x6a 0x6a 0x6a 0x6a 0xf5 0x4 0xe3 0x4 0xf2 0x4 0x3 0x5 0xf2 0x4 0xe1 0x4 0xf2 0x4 0xe2 0x4 0x1f 0x0 0x3 0x8e 0x92 0x85 0x86 0x4d 0x80 0x4f 0x80 0x6e 0x82 0xeb 0x7b 0x5c 0x63 0x69 0x6e 0x78 0x85 0x0 0x0 0x29 0xe8 0x9a 0xec 0x0 0x0 0x0 0x0 0xee 0x8 0x33 0x73 0x0 0xa4 0xa4 0x0 0x8 0xac 0x5 0x0 0x0
1787980713315,0x1 0x89 0xd 0x4c 0xa7 0x88 0x7e 0x27 0x1a 0x0 0xd 0x75 0x35 0x1 0x76 0x21 0xd6 0x21 0x73 0x15 0x3c 0x9 0x9c 0x2 0x0 0x28 0x65 0x1 0x0 0x98 0x0 0xa4 0x0 0x54 0x0 0x88 0x0 0x66 0x66 0x66 0x66 0x66 0x66 0xca 0x4 0xb6 0x4 0xc0 0x4 0xb1 0x4 0xbf 0x4 0xac 0x4 0xba 0x4 0xac 0x4 0x1e 0x0 0x3 0x89 0x8c 0x85 0x86 0x4d 0x80 0x4f 0x80 0x6e 0x82 0xeb 0x7b 0x5c 0x63 0x68 0x6e 0x78 0x86 0x0 0x0 0x29 0xe8 0x9a 0xec 0x0 0x0 0x0 0x0 0xef 0x8 0x33 0x73 0x0 0xa4 0xa4 0x0 0x8 0xcb 0x5 0x0 0x0
1787980713539,0x1 0x89 0xd 0x4c 0xa7 0x88 0x7e 0x28 0x1b 0x0 0xd 0x78 0x44 0x1 0x4a 0x22 0x8 0x22 0x73 0x16 0x73 0x9 0x9c 0x2 0x0 0x28 0x65 0x1 0x0 0x66 0x0 0x95 0x0 0x5c 0x0 0x9a 0x0 0x65 0x65 0x65 0x65 0x65 0x65 0xa8 0x4 0x9b 0x4 0xac 0x4 0x9c 0x4 0xaa 0x4 0x98 0x4 0xaa 0x4 0x9b 0x4 0x1e 0x0 0x3 0x83 0x86 0x85 0x86 0x4d 0x80 0x4f 0x80 0x6e 0x82 0xeb 0x7b 0x5c 0x63 0x68 0x6e 0x78 0x87 0x0 0x0 0x29 0xe8 0x9a 0xec 0x0 0x0 0x0 0x0 0xf1 0x8 0x33 0x73 0x0 0xa4 0xa4 0x0 0x8 0xcb 0x5 0x0 0x0
1787980713762,0x1 0x8b 0xd 0x4c 0xa7 0x89 0x7d 0x28 0x1b 0x0 0xd 0x78 0x4a 0x1 0xbd 0x21 0xcd 0x21 0x73 0x17 0xc8 0x9 0x9c 0x2 0x0 0x28 0x65 0x1 0x0 0x18 0x0 0x36 0x0 0x48 0x0 0x97 0x0 0x62 0x62 0x62 0x62 0x62 0x62 0xcd 0x4 0x9c 0x4 0xd2 0x4 0x9f 0x4 0xd4 0x4 0xa2 0x4 0xd6 0x4 0xa2 0x4 0x1d 0x0 0x3 0x90 0x8a 0x90 0x8e 0x4d 0x80 0x4f 0x80 0x6e 0x82 0xeb 0x7b 0x5c 0x63 0x68 0x6d 0x78 0x88 0x0 0x0 0x29 0xe8 0x9a 0xec 0x0 0x0 0x0 0x0 0xf2 0x0 0x33 0x73 0x0 0xa4 0xa4 0x0 0x8 0xac 0x5 0x0 0x0
1787980713987,0x1 0x8b 0xd 0x4c 0xa7 0x89 0x7d 0x29 0x1c 0x0 0xd 0x7a 0x50 0x1 0xbb 0x21 0x9f 0x21 0x73 0x18 0xf6 0x9 0x9c 0x2 0x0 0x28 0x65 0x1 0x0 0x8e 0x0 0x1f 0x0 0x55 0x0 0x81 0x0 0x60 0x60 0x60 0x60 0x60 0x60 0xe0 0x4 0xb1 0x4 0xe2 0x4 0xb3 0x4 0xe1 0x4 0xad 0x4 0xe3 0x4 0xb3 0x4 0x1d 0x0 0x3 0x94 0x90 0x90 0x8e 0x4d 0x80 0x4f 0x80 0x6e 0x82 0xeb 0x7b 0x5c 0x63 0x68 0x6d 0x78 0x8a 0x0 0x0 0x29 0xe8 0x9a 0xec 0x0 0x0 0x0 0x0 0xf2 0x3 0x0 0x80 0x0 0xa4 0xa4 0x0 0x8 0xac 0x5 0x0 0x0
1787980714211,0x1 0x8b 0xd 0x4c 0xa7 0x89 0x7d 0x29 0x1c 0x0 0xd 0x7b 0x53 0x1 0xff 0x20 0x35 0x21 0x73 0x18 0x46 0xa 0x9c 0x2 0x0 0x28 0x65 0x1 0x0 0x9b 0x0 0xa3 0x0 0x6a 0x0 0x90 0x0 0x5f 0x5f 0x5f 0x5f 0x5f 0x5f 0x9f 0x4 0xb4 0x4 0x9a 0x4 0xb1 0x4 0xa1 0x4 0xb2 0x4 0x9a 0x4 0xb1 0x4 0x1d 0x0 0x3 0x87 0x93 0x8c 0x8e 0x4d 0x80 0x4f 0x80 0x6e 0x82 0xeb 0x7b 0x54 0x5a 0x68 0x6d 0x78 0x8b 0x0 0x0 0x29 0xe8 0x9a 0xec 0x0 0x0 0x0 0x0 0xf3 0xb 0x0 0x80 0x0 0xa4 0xa4 0x0 0x8 0xac 0x5 0x0 0x0
1787980714433,0x1 0x8a 0xd 0x4c 0xa7 0x89 0x7d 0x2a 0x1c 0x0 0xd 0x7c 0x5b 0x1 0xcb 0x20 0xf3 0x20 0x73 0x19 0x95 0xa 0x9c 0x2 0x0 0x28 0x65 0x1 0x0 0x35 0x0 0xa6 0x0 0x6c 0x0 0xa1 0x0 0x5e 0x5e 0x5e 0x5e 0x5e 0x5e 0x99 0x4 0xa5 0x4 0x97 0x4 0xac 0x4 0x80 0x4 0xa9 0x4 0x97 0x4 0xa3 0x4 0x1e 0x0 0x3 0x8a 0x93 0x8b 0x8e 0x4d 0x80 0x4f 0x80 0x6e 0x82 0xeb 0x7b 0x54 0x5a 0x67 0x6d 0x78 0x8d 0x0 0x0 0x29 0xe8 0x9a 0xec 0x0 0x0 0x0 0x0 0xf4 0x13 0x0 0x80 0x0 0xa4 0xa4 0x0 0x8 0xb9 0x5 0x0 0x0
1787980714657,0x1 0x8b 0xd 0x4c 0xa7 0x89 0x7d 0x2a 0x1c 0x0 0xd 0x7d 0x60 0x1 0x7f 0x20 0x7a 0x20 0x73 0x1a 0xd5 0xa 0x9c 0x2 0x0 0x28 0x65 0x1 0x0 0x16 0x0 0x99 0x0 0x3f 0x0 0xa4 0x0 0x5e 0x5e 0x5e 0x5e 0x5e 0x5e 0x99 0x4 0x5d 0x4 0x9c 0x4 0x5a 0x4 0x98 0x4 0x5d 0x4 0x9e 0x4 0x5a 0x4 0x1e 0x0 0x3 0x90 0x86 0x8b 0x8a 0x4d 0x80 0x4f 0x80 0x6e 0x82 0xeb 0x7b 0x54 0x5a 0x67 0x6d 0x78 0x8e 0x0 0x0 0x29 0xe8 0x9a 0xec 0x0 0x0 0x0 0x0 0xf4 0x1f 0x0 0x80 0x0 0xa4 0xa4 0x0 0x8 0xac 0x5 0x0 0x0
1787980714882,0x1 0x8b 0xd 0x4c 0xa7 0x89 0x7d 0x2a 0x1c 0x0 0xd 0x7d 0x5f 0x1 0xa9 0x1f 0xf2 0x1f 0x73 0x1b 0x16 0xb 0x9c 0x2 0x0 0x28 0x65 0x1 0x0 0x78 0x0 0x25 0x0 0x3c 0x0 0x94 0x0 0x5d 0x5d 0x5d 0x5d 0x5d 0x5d 0xac 0x4 0x60 0x4 0xa2 0x4 0x58 0x4 0xa9 0x4 0x62 0x4 0xa0 0x4 0x58 0x4 0x1e 0x0 0x3 0x96 0x8b 0x8b 0x8a 0x4d 0x80 0x4f 0x80 0x6e 0x82 0xeb 0x7b 0x54 0x5a 0x67 0x6c 0x78 0x8f 0x0 0x0 0x29 0xe8 0x9a 0xec 0x0 0x0 0x0 0x0 0xf6 0x28 0x0 0x80 0x0 0xa4 0xa4 0x0 0x8 0xac 0x5 0x0 0x0
1787980715105,0x1 0x8b 0xd 0x4c 0xa7 0x89 0x7d 0x2a 0x1d 0x0 0xd 0x7d 0x6e 0x1 0x33 0x20 0xe4 0x1f 0x73 0x1c 0x5e 0xb 0x9c 0x2 0x0 0x28 0x65 0x1 0x0 0x9b 0x0 0x18 0x0 0x75 0x0 0x54 0x0 0x5c 0x5c 0x5c 0x5c 0x5c 0x5c 0x63 0x4 0x6f 0x4 0x65 0x4 0x69 0x4 0x68 0x4 0x6a 0x4 0x66 0x4 0x6f 0x4 0x1e 0x0 0x3 0x89 0x92 0x8c 0x8a 0x4d 0x80 0x4f 0x80 0x6e 0x82 0xeb 0x7b 0x4f 0x55 0x67 0x6c 0x78 0x92 0x0 0x0 0x29 0xe8 0x9a 0xec 0x0 0x0 0x0 0x0 0xf5 0x29 0x0 0x80 0x0 0xa4 0xa4 0x0 0x8 0xac 0x5 0x0 0x0
1787980715329,0x1 0x89 0xd 0x4c 0xa7 0x8a 0x7d 0x2a 0x1d 0x0 0xd 0x7f 0x6b 0x1 0x55 0x1f 0x47 0x1f 0x73 0x1d 0x96 0xb 0x9c 0x2 0x0 0x28 0x65 0x1 0x0 0x7b 0x0 0x8d 0x0 0x76 0x0 0x52 0x0 0x5c 0x5c 0x5c 0x5c 0x5c 0x5c 0x34 0x4 0x69 0x4 0x33 0x4 0x6b 0x4 0x3f 0x4 0x6c 0x4 0x34 0x4 0x6b 0x4 0x1e 0x0 0x3 0x83 0x97 0x8c 0x8a 0x4d 0x80 0x4f 0x80 0x6e 0x82 0xeb 0x7b 0x4f 0x55 0x66 0x6c 0x78 0x93 0x0 0x0 0x29 0xe8 0x9a 0xec 0x0 0x0 0x0 0x0 0xf7 0x2a 0x0 0x80 0x0 0xa4 0xa4 0x0 0x8 0xcb 0x5 0x0 0x0
1787980715554,0x1 0x8a 0xd 0x4c 0xa7 0x8a 0x7d 0x2a 0x1d 0x0 0xd 0x7e 0x6a 0x1 0xba 0x1e 0xc3 0x1e 0x73 0x1d 0xc8 0xb 0x9c 0x2 0x0 0x28 0x65 0x1 0x0 0x12 0x0 0xaa 0x0 0x39 0x0 0x9a 0x0 0x5c 0x5c 0x5c 0x5c 0x5c 0x5c 0x46 0x4 0x60 0x4 0x48 0x4 0x5a 0x4 0x47 0x4 0x56 0x4 0x46 0x4 0x56 0x4 0x1e 0x0 0x3 0x8d 0x97 0x8c 0x8a 0x4d 0x80 0x4f 0x80 0x6e 0x82 0xeb 0x7b 0x4f 0x55 0x66 0x6c 0x78 0x94 0x0 0x0 0x29 0xe8 0x9a 0xec 0x0 0x0 0x0 0x0 0xf7 0x2b 0x0 0x80 0x0 0xa4 0xa4 0x0 0x8 0xb9 0x5 0x0 0x0
1787980715777,0x1 0x8b 0xd 0x4c 0xa7 0x8a 0x7d 0x2a 0x1d 0x0 0xd 0x7e 0x71 0x1 0xae 0x1e 0xbd 0x1e 0x73 0x1e 0x7 0xc 0x9c 0x2 0x0 0x28 0x65 0x1 0x0 0x18 0x0 0xa6 0x0 0x10 0x0 0xa8 0x0 0x5b 0x5b 0x5b 0x5b 0x5b 0x5b 0x5d 0x4 0x27 0x4 0x5d 0x4 0x27 0x4 0x5f 0x4 0x23 0x4 0x5e 0x4 0x23 0x4 0x1e 0x0 0x3 0x94 0x8b 0x8c 0x8d 0x4d 0x80 0x4f 0x80 0x6e 0x82 0xeb 0x7b 0x4f 0x55 0x66 0x6b 0x78 0x95 0x0 0x0 0x29 0xe8 0x9a 0xec 0x0 0x0 0x0 0x0 0xf7 0x2b 0x0 0x80 0x0 0xa4 0xa4 0x0 0x8 0xac 0x5 0x0 0x0
1787980716001,0x1 0x8b 0xd 0x4c 0xa7 0x8a 0x7d 0x2a 0x1d 0x0 0xd 0x7f 0x6f 0x1 0x15 0x1e 0x31 0x1e 0x73 0x1e 0x33 0xc 0x9c 0x2 0x0 0x28 0x65 0x1 0x0 0x89 0x0 0x7f 0x0 0x17 0x0 0xa1 0x0 0x5a 0x5a 0x5a 0x5a 0x5a 0x5a 0x66 0x4 0xfb 0x3 0x5f 0x4 0xf5 0x3 0x66 0x4 0xfc 0x3 0x5e 0x4 0xf5 0x3 0x1f 0x0 0x3 0x92 0x84 0x8c 0x8d 0x4d 0x80 0x4f 0x80 0x6e 0x82 0xeb 0x7b 0x4f 0x55 0x66 0x6b 0x78 0x96 0x0 0x0 0x29 0xe8 0x9a 0xec 0x0 0x0 0x0 0x0 0xf8 0x2b 0x0 0x80 0x0 0xa4 0xa4 0x0 0x8 0xac 0x5 0x0 0x0
1787980716226,0x1 0x8a 0xd 0x4c 0xa7 0x8a 0x7d 0x2a 0x1d 0x0 0xd 0x80 0x77 0x1 0x3c 0x1e 0xfb 0x1d 0x73 0x1f 0x67 0xc 0x9c 0x2 0x0 0x28 0x65 0x1 0x0 0x9e 0x0 0x19 0x0 0x70 0x0 0x80 0x0 0x5b 0x5b 0x5b 0x5b 0x5b 0x5b 0x27 0x4 0xf 0x4 0x1c 0x4 0x12 0x4 0x27 0x4 0x15 0x4 0x1f 0x4 0x12 0x4 0x1f 0x0 0x3 0x8b 0x8f 0x8d 0x8d 0x4d 0x80 0x4f 0x80 0x6e 0x82 0xeb 0x7b 0x4c 0x52 0x66 0x6b 0x78 0x97 0x0 0x0 0x29 0xe8 0x9a 0xec 0x0 0x0 0x0 0x0 0xf8 0x2b 0x0 0x80 0x0 0xa4 0xa4 0x0 0x8 0xb9 0x5 0x0 0x0
1787980716449,0x1 0x8b 0xd 0x4c 0xa7 0x8a 0x7d 0x2a 0x1d 0x0 0xd 0x7e 0x6f 0x1 0x20 0x1d 0x70 0x1d 0x73 0x1f 0x9a 0xc 0x9c 0x2 0x0 0x28 0x65 0x1 0x0 0x80 0x0 0x92 0x0 0x7d 0x0 0x73 0x0 0x5b 0x5b 0x5b 0x5b 0x5b 0x5b 0xf5 0x3 0x1b 0x4 0xee 0x3 0x25 0x4 0x1 0x4 0x1e 0x4 0xee 0x3 0x15 0x4 0x1f 0x0 0x3 0x84 0x95 0x8d 0x8d 0x4d 0x80 0x4f 0x80 0x6e 0x82 0xeb 0x7b 0x4c 0x52 0x65 0x6b 0x78 0x97 0x0 0x0 0x29 0xe8 0x9a 0xec 0x0 0x0 0x0 0x0 0xf9 0x2b 0x0 0x80 0x0 0xa4 0xa4 0x0 0x8 0xac 0x5 0x0 0x0
1787980716672,0x1 0x8b 0xd 0x4c 0xa7 0x8b 0x7c 0xd 0x0 0x0 0xd 0x4a 0x84 0x0 0x88 0xa 0x14 0x10 0x73 0x20 0x89 0xc 0x9c 0x2 0x0 0x28 0x65 0x1 0x0 0x1c 0x0 0xaf 0x0 0x5b 0x0 0x9f 0x0 0x5c 0x5c 0x5c 0x5c 0x5c 0x5c 0x7b 0x2 0x67 0x2 0x4e 0x2 0x3d 0x2 0x26 0x2 0x9d 0x2 0x26 0x2 0x27 0x2 0x25 0x0 0x3 0x8e 0x95 0x8e 0x8d 0x4d 0x80 0x4f 0x80 0x6e 0x82 0xeb 0x7b 0x4c 0x52 0x65 0x6b 0x78 0x8a 0x0 0x0 0x29 0xe8 0x9a 0xec 0x0 0x0 0x0 0x0 0xfc 0x1c 0x0 0x80 0x0 0xa4 0xa4 0x0 0x0 0xac 0x5 0x0 0x0
1787980716896,0x1 0x8b 0xd 0x4c 0xa7 0x8b 0x7c 0xd 0x0 0x0 0xd 0x3f 0x65 0x0 0xac 0x8 0xb7 0x8 0x73 0x20 0xa6 0xb 0x9c 0x2 0x0 0x28 0x65 0x1 0x0 0xb8 0x0 0xb5 0x0 0x97 0x0 0xb5 0x0 0x81 0x81 0x81 0x81 0x81 0x81 0x61 0x1 0x61 0x1 0x63 0x1 0x5f 0x1 0x60 0x1 0x60 0x1 0x63 0x1 0x62 0x1 0x28 0x0 0x3 0x85 0x8a 0x88 0x8b 0x4d 0x80 0x4f 0x80 0x6e 0x82 0xeb 0x7b 0x4c 0x52 0x65 0x6a 0x78 0x6c 0x0 0x0 0x29 0xe8 0x9a 0xec 0x0 0x0 0x0 0x0 0xff 0x13 0x0 0x80 0x0 0xa4 0xa4 0x0 0x0 0xac 0x5 0x0 0x0
1787980717122,0x1 0x89 0xd 0x4c 0xa7 0x8b 0x7c 0xd 0x0 0x0 0xd 0x3a 0x5b 0x0 0xbb 0x7 0x31 0x8 0x73 0x1f 0xc6 0xb 0x9c 0x2 0x0 0x28 0x65 0x1 0x0 0xb4 0x0 0xb0 0x0 0x9a 0x0 0xb4 0x0 0x96 0x96 0x96 0x96 0x96 0x96 0x62 0x1 0x61 0x1 0x61 0x1 0x61 0x1 0x61 0x1 0x60 0x1 0x61 0x1 0x60 0x1 0x28 0x0 0x3 0x81 0x86 0x88 0x8b 0x4d 0x80 0x4f 0x80 0x6e 0x82 0xeb 0x7b 0x4a 0x50 0x65 0x6a 0x78 0x53 0x0 0x0 0x29 0xe8 0x9a 0xec 0x0 0x0 0x0 0x0 0xff 0x13 0x0 0x80 0x0 0xa4 0xa4 0x0 0x0 0xcb 0x5 0x0 0x0
1787980717346,0x1 0x8b 0xd 0x4c 0xa7 0x8b 0x7c 0xd 0x0 0x0 0xd 0x35 0x51 0x0 0x25 0x7 0x4a 0x7 0x73 0x1e 0x56 0xb 0x9c 0x2 0x0 0x28 0x65 0x1 0x0 0xb4 0x0 0xb2 0x0 0x9b 0x0 0xb5 0x0 0x96 0x96 0x96 0x96 0x96 0x96 0x5d 0x1 0x36 0x1 0x5d 0x1 0x5c 0x1 0x5d 0x1 0x5c 0x1 0x5d 0x1 0x5d 0x1 0x28 0x4 0x3 0x7e 0x83 0x88 0x8b 0x4d 0x80 0x4f 0x80 0x6e 0x82 0xeb 0x7b 0x4a 0x50 0x66 0x6a 0x78 0x3d 0x0 0x0 0x29 0xe8 0x9a 0xec 0x0 0x0 0x0 0x0 0xff 0x0 0x0 0x80 0x0 0xa4 0xa4 0x0 0x10 0xac 0x5 0x0 0x0
1787980717569,0x1 0x8b 0xd 0x4c 0xa7 0x8b 0x7c 0xd 0x0 0x0 0xd 0x33 0x4b 0x0 0xe0 0x6 0xe5 0x6 0x73 0x1d 0xe8 0xa 0x9c 0x2 0x0 0x28 0x65 0x3 0x0 0xa1 0x0 0xa0 0x0 0x9a 0x0 0xb4 0x0 0x97 0x97 0x97 0x97 0x97 0x97 0x38 0x1 0x5d 0x1 0x5e 0x1 0x5d 0x1 0x5e 0x1 0x5d 0x1 0x5e 0x1 0x5d 0x1 0x28 0xd 0x3 0x7e 0x83 0x88 0x8b 0x4d 0x80 0x4f 0x80 0x6e 0x82 0xeb 0x7b 0x4a 0x50 0x66 0x6a 0x78 0x3d 0x0 0x0 0x29 0xe8 0x9a 0xec 0x0 0x0 0x0 0x0 0xff 0x0 0x0 0x80 0x0 0xa4 0xa4 0x0 0x10 0xac 0x5 0x0 0x0
1787980717793,0x1 0x8b 0xd 0x4d 0xa7 0x8a 0x7d 0x17 0xa 0x0 0xd 0x4f 0x8c 0x0 0xa0 0xc 0x8e 0xc 0x73 0x1c 0x17 0xb 0x9c 0x2 0x0 0x28 0x65 0x3 0x0 0x8 0x0 0x6 0x0 0x31 0x0 0x46 0x0 0x55 0x55 0x55 0x55 0x55 0x55 0x4 0x2 0xff 0x1 0x3 0x2 0x5 0x2 0x3 0x2 0x3 0x2 0x4 0x2 0x3 0x2 0x26 0x0 0x3 0x86 0x8c 0x86 0x8c 0x4d 0x80 0x4f 0x80 0x6e 0x82 0xeb 0x7b 0x4a 0x50 0x66 0x6a 0x78 0x5d 0x0 0x0 0x29 0xe8 0x9a 0xec 0x0 0x0 0x0 0x0 0xff 0x11 0x0 0x80 0x0 0xa4 0xa4 0x0 0x8 0xac 0x5 0x0 0x0
1787980718018,0x1 0x89 0xd 0x4d 0xa7 0x8a 0x7d 0x18 0xb 0x0 0xd 0x51 0x96 0x0 0xe3 0xd 0xa8 0xd 0x73 0x1c 0xcd 0xa 0x9c 0x2 0x0 0x28 0x65 0x3 0x0 0x70 0x0 0x7d 0x0 0x0 0x0 0x12 0x0 0x56 0x56 0x56 0x56 0x56 0x56 0x24 0x2 0x26 0x2 0x23 0x2 0x22 0x2 0x24 0x2 0x21 0x2 0x27 0x2 0x26 0x2 0x25 0x0 0x3 0x8a 0x90 0x86 0x8c 0x4d 0x80 0x4f 0x80 0x6e 0x82 0xeb 0x7b 0x4a 0x50 0x66 0x6a 0x75 0x5f 0x0 0x0 0x29 0xe8 0x9a 0xec 0x0 0x0 0x0 0x0 0xff 0x13 0x0 0x80 0x0 0xa4 0xa4 0x0 0x8 0xcb 0x5 0x0 0x0
1787980718240,0x1 0x8a 0xd 0x4d 0xa7 0x8a 0x7d 0x19 0xc 0x0 0xd 0x55 0xa0 0x0 0x41 0xf 0x28 0xf 0x73 0x1c 0x7d 0xa 0x9c 0x2 0x0 0x28 0x65 0x3 0x0 0xb6 0x0 0xb4 0x0 0x82 0x0 0xad 0x0 0x57 0x57 0x57 0x57 0x57 0x57 0x3e 0x2 0x53 0x2 0x2e 0x2 0x43 0x2 0x39 0x2 0x4c 0x2 0x40 0x2 0x53 0x2 0x25 0x0 0x3 0x80 0x90 0x84 0x8c 0x4d 0x80 0x4f 0x80 0x6e 0x82 0xeb 0x7b 0x4e 0x54 0x66 0x6a 0x75 0x61 0x0 0x0 0x29 0xe8 0x9a 0xec 0x0 0x0 0x0 0x0 0xff 0x14 0x0 0x80 0x0 0xa4 0xa4 0x0 0x8 0xb9 0x5 0x0 0x0
1787980718464,0x1 0x8b 0xd 0x4d 0xa7 0x8a 0x7d 0x1a 0xc 0x0 0xd 0x57 0xa5 0x0 0x29 0x10 0x18 0x10 0x73 0x1c 0x36 0xa 0x9c 0x2 0x0 0x28 0x65 0x3 0x0 0xb3 0x0 0xb6 0x0 0x9a 0x0 0xb7 0x0 0x58 0x58 0x58 0x58 0x58 0x58 0x52 0x2 0x5d 0x2 0x48 0x2 0x56 0x2 0x4c 0x2 0x59 0x2 0x52 0x2 0x5d 0x2 0x25 0x0 0x3 0x7c 0x87 0x84 0x89 0x4d 0x80 0x4f 0x80 0x6e 0x82 0xeb 0x7b 0x4e 0x54 0x65 0x6a 0x75 0x5f 0x0 0x0 0x29 0xe8 0x9a 0xec 0x0 0x0 0x0 0x0 0xff 0x15 0x0 0x80 0x0 0xa4 0xa4 0x0 0x8 0xac 0x5 0x0 0x0
1787980718690,0x1 0x8b 0xd 0x4d 0xa6 0x8a 0x7d 0x1c 0xf 0x0 0xd 0x5c 0xbe 0x0 0x61 0x13 0xde 0x12 0x73 0x1c 0xce 0x9 0x9c 0x2 0x0 0x28 0x65 0x3 0x0 0xab 0x0 0xb3 0x0 0x97 0x0 0xb6 0x0 0x5b 0x5b 0x5b 0x5b 0x5b 0x5b 0x84 0x2 0x99 0x2 0x93 0x2 0xa3 0x2 0x9c 0x2 0xaf 0x2 0xa2 0x2 0xaf 0x2 0x24 0x0 0x3 0x78 0x83 0x84 0x89 0x4d 0x80 0x4f 0x80 0x6e 0x82 0xeb 0x7b 0x4e 0x54 0x65 0x6a 0x75 0x6b 0x0 0x0 0x29 0xe8 0x9a 0xec 0x0 0x0 0x0 0x0 0xfb 0x1a 0x0 0x80 0x0 0xa4 0xa4 0x0 0x8 0xac 0x5 0x0 0x0
1787980718914,0x1 0x89 0xd 0x4d 0xa6 0x8a 0x7d 0x1d 0xf 0x0 0xd 0x5b 0xba 0x0 0x37 0x17 0x5 0x17 0x73 0x1c 0x3 0x8 0x9d 0x2 0x0 0x28 0x65 0x3 0x0 0x95 0x0 0xac 0x0 0x92 0x0 0xb3 0x0 0x63 0x63 0x63 0x63 0x63 0x63 0x21 0x3 0x34 0x3 0x26 0x3 0x1d 0x3 0x15 0x3 0x2b 0x3 0x26 0x3 0x36 0x3 0x23 0x0 0x3 0x74 0x7f 0x84 0x89 0x4d 0x80 0x4f 0x80 0x6e 0x82 0xeb 0x7b 0x4e 0x54 0x65 0x69 0xe7 0x61 0x0 0x0 0x29 0xe8 0x9a 0xec 0x0 0x0 0x0 0x0 0xef 0x22 0x0 0x80 0x0 0xa4 0xa4 0x0 0x8 0xcb 0x5 0x0 0x0
1787980719137,0x1 0x89 0xd 0x4d 0xa6 0x8a 0x7d 0x1d 0xf 0x0 0xd 0x5c 0xc0 0x0 0x66 0x1d 0xb1 0x1c 0x73 0x1d 0x88 0x6 0x9d 0x2 0x0 0x28 0x65 0x3 0x0 0x32 0x0 0xa5 0x0 0x8c 0x0 0xaf 0x0 0x6b 0x6b 0x6b 0x6b 0x6b 0x6b 0xda 0x3 0xdb 0x3 0xef 0x3 0xe5 0x3 0xfd 0x3 0xc0 0x3 0xfd 0x3 0xeb 0x3 0x24 0x0 0x3 0x87 0x88 0x8b 0x96 0x4d 0x80 0x4f 0x80 0x6e 0x82 0xeb 0x7b 0x58 0x5f 0x65 0x69 0x27 0x58 0x0 0x0 0x29 0xe8 0x9a 0xec 0x0 0x0 0x0 0x0 0xee 0x26 0x33 0x73 0x0 0xa4 0xa4 0x0 0x8 0xcb 0x5 0x0 0x0
1787980719360,0x1 0x8c 0xd 0x4d 0xa6 0x8a 0x7d 0x1d 0xf 0x0 0xd 0x5c 0xb4 0x0 0x9f 0x1a 0x5b 0x1b 0x73 0x1d 0xc3 0x6 0x9d 0x2 0x0 0x28 0x65 0x3 0x0 0x2a 0x0 0xad 0x0 0x87 0x0 0xb0 0x0 0x69 0x69 0x69 0x69 0x69 0x69 0xe2 0x3 0xbc 0x3 0xdb 0x3 0xb2 0x3 0xd9 0x3 0xa8 0x3 0xd1 0x3 0xa8 0x3 0x24 0x0 0x3 0x8a 0x85 0x8b 0x96 0x4d 0x80 0x4f 0x80 0x6e 0x82 0xeb 0x7b 0x58 0x5f 0x64 0x69 0xa7 0x50 0x0 0x0 0x29 0xe8 0x9a 0xec 0x0 0x0 0x0 0x0 0xea 0x26 0x33 0x73 0x0 0xa4 0xa4 0x0 0x8 0x9f 0x5 0x0 0x0
1787980719584,0x1 0x8c 0xd 0x4d 0xa6 0x8a 0x7d 0x1d 0xf 0x0 0xd 0x5a 0xaf 0x0 0xed 0x19 0x43 0x1a 0x73 0x1d 0xc0 0x6 0x9d 0x2 0x0 0x28 0x65 0x1 0x0 0x8e 0x0 0xa1 0x0 0x87 0x0 0xaf 0x0 0x68 0x68 0x68 0x68 0x68 0x68 0x92 0x3 0x81 0x3 0xb4 0x3 0x7d 0x3 0x98 0x3 0x78 0x3 0x92 0x3 0x74 0x3 0x24 0x0 0x3 0x84 0x82 0x85 0x96 0x4d 0x80 0x4f 0x80 0x6e 0x82 0xeb 0x7b 0x58 0x5f 0x64 0x69 0x27 0x49 0x0 0x0 0x29 0xe8 0x9a 0xec 0x0 0x0 0x0 0x0 0xea 0x25 0x33 0x73 0x0 0xa4 0xa4 0x0 0x8 0x9f 0x5 0x0 0x0
1787980719808,0x1 0x8b 0xd 0x4d 0xa6 0x89 0x7d 0x16 0x9 0x0 0xd 0x48 0x7b 0x0 0x86 0x12 0x71 0x14 0x73 0x1e 0xa4 0x6 0x9d 0x2 0x0 0x28 0x65 0x1 0x0 0x25 0x0 0x78 0x0 0x84 0x0 0xaa 0x0 0x65 0x65 0x65 0x65 0x65 0x65 0xc7 0x2 0x94 0x2 0xf0 0x2 0xb8 0x2 0xdc 0x2 0x9f 0x2 0xc3 0x2 0x94 0x2 0x26 0x0 0x3 0x8b 0x7f 0x87 0x96 0x4d 0x80 0x4f 0x80 0x6e 0x82 0xeb 0x7b 0x58 0x5f 0x64 0x68 0x27 0x40 0x0 0x0 0x29 0xe8 0x9a 0xec 0x0 0x0 0x0 0x0 0xf0 0x1e 0x33 0x73 0x0 0xa4 0xa4 0x0 0x8 0xac 0x5 0x0 0x0
1787980720032,0x1 0x8a 0xd 0x4d 0xa6 0x89 0x7d 0xf 0x3 0x0 0xd 0x38 0x55 0x0 0x1a 0xd 0x40 0x10 0x73 0x1e 0x7d 0x6 0x9d 0x2 0x0 0x28 0x65 0x1 0x0 0x1f 0x0 0x4d 0x0 0x82 0x0 0xa7 0x0 0x62 0x62 0x62 0x62 0x62 0x62 0x44 0x2 0xb 0x2 0x2f 0x2 0x37 0x2 0x5d 0x2 0x22 0x2 0x2f 0x2 0x2 0x2 0x28 0x0 0x3 0x8d 0x84 0x87 0x96 0x4d 0x80 0x4f 0x80 0x6e 0x82 0xeb 0x7b 0x58 0x5f 0x64 0x68 0xe7 0x3b 0x0 0x0 0x29 0xe8 0x9a 0xec 0x0 0x0 0x0 0x0 0xf7 0x19 0x33 0x73 0x0 0xa4 0xa4 0x0 0x8 0xb9 0x5 0x0 0x0
1787980720257,0x1 0x8c 0xd 0x4d 0xa6 0x89 0x7d 0xd 0x0 0x0 0xd 0x32 0x4b 0x0 0x2 0xc 0xb3 0xc 0x73 0x1e 0x3f 0x6 0x9d 0x2 0x0 0x28 0x65 0x1 0x0 0x89 0x0 0x38 0x0 0x81 0x0 0xa3 0x0 0x6e 0x6e 0x6e 0x6e 0x6e 0x6e 0xd9 0x1 0xbb 0x1 0xd4 0x1 0xca 0x1 0xe0 0x1 0xc2 0x1 0xd4 0x1 0xba 0x1 0x29 0x0 0x3 0x87 0x86 0x89 0x8c 0x4d 0x80 0x4f 0x80 0x6e 0x82 0xeb 0x7b 0x58 0x5f 0x65 0x68 0xe7 0x3a 0x0 0x0 0x29 0xe8 0x9a 0xec 0x0 0x0 0x0 0x0 0xff 0x11 0x33 0x73 0x0 0xa4 0xa4 0x0 0x0 0x9f 0x5 0x0 0x0
1787980720480,0x1 0x8a 0xd 0x4d 0xa6 0x89 0x7d 0xd 0x0 0x0 0xd 0x32 0x4a 0x0 0x5e 0xc 0x35 0xc 0x73 0x1e 0xfc 0x5 0x9d 0x2 0x0 0x28 0x65 0x1 0x0 0xaf 0x0 0x99 0x0 0x81 0x0 0xa2 0x0 0x7a 0x7a 0x7a 0x7a 0x7a 0x7a 0xbe 0x1 0xb8 0x1 0xbf 0x1 0xb6 0x1 0xbd 0x1 0xb7 0x1 0xbf 0x1 0xb8 0x1 0x29 0x0 0x3 0x86 0x87 0x89 0x8c 0x4d 0x80 0x4f 0x80 0x6e 0x82 0xeb 0x7b 0x58 0x5f 0x65 0x68 0x2d 0x3d 0x46 0x5 0x29 0xe8 0x9a 0xec 0x0 0x0 0x0 0x0 0xff 0x11 0x33 0x73 0x0 0xa4 0xa4 0x0 0x0 0xb9 0x5 0x0 0x0
1787980720705,0x1 0x8a 0xd 0x4d 0xa6 0x89 0x7d 0xd 0x0 0x0 0xd 0x2f 0x47 0x0 0x1 0xc 0x73 0xc 0x73 0x1d 0xea 0x5 0x9d 0x2 0x0 0x28 0x65 0x1 0x0 0xab 0x0 0x9e 0x0 0x85 0x0 0xa1 0x0 0x84 0x84 0x84 0x84 0x84 0x84 0xc9 0x1 0xc2 0x1 0xc8 0x1 0xc3 0x1 0xc8 0x1 0xc3 0x1 0xc7 0x1 0xc2 0x1 0x29 0x0 0x3 0x84 0x7f 0x89 0x8c 0x4d 0x80 0x4f 0x80 0x6e 0x82 0xeb 0x7b 0x58 0x5f 0x65 0x68 0xd 0x39 0x26 0x1 0x29 0xe8 0x9a 0xec 0x0 0x0 0x0 0x0 0xff 0x11 0x33 0x73 0x0 0xa4 0xa4 0x0 0x0 0xb9 0x5 0x0 0x0
1787980720929,0x1 0x89 0xd 0x4d 0xa6 0x89 0x7d 0xd 0x0 0x0 0xd 0x30 0x47 0x0 0x33 0xc 0x5b 0xc 0x73 0x1d 0xd2 0x5 0x9d 0x2 0x0 0x28 0x65 0x1 0x0 0xa4 0x0 0x9e 0x0 0x87 0x0 0xa0 0x0 0x8d 0x8d 0x8d 0x8d 0x8d 0x8d 0xc2 0x1 0xb4 0x1 0xc4 0x1 0xb3 0x1 0xc3 0x1 0xb2 0x1 0xc2 0x1 0xb3 0x1 0x29 0x0 0x3 0x82 0x7e 0x89 0x81 0x4d 0x80 0x4f 0x80 0x6e 0x82 0xeb 0x7b 0x58 0x5f 0x65 0x69 0xe7 0x36 0x0 0x0 0x29 0xe8 0x9a 0xec 0x0 0x0 0x0 0x0 0xff 0x11 0x33 0x73 0x0 0xa4 0xa4 0x0 0x0 0xcb 0x5 0x0 0x0
1787980721153,0x1 0x8a 0xd 0x4d 0xa6 0x89 0x7d 0xd 0x0 0x0 0xd 0x32 0x4a 0x0 0x31 0xd 0x8d 0xc 0x73 0x1d 0x9c 0x5 0x9d 0x2 0x0 0x28 0x65 0x1 0x0 0xa3 0x0 0x9d 0x0 0x88 0x0 0x9f 0x0 0x97 0x97 0x97 0x97 0x97 0x97 0xc2 0x1 0xb3 0x1 0xc5 0x1 0xb5 0x1 0xc6 0x1 0xb2 0x1 0xc6 0x1 0xb5 0x1 0x2a 0x0 0x3 0x80 0x7c 0x89 0x81 0x4d 0x80 0x4f 0x80 0x6e 0x82 0xeb 0x7b 0x58 0x5f 0x65 0x69 0x2d 0x3a 0x46 0x5 0x29 0xe8 0x9a 0xec 0x0 0x0 0x0 0x0 0xff 0x12 0x33 0x73 0x0 0xa4 0xa4 0x0 0x0 0xb9 0x5 0x0 0x0
1787980721375,0x1 0x8b 0xd 0x4d 0xa6 0x89 0x7d 0xd 0x0 0x0 0xd 0x30 0x47 0x0 0x14 0xd 0xff 0xc 0x73 0x1c 0x6e 0x5 0x9d 0x2 0x0 0x28 0x65 0x1 0x0 0x91 0x0 0x66 0x0 0x87 0x0 0x9e 0x0 0xa0 0xa0 0xa0 0xa0 0xa0 0xa0 0xd2 0x1 0xc0 0x1 0xd2 0x1 0xbd 0x1 0xcf 0x1 0xbf 0x1 0xd2 0x1 0xc0 0x1 0x2a 0x0 0x3 0x7e 0x7a 0x89 0x81 0x4d 0x80 0x4f 0x80 0x6e 0x82 0xeb 0x7b 0x58 0x5f 0x66 0x69 0x2d 0x39 0x46 0x5 0x29 0xe8 0x9a 0xec 0x0 0x0 0x0 0x0 0xff 0x11 0x33 0x73 0x0 0xa4 0xa4 0x0 0x0 0xac 0x5 0x0 0x0
1787980721599,0x1 0x8b 0xd 0x4d 0xa6 0x89 0x7d 0xd 0x0 0x0 0xd 0x30 0x48 0x0 0x86 0xd 0x3b 0xd 0x73 0x1c 0x53 0x5 0x9d 0x2 0x0 0x28 0x65 0x1 0x0 0x2c 0x0 0x1f 0x0 0x86 0x0 0x9c 0x0 0x9f 0x9f 0x9f 0x9f 0x9f 0x9f 0xe3 0x1 0xd3 0x1 0xe5 0x1 0xd5 0x1 0xe6 0x1 0xd6 0x1 0xe6 0x1 0xd6 0x1 0x2a 0x0 0x3 0x86 0x82 0x86 0x80 0x4d 0x80 0x4f 0x80 0x6e 0x82 0xeb 0x7b 0x58 0x5f 0x66 0x69 0x2d 0x38 0x46 0x5 0x29 0xe8 0x9a 0xec 0x0 0x0 0x0 0x0 0xff 0x10 0x33 0x73 0x0 0xa4 0xa4 0x0 0x0 0xac 0x5 0x0 0x0
1787980721823,0x1 0x89 0xd 0x4d 0xa6 0x89 0x7d 0xd 0x0 0x0 0xd 0x30 0x49 0x0 0xc8 0xd 0x77 0xd 0x73 0x1b 0x4c 0x5 0x9d 0x2 0x0 0x28 0x65 0x1 0x0 0x10 0x0 0x10 0x0 0x82 0x0 0x92 0x0 0x9e 0x9e 0x9e 0x9e 0x9e 0x9e 0xee 0x1 0xdf 0x1 0xf0 0x1 0xdc 0x1 0xec 0x1 0xde 0x1 0xf0 0x1 0xe0 0x1 0x2a 0x0 0x3 0x87 0x84 0x86 0x80 0x4d 0x80 0x4f 0x80 0x6e 0x82 0xeb 0x7b 0x58 0x5f 0x66 0x6a 0x2d 0x38 0x46 0x5 0x29 0xe8 0x9a 0xec 0x0 0x0 0x0 0x0 0xff 0x11 0x33 0x73 0x0 0xa4 0xa4 0x0 0x0 0xcb 0x5 0x0 0x0
1787980722047,0x1 0x8a 0xd 0x4d 0xa6 0x89 0x7d 0xd 0x0 0x0 0xd 0x2f 0x47 0x0 0x9b 0xd 0x8e 0xd 0x73 0x1a 0x38 0x5 0x9d 0x2 0x0 0x28 0x65 0x1 0x0 0x10 0x0 0xf 0x0 0x7d 0x0 0x80 0x0 0x9f 0x9f 0x9f 0x9f 0x9f 0x9f 0xf4 0x1 0xe5 0x1 0xf4 0x1 0xe4 0x1 0xf5 0x1 0xe5 0x1 0xf6 0x1 0xe5 0x1 0x2a 0x0 0x3 0x89 0x85 0x86 0x80 0x4d 0x80 0x4f 0x80 0x6e 0x82 0xeb 0x7b 0x59 0x60 0x66 0x6a 0x2d 0x36 0x46 0x5 0x29 0xe8 0x9a 0xec 0x0 0x0 0x0 0x0 0xff 0x11 0x33 0x73 0x0 0xa4 0xa4 0x0 0x0 0xb9 0x5 0x0 0x0
1787980722271,0x1 0x8b 0xd 0x4d 0xa6 0x88 0x7e 0xd 0x0 0x0 0xd 0x2f 0x46 0x0 0xb1 0xd 0xab 0xd 0x73 0x1a 0x1d 0x5 0x9d 0x2 0x0 0x28 0x65 0x1 0x0 0x14 0x0 0x11 0x0 0x7c 0x0 0x76 0x0 0x9e 0x9e 0x9e 0x9e 0x9e 0x9e 0xfc 0x1 0xec 0x1 0xfd 0x1 0xeb 0x1 0xfc 0x1 0xec 0x1 0xfd 0x1 0xed 0x1 0x2b 0x0 0x3 0x8a 0x87 0x86 0x80 0x4d 0x80 0x4f 0x80 0x6e 0x82 0xeb 0x7b 0x59 0x60 0x67 0x6a 0x2d 0x35 0x46 0x5 0x29 0xe8 0x9a 0xec 0x0 0x0 0x0 0x0 0xff 0x10 0x33 0x73 0x0 0xa4 0xa4 0x0 0x0 0xac 0x5 0x0 0x0
1787980722495,0x1 0x8b 0xd 0x4d 0xa6 0x88 0x7e 0xd 0x0 0x0 0xd 0x2f 0x47 0x0 0x17 0xe 0xcb 0xd 0x73 0x19 0xa 0x5 0x9d 0x2 0x0 0x28 0x65 0x1 0x0 0x2d 0x0 0x1f 0x0 0x7b 0x0 0x78 0x0 0x9d 0x9d 0x9d 0x9d 0x9d 0x9d 0x1 0x2 0xf2 0x1 0x2 0x2 0xf2 0x1 0x4 0x2 0xf3 0x1 0x4 0x2 0xf3 0x1 0x2b 0x0 0x3 0x8c 0x88 0x86 0x80 0x4d 0x80 0x4f 0x80 0x6e 0x82 0xeb 0x7b 0x59 0x60 0x67 0x6a 0x2d 0x35 0x46 0x5 0x29 0xe8 0x9a 0xec 0x0 0x0 0x0 0x0 0xff 0x10 0x33 0x73 0x0 0xa4 0xa4 0x0 0x0 0xac 0x5 0x0 0x0
1787980722718,0x1 0x89 0xd 0x4d 0xa6 0x88 0x7e 0xd 0x0 0x0 0xd 0x2f 0x46 0x0 0x39 0xe 0xf9 0xd 0x73 0x19 0xec 0x4 0x9d 0x2 0x0 0x28 0x65 0x1 0x0 0x8a 0x0 0x6d 0x0 0x7a 0x0 0x7c 0x0 0x9c 0x9c 0x9c 0x9c 0x9c 0x9c 0xff 0x1 0xfc 0x1 0xa 0x2 0xfb 0x1 0xfd 0x1 0xfc 0x1 0xff 0x1 0xfc 0x1 0x2b 0x0 0x3 0x85 0x8a 0x85 0x80 0x4d 0x80 0x4f 0x80 0x6e 0x82 0xeb 0x7b 0x59 0x60 0x67 0x6a 0x2d 0x34 0x46 0x5 0x29 0xe8 0x9a 0xec 0x0 0x0 0x0 0x0 0xff 0x10 0x33 0x73 0x0 0xa4 0xa4 0x0 0x0 0xcb 0x5 0x0 0x0
1787980722942,0x1 0x8a 0xd 0x4d 0xa6 0x88 0x7e 0xd 0x0 0x0 0xd 0x2e 0x44 0x0 0x1e 0xe 0x18 0xe 0x73 0x18 0xd1 0x4 0x9d 0x2 0x0 0x28 0x65 0x1 0x0 0xa7 0x0 0x9a 0x0 0x79 0x0 0x7f 0x0 0x9c 0x9c 0x9c 0x9c 0x9c 0x9c 0x0 0x2 0x1 0x2 0x0 0x2 0x0 0x2 0x1 0x2 0x1 0x2 0x0 0x2 0x2 0x2 0x2b 0x0 0x3 0x84 0x8a 0x85 0x80 0x4d 0x80 0x4f 0x80 0x6e 0x82 0xeb 0x7b 0x59 0x60 0x67 0x6b 0x2d 0x33 0x46 0x5 0x29 0xe8 0x9a 0xec 0x0 0x0 0x0 0x0 0xff 0x10 0x33 0x73 0x0 0xa4 0xa4 0x0 0x0 0xb9 0x5 0x0 0x0
1787980723166,0x1 0x8b 0xd 0x4d 0xa7 0x88 0x7e 0xd 0x0 0x0 0xd 0x2d 0x44 0x0 0x78 0xe 0x42 0xe 0x73 0x17 0xb3 0x4 0x9c 0x2 0x0 0x28 0x65 0x1 0x0 0xa5 0x0 0xa6 0x0 0x79 0x0 0x82 0x0 0x9b 0x9b 0x9b 0x9b 0x9b 0x9b 0x4 0x2 0xf9 0x1 0x3 0x2 0xf9 0x1 0x4 0x2 0xf9 0x1 0x4 0x2 0xf9 0x1 0x2c 0x0 0x3 0x82 0x82 0x85 0x82 0x4d 0x80 0x4f 0x80 0x6e 0x82 0xeb 0x7b 0x59 0x60 0x67 0x6b 0x2d 0x32 0x46 0x5 0x29 0xe8 0x9a 0xec 0x0 0x0 0x0 0x0 0xff 0xe 0x33 0x73 0x0 0xa4 0xa4 0x0 0x0 0xac 0x5 0x0 0x0
1787980723392,0x1 0x8b 0xd 0x4d 0xa7 0x88 0x7e 0xd 0x0 0x0 0xd 0x2d 0x43 0x0 0xa9 0xe 0x4f 0xe 0x73 0x17 0x92 0x4 0x9c 0x2 0x0 0x28 0x65 0x1 0x0 0x99 0x0 0xa5 0x0 0x78 0x0 0x84 0x0 0xa0 0xa0 0xa0 0xa0 0xa0 0xa0 0x1 0x2 0xf7 0x1 0x3 0x2 0xf7 0x1 0x3 0x2 0xf9 0x1 0x4 0x2 0xf9 0x1 0x2d 0x0 0x3 0x81 0x80 0x85 0x82 0x4d 0x80 0x4f 0x80 0x6e 0x82 0xeb 0x7b 0x59 0x60 0x68 0x6b 0xbb 0x30 0x46 0x5 0x29 0xe8 0x9a 0xec 0x0 0x0 0x0 0x0 0xff 0xd 0x33 0x73 0x0 0xa4 0xa4 0x0 0x4 0xac 0x5 0x0 0x0
1787980723616,0x1 0x89 0xd 0x4d 0xa7 0x88 0x7e 0xd 0x0 0x0 0xd 0x2a 0x3f 0x0 0x9f 0xe 0x79 0xe 0x73 0x17 0x4f 0x4 0x9c 0x2 0x0 0x28 0x65 0x1 0x0 0x39 0x0 0x96 0x0 0x77 0x0 0x86 0x0 0xb2 0xb2 0xb2 0xb2 0xb2 0xb2 0x14 0x2 0xfb 0x1 0x3 0x2 0xf8 0x1 0x4 0x2 0xfa 0x1 0x16 0x2 0xfb 0x1 0x2e 0x0 0x3 0x88 0x7f 0x86 0x82 0x4d 0x80 0x4f 0x80 0x6e 0x82 0xeb 0x7b 0x59 0x60 0x68 0x6b 0x95 0x29 0x20 0xff 0x29 0xe8 0x9a 0xec 0x0 0x0 0x0 0x0 0xff 0xc 0x33 0x73 0x0 0xa4 0xa4 0x0 0x4 0xcb 0x5 0x0 0x0
1787980723840,0x1 0x89 0xd 0x4d 0xa7 0x88 0x7e 0xd 0x0 0x0 0xd 0x29 0x3c 0x0 0xea 0xe 0xad 0xe 0x73 0x16 0x6 0x4 0x9c 0x2 0x0 0x28 0x65 0x1 0x0 0x13 0x0 0x2c 0x0 0x72 0x0 0x87 0x0 0xaf 0xaf 0xaf 0xaf 0xaf 0xaf 0x20 0x2 0x1 0x2 0x1e 0x2 0xf 0x2 0x1f 0x2 0xf 0x2 0x20 0x2 0x11 0x2 0x30 0x0 0x3 0x89 0x86 0x86 0x84 0x4d 0x80 0x4f 0x80 0x6e 0x82 0xeb 0x7b 0x59 0x60 0x68 0x6c 0xb5 0x38 0x80 0xff 0x29 0xe8 0x9a 0xec 0x0 0x0 0x0 0x0 0xff 0xa 0x33 0x73 0x0 0xa4 0xa4 0x0 0x4 0xcb 0x5 0x0 0x0
1787980724064,0x1 0x8b 0xd 0x4d 0xa7 0x88 0x7e 0xd 0x0 0x0 0xd 0x29 0x3d 0x0 0xc2 0xf 0x3c 0xf 0x73 0x15 0xdf 0x3 0x9c 0x2 0x0 0x28 0x65 0x1 0x0 0xe 0x0 0x10 0x0 0x47 0x0 0x76 0x0 0xb0 0xb0 0xb0 0xb0 0xb0 0xb0 0x37 0x2 0x1b 0x2 0x2d 0x2 0x1e 0x2 0x31 0x2 0x23 0x2 0x37 0x2 0x26 0x2 0x31 0x0 0x3 0x8a 0x87 0x86 0x84 0x4d 0x80 0x4f 0x80 0x6e 0x82 0xeb 0x7b 0x59 0x60 0x68 0x6c 0xa1 0x2f 0x6c 0xfd 0x29 0xe8 0x9a 0xec 0x0 0x0 0x0 0x0 0xff 0x9 0x33 0x73 0x0 0xa4 0xa4 0x0 0x4 0xac 0x5 0x0 0x0
1787980724288,0x1 0x8b 0xd 0x4c 0xa7 0x88 0x7e 0xd 0x0 0x0 0xd 0x29 0x3e 0x0 0x4c 0x10 0x84 0xf 0x73 0x15 0xce 0x3 0x9c 0x2 0x0 0x28 0x65 0x1 0x0 0xd 0x0 0xc 0x0 0x21 0x0 0x39 0x0 0xb0 0xb0 0xb0 0xb0 0xb0 0xb0 0x40 0x2 0x2e 0x2 0x3e 0x2 0x31 0x2 0x44 0x2 0x35 0x2 0x46 0x2 0x35 0x2 0x31 0x0 0x3 0x8c 0x89 0x86 0x84 0x4d 0x80 0x4f 0x80 0x6e 0x82 0xeb 0x7b 0x59 0x60 0x69 0x6c 0x55 0x26 0xe0 0xfb 0x29 0xe8 0x9a 0xec 0x0 0x0 0x0 0x0 0xff 0x9 0x33 0x73 0x0 0xa4 0xa4 0x0 0x4 0xac 0x5 0x0 0x0
1787980724512,0x1 0x8b 0xd 0x4c 0xa7 0x88 0x7e 0xd 0x0 0x0 0xd 0x27 0x39 0x0 0x2b 0xf 0x62 0xf 0x73 0x14 0xc2 0x3 0x9c 0x2 0x0 0x28 0x65 0x1 0x0 0xe 0x0 0xc 0x0 0xd 0x0 0x1e 0x0 0xb0 0xb0 0xb0 0xb0 0xb0 0xb0 0x48 0x2 0x35 0x2 0x46 0x2 0x37 0x2 0x48 0x2 0x37 0x2 0x48 0x2 0x37 0x2 0x31 0x0 0x3 0x8d 0x8a 0x86 0x84 0x4d 0x80 0x4f 0x80 0x6e 0x82 0xeb 0x7b 0x59 0x60 0x69 0x6c 0x5d 0x27 0xe8 0xfc 0x29 0xe8 0x9a 0xec 0x0 0x0 0x0 0x0 0xff 0x9 0x33 0x73 0x0 0xa4 0xa4 0x0 0x4 0xac 0x5 0x0 0x0
1787980724734,0x1 0x89 0xd 0x4c 0xa7 0x88 0x7e 0xd 0x0 0x0 0xd 0x27 0x39 0x0 0x69 0xf 0x73 0xf 0x73 0x14 0xb3 0x3 0x9c 0x2 0x0 0x28 0x65 0x1 0x0 0x10 0x0 0x10 0x0 0x7 0x0 0x16 0x0 0xb0 0xb0 0xb0 0xb0 0xb0 0xb0 0x51 0x2 0x41 0x2 0x52 0x2 0x3e 0x2 0x51 0x2 0x41 0x2 0x52 0x2 0x42 0x2 0x32 0x0 0x3 0x8f 0x8c 0x86 0x84 0x4d 0x80 0x4f 0x80 0x6e 0x82 0xeb 0x7b 0x59 0x60 0x69 0x6c 0x5d 0x26 0xe8 0xfc 0x29 0xe8 0x9a 0xec 0x0 0x0 0x0 0x0 0xff 0x8 0x33 0x73 0x0 0xa4 0xa4 0x0 0x4 0xcb 0x5 0x0 0x0
1787980724960,0x1 0x8b 0xd 0x4c 0xa7 0x88 0x7e 0xd 0x0 0x0 0xd 0x26 0x39 0x0 0xd8 0xf 0x8a 0xf 0x73 0x14 0x99 0x3 0x9c 0x2 0x0 0x28 0x65 0x1 0x0 0x16 0x0 0x2a 0x0 0x9 0x0 0x15 0x0 0xaf 0xaf 0xaf 0xaf 0xaf 0xaf 0x5e 0x2 0x47 0x2 0x59 0x2 0x4a 0x2 0x5d 0x2 0x4d 0x2 0x5e 0x2 0x4d 0x2 0x33 0x0 0x3 0x91 0x8e 0x86 0x84 0x4d 0x80 0x4f 0x80 0x6e 0x82 0xeb 0x7b 0x59 0x60 0x69 0x6d 0x65 0x26 0xf0 0xfd 0x29 0xe8 0x9a 0xec 0x0 0x0 0x0 0x0 0xff 0x8 0x33 0x73 0x0 0xa4 0xa4 0x0 0x4 0xac 0x5 0x0 0x0
1787980725183,0x1 0x8b 0xd 0x4c 0xa7 0x87 0x7f 0xd 0x0 0x0 0xd 0x25 0x36 0x0 0x13 0xf 0x7a 0xf 0x73 0x13 0x95 0x3 0x9c 0x2 0x0 0x28 0x65 0x1 0x0 0x40 0x0 0x81 0x0 0xa 0x0 0x17 0x0 0xaf 0xaf 0xaf 0xaf 0xaf 0xaf 0x62 0x2 0x50 0x2 0x61 0x2 0x50 0x2 0x61 0x2 0x50 0x2 0x62 0x2 0x50 0x2 0x33 0x0 0x3 0x92 0x8f 0x86 0x84 0x4d 0x80 0x4f 0x80 0x6e 0x82 0xeb 0x7b 0x59 0x60 0x69 0x6d 0x9d 0x34 0xe8 0xfc 0x29 0xe8 0x9a 0xec 0x0 0x0 0x0 0x0 0xff 0x8 0x33 0x73 0x0 0xa4 0xa4 0x0 0x4 0xac 0x5 0x0 0x0
1787980725408,0x1 0x8a 0xd 0x4c 0xa7 0x87 0x7f 0xd 0x0 0x0 0xd 0x26 0x39 0x0 0x2d 0x10 0x96 0xf 0x73 0x12 0x86 0x3 0x9c 0x2 0x0 0x28 0x65 0x1 0x0 0x81 0x0 0xa0 0x0 0xc 0x0 0x19 0x0 0xae 0xae 0xae 0xae 0xae 0xae 0x68 0x2 0x54 0x2 0x59 0x2 0x56 0x2 0x64 0x2 0x52 0x2 0x5b 0x2 0x56 0x2 0x33 0x0 0x3 0x8c 0x87 0x8a 0x84 0x4d 0x80 0x4f 0x80 0x6e 0x82 0xeb 0x7b 0x59 0x60 0x6a 0x6d 0x65 0x26 0xf0 0xfd 0x29 0xe8 0x9a 0xec 0x0 0x0 0x0 0x0 0xff 0x8 0x33 0x73 0x0 0xa4 0xa4 0x0 0x4 0xb9 0x5 0x0 0x0
1787980725630,0x1 0x89 0xd 0x4c 0xa7 0x87 0x7f 0xd 0x0 0x0 0xd 0x24 0x36 0x0 0x88 0xf 0xe9 0xf 0x73 0x12 0x7a 0x3 0x9c 0x2 0x0 0x28 0x65 0x1 0x0 0x9b 0x0 0xa6 0x0 0xe 0x0 0x1b 0x0 0xae 0xae 0xae 0xae 0xae 0xae 0x69 0x2 0x53 0x2 0x60 0x2 0x4f 0x2 0x67 0x2 0x54 0x2 0x67 0x2 0x53 0x2 0x33 0x0 0x3 0x8a 0x86 0x8a 0x86 0x4d 0x80 0x4f 0x80 0x6e 0x82 0xeb 0x7b 0x59 0x60 0x6a 0x6d 0x65 0x21 0xf0 0xfd 0x29 0xe8 0x9a 0xec 0x0 0x0 0x0 0x0 0xff 0x7 0x33 0x73 0x0 0xa4 0xa4 0x0 0x4 0xcb 0x5 0x0 0x0
1787980725856,0x1 0x8a 0xd 0x4c 0xa7 0x87 0x7f 0xd 0x0 0x0 0xd 0x24 0x33 0x0 0xd6 0xe 0x94 0xf 0x73 0x12 0x70 0x3 0x9c 0x2 0x0 0x28 0x65 0x1 0x0 0x9c 0x0 0xa2 0x0 0xf 0x0 0x1c 0x0 0xae 0xae 0xae 0xae 0xae 0xae 0x64 0x2 0x4e 0x2 0x60 0x2 0x4b 0x2 0x5d 0x2 0x52 0x2 0x5d 0x2 0x4a 0x2 0x33 0x0 0x3 0x89 0x85 0x8a 0x86 0x4d 0x80 0x4f 0x80 0x6e 0x82 0xeb 0x7b 0x59 0x60 0x6a 0x6e 0x65 0x21 0xf0 0xfd 0x29 0xe8 0x9a 0xec 0x0 0x0 0x0 0x0 0xff 0x7 0x33 0x73 0x0 0xa4 0xa4 0x0 0x4 0xb9 0x5 0x0 0x0
1787980726079,0x1 0x8a 0xd 0x4c 0xa7 0x87 0x7f 0xd 0x0 0x0 0xd 0x27 0x3a 0x0 0x73 0x11 0xe4 0xf 0x73 0x11 0x53 0x3 0x9c 0x2 0x0 0x28 0x65 0x1 0x0 0x9c 0x0 0xa1 0x0 0x10 0x0 0x1e 0x0 0xab 0xab 0xab 0xab 0xab 0xab 0x64 0x2 0x54 0x2 0x6b 0x2 0x47 0x2 0x5b 0x2 0x4d 0x2 0x6b 0x2 0x57 0x2 0x33 0x0 0x3 0x88 0x83 0x8a 0x86 0x4d 0x80 0x4f 0x80 0x6e 0x82 0xeb 0x7b 0x5c 0x63 0x6a 0x6e 0x6d 0x27 0xf8 0xfe 0x29 0xe8 0x9a 0xec 0x0 0x0 0x0 0x0 0xff 0x7 0x33 0x73 0x0 0xa4 0xa4 0x0 0x4 0xb9 0x5 0x0 0x0
1787980726302,0x1 0x8b 0xd 0x4c 0xa7 0x87 0x7f 0xd 0x0 0x0 0xd 0x26 0x3a 0x0 0xd9 0x11 0xa3 0x10 0x73 0x11 0x40 0x3 0x9c 0x2 0x0 0x28 0x65 0x1 0x0 0x9c 0x0 0xa0 0x0 0x11 0x0 0x1e 0x0 0xac 0xac 0xac 0xac 0xac 0xac 0x87 0x2 0x65 0x2 0x7d 0x2 0x6b 0x2 0x83 0x2 0x70 0x2 0x87 0x2 0x72 0x2 0x33 0x0 0x3 0x86 0x82 0x8a 0x86 0x4d 0x80 0x4f 0x80 0x6e 0x82 0xeb 0x7b 0x5c 0x63 0x6b 0x6e 0x6d 0x27 0xf8 0xfe 0x29 0xe8 0x9a 0xec 0x0 0x0 0x0 0x0 0xff 0x7 0x33 0x73 0x0 0xa4 0xa4 0x0 0x4 0xac 0x5 0x0 0x0
1787980726527,0x1 0x89 0xd 0x4c 0xa7 0x87 0x7f 0xd 0x0 0x0 0xd 0x26 0x39 0x0 0x7a 0x11 0xe5 0x10 0x73 0x10 0x43 0x3 0x9c 0x2 0x0 0x28 0x65 0x1 0x0 0x4b 0x0 0x62 0x0 0x12 0x0 0x1f 0x0 0xac 0xac 0xac 0xac 0xac 0xac 0x88 0x2 0x72 0x2 0x87 0x2 0x74 0x2 0x88 0x2 0x73 0x2 0x8a 0x2 0x74 0x2 0x33 0x0 0x3 0x84 0x80 0x8a 0x86 0x4d 0x80 0x4f 0x80 0x6e 0x82 0xeb 0x7b 0x5c 0x63 0x6b 0x6e 0x6d 0x27 0xf8 0xfe 0x29 0xe8 0x9a 0xec 0x0 0x0 0x0 0x0 0xfb 0x8 0x33 0x73 0x0 0xa4 0xa4 0x0 0x4 0xcb 0x5 0x0 0x0
1787980726750,0x1 0x8a 0xd 0x4c 0xa7 0x87 0x7f 0xd 0x0 0x0 0xd 0x26 0x38 0x0 0x8c 0x11 0xf 0x11 0x73 0xf 0x31 0x3 0x9c 0x2 0x0 0x28 0x65 0x1 0x0 0x20 0x0 0x29 0x0 0x13 0x0 0x20 0x0 0xaa 0xaa 0xaa 0xaa 0xaa 0xaa 0xa7 0x2 0x85 0x2 0x9c 0x2 0x89 0x2 0xa1 0x2 0x8e 0x2 0xa7 0x2 0x90 0x2 0x33 0x0 0x3 0x8d 0x88 0x8c 0x87 0x4d 0x80 0x4f 0x80 0x6e 0x82 0xeb 0x7b 0x5c 0x63 0x6b 0x6e 0x6d 0x27 0xf8 0xfe 0x29 0xe8 0x9a 0xec 0x0 0x0 0x0 0x0 0xf3 0x8 0x33 0x73 0x0 0xa4 0xa4 0x0 0x4 0xb9 0x5 0x0 0x0
1787980726974,0x1 0x8b 0xd 0x4c 0xa7 0x87 0x7f 0xd 0x0 0x0 0xd 0x26 0x38 0x0 0x73 0x12 0x68 0x11 0x73 0xf 0x9 0x3 0x9c 0x2 0x0 0x28 0x65 0x1 0x0 0x1a 0x0 0x1a 0x0 0x14 0x0 0x20 0x0 0xa5 0xa5 0xa5 0xa5 0xa5 0xa5 0xb4 0x2 0xa0 0x2 0xbb 0x2 0xa8 0x2 0xad 0x2 0x99 0x2 0xc0 0x2 0xa8 0x2 0x33 0x0 0x3 0x8e 0x8a 0x8c 0x87 0x4d 0x80 0x4f 0x80 0x6e 0x82 0xeb 0x7b 0x5c 0x63 0x6b 0x6e 0x75 0x28 0x0 0x0 0x29 0xe8 0x9a 0xec 0x0 0x0 0x0 0x0 0xeb 0x8 0x33 0x73 0x0 0xa4 0xa4 0x0 0x4 0xac 0x5 0x0 0x0
1787980727199,0x1 0x8b 0xd 0x4c 0xa7 0x87 0x7f 0xd 0x0 0x0 0xd 0x28 0x3c 0x0 0x44 0x14 0x12 0x12 0x73 0xe 0xf6 0x2 0x9c 0x2 0x0 0x28 0x65 0x1 0x0 0x1b 0x0 0x1a 0x0 0x15 0x0 0x21 0x0 0xa9 0xa9 0xa9 0xa9 0xa9 0xa9 0xde 0x2 0xb3 0x2 0xce 0x2 0xb9 0x2 0xd5 0x2 0xc2 0x2 0xde 0x2 0xc6 0x2 0x33 0x0 0x3 0x90 0x8b 0x8c 0x87 0x4d 0x80 0x4f 0x80 0x6e 0x82 0xeb 0x7b 0x5e 0x65 0x6b 0x6e 0x75 0x28 0x0 0x0 0x29 0xe8 0x9a 0xec 0x0 0x0 0x0 0x0 0xe2 0x7 0x33 0x73 0x0 0xa4 0xa4 0x0 0x4 0xac 0x5 0x0 0x0
1787980727423,0x1 0x89 0xd 0x4c 0xa7 0x87 0x7f 0xd 0x0 0x0 0xd 0x22 0x33 0x0 0xb7 0x11 0x67 0x12 0x73 0xd 0xe1 0x2 0x9c 0x2 0x0 0x28 0x65 0x3 0x0 0x4f 0x0 0x3f 0x0 0x16 0x0 0x21 0x0 0xa8 0xa8 0xa8 0xa8 0xa8 0xa8 0xf0 0x2 0xd7 0x2 0xef 0x2 0xcf 0x2 0xec 0x2 0xd6 0x2 0xef 0x2 0xd6 0x2 0x32 0x0 0x3 0x91 0x8c 0x8c 0x87 0x4d 0x80 0x4f 0x80 0x6e 0x82 0xeb 0x7b 0x5e 0x65 0x6c 0x6e 0x75 0x1b 0x0 0x0 0x29 0xe8 0x9a 0xec 0x0 0x0 0x0 0x0 0xd5 0x8 0x33 0x73 0x0 0xa4 0xa4 0x0 0x4 0xcb 0x5 0x0 0x0
1787980727647,0x1 0x88 0xd 0x4b 0xa8 0x87 0x7f 0xd 0x0 0x0 0xd 0x1e 0x2e 0x0 0xb 0x11 0xf5 0x11 0x73 0xc 0xb3 0x2 0x9b 0x2 0x0 0x28 0x65 0x3 0x0 0xa3 0x0 0x9b 0x0 0x17 0x0 0x22 0x0 0xa3 0xa3 0xa3 0xa3 0xa3 0xa3 0xd9 0x2 0xd4 0x2 0xd9 0x2 0xd7 0x2 0xd9 0x2 0xd4 0x2 0xd9 0x2 0xd7 0x2 0x33 0x0 0x3 0x89 0x8d 0x8b 0x87 0x4d 0x80 0x4f 0x80 0x6e 0x82 0xeb 0x7b 0x5e 0x65 0x6c 0x6e 0x75 0x1b 0x0 0x0 0x29 0xe8 0x9a 0xec 0x0 0x0 0x0 0x0 0xe8 0x6 0x33 0x73 0x0 0xa4 0xa4 0x0 0x4 0xdd 0x5 0x0 0x0
1787980727869,0x1 0x8a 0xd 0x4b 0xa8 0x87 0x7f 0xd 0x0 0x0 0xd 0x25 0x37 0x0 0xe3 0x13 0xe 0x12 0x73 0xb 0xc4 0x2 0x9b 0x2 0x0 0x28 0x65 0x3 0x0 0xae 0x0 0xab 0x0 0x18 0x0 0x23 0x0 0xa6 0xa6 0xa6 0xa6 0xa6 0xa6 0xd5 0x2 0xd4 0x2 0xd3 0x2 0xbf 0x2 0xd3 0x2 0xc2 0x2 0xd5 0x2 0xc2 0x2 0x33 0x0 0x3 0x87 0x85 0x8b 0x86 0x4d 0x80 0x4f 0x80 0x6e 0x82 0xeb 0x7b 0x5e 0x65 0x6c 0x6f 0x2 0x28 0x0 0x0 0x29 0xe8 0x9a 0xec 0x0 0x0 0x0 0x0 0xeb 0x7 0x33 0x73 0x0 0xa4 0xa4 0x0 0x4 0xb9 0x5 0x0 0x0
1787980728095,0x1 0x8c 0xd 0x4b 0xa8 0x87 0x7f 0xd 0x0 0x0 0xd 0x23 0x34 0x0 0x7e 0x11 0x62 0x12 0x73 0xa 0xf9 0x2 0x9b 0x2 0x0 0x28 0x65 0x3 0x0 0xb1 0x0 0xaf 0x0 0x19 0x0 0x23 0x0 0xa9 0xa9 0xa9 0xa9 0xa9 0xa9 0xd6 0x2 0xbf 0x2 0xcf 0x2 0xc4 0x2 0xd8 0x2 0xc3 0x2 0xcf 0x2 0xbb 0x2 0x33 0x0 0x3 0x86 0x84 0x8b 0x86 0x4d 0x80 0x4f 0x80 0x6e 0x82 0xeb 0x7b 0x5e 0x65 0x6c 0x6f 0x42 0x2d 0x0 0x0 0x29 0xe8 0x9a 0xec 0x0 0x0 0x0 0x0 0xed 0x8 0x33 0x73 0x0 0xa4 0xa4 0x0 0x4 0x9f 0x5 0x0 0x0
1787980728318,0x1 0x89 0xd 0x4b 0xa8 0x87 0x7f 0xd 0x0 0x0 0xd 0x26 0x39 0x0 0x5a 0x13 0xd4 0x12 0x73 0xa 0xf2 0x2 0x9b 0x2 0x0 0x28 0x65 0x3 0x0 0xad 0x0 0xab 0x0 0x1d 0x0 0x25 0x0 0xa9 0xa9 0xa9 0xa9 0xa9 0xa9 0xdb 0x2 0xc8 0x2 0xdd 0x2 0xca 0x2 0xdd 0x2 0xc7 0x2 0xdc 0x2 0xc7 0x2 0x33 0x0 0x3 0x85 0x82 0x8b 0x86 0x4d 0x80 0x4f 0x80 0x6e 0x82 0xeb 0x7b 0x5e 0x65 0x6d 0x6f 0x2 0x28 0x0 0x0 0x29 0xe8 0x9a 0xec 0x0 0x0 0x0 0x0 0xed 0x7 0x33 0x73 0x0 0xa4 0xa4 0x0 0x4 0xcb 0x5 0x0 0x0
1787980728543,0x1 0x8a 0xd 0x4b 0xa8 0x87 0x7f 0xd 0x0 0x0 0xd 0x26 0x38 0x0 0xb1 0x13 0x13 0x13 0x73 0xa 0xd8 0x2 0x9b 0x2 0x0 0x28 0x65 0x3 0x0 0xa3 0x0 0xa0 0x0 0x20 0x0 0x27 0x0 0xa8 0xa8 0xa8 0xa8 0xa8 0xa8 0xe3 0x2 0xd0 0x2 0xdc 0x2 0xca 0x2 0xe1 0x2 0xce 0x2 0xe3 0x2 0xd0 0x2 0x33 0x0 0x3 0x83 0x81 0x8b 0x86 0x4d 0x80 0x4f 0x80 0x6e 0x82 0xeb 0x7b 0x5e 0x65 0x6d 0x6f 0x2 0x28 0x0 0x0 0x29 0xe8 0x9a 0xec 0x0 0x0 0x0 0x0 0xf5 0x8 0x33 0x73 0x0 0xa4 0xa4 0x0 0x4 0xb9 0x5 0x0 0x0
1787980728765,0x1 0x8b 0xd 0x4b 0xa8 0x87 0x7f 0xd 0x0 0x0 0xd 0x25 0x37 0x0 0x79 0x13 0x5e 0x13 0x73 0xa 0xd3 0x2 0x9b 0x2 0x0 0x28 0x65 0x3 0x0 0x8d 0x0 0x6f 0x0 0x23 0x0 0x27 0x0 0xa7 0xa7 0xa7 0xa7 0xa7 0xa7 0xe8 0x2 0xd4 0x2 0xe9 0x2 0xd4 0x2 0xe7 0x2 0xd4 0x2 0xe9 0x2 0xd4 0x2 0x33 0x0 0x3 0x82 0x80 0x8b 0x86 0x4d 0x80 0x4f 0x80 0x6e 0x82 0xeb 0x7b 0x5e 0x65 0x6d 0x6e 0x2 0x28 0x0 0x0 0x29 0xe8 0x9a 0xec 0x0 0x0 0x0 0x0 0xf0 0x8 0x33 0x73 0x0 0xa4 0xa4 0x0 0x4 0xac 0x5 0x0 0x0
1787980728990,0x1 0x8b 0xd 0x4b 0xa8 0x87 0x7f 0xd 0x0 0x0 0xd 0x23 0x37 0x0 0x8d 0x12 0x59 0x13 0x73 0x9 0xf7 0x2 0x9b 0x2 0x0 0x28 0x65 0x3 0x0 0x3f 0x0 0x2d 0x0 0x25 0x0 0x28 0x0 0xa9 0xa9 0xa9 0xa9 0xa9 0xa9 0xe9 0x2 0xe7 0x2 0xe6 0x2 0xe6 0x2 0xf6 0x2 0xe1 0x2 0xf4 0x2 0xe1 0x2 0x32 0x0 0x3 0x89 0x87 0x89 0x86 0x4d 0x80 0x4f 0x80 0x6e 0x82 0xeb 0x7b 0x5e 0x65 0x6d 0x6e 0x2 0x23 0x0 0x0 0x29 0xe8 0x9a 0xec 0x0 0x0 0x0 0x0 0xe8 0x8 0x33 0x73 0x0 0xa4 0xa4 0x0 0x4 0xac 0x5 0x0 0x0
1787980729213,0x1 0x89 0xd 0x4b 0xa8 0x87 0x7f 0xd 0x0 0x0 0xd 0x22 0x33 0x0 0xb6 0xf 0x36 0x12 0x73 0x9 0x3f 0x3 0x9b 0x2 0x0 0x28 0x65 0x3 0x0 0x1e 0x0 0x17 0x0 0x28 0x0 0x29 0x0 0xad 0xad 0xad 0xad 0xad 0xad 0xce 0x2 0xb7 0x2 0xc1 0x2 0xca 0x2 0xd9 0x2 0xc3 0x2 0xc1 0x2 0xb0 0x2 0x33 0x0 0x3 0x8a 0x89 0x89 0x86 0x4d 0x80 0x4f 0x80 0x6e 0x82 0xeb 0x7b 0x5e 0x65 0x6d 0x6e 0xfa 0x21 0xf8 0xfe 0x29 0xe8 0x9a 0xec 0x0 0x0 0x0 0x0 0xeb 0xa 0x33 0x73 0x0 0xa4 0xa4 0x0 0x4 0xcb 0x5 0x0 0x0
1787980729437,0x1 0x89 0xd 0x4b 0xa8 0x87 0x7f 0xd 0x0 0x0 0xd 0x23 0x33 0x0 0xbb 0xf 0x21 0x11 0x73 0x8 0x3e 0x3 0x9b 0x2 0x0 0x28 0x65 0x1 0x0 0x14 0x0 0x15 0x0 0x29 0x0 0x29 0x0 0xab 0xab 0xab 0xab 0xab 0xab 0xa2 0x2 0x9b 0x2 0xaa 0x2 0x99 0x2 0xa6 0x2 0x93 0x2 0xa2 0x2 0x92 0x2 0x33 0x0 0x3 0x8c 0x8a 0x89 0x86 0x4d 0x80 0x4f 0x80 0x6e 0x82 0xeb 0x7b 0x5e 0x65 0x6c 0x6e 0xfa 0x21 0xf8 0xfe 0x29 0xe8 0x9a 0xec 0x0 0x0 0x0 0x0 0xe3 0x9 0x33 0x73 0x0 0xa4 0xa4 0x0 0x4 0xcb 0x5 0x0 0x0
1787980729662,0x1 0x8a 0xd 0x4b 0xa8 0x87 0x7f 0xd 0x0 0x0 0xd 0x23 0x34 0x0 0xda 0x10 0xc5 0x10 0x73 0x8 0x16 0x3 0x9b 0x2 0x0 0x28 0x65 0x1 0x0 0x50 0x0 0x7f 0x0 0x2b 0x0 0x2a 0x0 0xa7 0xa7 0xa7 0xa7 0xa7 0xa7 0x9f 0x2 0x91 0x2 0xa3 0x2 0x96 0x2 0xa0 0x2 0x90 0x2 0xa6 0x2 0x96 0x2 0x33 0x0 0x3 0x8d 0x8c 0x89 0x86 0x4d 0x80 0x4f 0x80 0x6e 0x82 0xeb 0x7b 0x5e 0x65 0x6c 0x6e 0x2 0x23 0x0 0x0 0x29 0xe8 0x9a 0xec 0x0 0x0 0x0 0x0 0xdc 0x8 0x33 0x73 0x0 0xa4 0xa4 0x0 0x4 0xb9 0x5 0x0 0x0
1787980729886,0x1 0x8b 0xd 0x4b 0xa8 0x87 0x7f 0xd 0x0 0x0 0xd 0x23 0x33 0x0 0x63 0x11 0xea 0x10 0x73 0x7 0xef 0x2 0x9b 0x2 0x0 0x28 0x65 0x1 0x0 0xa8 0x0 0xa8 0x0 0x2e 0x0 0x2b 0x0 0xa1 0xa1 0xa1 0xa1 0xa1 0xa1 0x9c 0x2 0x9e 0x2 0xa0 0x2 0xa3 0x2 0xa4 0x2 0xa7 0x2 0xa6 0x2 0xa7 0x2 0x33 0x0 0x3 0x85 0x8c 0x87 0x86 0x4d 0x80 0x4f 0x80 0x6e 0x82 0xeb 0x7b 0x5e 0x65 0x6c 0x6f 0x2 0x23 0x0 0x0 0x29 0xe8 0x9a 0xec 0x0 0x0 0x0 0x0 0xd4 0x8 0x33 0x73 0x0 0xa4 0xa4 0x0 0x4 0xac 0x5 0x0 0x0
1787980730110,0x1 0x8b 0xd 0x4b 0xa8 0x87 0x7f 0xe 0x0 0x0 0xd 0x24 0x35 0x0 0x4f 0x12 0x63 0x11 0x73 0x7 0xe5 0x2 0x9b 0x2 0x0 0x28 0x65 0x1 0x0 0xaa 0x0 0xa9 0x0 0x37 0x0 0x2c 0x0 0xa8 0xa8 0xa8 0xa8 0xa8 0xa8 0xb1 0x2 0xa4 0x2 0xab 0x2 0xa0 0x2 0xaf 0x2 0xa3 0x2 0xb2 0x2 0xa4 0x2 0x33 0x0 0x3 0x84 0x83 0x87 0x85 0x4d 0x80 0x4f 0x80 0x6e 0x82 0xeb 0x7b 0x60 0x67 0x6c 0x6f 0x2 0x23 0x0 0x0 0x29 0xe8 0x9a 0xec 0x0 0x0 0x0 0x0 0xce 0x8 0x33 0x73 0x0 0xa4 0xa4 0x0 0x4 0xac 0x5 0x0 0x0
1787980730333,0x1 0x89 0xd 0x4b 0xa8 0x86 0x7f 0x11 0x4 0x0 0xd 0x26 0x37 0x0 0xb8 0x13 0x23 0x12 0x73 0x6 0xca 0x2 0x9b 0x2 0x0 0x28 0x65 0x1 0x0 0xaa 0x0 0xaa 0x0 0x4b 0x0 0x38 0x0 0xa4 0xa4 0xa4 0xa4 0xa4 0xa4 0xbd 0x2 0xaf 0x2 0xc0 0x2 0xb4 0x2 0xcc 0x2 0xad 0x2 0xcc 0x2 0xbe 0x2 0x33 0x0 0x3 0x82 0x82 0x87 0x85 0x4d 0x80 0x4f 0x80 0x6e 0x82 0xeb 0x7b 0x60 0x67 0x6c 0x6f 0x2 0x23 0x0 0x0 0x29 0xe8 0x9a 0xec 0x0 0x0 0x0 0x0 0xc5 0x8 0x33 0x73 0x0 0xa4 0xa4 0x0 0x8 0xcb 0x5 0x0 0x0
1787980730558,0x1 0x8b 0xd 0x4b 0xa8 0x86 0x7f 0x13 0x6 0x0 0xd 0x36 0x52 0x0 0x8f 0x1c 0xb5 0x18 0x73 0x6 0xdf 0x2 0x9b 0x2 0x0 0x28 0x65 0x1 0x0 0xa7 0x0 0xa8 0x0 0x60 0x0 0x5c 0x0 0x93 0x93 0x93 0x93 0x93 0x93 0xf3 0x3 0x78 0x3 0x8f 0x3 0xa5 0x3 0xd9 0x3 0xdd 0x3 0xf3 0x3 0xdc 0x3 0x31 0x0 0x3 0x81 0x80 0x87 0x85 0x4d 0x80 0x4f 0x80 0x6e 0x82 0xeb 0x7b 0x60 0x67 0x6c 0x6f 0x42 0x16 0x0 0x0 0x29 0xe8 0x9a 0xec 0x0 0x0 0x0 0x0 0xbc 0xb 0x33 0x73 0x0 0xa4 0xa4 0x0 0x8 0xac 0x5 0x0 0x0
1787980730782,0x1 0x8b 0xd 0x4b 0xa8 0x86 0x7f 0x17 0xa 0x0 0xd 0x3f 0x65 0x0 0x95 0x1d 0xc 0x1b 0x73 0x6 0x6a 0x3 0x9b 0x2 0x0 0x28 0x65 0x1 0x0 0x9c 0x0 0x9e 0x0 0x79 0x0 0x87 0x0 0x86 0x86 0x86 0x86 0x86 0x86 0xcb 0x3 0xe0 0x3 0xa 0x4 0xf8 0x3 0xba 0x3 0x9d 0x3 0x11 0x4 0xf8 0x3 0x31 0x0 0x3 0x7f 0x7f 0x87 0x85 0x4d 0x80 0x4f 0x80 0x6e 0x82 0xeb 0x7b 0x60 0x67 0x6c 0x70 0x2 0x23 0x0 0x0 0x29 0xe8 0x9a 0xec 0x0 0x0 0x0 0x0 0x9b 0x10 0x33 0x73 0x0 0xa4 0xa4 0x0 0x8 0xac 0x5 0x0 0x0
1787980731006,0x1 0x8b 0xd 0x4b 0xa8 0x86 0x7f 0x17 0xa 0x0 0xd 0x41 0x68 0x0 0xad 0x1a 0x4b 0x1b 0x73 0x5 0xe6 0x3 0x9b 0x2 0x0 0x28 0x65 0x1 0x0 0x9f 0x0 0xa2 0x0 0x8b 0x0 0x9d 0x0 0x79 0x79 0x79 0x79 0x79 0x79 0xfb 0x3 0xd9 0x3 0xea 0x3 0xf8 0x3 0xb 0x4 0xea 0x3 0xea 0x3 0xd2 0x3 0x2f 0x0 0x3 0x7d 0x7c 0x87 0x85 0x4d 0x80 0x4f 0x80 0x6e 0x82 0xeb 0x7b 0x60 0x67 0x6c 0x70 0x2 0x28 0x0 0x0 0x29 0xe8 0x9a 0xec 0x0 0x0 0x0 0x0 0x8b 0x1c 0x33 0x73 0x0 0xa4 0xa4 0x0 0x8 0xac 0x5 0x0 0x0
1787980731230,0x1 0x89 0xd 0x4a 0xa9 0x86 0x7f 0x17 0xa 0x0 0xd 0x41 0x6a 0x0 0xb9 0x19 0x25 0x1a 0x73 0x5 0x1f 0x4 0x99 0x2 0x0 0x28 0x65 0x1 0x0 0x9d 0x0 0xa4 0x0 0x94 0x0 0xa9 0x0 0x77 0x77 0x77 0x77 0x77 0x77 0xad 0x3 0x91 0x3 0xce 0x3 0xac 0x3 0xbe 0x3 0x97 0x3 0xa8 0x3 0x91 0x3 0x2e 0x0 0x3 0x7b 0x7a 0x87 0x85 0x4d 0x80 0x4f 0x80 0x6e 0x82 0xeb 0x7b 0x5d 0x63 0x6c 0x70 0x2 0x2c 0x0 0x0 0x29 0xe8 0x9a 0xec 0x0 0x0 0x0 0x0 0x89 0x1f 0x33 0x73 0x0 0xa4 0xa4 0x0 0x8 0xcb 0x5 0x0 0x0
1787980731453,0x1 0x8a 0xd 0x4a 0xa9 0x86 0x7f 0x17 0xa 0x0 0xd 0x43 0x6d 0x0 0x6d 0x1a 0x27 0x1a 0x73 0x5 0x20 0x4 0x99 0x2 0x0 0x28 0x65 0x1 0x0 0x7a 0x0 0x8e 0x0 0x96 0x0 0xac 0x0 0x77 0x77 0x77 0x77 0x77 0x77 0x97 0x3 0x81 0x3 0xa1 0x3 0x89 0x3 0x9b 0x3 0x80 0x3 0x9a 0x3 0x81 0x3 0x2d 0x0 0x3 0x79 0x78 0x87 0x85 0x4d 0x80 0x4f 0x80 0x6e 0x82 0xeb 0x7b 0x5d 0x63 0x6b 0x70 0x8e 0x2c 0x0 0x0 0x29 0xe8 0x9a 0xec 0x0 0x0 0x0 0x0 0x8f 0x24 0x33 0x73 0x0 0xa4 0xa4 0x0 0x8 0xb9 0x5 0x0 0x0
1787980731678,0x1 0x8b 0xd 0x4a 0xa9 0x86 0x7f 0x17 0xa 0x0 0xd 0x43 0x6c 0x0 0x8f 0x1a 0xbd 0x1a 0x73 0x6 0x11 0x4 0x99 0x2 0x0 0x28 0x65 0x1 0x0 0x15 0x0 0x1e 0x0 0x8f 0x0 0xa7 0x0 0x78 0x78 0x78 0x78 0x78 0x78 0xca 0x3 0xad 0x3 0xbe 0x3 0xa9 0x3 0xc4 0x3 0xac 0x3 0xc7 0x3 0xad 0x3 0x2e 0x0 0x3 0x81 0x80 0x83 0x82 0x4d 0x80 0x4f 0x80 0x6e 0x82 0xeb 0x7b 0x5d 0x63 0x6b 0x70 0x8e 0x2b 0x0 0x0 0x29 0xe8 0x9a 0xec 0x0 0x0 0x0 0x0 0x99 0x20 0x33 0x73 0x0 0xa4 0xa4 0x0 0x8 0xac 0x5 0x0 0x0
1787980731902,0x1 0x8b 0xd 0x4a 0xa9 0x86 0x7f 0x17 0xa 0x0 0xd 0x42 0x6c 0x0 0x48 0x1a 0x80 0x1a 0x73 0x6 0x1c 0x4 0x99 0x2 0x0 0x28 0x65 0x1 0x0 0xa 0x0 0xb 0x0 0x51 0x0 0x8d 0x0 0x77 0x77 0x77 0x77 0x77 0x77 0xc0 0x3 0xac 0x3 0xc9 0x3 0xb0 0x3 0xc3 0x3 0xaa 0x3 0xc0 0x3 0xa8 0x3 0x2e 0x0 0x3 0x83 0x82 0x83 0x82 0x4d 0x80 0x4f 0x80 0x6e 0x82 0xeb 0x7b 0x5d 0x63 0x6b 0x71 0x8e 0x2b 0x0 0x0 0x29 0xe8 0x9a 0xec 0x0 0x0 0x0 0x0 0x9f 0x21 0x33 0x73 0x0 0xa4 0xa4 0x0 0x8 0xac 0x5 0x0 0x0
1787980732125,0x1 0x89 0xd 0x4a 0xa9 0x86 0x7f 0x17 0xa 0x0 0xd 0x44 0x6f 0x0 0xaf 0x1a 0x27 0x1a 0x73 0x6 0x29 0x4 0x99 0x2 0x0 0x28 0x65 0x1 0x0 0xb 0x0 0x9 0x0 0x1c 0x0 0x4d 0x0 0x77 0x77 0x77 0x77 0x77 0x77 0xb8 0x3 0x9f 0x3 0xb7 0x3 0x9b 0x3 0xb2 0x3 0x9a 0x3 0xb8 0x3 0xa0 0x3 0x2d 0x0 0x3 0x85 0x84 0x83 0x82 0x4d 0x80 0x4f 0x80 0x6e 0x82 0xeb 0x7b 0x5d 0x63 0x6b 0x71 0x8e 0x2c 0x0 0x0 0x29 0xe8 0x9a 0xec 0x0 0x0 0x0 0x0 0xa2 0x26 0x33 0x73 0x0 0xa4 0xa4 0x0 0x8 0xcb 0x5 0x0 0x0
1787980732348,0x1 0x8a 0xd 0x4a 0xa9 0x86 0x7f 0x17 0xa 0x0 0xd 0x43 0x6f 0x0 0x82 0x1a 0x53 0x1a 0x73 0x6 0x30 0x4 0x99 0x2 0x0 0x28 0x65 0x1 0x0 0xb 0x0 0x9 0x0 0xc 0x0 0x28 0x0 0x77 0x77 0x77 0x77 0x77 0x77 0xc3 0x3 0xaa 0x3 0xc2 0x3 0xa4 0x3 0xbf 0x3 0xaa 0x3 0xc3 0x3 0xaa 0x3 0x2d 0x0 0x3 0x87 0x86 0x83 0x82 0x4d 0x80 0x4f 0x80 0x6e 0x82 0xeb 0x7b 0x5d 0x63 0x6a 0x71 0x8e 0x2c 0x0 0x0 0x29 0xe8 0x9a 0xec 0x0 0x0 0x0 0x0 0xa9 0x27 0x33 0x73 0x0 0xa4 0xa4 0x0 0x8 0xb9 0x5 0x0 0x0
1787980732572,0x1 0x8b 0xd 0x4a 0xa9 0x86 0x7f 0x17 0xa 0x0 0xd 0x43 0x6c 0x0 0x52 0x19 0xae 0x19 0x73 0x6 0x44 0x4 0x99 0x2 0x0 0x28 0x65 0x1 0x0 0xc 0x0 0xb 0x0 0x9 0x0 0x18 0x0 0x76 0x76 0x76 0x76 0x76 0x76 0xae 0x3 0x9d 0x3 0xba 0x3 0x9a 0x3 0xb5 0x3 0x99 0x3 0xae 0x3 0x96 0x3 0x2c 0x0 0x3 0x8a 0x88 0x83 0x82 0x4d 0x80 0x4f 0x80 0x6e 0x82 0xeb 0x7b 0x5d 0x63 0x6a 0x71 0x8e 0x28 0x0 0x0 0x29 0xe8 0x9a 0xec 0x0 0x0 0x0 0x0 0xae 0x29 0x33 0x73 0x0 0xa4 0xa4 0x0 0x8 0xac 0x5 0x0 0x0
1787980732796,0x1 0x8b 0xd 0x4a 0xa9 0x86 0x7f 0xd 0x0 0x0 0xd 0x28 0x3b 0x0 0x62 0xe 0x53 0x13 0x73 0x7 0x1a 0x4 0x99 0x2 0x0 0x28 0x65 0x1 0x0 0xd 0x0 0xc 0x0 0x6 0x0 0x13 0x0 0x79 0x79 0x79 0x79 0x79 0x79 0x9a 0x2 0x78 0x2 0xda 0x2 0xbc 0x2 0xbb 0x2 0x98 0x2 0x88 0x2 0x78 0x2 0x2f 0x0 0x3 0x8b 0x8a 0x83 0x82 0x4d 0x80 0x4f 0x80 0x6e 0x82 0xeb 0x7b 0x5d 0x63 0x6a 0x72 0xd4 0x31 0x46 0x5 0x29 0xe8 0x9a 0xec 0x0 0x0 0x0 0x0 0xb6 0x1a 0x33 0x73 0x0 0xa4 0xa4 0x0 0x4 0xac 0x5 0x0 0x0
1787980733020,0x1 0x8a 0xd 0x4a 0xa9 0x86 0x7f 0xd 0x0 0x0 0xd 0x26 0x38 0x0 0x66 0xf 0x7 0x11 0x73 0x7 0xa3 0x3 0x99 0x2 0x0 0x28 0x65 0x1 0x0 0x1c 0x0 0x3a 0x0 0x8 0x0 0x14 0x0 0x7c 0x7c 0x7c 0x7c 0x7c 0x7c 0x68 0x2 0x5c 0x2 0x6b 0x2 0x5b 0x2 0x6a 0x2 0x57 0x2 0x66 0x2 0x57 0x2 0x32 0x0 0x3 0x8d 0x8c 0x83 0x82 0x4d 0x80 0x4f 0x80 0x6e 0x82 0xeb 0x7b 0x5d 0x63 0x6a 0x72 0xd4 0x28 0x46 0x5 0x29 0xe8 0x9a 0xec 0x0 0x0 0x0 0x0 0xcf 0x11 0x33 0x73 0x0 0xa4 0xa4 0x0 0x4 0xb9 0x5 0x0 0x0
1787980733245,0x1 0x89 0xd 0x4a 0xa9 0x86 0x7f 0xd 0x0 0x0 0xd 0x26 0x38 0x0 0xa2 0x10 0x88 0x10 0x73 0x7 0x5e 0x3 0x99 0x2 0x0 0x28 0x65 0x1 0x0 0x14 0x0 0x14 0x0 0xa 0x0 0x15 0x0 0x7e 0x7e 0x7e 0x7e 0x7e 0x7e 0x79 0x2 0x6e 0x2 0x7c 0x2 0x71 0x2 0x74 0x2 0x68 0x2 0x7f 0x2 0x71 0x2 0x33 0x0 0x3 0x8f 0x8d 0x83 0x82 0x4d 0x80 0x4f 0x80 0x6e 0x82 0xeb 0x7b 0x60 0x67 0x6b 0x72 0xd4 0x27 0x46 0x5 0x29 0xe8 0x9a 0xec 0x0 0x0 0x0 0x0 0xdd 0xc 0x33 0x73 0x0 0xa4 0xa4 0x0 0x4 0xcb 0x5 0x0 0x0
1787980733469,0x1 0x8b 0xd 0x4a 0xa9 0x86 0x7f 0xd 0x0 0x0 0xd 0x25 0x38 0x0 0x11 0x11 0xc1 0x10 0x73 0x7 0x48 0x3 0x99 0x2 0x0 0x28 0x65 0x1 0x0 0xf 0x0 0xe 0x0 0x8 0x0 0x14 0x0 0x81 0x81 0x81 0x81 0x81 0x81 0x92 0x2 0x85 0x2 0x87 0x2 0x7c 0x2 0x8f 0x2 0x80 0x2 0x94 0x2 0x85 0x2 0x33 0x0 0x3 0x90 0x8f 0x83 0x82 0x4d 0x80 0x4f 0x80 0x6e 0x82 0xeb 0x7b 0x60 0x67 0x6b 0x72 0x9e 0x27 0x10 0x5 0x29 0xe8 0x9a 0xec 0x0 0x0 0x0 0x0 0xde 0xc 0x33 0x73 0x0 0xa4 0xa4 0x0 0x4 0xac 0x5 0x0 0x0
1787980733694,0x1 0x8b 0xd 0x4a 0xa9 0x87 0x7f 0xd 0x0 0x0 0xd 0x25 0x37 0x0 0xb9 0x10 0xcc 0x10 0x73 0x6 0x4a 0x3 0x99 0x2 0x0 0x28 0x65 0x1 0x0 0xe 0x0 0xd 0x0 0x5 0x0 0x11 0x0 0x83 0x83 0x83 0x83 0x83 0x83 0x9a 0x2 0x8c 0x2 0x9a 0x2 0x8a 0x2 0x9a 0x2 0x8a 0x2 0x9a 0x2 0x8c 0x2 0x33 0x0 0x3 0x92 0x91 0x83 0x82 0x4d 0x80 0x4f 0x80 0x6e 0x82 0xeb 0x7b 0x60 0x67 0x6b 0x72 0xe4 0x25 0x56 0x3 0x29 0xe8 0x9a 0xec 0x0 0x0 0x0 0x0 0xdc 0xc 0x33 0x73 0x0 0xa4 0xa4 0x0 0x4 0xac 0x5 0x0 0x0
1787980733917,0x1 0x89 0xd 0x4a 0xa9 0x87 0x7f 0xd 0x0 0x0 0xd 0x24 0x35 0x0 0xf6 0xf 0x5f 0x10 0x73 0x6 0x52 0x3 0x99 0x2 0x0 0x28 0x65 0x1 0x0 0xf 0x0 0xf 0x0 0x6 0x0 0x11 0x0 0x86 0x86 0x86 0x86 0x86 0x86 0x8e 0x2 0x81 0x2 0x8e 0x2 0x85 0x2 0x93 0x2 0x82 0x2 0x8e 0x2 0x7f 0x2 0x33 0x0 0x3 0x93 0x92 0x83 0x82 0x4d 0x80 0x4f 0x80 0x6e 0x82 0xeb 0x7b 0x60 0x67 0x6b 0x73 0x4 0x25 0x76 0x2 0x29 0xe8 0x9a 0xec 0x0 0x0 0x0 0x0 0xd7 0xc 0x33 0x73 0x0 0xa4 0xa4 0x0 0x4 0xcb 0x5 0x0 0x0
1787980734141,0x1 0x88 0xd 0x4a 0xa9 0x87 0x7f 0xd 0x0 0x0 0xd 0x23 0x34 0x0 0x1e 0x10 0x42 0x10 0x73 0x6 0x3a 0x3 0x99 0x2 0x0 0x28 0x65 0x1 0x0 0xf 0x0 0xf 0x0 0x7 0x0 0x12 0x0 0x88 0x88 0x88 0x88 0x88 0x88 0x91 0x2 0x84 0x2 0x94 0x2 0x86 0x2 0x97 0x2 0x89 0x2 0x97 0x2 0x89 0x2 0x33 0x0 0x3 0x95 0x94 0x83 0x82 0x4d 0x80 0x4f 0x80 0x6e 0x82 0xeb 0x7b 0x60 0x67 0x6b 0x73 0x3c 0x24 0xae 0x1 0x29 0xe8 0x9a 0xec 0x0 0x0 0x0 0x0 0xd6 0xc 0x33 0x73 0x0 0xa4 0xa4 0x0 0x4 0xdd 0x5 0x0 0x0
1787980734364,0x1 0x8b 0xd 0x4a 0xa9 0x86 0x7f 0xd 0x0 0x0 0xd 0x23 0x35 0x0 0x1 0x11 0x72 0x10 0x73 0x6 0x1e 0x3 0x99 0x2 0x0 0x28 0x65 0x1 0x0 0xe 0x0 0xf 0x0 0x6 0x0 0x12 0x0 0x8b 0x8b 0x8b 0x8b 0x8b 0x8b 0xa3 0x2 0x99 0x2 0xab 0x2 0x8f 0x2 0x9e 0x2 0x92 0x2 0xab 0x2 0x9d 0x2 0x33 0x0 0x3 0x96 0x95 0x83 0x82 0x4d 0x80 0x4f 0x80 0x6e 0x82 0xeb 0x7b 0x60 0x67 0x6c 0x73 0xd6 0x24 0x48 0x2 0x29 0xe8 0x9a 0xec 0x0 0x0 0x0 0x0 0xd4 0xc 0x33 0x73 0x0 0xa4 0xa4 0x0 0x4 0xac 0x5 0x0 0x0
1787980734588,0x1 0x8b 0xd 0x4a 0xa9 0x86 0x7f 0xd 0x0 0x0 0xd 0x24 0x34 0x0 0x3e 0x11 0xef 0x10 0x73 0x6 0x4 0x3 0x99 0x2 0x0 0x28 0x65 0x1 0x0 0xf 0x0 0x11 0x0 0x6 0x0 0x12 0x0 0x8d 0x8d 0x8d 0x8d 0x8d 0x8d 0xbb 0x2 0xb0 0x2 0xc2 0x2 0xb5 0x2 0xc6 0x2 0xba 0x2 0xc9 0x2 0xba 0x2 0x33 0x0 0x3 0x98 0x96 0x83 0x82 0x4d 0x80 0x4f 0x80 0x6e 0x82 0xeb 0x7b 0x60 0x67 0x6c 0x73 0xb2 0x24 0x24 0x2 0x29 0xe8 0x9a 0xec 0x0 0x0 0x0 0x0 0xce 0xb 0x33 0x73 0x0 0xa4 0xa4 0x0 0x4 0xac 0x5 0x0 0x0
1787980734813,0x1 0x8b 0xd 0x49 0xa9 0x86 0x7f 0xd 0x0 0x0 0xd 0x25 0x36 0x0 0x18 0x12 0x41 0x11 0x73 0x6 0xfc 0x2 0x99 0x2 0x0 0x28 0x65 0x1 0x0 0x17 0x0 0x25 0x0 0x8 0x0 0x13 0x0 0x8f 0x8f 0x8f 0x8f 0x8f 0x8f 0xd5 0x2 0xc9 0x2 0xcf 0x2 0xc2 0x2 0xd3 0x2 0xc5 0x2 0xd9 0x2 0xc9 0x2 0x33 0x0 0x3 0x99 0x98 0x83 0x82 0x4d 0x80 0x4f 0x80 0x6e 0x82 0xeb 0x7b 0x60 0x67 0x6c 0x74 0x90 0x24 0x2 0x2 0x29 0xe8 0x9a 0xec 0x0 0x0 0x0 0x0 0xc4 0xb 0x33 0x73 0x0 0xa4 0xa4 0x0 0x4 0xac 0x5 0x0 0x0
1787980735037,0x1 0x89 0xd 0x49 0xa9 0x86 0x7f 0xd 0x0 0x0 0xd 0x23 0x34 0x0 0x72 0x11 0x65 0x11 0x73 0x6 0xfb 0x2 0x99 0x2 0x0 0x28 0x65 0x1 0x0 0x69 0x0 0x89 0x0 0xa 0x0 0x15 0x0 0x92 0x92 0x92 0x92 0x92 0x92 0xdd 0x2 0xcf 0x2 0xdf 0x2 0xd1 0x2 0xe1 0x2 0xcc 0x2 0xe1 0x2 0xd1 0x2 0x32 0x0 0x3 0x9a 0x99 0x83 0x82 0x4d 0x80 0x4f 0x80 0x6e 0x82 0xeb 0x7b 0x60 0x67 0x6c 0x74 0x36 0x24 0xa8 0x1 0x29 0xe8 0x9a 0xec 0x0 0x0 0x0 0x0 0xbf 0xc 0x33 0x73 0x0 0xa4 0xa4 0x0 0x4 0xcb 0x5 0x0 0x0
1787980735261,0x1 0x8a 0xd 0x49 0xa9 0x86 0x7f 0xd 0x0 0x0 0xd 0x23 0x33 0x0 0xfa 0x10 0x4e 0x11 0x73 0x5 0x1 0x3 0x99 0x2 0x0 0x28 0x65 0x1 0x0 0x9a 0x0 0xa8 0x0 0xc 0x0 0x16 0x0 0x94 0x94 0x94 0x94 0x94 0x94 0xca 0x2 0xba 0x2 0xcc 0x2 0xcd 0x2 0xcc 0x2 0xcc 0x2 0xc9 0x2 0xba 0x2 0x33 0x0 0x3 0x92 0x91 0x89 0x88 0x4d 0x80 0x4f 0x80 0x6e 0x82 0xeb 0x7b 0x63 0x6a 0x6c 0x74 0xc6 0x23 0x38 0x1 0x29 0xe8 0x9a 0xec 0x0 0x0 0x0 0x0 0xbb 0xd 0x33 0x73 0x0 0xa4 0xa4 0x0 0x4 0xb9 0x5 0x0 0x0
1787980735485,0x1 0x8a 0xd 0x49 0xa9 0x86 0x7f 0xd 0x0 0x0 0xd 0x23 0x34 0x0 0x7e 0x11 0x39 0x11 0x73 0x5 0xf9 0x2 0x99 0x2 0x0 0x28 0x65 0x1 0x0 0xa9 0x0 0xac 0x0 0xe 0x0 0x17 0x0 0x96 0x96 0x96 0x96 0x96 0x96 0xc5 0x2 0xb7 0x2 0xc5 0x2 0xb7 0x2 0xc8 0x2 0xb9 0x2 0xc5 0x2 0xb7 0x2 0x33 0x0 0x3 0x91 0x90 0x89 0x88 0x4d 0x80 0x4f 0x80 0x6e 0x82 0xeb 0x7b 0x63 0x6a 0x6c 0x74 0x56 0x23 0xc8 0x0 0x29 0xe8 0x9a 0xec 0x0 0x0 0x0 0x0 0xb8 0xc 0x33 0x73 0x0 0xa4 0xa4 0x0 0x4 0xb9 0x5 0x0 0x0
1787980735709,0x1 0x8b 0xd 0x49 0xa9 0x86 0x7f 0xd 0x0 0x0 0xd 0x22 0x33 0x0 0x7a 0x11 0x4a 0x11 0x73 0x5 0xeb 0x2 0x99 0x2 0x0 0x28 0x65 0x1 0x0 0xa9 0x0 0xad 0x0 0xf 0x0 0x19 0x0 0x98 0x98 0x98 0x98 0x98 0x98 0xc9 0x2 0xb9 0x2 0xc8 0x2 0xb9 0x2 0xc8 0x2 0xba 0x2 0xc9 0x2 0xba 0x2 0x33 0x0 0x3 0x8f 0x8f 0x89 0x88 0x4d 0x80 0x4f 0x80 0x6e 0x82 0xeb 0x7b 0x63 0x6a 0x6c 0x74 0x8 0x23 0x7a 0x0 0x29 0xe8 0x9a 0xec 0x0 0x0 0x0 0x0 0xb0 0xc 0x33 0x73 0x0 0xa4 0xa4 0x0 0x4 0xac 0x5 0x0 0x0
1787980735931,0x1 0x88 0xd 0x49 0xa9 0x86 0x7f 0xd 0x0 0x0 0xd 0x25 0x38 0x0 0x1b 0x14 0xe7 0x11 0x73 0x5 0xc9 0x2 0x99 0x2 0x0 0x28 0x65 0x1 0x0 0xa7 0x0 0xaa 0x0 0x10 0x0 0x1a 0x0 0x9b 0x9b 0x9b 0x9b 0x9b 0x9b 0xd6 0x2 0xcd 0x2 0xe0 0x2 0xbc 0x2 0xcd 0x2 0xc2 0x2 0xe0 0x2 0xd0 0x2 0x32 0x0 0x3 0x8e 0x8d 0x89 0x88 0x4d 0x80 0x4f 0x80 0x6e 0x82 0xeb 0x7b 0x63 0x6a 0x6c 0x75 0xd0 0x27 0x42 0x0 0x29 0xe8 0x9a 0xec 0x0 0x0 0x0 0x0 0xa6 0xb 0x33 0x73 0x0 0xa4 0xa4 0x0 0x4 0xdd 0x5 0x0 0x0
1787980736155,0x1 0x8a 0xd 0x49 0xaa 0x86 0x7f 0xd 0x0 0x0 0xd 0x26 0x38 0x0 0x55 0x15 0xc0 0x12 0x73 0x4 0xa0 0x2 0x98 0x2 0x0 0x28 0x65 0x1 0x0 0xa4 0x0 0xa7 0x0 0x11 0x0 0x1b 0x0 0x9d 0x9d 0x9d 0x9d 0x9d 0x9d 0xee 0x2 0xe2 0x2 0xf5 0x2 0xe9 0x2 0xfd 0x2 0xda 0x2 0xfd 0x2 0xee 0x2 0x32 0x0 0x3 0x8d 0x8c 0x89 0x88 0x4d 0x80 0x4f 0x80 0x6e 0x82 0xeb 0x7b 0x63 0x6a 0x6c 0x75 0xc0 0x27 0x32 0x0 0x29 0xe8 0x9a 0xec 0x0 0x0 0x0 0x0 0x9a 0xc 0x33 0x73 0x0 0xa4 0xa4 0x0 0x4 0xb9 0x5 0x0 0x0
1787980736380,0x1 0x8a 0xd 0x49 0xaa 0x86 0x7f 0xd 0x0 0x0 0xd 0x24 0x36 0x0 0x13 0x15 0x80 0x13 0x73 0x4 0x90 0x2 0x98 0x2 0x0 0x28 0x65 0x1 0x0 0x9f 0x0 0xa4 0x0 0x12 0x0 0x1c 0x0 0x9b 0x9b 0x9b 0x9b 0x9b 0x9b 0x6 0x3 0xf9 0x2 0xc 0x3 0x0 0x3 0x14 0x3 0x5 0x3 0x15 0x3 0x5 0x3 0x32 0x0 0x3 0x8b 0x8b 0x89 0x88 0x4d 0x80 0x4f 0x80 0x6e 0x82 0xeb 0x7b 0x63 0x6a 0x6d 0x75 0x58 0x27 0x40 0x0 0x29 0xe8 0x9a 0xec 0x0 0x0 0x0 0x0 0x89 0xc 0x33 0x73 0x0 0xa4 0xa4 0x0 0x4 0xb9 0x5 0x0 0x0
1787980736605,0x1 0x8b 0xd 0x49 0xaa 0x86 0x7f 0xd 0x0 0x0 0xd 0x22 0x32 0x0 0x57 0x12 0x64 0x13 0x73 0x4 0xba 0x2 0x98 0x2 0x0 0x28 0x65 0x1 0x0 0x80 0x0 0x9b 0x0 0x13 0x0 0x1d 0x0 0xa5 0xa5 0xa5 0xa5 0xa5 0xa5 0x8 0x3 0xf5 0x2 0x14 0x3 0x1 0x3 0xf 0x3 0xfa 0x2 0x5 0x3 0xf5 0x2 0x32 0x0 0x3 0x8a 0x89 0x89 0x88 0x4d 0x80 0x4f 0x80 0x6e 0x82 0xeb 0x7b 0x63 0x6a 0x6d 0x75 0x50 0x22 0x38 0x0 0x29 0xe8 0x9a 0xec 0x0 0x0 0x0 0x0 0x6e 0xc 0x33 0x73 0x0 0xa4 0xa4 0x0 0x4 0xac 0x5 0x0 0x0
1787980736829,0x1 0x88 0xd 0x49 0xaa 0x86 0x7f 0xd 0x0 0x0 0xd 0x20 0x31 0x0 0xb1 0x11 0x30 0x12 0x73 0x0 0xc5 0x2 0x98 0x2 0x0 0x28 0x65 0x1 0x0 0x2b 0x0 0x94 0x0 0x14 0x0 0x1e 0x0 0xac 0xac 0xac 0xac 0xac 0xac 0xfa 0x2 0xd0 0x2 0xf1 0x2 0xee 0x2 0xfc 0x2 0xe1 0x2 0xf1 0x2 0xcd 0x2 0x33 0x0 0x3 0x92 0x88 0x92 0x88 0x4d 0x80 0x4f 0x80 0x6e 0x82 0xeb 0x7b 0x63 0x6a 0x6d 0x76 0x34 0x22 0x1c 0x0 0x29 0xe8 0x9a 0xec 0x0 0x0 0x0 0x0 0x57 0xc 0x33 0x73 0x0 0xa4 0xa4 0x0 0x4 0xdd 0x5 0x0 0x0
1787980737052,0x1 0x89 0xd 0x49 0xaa 0x86 0x7f 0xd 0x0 0x0 0xd 0x20 0x30 0x0 0x5 0x12 0x2f 0x12 0x73 0x0 0xaa 0x2 0x98 0x2 0x0 0x28 0x65 0x1 0x0 0x21 0x0 0x9d 0x0 0x14 0x0 0x1f 0x0 0xa5 0xa5 0xa5 0xa5 0xa5 0xa5 0xf7 0x2 0xce 0x2 0xf4 0x2 0xd1 0x2 0xfa 0x2 0xd1 0x2 0xfa 0x2 0xd0 0x2 0x32 0x0 0x3 0x93 0x87 0x92 0x88 0x4d 0x80 0x4f 0x80 0x6e 0x82 0xeb 0x7b 0x65 0x6e 0x6d 0x76 0x20 0x22 0x8 0x0 0x29 0xe8 0x9a 0xec 0x0 0x0 0x0 0x0 0x43 0xc 0x33 0x73 0x0 0xa4 0xa4 0x0 0x4 0xcb 0x5 0x0 0x0
1787980737277,0x1 0x8a 0xd 0x49 0xaa 0x86 0x7f 0xd 0x0 0x0 0xd 0x20 0x31 0x0 0xab 0x12 0x97 0x12 0x73 0x0 0xa0 0x2 0x98 0x2 0x0 0x28 0x65 0x1 0x0 0x2a 0x0 0x9b 0x0 0x15 0x0 0x1f 0x0 0xa2 0xa2 0xa2 0xa2 0xa2 0xa2 0xd 0x3 0xd1 0x2 0x3 0x3 0xd8 0x2 0xb 0x3 0xda 0x2 0xd 0x3 0xdb 0x2 0x32 0x0 0x3 0x94 0x85 0x92 0x88 0x4d 0x80 0x4f 0x80 0x6e 0x82 0xeb 0x7b 0x65 0x6e 0x6e 0x76 0x18 0x22 0x0 0x0 0x29 0xe8 0x9a 0xec 0x0 0x0 0x0 0x0 0x2f 0xc 0x33 0x73 0x0 0xa4 0xa4 0x0 0x4 0xb9 0x5 0x0 0x0
1787980737501,0x1 0x8a 0xd 0x49 0xaa 0x86 0x7f 0xd 0x0 0x0 0xd 0x20 0x30 0x0 0x3b 0x12 0x90 0x12 0x73 0x0 0xa2 0x2 0x98 0x2 0x0 0x28 0x65 0x1 0x0 0x34 0x0 0x75 0x0 0x15 0x0 0x21 0x0 0xa4 0xa4 0xa4 0xa4 0xa4 0xa4 0x11 0x3 0xd7 0x2 0xd 0x3 0xd9 0x2 0x14 0x3 0xdd 0x2 0xf 0x3 0xd7 0x2 0x32 0x0 0x3 0x96 0x84 0x92 0x88 0x4d 0x80 0x4f 0x80 0x6e 0x82 0xeb 0x7b 0x65 0x6e 0x6e 0x76 0x14 0x22 0xfc 0xff 0x29 0xe8 0x9a 0xec 0x0 0x0 0x0 0x0 0x2c 0xc 0x33 0x73 0x0 0xa4 0xa4 0x0 0x4 0xb9 0x5 0x0 0x0
1787980737739,0x1 0x88 0xd 0x49 0xaa 0x86 0x7f 0xd 0x0 0x0 0xd 0x1f 0x30 0x0 0x20 0x12 0x61 0x12 0x73 0x0 0xa6 0x2 0x98 0x2 0x0 0x28 0x65 0x1 0x0 0x37 0x0 0x29 0x0 0x16 0x0 0x22 0x0 0xa4 0xa4 0xa4 0xa4 0xa4 0xa4 0xe 0x3 0xe5 0x2 0xd 0x3 0xe3 0x2 0xf 0x3 0xe6 0x2 0xa 0x3 0xe3 0x2 0x32 0x0 0x3 0x97 0x8c 0x92 0x8e 0x4d 0x80 0x4f 0x80 0x6e 0x82 0xeb 0x7b 0x65 0x6e 0x6e 0x76 0xa 0x22 0xf2 0xff 0x29 0xe8 0x9a 0xec 0x0 0x0 0x0 0x0 0x1d 0xc 0x33 0x73 0x0 0xa4 0xa4 0x0 0x4 0xdd 0x5 0x0 0x0
1787980737963,0x1 0x8a 0xd 0x49 0xaa 0x86 0x7f 0xd 0x0 0x0 0xd 0x21 0x30 0x0 0xdc 0x11 0x27 0x12 0x73 0x0 0xb0 0x2 0x98 0x2 0x0 0x28 0x65 0x1 0x0 0x54 0x0 0x15 0x0 0x16 0x0 0x23 0x0 0xa7 0xa7 0xa7 0xa7 0xa7 0xa7 0x10 0x3 0xe3 0x2 0x8 0x3 0xe2 0x2 0x9 0x3 0xdf 0x2 0x6 0x3 0xdf 0x2 0x32 0x0 0x3 0x98 0x8e 0x92 0x8e 0x4d 0x80 0x4f 0x80 0x6e 0x82 0xeb 0x7b 0x65 0x6e 0x6e 0x77 0xfc 0x21 0xe4 0xff 0x29 0xe8 0x9a 0xec 0x0 0x0 0x0 0x0 0x14 0xc 0x33 0x73 0x0 0xa4 0xa4 0x0 0x4 0xb9 0x5 0x0 0x0
1787980738187,0x1 0x8b 0xd 0x49 0xaa 0x86 0x7f 0xd 0x0 0x0 0xd 0x21 0x30 0x0 0xb5 0x11 0xf5 0x11 0x73 0x0 0xb6 0x2 0x98 0x2 0x0 0x28 0x65 0x1 0x0 0x45 0x0 0x10 0x0 0x17 0x0 0x24 0x0 0xa8 0xa8 0xa8 0xa8 0xa8 0xa8 0x5 0x3 0xdb 0x2 0x3 0x3 0xdd 0x2 0x3 0x3 0xdb 0x2 0x2 0x3 0xdb 0x2 0x32 0x0 0x3 0x9a 0x8f 0x92 0x8e 0x4d 0x80 0x4f 0x80 0x6e 0x82 0xeb 0x7b 0x65 0x6e 0x6e 0x77 0xe8 0x21 0xd0 0xff 0x29 0xe8 0x9a 0xec 0x0 0x0 0x0 0x0 0xe 0xb 0x33 0x73 0x0 0xa4 0xa4 0x0 0x4 0xac 0x5 0x0 0x0
1787980738412,0x1 0x8b 0xd 0x49 0xaa 0x86 0x7f 0xd 0x0 0x0 0xd 0x20 0x30 0x0 0x8e 0x11 0xa8 0x11 0x73 0x0 0xbc 0x2 0x98 0x2 0x0 0x28 0x65 0x1 0x0 0x23 0x0 0xd 0x0 0x17 0x0 0x24 0x0 0xaa 0xaa 0xaa 0xaa 0xaa 0xaa 0xfc 0x2 0xd5 0x2 0xfa 0x2 0xd5 0x2 0xfe 0x2 0xd6 0x2 0xfa 0x2 0xd4 0x2 0x32 0x0 0x3 0x9b 0x90 0x92 0x8e 0x4d 0x80 0x4f 0x80 0x6e 0x82 0xeb 0x7b 0x65 0x6e 0x6d 0x77 0xd0 0x21 0xb8 0xff 0x29 0xe8 0x9a 0xec 0x0 0x0 0x0 0x0 0x0 0xb 0x33 0x73 0x0 0xa4 0xa4 0x0 0x4 0xac 0x5 0x0 0x0
1787980738636,0x1 0x88 0xd 0x49 0xaa 0x86 0x7f 0xd 0x0 0x0 0xd 0x20 0x30 0x0 0xea 0x11 0x97 0x11 0x73 0x0 0xae 0x2 0x98 0x2 0x0 0x28 0x65 0x1 0x0 0x18 0x0 0xb 0x0 0x18 0x0 0x24 0x0 0xa6 0xa6 0xa6 0xa6 0xa6 0xa6 0xfa 0x2 0xd3 0x2 0xfa 0x2 0xd4 0x2 0xfe 0x2 0xd2 0x2 0xfe 0x2 0xd7 0x2 0x32 0x0 0x3 0x9c 0x92 0x92 0x8e 0x4d 0x80 0x4f 0x80 0x6e 0x82 0xeb 0x7b 0x65 0x6e 0x6d 0x77 0xbe 0x21 0xa6 0xff 0x29 0xe8 0x9a 0xec 0x0 0x0 0x0 0x0 0x0 0xb 0x33 0x73 0x0 0xa4 0xa4 0x0 0x4 0xdd 0x5 0x0 0x0
1787980738860,0x1 0x89 0xd 0x48 0xaa 0x86 0x7f 0xd 0x0 0x0 0xd 0x1f 0x30 0x0 0x20 0x12 0xe6 0x11 0x73 0x0 0xa6 0x2 0x98 0x2 0x0 0x28 0x65 0x1 0x0 0x13 0x0 0xb 0x0 0x19 0x0 0x20 0x0 0xa4 0xa4 0xa4 0xa4 0xa4 0xa4 0xc 0x3 0xe0 0x2 0x9 0x3 0xe4 0x2 0xc 0x3 0xe4 0x2 0xc 0x3 0xe6 0x2 0x32 0x0 0x3 0x9e 0x93 0x92 0x8e 0x4d 0x80 0x4f 0x80 0x6e 0x82 0xeb 0x7b 0x65 0x6e 0x6d 0x78 0xb4 0x21 0x9c 0xff 0x29 0xe8 0x9a 0xec 0x0 0x0 0x0 0x0 0x0 0xb 0x33 0x73 0x0 0xa4 0xa4 0x0 0x4 0xcb 0x5 0x0 0x0
1787980739084,0x1 0x8b 0xd 0x48 0xaa 0x86 0x7f 0xd 0x0 0x0 0xd 0x1e 0x2f 0x0 0x9e 0x11 0xc4 0x11 0x73 0x0 0xab 0x2 0x98 0x2 0x0 0x28 0x65 0x1 0x0 0x12 0x0 0xb 0x0 0x19 0x0 0x18 0x0 0xa6 0xa6 0xa6 0xa6 0xa6 0xa6 0xd 0x3 0xe5 0x2 0xb 0x3 0xe3 0x2 0x9 0x3 0xe3 0x2 0xc 0x3 0xe5 0x2 0x32 0x0 0x3 0x9f 0x94 0x92 0x8e 0x4d 0x80 0x4f 0x80 0x6e 0x82 0xeb 0x7b 0x65 0x6e 0x6d 0x78 0xaa 0x21 0x92 0xff 0x29 0xe8 0x9a 0xec 0x0 0x0 0x0 0x0 0x0 0xb 0x33 0x73 0x0 0xa4 0xa4 0x0 0x4 0xac 0x5 0x0 0x0
1787980739306,0x1 0x8a 0xd 0x48 0xaa 0x86 0x7f 0xd 0x0 0x0 0xd 0x21 0x30 0x0 0x27 0x12 0xc0 0x11 0x73 0x0 0xa5 0x2 0x98 0x2 0x0 0x28 0x65 0x1 0x0 0x16 0x0 0xc 0x0 0x1a 0x0 0x14 0x0 0xa4 0xa4 0xa4 0xa4 0xa4 0xa4 0xc 0x3 0xe4 0x2 0xb 0x3 0xe8 0x2 0xa 0x3 0xe4 0x2 0xe 0x3 0xe8 0x2 0x32 0x0 0x3 0xa0 0x95 0x92 0x8e 0x4d 0x80 0x4f 0x80 0x6e 0x82 0xeb 0x7b 0x65 0x6e 0x6c 0x78 0x9e 0x21 0x86 0xff 0x29 0xe8 0x9a 0xec 0x0 0x0 0x0 0x0 0x0 0xb 0x33 0x73 0x0 0xa4 0xa4 0x0 0x4 0xb9 0x5 0x0 0x0
1787980739532,0x1 0x89 0xd 0x48 0xaa 0x86 0x7f 0xd 0x0 0x0 0xd 0x1f 0x2f 0x0 0xb8 0x11 0xc7 0x11 0x73 0x0 0xa7 0x2 0x98 0x2 0x0 0x28 0x65 0x1 0x0 0x47 0x0 0xf 0x0 0x1b 0x0 0x13 0x0 0xa4 0xa4 0xa4 0xa4 0xa4 0xa4 0x15 0x3 0xed 0x2 0x15 0x3 0xec 0x2 0x12 0x3 0xeb 0x2 0x12 0x3 0xeb 0x2 0x32 0x0 0x3 0xa1 0x97 0x92 0x8e 0x4d 0x80 0x4f 0x80 0x6e 0x82 0xeb 0x7b 0x65 0x6e 0x6c 0x78 0x92 0x21 0x7a 0xff 0x29 0xe8 0x9a 0xec 0x0 0x0 0x0 0x0 0x0 0xb 0x33 0x73 0x0 0xa4 0xa4 0x0 0x4 0xcb 0x5 0x0 0x0
1787980739770,0x1 0x8a 0xd 0x48 0xaa 0x86 0x7f 0xd 0x0 0x0 0xd 0x20 0x30 0x0 0xfe 0x11 0xd8 0x11 0x73 0x0 0xab 0x2 0x98 0x2 0x0 0x28 0x65 0x1 0x0 0x91 0x0 0x11 0x0 0x1c 0x0 0x15 0x0 0xa5 0xa5 0xa5 0xa5 0xa5 0xa5 0x1 0x3 0xf0 0x2 0x13 0x3 0xee 0x2 0x3 0x3 0xf1 0x2 0x2 0x3 0xf0 0x2 0x32 0x0 0x3 0x9a 0x98 0x96 0x8e 0x4d 0x80 0x4f 0x80 0x6e 0x82 0xeb 0x7b 0x65 0x6e 0x6c 0x79 0x86 0x21 0x6e 0xff 0x29 0xe8 0x9a 0xec 0x0 0x0 0x0 0x0 0x0 0xb 0x33 0x73 0x0 0xa4 0xa4 0x0 0x4 0xb9 0x5 0x0 0x0
1787980739996,0x1 0x8a 0xd 0x48 0xaa 0x86 0x7f 0xd 0x0 0x0 0xd 0x1f 0x2f 0x0 0x9e 0x11 0xd3 0x11 0x73 0x0 0xab 0x2 0x98 0x2 0x0 0x28 0x65 0x1 0x0 0xa8 0x0 0x17 0x0 0x20 0x0 0x16 0x0 0xa6 0xa6 0xa6 0xa6 0xa6 0xa6 0x0 0x3 0xf4 0x2 0xfd 0x2 0xf1 0x2 0xff 0x2 0xf1 0x2 0xfd 0x2 0xf2 0x2 0x32 0x0 0x3 0x98 0x99 0x96 0x8e 0x4d 0x80 0x4f 0x80 0x6e 0x82 0xeb 0x7b 0x65 0x6e 0x6c 0x79 0x7a 0x21 0x62 0xff 0x29 0xe8 0x9a 0xec 0x0 0x0 0x0 0x0 0x0 0xb 0x33 0x73 0x0 0xa4 0xa4 0x0 0x4 0xb9 0x5 0x0 0x0
1787980740220,0x1 0x89 0xd 0x48 0xab 0x86 0x7f 0xd 0x0 0x0 0xd 0x1f 0x30 0x0 0xf7 0x11 0xeb 0x11 0x73 0x0 0xac 0x2 0x96 0x2 0x0 0x28 0x65 0x1 0x0 0xaa 0x0 0x68 0x0 0x33 0x0 0x18 0x0 0xa6 0xa6 0xa6 0xa6 0xa6 0xa6 0x2 0x3 0xfa 0x2 0xfd 0x2 0xf8 0x2 0xfd 0x2 0xf9 0x2 0xfd 0x2 0xf9 0x2 0x32 0x0 0x3 0x97 0x9b 0x96 0x8e 0x4d 0x80 0x4f 0x80 0x6e 0x82 0xeb 0x7b 0x66 0x70 0x6c 0x79 0x6a 0x21 0x52 0xff 0x29 0xe8 0x9a 0xec 0x0 0x0 0x0 0x0 0x0 0xb 0x33 0x73 0x0 0xa4 0xa4 0x0 0x4 0xcb 0x5 0x0 0x0
1787980740442,0x1 0x89 0xd 0x48 0xab 0x86 0x7f 0xd 0x0 0x0 0xd 0x20 0x2f 0x0 0xb8 0x11 0xcd 0x11 0x73 0x0 0xa7 0x2 0x96 0x2 0x0 0x28 0x65 0x1 0x0 0xaa 0x0 0x93 0x0 0x52 0x0 0x18 0x0 0xa4 0xa4 0xa4 0xa4 0xa4 0xa4 0xf8 0x2 0xf6 0x2 0xf7 0x2 0xf7 0x2 0xfa 0x2 0xf8 0x2 0xf8 0x2 0xf8 0x2 0x32 0x0 0x3 0x96 0x9b 0x96 0x8e 0x4d 0x80 0x4f 0x80 0x6e 0x82 0xeb 0x7b 0x66 0x70 0x6d 0x79 0xeb 0x20 0x46 0xff 0x29 0xe8 0x9a 0xec 0x0 0x0 0x0 0x0 0x0 0xb 0x33 0x73 0x0 0xa4 0xa4 0x0 0x4 0xcb 0x5 0x0 0x0
1787980740668,0x1 0x8b 0xd 0x48 0xab 0x86 0x7f 0xd 0x0 0x0 0xd 0x1f 0x2f 0x0 0xc6 0x11 0xfc 0x11 0x73 0x0 0xa5 0x2 0x96 0x2 0x0 0x28 0x65 0x1 0x0 0xa8 0x0 0xa6 0x0 0x70 0x0 0x19 0x0 0xa5 0xa5 0xa5 0xa5 0xa5 0xa5 0xfd 0x2 0xea 0x2 0xfb 0x2 0xe8 0x2 0xfb 0x2 0xe8 0x2 0xfb 0x2 0xe7 0x2 0x32 0x0 0x3 0x94 0x92 0x96 0x8f 0x4d 0x80 0x4f 0x80 0x6e 0x82 0xeb 0x7b 0x66 0x70 0x6d 0x79 0xe1 0x20 0x3c 0xff 0x29 0xe8 0x9a 0xec 0x0 0x0 0x0 0x0 0x0 0xc 0x33 0x73 0x0 0xa4 0xa4 0x0 0x4 0xac 0x5 0x0 0x0
1787980740891,0x1 0x8a 0xd 0x48 0xab 0x86 0x7f 0xd 0x0 0x0 0xd 0x1d 0x2e 0x0 0xa1 0x11 0xe9 0x11 0x73 0x0 0x9c 0x2 0x96 0x2 0x0 0x28 0x65 0x1 0x0 0xa7 0x0 0xab 0x0 0x86 0x0 0x1b 0x0 0xa2 0xa2 0xa2 0xa2 0xa2 0xa2 0xfc 0x2 0xe9 0x2 0xf9 0x2 0xe4 0x2 0xfc 0x2 0xe9 0x2 0xf7 0x2 0xe4 0x2 0x32 0x0 0x3 0x93 0x91 0x96 0x8f 0x4d 0x80 0x4f 0x80 0x6e 0x82 0xeb 0x7b 0x66 0x70 0x6d 0x7a 0xd9 0x20 0x34 0xff 0x29 0xe8 0x9a 0xec 0x0 0x0 0x0 0x0 0x0 0xc 0x33 0x73 0x0 0xa4 0xa4 0x0 0x4 0xb9 0x5 0x0 0x0
1787980741116,0x1 0x89 0xd 0x48 0xab 0x86 0x7f 0xd 0x0 0x0 0xd 0x1f 0x30 0x0 0x57 0x12 0x8 0x12 0x73 0x0 0x9e 0x2 0x96 0x2 0x0 0x28 0x65 0x1 0x0 0xa7 0x0 0xac 0x0 0x94 0x0 0x1b 0x0 0xa2 0xa2 0xa2 0xa2 0xa2 0xa2 0xf3 0x2 0xdf 0x2 0xef 0x2 0xe0 0x2 0xf6 0x2 0xe4 0x2 0xf6 0x2 0xe4 0x2 0x32 0x0 0x3 0x92 0x90 0x96 0x8f 0x4d 0x80 0x4f 0x80 0x6e 0x82 0xeb 0x7b 0x66 0x70 0x6d 0x7a 0xd5 0x20 0x30 0xff 0x29 0xe8 0x9a 0xec 0x0 0x0 0x0 0x0 0x0 0xb 0x33 0x73 0x0 0xa4 0xa4 0x0 0x4 0xcb 0x5 0x0 0x0
1787980741339,0x1 0x88 0xd 0x48 0xab 0x86 0x7f 0xd 0x0 0x0 0xd 0x1f 0x30 0x0 0x42 0x12 0x17 0x12 0x73 0x0 0xa1 0x2 0x96 0x2 0x0 0x28 0x65 0x1 0x0 0xa6 0x0 0xac 0x0 0x9a 0x0 0x1c 0x0 0xa4 0xa4 0xa4 0xa4 0xa4 0xa4 0xf6 0x2 0xe0 0x2 0xf2 0x2 0xe1 0x2 0xf5 0x2 0xe3 0x2 0xf6 0x2 0xe3 0x2 0x32 0x0 0x3 0x91 0x8e 0x96 0x8f 0x4d 0x80 0x4f 0x80 0x6e 0x82 0xeb 0x7b 0x66 0x70 0x6c 0x7a 0xcf 0x20 0x2a 0xff 0x29 0xe8 0x9a 0xec 0x0 0x0 0x0 0x0 0x0 0xc 0x33 0x73 0x0 0xa4 0xa4 0x0 0x4 0xdd 0x5 0x0 0x0
1787980741563,0x1 0x8a 0xd 0x48 0xab 0x86 0x7f 0xd 0x0 0x0 0xd 0x1f 0x2f 0x0 0xd3 0x11 0xf9 0x11 0x73 0x0 0xa3 0x2 0x96 0x2 0x0 0x28 0x65 0x1 0x0 0xa5 0x0 0xab 0x0 0x9d 0x0 0x1d 0x0 0xa4 0xa4 0xa4 0xa4 0xa4 0xa4 0xf0 0x2 0xdb 0x2 0xf3 0x2 0xdf 0x2 0xf1 0x2 0xdd 0x2 0xee 0x2 0xdb 0x2 0x32 0x0 0x3 0x8f 0x8d 0x96 0x8f 0x4d 0x80 0x4f 0x80 0x6e 0x82 0xeb 0x7b 0x66 0x70 0x6c 0x7a 0xc7 0x20 0x22 0xff 0x29 0xe8 0x9a 0xec 0x0 0x0 0x0 0x0 0x0 0xb 0x33 0x73 0x0 0xa4 0xa4 0x0 0x4 0xb9 0x5 0x0 0x0
1787980741787,0x1 0x8a 0xd 0x48 0xab 0x86 0x7f 0xd 0x0 0x0 0xd 0x1f 0x2f 0x0 0xa 0x12 0xf9 0x11 0x73 0x0 0x9b 0x2 0x96 0x2 0x0 0x28 0x65 0x1 0x0 0xa4 0x0 0xaa 0x0 0x9f 0x0 0x1e 0x0 0xa2 0xa2 0xa2 0xa2 0xa2 0xa2 0xeb 0x2 0xdb 0x2 0xea 0x2 0xd9 0x2 0xec 0x2 0xd9 0x2 0xec 0x2 0xd9 0x2 0x32 0x0 0x3 0x8e 0x8c 0x96 0x8f 0x4d 0x80 0x4f 0x80 0x6e 0x82 0xeb 0x7b 0x66 0x70 0x6c 0x7b 0xbf 0x20 0x1a 0xff 0x29 0xe8 0x9a 0xec 0x0 0x0 0x0 0x0 0x0 0xb 0x33 0x73 0x0 0xa4 0xa4 0x0 0x4 0xb9 0x5 0x0 0x0
1787980742011,0x1 0x8b 0xd 0x48 0xab 0x86 0x7f 0xd 0x0 0x0 0xd 0x20 0x2f 0x0 0x3 0x12 0x25 0x12 0x73 0x0 0x9c 0x2 0x96 0x2 0x0 0x28 0x65 0x1 0x0 0xa2 0x0 0xa9 0x0 0x9f 0x0 0x21 0x0 0xa2 0xa2 0xa2 0xa2 0xa2 0xa2 0xed 0x2 0xda 0x2 0xec 0x2 0xdb 0x2 0xf0 0x2 0xdb 0x2 0xee 0x2 0xdb 0x2 0x32 0x0 0x3 0x8d 0x8a 0x96 0x8f 0x4d 0x80 0x4f 0x80 0x6e 0x82 0xeb 0x7b 0x66 0x70 0x6c 0x7b 0xbb 0x20 0x16 0xff 0x29 0xe8 0x9a 0xec 0x0 0x0 0x0 0x0 0x0 0xc 0x33 0x73 0x0 0xa4 0xa4 0x0 0x4 0xac 0x5 0x0 0x0
1787980742235,0x1 0x89 0xd 0x48 0xab 0x86 0x7f 0xd 0x0 0x0 0xd 0x1f 0x2f 0x0 0xee 0x11 0xfe 0x11 0x73 0x0 0x9f 0x2 0x96 0x2 0x0 0x28 0x65 0x1 0x0 0x9f 0x0 0xa6 0x0 0x9f 0x0 0x28 0x0 0xa3 0xa3 0xa3 0xa3 0xa3 0xa3 0xe6 0x2 0xd7 0x2 0xe8 0x2 0xd5 0x2 0xe8 0x2 0xd5 0x2 0xe6 0x2 0xd3 0x2 0x33 0x0 0x3 0x8b 0x89 0x96 0x8f 0x4d 0x80 0x4f 0x80 0x6e 0x82 0xeb 0x7b 0x65 0x6e 0x6c 0x7b 0xb5 0x20 0x10 0xff 0x29 0xe8 0x9a 0xec 0x0 0x0 0x0 0x0 0x0 0xc 0x33 0x73 0x0 0xa4 0xa4 0x0 0x4 0xcb 0x5 0x0 0x0
1787980742458,0x1 0x8a 0xd 0x48 0xab 0x86 0x7f 0xd 0x0 0x0 0xd 0x1e 0x2e 0x0 0xaf 0x11 0xd9 0x11 0x73 0x0 0x9a 0x2 0x96 0x2 0x0 0x28 0x65 0x1 0x0 0x9a 0x0 0xa1 0x0 0x9f 0x0 0x39 0x0 0xa1 0xa1 0xa1 0xa1 0xa1 0xa1 0xe3 0x2 0xce 0x2 0xdf 0x2 0xd3 0x2 0xe5 0x2 0xcf 0x2 0xdf 0x2 0xcd 0x2 0x33 0x0 0x3 0x8a 0x88 0x96 0x8f 0x4d 0x80 0x4f 0x80 0x6e 0x82 0xeb 0x7b 0x65 0x6e 0x6c 0x7b 0xb1 0x20 0xc 0xff 0x29 0xe8 0x9a 0xec 0x0 0x0 0x0 0x0 0x0 0xb 0x33 0x73 0x0 0xa4 0xa4 0x0 0x4 0xb9 0x5 0x0 0x0
1787980742683,0x1 0x8a 0xd 0x48 0xab 0x86 0x7f 0xd 0x0 0x0 0xd 0x1f 0x2f 0x0 0xa 0x12 0xa 0x12 0x73 0x0 0x9b 0x2 0x96 0x2 0x0 0x28 0x65 0x1 0x0 0x96 0x0 0x9f 0x0 0x9e 0x0 0x52 0x0 0xa2 0xa2 0xa2 0xa2 0xa2 0xa2 0xe1 0x2 0xce 0x2 0xe2 0x2 0xce 0x2 0xe1 0x2 0xce 0x2 0xe0 0x2 0xce 0x2 0x33 0x0 0x3 0x89 0x86 0x96 0x8f 0x4d 0x80 0x4f 0x80 0x6e 0x82 0xeb 0x7b 0x65 0x6e 0x6c 0x7b 0xad 0x20 0x8 0xff 0x29 0xe8 0x9a 0xec 0x0 0x0 0x0 0x0 0x0 0xc 0x33 0x73 0x0 0xa4 0xa4 0x0 0x4 0xb9 0x5 0x0 0x0
1787980742907,0x1 0x8a 0xd 0x48 0xab 0x86 0x7f 0xd 0x0 0x0 0xd 0x20 0x2f 0x0 0x1f 0x12 0xe 0x12 0x73 0x0 0x98 0x2 0x96 0x2 0x0 0x28 0x65 0x1 0x0 0x8d 0x0 0x97 0x0 0x9d 0x0 0x6b 0x0 0xa1 0xa1 0xa1 0xa1 0xa1 0xa1 0xe2 0x2 0xcf 0x2 0xde 0x2 0xcd 0x2 0xe0 0x2 0xcd 0x2 0xe0 0x2 0xcd 0x2 0x33 0x0 0x3 0x87 0x85 0x96 0x8f 0x4d 0x80 0x4f 0x80 0x6e 0x82 0xeb 0x7b 0x65 0x6e 0x6c 0x7c 0xab 0x20 0x6 0xff 0x29 0xe8 0x9a 0xec 0x0 0x0 0x0 0x0 0x0 0xb 0x33 0x73 0x0 0xa4 0xa4 0x0 0x4 0xb9 0x5 0x0 0x0
1787980743131,0x1 0x87 0xd 0x48 0xab 0x86 0x7f 0xd 0x0 0x0 0xd 0x1f 0x2f 0x0 0x3b 0x12 0x2e 0x12 0x73 0x0 0x94 0x2 0x96 0x2 0x0 0x28 0x65 0x1 0x0 0x4e 0x0 0x81 0x0 0x9c 0x0 0x7c 0x0 0x9f 0x9f 0x9f 0x9f 0x9f 0x9f 0xe0 0x2 0xcd 0x2 0xdf 0x2 0xcb 0x2 0xdf 0x2 0xce 0x2 0xe0 0x2 0xcd 0x2 0x33 0x0 0x3 0x86 0x84 0x96 0x8f 0x4d 0x80 0x4f 0x80 0x6e 0x82 0xeb 0x7b 0x6a 0x74 0x6c 0x7c 0xa9 0x20 0x4 0xff 0x29 0xe8 0x9a 0xec 0x0 0x0 0x0 0x0 0x0 0xc 0x33 0x73 0x0 0xa4 0xa4 0x0 0x4 0xef 0x5 0x0 0x0
1787980743371,0x1 0x8a 0xd 0x47 0xab 0x86 0x7f 0xd 0x0 0x0 0xd 0x20 0x30 0x0 0xb4 0x12 0x94 0x12 0x73 0x0 0x91 0x2 0x96 0x2 0x0 0x28 0x65 0x1 0x0 0x23 0x0 0x34 0x0 0x9c 0x0 0x89 0x0 0x9d 0x9d 0x9d 0x9d 0x9d 0x9d 0x5 0x3 0xed 0x2 0xf6 0x2 0xd0 0x2 0x0 0x3 0xeb 0x2 0x3 0x3 0xed 0x2 0x32 0x0 0x3 0x8f 0x8c 0x94 0x8f 0x4d 0x80 0x4f 0x80 0x6e 0x82 0xeb 0x7b 0x6a 0x74 0x6c 0x7c 0xc3 0x20 0x1e 0xff 0x29 0xe8 0x9a 0xec 0x0 0x0 0x0 0x0 0x7d 0xc 0x33 0x73 0x0 0xa4 0xa4 0x0 0x4 0xb9 0x5 0x0 0x0
1787980743593,0x1 0x8b 0xd 0x47 0xab 0x86 0x7f 0xd 0x0 0x0 0xd 0x1d 0x2d 0x0 0x28 0x10 0x9d 0x11 0x73 0x0 0xc9 0x2 0xb6 0x2 0x0 0x28 0x65 0x0 0x0 0x14 0x0 0x1f 0x0 0x9a 0x0 0x91 0x0 0xa8 0xa8 0xa8 0xa8 0xa8 0xa8 0xfd 0x2 0xdf 0x2 0xea 0x2 0xc9 0x2 0x3 0x3 0xeb 0x2 0xde 0x2 0xc9 0x2 0x33 0x0 0x3 0x90 0x8d 0x94 0x8f 0x4d 0x80 0x4f 0x80 0x6e 0x82 0xeb 0x7b 0x6a 0x74 0x6c 0x7c 0x1c 0x16 0x12 0xff 0x29 0xe8 0x9a 0xec 0x0 0x0 0x0 0x0 0xc2 0xb 0x33 0x73 0x0 0xa4 0xa4 0x0 0x4 0xac 0x5 0x0 0x0
1787980743817,0x1 0x89 0xd 0x47 0xab 0x86 0x7f 0xd 0x0 0x0 0xd 0x19 0x29 0x0 0x1b 0xd 0x3f 0xe 0x73 0x0 0x21 0x3 0xfa 0x2 0x0 0x28 0x65 0x0 0x0 0x16 0x0 0x1f 0x0 0x99 0x0 0x96 0x0 0xab 0xab 0xab 0xab 0xab 0xab 0x5a 0x2 0x86 0x2 0x87 0x2 0x66 0x2 0x6f 0x2 0x54 0x2 0x5a 0x2 0x48 0x2 0x33 0x0 0x3 0x92 0x8e 0x94 0x8f 0x4d 0x80 0x4f 0x80 0x6e 0x82 0xeb 0x7b 0x6a 0x74 0x6c 0x7d 0x2 0x16 0xf8 0xfe 0x29 0xe8 0x9a 0xec 0x0 0x0 0x0 0x0 0xc2 0xc 0x33 0x73 0x0 0xa4 0xa4 0x0 0x4 0xcb 0x5 0x0 0x0
1787980744042,0x1 0x89 0xd 0x47 0xab 0x86 0x7f 0xd 0x0 0x0 0xd 0x1a 0x29 0x0 0xa 0xd 0xfe 0xc 0x73 0x0 0x25 0x3 0xfa 0x2 0x0 0x28 0x65 0x0 0x0 0x21 0x0 0x34 0x0 0x98 0x0 0x99 0x0 0xab 0xab 0xab 0xab 0xab 0xab 0x31 0x2 0x1f 0x2 0x2c 0x2 0x1e 0x2 0x3b 0x2 0x25 0x2 0x2e 0x2 0x1e 0x2 0x33 0x0 0x3 0x93 0x90 0x94 0x8f 0x4d 0x80 0x4f 0x80 0x6e 0x82 0xeb 0x7b 0x6a 0x74 0x6c 0x7d 0xe2 0x15 0xd8 0xfe 0x29 0xe8 0x9a 0xec 0x0 0x0 0x0 0x0 0xc2 0xc 0x33 0x73 0x0 0xa4 0xa4 0x0 0x4 0xcb 0x5 0x0 0x0
1787980744267,0x1 0x8a 0xd 0x47 0xab 0x86 0x7f 0xd 0x0 0x0 0xd 0x1a 0x2a 0x0 0xb7 0xd 0x5f 0xd 0x73 0x0 0x10 0x3 0xfa 0x2 0x0 0x28 0x65 0x0 0x0 0x11 0x0 0x18 0x0 0x96 0x0 0x9a 0x0 0xa6 0xa6 0xa6 0xa6 0xa6 0xa6 0x44 0x2 0x22 0x2 0x35 0x2 0x2b 0x2 0x3f 0x2 0x32 0x2 0x44 0x2 0x34 0x2 0x33 0x0 0x3 0x94 0x91 0x94 0x8f 0x4d 0x80 0x4f 0x80 0x6e 0x82 0xeb 0x7b 0x65 0x6e 0x6d 0x7d 0xcc 0x15 0xc2 0xfe 0x29 0xe8 0x9a 0xec 0x0 0x0 0x0 0x0 0xc2 0xc 0x33 0x73 0x0 0xa4 0xa4 0x0 0x4 0xb9 0x5 0x0 0x0
1787980744489,0x1 0x8a 0xd 0x47 0xab 0x86 0x7f 0xd 0x0 0x0 0xd 0x1a 0x29 0x0 0x87 0xd 0x5e 0xd 0x73 0x0 0x8 0x3 0xfa 0x2 0x0 0x28 0x65 0x1 0x0 0xc 0x0 0xe 0x0 0x94 0x0 0x9b 0x0 0xa4 0xa4 0xa4 0xa4 0xa4 0xa4 0x45 0x2 0x32 0x2 0x43 0x2 0x35 0x2 0x42 0x2 0x33 0x2 0x46 0x2 0x35 0x2 0x33 0x0 0x3 0x96 0x92 0x94 0x8f 0x4d 0x80 0x4f 0x80 0x6e 0x82 0xeb 0x7b 0x65 0x6e 0x6d 0x7d 0xba 0x15 0xb0 0xfe 0x29 0xe8 0x9a 0xec 0x0 0x0 0x0 0x0 0xc2 0xc 0x33 0x73 0x0 0xa4 0xa4 0x0 0x4 0xb9 0x5 0x0 0x0
1787980744714,0x1 0x8a 0xd 0x47 0xab 0x86 0x7f 0xd 0x0 0x0 0xd 0x1a 0x29 0x0 0xc6 0xd 0x87 0xd 0x73 0x0 0xfa 0x2 0xf0 0x2 0x0 0x28 0x65 0x1 0x0 0xb 0x0 0xb 0x0 0x91 0x0 0x97 0x0 0xa1 0xa1 0xa1 0xa1 0xa1 0xa1 0x4e 0x2 0x3b 0x2 0x4a 0x2 0x3d 0x2 0x51 0x2 0x44 0x2 0x53 0x2 0x44 0x2 0x33 0x0 0x3 0x97 0x93 0x94 0x8f 0x4d 0x80 0x4f 0x80 0x6e 0x82 0xeb 0x7b 0x65 0x6e 0x6d 0x7d 0x5 0x28 0xb0 0xfe 0x29 0xe8 0x9a 0xec 0x0 0x0 0x0 0x0 0xec 0xb 0x33 0x73 0x0 0xa4 0xa4 0x0 0x4 0xb9 0x5 0x0 0x0
1787980744937,0x1 0x89 0xd 0x47 0xab 0x86 0x7f 0xd 0x0 0x0 0xd 0x29 0x3d 0x0 0x6c 0x15 0xc1 0x13 0x73 0x0 0xd9 0x2 0xa5 0x2 0x0 0x28 0x65 0x0 0x0 0xc 0x0 0xc 0x0 0x8c 0x0 0x90 0x0 0xad 0xad 0xad 0xad 0xad 0xad 0x79 0x3 0x6f 0x3 0x8c 0x3 0xd6 0x2 0x31 0x3 0x49 0x3 0x8c 0x3 0x70 0x3 0x32 0x0 0x3 0x98 0x95 0x94 0x8f 0x4d 0x80 0x4f 0x80 0x6e 0x82 0xeb 0x7b 0x65 0x6e 0x6d 0x7e 0x87 0x2a 0xa2 0xfe 0x29 0xe8 0x9a 0xec 0x0 0x0 0x0 0x0 0xed 0xb 0x33 0x73 0x0 0xa4 0xa4 0x0 0x4 0xcb 0x5 0x0 0x0
1787980745161,0x1 0x8b 0xd 0x47 0xab 0x86 0x7f 0xd 0x0 0x0 0xd 0x20 0x31 0x0 0xfb 0xf 0xfb 0x11 0x73 0x0 0x11 0x3 0x96 0x2 0x0 0x28 0x65 0x0 0x0 0xf 0x0 0x15 0x0 0x8b 0x0 0x8d 0x0 0xb5 0xb5 0xb5 0xb5 0xb5 0xb5 0x60 0x3 0x2e 0x3 0x29 0x3 0xf5 0x2 0xf6 0x2 0x5e 0x3 0xf6 0x2 0xe1 0x2 0x32 0x0 0x3 0x9a 0x96 0x94 0x8f 0x4d 0x80 0x4f 0x80 0x6e 0x82 0xeb 0x7b 0x67 0x71 0x6d 0x7e 0xf1 0x1e 0x4c 0xfd 0x29 0xe8 0x9a 0xec 0x0 0x0 0x0 0x0 0xee 0xe 0x33 0x73 0x0 0xa4 0xa4 0x0 0x4 0xac 0x5 0x0 0x0
1787980745386,0x1 0x8b 0xd 0x47 0xab 0x86 0x7f 0xd 0x0 0x0 0xd 0x1a 0x29 0x0 0x73 0xc 0xfa 0xd 0x73 0x0 0x4b 0x3 0xcd 0x2 0x0 0x28 0x65 0x0 0x0 0x91 0x0 0x98 0x0 0x8a 0x0 0x8c 0x0 0xb6 0xb6 0xb6 0xb6 0xb6 0xb6 0x57 0x2 0x46 0x2 0xaf 0x2 0x8c 0x2 0x8d 0x2 0x67 0x2 0x48 0x2 0x46 0x2 0x33 0x0 0x3 0x93 0x97 0x90 0x8f 0x4d 0x80 0x4f 0x80 0x6e 0x82 0xeb 0x7b 0x67 0x71 0x6c 0x7e 0xae 0x13 0xa4 0xfc 0x29 0xe8 0x9a 0xec 0x0 0x0 0x0 0x0 0xf3 0xd 0x33 0x73 0x0 0xa4 0xa4 0x0 0x4 0xac 0x5 0x0 0x0
1787980745609,0x1 0x8b 0xd 0x47 0xab 0x86 0x7f 0xd 0x0 0x0 0xd 0x18 0x28 0x0 0x26 0xc 0x38 0xc 0x73 0x0 0x4b 0x3 0xfa 0x2 0x0 0x28 0x65 0x0 0x0 0xb4 0x0 0xb3 0x0 0x92 0x0 0x96 0x0 0xb0 0xb0 0xb0 0xb0 0xb0 0xb0 0x18 0x2 0x10 0x2 0xc 0x2 0xff 0x1 0xc 0x2 0xfe 0x1 0xb 0x2 0xfe 0x1 0x33 0x0 0x3 0x91 0x8f 0x90 0x8d 0x4d 0x80 0x4f 0x80 0x6e 0x82 0xeb 0x7b 0x67 0x71 0x6c 0x7e 0x46 0x14 0x3c 0xfd 0x29 0xe8 0x9a 0xec 0x0 0x0 0x0 0x0 0xf3 0xd 0x33 0x73 0x0 0xa4 0xa4 0x0 0x4 0xac 0x5 0x0 0x0
1787980745833,0x1 0x89 0xd 0x47 0xac 0x86 0x7f 0xd 0x0 0x0 0xd 0x18 0x27 0x0 0xd5 0xc 0x92 0xc 0x73 0x0 0xa 0x3 0xfa 0x2 0x0 0x28 0x65 0x0 0x0 0xb2 0x0 0xb2 0x0 0x9f 0x0 0xaa 0x0 0xa4 0xa4 0xa4 0xa4 0xa4 0xa4 0x1b 0x2 0xf 0x2 0x1e 0x2 0x2 0x2 0x13 0x2 0xb 0x2 0x1e 0x2 0x12 0x2 0x33 0x0 0x3 0x90 0x8e 0x90 0x8d 0x4d 0x80 0x4f 0x80 0x6e 0x82 0xeb 0x7b 0x67 0x71 0x6c 0x7f 0x26 0x14 0x1c 0xfd 0x29 0xe8 0x9a 0xec 0x0 0x0 0x0 0x0 0xf3 0xc 0x33 0x73 0x0 0xa4 0xa4 0x0 0x4 0xcb 0x5 0x0 0x0
1787980746058,0x1 0x8a 0xd 0x47 0xac 0x86 0x7f 0xd 0x0 0x0 0xd 0x19 0x28 0x0 0x3b 0xd 0xfc 0xc 0x73 0x0 0x6 0x3 0xf9 0x2 0x0 0x28 0x65 0x0 0x0 0xaa 0x0 0xaa 0x0 0xa1 0x0 0xb1 0x0 0xa4 0xa4 0xa4 0xa4 0xa4 0xa4 0x2f 0x2 0x1f 0x2 0x2b 0x2 0x1f 0x2 0x2c 0x2 0x21 0x2 0x2e 0x2 0x21 0x2 0x33 0x0 0x3 0x8f 0x8c 0x90 0x8d 0x4d 0x80 0x4f 0x80 0x6e 0x82 0xeb 0x7b 0x67 0x71 0x6c 0x7f 0xb1 0x13 0x14 0xfd 0x29 0xe8 0x9a 0xec 0x0 0x0 0x0 0x0 0xf3 0xc 0x33 0x73 0x0 0xa4 0xa4 0x0 0x4 0xb9 0x5 0x0 0x0
1787980746282,0x1 0x8b 0xd 0x47 0xac 0x86 0x7f 0xd 0x0 0x0 0xd 0x19 0x28 0x0 0x5e 0xd 0x54 0xd 0x73 0x0 0xfe 0x2 0xf9 0x2 0x0 0x28 0x65 0x0 0x0 0x9a 0x0 0x9c 0x0 0xa0 0x0 0xb1 0x0 0xa2 0xa2 0xa2 0xa2 0xa2 0xa2 0x3b 0x2 0x2b 0x2 0x32 0x2 0x27 0x2 0x38 0x2 0x2d 0x2 0x3a 0x2 0x2b 0x2 0x33 0x0 0x3 0x8d 0x8b 0x90 0x8d 0x4d 0x80 0x4f 0x80 0x6e 0x82 0xeb 0x7b 0x67 0x71 0x6c 0x7f 0xb1 0x13 0x14 0xfd 0x29 0xe8 0x9a 0xec 0x0 0x0 0x0 0x0 0xf3 0xb 0x33 0x73 0x0 0xa4 0xa4 0x0 0x4 0xac 0x5 0x0 0x0
1787980746506,0x1 0x8b 0xd 0x47 0xac 0x86 0x7f 0xd 0x0 0x0 0xd 0x19 0x28 0x0 0x70 0xd 0x34 0xd 0x73 0x0 0xfa 0x2 0xf9 0x2 0x0 0x28 0x65 0x0 0x0 0x53 0x0 0x7c 0x0 0x9e 0x0 0xaf 0x0 0xa0 0xa0 0xa0 0xa0 0xa0 0xa0 0x36 0x2 0x26 0x2 0x30 0x2 0x23 0x2 0x34 0x2 0x2d 0x2 0x34 0x2 0x26 0x2 0x33 0x0 0x3 0x8c 0x8a 0x90 0x8d 0x4d 0x80 0x4f 0x80 0x6e 0x82 0xeb 0x7b 0x67 0x71 0x6c 0x7f 0xb1 0x13 0x14 0xfd 0x29 0xe8 0x9a 0xec 0x0 0x0 0x0 0x0 0xf3 0xc 0x33 0x73 0x0 0xa4 0xa4 0x0 0x4 0xac 0x5 0x0 0x0
1787980746730,0x1 0x89 0xd 0x47 0xac 0x86 0x7f 0xd 0x0 0x0 0xd 0x18 0x27 0x0 0x11 0xd 0x1e 0xd 0x73 0x0 0xfc 0x2 0xf9 0x2 0x0 0x28 0x65 0x0 0x0 0x2b 0x0 0x53 0x0 0x9b 0x0 0xad 0x0 0xa2 0xa2 0xa2 0xa2 0xa2 0xa2 0x3f 0x2 0x1f 0x2 0x3c 0x2 0x22 0x2 0x41 0x2 0x21 0x2 0x3f 0x2 0x20 0x2 0x33 0x0 0x3 0x95 0x88 0x93 0x8d 0x4d 0x80 0x4f 0x80 0x6e 0x82 0xeb 0x7b 0x67 0x71 0x6c 0x7f 0xad 0x13 0x10 0xfd 0x29 0xe8 0x9a 0xec 0x0 0x0 0x0 0x0 0xf3 0xb 0x33 0x73 0x0 0xa4 0xa4 0x0 0x4 0xcb 0x5 0x0 0x0
1787980746952,0x1 0x89 0xd 0x47 0xac 0x86 0x7f 0xd 0x0 0x0 0xd 0x18 0x27 0x0 0xd 0xd 0x3 0xd 0x73 0x0 0xfd 0x2 0xf9 0x2 0x0 0x28 0x65 0x0 0x0 0x13 0x0 0x24 0x0 0x9a 0x0 0xab 0x0 0xa1 0xa1 0xa1 0xa1 0xa1 0xa1 0x3d 0x2 0x2c 0x2 0x3c 0x2 0x2b 0x2 0x3e 0x2 0x2b 0x2 0x3d 0x2 0x2b 0x2 0x33 0x0 0x3 0x96 0x91 0x93 0x90 0x4d 0x80 0x4f 0x80 0x6e 0x82 0xeb 0x7b 0x67 0x71 0x6c 0x80 0xa9 0x13 0xc 0xfd 0x29 0xe8 0x9a 0xec 0x0 0x0 0x0 0x0 0xf3 0xc 0x33 0x73 0x0 0xa4 0xa4 0x0 0x4 0xcb 0x5 0x0 0x0
1787980747177,0x1 0x8b 0xd 0x47 0xac 0x86 0x7f 0xd 0x0 0x0 0xd 0x17 0x26 0x0 0x81 0xc 0xc7 0xc 0x73 0x0 0xa 0x3 0xf9 0x2 0x0 0x28 0x65 0x0 0x0 0xa 0x0 0xe 0x0 0x97 0x0 0xaa 0x0 0xa5 0xa5 0xa5 0xa5 0xa5 0xa5 0x35 0x2 0x28 0x2 0x38 0x2 0x28 0x2 0x3b 0x2 0x27 0x2 0x35 0x2 0x24 0x2 0x33 0x0 0x3 0x97 0x93 0x93 0x90 0x4d 0x80 0x4f 0x80 0x6e 0x82 0xeb 0x7b 0x67 0x71 0x6c 0x80 0xa1 0x13 0x4 0xfd 0x29 0xe8 0x9a 0xec 0x0 0x0 0x0 0x0 0xf3 0xc 0x33 0x73 0x0 0xa4 0xa4 0x0 0x4 0xac 0x5 0x0 0x0
1787980747402,0x1 0x8b 0xd 0x47 0xac 0x86 0x7f 0xd 0x0 0x0 0xd 0x17 0x26 0x0 0xaf 0xc 0xad 0xc 0x73 0x0 0xff 0x2 0xf9 0x2 0x0 0x28 0x65 0x0 0x0 0x9 0x0 0xa 0x0 0x93 0x0 0xa7 0x0 0xa2 0xa2 0xa2 0xa2 0xa2 0xa2 0x36 0x2 0x23 0x2 0x35 0x2 0x20 0x2 0x33 0x2 0x25 0x2 0x35 0x2 0x24 0x2 0x33 0x0 0x3 0x99 0x94 0x93 0x90 0x4d 0x80 0x4f 0x80 0x6e 0x82 0xeb 0x7b 0x67 0x71 0x6d 0x80 0x9b 0x13 0xfe 0xfc 0x29 0xe8 0x9a 0xec 0x0 0x0 0x0 0x0 0xf3 0xc 0x33 0x73 0x0 0xa4 0xa4 0x0 0x4 0xac 0x5 0x0 0x0
1787980747624,0x1 0x89 0xd 0x47 0xac 0x86 0x7f 0xd 0x0 0x0 0xd 0x19 0x27 0x0 0xd 0xd 0xed 0xc 0x73 0x0 0xfd 0x2 0xf9 0x2 0x0 0x28 0x65 0x0 0x0 0x9 0x0 0xa 0x0 0x8b 0x0 0xa4 0x0 0xa2 0xa2 0xa2 0xa2 0xa2 0xa2 0x3a 0x2 0x2b 0x2 0x3d 0x2 0x2d 0x2 0x41 0x2 0x30 0x2 0x42 0x2 0x30 0x2 0x33 0x0 0x3 0x9a 0x95 0x93 0x90 0x4d 0x80 0x4f 0x80 0x6e 0x82 0xeb 0x7b 0x67 0x71 0x6d 0x80 0x9b 0x13 0xfe 0xfc 0x29 0xe8 0x9a 0xec 0x0 0x0 0x0 0x0 0xf3 0xb 0x33 0x73 0x0 0xa4 0xa4 0x0 0x4 0xcb 0x5 0x0 0x0
1787980747850,0x1 0x89 0xd 0x47 0xac 0x86 0x7f 0xd 0x0 0x0 0xd 0x18 0x27 0x0 0xef 0xc 0xf5 0xc 0x73 0x0 0x4 0x3 0xf9 0x2 0x0 0x28 0x65 0x0 0x0 0xb 0x0 0xb 0x0 0x83 0x0 0xa0 0x0 0xa4 0xa4 0xa4 0xa4 0xa4 0xa4 0x44 0x2 0x31 0x2 0x42 0x2 0x30 0x2 0x43 0x2 0x33 0x2 0x43 0x2 0x31 0x2 0x33 0x0 0x3 0x9b 0x97 0x93 0x90 0x4d 0x80 0x4f 0x80 0x6e 0x82 0xeb 0x7b 0x67 0x71 0x6d 0x81 0x95 0x13 0xf8 0xfc 0x29 0xe8 0x9a 0xec 0x0 0x0 0x0 0x0 0xf3 0xc 0x33 0x73 0x0 0xa4 0xa4 0x0 0x4 0xcb 0x5 0x0 0x0
1787980748073,0x1 0x8b 0xd 0x47 0xac 0x86 0x7f 0xd 0x0 0x0 0xd 0x18 0x27 0x0 0x30 0xd 0xf0 0xc 0x73 0x0 0xf5 0x2 0xf9 0x2 0x0 0x28 0x65 0x0 0x0 0xe 0x0 0x10 0x0 0x83 0x0 0x9f 0x0 0x9c 0x9c 0x9c 0x9c 0x9c 0x9c 0x44 0x2 0x33 0x2 0x44 0x2 0x33 0x2 0x48 0x2 0x31 0x2 0x48 0x2 0x37 0x2 0x33 0x0 0x3 0x9d 0x98 0x93 0x90 0x4d 0x80 0x4f 0x80 0x6e 0x82 0xeb 0x7b 0x66 0x6f 0x6d 0x81 0x93 0x13 0xf6 0xfc 0x29 0xe8 0x9a 0xec 0x0 0x0 0x0 0x0 0xf3 0xb 0x33 0x73 0x0 0xa4 0xa4 0x0 0x4 0xac 0x5 0x0 0x0
1787980748298,0x1 0x8b 0xd 0x47 0xac 0x86 0x7f 0xd 0x0 0x0 0xd 0x19 0x27 0x0 0x4 0xd 0xf5 0xc 0x73 0x0 0xff 0x2 0xf9 0x2 0x0 0x28 0x65 0x0 0x0 0x2e 0x0 0x5b 0x0 0x83 0x0 0x9d 0x0 0xa2 0xa2 0xa2 0xa2 0xa2 0xa2 0x48 0x2 0x37 0x2 0x46 0x2 0x37 0x2 0x4b 0x2 0x36 0x2 0x48 0x2 0x37 0x2 0x33 0x0 0x3 0x9e 0x99 0x93 0x90 0x4d 0x80 0x4f 0x80 0x6e 0x82 0xeb 0x7b 0x66 0x6f 0x6c 0x81 0x93 0x13 0xf6 0xfc 0x29 0xe8 0x9a 0xec 0x0 0x0 0x0 0x0 0xf3 0xb 0x33 0x73 0x0 0xa4 0xa4 0x0 0x4 0xac 0x5 0x0 0x0
1787980748522,0x1 0x89 0xd 0x47 0xac 0x86 0x7f 0xd 0x0 0x0 0xd 0x19 0x27 0x0 0x16 0xd 0xe 0xd 0x73 0x0 0xfb 0x2 0xf9 0x2 0x0 0x28 0x65 0x0 0x0 0x85 0x0 0x95 0x0 0x83 0x0 0x9c 0x0 0xa1 0xa1 0xa1 0xa1 0xa1 0xa1 0x4d 0x2 0x3c 0x2 0x3f 0x2 0x3c 0x2 0x4c 0x2 0x3b 0x2 0x41 0x2 0x3c 0x2 0x33 0x0 0x3 0x97 0x9a 0x95 0x90 0x4d 0x80 0x4f 0x80 0x6e 0x82 0xeb 0x7b 0x66 0x6f 0x6c 0x81 0x8f 0x13 0xf2 0xfc 0x29 0xe8 0x9a 0xec 0x0 0x0 0x0 0x0 0xf3 0xb 0x33 0x73 0x0 0xa4 0xa4 0x0 0x4 0xcb 0x5 0x0 0x0
1787980748760,0x1 0x89 0xd 0x46 0xac 0x86 0x7f 0xd 0x0 0x0 0xd 0x18 0x27 0x0 0x0 0xd 0x13 0xd 0x73 0x0 0x0 0x3 0xf9 0x2 0x0 0x28 0x65 0x0 0x0 0xaa 0x0 0xaa 0x0 0x82 0x0 0x9b 0x0 0xa3 0xa3 0xa3 0xa3 0xa3 0xa3 0x3d 0x2 0x30 0x2 0x3f 0x2 0x2c 0x2 0x40 0x2 0x2e 0x2 0x3d 0x2 0x2d 0x2 0x33 0x0 0x3 0x8d 0x89 0x8d 0x89 0x4d 0x80 0x4f 0x80 0x6e 0x82 0xeb 0x7b 0x66 0x6f 0x6c 0x82 0x89 0x13 0xec 0xfc 0x29 0xe8 0x9a 0xec 0x0 0x0 0x0 0x0 0xf3 0xb 0x0 0x80 0x0 0xa4 0xa4 0x0 0x4 0xcb 0x5 0x0 0x0
1787980748984,0x1 0x8c 0xd 0x46 0xac 0x86 0x7f 0xd 0x0 0x0 0xd 0x19 0x27 0x0 0xef 0xc 0x2a 0xd 0x73 0x0 0x4 0x3 0xf9 0x2 0x0 0x28 0x65 0x0 0x0 0xaf 0x0 0xae 0x0 0x83 0x0 0x9a 0x0 0xa3 0xa3 0xa3 0xa3 0xa3 0xa3 0x41 0x2 0x2e 0x2 0x40 0x2 0x2d 0x2 0x42 0x2 0x31 0x2 0x3e 0x2 0x2d 0x2 0x33 0x0 0x3 0x8c 0x88 0x8d 0x89 0x4d 0x80 0x4f 0x80 0x6e 0x82 0xeb 0x7b 0x66 0x6f 0x6c 0x82 0x83 0x13 0xe6 0xfc 0x29 0xe8 0x9a 0xec 0x0 0x0 0x0 0x0 0xf3 0xc 0x0 0x80 0x0 0xa4 0xa4 0x0 0x4 0x9f 0x5 0x0 0x0
1787980749208,0x1 0x8c 0xd 0x46 0xac 0x85 0x80 0x13 0x6 0x0 0xd 0x2a 0x3e 0x0 0x82 0x14 0x77 0x10 0x73 0x0 0x6 0x3 0xf9 0x2 0x0 0x28 0x65 0x0 0x0 0xb0 0x0 0xaf 0x0 0x85 0x0 0x9b 0x0 0x9a 0x9a 0x9a 0x9a 0x9a 0x9a 0x3d 0x2 0x7c 0x2 0xcc 0x2 0xe2 0x2 0x10 0x3 0xe 0x3 0x26 0x3 0xe 0x3 0x32 0x0 0x3 0x8b 0x86 0x8d 0x89 0x4d 0x80 0x4f 0x80 0x6e 0x82 0xeb 0x7b 0x66 0x6f 0x6c 0x82 0x9d 0x11 0x0 0x0 0x29 0xe8 0x9a 0xec 0x0 0x0 0x0 0x0 0xf3 0xb 0x0 0x80 0x0 0xa4 0xa4 0x0 0x8 0x9f 0x5 0x0 0x0
1787980749433,0x1 0x8a 0xd 0x46 0xac 0x85 0x80 0x13 0x6 0x0 0xd 0x2b 0x3f 0x0 0x92 0x11 0x42 0x12 0x73 0x0 0x96 0x3 0xf9 0x2 0x0 0x28 0x65 0x0 0x0 0xb0 0x0 0xaf 0x0 0x8b 0x0 0xa0 0x0 0x85 0x85 0x85 0x85 0x85 0x85 0xd 0x3 0xe8 0x2 0xf2 0x2 0xcb 0x2 0x1e 0x3 0xfc 0x2 0xe3 0x2 0xcb 0x2 0x33 0x0 0x3 0x89 0x85 0x8d 0x89 0x4d 0x80 0x4f 0x80 0x6e 0x82 0xeb 0x7b 0x66 0x6f 0x6b 0x82 0x9d 0x11 0x0 0x0 0x29 0xe8 0x9a 0xec 0x0 0x0 0x0 0x0 0xf3 0x10 0x0 0x80 0x0 0xa4 0xa4 0x0 0x8 0xb9 0x5 0x0 0x0
1787980749673,0x1 0x8b 0xd 0x46 0xac 0x85 0x80 0xd 0x0 0x0 0xd 0x1e 0x2e 0x0 0xc 0xb 0xfa 0xd 0x73 0x0 0x2a 0x4 0xf9 0x2 0x0 0x28 0x65 0x0 0x0 0xb3 0x0 0xb3 0x0 0x9b 0x0 0xaf 0x0 0x80 0x80 0x80 0x80 0x80 0x80 0x15 0x2 0xfe 0x1 0x9 0x2 0xf1 0x1 0x2d 0x2 0xe 0x2 0x1 0x2 0xf1 0x1 0x2f 0x0 0x3 0x88 0x83 0x8d 0x89 0x4d 0x80 0x4f 0x80 0x6e 0x82 0xeb 0x7b 0x66 0x6f 0x6b 0x82 0x9d 0x1a 0x0 0x0 0x29 0xe8 0x9a 0xec 0x0 0x0 0x0 0x0 0xf3 0x17 0x0 0x80 0x0 0xa4 0xa4 0x0 0x4 0xac 0x5 0x0 0x0
1787980749911,0x1 0x8b 0xd 0x46 0xac 0x85 0x80 0xd 0x0 0x0 0xd 0x1b 0x2a 0x0 0xf0 0x9 0x2e 0xb 0x73 0x0 0x3a 0x4 0xf9 0x2 0x0 0x28 0x65 0x0 0x0 0xb3 0x0 0xb1 0x0 0xa3 0x0 0xb6 0x0 0x84 0x84 0x84 0x84 0x84 0x84 0xc5 0x1 0xb3 0x1 0xbf 0x1 0xad 0x1 0xb9 0x1 0xba 0x1 0xb9 0x1 0xab 0x1 0x2f 0x0 0x3 0x86 0x82 0x8d 0x89 0x4d 0x80 0x4f 0x80 0x6e 0x82 0xeb 0x7b 0x66 0x6f 0x6b 0x83 0x83 0x17 0xe6 0xf9 0x29 0xe8 0x9a 0xec 0x0 0x0 0x0 0x0 0xf3 0x19 0x0 0x80 0x0 0xa4 0xa4 0x0 0x4 0xac 0x5 0x0 0x0
1787980750137,0x1 0x89 0xd 0x46 0xac 0x85 0x80 0xd 0x0 0x0 0xd 0x1c 0x2b 0x0 0xee 0xa 0xd1 0xa 0x73 0x0 0xef 0x3 0xf9 0x2 0x0 0x28 0x65 0x0 0x0 0xaa 0x0 0xa5 0x0 0xa1 0x0 0xb5 0x0 0x87 0x87 0x87 0x87 0x87 0x87 0xb6 0x1 0xaa 0x1 0xb9 0x1 0xab 0x1 0xb9 0x1 0xa6 0x1 0xb9 0x1 0xac 0x1 0x31 0x0 0x3 0x85 0x81 0x8d 0x89 0x4d 0x80 0x4f 0x80 0x6e 0x82 0xeb 0x7b 0x63 0x6d 0x6b 0x83 0x43 0x1a 0xa6 0x0 0x29 0xe8 0x9a 0xec 0x0 0x0 0x0 0x0 0xf3 0x15 0x0 0x80 0x0 0xa4 0xa4 0x0 0x4 0xcb 0x5 0x0 0x0
1787980750361,0x1 0x8a 0xd 0x46 0xac 0x86 0x7f 0xd 0x0 0x0 0xd 0x1c 0x2b 0x0 0xb 0xc 0x76 0xb 0x73 0x0 0x92 0x3 0xf9 0x2 0x0 0x28 0x65 0x0 0x0 0x9b 0x0 0x8b 0x0 0x9f 0x0 0xb3 0x0 0x8a 0x8a 0x8a 0x8a 0x8a 0x8a 0xd6 0x1 0xc9 0x1 0xda 0x1 0xbb 0x1 0xcc 0x1 0xc3 0x1 0xda 0x1 0xcb 0x1 0x34 0x0 0x3 0x84 0x7f 0x8d 0x89 0x4d 0x80 0x4f 0x80 0x6e 0x82 0xeb 0x7b 0x63 0x6d 0x6c 0x83 0xb 0x18 0x6e 0x1 0x29 0xe8 0x9a 0xec 0x0 0x0 0x0 0x0 0xf3 0xf 0x0 0x80 0x0 0xa4 0xa4 0x0 0x4 0xb9 0x5 0x0 0x0
1787980750583,0x1 0x8b 0xd 0x46 0xac 0x86 0x7f 0xd 0x0 0x0 0xd 0x1c 0x2b 0x0 0x13 0xd 0x2d 0xc 0x73 0x0 0x4a 0x3 0xf9 0x2 0x0 0x28 0x65 0x0 0x0 0x68 0x0 0x3c 0x0 0x9c 0x0 0xb0 0x0 0x8c 0x8c 0x8c 0x8c 0x8c 0x8c 0xfd 0x1 0xda 0x1 0xeb 0x1 0xe0 0x1 0xf4 0x1 0xf6 0x1 0xfd 0x1 0xfb 0x1 0x33 0x0 0x3 0x82 0x87 0x8d 0x88 0x4d 0x80 0x4f 0x80 0x6e 0x82 0xeb 0x7b 0x63 0x6d 0x6c 0x83 0x1f 0x18 0x82 0x1 0x29 0xe8 0x9a 0xec 0x0 0x0 0x0 0x0 0xf3 0xd 0x0 0x80 0x0 0xa4 0xa4 0x0 0x4 0xac 0x5 0x0 0x0
1787980750807,0x1 0x8b 0xd 0x46 0xac 0x86 0x7f 0xd 0x0 0x0 0xd 0x1c 0x2a 0x0 0x25 0xd 0xb8 0xc 0x73 0x0 0x32 0x3 0xf9 0x2 0x0 0x28 0x65 0x0 0x0 0x2e 0x0 0x23 0x0 0x9a 0x0 0xaf 0x0 0x8f 0x8f 0x8f 0x8f 0x8f 0x8f 0x18 0x2 0xd 0x2 0x1c 0x2 0x12 0x2 0x22 0x2 0xa 0x2 0x22 0x2 0x14 0x2 0x33 0x0 0x3 0x8b 0x88 0x8c 0x88 0x4d 0x80 0x4f 0x80 0x6e 0x82 0xeb 0x7b 0x63 0x6d 0x6c 0x82 0x4b 0x18 0xae 0x1 0x29 0xe8 0x9a 0xec 0x0 0x0 0x0 0x0 0xf3 0xc 0x0 0x80 0x0 0xa4 0xa4 0x0 0x4 0xac 0x5 0x0 0x0
1787980751033,0x1 0x8a 0xd 0x46 0xac 0x86 0x7f 0xd 0x0 0x0 0xd 0x1c 0x2b 0x0 0x79 0xd 0x11 0xd 0x73 0x0 0x31 0x3 0xf9 0x2 0x0 0x28 0x65 0x0 0x0 0x1f 0x0 0x22 0x0 0x98 0x0 0xad 0x0 0x91 0x91 0x91 0x91 0x91 0x91 0x2e 0x2 0x22 0x2 0x28 0x2 0x1b 0x2 0x2d 0x2 0x20 0x2 0x30 0x2 0x22 0x2 0x33 0x0 0x3 0x8c 0x89 0x8c 0x88 0x4d 0x80 0x4f 0x80 0x6e 0x82 0xeb 0x7b 0x63 0x6d 0x6c 0x82 0x35 0x18 0x98 0x1 0x29 0xe8 0x9a 0xec 0x0 0x0 0x0 0x0 0xf3 0xc 0x0 0x80 0x0 0xa4 0xa4 0x0 0x4 0xb9 0x5 0x0 0x0
1787980751257,0x1 0x8b 0xd 0x46 0xac 0x86 0x7f 0xd 0x0 0x0 0xd 0x1b 0x2b 0x0 0x82 0xd 0x56 0xd 0x73 0x0 0x2f 0x3 0xf9 0x2 0x0 0x28 0x65 0x0 0x0 0x39 0x0 0x94 0x0 0x97 0x0 0xab 0x0 0x94 0x94 0x94 0x94 0x94 0x94 0x39 0x2 0x2c 0x2 0x3b 0x2 0x2e 0x2 0x3d 0x2 0x2a 0x2 0x3d 0x2 0x2e 0x2 0x33 0x0 0x3 0x8d 0x8b 0x8c 0x88 0x4d 0x80 0x4f 0x80 0x6e 0x82 0xeb 0x7b 0x63 0x6d 0x6b 0x82 0xf 0x18 0x72 0x1 0x29 0xe8 0x9a 0xec 0x0 0x0 0x0 0x0 0xf3 0xc 0x0 0x80 0x0 0xa4 0xa4 0x0 0x4 0xac 0x5 0x0 0x0
1787980751479,0x1 0x8c 0xd 0x46 0xac 0x86 0x7f 0xd 0x0 0x0 0xd 0x1b 0x2a 0x0 0x0 0xd 0x1e 0xd 0x73 0x0 0x3b 0x3 0xf9 0x2 0x0 0x28 0x65 0x0 0x0 0xa1 0x0 0xa8 0x0 0x96 0x0 0xab 0x0 0x96 0x96 0x96 0x96 0x96 0x96 0x26 0x2 0x17 0x2 0x2b 0x2 0x2b 0x2 0x2a 0x2 0x28 0x2 0x25 0x2 0x17 0x2 0x33 0x0 0x3 0x85 0x83 0x88 0x85 0x4d 0x80 0x4f 0x80 0x6e 0x82 0xeb 0x7b 0x63 0x6d 0x6b 0x82 0xe5 0x17 0x48 0x1 0x29 0xe8 0x9a 0xec 0x0 0x0 0x0 0x0 0xf3 0xc 0x0 0x80 0x0 0xa4 0xa4 0x0 0x4 0x9f 0x5 0x0 0x0
1787980751703,0x1 0x8c 0xd 0x46 0xac 0x86 0x7f 0xd 0x0 0x0 0xd 0x1c 0x2b 0x0 0x50 0xd 0x34 0xd 0x73 0x0 0x3b 0x3 0xf9 0x2 0x0 0x28 0x65 0x0 0x0 0xa7 0x0 0xaa 0x0 0x97 0x0 0xad 0x0 0x99 0x99 0x99 0x99 0x99 0x99 0x23 0x2 0x15 0x2 0x22 0x2 0x15 0x2 0x26 0x2 0x15 0x2 0x26 0x2 0x17 0x2 0x33 0x0 0x3 0x84 0x81 0x88 0x85 0x4d 0x80 0x4f 0x80 0x6e 0x82 0xeb 0x7b 0x63 0x6d 0x6b 0x82 0xa7 0x17 0xa 0x1 0x29 0xe8 0x9a 0xec 0x0 0x0 0x0 0x0 0xf3 0xd 0x0 0x80 0x0 0xa4 0xa4 0x0 0x4 0x9f 0x5 0x0 0x0
1787980751929,0x1 0x89 0xd 0x46 0xac 0x86 0x7f 0xd 0x0 0x0 0xd 0x1d 0x2c 0x0 0xa3 0xd 0x46 0xd 0x73 0x0 0x3a 0x3 0xf9 0x2 0x0 0x28 0x65 0x0 0x0 0xa7 0x0 0xaa 0x0 0x9a 0x0 0xb0 0x0 0x9b 0x9b 0x9b 0x9b 0x9b 0x9b 0x23 0x2 0x17 0x2 0x1f 0x2 0x13 0x2 0x20 0x2 0x14 0x2 0x25 0x2 0x17 0x2 0x33 0x0 0x3 0x83 0x80 0x88 0x85 0x4d 0x80 0x4f 0x80 0x6e 0x82 0xeb 0x7b 0x63 0x6d 0x6b 0x82 0x6d 0x17 0xd0 0x0 0x29 0xe8 0x9a 0xec 0x0 0x0 0x0 0x0 0xf3 0xc 0x0 0x80 0x0 0xa4 0xa4 0x0 0x4 0xcb 0x5 0x0 0x0
1787980752152,0x1 0x89 0xd 0x46 0xac 0x86 0x7f 0xe 0x1 0x0 0xd 0x1c 0x2b 0x0 0x75 0xd 0xa2 0xd 0x73 0x0 0x32 0x3 0xf9 0x2 0x0 0x28 0x65 0x0 0x0 0xa5 0x0 0xa9 0x0 0x9b 0x0 0xb2 0x0 0x9e 0x9e 0x9e 0x9e 0x9e 0x9e 0x31 0x2 0x24 0x2 0x32 0x2 0x22 0x2 0x32 0x2 0x21 0x2 0x30 0x2 0x21 0x2 0x33 0x0 0x3 0x81 0x7f 0x88 0x85 0x4d 0x80 0x4f 0x80 0x6e 0x82 0xeb 0x7b 0x63 0x6d 0x6b 0x82 0x47 0x17 0xaa 0x0 0x29 0xe8 0x9a 0xec 0x0 0x0 0x0 0x0 0xf3 0xc 0x0 0x80 0x0 0xa4 0xa4 0x0 0x4 0xcb 0x5 0x0 0x0
1787980752377,0x1 0x8b 0xd 0x46 0xac 0x86 0x7f 0x12 0x5 0x0 0xd 0x22 0x30 0x0 0xa 0xf 0xef 0xd 0x73 0x0 0x31 0x3 0xf9 0x2 0x0 0x28 0x65 0x0 0x0 0xa3 0x0 0xa7 0x0 0x9b 0x0 0xb2 0x0 0x82 0x82 0x82 0x82 0x82 0x82 0x2f 0x2 0x22 0x2 0x36 0x2 0x22 0x2 0x30 0x2 0x20 0x2 0x36 0x2 0x28 0x2 0x33 0x0 0x3 0x80 0x7d 0x88 0x85 0x4d 0x80 0x4f 0x80 0x6e 0x82 0xeb 0x7b 0x63 0x6d 0x6c 0x82 0x19 0x17 0x7c 0x0 0x29 0xe8 0x9a 0xec 0x0 0x0 0x0 0x0 0xf3 0xc 0x0 0x80 0x0 0xa4 0xa4 0x0 0x8 0xac 0x5 0x0 0x0
1787980752598,0x1 0x8b 0xd 0x46 0xac 0x86 0x7f 0x14 0x6 0x0 0xd 0x2e 0x45 0x0 0xd9 0x13 0x9c 0x12 0x73 0x0 0x7a 0x3 0xf9 0x2 0x0 0x28 0x65 0x0 0x0 0xa1 0x0 0xa6 0x0 0x9a 0x0 0xb2 0x0 0x7e 0x7e 0x7e 0x7e 0x7e 0x7e 0xe9 0x2 0xda 0x2 0xf4 0x2 0xda 0x2 0xf7 0x2 0xde 0x2 0xf4 0x2 0xde 0x2 0x32 0x0 0x3 0x7e 0x7c 0x88 0x85 0x4d 0x80 0x4f 0x80 0x6e 0x82 0xeb 0x7b 0x63 0x6d 0x6c 0x82 0x9d 0x11 0x0 0x0 0x29 0xe8 0x9a 0xec 0x0 0x0 0x0 0x0 0xf3 0x10 0x0 0x80 0x0 0xa4 0xa4 0x0 0x8 0xac 0x5 0x0 0x0
1787980752824,0x1 0x8a 0xd 0x46 0xac 0x86 0x7f 0x14 0x6 0x0 0xd 0x30 0x48 0x0 0x85 0x11 0x1e 0x12 0x73 0x0 0x1c 0x4 0xf9 0x2 0x0 0x28 0x65 0x0 0x0 0xa4 0x0 0xa7 0x0 0x99 0x0 0xb1 0x0 0x6f 0x6f 0x6f 0x6f 0x6f 0x6f 0xbc 0x2 0x9e 0x2 0xab 0x2 0x8f 0x2 0x9d 0x2 0xae 0x2 0x9d 0x2 0x8a 0x2 0x2f 0x0 0x3 0x7d 0x7a 0x88 0x85 0x4d 0x80 0x4f 0x80 0x6e 0x82 0xeb 0x7b 0x63 0x6d 0x6c 0x81 0x9d 0x14 0x0 0x0 0x29 0xe8 0x9a 0xec 0x0 0x0 0x0 0x0 0xf3 0x17 0x0 0x80 0x0 0xa4 0xa4 0x0 0x8 0xb9 0x5 0x0 0x0
1787980753047,0x1 0x8a 0xd 0x46 0xac 0x86 0x7f 0x14 0x6 0x0 0xd 0x32 0x4c 0x0 0x1f 0x10 0x46 0x10 0x73 0x0 0xb7 0x4 0xf9 0x2 0x0 0x28 0x65 0x0 0x0 0xa5 0x0 0xa8 0x0 0x9b 0x0 0xb1 0x0 0x68 0x68 0x68 0x68 0x68 0x68 0x60 0x2 0x45 0x2 0x51 0x2 0x3e 0x2 0x4b 0x2 0x3a 0x2 0x4c 0x2 0x3a 0x2 0x2c 0x0 0x3 0x7b 0x78 0x88 0x85 0x4d 0x80 0x4f 0x80 0x6e 0x82 0xeb 0x7b 0x67 0x71 0x6c 0x81 0x9d 0x16 0x0 0x0 0x29 0xe8 0x9a 0xec 0x0 0x0 0x0 0x0 0xf3 0x23 0x0 0x80 0x0 0xa4 0xa4 0x0 0x8 0xb9 0x5 0x0 0x0
1787980753272,0x1 0x8c 0xd 0x46 0xac 0x85 0x80 0x14 0x6 0x0 0xd 0x31 0x4a 0x0 0xdc 0xe 0x1f 0xf 0x73 0x0 0xfb 0x4 0xf9 0x2 0x0 0x28 0x65 0x0 0x0 0x86 0x0 0x8d 0x0 0x99 0x0 0xb0 0x0 0x66 0x66 0x66 0x66 0x66 0x66 0x22 0x2 0xe 0x2 0x2c 0x2 0x16 0x2 0x25 0x2 0x12 0x2 0x1e 0x2 0xe 0x2 0x2b 0x0 0x3 0x79 0x77 0x88 0x85 0x4d 0x80 0x4f 0x80 0x6e 0x82 0xeb 0x7b 0x67 0x71 0x6d 0x81 0x9d 0x17 0x0 0x0 0x29 0xe8 0x9a 0xec 0x0 0x0 0x0 0x0 0xf3 0x23 0x0 0x80 0x0 0xa4 0xa4 0x0 0x8 0x9f 0x5 0x0 0x0
1787980753496,0x1 0x8b 0xd 0x46 0xac 0x85 0x80 0x14 0x6 0x0 0xd 0x32 0x4d 0x0 0xfb 0xe 0xde 0xe 0x73 0x0 0x24 0x5 0xf9 0x2 0x0 0x28 0x65 0x0 0x0 0x25 0x0 0x30 0x0 0x95 0x0 0xad 0x0 0x66 0x66 0x66 0x66 0x66 0x66 0x20 0x2 0x10 0x2 0x23 0x2 0x12 0x2 0x21 0x2 0x10 0x2 0x23 0x2 0x12 0x2 0x2a 0x0 0x3 0x81 0x7e 0x83 0x80 0x4d 0x80 0x4f 0x80 0x6e 0x82 0xeb 0x7b 0x67 0x71 0x6d 0x81 0x9d 0x18 0x0 0x0 0x29 0xe8 0x9a 0xec 0x0 0x0 0x0 0x0 0xf3 0x25 0x0 0x80 0x0 0xa4 0xa4 0x0 0x8 0xac 0x5 0x0 0x0
1787980753720,0x1 0x8a 0xd 0x46 0xac 0x85 0x80 0xd 0x0 0x0 0xd 0x27 0x3a 0x0 0x0 0xb 0x3e 0xc 0x73 0x0 0x46 0x5 0xf9 0x2 0x0 0x28 0x65 0x0 0x0 0xc 0x0 0x11 0x0 0x8f 0x0 0xa8 0x0 0x68 0x68 0x68 0x68 0x68 0x68 0xd6 0x1 0xc6 0x1 0xe1 0x1 0xc9 0x1 0xdc 0x1 0xcd 0x1 0xd3 0x1 0xc6 0x1 0x2a 0x0 0x3 0x82 0x80 0x83 0x80 0x4d 0x80 0x4f 0x80 0x6e 0x82 0xeb 0x7b 0x67 0x71 0x6d 0x81 0x9d 0x27 0x0 0x0 0x29 0xe8 0x9a 0xec 0x0 0x0 0x0 0x0 0xf3 0x29 0x0 0x80 0x0 0xa4 0xa4 0x0 0x0 0xb9 0x5 0x0 0x0
1787980753944,0x1 0x8a 0xd 0x46 0xac 0x85 0x80 0xd 0x0 0x0 0xd 0x28 0x3b 0x0 0xa3 0xb 0x49 0xb 0x73 0x0 0x12 0x5 0xf9 0x2 0x0 0x28 0x65 0x0 0x0 0xe 0x0 0x12 0x0 0x8b 0x0 0xa5 0x0 0x70 0x70 0x70 0x70 0x70 0x70 0xbd 0x1 0xb0 0x1 0xbc 0x1 0xaf 0x1 0xbe 0x1 0xb1 0x1 0xbe 0x1 0xb2 0x1 0x2b 0x0 0x3 0x84 0x81 0x83 0x80 0x4d 0x80 0x4f 0x80 0x6e 0x82 0xeb 0x7b 0x67 0x71 0x6d 0x82 0xd9 0x29 0x3c 0x5 0x29 0xe8 0x9a 0xec 0x0 0x0 0x0 0x0 0xf3 0x27 0x0 0x80 0x0 0xa4 0xa4 0x0 0x0 0xb9 0x5 0x0 0x0
1787980754166,0x1 0x8b 0xd 0x46 0xac 0x86 0x7f 0xd 0x0 0x0 0xd 0x28 0x3a 0x0 0xf5 0xc 0xf3 0xb 0x73 0x0 0x7a 0x4 0xf9 0x2 0x0 0x28 0x65 0x0 0x0 0x10 0x0 0x15 0x0 0x89 0x0 0xa3 0x0 0xa0 0xa0 0xa0 0xa0 0xa0 0xa0 0xd9 0x1 0xbd 0x1 0xca 0x1 0xc1 0x1 0xd2 0x1 0xc9 0x1 0xd9 0x1 0xcd 0x1 0x2e 0x0 0x3 0x85 0x83 0x83 0x80 0x4d 0x80 0x4f 0x80 0x6e 0x82 0xeb 0x7b 0x67 0x71 0x6d 0x82 0x45 0x37 0xa8 0x17 0x29 0xe8 0x9a 0xec 0x0 0x0 0x0 0x0 0xf3 0x1f 0x0 0x80 0x0 0xa4 0xa4 0x0 0x4 0xac 0x5 0x0 0x0
1787980754392,0x1 0x8b 0xd 0x46 0xac 0x86 0x7f 0xd 0x0 0x0 0xd 0x28 0x3c 0x0 0x9a 0xe 0xde 0xd 0x73 0x0 0x1c 0x4 0xf9 0x2 0x0 0x28 0x65 0x0 0x0 0xf 0x0 0xb 0x0 0x88 0x0 0xa2 0x0 0xa0 0xa0 0xa0 0xa0 0xa0 0xa0 0x16 0x2 0xfb 0x1 0xc 0x2 0x0 0x2 0x13 0x2 0x6 0x2 0x16 0x2 0x8 0x2 0x30 0x0 0x3 0x87 0x84 0x83 0x80 0x4d 0x80 0x4f 0x80 0x6e 0x82 0xeb 0x7b 0x67 0x71 0x6e 0x82 0xfd 0x25 0x60 0xb 0x29 0xe8 0x9a 0xec 0x0 0x0 0x0 0x0 0xf3 0x17 0x0 0x80 0x0 0xa4 0xa4 0x0 0x4 0xac 0x5 0x0 0x0
1787980754630,0x1 0x8a 0xd 0x46 0xac 0x86 0x7f 0xd 0x0 0x0 0xd 0x25 0x35 0x0 0x8e 0xd 0xc4 0xd 0x73 0x0 0xe9 0x3 0xf9 0x2 0x0 0x28 0x65 0x0 0x0 0xe 0x0 0xc 0x0 0x87 0x0 0xa1 0x0 0xa0 0xa0 0xa0 0xa0 0xa0 0xa0 0x18 0x2 0xa 0x2 0x18 0x2 0xa 0x2 0x18 0x2 0xa 0x2 0x18 0x2 0xa 0x2 0x31 0x0 0x3 0x88 0x85 0x83 0x80 0x4d 0x80 0x4f 0x80 0x6e 0x82 0xeb 0x7b 0x67 0x71 0x6e 0x82 0xf7 0x23 0x5a 0xa 0x29 0xe8 0x9a 0xec 0x0 0x0 0x0 0x0 0xf3 0x13 0x0 0x80 0x0 0xa4 0xa4 0x0 0x4 0xb9 0x5 0x0 0x0
1787980754854,0x1 0x89 0xd 0x46 0xac 0x86 0x7f 0x10 0x3 0x0 0xd 0x28 0x3a 0x0 0x2d 0x10 0x8c 0xe 0x73 0x0 0x96 0x3 0xf9 0x2 0x0 0x28 0x65 0x0 0x0 0x11 0x0 0xf 0x0 0x85 0x0 0xa0 0x0 0xa2 0xa2 0xa2 0xa2 0xa2 0xa2 0x2c 0x2 0x23 0x2 0x37 0x2 0x2d 0x2 0x44 0x2 0x18 0x2 0x44 0x2 0x35 0x2 0x33 0x0 0x3 0x89 0x87 0x83 0x80 0x4d 0x80 0x4f 0x80 0x6e 0x82 0xeb 0x7b 0x67 0x71 0x6e 0x83 0x93 0x1f 0xf6 0x8 0x29 0xe8 0x9a 0xec 0x0 0x0 0x0 0x0 0xf3 0xf 0x0 0x80 0x0 0xa4 0xa4 0x0 0x4 0xcb 0x5 0x0 0x0
1787980755080,0x1 0x8b 0xd 0x46 0xac 0x86 0x7f 0x14 0x7 0x0 0xd 0x33 0x4b 0x0 0xe5 0x13 0x2d 0x13 0x73 0x0 0xc5 0x3 0xf9 0x2 0x0 0x28 0x65 0x0 0x0 0x2a 0x0 0x55 0x0 0x83 0x0 0x9f 0x0 0x8b 0x8b 0x8b 0x8b 0x8b 0x8b 0x7 0x3 0xfa 0x2 0xf 0x3 0xf6 0x2 0xfe 0x2 0xee 0x2 0xc 0x3 0xf6 0x2 0x30 0x0 0x3 0x8b 0x88 0x83 0x80 0x4d 0x80 0x4f 0x80 0x6e 0x82 0xeb 0x7b 0x66 0x6f 0x6e 0x83 0x75 0x17 0xd8 0x3 0x29 0xe8 0x9a 0xec 0x0 0x0 0x0 0x0 0xf3 0x14 0x0 0x80 0x0 0xa4 0xa4 0x0 0x8 0xac 0x5 0x0 0x0
1787980755304,0x1 0x8b 0xd 0x46 0xac 0x85 0x80 0x14 0x7 0x0 0xd 0x32 0x4c 0x0 0x30 0x11 0xc 0x12 0x73 0x0 0x6c 0x4 0xf9 0x2 0x0 0x28 0x65 0x0 0x0 0x8a 0x0 0xa6 0x0 0x82 0x0 0x9e 0x0 0x71 0x71 0x71 0x71 0x71 0x71 0xcf 0x2 0xb4 0x2 0xb1 0x2 0xa1 0x2 0xe0 0x2 0xbd 0x2 0xa5 0x2 0xa1 0x2 0x2d 0x0 0x3 0x84 0x89 0x82 0x80 0x4d 0x80 0x4f 0x80 0x6e 0x82 0xeb 0x7b 0x66 0x6f 0x6d 0x83 0x9d 0x15 0x0 0x0 0x29 0xe8 0x9a 0xec 0x0 0x0 0x0 0x0 0xf3 0x20 0x0 0x80 0x0 0xa4 0xa4 0x0 0x8 0xac 0x5 0x0 0x0
1787980755528,0x1 0x8a 0xd 0x46 0xac 0x85 0x80 0x14 0x7 0x0 0xd 0x33 0x4e 0x0 0xb0 0xf 0xcf 0xf 0x73 0x0 0xf9 0x4 0xf9 0x2 0x0 0x28 0x65 0x0 0x0 0xaf 0x0 0xae 0x0 0x88 0x0 0xa6 0x0 0x66 0x66 0x66 0x66 0x66 0x66 0x55 0x2 0x50 0x2 0x4a 0x2 0x3b 0x2 0x46 0x2 0x36 0x2 0x46 0x2 0x36 0x2 0x2b 0x0 0x3 0x83 0x81 0x82 0x7f 0x4d 0x80 0x4f 0x80 0x6e 0x82 0xeb 0x7b 0x66 0x6f 0x6d 0x83 0x9d 0x17 0x0 0x0 0x29 0xe8 0x9a 0xec 0x0 0x0 0x0 0x0 0xf3 0x25 0x0 0x80 0x0 0xa4 0xa4 0x0 0x8 0xb9 0x5 0x0 0x0
1787980755750,0x1 0x8a 0xd 0x46 0xac 0x85 0x80 0x14 0x7 0x0 0xd 0x34 0x4f 0x0 0xf8 0xe 0x36 0xf 0x73 0x0 0x47 0x5 0xf9 0x2 0x0 0x28 0x65 0x0 0x0 0xa1 0x0 0xa4 0x0 0x8a 0x0 0xab 0x0 0x65 0x65 0x65 0x65 0x65 0x65 0x2f 0x2 0x1f 0x2 0x31 0x2 0x22 0x2 0x2e 0x2 0x1f 0x2 0x2d 0x2 0x1f 0x2 0x2a 0x0 0x3 0x81 0x7f 0x82 0x7f 0x4d 0x80 0x4f 0x80 0x6e 0x82 0xeb 0x7b 0x66 0x6f 0x6d 0x84 0x9d 0x18 0x0 0x0 0x29 0xe8 0x9a 0xec 0x0 0x0 0x0 0x0 0xf3 0x29 0x0 0x80 0x0 0xa4 0xa4 0x0 0x8 0xb9 0x5 0x0 0x0
1787980755974,0x1 0x8b 0xd 0x46 0xac 0x85 0x80 0x14 0x7 0x0 0xd 0x32 0x4a 0x0 0x7c 0xd 0xea 0xd 0x73 0x0 0x7d 0x5 0xf9 0x2 0x0 0x28 0x65 0x0 0x0 0x5f 0x0 0x88 0x0 0x89 0x0 0xaa 0x0 0x64 0x64 0x64 0x64 0x64 0x64 0xf 0x2 0x3 0x2 0xf 0x2 0xfd 0x1 0x6 0x2 0xf5 0x1 0x3 0x2 0xf5 0x1 0x2a 0x0 0x3 0x7f 0x7d 0x82 0x7f 0x4d 0x80 0x4f 0x80 0x6e 0x82 0xeb 0x7b 0x66 0x6f 0x6d 0x84 0x9d 0x18 0x0 0x0 0x29 0xe8 0x9a 0xec 0x0 0x0 0x0 0x0 0xf3 0x2b 0x0 0x80 0x0 0xa4 0xa4 0x0 0x8 0xac 0x5 0x0 0x0
1787980756198,0x1 0x8c 0xd 0x47 0xac 0x85 0x80 0x14 0x7 0x0 0xd 0x33 0x4d 0x0 0xe4 0xd 0xd 0xe 0x73 0x0 0x8b 0x5 0xf9 0x2 0x0 0x28 0x65 0x0 0x0 0x17 0x0 0x3f 0x0 0x87 0x0 0xa8 0x0 0x64 0x64 0x64 0x64 0x64 0x64 0x15 0x2 0x4 0x2 0x16 0x2 0x4 0x2 0x16 0x2 0xf8 0x1 0x15 0x2 0x4 0x2 0x2a 0x0 0x3 0x88 0x84 0x85 0x82 0x4d 0x80 0x4f 0x80 0x6e 0x82 0xeb 0x7b 0x67 0x71 0x6d 0x84 0x9d 0x19 0x0 0x0 0x29 0xe8 0x9a 0xec 0x0 0x0 0x0 0x0 0xf3 0x2d 0x0 0x80 0x0 0xa4 0xa4 0x0 0x8 0x9f 0x5 0x0 0x0
1787980756423,0x1 0x8a 0xd 0x47 0xac 0x85 0x80 0x14 0x7 0x0 0xd 0x35 0x50 0x0 0x3e 0xe 0xf0 0xd 0x73 0x0 0x9e 0x5 0xf9 0x2 0x0 0x28 0x65 0x0 0x0 0xe 0x0 0x18 0x0 0x82 0x0 0xa5 0x0 0x64 0x64 0x64 0x64 0x64 0x64 0x11 0x2 0x4 0x2 0x12 0x2 0x0 0x2 0x10 0x2 0x1 0x2 0x15 0x2 0x4 0x2 0x2a 0x0 0x3 0x89 0x86 0x85 0x82 0x4d 0x80 0x4f 0x80 0x6e 0x82 0xeb 0x7b 0x67 0x71 0x6e 0x84 0x9d 0x19 0x0 0x0 0x29 0xe8 0x9a 0xec 0x0 0x0 0x0 0x0 0xf3 0x2d 0x0 0x80 0x0 0xa4 0xa4 0x0 0x8 0xb9 0x5 0x0 0x0
1787980756647,0x1 0x8a 0xd 0x47 0xac 0x85 0x80 0x14 0x7 0x0 0xd 0x35 0x50 0x0 0xe 0xe 0x12 0xe 0x73 0x0 0xb1 0x5 0xf9 0x2 0x0 0x28 0x65 0x0 0x0 0x13 0x0 0x25 0x0 0x81 0x0 0xa2 0x0 0x63 0x63 0x63 0x63 0x63 0x63 0x19 0x2 0x8 0x2 0x19 0x2 0xa 0x2 0x1c 0x2 0xb 0x2 0x1c 0x2 0xb 0x2 0x29 0x0 0x3 0x8b 0x88 0x85 0x82 0x4d 0x80 0x4f 0x80 0x6e 0x82 0xeb 0x7b 0x67 0x71 0x6e 0x84 0x9d 0x19 0x0 0x0 0x29 0xe8 0x9a 0xec 0x0 0x0 0x0 0x0 0xf3 0x2f 0x0 0x80 0x0 0xa4 0xa4 0x0 0x8 0xb9 0x5 0x0 0x0
1787980756870,0x1 0x8b 0xd 0x47 0xac 0x86 0x7f 0x14 0x7 0x0 0xd 0x35 0x50 0x0 0x2 0xe 0x16 0xe 0x73 0x0 0xb6 0x5 0xf9 0x2 0x0 0x28 0x65 0x0 0x0 0x63 0x0 0x9c 0x0 0x81 0x0 0xa2 0x0 0x63 0x63 0x63 0x63 0x63 0x63 0x1f 0x2 0xe 0x2 0x20 0x2 0xd 0x2 0x1f 0x2 0xf 0x2 0x1e 0x2 0xd 0x2 0x29 0x0 0x3 0x8d 0x89 0x85 0x82 0x4d 0x80 0x4f 0x80 0x6e 0x82 0xeb 0x7b 0x67 0x71 0x6e 0x85 0x9d 0x19 0x0 0x0 0x29 0xe8 0x9a 0xec 0x0 0x0 0x0 0x0 0xf3 0x2f 0x0 0x80 0x0 0xa4 0xa4 0x0 0x8 0xac 0x5 0x0 0x0
1787980757094,0x1 0x8b 0xd 0x47 0xac 0x86 0x7f 0x14 0x7 0x0 0xd 0x35 0x51 0x0 0xc 0xe 0x4 0xe 0x73 0x0 0xc4 0x5 0xf9 0x2 0x0 0x28 0x65 0x0 0x0 0xa6 0x0 0xab 0x0 0x83 0x0 0xa4 0x0 0x63 0x63 0x63 0x63 0x63 0x63 0x10 0x2 0xb 0x2 0xe 0x2 0xa 0x2 0xf 0x2 0xb 0x2 0xe 0x2 0xb 0x2 0x29 0x0 0x3 0x85 0x89 0x86 0x82 0x4d 0x80 0x4f 0x80 0x6e 0x82 0xeb 0x7b 0x67 0x71 0x6e 0x85 0x9d 0x19 0x0 0x0 0x29 0xe8 0x9a 0xec 0x0 0x0 0x0 0x0 0xf3 0x2f 0x0 0x80 0x0 0xa4 0xa4 0x0 0x8 0xac 0x5 0x0 0x0
1787980757319,0x1 0x8a 0xd 0x47 0xac 0x86 0x7f 0x14 0x7 0x0 0xd 0x36 0x52 0x0 0x40 0xe 0xfd 0xd 0x73 0x0 0xc1 0x5 0xf9 0x2 0x0 0x28 0x65 0x0 0x0 0xac 0x0 0xad 0x0 0x8a 0x0 0xac 0x0 0x63 0x63 0x63 0x63 0x63 0x63 0xa 0x2 0xfb 0x1 0xc 0x2 0xf8 0x1 0x7 0x2 0xf8 0x1 0xa 0x2 0xf9 0x1 0x29 0x0 0x3 0x83 0x80 0x86 0x83 0x4d 0x80 0x4f 0x80 0x6e 0x82 0xeb 0x7b 0x67 0x71 0x6f 0x85 0x9d 0x19 0x0 0x0 0x29 0xe8 0x9a 0xec 0x0 0x0 0x0 0x0 0xf3 0x2f 0x0 0x80 0x0 0xa4 0xa4 0x0 0x8 0xb9 0x5 0x0 0x0
1787980757543,0x1 0x8a 0xd 0x47 0xac 0x86 0x7f 0x14 0x7 0x0 0xd 0x34 0x4f 0x0 0xc0 0xd 0xea 0xd 0x73 0x0 0xbf 0x5 0xf9 0x2 0x0 0x28 0x65 0x0 0x0 0xab 0x0 0xac 0x0 0x90 0x0 0xb0 0x0 0x63 0x63 0x63 0x63 0x63 0x63 0x0 0x2 0xf3 0x1 0x5 0x2 0xf6 0x1 0x6 0x2 0xf4 0x1 0x5 0x2 0xf4 0x1 0x29 0x0 0x3 0x81 0x7e 0x86 0x83 0x4d 0x80 0x4f 0x80 0x6e 0x82 0xeb 0x7b 0x67 0x71 0x6f 0x85 0x9d 0x19 0x0 0x0 0x29 0xe8 0x9a 0xec 0x0 0x0 0x0 0x0 0xf3 0x2f 0x0 0x80 0x0 0xa4 0xa4 0x0 0x8 0xb9 0x5 0x0 0x0
1787980757781,0x1 0x8b 0xd 0x47 0xac 0x86 0x7f 0x14 0x7 0x0 0xd 0x34 0x4f 0x0 0xd3 0xd 0xe7 0xd 0x73 0x0 0xb7 0x5 0xf9 0x2 0x0 0x28 0x65 0x0 0x0 0xa9 0x0 0xa9 0x0 0x94 0x0 0xb0 0x0 0x63 0x63 0x63 0x63 0x63 0x63 0x3 0x2 0xf2 0x1 0x3 0x2 0xf1 0x1 0x1 0x2 0xf2 0x1 0x1 0x2 0xf1 0x1 0x29 0x0 0x3 0x7f 0x7c 0x86 0x83 0x4d 0x80 0x4f 0x80 0x6e 0x82 0xeb 0x7b 0x67 0x71 0x6f 0x86 0x9d 0x19 0x0 0x0 0x29 0xe8 0x9a 0xec 0x0 0x0 0x0 0x0 0xf3 0x2f 0x0 0x80 0x0 0xa4 0xa4 0x0 0x8 0xac 0x5 0x0 0x0
1787980758005,0x1 0x8b 0xd 0x47 0xac 0x86 0x7f 0x14 0x7 0x0 0xd 0x35 0x4f 0x0 0xd3 0xd 0xf8 0xd 0x73 0x0 0xb7 0x5 0xf9 0x2 0x0 0x28 0x65 0x0 0x0 0xa5 0x0 0xa7 0x0 0x94 0x0 0xb0 0x0 0x63 0x63 0x63 0x63 0x63 0x63 0x0 0x2 0xf0 0x1 0x1 0x2 0xeb 0x1 0xfd 0x1 0xef 0x1 0x1 0x2 0xf0 0x1 0x29 0x0 0x3 0x7d 0x7a 0x86 0x83 0x4d 0x80 0x4f 0x80 0x6e 0x82 0xeb 0x7b 0x67 0x71 0x6f 0x86 0x9d 0x19 0x0 0x0 0x29 0xe8 0x9a 0xec 0x0 0x0 0x0 0x0 0xf3 0x2f 0x0 0x80 0x0 0xa4 0xa4 0x0 0x8 0xac 0x5 0x0 0x0
1787980758230,0x1 0x8a 0xd 0x47 0xac 0x86 0x7f 0x14 0x7 0x0 0xd 0x34 0x50 0x0 0x11 0xe 0x4f 0xe 0x73 0x0 0xb0 0x5 0xf9 0x2 0x0 0x28 0x65 0x0 0x0 0x9d 0x0 0xa3 0x0 0x94 0x0 0xaf 0x0 0x63 0x63 0x63 0x63 0x63 0x63 0x9 0x2 0xf5 0x1 0x7 0x2 0xf7 0x1 0x8 0x2 0xf7 0x1 0x6 0x2 0xf5 0x1 0x29 0x0 0x3 0x7b 0x78 0x86 0x83 0x4d 0x80 0x4f 0x80 0x6e 0x82 0xeb 0x7b 0x63 0x6d 0x6f 0x86 0x9d 0x19 0x0 0x0 0x29 0xe8 0x9a 0xec 0x0 0x0 0x0 0x0 0xf3 0x2f 0x0 0x80 0x0 0xa4 0xa4 0x0 0x8 0xb9 0x5 0x0 0x0
1787980758455,0x1 0x8a 0xd 0x47 0xac 0x86 0x7f 0x14 0x7 0x0 0xd 0x35 0x52 0x0 0x7a 0xe 0x2c 0xe 0x73 0x0 0xaa 0x5 0xf9 0x2 0x0 0x28 0x65 0x0 0x0 0x9a 0x0 0xa1 0x0 0x93 0x0 0xae 0x0 0x64 0x64 0x64 0x64 0x64 0x64 0xfc 0x1 0xe9 0x1 0xfa 0x1 0xe9 0x1 0xfc 0x1 0xee 0x1 0xff 0x1 0xee 0x1 0x29 0x0 0x3 0x7a 0x76 0x86 0x83 0x4d 0x80 0x4f 0x80 0x6e 0x82 0xeb 0x7b 0x63 0x6d 0x70 0x86 0x9d 0x19 0x0 0x0 0x29 0xe8 0x9a 0xec 0x0 0x0 0x0 0x0 0xf3 0x2f 0x0 0x80 0x0 0xa4 0xa4 0x0 0x8 0xb9 0x5 0x0 0x0
1787980758679,0x1 0x8b 0xd 0x47 0xac 0x86 0x7f 0x14 0x7 0x0 0xd 0x35 0x4f 0x0 0x4 0xe 0x21 0xe 0x73 0x0 0xa3 0x5 0xf9 0x2 0x0 0x28 0x65 0x0 0x0 0x93 0x0 0x9a 0x0 0x92 0x0 0xac 0x0 0x64 0x64 0x64 0x64 0x64 0x64 0xff 0x1 0xed 0x1 0xfc 0x1 0xea 0x1 0xfa 0x1 0xee 0x1 0xfa 0x1 0xe9 0x1 0x29 0x0 0x3 0x78 0x74 0x86 0x83 0x4d 0x80 0x4f 0x80 0x6e 0x82 0xeb 0x7b 0x63 0x6d 0x70 0x86 0x9d 0x19 0x0 0x0 0x29 0xe8 0x9a 0xec 0x0 0x0 0x0 0x0 0xf3 0x2f 0x0 0x80 0x0 0xa4 0xa4 0x0 0x8 0xac 0x5 0x0 0x0
1787980758903,0x1 0x8b 0xd 0x47 0xac 0x86 0x7f 0x14 0x7 0x0 0xd 0x36 0x51 0x0 0x66 0xe 0x51 0xe 0x73 0x0 0xa0 0x5 0xf9 0x2 0x0 0x28 0x65 0x0 0x0 0x83 0x0 0x94 0x0 0x91 0x0 0xab 0x0 0x64 0x64 0x64 0x64 0x64 0x64 0xfb 0x1 0xeb 0x1 0xfa 0x1 0xea 0x1 0xfc 0x1 0xeb 0x1 0xfc 0x1 0xeb 0x1 0x29 0x0 0x3 0x76 0x73 0x86 0x83 0x4d 0x80 0x4f 0x80 0x6e 0x82 0xeb 0x7b 0x63 0x6d 0x70 0x87 0x9d 0x19 0x0 0x0 0x29 0xe8 0x9a 0xec 0x0 0x0 0x0 0x0 0xf3 0x2d 0x0 0x80 0x0 0xa4 0xa4 0x0 0x8 0xac 0x5 0x0 0x0
1787980759143,0x1 0x89 0xd 0x47 0xac 0x86 0x7f 0x14 0x7 0x0 0xd 0x35 0x52 0x0 0xd0 0xe 0x87 0xe 0x73 0x0 0x89 0x5 0xf9 0x2 0x0 0x28 0x65 0x0 0x0 0x32 0x0 0x6c 0x0 0x8f 0x0 0xa9 0x0 0x65 0x65 0x65 0x65 0x65 0x65 0x10 0x2 0xe0 0x1 0x1 0x2 0xe6 0x1 0xa 0x2 0xec 0x1 0x10 0x2 0xee 0x1 0x2a 0x0 0x3 0x7d 0x71 0x81 0x83 0x4d 0x80 0x4f 0x80 0x6e 0x82 0xeb 0x7b 0x65 0x6e 0x70 0x87 0x9d 0x19 0x0 0x0 0x29 0xe8 0x9a 0xec 0x0 0x0 0x0 0x0 0xf3 0x2d 0x0 0x80 0x0 0xa4 0xa4 0x0 0x8 0xcb 0x5 0x0 0x0
1787980759382,0x1 0x8b 0xd 0x47 0xac 0x86 0x7f 0x14 0x7 0x0 0xd 0x34 0x50 0x0 0x77 0xe 0x59 0xe 0x73 0x0 0x88 0x5 0xf9 0x2 0x0 0x28 0x65 0x0 0x0 0x17 0x0 0x2a 0x0 0x8d 0x0 0xa7 0x0 0x64 0x64 0x64 0x64 0x64 0x64 0xa 0x2 0xf5 0x1 0xd 0x2 0xf7 0x1 0xe 0x2 0xf4 0x1 0xe 0x2 0xf8 0x1 0x2a 0x0 0x3 0x7f 0x79 0x81 0x7c 0x4d 0x80 0x4f 0x80 0x6e 0x82 0xeb 0x7b 0x65 0x6e 0x70 0x87 0x9d 0x19 0x0 0x0 0x29 0xe8 0x9a 0xec 0x0 0x0 0x0 0x0 0xf3 0x2d 0x0 0x80 0x0 0xa4 0xa4 0x0 0x8 0xac 0x5 0x0 0x0
1787980759606,0x1 0x8b 0xd 0x47 0xac 0x86 0x7f 0x14 0x7 0x0 0xd 0x34 0x50 0x0 0x5d 0xe 0x39 0xe 0x73 0x0 0x92 0x5 0xf9 0x2 0x0 0x28 0x65 0x0 0x0 0x12 0x0 0x15 0x0 0x8a 0x0 0xa4 0x0 0x64 0x64 0x64 0x64 0x64 0x64 0xb 0x2 0xf5 0x1 0xc 0x2 0xf8 0x1 0x8 0x2 0xf5 0x1 0xd 0x2 0xf8 0x1 0x2a 0x0 0x3 0x81 0x7b 0x81 0x7c 0x4d 0x80 0x4f 0x80 0x6e 0x82 0xeb 0x7b 0x65 0x6e 0x70 0x87 0x9d 0x19 0x0 0x0 0x29 0xe8 0x9a 0xec 0x0 0x0 0x0 0x0 0xf3 0x2d 0x0 0x80 0x0 0xa4 0xa4 0x0 0x8 0xac 0x5 0x0 0x0
1787980759831,0x1 0x8a 0xd 0x47 0xac 0x86 0x7f 0x14 0x7 0x0 0xd 0x34 0x4e 0x0 0xdb 0xd 0x12 0xe 0x73 0x0 0xa1 0x5 0xf9 0x2 0x0 0x28 0x65 0x0 0x0 0x12 0x0 0x12 0x0 0x88 0x0 0xa1 0x0 0x64 0x64 0x64 0x64 0x64 0x64 0xe 0x2 0xf7 0x1 0xc 0x2 0xfc 0x1 0x10 0x2 0xf9 0x1 0xc 0x2 0xf7 0x1 0x29 0x0 0x3 0x83 0x7d 0x81 0x7c 0x4d 0x80 0x4f 0x80 0x6e 0x82 0xeb 0x7b 0x65 0x6e 0x70 0x87 0x9d 0x19 0x0 0x0 0x29 0xe8 0x9a 0xec 0x0 0x0 0x0 0x0 0xf3 0x2f 0x0 0x80 0x0 0xa4 0xa4 0x0 0x8 0xb9 0x5 0x0 0x0
1787980760053,0x1 0x8a 0xd 0x47 0xac 0x86 0x7f 0x14 0x7 0x0 0xd 0x33 0x4f 0x0 0x1 0xe 0x36 0xe 0x73 0x0 0xa4 0x5 0xf9 0x2 0x0 0x28 0x65 0x0 0x0 0x15 0x0 0x12 0x0 0x88 0x0 0xa0 0x0 0x64 0x64 0x64 0x64 0x64 0x64 0x14 0x2 0xfb 0x1 0x12 0x2 0xfd 0x1 0x14 0x2 0xfe 0x1 0x14 0x2 0xfe 0x1 0x29 0x0 0x3 0x84 0x7e 0x81 0x7c 0x4d 0x80 0x4f 0x80 0x6e 0x82 0xeb 0x7b 0x65 0x6e 0x70 0x87 0x9d 0x19 0x0 0x0 0x29 0xe8 0x9a 0xec 0x0 0x0 0x0 0x0 0xf3 0x2f 0x0 0x80 0x0 0xa4 0xa4 0x0 0x8 0xb9 0x5 0x0 0x0
1787980760278,0x1 0x8b 0xd 0x47 0xab 0x86 0x7f 0x14 0x7 0x0 0xd 0x31 0x4c 0x0 0x64 0xd 0xea 0xd 0x73 0x0 0xad 0x5 0xf9 0x2 0x0 0x28 0x65 0x0 0x0 0x22 0x0 0x16 0x0 0x87 0x0 0x9f 0x0 0x63 0x63 0x63 0x63 0x63 0x63 0x16 0x2 0x0 0x2 0x15 0x2 0xfd 0x1 0xf 0x2 0xff 0x1 0xf 0x2 0xf9 0x1 0x29 0x0 0x3 0x86 0x80 0x81 0x7c 0x4d 0x80 0x4f 0x80 0x6e 0x82 0xeb 0x7b 0x65 0x6e 0x70 0x87 0x9d 0x19 0x0 0x0 0x29 0xe8 0x9a 0xec 0x0 0x0 0x0 0x0 0xf3 0x2f 0x0 0x80 0x0 0xa4 0xa4 0x0 0x8 0xac 0x5 0x0 0x0
1787980760501,0x1 0x8b 0xd 0x47 0xab 0x86 0x7f 0x14 0x7 0x0 0xd 0x34 0x50 0x0 0x5 0xe 0x1e 0xe 0x73 0x0 0xb5 0x5 0xfa 0x2 0x0 0x28 0x65 0x0 0x0 0x7f 0x0 0x6d 0x0 0x87 0x0 0x9e 0x0 0x63 0x63 0x63 0x63 0x63 0x63 0x8 0x2 0x2 0x2 0x9 0x2 0xfa 0x1 0x11 0x2 0xfe 0x1 0x9 0x2 0x1 0x2 0x29 0x0 0x3 0x80 0x82 0x7e 0x7c 0x4d 0x80 0x4f 0x80 0x6e 0x82 0xeb 0x7b 0x65 0x6e 0x70 0x87 0xa 0x1a 0x0 0x0 0x29 0xe8 0x9a 0xec 0x0 0x0 0x0 0x0 0xf3 0x2f 0x0 0x80 0x0 0xa4 0xa4 0x0 0x8 0xac 0x5 0x0 0x0
1787980760726,0x1 0x8a 0xd 0x47 0xab 0x86 0x7f 0x14 0x7 0x0 0xd 0x34 0x4f 0x0 0xd8 0xd 0xf4 0xd 0x73 0x0 0xb5 0x5 0xfa 0x2 0x0 0x28 0x65 0x0 0x0 0xa3 0x0 0x9f 0x0 0x88 0x0 0x9e 0x0 0x63 0x63 0x63 0x63 0x63 0x63 0x1 0x2 0x4 0x2 0x7 0x2 0x1 0x2 0x3 0x2 0xff 0x1 0x1 0x2 0xfe 0x1 0x29 0x0 0x3 0x7e 0x82 0x7e 0x7c 0x4d 0x80 0x4f 0x80 0x6e 0x82 0xeb 0x7b 0x65 0x6e 0x70 0x87 0xa 0x1a 0x0 0x0 0x29 0xe8 0x9a 0xec 0x0 0x0 0x0 0x0 0xf3 0x2f 0x0 0x80 0x0 0xa4 0xa4 0x0 0x8 0xb9 0x5 0x0 0x0
1787980760950,0x1 0x89 0xd 0x47 0xab 0x86 0x7f 0x14 0x7 0x0 0xd 0x36 0x52 0x0 0x59 0xe 0x28 0xe 0x73 0x0 0xb7 0x5 0xfa 0x2 0x0 0x28 0x65 0x0 0x0 0xa2 0x0 0xa8 0x0 0x8a 0x0 0xa0 0x0 0x63 0x63 0x63 0x63 0x63 0x63 0x5 0x2 0xf9 0x1 0x6 0x2 0xf2 0x1 0x1 0x2 0xf5 0x1 0x4 0x2 0xf5 0x1 0x29 0x0 0x3 0x7c 0x7a 0x7e 0x79 0x4d 0x80 0x4f 0x80 0x6e 0x82 0xeb 0x7b 0x65 0x6e 0x70 0x88 0xa 0x1a 0x0 0x0 0x29 0xe8 0x9a 0xec 0x0 0x0 0x0 0x0 0xf3 0x2f 0x0 0x80 0x0 0xa4 0xa4 0x0 0x8 0xcb 0x5 0x0 0x0
1787980761174,0x1 0x8b 0xd 0x47 0xab 0x86 0x7f 0x14 0x7 0x0 0xd 0x36 0x51 0x0 0x39 0xe 0xf9 0xd 0x73 0x0 0xb2 0x5 0xfa 0x2 0x0 0x28 0x65 0x0 0x0 0x9e 0x0 0xa6 0x0 0x8b 0x0 0xa4 0x0 0x63 0x63 0x63 0x63 0x63 0x63 0xf8 0x1 0xe9 0x1 0xf9 0x1 0xec 0x1 0xfa 0x1 0xeb 0x1 0xfa 0x1 0xec 0x1 0x29 0x0 0x3 0x7b 0x78 0x7e 0x79 0x4d 0x80 0x4f 0x80 0x6e 0x82 0xeb 0x7b 0x63 0x6d 0x70 0x88 0xa 0x1a 0x0 0x0 0x29 0xe8 0x9a 0xec 0x0 0x0 0x0 0x0 0xf3 0x2f 0x0 0x80 0x0 0xa4 0xa4 0x0 0x8 0xac 0x5 0x0 0x0
1787980761398,0x1 0x8c 0xd 0x47 0xab 0x86 0x7f 0x14 0x7 0x0 0xd 0x34 0x50 0x0 0x9 0xe 0x1f 0xe 0x73 0x0 0xb3 0x5 0xfa 0x2 0x0 0x28 0x65 0x0 0x0 0x93 0x0 0xa1 0x0 0x8b 0x0 0xa7 0x0 0x63 0x63 0x63 0x63 0x63 0x63 0xff 0x1 0xee 0x1 0xfb 0x1 0xee 0x1 0xff 0x1 0xf1 0x1 0xfb 0x1 0xec 0x1 0x29 0x0 0x3 0x79 0x76 0x7e 0x79 0x4d 0x80 0x4f 0x80 0x6e 0x82 0xeb 0x7b 0x63 0x6d 0x71 0x88 0xa 0x1a 0x0 0x0 0x29 0xe8 0x9a 0xec 0x0 0x0 0x0 0x0 0xf3 0x2f 0x0 0x80 0x0 0xa4 0xa4 0x0 0x8 0x9f 0x5 0x0 0x0
1787980761622,0x1 0x8a 0xd 0x47 0xab 0x86 0x7f 0x14 0x7 0x0 0xd 0x35 0x51 0x0 0x4d 0xe 0xb 0xe 0x73 0x0 0xaa 0x5 0xfa 0x2 0x0 0x28 0x65 0x0 0x0 0x72 0x0 0xa0 0x0 0x8b 0x0 0xa7 0x0 0x64 0x64 0x64 0x64 0x64 0x64 0xf6 0x1 0xe3 0x1 0xf0 0x1 0xe1 0x1 0xf3 0x1 0xe6 0x1 0xf6 0x1 0xe7 0x1 0x29 0x0 0x3 0x77 0x75 0x7e 0x79 0x4d 0x80 0x4f 0x80 0x6e 0x82 0xeb 0x7b 0x63 0x6d 0x71 0x88 0xa 0x1a 0x0 0x0 0x29 0xe8 0x9a 0xec 0x0 0x0 0x0 0x0 0xf3 0x2f 0x0 0x80 0x0 0xa4 0xa4 0x0 0x8 0xb9 0x5 0x0 0x0
1787980761845,0x1 0x8a 0xd 0x47 0xab 0x86 0x7f 0x14 0x7 0x0 0xd 0x36 0x51 0x0 0x64 0xe 0x3e 0xe 0x73 0x0 0xa1 0x5 0xfa 0x2 0x0 0x28 0x65 0x0 0x0 0x2d 0x0 0x93 0x0 0x8a 0x0 0xa7 0x0 0x64 0x64 0x64 0x64 0x64 0x64 0x6 0x2 0xe7 0x1 0x6 0x2 0xe8 0x1 0xa 0x2 0xe6 0x1 0xa 0x2 0xea 0x1 0x29 0x0 0x3 0x7e 0x73 0x7f 0x79 0x4d 0x80 0x4f 0x80 0x6e 0x82 0xeb 0x7b 0x63 0x6d 0x71 0x89 0xa 0x1a 0x0 0x0 0x29 0xe8 0x9a 0xec 0x0 0x0 0x0 0x0 0xf3 0x2f 0x0 0x80 0x0 0xa4 0xa4 0x0 0x8 0xb9 0x5 0x0 0x0
1787980762068,0x1 0x8b 0xd 0x47 0xab 0x86 0x7f 0x14 0x7 0x0 0xd 0x35 0x50 0x0 0x43 0xe 0x63 0xe 0x73 0x0 0x9c 0x5 0xfa 0x2 0x0 0x28 0x65 0x0 0x0 0x12 0x0 0x46 0x0 0x89 0x0 0xa6 0x0 0x65 0x65 0x65 0x65 0x65 0x65 0x12 0x2 0xed 0x1 0x12 0x2 0xf8 0x1 0xd 0x2 0xeb 0x1 0x11 0x2 0xf8 0x1 0x2a 0x0 0x3 0x80 0x79 0x7f 0x7a 0x4d 0x80 0x4f 0x80 0x6e 0x82 0xeb 0x7b 0x65 0x6e 0x71 0x89 0xa 0x1a 0x0 0x0 0x29 0xe8 0x9a 0xec 0x0 0x0 0x0 0x0 0xf3 0x2d 0x0 0x80 0x0 0xa4 0xa4 0x0 0x8 0xac 0x5 0x0 0x0
1787980762294,0x1 0x8b 0xd 0x47 0xab 0x86 0x7f 0x14 0x7 0x0 0xd 0x36 0x53 0x0 0xc9 0xe 0x9b 0xe 0x73 0x0 0x9d 0x5 0xfa 0x2 0x0 0x28 0x65 0x0 0x0 0x11 0x0 0x1d 0x0 0x87 0x0 0xa4 0x0 0x65 0x65 0x65 0x65 0x65 0x65 0x1a 0x2 0x2 0x2 0x1a 0x2 0xff 0x1 0x17 0x2 0x1 0x2 0x1a 0x2 0x2 0x2 0x2a 0x0 0x3 0x82 0x7a 0x7f 0x7a 0x4d 0x80 0x4f 0x80 0x6e 0x82 0xeb 0x7b 0x65 0x6e 0x70 0x89 0xa 0x1a 0x0 0x0 0x29 0xe8 0x9a 0xec 0x0 0x0 0x0 0x0 0xf3 0x2d 0x0 0x80 0x0 0xa4 0xa4 0x0 0x8 0xac 0x5 0x0 0x0
1787980762517,0x1 0x89 0xd 0x47 0xab 0x86 0x7f 0x15 0x7 0x0 0xd 0x36 0x52 0x0 0x75 0xe 0x61 0xe 0x73 0x0 0xac 0x5 0xfa 0x2 0x0 0x28 0x65 0x0 0x0 0x1b 0x0 0x18 0x0 0x86 0x0 0xa1 0x0 0x64 0x64 0x64 0x64 0x64 0x64 0x18 0x2 0x0 0x2 0x18 0x2 0xfe 0x1 0x17 0x2 0xff 0x1 0x18 0x2 0xff 0x1 0x29 0x0 0x3 0x84 0x7c 0x7f 0x7a 0x4d 0x80 0x4f 0x80 0x6e 0x82 0xeb 0x7b 0x65 0x6e 0x70 0x89 0xa 0x1a 0x0 0x0 0x29 0xe8 0x9a 0xec 0x0 0x0 0x0 0x0 0xf3 0x2f 0x0 0x80 0x0 0xa4 0xa4 0x0 0x8 0xcb 0x5 0x0 0x0
1787980762742,0x1 0x89 0xd 0x47 0xab 0x86 0x7f 0x15 0x8 0x0 0xd 0x37 0x53 0x0 0x98 0xe 0xb5 0xe 0x73 0x0 0xb0 0x5 0xfa 0x2 0x0 0x28 0x65 0x0 0x0 0x7b 0x0 0x43 0x0 0x86 0x0 0xa0 0x0 0x64 0x64 0x64 0x64 0x64 0x64 0x25 0x2 0xb 0x2 0x25 0x2 0xb 0x2 0x23 0x2 0xb 0x2 0x15 0x2 0xb 0x2 0x29 0x0 0x3 0x7e 0x7e 0x7e 0x7a 0x4d 0x80 0x4f 0x80 0x6e 0x82 0xeb 0x7b 0x65 0x6e 0x70 0x89 0xa 0x1a 0x0 0x0 0x29 0xe8 0x9a 0xec 0x0 0x0 0x0 0x0 0xf3 0x2f 0x0 0x80 0x0 0xa4 0xa4 0x0 0x8 0xcb 0x5 0x0 0x0
1787980762966,0x1 0x8a 0xd 0x47 0xab 0x86 0x7f 0x1c 0xf 0x0 0xd 0x4f 0x8a 0x0 0xe7 0x17 0xef 0x15 0x73 0x0 0xc6 0x5 0xfa 0x2 0x0 0x28 0x65 0x0 0x0 0xa1 0x0 0x89 0x0 0x87 0x0 0xa0 0x0 0x75 0x75 0x75 0x75 0x75 0x75 0x5d 0x3 0x67 0x3 0xf9 0x2 0x12 0x3 0x33 0x3 0x4a 0x3 0x71 0x3 0x67 0x3 0x27 0x0 0x3 0x7c 0x7f 0x7e 0x7a 0x4d 0x80 0x4f 0x80 0x6e 0x82 0xeb 0x7b 0x65 0x6e 0x70 0x8a 0xa 0x19 0x0 0x0 0x29 0xe8 0x9a 0xec 0x0 0x0 0x0 0x0 0xf3 0x58 0x0 0x80 0x0 0xa4 0xa4 0x0 0x8 0xb9 0x5 0x0 0x0
1787980763190,0x1 0x8b 0xd 0x47 0xab 0x86 0x7f 0x1c 0xf 0x0 0xd 0x4d 0x88 0x0 0x8d 0x14 0x46 0x15 0x73 0x0 0x9e 0x6 0xfa 0x2 0x0 0x28 0x65 0x0 0x0 0xad 0x0 0xae 0x0 0x8b 0x0 0xa1 0x0 0x65 0x65 0x65 0x65 0x65 0x65 0x1e 0x3 0x12 0x3 0x9 0x3 0x34 0x3 0x2c 0x3 0x23 0x3 0x9 0x3 0x7 0x3 0x26 0x0 0x3 0x79 0x7f 0x7e 0x7a 0x4d 0x80 0x4f 0x80 0x6e 0x82 0xeb 0x7b 0x63 0x6d 0x70 0x8a 0xa 0x1c 0x0 0x0 0x29 0xe8 0x9a 0xec 0x0 0x0 0x0 0x0 0xf3 0x60 0x0 0x80 0x0 0xa4 0xa4 0x0 0x8 0xac 0x5 0x0 0x0
1787980763414,0x1 0x8b 0xd 0x47 0xab 0x86 0x7f 0x1c 0xf 0x0 0xd 0x52 0x95 0x0 0x47 0x14 0xd 0x14 0x73 0x0 0x59 0x7 0xfa 0x2 0x0 0x28 0x65 0x0 0x0 0xaa 0x0 0xae 0x0 0x92 0x0 0xac 0x0 0x62 0x62 0x62 0x62 0x62 0x62 0xc6 0x2 0xaf 0x2 0xc7 0x2 0xb4 0x2 0xc8 0x2 0xb7 0x2 0xc8 0x2 0xb4 0x2 0x25 0x0 0x3 0x76 0x75 0x7e 0x78 0x4d 0x80 0x4f 0x80 0x6e 0x82 0xeb 0x7b 0x63 0x6d 0x6f 0x8a 0xa 0x31 0x0 0x0 0x29 0xe8 0x9a 0xec 0x0 0x0 0x0 0x0 0xf3 0x63 0x0 0x80 0x0 0xa4 0xa4 0x0 0x8 0xac 0x5 0x0 0x0
1787980763652,0x1 0x89 0xd 0x47 0xab 0x86 0x7f 0x15 0x8 0x0 0xd 0x47 0x75 0x0 0x85 0xe 0x7d 0x10 0x73 0x0 0xf 0x8 0xfa 0x2 0x0 0x28 0x65 0x0 0x0 0x52 0x0 0x69 0x0 0x8d 0x0 0xa9 0x0 0x5f 0x5f 0x5f 0x5f 0x5f 0x5f 0x3a 0x2 0x1b 0x2 0x25 0x2 0x46 0x2 0x4d 0x2 0x2e 0x2 0x25 0x2 0x16 0x2 0x26 0x0 0x3 0x73 0x72 0x7e 0x78 0x4d 0x80 0x4f 0x80 0x6e 0x82 0xeb 0x7b 0x63 0x6d 0x6f 0x8a 0x4a 0x3d 0x0 0x0 0x29 0xe8 0x9a 0xec 0x0 0x0 0x0 0x0 0xf3 0x61 0x0 0x80 0x0 0xa4 0xa4 0x0 0x8 0xcb 0x5 0x0 0x0
1787980763877,0x1 0x8b 0xd 0x47 0xab 0x86 0x7f 0x18 0xa 0x0 0xd 0x4a 0x7f 0x0 0x7f 0xf 0xba 0xf 0x73 0x0 0x32 0x8 0xfa 0x2 0x0 0x28 0x65 0x0 0x0 0x15 0x0 0x33 0x0 0x83 0x0 0xa2 0x0 0x5f 0x5f 0x5f 0x5f 0x5f 0x5f 0x30 0x2 0x17 0x2 0x2d 0x2 0x17 0x2 0x2e 0x2 0x18 0x2 0x2d 0x2 0x15 0x2 0x26 0x0 0x3 0x7d 0x78 0x7c 0x78 0x4d 0x80 0x4f 0x80 0x6e 0x82 0xeb 0x7b 0x63 0x6d 0x6f 0x89 0xa 0x3d 0x0 0x0 0x29 0xe8 0x9a 0xec 0x0 0x0 0x0 0x0 0xf3 0x47 0x0 0x80 0x0 0xa4 0xa4 0x0 0x8 0xac 0x5 0x0 0x0
1787980764101,0x1 0x8b 0xd 0x47 0xab 0x86 0x7f 0x17 0xa 0x0 0xd 0x4b 0x83 0x0 0xc8 0xf 0xa5 0xf 0x73 0x0 0x4d 0x8 0xfa 0x2 0x0 0x28 0x65 0x0 0x0 0xe 0x0 0xa 0x0 0x45 0x0 0x77 0x0 0x5e 0x5e 0x5e 0x5e 0x5e 0x5e 0x2f 0x2 0x17 0x2 0x30 0x2 0x1a 0x2 0x30 0x2 0x19 0x2 0x30 0x2 0x19 0x2 0x26 0x0 0x3 0x81 0x7b 0x7c 0x78 0x4d 0x80 0x4f 0x80 0x6e 0x82 0xeb 0x7b 0x63 0x6a 0x6f 0x89 0xa 0x3f 0x0 0x0 0x29 0xe8 0x9a 0xec 0x0 0x0 0x0 0x0 0xf3 0x49 0x0 0x80 0x0 0xa4 0xa4 0x0 0x8 0xac 0x5 0x0 0x0
1787980764325,0x1 0x89 0xd 0x47 0xab 0x86 0x7f 0x17 0xa 0x0 0xd 0x4c 0x83 0x0 0xa1 0xf 0xa2 0xf 0x73 0x0 0x62 0x8 0xfa 0x2 0x0 0x28 0x65 0x0 0x0 0xd 0x0 0xa 0x0 0x23 0x0 0x41 0x0 0x5e 0x5e 0x5e 0x5e 0x5e 0x5e 0x37 0x2 0x1f 0x2 0x36 0x2 0x21 0x2 0x37 0x2 0x20 0x2 0x36 0x2 0x1f 0x2 0x26 0x0 0x3 0x84 0x7e 0x7c 0x78 0x4d 0x80 0x4f 0x80 0x6e 0x82 0xeb 0x7b 0x63 0x6a 0x6f 0x89 0xa 0x3f 0x0 0x0 0x29 0xe8 0x9a 0xec 0x0 0x0 0x0 0x0 0xf3 0x49 0x0 0x80 0x0 0xa4 0xa4 0x0 0x8 0xcb 0x5 0x0 0x0
1787980764548,0x1 0x89 0xd 0x47 0xab 0x86 0x7f 0x18 0xa 0x0 0xd 0x4d 0x82 0x0 0x5c 0xf 0xb3 0xf 0x73 0x0 0x77 0x8 0xfa 0x2 0x0 0x28 0x65 0x0 0x0 0x10 0x0 0xb 0x0 0x1c 0x0 0x28 0x0 0x5f 0x5f 0x5f 0x5f 0x5f 0x5f 0x45 0x2 0x2c 0x2 0x3f 0x2 0x28 0x2 0x43 0x2 0x2d 0x2 0x3f 0x2 0x28 0x2 0x26 0x0 0x3 0x87 0x81 0x7c 0x78 0x4d 0x80 0x4f 0x80 0x6e 0x82 0xeb 0x7b 0x63 0x6a 0x6f 0x89 0xa 0x42 0x0 0x0 0x29 0xe8 0x9a 0xec 0x0 0x0 0x0 0x0 0xf3 0x4a 0x0 0x80 0x0 0xa4 0xa4 0x0 0x8 0xcb 0x5 0x0 0x0
1787980764773,0x1 0x8b 0xd 0x47 0xab 0x86 0x7f 0x11 0x3 0x0 0xd 0x3d 0x5f 0x0 0x4e 0xb 0xa3 0xb 0x73 0x0 0x67 0x8 0xfa 0x2 0x0 0x28 0x65 0x0 0x0 0x27 0x0 0x11 0x0 0x18 0x0 0x1c 0x0 0x62 0x62 0x62 0x62 0x62 0x62 0xc5 0x1 0xae 0x1 0xd5 0x1 0xb8 0x1 0xce 0x1 0xb7 0x1 0xca 0x1 0xb8 0x1 0x27 0x0 0x3 0x8a 0x84 0x7c 0x78 0x4d 0x80 0x4f 0x80 0x6e 0x82 0xeb 0x7b 0x63 0x6a 0x6f 0x8a 0xa 0x4d 0x0 0x0 0x29 0xe8 0x9a 0xec 0x0 0x0 0x0 0x0 0xf3 0x4a 0x0 0x80 0x0 0xa4 0xa4 0x0 0x8 0xac 0x5 0x0 0x0
1787980764997,0x1 0x8b 0xd 0x47 0xab 0x86 0x7f 0x11 0x3 0x0 0xd 0x3d 0x60 0x0 0xd5 0xb 0xd8 0xb 0x73 0x0 0x1d 0x8 0xfa 0x2 0x0 0x28 0x65 0x0 0x0 0xa8 0x0 0x7c 0x0 0x1e 0x0 0x1d 0x0 0x5d 0x5d 0x5d 0x5d 0x5d 0x5d 0xbe 0x1 0xbb 0x1 0xbe 0x1 0xbf 0x1 0xc2 0x1 0xbc 0x1 0xbe 0x1 0xbb 0x1 0x27 0x0 0x3 0x82 0x87 0x7f 0x78 0x4d 0x80 0x4f 0x80 0x6e 0x82 0xeb 0x7b 0x63 0x6a 0x6f 0x8a 0xa 0x40 0x0 0x0 0x29 0xe8 0x9a 0xec 0x0 0x0 0x0 0x0 0xf3 0x47 0x0 0x80 0x0 0xa4 0xa4 0x0 0x8 0xac 0x5 0x0 0x0
1787980765219,0x1 0x8a 0xd 0x47 0xab 0x86 0x7f 0x11 0x3 0x0 0xd 0x3a 0x59 0x0 0x79 0xb 0x80 0xb 0x73 0x0 0xc2 0x7 0xfa 0x2 0x0 0x28 0x65 0x0 0x0 0xa7 0x0 0xa1 0x0 0x2d 0x0 0x21 0x0 0x5d 0x5d 0x5d 0x5d 0x5d 0x5d 0xb0 0x1 0xb2 0x1 0xb2 0x1 0xb4 0x1 0xb3 0x1 0xb3 0x1 0xb0 0x1 0xb2 0x1 0x27 0x0 0x3 0x7f 0x87 0x7f 0x78 0x4d 0x80 0x4f 0x80 0x6e 0x82 0xeb 0x7b 0x65 0x6e 0x6f 0x8a 0xa 0x3a 0x0 0x0 0x29 0xe8 0x9a 0xec 0x0 0x0 0x0 0x0 0xf3 0x45 0x0 0x80 0x0 0xa4 0xa4 0x0 0x8 0xb9 0x5 0x0 0x0
1787980765445,0x1 0x8a 0xd 0x47 0xab 0x86 0x7f 0x11 0x3 0x0 0xd 0x35 0x53 0x0 0x35 0xb 0x81 0xb 0x73 0x0 0x68 0x7 0xfa 0x2 0x0 0x28 0x65 0x0 0x0 0xa4 0x0 0xa9 0x0 0x50 0x0 0x29 0x0 0x5e 0x5e 0x5e 0x5e 0x5e 0x5e 0xb6 0x1 0xae 0x1 0xb3 0x1 0xa9 0x1 0xac 0x1 0xaf 0x1 0xac 0x1 0xa5 0x1 0x27 0x0 0x3 0x7d 0x7e 0x7f 0x7b 0x4d 0x80 0x4f 0x80 0x6e 0x82 0xeb 0x7b 0x65 0x6e 0x70 0x8a 0xa 0x31 0x0 0x0 0x29 0xe8 0x9a 0xec 0x0 0x0 0x0 0x0 0xf3 0x41 0x0 0x80 0x0 0xa4 0xa4 0x0 0x8 0xb9 0x5 0x0 0x0
1787980765667,0x1 0x8a 0xd 0x47 0xab 0x86 0x7f 0x11 0x4 0x0 0xd 0x34 0x4f 0x0 0x4b 0xb 0x53 0xb 0x73 0x0 0xff 0x6 0xfa 0x2 0x0 0x28 0x65 0x0 0x0 0xaa 0x0 0xad 0x0 0x7f 0x0 0x69 0x0 0x5e 0x5e 0x5e 0x5e 0x5e 0x5e 0xa6 0x1 0x9f 0x1 0xa8 0x1 0xa2 0x1 0xa9 0x1 0xa0 0x1 0xa7 0x1 0x9f 0x1 0x27 0x0 0x3 0x7b 0x7c 0x7f 0x7b 0x4d 0x80 0x4f 0x80 0x6e 0x82 0xeb 0x7b 0x65 0x6e 0x70 0x8a 0xa 0x28 0x0 0x0 0x29 0xe8 0x9a 0xec 0x0 0x0 0x0 0x0 0xf3 0x3c 0x0 0x80 0x0 0xa4 0xa4 0x0 0x8 0xb9 0x5 0x0 0x0
1787980765892,0x1 0x8b 0xd 0x47 0xab 0x86 0x7f 0x12 0x5 0x0 0xd 0x2f 0x46 0x0 0xa9 0xa 0xc4 0xa 0x73 0x0 0x91 0x6 0xfa 0x2 0x0 0x28 0x65 0x0 0x0 0xac 0x0 0xae 0x0 0x98 0x0 0xa7 0x0 0x5f 0x5f 0x5f 0x5f 0x5f 0x5f 0x99 0x1 0x91 0x1 0x96 0x1 0x8e 0x1 0x99 0x1 0x92 0x1 0x95 0x1 0x8e 0x1 0x29 0x0 0x3 0x79 0x7a 0x7f 0x7b 0x4d 0x80 0x4f 0x80 0x6e 0x82 0xeb 0x7b 0x65 0x6e 0x70 0x8b 0xa 0x1f 0x0 0x0 0x29 0xe8 0x9a 0xec 0x0 0x0 0x0 0x0 0xf3 0x39 0x0 0x80 0x0 0xa4 0xa4 0x0 0x8 0xac 0x5 0x0 0x0
1787980766117,0x1 0x8b 0xd 0x47 0xab 0x86 0x7f 0x1a 0xd 0x0 0xd 0x49 0x76 0x0 0x88 0x12 0x5b 0x12 0x73 0x0 0x5e 0x6 0xfa 0x2 0x0 0x28 0x65 0x0 0x0 0xac 0x0 0xae 0x0 0x9c 0x0 0xaf 0x0 0x64 0x64 0x64 0x64 0x64 0x64 0xbe 0x2 0xb3 0x2 0xbb 0x2 0xae 0x2 0xad 0x2 0xaa 0x2 0xbb 0x2 0xae 0x2 0x27 0x0 0x3 0x77 0x78 0x7f 0x7b 0x4d 0x80 0x4f 0x80 0x6e 0x82 0xeb 0x7b 0x65 0x6e 0x70 0x8b 0xa 0x1b 0x0 0x0 0x29 0xe8 0x9a 0xec 0x0 0x0 0x0 0x0 0xf3 0x44 0x0 0x80 0x0 0xa4 0xa4 0x0 0x8 0xac 0x5 0x0 0x0
1787980766341,0x1 0x89 0xd 0x47 0xab 0x86 0x7f 0x1a 0xd 0x0 0xd 0x49 0x7a 0x0 0xf6 0x11 0x39 0x12 0x73 0x0 0xcb 0x6 0xfa 0x2 0x0 0x28 0x65 0x0 0x0 0xb0 0x0 0xb3 0x0 0x9e 0x0 0xb3 0x0 0x62 0x62 0x62 0x62 0x62 0x62 0xa9 0x2 0x99 0x2 0x9e 0x2 0x90 0x2 0x99 0x2 0x9c 0x2 0x99 0x2 0x8c 0x2 0x26 0x0 0x3 0x74 0x75 0x7f 0x7b 0x4d 0x80 0x4f 0x80 0x6e 0x82 0xeb 0x7b 0x65 0x6e 0x6f 0x8b 0xa 0x1c 0x0 0x0 0x29 0xe8 0x9a 0xec 0x0 0x0 0x0 0x0 0xf3 0x4e 0x0 0x80 0x0 0xa4 0xa4 0x0 0x8 0xcb 0x5 0x0 0x0
1787980766565,0x1 0x8a 0xd 0x47 0xab 0x86 0x7f 0x1a 0xd 0x0 0xd 0x4d 0x82 0x0 0xe0 0x11 0x0 0x12 0x73 0x0 0x46 0x7 0xfa 0x2 0x0 0x28 0x65 0x0 0x0 0xad 0x0 0xaf 0x0 0x9e 0x0 0xb3 0x0 0x61 0x61 0x61 0x61 0x61 0x61 0x7e 0x2 0x7e 0x2 0x84 0x2 0x78 0x2 0x82 0x2 0x74 0x2 0x7e 0x2 0x72 0x2 0x26 0x0 0x3 0x72 0x73 0x7f 0x7b 0x4d 0x80 0x4f 0x80 0x6e 0x82 0xeb 0x7b 0x65 0x6e 0x6f 0x8b 0xa 0x2e 0x0 0x0 0x29 0xe8 0x9a 0xec 0x0 0x0 0x0 0x0 0xf3 0x54 0x0 0x80 0x0 0xa4 0xa4 0x0 0x8 0xb9 0x5 0x0 0x0
1787980766787,0x1 0x8b 0xd 0x47 0xab 0x86 0x7f 0x1a 0xd 0x0 0xd 0x50 0x91 0x0 0xae 0x12 0x73 0x12 0x73 0x0 0xc3 0x7 0xfa 0x2 0x0 0x28 0x65 0x0 0x0 0x96 0x0 0x9f 0x0 0x99 0x0 0xaf 0x0 0x61 0x61 0x61 0x61 0x61 0x61 0x7d 0x2 0x71 0x2 0x7c 0x2 0x71 0x2 0x80 0x2 0x70 0x2 0x80 0x2 0x74 0x2 0x26 0x0 0x3 0x6f 0x70 0x7f 0x7b 0x4d 0x80 0x4f 0x80 0x6e 0x82 0xeb 0x7b 0x65 0x6e 0x6f 0x8a 0xa 0x3c 0x0 0x0 0x29 0xe8 0x9a 0xec 0x0 0x0 0x0 0x0 0xf3 0x59 0x0 0x80 0x0 0xa4 0xa4 0x0 0x8 0xac 0x5 0x0 0x0
1787980767013,0x1 0x8b 0xd 0x47 0xab 0x86 0x7f 0x1a 0xd 0x0 0xd 0x52 0x93 0x0 0xde 0x11 0x2 0x12 0x73 0x0 0x3a 0x8 0xfa 0x2 0x0 0x28 0x65 0x0 0x0 0x38 0x0 0x5d 0x0 0x8f 0x0 0xaa 0x0 0x60 0x60 0x60 0x60 0x60 0x60 0x84 0x2 0x5f 0x2 0x7b 0x2 0x58 0x2 0x88 0x2 0x68 0x2 0x7a 0x2 0x58 0x2 0x26 0x0 0x3 0x75 0x6d 0x7c 0x7b 0x4d 0x80 0x4f 0x80 0x6e 0x82 0xeb 0x7b 0x65 0x6e 0x6f 0x8a 0xa 0x47 0x0 0x0 0x29 0xe8 0x9a 0xec 0x0 0x0 0x0 0x0 0xf3 0x5d 0x0 0x80 0x0 0xa4 0xa4 0x0 0x8 0xac 0x5 0x0 0x0
1787980767235,0x1 0x8a 0xd 0x47 0xab 0x86 0x7f 0x16 0x9 0x0 0xd 0x4c 0x8a 0x0 0x6 0x10 0xd4 0x11 0x73 0x0 0x9d 0x8 0xfa 0x2 0x0 0x28 0x65 0x0 0x0 0xf 0x0 0x25 0x0 0x49 0x0 0x98 0x0 0x60 0x60 0x60 0x60 0x60 0x60 0x86 0x2 0x6c 0x2 0x72 0x2 0x76 0x2 0x8a 0x2 0x79 0x2 0x72 0x2 0x60 0x2 0x26 0x0 0x3 0x78 0x77 0x7c 0x7a 0x4d 0x80 0x4f 0x80 0x6e 0x82 0xeb 0x7b 0x63 0x6a 0x6f 0x8a 0xca 0x4f 0x0 0x0 0x29 0xe8 0x9a 0xec 0x0 0x0 0x0 0x0 0xf3 0x60 0x0 0x80 0x0 0xa4 0xa4 0x0 0x8 0xb9 0x5 0x0 0x0
1787980767460,0x1 0x8a 0xd 0x47 0xab 0x86 0x7f 0x16 0x9 0x0 0xd 0x48 0x7a 0x0 0xf3 0xd 0x69 0xe 0x73 0x0 0xbf 0x8 0xfa 0x2 0x0 0x28 0x65 0x0 0x0 0x12 0x0 0x14 0x0 0x22 0x0 0x6f 0x0 0x5d 0x5d 0x5d 0x5d 0x5d 0x5d 0xc 0x2 0xfb 0x1 0x6 0x2 0xf8 0x1 0x4 0x2 0x0 0x2 0x4 0x2 0xf6 0x1 0x26 0x0 0x3 0x7c 0x7a 0x7c 0x7a 0x4d 0x80 0x4f 0x80 0x6e 0x82 0xeb 0x7b 0x63 0x6a 0x6e 0x8a 0xa 0x4b 0x0 0x0 0x29 0xe8 0x9a 0xec 0x0 0x0 0x0 0x0 0xf3 0x4e 0x0 0x80 0x0 0xa4 0xa4 0x0 0x8 0xb9 0x5 0x0 0x0
1787980767684,0x1 0x8b 0xd 0x47 0xab 0x86 0x7f 0x16 0x9 0x0 0xd 0x49 0x7e 0x0 0x79 0xe 0x83 0xe 0x73 0x0 0xb5 0x8 0xfa 0x2 0x0 0x28 0x65 0x0 0x0 0x19 0x0 0x1d 0x0 0x27 0x0 0x80 0x0 0x5d 0x5d 0x5d 0x5d 0x5d 0x5d 0xe 0x2 0x0 0x2 0xf 0x2 0x1 0x2 0xe 0x2 0xff 0x1 0xe 0x2 0xff 0x1 0x26 0x0 0x3 0x7f 0x7d 0x7c 0x7a 0x4d 0x80 0x4f 0x80 0x6e 0x82 0xeb 0x7b 0x63 0x6a 0x6e 0x8a 0xa 0x48 0x0 0x0 0x29 0xe8 0x9a 0xec 0x0 0x0 0x0 0x0 0xf3 0x4c 0x0 0x80 0x0 0xa4 0xa4 0x0 0x8 0xac 0x5 0x0 0x0
1787980767908,0x1 0x8b 0xd 0x47 0xab 0x86 0x7f 0xe 0x1 0x0 0xd 0x3d 0x60 0x0 0x35 0xb 0x1c 0xc 0x73 0x0 0x91 0x8 0xfa 0x2 0x0 0x28 0x65 0x0 0x0 0x7a 0x0 0x75 0x0 0x2c 0x0 0x89 0x0 0x64 0x64 0x64 0x64 0x64 0x64 0xc2 0x1 0xcd 0x1 0xd2 0x1 0xc1 0x1 0xc8 0x1 0xb8 0x1 0xc2 0x1 0xb5 0x1 0x27 0x0 0x3 0x82 0x80 0x7c 0x7a 0x4d 0x80 0x4f 0x80 0x6e 0x82 0xeb 0x7b 0x63 0x6a 0x6e 0x89 0xa 0x53 0x0 0x0 0x29 0xe8 0x9a 0xec 0x0 0x0 0x0 0x0 0xf3 0x4c 0x0 0x80 0x0 0xa4 0xa4 0x0 0x0 0xac 0x5 0x0 0x0
1787980768132,0x1 0x89 0xd 0x47 0xab 0x86 0x7f 0xe 0x1 0x33 0xd 0x38 0x57 0x0 0xc9 0xa 0xea 0xa 0x73 0x0 0x11 0x8 0xfa 0x2 0x0 0x28 0x65 0x0 0x0 0xae 0x0 0xac 0x0 0x3c 0x0 0x91 0x0 0x75 0x75 0x75 0x75 0x75 0x75 0x91 0x1 0x96 0x1 0x93 0x1 0x96 0x1 0x91 0x1 0x95 0x1 0x91 0x1 0x95 0x1 0x28 0x0 0x3 0x78 0x80 0x77 0x7a 0x4d 0x80 0x4f 0x80 0x6e 0x82 0xeb 0x7b 0x61 0x68 0x6e 0x89 0xa 0x48 0x0 0x0 0x29 0xe8 0x9a 0xec 0x0 0x0 0x0 0x0 0xf3 0x49 0x0 0x80 0x0 0xa4 0xa4 0x0 0x0 0xcb 0x5 0x0 0x0
1787980768354,0x1 0x89 0xd 0x47 0xab 0x86 0x7f 0xd 0x0 0x33 0xd 0x36 0x51 0x0 0xe5 0xa 0xb2 0xa 0x73 0x0 0x6f 0x7 0xfa 0x2 0x0 0x28 0x65 0x0 0x0 0xaa 0x0 0xac 0x0 0x7e 0x0 0x9b 0x0 0x83 0x83 0x83 0x83 0x83 0x83 0x89 0x1 0x84 0x1 0x89 0x1 0x85 0x1 0x89 0x1 0x84 0x1 0x8a 0x1 0x85 0x1 0x28 0x0 0x3 0x76 0x78 0x77 0x76 0x4d 0x80 0x4f 0x80 0x6e 0x82 0xeb 0x7b 0x61 0x68 0x6f 0x89 0xa 0x40 0x0 0x0 0x29 0xe8 0x9a 0xec 0x0 0x0 0x0 0x0 0xf3 0x40 0x0 0x80 0x0 0xa4 0xa4 0x0 0x0 0xcb 0x5 0x0 0x0
1787980768580,0x1 0x8b 0xd 0x47 0xab 0x86 0x7f 0xd 0x0 0x33 0xd 0x31 0x49 0x0 0x12 0xb 0xf4 0xa 0x73 0x0 0x98 0x6 0xfa 0x2 0x0 0x28 0x65 0x0 0x0 0xa6 0x0 0xad 0x0 0x91 0x0 0xa3 0x0 0x92 0x92 0x92 0x92 0x92 0x92 0x93 0x1 0x8d 0x1 0x92 0x1 0x8e 0x1 0x92 0x1 0x8f 0x1 0x93 0x1 0x8e 0x1 0x29 0x0 0x3 0x73 0x76 0x77 0x76 0x4d 0x80 0x4f 0x80 0x6e 0x82 0xeb 0x7b 0x61 0x68 0x6f 0x89 0xa 0x36 0x0 0x0 0x29 0xe8 0x9a 0xec 0x0 0x0 0x0 0x0 0xf3 0x39 0x0 0x80 0x0 0xa4 0xa4 0x0 0x0 0xac 0x5 0x0 0x0
1787980768803,0x1 0x8b 0xd 0x47 0xab 0x86 0x7f 0xd 0x0 0x33 0xd 0x35 0x4f 0x0 0xdd 0xd 0xb1 0xb 0x73 0x0 0xb3 0x5 0xfa 0x2 0x0 0x28 0x65 0x0 0x0 0x9b 0x0 0xaa 0x0 0x95 0x0 0xaa 0x0 0x9e 0x9e 0x9e 0x9e 0x9e 0x9e 0x9e 0x1 0x9b 0x1 0xa0 0x1 0x9f 0x1 0xa7 0x1 0xa5 0x1 0xaa 0x1 0xa5 0x1 0x2a 0x0 0x3 0x77 0x79 0x7c 0x7c 0x4d 0x80 0x4f 0x80 0x6e 0x82 0xeb 0x7b 0x61 0x68 0x6f 0x8a 0x12 0x3e 0x8 0x12 0x29 0xe8 0x9a 0xec 0x0 0x0 0x0 0x0 0xf3 0x30 0xc8 0x7a 0x0 0xa4 0xa4 0x0 0x0 0xac 0x5 0x0 0x0
1787980769026,0x1 0x8a 0xd 0x47 0xab 0x86 0x7f 0xe 0x1 0x33 0xd 0x34 0x4d 0x0 0x82 0xf 0x67 0xd 0x73 0x0 0xf7 0x4 0xfa 0x2 0x0 0x28 0x65 0x0 0x0 0xa0 0x0 0xab 0x0 0x9b 0x0 0xaf 0x0 0x9d 0x9d 0x9d 0x9d 0x9d 0x9d 0xd8 0x1 0xd6 0x1 0xdd 0x1 0xc7 0x1 0xd1 0x1 0xcf 0x1 0xdd 0x1 0xd8 0x1 0x2b 0x0 0x3 0x75 0x78 0x7c 0x7c 0x4d 0x80 0x4f 0x80 0x6e 0x82 0xeb 0x7b 0x61 0x68 0x6f 0x8a 0x12 0x36 0x8 0x12 0x29 0xe8 0x9a 0xec 0x0 0x0 0x0 0x0 0xf3 0x27 0xc8 0x7a 0x0 0xa4 0xa4 0x0 0x0 0xb9 0x5 0x0 0x0
1787980769250,0x1 0x89 0xd 0x47 0xab 0x86 0x7f 0x12 0x5 0x5c 0xd 0x30 0x48 0x0 0x95 0xf 0xf 0x10 0x73 0x0 0x9f 0x4 0xfa 0x2 0x0 0x28 0x65 0x0 0x0 0x2a 0x0 0x97 0x0 0x9b 0x0 0xb0 0x0 0x8b 0x8b 0x8b 0x8b 0x8b 0x8b 0x47 0x2 0x2d 0x2 0x42 0x2 0x27 0x2 0x36 0x2 0x40 0x2 0x36 0x2 0x1e 0x2 0x2d 0x0 0x3 0x7c 0x76 0x7e 0x7c 0x4d 0x80 0x4f 0x80 0x6e 0x82 0xeb 0x7b 0x63 0x6d 0x6e 0x8a 0x12 0x1e 0x8 0x7 0x29 0xe8 0x9a 0xec 0x0 0x0 0x0 0x0 0xf3 0x20 0xc8 0x7a 0x0 0xa4 0xa4 0x0 0x8 0xcb 0x5 0x0 0x0
1787980769476,0x1 0x8b 0xd 0x47 0xab 0x86 0x7f 0x15 0x8 0x5c 0xd 0x36 0x52 0x0 0xa 0x11 0x6f 0x11 0x73 0x0 0xd0 0x4 0xfa 0x2 0x0 0x28 0x65 0x0 0x0 0x11 0x0 0x61 0x0 0x97 0x0 0xad 0x0 0x6f 0x6f 0x6f 0x6f 0x6f 0x6f 0x7a 0x2 0x5b 0x2 0x7f 0x2 0x59 0x2 0x75 0x2 0x4f 0x2 0x72 0x2 0x4f 0x2 0x2a 0x0 0x3 0x7e 0x74 0x7e 0x7c 0x4d 0x80 0x4f 0x80 0x6e 0x82 0xeb 0x7b 0x63 0x6d 0x6e 0x8a 0xf4 0x19 0xea 0x1 0x29 0xe8 0x9a 0xec 0x0 0x0 0x0 0x0 0xf3 0x26 0xc8 0x7a 0x0 0xa4 0xa4 0x0 0x8 0xac 0x5 0x0 0x0
1787980769700,0x1 0x8b 0xd 0x47 0xab 0x86 0x7f 0x15 0x8 0x5c 0xd 0x36 0x53 0x0 0xee 0xf 0x35 0x10 0x73 0x0 0x36 0x5 0xfa 0x2 0x0 0x28 0x65 0x0 0x0 0xf 0x0 0x40 0x0 0x92 0x0 0xa9 0x0 0x67 0x67 0x67 0x67 0x67 0x67 0x43 0x2 0x2d 0x2 0x40 0x2 0x3f 0x2 0x50 0x2 0x36 0x2 0x40 0x2 0x2d 0x2 0x2a 0x0 0x3 0x80 0x7c 0x7e 0x7d 0x4d 0x80 0x4f 0x80 0x6e 0x82 0xeb 0x7b 0x63 0x6d 0x6e 0x8a 0xa 0x19 0x0 0x0 0x29 0xe8 0x9a 0xec 0x0 0x0 0x0 0x0 0xf3 0x2a 0xc8 0x7a 0x0 0xa4 0xa4 0x0 0x8 0xac 0x5 0x0 0x0
1787980769924,0x1 0x89 0xd 0x47 0xab 0x86 0x7f 0x15 0x8 0x5c 0xd 0x37 0x54 0x0 0x3e 0xf 0x5d 0xf 0x73 0x0 0x83 0x5 0xfa 0x2 0x0 0x28 0x65 0x0 0x0 0x12 0x0 0x32 0x0 0x8f 0x0 0xa6 0x0 0x65 0x65 0x65 0x65 0x65 0x65 0x2a 0x2 0x16 0x2 0x28 0x2 0x15 0x2 0x28 0x2 0x15 0x2 0x27 0x2 0x15 0x2 0x29 0x0 0x3 0x81 0x7e 0x7e 0x7d 0x4d 0x80 0x4f 0x80 0x6e 0x82 0xeb 0x7b 0x63 0x6d 0x6e 0x89 0xa 0x19 0x0 0x0 0x29 0xe8 0x9a 0xec 0x0 0x0 0x0 0x0 0xf3 0x2b 0xc8 0x7a 0x0 0xa4 0xa4 0x0 0x8 0xcb 0x5 0x0 0x0
1787980770148,0x1 0x89 0xd 0x47 0xab 0x86 0x7f 0x15 0x8 0x5c 0xd 0x37 0x54 0x0 0xd2 0xe 0xdd 0xe 0x73 0x0 0xab 0x5 0xfa 0x2 0x0 0x28 0x65 0x0 0x0 0xe 0x0 0x1c 0x0 0x8b 0x0 0xa3 0x0 0x64 0x64 0x64 0x64 0x64 0x64 0x1b 0x2 0x7 0x2 0x1b 0x2 0x9 0x2 0x1c 0x2 0x9 0x2 0x1b 0x2 0x9 0x2 0x29 0x0 0x3 0x83 0x80 0x7e 0x7d 0x4d 0x80 0x4f 0x80 0x6e 0x82 0xeb 0x7b 0x65 0x6e 0x6e 0x89 0xa 0x1a 0x0 0x0 0x29 0xe8 0x9a 0xec 0x0 0x0 0x0 0x0 0xf3 0x2f 0xc8 0x7a 0x0 0xa4 0xa4 0x0 0x8 0xcb 0x5 0x0 0x0
1787980770371,0x1 0x8b 0xd 0x47 0xab 0x86 0x7f 0x15 0x8 0x5c 0xd 0x38 0x55 0x0 0xaa 0xe 0x9e 0xe 0x73 0x0 0xcc 0x5 0xfa 0x2 0x0 0x28 0x65 0x0 0x0 0xc 0x0 0xf 0x0 0x79 0x0 0x9d 0x0 0x64 0x64 0x64 0x64 0x64 0x64 0x16 0x2 0x5 0x2 0x22 0x2 0xd 0x2 0x1b 0x2 0x5 0x2 0x18 0x2 0x5 0x2 0x29 0x0 0x3 0x85 0x81 0x7e 0x7d 0x4d 0x80 0x4f 0x80 0x6e 0x82 0xeb 0x7b 0x65 0x6e 0x6f 0x89 0xa 0x1a 0x0 0x0 0x29 0xe8 0x9a 0xec 0x0 0x0 0x0 0x0 0xf3 0x30 0xc8 0x7a 0x0 0xa4 0xa4 0x0 0x8 0xac 0x5 0x0 0x0
1787980770596,0x1 0x8b 0xd 0x47 0xab 0x86 0x7f 0x15 0x8 0x5c 0xd 0x39 0x58 0x0 0x2 0xf 0xc1 0xe 0x73 0x0 0xdd 0x5 0xfa 0x2 0x0 0x28 0x65 0x0 0x0 0xd 0x0 0xc 0x0 0x4d 0x0 0x96 0x0 0x64 0x64 0x64 0x64 0x64 0x64 0x1e 0x2 0x1 0x2 0x14 0x2 0x4 0x2 0x19 0x2 0x9 0x2 0x1e 0x2 0xc 0x2 0x29 0x0 0x3 0x87 0x83 0x7e 0x7d 0x4d 0x80 0x4f 0x80 0x6e 0x82 0xeb 0x7b 0x65 0x6e 0x6f 0x89 0xa 0x1a 0x0 0x0 0x29 0xe8 0x9a 0xec 0x0 0x0 0x0 0x0 0xf3 0x30 0xc8 0x7a 0x0 0xa4 0xa4 0x0 0x8 0xac 0x5 0x0 0x0
1787980770818,0x1 0x8b 0xd 0x47 0xab 0x86 0x7f 0x15 0x8 0x5c 0xd 0x39 0x57 0x0 0xa2 0xe 0x97 0xe 0x73 0x0 0xf2 0x5 0xfa 0x2 0x0 0x28 0x65 0x0 0x0 0x10 0x0 0xd 0x0 0x40 0x0 0x93 0x0 0x64 0x64 0x64 0x64 0x64 0x64 0x15 0x2 0x5 0x2 0x18 0x2 0x7 0x2 0x1b 0x2 0xa 0x2 0x1d 0x2 0xa 0x2 0x29 0x0 0x3 0x89 0x85 0x7e 0x7d 0x4d 0x80 0x4f 0x80 0x6e 0x82 0xeb 0x7b 0x65 0x6e 0x6f 0x89 0xa 0x1b 0x0 0x0 0x29 0xe8 0x9a 0xec 0x0 0x0 0x0 0x0 0xf3 0x31 0xc8 0x7a 0x0 0xa4 0xa4 0x0 0x8 0xac 0x5 0x0 0x0
1787980771043,0x1 0x8a 0xd 0x47 0xab 0x86 0x7f 0x15 0x8 0x5c 0xd 0x38 0x57 0x0 0x9b 0xe 0x77 0xe 0x73 0x0 0xf5 0x5 0xfa 0x2 0x0 0x28 0x65 0x0 0x0 0x17 0x0 0x21 0x0 0x46 0x0 0x93 0x0 0x64 0x64 0x64 0x64 0x64 0x64 0x1e 0x2 0xb 0x2 0x19 0x2 0x9 0x2 0x1b 0x2 0xb 0x2 0x1b 0x2 0xa 0x2 0x29 0x0 0x3 0x8b 0x87 0x7e 0x7d 0x4d 0x80 0x4f 0x80 0x6e 0x82 0xeb 0x7b 0x65 0x6e 0x6f 0x89 0xa 0x1b 0x0 0x0 0x29 0xe8 0x9a 0xec 0x0 0x0 0x0 0x0 0xf3 0x31 0xc8 0x7a 0x0 0xa4 0xa4 0x0 0x8 0xb9 0x5 0x0 0x0
1787980771266,0x1 0x8a 0xd 0x47 0xac 0x86 0x7f 0x1c 0xe 0x5c 0xd 0x4a 0x78 0x0 0xf9 0x13 0xed 0x10 0x73 0x0 0x2 0x6 0xfa 0x2 0x0 0x28 0x65 0x0 0x0 0x40 0x0 0x6f 0x0 0x4a 0x0 0x92 0x0 0x64 0x64 0x64 0x64 0x64 0x64 0x3c 0x2 0x83 0x2 0xc2 0x2 0xcc 0x2 0x1b 0x2 0xb 0x2 0xe6 0x2 0xcc 0x2 0x27 0x0 0x3 0x8d 0x89 0x7e 0x7d 0x4d 0x80 0x4f 0x80 0x6e 0x82 0xeb 0x7b 0x61 0x68 0x6e 0x89 0xa 0x1a 0x0 0x0 0x29 0xe8 0x9a 0xec 0x0 0x0 0x0 0x0 0xf3 0x3b 0xc8 0x7a 0x0 0xa4 0xa4 0x0 0x8 0xb9 0x5 0x0 0x0
1787980771491,0x1 0x8b 0xd 0x47 0xac 0x86 0x7f 0x1c 0xf 0x5c 0xd 0x4f 0x88 0x0 0xc0 0x14 0x1 0x15 0x73 0x0 0x8e 0x6 0xf9 0x2 0x0 0x28 0x65 0x0 0x0 0x7e 0x0 0x98 0x0 0x4c 0x0 0x91 0x0 0x65 0x65 0x65 0x65 0x65 0x65 0x4f 0x3 0x23 0x3 0x3e 0x3 0x15 0x3 0x56 0x3 0x30 0x3 0x22 0x3 0x15 0x3 0x26 0x0 0x3 0x87 0x89 0x7e 0x7d 0x4d 0x80 0x4f 0x80 0x6e 0x82 0xeb 0x7b 0x61 0x68 0x6e 0x89 0x9d 0x1b 0x0 0x0 0x29 0xe8 0x9a 0xec 0x0 0x0 0x0 0x0 0xf3 0x60 0xc8 0x7a 0x0 0xa4 0xa4 0x0 0x8 0xac 0x5 0x0 0x0
1787980771715,0x1 0x8b 0xd 0x47 0xac 0x86 0x7f 0x1c 0xf 0x5c 0xd 0x52 0x99 0x0 0xbf 0x14 0x58 0x14 0x73 0x0 0x60 0x7 0xf9 0x2 0x0 0x28 0x65 0x0 0x0 0xb0 0x0 0xae 0x0 0x87 0x0 0x9e 0x0 0x63 0x63 0x63 0x63 0x63 0x63 0xf2 0x2 0xd3 0x2 0xed 0x2 0xd3 0x2 0xed 0x2 0xda 0x2 0xf6 0x2 0xda 0x2 0x25 0x0 0x3 0x84 0x80 0x81 0x7e 0x4d 0x80 0x4f 0x80 0x6e 0x82 0xeb 0x7b 0x61 0x68 0x6e 0x89 0x9d 0x33 0x0 0x0 0x29 0xe8 0x9a 0xec 0x0 0x0 0x0 0x0 0xf3 0x63 0xc8 0x7a 0x0 0xa4 0xa4 0x0 0x8 0xac 0x5 0x0 0x0
1787980771938,0x1 0x89 0xd 0x47 0xac 0x86 0x7f 0x1c 0xf 0x5c 0xd 0x57 0xa8 0x0 0x85 0x14 0xb4 0x14 0x73 0x0 0x30 0x8 0xf9 0x2 0x0 0x28 0x65 0x0 0x0 0xa2 0x0 0x9f 0x0 0x95 0x0 0xa6 0x0 0x62 0x62 0x62 0x62 0x62 0x62 0xfa 0x2 0xdc 0x2 0xf9 0x2 0xd9 0x2 0xf3 0x2 0xde 0x2 0xf3 0x2 0xd6 0x2 0x24 0x0 0x3 0x81 0x7d 0x81 0x7e 0x4d 0x80 0x4f 0x80 0x6e 0x82 0xeb 0x7b 0x61 0x68 0x6e 0x88 0x9d 0x49 0x0 0x0 0x29 0xe8 0x9a 0xec 0x0 0x0 0x0 0x0 0xf3 0x69 0xc8 0x7a 0x0 0xa4 0xa4 0x0 0x8 0xcb 0x5 0x0 0x0
1787980772163,0x1 0x8a 0xd 0x47 0xac 0x86 0x7f 0x1c 0xf 0x5c 0xd 0x5c 0xb8 0x0 0xb0 0x14 0xc3 0x14 0x73 0x0 0xe5 0x8 0xf9 0x2 0x0 0x28 0x65 0x0 0x0 0x56 0x0 0x4e 0x0 0x8f 0x0 0xa1 0x0 0x60 0x60 0x60 0x60 0x60 0x60 0xe6 0x2 0xcb 0x2 0xe6 0x2 0xca 0x2 0xe6 0x2 0xc5 0x2 0xe6 0x2 0xc9 0x2 0x24 0x0 0x3 0x7d 0x79 0x81 0x7e 0x4d 0x80 0x4f 0x80 0x6e 0x82 0xeb 0x7b 0x5f 0x66 0x6e 0x88 0x9d 0x61 0x0 0x0 0x29 0xe8 0x9a 0xec 0x0 0x0 0x0 0x0 0xf3 0x73 0xc8 0x7a 0x0 0xa4 0xa4 0x0 0x8 0xb9 0x5 0x0 0x0
1787980772387,0x1 0x8b 0xd 0x47 0xac 0x86 0x7f 0x1c 0xf 0x5c 0xd 0x5e 0xbe 0x0 0xed 0x13 0xd9 0x13 0x73 0x0 0x89 0x9 0xf9 0x2 0x0 0x28 0x65 0x0 0x0 0x1d 0x0 0x18 0x0 0x7a 0x0 0x90 0x0 0x5c 0x5c 0x5c 0x5c 0x5c 0x5c 0xda 0x2 0xcc 0x2 0xe5 0x2 0xc6 0x2 0xdc 0x2 0xbe 0x2 0xda 0x2 0xc0 0x2 0x23 0x0 0x3 0x88 0x84 0x86 0x81 0x4d 0x80 0x4f 0x80 0x6e 0x82 0xeb 0x7b 0x5f 0x66 0x6d 0x88 0x9d 0x68 0x0 0x0 0x29 0xe8 0x9a 0xec 0x0 0x0 0x0 0x0 0xf3 0x79 0xc8 0x7a 0x0 0xa4 0xa4 0x0 0x8 0xac 0x5 0x0 0x0
1787980772611,0x1 0x8c 0xd 0x47 0xac 0x86 0x7f 0x1c 0xf 0x5c 0xd 0x5c 0xbd 0x0 0xb4 0x12 0xc1 0x12 0x73 0x0 0x1b 0xa 0xf9 0x2 0x0 0x28 0x65 0x0 0x0 0x9b 0x0 0x1e 0x0 0x84 0x0 0x92 0x0 0x59 0x59 0x59 0x59 0x59 0x59 0xbb 0x2 0xa3 0x2 0xa6 0x2 0xa3 0x2 0xa5 0x2 0xa3 0x2 0xa4 0x2 0xa3 0x2 0x24 0x0 0x3 0x83 0x89 0x84 0x81 0x4d 0x80 0x4f 0x80 0x6e 0x82 0xeb 0x7b 0x5f 0x66 0x6d 0x88 0x9d 0x6f 0x0 0x0 0x29 0xe8 0x9a 0xec 0x0 0x0 0x0 0x0 0xf3 0x76 0xc8 0x7a 0x0 0xa4 0xa4 0x0 0x8 0x9f 0x5 0x0 0x0
1787980772833,0x1 0x8a 0xd 0x47 0xac 0x86 0x7f 0x1c 0xf 0x5c 0xd 0x5e 0xc4 0x0 0xa0 0x12 0x80 0x12 0x73 0x0 0x86 0xa 0xf9 0x2 0x0 0x28 0x65 0x0 0x0 0x8f 0x0 0x7c 0x0 0x83 0x0 0x92 0x0 0x58 0x58 0x58 0x58 0x58 0x58 0x92 0x2 0xa1 0x2 0x89 0x2 0x9d 0x2 0x8c 0x2 0xa1 0x2 0x8c 0x2 0x9e 0x2 0x24 0x0 0x3 0x7f 0x8d 0x84 0x81 0x4d 0x80 0x4f 0x80 0x6e 0x82 0xeb 0x7b 0x5f 0x66 0x6d 0x87 0x9d 0x74 0x0 0x0 0x29 0xe8 0x9a 0xec 0x0 0x0 0x0 0x0 0xf3 0x74 0xc8 0x7a 0x0 0xa4 0xa4 0x0 0x8 0xb9 0x5 0x0 0x0
1787980773059,0x1 0x8a 0xd 0x47 0xac 0x86 0x7f 0x1c 0xf 0x5c 0xd 0x5d 0xc2 0x0 0xbd 0x11 0xf0 0x11 0x73 0x0 0xf0 0xa 0xf9 0x2 0x0 0x28 0x65 0x0 0x0 0x1b 0x0 0xa4 0x0 0x6d 0x0 0x97 0x0 0x57 0x57 0x57 0x57 0x57 0x57 0x8b 0x2 0x8d 0x2 0x85 0x2 0x8a 0x2 0x89 0x2 0x86 0x2 0x84 0x2 0x86 0x2 0x24 0x0 0x3 0x86 0x8d 0x84 0x81 0x4d 0x80 0x4f 0x80 0x6e 0x82 0xeb 0x7b 0x56 0x5d 0x6d 0x87 0x9d 0x77 0x0 0x0 0x29 0xe8 0x9a 0xec 0x0 0x0 0x0 0x0 0xf3 0x79 0xc8 0x7a 0x0 0xa4 0xa4 0x0 0x8 0xb9 0x5 0x0 0x0
1787980773283,0x1 0x8b 0xd 0x47 0xac 0x86 0x7f 0x1d 0xf 0x5c 0xd 0x5e 0xc7 0x0 0xc0 0x11 0xbb 0x11 0x73 0x0 0x36 0xb 0xf9 0x2 0x0 0x28 0x65 0x0 0x0 0x14 0x0 0xa1 0x0 0x44 0x0 0x9c 0x0 0x56 0x56 0x56 0x56 0x56 0x56 0x85 0x2 0x65 0x2 0x7e 0x2 0x62 0x2 0x80 0x2 0x65 0x2 0x85 0x2 0x65 0x2 0x24 0x0 0x3 0x8b 0x83 0x84 0x83 0x4d 0x80 0x4f 0x80 0x6e 0x82 0xeb 0x7b 0x56 0x5d 0x6c 0x87 0x9d 0x7b 0x0 0x0 0x29 0xe8 0x9a 0xec 0x0 0x0 0x0 0x0 0xf3 0x73 0xc8 0x7a 0x0 0xa4 0xa4 0x0 0x8 0xac 0x5 0x0 0x0
1787980773505,0x1 0x8b 0xd 0x47 0xac 0x86 0x7f 0x1c 0xf 0x5c 0xd 0x5f 0xc7 0x0 0x5d 0x11 0xc 0x11 0x73 0x0 0x76 0xb 0xf9 0x2 0x0 0x28 0x65 0x0 0x0 0x51 0x0 0x6d 0x0 0x40 0x0 0x99 0x0 0x55 0x55 0x55 0x55 0x55 0x55 0x77 0x2 0x41 0x2 0x72 0x2 0x43 0x2 0x79 0x2 0x47 0x2 0x78 0x2 0x43 0x2 0x25 0x0 0x3 0x90 0x7e 0x84 0x83 0x4d 0x80 0x4f 0x80 0x6e 0x82 0xeb 0x7b 0x56 0x5d 0x6c 0x87 0x9d 0x7e 0x0 0x0 0x29 0xe8 0x9a 0xec 0x0 0x0 0x0 0x0 0xf3 0x75 0xc8 0x7a 0x0 0xa4 0xa4 0x0 0x8 0xac 0x5 0x0 0x0
1787980773731,0x1 0x8a 0xd 0x47 0xac 0x86 0x7f 0x1c 0xf 0x5c 0xd 0x5e 0xc4 0x0 0xd4 0x10 0xbf 0x10 0x73 0x0 0xa6 0xb 0xf9 0x2 0x0 0x28 0x65 0x0 0x0 0xa7 0x0 0x18 0x0 0x69 0x0 0x82 0x0 0x55 0x55 0x55 0x55 0x55 0x55 0x59 0x2 0x4b 0x2 0x59 0x2 0x4a 0x2 0x58 0x2 0x4c 0x2 0x59 0x2 0x4d 0x2 0x25 0x0 0x3 0x87 0x88 0x87 0x85 0x4d 0x80 0x4f 0x80 0x6e 0x82 0xeb 0x7b 0x56 0x5d 0x6c 0x87 0x9d 0x80 0x0 0x0 0x29 0xe8 0x9a 0xec 0x0 0x0 0x0 0x0 0xf3 0x70 0xc8 0x7a 0x0 0xa4 0xa4 0x0 0x8 0xb9 0x5 0x0 0x0
1787980773955,0x1 0x8a 0xd 0x47 0xac 0x86 0x7f 0xd 0x0 0x5c 0xd 0x42 0x6c 0x0 0x5a 0x9 0xc 0xa 0x73 0x0 0x8d 0xb 0xf9 0x2 0x0 0x28 0x65 0x0 0x0 0xae 0x0 0x62 0x0 0x90 0x0 0x75 0x0 0x60 0x60 0x60 0x60 0x60 0x60 0x7f 0x1 0x7d 0x1 0x74 0x1 0x75 0x1 0x6d 0x1 0x88 0x1 0x6d 0x1 0x73 0x1 0x28 0x0 0x3 0x82 0x8c 0x87 0x85 0x4d 0x80 0x4f 0x80 0x6e 0x82 0xeb 0x7b 0x56 0x5d 0x6c 0x86 0x9d 0x8c 0x0 0x0 0x29 0xe8 0x9a 0xec 0x0 0x0 0x0 0x0 0xf3 0x69 0xc8 0x7a 0x0 0xa4 0xa4 0x0 0x0 0xb9 0x5 0x0 0x0
1787980774178,0x1 0x8b 0xd 0x47 0xac 0x87 0x7f 0x12 0x5 0x5c 0xd 0x47 0x78 0x0 0x12 0xb 0x3f 0xb 0x73 0x0 0xd7 0xa 0xf9 0x2 0x0 0x28 0x65 0x0 0x0 0xb0 0x0 0xaf 0x0 0x9d 0x0 0xa2 0x0 0x55 0x55 0x55 0x55 0x55 0x55 0xa7 0x1 0xc0 0x1 0xb6 0x1 0xc2 0x1 0xb3 0x1 0xb8 0x1 0xa7 0x1 0xb4 0x1 0x27 0x0 0x3 0x7e 0x8c 0x87 0x85 0x4d 0x80 0x4f 0x80 0x6e 0x82 0xeb 0x7b 0x54 0x5a 0x6c 0x86 0x9d 0x6b 0x0 0x0 0x29 0xe8 0x9a 0xec 0x0 0x0 0x0 0x0 0xf3 0x62 0xc8 0x7a 0x0 0xa4 0xa4 0x0 0x8 0xac 0x5 0x0 0x0
1787980774402,0x1 0x8c 0xd 0x47 0xac 0x87 0x7f 0xf 0x2 0x5c 0xd 0x44 0x6f 0x0 0xdd 0xa 0x8b 0xa 0x73 0x0 0x38 0xa 0xf9 0x2 0x0 0x28 0x65 0x0 0x0 0xb3 0x0 0xb4 0x0 0xa1 0x0 0xb2 0x0 0x6a 0x6a 0x6a 0x6a 0x6a 0x6a 0x7f 0x1 0x84 0x1 0x7e 0x1 0x81 0x1 0x7c 0x1 0x81 0x1 0x80 0x1 0x84 0x1 0x27 0x0 0x3 0x7b 0x84 0x87 0x85 0x4d 0x80 0x4f 0x80 0x6e 0x82 0xeb 0x7b 0x54 0x5a 0x6d 0x86 0x9d 0x64 0x0 0x0 0x29 0xe8 0x9a 0xec 0x0 0x0 0x0 0x0 0xf3 0x5e 0xc8 0x7a 0x0 0xa4 0xa4 0x0 0x0 0x9f 0x5 0x0 0x0
1787980774626,0x1 0x8a 0xd 0x47 0xac 0x87 0x7f 0x16 0x9 0x5c 0xd 0x4a 0x80 0x0 0x78 0xd 0x9e 0xc 0x73 0x0 0x81 0x9 0xf9 0x2 0x0 0x28 0x65 0x0 0x0 0xaf 0x0 0xb1 0x0 0xa1 0x0 0xb3 0x0 0x59 0x59 0x59 0x59 0x59 0x59 0xb5 0x1 0xcd 0x1 0xd7 0x1 0xf1 0x1 0xf4 0x1 0x8c 0x1 0xf4 0x1 0xfa 0x1 0x26 0x0 0x3 0x72 0x7b 0x81 0x80 0x4d 0x80 0x4f 0x80 0x6e 0x82 0xeb 0x7b 0x54 0x5a 0x6d 0x86 0x9d 0x56 0x0 0x0 0x29 0xe8 0x9a 0xec 0x0 0x0 0x0 0x0 0xf3 0x56 0x0 0x80 0x0 0xa4 0xa4 0x0 0x8 0xb9 0x5 0x0 0x0
1787980774850,0x1 0x8a 0xd 0x46 0xac 0x87 0x7f 0x16 0x9 0x5c 0xd 0x4d 0x83 0x0 0x1f 0xe 0x48 0xe 0x73 0x0 0x47 0x9 0xf9 0x2 0x0 0x28 0x65 0x0 0x0 0xad 0x0 0xb0 0x0 0x9e 0x0 0xb3 0x0 0x5b 0x5b 0x5b 0x5b 0x5b 0x5b 0xfb 0x1 0x2 0x2 0xf7 0x1 0x3 0x2 0xfe 0x1 0x4 0x2 0xf7 0x1 0xfe 0x1 0x26 0x0 0x3 0x6e 0x77 0x81 0x80 0x4d 0x80 0x4f 0x80 0x6e 0x82 0xeb 0x7b 0x54 0x5a 0x6d 0x85 0x9d 0x51 0x0 0x0 0x29 0xe8 0x9a 0xec 0x0 0x0 0x0 0x0 0xf3 0x53 0x0 0x80 0x0 0xa4 0xa4 0x0 0x8 0xb9 0x5 0x0 0x0
1787980775073,0x1 0x8b 0xd 0x46 0xac 0x87 0x7f 0x16 0x9 0x5c 0xd 0x4c 0x85 0x0 0x96 0xe 0x71 0xe 0x73 0x0 0x1e 0x9 0xf9 0x2 0x0 0x28 0x65 0x0 0x0 0xa8 0x0 0xae 0x0 0x9c 0x0 0xb2 0x0 0x5c 0x5c 0x5c 0x5c 0x5c 0x5c 0xf2 0x1 0xf5 0x1 0xf1 0x1 0xf4 0x1 0xf2 0x1 0xf8 0x1 0xf2 0x1 0xf7 0x1 0x26 0x0 0x3 0x6b 0x74 0x81 0x80 0x4d 0x80 0x4f 0x80 0x6e 0x82 0xeb 0x7b 0x5d 0x63 0x6d 0x85 0x9d 0x4e 0x0 0x0 0x29 0xe8 0x9a 0xec 0x0 0x0 0x0 0x0 0xf3 0x51 0x0 0x80 0x0 0xa4 0xa4 0x0 0x8 0xac 0x5 0x0 0x0
1787980775298,0x1 0x8b 0xd 0x46 0xac 0x86 0x7f 0x16 0x9 0x5c 0xd 0x4b 0x81 0x0 0x49 0xe 0x8d 0xe 0x73 0x0 0x8 0x9 0xf9 0x2 0x0 0x28 0x65 0x0 0x0 0x94 0x0 0xa5 0x0 0x98 0x0 0xb0 0x0 0x5c 0x5c 0x5c 0x5c 0x5c 0x5c 0xf4 0x1 0xf8 0x1 0xf1 0x1 0xf3 0x1 0xee 0x1 0xf0 0x1 0xea 0x1 0xf0 0x1 0x26 0x0 0x3 0x67 0x70 0x81 0x80 0x4d 0x80 0x4f 0x80 0x6e 0x82 0xeb 0x7b 0x5d 0x63 0x6c 0x85 0x9d 0x4e 0x0 0x0 0x29 0xe8 0x9a 0xec 0x0 0x0 0x0 0x0 0xf3 0x50 0x0 0x80 0x0 0xa4 0xa4 0x0 0x8 0xac 0x5 0x0 0x0
1787980775522,0x1 0x8a 0xd 0x46 0xac 0x86 0x7f 0x16 0x9 0x5c 0xd 0x4b 0x7f 0x0 0x4f 0xe 0xaa 0xe 0x73 0x0 0xe0 0x8 0xf9 0x2 0x0 0x28 0x65 0x0 0x0 0x3e 0x0 0x99 0x0 0x91 0x0 0xac 0x0 0x5d 0x5d 0x5d 0x5d 0x5d 0x5d 0xf8 0x1 0xec 0x1 0xf3 0x1 0xea 0x1 0xf3 0x1 0xec 0x1 0xf3 0x1 0xe7 0x1 0x26 0x0 0x3 0x6d 0x6d 0x78 0x80 0x4d 0x80 0x4f 0x80 0x6e 0x82 0xeb 0x7b 0x5d 0x63 0x6c 0x85 0x9d 0x4a 0x0 0x0 0x29 0xe8 0x9a 0xec 0x0 0x0 0x0 0x0 0xf3 0x4f 0x0 0x80 0x0 0xa4 0xa4 0x0 0x8 0xb9 0x5 0x0 0x0
1787980775746,0x1 0x8a 0xd 0x46 0xac 0x86 0x7f 0x17 0xa 0x5c 0xd 0x4c 0x84 0x0 0x5 0xf 0xfc 0xe 0x73 0x0 0xca 0x8 0xf9 0x2 0x0 0x28 0x65 0x0 0x0 0xe 0x0 0x51 0x0 0x54 0x0 0xa8 0x0 0x5d 0x5d 0x5d 0x5d 0x5d 0x5d 0x0 0x2 0xea 0x1 0x3 0x2 0xe7 0x1 0xfc 0x1 0xe8 0x1 0x3 0x2 0xeb 0x1 0x26 0x0 0x3 0x70 0x6a 0x78 0x80 0x4d 0x80 0x4f 0x80 0x6e 0x82 0xeb 0x7b 0x5d 0x63 0x6c 0x85 0x9d 0x49 0x0 0x0 0x29 0xe8 0x9a 0xec 0x0 0x0 0x0 0x0 0xf3 0x4e 0x0 0x80 0x0 0xa4 0xa4 0x0 0x8 0xb9 0x5 0x0 0x0
1787980775970,0x1 0x8b 0xd 0x46 0xac 0x86 0x7f 0x17 0xa 0x5c 0xd 0x4c 0x81 0x0 0xc8 0xe 0xfb 0xe 0x73 0x0 0xba 0x8 0xf9 0x2 0x0 0x28 0x65 0x0 0x0 0xb 0x0 0x18 0x0 0x14 0x0 0x9e 0x0 0x5d 0x5d 0x5d 0x5d 0x5d 0x5d 0xc 0x2 0x1 0x2 0xa 0x2 0xfe 0x1 0x7 0x2 0x3 0x2 0x7 0x2 0xfd 0x1 0x26 0x0 0x3 0x73 0x74 0x78 0x78 0x4d 0x80 0x4f 0x80 0x6e 0x82 0xeb 0x7b 0x5d 0x63 0x6c 0x85 0x9d 0x46 0x0 0x0 0x29 0xe8 0x9a 0xec 0x0 0x0 0x0 0x0 0xf3 0x4c 0x0 0x80 0x0 0xa4 0xa4 0x0 0x8 0xac 0x5 0x0 0x0
1787980776194,0x1 0x8b 0xd 0x46 0xac 0x86 0x7f 0x17 0xa 0x5c 0xd 0x4d 0x88 0x0 0x8f 0xf 0x62 0xf 0x73 0x0 0xbe 0x8 0xf9 0x2 0x0 0x28 0x65 0x0 0x0 0xb 0x0 0xd 0x0 0x4 0x0 0x8c 0x0 0x5d 0x5d 0x5d 0x5d 0x5d 0x5d 0x15 0x2 0xb 0x2 0x17 0x2 0xc 0x2 0x16 0x2 0xe 0x2 0x18 0x2 0xe 0x2 0x26 0x0 0x3 0x77 0x78 0x78 0x78 0x4d 0x80 0x4f 0x80 0x6e 0x82 0xeb 0x7b 0x5f 0x66 0x6c 0x85 0x9d 0x46 0x0 0x0 0x29 0xe8 0x9a 0xec 0x0 0x0 0x0 0x0 0xf3 0x4c 0x0 0x80 0x0 0xa4 0xa4 0x0 0x8 0xac 0x5 0x0 0x0
1787980776418,0x1 0x8b 0xd 0x46 0xac 0x86 0x7f 0x18 0xa 0x5c 0xd 0x4f 0x8a 0x0 0xc0 0xf 0x81 0xf 0x73 0x0 0xc3 0x8 0xf9 0x2 0x0 0x28 0x65 0x0 0x0 0xc 0x0 0xc 0x0 0x0 0x0 0x62 0x0 0x5d 0x5d 0x5d 0x5d 0x5d 0x5d 0x1e 0x2 0x14 0x2 0x1e 0x2 0x13 0x2 0x1f 0x2 0x18 0x2 0x23 0x2 0x18 0x2 0x25 0x0 0x3 0x7a 0x7b 0x78 0x78 0x4d 0x80 0x4f 0x80 0x6e 0x82 0xeb 0x7b 0x5f 0x66 0x6b 0x85 0x9d 0x46 0x0 0x0 0x29 0xe8 0x9a 0xec 0x0 0x0 0x0 0x0 0xf3 0x4c 0x0 0x80 0x0 0xa4 0xa4 0x0 0x8 0xac 0x5 0x0 0x0
1787980776640,0x1 0x8a 0xd 0x46 0xac 0x86 0x7f 0x18 0xb 0x5c 0xd 0x50 0x8f 0x0 0x2f 0x10 0x11 0x10 0x73 0x0 0xd6 0x8 0xf9 0x2 0x0 0x28 0x65 0x0 0x0 0xd 0x0 0xf 0x0 0x0 0x0 0x48 0x0 0x5e 0x5e 0x5e 0x5e 0x5e 0x5e 0x38 0x2 0x2d 0x2 0x3a 0x2 0x2f 0x2 0x3b 0x2 0x2d 0x2 0x39 0x2 0x2d 0x2 0x25 0x0 0x3 0x7e 0x7f 0x78 0x78 0x4d 0x80 0x4f 0x80 0x6e 0x82 0xeb 0x7b 0x5f 0x66 0x6b 0x85 0x9d 0x4e 0x0 0x0 0x29 0xe8 0x9a 0xec 0x0 0x0 0x0 0x0 0xf3 0x55 0x0 0x80 0x0 0xa4 0xa4 0x0 0x8 0xb9 0x5 0x0 0x0
1787980776866,0x1 0x8b 0xd 0x46 0xac 0x86 0x7f 0x1e 0x11 0x5c 0xd 0x63 0xd4 0x0 0xe4 0x16 0xde 0x16 0x73 0x0 0x43 0x9 0xf9 0x2 0x0 0x28 0x65 0x0 0x0 0x10 0x0 0x13 0x0 0x0 0x0 0x44 0x0 0x5f 0x5f 0x5f 0x5f 0x5f 0x5f 0x75 0x3 0x64 0x3 0x70 0x3 0x5c 0x3 0x6f 0x3 0x63 0x3 0x6d 0x3 0x5c 0x3 0x22 0x0 0x3 0x82 0x82 0x78 0x78 0x4d 0x80 0x4f 0x80 0x6e 0x82 0xeb 0x7b 0x5f 0x66 0x6b 0x84 0x9d 0x6d 0x0 0x0 0x29 0xe8 0x9a 0xec 0x0 0x0 0x0 0x0 0xf3 0x87 0x0 0x80 0x0 0xa4 0xa4 0x0 0x8 0xac 0x5 0x0 0x0
1787980777090,0x1 0x8b 0xd 0x46 0xac 0x86 0x7f 0x1e 0x11 0x5c 0xd 0x62 0xd7 0x0 0x6d 0x15 0x95 0x15 0x73 0x0 0x9 0xa 0xf9 0x2 0x0 0x28 0x65 0x0 0x0 0xb0 0x0 0xb1 0x0 0x3b 0x0 0x9e 0x0 0x5b 0x5b 0x5b 0x5b 0x5b 0x5b 0xd 0x3 0x21 0x3 0x15 0x3 0x1e 0x3 0x13 0x3 0x1a 0x3 0xd 0x3 0x17 0x3 0x22 0x0 0x3 0x80 0x89 0x7a 0x7e 0x4d 0x80 0x4f 0x80 0x6e 0x82 0xeb 0x7b 0x58 0x5f 0x6b 0x84 0x9d 0x75 0x0 0x0 0x29 0xe8 0x9a 0xec 0x0 0x0 0x0 0x0 0xf3 0x86 0x92 0x7a 0x0 0xa4 0xa4 0x0 0x8 0xac 0x5 0x0 0x0
1787980777314,0x1 0x8c 0xd 0x46 0xac 0x86 0x7f 0x1e 0x11 0x5c 0xd 0x64 0xdf 0x0 0xd0 0x14 0x93 0x14 0x73 0x0 0xb7 0xa 0xf9 0x2 0x0 0x28 0x65 0x0 0x0 0xa6 0x0 0xaf 0x0 0x89 0x0 0xad 0x0 0x59 0x59 0x59 0x59 0x59 0x59 0xca 0x2 0xe2 0x2 0xcb 0x2 0xe1 0x2 0xcb 0x2 0xdd 0x2 0xca 0x2 0xe1 0x2 0x23 0x0 0x3 0x7b 0x82 0x7a 0x7e 0x4d 0x80 0x4f 0x80 0x6e 0x82 0xeb 0x7b 0x58 0x5f 0x6a 0x84 0x9d 0x7d 0x0 0x0 0x29 0xe8 0x9a 0xec 0x0 0x0 0x0 0x0 0xf3 0x83 0x92 0x7a 0x0 0xa4 0xa4 0x0 0x8 0x9f 0x5 0x0 0x0
1787980777538,0x1 0x8a 0xd 0x46 0xac 0x86 0x7f 0x1e 0x11 0x5c 0xd 0x62 0xd4 0x0 0xd0 0x12 0xb 0x13 0x73 0x0 0x45 0xb 0xf9 0x2 0x0 0x28 0x65 0x0 0x0 0x43 0x0 0xa0 0x0 0x8a 0x0 0xab 0x0 0x57 0x57 0x57 0x57 0x57 0x57 0x86 0x2 0x87 0x2 0x7f 0x2 0x87 0x2 0x86 0x2 0x87 0x2 0x7f 0x2 0x82 0x2 0x24 0x0 0x3 0x76 0x7d 0x7a 0x7c 0x4d 0x80 0x4f 0x80 0x6e 0x82 0xeb 0x7b 0x58 0x5f 0x6a 0x84 0x9d 0x81 0x0 0x0 0x29 0xe8 0x9a 0xec 0x0 0x0 0x0 0x0 0xf3 0x81 0x92 0x7a 0x0 0xa4 0xa4 0x0 0x8 0xb9 0x5 0x0 0x0
1787980777762,0x1 0x8b 0xd 0x46 0xac 0x87 0x7f 0x1e 0x11 0x5c 0xd 0x62 0xd5 0x0 0x41 0x12 0x68 0x12 0x73 0x0 0xab 0xb 0xf9 0x2 0x0 0x28 0x65 0x0 0x0 0xd 0x0 0x30 0x0 0x30 0x0 0x9e 0x0 0x56 0x56 0x56 0x56 0x56 0x56 0x8a 0x2 0x7b 0x2 0x88 0x2 0x7c 0x2 0x86 0x2 0x76 0x2 0x83 0x2 0x76 0x2 0x24 0x0 0x3 0x82 0x83 0x7f 0x82 0x4d 0x80 0x4f 0x80 0x6e 0x82 0xeb 0x7b 0x58 0x5f 0x6a 0x83 0x9d 0x86 0x0 0x0 0x29 0xe8 0x9a 0xec 0x0 0x0 0x0 0x0 0xf3 0x7f 0x92 0x7a 0x0 0xa4 0xa4 0x0 0x8 0xac 0x5 0x0 0x0
1787980777985,0x1 0x8b 0xd 0x46 0xac 0x87 0x7f 0x1d 0x10 0x5c 0xd 0x60 0xc9 0x0 0xd9 0x10 0xec 0x10 0x73 0x0 0xee 0xb 0xf9 0x2 0x0 0x28 0x65 0x0 0x0 0xf 0x0 0x12 0x0 0xc 0x0 0x71 0x0 0x54 0x54 0x54 0x54 0x54 0x54 0x64 0x2 0x4f 0x2 0x5e 0x2 0x4f 0x2 0x6a 0x2 0x59 0x2 0x5c 0x2 0x4f 0x2 0x25 0x0 0x3 0x87 0x88 0x7f 0x82 0x4d 0x80 0x4f 0x80 0x6e 0x82 0xeb 0x7b 0x58 0x5f 0x6a 0x83 0x9d 0x86 0x0 0x0 0x29 0xe8 0x9a 0xec 0x0 0x0 0x0 0x0 0xf3 0x7b 0x92 0x7a 0x0 0xa4 0xa4 0x0 0x8 0xac 0x5 0x0 0x0
1787980778224,0x1 0x8b 0xd 0x46 0xac 0x87 0x7f 0x1d 0x10 0x5c 0xd 0x60 0xc9 0x0 0x91 0x10 0xc1 0x10 0x73 0x0 0x22 0xc 0xf9 0x2 0x0 0x28 0x65 0x0 0x0 0x17 0x0 0x13 0x0 0xb 0x0 0x6d 0x0 0x53 0x53 0x53 0x53 0x53 0x53 0x5f 0x2 0x57 0x2 0x5f 0x2 0x56 0x2 0x63 0x2 0x54 0x2 0x5f 0x2 0x53 0x2 0x25 0x0 0x3 0x8c 0x8c 0x7f 0x82 0x4d 0x80 0x4f 0x80 0x6e 0x82 0xeb 0x7b 0x50 0x56 0x6a 0x83 0x9d 0x87 0x0 0x0 0x29 0xe8 0x9a 0xec 0x0 0x0 0x0 0x0 0xf3 0x75 0x92 0x7a 0x0 0xa4 0xa4 0x0 0x8 0xac 0x5 0x0 0x0
1787980778449,0x1 0x8a 0xd 0x46 0xac 0x87 0x7f 0x1d 0x10 0x5c 0xd 0x60 0xc7 0x0 0x40 0x10 0x4a 0x10 0x73 0x0 0x3f 0xc 0xf9 0x2 0x0 0x28 0x65 0x0 0x0 0x6e 0x0 0x7e 0x0 0xd 0x0 0x79 0x0 0x53 0x53 0x53 0x53 0x53 0x53 0x5d 0x2 0x4e 0x2 0x5a 0x2 0x4e 0x2 0x5e 0x2 0x50 0x2 0x5a 0x2 0x4d 0x2 0x25 0x0 0x3 0x91 0x91 0x7f 0x82 0x4d 0x80 0x4f 0x80 0x6e 0x82 0xeb 0x7b 0x50 0x56 0x69 0x83 0x9d 0x88 0x0 0x0 0x29 0xe8 0x9a 0xec 0x0 0x0 0x0 0x0 0xf3 0x77 0x92 0x7a 0x0 0xa4 0xa4 0x0 0x8 0xb9 0x5 0x0 0x0
1787980778673,0x1 0x8b 0xd 0x46 0xac 0x87 0x7f 0x1d 0x10 0x5c 0xd 0x5f 0xc7 0x0 0x1b 0x10 0x4a 0x10 0x73 0x0 0x5b 0xc 0xf9 0x2 0x0 0x28 0x65 0x0 0x0 0x9f 0x0 0xa9 0x0 0x15 0x0 0x97 0x0 0x53 0x53 0x53 0x53 0x53 0x53 0x47 0x2 0x50 0x2 0x42 0x2 0x4c 0x2 0x45 0x2 0x4d 0x2 0x42 0x2 0x4c 0x2 0x25 0x0 0x3 0x86 0x91 0x84 0x82 0x4d 0x80 0x4f 0x80 0x6e 0x82 0xeb 0x7b 0x50 0x56 0x69 0x83 0x9d 0x8a 0x0 0x0 0x29 0xe8 0x9a 0xec 0x0 0x0 0x0 0x0 0xf3 0x78 0x92 0x7a 0x0 0xa4 0xa4 0x0 0x8 0xac 0x5 0x0 0x0
1787980778897,0x1 0x8b 0xd 0x46 0xac 0x87 0x7f 0x1d 0x10 0x5c 0xd 0x5f 0xc9 0x0 0x42 0x10 0x1a 0x10 0x73 0x0 0x5d 0xc 0xf9 0x2 0x0 0x28 0x65 0x0 0x0 0x8f 0x0 0xaa 0x0 0x17 0x0 0xa4 0x0 0x53 0x53 0x53 0x53 0x53 0x53 0x2e 0x2 0x31 0x2 0x2e 0x2 0x2e 0x2 0x2f 0x2 0x2c 0x2 0x31 0x2 0x31 0x2 0x25 0x0 0x3 0x81 0x87 0x84 0x85 0x4d 0x80 0x4f 0x80 0x6e 0x82 0xeb 0x7b 0x50 0x56 0x69 0x82 0x9d 0x8b 0x0 0x0 0x29 0xe8 0x9a 0xec 0x0 0x0 0x0 0x0 0xf3 0x72 0x92 0x7a 0x0 0xa4 0xa4 0x0 0x8 0xac 0x5 0x0 0x0
1787980779121,0x1 0x8a 0xd 0x46 0xac 0x87 0x7f 0x1d 0x10 0x5c 0xd 0x5e 0xc6 0x0 0xfa 0xf 0x15 0x10 0x73 0x0 0x65 0xc 0xf9 0x2 0x0 0x28 0x65 0x0 0x0 0x18 0x0 0x9c 0x0 0x10 0x0 0xa4 0x0 0x54 0x54 0x54 0x54 0x54 0x54 0x42 0x2 0x25 0x2 0x45 0x2 0x2b 0x2 0x42 0x2 0x29 0x2 0x40 0x2 0x25 0x2 0x25 0x0 0x3 0x89 0x82 0x88 0x85 0x4d 0x80 0x4f 0x80 0x6e 0x82 0xeb 0x7b 0x51 0x57 0x69 0x82 0x9d 0x8b 0x0 0x0 0x29 0xe8 0x9a 0xec 0x0 0x0 0x0 0x0 0xf3 0x7a 0x92 0x7a 0x0 0xa4 0xa4 0x0 0x8 0xb9 0x5 0x0 0x0
1787980779345,0x1 0x89 0xd 0x46 0xac 0x87 0x7f 0x1d 0x10 0x5c 0xd 0x60 0xcb 0x0 0x59 0x10 0x35 0x10 0x73 0x0 0x6b 0xc 0xf9 0x2 0x0 0x28 0x65 0x0 0x0 0x1b 0x0 0x5f 0x0 0x9 0x0 0x9e 0x0 0x54 0x54 0x54 0x54 0x54 0x54 0x4e 0x2 0x1a 0x2 0x46 0x2 0x1b 0x2 0x4b 0x2 0x1c 0x2 0x4e 0x2 0x1f 0x2 0x25 0x0 0x3 0x8e 0x7d 0x88 0x85 0x4d 0x80 0x4f 0x80 0x6e 0x82 0xeb 0x7b 0x51 0x57 0x68 0x82 0x9d 0x8b 0x0 0x0 0x29 0xe8 0x9a 0xec 0x0 0x0 0x0 0x0 0xf3 0x7a 0x92 0x7a 0x0 0xa4 0xa4 0x0 0x8 0xcb 0x5 0x0 0x0
1787980779568,0x1 0x8a 0xd 0x46 0xac 0x87 0x7f 0x1d 0x10 0x5c 0xd 0x60 0xce 0x0 0x81 0x10 0x91 0x10 0x73 0x0 0x7b 0xc 0xf9 0x2 0x0 0x28 0x65 0x0 0x0 0x86 0x0 0x18 0x0 0xd 0x0 0x8b 0x0 0x54 0x54 0x54 0x54 0x54 0x54 0x5e 0x2 0x3b 0x2 0x60 0x2 0x3f 0x2 0x64 0x2 0x3d 0x2 0x62 0x2 0x3d 0x2 0x25 0x0 0x3 0x92 0x87 0x88 0x87 0x4d 0x80 0x4f 0x80 0x6e 0x82 0xeb 0x7b 0x51 0x57 0x68 0x82 0x9d 0x8b 0x0 0x0 0x29 0xe8 0x9a 0xec 0x0 0x0 0x0 0x0 0xf3 0x7a 0x92 0x7a 0x0 0xa4 0xa4 0x0 0x8 0xb9 0x5 0x0 0x0
1787980779791,0x1 0x8c 0xd 0x46 0xad 0x87 0x7f 0x1d 0x10 0x5c 0xd 0x61 0xca 0x0 0x2d 0x10 0x2c 0x10 0x73 0x0 0x7d 0xc 0xf9 0x2 0x0 0x28 0x65 0x0 0x0 0xaa 0x0 0x43 0x0 0x38 0x0 0x8a 0x0 0x54 0x54 0x54 0x54 0x54 0x54 0x3c 0x2 0x3a 0x2 0x3a 0x2 0x39 0x2 0x3c 0x2 0x3c 0x2 0x3c 0x2 0x3c 0x2 0x25 0x0 0x3 0x86 0x8d 0x88 0x87 0x4d 0x80 0x4f 0x80 0x6e 0x82 0xeb 0x7b 0x51 0x57 0x68 0x81 0x9d 0x8b 0x0 0x0 0x29 0xe8 0x9a 0xec 0x0 0x0 0x0 0x0 0xf3 0x7b 0x92 0x7a 0x0 0xa4 0xa4 0x0 0x8 0x9f 0x5 0x0 0x0
1787980780016,0x1 0x8c 0xd 0x46 0xad 0x87 0x7f 0x1d 0x10 0x5c 0xd 0x60 0xc8 0x0 0xf2 0xf 0xf8 0xf 0x73 0x0 0x8b 0xc 0xf9 0x2 0x0 0x28 0x65 0x0 0x0 0xa3 0x0 0xa4 0x0 0x62 0x0 0x97 0x0 0x54 0x54 0x54 0x54 0x54 0x54 0x2f 0x2 0x3f 0x2 0x30 0x2 0x3b 0x2 0x2c 0x2 0x3b 0x2 0x2c 0x2 0x3b 0x2 0x25 0x0 0x3 0x81 0x8f 0x88 0x87 0x4d 0x80 0x4f 0x80 0x6e 0x82 0xeb 0x7b 0x51 0x57 0x68 0x81 0x30 0x8d 0x0 0x0 0x29 0xe8 0x9a 0xec 0x0 0x0 0x0 0x0 0xf3 0x7b 0x92 0x7a 0x0 0xa4 0xa4 0x0 0x8 0x9f 0x5 0x0 0x0
1787980780241,0x1 0x89 0xd 0x45 0xad 0x87 0x7f 0x1d 0x10 0x5c 0xd 0x60 0xca 0x0 0x16 0x10 0x1e 0x10 0x73 0x0 0x8f 0xc 0xf9 0x2 0x0 0x28 0x65 0x0 0x0 0x5d 0x0 0xaa 0x0 0x66 0x0 0xa0 0x0 0x54 0x54 0x54 0x54 0x54 0x54 0x20 0x2 0x3c 0x2 0x24 0x2 0x3f 0x2 0x27 0x2 0x40 0x2 0x26 0x2 0x40 0x2 0x25 0x0 0x3 0x7c 0x8f 0x88 0x87 0x4d 0x80 0x4f 0x80 0x6e 0x82 0xeb 0x7b 0x50 0x56 0x68 0x81 0x30 0x8d 0x0 0x0 0x29 0xe8 0x9a 0xec 0x0 0x0 0x0 0x0 0xf3 0x7b 0x92 0x7a 0x0 0xa4 0xa4 0x0 0x8 0xcb 0x5 0x0 0x0
1787980780464,0x1 0x8b 0xd 0x45 0xad 0x87 0x7f 0x1d 0x10 0x5c 0xd 0x5f 0xc6 0x0 0xcc 0xf 0xd6 0xf 0x73 0x0 0x89 0xc 0xf9 0x2 0x0 0x28 0x65 0x0 0x0 0x16 0x0 0xa4 0x0 0x39 0x0 0xa6 0x0 0x54 0x54 0x54 0x54 0x54 0x54 0x34 0x2 0x22 0x2 0x39 0x2 0x24 0x2 0x36 0x2 0x1f 0x2 0x34 0x2 0x1d 0x2 0x25 0x0 0x3 0x87 0x83 0x87 0x86 0x4d 0x80 0x4f 0x80 0x6e 0x82 0xeb 0x7b 0x50 0x56 0x67 0x81 0x30 0x8d 0x0 0x0 0x29 0xe8 0x9a 0xec 0x0 0x0 0x0 0x0 0xf3 0x7b 0x92 0x7a 0x0 0xa4 0xa4 0x0 0x8 0xac 0x5 0x0 0x0
1787980780687,0x1 0x8c 0xd 0x46 0xad 0x87 0x7f 0x1d 0x10 0x5c 0xd 0x60 0xcb 0x0 0x2d 0x10 0x15 0x10 0x73 0x0 0x8d 0xc 0xf9 0x2 0x0 0x28 0x65 0x0 0x0 0x18 0x0 0x92 0x0 0x20 0x0 0xa2 0x0 0x54 0x54 0x54 0x54 0x54 0x54 0x45 0x2 0x1c 0x2 0x42 0x2 0x17 0x2 0x44 0x2 0x1c 0x2 0x47 0x2 0x1c 0x2 0x25 0x0 0x3 0x8c 0x7e 0x87 0x86 0x4d 0x80 0x4f 0x80 0x6e 0x82 0xeb 0x7b 0x50 0x56 0x67 0x81 0x30 0x8d 0x0 0x0 0x29 0xe8 0x9a 0xec 0x0 0x0 0x0 0x0 0xf3 0x7b 0x92 0x7a 0x0 0xa4 0xa4 0x0 0x8 0x9f 0x5 0x0 0x0
1787980780913,0x1 0x8b 0xd 0x46 0xad 0x87 0x7f 0x1d 0x10 0x5c 0xd 0x60 0xcc 0x0 0x4b 0x10 0x50 0x10 0x73 0x0 0x85 0xc 0xf9 0x2 0x0 0x28 0x65 0x0 0x0 0x9b 0x0 0x30 0x0 0x2a 0x0 0x99 0x0 0x54 0x54 0x54 0x54 0x54 0x54 0x43 0x2 0x2f 0x2 0x46 0x2 0x2e 0x2 0x44 0x2 0x30 0x2 0x43 0x2 0x2e 0x2 0x25 0x0 0x3 0x87 0x84 0x85 0x85 0x4d 0x80 0x4f 0x80 0x6e 0x82 0xeb 0x7b 0x50 0x56 0x67 0x80 0x30 0x8d 0x0 0x0 0x29 0xe8 0x9a 0xec 0x0 0x0 0x0 0x0 0xf3 0x7b 0x92 0x7a 0x0 0xa4 0xa4 0x0 0x8 0xac 0x5 0x0 0x0
1787980781137,0x1 0x89 0xd 0x46 0xad 0x87 0x7f 0x1d 0x10 0x5c 0xd 0x60 0xc7 0x0 0xd9 0xf 0x4 0x10 0x73 0x0 0x8f 0xc 0xf9 0x2 0x0 0x28 0x65 0x0 0x0 0xa6 0x0 0x17 0x0 0x66 0x0 0x8f 0x0 0x54 0x54 0x54 0x54 0x54 0x54 0x2f 0x2 0x2d 0x2 0x31 0x2 0x30 0x2 0x33 0x2 0x30 0x2 0x31 0x2 0x30 0x2 0x25 0x0 0x3 0x82 0x88 0x85 0x85 0x4d 0x80 0x4f 0x80 0x6e 0x82 0xeb 0x7b 0x4f 0x55 0x67 0x80 0x30 0x8d 0x0 0x0 0x29 0xe8 0x9a 0xec 0x0 0x0 0x0 0x0 0xf3 0x74 0x92 0x7a 0x0 0xa4 0xa4 0x0 0x8 0xcb 0x5 0x0 0x0
1787980781375,0x1 0x8b 0xd 0x45 0xad 0x87 0x7f 0x1d 0x10 0x5c 0xd 0x5f 0xc7 0x0 0xe3 0xf 0xd1 0xf 0x73 0x0 0x87 0xc 0xf9 0x2 0x0 0x28 0x65 0x0 0x0 0x8f 0x0 0x4d 0x0 0x6e 0x0 0x8e 0x0 0x54 0x54 0x54 0x54 0x54 0x54 0x20 0x2 0x32 0x2 0x24 0x2 0x39 0x2 0x22 0x2 0x33 0x2 0x20 0x2 0x33 0x2 0x25 0x0 0x3 0x7d 0x8d 0x85 0x85 0x4d 0x80 0x4f 0x80 0x6e 0x82 0xeb 0x7b 0x4f 0x55 0x66 0x80 0x30 0x8d 0x0 0x0 0x29 0xe8 0x9a 0xec 0x0 0x0 0x0 0x0 0xf3 0x7b 0x92 0x7a 0x0 0xa4 0xa4 0x0 0x8 0xac 0x5 0x0 0x0
1787980781601,0x1 0x8b 0xd 0x45 0xad 0x87 0x7f 0x1d 0x10 0x5c 0xd 0x60 0xcb 0x0 0x2d 0x10 0x31 0x10 0x73 0x0 0x8d 0xc 0xf9 0x2 0x0 0x28 0x65 0x0 0x0 0x17 0x0 0xa4 0x0 0x3f 0x0 0x97 0x0 0x54 0x54 0x54 0x54 0x54 0x54 0x3d 0x2 0x43 0x2 0x3a 0x2 0x43 0x2 0x3e 0x2 0x43 0x2 0x3c 0x2 0x43 0x2 0x25 0x0 0x3 0x85 0x8f 0x85 0x85 0x4d 0x80 0x4f 0x80 0x6e 0x82 0xeb 0x7b 0x4f 0x55 0x66 0x80 0x30 0x8d 0x0 0x0 0x29 0xe8 0x9a 0xec 0x0 0x0 0x0 0x0 0xf3 0x7b 0x92 0x7a 0x0 0xa4 0xa4 0x0 0x8 0xac 0x5 0x0 0x0
1787980781823,0x1 0x8a 0xd 0x45 0xad 0x88 0x7e 0x1d 0x10 0x5c 0xd 0x5f 0xc9 0x0 0xf1 0xf 0xb4 0xf 0x73 0x0 0x9c 0xc 0xf9 0x2 0x0 0x28 0x65 0x0 0x0 0x17 0x0 0xaa 0x0 0x18 0x0 0xa1 0x0 0x54 0x54 0x54 0x54 0x54 0x54 0x34 0x2 0x1f 0x2 0x37 0x2 0x24 0x2 0x35 0x2 0x22 0x2 0x37 0x2 0x23 0x2 0x25 0x0 0x3 0x8a 0x87 0x85 0x85 0x4d 0x80 0x4f 0x80 0x6e 0x82 0xeb 0x7b 0x4f 0x55 0x66 0x7f 0x30 0x8d 0x0 0x0 0x29 0xe8 0x9a 0xec 0x0 0x0 0x0 0x0 0xf3 0x7b 0x92 0x7a 0x0 0xa4 0xa4 0x0 0x8 0xb9 0x5 0x0 0x0
1787980782048,0x1 0x8a 0xd 0x45 0xad 0x88 0x7e 0x1d 0x10 0x5c 0xd 0x60 0xca 0x0 0xd 0x10 0xf4 0xf 0x73 0x0 0x96 0xc 0xf9 0x2 0x0 0x28 0x65 0x0 0x0 0x66 0x0 0xa1 0x0 0x19 0x0 0xa5 0x0 0x54 0x54 0x54 0x54 0x54 0x54 0x46 0x2 0x21 0x2 0x42 0x2 0x1c 0x2 0x44 0x2 0x1f 0x2 0x49 0x2 0x21 0x2 0x25 0x0 0x3 0x8f 0x82 0x85 0x85 0x4d 0x80 0x4f 0x80 0x6e 0x82 0xeb 0x7b 0x4f 0x55 0x66 0x7f 0x30 0x8d 0x0 0x0 0x29 0xe8 0x9a 0xec 0x0 0x0 0x0 0x0 0xf3 0x74 0x92 0x7a 0x0 0xa4 0xa4 0x0 0x8 0xb9 0x5 0x0 0x0
1787980782272,0x1 0x8b 0xd 0x45 0xad 0x88 0x7e 0x1d 0x10 0x5c 0xd 0x5f 0xc6 0x0 0xb6 0xf 0xd3 0xf 0x73 0x0 0x9a 0xc 0xf9 0x2 0x0 0x28 0x65 0x0 0x0 0xaa 0x0 0x97 0x0 0x33 0x0 0xa1 0x0 0x54 0x54 0x54 0x54 0x54 0x54 0x31 0x2 0x15 0x2 0x2e 0x2 0x16 0x2 0x2f 0x2 0x13 0x2 0x2e 0x2 0x13 0x2 0x25 0x0 0x3 0x84 0x7d 0x85 0x85 0x4d 0x80 0x4f 0x80 0x6e 0x82 0xeb 0x7b 0x4e 0x54 0x65 0x7f 0x30 0x8d 0x0 0x0 0x29 0xe8 0x9a 0xec 0x0 0x0 0x0 0x0 0xf3 0x74 0x92 0x7a 0x0 0xa4 0xa4 0x0 0x8 0xac 0x5 0x0 0x0
1787980782496,0x1 0x8b 0xd 0x45 0xad 0x88 0x7e 0x1c 0xf 0x5c 0xd 0x5e 0xc2 0x0 0x6c 0xf 0x72 0xf 0x73 0x0 0x94 0xc 0xf9 0x2 0x0 0x28 0x65 0x0 0x0 0xa2 0x0 0x49 0x0 0x65 0x0 0x9b 0x0 0x54 0x54 0x54 0x54 0x54 0x54 0x1c 0x2 0xfd 0x1 0x19 0x2 0x2 0x2 0x1e 0x2 0x2 0x2 0x19 0x2 0xfe 0x1 0x26 0x0 0x3 0x7f 0x80 0x85 0x85 0x4d 0x80 0x4f 0x80 0x6e 0x82 0xeb 0x7b 0x4e 0x54 0x65 0x7f 0x30 0x8d 0x0 0x0 0x29 0xe8 0x9a 0xec 0x0 0x0 0x0 0x0 0xf3 0x74 0x92 0x7a 0x0 0xa4 0xa4 0x0 0x8 0xac 0x5 0x0 0x0
1787980782736,0x1 0x8b 0xd 0x45 0xad 0x88 0x7e 0x1b 0xe 0x5c 0xd 0x5a 0xb2 0x0 0x56 0xe 0x66 0xe 0x73 0x0 0x6b 0xc 0xf9 0x2 0x0 0x28 0x65 0x0 0x0 0x71 0x0 0x12 0x0 0x68 0x0 0x82 0x0 0x53 0x53 0x53 0x53 0x53 0x53 0xeb 0x1 0xf1 0x1 0xf0 0x1 0xf6 0x1 0xf4 0x1 0xf2 0x1 0xef 0x1 0xf6 0x1 0x26 0x0 0x3 0x76 0x7f 0x80 0x7f 0x4d 0x80 0x4f 0x80 0x6e 0x82 0xeb 0x7b 0x4e 0x54 0x65 0x7f 0x30 0x86 0x0 0x0 0x29 0xe8 0x9a 0xec 0x0 0x0 0x0 0x0 0xf3 0x74 0xb5 0x7f 0x0 0xa4 0xa4 0x0 0x8 0xac 0x5 0x0 0x0
1787980782959,0x1 0x8a 0xd 0x45 0xad 0x88 0x7e 0x14 0x7 0x5c 0xd 0x50 0x8f 0x0 0xbf 0xb 0x1a 0xc 0x73 0x0 0x2d 0xc 0xf9 0x2 0x0 0x28 0x65 0x0 0x0 0x18 0x0 0x1c 0x0 0x42 0x0 0x7c 0x0 0x52 0x52 0x52 0x52 0x52 0x52 0xc9 0x1 0xc4 0x1 0xc0 0x1 0xb7 0x1 0xc8 0x1 0xc5 0x1 0xba 0x1 0xb7 0x1 0x27 0x0 0x3 0x80 0x84 0x80 0x7f 0x4d 0x80 0x4f 0x80 0x6e 0x82 0xeb 0x7b 0x4e 0x54 0x65 0x7e 0x30 0x79 0x0 0x0 0x29 0xe8 0x9a 0xec 0x0 0x0 0x0 0x0 0xf3 0x6f 0xb5 0x7f 0x0 0xa4 0xa4 0x0 0x8 0xb9 0x5 0x0 0x0
1787980783184,0x1 0x8b 0xd 0x45 0xad 0x88 0x7e 0x10 0x4 0x5c 0xd 0x45 0x72 0x0 0xd7 0x9 0xde 0x9 0x73 0x0 0x96 0xb 0xf9 0x2 0x0 0x28 0x65 0x0 0x0 0x95 0x0 0xa7 0x0 0x44 0x0 0x91 0x0 0x53 0x53 0x53 0x53 0x53 0x53 0x78 0x1 0x75 0x1 0x6e 0x1 0x71 0x1 0x77 0x1 0x73 0x1 0x6e 0x1 0x74 0x1 0x28 0x0 0x3 0x7c 0x86 0x7c 0x7f 0x4d 0x80 0x4f 0x80 0x6e 0x82 0xeb 0x7b 0x4c 0x52 0x65 0x7e 0x30 0x73 0x0 0x0 0x29 0xe8 0x9a 0xec 0x0 0x0 0x0 0x0 0xf3 0x6a 0xb5 0x7f 0x0 0xa4 0xa4 0x0 0x8 0xac 0x5 0x0 0x0
1787980783408,0x1 0x8b 0xd 0x45 0xad 0x88 0x7e 0x10 0x4 0x5c 0xd 0x45 0x75 0x0 0xbc 0xa 0x82 0xa 0x73 0x0 0xe6 0xa 0xf9 0x2 0x0 0x28 0x65 0x0 0x0 0xaf 0x0 0xae 0x0 0x83 0x0 0xa3 0x0 0x55 0x55 0x55 0x55 0x55 0x55 0x7e 0x1 0x89 0x1 0x7c 0x1 0x8c 0x1 0x7e 0x1 0x8b 0x1 0x81 0x1 0x8c 0x1 0x27 0x0 0x3 0x78 0x86 0x7c 0x7f 0x4d 0x80 0x4f 0x80 0x6e 0x82 0xeb 0x7b 0x4c 0x52 0x66 0x7e 0x30 0x6b 0x0 0x0 0x29 0xe8 0x9a 0xec 0x0 0x0 0x0 0x0 0xf3 0x64 0xb5 0x7f 0x0 0xa4 0xa4 0x0 0x8 0xac 0x5 0x0 0x0
1787980783632,0x1 0x8a 0xd 0x45 0xad 0x88 0x7e 0x10 0x4 0x5c 0xd 0x43 0x72 0x0 0x19 0xb 0xfe 0xa 0x73 0x0 0x46 0xa 0xf9 0x2 0x0 0x28 0x65 0x0 0x0 0xb0 0x0 0xb1 0x0 0x9f 0x0 0xaf 0x0 0x56 0x56 0x56 0x56 0x56 0x56 0x86 0x1 0x8b 0x1 0x8a 0x1 0x8d 0x1 0x8c 0x1 0x88 0x1 0x8c 0x1 0x8e 0x1 0x27 0x0 0x3 0x74 0x7c 0x7c 0x7d 0x4d 0x80 0x4f 0x80 0x6e 0x82 0xeb 0x7b 0x4c 0x52 0x66 0x7e 0x30 0x63 0x0 0x0 0x29 0xe8 0x9a 0xec 0x0 0x0 0x0 0x0 0xf3 0x5f 0xb5 0x7f 0x0 0xa4 0xa4 0x0 0x8 0xb9 0x5 0x0 0x0
1787980783856,0x1 0x8a 0xd 0x45 0xae 0x88 0x7e 0x10 0x4 0x5c 0xd 0x44 0x70 0x0 0x84 0xb 0x49 0xb 0x73 0x0 0xba 0x9 0xf8 0x2 0x0 0x28 0x65 0x0 0x0 0xad 0x0 0xaf 0x0 0xa3 0x0 0xb2 0x0 0x58 0x58 0x58 0x58 0x58 0x58 0x8c 0x1 0x8e 0x1 0x8d 0x1 0x92 0x1 0x8a 0x1 0x8d 0x1 0x91 0x1 0x92 0x1 0x27 0x0 0x3 0x70 0x78 0x7c 0x7d 0x4d 0x80 0x4f 0x80 0x6e 0x82 0xeb 0x7b 0x4c 0x52 0x66 0x7f 0x30 0x5c 0x0 0x0 0x29 0xe8 0x9a 0xec 0x0 0x0 0x0 0x0 0xf3 0x57 0xb5 0x7f 0x0 0xa4 0xa4 0x0 0x8 0xb9 0x5 0x0 0x0
1787980784078,0x1 0x8b 0xd 0x45 0xae 0x88 0x7e 0x10 0x4 0x5c 0xd 0x40 0x67 0x0 0x35 0xb 0x5b 0xb 0x73 0x0 0x31 0x9 0xf6 0x2 0x0 0x28 0x65 0x0 0x0 0xa4 0x0 0xaa 0x0 0xa1 0x0 0xb1 0x0 0x5a 0x5a 0x5a 0x5a 0x5a 0x5a 0x94 0x1 0x95 0x1 0x92 0x1 0x92 0x1 0x8f 0x1 0x90 0x1 0x8d 0x1 0x90 0x1 0x27 0x0 0x3 0x6d 0x75 0x7c 0x7d 0x4d 0x80 0x4f 0x80 0x6e 0x82 0xeb 0x7b 0x56 0x5d 0x66 0x7f 0xc2 0x54 0x0 0x0 0x29 0xe8 0x9a 0xec 0x0 0x0 0x0 0x0 0xf3 0x53 0xb5 0x7f 0x0 0xa4 0xa4 0x0 0x8 0xac 0x5 0x0 0x0
1787980784304,0x1 0x8c 0xd 0x45 0xae 0x88 0x7e 0x11 0x4 0x5c 0xd 0x3f 0x64 0x0 0x89 0xb 0x8f 0xb 0x73 0x0 0xab 0x8 0xf6 0x2 0x0 0x28 0x65 0x0 0x0 0x97 0x0 0xa1 0x0 0x9e 0x0 0xaf 0x0 0x5c 0x5c 0x5c 0x5c 0x5c 0x5c 0x8d 0x1 0x90 0x1 0x8e 0x1 0x90 0x1 0x8d 0x1 0x92 0x1 0x8d 0x1 0x90 0x1 0x27 0x0 0x3 0x6a 0x72 0x7c 0x7d 0x4d 0x80 0x4f 0x80 0x6e 0x82 0xeb 0x7b 0x56 0x5d 0x67 0x7f 0xc2 0x4c 0x0 0x0 0x29 0xe8 0x9a 0xec 0x0 0x0 0x0 0x0 0xf3 0x4e 0xb5 0x7f 0x0 0xa4 0xa4 0x0 0x8 0x9f 0x5 0x0 0x0
1787980784527,0x1 0x8b 0xd 0x45 0xae 0x88 0x7e 0x10 0x4 0x5c 0xd 0x3d 0x62 0x0 0x1 0xc 0xd0 0xb 0x73 0x0 0x2a 0x8 0xf6 0x2 0x0 0x28 0x65 0x0 0x0 0x3b 0x0 0x9b 0x0 0x9b 0x0 0xab 0x0 0x5d 0x5d 0x5d 0x5d 0x5d 0x5d 0x9d 0x1 0x94 0x1 0x96 0x1 0x8e 0x1 0x9a 0x1 0x90 0x1 0x9f 0x1 0x94 0x1 0x28 0x0 0x3 0x70 0x6f 0x76 0x7d 0x4d 0x80 0x4f 0x80 0x6e 0x82 0xeb 0x7b 0x56 0x5d 0x67 0x7f 0xc2 0x41 0x0 0x0 0x29 0xe8 0x9a 0xec 0x0 0x0 0x0 0x0 0xf3 0x49 0xb5 0x7f 0x0 0xa4 0xa4 0x0 0x8 0xac 0x5 0x0 0x0
1787980784752,0x1 0x8a 0xd 0x44 0xae 0x87 0x7f 0x10 0x4 0x5c 0xd 0x3b 0x5c 0x0 0xce 0xb 0x93 0xb 0x73 0x0 0xcb 0x7 0xf6 0x2 0x0 0x28 0x65 0x0 0x0 0x19 0x0 0x9b 0x0 0x97 0x0 0xa9 0x0 0x5d 0x5d 0x5d 0x5d 0x5d 0x5d 0x9e 0x1 0x8b 0x1 0x9c 0x1 0x88 0x1 0x9a 0x1 0x88 0x1 0x9e 0x1 0x8a 0x1 0x28 0x0 0x3 0x73 0x6c 0x76 0x7d 0x4d 0x80 0x4f 0x80 0x6e 0x82 0xeb 0x7b 0x56 0x5d 0x67 0x80 0xc2 0x38 0x0 0x0 0x29 0xe8 0x9a 0xec 0x0 0x0 0x0 0x0 0xf3 0x44 0xb5 0x7f 0x0 0xa4 0xa4 0x0 0x8 0xb9 0x5 0x0 0x0
1787980784976,0x1 0x8b 0xd 0x44 0xae 0x87 0x7f 0x10 0x4 0x5c 0xd 0x36 0x54 0x0 0x4b 0xb 0x38 0xb 0x73 0x0 0x70 0x7 0xf6 0x2 0x0 0x28 0x65 0x0 0x0 0x17 0x0 0x94 0x0 0x95 0x0 0xa8 0x0 0x5d 0x5d 0x5d 0x5d 0x5d 0x5d 0x9a 0x1 0x81 0x1 0x9a 0x1 0x7e 0x1 0x99 0x1 0x81 0x1 0x99 0x1 0x7f 0x1 0x28 0x0 0x3 0x75 0x6a 0x76 0x7d 0x4d 0x80 0x4f 0x80 0x6e 0x82 0xeb 0x7b 0x56 0x5d 0x67 0x80 0xc2 0x2e 0x0 0x0 0x29 0xe8 0x9a 0xec 0x0 0x0 0x0 0x0 0xf3 0x41 0xb5 0x7f 0x0 0xa4 0xa4 0x0 0x8 0xac 0x5 0x0 0x0
1787980785200,0x1 0x8b 0xd 0x44 0xae 0x87 0x7f 0x10 0x4 0x5c 0xd 0x31 0x4b 0x0 0xab 0xa 0xfd 0xa 0x73 0x0 0x8 0x7 0xf6 0x2 0x0 0x28 0x65 0x0 0x0 0x79 0x0 0x94 0x0 0x93 0x0 0xa7 0x0 0x5e 0x5e 0x5e 0x5e 0x5e 0x5e 0x97 0x1 0x7b 0x1 0x9a 0x1 0x7b 0x1 0x9a 0x1 0x79 0x1 0x97 0x1 0x76 0x1 0x28 0x0 0x3 0x77 0x67 0x76 0x7d 0x4d 0x80 0x4f 0x80 0x6e 0x82 0xeb 0x7b 0x5a 0x61 0x67 0x80 0xc2 0x26 0x0 0x0 0x29 0xe8 0x9a 0xec 0x0 0x0 0x0 0x0 0xf3 0x3e 0xb5 0x7f 0x0 0xa4 0xa4 0x0 0x8 0xac 0x5 0x0 0x0
1787980785423,0x1 0x8a 0xd 0x44 0xae 0x87 0x7f 0x10 0x4 0x5c 0xd 0x2f 0x45 0x0 0x7c 0xa 0x50 0xa 0x73 0x0 0x95 0x6 0xf6 0x2 0x0 0x28 0x65 0x0 0x0 0xaa 0x0 0x99 0x0 0x96 0x0 0xa7 0x0 0x5f 0x5f 0x5f 0x5f 0x5f 0x5f 0x78 0x1 0x64 0x1 0x79 0x1 0x65 0x1 0x79 0x1 0x63 0x1 0x79 0x1 0x64 0x1 0x29 0x0 0x3 0x6e 0x65 0x70 0x7d 0x4d 0x80 0x4f 0x80 0x6e 0x82 0xeb 0x7b 0x5a 0x61 0x68 0x80 0xc2 0x1d 0x0 0x0 0x29 0xe8 0x9a 0xec 0x0 0x0 0x0 0x0 0xf3 0x3a 0xb5 0x7f 0x0 0xa4 0xa4 0x0 0x8 0xb9 0x5 0x0 0x0
1787980785646,0x1 0x8a 0xd 0x44 0xae 0x87 0x7f 0x10 0x4 0x5c 0xd 0x2a 0x3e 0x0 0x6a 0xa 0x54 0xa 0x73 0x0 0xf4 0x5 0xf6 0x2 0x0 0x28 0x65 0x0 0x0 0xaa 0x0 0x92 0x0 0x9c 0x0 0xa8 0x0 0x61 0x61 0x61 0x61 0x61 0x61 0x7a 0x1 0x66 0x1 0x7b 0x1 0x65 0x1 0x79 0x1 0x65 0x1 0x7b 0x1 0x66 0x1 0x2a 0x0 0x3 0x6c 0x63 0x70 0x7d 0x4d 0x80 0x4f 0x80 0x6e 0x82 0xeb 0x7b 0x5a 0x61 0x68 0x80 0xc2 0x1a 0x0 0x0 0x29 0xe8 0x9a 0xec 0x0 0x0 0x0 0x0 0xf3 0x34 0xb5 0x7f 0x0 0xa4 0xa4 0x0 0x8 0xb9 0x5 0x0 0x0
1787980785870,0x1 0x8b 0xd 0x44 0xae 0x87 0x7f 0x10 0x4 0x5c 0xd 0x29 0x3d 0x0 0x1f 0xb 0xe9 0xa 0x73 0x0 0x7c 0x5 0xf6 0x2 0x0 0x28 0x65 0x0 0x0 0xac 0x0 0x9e 0x0 0xa0 0x0 0xa9 0x0 0x62 0x62 0x62 0x62 0x62 0x62 0x8c 0x1 0x6d 0x1 0x84 0x1 0x70 0x1 0x8a 0x1 0x75 0x1 0x8c 0x1 0x76 0x1 0x2b 0x0 0x3 0x6b 0x61 0x70 0x7d 0x4d 0x80 0x4f 0x80 0x6e 0x82 0xeb 0x7b 0x5a 0x61 0x68 0x81 0xc2 0x19 0x0 0x0 0x29 0xe8 0x9a 0xec 0x0 0x0 0x0 0x0 0xf3 0x2d 0xb5 0x7f 0x0 0xa4 0xa4 0x0 0x8 0xac 0x5 0x0 0x0
1787980786094,0x1 0x8c 0xd 0x44 0xae 0x87 0x7f 0x11 0x4 0x5c 0xd 0x27 0x39 0x0 0x2e 0xb 0x28 0xb 0x73 0x0 0x19 0x5 0xf6 0x2 0x0 0x28 0x65 0x0 0x0 0xa4 0x0 0x8e 0x0 0xa1 0x0 0xa9 0x0 0x63 0x63 0x63 0x63 0x63 0x63 0x95 0x1 0x7e 0x1 0x94 0x1 0x7e 0x1 0x93 0x1 0x7e 0x1 0x94 0x1 0x7e 0x1 0x2c 0x0 0x3 0x69 0x60 0x70 0x7d 0x4d 0x80 0x4f 0x80 0x6e 0x82 0xeb 0x7b 0x5a 0x61 0x68 0x81 0xc2 0x18 0x0 0x0 0x29 0xe8 0x9a 0xec 0x0 0x0 0x0 0x0 0xf3 0x27 0xb5 0x7f 0x0 0xa4 0xa4 0x0 0x8 0x9f 0x5 0x0 0x0
1787980786318,0x1 0x8c 0xd 0x44 0xae 0x87 0x7f 0x10 0x4 0x5c 0xd 0x26 0x38 0x0 0xbb 0xb 0xd9 0xb 0x73 0x0 0xc6 0x4 0xf6 0x2 0x0 0x28 0x65 0x0 0x0 0x97 0x0 0x31 0x0 0xa0 0x0 0xa9 0x0 0x65 0x65 0x65 0x65 0x65 0x65 0xa4 0x1 0x9a 0x1 0xa6 0x1 0x9d 0x1 0xa7 0x1 0x9d 0x1 0xa7 0x1 0x9d 0x1 0x2c 0x0 0x3 0x67 0x67 0x70 0x73 0x4d 0x80 0x4f 0x80 0x6e 0x82 0xeb 0x7b 0x5a 0x61 0x69 0x81 0xc2 0x16 0x0 0x0 0x29 0xe8 0x9a 0xec 0x0 0x0 0x0 0x0 0xf3 0x21 0xb5 0x7f 0x0 0xa4 0xa4 0x0 0x8 0x9f 0x5 0x0 0x0
1787980786543,0x1 0x8a 0xd 0x44 0xae 0x87 0x7f 0xe 0x1 0x5c 0xd 0x22 0x32 0x0 0xe5 0xa 0x74 0xb 0x73 0x0 0x97 0x4 0xf6 0x2 0x0 0x28 0x65 0x0 0x0 0x7d 0x0 0x17 0x0 0x9e 0x0 0xa7 0x0 0x67 0x67 0x67 0x67 0x67 0x67 0x9c 0x1 0x97 0x1 0xaa 0x1 0xa0 0x1 0xa2 0x1 0x98 0x1 0x9c 0x1 0x97 0x1 0x2e 0x0 0x3 0x66 0x69 0x70 0x73 0x4d 0x80 0x4f 0x80 0x6e 0x82 0xeb 0x7b 0x5a 0x61 0x69 0x81 0xc2 0x20 0x0 0x0 0x29 0xe8 0x9a 0xec 0x0 0x0 0x0 0x0 0xf3 0x1f 0xb5 0x7f 0x0 0xa4 0xa4 0x0 0x4 0xb9 0x5 0x0 0x0
1787980786765,0x1 0x8b 0xd 0x44 0xae 0x87 0x7f 0xd 0x1 0x5c 0xd 0x20 0x31 0x0 0x2c 0xb 0x77 0xb 0x73 0x0 0x63 0x4 0xf6 0x2 0x0 0x28 0x65 0x0 0x0 0x3c 0x0 0x12 0x0 0x9c 0x0 0xa5 0x0 0x6a 0x6a 0x6a 0x6a 0x6a 0x6a 0xaa 0x1 0x9c 0x1 0x9a 0x1 0x9a 0x1 0xaa 0x1 0x9d 0x1 0xaa 0x1 0x9c 0x1 0x2e 0x0 0x3 0x6e 0x6a 0x6f 0x73 0x4d 0x80 0x4f 0x80 0x6e 0x82 0xeb 0x7b 0x5a 0x61 0x69 0x82 0x2c 0x1e 0x6a 0x0 0x29 0xe8 0x9a 0xec 0x0 0x0 0x0 0x0 0xf3 0x1b 0xb5 0x7f 0x0 0xa4 0xa4 0x0 0x4 0xac 0x5 0x0 0x0
1787980786991,0x1 0x8c 0xd 0x44 0xae 0x87 0x7f 0xd 0x1 0x5c 0xd 0x1f 0x30 0x0 0x5b 0xb 0x71 0xb 0x73 0x0 0x3a 0x4 0xf6 0x2 0x0 0x28 0x65 0x0 0x0 0x23 0x0 0x10 0x0 0x9a 0x0 0xa4 0x0 0x6d 0x6d 0x6d 0x6d 0x6d 0x6d 0xad 0x1 0xa0 0x1 0xad 0x1 0x9f 0x1 0xad 0x1 0x9f 0x1 0xae 0x1 0xa0 0x1 0x30 0x0 0x3 0x74 0x71 0x74 0x78 0x4d 0x80 0x4f 0x80 0x6e 0x82 0xeb 0x7b 0x5a 0x61 0x69 0x82 0x4c 0x1b 0x8a 0xff 0x29 0xe8 0x9a 0xec 0x0 0x0 0x0 0x0 0xf3 0x19 0x65 0x7a 0x0 0xa4 0xa4 0x0 0x4 0x9f 0x5 0x0 0x0
1787980787215,0x1 0x8b 0xd 0x44 0xae 0x86 0x7f 0xd 0x1 0x7d 0xd 0x1e 0x2f 0x0 0xa0 0xb 0x7c 0xb 0x73 0x0 0xb 0x4 0xf6 0x2 0x0 0x28 0x65 0x0 0x0 0x12 0x0 0xd 0x0 0x99 0x0 0xa3 0x0 0x71 0x71 0x71 0x71 0x71 0x71 0xb2 0x1 0xa6 0x1 0xaf 0x1 0xa2 0x1 0xb0 0x1 0xa4 0x1 0xb4 0x1 0xa6 0x1 0x30 0x0 0x3 0x76 0x72 0x74 0x78 0x4d 0x80 0x4f 0x80 0x6e 0x82 0xeb 0x7b 0x5a 0x61 0x69 0x82 0xf2 0x18 0x30 0xff 0x29 0xe8 0x9a 0xec 0x0 0x0 0x0 0x0 0xf3 0x15 0x65 0x7a 0x0 0xa4 0xa4 0x0 0x4 0xac 0x5 0x0 0x0
1787980787437,0x1 0x89 0xd 0x44 0xae 0x86 0x7f 0xd 0x1 0x7d 0xd 0x1e 0x2d 0x0 0xcb 0xb 0x82 0xb 0x73 0x0 0xd1 0x3 0xf6 0x2 0x0 0x28 0x65 0x0 0x0 0xd 0x0 0xc 0x0 0x97 0x0 0xa2 0x0 0x74 0x74 0x74 0x74 0x74 0x74 0xba 0x1 0xa7 0x1 0xb6 0x1 0xa7 0x1 0xb8 0x1 0xab 0x1 0xba 0x1 0xac 0x1 0x32 0x0 0x3 0x77 0x73 0x74 0x78 0x4d 0x80 0x4f 0x80 0x6e 0x82 0xeb 0x7b 0x5a 0x61 0x6a 0x82 0x4c 0x17 0x8a 0xff 0x29 0xe8 0x9a 0xec 0x0 0x0 0x0 0x0 0xf3 0x13 0x65 0x7a 0x0 0xa4 0xa4 0x0 0x4 0xcb 0x5 0x0 0x0
1787980787662,0x1 0x8b 0xd 0x44 0xae 0x86 0x7f 0xd 0x1 0x7d 0xd 0x1c 0x2c 0x0 0x2d 0xc 0xcd 0xb 0x73 0x0 0x9d 0x3 0xf6 0x2 0x0 0x28 0x65 0x0 0x0 0xd 0x0 0xc 0x0 0x96 0x0 0xa1 0x0 0x76 0x76 0x76 0x76 0x76 0x76 0xc4 0x1 0xb7 0x1 0xc6 0x1 0xba 0x1 0xca 0x1 0xbd 0x1 0xcb 0x1 0xbd 0x1 0x34 0x0 0x3 0x78 0x75 0x74 0x78 0x4d 0x80 0x4f 0x80 0x6e 0x82 0xeb 0x7b 0x5a 0x61 0x6a 0x82 0xec 0x16 0x2a 0x0 0x29 0xe8 0x9a 0xec 0x0 0x0 0x0 0x0 0xf3 0xf 0x65 0x7a 0x0 0xa4 0xa4 0x0 0x4 0xac 0x5 0x0 0x0
1787980787887,0x1 0x8b 0xd 0x44 0xae 0x86 0x7f 0xd 0x1 0x7d 0xd 0x1a 0x29 0x0 0xa0 0xb 0xe2 0xb 0x73 0x0 0x87 0x3 0xf6 0x2 0x0 0x28 0x65 0x0 0x0 0xf 0x0 0xe 0x0 0x95 0x0 0x9f 0x0 0x79 0x79 0x79 0x79 0x79 0x79 0xd4 0x1 0xc6 0x1 0xd4 0x1 0xc6 0x1 0xd2 0x1 0xc5 0x1 0xd4 0x1 0xc6 0x1 0x34 0x0 0x3 0x7f 0x7b 0x79 0x7e 0x4d 0x80 0x4f 0x80 0x6e 0x82 0xeb 0x7b 0x5a 0x61 0x6a 0x83 0xa0 0x14 0xde 0xfe 0x29 0xe8 0x9a 0xec 0x0 0x0 0x0 0x0 0xf3 0xf 0xe3 0x75 0x0 0xa4 0xa4 0x0 0x4 0xac 0x5 0x0 0x0
1787980788127,0x1 0x8c 0xd 0x44 0xae 0x86 0x7f 0xd 0x1 0x97 0xd 0x1a 0x29 0x0 0xd5 0xb 0xdf 0xb 0x73 0x0 0x77 0x3 0xf6 0x2 0x0 0x28 0x65 0x0 0x0 0x13 0x0 0x10 0x0 0x94 0x0 0x9f 0x0 0x7c 0x7c 0x7c 0x7c 0x7c 0x7c 0xda 0x1 0xcc 0x1 0xda 0x1 0xcb 0x1 0xda 0x1 0xcc 0x1 0xda 0x1 0xcc 0x1 0x34 0x0 0x3 0x80 0x7d 0x79 0x7e 0x4d 0x80 0x4f 0x80 0x6e 0x82 0xeb 0x7b 0x5a 0x61 0x6a 0x83 0xfc 0x13 0x3a 0xfe 0x29 0xe8 0x9a 0xec 0x0 0x0 0x0 0x0 0xf3 0xd 0xe3 0x75 0x0 0xa4 0xa4 0x0 0x4 0x9f 0x5 0x0 0x0
1787980788351,0x1 0x8a 0xd 0x43 0xaf 0x86 0x7f 0xd 0x1 0x97 0xd 0x19 0x28 0x0 0xc2 0xb 0xde 0xb 0x73 0x0 0x67 0x3 0xf5 0x2 0x0 0x28 0x65 0x0 0x0 0x14 0x0 0x12 0x0 0x92 0x0 0x9e 0x0 0x7f 0x7f 0x7f 0x7f 0x7f 0x7f 0xde 0x1 0xcf 0x1 0xde 0x1 0xd0 0x1 0xe1 0x1 0xd2 0x1 0xde 0x1 0xd0 0x1 0x34 0x0 0x3 0x82 0x7e 0x79 0x7e 0x4d 0x80 0x4f 0x80 0x6e 0x82 0xeb 0x7b 0x5a 0x61 0x6b 0x83 0x1 0x13 0xac 0xfd 0x29 0xe8 0x9a 0xec 0x0 0x0 0x0 0x0 0xf3 0xd 0xe3 0x75 0x0 0xa4 0xa4 0x0 0x4 0xb9 0x5 0x0 0x0
1787980788575,0x1 0x8b 0xd 0x43 0xaf 0x86 0x7f 0xd 0x1 0x97 0xd 0x19 0x28 0x0 0xf3 0xb 0xd9 0xb 0x73 0x0 0x59 0x3 0xf5 0x2 0x0 0x28 0x65 0x0 0x0 0x11 0x0 0x12 0x0 0x92 0x0 0x9d 0x0 0x81 0x81 0x81 0x81 0x81 0x81 0xde 0x1 0xd1 0x1 0xdf 0x1 0xd2 0x1 0xe3 0x1 0xce 0x1 0xe3 0x1 0xd4 0x1 0x34 0x0 0x3 0x83 0x7f 0x79 0x7e 0x4d 0x80 0x4f 0x80 0x6e 0x82 0xeb 0x7b 0x5a 0x61 0x6b 0x83 0x85 0x13 0x30 0xfe 0x29 0xe8 0x9a 0xec 0x0 0x0 0x0 0x0 0xf3 0xd 0xe3 0x75 0x0 0xa4 0xa4 0x0 0x4 0xac 0x5 0x0 0x0
1787980788797,0x1 0x8b 0xd 0x43 0xaf 0x86 0x7f 0xd 0x1 0x97 0xd 0x19 0x28 0x0 0xf3 0xb 0xc 0xc 0x73 0x0 0x59 0x3 0xf5 0x2 0x0 0x28 0x65 0x0 0x0 0x10 0x0 0x13 0x0 0x91 0x0 0x9c 0x0 0x84 0x84 0x84 0x84 0x84 0x84 0xeb 0x1 0xdc 0x1 0xe4 0x1 0xda 0x1 0xe9 0x1 0xda 0x1 0xea 0x1 0xdc 0x1 0x33 0x0 0x3 0x84 0x81 0x79 0x7e 0x4d 0x80 0x4f 0x80 0x6e 0x82 0xeb 0x7b 0x5a 0x61 0x6b 0x84 0x29 0x13 0xd4 0xfd 0x29 0xe8 0x9a 0xec 0x0 0x0 0x0 0x0 0xf3 0xd 0xe3 0x75 0x0 0xa4 0xa4 0x0 0x4 0xac 0x5 0x0 0x0
1787980789021,0x1 0x8b 0xd 0x43 0xaf 0x86 0x7f 0xd 0x1 0x97 0xd 0x19 0x28 0x0 0x34 0xc 0x11 0xc 0x73 0x0 0x47 0x3 0xf5 0x2 0x0 0x28 0x65 0x0 0x0 0x11 0x0 0x15 0x0 0x90 0x0 0x9c 0x0 0x86 0x86 0x86 0x86 0x86 0x86 0xea 0x1 0xdc 0x1 0xec 0x1 0xdf 0x1 0xf1 0x1 0xdd 0x1 0xf1 0x1 0xe3 0x1 0x33 0x0 0x3 0x86 0x82 0x79 0x7e 0x4d 0x80 0x4f 0x80 0x6e 0x82 0xeb 0x7b 0x5a 0x61 0x6b 0x84 0xcd 0x12 0x78 0xfd 0x29 0xe8 0x9a 0xec 0x0 0x0 0x0 0x0 0xf3 0xd 0xe3 0x75 0x0 0xa4 0xa4 0x0 0x4 0xac 0x5 0x0 0x0
1787980789246,0x1 0x8a 0xd 0x43 0xaf 0x86 0x7f 0xd 0x1 0xac 0xd 0x19 0x27 0x0 0x0 0xc 0x22 0xc 0x73 0x0 0x40 0x3 0xf5 0x2 0x0 0x28 0x65 0x0 0x0 0x13 0x0 0x1c 0x0 0x90 0x0 0x9c 0x0 0x89 0x89 0x89 0x89 0x89 0x89 0xf5 0x1 0xe8 0x1 0xf6 0x1 0xe3 0x1 0xf4 0x1 0xe6 0x1 0xf6 0x1 0xe7 0x1 0x33 0x0 0x3 0x87 0x83 0x79 0x7e 0x4d 0x80 0x4f 0x80 0x6e 0x82 0xeb 0x7b 0x5d 0x63 0x6b 0x84 0x89 0x12 0x34 0xfd 0x29 0xe8 0x9a 0xec 0x0 0x0 0x0 0x0 0xf3 0xd 0xe3 0x75 0x0 0xa4 0xa4 0x0 0x4 0xb9 0x5 0x0 0x0
1787980789469,0x1 0x8a 0xd 0x43 0xaf 0x86 0x7f 0xd 0x1 0xac 0xd 0x19 0x27 0x0 0x7 0xc 0x15 0xc 0x73 0x0 0x3e 0x3 0xf5 0x2 0x0 0x28 0x65 0x0 0x0 0x19 0x0 0x61 0x0 0x90 0x0 0x9b 0x0 0x8b 0x8b 0x8b 0x8b 0x8b 0x8b 0xf9 0x1 0xe9 0x1 0xf7 0x1 0xe9 0x1 0xf9 0x1 0xe9 0x1 0xf8 0x1 0xe9 0x1 0x33 0x0 0x3 0x88 0x85 0x79 0x7e 0x4d 0x80 0x4f 0x80 0x6e 0x82 0xeb 0x7b 0x5d 0x63 0x6c 0x84 0x49 0x12 0xf4 0xfc 0x29 0xe8 0x9a 0xec 0x0 0x0 0x0 0x0 0xf3 0xc 0xe3 0x75 0x0 0xa4 0xa4 0x0 0x4 0xb9 0x5 0x0 0x0
1787980789693,0x1 0x8b 0xd 0x43 0xaf 0x86 0x7f 0xd 0x1 0xac 0xd 0x18 0x27 0x0 0x31 0xc 0x31 0xc 0x73 0x0 0x33 0x3 0xf5 0x2 0x0 0x28 0x65 0x0 0x0 0x59 0x0 0x90 0x0 0x8f 0x0 0x9b 0x0 0x8e 0x8e 0x8e 0x8e 0x8e 0x8e 0xfe 0x1 0xef 0x1 0xfe 0x1 0xef 0x1 0xff 0x1 0xee 0x1 0xfe 0x1 0xee 0x1 0x33 0x0 0x3 0x8a 0x85 0x79 0x7e 0x4d 0x80 0x4f 0x80 0x6e 0x82 0xeb 0x7b 0x5d 0x63 0x6c 0x84 0x15 0x12 0xc0 0xfc 0x29 0xe8 0x9a 0xec 0x0 0x0 0x0 0x0 0xf3 0xc 0xe3 0x75 0x0 0xa4 0xa4 0x0 0x4 0xac 0x5 0x0 0x0
1787980789918,0x1 0x8b 0xd 0x43 0xaf 0x86 0x7f 0xd 0x1 0xac 0xd 0x18 0x27 0x0 0x63 0xc 0x3d 0xc 0x73 0x0 0x26 0x3 0xf5 0x2 0x0 0x28 0x65 0x0 0x0 0x8f 0x0 0xa1 0x0 0x8f 0x0 0x9b 0x0 0x90 0x90 0x90 0x90 0x90 0x90 0x2 0x2 0xe2 0x1 0xf3 0x1 0xe2 0x1 0xf6 0x1 0xe4 0x1 0xf7 0x1 0xe4 0x1 0x33 0x0 0x3 0x82 0x7c 0x7d 0x77 0x4d 0x80 0x4f 0x80 0x6e 0x82 0xeb 0x7b 0x5d 0x63 0x6c 0x83 0xf7 0x11 0xa2 0xfc 0x29 0xe8 0x9a 0xec 0x0 0x0 0x0 0x0 0xf3 0xc 0xe3 0x75 0x0 0xa4 0xa4 0x0 0x4 0xac 0x5 0x0 0x0
1787980790142,0x1 0x89 0xd 0x43 0xaf 0x86 0x7f 0xd 0x1 0xbd 0xd 0x18 0x27 0x0 0xa3 0xc 0x72 0xc 0x73 0x0 0x16 0x3 0xf5 0x2 0x0 0x28 0x65 0x0 0x0 0xa2 0x0 0xa5 0x0 0x90 0x0 0x9c 0x0 0x93 0x93 0x93 0x93 0x93 0x93 0xfb 0x1 0xe9 0x1 0xfa 0x1 0xea 0x1 0xfa 0x1 0xe8 0x1 0xfc 0x1 0xea 0x1 0x33 0x0 0x3 0x81 0x7b 0x7d 0x77 0x4d 0x80 0x4f 0x80 0x6e 0x82 0xeb 0x7b 0x60 0x67 0x6c 0x83 0xdd 0x11 0x88 0xfc 0x29 0xe8 0x9a 0xec 0x0 0x0 0x0 0x0 0xf3 0xc 0xe3 0x75 0x0 0xa4 0xa4 0x0 0x4 0xcb 0x5 0x0 0x0
1787980790365,0x1 0x8a 0xd 0x43 0xaf 0x86 0x7f 0xd 0x1 0xbd 0xd 0x18 0x27 0x0 0xc4 0xc 0xb4 0xc 0x73 0x0 0xe 0x3 0xf5 0x2 0x0 0x28 0x65 0x0 0x0 0xa6 0x0 0xa4 0x0 0x92 0x0 0x9d 0x0 0x95 0x95 0x95 0x95 0x95 0x95 0xff 0x1 0xee 0x1 0x1 0x2 0xf1 0x1 0x6 0x2 0xf3 0x1 0x6 0x2 0xf3 0x1 0x33 0x0 0x3 0x7f 0x7a 0x7d 0x77 0x4d 0x80 0x4f 0x80 0x6e 0x82 0xeb 0x7b 0x60 0x67 0x6d 0x83 0xcd 0x11 0x78 0xfc 0x29 0xe8 0x9a 0xec 0x0 0x0 0x0 0x0 0xf3 0xc 0xe3 0x75 0x0 0xa4 0xa4 0x0 0x4 0xb9 0x5 0x0 0x0
1787980790590,0x1 0x8c 0xd 0x43 0xaf 0x86 0x7f 0xd 0x1 0xbd 0xd 0x18 0x27 0x0 0xef 0xc 0xcd 0xc 0x73 0x0 0x4 0x3 0xf5 0x2 0x0 0x28 0x65 0x0 0x0 0xa5 0x0 0x9f 0x0 0x94 0x0 0x9f 0x0 0x97 0x97 0x97 0x97 0x97 0x97 0x7 0x2 0xf4 0x1 0x8 0x2 0xf0 0x1 0x3 0x2 0xf2 0x1 0x8 0x2 0xf5 0x1 0x33 0x0 0x3 0x7e 0x78 0x7d 0x77 0x4d 0x80 0x4f 0x80 0x6e 0x82 0xeb 0x7b 0x60 0x67 0x6d 0x83 0xc1 0x11 0x6c 0xfc 0x29 0xe8 0x9a 0xec 0x0 0x0 0x0 0x0 0xf3 0xc 0xe3 0x75 0x0 0xa4 0xa4 0x0 0x4 0x9f 0x5 0x0 0x0
1787980790813,0x1 0x8c 0xd 0x43 0xaf 0x86 0x7f 0xd 0x1 0xbd 0xd 0x18 0x27 0x0 0x2c 0xd 0x6 0xd 0x73 0x0 0xf6 0x2 0xf5 0x2 0x0 0x28 0x65 0x0 0x0 0xa4 0x0 0x9c 0x0 0x95 0x0 0xa1 0x0 0x99 0x99 0x99 0x99 0x99 0x99 0xf 0x2 0xf9 0x1 0xd 0x2 0xfa 0x1 0x10 0x2 0xfa 0x1 0x10 0x2 0xfd 0x1 0x33 0x0 0x3 0x7d 0x77 0x7d 0x77 0x4d 0x80 0x4f 0x80 0x6e 0x82 0xeb 0x7b 0x60 0x67 0x6d 0x82 0xbd 0x11 0x68 0xfc 0x29 0xe8 0x9a 0xec 0x0 0x0 0x0 0x0 0xf3 0xb 0xe3 0x75 0x0 0xa4 0xa4 0x0 0x4 0x9f 0x5 0x0 0x0
1787980791036,0x1 0x89 0xd 0x43 0xaf 0x86 0x7f 0xe 0x1 0xbd 0xd 0x19 0x28 0x0 0x51 0xd 0x24 0xd 0x73 0x0 0x1 0x3 0xf5 0x2 0x0 0x28 0x65 0x0 0x0 0xa1 0x0 0x98 0x0 0x97 0x0 0xa2 0x0 0x9c 0x9c 0x9c 0x9c 0x9c 0x9c 0xf 0x2 0xfc 0x1 0xe 0x2 0xfc 0x1 0x10 0x2 0xfd 0x1 0x10 0x2 0xfc 0x1 0x33 0x0 0x3 0x7b 0x76 0x7d 0x77 0x4d 0x80 0x4f 0x80 0x6e 0x82 0xeb 0x7b 0x60 0x67 0x6d 0x82 0xbb 0x11 0x66 0xfc 0x29 0xe8 0x9a 0xec 0x0 0x0 0x0 0x0 0xf3 0xb 0xe3 0x75 0x0 0xa4 0xa4 0x0 0x4 0xcb 0x5 0x0 0x0
1787980791262,0x1 0x89 0xd 0x42 0xaf 0x85 0x80 0xf 0x2 0xca 0xd 0x1d 0x2c 0x0 0xe1 0xe 0xca 0xd 0x73 0x0 0xf5 0x2 0xf5 0x2 0x0 0x28 0x65 0x0 0x0 0x9d 0x0 0x8e 0x0 0x97 0x0 0xa3 0x0 0x9e 0x9e 0x9e 0x9e 0x9e 0x9e 0x12 0x2 0x2 0x2 0x1a 0x2 0xf 0x2 0x11 0x2 0xfe 0x1 0x24 0x2 0xf 0x2 0x33 0x0 0x3 0x7a 0x74 0x7d 0x77 0x4d 0x80 0x4f 0x80 0x6e 0x82 0xeb 0x7b 0x5f 0x66 0x6c 0x82 0xb7 0x11 0x62 0xfc 0x29 0xe8 0x9a 0xec 0x0 0x0 0x0 0x0 0xf3 0xb 0xe3 0x75 0x0 0xa4 0xa4 0x0 0x4 0xcb 0x5 0x0 0x0
1787980791485,0x1 0x8b 0xd 0x42 0xaf 0x85 0x80 0x10 0x3 0xca 0xd 0x1f 0x30 0x0 0xfb 0xf 0x9c 0xf 0x73 0x0 0x1 0x3 0xf5 0x2 0x0 0x28 0x65 0x0 0x0 0x97 0x0 0x4e 0x0 0x97 0x0 0xa3 0x0 0x97 0x97 0x97 0x97 0x97 0x97 0x59 0x2 0x2a 0x2 0x45 0x2 0x36 0x2 0x56 0x2 0x41 0x2 0x59 0x2 0x41 0x2 0x33 0x0 0x3 0x79 0x73 0x7d 0x77 0x4d 0x80 0x4f 0x80 0x6e 0x82 0xeb 0x7b 0x5f 0x66 0x6c 0x82 0xbb 0xd 0x66 0xfd 0x29 0xe8 0x9a 0xec 0x0 0x0 0x0 0x0 0xf3 0xb 0xe3 0x75 0x0 0xa4 0xa4 0x0 0x8 0xac 0x5 0x0 0x0
1787980791709,0x1 0x8b 0xd 0x42 0xaf 0x85 0x80 0x10 0x3 0xca 0xd 0x21 0x30 0x0 0x86 0xe 0xd 0xf 0x73 0x0 0x4e 0x3 0xf5 0x2 0x0 0x28 0x65 0x0 0x0 0x6a 0x0 0x23 0x0 0x96 0x0 0xa3 0x0 0x84 0x84 0x84 0x84 0x84 0x84 0x41 0x2 0x37 0x2 0x35 0x2 0x2e 0x2 0x49 0x2 0x40 0x2 0x31 0x2 0x2e 0x2 0x33 0x0 0x3 0x77 0x7c 0x7d 0x7c 0x4d 0x80 0x4f 0x80 0x6e 0x82 0xeb 0x7b 0x5f 0x66 0x6c 0x82 0x55 0x10 0x0 0x0 0x29 0xe8 0x9a 0xec 0x0 0x0 0x0 0x0 0xf3 0xc 0xe3 0x75 0x0 0xa4 0xa4 0x0 0x8 0xac 0x5 0x0 0x0
1787980791934,0x1 0x8a 0xd 0x42 0xaf 0x85 0x80 0x10 0x3 0xca 0xd 0x1f 0x2f 0x0 0xd7 0xc 0xbd 0xd 0x73 0x0 0xa9 0x3 0xf5 0x2 0x0 0x28 0x65 0x0 0x0 0x1f 0x0 0x14 0x0 0x95 0x0 0xa3 0x0 0x74 0x74 0x74 0x74 0x74 0x74 0xa 0x2 0xf6 0x1 0x20 0x2 0xc 0x2 0x16 0x2 0x2 0x2 0x4 0x2 0xf6 0x1 0x32 0x0 0x3 0x7f 0x7d 0x80 0x7c 0x4d 0x80 0x4f 0x80 0x6e 0x82 0xeb 0x7b 0x5f 0x66 0x6c 0x83 0x55 0x11 0x0 0x0 0x29 0xe8 0x9a 0xec 0x0 0x0 0x0 0x0 0xf3 0xf 0xe3 0x75 0x0 0xa4 0xa4 0x0 0x8 0xb9 0x5 0x0 0x0
1787980792158,0x1 0x8a 0xd 0x42 0xb0 0x85 0x80 0x10 0x3 0xca 0xd 0x21 0x32 0x0 0x10 0xd 0xa 0xd 0x73 0x0 0xd4 0x3 0xf5 0x2 0x0 0x28 0x65 0x0 0x0 0x10 0x0 0x11 0x0 0x93 0x0 0xa1 0x0 0x6e 0x6e 0x6e 0x6e 0x6e 0x6e 0xe9 0x1 0xe5 0x1 0xef 0x1 0xe1 0x1 0xeb 0x1 0xdc 0x1 0xe9 0x1 0xdc 0x1 0x31 0x0 0x3 0x81 0x7e 0x80 0x7c 0x4d 0x80 0x4f 0x80 0x6e 0x82 0xeb 0x7b 0x60 0x67 0x6c 0x83 0x55 0x12 0x0 0x0 0x29 0xe8 0x9a 0xec 0x0 0x0 0x0 0x0 0xf3 0x12 0xe3 0x75 0x0 0xa4 0xa4 0x0 0x8 0xb9 0x5 0x0 0x0
1787980792380,0x1 0x8b 0xd 0x42 0xb0 0x85 0x80 0x11 0x4 0xca 0xd 0x24 0x35 0x0 0x7d 0xd 0x31 0xd 0x73 0x0 0xee 0x3 0xf4 0x2 0x0 0x28 0x65 0x0 0x0 0xc 0x0 0xc 0x0 0x91 0x0 0xa0 0x0 0x6c 0x6c 0x6c 0x6c 0x6c 0x6c 0xea 0x1 0xdb 0x1 0xe8 0x1 0xdb 0x1 0xe9 0x1 0xdd 0x1 0xea 0x1 0xdd 0x1 0x31 0x0 0x3 0x82 0x7f 0x80 0x7c 0x4d 0x80 0x4f 0x80 0x6e 0x82 0xeb 0x7b 0x60 0x67 0x6d 0x83 0xe8 0x12 0x0 0x0 0x29 0xe8 0x9a 0xec 0x0 0x0 0x0 0x0 0xf3 0x13 0xe3 0x75 0x0 0xa4 0xa4 0x0 0x8 0xac 0x5 0x0 0x0
1787980792606,0x1 0x8b 0xd 0x42 0xb0 0x85 0x80 0x18 0xa 0xca 0xd 0x3b 0x59 0x0 0x46 0x16 0x12 0x12 0x73 0x0 0xff 0x3 0xf4 0x2 0x0 0x28 0x65 0x0 0x0 0xa 0x0 0xa 0x0 0x8b 0x0 0x99 0x0 0x70 0x70 0x70 0x70 0x70 0x70 0x21 0x2 0x24 0x2 0x5a 0x2 0x74 0x2 0xa3 0x2 0xb4 0x2 0xc8 0x2 0xb4 0x2 0x30 0x0 0x3 0x83 0x81 0x80 0x7c 0x4d 0x80 0x4f 0x80 0x6e 0x82 0xeb 0x7b 0x60 0x67 0x6d 0x83 0xe8 0x12 0x0 0x0 0x29 0xe8 0x9a 0xec 0x0 0x0 0x0 0x0 0xf3 0x15 0xe3 0x75 0x0 0xa4 0xa4 0x0 0x8 0xac 0x5 0x0 0x0
1787980792828,0x1 0x8b 0xd 0x42 0xb0 0x85 0x80 0x18 0xa 0xca 0xd 0x3e 0x61 0x0 0xe3 0x14 0x63 0x15 0x73 0x0 0xa5 0x4 0xf4 0x2 0x0 0x28 0x65 0x0 0x0 0x9 0x0 0x8 0x0 0x3e 0x0 0x53 0x0 0x6f 0x6f 0x6f 0x6f 0x6f 0x6f 0x3e 0x3 0x20 0x3 0x35 0x3 0x14 0x3 0x2a 0x3 0x8 0x3 0x22 0x3 0x8 0x3 0x2a 0x0 0x3 0x85 0x83 0x80 0x7c 0x4d 0x80 0x4f 0x80 0x6e 0x82 0xeb 0x7b 0x60 0x67 0x6d 0x82 0xe8 0x14 0x0 0x0 0x29 0xe8 0x9a 0xec 0x0 0x0 0x0 0x0 0xf3 0x26 0xe3 0x75 0x0 0xa4 0xa4 0x0 0x8 0xac 0x5 0x0 0x0
1787980793054,0x1 0x89 0xd 0x42 0xb0 0x85 0x80 0x18 0xa 0xca 0xd 0x3f 0x66 0x0 0xae 0x12 0x4 0x13 0x73 0x0 0x76 0x5 0xf4 0x2 0x0 0x28 0x65 0x0 0x0 0xe 0x0 0xe 0x0 0xf 0x0 0x1d 0x0 0x69 0x69 0x69 0x69 0x69 0x69 0xbb 0x2 0xa1 0x2 0xb5 0x2 0xb4 0x2 0xc8 0x2 0xab 0x2 0xb5 0x2 0x9d 0x2 0x29 0x0 0x3 0x87 0x85 0x80 0x7c 0x4d 0x80 0x4f 0x80 0x6e 0x82 0xeb 0x7b 0x5f 0x66 0x6d 0x82 0xe8 0x16 0x0 0x0 0x29 0xe8 0x9a 0xec 0x0 0x0 0x0 0x0 0xf3 0x45 0xe3 0x75 0x0 0xa4 0xa4 0x0 0x8 0xcb 0x5 0x0 0x0
1787980793277,0x1 0x8b 0xd 0x42 0xb0 0x85 0x80 0x18 0xb 0xca 0xd 0x3e 0x64 0x0 0x84 0x10 0xf7 0x10 0x73 0x0 0xe 0x6 0xf4 0x2 0x0 0x28 0x65 0x0 0x0 0x4b 0x0 0x4e 0x0 0xf 0x0 0x1b 0x0 0x64 0x64 0x64 0x64 0x64 0x64 0x59 0x2 0x5e 0x2 0x6f 0x2 0x55 0x2 0x65 0x2 0x4b 0x2 0x59 0x2 0x45 0x2 0x28 0x0 0x3 0x89 0x87 0x80 0x7c 0x4d 0x80 0x4f 0x80 0x6e 0x82 0xeb 0x7b 0x5f 0x66 0x6c 0x82 0xe8 0x17 0x0 0x0 0x29 0xe8 0x9a 0xec 0x0 0x0 0x0 0x0 0xf3 0x42 0xe3 0x75 0x0 0xa4 0xa4 0x0 0x8 0xac 0x5 0x0 0x0
1787980793501,0x1 0x8b 0xd 0x42 0xb0 0x85 0x80 0x18 0xb 0xca 0xd 0x41 0x67 0x0 0x2b 0x10 0x40 0x10 0x73 0x0 0x5f 0x6 0xf4 0x2 0x0 0x28 0x65 0x0 0x0 0x12 0x0 0xc 0x0 0x12 0x0 0x1f 0x0 0x63 0x63 0x63 0x63 0x63 0x63 0x40 0x2 0x30 0x2 0x3f 0x2 0x2f 0x2 0x43 0x2 0x2f 0x2 0x40 0x2 0x2e 0x2 0x28 0x0 0x3 0x8b 0x89 0x80 0x7c 0x4d 0x80 0x4f 0x80 0x6e 0x82 0xeb 0x7b 0x5f 0x66 0x6c 0x82 0xe8 0x18 0x0 0x0 0x29 0xe8 0x9a 0xec 0x0 0x0 0x0 0x0 0xf3 0x3d 0xe3 0x75 0x0 0xa4 0xa4 0x0 0x8 0xac 0x5 0x0 0x0
1787980793725,0x1 0x8b 0xd 0x42 0xb0 0x85 0x80 0x18 0xb 0xca 0xd 0x40 0x67 0x0 0x98 0xf 0xb9 0xf 0x73 0x0 0x9b 0x6 0xf4 0x2 0x0 0x28 0x65 0x0 0x0 0xd 0x0 0xb 0x0 0x6 0x0 0x13 0x0 0x61 0x61 0x61 0x61 0x61 0x61 0x33 0x2 0x20 0x2 0x32 0x2 0x1d 0x2 0x2e 0x2 0x23 0x2 0x32 0x2 0x20 0x2 0x27 0x0 0x3 0x8e 0x8b 0x80 0x7c 0x4d 0x80 0x4f 0x80 0x6e 0x82 0xeb 0x7b 0x5f 0x66 0x6c 0x82 0xe8 0x19 0x0 0x0 0x29 0xe8 0x9a 0xec 0x0 0x0 0x0 0x0 0xf3 0x38 0xe3 0x75 0x0 0xa4 0xa4 0x0 0x8 0xac 0x5 0x0 0x0
1787980793948,0x1 0x89 0xd 0x42 0xb0 0x85 0x80 0x18 0xc 0xca 0xd 0x41 0x6b 0x0 0x8c 0xf 0xb9 0xf 0x73 0x0 0xe2 0x6 0xf4 0x2 0x0 0x28 0x65 0x0 0x0 0xd 0x0 0xc 0x0 0x1 0x0 0xc 0x0 0x61 0x61 0x61 0x61 0x61 0x61 0x37 0x2 0x25 0x2 0x35 0x2 0x29 0x2 0x3b 0x2 0x26 0x2 0x35 0x2 0x24 0x2 0x26 0x0 0x3 0x90 0x8e 0x80 0x7c 0x4d 0x80 0x4f 0x80 0x6e 0x82 0xeb 0x7b 0x5f 0x66 0x6c 0x83 0xe8 0x1c 0x0 0x0 0x29 0xe8 0x9a 0xec 0x0 0x0 0x0 0x0 0xf3 0x41 0xe3 0x75 0x0 0xa4 0xa4 0x0 0x8 0xcb 0x5 0x0 0x0
1787980794173,0x1 0x8a 0xd 0x42 0xb0 0x85 0x80 0x19 0xc 0xca 0xd 0x47 0x77 0x0 0xc2 0x10 0x6e 0x10 0x73 0x0 0x1a 0x7 0xf4 0x2 0x0 0x28 0x65 0x0 0x0 0xd 0x0 0xc 0x0 0x1 0x0 0xb 0x0 0x60 0x60 0x60 0x60 0x60 0x60 0x46 0x2 0x35 0x2 0x48 0x2 0x38 0x2 0x4e 0x2 0x33 0x2 0x4e 0x2 0x3c 0x2 0x26 0x0 0x3 0x92 0x90 0x80 0x7c 0x4d 0x80 0x4f 0x80 0x6e 0x82 0xeb 0x7b 0x60 0x67 0x6c 0x83 0xe8 0x22 0x0 0x0 0x29 0xe8 0x9a 0xec 0x0 0x0 0x0 0x0 0xf3 0x44 0xe3 0x75 0x0 0xa4 0xa4 0x0 0x8 0xb9 0x5 0x0 0x0
1787980794397,0x1 0x8b 0xd 0x42 0xb0 0x85 0x80 0x19 0xc 0xca 0xd 0x4a 0x7d 0x0 0xde 0x10 0xbd 0x10 0x73 0x0 0x69 0x7 0xf4 0x2 0x0 0x28 0x65 0x0 0x0 0xe 0x0 0xd 0x0 0x0 0x0 0xa 0x0 0x60 0x60 0x60 0x60 0x60 0x60 0x5d 0x2 0x4d 0x2 0x5b 0x2 0x4b 0x2 0x5e 0x2 0x48 0x2 0x5f 0x2 0x4d 0x2 0x26 0x0 0x3 0x95 0x93 0x80 0x7c 0x4d 0x80 0x4f 0x80 0x6e 0x82 0xeb 0x7b 0x60 0x67 0x6d 0x83 0xe8 0x2d 0x0 0x0 0x29 0xe8 0x9a 0xec 0x0 0x0 0x0 0x0 0xf3 0x47 0xe3 0x75 0x0 0xa4 0xa4 0x0 0x8 0xac 0x5 0x0 0x0
1787980794637,0x1 0x8b 0xd 0x42 0xb0 0x85 0x80 0x19 0xc 0xca 0xd 0x4b 0x81 0x0 0x9f 0x10 0xdd 0x10 0x73 0x0 0xc3 0x7 0xf4 0x2 0x0 0x28 0x65 0x0 0x0 0xe 0x0 0xd 0x0 0x1 0x0 0xb 0x0 0x60 0x60 0x60 0x60 0x60 0x60 0x62 0x2 0x54 0x2 0x6c 0x2 0x5a 0x2 0x6a 0x2 0x4c 0x2 0x6a 0x2 0x57 0x2 0x26 0x0 0x3 0x98 0x95 0x80 0x7c 0x4d 0x80 0x4f 0x80 0x6e 0x82 0xeb 0x7b 0x60 0x67 0x6d 0x83 0xe8 0x33 0x0 0x0 0x29 0xe8 0x9a 0xec 0x0 0x0 0x0 0x0 0xf3 0x4a 0xe3 0x75 0x0 0xa4 0xa4 0x0 0x8 0xac 0x5 0x0 0x0
1787980794861,0x1 0x8a 0xd 0x41 0xb0 0x85 0x80 0x1a 0xc 0xca 0xd 0x4f 0x8c 0x0 0xd 0x11 0x2c 0x11 0x73 0x0 0x36 0x8 0xf4 0x2 0x0 0x28 0x65 0x0 0x0 0x10 0x0 0x10 0x0 0x3 0x0 0xd 0x0 0x5f 0x5f 0x5f 0x5f 0x5f 0x5f 0x78 0x2 0x68 0x2 0x7d 0x2 0x6c 0x2 0x7e 0x2 0x69 0x2 0x7e 0x2 0x69 0x2 0x25 0x0 0x3 0x9b 0x99 0x80 0x7c 0x4d 0x80 0x4f 0x80 0x6e 0x82 0xeb 0x7b 0x60 0x67 0x6d 0x83 0xe8 0x40 0x0 0x0 0x29 0xe8 0x9a 0xec 0x0 0x0 0x0 0x0 0xf3 0x56 0xe3 0x75 0x0 0xa4 0xa4 0x0 0x8 0xb9 0x5 0x0 0x0
1787980795083,0x1 0x8b 0xd 0x41 0xb0 0x85 0x80 0x21 0x14 0xca 0xd 0x68 0xee 0x0 0x6f 0x1a 0xa2 0x1a 0x73 0x0 0x1 0x9 0xf4 0x2 0x0 0x28 0x65 0x0 0x0 0x45 0x0 0x63 0x0 0x5 0x0 0xf 0x0 0x63 0x63 0x63 0x63 0x63 0x63 0x26 0x4 0x15 0x4 0x37 0x4 0x12 0x4 0x2f 0x4 0xb 0x4 0x26 0x4 0x5 0x4 0x20 0x0 0x3 0x9f 0x9d 0x80 0x7c 0x4d 0x80 0x4f 0x80 0x6e 0x82 0xeb 0x7b 0x5c 0x63 0x6d 0x83 0xe8 0x77 0x0 0x0 0x29 0xe8 0x9a 0xec 0x0 0x0 0x0 0x0 0xf3 0xa2 0xe3 0x75 0x0 0xa4 0xa4 0x0 0x8 0xac 0x5 0x0 0x0
1787980795309,0x1 0x8b 0xd 0x42 0xb0 0x85 0x80 0x21 0x14 0xca 0xd 0x6a 0xf6 0x0 0x2f 0x18 0x4e 0x18 0x73 0x0 0x2c 0xa 0xf4 0x2 0x0 0x28 0x65 0x0 0x0 0xb6 0x0 0xb6 0x0 0x82 0x0 0x92 0x0 0x5b 0x5b 0x5b 0x5b 0x5b 0x5b 0xa2 0x3 0x9c 0x3 0x91 0x3 0x95 0x3 0xaf 0x3 0xa6 0x3 0x90 0x3 0x95 0x3 0x21 0x0 0x3 0x95 0x9d 0x8c 0x7c 0x4d 0x80 0x4f 0x80 0x6e 0x82 0xeb 0x7b 0x5c 0x63 0x6c 0x83 0xe8 0x81 0x0 0x0 0x29 0xe8 0x9a 0xec 0x0 0x0 0x0 0x0 0xf3 0xad 0xe3 0x75 0x0 0xa4 0xa4 0x0 0x8 0xac 0x5 0x0 0x0
1787980795532,0x1 0x89 0xd 0x42 0xb0 0x85 0x80 0x21 0x14 0xca 0xd 0x6b 0xf8 0x0 0xd 0x16 0x45 0x16 0x73 0x0 0x3f 0xb 0xf4 0x2 0x0 0x28 0x65 0x0 0x0 0xae 0x0 0xb3 0x0 0x9f 0x0 0xb1 0x0 0x58 0x58 0x58 0x58 0x58 0x58 0x25 0x3 0x18 0x3 0x1c 0x3 0x1a 0x3 0x1c 0x3 0x12 0x3 0x17 0x3 0x12 0x3 0x22 0x0 0x3 0x90 0x95 0x8c 0x88 0x4d 0x80 0x4f 0x80 0x6e 0x82 0xeb 0x7b 0x5c 0x63 0x6c 0x83 0xe8 0x88 0x0 0x0 0x29 0xe8 0x9a 0xec 0x0 0x0 0x0 0x0 0xf3 0x9d 0xe3 0x75 0x0 0xa4 0xa4 0x0 0x8 0xcb 0x5 0x0 0x0
1787980795757,0x1 0x8a 0xd 0x41 0xb0 0x86 0x7f 0x21 0x14 0xca 0xd 0x6a 0xfa 0x0 0xd7 0x14 0x20 0x15 0x73 0x0 0xff 0xb 0xf4 0x2 0x0 0x28 0x65 0x0 0x0 0x96 0x0 0xa2 0x0 0x9b 0x0 0xad 0x0 0x56 0x56 0x56 0x56 0x56 0x56 0xdc 0x2 0xd4 0x2 0xd4 0x2 0xdb 0x2 0xde 0x2 0xd6 0x2 0xd4 0x2 0xcf 0x2 0x23 0x0 0x3 0x8b 0x8f 0x8c 0x88 0x4d 0x80 0x4f 0x80 0x6e 0x82 0xeb 0x7b 0x5c 0x63 0x6c 0x82 0xe8 0x8f 0x0 0x0 0x29 0xe8 0x9a 0xec 0x0 0x0 0x0 0x0 0xf3 0x9d 0xe3 0x75 0x0 0xa4 0xa4 0x0 0x8 0xb9 0x5 0x0 0x0
1787980795979,0x1 0x8b 0xd 0x41 0xb0 0x86 0x7f 0x21 0x14 0xca 0xd 0x6a 0xfd 0x0 0x39 0x14 0x39 0x14 0x73 0x0 0x83 0xc 0xf4 0x2 0x0 0x28 0x65 0x0 0x0 0x22 0x0 0x48 0x0 0x88 0x0 0xa3 0x0 0x55 0x55 0x55 0x55 0x55 0x55 0xbd 0x2 0x9f 0x2 0xba 0x2 0x9d 0x2 0xc0 0x2 0xb1 0x2 0xbd 0x2 0xb1 0x2 0x24 0x0 0x3 0x90 0x92 0x94 0x94 0x4d 0x80 0x4f 0x80 0x6e 0x82 0xeb 0x7b 0x5c 0x63 0x6c 0x82 0xe8 0x93 0x0 0x0 0x29 0xe8 0x9a 0xec 0x0 0x0 0x0 0x0 0xf3 0x98 0xe3 0x75 0x0 0xa4 0xa4 0x0 0x8 0xac 0x5 0x0 0x0
1787980796203,0x1 0x8b 0xd 0x42 0xb0 0x86 0x7f 0x22 0x15 0xca 0xd 0x6b 0x2 0x1 0xd1 0x13 0xb0 0x13 0x73 0x0 0x5 0xd 0xf4 0x2 0x0 0x28 0x65 0x0 0x0 0xf 0x0 0x13 0x0 0x2f 0x0 0x6b 0x0 0x57 0x57 0x57 0x57 0x57 0x57 0xba 0x2 0xae 0x2 0xbb 0x2 0xb4 0x2 0xbc 0x2 0xaf 0x2 0xbb 0x2 0xb0 0x2 0x23 0x0 0x3 0x96 0x98 0x94 0x94 0x4d 0x80 0x4f 0x80 0x6e 0x82 0xeb 0x7b 0x4f 0x55 0x6c 0x82 0xe8 0x97 0x0 0x0 0x29 0xe8 0x9a 0xec 0x0 0x0 0x0 0x0 0xf3 0x96 0xe3 0x75 0x0 0xa4 0xa4 0x0 0x8 0xac 0x5 0x0 0x0
1787980796429,0x1 0x8a 0xd 0x42 0xb0 0x86 0x7f 0x21 0x15 0xca 0xd 0x6b 0xfc 0x0 0xd6 0x12 0x6 0x13 0x73 0x0 0x61 0xd 0xf4 0x2 0x0 0x28 0x65 0x0 0x0 0x1e 0x0 0x45 0x0 0x16 0x0 0x57 0x0 0x58 0x58 0x58 0x58 0x58 0x58 0xb9 0x2 0xb1 0x2 0xb9 0x2 0xac 0x2 0xbc 0x2 0xb1 0x2 0xb6 0x2 0xac 0x2 0x23 0x0 0x3 0x9c 0x9e 0x94 0x94 0x4d 0x80 0x4f 0x80 0x6e 0x82 0xeb 0x7b 0x4f 0x55 0x6b 0x82 0xe8 0x9c 0x0 0x0 0x29 0xe8 0x9a 0xec 0x0 0x0 0x0 0x0 0xf3 0x9d 0xe3 0x75 0x0 0xa4 0xa4 0x0 0x8 0xb9 0x5 0x0 0x0
1787980796652,0x1 0x8a 0xd 0x42 0xb0 0x86 0x7f 0x22 0x15 0xca 0xd 0x6c 0xfd 0x0 0x6e 0x12 0xa1 0x12 0x73 0x0 0xba 0xd 0xf4 0x2 0x0 0x28 0x65 0x0 0x0 0x9e 0x0 0xa4 0x0 0x27 0x0 0x8b 0x0 0x59 0x59 0x59 0x59 0x59 0x59 0xa1 0x2 0xa7 0x2 0x9c 0x2 0xa5 0x2 0x9e 0x2 0xa9 0x2 0x9d 0x2 0xa7 0x2 0x23 0x0 0x3 0x95 0xa0 0x93 0x94 0x4d 0x80 0x4f 0x80 0x6e 0x82 0xeb 0x7b 0x4f 0x55 0x6b 0x82 0xe8 0x9e 0x0 0x0 0x29 0xe8 0x9a 0xec 0x0 0x0 0x0 0x0 0xf3 0x9a 0xe3 0x75 0x0 0xa4 0xa4 0x0 0x8 0xb9 0x5 0x0 0x0
1787980796875,0x1 0x8b 0xd 0x42 0xb0 0x86 0x7f 0x22 0x15 0xca 0xd 0x6c 0x7 0x1 0xcc 0x12 0xdf 0x12 0x73 0x0 0xfe 0xd 0xf4 0x2 0x0 0x28 0x65 0x0 0x0 0xa0 0x0 0xac 0x0 0x69 0x0 0xa3 0x0 0x5a 0x5a 0x5a 0x5a 0x5a 0x5a 0x9c 0x2 0xa2 0x2 0x9d 0x2 0x9f 0x2 0x96 0x2 0xb2 0x2 0x96 0x2 0x9d 0x2 0x23 0x0 0x3 0x8f 0x98 0x93 0x95 0x4d 0x80 0x4f 0x80 0x6e 0x82 0xeb 0x7b 0x4f 0x55 0x6b 0x81 0xe8 0xa0 0x0 0x0 0x29 0xe8 0x9a 0xec 0x0 0x0 0x0 0x0 0xf3 0x9f 0xe3 0x75 0x0 0xa4 0xa4 0x0 0x8 0xac 0x5 0x0 0x0
1787980797099,0x1 0x8b 0xd 0x42 0xb0 0x86 0x7f 0x23 0x15 0xca 0xd 0x6d 0xd 0x1 0xd7 0x12 0xc2 0x12 0x73 0x0 0x47 0xe 0xf4 0x2 0x0 0x28 0x65 0x0 0x0 0x6b 0x0 0xa4 0x0 0x78 0x0 0xa7 0x0 0x5a 0x5a 0x5a 0x5a 0x5a 0x5a 0x87 0x2 0x8c 0x2 0x86 0x2 0x8b 0x2 0x8b 0x2 0x8d 0x2 0x86 0x2 0x8d 0x2 0x24 0x0 0x3 0x84 0x8c 0x8d 0x8f 0x4d 0x80 0x4f 0x80 0x6e 0x82 0xeb 0x7b 0x4f 0x55 0x6b 0x81 0xe8 0xa0 0x0 0x0 0x29 0xe8 0x9a 0xec 0x0 0x0 0x0 0x0 0xf3 0xa1 0x62 0x76 0x0 0xa4 0xa4 0x0 0x8 0xac 0x5 0x0 0x0
1787980797324,0x1 0x8b 0xd 0x41 0xb0 0x86 0x7f 0x23 0x16 0xca 0xd 0x6f 0x10 0x1 0xbc 0x12 0xc5 0x12 0x73 0x0 0x85 0xe 0xf4 0x2 0x0 0x28 0x65 0x0 0x0 0x1a 0x0 0x8f 0x0 0x56 0x0 0xa0 0x0 0x5b 0x5b 0x5b 0x5b 0x5b 0x5b 0xa0 0x2 0x7e 0x2 0xa3 0x2 0x78 0x2 0x9f 0x2 0x7b 0x2 0xa3 0x2 0x7e 0x2 0x24 0x0 0x3 0x8f 0x86 0x8e 0x8f 0x4d 0x80 0x4f 0x80 0x6e 0x82 0xeb 0x7b 0x4f 0x55 0x6a 0x81 0xe8 0xa2 0x0 0x0 0x29 0xe8 0x9a 0xec 0x0 0x0 0x0 0x0 0xf3 0xa4 0x62 0x76 0x0 0xa4 0xa4 0x0 0x8 0xac 0x5 0x0 0x0
1787980797548,0x1 0x89 0xd 0x41 0xb0 0x86 0x7f 0x24 0x16 0xca 0xd 0x6e 0x19 0x1 0x1f 0x13 0xdc 0x12 0x73 0x0 0xb2 0xe 0xf4 0x2 0x0 0x28 0x65 0x0 0x0 0x83 0x0 0x22 0x0 0x65 0x0 0x89 0x0 0x5c 0x5c 0x5c 0x5c 0x5c 0x5c 0xae 0x2 0x92 0x2 0xac 0x2 0x8a 0x2 0xac 0x2 0x8a 0x2 0xb2 0x2 0x92 0x2 0x23 0x0 0x3 0x94 0x8e 0x8e 0x8f 0x4d 0x80 0x4f 0x80 0x6e 0x82 0xeb 0x7b 0x4f 0x55 0x6a 0x81 0xe8 0xa4 0x0 0x0 0x29 0xe8 0x9a 0xec 0x0 0x0 0x0 0x0 0xf3 0xae 0x62 0x76 0x0 0xa4 0xa4 0x0 0x8 0xcb 0x5 0x0 0x0
1787980797772,0x1 0x8b 0xd 0x41 0xb0 0x86 0x7f 0x24 0x17 0xca 0xd 0x72 0x1e 0x1 0x23 0x13 0x21 0x13 0x73 0x0 0xf2 0xe 0xf4 0x2 0x0 0x28 0x65 0x0 0x0 0xa2 0x0 0x6f 0x0 0x8f 0x0 0x89 0x0 0x5d 0x5d 0x5d 0x5d 0x5d 0x5d 0x98 0x2 0xa9 0x2 0x98 0x2 0xa9 0x2 0x98 0x2 0xa6 0x2 0x98 0x2 0xa9 0x2 0x23 0x0 0x3 0x81 0x8f 0x86 0x89 0x4d 0x80 0x4f 0x80 0x6e 0x82 0xeb 0x7b 0x4f 0x55 0x6a 0x80 0xe8 0xa7 0x0 0x0 0x29 0xe8 0x9a 0xec 0x0 0x0 0x0 0x0 0xf3 0xb4 0xd4 0x7b 0x0 0xa4 0xa4 0x0 0x8 0xac 0x5 0x0 0x0
1787980797994,0x1 0x8b 0xd 0x41 0xb0 0x86 0x7f 0x24 0x17 0xca 0xd 0x71 0x1b 0x1 0xb1 0x12 0xbc 0x12 0x73 0x0 0x24 0xf 0xf4 0x2 0x0 0x28 0x65 0x0 0x0 0x32 0x0 0xaa 0x0 0x82 0x0 0xa0 0x0 0x5e 0x5e 0x5e 0x5e 0x5e 0x5e 0x81 0x2 0xa1 0x2 0x93 0x2 0xa0 0x2 0x92 0x2 0xa3 0x2 0x92 0x2 0xa0 0x2 0x23 0x0 0x3 0x83 0x8f 0x85 0x89 0x4d 0x80 0x4f 0x80 0x6e 0x82 0xeb 0x7b 0x4f 0x55 0x6a 0x80 0xe8 0xa9 0x0 0x0 0x29 0xe8 0x9a 0xec 0x0 0x0 0x0 0x0 0xf3 0xad 0xd4 0x7b 0x0 0xa4 0xa4 0x0 0x8 0xac 0x5 0x0 0x0
1787980798220,0x1 0x8b 0xd 0x42 0xb0 0x87 0x7f 0x24 0x17 0xca 0xd 0x70 0x1c 0x1 0x7b 0x12 0x8d 0x12 0x73 0x0 0x5e 0xf 0xf4 0x2 0x0 0x28 0x65 0x0 0x0 0x14 0x0 0xab 0x0 0x33 0x0 0xa7 0x0 0x5f 0x5f 0x5f 0x5f 0x5f 0x5f 0x9c 0x2 0x86 0x2 0xa0 0x2 0x84 0x2 0x9c 0x2 0x81 0x2 0x9c 0x2 0x81 0x2 0x24 0x0 0x3 0x8a 0x85 0x85 0x87 0x4d 0x80 0x4f 0x80 0x6e 0x82 0xeb 0x7b 0x4d 0x53 0x6a 0x80 0xe8 0xaa 0x0 0x0 0x29 0xe8 0x9a 0xec 0x0 0x0 0x0 0x0 0xf3 0xb0 0xd4 0x7b 0x0 0xa4 0xa4 0x0 0x8 0xac 0x5 0x0 0x0
1787980798443,0x1 0x89 0xd 0x42 0xb0 0x87 0x7f 0x24 0x17 0xca 0xd 0x72 0x24 0x1 0xce 0x12 0xb6 0x12 0x73 0x0 0x87 0xf 0xf4 0x2 0x0 0x28 0x65 0x0 0x0 0x93 0x0 0xa2 0x0 0x36 0x0 0xa6 0x0 0x60 0x60 0x60 0x60 0x60 0x60 0xa9 0x2 0x74 0x2 0x9b 0x2 0x71 0x2 0xac 0x2 0x74 0x2 0x9b 0x2 0x76 0x2 0x24 0x0 0x3 0x87 0x7e 0x85 0x87 0x4d 0x80 0x4f 0x80 0x6e 0x82 0xeb 0x7b 0x4d 0x53 0x69 0x80 0xe8 0xaa 0x0 0x0 0x29 0xe8 0x9a 0xec 0x0 0x0 0x0 0x0 0xf3 0xb2 0xd4 0x7b 0x0 0xa4 0xa4 0x0 0x8 0xcb 0x5 0x0 0x0
1787980798666,0x1 0x8a 0xd 0x41 0xb0 0x87 0x7f 0x24 0x17 0xca 0xd 0x72 0x21 0x1 0x8b 0x12 0x92 0x12 0x73 0x0 0x96 0xf 0xf4 0x2 0x0 0x28 0x65 0x0 0x0 0xa1 0x0 0x94 0x0 0x87 0x0 0x9e 0x0 0x60 0x60 0x60 0x60 0x60 0x60 0x8b 0x2 0x65 0x2 0x87 0x2 0x62 0x2 0x86 0x2 0x64 0x2 0x86 0x2 0x61 0x2 0x24 0x0 0x3 0x81 0x78 0x85 0x87 0x4d 0x80 0x4f 0x80 0x6e 0x82 0xeb 0x7b 0x4d 0x53 0x69 0x80 0xe8 0xab 0x0 0x0 0x29 0xe8 0x9a 0xec 0x0 0x0 0x0 0x0 0xf3 0xb3 0xd4 0x7b 0x0 0xa4 0xa4 0x0 0x8 0xb9 0x5 0x0 0x0
1787980798892,0x1 0x8b 0xd 0x41 0xb0 0x87 0x7f 0x24 0x17 0xca 0xd 0x72 0x21 0x1 0x73 0x12 0x48 0x12 0x73 0x0 0xaa 0xf 0xf4 0x2 0x0 0x28 0x65 0x0 0x0 0x6c 0x0 0x25 0x0 0x87 0x0 0x81 0x0 0x60 0x60 0x60 0x60 0x60 0x60 0x6e 0x2 0x65 0x2 0x71 0x2 0x63 0x2 0x6b 0x2 0x62 0x2 0x6e 0x2 0x65 0x2 0x24 0x0 0x3 0x7a 0x7d 0x85 0x82 0x4d 0x80 0x4f 0x80 0x6e 0x82 0xeb 0x7b 0x4d 0x53 0x69 0x7f 0xe8 0xac 0x0 0x0 0x29 0xe8 0x9a 0xec 0x0 0x0 0x0 0x0 0xf3 0xb5 0xd4 0x7b 0x0 0xa4 0xa4 0x0 0x8 0xac 0x5 0x0 0x0
1787980799116,0x1 0x8b 0xd 0x41 0xb0 0x87 0x7f 0x24 0x17 0xca 0xd 0x72 0x25 0x1 0x9a 0x12 0x7d 0x12 0x73 0x0 0xc0 0xf 0xf4 0x2 0x0 0x28 0x65 0x0 0x0 0x17 0x0 0x1a 0x0 0x3e 0x0 0x3e 0x0 0x60 0x60 0x60 0x60 0x60 0x60 0x8c 0x2 0x75 0x2 0x8e 0x2 0x7a 0x2 0x93 0x2 0x71 0x2 0x93 0x2 0x7c 0x2 0x24 0x0 0x3 0x88 0x84 0x85 0x82 0x4d 0x80 0x4f 0x80 0x6e 0x82 0xeb 0x7b 0x4d 0x53 0x69 0x7f 0xe8 0xac 0x0 0x0 0x29 0xe8 0x9a 0xec 0x0 0x0 0x0 0x0 0xf3 0xab 0xd4 0x7b 0x0 0xa4 0xa4 0x0 0x8 0xac 0x5 0x0 0x0
1787980799340,0x1 0x89 0xd 0x41 0xb0 0x87 0x7f 0x24 0x17 0xca 0xd 0x72 0x24 0x1 0x73 0x12 0x67 0x12 0x73 0x0 0xd4 0xf 0xf4 0x2 0x0 0x28 0x65 0x0 0x0 0x95 0x0 0x9b 0x0 0x46 0x0 0x4c 0x0 0x60 0x60 0x60 0x60 0x60 0x60 0x9e 0x2 0x85 0x2 0x94 0x2 0x7a 0x2 0x95 0x2 0x7e 0x2 0x8d 0x2 0x85 0x2 0x24 0x0 0x3 0x86 0x89 0x84 0x82 0x4d 0x80 0x4f 0x80 0x6e 0x82 0xeb 0x7b 0x4d 0x53 0x68 0x7f 0xe8 0xac 0x0 0x0 0x29 0xe8 0x9a 0xec 0x0 0x0 0x0 0x0 0xf3 0xb7 0xd4 0x7b 0x0 0xa4 0xa4 0x0 0x8 0xcb 0x5 0x0 0x0
1787980799564,0x1 0x8a 0xd 0x41 0xb0 0x87 0x7f 0x24 0x17 0xca 0xd 0x71 0x1c 0x1 0xcc 0x11 0xc1 0x11 0x73 0x0 0xf5 0xf 0xf4 0x2 0x0 0x28 0x65 0x0 0x0 0xa4 0x0 0xa9 0x0 0x94 0x0 0xa0 0x0 0x60 0x60 0x60 0x60 0x60 0x60 0x70 0x2 0x74 0x2 0x6c 0x2 0x6f 0x2 0x69 0x2 0x71 0x2 0x6a 0x2 0x71 0x2 0x24 0x0 0x3 0x7f 0x89 0x84 0x82 0x4d 0x80 0x4f 0x80 0x6e 0x82 0xeb 0x7b 0x4d 0x53 0x68 0x7f 0xe8 0xac 0x0 0x0 0x29 0xe8 0x9a 0xec 0x0 0x0 0x0 0x0 0xf3 0xae 0xd4 0x7b 0x0 0xa4 0xa4 0x0 0x8 0xb9 0x5 0x0 0x0
1787980799788,0x1 0x8b 0xd 0x41 0xb0 0x87 0x7f 0x24 0x17 0xca 0xd 0x71 0x1f 0x1 0xf4 0x11 0x5 0x12 0x73 0x0 0xfc 0xf 0xf4 0x2 0x0 0x28 0x65 0x0 0x0 0x54 0x0 0xa2 0x0 0x87 0x0 0xa4 0x0 0x60 0x60 0x60 0x60 0x60 0x60 0x61 0x2 0x5d 0x2 0x62 0x2 0x5a 0x2 0x61 0x2 0x5b 0x2 0x62 0x2 0x5b 0x2 0x24 0x0 0x3 0x78 0x7c 0x84 0x7e 0x4d 0x80 0x4f 0x80 0x6e 0x82 0xeb 0x7b 0x4d 0x53 0x68 0x7e 0xe8 0xac 0x0 0x0 0x29 0xe8 0x9a 0xec 0x0 0x0 0x0 0x0 0xf3 0xae 0xd4 0x7b 0x0 0xa4 0xa4 0x0 0x8 0xac 0x5 0x0 0x0
1787980800010,0x1 0x8b 0xd 0x41 0xb0 0x87 0x7f 0x24 0x17 0xca 0xd 0x71 0x1c 0x1 0xc1 0x11 0xd4 0x11 0x73 0x0 0xff 0xf 0xf4 0x2 0x0 0x28 0x65 0x0 0x0 0x18 0x0 0x79 0x0 0x3d 0x0 0x99 0x0 0x60 0x60 0x60 0x60 0x60 0x60 0x7f 0x2 0x4c 0x2 0x7f 0x2 0x49 0x2 0x7b 0x2 0x47 0x2 0x7a 0x2 0x47 0x2 0x24 0x0 0x3 0x85 0x76 0x83 0x7e 0x4d 0x80 0x4f 0x80 0x6e 0x82 0xeb 0x7b 0x4d 0x53 0x68 0x7e 0xe8 0xac 0x0 0x0 0x29 0xe8 0x9a 0xec 0x0 0x0 0x0 0x0 0xf3 0xae 0xd4 0x7b 0x0 0xa4 0xa4 0x0 0x8 0xac 0x5 0x0 0x0
1787980800234,0x1 0x89 0xd 0x41 0xb1 0x87 0x7f 0x24 0x17 0xca 0xd 0x71 0x19 0x1 0x99 0x11 0xae 0x11 0x73 0x0 0xf8 0xf 0xf4 0x2 0x0 0x28 0x65 0x0 0x0 0xa3 0x0 0x18 0x0 0x4b 0x0 0x5f 0x0 0x60 0x60 0x60 0x60 0x60 0x60 0x69 0x2 0x4f 0x2 0x6a 0x2 0x58 0x2 0x6d 0x2 0x53 0x2 0x6d 0x2 0x56 0x2 0x24 0x0 0x3 0x81 0x7f 0x81 0x7e 0x4d 0x80 0x4f 0x80 0x6e 0x82 0xeb 0x7b 0x4b 0x51 0x68 0x7e 0xe8 0xae 0x0 0x0 0x29 0xe8 0x9a 0xec 0x0 0x0 0x0 0x0 0xf3 0xae 0xd4 0x7b 0x0 0xa4 0xa4 0x0 0x8 0xcb 0x5 0x0 0x0
1787980800459,0x1 0x89 0xd 0x41 0xb1 0x87 0x7f 0x23 0x17 0xca 0xd 0x70 0x15 0x1 0x59 0x11 0x4e 0x11 0x73 0x0 0xf8 0xf 0xf4 0x2 0x0 0x28 0x65 0x0 0x0 0x9a 0x0 0x54 0x0 0x86 0x0 0x3f 0x0 0x60 0x60 0x60 0x60 0x60 0x60 0x52 0x2 0x5b 0x2 0x5c 0x2 0x5f 0x2 0x56 0x2 0x57 0x2 0x53 0x2 0x5b 0x2 0x24 0x0 0x3 0x7b 0x85 0x81 0x7e 0x4d 0x80 0x4f 0x80 0x6e 0x82 0xeb 0x7b 0x4b 0x51 0x67 0x7e 0x7b 0xac 0x0 0x0 0x29 0xe8 0x9a 0xec 0x0 0x0 0x0 0x0 0xf3 0xae 0xd4 0x7b 0x0 0xa4 0xa4 0x0 0x8 0xcb 0x5 0x0 0x0
1787980800683,0x1 0x8b 0xd 0x41 0xb1 0x88 0x7e 0x23 0x16 0xca 0xd 0x6f 0xf 0x1 0xfc 0x10 0x19 0x11 0x73 0x0 0xf5 0xf 0xf4 0x2 0x0 0x28 0x65 0x0 0x0 0x1b 0x0 0xa9 0x0 0x59 0x0 0x98 0x0 0x60 0x60 0x60 0x60 0x60 0x60 0x5b 0x2 0x5c 0x2 0x5e 0x2 0x5e 0x2 0x60 0x2 0x59 0x2 0x5b 0x2 0x57 0x2 0x24 0x0 0x3 0x81 0x86 0x81 0x7e 0x4d 0x80 0x4f 0x80 0x6e 0x82 0xeb 0x7b 0x4b 0x51 0x67 0x7e 0x7b 0xaa 0x0 0x0 0x29 0xe8 0x9a 0xec 0x0 0x0 0x0 0x0 0xf3 0xaf 0xd4 0x7b 0x0 0xa4 0xa4 0x0 0x8 0xac 0x5 0x0 0x0
1787980800907,0x1 0x8b 0xd 0x41 0xb1 0x88 0x7e 0x21 0x15 0xca 0xd 0x6b 0x0 0x1 0x1c 0x10 0x29 0x10 0x73 0x0 0xe4 0xf 0xf4 0x2 0x0 0x28 0x65 0x0 0x0 0x84 0x0 0xab 0x0 0x39 0x0 0xa5 0x0 0x5f 0x5f 0x5f 0x5f 0x5f 0x5f 0x4d 0x2 0x29 0x2 0x4c 0x2 0x28 0x2 0x4a 0x2 0x2c 0x2 0x4b 0x2 0x28 0x2 0x25 0x0 0x3 0x87 0x7d 0x81 0x7d 0x4d 0x80 0x4f 0x80 0x6e 0x82 0xeb 0x7b 0x4b 0x51 0x67 0x7d 0x7b 0xa8 0x0 0x0 0x29 0xe8 0x9a 0xec 0x0 0x0 0x0 0x0 0xf3 0xa5 0xd4 0x7b 0x0 0xa4 0xa4 0x0 0x8 0xac 0x5 0x0 0x0
1787980801131,0x1 0x8b 0xd 0x41 0xb1 0x88 0x7e 0x1a 0xe 0xca 0xd 0x5a 0xb3 0x0 0x77 0xb 0x9a 0xb 0x73 0x0 0x9d 0xf 0xf4 0x2 0x0 0x28 0x65 0x0 0x0 0xae 0x0 0xab 0x0 0x94 0x0 0xa9 0x0 0x5c 0x5c 0x5c 0x5c 0x5c 0x5c 0x9c 0x1 0xa6 0x1 0xae 0x1 0x9a 0x1 0xa1 0x1 0x90 0x1 0x9c 0x1 0x8d 0x1 0x27 0x0 0x3 0x7b 0x78 0x7f 0x7d 0x4d 0x80 0x4f 0x80 0x6e 0x82 0xeb 0x7b 0x4b 0x51 0x67 0x7d 0x7b 0x98 0x0 0x0 0x29 0xe8 0x9a 0xec 0x0 0x0 0x0 0x0 0xf3 0x99 0xd4 0x7b 0x0 0xa4 0xa4 0x0 0x8 0xac 0x5 0x0 0x0
1787980801355,0x1 0x8a 0xd 0x41 0xb1 0x88 0x7e 0x18 0xb 0xca 0xd 0x54 0x9f 0x0 0xae 0xa 0xa4 0xa 0x73 0x0 0xe3 0xe 0xf4 0x2 0x0 0x28 0x65 0x0 0x0 0xa7 0x0 0xa0 0x0 0xa0 0x0 0xa8 0x0 0x59 0x59 0x59 0x59 0x59 0x59 0x77 0x1 0x69 0x1 0x77 0x1 0x6a 0x1 0x7d 0x1 0x6d 0x1 0x78 0x1 0x6a 0x1 0x28 0x0 0x3 0x77 0x73 0x7f 0x7d 0x4d 0x80 0x4f 0x80 0x6e 0x82 0xeb 0x7b 0x4b 0x51 0x66 0x7d 0x7b 0x8f 0x0 0x0 0x29 0xe8 0x9a 0xec 0x0 0x0 0x0 0x0 0xf3 0x8f 0xd4 0x7b 0x0 0xa4 0xa4 0x0 0x8 0xb9 0x5 0x0 0x0
1787980801579,0x1 0x8b 0xd 0x41 0xb1 0x88 0x7e 0x16 0x9 0xca 0xd 0x52 0x93 0x0 0x70 0xa 0x53 0xa 0x73 0x0 0x15 0xe 0xf4 0x2 0x0 0x28 0x65 0x0 0x0 0xa6 0x0 0x5d 0x0 0xa0 0x0 0xa0 0x0 0x56 0x56 0x56 0x56 0x56 0x56 0x65 0x1 0x5a 0x1 0x62 0x1 0x57 0x1 0x67 0x1 0x5a 0x1 0x67 0x1 0x5a 0x1 0x28 0x0 0x3 0x72 0x6e 0x7f 0x7d 0x4d 0x80 0x4f 0x80 0x6e 0x82 0xeb 0x7b 0x4b 0x51 0x66 0x7d 0x7b 0x8d 0x0 0x0 0x29 0xe8 0x9a 0xec 0x0 0x0 0x0 0x0 0xf3 0x87 0xd4 0x7b 0x0 0xa4 0xa4 0x0 0x8 0xac 0x5 0x0 0x0
1787980801818,0x1 0x8c 0xd 0x41 0xb1 0x87 0x7f 0x12 0x6 0xca 0xd 0x49 0x77 0x0 0x7 0x9 0x53 0x9 0x73 0x0 0x2e 0xd 0xf4 0x2 0x0 0x28 0x65 0x0 0x0 0xa3 0x0 0x17 0x0 0x9e 0x0 0x96 0x0 0x53 0x53 0x53 0x53 0x53 0x53 0x42 0x1 0x57 0x1 0x50 0x1 0x57 0x1 0x4d 0x1 0x50 0x1 0x42 0x1 0x4a 0x1 0x28 0x0 0x3 0x6d 0x7a 0x7f 0x7a 0x4d 0x80 0x4f 0x80 0x6e 0x82 0xeb 0x7b 0x4b 0x51 0x66 0x7c 0x7b 0x87 0x0 0x0 0x29 0xe8 0x9a 0xec 0x0 0x0 0x0 0x0 0xf3 0x7e 0xd4 0x7b 0x0 0xa4 0xa4 0x0 0x8 0x9f 0x5 0x0 0x0
1787980802041,0x1 0x89 0xd 0x41 0xb1 0x87 0x7f 0x11 0x4 0xca 0xd 0x47 0x7b 0x0 0xfd 0x9 0xef 0x9 0x73 0x0 0x51 0xc 0xf4 0x2 0x0 0x28 0x65 0x0 0x0 0x8d 0x0 0x4a 0x0 0x9b 0x0 0x97 0x0 0x50 0x50 0x50 0x50 0x50 0x50 0x50 0x1 0x64 0x1 0x4f 0x1 0x61 0x1 0x50 0x1 0x63 0x1 0x51 0x1 0x64 0x1 0x28 0x0 0x3 0x69 0x7e 0x7f 0x7a 0x4d 0x80 0x4f 0x80 0x6e 0x82 0xeb 0x7b 0x4b 0x51 0x66 0x7c 0x7b 0x7c 0x0 0x0 0x29 0xe8 0x9a 0xec 0x0 0x0 0x0 0x0 0xf3 0x75 0xd4 0x7b 0x0 0xa4 0xa4 0x0 0x8 0xcb 0x5 0x0 0x0
1787980802267,0x1 0x8b 0xd 0x41 0xb1 0x87 0x7f 0x10 0x3 0xca 0xd 0x44 0x72 0x0 0xee 0x9 0xe8 0x9 0x73 0x0 0x7b 0xb 0xf4 0x2 0x0 0x28 0x65 0x0 0x0 0x34 0x0 0xa8 0x0 0x98 0x0 0x9d 0x0 0x53 0x53 0x53 0x53 0x53 0x53 0x57 0x1 0x60 0x1 0x51 0x1 0x65 0x1 0x59 0x1 0x66 0x1 0x57 0x1 0x66 0x1 0x28 0x0 0x3 0x6e 0x7f 0x77 0x7a 0x4d 0x80 0x4f 0x80 0x6e 0x82 0xeb 0x7b 0x48 0x4e 0x67 0x7c 0x7b 0x6f 0x0 0x0 0x29 0xe8 0x9a 0xec 0x0 0x0 0x0 0x0 0xf3 0x69 0xd4 0x7b 0x0 0xa4 0xa4 0x0 0x8 0xac 0x5 0x0 0x0
1787980802491,0x1 0x8b 0xd 0x41 0xb1 0x87 0x7f 0x10 0x3 0xca 0xd 0x43 0x71 0x0 0x77 0xa 0x69 0xa 0x73 0x0 0xcc 0xa 0xf4 0x2 0x0 0x28 0x65 0x0 0x0 0x17 0x0 0xab 0x0 0x95 0x0 0xa8 0x0 0x54 0x54 0x54 0x54 0x54 0x54 0x6e 0x1 0x6f 0x1 0x6a 0x1 0x6b 0x1 0x6b 0x1 0x6a 0x1 0x6f 0x1 0x6f 0x1 0x28 0x0 0x3 0x72 0x77 0x77 0x77 0x4d 0x80 0x4f 0x80 0x6e 0x82 0xeb 0x7b 0x48 0x4e 0x67 0x7c 0x7b 0x68 0x0 0x0 0x29 0xe8 0x9a 0xec 0x0 0x0 0x0 0x0 0xf3 0x62 0xd4 0x7b 0x0 0xa4 0xa4 0x0 0x8 0xac 0x5 0x0 0x0
1787980802715,0x1 0x8c 0xd 0x41 0xb1 0x87 0x7f 0x10 0x3 0xca 0xd 0x43 0x6f 0x0 0xee 0xa 0xc5 0xa 0x73 0x0 0x28 0xa 0xf4 0x2 0x0 0x28 0x65 0x0 0x0 0x80 0x0 0xac 0x0 0x95 0x0 0xae 0x0 0x56 0x56 0x56 0x56 0x56 0x56 0x7a 0x1 0x73 0x1 0x80 0x1 0x6e 0x1 0x78 0x1 0x6d 0x1 0x80 0x1 0x74 0x1 0x28 0x0 0x3 0x75 0x73 0x77 0x77 0x4d 0x80 0x4f 0x80 0x6e 0x82 0xeb 0x7b 0x48 0x4e 0x67 0x7c 0x7b 0x60 0x0 0x0 0x29 0xe8 0x9a 0xec 0x0 0x0 0x0 0x0 0xf3 0x5c 0xd4 0x7b 0x0 0xa4 0xa4 0x0 0x8 0x9f 0x5 0x0 0x0
1787980802939,0x1 0x8a 0xd 0x41 0xb1 0x87 0x7f 0x10 0x3 0xca 0xd 0x40 0x67 0x0 0xe0 0xa 0xf2 0xa 0x73 0x0 0x79 0x9 0xf2 0x2 0x0 0x28 0x65 0x0 0x0 0xa5 0x0 0xa9 0x0 0x99 0x0 0xaf 0x0 0x59 0x59 0x59 0x59 0x59 0x59 0x76 0x1 0x79 0x1 0x7b 0x1 0x7a 0x1 0x7a 0x1 0x76 0x1 0x76 0x1 0x75 0x1 0x28 0x0 0x3 0x6b 0x70 0x6e 0x77 0x4d 0x80 0x4f 0x80 0x6e 0x82 0xeb 0x7b 0x48 0x4e 0x67 0x7d 0x7b 0x59 0x0 0x0 0x29 0xe8 0x9a 0xec 0x0 0x0 0x0 0x0 0xf3 0x56 0xd4 0x7b 0x0 0xa4 0xa4 0x0 0x8 0xb9 0x5 0x0 0x0
1787980803179,0x1 0x8b 0xd 0x41 0xb1 0x86 0x7f 0xd 0x0 0xca 0xd 0x3d 0x63 0x0 0x44 0xb 0x11 0xb 0x73 0x0 0xca 0x8 0xf2 0x2 0x0 0x28 0x65 0x0 0x0 0x51 0x0 0x99 0x0 0x97 0x0 0xad 0x0 0x63 0x63 0x63 0x63 0x63 0x63 0x74 0x1 0x73 0x1 0x76 0x1 0x74 0x1 0x74 0x1 0x73 0x1 0x82 0x1 0x74 0x1 0x28 0x0 0x3 0x6f 0x6c 0x6e 0x77 0x4d 0x80 0x4f 0x80 0x6e 0x82 0xeb 0x7b 0x52 0x58 0x67 0x7d 0xfb 0x55 0x0 0x0 0x29 0xe8 0x9a 0xec 0x0 0x0 0x0 0x0 0xf3 0x4e 0xd4 0x7b 0x0 0xa4 0xa4 0x0 0x0 0xac 0x5 0x0 0x0
1787980803402,0x1 0x8c 0xd 0x41 0xb1 0x86 0x7f 0xd 0x0 0xca 0xd 0x38 0x55 0x0 0x80 0xa 0xa0 0xa 0x73 0x0 0x18 0x8 0xf2 0x2 0x0 0x28 0x65 0x0 0x0 0xd 0x0 0x3f 0x0 0x90 0x0 0xa9 0x0 0x77 0x77 0x77 0x77 0x77 0x77 0x7a 0x1 0x73 0x1 0x7b 0x1 0x73 0x1 0x7a 0x1 0x72 0x1 0x7a 0x1 0x73 0x1 0x28 0x0 0x3 0x72 0x72 0x6e 0x75 0x4d 0x80 0x4f 0x80 0x6e 0x82 0xeb 0x7b 0x52 0x58 0x68 0x7d 0x7b 0x45 0x0 0x0 0x29 0xe8 0x9a 0xec 0x0 0x0 0x0 0x0 0xf3 0x49 0xd4 0x7b 0x0 0xa4 0xa4 0x0 0x0 0x9f 0x5 0x0 0x0
1787980803627,0x1 0x8b 0xd 0x41 0xb1 0x86 0x7f 0xd 0x0 0xca 0xd 0x34 0x4e 0x0 0x77 0xa 0x90 0xa 0x73 0x0 0x74 0x7 0xf2 0x2 0x0 0x28 0x65 0x0 0x0 0xe 0x0 0x33 0x0 0x8b 0x0 0xa6 0x0 0x85 0x85 0x85 0x85 0x85 0x85 0x7f 0x1 0x77 0x1 0x7e 0x1 0x75 0x1 0x7e 0x1 0x77 0x1 0x7e 0x1 0x76 0x1 0x28 0x0 0x3 0x74 0x75 0x6e 0x75 0x4d 0x80 0x4f 0x80 0x6e 0x82 0xeb 0x7b 0x52 0x58 0x68 0x7d 0x7b 0x3f 0x0 0x0 0x29 0xe8 0x9a 0xec 0x0 0x0 0x0 0x0 0xf3 0x43 0xd4 0x7b 0x0 0xa4 0xa4 0x0 0x0 0xac 0x5 0x0 0x0
1787980803849,0x1 0x8a 0xd 0x40 0xb1 0x86 0x7f 0xd 0x0 0xca 0xd 0x31 0x48 0x0 0xd1 0xa 0xe8 0xa 0x73 0x0 0xa8 0x6 0xf2 0x2 0x0 0x28 0x65 0x0 0x0 0x29 0x0 0x9c 0x0 0x8a 0x0 0xa5 0x0 0x94 0x94 0x94 0x94 0x94 0x94 0x8e 0x1 0x87 0x1 0x8f 0x1 0x87 0x1 0x90 0x1 0x86 0x1 0x90 0x1 0x87 0x1 0x29 0x0 0x3 0x77 0x76 0x6e 0x75 0x4d 0x80 0x4f 0x80 0x6e 0x82 0xeb 0x7b 0x52 0x58 0x68 0x7e 0x7b 0x33 0x0 0x0 0x29 0xe8 0x9a 0xec 0x0 0x0 0x0 0x0 0xf3 0x3b 0xd4 0x7b 0x0 0xa4 0xa4 0x0 0x0 0xb9 0x5 0x0 0x0
1787980804073,0x1 0x8b 0xd 0x40 0xb1 0x86 0x7f 0xd 0x0 0xa2 0xd 0x31 0x48 0x0 0x7f 0xc 0x35 0xb 0x73 0x0 0xc3 0x5 0xf2 0x2 0x0 0x28 0x65 0x0 0x0 0x9f 0x0 0xa6 0x0 0x89 0x0 0xa7 0x0 0xa0 0xa0 0xa0 0xa0 0xa0 0xa0 0x8e 0x1 0x90 0x1 0x90 0x1 0x92 0x1 0x94 0x1 0x8d 0x1 0x94 0x1 0x95 0x1 0x2a 0x0 0x3 0x6f 0x76 0x70 0x75 0x4d 0x80 0x4f 0x80 0x6e 0x82 0xeb 0x7b 0x56 0x5d 0x68 0x7e 0xe9 0x3e 0x6e 0x14 0x29 0xe8 0x9a 0xec 0x0 0x0 0x0 0x0 0xf3 0x30 0xd4 0x7b 0x0 0xa4 0xa4 0x0 0x0 0xac 0x5 0x0 0x0
1787980804298,0x1 0x8c 0xd 0x40 0xb2 0x86 0x7f 0xd 0x0 0xa2 0xd 0x30 0x48 0x0 0x2 0xe 0x97 0xc 0x73 0x0 0x24 0x5 0xf2 0x2 0x0 0x28 0x65 0x0 0x0 0xac 0x0 0xaa 0x0 0x8c 0x0 0xae 0x0 0x9d 0x9d 0x9d 0x9d 0x9d 0x9d 0xb9 0x1 0xb1 0x1 0xae 0x1 0xa7 0x1 0xb4 0x1 0xad 0x1 0xbb 0x1 0xb1 0x1 0x2a 0x0 0x3 0x6e 0x6e 0x70 0x70 0x4d 0x80 0x4f 0x80 0x6e 0x82 0xeb 0x7b 0x56 0x5d 0x69 0x7e 0xe1 0x36 0x66 0x12 0x29 0xe8 0x9a 0xec 0x0 0x0 0x0 0x0 0xf3 0x29 0xd4 0x7b 0x0 0xa4 0xa4 0x0 0x0 0x9f 0x5 0x0 0x0
1787980804521,0x1 0x8c 0xd 0x40 0xb2 0x86 0x7f 0xd 0x0 0xa2 0xd 0x2d 0x42 0x0 0x4e 0xe 0xf6 0xd 0x73 0x0 0x9d 0x4 0xf1 0x2 0x0 0x28 0x65 0x0 0x0 0x79 0x0 0x9d 0x0 0x8e 0x0 0xb0 0x0 0xa0 0xa0 0xa0 0xa0 0xa0 0xa0 0xde 0x1 0xd4 0x1 0xe0 0x1 0xd6 0x1 0xd7 0x1 0xcf 0x1 0xe1 0x1 0xd6 0x1 0x2d 0x0 0x3 0x6c 0x6c 0x70 0x70 0x4d 0x80 0x4f 0x80 0x6e 0x82 0xeb 0x7b 0x56 0x5d 0x69 0x7e 0x45 0x2a 0x38 0xd 0x29 0xe8 0x9a 0xec 0x0 0x0 0x0 0x0 0xf3 0x21 0xd4 0x7b 0x0 0xa4 0xa4 0x0 0x4 0x9f 0x5 0x0 0x0
1787980804746,0x1 0x8a 0xd 0x40 0xb2 0x86 0x7f 0xd 0x0 0xa2 0xd 0x27 0x3a 0x0 0x63 0xd 0x94 0xd 0x73 0x0 0x55 0x4 0xf1 0x2 0x0 0x28 0x65 0x0 0x0 0x19 0x0 0x52 0x0 0x8d 0x0 0xae 0x0 0xa0 0xa0 0xa0 0xa0 0xa0 0xa0 0xed 0x1 0xd1 0x1 0xeb 0x1 0xcd 0x1 0xe8 0x1 0xd6 0x1 0xe8 0x1 0xcd 0x1 0x2f 0x0 0x3 0x7a 0x70 0x78 0x76 0x4d 0x80 0x4f 0x80 0x6e 0x82 0xeb 0x7b 0x56 0x5d 0x69 0x7e 0x3d 0x25 0x30 0x9 0x29 0xe8 0x9a 0xec 0x0 0x0 0x0 0x0 0xf3 0x1b 0xc8 0x76 0x0 0xa4 0xa4 0x0 0x4 0xb9 0x5 0x0 0x0
1787980804969,0x1 0x8a 0xd 0x40 0xb2 0x86 0x7f 0xd 0x0 0xa2 0xd 0x25 0x36 0x0 0x1e 0xd 0x30 0xd 0x73 0x0 0x1e 0x4 0xf1 0x2 0x0 0x28 0x65 0x0 0x0 0xf 0x0 0x37 0x0 0x8a 0x0 0xac 0x0 0xa0 0xa0 0xa0 0xa0 0xa0 0xa0 0xe7 0x1 0xd7 0x1 0xe4 0x1 0xd6 0x1 0xe2 0x1 0xdb 0x1 0xe2 0x1 0xd5 0x1 0x30 0x0 0x3 0x7c 0x79 0x78 0x76 0x4d 0x80 0x4f 0x80 0x6e 0x82 0xeb 0x7b 0x56 0x5d 0x69 0x7f 0x3b 0x22 0x2e 0x8 0x29 0xe8 0x9a 0xec 0x0 0x0 0x0 0x0 0xf3 0x17 0xc8 0x76 0x0 0xa4 0xa4 0x0 0x4 0xb9 0x5 0x0 0x0
1787980805194,0x1 0x8c 0xd 0x40 0xb2 0x86 0x7f 0xd 0x0 0x82 0xd 0x26 0x39 0x0 0x6d 0xf 0x90 0xe 0x73 0x0 0xb2 0x3 0xf1 0x2 0x0 0x28 0x65 0x0 0x0 0xf 0x0 0x27 0x0 0x87 0x0 0xaa 0x0 0xa9 0xa9 0xa9 0xa9 0xa9 0xa9 0x0 0x2 0xfa 0x1 0x11 0x2 0x9 0x2 0xf3 0x1 0xe9 0x1 0x18 0x2 0x9 0x2 0x32 0x0 0x3 0x7d 0x7b 0x78 0x76 0x4d 0x80 0x4f 0x80 0x6e 0x82 0xeb 0x7b 0x56 0x5d 0x69 0x7f 0x61 0x1f 0x54 0xa 0x29 0xe8 0x9a 0xec 0x0 0x0 0x0 0x0 0xf3 0x10 0xc8 0x76 0x0 0xa4 0xa4 0x0 0x4 0x9f 0x5 0x0 0x0
1787980805418,0x1 0x8b 0xd 0x40 0xb2 0x86 0x7f 0xd 0x0 0x82 0xd 0x21 0x32 0x0 0x1d 0xe 0x5c 0xe 0x73 0x0 0x8b 0x3 0xf1 0x2 0x0 0x28 0x65 0x0 0x0 0x10 0x0 0x1d 0x0 0x85 0x0 0xa8 0x0 0xaa 0xaa 0xaa 0xaa 0xaa 0xaa 0x20 0x2 0xf 0x2 0x1d 0x2 0x10 0x2 0x1f 0x2 0x11 0x2 0x1e 0x2 0xf 0x2 0x33 0x0 0x3 0x7e 0x7c 0x78 0x76 0x4d 0x80 0x4f 0x80 0x6e 0x82 0xeb 0x7b 0x56 0x5d 0x6a 0x7f 0xc3 0x1a 0xb6 0x6 0x29 0xe8 0x9a 0xec 0x0 0x0 0x0 0x0 0xf3 0xf 0xc8 0x76 0x0 0xa4 0xa4 0x0 0x4 0xac 0x5 0x0 0x0
1787980805642,0x1 0x8a 0xd 0x40 0xb2 0x86 0x7f 0xd 0x0 0x82 0xd 0x20 0x30 0x0 0x5f 0xe 0x15 0xe 0x73 0x0 0x57 0x3 0xf1 0x2 0x0 0x28 0x65 0x0 0x0 0x16 0x0 0x2d 0x0 0x83 0x0 0xa6 0x0 0xb2 0xb2 0xb2 0xb2 0xb2 0xb2 0x19 0x2 0xb 0x2 0x1d 0x2 0x11 0x2 0x22 0x2 0x16 0x2 0x25 0x2 0x16 0x2 0x33 0x0 0x3 0x80 0x7d 0x78 0x76 0x4d 0x80 0x4f 0x80 0x6e 0x82 0xeb 0x7b 0x56 0x5d 0x6a 0x7f 0x7d 0x1e 0x70 0xa 0x29 0xe8 0x9a 0xec 0x0 0x0 0x0 0x0 0xf3 0xd 0xc8 0x76 0x0 0xa4 0xa4 0x0 0x4 0xb9 0x5 0x0 0x0
1787980805866,0x1 0x8b 0xd 0x40 0xb2 0x86 0x7f 0xd 0x0 0x82 0xd 0x1e 0x2e 0x0 0x5c 0xe 0x81 0xe 0x73 0x0 0x34 0x3 0xf1 0x2 0x0 0x28 0x65 0x0 0x0 0x5f 0x0 0x9e 0x0 0x83 0x0 0xa4 0x0 0xaf 0xaf 0xaf 0xaf 0xaf 0xaf 0x3d 0x2 0x2c 0x2 0x3d 0x2 0x28 0x2 0x39 0x2 0x2b 0x2 0x3d 0x2 0x2d 0x2 0x33 0x0 0x3 0x81 0x7e 0x78 0x76 0x4d 0x80 0x4f 0x80 0x6e 0x82 0xeb 0x7b 0x56 0x5d 0x6a 0x80 0x29 0x19 0x1c 0x5 0x29 0xe8 0x9a 0xec 0x0 0x0 0x0 0x0 0xf3 0xc 0xc8 0x76 0x0 0xa4 0xa4 0x0 0x4 0xac 0x5 0x0 0x0
1787980806090,0x1 0x8c 0xd 0x40 0xb2 0x86 0x7f 0xd 0x0 0x68 0xd 0x1e 0x2d 0x0 0x74 0xe 0x6c 0xe 0x73 0x0 0x1d 0x3 0xf1 0x2 0x0 0x28 0x65 0x0 0x0 0x89 0x0 0xa1 0x0 0x82 0x0 0xa3 0x0 0xab 0xab 0xab 0xab 0xab 0xab 0x3e 0x2 0x1e 0x2 0x30 0x2 0x20 0x2 0x31 0x2 0x1f 0x2 0x31 0x2 0x1f 0x2 0x33 0x0 0x3 0x7e 0x7a 0x7f 0x7c 0x4d 0x80 0x4f 0x80 0x6e 0x82 0xeb 0x7b 0x59 0x60 0x6a 0x80 0xb 0x19 0xfe 0x4 0x29 0xe8 0x9a 0xec 0x0 0x0 0x0 0x0 0xf3 0xc 0xc4 0x73 0x0 0xa4 0xa4 0x0 0x4 0x9f 0x5 0x0 0x0
1787980806314,0x1 0x8b 0xd 0x40 0xb2 0x85 0x80 0xd 0x0 0x68 0xd 0x1d 0x2d 0x0 0x74 0xe 0x74 0xe 0x73 0x0 0x1d 0x3 0xf1 0x2 0x0 0x28 0x65 0x0 0x0 0xa1 0x0 0xa1 0x0 0x82 0x0 0xa2 0x0 0xab 0xab 0xab 0xab 0xab 0xab 0x30 0x2 0x1f 0x2 0x2f 0x2 0x21 0x2 0x33 0x2 0x1e 0x2 0x2f 0x2 0x1d 0x2 0x33 0x0 0x3 0x7d 0x79 0x7f 0x7c 0x4d 0x80 0x4f 0x80 0x6e 0x82 0xeb 0x7b 0x59 0x60 0x6b 0x80 0xed 0x17 0xe0 0x3 0x29 0xe8 0x9a 0xec 0x0 0x0 0x0 0x0 0xf3 0xc 0xc4 0x73 0x0 0xa4 0xa4 0x0 0x4 0xac 0x5 0x0 0x0
1787980806537,0x1 0x89 0xd 0x40 0xb2 0x85 0x80 0xd 0x0 0x68 0xd 0x1d 0x2d 0x0 0x9f 0xe 0x7d 0xe 0x73 0x0 0x14 0x3 0xf1 0x2 0x0 0x28 0x65 0x0 0x0 0xa6 0x0 0xa1 0x0 0x81 0x0 0xa1 0x0 0xaa 0xaa 0xaa 0xaa 0xaa 0xaa 0x2c 0x2 0x1b 0x2 0x2f 0x2 0x1f 0x2 0x32 0x2 0x20 0x2 0x32 0x2 0x20 0x2 0x33 0x0 0x3 0x7b 0x78 0x7f 0x7c 0x4d 0x80 0x4f 0x80 0x6e 0x82 0xeb 0x7b 0x59 0x60 0x6b 0x80 0xd7 0x18 0xca 0x4 0x29 0xe8 0x9a 0xec 0x0 0x0 0x0 0x0 0xf3 0xc 0xc4 0x73 0x0 0xa4 0xa4 0x0 0x4 0xcb 0x5 0x0 0x0
1787980806762,0x1 0x8a 0xd 0x3f 0xb2 0x85 0x80 0xd 0x0 0x68 0xd 0x1d 0x2c 0x0 0x39 0xe 0x44 0xe 0x73 0x0 0x18 0x3 0xf1 0x2 0x0 0x28 0x65 0x0 0x0 0xa3 0x0 0x9e 0x0 0x81 0x0 0xa0 0x0 0xaa 0xaa 0xaa 0xaa 0xaa 0xaa 0x27 0x2 0x15 0x2 0x25 0x2 0x18 0x2 0x27 0x2 0x14 0x2 0x25 0x2 0x15 0x2 0x33 0x0 0x3 0x7a 0x76 0x7f 0x7c 0x4d 0x80 0x4f 0x80 0x6e 0x82 0xeb 0x7b 0x59 0x60 0x6b 0x81 0xbb 0x17 0xae 0x3 0x29 0xe8 0x9a 0xec 0x0 0x0 0x0 0x0 0xf3 0xc 0xc4 0x73 0x0 0xa4 0xa4 0x0 0x4 0xb9 0x5 0x0 0x0
1787980806985,0x1 0x8b 0xd 0x3f 0xb2 0x85 0x80 0xd 0x0 0x68 0xd 0x1c 0x2b 0x0 0x14 0xe 0x49 0xe 0x73 0x0 0xe 0x3 0xf1 0x2 0x0 0x28 0x65 0x0 0x0 0x9a 0x0 0x99 0x0 0x80 0x0 0xa0 0x0 0xa8 0xa8 0xa8 0xa8 0xa8 0xa8 0x28 0x2 0x16 0x2 0x26 0x2 0x15 0x2 0x29 0x2 0x16 0x2 0x27 0x2 0x16 0x2 0x33 0x0 0x3 0x79 0x75 0x7f 0x7c 0x4d 0x80 0x4f 0x80 0x6e 0x82 0xeb 0x7b 0x59 0x60 0x6b 0x81 0xa9 0x19 0x9c 0x5 0x29 0xe8 0x9a 0xec 0x0 0x0 0x0 0x0 0xf3 0xc 0xc4 0x73 0x0 0xa4 0xa4 0x0 0x4 0xac 0x5 0x0 0x0
1787980807210,0x1 0x8b 0xd 0x3f 0xb2 0x85 0x80 0xd 0x0 0x53 0xd 0x1e 0x2c 0x0 0x6c 0xe 0x5d 0xe 0x73 0x0 0xd 0x3 0xf1 0x2 0x0 0x28 0x65 0x0 0x0 0x60 0x0 0x72 0x0 0x80 0x0 0x9f 0x0 0xa7 0xa7 0xa7 0xa7 0xa7 0xa7 0x24 0x2 0x14 0x2 0x26 0x2 0x16 0x2 0x26 0x2 0x13 0x2 0x26 0x2 0x14 0x2 0x33 0x0 0x3 0x78 0x74 0x7f 0x7c 0x4d 0x80 0x4f 0x80 0x6e 0x82 0xeb 0x7b 0x59 0x60 0x6b 0x81 0x91 0x17 0x84 0x3 0x29 0xe8 0x9a 0xec 0x0 0x0 0x0 0x0 0xf3 0xc 0xc4 0x73 0x0 0xa4 0xa4 0x0 0x4 0xac 0x5 0x0 0x0
1787980807433,0x1 0x89 0xd 0x3f 0xb2 0x85 0x80 0xd 0x0 0x53 0xd 0x1b 0x2b 0x0 0x30 0xe 0x54 0xe 0x73 0x0 0x8 0x3 0xf1 0x2 0x0 0x28 0x65 0x0 0x0 0x1c 0x0 0x27 0x0 0x7f 0x0 0x9e 0x0 0xa7 0xa7 0xa7 0xa7 0xa7 0xa7 0x37 0x2 0x23 0x2 0x35 0x2 0x27 0x2 0x37 0x2 0x28 0x2 0x37 0x2 0x25 0x2 0x33 0x0 0x3 0x80 0x7c 0x7f 0x7b 0x4d 0x80 0x4f 0x80 0x6e 0x82 0xeb 0x7b 0x59 0x60 0x6c 0x81 0x81 0x17 0x74 0x3 0x29 0xe8 0x9a 0xec 0x0 0x0 0x0 0x0 0xf3 0xc 0xc4 0x73 0x0 0xa4 0xa4 0x0 0x4 0xcb 0x5 0x0 0x0
1787980807657,0x1 0x89 0xd 0x3f 0xb3 0x85 0x80 0xd 0x0 0x53 0xd 0x1c 0x2b 0x0 0xe6 0xd 0x25 0xe 0x73 0x0 0x18 0x3 0xf1 0x2 0x0 0x28 0x65 0x0 0x0 0x11 0x0 0x16 0x0 0x7f 0x0 0x9e 0x0 0xab 0xab 0xab 0xab 0xab 0xab 0x34 0x2 0x1e 0x2 0x33 0x2 0x23 0x2 0x35 0x2 0x21 0x2 0x30 0x2 0x1e 0x2 0x33 0x0 0x3 0x82 0x7e 0x7f 0x7b 0x4d 0x80 0x4f 0x80 0x6e 0x82 0xeb 0x7b 0x59 0x60 0x6c 0x81 0x6b 0x17 0x5e 0x3 0x29 0xe8 0x9a 0xec 0x0 0x0 0x0 0x0 0xf3 0xc 0xc4 0x73 0x0 0xa4 0xa4 0x0 0x4 0xcb 0x5 0x0 0x0
1787980807881,0x1 0x8a 0xd 0x3f 0xb3 0x85 0x80 0xd 0x0 0x53 0xd 0x1c 0x2b 0x0 0xa 0xe 0x1f 0xe 0x73 0x0 0x10 0x3 0xef 0x2 0x0 0x28 0x65 0x0 0x0 0x11 0x0 0x12 0x0 0x7e 0x0 0x9d 0x0 0xa9 0xa9 0xa9 0xa9 0xa9 0xa9 0x32 0x2 0x1f 0x2 0x30 0x2 0x22 0x2 0x34 0x2 0x1f 0x2 0x34 0x2 0x22 0x2 0x33 0x0 0x3 0x83 0x7f 0x7f 0x7b 0x4d 0x80 0x4f 0x80 0x6e 0x82 0xeb 0x7b 0x59 0x60 0x6c 0x82 0xec 0x16 0x4c 0x3 0x29 0xe8 0x9a 0xec 0x0 0x0 0x0 0x0 0xf3 0xc 0xc4 0x73 0x0 0xa4 0xa4 0x0 0x4 0xb9 0x5 0x0 0x0
1787980808104,0x1 0x8c 0xd 0x3f 0xb3 0x85 0x80 0xd 0x0 0x42 0xd 0x1b 0x2b 0x0 0xf8 0xd 0x17 0xe 0x73 0x0 0x14 0x3 0xef 0x2 0x0 0x28 0x65 0x0 0x0 0x12 0x0 0xf 0x0 0x7c 0x0 0x9c 0x0 0xaa 0xaa 0xaa 0xaa 0xaa 0xaa 0x36 0x2 0x23 0x2 0x31 0x2 0x25 0x2 0x37 0x2 0x27 0x2 0x36 0x2 0x23 0x2 0x33 0x0 0x3 0x84 0x80 0x7f 0x7b 0x4d 0x80 0x4f 0x80 0x6e 0x82 0xeb 0x7b 0x5c 0x63 0x6c 0x82 0xd4 0x16 0x34 0x3 0x29 0xe8 0x9a 0xec 0x0 0x0 0x0 0x0 0xf3 0xc 0xc4 0x73 0x0 0xa4 0xa4 0x0 0x4 0x9f 0x5 0x0 0x0
1787980808329,0x1 0x8b 0xd 0x3f 0xb3 0x85 0x80 0xd 0x0 0x42 0xd 0x1d 0x2c 0x0 0x7a 0xe 0x32 0xe 0x73 0x0 0xa 0x3 0xef 0x2 0x0 0x28 0x65 0x0 0x0 0x13 0x0 0xf 0x0 0x7c 0x0 0x9b 0x0 0xa7 0xa7 0xa7 0xa7 0xa7 0xa7 0x34 0x2 0x23 0x2 0x3a 0x2 0x2b 0x2 0x34 0x2 0x23 0x2 0x3d 0x2 0x2b 0x2 0x33 0x0 0x3 0x85 0x81 0x7f 0x7b 0x4d 0x80 0x4f 0x80 0x6e 0x82 0xeb 0x7b 0x5c 0x63 0x6d 0x82 0xc2 0x16 0x22 0x3 0x29 0xe8 0x9a 0xec 0x0 0x0 0x0 0x0 0xf3 0xc 0xc4 0x73 0x0 0xa4 0xa4 0x0 0x4 0xac 0x5 0x0 0x0
1787980808553,0x1 0x89 0xd 0x3f 0xb3 0x85 0x80 0xd 0x0 0x42 0xd 0x1b 0x2a 0x0 0x93 0xd 0xd3 0xd 0x73 0x0 0x18 0x3 0xef 0x2 0x0 0x28 0x65 0x0 0x0 0x14 0x0 0x10 0x0 0x7c 0x0 0x9a 0x0 0xab 0xab 0xab 0xab 0xab 0xab 0x30 0x2 0x1f 0x2 0x2f 0x2 0x22 0x2 0x36 0x2 0x21 0x2 0x30 0x2 0x1f 0x2 0x33 0x0 0x3 0x87 0x83 0x7f 0x7b 0x4d 0x80 0x4f 0x80 0x6e 0x82 0xeb 0x7b 0x5c 0x63 0x6d 0x82 0xa8 0x16 0x8 0x3 0x29 0xe8 0x9a 0xec 0x0 0x0 0x0 0x0 0xf3 0xc 0xc4 0x73 0x0 0xa4 0xa4 0x0 0x4 0xcb 0x5 0x0 0x0
1787980808777,0x1 0x8b 0xd 0x3f 0xb3 0x85 0x80 0xd 0x0 0x42 0xd 0x1b 0x2a 0x0 0xcd 0xd 0xb3 0xd 0x73 0x0 0xb 0x3 0xef 0x2 0x0 0x28 0x65 0x0 0x0 0x19 0x0 0x11 0x0 0x7c 0x0 0x9a 0x0 0xa7 0xa7 0xa7 0xa7 0xa7 0xa7 0x2d 0x2 0x1c 0x2 0x2f 0x2 0x1e 0x2 0x2c 0x2 0x1a 0x2 0x30 0x2 0x1e 0x2 0x33 0x0 0x3 0x88 0x84 0x7f 0x7b 0x4d 0x80 0x4f 0x80 0x6e 0x82 0xeb 0x7b 0x5c 0x63 0x6d 0x82 0x8e 0x16 0xee 0x2 0x29 0xe8 0x9a 0xec 0x0 0x0 0x0 0x0 0xf3 0xc 0xc4 0x73 0x0 0xa4 0xa4 0x0 0x4 0xac 0x5 0x0 0x0
1787980809001,0x1 0x8c 0xd 0x3f 0xb3 0x85 0x80 0xd 0x0 0x42 0xd 0x1b 0x2b 0x0 0xf4 0xd 0xce 0xd 0x73 0x0 0x15 0x3 0xef 0x2 0x0 0x28 0x65 0x0 0x0 0x31 0x0 0x13 0x0 0x7b 0x0 0x99 0x0 0xaa 0xaa 0xaa 0xaa 0xaa 0xaa 0x34 0x2 0x1d 0x2 0x30 0x2 0x20 0x2 0x33 0x2 0x24 0x2 0x34 0x2 0x23 0x2 0x33 0x0 0x3 0x89 0x85 0x7f 0x7b 0x4d 0x80 0x4f 0x80 0x6e 0x82 0xeb 0x7b 0x5c 0x63 0x6d 0x82 0x7a 0x16 0xda 0x2 0x29 0xe8 0x9a 0xec 0x0 0x0 0x0 0x0 0xf3 0xc 0xc4 0x73 0x0 0xa4 0xa4 0x0 0x4 0x9f 0x5 0x0 0x0
1787980809225,0x1 0x8b 0xd 0x3f 0xb3 0x85 0x80 0xd 0x0 0x35 0xd 0x1b 0x2b 0x0 0x30 0xe 0xfb 0xd 0x73 0x0 0x8 0x3 0xef 0x2 0x0 0x28 0x65 0x0 0x0 0x58 0x0 0x15 0x0 0x7b 0x0 0x98 0x0 0xa6 0xa6 0xa6 0xa6 0xa6 0xa6 0x3a 0x2 0x2a 0x2 0x3c 0x2 0x2e 0x2 0x37 0x2 0x27 0x2 0x40 0x2 0x2e 0x2 0x33 0x0 0x3 0x8b 0x87 0x7f 0x7b 0x4d 0x80 0x4f 0x80 0x6e 0x82 0xeb 0x7b 0x5a 0x61 0x6d 0x82 0x62 0x16 0xc2 0x2 0x29 0xe8 0x9a 0xec 0x0 0x0 0x0 0x0 0xf3 0xc 0xc4 0x73 0x0 0xa4 0xa4 0x0 0x4 0xac 0x5 0x0 0x0
1787980809447,0x1 0x89 0xd 0x3f 0xb3 0x85 0x80 0xd 0x0 0x35 0xd 0x1b 0x2a 0x0 0xa1 0xd 0xd6 0xd 0x73 0x0 0x15 0x3 0xef 0x2 0x0 0x28 0x65 0x0 0x0 0x77 0x0 0x19 0x0 0x7a 0x0 0x97 0x0 0xaa 0xaa 0xaa 0xaa 0xaa 0xaa 0x3c 0x2 0x28 0x2 0x3a 0x2 0x29 0x2 0x3e 0x2 0x2a 0x2 0x2c 0x2 0x2a 0x2 0x33 0x0 0x3 0x84 0x88 0x82 0x7b 0x4d 0x80 0x4f 0x80 0x6e 0x82 0xeb 0x7b 0x5a 0x61 0x6c 0x82 0x50 0x16 0xb0 0x2 0x29 0xe8 0x9a 0xec 0x0 0x0 0x0 0x0 0xf3 0xc 0xc4 0x73 0x0 0xa4 0xa4 0x0 0x4 0xcb 0x5 0x0 0x0
1787980809671,0x1 0x8a 0xd 0x3f 0xb3 0x85 0x80 0xd 0x0 0x35 0xd 0x1b 0x2a 0x0 0xa9 0xd 0xc1 0xd 0x73 0x0 0x13 0x3 0xef 0x2 0x0 0x28 0x65 0x0 0x0 0x94 0x0 0x59 0x0 0x7a 0x0 0x97 0x0 0xaa 0xaa 0xaa 0xaa 0xaa 0xaa 0x2c 0x2 0x2a 0x2 0x27 0x2 0x28 0x2 0x29 0x2 0x29 0x2 0x27 0x2 0x29 0x2 0x33 0x0 0x3 0x83 0x89 0x82 0x7b 0x4d 0x80 0x4f 0x80 0x6e 0x82 0xeb 0x7b 0x5a 0x61 0x6c 0x82 0x3a 0x16 0x9a 0x2 0x29 0xe8 0x9a 0xec 0x0 0x0 0x0 0x0 0xf3 0xc 0xc4 0x73 0x0 0xa4 0xa4 0x0 0x4 0xb9 0x5 0x0 0x0
1787980809897,0x1 0x8b 0xd 0x3f 0xb3 0x85 0x80 0xd 0x0 0x35 0xd 0x1b 0x2a 0x0 0x13 0xe 0xf9 0xd 0x73 0x0 0xfc 0x2 0xef 0x2 0x0 0x28 0x65 0x0 0x0 0xa2 0x0 0x91 0x0 0x7a 0x0 0x96 0x0 0xa4 0xa4 0xa4 0xa4 0xa4 0xa4 0x28 0x2 0x2d 0x2 0x2c 0x2 0x34 0x2 0x30 0x2 0x37 0x2 0x31 0x2 0x37 0x2 0x33 0x0 0x3 0x81 0x8a 0x82 0x7b 0x4d 0x80 0x4f 0x80 0x6e 0x82 0xeb 0x7b 0x5a 0x61 0x6c 0x83 0x2a 0x16 0x8a 0x2 0x29 0xe8 0x9a 0xec 0x0 0x0 0x0 0x0 0xf3 0xb 0xc4 0x73 0x0 0xa4 0xa4 0x0 0x4 0xac 0x5 0x0 0x0
1787980810121,0x1 0x8b 0xd 0x3f 0xb3 0x85 0x80 0xd 0x0 0x2a 0xd 0x1a 0x2a 0x0 0xb2 0xd 0xc9 0xd 0x73 0x0 0x11 0x3 0xef 0x2 0x0 0x28 0x65 0x0 0x0 0xa0 0x0 0xa2 0x0 0x79 0x0 0x96 0x0 0xaa 0xaa 0xaa 0xaa 0xaa 0xaa 0x25 0x2 0x1c 0x2 0x2d 0x2 0x26 0x2 0x2a 0x2 0x20 0x2 0x23 0x2 0x1c 0x2 0x33 0x0 0x3 0x80 0x81 0x82 0x7f 0x4d 0x80 0x4f 0x80 0x6e 0x82 0xeb 0x7b 0x5c 0x63 0x6c 0x83 0x1a 0x16 0x7a 0x2 0x29 0xe8 0x9a 0xec 0x0 0x0 0x0 0x0 0xf3 0xc 0xc4 0x73 0x0 0xa4 0xa4 0x0 0x4 0xac 0x5 0x0 0x0
1787980810345,0x1 0x89 0xd 0x3e 0xb3 0x85 0x80 0xd 0x0 0x2a 0xd 0x1b 0x29 0x0 0x7e 0xd 0x9c 0xd 0x73 0x0 0xa 0x3 0xef 0x2 0x0 0x28 0x65 0x0 0x0 0x99 0x0 0xa6 0x0 0x79 0x0 0x95 0x0 0xa7 0xa7 0xa7 0xa7 0xa7 0xa7 0x1e 0x2 0x14 0x2 0x1c 0x2 0x16 0x2 0x1e 0x2 0x19 0x2 0x1e 0x2 0x16 0x2 0x33 0x0 0x3 0x7f 0x80 0x82 0x7f 0x4d 0x80 0x4f 0x80 0x6e 0x82 0xeb 0x7b 0x5c 0x63 0x6b 0x83 0x8 0x16 0x68 0x2 0x29 0xe8 0x9a 0xec 0x0 0x0 0x0 0x0 0xf3 0xc 0xc4 0x73 0x0 0xa4 0xa4 0x0 0x4 0xcb 0x5 0x0 0x0
1787980810569,0x1 0x8a 0xd 0x3e 0xb3 0x85 0x80 0xd 0x0 0x2a 0xd 0x1b 0x2a 0x0 0xae 0xd 0xb8 0xd 0x73 0x0 0x12 0x3 0xef 0x2 0x0 0x28 0x65 0x0 0x0 0x85 0x0 0xa4 0x0 0x79 0x0 0x95 0x0 0xaa 0xaa 0xaa 0xaa 0xaa 0xaa 0x1f 0x2 0x15 0x2 0x1c 0x2 0x17 0x2 0x20 0x2 0x18 0x2 0x1d 0x2 0x15 0x2 0x33 0x0 0x3 0x7d 0x7e 0x82 0x7f 0x4d 0x80 0x4f 0x80 0x6e 0x82 0xeb 0x7b 0x5c 0x63 0x6b 0x83 0xf8 0x15 0x58 0x2 0x29 0xe8 0x9a 0xec 0x0 0x0 0x0 0x0 0xf3 0xc 0xc4 0x73 0x0 0xa4 0xa4 0x0 0x4 0xb9 0x5 0x0 0x0
1787980810807,0x1 0x8c 0xd 0x3e 0xb3 0x85 0x80 0xd 0x0 0x2a 0xd 0x1b 0x2a 0x0 0x9 0xe 0xea 0xd 0x73 0x0 0xfe 0x2 0xef 0x2 0x0 0x28 0x65 0x0 0x0 0x25 0x0 0x9d 0x0 0x79 0x0 0x95 0x0 0xa5 0xa5 0xa5 0xa5 0xa5 0xa5 0x2e 0x2 0x17 0x2 0x32 0x2 0x1d 0x2 0x36 0x2 0x1a 0x2 0x36 0x2 0x1d 0x2 0x33 0x0 0x3 0x85 0x7d 0x84 0x7f 0x4d 0x80 0x4f 0x80 0x6e 0x82 0xeb 0x7b 0x5c 0x63 0x6b 0x83 0xec 0x15 0x4c 0x2 0x29 0xe8 0x9a 0xec 0x0 0x0 0x0 0x0 0xf3 0xb 0xc4 0x73 0x0 0xa4 0xa4 0x0 0x4 0x9f 0x5 0x0 0x0
1787980811031,0x1 0x8b 0xd 0x3e 0xb3 0x85 0x80 0xd 0x0 0x2a 0xd 0x1b 0x2a 0x0 0xc0 0xd 0xde 0xd 0x73 0x0 0xe 0x3 0xef 0x2 0x0 0x28 0x65 0x0 0x0 0x14 0x0 0x95 0x0 0x79 0x0 0x94 0x0 0xa9 0xa9 0xa9 0xa9 0xa9 0xa9 0x36 0x2 0x16 0x2 0x33 0x2 0x19 0x2 0x36 0x2 0x19 0x2 0x33 0x2 0x16 0x2 0x33 0x0 0x3 0x87 0x7c 0x84 0x7f 0x4d 0x80 0x4f 0x80 0x6e 0x82 0xeb 0x7b 0x5c 0x63 0x6b 0x83 0xda 0x15 0x3a 0x2 0x29 0xe8 0x9a 0xec 0x0 0x0 0x0 0x0 0xf3 0xc 0xc4 0x73 0x0 0xa4 0xa4 0x0 0x4 0xac 0x5 0x0 0x0
1787980811255,0x1 0x8a 0xd 0x3e 0xb4 0x84 0x81 0xd 0x0 0x22 0xd 0x1b 0x2a 0x0 0xf2 0xd 0xe8 0xd 0x73 0x0 0x3 0x3 0xef 0x2 0x0 0x28 0x65 0x0 0x0 0x12 0x0 0x54 0x0 0x78 0x0 0x94 0x0 0xa6 0xa6 0xa6 0xa6 0xa6 0xa6 0x37 0x2 0x13 0x2 0x37 0x2 0x16 0x2 0x3a 0x2 0x17 0x2 0x3a 0x2 0x17 0x2 0x33 0x0 0x3 0x88 0x7a 0x84 0x7f 0x4d 0x80 0x4f 0x80 0x6e 0x82 0xeb 0x7b 0x5e 0x65 0x6c 0x83 0xc8 0x15 0x28 0x2 0x29 0xe8 0x9a 0xec 0x0 0x0 0x0 0x0 0xf3 0xc 0xc4 0x73 0x0 0xa4 0xa4 0x0 0x4 0xb9 0x5 0x0 0x0
1787980811479,0x1 0x8b 0xd 0x3e 0xb4 0x84 0x81 0xd 0x0 0x22 0xd 0x1a 0x2a 0x0 0xd6 0xd 0xed 0xd 0x73 0x0 0x9 0x3 0xee 0x2 0x0 0x28 0x65 0x0 0x0 0x13 0x0 0x28 0x0 0x76 0x0 0x93 0x0 0xa8 0xa8 0xa8 0xa8 0xa8 0xa8 0x3b 0x2 0x25 0x2 0x3b 0x2 0x27 0x2 0x3d 0x2 0x29 0x2 0x3b 0x2 0x26 0x2 0x33 0x0 0x3 0x89 0x83 0x84 0x82 0x4d 0x80 0x4f 0x80 0x6e 0x82 0xeb 0x7b 0x5e 0x65 0x6c 0x83 0x4f 0x15 0x1c 0x2 0x29 0xe8 0x9a 0xec 0x0 0x0 0x0 0x0 0xf3 0xc 0xc4 0x73 0x0 0xa4 0xa4 0x0 0x4 0xac 0x5 0x0 0x0
1787980811704,0x1 0x8b 0xd 0x3e 0xb4 0x84 0x81 0xd 0x0 0x22 0xd 0x1b 0x2a 0x0 0xf2 0xd 0xcc 0xd 0x73 0x0 0x3 0x3 0xee 0x2 0x0 0x28 0x65 0x0 0x0 0x16 0x0 0x1a 0x0 0x76 0x0 0x93 0x0 0xa6 0xa6 0xa6 0xa6 0xa6 0xa6 0x36 0x2 0x20 0x2 0x36 0x2 0x24 0x2 0x39 0x2 0x22 0x2 0x39 0x2 0x24 0x2 0x33 0x0 0x3 0x8a 0x85 0x84 0x82 0x4d 0x80 0x4f 0x80 0x6e 0x82 0xeb 0x7b 0x5e 0x65 0x6c 0x83 0x39 0x15 0x6 0x2 0x29 0xe8 0x9a 0xec 0x0 0x0 0x0 0x0 0xf3 0xc 0xc4 0x73 0x0 0xa4 0xa4 0x0 0x4 0xac 0x5 0x0 0x0
1787980811928,0x1 0x8b 0xd 0x3e 0xb4 0x84 0x81 0xd 0x0 0x22 0xd 0x1b 0x2a 0x0 0xbb 0xd 0xc7 0xd 0x73 0x0 0xf 0x3 0xee 0x2 0x0 0x28 0x65 0x0 0x0 0x46 0x0 0x18 0x0 0x75 0x0 0x93 0x0 0xa9 0xa9 0xa9 0xa9 0xa9 0xa9 0x3a 0x2 0x25 0x2 0x38 0x2 0x25 0x2 0x3b 0x2 0x28 0x2 0x3a 0x2 0x26 0x2 0x33 0x0 0x3 0x8c 0x86 0x84 0x82 0x4d 0x80 0x4f 0x80 0x6e 0x82 0xeb 0x7b 0x5e 0x65 0x6c 0x84 0x2b 0x15 0xf8 0x1 0x29 0xe8 0x9a 0xec 0x0 0x0 0x0 0x0 0xf3 0xc 0xc4 0x73 0x0 0xa4 0xa4 0x0 0x4 0xac 0x5 0x0 0x0
1787980812152,0x1 0x8a 0xd 0x3e 0xb4 0x84 0x81 0xd 0x0 0x1b 0xd 0x1a 0x2a 0x0 0xc0 0xd 0xaa 0xd 0x73 0x0 0xe 0x3 0xee 0x2 0x0 0x28 0x65 0x0 0x0 0x88 0x0 0x1e 0x0 0x75 0x0 0x93 0x0 0xa9 0xa9 0xa9 0xa9 0xa9 0xa9 0x2b 0x2 0x23 0x2 0x29 0x2 0x28 0x2 0x3f 0x2 0x27 0x2 0x29 0x2 0x24 0x2 0x33 0x0 0x3 0x84 0x87 0x85 0x82 0x4d 0x80 0x4f 0x80 0x6e 0x82 0xeb 0x7b 0x5d 0x63 0x6c 0x84 0x15 0x15 0xe2 0x1 0x29 0xe8 0x9a 0xec 0x0 0x0 0x0 0x0 0xf3 0xc 0xc4 0x73 0x0 0xa4 0xa4 0x0 0x4 0xb9 0x5 0x0 0x0
1787980812376,0x1 0x8b 0xd 0x3e 0xb4 0x84 0x81 0xd 0x0 0x1b 0xd 0x1a 0x29 0x0 0x7e 0xd 0xac 0xd 0x73 0x0 0xa 0x3 0xee 0x2 0x0 0x28 0x65 0x0 0x0 0xa1 0x0 0x79 0x0 0x74 0x0 0x92 0x0 0xa8 0xa8 0xa8 0xa8 0xa8 0xa8 0x25 0x2 0x24 0x2 0x28 0x2 0x27 0x2 0x29 0x2 0x27 0x2 0x27 0x2 0x27 0x2 0x33 0x0 0x3 0x83 0x89 0x85 0x82 0x4d 0x80 0x4f 0x80 0x6e 0x82 0xeb 0x7b 0x5d 0x63 0x6b 0x84 0x3 0x15 0xd0 0x1 0x29 0xe8 0x9a 0xec 0x0 0x0 0x0 0x0 0xf3 0xc 0xc4 0x73 0x0 0xa4 0xa4 0x0 0x4 0xac 0x5 0x0 0x0
1787980812600,0x1 0x8b 0xd 0x3e 0xb4 0x84 0x81 0xd 0x0 0x1b 0xd 0x1b 0x29 0x0 0x82 0xd 0x92 0xd 0x73 0x0 0x9 0x3 0xee 0x2 0x0 0x28 0x65 0x0 0x0 0xa5 0x0 0xa0 0x0 0x75 0x0 0x92 0x0 0xa7 0xa7 0xa7 0xa7 0xa7 0xa7 0x25 0x2 0x24 0x2 0x21 0x2 0x24 0x2 0x25 0x2 0x2a 0x2 0x21 0x2 0x24 0x2 0x33 0x0 0x3 0x82 0x81 0x85 0x82 0x4d 0x80 0x4f 0x80 0x6e 0x82 0xeb 0x7b 0x5d 0x63 0x6b 0x84 0xf3 0x14 0xc0 0x1 0x29 0xe8 0x9a 0xec 0x0 0x0 0x0 0x0 0xf3 0xc 0xc4 0x73 0x0 0xa4 0xa4 0x0 0x4 0xac 0x5 0x0 0x0
1787980812823,0x1 0x88 0x0 0x3e 0xb4 0x84 0x81 0xd 0x0 0x1b 0xd 0x19 0x29 0x0 0x95 0x10 0xa1 0xe 0x73 0x0 0x79 0x2 0xee 0x2 0x0 0x28 0x65 0x0 0x0 0x9f 0x0 0xa3 0x0 0x74 0x0 0x91 0x0 0x87 0x87 0x87 0x87 0x87 0x87 0x28 0x2 0x1b 0x2 0x2d 0x2 0x4b 0x2 0x72 0x2 0x1c 0x2 0x72 0x2 0x66 0x2 0x33 0xd 0x0 0x81 0x80 0x85 0x81 0x4d 0x80 0x4f 0x80 0x6e 0x82 0xeb 0x7b 0x5d 0x63 0x6b 0x85 0xeb 0x14 0x48 0x9 0x29 0xe8 0x9a 0xec 0x0 0x0 0x0 0x0 0xf3 0x0 0xc4 0x73 0x0 0xa4 0xa4 0x0 0x4 0xdd 0x5 0x0 0x0
1787980813047,0x1 0x83 0x0 0x3e 0xb4 0x84 0x81 0xd 0x0 0x1b 0xd 0x1b 0x2a 0x0 0x8a 0x1d 0x1b 0x15 0x73 0x0 0x6c 0x1 0xee 0x2 0x0 0x28 0x65 0x0 0x0 0x14 0x0 0x25 0x0 0x75 0x0 0x91 0x0 0x94 0x94 0x94 0x94 0x94 0x94 0x79 0x2 0x92 0x2 0xd3 0x2 0xfe 0x2 0x72 0x2 0x43 0x2 0x61 0x3 0x4d 0x3 0x32 0xd 0x0 0x80 0x80 0x85 0x81 0x4d 0x80 0x4f 0x80 0x6e 0x82 0xeb 0x7b 0x5d 0x63 0x6b 0x85 0xeb 0x14 0x7a 0x13 0x29 0xe8 0x9a 0xec 0x0 0x0 0x0 0x0 0xf3 0x0 0xc4 0x73 0x0 0xa4 0xa4 0x0 0x4 0x38 0x6 0x0 0x0
1787980813271,0x1 0x83 0x0 0x3e 0xb4 0x84 0x81 0xd 0x0 0x16 0xd 0x19 0x2a 0x0 0x29 0x48 0xf9 0x47 0x73 0x0 0x95 0x0 0xee 0x2 0x0 0x28 0x65 0x0 0x0 0xc 0x0 0xa 0x0 0x75 0x0 0x91 0x0 0xc7 0xc7 0xc7 0xc7 0xc7 0xc7 0x79 0x2 0x92 0x2 0xd3 0x2 0xfe 0x2 0x78 0x3 0xb7 0x8 0xb7 0x8 0xb7 0x8 0x58 0xd 0x0 0x80 0x80 0x85 0x81 0x4d 0x80 0x4f 0x80 0x6e 0x82 0xeb 0x7b 0x0 0x0 0x6a 0x85 0xeb 0x14 0x92 0xe 0x25 0xea 0x9a 0xec 0x0 0x0 0x0 0x0 0xf3 0x0 0x0 0x80 0x0 0xa4 0xa4 0x0 0x2 0x38 0x6 0x0 0x0
1787980813496,0x1 0x84 0x0 0x3e 0xb4 0x84 0x81 0xd 0x0 0x16 0xd 0x19 0x0 0x0 0x29 0x48 0x0 0x0 0x73 0x0 0x0 0x0 0xee 0x2 0x0 0x28 0x65 0x0 0x0 0xb 0x0 0x9 0x0 0x75 0x0 0x91 0x0 0xb0 0xb0 0xb0 0xb0 0xb0 0xb0 0x0 0x0 0x0 0x0 0x0 0x0 0x0 0x0 0x0 0x0 0x0 0x0 0x0 0x0 0x0 0x0 0x0 0xd 0x0 0x80 0x80 0x80 0x80 0x4d 0x80 0x4f 0x80 0x6e 0x82 0xeb 0x7b 0x0 0x0 0x0 0x0 0xeb 0x14 0x90 0xd 0x25 0xea 0x9a 0xec 0x0 0x0 0x0 0x0 0xf3 0x0 0x0 0x80 0x0 0xa4 0xa4 0x0 0x1 0x26 0x6 0x0 0x0
1787980813720,0x1 0x85 0x0 0x3e 0xb4 0x84 0x81 0xd 0x0 0x16 0xd 0x19 0x0 0x0 0x29 0x48 0x0 0x0 0x73 0x0 0x0 0x0 0xee 0x2 0x0 0x28 0x65 0x0 0x0 0xa 0x0 0xa 0x0 0x75 0x0 0x91 0x0 0xb0 0xb0 0xb0 0xb0 0xb0 0xb0 0x0 0x0 0x0 0x0 0x0 0x0 0x0 0x0 0x0 0x0 0x0 0x0 0x0 0x0 0x0 0x0 0x0 0xd 0x0 0x80 0x80 0x80 0x80 0x4d 0x80 0x4f 0x80 0x6e 0x82 0xeb 0x7b 0x0 0x0 0x0 0x0 0xeb 0x14 0x92 0xe 0x25 0xea 0x9a 0xec 0x0 0x0 0x0 0x0 0xf3 0x0 0x0 0x80 0x0 0xa4 0xa4 0x0 0x1 0x13 0x6 0x0 0x0
1787980813944,0x1 0x85 0x0 0x3e 0xb4 0x84 0x81 0xd 0x0 0x16 0xd 0x19 0x0 0x0 0x29 0x48 0x0 0x0 0x73 0x0 0x0 0x0 0xee 0x2 0x0 0x28 0x65 0x0 0x0 0x9 0x0 0xc 0x0 0x75 0x0 0x91 0x0 0xb0 0xb0 0xb0 0xb0 0xb0 0xb0 0x0 0x0 0x0 0x0 0x0 0x0 0x0 0x0 0x0 0x0 0x0 0x0 0x0 0x0 0x0 0x0 0x0 0xd 0x0 0x80 0x80 0x80 0x80 0x4d 0x80 0x4f 0x80 0x6e 0x82 0xeb 0x7b 0x0 0x0 0x0 0x0 0xeb 0x14 0x92 0xe 0x25 0xea 0x9a 0xec 0x0 0x0 0x0 0x0 0xf3 0x0 0x0 0x80 0x0 0xa4 0xa4 0x0 0x1 0x13 0x6 0x0 0x0
1787980814167,0x1 0x85 0x0 0x3d 0xb5 0x83 0x82 0xd 0x0 0x12 0xd 0x19 0x0 0x0 0x29 0x48 0x0 0x0 0x73 0x0 0x0 0x0 0xee 0x2 0x0 0x28 0x65 0x0 0x0 0x8 0x0 0xd 0x0 0x75 0x0 0x91 0x0 0xb0 0xb0 0xb0 0xb0 0xb0 0xb0 0x0 0x0 0x0 0x0 0x0 0x0 0x0 0x0 0x0 0x0 0x0 0x0 0x0 0x0 0x0 0x0 0x0 0xd 0x0 0x80 0x80 0x80 0x80 0x4d 0x80 0x4f 0x80 0x6e 0x82 0xeb 0x7b 0x0 0x0 0x0 0x0 0xeb 0x14 0x92 0xe 0x25 0xea 0x9a 0xec 0x0 0x0 0x0 0x0 0xf3 0x0 0x0 0x80 0x0 0xa4 0xa4 0x0 0x1 0x13 0x6 0x0 0x0
1787980814390,0x1 0x85 0x0 0x3d 0xb5 0x83 0x82 0xd 0x0 0x12 0xd 0x19 0x0 0x0 0x29 0x48 0x0 0x0 0x73 0x0 0x0 0x0 0xee 0x2 0x0 0x28 0x65 0x0 0x0 0x8 0x0 0xe 0x0 0x75 0x0 0x91 0x0 0xb0 0xb0 0xb0 0xb0 0xb0 0xb0 0x0 0x0 0x0 0x0 0x0 0x0 0x0 0x0 0x0 0x0 0x0 0x0 0x0 0x0 0x0 0x0 0x0 0xd 0x0 0x80 0x80 0x80 0x80 0x4d 0x80 0x4f 0x80 0x6e 0x82 0xeb 0x7b 0x0 0x0 0x0 0x0 0xeb 0x14 0x92 0xe 0x25 0xea 0x9a 0xec 0x0 0x0 0x0 0x0 0xf3 0x0 0x0 0x80 0x0 0xa4 0xa4 0x0 0x1 0x13 0x6 0x0 0x0
1787980814616,0x1 0x85 0x0 0x3d 0xb5 0x83 0x82 0xd 0x0 0x12 0xd 0x19 0x0 0x0 0x29 0x48 0x0 0x0 0x73 0x0 0x0 0x0 0xee 0x2 0x0 0x28 0x65 0x0 0x0 0x8 0x0 0xe 0x0 0x75 0x0 0x91 0x0 0xb0 0xb0 0xb0 0xb0 0xb0 0xb0 0x0 0x0 0x0 0x0 0x0 0x0 0x0 0x0 0x0 0x0 0x0 0x0 0x0 0x0 0x0 0x0 0x0 0xd 0x0 0x80 0x80 0x80 0x80 0x4d 0x80 0x4f 0x80 0x6e 0x82 0xeb 0x7b 0x0 0x0 0x0 0x0 0xeb 0x14 0x90 0xd 0x25 0xea 0x9a 0xec 0x0 0x0 0x0 0x0 0xf3 0x0 0x0 0x80 0x0 0xa4 0xa4 0x0 0x1 0x13 0x6 0x0 0x0
1787980814837,0x1 0x85 0x0 0x3d 0xb5 0x83 0x82 0xd 0x0 0x12 0xd 0x19 0x0 0x0 0x29 0x48 0x0 0x0 0x73 0x0 0x0 0x0 0xee 0x2 0x0 0x28 0x65 0x0 0x0 0x8 0x0 0xc 0x0 0x74 0x0 0x91 0x0 0xb0 0xb0 0xb0 0xb0 0xb0 0xb0 0x0 0x0 0x0 0x0 0x0 0x0 0x0 0x0 0x0 0x0 0x0 0x0 0x0 0x0 0x0 0x0 0x0 0xd 0x0 0x80 0x80 0x80 0x80 0x4d 0x80 0x4f 0x80 0x6e 0x82 0xeb 0x7b 0x0 0x0 0x0 0x0 0xeb 0x14 0x92 0xe 0x25 0xea 0x9a 0xec 0x0 0x0 0x0 0x0 0xf3 0x0 0x0 0x80 0x0 0xa4 0xa4 0x0 0x1 0x13 0x6 0x0 0x0
1787980815062,0x1 0x85 0x0 0x3d 0xb5 0x83 0x82 0xd 0x0 0xe 0xd 0x19 0x0 0x0 0x29 0x48 0x0 0x0 0x73 0x0 0x0 0x0 0xee 0x2 0x0 0x28 0x65 0x0 0x0 0x7 0x0 0xb 0x0 0x74 0x0 0x91 0x0 0xb0 0xb0 0xb0 0xb0 0xb0 0xb0 0x0 0x0 0x0 0x0 0x0 0x0 0x0 0x0 0x0 0x0 0x0 0x0 0x0 0x0 0x0 0x0 0x0 0xd 0x0 0x80 0x80 0x80 0x80 0x4d 0x80 0x4f 0x80 0x6e 0x82 0xeb 0x7b 0x0 0x0 0x0 0x0 0xeb 0x14 0x90 0xd 0x25 0xea 0x9a 0xec 0x0 0x0 0x0 0x0 0xf3 0x0 0x0 0x80 0x0 0xa4 0xa4 0x0 0x1 0x13 0x6 0x0 0x0
1787980815286,0x1 0x85 0x0 0x3d 0xb5 0x83 0x82 0xd 0x0 0xe 0xd 0x19 0x0 0x0 0x29 0x48 0x0 0x0 0x73 0x0 0x0 0x0 0xee 0x2 0x0 0x28 0x65 0x0 0x0 0x7 0x0 0xb 0x0 0x75 0x0 0x91 0x0 0xb0 0xb0 0xb0 0xb0 0xb0 0xb0 0x0 0x0 0x0 0x0 0x0 0x0 0x0 0x0 0x0 0x0 0x0 0x0 0x0 0x0 0x0 0x0 0x0 0xd 0x0 0x80 0x80 0x80 0x80 0x4d 0x80 0x4f 0x80 0x6e 0x82 0xeb 0x7b 0x0 0x0 0x0 0x0 0xeb 0x14 0x92 0xe 0x25 0xea 0x9a 0xec 0x0 0x0 0x0 0x0 0xf3 0x0 0x0 0x80 0x0 0xa4 0xa4 0x0 0x1 0x13 0x6 0x0 0x0
1787980815510,0x1 0x85 0x0 0x3d 0xb5 0x83 0x82 0xd 0x0 0xe 0xd 0x19 0x0 0x0 0x29 0x48 0x0 0x0 0x73 0x0 0x0 0x0 0xee 0x2 0x0 0x28 0x65 0x0 0x0 0x7 0x0 0x9 0x0 0x74 0x0 0x91 0x0 0xb0 0xb0 0xb0 0xb0 0xb0 0xb0 0x0 0x0 0x0 0x0 0x0 0x0 0x0 0x0 0x0 0x0 0x0 0x0 0x0 0x0 0x0 0x0 0x0 0xd 0x0 0x80 0x80 0x80 0x80 0x4d 0x80 0x4f 0x80 0x6e 0x82 0xeb 0x7b 0x0 0x0 0x0 0x0 0xeb 0x14 0x92 0xe 0x25 0xea 0x9a 0xec 0x0 0x0 0x0 0x0 0xf3 0x0 0x0 0x80 0x0 0xa4 0xa4 0x0 0x1 0x13 0x6 0x0 0x0
1787980815733,0x1 0x85 0x0 0x3d 0xb5 0x83 0x82 0xd 0x0 0xe 0xd 0x19 0x0 0x0 0x29 0x48 0x0 0x0 0x73 0x0 0x0 0x0 0xee 0x2 0x0 0x28 0x65 0x0 0x0 0x7 0x0 0x9 0x0 0x74 0x0 0x91 0x0 0xb0 0xb0 0xb0 0xb0 0xb0 0xb0 0x0 0x0 0x0 0x0 0x0 0x0 0x0 0x0 0x0 0x0 0x0 0x0 0x0 0x0 0x0 0x0 0x0 0xd 0x0 0x80 0x80 0x80 0x80 0x4d 0x80 0x4f 0x80 0x6e 0x82 0xeb 0x7b 0x0 0x0 0x0 0x0 0xeb 0x14 0x90 0xd 0x25 0xea 0x9a 0xec 0x0 0x0 0x0 0x0 0xf3 0x0 0x0 0x80 0x0 0xa4 0xa4 0x0 0x1 0x13 0x6 0x0 0x0
1787980815957,0x1 0x85 0x0 0x3d 0xb5 0x83 0x82 0xd 0x0 0xe 0xd 0x19 0x0 0x0 0x29 0x48 0x0 0x0 0x73 0x0 0x0 0x0 0xee 0x2 0x0 0x28 0x65 0x0 0x0 0x7 0x0 0x9 0x0 0x74 0x0 0x91 0x0 0xb0 0xb0 0xb0 0xb0 0xb0 0xb0 0x0 0x0 0x0 0x0 0x0 0x0 0x0 0x0 0x0 0x0 0x0 0x0 0x0 0x0 0x0 0x0 0x0 0xd 0x0 0x80 0x80 0x80 0x80 0x4d 0x80 0x4f 0x80 0x6e 0x82 0xeb 0x7b 0x0 0x0 0x0 0x0 0xeb 0x14 0x92 0xe 0x25 0xea 0x9a 0xec 0x0 0x0 0x0 0x0 0xf3 0x0 0x0 0x80 0x0 0xa4 0xa4 0x0 0x1 0x13 0x6 0x0 0x0
1787980816181,0x1 0x85 0x0 0x3d 0xb5 0x83 0x82 0xd 0x0 0xb 0xd 0x19 0x0 0x0 0x29 0x48 0x0 0x0 0x73 0x0 0x0 0x0 0xee 0x2 0x0 0x28 0x65 0x0 0x0 0x7 0x0 0x9 0x0 0x74 0x0 0x91 0x0 0xb0 0xb0 0xb0 0xb0 0xb0 0xb0 0x0 0x0 0x0 0x0 0x0 0x0 0x0 0x0 0x0 0x0 0x0 0x0 0x0 0x0 0x0 0x0 0x0 0xd 0x0 0x80 0x80 0x80 0x80 0x4d 0x80 0x4f 0x80 0x6e 0x82 0xeb 0x7b 0x0 0x0 0x0 0x0 0xeb 0x14 0x90 0xd 0x25 0xea 0x9a 0xec 0x0 0x0 0x0 0x0 0xf3 0x0 0x0 0x80 0x0 0xa4 0xa4 0x0 0x1 0x13 0x6 0x0 0x0
1787980816407,0x1 0x85 0x0 0x3d 0xb5 0x83 0x82 0xd 0x0 0xb 0xd 0x19 0x0 0x0 0x29 0x48 0x0 0x0 0x73 0x0 0x0 0x0 0xee 0x2 0x0 0x28 0x65 0x0 0x0 0x7 0x0 0x9 0x0 0x73 0x0 0x91 0x0 0xb0 0xb0 0xb0 0xb0 0xb0 0xb0 0x0 0x0 0x0 0x0 0x0 0x0 0x0 0x0 0x0 0x0 0x0 0x0 0x0 0x0 0x0 0x0 0x0 0xd 0x0 0x80 0x80 0x80 0x80 0x4d 0x80 0x4f 0x80 0x6e 0x82 0xeb 0x7b 0x0 0x0 0x0 0x0 0xeb 0x14 0x92 0xe 0x25 0xea 0x9a 0xec 0x0 0x0 0x0 0x0 0xf3 0x0 0x0 0x80 0x0 0xa4 0xa4 0x0 0x1 0x13 0x6 0x0 0x0
1787980816631,0x1 0x85 0x0 0x3d 0xb5 0x83 0x82 0xd 0x0 0xb 0xd 0x19 0x0 0x0 0x29 0x48 0x0 0x0 0x73 0x0 0x0 0x0 0xee 0x2 0x0 0x28 0x65 0x0 0x0 0x7 0x0 0x8 0x0 0x73 0x0 0x91 0x0 0xb0 0xb0 0xb0 0xb0 0xb0 0xb0 0x0 0x0 0x0 0x0 0x0 0x0 0x0 0x0 0x0 0x0 0x0 0x0 0x0 0x0 0x0 0x0 0x0 0xd 0x0 0x80 0x80 0x80 0x80 0x4d 0x80 0x4f 0x80 0x6e 0x82 0xeb 0x7b 0x0 0x0 0x0 0x0 0xeb 0x14 0x92 0xe 0x25 0xea 0x9a 0xec 0x0 0x0 0x0 0x0 0xf3 0x0 0x0 0x80 0x0 0xa4 0xa4 0x0 0x1 0x13 0x6 0x0 0x0
1787980816854,0x1 0x84 0x0 0x3d 0xb5 0x83 0x82 0xd 0x0 0xb 0xd 0x19 0x0 0x0 0x29 0x48 0x0 0x0 0x73 0x0 0x0 0x0 0xee 0x2 0x0 0x28 0x65 0x0 0x0 0x7 0x0 0x8 0x0 0x73 0x0 0x91 0x0 0xb0 0xb0 0xb0 0xb0 0xb0 0xb0 0x0 0x0 0x0 0x0 0x0 0x0 0x0 0x0 0x0 0x0 0x0 0x0 0x0 0x0 0x0 0x0 0x0 0xd 0x0 0x80 0x80 0x80 0x80 0x4d 0x80 0x4f 0x80 0x6e 0x82 0xeb 0x7b 0x0 0x0 0x0 0x0 0xeb 0x14 0x90 0xd 0x25 0xea 0x9a 0xec 0x0 0x0 0x0 0x0 0xf3 0x0 0x0 0x80 0x0 0xa4 0xa4 0x0 0x1 0x26 0x6 0x0 0x0
1787980817078,0x1 0x84 0x0 0x3d 0xb5 0x83 0x82 0xd 0x0 0x9 0xd 0x19 0x0 0x0 0x29 0x48 0x0 0x0 0x73 0x0 0x0 0x0 0xee 0x2 0x0 0x28 0x65 0x0 0x0 0x7 0x0 0x8 0x0 0x73 0x0 0x91 0x0 0xb0 0xb0 0xb0 0xb0 0xb0 0xb0 0x0 0x0 0x0 0x0 0x0 0x0 0x0 0x0 0x0 0x0 0x0 0x0 0x0 0x0 0x0 0x0 0x0 0xd 0x0 0x80 0x80 0x80 0x80 0x4d 0x80 0x4f 0x80 0x6e 0x82 0xeb 0x7b 0x0 0x0 0x0 0x0 0x9a 0x19 0x92 0xe 0x25 0xea 0x9a 0xec 0x0 0x0 0x0 0x0 0xf3 0x0 0x0 0x80 0x0 0xa4 0xa4 0x0 0x1 0x26 0x6 0x0 0x0
1787980817301,0x1 0x84 0x0 0x3d 0xb5 0x83 0x82 0xd 0x0 0x9 0xd 0x19 0x0 0x0 0x29 0x48 0x0 0x0 0x73 0x0 0x0 0x0 0xee 0x2 0x0 0x28 0x65 0x0 0x0 0x7 0x0 0x8 0x0 0x73 0x0 0x91 0x0 0xb0 0xb0 0xb0 0xb0 0xb0 0xb0 0x0 0x0 0x0 0x0 0x0 0x0 0x0 0x0 0x0 0x0 0x0 0x0 0x0 0x0 0x0 0x0 0x0 0xd 0x0 0x80 0x80 0x80 0x80 0x4d 0x80 0x4f 0x80 0x6e 0x82 0xeb 0x7b 0x0 0x0 0x0 0x0 0xcb 0xcc 0x90 0xd 0x25 0xea 0x9a 0xec 0x0 0x0 0x0 0x0 0xf3 0x0 0x0 0x80 0x0 0xa4 0xa4 0x0 0x1 0x26 0x6 0x0 0x0
1787980817525,0x1 0x84 0x0 0x3d 0xb5 0x83 0x82 0xd 0x0 0x9 0xd 0x19 0x0 0x0 0x29 0x48 0x0 0x0 0x73 0x0 0x0 0x0 0xee 0x2 0x0 0x28 0x65 0x0 0x0 0x7 0x0 0x8 0x0 0x73 0x0 0x91 0x0 0xb0 0xb0 0xb0 0xb0 0xb0 0xb0 0x0 0x0 0x0 0x0 0x0 0x0 0x0 0x0 0x0 0x0 0x0 0x0 0x0 0x0 0x0 0x0 0x0 0xd 0x0 0x80 0x80 0x80 0x80 0x4d 0x80 0x4f 0x80 0x6e 0x82 0xeb 0x7b 0x0 0x0 0x0 0x0 0x0 0x0 0x92 0xe 0x25 0xea 0x9a 0xec 0x0 0x0 0x0 0x0 0xf3 0x0 0x0 0x80 0x0 0xa4 0xa4 0x0 0x1 0x26 0x6 0x0 0x0
1787980817749,0x1 0x84 0x0 0x3d 0xb5 0x83 0x82 0xd 0x0 0x9 0xd 0x19 0x0 0x0 0x29 0x48 0x0 0x0 0x73 0x0 0x0 0x0 0xee 0x2 0x0 0x28 0x65 0x0 0x0 0x7 0x0 0x8 0x0 0x72 0x0 0x91 0x0 0xb0 0xb0 0xb0 0xb0 0xb0 0xb0 0x0 0x0 0x0 0x0 0x0 0x0 0x0 0x0 0x0 0x0 0x0 0x0 0x0 0x0 0x0 0x0 0x0 0xd 0x0 0x80 0x80 0x80 0x80 0x4d 0x80 0x4f 0x80 0x6e 0x82 0xeb 0x7b 0x0 0x0 0x0 0x0 0x0 0x0 0x92 0xe 0x25 0xea 0x9a 0xec 0x0 0x0 0x0 0x0 0xf3 0x0 0x0 0x80 0x0 0xa4 0xa4 0x0 0x1 0x26 0x6 0x0 0x0
1787980817974,0x1 0x84 0x0 0x3d 0xb5 0x83 0x82 0xd 0x0 0x9 0xd 0x19 0x0 0x0 0x29 0x48 0x0 0x0 0x73 0x0 0x0 0x0 0xee 0x2 0x0 0x28 0x65 0x0 0x0 0x7 0x0 0x8 0x0 0x72 0x0 0x92 0x0 0xb0 0xb0 0xb0 0xb0 0xb0 0xb0 0x0 0x0 0x0 0x0 0x0 0x0 0x0 0x0 0x0 0x0 0x0 0x0 0x0 0x0 0x0 0x0 0x0 0xd 0x0 0x80 0x80 0x80 0x80 0x4d 0x80 0x4f 0x80 0x6e 0x82 0xeb 0x7b 0x0 0x0 0x0 0x0 0x0 0x0 0x92 0xe 0x25 0xea 0x9a 0xec 0x0 0x0 0x0 0x0 0xf3 0x0 0x0 0x80 0x0 0xa4 0xa4 0x0 0x1 0x26 0x6 0x0 0x0
1787980818197,0x1 0x84 0x0 0x3d 0xb5 0x83 0x82 0xd 0x0 0x7 0xd 0x19 0x0 0x0 0x29 0x48 0x0 0x0 0x73 0x0 0x0 0x0 0xee 0x2 0x0 0x28 0x65 0x0 0x0 0x7 0x0 0x8 0x0 0x72 0x0 0x92 0x0 0xb0 0xb0 0xb0 0xb0 0xb0 0xb0 0x0 0x0 0x0 0x0 0x0 0x0 0x0 0x0 0x0 0x0 0x0 0x0 0x0 0x0 0x0 0x0 0x0 0xd 0x0 0x80 0x80 0x80 0x80 0x4d 0x80 0x4f 0x80 0x6e 0x82 0xeb 0x7b 0x0 0x0 0x0 0x0 0x0 0x0 0x92 0xe 0x25 0xea 0x9a 0xec 0x0 0x0 0x0 0x0 0xf3 0x0 0x0 0x80 0x0 0xa4 0xa4 0x0 0x1 0x26 0x6 0x0 0x0
1787980818422,0x1 0x84 0x0 0x3d 0xb5 0x83 0x82 0xd 0x0 0x7 0xd 0x19 0x0 0x0 0x29 0x48 0x0 0x0 0x73 0x0 0x0 0x0 0xee 0x2 0x0 0x28 0x65 0x0 0x0 0x7 0x0 0x8 0x0 0x72 0x0 0x92 0x0 0xb0 0xb0 0xb0 0xb0 0xb0 0xb0 0x0 0x0 0x0 0x0 0x0 0x0 0x0 0x0 0x0 0x0 0x0 0x0 0x0 0x0 0x0 0x0 0x0 0xd 0x0 0x80 0x80 0x80 0x80 0x4d 0x80 0x4f 0x80 0x6e 0x82 0xeb 0x7b 0x0 0x0 0x0 0x0 0x0 0x0 0x92 0xe 0x25 0xea 0x9a 0xec 0x0 0x0 0x0 0x0 0xf3 0x0 0x0 0x80 0x0 0xa4 0xa4 0x0 0x1 0x26 0x6 0x0 0x0
1787980818646,0x1 0x84 0x0 0x3d 0xb5 0x83 0x82 0xd 0x0 0x7 0xd 0x19 0x0 0x0 0x29 0x48 0x0 0x0 0x73 0x0 0x0 0x0 0xee 0x2 0x0 0x28 0x65 0x0 0x0 0x7 0x0 0x8 0x0 0x72 0x0 0x92 0x0 0xb0 0xb0 0xb0 0xb0 0xb0 0xb0 0x0 0x0 0x0 0x0 0x0 0x0 0x0 0x0 0x0 0x0 0x0 0x0 0x0 0x0 0x0 0x0 0x0 0xd 0x0 0x80 0x80 0x80 0x80 0x4d 0x80 0x4f 0x80 0x6e 0x82 0xeb 0x7b 0x0 0x0 0x0 0x0 0x0 0x0 0x92 0xe 0x25 0xea 0x9a 0xec 0x0 0x0 0x0 0x0 0xf3 0x0 0x0 0x80 0x0 0xa4 0xa4 0x0 0x1 0x26 0x6 0x0 0x0
1787980818870,0x1 0x84 0x0 0x3d 0xb5 0x83 0x82 0xd 0x0 0x7 0xd 0x19 0x0 0x0 0x29 0x48 0x0 0x0 0x73 0x0 0x0 0x0 0xee 0x2 0x0 0x28 0x65 0x0 0x0 0x7 0x0 0x8 0x0 0x72 0x0 0x92 0x0 0xb0 0xb0 0xb0 0xb0 0xb0 0xb0 0x0 0x0 0x0 0x0 0x0 0x0 0x0 0x0 0x0 0x0 0x0 0x0 0x0 0x0 0x0 0x0 0x0 0xd 0x0 0x80 0x80 0x80 0x80 0x4d 0x80 0x4f 0x80 0x6e 0x82 0xeb 0x7b 0x0 0x0 0x0 0x0 0x0 0x0 0x92 0xe 0x25 0xea 0x9a 0xec 0x0 0x0 0x0 0x0 0xf3 0x0 0x0 0x80 0x0 0xa4 0xa4 0x0 0x1 0x26 0x6 0x0 0x0
1787980819093,0x1 0x84 0x0 0x3d 0xb5 0x83 0x82 0xd 0x0 0x6 0xd 0x19 0x0 0x0 0x29 0x48 0x0 0x0 0x73 0x0 0x0 0x0 0xee 0x2 0x0 0x28 0x65 0x0 0x0 0x7 0x0 0x7 0x0 0x71 0x0 0x92 0x0 0xb0 0xb0 0xb0 0xb0 0xb0 0xb0 0x0 0x0 0x0 0x0 0x0 0x0 0x0 0x0 0x0 0x0 0x0 0x0 0x0 0x0 0x0 0x0 0x0 0xd 0x0 0x80 0x80 0x80 0x80 0x4d 0x80 0x4f 0x80 0x6e 0x82 0xeb 0x7b 0x0 0x0 0x0 0x0 0x0 0x0 0x92 0xe 0x25 0xea 0x9a 0xec 0x0 0x0 0x0 0x0 0xf3 0x0 0x0 0x80 0x0 0xa4 0xa4 0x0 0x1 0x26 0x6 0x0 0x0
1787980819318,0x1 0x84 0x0 0x3d 0xb5 0x83 0x82 0xd 0x0 0x6 0xd 0x19 0x0 0x0 0x29 0x48 0x0 0x0 0x73 0x0 0x0 0x0 0xee 0x2 0x0 0x28 0x65 0x0 0x0 0x7 0x0 0x8 0x0 0x71 0x0 0x92 0x0 0xb0 0xb0 0xb0 0xb0 0xb0 0xb0 0x0 0x0 0x0 0x0 0x0 0x0 0x0 0x0 0x0 0x0 0x0 0x0 0x0 0x0 0x0 0x0 0x0 0xd 0x0 0x80 0x80 0x80 0x80 0x4d 0x80 0x4f 0x80 0x6e 0x82 0xeb 0x7b 0x0 0x0 0x0 0x0 0x0 0x0 0x92 0xe 0x25 0xea 0x9a 0xec 0x0 0x0 0x0 0x0 0xf3 0x0 0x0 0x80 0x0 0xa4 0xa4 0x0 0x1 0x26 0x6 0x0 0x0
1787980819541,0x1 0x84 0x0 0x3d 0xb5 0x83 0x82 0xd 0x0 0x6 0xd 0x19 0x0 0x0 0x29 0x48 0x0 0x0 0x73 0x0 0x0 0x0 0xee 0x2 0x0 0x28 0x65 0x0 0x0 0x7 0x0 0x8 0x0 0x71 0x0 0x92 0x0 0xb0 0xb0 0xb0 0xb0 0xb0 0xb0 0x0 0x0 0x0 0x0 0x0 0x0 0x0 0x0 0x0 0x0 0x0 0x0 0x0 0x0 0x0 0x0 0x0 0xd 0x0 0x80 0x80 0x80 0x80 0x4d 0x80 0x4f 0x80 0x6e 0x82 0xeb 0x7b 0x0 0x0 0x0 0x0 0x0 0x0 0x92 0xe 0x25 0xea 0x9a 0xec 0x0 0x0 0x0 0x0 0xf3 0x0 0x0 0x80 0x0 0xa4 0xa4 0x0 0x1 0x26 0x6 0x0 0x0
